market_uuid,trading_day,n_traders,avg_age,share_female,share_finance_course,share_trading_experience,share_high_education,avg_fin_quiz,sd_fin_quiz,avg_self_assessment,avg_overconfidence,sd_overconfidence,avg_cq_attempts,avg_wealth,sd_wealth,gini,avg_forecast,sd_forecast,share_feedback,share_speculator,share_fundamental,share_other,share_market_maker,repetition,treatment,gamified,hedonic,price_notifications,vol_feedback,vol_fundamental,vol_market_maker,vol_other,vol_speculator,share_vol_market_maker,share_vol_fundamental,share_vol_feedback,share_vol_speculator,share_vol_other,n_trades_market,avg_trade_price,avg_mispricing,avg_abs_mispricing,closing_price,opening_price,max_price,min_price,fundamental_value,price_L1,price_L2,price_next,return,abs_mispricing_ratio,rad,ret_next,fundamental_gap,surge,crash,normalized_mispricing,bubble_period,bubble_start,quoted_spread,rel_quoted_spread,depth_best,pct_two_sided,rv_mid,n_improving_adds,share_improving_adds,volume_shares,eff_spread,rel_eff_spread,realized_spread,rel_realized_spread,price_impact,rel_price_impact,signed_volume,order_flow_imbalance,abs_order_flow_imbalance,n_limit_orders,n_cancels,n_marketable_orders,share_limit_orders,time_to_next_order_s,time_to_same_side_order_s,spread_recovery_s,cancel_to_order,avg_directionality,churn,cum_surge,cum_crash,cum_bubble_period,session_id,group_label
468bae16-01fa-4b28-8367-2b7fc01e7aa7,1,6,25.166666666666668,0.16666666666666666,0.8333333333333334,0.6666666666666666,0.8333333333333334,0.9166666666666666,0.07453559924999298,5.333333333333333,-0.38333333333333336,0.11055415967851333,1.0,5000.0,122.9735743971037,0.010805555555555556,,,0.16666666666666666,0.25,0.5833333333333334,0.0,0.16666666666666666,1,ghp,1,1,1,10.0,7.0,2.0,0.0,1.0,0.1,0.35,0.5,0.05,0.0,10.0,143.75,23.75,23.75,150.0,130.0,150.0,130.0,120,,,140.0,,0.19791666666666666,0.37109375,-0.06899287148695166,0.46875,0,0,0.19791666666666666,0,0,42.555376466407736,0.2915622046587685,2.3968876247506916,0.9555755560601015,0.6553297960471499,3.0,0.1,10.0,21.75,0.16374107653352937,12.5,0.09171257044841949,9.25,0.07202850608510986,10.0,1.0,1.0,30.0,14.0,10.0,0.75,1.7816945,2.3932585,3.6383215,0.4666666666666667,1.0,0.0,0,0,0,20260826,20260826/ghp2
727aeab3-4e37-4074-aa8a-edb9ed62fd8f,1,6,22.833333333333332,0.16666666666666666,0.6666666666666666,0.16666666666666666,1.0,0.861111111111111,0.16386534670836247,5.666666666666667,-0.29444444444444445,0.2435083084748779,2.0,5000.0,4.098780306383784,0.0004,,,0.4166666666666667,0.4166666666666667,0.0,0.16666666666666666,0.5,1,gh,0,1,0,1.0,0.0,4.0,1.0,0.0,0.6666666666666666,0.0,0.16666666666666666,0.0,0.16666666666666666,3.0,122.66666666666667,2.6666666666666665,2.6666666666666665,125.0,121.0,125.0,121.0,120,,,113.0,,0.02222222222222222,0.041666666666666664,-0.1009259185899607,0.078125,0,0,0.02222222222222226,0,0,188.8139943244397,0.3124858275750894,9.240931337849041,0.5807936013599866,2.4021152690895056,0.0,0.0,3.0,2.8333333333333335,0.023272485285893818,-356.8333333333333,-2.96158354996321,359.6666666666667,2.984856035249104,3.0,1.0,1.0,32.0,27.0,3.0,0.9142857142857143,2.7002230000000003,3.881671,3.881671,0.84375,1.0,0.0,0,0,0,20260826,20260826/gh1
792b99cc-c375-4006-9b7f-6b7ceeb15ffe,1,6,26.5,0.3333333333333333,0.8333333333333334,0.5,0.8333333333333334,0.9166666666666666,0.07453559924999295,5.333333333333333,-0.3833333333333333,0.200554786086551,1.0,5000.0,349.9689986270213,0.033716666666666666,,,0.16666666666666666,0.3333333333333333,0.3333333333333333,0.16666666666666666,0.0,1,ng,0,0,0,0.0,6.0,0.0,1.0,5.0,0.0,0.5,0.0,0.4166666666666667,0.08333333333333333,6.0,11.75,-108.25,108.25,15.0,8.5,15.0,8.5,120,,,60.0,,0.9020833333333333,1.69140625,1.3862943611198904,-1.640625,0,0,-0.9020833333333333,0,0,21.557606283527086,0.25164723867157185,2.0728105289015724,0.960727148431737,2.3839925721012283,0.0,0.0,6.0,2.0833333333333335,0.18354978354978355,-1.0833333333333333,-0.09414141414141414,3.1666666666666665,0.2776911976911977,6.0,1.0,1.0,19.0,12.0,6.0,0.76,2.0567395,4.0848595,6.549511,0.631578947368421,1.0,0.0,0,0,0,20260826,20260826/ng1
b0eca25a-c9c1-4b52-a273-a509e63a7229,1,6,22.5,0.16666666666666666,0.6666666666666666,0.6666666666666666,1.0,0.875,0.08740073734751261,5.5,-0.325,0.10151628221894039,1.0,5000.0,5.22733201547405,0.00047222222222222224,,,0.05555555555555555,0.2222222222222222,0.5555555555555555,0.16666666666666666,0.16666666666666666,1,ghp,1,1,1,1.0,3.0,3.0,1.0,0.0,0.375,0.375,0.125,0.0,0.125,4.0,115.75,-4.25,4.25,117.75,120.0,120.0,110.0,120,,,114.0,,0.035416666666666666,0.06640625,-0.032365284502031244,-0.03515625,0,0,-0.035416666666666666,0,0,6.118326478018531,0.057535528385799534,2.040702553375271,0.9998700740360958,0.5303254461713052,10.0,0.45454545454545453,4.0,6.390000000000001,0.055258835354529974,6.204999999999998,0.05374700504406401,0.18500000000000227,0.0015118303104659637,0.0,0.0,0.0,22.0,13.0,4.0,0.8461538461538461,0.980325,0.980325,1.5755029999999999,0.5909090909090909,0.8888888888888888,0.11111111111111116,0,0,0,20260826,20260826/ghp1
e2c2318e-0678-474d-bdf2-b31e6e134e04,1,6,23.833333333333332,0.3333333333333333,0.8333333333333334,0.8333333333333334,0.8333333333333334,0.861111111111111,0.1009216784699164,5.5,-0.3111111111111111,0.19962928605756183,1.6666666666666667,5000.0,14.683323874382198,0.0014777777777777777,,,0.0,0.16666666666666666,0.3333333333333333,0.5,0.0,1,ng,0,0,0,0.0,3.0,0.0,5.0,2.0,0.0,0.3,0.0,0.2,0.5,5.0,126.0,6.0,6.0,128.0,125.0,128.0,125.0,120,,,126.5,,0.05,0.09375,-0.011787955752041945,0.125,0,0,0.05,0,0,1.9048355221225195,0.014895757005816105,2.0761690223233638,0.8726037074682175,0.0182850968920897,5.0,0.3125,5.0,1.0,0.007874137797411454,0.7,-0.001976284584980237,1.25,0.009850422382391692,1.0,0.2,0.2,16.0,3.0,5.0,0.7619047619047619,0.8054,4.799119,15.121686,0.1875,1.0,0.0,0,0,0,20260826,20260826/ng2
468bae16-01fa-4b28-8367-2b7fc01e7aa7,2,6,25.166666666666668,0.16666666666666666,0.8333333333333334,0.6666666666666666,0.8333333333333334,0.9166666666666666,0.07453559924999298,5.333333333333333,-0.38333333333333336,0.11055415967851333,1.0,5000.0,310.49170681356367,0.026505555555555557,,,0.16666666666666666,0.25,0.5833333333333334,0.0,0.16666666666666666,1,ghp,1,1,1,9.0,7.0,5.0,0.0,3.0,0.20833333333333334,0.2916666666666667,0.375,0.125,0.0,12.0,148.95833333333334,36.958333333333336,36.958333333333336,140.0,150.0,180.0,125.0,112,150.0,,140.0,-0.06666666666666665,0.32998511904761907,0.5774739583333334,0.0,0.4375,0,0,0.3299851190476191,0,0,34.30725767443874,0.2597366578632386,2.922826181551446,1.0,0.4059859378126361,6.0,0.3333333333333333,12.0,27.291666666666668,0.18325366979842453,14.895833333333334,0.09387334761942688,12.395833333333334,0.08938032217899768,6.0,0.5,0.5,18.0,9.0,12.0,0.6,2.6745330000000003,5.4853515,7.0522015,0.5,0.8666666666666667,0.1333333333333333,0,0,0,20260826,20260826/ghp2
727aeab3-4e37-4074-aa8a-edb9ed62fd8f,2,6,22.833333333333332,0.16666666666666666,0.6666666666666666,0.16666666666666666,1.0,0.861111111111111,0.16386534670836247,5.666666666666667,-0.29444444444444445,0.2435083084748779,2.0,5000.0,13.75499909123961,0.0013555555555555556,,,0.4166666666666667,0.4166666666666667,0.0,0.16666666666666666,0.5,1,gh,0,1,0,1.0,0.0,14.0,3.0,0.0,0.7777777777777778,0.0,0.05555555555555555,0.0,0.16666666666666666,9.0,115.55555555555556,3.5555555555555554,3.5555555555555554,113.0,124.0,124.0,112.0,112,125.0,,105.5,-0.09599999999999997,0.031746031746031744,0.05555555555555555,-0.06867686579621957,0.015625,0,0,0.03174603174603176,0,0,0.8045992687366961,0.007070943053229731,6.735052191878055,0.8256080708492405,0.14590764365162362,1.0,0.034482758620689655,9.0,6.555555555555555,0.05587913644618028,6.611111111111111,0.0563729636066741,-0.05555555555555555,-0.0004938271604938272,-3.0,-0.3333333333333333,0.3333333333333333,29.0,17.0,9.0,0.7631578947368421,1.703978,3.711014,21.948735,0.5862068965517241,0.7285714285714285,0.27142857142857146,0,0,0,20260826,20260826/gh1
792b99cc-c375-4006-9b7f-6b7ceeb15ffe,2,6,26.5,0.3333333333333333,0.8333333333333334,0.5,0.8333333333333334,0.9166666666666666,0.07453559924999295,5.333333333333333,-0.3833333333333333,0.200554786086551,1.0,5000.0,681.7322788309204,0.06536666666666667,,,0.16666666666666666,0.3333333333333333,0.3333333333333333,0.16666666666666666,0.0,1,ng,0,0,0,3.0,2.0,0.0,7.0,12.0,0.0,0.08333333333333333,0.125,0.5,0.2916666666666667,12.0,39.666666666666664,-72.33333333333333,72.33333333333333,60.0,16.0,65.0,16.0,112,15.0,,88.0,3.0,0.6458333333333333,1.1302083333333333,0.38299225225610645,-0.8125,1,0,-0.6458333333333334,0,0,26.252522558078653,0.8367460454006568,2.0,0.07703318823579047,1.0965998420861824,0.0,0.0,12.0,24.181818181818183,0.7486254167710009,13.916666666666666,0.45536317236431306,8.181818181818182,0.2932622444066878,10.0,0.8333333333333334,0.8333333333333334,13.0,2.0,12.0,0.52,2.753004,3.680027,10.193499,0.15384615384615385,1.0,0.0,1,0,0,20260826,20260826/ng1
b0eca25a-c9c1-4b52-a273-a509e63a7229,2,6,22.5,0.16666666666666666,0.6666666666666666,0.6666666666666666,1.0,0.875,0.08740073734751261,5.5,-0.325,0.10151628221894039,1.0,5000.0,19.73093915656323,0.001973888888888895,,,0.05555555555555555,0.2222222222222222,0.5555555555555555,0.16666666666666666,0.16666666666666666,1,ghp,1,1,1,6.0,7.0,2.0,5.0,0.0,0.1,0.35,0.3,0.0,0.25,10.0,116.19200000000001,4.191999999999998,4.191999999999998,114.0,118.97,118.97,114.0,112,117.75,,105.0,-0.031847133757961776,0.037428571428571415,0.06549999999999997,-0.08223809823697259,0.03125,0,0,0.03742857142857149,0,0,4.5485101177404355,0.039892192582843794,2.3700732820654395,1.0,0.065513673264802,8.0,0.5714285714285714,10.0,3.0150000000000006,0.026550558822976265,-3.1579999999999986,-0.025797528613123594,6.172999999999999,0.05234808743609985,-2.0,-0.2,0.2,14.0,3.0,10.0,0.5833333333333334,2.1935215,6.117295,2.398783,0.21428571428571427,1.0,0.0,0,0,0,20260826,20260826/ghp1
e2c2318e-0678-474d-bdf2-b31e6e134e04,2,6,23.833333333333332,0.3333333333333333,0.8333333333333334,0.8333333333333334,0.8333333333333334,0.861111111111111,0.1009216784699164,5.5,-0.3111111111111111,0.19962928605756183,1.6666666666666667,5000.0,59.78126796915569,0.0061333333333333335,,,0.0,0.16666666666666666,0.3333333333333333,0.5,0.0,1,ng,0,0,0,0.0,5.0,0.0,8.0,3.0,0.0,0.3125,0.0,0.1875,0.5,8.0,127.25,15.25,15.25,126.5,127.0,129.0,126.5,112,128.0,,126.32,-0.01171875,0.13616071428571427,0.23828125,-0.001423938220188603,0.2265625,0,0,0.13616071428571427,0,0,0.9942999669144741,0.00783783232112958,3.098101276941771,0.9760088474825007,0.012772696245260971,3.0,0.42857142857142855,8.0,1.8928571428571428,0.014805511963701962,0.9375,0.007853711161263795,0.8928571428571429,0.006951800802438167,-4.0,-0.5,0.5,7.0,3.0,8.0,0.4666666666666667,4.2172915,5.67704,4.463333,0.42857142857142855,1.0,0.0,0,0,0,20260826,20260826/ng2
468bae16-01fa-4b28-8367-2b7fc01e7aa7,3,6,25.166666666666668,0.16666666666666666,0.8333333333333334,0.6666666666666666,0.8333333333333334,0.9166666666666666,0.07453559924999298,5.333333333333333,-0.38333333333333336,0.11055415967851333,1.0,5180.0,225.98788684352076,0.01999946374946375,115.0,49.1545182731625,0.16666666666666666,0.25,0.5833333333333334,0.0,0.16666666666666666,1,ghp,1,1,1,2.0,2.0,5.0,0.0,3.0,0.4166666666666667,0.16666666666666666,0.16666666666666666,0.25,0.0,6.0,142.29166666666666,38.291666666666664,38.291666666666664,140.0,158.75,175.0,120.0,104,140.0,150.0,120.0,0.0,0.36818910256410253,0.5983072916666666,-0.15415067982725805,0.5625,0,0,0.3681891025641025,0,0,35.777554805710295,0.2684994086507879,3.058956567831787,1.0,0.45623973432919634,9.0,0.6,6.0,29.0,0.22328604118993134,21.25,0.1474279176201373,9.0,0.07585812356979404,6.0,1.0,1.0,15.0,7.0,6.0,0.7142857142857143,3.0122415,4.459357499999999,7.324800999999999,0.4666666666666667,0.9199999999999999,0.08000000000000007,0,0,0,20260826,20260826/ghp2
727aeab3-4e37-4074-aa8a-edb9ed62fd8f,3,6,22.833333333333332,0.16666666666666666,0.6666666666666666,0.16666666666666666,1.0,0.861111111111111,0.16386534670836247,5.666666666666667,-0.29444444444444445,0.2435083084748779,2.0,5180.0,49.842752732970176,0.00487987987987988,49.0,54.62020383215964,0.4166666666666667,0.4166666666666667,0.0,0.16666666666666666,0.5,1,gh,0,1,0,3.0,0.0,14.0,9.0,0.0,0.5384615384615384,0.0,0.11538461538461539,0.0,0.34615384615384615,13.0,109.34615384615384,5.346153846153846,5.346153846153846,105.5,112.5,115.0,105.5,104,113.0,125.0,96.0,-0.0663716814159292,0.05140532544378698,0.08353365384615384,-0.09436276144828515,0.0234375,0,0,0.05140532544378692,0,0,5.464106639456798,0.05383548733777493,10.65870070012303,1.0,0.1286863705719678,11.0,0.3055555555555556,13.0,3.5833333333333335,0.033027054343822776,2.2884615384615383,0.019667849109736263,1.4791666666666667,0.013359205234086513,5.0,0.38461538461538464,0.38461538461538464,36.0,27.0,13.0,0.7346938775510204,0.579573,2.217891,2.6194675,0.75,0.8888888888888888,0.11111111111111116,0,0,0,20260826,20260826/gh1
792b99cc-c375-4006-9b7f-6b7ceeb15ffe,3,6,26.5,0.3333333333333333,0.8333333333333334,0.5,0.8333333333333334,0.9166666666666666,0.07453559924999295,5.333333333333333,-0.3833333333333333,0.200554786086551,1.0,5180.0,756.5803989002094,0.07057057057057058,97.0,48.935331476006844,0.16666666666666666,0.3333333333333333,0.3333333333333333,0.16666666666666666,0.0,1,ng,0,0,0,0.0,3.0,0.0,1.0,0.0,0.0,0.75,0.0,0.0,0.25,2.0,74.5,-29.5,29.5,88.0,61.0,88.0,61.0,104,60.0,15.0,100.0,0.46666666666666656,0.28365384615384615,0.4609375,0.12783337150988494,-0.25,0,0,-0.28365384615384615,0,0,20.966581364458786,0.24220335527327788,2.6760612120751763,0.9817058173864383,1.5806539888434932,4.0,0.4,2.0,58.5,1.2767232767232768,-59.0,-1.4245754245754245,117.5,2.7012987012987013,2.0,1.0,1.0,10.0,6.0,2.0,0.8333333333333334,1.9849545000000002,10.0828475,3.169953,0.6,1.0,0.0,1,0,0,20260826,20260826/ng1
b0eca25a-c9c1-4b52-a273-a509e63a7229,3,6,22.5,0.16666666666666666,0.6666666666666666,0.6666666666666666,1.0,0.875,0.08740073734751261,5.5,-0.325,0.10151628221894039,1.0,5180.0,38.66714677862842,0.003338910338910341,90.0,42.62237284181474,0.05555555555555555,0.2222222222222222,0.5555555555555555,0.16666666666666666,0.16666666666666666,1,ghp,1,1,1,7.0,4.0,5.0,2.0,0.0,0.2777777777777778,0.2222222222222222,0.3888888888888889,0.0,0.1111111111111111,9.0,111.55111111111111,7.55111111111111,7.55111111111111,105.0,114.99,117.0,105.0,104,114.0,117.75,95.0,-0.07894736842105265,0.0726068376068376,0.1179861111111111,-0.10008345855698231,0.015625,0,0,0.07260683760683762,0,0,11.18705493126261,0.104626714256813,2.0,0.9763550248042377,0.22003187393701165,5.0,0.5555555555555556,9.0,7.94125,0.07555634650278567,-10.482222222222223,-0.09737492508314206,19.145,0.17293127158592772,1.0,0.1111111111111111,0.1111111111111111,9.0,5.0,9.0,0.5,2.3389860000000002,14.808619499999999,2.2861955,0.5555555555555556,0.6685714285714285,0.3314285714285715,0,0,0,20260826,20260826/ghp1
e2c2318e-0678-474d-bdf2-b31e6e134e04,3,6,23.833333333333332,0.3333333333333333,0.8333333333333334,0.8333333333333334,0.8333333333333334,0.861111111111111,0.1009216784699164,5.5,-0.3111111111111111,0.19962928605756183,1.6666666666666667,5180.0,61.29965546395825,0.0060671385671385745,122.5,17.026450011673013,0.0,0.16666666666666666,0.3333333333333333,0.5,0.0,1,ng,0,0,0,0.0,5.0,0.0,5.0,0.0,0.0,0.5,0.0,0.0,0.5,5.0,126.31599999999999,22.315999999999995,22.315999999999995,126.32,126.63,126.63,126.0,104,126.5,128.0,115.0,-0.0014229249011857847,0.21457692307692303,0.34868749999999993,-0.09388624158413617,0.3487499999999999,0,0,0.21457692307692297,0,0,1.2870364696922267,0.010188325774021331,2.122080340517156,1.0,0.35588055222343357,5.0,0.5,5.0,0.7480000000000018,0.005905945324707179,0.36200000000000043,0.002867189423409665,0.38600000000000134,0.003038755901297515,-3.0,-0.6,0.6,10.0,4.0,5.0,0.6666666666666666,2.359816,4.6979825,3.1811014999999996,0.4,1.0,0.0,0,0,0,20260826,20260826/ng2
468bae16-01fa-4b28-8367-2b7fc01e7aa7,4,6,25.166666666666668,0.16666666666666666,0.8333333333333334,0.6666666666666666,0.8333333333333334,0.9166666666666666,0.07453559924999298,5.333333333333333,-0.38333333333333336,0.11055415967851333,1.0,5360.0,243.0601263062289,0.022820791873963516,,,0.16666666666666666,0.25,0.5833333333333334,0.0,0.16666666666666666,1,ghp,1,1,1,5.0,1.0,5.0,0.0,1.0,0.4166666666666667,0.08333333333333333,0.4166666666666667,0.08333333333333333,0.0,6.0,142.5,46.5,46.5,120.0,140.0,160.0,120.0,96,140.0,140.0,100.0,-0.1428571428571429,0.484375,0.7265625,-0.182321556793954,0.375,0,0,0.484375,0,0,38.701087742053964,0.2750919971478222,2.3385865525894585,1.0,0.4152961461013108,6.0,0.42857142857142855,6.0,31.4,0.24180111896624085,17.0,0.19842370533244527,4.6,0.04337741363379558,6.0,1.0,1.0,14.0,4.0,6.0,0.7,2.6610775,7.7330815,19.9988855,0.2857142857142857,0.9,0.09999999999999998,0,0,0,20260826,20260826/ghp2
727aeab3-4e37-4074-aa8a-edb9ed62fd8f,4,6,22.833333333333332,0.16666666666666666,0.6666666666666666,0.16666666666666666,1.0,0.861111111111111,0.16386534670836247,5.666666666666667,-0.29444444444444445,0.2435083084748779,2.0,5360.0,110.94097529767811,0.010380389718076284,,,0.4166666666666667,0.4166666666666667,0.0,0.16666666666666666,0.5,1,gh,0,1,0,2.0,0.0,5.0,1.0,0.0,0.625,0.0,0.25,0.0,0.125,4.0,98.0,2.0,2.0,96.0,100.0,100.0,96.0,96,105.5,113.0,89.0,-0.09004739336492895,0.020833333333333332,0.03125,-0.07571182173569646,0.0,0,0,0.020833333333333332,0,0,3.066517930608106,0.031514653322776996,8.417922817474608,1.0,0.08586708818299511,6.0,0.2608695652173913,4.0,3.5,0.03448641850703706,0.0,0.0003469468675654239,3.5,0.03413947163947164,-4.0,-1.0,1.0,23.0,18.0,4.0,0.8518518518518519,0.840274,0.6010504999999999,4.811071500000001,0.782608695652174,0.6666666666666666,0.33333333333333337,0,0,0,20260826,20260826/gh1
792b99cc-c375-4006-9b7f-6b7ceeb15ffe,4,6,26.5,0.3333333333333333,0.8333333333333334,0.5,0.8333333333333334,0.9166666666666666,0.07453559924999295,5.333333333333333,-0.3833333333333333,0.200554786086551,1.0,5360.0,816.8722666365899,0.07288557213930348,,,0.16666666666666666,0.3333333333333333,0.3333333333333333,0.16666666666666666,0.0,1,ng,0,0,0,3.0,1.0,0.0,2.0,0.0,0.0,0.16666666666666666,0.5,0.0,0.3333333333333333,3.0,103.33333333333333,7.333333333333333,11.333333333333334,100.0,90.0,120.0,90.0,96,88.0,60.0,99.0,0.13636363636363646,0.11805555555555557,0.17708333333333334,-0.010050335853502013,0.0625,0,0,0.07638888888888884,0,0,15.131182052770697,0.16027577488062686,3.09655155626106,1.0,0.7288709305044326,5.0,0.5,3.0,19.333333333333332,0.18291761148904007,17.333333333333332,0.16114890400604687,2.0,0.0217687074829932,1.0,0.3333333333333333,0.3333333333333333,10.0,7.0,3.0,0.7692307692307693,4.861757,4.861757,18.839966,0.7,0.4444444444444444,0.5555555555555556,1,0,0,20260826,20260826/ng1
b0eca25a-c9c1-4b52-a273-a509e63a7229,4,6,22.5,0.16666666666666666,0.6666666666666666,0.6666666666666666,1.0,0.875,0.08740073734751261,5.5,-0.325,0.10151628221894039,1.0,5360.0,90.05516220628317,0.007719423714759536,,,0.05555555555555555,0.2222222222222222,0.5555555555555555,0.16666666666666666,0.16666666666666666,1,ghp,1,1,1,1.0,6.0,3.0,0.0,0.0,0.3,0.6,0.1,0.0,0.0,5.0,99.2,3.2,3.6,95.0,99.0,105.0,95.0,96,105.0,114.0,90.0,-0.09523809523809523,0.0375,0.05625,-0.054067221270275745,-0.015625,0,0,0.03333333333333336,0,0,15.583130250469445,0.15535856863155673,2.0,0.8930958514042643,0.12601467479264428,3.0,0.375,5.0,10.25,0.10394805511776622,5.5,0.05384737467960615,4.75,0.050100680438160065,1.0,0.2,0.2,8.0,2.0,5.0,0.6153846153846154,4.878896,10.652989,14.278382,0.25,0.5333333333333333,0.4666666666666667,0,0,0,20260826,20260826/ghp1
e2c2318e-0678-474d-bdf2-b31e6e134e04,4,6,23.833333333333332,0.3333333333333333,0.8333333333333334,0.8333333333333334,0.8333333333333334,0.861111111111111,0.1009216784699164,5.5,-0.3111111111111111,0.19962928605756183,1.6666666666666667,5360.0,129.35692157747138,0.012226057213930355,,,0.0,0.16666666666666666,0.3333333333333333,0.5,0.0,1,ng,0,0,0,0.0,4.0,0.0,8.0,2.0,0.0,0.2857142857142857,0.0,0.14285714285714285,0.5714285714285714,7.0,123.42142857142858,27.42142857142857,27.42142857142857,115.0,125.63,127.0,115.0,96,126.32,126.5,110.0,-0.08961367954401511,0.28563988095238096,0.4284598214285714,-0.04445176257083361,0.296875,0,0,0.285639880952381,0,0,11.482931416922474,0.10006891211804148,2.025134777432999,1.0,0.16718896944973005,6.0,0.8571428571428571,7.0,5.613333333333334,0.04833499049493025,-7.939999999999998,-0.04085401915514856,10.833333333333334,0.08918900965007881,-3.0,-0.42857142857142855,0.42857142857142855,7.0,3.0,7.0,0.5,11.294372,13.2188425,11.31631,0.42857142857142855,0.8333333333333334,0.16666666666666663,0,0,0,20260826,20260826/ng2
468bae16-01fa-4b28-8367-2b7fc01e7aa7,5,6,25.166666666666668,0.16666666666666666,0.8333333333333334,0.6666666666666666,0.8333333333333334,0.9166666666666666,0.07453559924999298,5.333333333333333,-0.38333333333333336,0.11055415967851333,1.0,5300.0,494.8832438060516,0.04480870020964361,,,0.16666666666666666,0.25,0.5833333333333334,0.0,0.16666666666666666,1,ghp,1,1,1,7.0,3.0,4.0,0.0,2.0,0.25,0.1875,0.4375,0.125,0.0,8.0,140.0,52.0,52.0,100.0,135.0,170.0,100.0,88,120.0,140.0,78.0,-0.16666666666666663,0.5909090909090909,0.8125,-0.2484613592985001,0.1875,0,0,0.5909090909090909,0,0,46.04506779419532,0.3623643997516686,2.4826334126626284,1.0,0.43716882010417757,2.0,0.2,8.0,42.142857142857146,0.3005722182772313,17.5,0.1657315446072328,17.857142857142858,0.1348406736699985,4.0,0.5,0.5,10.0,10.0,8.0,0.5555555555555556,5.653036,8.0529265,6.689706,1.0,1.0,0.0,0,0,0,20260826,20260826/ghp2
727aeab3-4e37-4074-aa8a-edb9ed62fd8f,5,6,22.833333333333332,0.16666666666666666,0.6666666666666666,0.16666666666666666,1.0,0.861111111111111,0.16386534670836247,5.666666666666667,-0.29444444444444445,0.2435083084748779,2.0,5300.0,85.86559427384194,0.00794266247379457,,,0.4166666666666667,0.4166666666666667,0.0,0.16666666666666666,0.5,1,gh,0,1,0,4.0,0.0,12.0,0.0,0.0,0.75,0.0,0.25,0.0,0.0,8.0,91.505,3.5050000000000026,3.5050000000000026,89.0,95.25,98.0,88.01,88,96.0,105.5,87.0,-0.07291666666666663,0.039829545454545486,0.05476562500000004,-0.02272825107755594,0.015625,0,0,0.0398295454545454,0,0,4.644363437394624,0.05432327533545695,4.800524444099264,0.9498071461125376,0.1540699003038252,10.0,0.38461538461538464,8.0,3.3716666666666604,0.03673097153694979,0.9012499999999939,0.003191738437538453,3.0866666666666682,0.033539233099411335,-6.0,-0.75,0.75,26.0,19.0,8.0,0.7647058823529411,0.9709994999999999,3.178885,40.9662535,0.7307692307692307,0.675,0.32499999999999996,0,0,0,20260826,20260826/gh1
792b99cc-c375-4006-9b7f-6b7ceeb15ffe,5,6,26.5,0.3333333333333333,0.8333333333333334,0.5,0.8333333333333334,0.9166666666666666,0.07453559924999295,5.333333333333333,-0.3833333333333333,0.200554786086551,1.0,5300.0,799.5643188637173,0.07288259958071279,,,0.16666666666666666,0.3333333333333333,0.3333333333333333,0.16666666666666666,0.0,1,ng,0,0,0,1.0,1.0,0.0,3.0,1.0,0.0,0.16666666666666666,0.16666666666666666,0.16666666666666666,0.5,3.0,99.66666666666667,11.666666666666666,11.666666666666666,99.0,100.0,100.0,99.0,88,100.0,88.0,96.0,-0.010000000000000009,0.13257575757575757,0.18229166666666666,-0.030771658666753687,0.171875,0,0,0.13257575757575762,0,0,3.9902014832470374,0.03859256084615271,2.0,1.0,0.2011901570666141,5.0,0.7142857142857143,3.0,2.0,0.01995049876246906,-0.6666666666666666,0.010100252506312657,1.0,0.009850246256156403,-1.0,-0.3333333333333333,0.3333333333333333,7.0,3.0,3.0,0.7,3.7990209999999998,8.8016305,5.5565180000000005,0.42857142857142855,1.0,0.0,1,0,0,20260826,20260826/ng1
b0eca25a-c9c1-4b52-a273-a509e63a7229,5,6,22.5,0.16666666666666666,0.6666666666666666,0.6666666666666666,1.0,0.875,0.08740073734751261,5.5,-0.325,0.10151628221894039,1.0,5300.0,74.27228446735681,0.00602714884696016,,,0.05555555555555555,0.2222222222222222,0.5555555555555555,0.16666666666666666,0.16666666666666666,1,ghp,1,1,1,3.0,2.0,1.0,2.0,0.0,0.125,0.25,0.375,0.0,0.25,4.0,89.0,1.0,1.5,90.0,90.0,90.0,87.0,88,95.0,105.0,87.0,-0.052631578947368474,0.017045454545454544,0.0234375,-0.03390155167568132,0.03125,0,0,0.011363636363636364,0,0,12.142507805533878,0.16220986641999716,3.244163765813665,0.8268220481196991,0.17390247943423218,5.0,0.4166666666666667,4.0,9.333333333333334,0.0968027089737336,0.5,0.01929158719466189,7.666666666666667,0.0775111217790717,-2.0,-0.5,0.5,12.0,8.0,4.0,0.75,2.2781945,4.9167365,43.45689,0.6666666666666666,1.0,0.0,0,0,0,20260826,20260826/ghp1
e2c2318e-0678-474d-bdf2-b31e6e134e04,5,6,23.833333333333332,0.3333333333333333,0.8333333333333334,0.8333333333333334,0.8333333333333334,0.861111111111111,0.1009216784699164,5.5,-0.3111111111111111,0.19962928605756183,1.6666666666666667,5300.0,144.80054267854092,0.01377955974842768,,,0.0,0.16666666666666666,0.3333333333333333,0.5,0.0,1,ng,0,0,0,0.0,4.0,0.0,4.0,0.0,0.0,0.5,0.0,0.0,0.5,4.0,110.25,22.25,22.25,110.0,110.0,111.0,110.0,88,115.0,126.32,107.5,-0.04347826086956519,0.2528409090909091,0.34765625,-0.022989518224699523,0.34375,0,0,0.2528409090909091,0,0,3.362781836248655,0.03153483713263823,2.317632127659714,1.0,0.18686960054380258,6.0,0.6666666666666666,4.0,1.8125,0.01630557174638613,-0.6875,-0.00616797092693868,2.5,0.022473542673324808,-4.0,-1.0,1.0,9.0,2.0,4.0,0.6923076923076923,7.0511539999999995,11.865747,11.865747,0.2222222222222222,0.75,0.25,0,0,0,20260826,20260826/ng2
468bae16-01fa-4b28-8367-2b7fc01e7aa7,6,6,25.166666666666668,0.16666666666666666,0.8333333333333334,0.6666666666666666,0.8333333333333334,0.9166666666666666,0.07453559924999298,5.333333333333333,-0.38333333333333336,0.11055415967851333,1.0,5480.0,360.651667124942,0.0324918896999189,80.0,35.02380143083652,0.16666666666666666,0.25,0.5833333333333334,0.0,0.16666666666666666,1,ghp,1,1,1,2.0,1.0,1.0,0.0,2.0,0.16666666666666666,0.16666666666666666,0.3333333333333333,0.3333333333333333,0.0,3.0,104.33333333333333,24.333333333333332,25.666666666666668,78.0,135.0,135.0,78.0,80,100.0,120.0,73.0,-0.21999999999999997,0.32083333333333336,0.4010416666666667,-0.06624938554120074,-0.03125,0,0,0.3041666666666666,0,0,41.47874371784814,0.3871324552060179,2.1152946526118166,1.0,0.6153597166598197,4.0,0.5714285714285714,3.0,55.666666666666664,0.46366324977747153,33.666666666666664,0.2852451641925326,22.0,0.17841808558493888,-1.0,-0.3333333333333333,0.3333333333333333,7.0,4.0,3.0,0.7,1.68346,12.344512,52.029519,0.5714285714285714,0.75,0.25,0,0,0,20260826,20260826/ghp2
727aeab3-4e37-4074-aa8a-edb9ed62fd8f,6,6,22.833333333333332,0.16666666666666666,0.6666666666666666,0.16666666666666666,1.0,0.861111111111111,0.16386534670836247,5.666666666666667,-0.29444444444444445,0.2435083084748779,2.0,5480.0,139.37784084997153,0.012928325223033261,68.0,38.69194575963668,0.4166666666666667,0.4166666666666667,0.0,0.16666666666666666,0.5,1,gh,0,1,0,10.0,0.0,11.0,1.0,0.0,0.5,0.0,0.45454545454545453,0.0,0.045454545454545456,11.0,86.42090909090909,6.420909090909091,6.420909090909091,87.0,88.0,90.0,83.75,80,89.0,96.0,72.05,-0.022471910112359605,0.08026136363636363,0.10032670454545455,-0.18854779620905227,0.109375,0,0,0.08026136363636364,0,0,5.462465915355241,0.0647093323976184,4.040427268651935,0.3994772000330403,0.2386672475456587,11.0,0.44,11.0,2.7,0.031348074511669446,0.8972727272727277,0.011853698296419489,1.7129999999999996,0.019494376215249958,-7.0,-0.6363636363636364,0.6363636363636364,25.0,15.0,11.0,0.6944444444444444,3.134137,3.481126,4.221529,0.6,1.0,0.0,0,0,0,20260826,20260826/gh1
792b99cc-c375-4006-9b7f-6b7ceeb15ffe,6,6,26.5,0.3333333333333333,0.8333333333333334,0.5,0.8333333333333334,0.9166666666666666,0.07453559924999295,5.333333333333333,-0.3833333333333333,0.200554786086551,1.0,5480.0,867.2252879154297,0.07587185725871858,85.0,12.560520159080463,0.16666666666666666,0.3333333333333333,0.3333333333333333,0.16666666666666666,0.0,1,ng,0,0,0,1.0,2.0,0.0,4.0,3.0,0.0,0.2,0.1,0.3,0.4,5.0,98.6,18.6,18.6,96.0,99.0,100.0,96.0,80,99.0,100.0,82.0,-0.030303030303030276,0.2325,0.290625,-0.15762894420358275,0.25,0,0,0.23249999999999993,0,0,24.461712404487333,0.5016539397772413,3.1550259871715522,1.0,0.7454638545173778,7.0,0.5833333333333334,5.0,14.75,0.13782465975669952,-3.4,-0.01930293039122116,17.25,0.1571275901479207,-1.0,-0.2,0.2,12.0,6.0,5.0,0.7058823529411765,1.9251770000000001,29.158075,21.554805,0.5,1.0,0.0,1,0,0,20260826,20260826/ng1
b0eca25a-c9c1-4b52-a273-a509e63a7229,6,6,22.5,0.16666666666666666,0.6666666666666666,0.6666666666666666,1.0,0.875,0.08740073734751261,5.5,-0.325,0.10151628221894039,1.0,5480.0,132.2652041921833,0.012152980535279806,76.0,6.8019605016985105,0.05555555555555555,0.2222222222222222,0.5555555555555555,0.16666666666666666,0.16666666666666666,1,ghp,1,1,1,4.0,4.0,1.0,3.0,0.0,0.08333333333333333,0.3333333333333333,0.3333333333333333,0.0,0.25,6.0,86.0,6.0,6.0,87.0,85.0,89.0,85.0,80,90.0,95.0,77.0,-0.033333333333333326,0.075,0.09375,-0.12210269680089958,0.109375,0,0,0.075,0,0,7.322818354704352,0.08832234008228636,2.0189952908771374,0.9726892803944454,0.1264282545470195,8.0,0.5714285714285714,6.0,2.6,0.030558105478576257,3.5833333333333335,0.03391777464017793,-0.3,-0.0033596691616016665,-2.0,-0.3333333333333333,0.3333333333333333,14.0,6.0,6.0,0.7,4.595147,8.333589,15.57019,0.42857142857142855,1.0,0.0,0,0,0,20260826,20260826/ghp1
e2c2318e-0678-474d-bdf2-b31e6e134e04,6,6,23.833333333333332,0.3333333333333333,0.8333333333333334,0.8333333333333334,0.8333333333333334,0.861111111111111,0.1009216784699164,5.5,-0.3111111111111111,0.19962928605756183,1.6666666666666667,5480.0,200.06808381148636,0.018480535279805362,99.5,22.33980005878895,0.0,0.16666666666666666,0.3333333333333333,0.5,0.0,1,ng,0,0,0,0.0,2.0,0.0,2.0,0.0,0.0,0.5,0.0,0.0,0.5,2.0,108.125,28.125,28.125,107.5,108.75,108.75,107.5,80,110.0,115.0,86.0,-0.022727272727272707,0.3515625,0.439453125,-0.2231435513142097,0.4296875,0,0,0.3515625,0,0,12.024802802958625,0.13780052112449434,3.287338872498172,1.0,0.21529401873853715,4.0,0.5,2.0,1.125,0.010343915343915343,-7.75,-0.07123544973544974,8.875,0.08157936507936508,-2.0,-1.0,1.0,8.0,5.0,2.0,0.8,13.026176,24.626286999999998,7.257713,0.625,1.0,0.0,0,0,0,20260826,20260826/ng2
468bae16-01fa-4b28-8367-2b7fc01e7aa7,7,6,25.166666666666668,0.16666666666666666,0.8333333333333334,0.6666666666666666,0.8333333333333334,0.9166666666666666,0.07453559924999298,5.333333333333333,-0.38333333333333336,0.11055415967851333,1.0,5420.0,386.16243343960826,0.035444854448544484,,,0.16666666666666666,0.25,0.5833333333333334,0.0,0.16666666666666666,1,ghp,1,1,1,4.0,4.0,1.0,0.0,1.0,0.1,0.4,0.4,0.1,0.0,5.0,78.4,6.4,6.4,73.0,79.0,85.0,73.0,72,78.0,100.0,45.0,-0.0641025641025641,0.08888888888888889,0.1,-0.4837969513780713,0.015625,0,0,0.08888888888888896,0,0,24.725231155224755,0.30395886948920586,2.096799719341195,0.6797279027268608,0.4089526159351021,4.0,0.3076923076923077,5.0,19.0,0.22040713570942194,14.0,0.1597448241402854,5.0,0.06066231156913654,-3.0,-0.6,0.6,13.0,8.0,5.0,0.7222222222222222,2.641021,8.0813,12.2305,0.6153846153846154,1.0,0.0,0,0,0,20260826,20260826/ghp2
727aeab3-4e37-4074-aa8a-edb9ed62fd8f,7,6,22.833333333333332,0.16666666666666666,0.6666666666666666,0.16666666666666666,1.0,0.861111111111111,0.16386534670836247,5.666666666666667,-0.29444444444444445,0.2435083084748779,2.0,5420.0,122.06173569141174,0.011403854038540398,,,0.4166666666666667,0.4166666666666667,0.0,0.16666666666666666,0.5,1,gh,0,1,0,1.0,0.0,12.0,1.0,0.0,0.8571428571428571,0.0,0.07142857142857142,0.0,0.07142857142857142,7.0,72.72857142857143,0.7285714285714278,0.7285714285714278,72.05,77.0,77.0,72.0,72,87.0,89.0,64.0,-0.17183908045977014,0.010119047619047607,0.011383928571428559,-0.11847723908585994,0.0007812499999999556,0,0,0.010119047619047607,0,0,2.1264099437375483,0.029380113454584703,12.495579354369992,0.9771638083657092,0.25172813189717347,14.0,0.4666666666666667,7.0,0.5285714285714269,0.0068460468463245275,-1.0885714285714332,-0.013805568644981493,1.6171428571428603,0.02065161549130602,-3.0,-0.42857142857142855,0.42857142857142855,30.0,23.0,7.0,0.8108108108108109,2.0128649999999997,7.226103500000001,1.287926,0.7666666666666667,0.7866666666666667,0.21333333333333326,0,0,0,20260826,20260826/gh1
792b99cc-c375-4006-9b7f-6b7ceeb15ffe,7,6,26.5,0.3333333333333333,0.8333333333333334,0.5,0.8333333333333334,0.9166666666666666,0.07453559924999295,5.333333333333333,-0.3833333333333333,0.200554786086551,1.0,5420.0,879.9598286285574,0.07911029110291103,,,0.16666666666666666,0.3333333333333333,0.3333333333333333,0.16666666666666666,0.0,1,ng,0,0,0,2.0,2.0,0.0,4.0,4.0,0.0,0.16666666666666666,0.16666666666666666,0.3333333333333333,0.3333333333333333,6.0,86.66666666666667,14.666666666666666,14.666666666666666,82.0,88.0,91.0,82.0,72,96.0,99.0,80.0,-0.14583333333333337,0.2037037037037037,0.22916666666666666,-0.024692612590372143,0.15625,0,0,0.20370370370370378,0,0,25.488015116367436,0.59760016611551,2.533303592642856,1.0,0.5873154712117037,7.0,0.6363636363636364,6.0,7.4,0.08372773789643928,4.333333333333333,0.04420248504990976,3.4,0.03952525284652953,-2.0,-0.3333333333333333,0.3333333333333333,11.0,8.0,6.0,0.6470588235294118,5.6231615,17.690447,4.1265635,0.7272727272727273,1.0,0.0,1,0,0,20260826,20260826/ng1
b0eca25a-c9c1-4b52-a273-a509e63a7229,7,6,22.5,0.16666666666666666,0.6666666666666666,0.6666666666666666,1.0,0.875,0.08740073734751261,5.5,-0.325,0.10151628221894039,1.0,5420.0,115.23930857133769,0.009568163181631804,,,0.05555555555555555,0.2222222222222222,0.5555555555555555,0.16666666666666666,0.16666666666666666,1,ghp,1,1,1,6.0,5.0,4.0,3.0,0.0,0.2222222222222222,0.2777777777777778,0.3333333333333333,0.0,0.16666666666666666,9.0,80.5,8.5,8.5,77.0,80.0,86.5,75.0,72,87.0,90.0,79.0,-0.11494252873563215,0.11805555555555555,0.1328125,0.025642430613337375,0.078125,0,0,0.11805555555555555,0,0,5.662414632702608,0.06928132349463537,2.0459100523681033,0.8747457930341742,0.19049504216485785,4.0,0.36363636363636365,9.0,7.5625,0.09239545344549625,7.055555555555555,0.08876856055282466,0.3125,0.003626892892671603,-3.0,-0.3333333333333333,0.3333333333333333,11.0,6.0,9.0,0.55,3.859155,14.08768,9.235436,0.5454545454545454,0.9166666666666666,0.08333333333333337,0,0,0,20260826,20260826/ghp1
e2c2318e-0678-474d-bdf2-b31e6e134e04,7,6,23.833333333333332,0.3333333333333333,0.8333333333333334,0.8333333333333334,0.8333333333333334,0.861111111111111,0.1009216784699164,5.5,-0.3111111111111111,0.19962928605756183,1.6666666666666667,5420.0,181.19681608681793,0.01725010250102502,,,0.0,0.16666666666666666,0.3333333333333333,0.5,0.0,1,ng,0,0,0,0.0,0.0,0.0,2.0,0.0,0.0,0.0,0.0,0.0,1.0,1.0,86.0,14.0,14.0,86.0,86.0,86.0,86.0,72,107.5,110.0,68.75,-0.19999999999999996,0.19444444444444445,0.21875,-0.22387055970682646,0.21875,0,0,0.19444444444444445,0,0,23.487190435430165,0.27848907291667135,4.4285807268193516,0.9638391859517208,0.18727677384931593,2.0,0.25,1.0,14.0,0.17721518987341772,2.0,0.02531645569620253,12.0,0.1518987341772152,1.0,1.0,1.0,8.0,6.0,1.0,0.8888888888888888,,,45.203361,0.75,1.0,0.0,0,0,0,20260826,20260826/ng2
468bae16-01fa-4b28-8367-2b7fc01e7aa7,8,6,25.166666666666668,0.16666666666666666,0.8333333333333334,0.6666666666666666,0.8333333333333334,0.9166666666666666,0.07453559924999298,5.333333333333333,-0.38333333333333336,0.11055415967851333,1.0,5600.0,335.8345202625839,0.029712301587301586,,,0.16666666666666666,0.25,0.5833333333333334,0.0,0.16666666666666666,1,ghp,1,1,1,6.0,9.0,3.0,0.0,0.0,0.16666666666666666,0.5,0.3333333333333333,0.0,0.0,9.0,56.666666666666664,-7.333333333333333,7.555555555555555,45.0,60.0,65.0,45.0,64,73.0,78.0,35.0,-0.3835616438356164,0.11805555555555555,0.11805555555555555,-0.2513144282809061,-0.296875,0,0,-0.11458333333333337,0,0,10.5639618692098,0.18382957304469755,4.890179990281038,0.1178036632949001,0.31418915152525584,3.0,0.125,9.0,7.8125,0.13799700299700302,9.722222222222221,0.16072427572427572,-1.25,-0.022727272727272728,-3.0,-0.3333333333333333,0.3333333333333333,24.0,16.0,9.0,0.7272727272727273,2.183306,5.1392795,5.1392795,0.6666666666666666,0.6666666666666666,0.33333333333333337,0,0,0,20260826,20260826/ghp2
727aeab3-4e37-4074-aa8a-edb9ed62fd8f,8,6,22.833333333333332,0.16666666666666666,0.6666666666666666,0.16666666666666666,1.0,0.861111111111111,0.16386534670836247,5.666666666666667,-0.29444444444444445,0.2435083084748779,2.0,5600.0,181.7697040763393,0.01628720238095239,,,0.4166666666666667,0.4166666666666667,0.0,0.16666666666666666,0.5,1,gh,0,1,0,1.0,0.0,5.0,0.0,0.0,0.8333333333333334,0.0,0.16666666666666666,0.0,0.0,3.0,64.5,0.5,0.5,64.0,65.0,65.0,64.0,64,72.05,87.0,56.0,-0.11172796668979867,0.0078125,0.0078125,-0.13353139262452185,0.0,0,0,0.0078125,0,0,4.130851271354487,0.0639034715680915,10.728705181686394,0.9193339135039413,0.1265281840692869,13.0,0.38235294117647056,3.0,3.2066666666666586,0.047529723385131645,-0.12333333333333485,-0.002056013436371382,3.3299999999999934,0.04958573682150303,-1.0,-0.3333333333333333,0.3333333333333333,34.0,31.0,3.0,0.918918918918919,1.448443,5.020603,1.448443,0.9117647058823529,0.4444444444444444,0.5555555555555556,0,0,0,20260826,20260826/gh1
792b99cc-c375-4006-9b7f-6b7ceeb15ffe,8,6,26.5,0.3333333333333333,0.8333333333333334,0.5,0.8333333333333334,0.9166666666666666,0.07453559924999295,5.333333333333333,-0.3833333333333333,0.200554786086551,1.0,5600.0,915.1256607701481,0.07762152777777778,,,0.16666666666666666,0.3333333333333333,0.3333333333333333,0.16666666666666666,0.0,1,ng,0,0,0,0.0,0.0,0.0,2.0,2.0,0.0,0.0,0.0,0.5,0.5,2.0,80.625,16.625,16.625,80.0,81.25,81.25,80.0,64,82.0,96.0,50.0,-0.024390243902439046,0.259765625,0.259765625,-0.47000362924573524,0.25,0,0,0.259765625,0,0,23.746374174313065,0.5261959942350385,2.19472122574611,1.0,1.1215231653130484,3.0,0.3333333333333333,2.0,1.0649999999999977,0.013103503251202329,-10.370000000000005,-0.12873947487293175,11.435000000000002,0.1418429781241341,-2.0,-1.0,1.0,9.0,8.0,2.0,0.8181818181818182,2.3831545,,9.598639,0.8888888888888888,1.0,0.0,1,0,0,20260826,20260826/ng1
b0eca25a-c9c1-4b52-a273-a509e63a7229,8,6,22.5,0.16666666666666666,0.6666666666666666,0.6666666666666666,1.0,0.875,0.08740073734751261,5.5,-0.325,0.10151628221894039,1.0,5600.0,181.0863502310429,0.01658501984126984,,,0.05555555555555555,0.2222222222222222,0.5555555555555555,0.16666666666666666,0.16666666666666666,1,ghp,1,1,1,0.0,2.0,1.0,1.0,0.0,0.25,0.5,0.0,0.0,0.25,2.0,79.75,15.75,15.75,79.0,80.5,80.5,79.0,64,77.0,87.0,76.0,0.025974025974025983,0.24609375,0.24609375,-0.03871451218069044,0.234375,0,0,0.24609375,0,0,12.941794207090384,0.1820258970058392,3.714816725203898,1.0,0.17995827693442729,3.0,0.3333333333333333,2.0,3.75,0.04644771728822744,-1.25,-0.015859960132375995,5.0,0.06230767742060343,0.0,0.0,0.0,9.0,6.0,2.0,0.8181818181818182,2.402181,22.571227,162.46959099999998,0.6666666666666666,1.0,0.0,0,0,0,20260826,20260826/ghp1
e2c2318e-0678-474d-bdf2-b31e6e134e04,8,6,23.833333333333332,0.3333333333333333,0.8333333333333334,0.8333333333333334,0.8333333333333334,0.861111111111111,0.1009216784699164,5.5,-0.3111111111111111,0.19962928605756183,1.6666666666666667,5600.0,264.45476392003263,0.023754365079365094,,,0.0,0.16666666666666666,0.3333333333333333,0.5,0.0,1,ng,0,0,0,0.0,0.0,0.0,3.0,3.0,0.0,0.0,0.0,0.5,0.5,3.0,68.5,4.5,4.5,68.75,68.0,68.75,68.0,64,86.0,107.5,77.25,-0.20058139534883723,0.0703125,0.0703125,0.11657017923117419,0.07421875,0,0,0.0703125,0,0,5.043742520311305,0.07372712526476968,3.128674891026648,1.0,0.1017059553817453,4.0,0.4444444444444444,3.0,4.5,0.06791074587684758,2.6666666666666665,0.04013296809906979,1.8333333333333333,0.027777777777777776,3.0,1.0,1.0,9.0,0.0,3.0,0.75,1.7247215,1.7247215,1.5167920000000001,0.0,1.0,0.0,0,0,0,20260826,20260826/ng2
468bae16-01fa-4b28-8367-2b7fc01e7aa7,9,6,25.166666666666668,0.16666666666666666,0.8333333333333334,0.6666666666666666,0.8333333333333334,0.9166666666666666,0.07453559924999298,5.333333333333333,-0.38333333333333336,0.11055415967851333,1.0,5480.0,368.2578240852459,0.034527068126520684,39.0,5.231315959361151,0.16666666666666666,0.25,0.5833333333333334,0.0,0.16666666666666666,1,ghp,1,1,1,5.0,11.0,6.0,0.0,0.0,0.2727272727272727,0.5,0.22727272727272727,0.0,0.0,11.0,41.45454545454545,-14.545454545454545,14.545454545454545,35.0,45.0,50.0,35.0,56,45.0,73.0,32.5,-0.2222222222222222,0.2597402597402597,0.22727272727272727,-0.07410797215372167,-0.328125,0,0,-0.25974025974025977,0,0,4.7416600400926985,0.1346902227158874,2.539892672610596,0.18336387306722682,0.19216088606326792,1.0,0.04,11.0,3.0,0.06937696463421406,1.9090909090909092,0.049712677536570465,0.7777777777777778,0.01966428709764359,-1.0,-0.09090909090909091,0.09090909090909091,25.0,14.0,11.0,0.6944444444444444,2.314202,3.728751,4.259436,0.56,1.0,0.0,0,0,0,20260826,20260826/ghp2
727aeab3-4e37-4074-aa8a-edb9ed62fd8f,9,6,22.833333333333332,0.16666666666666666,0.6666666666666666,0.16666666666666666,1.0,0.861111111111111,0.16386534670836247,5.666666666666667,-0.29444444444444445,0.2435083084748779,2.0,5480.0,130.57669041601574,0.011729014598540153,49.0,4.844240566555988,0.4166666666666667,0.4166666666666667,0.0,0.16666666666666666,0.5,1,gh,0,1,0,9.0,0.0,14.0,1.0,0.0,0.5833333333333334,0.0,0.375,0.0,0.041666666666666664,12.0,56.097500000000004,0.09750000000000192,0.09750000000000192,56.0,56.0,56.13,56.0,56,64.0,72.05,47.0,-0.125,0.001741071428571463,0.00152343750000003,-0.17520408902509121,0.0,0,0,0.0017410714285714946,0,0,1.2802835719397192,0.021529168014303154,10.861419567584287,0.49234550608571576,0.29727846943901903,16.0,0.43243243243243246,12.0,0.1708333333333402,0.0030442169728240633,0.14500000000000668,0.0025855370425434563,0.025833333333333524,0.0004586799302806071,6.0,0.5,0.5,37.0,23.0,12.0,0.7551020408163265,0.586298,0.586298,0.586298,0.6216216216216216,1.0,0.0,0,0,0,20260826,20260826/gh1
792b99cc-c375-4006-9b7f-6b7ceeb15ffe,9,6,26.5,0.3333333333333333,0.8333333333333334,0.5,0.8333333333333334,0.9166666666666666,0.07453559924999295,5.333333333333333,-0.3833333333333333,0.200554786086551,1.0,5480.0,905.712523375933,0.07995995539334956,47.5,8.94427190999916,0.16666666666666666,0.3333333333333333,0.3333333333333333,0.16666666666666666,0.0,1,ng,0,0,0,1.0,0.0,0.0,1.0,2.0,0.0,0.0,0.25,0.5,0.25,2.0,57.5,1.5,7.5,50.0,65.0,65.0,50.0,56,80.0,82.0,46.5,-0.375,0.13392857142857142,0.1171875,-0.07257069283483553,-0.09375,0,0,0.026785714285714284,0,0,12.975934521162195,0.2918348157657141,2.203477689222885,1.0,1.0394351489668716,6.0,0.46153846153846156,2.0,12.5,0.2037037037037037,-7.5,-0.11574074074074073,20.0,0.3194444444444444,-2.0,-1.0,1.0,13.0,10.0,2.0,0.8666666666666667,1.8973165,3.964132,5.9176085,0.7692307692307693,1.0,0.0,1,0,0,20260826,20260826/ng1
b0eca25a-c9c1-4b52-a273-a509e63a7229,9,6,22.5,0.16666666666666666,0.6666666666666666,0.6666666666666666,1.0,0.875,0.08740073734751261,5.5,-0.325,0.10151628221894039,1.0,5480.0,166.8771411548027,0.014020275750202753,71.0,10.206207261596576,0.05555555555555555,0.2222222222222222,0.5555555555555555,0.16666666666666666,0.16666666666666666,1,ghp,1,1,1,2.0,10.0,3.0,3.0,0.0,0.16666666666666666,0.5555555555555556,0.1111111111111111,0.0,0.16666666666666666,9.0,75.5,19.5,19.5,76.0,74.5,77.0,74.0,56,79.0,77.0,74.0,-0.03797468354430378,0.3482142857142857,0.3046875,-0.026668247082160867,0.3125,0,0,0.3482142857142857,0,0,3.9486806781095707,0.05427439789531471,3.007463101035214,1.0,0.19081754791129743,14.0,0.7,9.0,3.75,0.052358141824705544,-0.05555555555555555,-0.0044190077324609165,4.0625,0.05677714955716646,3.0,0.3333333333333333,0.3333333333333333,20.0,6.0,9.0,0.6896551724137931,2.101211,6.372603,3.636761,0.3,0.7222222222222222,0.2777777777777778,0,0,0,20260826,20260826/ghp1
e2c2318e-0678-474d-bdf2-b31e6e134e04,9,6,23.833333333333332,0.3333333333333333,0.8333333333333334,0.8333333333333334,0.8333333333333334,0.861111111111111,0.1009216784699164,5.5,-0.3111111111111111,0.19962928605756183,1.6666666666666667,5480.0,239.5641065769248,0.022400243309002445,65.0,31.45631892005166,0.0,0.16666666666666666,0.3333333333333333,0.5,0.0,1,ng,0,0,0,0.0,3.0,0.0,9.0,10.0,0.0,0.13636363636363635,0.0,0.45454545454545453,0.4090909090909091,11.0,74.29545454545455,18.295454545454547,18.295454545454547,77.25,68.75,78.0,68.75,56,68.75,86.0,74.0,0.12363636363636354,0.32670454545454547,0.2858664772727273,-0.04298182257368488,0.33203125,0,0,0.32670454545454547,0,0,7.9208037058721885,0.11017998509160377,2.8241266447387696,1.0,0.26982657499432167,13.0,0.7647058823529411,11.0,6.35,0.08405303803435067,3.4536363636363645,0.06071527401392697,1.8629999999999995,0.0233377640204237,-1.0,-0.09090909090909091,0.09090909090909091,17.0,6.0,11.0,0.6071428571428571,1.37458,3.228865,1.5476809999999999,0.35294117647058826,0.8888888888888888,0.11111111111111116,0,0,0,20260826,20260826/ng2
468bae16-01fa-4b28-8367-2b7fc01e7aa7,10,6,25.166666666666668,0.16666666666666666,0.8333333333333334,0.6666666666666666,0.8333333333333334,0.9166666666666666,0.07453559924999298,5.333333333333333,-0.38333333333333336,0.11055415967851333,1.0,5480.0,382.25259972955047,0.035675182481751826,,,0.16666666666666666,0.25,0.5833333333333334,0.0,0.16666666666666666,1,ghp,1,1,1,5.0,10.0,4.0,0.0,1.0,0.2,0.5,0.25,0.05,0.0,10.0,28.125,-19.875,19.875,32.5,30.0,32.5,20.0,48,35.0,45.0,22.66,-0.0714285714285714,0.4140625,0.310546875,-0.3606388337358317,-0.2421875,0,0,-0.4140625,0,0,6.3264970357630785,0.22488737789075902,2.924254113238177,0.8436748299668231,0.409394499001005,6.0,0.2857142857142857,10.0,6.75,0.2201006612435184,6.375,0.21770867228010085,0.375,0.002391988963417537,-2.0,-0.2,0.2,21.0,10.0,10.0,0.6774193548387096,1.3673605000000002,2.08976,7.156441,0.47619047619047616,1.0,0.0,0,0,0,20260826,20260826/ghp2
727aeab3-4e37-4074-aa8a-edb9ed62fd8f,10,6,22.833333333333332,0.16666666666666666,0.6666666666666666,0.16666666666666666,1.0,0.861111111111111,0.16386534670836247,5.666666666666667,-0.29444444444444445,0.2435083084748779,2.0,5480.0,134.9939705320205,0.01200233171127333,,,0.4166666666666667,0.4166666666666667,0.0,0.16666666666666666,0.5,1,gh,0,1,0,6.0,0.0,8.0,0.0,0.0,0.5714285714285714,0.0,0.42857142857142855,0.0,0.0,7.0,50.57142857142857,2.5714285714285716,4.285714285714286,47.0,56.0,56.0,45.0,48,56.0,64.0,40.0,-0.1607142857142857,0.08928571428571429,0.06696428571428571,-0.16126814759612218,-0.015625,0,0,0.05357142857142853,0,0,3.068360793934503,0.06691723923590598,2.9297963307347805,0.958428359653077,0.34506487948500353,9.0,0.2571428571428571,7.0,2.3333333333333335,0.0484716947006692,-0.4642857142857143,0.043317055525411464,0.25,0.005154639175257732,-5.0,-0.7142857142857143,0.7142857142857143,35.0,27.0,7.0,0.8333333333333334,1.8116729999999999,3.549732,2.6807024999999998,0.7714285714285715,0.8,0.19999999999999996,0,0,0,20260826,20260826/gh1
792b99cc-c375-4006-9b7f-6b7ceeb15ffe,10,6,26.5,0.3333333333333333,0.8333333333333334,0.5,0.8333333333333334,0.9166666666666666,0.07453559924999295,5.333333333333333,-0.3833333333333333,0.200554786086551,1.0,5480.0,897.0614666788447,0.07901713300892133,,,0.16666666666666666,0.3333333333333333,0.3333333333333333,0.16666666666666666,0.0,1,ng,0,0,0,1.0,2.0,0.0,3.0,4.0,0.0,0.2,0.1,0.4,0.3,5.0,41.1,-6.9,6.9,46.5,40.0,46.5,39.0,48,50.0,80.0,29.0,-0.06999999999999995,0.14375000000000002,0.1078125,-0.4721564826068363,-0.0234375,0,0,-0.14374999999999996,0,0,13.21892345666347,0.37370125558107925,2.0408574967738007,1.0,1.203962578394023,7.0,0.7,5.0,10.1,0.33306941311412397,9.2,0.2528864852111374,0.9,0.08018292790298662,-1.0,-0.2,0.2,10.0,5.0,5.0,0.6666666666666666,2.136043,5.102347,8.801604999999999,0.5,1.0,0.0,1,0,0,20260826,20260826/ng1
b0eca25a-c9c1-4b52-a273-a509e63a7229,10,6,22.5,0.16666666666666666,0.6666666666666666,0.6666666666666666,1.0,0.875,0.08740073734751261,5.5,-0.325,0.10151628221894039,1.0,5480.0,217.0661033878852,0.017472526358475255,,,0.05555555555555555,0.2222222222222222,0.5555555555555555,0.16666666666666666,0.16666666666666666,1,ghp,1,1,1,1.0,9.0,3.0,1.0,0.0,0.21428571428571427,0.6428571428571429,0.07142857142857142,0.0,0.07142857142857142,7.0,75.96428571428571,27.964285714285715,27.964285714285715,74.0,77.0,77.0,74.0,48,76.0,79.0,74.75,-0.02631578947368418,0.5825892857142857,0.4369419642857143,0.010084119066625874,0.40625,0,0,0.5825892857142856,0,0,1.8917690916924859,0.025136240707734295,2.050004494935641,1.0,0.1374484302721941,4.0,0.5,7.0,1.4628571428571442,0.019196634272411726,0.4971428571428597,0.006620532498345037,0.9657142857142844,0.012576101774066688,-1.0,-0.14285714285714285,0.14285714285714285,8.0,2.0,7.0,0.5333333333333333,10.231874,13.339793,10.756273499999999,0.25,0.8888888888888888,0.11111111111111116,0,0,0,20260826,20260826/ghp1
e2c2318e-0678-474d-bdf2-b31e6e134e04,10,6,23.833333333333332,0.3333333333333333,0.8333333333333334,0.8333333333333334,0.8333333333333334,0.861111111111111,0.1009216784699164,5.5,-0.3111111111111111,0.19962928605756183,1.6666666666666667,5480.0,285.9534178148604,0.026485300081103013,,,0.0,0.16666666666666666,0.3333333333333333,0.5,0.0,1,ng,0,0,0,0.0,1.0,0.0,6.0,5.0,0.0,0.08333333333333333,0.0,0.4166666666666667,0.5,6.0,75.75,27.75,27.75,74.0,76.0,77.5,74.0,48,77.25,68.75,48.0,-0.04207119741100329,0.578125,0.43359375,-0.43286408229627904,0.40625,0,0,0.578125,0,0,4.906377012716304,0.06685808110845531,2.8634315810594337,1.0,0.25531610107849845,4.0,0.6666666666666666,6.0,1.7,0.02252403010381142,1.5,0.025533147988970793,-0.2,-0.0030091178851593737,0.0,0.0,0.0,6.0,1.0,6.0,0.5,3.461357,2.391417,9.835958999999999,0.16666666666666666,0.8333333333333333,0.16666666666666674,0,0,0,20260826,20260826/ng2
468bae16-01fa-4b28-8367-2b7fc01e7aa7,11,6,25.166666666666668,0.16666666666666666,0.8333333333333334,0.6666666666666666,0.8333333333333334,0.9166666666666666,0.07453559924999298,5.333333333333333,-0.38333333333333336,0.11055415967851333,1.0,5480.0,382.3724444046668,0.03536942416869424,,,0.16666666666666666,0.25,0.5833333333333334,0.0,0.16666666666666666,1,ghp,1,1,1,1.0,3.0,3.0,0.0,1.0,0.375,0.375,0.125,0.125,0.0,4.0,25.04,-14.96,14.96,22.66,30.0,30.0,22.5,40,32.5,35.0,20.19,-0.3027692307692308,0.374,0.23375,-0.11541382327511407,-0.2709375,0,0,-0.374,0,0,1.2213967939963444,0.05275075331596844,2.3468023329793772,0.9817299396086786,0.23276994246455437,11.0,0.44,4.0,1.9333333333333347,0.08512262332791233,-2.965,-0.027253588663137308,2.5533333333333346,0.11237621199104965,-2.0,-0.5,0.5,25.0,20.0,4.0,0.8620689655172413,1.8967405,4.215304,11.607758,0.8,0.8666666666666666,0.13333333333333341,0,0,0,20260826,20260826/ghp2
727aeab3-4e37-4074-aa8a-edb9ed62fd8f,11,6,22.833333333333332,0.16666666666666666,0.6666666666666666,0.16666666666666666,1.0,0.861111111111111,0.16386534670836247,5.666666666666667,-0.29444444444444445,0.2435083084748779,2.0,5480.0,132.34852519012085,0.011845802919708031,,,0.4166666666666667,0.4166666666666667,0.0,0.16666666666666666,0.5,1,gh,0,1,0,8.0,0.0,11.0,1.0,0.0,0.55,0.0,0.4,0.0,0.05,10.0,42.038,2.0380000000000003,2.0380000000000003,40.0,48.75,48.75,40.0,40,47.0,56.0,31.0,-0.14893617021276595,0.05095000000000001,0.031843750000000004,-0.25489224962879,0.0,0,0,0.05094999999999992,0,0,6.5872019894586495,0.1738572286735077,7.455531010150419,0.8084755821515591,0.28451100831424286,7.0,0.21875,10.0,5.9577777777777765,0.13538383394654396,2.4249999999999985,0.09225076210215004,1.9444444444444444,0.04313307184439391,-8.0,-0.8,0.8,32.0,23.0,10.0,0.7619047619047619,0.625121,1.575804,0.690078,0.71875,0.8611111111111112,0.13888888888888884,0,0,0,20260826,20260826/gh1
792b99cc-c375-4006-9b7f-6b7ceeb15ffe,11,6,26.5,0.3333333333333333,0.8333333333333334,0.5,0.8333333333333334,0.9166666666666666,0.07453559924999295,5.333333333333333,-0.3833333333333333,0.200554786086551,1.0,5480.0,896.5566769591312,0.07878396188158962,,,0.16666666666666666,0.3333333333333333,0.3333333333333333,0.16666666666666666,0.0,1,ng,0,0,0,2.0,1.0,0.0,2.0,1.0,0.0,0.16666666666666666,0.3333333333333333,0.16666666666666666,0.3333333333333333,3.0,35.666666666666664,-4.333333333333333,4.333333333333333,29.0,39.0,39.0,29.0,40,46.5,50.0,35.0,-0.3763440860215054,0.10833333333333332,0.06770833333333333,0.18805223150293937,-0.171875,0,0,-0.10833333333333339,0,0,17.185723138550713,0.5364854293467067,2.1454468721803925,0.9430492068670496,1.092287818104784,5.0,0.625,3.0,9.166666666666666,0.2356264761038868,-3.5,-0.06168324664515629,12.666666666666666,0.2973097227490431,-3.0,-1.0,1.0,8.0,5.0,3.0,0.7272727272727273,4.398021,4.398021,14.0988975,0.625,1.0,0.0,1,0,0,20260826,20260826/ng1
b0eca25a-c9c1-4b52-a273-a509e63a7229,11,6,22.5,0.16666666666666666,0.6666666666666666,0.6666666666666666,1.0,0.875,0.08740073734751261,5.5,-0.325,0.10151628221894039,1.0,5480.0,217.5762866674584,0.017580697485806984,,,0.05555555555555555,0.2222222222222222,0.5555555555555555,0.16666666666666666,0.16666666666666666,1,ghp,1,1,1,3.0,6.0,2.0,1.0,0.0,0.16666666666666666,0.5,0.25,0.0,0.08333333333333333,6.0,74.62333333333333,34.623333333333335,34.623333333333335,74.75,75.99,75.99,73.0,40,74.0,76.0,73.0,0.010135135135135087,0.8655833333333334,0.5409895833333334,-0.023689771122405112,0.54296875,0,0,0.8655833333333334,0,0,1.6293301440782366,0.0219418511166927,2.006523010619416,1.0,0.12375951838683787,7.0,0.7,6.0,1.574000000000001,0.021026422499971706,0.7249999999999991,0.008415420974486327,0.95,0.01261100152548538,-2.0,-0.3333333333333333,0.3333333333333333,10.0,7.0,6.0,0.625,3.334554,3.334554,3.729602,0.7,0.5555555555555556,0.4444444444444444,0,0,0,20260826,20260826/ghp1
e2c2318e-0678-474d-bdf2-b31e6e134e04,11,6,23.833333333333332,0.3333333333333333,0.8333333333333334,0.8333333333333334,0.8333333333333334,0.861111111111111,0.1009216784699164,5.5,-0.3111111111111111,0.19962928605756183,1.6666666666666667,5480.0,295.90871085522326,0.027232765612327663,,,0.0,0.16666666666666666,0.3333333333333333,0.5,0.0,1,ng,0,0,0,0.0,3.0,0.0,0.0,1.0,0.0,0.75,0.0,0.25,0.0,2.0,56.0,16.0,16.0,48.0,64.0,64.0,48.0,40,74.0,77.25,55.0,-0.3513513513513513,0.4,0.25,0.13613217432458002,0.125,0,0,0.4,0,0,16.447983882455713,0.3215961447474205,2.0196091390279594,0.9127465486634943,0.3676903966595583,6.0,0.6666666666666666,2.0,8.25,0.14671814671814673,-5.0,-0.07142857142857142,13.25,0.21814671814671815,-2.0,-1.0,1.0,9.0,3.0,2.0,0.8181818181818182,10.0697025,17.713223,,0.3333333333333333,1.0,0.0,0,0,0,20260826,20260826/ng2
468bae16-01fa-4b28-8367-2b7fc01e7aa7,12,6,25.166666666666668,0.16666666666666666,0.8333333333333334,0.6666666666666666,0.8333333333333334,0.9166666666666666,0.07453559924999298,5.333333333333333,-0.38333333333333336,0.11055415967851333,1.0,5480.0,408.2395979323911,0.03713067721005678,16.5,4.08656334834051,0.16666666666666666,0.25,0.5833333333333334,0.0,0.16666666666666666,1,ghp,1,1,1,6.0,6.0,2.0,0.0,2.0,0.125,0.375,0.375,0.125,0.0,8.0,21.535,-10.465,10.465,20.19,23.5,23.5,20.19,32,22.66,32.5,15.0,-0.10900264783759928,0.32703125,0.163515625,-0.297137231222536,-0.18453124999999998,0,0,-0.32703125,0,0,0.3905856481024272,0.02058750054582209,3.2729699635301635,0.9569285925196631,0.3025085379521982,12.0,0.46153846153846156,8.0,0.37714285714285517,0.018222418235542343,-0.5462500000000015,-0.002072767287902862,0.4485714285714287,0.020295185523445208,2.0,0.25,0.25,26.0,17.0,8.0,0.7647058823529411,1.223595,3.1903420000000002,1.9688310000000002,0.6538461538461539,1.0,0.0,0,0,0,20260826,20260826/ghp2
727aeab3-4e37-4074-aa8a-edb9ed62fd8f,12,6,22.833333333333332,0.16666666666666666,0.6666666666666666,0.16666666666666666,1.0,0.861111111111111,0.16386534670836247,5.666666666666667,-0.29444444444444445,0.2435083084748779,2.0,5480.0,125.7022438940531,0.01120711678832117,24.0,5.076087732365022,0.4166666666666667,0.4166666666666667,0.0,0.16666666666666666,0.5,1,gh,0,1,0,11.0,0.0,12.0,1.0,0.0,0.5,0.0,0.4583333333333333,0.0,0.041666666666666664,12.0,32.041666666666664,0.041666666666666664,1.875,31.0,40.0,40.0,30.0,32,40.0,47.0,21.5,-0.22499999999999998,0.05859375,0.029296875,-0.3659342693515293,-0.015625,0,0,0.0013020833333332593,0,0,12.07514116359129,0.4448316751725693,9.544487932110137,0.9968704306530265,0.7153392795965159,10.0,0.29411764705882354,12.0,7.045454545454546,0.2023574166125841,4.0,0.1662380174140687,1.1363636363636365,0.036119399198515374,-8.0,-0.6666666666666666,0.6666666666666666,34.0,23.0,12.0,0.7391304347826086,0.757148,0.8905325,0.8315985,0.6764705882352942,0.8333333333333334,0.16666666666666663,0,0,0,20260826,20260826/gh1
792b99cc-c375-4006-9b7f-6b7ceeb15ffe,12,6,26.5,0.3333333333333333,0.8333333333333334,0.5,0.8333333333333334,0.9166666666666666,0.07453559924999295,5.333333333333333,-0.3833333333333333,0.200554786086551,1.0,5480.0,899.1062089653257,0.07906782238442822,30.0,7.111024305025729,0.16666666666666666,0.3333333333333333,0.3333333333333333,0.16666666666666666,0.0,1,ng,0,0,0,3.0,1.0,0.0,1.0,3.0,0.0,0.125,0.375,0.375,0.125,4.0,33.5,1.5,3.5,35.0,30.0,39.0,30.0,32,29.0,46.5,20.0,0.2068965517241379,0.109375,0.0546875,-0.5596157879354227,0.046875,0,0,0.046875,0,0,18.306236264228207,0.6354263652528955,2.390010496959544,1.0,1.1177100715842216,6.0,1.0,4.0,8.5,0.2229316488706992,-2.5,-0.035601157500519655,9.833333333333334,0.25853280637121884,-4.0,-1.0,1.0,6.0,2.0,4.0,0.6,9.001775,9.9019645,49.054562,0.3333333333333333,1.0,0.0,1,0,0,20260826,20260826/ng1
b0eca25a-c9c1-4b52-a273-a509e63a7229,12,6,22.5,0.16666666666666666,0.6666666666666666,0.6666666666666666,1.0,0.875,0.08740073734751261,5.5,-0.325,0.10151628221894039,1.0,5480.0,237.0628206193456,0.018942112733171125,70.0,18.573278296161575,0.05555555555555555,0.2222222222222222,0.5555555555555555,0.16666666666666666,0.16666666666666666,1,ghp,1,1,1,0.0,2.0,1.0,1.0,0.0,0.25,0.5,0.0,0.0,0.25,2.0,73.455,41.455,41.455,73.0,73.91,73.91,73.0,32,74.75,74.0,69.0,-0.02341137123745818,1.29546875,0.647734375,-0.05635293655113127,0.640625,0,0,1.29546875,0,0,0.9336449167840473,0.013108680441641924,2.518090837093171,1.0,0.09585687466321949,5.0,0.625,2.0,0.9799999999999898,0.013244475463493223,-0.28000000000000114,-0.0037258157497757865,1.259999999999991,0.01697029121326901,-2.0,-1.0,1.0,8.0,5.0,2.0,0.8,4.4897315,7.544129,8.6151345,0.625,1.0,0.0,0,0,0,20260826,20260826/ghp1
e2c2318e-0678-474d-bdf2-b31e6e134e04,12,6,23.833333333333332,0.3333333333333333,0.8333333333333334,0.8333333333333334,0.8333333333333334,0.861111111111111,0.1009216784699164,5.5,-0.3111111111111111,0.19962928605756183,1.6666666666666667,5480.0,296.2767239592071,0.02749685725871858,34.5,14.207978978963427,0.0,0.16666666666666666,0.3333333333333333,0.5,0.0,1,ng,0,0,0,0.0,2.0,0.0,2.0,2.0,0.0,0.3333333333333333,0.0,0.3333333333333333,0.3333333333333333,3.0,48.333333333333336,16.333333333333332,16.333333333333332,55.0,40.0,55.0,40.0,32,48.0,74.0,20.5,0.14583333333333326,0.5104166666666666,0.2552083333333333,-0.9869082990881086,0.359375,0,0,0.5104166666666667,0,0,16.760051213060997,0.5516390637931543,2.9097671672231975,0.5159157699418839,0.6597722000458917,6.0,0.6,3.0,7.5,0.13438735177865613,-30.0,-0.5316205533596838,37.5,0.6660079051383399,-3.0,-1.0,1.0,10.0,5.0,3.0,0.7692307692307693,1.1792150000000001,11.12836,3.756452,0.5,1.0,0.0,0,0,0,20260826,20260826/ng2
468bae16-01fa-4b28-8367-2b7fc01e7aa7,13,6,25.166666666666668,0.16666666666666666,0.8333333333333334,0.6666666666666666,0.8333333333333334,0.9166666666666666,0.07453559924999298,5.333333333333333,-0.38333333333333336,0.11055415967851333,1.0,5480.0,468.62402981494677,0.04258992295214924,,,0.16666666666666666,0.25,0.5833333333333334,0.0,0.16666666666666666,1,ghp,1,1,1,10.0,9.0,18.0,0.0,3.0,0.45,0.225,0.25,0.075,0.0,20.0,15.325,-8.675,8.675,15.0,20.0,20.0,15.0,24,20.19,22.66,5.0,-0.25705794947994065,0.3614583333333334,0.135546875,-1.0986122886681098,-0.140625,0,0,-0.3614583333333334,0,0,3.254205581364672,0.25353807863460126,4.016519831937452,0.7292530417211672,0.8530986833400666,11.0,0.2894736842105263,20.0,0.2847368421052628,0.018370201404745386,-1.8525000000000005,-0.10393596350571738,1.8663157894736846,0.12230616491046276,-20.0,-1.0,1.0,38.0,20.0,20.0,0.6551724137931034,1.237039,1.641561,0.721806,0.5263157894736842,1.0,0.0,0,0,0,20260826,20260826/ghp2
727aeab3-4e37-4074-aa8a-edb9ed62fd8f,13,6,22.833333333333332,0.16666666666666666,0.6666666666666666,0.16666666666666666,1.0,0.861111111111111,0.16386534670836247,5.666666666666667,-0.29444444444444445,0.2435083084748779,2.0,5480.0,125.63125455076862,0.011156427412814278,,,0.4166666666666667,0.4166666666666667,0.0,0.16666666666666666,0.5,1,gh,0,1,0,4.0,0.0,9.0,1.0,0.0,0.6428571428571429,0.0,0.2857142857142857,0.0,0.07142857142857142,7.0,22.357142857142858,-1.6428571428571428,2.2142857142857144,21.5,24.0,26.0,20.0,24,31.0,40.0,10.0,-0.30645161290322576,0.09226190476190477,0.03459821428571429,-0.7654678421395711,-0.0390625,0,0,-0.06845238095238093,0,0,10.137967488926769,0.4540932551797568,14.954627778921118,1.0,0.793942163982989,8.0,0.3076923076923077,7.0,3.5833333333333335,0.159489040243075,-0.8571428571428571,-0.09003886552239766,5.75,0.24952790576547268,-5.0,-0.7142857142857143,0.7142857142857143,26.0,8.0,7.0,0.7878787878787878,1.164548,4.037834,9.772756,0.3076923076923077,0.8333333333333334,0.16666666666666663,0,0,0,20260826,20260826/gh1
792b99cc-c375-4006-9b7f-6b7ceeb15ffe,13,6,26.5,0.3333333333333333,0.8333333333333334,0.5,0.8333333333333334,0.9166666666666666,0.07453559924999295,5.333333333333333,-0.3833333333333333,0.200554786086551,1.0,5480.0,900.3125429538345,0.07931113138686131,,,0.16666666666666666,0.3333333333333333,0.3333333333333333,0.16666666666666666,0.0,1,ng,0,0,0,1.0,3.0,0.0,1.0,1.0,0.0,0.5,0.16666666666666666,0.16666666666666666,0.16666666666666666,3.0,26.333333333333332,2.3333333333333335,5.0,20.0,32.0,32.0,20.0,24,35.0,29.0,15.0,-0.4285714285714286,0.20833333333333334,0.078125,-0.2876820724517808,-0.0625,0,0,0.09722222222222217,0,0,13.476696871117705,0.6608576622481556,2.0814675898666883,0.16024509671974027,0.9318015538705304,4.0,0.4,3.0,4.0,0.19548872180451127,-8.666666666666666,-0.19047619047619047,11.0,0.38596491228070173,-1.0,-0.3333333333333333,0.3333333333333333,10.0,7.0,3.0,0.7692307692307693,1.4339605,12.223611,175.51648999999998,0.7,0.8,0.19999999999999996,1,0,0,20260826,20260826/ng1
b0eca25a-c9c1-4b52-a273-a509e63a7229,13,6,22.5,0.16666666666666666,0.6666666666666666,0.6666666666666666,1.0,0.875,0.08740073734751261,5.5,-0.325,0.10151628221894039,1.0,5480.0,297.5123335930798,0.027527879156528795,,,0.05555555555555555,0.2222222222222222,0.5555555555555555,0.16666666666666666,0.16666666666666666,1,ghp,1,1,1,1.0,10.0,2.0,7.0,0.0,0.1,0.5,0.05,0.0,0.35,10.0,67.764,43.763999999999996,43.763999999999996,69.0,72.0,72.0,65.99,24,73.0,74.75,60.0,-0.0547945205479452,1.8235,0.6838124999999999,-0.13976194237515926,0.703125,0,0,1.8235,1,1,2.5031190923530993,0.03746859804089558,2.407200305862948,1.0,0.07479436733023373,7.0,0.5384615384615384,10.0,2.163999999999999,0.03240039855588227,0.028000000000000115,0.0016569992228862094,2.1359999999999983,0.030743399332996062,8.0,0.8,0.8,13.0,1.0,10.0,0.5652173913043478,3.078786,4.55046,3.840795,0.07692307692307693,0.6666666666666666,0.33333333333333337,0,0,1,20260826,20260826/ghp1
e2c2318e-0678-474d-bdf2-b31e6e134e04,13,6,23.833333333333332,0.3333333333333333,0.8333333333333334,0.8333333333333334,0.8333333333333334,0.861111111111111,0.1009216784699164,5.5,-0.3111111111111111,0.19962928605756183,1.6666666666666667,5480.0,292.2579428518585,0.027086273317112743,,,0.0,0.16666666666666666,0.3333333333333333,0.5,0.0,1,ng,0,0,0,0.0,5.0,0.0,6.0,1.0,0.0,0.4166666666666667,0.0,0.08333333333333333,0.5,6.0,21.25,-2.75,2.75,20.5,24.0,24.0,20.0,24,55.0,48.0,10.0,-0.6272727272727272,0.11458333333333333,0.04296875,-0.7178397931503167,-0.0546875,0,0,-0.11458333333333333,0,0,5.011771502756777,0.20846977401488995,2.421034571706994,0.1562576258630835,0.16470958672143537,2.0,0.06060606060606061,6.0,0.9166666666666666,0.041225379040505085,-0.16666666666666666,-0.005593348450491313,1.0833333333333333,0.046818727490996394,0.0,0.0,0.0,33.0,3.0,6.0,0.8461538461538461,2.030161,1.368863,,0.09090909090909091,1.0,0.0,0,0,0,20260826,20260826/ng2
468bae16-01fa-4b28-8367-2b7fc01e7aa7,14,6,25.166666666666668,0.16666666666666666,0.8333333333333334,0.6666666666666666,0.8333333333333334,0.9166666666666666,0.07453559924999298,5.333333333333333,-0.38333333333333336,0.11055415967851333,1.0,5480.0,463.56914621229964,0.04172820356853204,,,0.16666666666666666,0.25,0.5833333333333334,0.0,0.16666666666666666,1,ghp,1,1,1,0.0,6.0,0.0,0.0,2.0,0.0,0.75,0.0,0.25,0.0,4.0,7.5,-8.5,8.5,5.0,10.0,10.0,5.0,16,15.0,20.19,3.02,-0.6666666666666667,0.53125,0.1328125,-0.504181081047322,-0.171875,0,0,-0.53125,0,0,1.215219826642282,0.2786035128748241,3.5042879549234422,0.2901735132226952,0.48546901132409354,0.0,0.0,4.0,0.0,0.0,0.0,0.0,0.0,0.0,0.0,0.0,0.0,29.0,26.0,4.0,0.8787878787878788,1.9698015,9.268635,38.153273,0.896551724137931,1.0,0.0,0,0,0,20260826,20260826/ghp2
727aeab3-4e37-4074-aa8a-edb9ed62fd8f,14,6,22.833333333333332,0.16666666666666666,0.6666666666666666,0.16666666666666666,1.0,0.861111111111111,0.16386534670836247,5.666666666666667,-0.29444444444444445,0.2435083084748779,2.0,5480.0,124.46346901802161,0.011323499594485004,,,0.4166666666666667,0.4166666666666667,0.0,0.16666666666666666,0.5,1,gh,0,1,0,12.0,0.0,14.0,2.0,0.0,0.5,0.0,0.42857142857142855,0.0,0.07142857142857142,14.0,12.196428571428571,-3.8035714285714284,3.8035714285714284,10.0,16.0,16.0,10.0,16,21.5,31.0,8.0,-0.5348837209302326,0.23772321428571427,0.05943080357142857,-0.22314355131421015,-0.09375,0,0,-0.2377232142857143,0,0,7.011885416028803,0.532896083623275,7.506945660358569,1.0,0.7374556178136296,14.0,0.6666666666666666,14.0,4.839285714285714,0.35134329215810706,2.4642857142857144,0.18261368447279072,2.375,0.1687296076853164,-12.0,-0.8571428571428571,0.8571428571428571,21.0,7.0,14.0,0.6,1.0493649999999999,1.296903,1.0493649999999999,0.3333333333333333,1.0,0.0,0,0,0,20260826,20260826/gh1
792b99cc-c375-4006-9b7f-6b7ceeb15ffe,14,6,26.5,0.3333333333333333,0.8333333333333334,0.5,0.8333333333333334,0.9166666666666666,0.07453559924999295,5.333333333333333,-0.3833333333333333,0.200554786086551,1.0,5480.0,899.8190790375586,0.0792705798864558,,,0.16666666666666666,0.3333333333333333,0.3333333333333333,0.16666666666666666,0.0,1,ng,0,0,0,0.0,1.0,0.0,0.0,1.0,0.0,0.5,0.0,0.5,0.0,1.0,15.0,-1.0,1.0,15.0,15.0,15.0,15.0,16,20.0,35.0,8.32,-0.25,0.0625,0.015625,-0.5893879462690927,-0.015625,0,0,-0.0625,0,0,0.8409700208437608,0.06369476712258076,2.0,0.245976078951705,0.7102384397445943,0.0,0.0,1.0,4.75,0.2733812949640288,4.75,0.2733812949640288,0.0,0.0,-1.0,-1.0,1.0,15.0,7.0,1.0,0.9375,,,52.492332,0.4666666666666667,1.0,0.0,1,0,0,20260826,20260826/ng1
b0eca25a-c9c1-4b52-a273-a509e63a7229,14,6,22.5,0.16666666666666666,0.6666666666666666,0.6666666666666666,1.0,0.875,0.08740073734751261,5.5,-0.325,0.10151628221894039,1.0,5480.0,454.12572065453435,0.04196695052716953,,,0.05555555555555555,0.2222222222222222,0.5555555555555555,0.16666666666666666,0.16666666666666666,1,ghp,1,1,1,4.0,11.0,3.0,2.0,0.0,0.15,0.55,0.2,0.0,0.1,10.0,64.151,48.150999999999996,48.150999999999996,60.0,69.0,73.88,50.0,16,69.0,73.0,60.5,-0.13043478260869568,3.0094374999999998,0.7523593749999999,0.008298802814695527,0.6875,0,0,3.0094374999999998,1,0,2.147795307026145,0.03267400871893241,2.0,0.2615078093876541,0.08855101917526471,4.0,0.25,10.0,-3.3177777777777777,-0.05245201001087917,-0.8480000000000004,-0.028024484801902214,-1.7088888888888885,-0.024427525208976966,4.0,0.4,0.4,16.0,8.0,10.0,0.6153846153846154,2.379273,6.585433,26.848012,0.5,1.0,0.0,0,0,2,20260826,20260826/ghp1
e2c2318e-0678-474d-bdf2-b31e6e134e04,14,6,23.833333333333332,0.3333333333333333,0.8333333333333334,0.8333333333333334,0.8333333333333334,0.861111111111111,0.1009216784699164,5.5,-0.3111111111111111,0.19962928605756183,1.6666666666666667,5480.0,288.8294741884911,0.02676642335766424,,,0.0,0.16666666666666666,0.3333333333333333,0.5,0.0,1,ng,0,0,0,0.0,2.0,0.0,2.0,0.0,0.0,0.5,0.0,0.0,0.5,2.0,10.0,-6.0,6.0,10.0,10.0,10.0,10.0,16,20.5,55.0,9.5,-0.5121951219512195,0.375,0.09375,-0.05129329438755059,-0.09375,0,0,-0.375,0,0,,,,0.0,,0.0,0.0,2.0,,,,,,,2.0,1.0,1.0,9.0,7.0,2.0,0.8181818181818182,3.249892,3.249892,,0.7777777777777778,1.0,0.0,0,0,0,20260826,20260826/ng2
468bae16-01fa-4b28-8367-2b7fc01e7aa7,15,6,25.166666666666668,0.16666666666666666,0.8333333333333334,0.6666666666666666,0.8333333333333334,0.9166666666666666,0.07453559924999298,5.333333333333333,-0.38333333333333336,0.11055415967851333,1.0,5420.0,458.44942743993005,0.04174753997539975,,,0.16666666666666666,0.25,0.5833333333333334,0.0,0.16666666666666666,1,ghp,1,1,1,16.0,37.0,21.0,0.0,2.0,0.27631578947368424,0.4868421052631579,0.21052631578947367,0.02631578947368421,0.0,38.0,3.054210526315789,-4.9457894736842105,4.9457894736842105,3.02,4.0,4.0,3.01,8,5.0,15.0,,-0.396,0.6182236842105263,0.07727796052631579,,-0.0778125,0,0,-0.6182236842105264,0,0,0.43789031279014895,0.08676172999806701,7.736622471975357,0.9182750094818456,0.9835795431787128,21.0,0.22580645161290322,38.0,0.04052631578947354,0.011999854456807091,5.18342105263158,1.723305243207885,-5.1428947368421065,-1.7113053887510783,-8.0,-0.21052631578947367,0.21052631578947367,93.0,21.0,38.0,0.7099236641221374,0.3137185,0.3137185,0.21073350000000002,0.22580645161290322,0.9791666666666666,0.02083333333333337,0,0,0,20260826,20260826/ghp2
727aeab3-4e37-4074-aa8a-edb9ed62fd8f,15,6,22.833333333333332,0.16666666666666666,0.6666666666666666,0.16666666666666666,1.0,0.861111111111111,0.16386534670836247,5.666666666666667,-0.29444444444444445,0.2435083084748779,2.0,5420.0,145.7920409350251,0.013565805658056592,,,0.4166666666666667,0.4166666666666667,0.0,0.16666666666666666,0.5,1,gh,0,1,0,33.0,0.0,50.0,5.0,0.0,0.5681818181818182,0.0,0.375,0.0,0.056818181818181816,44.0,8.068863636363636,0.06886363636363635,0.06886363636363635,8.0,8.0,10.25,8.0,8,10.0,21.5,,-0.19999999999999996,0.008607954545454544,0.001075994318181818,,0.0,0,0,0.008607954545454488,0,0,3.5027092253396517,0.29190835134443005,23.011861948765507,0.8753102444380331,0.35197541956727596,10.0,0.11494252873563218,44.0,2.908837209302325,0.24272064282630665,1.5365909090909085,0.1285783071139006,1.534186046511628,0.11414233571240609,-36.0,-0.8181818181818182,0.8181818181818182,87.0,16.0,44.0,0.6641221374045801,0.379171,0.419763,0.290007,0.1839080459770115,1.0,0.0,0,0,0,20260826,20260826/gh1
792b99cc-c375-4006-9b7f-6b7ceeb15ffe,15,6,26.5,0.3333333333333333,0.8333333333333334,0.5,0.8333333333333334,0.9166666666666666,0.07453559924999295,5.333333333333333,-0.3833333333333333,0.200554786086551,1.0,5420.0,910.8990725431661,0.08226127511275112,,,0.16666666666666666,0.3333333333333333,0.3333333333333333,0.16666666666666666,0.0,1,ng,0,0,0,1.0,5.0,0.0,0.0,6.0,0.0,0.4166666666666667,0.08333333333333333,0.5,0.0,6.0,8.283333333333333,0.2833333333333335,0.2833333333333335,8.32,8.5,8.5,8.0,8,15.0,20.0,,-0.44533333333333336,0.03541666666666669,0.004427083333333336,,0.0050000000000000044,0,0,0.03541666666666665,0,0,1.1830112802432782,0.14738381028899736,2.907760149790852,0.8770090451714353,0.13681275553152808,8.0,0.3333333333333333,6.0,0.515,0.06388025718790377,-0.2233333333333324,-0.024397327251567135,0.7383333333333324,0.08827758443947091,-2.0,-0.3333333333333333,0.3333333333333333,24.0,3.0,6.0,0.8,1.527513,2.8231675000000003,1.351103,0.125,1.0,0.0,1,0,0,20260826,20260826/ng1
b0eca25a-c9c1-4b52-a273-a509e63a7229,15,6,22.5,0.16666666666666666,0.6666666666666666,0.6666666666666666,1.0,0.875,0.08740073734751261,5.5,-0.325,0.10151628221894039,1.0,5420.0,487.3203709676007,0.04175963509635097,,,0.05555555555555555,0.2222222222222222,0.5555555555555555,0.16666666666666666,0.16666666666666666,1,ghp,1,1,1,4.0,20.0,2.0,6.0,0.0,0.0625,0.625,0.125,0.0,0.1875,16.0,58.12375,50.12375,50.12375,60.5,59.0,60.5,55.0,8,60.0,69.0,,0.008333333333333304,6.26546875,0.78318359375,,0.8203125,0,0,6.26546875,1,0,2.38393546655866,0.04054581468287539,2.080414877232337,0.36721145633396696,0.051295345099125776,1.0,0.05555555555555555,16.0,0.8443749999999994,0.014756587733151742,1.4056250000000006,0.02412114107980918,-0.5612500000000011,-0.009364553346657435,4.0,0.25,0.25,18.0,0.0,16.0,0.5294117647058824,1.179992,3.287314,3.808039,0.0,0.8333333333333334,0.16666666666666663,0,0,3,20260826,20260826/ghp1
e2c2318e-0678-474d-bdf2-b31e6e134e04,15,6,23.833333333333332,0.3333333333333333,0.8333333333333334,0.8333333333333334,0.8333333333333334,0.861111111111111,0.1009216784699164,5.5,-0.3111111111111111,0.19962928605756183,1.6666666666666667,5420.0,297.4900858179982,0.028323493234932356,,,0.0,0.16666666666666666,0.3333333333333333,0.5,0.0,1,ng,0,0,0,0.0,4.0,0.0,6.0,0.0,0.0,0.4,0.0,0.0,0.6,5.0,9.2,1.2,1.2,9.5,10.0,10.0,8.0,8,10.0,20.5,,-0.050000000000000044,0.15,0.01875,,0.0234375,0,0,0.1499999999999999,0,0,,,,0.0,,0.0,0.0,5.0,,,,,,,5.0,1.0,1.0,11.0,3.0,5.0,0.6875,4.488154,4.488154,,0.2727272727272727,0.875,0.125,0,0,0,20260826,20260826/ng2
04d50e49-bd58-4a7b-bf5a-9059d667defe,1,6,23.833333333333332,0.3333333333333333,0.8333333333333334,0.8333333333333334,0.8333333333333334,0.861111111111111,0.1009216784699164,5.5,-0.3111111111111111,0.19962928605756183,1.6666666666666667,4940.0,29.913156971473036,0.0030913180386864404,,,0.5555555555555555,0.05555555555555555,0.38888888888888884,0.0,0.0,2,ng,0,0,0,18.0,6.0,0.0,0.0,0.0,0.0,0.25,0.75,0.0,0.0,12.0,121.91833333333334,1.918333333333332,1.918333333333332,124.82,120.0,125.0,120.0,120,,,125.07,,0.0159861111111111,0.02997395833333331,0.0020008810549185796,0.0753124999999999,0,0,0.01598611111111114,0,0,1.1072297072780628,0.008925231405784152,2.072230092705219,0.7632782138592968,0.018778536837238468,8.0,0.3333333333333333,12.0,0.43400000000000316,0.003484013003312767,4.96,0.004916189146617902,-0.17799999999999727,-0.001432176143305135,-8.0,-0.6666666666666666,0.6666666666666666,24.0,5.0,12.0,0.6666666666666666,0.721366,1.3841075,1.0552725,0.20833333333333334,0.8888888888888888,0.11111111111111116,0,0,0,20260826,20260826/ng2
55ae4144-efe9-4ac1-adff-7ef37ab172bb,1,6,25.166666666666668,0.16666666666666666,0.8333333333333334,0.6666666666666666,0.8333333333333334,0.9166666666666666,0.07453559924999295,5.333333333333333,-0.38333333333333336,0.11055415967851333,1.0,4940.0,130.87398519186314,0.013247863247863248,,,0.16666666666666666,0.3333333333333333,0.5,0.0,0.16666666666666666,2,ghp,1,1,1,2.0,9.0,7.0,0.0,0.0,0.3888888888888889,0.5,0.1111111111111111,0.0,0.0,9.0,144.44444444444446,24.444444444444443,24.444444444444443,150.0,160.0,200.0,120.0,120,,,118.75,,0.2037037037037037,0.3819444444444444,-0.23361485118150505,0.46875,0,0,0.2037037037037038,0,0,13.236065577848237,0.09463651866141634,2.272363054050778,0.8902967608907334,0.37982625733005937,10.0,0.29411764705882354,9.0,48.333333333333336,0.31427609427609426,19.72222222222222,0.15237233445566778,28.61111111111111,0.1619037598204265,-3.0,-0.3333333333333333,0.3333333333333333,34.0,23.0,9.0,0.7906976744186046,4.427494,4.464189,6.3732050000000005,0.6764705882352942,0.6285714285714286,0.37142857142857144,0,0,0,20260826,20260826/ghp2
726a00be-8059-48c7-903b-975c7adfccb7,1,6,22.5,0.16666666666666666,0.6666666666666666,0.6666666666666666,1.0,0.875,0.08740073734751258,5.5,-0.325,0.10151628221894039,1.0,4940.0,31.660780786329447,0.003195906432748542,,,0.08333333333333333,0.08333333333333333,0.5,0.3333333333333333,0.16666666666666666,2,ghp,1,1,1,0.0,6.0,2.0,6.0,0.0,0.14285714285714285,0.42857142857142855,0.0,0.0,0.42857142857142855,7.0,120.22,0.21999999999999886,0.7942857142857146,119.5,121.0,121.5,118.5,120,,,110.0,,0.006619047619047622,0.01241071428571429,-0.08283600557914905,-0.0078125,0,0,0.0018333333333333238,0,0,8.44037707114965,0.1086049411059314,2.242331117807174,0.37271727689434836,0.5380242473088441,6.0,0.2857142857142857,7.0,2.5128571428571433,0.020485456427834187,1.691428571428568,0.0141865430003804,0.8214285714285755,0.006298913427453788,3.0,0.42857142857142855,0.42857142857142855,21.0,12.0,7.0,0.75,0.870273,4.2885100000000005,2.9212935,0.5714285714285714,0.8666666666666666,0.13333333333333341,0,0,0,20260826,20260826/ghp1
80f251dc-c278-4363-81ce-f661c1e5cc3d,1,6,22.833333333333332,0.16666666666666666,0.6666666666666666,0.16666666666666666,1.0,0.861111111111111,0.16386534670836247,5.666666666666667,-0.29444444444444445,0.2435083084748779,2.0,4940.0,18.481750999296555,0.0017094017094017094,,,0.0,0.25,0.5833333333333334,0.16666666666666666,0.5,2,gh,0,1,0,0.0,6.0,8.0,2.0,0.0,0.5,0.375,0.0,0.0,0.125,8.0,120.97125,0.9712500000000013,0.9712500000000013,121.51,120.0,122.0,120.0,120,,,116.0,,0.00809375000000001,0.01517578125000002,-0.046406372814155716,0.02359375000000008,0,0,0.008093749999999981,0,0,1.0905194192187042,0.009006451196422438,3.7615446028008153,0.2866980509035086,0.009984456786570296,3.0,0.09090909090909091,8.0,0.8733333333333301,0.007217033568415323,0.13999999999999854,0.0013079222711678774,0.7116666666666637,0.005909111297247444,0.0,0.0,0.0,33.0,23.0,8.0,0.8048780487804879,2.3322269999999996,4.8062815,1.0992425,0.696969696969697,1.0,0.0,0,0,0,20260826,20260826/gh1
d21a648c-851e-4cfb-8dc1-9849fa4daf59,1,6,26.5,0.3333333333333333,0.8333333333333334,0.5,0.8333333333333334,0.9166666666666666,0.07453559924999298,5.333333333333333,-0.3833333333333333,0.20055478608655097,1.0,4940.0,199.09897036398758,0.020287899235267658,,,0.0,0.0,0.5,0.5,0.0,2,ng,0,0,0,0.0,5.0,0.0,3.0,0.0,0.0,0.625,0.0,0.0,0.375,4.0,22.25,-97.75,97.75,40.0,16.0,40.0,16.0,120,,,88.0,,0.8145833333333333,1.52734375,0.7884573603642706,-1.25,0,0,-0.8145833333333333,0,0,4.876517950211177,0.06350252078534593,2.033420967815627,0.3402307187749264,1.492795188472227,2.0,0.2,4.0,6.75,0.2652624504810413,-12.5,-0.9640722269383135,19.25,1.229334677419355,4.0,1.0,1.0,10.0,6.0,4.0,0.7142857142857143,1.7189640000000002,2.2126395,111.9884795,0.6,1.0,0.0,0,0,0,20260826,20260826/ng1
04d50e49-bd58-4a7b-bf5a-9059d667defe,2,6,23.833333333333332,0.3333333333333333,0.8333333333333334,0.8333333333333334,0.8333333333333334,0.861111111111111,0.1009216784699164,5.5,-0.3111111111111111,0.19962928605756183,1.6666666666666667,5120.0,39.32842585204759,0.003941623263888882,,,0.5555555555555555,0.05555555555555555,0.38888888888888884,0.0,0.0,2,ng,0,0,0,10.0,10.0,0.0,0.0,0.0,0.0,0.5,0.5,0.0,0.0,10.0,124.55999999999999,12.559999999999997,12.559999999999997,125.07,124.63,125.07,124.25,112,124.82,,124.1,0.0020028841531805064,0.11214285714285711,0.19624999999999995,-0.0077858883502539555,0.2042187499999999,0,0,0.11214285714285703,0,0,2.6057460345954238,0.020613978034082426,2.109013051573161,0.6137211166742872,0.021279999699192205,0.0,0.0,10.0,0.6783333333333322,0.005386115016755277,-0.12699999999999817,0.002280413430816281,0.38666666666666555,0.0031057015859389963,-8.0,-0.8,0.8,13.0,1.0,10.0,0.5652173913043478,1.680979,6.208531,25.5588655,0.07692307692307693,1.0,0.0,0,0,0,20260826,20260826/ng2
55ae4144-efe9-4ac1-adff-7ef37ab172bb,2,6,25.166666666666668,0.16666666666666666,0.8333333333333334,0.6666666666666666,0.8333333333333334,0.9166666666666666,0.07453559924999295,5.333333333333333,-0.38333333333333336,0.11055415967851333,1.0,5120.0,72.25842345360152,0.007189887152777776,,,0.16666666666666666,0.3333333333333333,0.5,0.0,0.16666666666666666,2,ghp,1,1,1,3.0,4.0,3.0,0.0,0.0,0.3,0.4,0.3,0.0,0.0,5.0,128.676,16.676,16.676,118.75,145.63,145.63,116.5,112,150.0,,110.25,-0.20833333333333337,0.14889285714285713,0.2605625,-0.07426992858779524,0.10546875,0,0,0.14889285714285702,0,0,10.844602509134187,0.09023876894539125,2.561527086297967,1.0,0.1259648910725047,7.0,0.3333333333333333,5.0,8.974,0.06636631783203309,-17.375999999999998,-0.12308030601042741,26.35,0.18944662384246053,-1.0,-0.2,0.2,21.0,16.0,5.0,0.8076923076923077,3.0439175,7.849292999999999,10.1814225,0.7619047619047619,0.7083333333333333,0.29166666666666674,0,0,0,20260826,20260826/ghp2
726a00be-8059-48c7-903b-975c7adfccb7,2,6,22.5,0.16666666666666666,0.6666666666666666,0.6666666666666666,1.0,0.875,0.08740073734751258,5.5,-0.325,0.10151628221894039,1.0,5120.0,66.2310579713173,0.00636762152777778,,,0.08333333333333333,0.08333333333333333,0.5,0.3333333333333333,0.16666666666666666,2,ghp,1,1,1,0.0,4.0,3.0,5.0,0.0,0.25,0.3333333333333333,0.0,0.0,0.4166666666666667,6.0,113.83333333333333,1.8333333333333333,3.1666666666666665,110.0,118.0,118.0,110.0,112,119.5,,106.0,-0.07949790794979084,0.028273809523809524,0.049479166666666664,-0.03704127168034965,-0.03125,0,0,0.016369047619047578,0,0,4.869656568419754,0.04493423583680134,2.0,0.8437143407346952,0.0856472152251864,2.0,0.125,6.0,7.798000000000002,0.07151513916274813,-1.6666666666666667,0.022663101675508935,5.598000000000002,0.048852037487239194,-2.0,-0.3333333333333333,0.3333333333333333,16.0,9.0,6.0,0.7272727272727273,3.024432,3.715496,10.138138,0.5625,0.8333333333333334,0.16666666666666663,0,0,0,20260826,20260826/ghp1
80f251dc-c278-4363-81ce-f661c1e5cc3d,2,6,22.833333333333332,0.16666666666666666,0.6666666666666666,0.16666666666666666,1.0,0.861111111111111,0.16386534670836247,5.666666666666667,-0.29444444444444445,0.2435083084748779,2.0,5120.0,38.11019706062915,0.003651041666666662,,,0.0,0.25,0.5833333333333334,0.16666666666666666,0.5,2,gh,0,1,0,0.0,5.0,8.0,3.0,0.0,0.5,0.3125,0.0,0.0,0.1875,8.0,119.375,7.375,7.375,116.0,121.0,121.0,116.0,112,121.51,,106.0,-0.04534606205250602,0.06584821428571429,0.115234375,-0.09015109699429757,0.0625,0,0,0.06584821428571429,0,0,11.174488719916914,0.09865668166576427,3.005310389650693,0.880197211058609,0.05937408132850784,7.0,0.3888888888888889,8.0,2.142857142857143,0.018592360818899176,4.3125,0.04259976340592819,-2.9285714285714284,-0.024007402587029016,2.0,0.25,0.25,18.0,11.0,8.0,0.6923076923076923,3.475149,6.0428755,5.9284545,0.6111111111111112,0.8888888888888888,0.11111111111111116,0,0,0,20260826,20260826/gh1
d21a648c-851e-4cfb-8dc1-9849fa4daf59,2,6,26.5,0.3333333333333333,0.8333333333333334,0.5,0.8333333333333334,0.9166666666666666,0.07453559924999298,5.333333333333333,-0.3833333333333333,0.20055478608655097,1.0,5120.0,295.59296338038905,0.02915581597222222,,,0.0,0.0,0.5,0.5,0.0,2,ng,0,0,0,0.0,7.0,0.0,3.0,0.0,0.0,0.7,0.0,0.0,0.3,5.0,61.4,-50.6,50.6,88.0,60.0,88.0,45.0,112,40.0,,90.0,1.2000000000000002,0.4517857142857143,0.790625,0.02247285585205816,-0.375,0,0,-0.4517857142857143,0,0,14.466966855645277,0.17815369453176713,2.0,0.9615692285990267,1.0047889281614415,6.0,0.5,5.0,23.3,0.4546804682315434,-4.7,-0.12597043108225525,28.0,0.5806508993137987,1.0,0.2,0.2,12.0,6.0,5.0,0.7058823529411765,3.181418,6.969712,17.247793,0.5,1.0,0.0,0,0,0,20260826,20260826/ng1
04d50e49-bd58-4a7b-bf5a-9059d667defe,3,6,23.833333333333332,0.3333333333333333,0.8333333333333334,0.8333333333333334,0.8333333333333334,0.861111111111111,0.1009216784699164,5.5,-0.3111111111111111,0.19962928605756183,1.6666666666666667,5000.0,133.29374508955786,0.01343988888888889,112.5,60.07217880738692,0.5555555555555555,0.05555555555555555,0.38888888888888884,0.0,0.0,2,ng,0,0,0,9.0,5.0,0.0,0.0,0.0,0.0,0.35714285714285715,0.6428571428571429,0.0,0.0,7.0,124.63285714285713,20.63285714285714,20.63285714285714,124.1,125.0,125.0,124.07,104,125.07,124.82,122.0,-0.0077556568321739405,0.19839285714285712,0.3223883928571428,-0.017066647477304464,0.3140624999999999,0,0,0.19839285714285707,0,0,1.6487646340655615,0.013156333129274615,2.2296094534210065,1.0,0.009503638692403107,6.0,0.8571428571428571,7.0,2.152857142857146,0.017121719771069868,1.384285714285714,0.011023641242614747,0.768571428571432,0.006098078528455122,-7.0,-1.0,1.0,7.0,3.0,7.0,0.5,2.086181,7.668772,1.810792,0.42857142857142855,1.0,0.0,0,0,0,20260826,20260826/ng2
55ae4144-efe9-4ac1-adff-7ef37ab172bb,3,6,25.166666666666668,0.16666666666666666,0.8333333333333334,0.6666666666666666,0.8333333333333334,0.9166666666666666,0.07453559924999295,5.333333333333333,-0.38333333333333336,0.11055415967851333,1.0,5000.0,129.64023202694474,0.013098666666666668,99.0,41.86844476054331,0.16666666666666666,0.3333333333333333,0.5,0.0,0.16666666666666666,2,ghp,1,1,1,2.0,2.0,4.0,0.0,0.0,0.5,0.25,0.25,0.0,0.0,4.0,114.375,10.375,10.375,110.25,120.75,120.75,110.0,104,118.75,150.0,97.0,-0.07157894736842108,0.09975961538461539,0.162109375,-0.12803953582357241,0.09765625,0,0,0.09975961538461539,0,0,5.265773645400376,0.048073908178505625,2.3198023647541133,1.0,0.08741522882366348,11.0,0.55,4.0,3.6424999999999983,0.031646289399773764,-7.572499999999998,-0.06341772779055585,11.214999999999996,0.0950640171903296,-2.0,-0.5,0.5,20.0,16.0,4.0,0.8333333333333334,1.40687,19.880309,6.913768,0.8,0.625,0.375,0,0,0,20260826,20260826/ghp2
726a00be-8059-48c7-903b-975c7adfccb7,3,6,22.5,0.16666666666666666,0.6666666666666666,0.6666666666666666,1.0,0.875,0.08740073734751258,5.5,-0.325,0.10151628221894039,1.0,5000.0,50.219030655718356,0.005127444444444448,101.0,8.360621986431394,0.08333333333333333,0.08333333333333333,0.5,0.3333333333333333,0.16666666666666666,2,ghp,1,1,1,0.0,12.0,5.0,7.0,0.0,0.20833333333333334,0.5,0.0,0.0,0.2916666666666667,12.0,107.0,3.0,3.0,106.0,109.5,109.5,104.5,104,110.0,119.5,101.75,-0.036363636363636376,0.028846153846153848,0.046875,-0.04092026978936225,0.03125,0,0,0.028846153846153848,0,0,2.9357321537422214,0.027734811588334244,2.1900789192343533,1.0,0.04926482709632677,10.0,0.5555555555555556,12.0,3.2708333333333335,0.030136234872960497,1.0833333333333333,0.01011388190620806,2.1875,0.02002235296675244,-8.0,-0.6666666666666666,0.6666666666666666,18.0,8.0,12.0,0.6,0.426808,2.222222,2.416613,0.4444444444444444,1.0,0.0,0,0,0,20260826,20260826/ghp1
80f251dc-c278-4363-81ce-f661c1e5cc3d,3,6,22.833333333333332,0.16666666666666666,0.6666666666666666,0.16666666666666666,1.0,0.861111111111111,0.16386534670836247,5.666666666666667,-0.29444444444444445,0.2435083084748779,2.0,5000.0,59.62802294223767,0.00609744444444445,98.0,4.732863826479693,0.0,0.25,0.5833333333333334,0.16666666666666666,0.5,2,gh,0,1,0,0.0,2.0,12.0,4.0,0.0,0.6666666666666666,0.1111111111111111,0.0,0.0,0.2222222222222222,9.0,109.05555555555556,5.055555555555555,5.055555555555555,106.0,113.0,114.0,106.0,104,116.0,121.51,98.0,-0.08620689655172409,0.04861111111111111,0.07899305555555555,-0.07847161544149461,0.03125,0,0,0.048611111111111126,0,0,9.297600964453094,0.0836007814760556,3.5257491669444527,0.5822309213321372,0.14888842628206286,7.0,0.3333333333333333,9.0,5.5,0.049874759743711125,3.0555555555555554,0.03634063812422802,1.5714285714285714,0.013534121619483103,-5.0,-0.5555555555555556,0.5555555555555556,21.0,13.0,9.0,0.7,3.825847,4.787711,7.658445,0.6190476190476191,1.0,0.0,0,0,0,20260826,20260826/gh1
d21a648c-851e-4cfb-8dc1-9849fa4daf59,3,6,26.5,0.3333333333333333,0.8333333333333334,0.5,0.8333333333333334,0.9166666666666666,0.07453559924999298,5.333333333333333,-0.3833333333333333,0.20055478608655097,1.0,5000.0,304.8507831710458,0.030744444444444446,95.0,23.021728866442675,0.0,0.0,0.5,0.5,0.0,2,ng,0,0,0,0.0,3.0,0.0,3.0,0.0,0.0,0.5,0.0,0.0,0.5,3.0,85.0,-19.0,19.0,90.0,80.0,90.0,80.0,104,88.0,40.0,86.0,0.022727272727272707,0.18269230769230768,0.296875,-0.04546237407675768,-0.21875,0,0,-0.18269230769230768,0,0,5.826803053492212,0.0742528971418413,2.092196573897837,1.0,0.8668873400842677,11.0,0.8461538461538461,3.0,8.5,0.09296109296109296,12.5,0.10133650133650134,-0.75,-0.008375408375408375,-3.0,-1.0,1.0,13.0,10.0,3.0,0.8125,5.337508,5.337508,7.9793465,0.7692307692307693,1.0,0.0,0,0,0,20260826,20260826/ng1
04d50e49-bd58-4a7b-bf5a-9059d667defe,4,6,23.833333333333332,0.3333333333333333,0.8333333333333334,0.8333333333333334,0.8333333333333334,0.861111111111111,0.1009216784699164,5.5,-0.3111111111111111,0.19962928605756183,1.6666666666666667,4880.0,291.6974499717131,0.030333674863388,,,0.5555555555555555,0.05555555555555555,0.38888888888888884,0.0,0.0,2,ng,0,0,0,10.0,4.0,0.0,0.0,0.0,0.0,0.2857142857142857,0.7142857142857143,0.0,0.0,7.0,123.09571428571428,27.095714285714283,27.095714285714283,122.0,124.1,124.1,122.0,96,124.1,125.07,115.0,-0.01692183722804186,0.28224702380952377,0.4233705357142857,-0.05908891637000657,0.40625,0,0,0.28224702380952377,0,0,9.640633039002832,0.0906028888987269,2.0167006832468943,0.9713009935574188,0.22365036584213732,5.0,0.625,7.0,1.2383333333333344,0.009999104776607539,-2.298571428571425,-0.02077255466461739,3.8033333333333323,0.030771659441224935,-7.0,-1.0,1.0,8.0,6.0,7.0,0.5333333333333333,4.919752,15.623277,5.029819,0.75,0.8888888888888888,0.11111111111111116,0,0,0,20260826,20260826/ng2
55ae4144-efe9-4ac1-adff-7ef37ab172bb,4,6,25.166666666666668,0.16666666666666666,0.8333333333333334,0.6666666666666666,0.8333333333333334,0.9166666666666666,0.07453559924999295,5.333333333333333,-0.38333333333333336,0.11055415967851333,1.0,4880.0,188.32786368458605,0.01959995446265938,,,0.16666666666666666,0.3333333333333333,0.5,0.0,0.16666666666666666,2,ghp,1,1,1,5.0,4.0,7.0,0.0,0.0,0.4375,0.25,0.3125,0.0,0.0,8.0,100.41125,4.411249999999999,4.411249999999999,97.0,105.0,105.0,97.0,96,110.25,118.75,84.5,-0.1201814058956916,0.04595052083333332,0.06892578124999998,-0.13795944414025474,0.015625,0,0,0.045950520833333286,0,0,3.315669755286692,0.034326149056222506,3.169314918255142,0.9854717424487052,0.08154754636192665,12.0,0.5217391304347826,8.0,3.3228571428571416,0.032653536975817694,0.9350000000000023,0.013866622689246674,1.9314285714285688,0.018786914286571022,0.0,0.0,0.0,23.0,15.0,8.0,0.7419354838709677,3.4128825000000003,3.464852,3.650935,0.6521739130434783,0.6952380952380952,0.3047619047619048,0,0,0,20260826,20260826/ghp2
726a00be-8059-48c7-903b-975c7adfccb7,4,6,22.5,0.16666666666666666,0.6666666666666666,0.6666666666666666,1.0,0.875,0.08740073734751258,5.5,-0.325,0.10151628221894039,1.0,4880.0,135.3972927351206,0.01404849726775956,,,0.08333333333333333,0.08333333333333333,0.5,0.3333333333333333,0.16666666666666666,2,ghp,1,1,1,0.0,8.0,0.0,8.0,0.0,0.0,0.5,0.0,0.0,0.5,8.0,104.22749999999999,8.2275,8.2275,101.75,104.0,106.75,101.75,96,106.0,110.0,101.99,-0.04009433962264153,0.08570312499999999,0.1285546875,0.002355944939721688,0.08984375,0,0,0.08570312499999992,0,0,1.33401021500639,0.012983304391714271,2.048441118524469,1.0,0.044887984289525035,12.0,0.631578947368421,8.0,2.686250000000001,0.02583144937129754,0.542500000000004,0.005301817174120524,2.143749999999997,0.020529632197177017,-4.0,-0.5,0.5,19.0,9.0,8.0,0.7037037037037037,3.1611605000000003,5.3016555,4.369235,0.47368421052631576,0.7333333333333333,0.2666666666666667,0,0,0,20260826,20260826/ghp1
80f251dc-c278-4363-81ce-f661c1e5cc3d,4,6,22.833333333333332,0.16666666666666666,0.6666666666666666,0.16666666666666666,1.0,0.861111111111111,0.16386534670836247,5.666666666666667,-0.29444444444444445,0.2435083084748779,2.0,4880.0,80.63285385002823,0.00832240437158471,,,0.0,0.25,0.5833333333333334,0.16666666666666666,0.5,2,gh,0,1,0,0.0,2.0,11.0,1.0,0.0,0.7857142857142857,0.14285714285714285,0.0,0.0,0.07142857142857142,7.0,98.42857142857143,2.4285714285714284,2.4285714285714284,98.0,100.0,100.0,98.0,96,106.0,116.0,90.0,-0.07547169811320753,0.025297619047619044,0.03794642857142857,-0.08515780834030728,0.03125,0,0,0.02529761904761907,0,0,10.26160674046631,0.09698589577200517,2.5897672589457863,0.7069508408533778,0.07894859576888885,6.0,0.3,7.0,6.857142857142857,0.06528820621493595,0.42857142857142855,0.004315803854950053,6.428571428571429,0.0609724023599859,-5.0,-0.7142857142857143,0.7142857142857143,20.0,12.0,7.0,0.7407407407407407,2.325085,4.788163,3.44918,0.6,0.7222222222222222,0.2777777777777778,0,0,0,20260826,20260826/gh1
d21a648c-851e-4cfb-8dc1-9849fa4daf59,4,6,26.5,0.3333333333333333,0.8333333333333334,0.5,0.8333333333333334,0.9166666666666666,0.07453559924999298,5.333333333333333,-0.3833333333333333,0.20055478608655097,1.0,4880.0,300.02583222116056,0.030862932604735882,,,0.0,0.0,0.5,0.5,0.0,2,ng,0,0,0,0.0,2.0,0.0,2.0,0.0,0.0,0.5,0.0,0.0,0.5,2.0,87.25,-8.75,8.75,86.0,88.5,88.5,86.0,96,90.0,88.0,86.0,-0.0444444444444444,0.09114583333333333,0.13671875,0.0,-0.15625,0,0,-0.09114583333333333,0,0,7.15025252743048,0.08167647158233114,2.0,1.0,0.07487000770111774,3.0,0.6,2.0,4.5,0.05037931767684748,-2.25,-0.024906804309532588,6.75,0.07528612198638007,-2.0,-1.0,1.0,5.0,4.0,2.0,0.7142857142857143,9.246656,9.246656,65.463135,0.8,1.0,0.0,0,0,0,20260826,20260826/ng1
04d50e49-bd58-4a7b-bf5a-9059d667defe,5,6,23.833333333333332,0.3333333333333333,0.8333333333333334,0.8333333333333334,0.8333333333333334,0.861111111111111,0.1009216784699164,5.5,-0.3111111111111111,0.19962928605756183,1.6666666666666667,4880.0,278.99057747529764,0.02879678961748636,,,0.5555555555555555,0.05555555555555555,0.38888888888888884,0.0,0.0,2,ng,0,0,0,2.0,2.0,0.0,0.0,0.0,0.0,0.5,0.5,0.0,0.0,2.0,115.0,27.0,27.0,115.0,115.0,115.0,115.0,88,122.0,124.1,90.0,-0.05737704918032782,0.3068181818181818,0.421875,-0.24512245803298516,0.421875,0,0,0.3068181818181818,0,0,6.618238169371952,0.06280783547792053,2.0,0.20021150372614724,1.8212492237705196,5.0,0.8333333333333334,2.0,6.0,0.05084745762711865,-6.75,-0.1652542372881356,25.5,0.21610169491525424,-2.0,-1.0,1.0,6.0,4.0,2.0,0.75,3.7509905,9.322993,33.866157,0.6666666666666666,1.0,0.0,0,0,0,20260826,20260826/ng2
55ae4144-efe9-4ac1-adff-7ef37ab172bb,5,6,25.166666666666668,0.16666666666666666,0.8333333333333334,0.6666666666666666,0.8333333333333334,0.9166666666666666,0.07453559924999295,5.333333333333333,-0.38333333333333336,0.11055415967851333,1.0,4880.0,183.88681366536318,0.0191445810564663,,,0.16666666666666666,0.3333333333333333,0.5,0.0,0.16666666666666666,2,ghp,1,1,1,5.0,9.0,8.0,0.0,0.0,0.36363636363636365,0.4090909090909091,0.22727272727272727,0.0,0.0,11.0,91.04545454545455,3.0454545454545454,3.8636363636363638,84.5,97.0,97.0,84.5,88,97.0,110.25,80.07,-0.12886597938144329,0.04390495867768595,0.060369318181818184,-0.053850282278586015,-0.0546875,0,0,0.03460743801652894,0,0,4.46270977943358,0.05070271330059579,2.888907449003666,0.5154519077286306,0.11021634596588249,9.0,0.3103448275862069,11.0,1.3569999999999993,0.01590523500315471,1.9872727272727284,0.020435155739320508,-0.6360000000000013,-0.004529920736165798,-3.0,-0.2727272727272727,0.2727272727272727,29.0,20.0,11.0,0.725,2.53028,3.9295685000000002,12.647361,0.6896551724137931,0.875,0.125,0,0,0,20260826,20260826/ghp2
726a00be-8059-48c7-903b-975c7adfccb7,5,6,22.5,0.16666666666666666,0.6666666666666666,0.6666666666666666,1.0,0.875,0.08740073734751258,5.5,-0.325,0.10151628221894039,1.0,4880.0,152.6767576286582,0.01614093806921676,,,0.08333333333333333,0.08333333333333333,0.5,0.3333333333333333,0.16666666666666666,2,ghp,1,1,1,0.0,6.0,2.0,8.0,0.0,0.125,0.375,0.0,0.0,0.5,8.0,101.48125,13.48125,13.48125,101.99,100.99,101.99,100.0,88,101.75,106.0,99.0,0.002358722358722254,0.15319602272727273,0.21064453125,-0.029754919127836565,0.21859374999999992,0,0,0.15319602272727276,0,0,0.4569828627331778,0.004509350797744185,2.0533440316370606,1.0,0.009728434047880402,8.0,0.6666666666666666,8.0,0.4700000000000029,0.00463768378405024,0.4962500000000034,0.005931993822805645,-0.1299999999999995,-0.001294310038755404,-6.0,-0.75,0.75,12.0,4.0,8.0,0.6,4.153878,4.896356,2.9425929999999996,0.3333333333333333,1.0,0.0,0,0,0,20260826,20260826/ghp1
80f251dc-c278-4363-81ce-f661c1e5cc3d,5,6,22.833333333333332,0.16666666666666666,0.6666666666666666,0.16666666666666666,1.0,0.861111111111111,0.16386534670836247,5.666666666666667,-0.29444444444444445,0.2435083084748779,2.0,4880.0,80.36766215338113,0.00824271402550092,,,0.0,0.25,0.5833333333333334,0.16666666666666666,0.5,2,gh,0,1,0,0.0,2.0,9.0,1.0,0.0,0.75,0.16666666666666666,0.0,0.0,0.08333333333333333,6.0,91.16666666666667,3.1666666666666665,3.1666666666666665,90.0,96.0,96.0,90.0,88,98.0,106.0,81.25,-0.08163265306122447,0.03598484848484848,0.049479166666666664,-0.10227884912041851,0.03125,0,0,0.035984848484848536,0,0,5.9152729206555925,0.06120176566032245,17.513036450167622,0.5998158575768677,0.16032737951943674,1.0,0.03125,6.0,11.0,0.11092080580703043,14.0,0.10594568142892097,0.5,0.004975124378109453,-6.0,-1.0,1.0,32.0,26.0,6.0,0.8421052631578947,0.9136409999999999,2.859737,2.0209535,0.8125,1.0,0.0,0,0,0,20260826,20260826/gh1
d21a648c-851e-4cfb-8dc1-9849fa4daf59,5,6,26.5,0.3333333333333333,0.8333333333333334,0.5,0.8333333333333334,0.9166666666666666,0.07453559924999298,5.333333333333333,-0.3833333333333333,0.20055478608655097,1.0,4880.0,300.02583222116056,0.030862932604735882,,,0.0,0.0,0.5,0.5,0.0,2,ng,0,0,0,0.0,0.0,0.0,0.0,0.0,,,,,,0.0,,,,86.0,,,,88,86.0,90.0,79.0,0.0,,,-0.08489944378648584,-0.03125,0,0,,0,0,2.5996818168261218,0.030218953854536768,2.022628040746065,0.9885663040397455,0.04170017911742406,4.0,0.36363636363636365,0.0,,,,,,,,,,11.0,6.0,0.0,1.0,,,,0.5454545454545454,,,0,0,0,20260826,20260826/ng1
04d50e49-bd58-4a7b-bf5a-9059d667defe,6,6,23.833333333333332,0.3333333333333333,0.8333333333333334,0.8333333333333334,0.8333333333333334,0.861111111111111,0.1009216784699164,5.5,-0.3111111111111111,0.19962928605756183,1.6666666666666667,4820.0,325.58079537958025,0.03374262332872294,71.0,38.72811209788914,0.5555555555555555,0.05555555555555555,0.38888888888888884,0.0,0.0,2,ng,0,0,0,1.0,1.0,0.0,0.0,0.0,0.0,0.5,0.5,0.0,0.0,1.0,90.0,10.0,10.0,90.0,90.0,90.0,90.0,80,115.0,122.0,66.0,-0.21739130434782605,0.125,0.15625,-0.31015492830383984,0.15625,0,0,0.125,0,0,2.717422713420612,0.09653813679860326,2.0,0.16066663997787356,1.8147556968119232,1.0,0.08333333333333333,1.0,1.0,0.011049723756906077,1.0,0.011049723756906077,0.0,0.0,-1.0,-1.0,1.0,12.0,12.0,1.0,0.9230769230769231,0.72299,,,1.0,1.0,0.0,0,0,0,20260826,20260826/ng2
55ae4144-efe9-4ac1-adff-7ef37ab172bb,6,6,25.166666666666668,0.16666666666666666,0.8333333333333334,0.6666666666666666,0.8333333333333334,0.9166666666666666,0.07453559924999295,5.333333333333333,-0.38333333333333336,0.11055415967851333,1.0,4820.0,190.55955877362862,0.019366528354080228,73.0,2.6583202716502505,0.16666666666666666,0.3333333333333333,0.5,0.0,0.16666666666666666,2,ghp,1,1,1,5.0,13.0,6.0,0.0,0.0,0.25,0.5416666666666666,0.20833333333333334,0.0,0.0,12.0,80.74583333333334,0.7458333333333323,0.7458333333333323,80.07,82.0,82.0,80.0,80,84.5,97.0,73.25,-0.05242603550295866,0.009322916666666655,0.011653645833333318,-0.0890230041873652,0.0010937499999998934,0,0,0.009322916666666714,0,0,1.8683819984262628,0.02359928978274265,3.0045864443753367,0.9395693213098456,0.05998732836358825,15.0,0.45454545454545453,12.0,1.105833333333332,0.013606209281842023,0.0008333333333325754,0.0001524400331557031,1.1049999999999993,0.013453769248686319,0.0,0.0,0.0,33.0,21.0,12.0,0.7333333333333333,1.4892695,2.6576845000000002,1.522042,0.6363636363636364,1.0,0.0,0,0,0,20260826,20260826/ghp2
726a00be-8059-48c7-903b-975c7adfccb7,6,6,22.5,0.16666666666666666,0.6666666666666666,0.6666666666666666,1.0,0.875,0.08740073734751258,5.5,-0.325,0.10151628221894039,1.0,4820.0,203.99024368827062,0.02170147533425542,93.5,4.370354676682432,0.08333333333333333,0.08333333333333333,0.5,0.3333333333333333,0.16666666666666666,2,ghp,1,1,1,0.0,3.0,3.0,4.0,0.0,0.3,0.3,0.0,0.0,0.4,5.0,99.32000000000001,19.32,19.32,99.0,101.8,101.8,97.0,80,101.99,101.75,96.0,-0.029316599666633913,0.2415,0.301875,-0.030771658666753687,0.296875,0,0,0.2415000000000001,0,0,1.750020065575406,0.017822694568358954,2.257310207472615,1.0,0.03454650111196884,6.0,0.42857142857142855,5.0,1.7900000000000034,0.01801368556445993,-0.22000000000000455,-0.001853111415775045,2.010000000000008,0.01986679698023498,-3.0,-0.6,0.6,14.0,9.0,5.0,0.7368421052631579,2.3302329999999998,8.626864,28.989975,0.6428571428571429,0.8333333333333333,0.16666666666666674,0,0,0,20260826,20260826/ghp1
80f251dc-c278-4363-81ce-f661c1e5cc3d,6,6,22.833333333333332,0.16666666666666666,0.6666666666666666,0.16666666666666666,1.0,0.861111111111111,0.16386534670836247,5.666666666666667,-0.29444444444444445,0.2435083084748779,2.0,4820.0,102.15806439043371,0.010794721069617349,73.5,30.94780552263224,0.0,0.25,0.5833333333333334,0.16666666666666666,0.5,2,gh,0,1,0,0.0,1.0,17.0,2.0,0.0,0.85,0.05,0.0,0.0,0.1,10.0,83.525,3.525,3.525,81.25,90.0,90.0,81.25,80,90.0,98.0,74.01,-0.09722222222222221,0.0440625,0.055078125,-0.09333060200047161,0.01953125,0,0,0.044062500000000074,0,0,1.073443745098788,0.012939163514753894,16.327607542571506,0.5352774015792731,0.11684142486995569,1.0,0.029411764705882353,10.0,0.7777777777777778,0.009082819476358571,0.8,0.006356164839432142,0.2222222222222222,0.00272665463692643,0.0,0.0,0.0,34.0,24.0,10.0,0.7727272727272727,1.450892,4.050113,4.050113,0.7058823529411765,0.7,0.30000000000000004,0,0,0,20260826,20260826/gh1
d21a648c-851e-4cfb-8dc1-9849fa4daf59,6,6,26.5,0.3333333333333333,0.8333333333333334,0.5,0.8333333333333334,0.9166666666666666,0.07453559924999298,5.333333333333333,-0.3833333333333333,0.20055478608655097,1.0,4820.0,308.4513796370506,0.03241931765790684,65.0,31.138400729645703,0.0,0.0,0.5,0.5,0.0,2,ng,0,0,0,0.0,15.0,0.0,3.0,0.0,0.0,0.8333333333333334,0.0,0.0,0.16666666666666666,9.0,82.00444444444445,2.004444444444442,2.4488888888888862,79.0,83.88,86.76,79.0,80,86.0,86.0,60.0,-0.08139534883720934,0.03061111111111108,0.03826388888888885,-0.2751032902449211,-0.015625,0,0,0.025055555555555564,0,0,14.358501060372257,0.18173118868971408,2.760157291477051,0.7401549310801072,0.05893764624189441,1.0,0.125,9.0,5.670000000000005,0.0675756039182182,4.066666666666673,0.05378027511672569,1.1649999999999991,0.013795328801492498,-7.0,-0.7777777777777778,0.7777777777777778,8.0,3.0,9.0,0.47058823529411764,7.677275,7.677275,,0.375,0.8333333333333334,0.16666666666666663,0,0,0,20260826,20260826/ng1
04d50e49-bd58-4a7b-bf5a-9059d667defe,7,6,23.833333333333332,0.3333333333333333,0.8333333333333334,0.8333333333333334,0.8333333333333334,0.861111111111111,0.1009216784699164,5.5,-0.3111111111111111,0.19962928605756183,1.6666666666666667,4760.0,372.35023072371,0.03890651260504204,,,0.5555555555555555,0.05555555555555555,0.38888888888888884,0.0,0.0,2,ng,0,0,0,7.0,5.0,0.0,0.0,0.0,0.0,0.4166666666666667,0.5833333333333334,0.0,0.0,6.0,69.33333333333333,-2.6666666666666665,2.6666666666666665,66.0,70.0,70.0,66.0,72,90.0,115.0,20.0,-0.2666666666666667,0.037037037037037035,0.041666666666666664,-1.1939224684724343,-0.09375,0,0,-0.037037037037037104,0,0,3.4941712396207487,0.26025265477328713,2.0,0.018206121610099355,0.11122563511022454,0.0,0.0,6.0,,,,,,,6.0,1.0,1.0,16.0,10.0,6.0,0.7272727272727273,3.6564354999999997,3.6564354999999997,,0.625,1.0,0.0,0,0,0,20260826,20260826/ng2
55ae4144-efe9-4ac1-adff-7ef37ab172bb,7,6,25.166666666666668,0.16666666666666666,0.8333333333333334,0.6666666666666666,0.8333333333333334,0.9166666666666666,0.07453559924999295,5.333333333333333,-0.38333333333333336,0.11055415967851333,1.0,4760.0,205.37128923001865,0.020572945845004676,,,0.16666666666666666,0.3333333333333333,0.5,0.0,0.16666666666666666,2,ghp,1,1,1,3.0,5.0,2.0,0.0,0.0,0.2,0.5,0.3,0.0,0.0,5.0,73.35,1.35,1.35,73.25,74.0,74.0,73.0,72,80.07,84.5,60.34,-0.08517547146247029,0.018750000000000003,0.02109375,-0.19388301416626152,0.01953125,0,0,0.01874999999999992,0,0,1.8168987978333095,0.024233672785805568,4.030579314791723,0.41176601386006384,0.20464751531350378,7.0,0.2413793103448276,5.0,1.5759999999999992,0.021167161914497763,0.5759999999999991,0.007748871776253009,1.0,0.013418290138244752,-1.0,-0.2,0.2,29.0,24.0,5.0,0.8529411764705882,0.444554,0.444554,0.444554,0.8275862068965517,1.0,0.0,0,0,0,20260826,20260826/ghp2
726a00be-8059-48c7-903b-975c7adfccb7,7,6,22.5,0.16666666666666666,0.6666666666666666,0.6666666666666666,1.0,0.875,0.08740073734751258,5.5,-0.325,0.10151628221894039,1.0,4760.0,259.75873244224164,0.026131185807656408,,,0.08333333333333333,0.08333333333333333,0.5,0.3333333333333333,0.16666666666666666,2,ghp,1,1,1,0.0,6.0,6.0,6.0,0.0,0.3333333333333333,0.3333333333333333,0.0,0.0,0.3333333333333333,9.0,96.27444444444444,24.274444444444445,24.274444444444445,96.0,96.92,96.92,95.75,72,99.0,101.99,94.5,-0.030303030303030276,0.3371450617283951,0.37928819444444445,-0.01574835696813892,0.375,0,0,0.33714506172839503,0,0,1.0345635443099426,0.010777409094460576,2.0,1.0,0.016072861027066912,9.0,0.6923076923076923,9.0,0.6055555555555543,0.006299471043207811,-0.8544444444444442,-0.008821930741697433,1.4599999999999984,0.015121401784905243,-5.0,-0.5555555555555556,0.5555555555555556,13.0,6.0,9.0,0.5909090909090909,2.6007375,3.2418354999999996,6.024196,0.46153846153846156,1.0,0.0,0,0,0,20260826,20260826/ghp1
80f251dc-c278-4363-81ce-f661c1e5cc3d,7,6,22.833333333333332,0.16666666666666666,0.6666666666666666,0.16666666666666666,1.0,0.861111111111111,0.16386534670836247,5.666666666666667,-0.29444444444444445,0.2435083084748779,2.0,4760.0,126.82826940394621,0.013562324929972005,,,0.0,0.25,0.5833333333333334,0.16666666666666666,0.5,2,gh,0,1,0,0.0,1.0,13.0,0.0,0.0,0.9285714285714286,0.07142857142857142,0.0,0.0,0.0,7.0,77.3157142857143,5.315714285714285,5.315714285714285,74.01,80.5,80.5,74.01,72,81.25,90.0,67.0,-0.08910769230769222,0.07382936507936506,0.0830580357142857,-0.09950759981840918,0.03140625000000008,0,0,0.07382936507936518,0,0,3.240896280536307,0.04256105488940597,4.229204534943437,0.4503133345615446,0.18362684361470752,9.0,0.36,7.0,1.9685714285714286,0.025268849166865,-1.4628571428571442,-0.01812673598524652,3.431428571428573,0.04339558515211152,-5.0,-0.7142857142857143,0.7142857142857143,25.0,18.0,7.0,0.78125,3.243066,5.421018,16.403091,0.72,0.9,0.09999999999999998,0,0,0,20260826,20260826/gh1
d21a648c-851e-4cfb-8dc1-9849fa4daf59,7,6,26.5,0.3333333333333333,0.8333333333333334,0.5,0.8333333333333334,0.9166666666666666,0.07453559924999298,5.333333333333333,-0.3833333333333333,0.20055478608655097,1.0,4760.0,318.65542141943837,0.03411181139122313,,,0.0,0.0,0.5,0.5,0.0,2,ng,0,0,0,0.0,3.0,0.0,1.0,0.0,0.0,0.75,0.0,0.0,0.25,2.0,65.0,-7.0,7.0,60.0,70.0,70.0,60.0,72,79.0,86.0,2.0,-0.240506329113924,0.09722222222222222,0.109375,-3.401197381662155,-0.1875,0,0,-0.09722222222222222,0,0,57.0817989646941,1.796322095273421,2.7811286328673064,0.5848491499822733,0.8660151040944419,1.0,0.16666666666666666,2.0,14.0,0.208955223880597,-54.0,-0.8059701492537313,68.0,1.0149253731343284,-2.0,-1.0,1.0,6.0,5.0,2.0,0.75,5.42849,19.17378,,0.8333333333333334,1.0,0.0,0,0,0,20260826,20260826/ng1
04d50e49-bd58-4a7b-bf5a-9059d667defe,8,6,23.833333333333332,0.3333333333333333,0.8333333333333334,0.8333333333333334,0.8333333333333334,0.861111111111111,0.1009216784699164,5.5,-0.3111111111111111,0.19962928605756183,1.6666666666666667,4700.0,458.6797600941205,0.048989479905437346,,,0.5555555555555555,0.05555555555555555,0.38888888888888884,0.0,0.0,2,ng,0,0,0,9.0,9.0,0.0,0.0,0.0,0.0,0.5,0.5,0.0,0.0,9.0,39.888888888888886,-24.11111111111111,24.11111111111111,20.0,53.0,53.0,20.0,64,66.0,90.0,35.0,-0.696969696969697,0.3767361111111111,0.3767361111111111,0.5596157879354227,-0.6875,0,0,-0.37673611111111116,0,0,1.0,0.13333333333333333,3.0134235765107342,0.09159868243693611,0.23638877806423064,0.0,0.0,9.0,,,,,,,9.0,1.0,1.0,25.0,16.0,9.0,0.7352941176470589,1.502755,1.502755,,0.64,1.0,0.0,0,0,0,20260826,20260826/ng2
55ae4144-efe9-4ac1-adff-7ef37ab172bb,8,6,25.166666666666668,0.16666666666666666,0.8333333333333334,0.6666666666666666,0.8333333333333334,0.9166666666666666,0.07453559924999295,5.333333333333333,-0.38333333333333336,0.11055415967851333,1.0,4700.0,225.0935375349547,0.02229444444444445,,,0.16666666666666666,0.3333333333333333,0.5,0.0,0.16666666666666666,2,ghp,1,1,1,11.0,14.0,3.0,0.0,0.0,0.10714285714285714,0.5,0.39285714285714285,0.0,0.0,14.0,61.26,-2.7400000000000007,2.7400000000000007,60.34,64.0,64.0,60.0,64,73.25,80.07,52.52,-0.1762457337883958,0.04281250000000001,0.04281250000000001,-0.13880118429631993,-0.05718749999999995,0,0,-0.04281250000000003,0,0,0.9222508653325138,0.014815034953478193,2.8739484825756616,0.6663656623782392,0.09419420935305466,17.0,0.2982456140350877,14.0,0.7049999999999993,0.011440537256977428,0.6957142857142823,0.011735699810978982,0.009285714285717006,-0.0002951625540015556,4.0,0.2857142857142857,0.2857142857142857,57.0,43.0,14.0,0.8028169014084507,1.483508,4.4847635,0.548653,0.7543859649122807,1.0,0.0,0,0,0,20260826,20260826/ghp2
726a00be-8059-48c7-903b-975c7adfccb7,8,6,22.5,0.16666666666666666,0.6666666666666666,0.6666666666666666,1.0,0.875,0.08740073734751258,5.5,-0.325,0.10151628221894039,1.0,4700.0,319.1351940479142,0.033682742316784864,,,0.08333333333333333,0.08333333333333333,0.5,0.3333333333333333,0.16666666666666666,2,ghp,1,1,1,0.0,4.0,4.0,6.0,0.0,0.2857142857142857,0.2857142857142857,0.0,0.0,0.42857142857142855,7.0,94.23571428571428,30.235714285714288,30.235714285714288,94.5,95.5,95.65,90.0,64,96.0,99.0,89.88,-0.015625,0.47243303571428574,0.47243303571428574,-0.05012438718256895,0.4765625,0,0,0.47243303571428563,0,0,0.8693330727081308,0.009299754040808088,2.063070479132545,0.15695755282624801,0.06116611187355453,2.0,0.14285714285714285,7.0,-1.0957142857142839,-0.011489883262064012,-0.7614285714285732,-0.007983437224781731,-0.3342857142857107,-0.003506446037282281,3.0,0.42857142857142855,0.42857142857142855,14.0,6.0,7.0,0.6666666666666666,1.588263,2.6186295,20.733716,0.42857142857142855,0.5,0.5,0,0,0,20260826,20260826/ghp1
80f251dc-c278-4363-81ce-f661c1e5cc3d,8,6,22.833333333333332,0.16666666666666666,0.6666666666666666,0.16666666666666666,1.0,0.861111111111111,0.16386534670836247,5.666666666666667,-0.29444444444444445,0.2435083084748779,2.0,4700.0,158.79697075196364,0.017340661938534296,,,0.0,0.25,0.5833333333333334,0.16666666666666666,0.5,2,gh,0,1,0,0.0,1.0,6.0,1.0,0.0,0.75,0.125,0.0,0.0,0.125,4.0,69.75,5.75,5.75,67.0,73.0,73.0,66.0,64,74.01,81.25,58.0,-0.09471693014457516,0.08984375,0.08984375,-0.14424960884454663,0.046875,0,0,0.08984375,0,0,4.577676256605921,0.07019096080563521,2.6528721693442514,0.745777676728531,0.16816404523710854,10.0,0.4166666666666667,4.0,2.2366666666666597,0.03256844640470204,1.1875,0.025121892751091116,0.48666666666665986,0.007446553653610921,-2.0,-0.5,0.5,24.0,21.0,4.0,0.8571428571428571,1.748227,9.944638,26.6833965,0.875,0.6666666666666666,0.33333333333333337,0,0,0,20260826,20260826/gh1
d21a648c-851e-4cfb-8dc1-9849fa4daf59,8,6,26.5,0.3333333333333333,0.8333333333333334,0.5,0.8333333333333334,0.9166666666666666,0.07453559924999298,5.333333333333333,-0.3833333333333333,0.20055478608655097,1.0,4700.0,363.5773557305238,0.039842789598108726,,,0.0,0.0,0.5,0.5,0.0,2,ng,0,0,0,0.0,2.0,0.0,2.0,0.0,0.0,0.5,0.0,0.0,0.5,2.0,2.0,-62.0,62.0,2.0,2.0,2.0,2.0,64,60.0,79.0,30.0,-0.9666666666666667,0.96875,0.96875,2.70805020110221,-0.96875,0,0,-0.96875,0,0,46.92347765450519,1.6414283095820978,2.937910287129291,1.0,4.102283336783346,6.0,0.5,2.0,25.5,1.2592592592592593,8.5,-15.11111111111111,17.0,16.37037037037037,0.0,0.0,0.0,12.0,9.0,2.0,0.8571428571428571,7.827399499999999,7.827399499999999,9.651368,0.75,1.0,0.0,0,0,0,20260826,20260826/ng1
04d50e49-bd58-4a7b-bf5a-9059d667defe,9,6,23.833333333333332,0.3333333333333333,0.8333333333333334,0.8333333333333334,0.8333333333333334,0.861111111111111,0.1009216784699164,5.5,-0.3111111111111111,0.19962928605756183,1.6666666666666667,4880.0,456.6659075516804,0.0475004553734062,17.5,20.334699407662754,0.5555555555555555,0.05555555555555555,0.38888888888888884,0.0,0.0,2,ng,0,0,0,7.0,7.0,0.0,0.0,0.0,0.0,0.5,0.5,0.0,0.0,7.0,35.9,-20.099999999999998,20.099999999999998,35.0,35.0,37.0,35.0,56,20.0,66.0,31.0,0.75,0.3589285714285714,0.31406249999999997,-0.12136085700426724,-0.328125,0,0,-0.35892857142857143,0,0,15.956143474060605,0.6972292310733353,2.006265217991342,0.7730113454415848,0.8842024173226544,0.0,0.0,7.0,,,,,,,7.0,1.0,1.0,15.0,8.0,7.0,0.6818181818181818,2.4357509999999998,2.4357509999999998,,0.5333333333333333,1.0,0.0,0,0,0,20260826,20260826/ng2
55ae4144-efe9-4ac1-adff-7ef37ab172bb,9,6,25.166666666666668,0.16666666666666666,0.8333333333333334,0.6666666666666666,0.8333333333333334,0.9166666666666666,0.07453559924999295,5.333333333333333,-0.38333333333333336,0.11055415967851333,1.0,4880.0,283.75309661746394,0.029025159380692153,45.0,5.192943930629973,0.16666666666666666,0.3333333333333333,0.5,0.0,0.16666666666666666,2,ghp,1,1,1,6.0,12.0,4.0,0.0,0.0,0.18181818181818182,0.5454545454545454,0.2727272727272727,0.0,0.0,11.0,53.959999999999994,-2.0399999999999996,2.0399999999999996,52.52,56.0,56.0,52.0,56,60.34,73.25,44.9,-0.1295989393437189,0.03642857142857142,0.031874999999999994,-0.15675625468638676,-0.05437499999999995,0,0,-0.03642857142857154,0,0,1.026733416328112,0.019652339345763936,4.040111924123241,0.7296658105369159,0.11307174638108194,10.0,0.16666666666666666,11.0,0.032727272727273965,0.0013562117515673643,-0.427272727272725,-0.007764318430619222,0.4599999999999989,0.009120530182186587,-3.0,-0.2727272727272727,0.2727272727272727,60.0,49.0,11.0,0.8450704225352113,0.397018,2.319581,4.776874,0.8166666666666667,0.8666666666666666,0.13333333333333341,0,0,0,20260826,20260826/ghp2
726a00be-8059-48c7-903b-975c7adfccb7,9,6,22.5,0.16666666666666666,0.6666666666666666,0.6666666666666666,1.0,0.875,0.08740073734751258,5.5,-0.325,0.10151628221894039,1.0,4880.0,223.27697400314244,0.023479394353369747,86.0,5.07608773236502,0.08333333333333333,0.08333333333333333,0.5,0.3333333333333333,0.16666666666666666,2,ghp,1,1,1,0.0,3.0,3.0,4.0,0.0,0.3,0.3,0.0,0.0,0.4,5.0,92.94,36.94,36.94,89.88,94.82,94.88,89.88,56,94.5,96.0,83.0,-0.04888888888888898,0.6596428571428571,0.5771875,-0.07963483952052997,0.5293749999999999,0,0,0.6596428571428571,0,0,1.9919208707709743,0.02274369271749161,2.027380981362647,0.9089454236796817,0.18412977251321622,5.0,0.35714285714285715,5.0,1.3499999999999943,0.014671793079697048,-0.7180000000000006,-0.009632941701129504,2.2324999999999946,0.024304734780826554,1.0,0.2,0.2,14.0,9.0,5.0,0.7368421052631579,1.5846170000000002,6.58639,6.67991,0.6428571428571429,0.8333333333333334,0.16666666666666663,0,0,0,20260826,20260826/ghp1
80f251dc-c278-4363-81ce-f661c1e5cc3d,9,6,22.833333333333332,0.16666666666666666,0.6666666666666666,0.16666666666666666,1.0,0.861111111111111,0.16386534670836247,5.666666666666667,-0.29444444444444445,0.2435083084748779,2.0,4880.0,75.02102318683738,0.007758652094717684,40.0,24.232209969377536,0.0,0.25,0.5833333333333334,0.16666666666666666,0.5,2,gh,0,1,0,0.0,1.0,14.0,1.0,0.0,0.875,0.0625,0.0,0.0,0.0625,8.0,59.375,3.375,3.375,58.0,67.0,67.0,58.0,56,67.0,74.01,48.5,-0.13432835820895528,0.060267857142857144,0.052734375,-0.17887921260298167,0.03125,0,0,0.060267857142857144,0,0,3.4819605578724304,0.0646076035032786,3.326596707478245,0.8411491549491931,0.21842431477551272,11.0,0.5238095238095238,8.0,2.8299999999999983,0.04591389947461447,-1.0850000000000009,-0.016304192824052037,3.914999999999999,0.062218092298666504,-2.0,-0.25,0.25,21.0,12.0,8.0,0.7241379310344828,1.1043975000000001,3.170993,2.705074,0.5714285714285714,0.7333333333333333,0.2666666666666667,0,0,0,20260826,20260826/gh1
d21a648c-851e-4cfb-8dc1-9849fa4daf59,9,6,26.5,0.3333333333333333,0.8333333333333334,0.5,0.8333333333333334,0.9166666666666666,0.07453559924999298,5.333333333333333,-0.3833333333333333,0.20055478608655097,1.0,4880.0,384.2843499285391,0.040110655737704906,20.0,15.732132722552274,0.0,0.0,0.5,0.5,0.0,2,ng,0,0,0,0.0,4.0,0.0,6.0,0.0,0.0,0.4,0.0,0.0,0.6,5.0,30.4,-25.6,25.6,30.0,18.0,39.0,18.0,56,2.0,60.0,20.0,14.0,0.4571428571428572,0.4,-0.4054651081081646,-0.40625,1,0,-0.4571428571428572,0,0,29.40810955774039,1.02189590535107,2.3035786228652597,0.9095634999057646,0.9370985790409215,5.0,0.7142857142857143,5.0,13.5,0.3318783646151608,7.4,0.13647606576458607,8.5,0.19540229885057472,-3.0,-0.6,0.6,7.0,3.0,5.0,0.5833333333333334,3.671834,15.016672,40.995141000000004,0.42857142857142855,1.0,0.0,1,0,0,20260826,20260826/ng1
04d50e49-bd58-4a7b-bf5a-9059d667defe,10,6,23.833333333333332,0.3333333333333333,0.8333333333333334,0.8333333333333334,0.8333333333333334,0.861111111111111,0.1009216784699164,5.5,-0.3111111111111111,0.19962928605756183,1.6666666666666667,4880.0,469.6175881714822,0.04859335154826959,,,0.5555555555555555,0.05555555555555555,0.38888888888888884,0.0,0.0,2,ng,0,0,0,2.0,2.0,0.0,0.0,0.0,0.0,0.5,0.5,0.0,0.0,2.0,32.0,-16.0,16.0,31.0,33.0,33.0,31.0,48,35.0,20.0,15.0,-0.11428571428571432,0.3333333333333333,0.25,-0.7259370033829362,-0.265625,0,0,-0.3333333333333333,0,0,12.561084539458069,0.5934330194231738,2.480502924467563,0.9936762132114234,0.5089271584299282,5.0,0.5,2.0,17.0,0.7228260869565217,15.0,0.6367753623188406,2.0,0.08605072463768115,2.0,1.0,1.0,10.0,7.0,2.0,0.8333333333333334,2.9734615,2.9734615,30.3142725,0.7,1.0,0.0,0,0,0,20260826,20260826/ng2
55ae4144-efe9-4ac1-adff-7ef37ab172bb,10,6,25.166666666666668,0.16666666666666666,0.8333333333333334,0.6666666666666666,0.8333333333333334,0.9166666666666666,0.07453559924999295,5.333333333333333,-0.38333333333333336,0.11055415967851333,1.0,4880.0,295.50121082662264,0.03034209927140255,,,0.16666666666666666,0.3333333333333333,0.5,0.0,0.16666666666666666,2,ghp,1,1,1,8.0,11.0,5.0,0.0,0.0,0.20833333333333334,0.4583333333333333,0.3333333333333333,0.0,0.0,12.0,45.830000000000005,-2.17,2.8799999999999994,44.9,52.26,52.26,44.84,48,52.52,60.34,40.0,-0.14508758568164515,0.05999999999999999,0.04499999999999999,-0.1155583406342724,-0.04843750000000002,0,0,-0.04520833333333322,0,0,1.482846399159285,0.0316753087665192,2.762167905160068,0.9381576781767765,0.18053256563219056,12.0,0.36363636363636365,12.0,1.8808333333333327,0.039418865276863925,-1.4050000000000036,-0.027862480483742107,3.2858333333333363,0.06728134576060603,-6.0,-0.5,0.5,33.0,19.0,12.0,0.7333333333333333,1.6502815,2.0532545,2.979678,0.5757575757575758,0.9333333333333332,0.06666666666666676,0,0,0,20260826,20260826/ghp2
726a00be-8059-48c7-903b-975c7adfccb7,10,6,22.5,0.16666666666666666,0.6666666666666666,0.6666666666666666,1.0,0.875,0.08740073734751258,5.5,-0.325,0.10151628221894039,1.0,4880.0,267.82803654584023,0.02787443078324226,,,0.08333333333333333,0.08333333333333333,0.5,0.3333333333333333,0.16666666666666666,2,ghp,1,1,1,0.0,8.0,3.0,5.0,0.0,0.1875,0.5,0.0,0.0,0.3125,8.0,85.285,37.285,37.285,83.0,87.4,88.0,83.0,48,89.88,94.5,78.5,-0.0765465064530485,0.7767708333333333,0.582578125,-0.055741983008235074,0.546875,0,0,0.7767708333333333,0,0,2.6694168497622255,0.03249704970016266,2.0,1.0,0.119545670003615,9.0,0.5294117647058824,8.0,1.9014285714285717,0.02192288331848603,-1.261250000000004,-0.012415201175108914,3.0142857142857173,0.03433808449359495,-4.0,-0.5,0.5,17.0,10.0,8.0,0.68,0.791371,3.738474,3.5511985,0.5882352941176471,1.0,0.0,0,0,0,20260826,20260826/ghp1
80f251dc-c278-4363-81ce-f661c1e5cc3d,10,6,22.833333333333332,0.16666666666666666,0.6666666666666666,0.16666666666666666,1.0,0.861111111111111,0.16386534670836247,5.666666666666667,-0.29444444444444445,0.2435083084748779,2.0,4880.0,80.44446780232934,0.00818602003642987,,,0.0,0.25,0.5833333333333334,0.16666666666666666,0.5,2,gh,0,1,0,0.0,2.0,29.0,1.0,0.0,0.90625,0.0625,0.0,0.0,0.03125,16.0,50.527499999999996,2.5274999999999994,2.5274999999999994,48.5,57.0,57.0,48.5,48,58.0,67.0,41.4,-0.1637931034482759,0.05265624999999999,0.03949218749999999,-0.1582829171121687,0.0078125,0,0,0.052656249999999925,0,0,2.602812180479958,0.051109396238518026,4.0593838038788554,0.21184873090777157,0.09199651168417149,9.0,0.3103448275862069,16.0,1.102666666666668,0.02220069464213198,-0.9324999999999983,-0.011618236669040138,1.6306666666666663,0.03381893131117211,-10.0,-0.625,0.625,29.0,14.0,16.0,0.6444444444444445,1.397546,14.268884,1.2884390000000001,0.4827586206896552,0.8835978835978836,0.1164021164021164,0,0,0,20260826,20260826/gh1
d21a648c-851e-4cfb-8dc1-9849fa4daf59,10,6,26.5,0.3333333333333333,0.8333333333333334,0.5,0.8333333333333334,0.9166666666666666,0.07453559924999298,5.333333333333333,-0.3833333333333333,0.20055478608655097,1.0,4880.0,394.64649193930495,0.041385701275045525,,,0.0,0.0,0.5,0.5,0.0,2,ng,0,0,0,0.0,1.0,0.0,1.0,0.0,0.0,0.5,0.0,0.0,0.5,1.0,20.0,-28.0,28.0,20.0,20.0,20.0,20.0,48,30.0,2.0,27.5,-0.33333333333333337,0.5833333333333334,0.4375,0.3184537311185349,-0.4375,0,0,-0.5833333333333334,0,0,10.624208491332215,0.3761300265688006,2.4150513017823543,1.0,0.3878512344687048,4.0,0.4444444444444444,1.0,29.0,0.8405797101449275,17.0,0.4927536231884058,12.0,0.34782608695652173,-1.0,-1.0,1.0,9.0,4.0,1.0,0.9,4.259716,4.259716,4.259716,0.4444444444444444,1.0,0.0,1,0,0,20260826,20260826/ng1
04d50e49-bd58-4a7b-bf5a-9059d667defe,11,6,23.833333333333332,0.3333333333333333,0.8333333333333334,0.8333333333333334,0.8333333333333334,0.861111111111111,0.1009216784699164,5.5,-0.3111111111111111,0.19962928605756183,1.6666666666666667,4880.0,482.76388961893167,0.049917349726775966,,,0.5555555555555555,0.05555555555555555,0.38888888888888884,0.0,0.0,2,ng,0,0,0,2.0,4.0,0.0,0.0,0.0,0.0,0.6666666666666666,0.3333333333333333,0.0,0.0,3.0,23.833333333333332,-16.166666666666668,16.166666666666668,15.0,32.0,32.0,15.0,40,31.0,35.0,14.0,-0.5161290322580645,0.4041666666666667,0.2526041666666667,-0.06899287148695166,-0.390625,0,0,-0.4041666666666667,0,0,6.259289760028153,0.4171902472672255,2.236491565686014,1.0,0.45683324273080766,4.0,0.5,3.0,9.75,0.49050632911392406,13.353333333333333,0.3918481012658228,1.9699999999999989,0.0986582278481012,1.0,0.3333333333333333,0.3333333333333333,8.0,4.0,3.0,0.7272727272727273,4.016284,19.826880499999998,17.922216,0.5,0.75,0.25,0,0,0,20260826,20260826/ng2
55ae4144-efe9-4ac1-adff-7ef37ab172bb,11,6,25.166666666666668,0.16666666666666666,0.8333333333333334,0.6666666666666666,0.8333333333333334,0.9166666666666666,0.07453559924999295,5.333333333333333,-0.38333333333333336,0.11055415967851333,1.0,4880.0,293.44437101433726,0.03012443078324228,,,0.16666666666666666,0.3333333333333333,0.5,0.0,0.16666666666666666,2,ghp,1,1,1,1.0,5.0,0.0,0.0,0.0,0.0,0.8333333333333334,0.16666666666666666,0.0,0.0,3.0,43.18666666666667,3.1866666666666674,3.1866666666666674,40.0,44.84,44.84,40.0,40,44.9,52.52,33.0,-0.10913140311804004,0.07966666666666669,0.04979166666666668,-0.19237189264745602,0.0,0,0,0.07966666666666669,0,0,5.088667377674335,0.12122852091266503,2.5076312712210083,0.9343284052444956,0.14563288915477327,5.0,0.29411764705882354,3.0,3.3599999999999994,0.07526522994878981,-3.4566666666666683,-0.027747336207266035,4.924999999999997,0.10301256615605583,-3.0,-1.0,1.0,17.0,16.0,3.0,0.85,1.913823,1.913823,0.410016,0.9411764705882353,1.0,0.0,0,0,0,20260826,20260826/ghp2
726a00be-8059-48c7-903b-975c7adfccb7,11,6,22.5,0.16666666666666666,0.6666666666666666,0.6666666666666666,1.0,0.875,0.08740073734751258,5.5,-0.325,0.10151628221894039,1.0,4880.0,306.6187847474448,0.03131284153005463,,,0.08333333333333333,0.08333333333333333,0.5,0.3333333333333333,0.16666666666666666,2,ghp,1,1,1,0.0,3.0,2.0,3.0,0.0,0.25,0.375,0.0,0.0,0.375,4.0,80.5,40.5,40.5,78.5,82.0,82.0,78.5,40,83.0,89.88,70.0,-0.054216867469879526,1.0125,0.6328125,-0.11460338273900383,0.6015625,0,0,1.0125,0,0,2.4126057328696175,0.031030320704629518,2.0509283960479614,0.9583628280318619,0.07080917008217417,12.0,0.6,4.0,1.9699999999999989,0.024093968086874078,-2.2025000000000006,-0.02692189263255897,4.172499999999999,0.05101586071943305,-4.0,-1.0,1.0,20.0,15.0,4.0,0.8333333333333334,2.0884929999999997,2.638169,7.588025,0.75,0.75,0.25,0,0,0,20260826,20260826/ghp1
80f251dc-c278-4363-81ce-f661c1e5cc3d,11,6,22.833333333333332,0.16666666666666666,0.6666666666666666,0.16666666666666666,1.0,0.861111111111111,0.16386534670836247,5.666666666666667,-0.29444444444444445,0.2435083084748779,2.0,4880.0,80.801462115484,0.008218920765027315,,,0.0,0.25,0.5833333333333334,0.16666666666666666,0.5,2,gh,0,1,0,0.0,5.0,9.0,0.0,0.0,0.6428571428571429,0.35714285714285715,0.0,0.0,0.0,7.0,41.66142857142857,1.6614285714285717,1.6614285714285717,41.4,41.0,43.03,41.0,40,48.5,58.0,35.0,-0.14639175257731962,0.041535714285714294,0.025959821428571433,-0.16793281934185522,0.021874999999999978,0,0,0.04153571428571432,0,0,4.6961044242363625,0.11952084812261389,2.231927839663543,0.9830890733019162,0.14615692468465574,9.0,0.47368421052631576,7.0,3.6614285714285706,0.08313237287004639,1.3571428571428552,0.030136317995078276,2.3042857142857156,0.05299605487496811,-5.0,-0.7142857142857143,0.7142857142857143,19.0,8.0,7.0,0.7307692307692307,2.600286,3.2069140000000003,3.2613754999999998,0.42105263157894735,0.8666666666666666,0.13333333333333341,0,0,0,20260826,20260826/gh1
d21a648c-851e-4cfb-8dc1-9849fa4daf59,11,6,26.5,0.3333333333333333,0.8333333333333334,0.5,0.8333333333333334,0.9166666666666666,0.07453559924999298,5.333333333333333,-0.3833333333333333,0.20055478608655097,1.0,4880.0,406.7442164309161,0.0421370673952641,,,0.0,0.0,0.5,0.5,0.0,2,ng,0,0,0,0.0,4.0,0.0,4.0,0.0,0.0,0.5,0.0,0.0,0.5,4.0,22.125,-17.875,17.875,27.5,20.0,27.5,20.0,40,20.0,30.0,26.0,0.375,0.446875,0.279296875,-0.05608946665104364,-0.1953125,0,0,-0.446875,0,0,5.926663502503753,0.22235393298933914,2.0229185711293227,1.0,0.3819434716463973,4.0,0.6666666666666666,4.0,7.875,0.3099744245524297,10.4375,0.41682651321398123,-2.5625,-0.10685208866155158,-4.0,-1.0,1.0,6.0,4.0,4.0,0.6,2.452913,3.2846580000000003,1.572588,0.6666666666666666,1.0,0.0,1,0,0,20260826,20260826/ng1
04d50e49-bd58-4a7b-bf5a-9059d667defe,12,6,23.833333333333332,0.3333333333333333,0.8333333333333334,0.8333333333333334,0.8333333333333334,0.861111111111111,0.1009216784699164,5.5,-0.3111111111111111,0.19962928605756183,1.6666666666666667,4760.0,512.3181895658204,0.054921685340802995,11.0,6.531972647421808,0.5555555555555555,0.05555555555555555,0.38888888888888884,0.0,0.0,2,ng,0,0,0,5.0,5.0,0.0,0.0,0.0,0.0,0.5,0.5,0.0,0.0,5.0,15.056000000000001,-16.944,16.944,14.0,15.0,17.28,14.0,32,15.0,31.0,11.0,-0.06666666666666665,0.5295,0.26475,-0.24116205681688774,-0.28125,0,0,-0.5295,0,0,3.2346692487846145,0.21229477621020096,2.0022824582417176,0.47225856876297434,0.5675288097070975,5.0,0.5555555555555556,5.0,3.335000000000001,0.20433149545824675,1.1120000000000005,0.07167614216245519,2.1950000000000003,0.1326553532957916,-1.0,-0.2,0.2,9.0,6.0,5.0,0.6428571428571429,1.3094350000000001,15.618829,13.676375,0.6666666666666666,1.0,0.0,0,0,0,20260826,20260826/ng2
55ae4144-efe9-4ac1-adff-7ef37ab172bb,12,6,25.166666666666668,0.16666666666666666,0.8333333333333334,0.6666666666666666,0.8333333333333334,0.9166666666666666,0.07453559924999295,5.333333333333333,-0.38333333333333336,0.11055415967851333,1.0,4760.0,215.01968486629326,0.021761204481792747,24.5,1.9663841605003498,0.16666666666666666,0.3333333333333333,0.5,0.0,0.16666666666666666,2,ghp,1,1,1,1.0,3.0,2.0,0.0,0.0,0.3333333333333333,0.5,0.16666666666666666,0.0,0.0,3.0,32.166666666666664,0.16666666666666666,0.5,33.0,32.0,33.0,31.5,32,40.0,44.9,23.5,-0.17500000000000004,0.015625,0.0078125,-0.33950714031636675,0.015625,0,0,0.005208333333333259,0,0,2.368610556192051,0.0662116647541221,2.6539685729298075,0.5023849570781204,0.16889545691835123,2.0,0.18181818181818182,3.0,1.1666666666666667,0.036016696481812764,0.75,0.02319618366129994,0.4166666666666667,0.012820512820512822,-1.0,-0.3333333333333333,0.3333333333333333,11.0,7.0,3.0,0.7857142857142857,2.9401710000000003,2.9401710000000003,3.453385,0.6363636363636364,0.75,0.25,0,0,0,20260826,20260826/ghp2
726a00be-8059-48c7-903b-975c7adfccb7,12,6,22.5,0.16666666666666666,0.6666666666666666,0.6666666666666666,1.0,0.875,0.08740073734751258,5.5,-0.325,0.10151628221894039,1.0,4760.0,574.3847227773388,0.05504365079365081,65.0,1.2247448713915896,0.08333333333333333,0.08333333333333333,0.5,0.3333333333333333,0.16666666666666666,2,ghp,1,1,1,0.0,6.0,4.0,10.0,0.0,0.2,0.3,0.0,0.0,0.5,10.0,72.518,40.518,40.518,70.0,75.75,75.75,70.0,32,78.5,83.0,65.0,-0.10828025477707004,1.2661875,0.63309375,-0.07410797215372256,0.59375,0,0,1.2661875,0,0,1.573718448228436,0.022881358651668585,2.0,0.9425456427801263,0.06010626288958346,11.0,0.5,10.0,1.6811111111111137,0.02285807225692547,-1.3119999999999947,-0.01633262738431573,2.869999999999995,0.0391906996412412,-10.0,-1.0,1.0,22.0,12.0,10.0,0.6875,1.279631,2.393435,2.85325,0.5454545454545454,1.0,0.0,0,0,0,20260826,20260826/ghp1
80f251dc-c278-4363-81ce-f661c1e5cc3d,12,6,22.833333333333332,0.16666666666666666,0.6666666666666666,0.16666666666666666,1.0,0.861111111111111,0.16386534670836247,5.666666666666667,-0.29444444444444445,0.2435083084748779,2.0,4760.0,180.54226596561793,0.01937698412698412,24.0,0.8366600265340758,0.0,0.25,0.5833333333333334,0.16666666666666666,0.5,2,gh,0,1,0,0.0,3.0,8.0,1.0,0.0,0.6666666666666666,0.25,0.0,0.0,0.08333333333333333,6.0,38.16,6.159999999999999,6.159999999999999,35.0,41.3,41.36,34.0,32,41.4,48.5,22.0,-0.15458937198067635,0.19249999999999998,0.09624999999999999,-0.46430560813109745,0.046875,0,0,0.1924999999999999,0,0,5.470582463639855,0.1534898209874071,5.3148616540738,0.5358950183827123,0.33410768149695336,2.0,0.07142857142857142,6.0,2.804000000000002,0.07385755040835207,-0.269999999999996,0.02965061107207556,1.6939999999999997,0.04420693933627649,-4.0,-0.6666666666666666,0.6666666666666666,28.0,23.0,6.0,0.8235294117647058,0.464266,8.0503775,0.537262,0.8214285714285714,0.7333333333333333,0.2666666666666667,0,0,0,20260826,20260826/gh1
d21a648c-851e-4cfb-8dc1-9849fa4daf59,12,6,26.5,0.3333333333333333,0.8333333333333334,0.5,0.8333333333333334,0.9166666666666666,0.07453559924999298,5.333333333333333,-0.3833333333333333,0.20055478608655097,1.0,4760.0,388.8812178545011,0.041361344537815106,17.5,13.416407864998739,0.0,0.0,0.5,0.5,0.0,2,ng,0,0,0,0.0,1.0,0.0,1.0,0.0,0.0,0.5,0.0,0.0,0.5,1.0,26.0,-6.0,6.0,26.0,26.0,26.0,26.0,32,27.5,20.0,22.5,-0.054545454545454564,0.1875,0.09375,-0.1445812288111079,-0.09375,0,0,-0.1875,0,0,4.052134614468151,0.15674666291971934,2.0,1.0,0.606561977576859,4.0,0.5714285714285714,1.0,3.5,0.12612612612612611,1.25,0.04504504504504504,2.25,0.08108108108108109,-1.0,-1.0,1.0,7.0,5.0,1.0,0.875,,,82.557581,0.7142857142857143,1.0,0.0,1,0,0,20260826,20260826/ng1
04d50e49-bd58-4a7b-bf5a-9059d667defe,13,6,23.833333333333332,0.3333333333333333,0.8333333333333334,0.8333333333333334,0.8333333333333334,0.861111111111111,0.1009216784699164,5.5,-0.3111111111111111,0.19962928605756183,1.6666666666666667,4760.0,517.4446514942442,0.055528594771241835,,,0.5555555555555555,0.05555555555555555,0.38888888888888884,0.0,0.0,2,ng,0,0,0,1.0,1.0,0.0,0.0,0.0,0.0,0.5,0.5,0.0,0.0,1.0,11.0,-13.0,13.0,11.0,11.0,11.0,11.0,24,14.0,15.0,7.5,-0.2142857142857143,0.5416666666666666,0.203125,-0.382992252256106,-0.203125,0,0,-0.5416666666666666,0,0,1.0500000000000007,0.12316715542522004,5.0,0.02828108581198959,0.0,0.0,0.0,1.0,,,,,,,1.0,1.0,1.0,5.0,2.0,1.0,0.8333333333333334,7.171231,7.171231,,0.4,1.0,0.0,0,0,0,20260826,20260826/ng2
55ae4144-efe9-4ac1-adff-7ef37ab172bb,13,6,25.166666666666668,0.16666666666666666,0.8333333333333334,0.6666666666666666,0.8333333333333334,0.9166666666666666,0.07453559924999295,5.333333333333333,-0.38333333333333336,0.11055415967851333,1.0,4760.0,214.46783180701036,0.021702847805789013,,,0.16666666666666666,0.3333333333333333,0.5,0.0,0.16666666666666666,2,ghp,1,1,1,4.0,5.0,1.0,0.0,0.0,0.1,0.5,0.4,0.0,0.0,5.0,25.1,1.1,1.3,23.5,30.0,30.0,23.5,24,33.0,40.0,15.5,-0.28787878787878785,0.05416666666666667,0.0203125,-0.4161603972249126,-0.0078125,0,0,0.04583333333333339,0,0,0.9675263161425686,0.040731234188003215,3.1021127556041233,0.7068615104101307,0.05504350618857658,3.0,0.23076923076923078,5.0,1.25,0.05220443079622725,-0.25,-0.00032901952182496155,1.25,0.052533450318052205,-3.0,-0.6,0.6,13.0,8.0,5.0,0.7222222222222222,4.012222,7.096228,11.393582,0.6153846153846154,1.0,0.0,0,0,0,20260826,20260826/ghp2
726a00be-8059-48c7-903b-975c7adfccb7,13,6,22.5,0.16666666666666666,0.6666666666666666,0.6666666666666666,1.0,0.875,0.08740073734751258,5.5,-0.325,0.10151628221894039,1.0,4760.0,732.6643434752369,0.06833239962651728,,,0.08333333333333333,0.08333333333333333,0.5,0.3333333333333333,0.16666666666666666,2,ghp,1,1,1,0.0,5.0,5.0,10.0,0.0,0.25,0.25,0.0,0.0,0.5,10.0,66.502,42.501999999999995,42.501999999999995,65.0,69.62,69.62,64.81,24,70.0,78.5,63.0,-0.0714285714285714,1.7709166666666665,0.6640937499999999,-0.031252543504104224,0.640625,0,0,1.7709166666666665,0,0,1.5405118068508483,0.0231981190670575,2.0,0.9464894494467295,0.05263236703356004,9.0,0.6,10.0,1.3622222222222211,0.020385033362116327,-0.3590000000000032,-0.003956546006760285,1.653333333333336,0.024341579368876612,-6.0,-0.6,0.6,15.0,6.0,10.0,0.6,3.4166965,4.18644,4.608055,0.4,1.0,0.0,0,0,0,20260826,20260826/ghp1
80f251dc-c278-4363-81ce-f661c1e5cc3d,13,6,22.833333333333332,0.16666666666666666,0.6666666666666666,0.16666666666666666,1.0,0.861111111111111,0.16386534670836247,5.666666666666667,-0.29444444444444445,0.2435083084748779,2.0,4760.0,182.1774404255368,0.019540382819794578,,,0.0,0.25,0.5833333333333334,0.16666666666666666,0.5,2,gh,0,1,0,0.0,0.0,19.0,1.0,0.0,0.95,0.0,0.0,0.0,0.05,10.0,24.05,0.05,1.15,22.0,30.0,30.0,22.0,24,35.0,41.4,15.51,-0.37142857142857144,0.04791666666666666,0.01796875,-0.34955747616986876,-0.03125,0,0,0.002083333333333363,0,0,11.97448607286059,0.8046426779948964,4.382686702160198,0.9428745501199599,0.6151811202710193,7.0,0.1794871794871795,10.0,4.722222222222222,0.17880806894158185,1.9,0.1112161651421985,1.7222222222222223,0.06759190379938335,-6.0,-0.6,0.6,39.0,28.0,10.0,0.7959183673469388,0.7991600000000001,0.837871,6.626598,0.717948717948718,0.6785714285714286,0.3214285714285714,0,0,0,20260826,20260826/gh1
d21a648c-851e-4cfb-8dc1-9849fa4daf59,13,6,26.5,0.3333333333333333,0.8333333333333334,0.5,0.8333333333333334,0.9166666666666666,0.07453559924999298,5.333333333333333,-0.3833333333333333,0.20055478608655097,1.0,4760.0,388.0818439453202,0.041273809523809504,,,0.0,0.0,0.5,0.5,0.0,2,ng,0,0,0,0.0,1.0,0.0,1.0,0.0,0.0,0.5,0.0,0.0,0.5,1.0,22.5,-1.5,1.5,22.5,22.5,22.5,22.5,24,26.0,27.5,23.0,-0.13461538461538458,0.0625,0.0234375,0.02197890671877545,-0.0234375,0,0,-0.0625,0,0,3.036946025940734,0.12985513324233028,2.0,1.0,0.179482579764567,5.0,0.7142857142857143,1.0,2.5,0.11764705882352941,-2.0,-0.09411764705882353,4.5,0.21176470588235294,1.0,1.0,1.0,7.0,2.0,1.0,0.875,8.973381,12.251533,8.973381,0.2857142857142857,1.0,0.0,1,0,0,20260826,20260826/ng1
04d50e49-bd58-4a7b-bf5a-9059d667defe,14,6,23.833333333333332,0.3333333333333333,0.8333333333333334,0.8333333333333334,0.8333333333333334,0.861111111111111,0.1009216784699164,5.5,-0.3111111111111111,0.19962928605756183,1.6666666666666667,4700.0,530.5284321881344,0.05755543735224586,,,0.5555555555555555,0.05555555555555555,0.38888888888888884,0.0,0.0,2,ng,0,0,0,7.0,11.0,0.0,0.0,0.0,0.0,0.6111111111111112,0.3888888888888889,0.0,0.0,9.0,7.833333333333333,-8.166666666666666,8.166666666666666,7.5,8.0,8.0,7.0,16,11.0,14.0,5.0,-0.31818181818181823,0.5104166666666666,0.12760416666666666,-0.4054651081081644,-0.1328125,0,0,-0.5104166666666667,0,0,1.573612819181887,0.17841939264671636,3.713904024983503,0.8692202596561319,0.1687679307449629,4.0,0.25,9.0,0.6944444444444452,0.08497921470229891,0.18333333333333396,0.023118525969647176,0.5111111111111113,0.06186068873265175,-9.0,-1.0,1.0,16.0,3.0,9.0,0.64,1.8408875,2.8409845000000002,2.1369365,0.1875,1.0,0.0,0,0,0,20260826,20260826/ng2
55ae4144-efe9-4ac1-adff-7ef37ab172bb,14,6,25.166666666666668,0.16666666666666666,0.8333333333333334,0.6666666666666666,0.8333333333333334,0.9166666666666666,0.07453559924999295,5.333333333333333,-0.38333333333333336,0.11055415967851333,1.0,4700.0,240.92805747774608,0.025024468085106413,,,0.16666666666666666,0.3333333333333333,0.5,0.0,0.16666666666666666,2,ghp,1,1,1,4.0,4.0,0.0,0.0,0.0,0.0,0.5,0.5,0.0,0.0,4.0,17.625,1.625,2.125,15.5,23.5,23.5,15.5,16,23.5,33.0,8.0,-0.34042553191489366,0.1328125,0.033203125,-0.6613984822453651,-0.0078125,0,0,0.1015625,0,0,1.686011341838287,0.10439046388477222,2.6599527071475704,0.4613945336885583,0.8335249672939569,4.0,0.36363636363636365,4.0,1.3333333333333333,0.08174048174048175,-2.25,0.06153846153846154,0.3333333333333333,0.020202020202020204,-4.0,-1.0,1.0,11.0,8.0,4.0,0.7333333333333333,0.804117,3.0479135,2.931478,0.7272727272727273,1.0,0.0,0,0,0,20260826,20260826/ghp2
726a00be-8059-48c7-903b-975c7adfccb7,14,6,22.5,0.16666666666666666,0.6666666666666666,0.6666666666666666,1.0,0.875,0.08740073734751258,5.5,-0.325,0.10151628221894039,1.0,4700.0,1047.344981961531,0.09976205673758863,,,0.08333333333333333,0.08333333333333333,0.5,0.3333333333333333,0.16666666666666666,2,ghp,1,1,1,0.0,7.0,2.0,9.0,0.0,0.1111111111111111,0.3888888888888889,0.0,0.0,0.5,9.0,64.28222222222222,48.28222222222222,48.28222222222222,63.0,65.46,65.46,63.0,16,65.0,70.0,59.5,-0.03076923076923077,3.0176388888888885,0.7544097222222221,-0.05715841383994835,0.734375,0,0,3.0176388888888885,1,1,3.0886454224253836,0.049018676001646555,2.0,0.9217860559964562,0.08444305782178917,9.0,0.45,9.0,0.9077777777777796,0.014136816014366976,-1.177777777777771,-0.018088668387658862,2.0855555555555503,0.03222548440202584,-7.0,-0.7777777777777778,0.7777777777777778,20.0,10.0,9.0,0.6896551724137931,1.158872,4.316117,5.506994000000001,0.5,1.0,0.0,0,0,1,20260826,20260826/ghp1
80f251dc-c278-4363-81ce-f661c1e5cc3d,14,6,22.833333333333332,0.16666666666666666,0.6666666666666666,0.16666666666666666,1.0,0.861111111111111,0.16386534670836247,5.666666666666667,-0.29444444444444445,0.2435083084748779,2.0,4700.0,227.74308086086816,0.024519148936170188,,,0.0,0.25,0.5833333333333334,0.16666666666666666,0.5,2,gh,0,1,0,0.0,3.0,26.0,1.0,0.0,0.8666666666666667,0.1,0.0,0.0,0.03333333333333333,15.0,16.017333333333333,0.01733333333333332,1.5826666666666669,15.51,22.0,22.0,14.75,16,22.0,35.0,6.25,-0.29500000000000004,0.09891666666666668,0.02472916666666667,-0.9089035134401371,-0.007656250000000003,0,0,0.001083333333333325,0,0,8.845246515308494,0.6204028598040217,3.9716465572378343,1.0,1.0523118665715203,16.0,0.47058823529411764,15.0,6.497857142857143,0.2973342083642253,1.5686666666666667,0.11769995075642152,3.9600000000000004,0.17963425760780377,-11.0,-0.7333333333333333,0.7333333333333333,34.0,16.0,15.0,0.6938775510204082,1.143646,2.8477259999999998,1.6797935000000002,0.47058823529411764,0.8956228956228957,0.10437710437710435,0,0,0,20260826,20260826/gh1
d21a648c-851e-4cfb-8dc1-9849fa4daf59,14,6,26.5,0.3333333333333333,0.8333333333333334,0.5,0.8333333333333334,0.9166666666666666,0.07453559924999298,5.333333333333333,-0.3833333333333333,0.20055478608655097,1.0,4700.0,424.4069539958079,0.04585342789598106,,,0.0,0.0,0.5,0.5,0.0,2,ng,0,0,0,0.0,22.0,0.0,4.0,0.0,0.0,0.8461538461538461,0.0,0.0,0.15384615384615385,13.0,19.78846153846154,3.7884615384615383,3.7884615384615383,23.0,22.25,23.0,16.0,16,22.5,26.0,23.75,0.022222222222222143,0.23677884615384615,0.059194711538461536,0.03208831455150074,0.109375,0,0,0.23677884615384626,0,0,7.6707793197402205,0.3751969004168268,2.0,1.0,0.49433082761244324,13.0,1.0,13.0,5.166666666666667,0.2379255458046595,2.019230769230769,0.11586696958278618,2.8333333333333335,0.12205857622187333,-13.0,-1.0,1.0,13.0,2.0,13.0,0.5,3.1706975,3.1885285,3.182016,0.15384615384615385,1.0,0.0,1,0,0,20260826,20260826/ng1
04d50e49-bd58-4a7b-bf5a-9059d667defe,15,6,23.833333333333332,0.3333333333333333,0.8333333333333334,0.8333333333333334,0.8333333333333334,0.861111111111111,0.1009216784699164,5.5,-0.3111111111111111,0.19962928605756183,1.6666666666666667,4640.0,528.8909197556712,0.057590038314176244,,,0.5555555555555555,0.05555555555555555,0.38888888888888884,0.0,0.0,2,ng,0,0,0,10.0,8.0,0.0,0.0,0.0,0.0,0.4444444444444444,0.5555555555555556,0.0,0.0,9.0,7.388888888888889,-0.6111111111111113,1.8333333333333333,5.0,7.0,12.2,5.0,8,7.5,11.0,,-0.33333333333333337,0.22916666666666666,0.028645833333333332,,-0.046875,0,0,-0.07638888888888884,0,0,6.596919636033613,0.7787021155345637,3.1771030414392776,0.9495583077368754,0.5986431336663738,2.0,0.2,9.0,5.0375,0.6191564605777033,2.3933333333333326,0.32091774598251693,2.12875,0.29823871459518647,-1.0,-0.1111111111111111,0.1111111111111111,10.0,6.0,9.0,0.5263157894736842,3.3654275,3.976213,3.976213,0.6,1.0,0.0,0,0,0,20260826,20260826/ng2
55ae4144-efe9-4ac1-adff-7ef37ab172bb,15,6,25.166666666666668,0.16666666666666666,0.8333333333333334,0.6666666666666666,0.8333333333333334,0.9166666666666666,0.07453559924999295,5.333333333333333,-0.38333333333333336,0.11055415967851333,1.0,4640.0,312.59090498605383,0.033034841954023016,,,0.16666666666666666,0.3333333333333333,0.5,0.0,0.16666666666666666,2,ghp,1,1,1,1.0,3.0,2.0,0.0,0.0,0.3333333333333333,0.5,0.16666666666666666,0.0,0.0,3.0,7.75,-0.25,0.25,8.0,7.75,8.0,7.5,8,15.5,23.5,,-0.4838709677419355,0.03125,0.00390625,,0.0,0,0,-0.03125,0,0,2.579829096762123,0.3115050969569779,3.091721262784763,0.9474198576315644,0.48564906305710565,5.0,0.2777777777777778,3.0,0.9166666666666666,0.11570106456962499,0.16666666666666666,0.024543946932006632,0.75,0.09115711763761836,-1.0,-0.3333333333333333,0.3333333333333333,18.0,8.0,3.0,0.8571428571428571,2.5440620000000003,4.921801,2.5440620000000003,0.4444444444444444,0.75,0.25,0,0,0,20260826,20260826/ghp2
726a00be-8059-48c7-903b-975c7adfccb7,15,6,22.5,0.16666666666666666,0.6666666666666666,0.6666666666666666,1.0,0.875,0.08740073734751258,5.5,-0.325,0.10151628221894039,1.0,4640.0,1427.0044018432457,0.12465122126436783,,,0.08333333333333333,0.08333333333333333,0.5,0.3333333333333333,0.16666666666666666,2,ghp,1,1,1,0.0,6.0,4.0,18.0,0.0,0.14285714285714285,0.21428571428571427,0.0,0.0,0.6428571428571429,14.0,60.39071428571429,52.39071428571429,52.39071428571429,59.5,60.73,63.5,57.5,8,63.0,65.0,,-0.05555555555555558,6.548839285714286,0.8186049107142858,,0.8046875,0,0,6.548839285714286,1,0,3.1542953471776936,0.052784731884408846,2.275744399341633,0.8193237750568102,0.10719114571692212,15.0,0.6521739130434783,14.0,1.435384615384614,0.023861455786301253,-0.2335714285714232,-0.007641656317259672,1.96692307692307,0.031503112103560924,-2.0,-0.14285714285714285,0.14285714285714285,23.0,4.0,14.0,0.6216216216216216,1.0696005,1.936042,8.077011,0.17391304347826086,0.7666666666666666,0.2333333333333334,0,0,2,20260826,20260826/ghp1
80f251dc-c278-4363-81ce-f661c1e5cc3d,15,6,22.833333333333332,0.16666666666666666,0.6666666666666666,0.16666666666666666,1.0,0.861111111111111,0.16386534670836247,5.666666666666667,-0.29444444444444445,0.2435083084748779,2.0,4640.0,277.57558048214526,0.03045761494252871,,,0.0,0.25,0.5833333333333334,0.16666666666666666,0.5,2,gh,0,1,0,0.0,1.0,19.0,2.0,0.0,0.8636363636363636,0.045454545454545456,0.0,0.0,0.09090909090909091,11.0,7.340909090909091,-0.6590909090909091,1.75,6.25,10.0,10.0,6.0,8,15.51,22.0,,-0.5970341715022567,0.21875,0.02734375,,-0.02734375,0,0,-0.08238636363636365,0,0,6.009291832329214,0.6135137561877905,3.123387826000263,0.9793262933805785,0.6201148431825108,10.0,0.2631578947368421,11.0,2.7972727272727274,0.2823248807919828,1.2745454545454549,0.12562379225074027,1.5227272727272727,0.15670108854124257,-3.0,-0.2727272727272727,0.2727272727272727,38.0,10.0,11.0,0.7755102040816326,1.2070355,2.3288130000000002,3.153634,0.2631578947368421,0.6799999999999999,0.32000000000000006,0,0,0,20260826,20260826/gh1
d21a648c-851e-4cfb-8dc1-9849fa4daf59,15,6,26.5,0.3333333333333333,0.8333333333333334,0.5,0.8333333333333334,0.9166666666666666,0.07453559924999298,5.333333333333333,-0.3833333333333333,0.20055478608655097,1.0,4640.0,522.7870031666818,0.0573469827586207,,,0.0,0.0,0.5,0.5,0.0,2,ng,0,0,0,0.0,20.0,0.0,4.0,0.0,0.0,0.8333333333333334,0.0,0.0,0.16666666666666666,12.0,20.850833333333334,12.850833333333334,12.850833333333334,23.75,19.88,23.75,17.44,8,23.0,22.5,,0.032608695652173836,1.6063541666666667,0.20079427083333334,,0.24609375,0,0,1.6063541666666667,0,0,6.4234707678594445,0.2984910732022744,2.0,1.0,0.5378346768247001,11.0,0.8461538461538461,12.0,4.462500000000001,0.20115965458904295,1.3433333333333344,0.06782030531576276,3.1191666666666666,0.1333393492732802,-10.0,-0.8333333333333334,0.8333333333333334,13.0,1.0,12.0,0.52,4.090342,4.2866405,4.2358325,0.07692307692307693,1.0,0.0,1,0,0,20260826,20260826/ng1
