market_uuid,trading_day,n_traders,avg_age,share_female,share_finance_course,share_trading_experience,share_high_education,avg_fin_quiz,sd_fin_quiz,avg_self_assessment,avg_overconfidence,sd_overconfidence,avg_cq_attempts,avg_wealth,sd_wealth,gini,avg_forecast,sd_forecast,share_feedback,share_speculator,share_fundamental,share_other,share_market_maker,repetition,treatment,gamified,hedonic,price_notifications,vol_feedback,vol_fundamental,vol_market_maker,vol_other,vol_speculator,share_vol_market_maker,share_vol_fundamental,share_vol_feedback,share_vol_speculator,share_vol_other,n_trades_market,avg_trade_price,avg_mispricing,avg_abs_mispricing,closing_price,opening_price,max_price,min_price,fundamental_value,price_L1,price_L2,price_next,return,abs_mispricing_ratio,rad,ret_next,fundamental_gap,surge,crash,normalized_mispricing,bubble_period,bubble_start,quoted_spread,rel_quoted_spread,depth_best,pct_two_sided,rv_mid,n_improving_adds,share_improving_adds,volume_shares,eff_spread,rel_eff_spread,realized_spread,rel_realized_spread,price_impact,rel_price_impact,signed_volume,order_flow_imbalance,abs_order_flow_imbalance,n_limit_orders,n_cancels,n_marketable_orders,share_limit_orders,time_to_next_order_s,time_to_same_side_order_s,spread_recovery_s,cancel_to_order,avg_directionality,churn,cum_surge,cum_crash,cum_bubble_period,session_id,group_label
0596faff-8414-4cd3-a91c-e9efce969037,1,6,24.5,0.3333333333333333,0.3333333333333333,0.5,0.8333333333333334,0.5833333333333334,0.34960294939005054,5.333333333333333,-0.05000000000000001,0.3744625778662298,3.0,5000.0,228.52921038676874,0.021655555555555556,,,0.2222222222222222,0.2222222222222222,0.38888888888888884,0.16666666666666666,0.6666666666666666,1,ghp,1,1,1,3.0,0.0,10.0,3.0,0.0,0.625,0.0,0.1875,0.0,0.1875,8.0,5.75,-114.25,114.25,4.0,7.0,8.0,3.0,120,,,6.5,,0.9520833333333333,1.78515625,0.48550781578170077,-1.8125,0,0,-0.9520833333333333,0,0,0.5913163614016985,0.13326559231573942,3.2790978054611797,0.9905553555440074,0.8511818418041157,6.0,0.4,8.0,3.0,0.4584249084249084,1.125,0.1707875457875458,1.875,0.2876373626373626,-2.0,-0.25,0.25,15.0,5.0,8.0,0.6521739130434783,5.499262,7.392179,7.933820000000001,0.3333333333333333,0.6944444444444443,0.3055555555555557,0,0,0,20280904,20280904/ghp1
8bec516a-46ac-4c13-a5a8-c4f2591f7470,1,6,21.333333333333332,0.5,0.8333333333333334,0.6666666666666666,1.0,0.736111111111111,0.17010345435994292,6.5,-0.0861111111111111,0.21970097523342616,2.0,5000.0,0.6324555320336039,5.555555555555556e-05,,,0.25,0.16666666666666666,0.25,0.3333333333333333,0.16666666666666666,1,ng,0,0,0,0.0,1.0,0.0,1.0,0.0,0.0,0.5,0.0,0.0,0.5,1.0,119.0,-1.0,1.0,119.0,119.0,119.0,119.0,120,,,116.0,,0.008333333333333333,0.015625,-0.025533302005165126,-0.015625,0,0,-0.008333333333333333,0,0,13.0,0.12682926829268293,6.0,0.7510458864081302,,0.0,0.0,1.0,,,,,,,-1.0,-1.0,1.0,7.0,3.0,1.0,0.875,7.080236,7.080236,,0.42857142857142855,1.0,0.0,0,0,0,20280904,20280904/ng2
b2edd524-e3eb-4d3a-84b2-e088b02b55d0,1,6,23.5,0.3333333333333333,0.0,0.5,0.6666666666666666,0.7777777777777778,0.22771001702132437,4.666666666666667,-0.3111111111111111,0.34779730154640787,2.1666666666666665,5000.0,1.1726039399559058,0.00011944444444444444,,,0.08333333333333333,0.4166666666666667,0.5,0.0,0.6666666666666666,1,ng,0,0,0,0.0,0.0,11.0,0.0,1.0,0.9166666666666666,0.0,0.0,0.08333333333333333,0.0,6.0,120.58333333333333,0.5833333333333334,0.5833333333333334,120.75,120.0,121.0,120.0,120,,,121.07,,0.004861111111111111,0.009114583333333334,0.0026465981869661093,0.01171875,0,0,0.004861111111111071,0,0,0.3616770329225915,0.0029847716048010306,2.5063284093847362,0.8810887665656956,0.006750638034039582,11.0,0.3548387096774194,6.0,0.125,0.0010351977967218737,-0.25833333333333525,0.0009328601486710922,0.012500000000002842,0.00010233764805078131,2.0,0.3333333333333333,0.3333333333333333,31.0,19.0,6.0,0.8378378378378378,0.7304375000000001,3.591977,1.5584194999999998,0.6129032258064516,0.5833333333333334,0.41666666666666663,0,0,0,20280904,20280904/ng1
e75d2478-5641-45fa-8bf9-15303b4720f3,1,6,22.333333333333332,0.16666666666666666,0.16666666666666666,0.6666666666666666,0.8333333333333334,0.7777777777777778,0.10092167846991641,4.333333333333333,-0.3444444444444445,0.22001683437275296,1.8333333333333333,5000.0,229.91037671231805,0.021282555555555548,,,0.0,0.25,0.5833333333333334,0.16666666666666666,0.5,1,ghp,1,1,1,0.0,0.0,3.0,1.0,4.0,0.375,0.0,0.0,0.5,0.125,4.0,19.21,-100.79,100.79,19.95,18.63,19.95,18.63,120,,,23.2,,0.8399166666666668,1.57484375,0.150923135336392,-1.56328125,0,0,-0.8399166666666666,0,0,2.1234209170998892,0.09131146619578316,2.860343461305357,0.9990725311270863,1.415010452775203,18.0,0.46153846153846156,4.0,0.39250000000000185,0.020696514316989104,-0.16000000000000014,-0.008660451941220377,0.552500000000002,0.029356966258209476,0.0,0.0,0.0,39.0,25.0,4.0,0.9069767441860465,1.992166,1.992166,2.563872,0.6410256410256411,1.0,0.0,0,0,0,20280904,20280904/ghp2
0596faff-8414-4cd3-a91c-e9efce969037,2,6,24.5,0.3333333333333333,0.3333333333333333,0.5,0.8333333333333334,0.5833333333333334,0.34960294939005054,5.333333333333333,-0.05000000000000001,0.3744625778662298,3.0,5000.0,372.84742187656326,0.028533333333333334,,,0.2222222222222222,0.2222222222222222,0.38888888888888884,0.16666666666666666,0.6666666666666666,1,ghp,1,1,1,5.0,0.0,11.0,0.0,0.0,0.6875,0.0,0.3125,0.0,0.0,8.0,5.4375,-106.5625,106.5625,6.5,4.0,6.5,4.0,112,4.0,,6.5,0.625,0.9514508928571429,1.6650390625,0.0,-1.6484375,0,0,-0.9514508928571429,0,0,0.7033191603822693,0.11073167808767781,4.3416310759689205,1.0,0.4283717095078375,6.0,0.3,8.0,0.7857142857142857,0.16097299525870953,-0.875,-0.18016903731189446,1.5,0.341142032570604,8.0,1.0,1.0,20.0,9.0,8.0,0.7142857142857143,0.784251,1.1145535,4.475915,0.45,0.5,0.5,0,0,0,20280904,20280904/ghp1
8bec516a-46ac-4c13-a5a8-c4f2591f7470,2,6,21.333333333333332,0.5,0.8333333333333334,0.6666666666666666,1.0,0.736111111111111,0.17010345435994292,6.5,-0.0861111111111111,0.21970097523342616,2.0,5000.0,55.465304470452594,0.005033333333333333,,,0.25,0.16666666666666666,0.25,0.3333333333333333,0.16666666666666666,1,ng,0,0,0,3.0,2.0,2.0,2.0,3.0,0.16666666666666666,0.16666666666666666,0.25,0.25,0.16666666666666666,6.0,97.66666666666667,-14.333333333333334,17.333333333333332,116.0,115.0,116.0,20.0,112,119.0,,99.0,-0.025210084033613467,0.15476190476190474,0.2708333333333333,-0.1584703409717747,0.0625,0,0,-0.12797619047619044,0,0,9.438265757553628,0.1852513715602216,3.4769206862653483,0.12815443696939327,1.8396353729114916,0.0,0.0,6.0,-56.666666666666664,-3.4303030303030297,-72.6,0.0935064935064935,-61.666666666666664,-3.5238095238095237,-2.0,-0.3333333333333333,0.3333333333333333,7.0,3.0,6.0,0.5384615384615384,3.4263120000000002,13.564246,,0.42857142857142855,0.8666666666666666,0.13333333333333341,0,0,0,20280904,20280904/ng2
b2edd524-e3eb-4d3a-84b2-e088b02b55d0,2,6,23.5,0.3333333333333333,0.0,0.5,0.6666666666666666,0.7777777777777778,0.22771001702132437,4.666666666666667,-0.3111111111111111,0.34779730154640787,2.1666666666666665,5000.0,34.752953831293304,0.003231888888888923,,,0.08333333333333333,0.4166666666666667,0.5,0.0,0.6666666666666666,1,ng,0,0,0,0.0,2.0,11.0,0.0,7.0,0.55,0.1,0.0,0.35,0.0,10.0,121.08600000000001,9.086000000000002,9.086000000000002,121.07,120.9,121.27,120.9,112,120.75,,121.16,0.002650103519668656,0.08112500000000002,0.14196875000000003,0.0007430954393878864,0.1417187499999999,0,0,0.08112500000000011,0,0,0.1051678547834178,0.0008677375170857526,2.631639348512979,0.9826313233046965,0.004045562230345533,12.0,0.6,10.0,0.35399999999999354,0.002919713470070367,0.19300000000000067,0.0015920067864988313,0.16099999999999284,0.001327706683571536,2.0,0.2,0.2,20.0,5.0,10.0,0.6666666666666666,2.2561489999999997,3.893,2.6518610000000002,0.25,0.7166666666666667,0.2833333333333333,0,0,0,20280904,20280904/ng1
e75d2478-5641-45fa-8bf9-15303b4720f3,2,6,22.333333333333332,0.16666666666666666,0.16666666666666666,0.6666666666666666,0.8333333333333334,0.7777777777777778,0.10092167846991641,4.333333333333333,-0.3444444444444445,0.22001683437275296,1.8333333333333333,5000.0,1034.6971012813362,0.0963262222222222,,,0.0,0.25,0.5833333333333334,0.16666666666666666,0.5,1,ghp,1,1,1,0.0,0.0,19.0,5.0,18.0,0.4523809523809524,0.0,0.0,0.42857142857142855,0.11904761904761904,21.0,22.683809523809526,-89.31619047619049,89.31619047619049,23.2,20.0,23.2,20.0,112,19.95,,28.23,0.162907268170426,0.7974659863945579,1.3955654761904763,0.19623296359313347,-1.3875,0,0,-0.7974659863945578,0,0,0.2787971034873209,0.005741775815395861,2.2548663763957633,1.0,1.854777326969263,39.0,0.527027027027027,21.0,0.07999999999999965,0.003621218675695286,-0.4533333333333345,-0.022014080013600838,0.5333333333333341,0.02563529868929612,9.0,0.42857142857142855,0.42857142857142855,74.0,47.0,21.0,0.7789473684210526,0.7524245,2.8958804999999996,2.1536055,0.6351351351351351,0.9696969696969697,0.030303030303030276,0,0,0,20280904,20280904/ghp2
0596faff-8414-4cd3-a91c-e9efce969037,3,6,24.5,0.3333333333333333,0.3333333333333333,0.5,0.8333333333333334,0.5833333333333334,0.34960294939005054,5.333333333333333,-0.05000000000000001,0.3744625778662298,3.0,5180.0,461.50904649854914,0.04258901758901759,0.0,37.603191353926334,0.2222222222222222,0.2222222222222222,0.38888888888888884,0.16666666666666666,0.6666666666666666,1,ghp,1,1,1,3.0,0.0,13.0,0.0,0.0,0.8125,0.0,0.1875,0.0,0.0,8.0,6.875,-97.125,97.125,6.5,7.0,7.0,6.5,104,6.5,4.0,7.25,0.0,0.9338942307692307,1.517578125,0.109199291964992,-1.5234375,0,0,-0.9338942307692307,0,0,0.33755326469297176,0.05154805607601983,4.200739169819122,1.0,0.08821614292023285,2.0,0.09523809523809523,8.0,0.75,0.1147008547008547,0.5625,0.08511396011396011,0.1875,0.02958689458689459,6.0,0.75,0.75,21.0,10.0,8.0,0.7241379310344828,1.462056,6.62449,0.8978455,0.47619047619047616,0.7666666666666666,0.2333333333333334,0,0,0,20280904,20280904/ghp1
8bec516a-46ac-4c13-a5a8-c4f2591f7470,3,6,21.333333333333332,0.5,0.8333333333333334,0.6666666666666666,1.0,0.736111111111111,0.17010345435994292,6.5,-0.0861111111111111,0.21970097523342616,2.0,5180.0,87.23989912878167,0.008622908622908623,0.0,39.191835884530846,0.25,0.16666666666666666,0.25,0.3333333333333333,0.16666666666666666,1,ng,0,0,0,2.0,1.0,2.0,2.0,1.0,0.25,0.125,0.25,0.125,0.25,4.0,103.0,-1.0,4.0,99.0,110.0,110.0,99.0,104,116.0,119.0,100.0,-0.14655172413793105,0.038461538461538464,0.0625,0.010050335853502013,-0.078125,0,0,-0.009615384615384616,0,0,12.65143030341491,0.12332052358905635,4.9239184221654675,0.9599345727233476,0.12773859508883326,1.0,0.1,4.0,6.25,0.059768152408339326,3.0,0.026915588305775222,3.25,0.032852564102564104,0.0,0.0,0.0,10.0,2.0,4.0,0.7142857142857143,2.992242,5.287558000000001,30.109753,0.2,0.8,0.19999999999999996,0,0,0,20280904,20280904/ng2
b2edd524-e3eb-4d3a-84b2-e088b02b55d0,3,6,23.5,0.3333333333333333,0.0,0.5,0.6666666666666666,0.7777777777777778,0.22771001702132437,4.666666666666667,-0.3111111111111111,0.34779730154640787,2.1666666666666665,5180.0,105.11152039619645,0.009972651222651232,0.0,49.15960401250876,0.08333333333333333,0.4166666666666667,0.5,0.0,0.6666666666666666,1,ng,0,0,0,0.0,6.0,48.0,0.0,0.0,0.8888888888888888,0.1111111111111111,0.0,0.0,0.0,27.0,121.1962962962963,17.196296296296296,17.196296296296296,121.16,121.19,121.3,121.14,104,121.07,120.75,121.18,0.0007433716032048121,0.16534900284900284,0.26869212962962963,0.00016505735780647512,0.26812499999999995,0,0,0.16534900284900284,0,0,0.1330656674503341,0.0010986798256281622,3.774169428312862,1.0,0.0037211432984974218,27.0,0.5869565217391305,27.0,0.03884615384614694,0.0003205025315995375,0.0025925925925902346,-4.1227697022077226e-05,0.043846153846150045,0.0003617302286216147,-9.0,-0.3333333333333333,0.3333333333333333,46.0,11.0,27.0,0.6301369863013698,0.938108,2.528507,2.054566,0.2391304347826087,0.7590643274853801,0.2409356725146199,0,0,0,20280904,20280904/ng1
e75d2478-5641-45fa-8bf9-15303b4720f3,3,6,22.333333333333332,0.16666666666666666,0.16666666666666666,0.6666666666666666,0.8333333333333334,0.7777777777777778,0.10092167846991641,4.333333333333333,-0.3444444444444445,0.22001683437275296,1.8333333333333333,5180.0,1342.3839595585162,0.12634126984126987,15.0,77.88880963698615,0.0,0.25,0.5833333333333334,0.16666666666666666,0.5,1,ghp,1,1,1,0.0,0.0,31.0,7.0,2.0,0.775,0.0,0.0,0.05,0.175,20.0,26.649,-77.351,77.351,28.23,23.21,28.23,23.21,104,23.2,19.95,84.67,0.2168103448275862,0.7437596153846153,1.208609375,1.098376105388788,-1.18390625,0,0,-0.7437596153846153,0,0,0.340429731532009,0.004485977057096595,2.958284809031836,0.7127682501806539,1.2343232053501414,33.0,0.38823529411764707,20.0,0.5195000000000018,0.02034774199109691,-1.0590000000000006,-0.04421632920236433,1.5785000000000025,0.06456407119346123,10.0,0.5,0.5,85.0,61.0,20.0,0.8095238095238095,0.164163,0.2781245,0.278647,0.7176470588235294,0.7972222222222223,0.20277777777777772,0,0,0,20280904,20280904/ghp2
0596faff-8414-4cd3-a91c-e9efce969037,4,6,24.5,0.3333333333333333,0.3333333333333333,0.5,0.8333333333333334,0.5833333333333334,0.34960294939005054,5.333333333333333,-0.05000000000000001,0.3744625778662298,3.0,5360.0,676.6907528553941,0.061769278606965176,,,0.2222222222222222,0.2222222222222222,0.38888888888888884,0.16666666666666666,0.6666666666666666,1,ghp,1,1,1,0.0,0.0,7.0,1.0,0.0,0.875,0.0,0.0,0.0,0.125,4.0,7.125,-88.875,88.875,7.25,7.0,7.25,7.0,96,6.5,6.5,6.5,0.11538461538461542,0.92578125,1.388671875,-0.109199291964992,-1.38671875,0,0,-0.92578125,0,0,0.24456366027850748,0.03742076810106896,2.61322561706108,1.0,0.06453358276714002,3.0,0.2727272727272727,4.0,0.8333333333333334,0.124009324009324,0.9375,0.13543123543123545,-0.08333333333333333,-0.01142191142191142,4.0,1.0,1.0,11.0,6.0,4.0,0.7333333333333333,2.001551,2.001551,1.177294,0.5454545454545454,1.0,0.0,0,0,0,20280904,20280904/ghp1
8bec516a-46ac-4c13-a5a8-c4f2591f7470,4,6,21.333333333333332,0.5,0.8333333333333334,0.6666666666666666,1.0,0.736111111111111,0.17010345435994292,6.5,-0.0861111111111111,0.21970097523342616,2.0,5360.0,179.3937011157303,0.01637126865671642,,,0.25,0.16666666666666666,0.25,0.3333333333333333,0.16666666666666666,1,ng,0,0,0,3.0,1.0,4.0,5.0,1.0,0.2857142857142857,0.07142857142857142,0.21428571428571427,0.07142857142857142,0.35714285714285715,7.0,98.21428571428571,2.2142857142857144,2.2142857142857144,100.0,96.0,102.5,96.0,96,99.0,116.0,98.25,0.010101010101010166,0.023065476190476192,0.03459821428571429,-0.017654935238721414,0.0625,0,0,0.023065476190476126,0,0,5.5360889879156385,0.05578106543731879,2.168186069040819,1.0,0.12142134564826415,5.0,0.35714285714285715,7.0,9.083333333333334,0.08959278943459187,7.428571428571429,0.06314234287542252,2.5833333333333335,0.026450446559169352,-1.0,-0.14285714285714285,0.14285714285714285,14.0,5.0,7.0,0.6666666666666666,1.110196,5.3624625,1.5330784999999998,0.35714285714285715,1.0,0.0,0,0,0,20280904,20280904/ng2
b2edd524-e3eb-4d3a-84b2-e088b02b55d0,4,6,23.5,0.3333333333333333,0.0,0.5,0.6666666666666666,0.7777777777777778,0.22771001702132437,4.666666666666667,-0.3111111111111111,0.34779730154640787,2.1666666666666665,5360.0,170.43747064539542,0.01627632669983416,,,0.08333333333333333,0.4166666666666667,0.5,0.0,0.6666666666666666,1,ng,0,0,0,0.0,4.0,17.0,0.0,1.0,0.7727272727272727,0.18181818181818182,0.0,0.045454545454545456,0.0,11.0,121.09727272727272,25.097272727272728,25.097272727272728,121.18,121.13,121.18,120.9,96,121.16,121.07,121.23,0.00016507098052165325,0.2614299242424242,0.39214488636363637,0.0004125242416490593,0.3934375000000001,0,0,0.2614299242424242,0,0,0.06296283293650376,0.0005199192047449646,2.6803645101726112,1.0,0.0021562310187581914,11.0,0.4583333333333333,11.0,0.09700000000000272,0.000801162595317789,0.02727272727273089,0.0002563198906949429,0.06599999999999966,0.0005448427046228462,-7.0,-0.6363636363636364,0.6363636363636364,24.0,9.0,11.0,0.6857142857142857,1.423993,6.3675049999999995,6.2663795,0.375,0.8777777777777778,0.12222222222222223,0,0,0,20280904,20280904/ng1
e75d2478-5641-45fa-8bf9-15303b4720f3,4,6,22.333333333333332,0.16666666666666666,0.16666666666666666,0.6666666666666666,0.8333333333333334,0.7777777777777778,0.10092167846991641,4.333333333333333,-0.3444444444444445,0.22001683437275296,1.8333333333333333,5360.0,1372.507281452452,0.1257119610281924,,,0.0,0.25,0.5833333333333334,0.16666666666666666,0.5,1,ghp,1,1,1,0.0,0.0,17.0,2.0,15.0,0.5,0.0,0.0,0.4411764705882353,0.058823529411764705,17.0,86.8464705882353,-9.153529411764705,9.624117647058823,84.67,92.26,100.0,84.52,96,28.23,23.2,94.97,1.9992915338292598,0.10025122549019606,0.1503768382352941,0.11479970460067523,-0.17703124999999997,1,0,-0.09534926470588223,0,0,3.8016514362855824,0.037103553363612665,2.747049249057524,0.9929407754559555,0.6658604916593189,25.0,0.3333333333333333,17.0,4.791176470588232,0.04300404751409665,0.8599999999999935,0.011651991886268337,3.9311764705882375,0.03135205562782832,11.0,0.6470588235294118,0.6470588235294118,75.0,39.0,17.0,0.8152173913043478,0.994436,1.5615459999999999,1.148615,0.52,0.8333333333333334,0.16666666666666663,1,0,0,20280904,20280904/ghp2
0596faff-8414-4cd3-a91c-e9efce969037,5,6,24.5,0.3333333333333333,0.3333333333333333,0.5,0.8333333333333334,0.5833333333333334,0.34960294939005054,5.333333333333333,-0.05000000000000001,0.3744625778662298,3.0,5300.0,614.9671258205594,0.058903983228511536,,,0.2222222222222222,0.2222222222222222,0.38888888888888884,0.16666666666666666,0.6666666666666666,1,ghp,1,1,1,5.0,0.0,15.0,0.0,0.0,0.75,0.0,0.25,0.0,0.0,10.0,6.563,-81.437,81.437,6.5,6.5,6.79,6.5,88,7.25,6.5,6.61,-0.10344827586206895,0.9254204545454545,1.272453125,0.016781476962003605,-1.2734375,0,0,-0.9254204545454545,0,0,0.29122155300507496,0.04558595664506259,2.871633152239341,1.0,0.0961227475741704,10.0,0.5263157894736842,10.0,0.28900000000000003,0.04392260516534006,-0.019999999999999928,-0.003088228634733256,0.309,0.04701083380007331,0.0,0.0,0.0,19.0,6.0,10.0,0.6551724137931034,1.6527910000000001,3.211154,3.0542214999999997,0.3157894736842105,0.54,0.45999999999999996,0,0,0,20280904,20280904/ghp1
8bec516a-46ac-4c13-a5a8-c4f2591f7470,5,6,21.333333333333332,0.5,0.8333333333333334,0.6666666666666666,1.0,0.736111111111111,0.17010345435994292,6.5,-0.0861111111111111,0.21970097523342616,2.0,5300.0,151.11047283361924,0.014250524109014675,,,0.25,0.16666666666666666,0.25,0.3333333333333333,0.16666666666666666,1,ng,0,0,0,3.0,2.0,3.0,1.0,3.0,0.25,0.16666666666666666,0.25,0.25,0.08333333333333333,6.0,97.625,9.625,9.625,98.25,101.0,101.0,94.5,88,100.0,99.0,92.53,-0.01749999999999996,0.109375,0.150390625,-0.05998233448843138,0.16015625,0,0,0.109375,0,0,2.1772045364039894,0.02253838990529696,2.485880621991065,1.0,0.10312537139288676,7.0,0.6363636363636364,6.0,6.8,0.06836482737007213,3.1666666666666665,0.04459350717172419,2.4,0.02377132019834794,0.0,0.0,0.0,11.0,7.0,6.0,0.6470588235294118,1.257777,8.9976335,1.410561,0.6363636363636364,0.7333333333333333,0.2666666666666667,0,0,0,20280904,20280904/ng2
b2edd524-e3eb-4d3a-84b2-e088b02b55d0,5,6,23.5,0.3333333333333333,0.0,0.5,0.6666666666666666,0.7777777777777778,0.22771001702132437,4.666666666666667,-0.3111111111111111,0.34779730154640787,2.1666666666666665,5300.0,141.6994564562612,0.013756918238993675,,,0.08333333333333333,0.4166666666666667,0.5,0.0,0.6666666666666666,1,ng,0,0,0,0.0,1.0,18.0,0.0,9.0,0.6428571428571429,0.03571428571428571,0.0,0.32142857142857145,0.0,14.0,121.14999999999999,33.15,33.15,121.23,121.18,121.23,121.0,88,121.18,121.16,121.85,0.00041260934147557826,0.37670454545454546,0.51796875,0.005101212312723646,0.5192187500000001,0,0,0.37670454545454535,0,0,0.13825254159481426,0.0011417984418568422,2.9240986556516075,1.0,0.0011253474049560434,4.0,0.3333333333333333,14.0,0.15785714285713734,0.0013036674731681404,0.12142857142857467,0.0010028605589668563,0.03642857142856266,0.00030080691420128426,2.0,0.14285714285714285,0.14285714285714285,12.0,6.0,14.0,0.46153846153846156,2.011727,4.2733989999999995,1.743296,0.5,0.7777777777777777,0.22222222222222232,0,0,0,20280904,20280904/ng1
e75d2478-5641-45fa-8bf9-15303b4720f3,5,6,22.333333333333332,0.16666666666666666,0.16666666666666666,0.6666666666666666,0.8333333333333334,0.7777777777777778,0.10092167846991641,4.333333333333333,-0.3444444444444445,0.22001683437275296,1.8333333333333333,5300.0,1337.4215705303993,0.12207714884696017,,,0.0,0.25,0.5833333333333334,0.16666666666666666,0.5,1,ghp,1,1,1,0.0,0.0,27.0,1.0,34.0,0.43548387096774194,0.0,0.0,0.5483870967741935,0.016129032258064516,31.0,87.46516129032258,-0.5348387096774198,4.3025806451612905,94.97,84.67,97.42,84.65,88,84.67,28.23,96.7,0.12164875398606356,0.04889296187683285,0.06722782258064516,0.018052350204387224,0.10890624999999998,0,0,-0.006077712609970637,0,0,0.5742690182805082,0.0060324499830670085,2.33088886960087,1.0,0.29819819587697444,31.0,0.4626865671641791,31.0,0.49899999999999617,0.005322766781552329,-11.011935483870971,-0.13463689023904085,11.875,0.13995965702059318,25.0,0.8064516129032258,0.8064516129032258,67.0,31.0,31.0,0.6836734693877551,0.383992,2.3665475000000002,0.309925,0.4626865671641791,0.8194444444444443,0.1805555555555557,1,0,0,20280904,20280904/ghp2
0596faff-8414-4cd3-a91c-e9efce969037,6,6,24.5,0.3333333333333333,0.3333333333333333,0.5,0.8333333333333334,0.5833333333333334,0.34960294939005054,5.333333333333333,-0.05000000000000001,0.3744625778662298,3.0,5480.0,756.9881105539243,0.06824959448499596,23.5,76.07890640644094,0.2222222222222222,0.2222222222222222,0.38888888888888884,0.16666666666666666,0.6666666666666666,1,ghp,1,1,1,3.0,0.0,13.0,0.0,0.0,0.8125,0.0,0.1875,0.0,0.0,8.0,6.4725,-73.5275,73.5275,6.61,6.25,6.61,6.25,80,6.5,7.25,6.6,0.01692307692307704,0.91909375,1.1488671875,-0.001514004831215221,-1.14671875,0,0,-0.91909375,0,0,0.14891477263200179,0.022850323179554842,4.132733193899347,1.0,0.10104857000354728,11.0,0.5789473684210527,8.0,0.20571428571428538,0.03239445073743331,0.022499999999999964,0.004244630920753503,0.17999999999999972,0.028149819816679803,0.0,0.0,0.0,19.0,9.0,8.0,0.7037037037037037,1.761108,4.2558105,5.313525,0.47368421052631576,0.72,0.28,0,0,0,20280904,20280904/ghp1
8bec516a-46ac-4c13-a5a8-c4f2591f7470,6,6,21.333333333333332,0.5,0.8333333333333334,0.6666666666666666,1.0,0.736111111111111,0.17010345435994292,6.5,-0.0861111111111111,0.21970097523342616,2.0,5480.0,246.56876850079792,0.021771897810218994,50.0,49.56477243634502,0.25,0.16666666666666666,0.25,0.3333333333333333,0.16666666666666666,1,ng,0,0,0,3.0,9.0,4.0,2.0,0.0,0.2222222222222222,0.5,0.16666666666666666,0.0,0.1111111111111111,9.0,92.89888888888889,12.898888888888887,12.898888888888887,92.53,94.5,94.5,92.52,80,98.25,100.0,90.88,-0.05821882951653945,0.16123611111111108,0.20154513888888886,-0.017992961288097575,0.19578125000000002,0,0,0.16123611111111114,0,0,9.402806593488465,0.12370475100663182,4.176488619487619,1.0,0.18936077382687697,10.0,0.35714285714285715,9.0,0.19874999999999332,0.0021414743191423054,0.15333333333332966,0.0035412901192480016,-0.13000000000000256,-0.001399815800105696,7.0,0.7777777777777778,0.7777777777777778,28.0,17.0,9.0,0.7567567567567568,0.5272075,0.7554295,0.628409,0.6071428571428571,1.0,0.0,0,0,0,20280904,20280904/ng2
b2edd524-e3eb-4d3a-84b2-e088b02b55d0,6,6,23.5,0.3333333333333333,0.0,0.5,0.6666666666666666,0.7777777777777778,0.22771001702132437,4.666666666666667,-0.3111111111111111,0.34779730154640787,2.1666666666666665,5480.0,144.39133505858337,0.013076845093268483,120.0,28.42123619173991,0.08333333333333333,0.4166666666666667,0.5,0.0,0.6666666666666666,1,ng,0,0,0,0.0,6.0,35.0,0.0,3.0,0.7954545454545454,0.13636363636363635,0.0,0.06818181818181818,0.0,22.0,120.9240909090909,40.92409090909091,40.92409090909091,121.85,120.82,121.85,120.0,80,121.23,121.18,122.57,0.005114245648766724,0.5115511363636364,0.6394389204545454,0.005891515281858162,0.6539062499999999,0,0,0.5115511363636364,0,0,0.24557703702396125,0.002028974638686329,2.256140865380744,0.9630716137391854,0.01476696941281257,9.0,0.5625,22.0,0.8919047619047614,0.007388612077695211,0.7059090909090909,0.0061595778642838175,0.14904761904761882,0.0012290342134113942,-4.0,-0.18181818181818182,0.18181818181818182,16.0,7.0,22.0,0.42105263157894735,2.598157,3.053425,3.141095,0.4375,0.4425019425019425,0.5574980574980575,0,0,0,20280904,20280904/ng1
e75d2478-5641-45fa-8bf9-15303b4720f3,6,6,22.333333333333332,0.16666666666666666,0.16666666666666666,0.6666666666666666,0.8333333333333334,0.7777777777777778,0.10092167846991641,4.333333333333333,-0.3444444444444445,0.22001683437275296,1.8333333333333333,5480.0,1343.3761159109536,0.12166636253041363,95.0,116.69404440673054,0.0,0.25,0.5833333333333334,0.16666666666666666,0.5,1,ghp,1,1,1,0.0,0.0,14.0,0.0,6.0,0.7,0.0,0.0,0.3,0.0,10.0,96.304,16.304000000000002,16.304000000000002,96.7,94.88,98.1,94.88,80,94.97,84.67,98.0,0.018216278824892074,0.20380000000000004,0.25475000000000003,0.013354076211324006,0.26093750000000004,0,0,0.20380000000000004,0,0,0.3534353734610867,0.0035925159707716407,2.799422579905476,0.536711880658831,0.8152107023823206,36.0,0.3829787234042553,10.0,0.37222222222222473,0.0038296878835339925,-1.5189999999999997,-0.015627862199105766,1.866666666666668,0.019457550082639757,4.0,0.4,0.4,94.0,65.0,10.0,0.9038461538461539,1.4934905,13.785432,1.689475,0.6914893617021277,0.7,0.30000000000000004,1,0,0,20280904,20280904/ghp2
0596faff-8414-4cd3-a91c-e9efce969037,7,6,24.5,0.3333333333333333,0.3333333333333333,0.5,0.8333333333333334,0.5833333333333334,0.34960294939005054,5.333333333333333,-0.05000000000000001,0.3744625778662298,3.0,5420.0,733.9937520987492,0.06522222222222222,,,0.2222222222222222,0.2222222222222222,0.38888888888888884,0.16666666666666666,0.6666666666666666,1,ghp,1,1,1,3.0,0.0,13.0,0.0,0.0,0.8125,0.0,0.1875,0.0,0.0,8.0,6.55875,-65.44125,65.44125,6.6,6.3,6.75,6.3,72,6.61,6.5,6.68,-0.001512859304084846,0.9089062499999999,1.02251953125,0.012048338516174484,-1.021875,0,0,-0.9089062499999999,0,0,0.17757200559906852,0.027349051225690164,2.4673646471711757,1.0,0.03727147638331654,8.0,0.5714285714285714,8.0,0.1599999999999999,0.02428002650356232,0.0787500000000001,0.010772801416945883,0.08857142857142845,0.013507225086616437,2.0,0.25,0.25,14.0,3.0,8.0,0.6363636363636364,2.103729,8.027854,3.242318,0.21428571428571427,0.62,0.38,0,0,0,20280904,20280904/ghp1
8bec516a-46ac-4c13-a5a8-c4f2591f7470,7,6,21.333333333333332,0.5,0.8333333333333334,0.6666666666666666,1.0,0.736111111111111,0.17010345435994292,6.5,-0.0861111111111111,0.21970097523342616,2.0,5420.0,224.97707225404125,0.02083046330463307,,,0.25,0.16666666666666666,0.25,0.3333333333333333,0.16666666666666666,1,ng,0,0,0,0.0,1.0,0.0,0.0,1.0,0.0,0.5,0.0,0.5,0.0,1.0,90.88,18.879999999999995,18.879999999999995,90.88,90.88,90.88,90.88,72,92.53,98.25,87.53,-0.017832054468820968,0.26222222222222213,0.29499999999999993,-0.03755836322849504,0.29499999999999993,0,0,0.26222222222222213,0,0,4.355542310042434,0.05085667190102278,3.568609240518048,1.0,0.24979088735807625,3.0,0.21428571428571427,1.0,1.6800000000000068,0.018316615787178442,1.3000000000000114,0.014173571740078625,0.37999999999999545,0.00414304404709982,-1.0,-1.0,1.0,14.0,12.0,1.0,0.9333333333333333,12.095666,32.945204,21.944992,0.8571428571428571,1.0,0.0,0,0,0,20280904,20280904/ng2
b2edd524-e3eb-4d3a-84b2-e088b02b55d0,7,6,23.5,0.3333333333333333,0.0,0.5,0.6666666666666666,0.7777777777777778,0.22771001702132437,4.666666666666667,-0.3111111111111111,0.34779730154640787,2.1666666666666665,5420.0,207.90513480912384,0.01908804838048377,,,0.08333333333333333,0.4166666666666667,0.5,0.0,0.6666666666666666,1,ng,0,0,0,0.0,1.0,17.0,0.0,2.0,0.85,0.05,0.0,0.1,0.0,10.0,122.731,50.731,50.731,122.57,121.9,125.93,121.85,72,121.85,121.23,122.99,0.005908904390644176,0.7045972222222222,0.792671875,0.0034207559012457978,0.7901562499999999,0,0,0.7045972222222221,0,0,0.3918808315168894,0.0031728541574325233,2.7617559476090627,1.0,0.03979217874004685,16.0,0.6153846153846154,10.0,2.076666666666673,0.016650401475625166,-0.23799999999999386,0.0011802043374079692,1.9044444444444462,0.015470197138217194,0.0,0.0,0.0,26.0,14.0,10.0,0.7222222222222222,1.6208335,4.472106,3.643987,0.5384615384615384,0.7,0.30000000000000004,0,0,0,20280904,20280904/ng1
e75d2478-5641-45fa-8bf9-15303b4720f3,7,6,22.333333333333332,0.16666666666666666,0.16666666666666666,0.6666666666666666,0.8333333333333334,0.7777777777777778,0.10092167846991641,4.333333333333333,-0.3444444444444445,0.22001683437275296,1.8333333333333333,5420.0,1396.8968903251234,0.13035362853628538,,,0.0,0.25,0.5833333333333334,0.16666666666666666,0.5,1,ghp,1,1,1,0.0,0.0,21.0,0.0,5.0,0.8076923076923077,0.0,0.0,0.19230769230769232,0.0,13.0,97.29230769230769,25.292307692307695,25.292307692307695,98.0,97.03,98.0,97.03,72,96.7,94.97,102.1,0.013443640124095158,0.3512820512820513,0.39519230769230773,0.04098524650004709,0.40625,0,0,0.3512820512820512,0,0,0.990259516206226,0.007689092912942072,2.9821389482615333,1.0,1.3117480380963844,27.0,0.47368421052631576,13.0,0.11153846153846285,0.001147687130726117,-0.663846153846147,-0.006828989107269834,0.7753846153846098,0.007976676237995951,13.0,1.0,1.0,57.0,42.0,13.0,0.8142857142857143,0.554322,10.914188,2.4615215,0.7368421052631579,0.75,0.25,1,0,0,20280904,20280904/ghp2
0596faff-8414-4cd3-a91c-e9efce969037,8,6,24.5,0.3333333333333333,0.3333333333333333,0.5,0.8333333333333334,0.5833333333333334,0.34960294939005054,5.333333333333333,-0.05000000000000001,0.3744625778662298,3.0,5600.0,944.8638657923161,0.08236369047619047,,,0.2222222222222222,0.2222222222222222,0.38888888888888884,0.16666666666666666,0.6666666666666666,1,ghp,1,1,1,0.0,0.0,14.0,2.0,0.0,0.875,0.0,0.0,0.0,0.125,8.0,6.5875,-57.4125,57.4125,6.68,6.4,6.75,6.4,64,6.6,6.61,6.59,0.0121212121212122,0.8970703125,0.8970703125,-0.013564639034138404,-0.895625,0,0,-0.8970703125,0,0,0.140066856821821,0.021407234333524556,2.850331253513122,1.0,0.041460569340242184,7.0,0.4375,8.0,0.13714285714285726,0.02090484628284417,0.04249999999999976,-0.0004051467326560381,0.14000000000000032,0.021309993015500208,-2.0,-0.25,0.25,16.0,8.0,8.0,0.6666666666666666,3.455352,5.111427,4.20678,0.5,0.5066666666666666,0.4933333333333334,0,0,0,20280904,20280904/ghp1
8bec516a-46ac-4c13-a5a8-c4f2591f7470,8,6,21.333333333333332,0.5,0.8333333333333334,0.6666666666666666,1.0,0.736111111111111,0.17010345435994292,6.5,-0.0861111111111111,0.21970097523342616,2.0,5600.0,321.4968262362788,0.028232539682539703,,,0.25,0.16666666666666666,0.25,0.3333333333333333,0.16666666666666666,1,ng,0,0,0,0.0,8.0,4.0,2.0,4.0,0.2222222222222222,0.4444444444444444,0.0,0.2222222222222222,0.1111111111111111,9.0,89.1711111111111,25.171111111111113,25.171111111111113,87.53,90.5,90.76,87.53,64,90.88,92.53,84.38,-0.036861795774647876,0.39329861111111114,0.39329861111111114,-0.03665118504815368,0.36765625,0,0,0.393298611111111,0,0,11.470885981030621,0.14698861784969663,2.6442745019826384,1.0,0.7463280476669755,3.0,0.375,9.0,2.19125,0.02449698582487772,0.8111111111111092,0.011590990384884982,1.1550000000000011,0.01290599543999274,-5.0,-0.5555555555555556,0.5555555555555556,8.0,6.0,9.0,0.47058823529411764,7.069488,14.165419,3.7589645000000003,0.75,0.875,0.125,0,0,0,20280904,20280904/ng2
b2edd524-e3eb-4d3a-84b2-e088b02b55d0,8,6,23.5,0.3333333333333333,0.0,0.5,0.6666666666666666,0.7777777777777778,0.22771001702132437,4.666666666666667,-0.3111111111111111,0.34779730154640787,2.1666666666666665,5600.0,221.30414112709238,0.02013214285714287,,,0.08333333333333333,0.4166666666666667,0.5,0.0,0.6666666666666666,1,ng,0,0,0,0.0,0.0,15.0,0.0,3.0,0.8333333333333334,0.0,0.0,0.16666666666666666,0.0,9.0,122.91777777777777,58.91777777777778,58.91777777777778,122.99,122.71,123.0,122.71,64,122.57,121.85,123.05,0.0034266133637921303,0.9205902777777778,0.9205902777777778,0.00048772558274556843,0.9217187499999999,0,0,0.9205902777777777,0,0,0.20849601518572866,0.0016930999888664477,2.799833975890056,1.0,0.00696996426517379,21.0,0.5526315789473685,9.0,0.3866666666666687,0.003129636504593339,-0.08888888888888384,-0.0007270802609415442,0.4755555555555525,0.003856716765534884,-1.0,-0.1111111111111111,0.1111111111111111,38.0,16.0,9.0,0.8085106382978723,0.227442,4.126813,0.7189205000000001,0.42105263157894735,0.9166666666666666,0.08333333333333337,0,0,0,20280904,20280904/ng1
e75d2478-5641-45fa-8bf9-15303b4720f3,8,6,22.333333333333332,0.16666666666666666,0.16666666666666666,0.6666666666666666,0.8333333333333334,0.7777777777777778,0.10092167846991641,4.333333333333333,-0.3444444444444445,0.22001683437275296,1.8333333333333333,5600.0,1317.1081435781953,0.11757222222222222,,,0.0,0.25,0.5833333333333334,0.16666666666666666,0.5,1,ghp,1,1,1,0.0,0.0,16.0,0.0,12.0,0.5714285714285714,0.0,0.0,0.42857142857142855,0.0,14.0,99.89,35.89,35.89,102.1,98.17,102.1,98.0,64,98.0,96.7,147.48,0.0418367346938775,0.56078125,0.56078125,0.367739848195324,0.5953124999999999,0,0,0.56078125,0,0,13.746449827121898,0.07688497105767243,2.126380810399,0.9954507368484085,1.0089564879562407,24.0,0.42857142857142855,14.0,0.5915384615384526,0.005894699518500634,-0.2607142857142902,-0.0024750692656687386,0.8438461538461494,0.008369768784169371,6.0,0.42857142857142855,0.42857142857142855,56.0,39.0,14.0,0.8,0.612429,1.077808,2.54279,0.6964285714285714,0.5666666666666667,0.43333333333333335,1,0,0,20280904,20280904/ghp2
0596faff-8414-4cd3-a91c-e9efce969037,9,6,24.5,0.3333333333333333,0.3333333333333333,0.5,0.8333333333333334,0.5833333333333334,0.34960294939005054,5.333333333333333,-0.05000000000000001,0.3744625778662298,3.0,5480.0,927.4229564120134,0.08123519870235198,3.5,19.572088970436106,0.2222222222222222,0.2222222222222222,0.38888888888888884,0.16666666666666666,0.6666666666666666,1,ghp,1,1,1,7.0,0.0,25.0,2.0,0.0,0.7352941176470589,0.0,0.20588235294117646,0.0,0.058823529411764705,17.0,6.593529411764706,-49.406470588235294,49.406470588235294,6.59,6.71,6.71,6.5,56,6.68,6.6,6.51,-0.013473053892215536,0.8822584033613445,0.7719761029411765,-0.012213892293937878,-0.77203125,0,0,-0.8822584033613445,0,0,0.07562552303074897,0.011560563467913608,2.4790216612258438,1.0,0.04315031844767967,15.0,0.5172413793103449,17.0,0.055624999999999813,0.00846889554635878,0.03764705882352944,0.003428933167708398,0.03312499999999974,0.005039962378650382,1.0,0.058823529411764705,0.058823529411764705,29.0,7.0,17.0,0.6304347826086957,0.697101,5.768628,1.004067,0.2413793103448276,0.47222222222222215,0.5277777777777779,0,0,0,20280904,20280904/ghp1
8bec516a-46ac-4c13-a5a8-c4f2591f7470,9,6,21.333333333333332,0.5,0.8333333333333334,0.6666666666666666,1.0,0.736111111111111,0.17010345435994292,6.5,-0.0861111111111111,0.21970097523342616,2.0,5480.0,303.523044265176,0.028254055150040557,28.0,43.27778490942745,0.25,0.16666666666666666,0.25,0.3333333333333333,0.16666666666666666,1,ng,0,0,0,0.0,1.0,0.0,0.0,1.0,0.0,0.5,0.0,0.5,0.0,1.0,84.38,28.379999999999995,28.379999999999995,84.38,84.38,84.38,84.38,56,87.53,90.88,68.87,-0.035987661373243496,0.5067857142857142,0.44343749999999993,-0.20310973713958536,0.44343749999999993,0,0,0.5067857142857142,0,0,56.676140087782606,1.0784247998896817,3.6280852567415045,1.0,1.3932235258204808,2.0,0.2222222222222222,1.0,4.77000000000001,0.054976084826831216,2.009999999999991,0.02316602316602306,2.7600000000000193,0.03181006166080815,-1.0,-1.0,1.0,9.0,7.0,1.0,0.9,1.397014,14.541412,,0.7777777777777778,1.0,0.0,0,0,0,20280904,20280904/ng2
b2edd524-e3eb-4d3a-84b2-e088b02b55d0,9,6,23.5,0.3333333333333333,0.0,0.5,0.6666666666666666,0.7777777777777778,0.22771001702132437,4.666666666666667,-0.3111111111111111,0.34779730154640787,2.1666666666666665,5480.0,530.8610947131086,0.04868826034063263,121.0,29.185041830819202,0.08333333333333333,0.4166666666666667,0.5,0.0,0.6666666666666666,1,ng,0,0,0,0.0,0.0,29.0,0.0,9.0,0.7631578947368421,0.0,0.0,0.23684210526315788,0.0,19.0,123.33894736842106,67.33894736842106,67.33894736842106,123.05,122.99,124.39,122.99,56,122.99,122.57,122.6,0.0004878445402065612,1.202481203007519,1.052171052631579,-0.0036637533349539453,1.04765625,0,0,1.202481203007519,0,0,0.10951443330771043,0.0008892235946129385,2.393544228732364,1.0,0.007262736084476396,18.0,0.782608695652174,19.0,0.2589473684210565,0.0020976635726514662,0.39684210526316194,0.0032094815230329435,-0.13789473684210551,-0.0011118179503814775,7.0,0.3684210526315789,0.3684210526315789,23.0,6.0,19.0,0.5476190476190477,0.72968,3.018161,1.895228,0.2608695652173913,0.7285714285714285,0.27142857142857146,0,0,0,20280904,20280904/ng1
e75d2478-5641-45fa-8bf9-15303b4720f3,9,6,22.333333333333332,0.16666666666666666,0.16666666666666666,0.6666666666666666,0.8333333333333334,0.7777777777777778,0.10092167846991641,4.333333333333333,-0.3444444444444445,0.22001683437275296,1.8333333333333333,5480.0,949.4198763244848,0.08637631792376317,120.0,70.78606265831337,0.0,0.25,0.5833333333333334,0.16666666666666666,0.5,1,ghp,1,1,1,0.0,0.0,18.0,3.0,27.0,0.375,0.0,0.0,0.5625,0.0625,24.0,119.755,63.754999999999995,63.754999999999995,147.48,102.21,148.24,102.21,56,102.1,98.0,243.87,0.44446620959843286,1.1384821428571428,0.9961718749999999,0.5029427230606469,1.4293749999999998,0,0,1.1384821428571428,0,0,42.734181299859856,0.19029939436825766,2.0625838410392827,0.9928051243104208,0.7273064399124993,34.0,0.53125,24.0,5.602173913043484,0.04141701420915951,-1.5562500000000032,-0.02829657317857275,7.1308695652174,0.06971358738773226,0.0,0.0,0.0,64.0,25.0,24.0,0.7272727272727273,0.4775755,5.835165,1.226428,0.390625,0.811111111111111,0.188888888888889,1,0,0,20280904,20280904/ghp2
0596faff-8414-4cd3-a91c-e9efce969037,10,6,24.5,0.3333333333333333,0.3333333333333333,0.5,0.8333333333333334,0.5833333333333334,0.34960294939005054,5.333333333333333,-0.05000000000000001,0.3744625778662298,3.0,5480.0,1023.483323655056,0.09090592051905921,,,0.2222222222222222,0.2222222222222222,0.38888888888888884,0.16666666666666666,0.6666666666666666,1,ghp,1,1,1,3.0,0.0,19.0,2.0,0.0,0.7916666666666666,0.0,0.125,0.0,0.08333333333333333,12.0,6.535833333333333,-41.464166666666664,41.464166666666664,6.51,6.56,6.58,6.49,48,6.59,6.68,6.54,-0.012139605462822445,0.8638368055555555,0.6478776041666666,0.004597709248629345,-0.64828125,0,0,-0.8638368055555556,0,0,0.0421372356523052,0.006493245508726036,2.0695130482098203,1.0,0.027054970956546926,11.0,0.4583333333333333,12.0,0.06083333333333352,0.009370679942540466,0.020000000000000313,0.0031278283205662324,0.0408333333333332,0.006242851621974233,2.0,0.16666666666666666,0.16666666666666666,24.0,4.0,12.0,0.6666666666666666,2.021675,5.209995,5.212232,0.16666666666666666,0.6527777777777778,0.3472222222222222,0,0,0,20280904,20280904/ghp1
8bec516a-46ac-4c13-a5a8-c4f2591f7470,10,6,21.333333333333332,0.5,0.8333333333333334,0.6666666666666666,1.0,0.736111111111111,0.17010345435994292,6.5,-0.0861111111111111,0.21970097523342616,2.0,5480.0,313.16813937563916,0.029231143552311406,,,0.25,0.16666666666666666,0.25,0.3333333333333333,0.16666666666666666,1,ng,0,0,0,1.0,0.0,1.0,1.0,1.0,0.25,0.0,0.25,0.25,0.25,2.0,75.32,27.32,27.32,68.87,81.77,81.77,68.87,48,84.38,87.53,72.0,-0.18381132969898073,0.5691666666666667,0.426875,0.04444544945944795,0.32609375000000007,0,0,0.5691666666666665,0,0,31.95534069992178,0.4415914566107873,5.701829109642325,1.0,0.275395705861167,1.0,0.16666666666666666,2.0,17.899999999999977,0.23001799023387276,2.5649999999999835,0.16743767668979664,4.8700000000000045,0.06258031354407614,-2.0,-1.0,1.0,6.0,3.0,2.0,0.75,16.6324085,16.6324085,263.017737,0.5,1.0,0.0,0,0,0,20280904,20280904/ng2
b2edd524-e3eb-4d3a-84b2-e088b02b55d0,10,6,23.5,0.3333333333333333,0.0,0.5,0.6666666666666666,0.7777777777777778,0.22771001702132437,4.666666666666667,-0.3111111111111111,0.34779730154640787,2.1666666666666665,5480.0,735.7321480538957,0.05900577858880773,,,0.08333333333333333,0.4166666666666667,0.5,0.0,0.6666666666666666,1,ng,0,0,0,0.0,0.0,22.0,0.0,8.0,0.7333333333333333,0.0,0.0,0.26666666666666666,0.0,15.0,122.85933333333332,74.85933333333332,74.85933333333332,122.6,123.1,123.1,122.6,48,123.05,122.99,122.53,-0.00365704997968308,1.5595694444444443,1.1696770833333332,-0.0005711255407563343,1.165625,0,0,1.5595694444444443,0,0,0.06607912708324808,0.000538482814105301,2.8326228931351727,1.0,0.23923694539240625,12.0,0.5714285714285714,15.0,0.15533333333333985,0.0012637014536531178,-0.028666666666661438,-0.0002329069591760956,0.1840000000000013,0.0014966084128292133,-9.0,-0.6,0.6,21.0,11.0,15.0,0.5833333333333334,1.1188150000000001,3.7331760000000003,4.932918,0.5238095238095238,0.9111111111111111,0.0888888888888889,0,0,0,20280904,20280904/ng1
e75d2478-5641-45fa-8bf9-15303b4720f3,10,6,22.333333333333332,0.16666666666666666,0.16666666666666666,0.6666666666666666,0.8333333333333334,0.7777777777777778,0.10092167846991641,4.333333333333333,-0.3444444444444445,0.22001683437275296,1.8333333333333333,5480.0,1728.010347665777,0.16225324412003247,,,0.0,0.25,0.5833333333333334,0.16666666666666666,0.5,1,ghp,1,1,1,0.0,0.0,15.0,1.0,22.0,0.39473684210526316,0.0,0.0,0.5789473684210527,0.02631578947368421,19.0,217.46315789473684,169.46315789473684,169.46315789473684,243.87,150.0,244.67,150.0,48,147.48,102.1,256.71,0.6535801464605371,3.530482456140351,2.647861842105263,0.05131174667148297,3.06046875,0,0,3.530482456140351,0,0,18.120979423123135,0.08004402335651692,2.0687108729613195,0.4359596267346535,0.3090047466292075,21.0,0.6363636363636364,19.0,17.74944444444444,0.07746165396711245,17.800526315789483,0.11375702099259705,-6.489444444444457,-0.0362953670254846,-13.0,-0.6842105263157895,0.6842105263157895,33.0,12.0,19.0,0.6346153846153846,1.396497,2.0618305,2.2552465,0.36363636363636365,0.7222222222222222,0.2777777777777778,1,0,0,20280904,20280904/ghp2
0596faff-8414-4cd3-a91c-e9efce969037,11,6,24.5,0.3333333333333333,0.3333333333333333,0.5,0.8333333333333334,0.5833333333333334,0.34960294939005054,5.333333333333333,-0.05000000000000001,0.3744625778662298,3.0,5480.0,1091.5818678413448,0.09531822789943228,,,0.2222222222222222,0.2222222222222222,0.38888888888888884,0.16666666666666666,0.6666666666666666,1,ghp,1,1,1,1.0,0.0,31.0,0.0,0.0,0.96875,0.0,0.03125,0.0,0.0,16.0,6.5375,-33.4625,33.4625,6.54,6.48,6.58,6.48,40,6.51,6.59,6.53,0.004608294930875667,0.8365625,0.5228515625,-0.001530222180767593,-0.5228125,0,0,-0.8365625,0,0,0.061034579975172816,0.00937377267255944,2.434550596502177,1.0,0.014492569985149126,13.0,0.5416666666666666,16.0,0.03866666666666679,0.00591784757176326,0.015625,0.0038760209306459357,0.013333333333333523,0.0020418266411173242,2.0,0.125,0.125,24.0,4.0,16.0,0.6,1.5904015,4.868053,2.0849835,0.16666666666666666,0.48809523809523814,0.5119047619047619,0,0,0,20280904,20280904/ghp1
8bec516a-46ac-4c13-a5a8-c4f2591f7470,11,6,21.333333333333332,0.5,0.8333333333333334,0.6666666666666666,1.0,0.736111111111111,0.17010345435994292,6.5,-0.0861111111111111,0.21970097523342616,2.0,5480.0,333.4128949515898,0.030853203568532005,,,0.25,0.16666666666666666,0.25,0.3333333333333333,0.16666666666666666,1,ng,0,0,0,1.0,0.0,2.0,0.0,3.0,0.3333333333333333,0.0,0.16666666666666666,0.5,0.0,3.0,72.91666666666667,32.916666666666664,32.916666666666664,72.0,77.5,77.5,69.25,40,68.87,84.38,60.0,0.045447945404385015,0.8229166666666666,0.5143229166666666,-0.1823215567939549,0.5,0,0,0.8229166666666667,0,0,19.660327583797898,0.29335621681610075,5.582282969912146,1.0,0.3197259404115845,4.0,0.4,3.0,5.083333333333333,0.06842545633869968,-6.5,-0.08241095079433536,11.583333333333334,0.15083640713303503,-3.0,-1.0,1.0,10.0,6.0,3.0,0.7692307692307693,2.7601445,7.262124,2.964622,0.6,1.0,0.0,0,0,0,20280904,20280904/ng2
b2edd524-e3eb-4d3a-84b2-e088b02b55d0,11,6,23.5,0.3333333333333333,0.0,0.5,0.6666666666666666,0.7777777777777778,0.22771001702132437,4.666666666666667,-0.3111111111111111,0.34779730154640787,2.1666666666666665,5480.0,1119.920695674475,0.09727189781021896,,,0.08333333333333333,0.4166666666666667,0.5,0.0,0.6666666666666666,1,ng,0,0,0,0.0,0.0,30.0,0.0,8.0,0.7894736842105263,0.0,0.0,0.21052631578947367,0.0,19.0,122.56210526315789,82.5621052631579,82.5621052631579,122.53,122.5,122.68,122.36,40,122.6,123.05,122.64,-0.0005709624796084167,2.0640526315789476,1.2900328947368422,0.0008973366022040352,1.28953125,0,0,2.064052631578947,0,0,0.1929394332996864,0.0015752538528107723,3.1003121369964792,1.0,0.004459710214029462,19.0,0.6551724137931034,19.0,0.1283333333333303,0.0010473850110424923,-0.04000000000000401,-0.00043020989248849297,0.1811111111111122,0.0014775949035309853,-11.0,-0.5789473684210527,0.5789473684210527,29.0,8.0,19.0,0.6041666666666666,0.871479,4.140076,1.2450705,0.27586206896551724,0.8153846153846154,0.18461538461538463,0,0,0,20280904,20280904/ng1
e75d2478-5641-45fa-8bf9-15303b4720f3,11,6,22.333333333333332,0.16666666666666666,0.16666666666666666,0.6666666666666666,0.8333333333333334,0.7777777777777778,0.10092167846991641,4.333333333333333,-0.3444444444444445,0.22001683437275296,1.8333333333333333,5480.0,1982.1268697638907,0.17096096918085965,,,0.0,0.25,0.5833333333333334,0.16666666666666666,0.5,1,ghp,1,1,1,0.0,0.0,20.0,0.0,20.0,0.5,0.0,0.0,0.5,0.0,20.0,257.6685,217.6685,217.6685,256.71,250.33,278.92,250.33,40,243.87,147.48,251.86,0.05265100258334354,5.4417124999999995,3.4010703125,-0.019073665520372707,3.3860937499999997,0,0,5.4417124999999995,0,0,4.357476098064958,0.015945585305785905,5.273201075365182,0.9896131746247069,0.1316075667081346,32.0,0.4507042253521127,20.0,4.1125000000000025,0.014867215822620076,4.926999999999981,0.01855071621865729,-0.8144999999999782,-0.0036835003960372114,2.0,0.1,0.1,71.0,22.0,20.0,0.7802197802197802,0.320777,0.529479,0.5132749999999999,0.30985915492957744,1.0,0.0,1,0,0,20280904,20280904/ghp2
0596faff-8414-4cd3-a91c-e9efce969037,12,6,24.5,0.3333333333333333,0.3333333333333333,0.5,0.8333333333333334,0.5833333333333334,0.34960294939005054,5.333333333333333,-0.05000000000000001,0.3744625778662298,3.0,5480.0,1123.7544926717753,0.09750283860502837,7.0,2263.518735656205,0.2222222222222222,0.2222222222222222,0.38888888888888884,0.16666666666666666,0.6666666666666666,1,ghp,1,1,1,5.0,0.0,29.0,2.0,0.0,0.8055555555555556,0.0,0.1388888888888889,0.0,0.05555555555555555,18.0,6.5311111111111115,-25.468888888888888,25.468888888888888,6.53,6.53,6.58,6.48,32,6.54,6.51,6.55,-0.001529051987767538,0.7959027777777777,0.39795138888888887,0.003058106358820867,-0.39796875,0,0,-0.7959027777777777,0,0,0.10078828997056587,0.015452409405766379,2.242195679063112,1.0,0.018422449101675484,12.0,0.631578947368421,18.0,0.05888888888888872,0.009028352433591617,0.045555555555555766,0.006970972393009518,0.01333333333333295,0.0020573800405820977,4.0,0.2222222222222222,0.2222222222222222,19.0,4.0,18.0,0.5135135135135135,1.3109945,5.274161,4.89906,0.21052631578947367,0.44550264550264546,0.5544973544973546,0,0,0,20280904,20280904/ghp1
8bec516a-46ac-4c13-a5a8-c4f2591f7470,12,6,21.333333333333332,0.5,0.8333333333333334,0.6666666666666666,1.0,0.736111111111111,0.17010345435994292,6.5,-0.0861111111111111,0.21970097523342616,2.0,5480.0,333.355951679282,0.030818836171938337,27.5,33.46889102833655,0.25,0.16666666666666666,0.25,0.3333333333333333,0.16666666666666666,1,ng,0,0,0,1.0,0.0,1.0,0.0,0.0,0.5,0.0,0.5,0.0,0.0,1.0,60.0,28.0,28.0,60.0,60.0,60.0,60.0,32,72.0,68.87,56.0,-0.16666666666666663,0.875,0.4375,-0.06899287148695077,0.4375,0,0,0.875,0,0,25.35954051277018,0.4895324599664855,3.269714458534623,1.0,0.2657009824588472,2.0,0.5,1.0,4.0,0.06896551724137931,-3.0,-0.05172413793103448,7.0,0.1206896551724138,1.0,1.0,1.0,4.0,2.0,1.0,0.8,,,,0.5,1.0,0.0,0,0,0,20280904,20280904/ng2
b2edd524-e3eb-4d3a-84b2-e088b02b55d0,12,6,23.5,0.3333333333333333,0.0,0.5,0.6666666666666666,0.7777777777777778,0.22771001702132437,4.666666666666667,-0.3111111111111111,0.34779730154640787,2.1666666666666665,5480.0,1183.9406186460537,0.10365318329278185,118.5,51.736834073994125,0.08333333333333333,0.4166666666666667,0.5,0.0,0.6666666666666666,1,ng,0,0,0,0.0,0.0,9.0,0.0,1.0,0.9,0.0,0.0,0.1,0.0,5.0,122.41399999999999,90.414,90.414,122.64,122.15,122.64,122.15,32,122.53,122.6,122.61,0.0008977393291438318,2.8254375,1.41271875,-0.0002446483192635185,1.41625,0,0,2.8254374999999996,0,0,0.20064373901534308,0.0016380537056945007,2.0392333664239866,0.9600840726241306,0.003216177491692263,3.0,0.23076923076923078,5.0,0.28999999999999915,0.002369529544216443,0.23199999999999363,0.0009798981824920567,0.1700000000000017,0.0013896313617243862,-3.0,-0.6,0.6,13.0,8.0,5.0,0.7222222222222222,2.469803,2.5739185000000004,3.984077,0.6153846153846154,0.5833333333333333,0.41666666666666674,0,0,0,20280904,20280904/ng1
e75d2478-5641-45fa-8bf9-15303b4720f3,12,6,22.333333333333332,0.16666666666666666,0.16666666666666666,0.6666666666666666,0.8333333333333334,0.7777777777777778,0.10092167846991641,4.333333333333333,-0.3444444444444445,0.22001683437275296,1.8333333333333333,5480.0,2910.138970915306,0.2607398621248986,150.0,116.9508443748911,0.0,0.25,0.5833333333333334,0.16666666666666666,0.5,1,ghp,1,1,1,0.0,0.0,15.0,0.0,11.0,0.5769230769230769,0.0,0.0,0.4230769230769231,0.0,13.0,254.2076923076923,222.2076923076923,222.2076923076923,251.86,256.7,256.7,251.86,32,256.71,243.87,140.0,-0.01889291418331962,6.943990384615384,3.471995192307692,-0.5872309549683967,3.4353125,0,0,6.943990384615384,1,1,9.005842375936314,0.0383933963502311,3.0161913352879846,1.0,0.8129095793374642,17.0,0.29310344827586204,13.0,0.4725000000000061,0.0018613121229217853,-1.4715384615384481,-0.0056852540768916665,1.9158333333333246,0.007546566199813452,-9.0,-0.6923076923076923,0.6923076923076923,58.0,40.0,13.0,0.8169014084507042,0.9762204999999999,3.4997,2.3879799999999998,0.6896551724137931,0.95,0.050000000000000044,1,0,1,20280904,20280904/ghp2
0596faff-8414-4cd3-a91c-e9efce969037,13,6,24.5,0.3333333333333333,0.3333333333333333,0.5,0.8333333333333334,0.5833333333333334,0.34960294939005054,5.333333333333333,-0.05000000000000001,0.3744625778662298,3.0,5480.0,1132.6671044397817,0.09715176399026765,,,0.2222222222222222,0.2222222222222222,0.38888888888888884,0.16666666666666666,0.6666666666666666,1,ghp,1,1,1,3.0,0.0,25.0,2.0,0.0,0.8333333333333334,0.0,0.1,0.0,0.06666666666666667,15.0,6.5553333333333335,-17.444666666666667,17.444666666666667,6.55,6.46,6.58,6.46,24,6.53,6.54,6.55,0.003062787136294043,0.7268611111111111,0.27257291666666666,0.0,-0.27265625,0,0,-0.7268611111111111,0,0,0.026646029759875223,0.004072559466424611,2.8794360878396628,1.0,0.011914789030023,16.0,0.5517241379310345,15.0,0.014285714285714488,0.00217671190674671,0.013333333333333641,0.00010722227407738519,0.01357142857142841,0.0020694896326693244,3.0,0.2,0.2,29.0,7.0,15.0,0.6590909090909091,1.765571,3.5432745,2.04237,0.2413793103448276,0.6325396825396826,0.3674603174603174,0,0,0,20280904,20280904/ghp1
8bec516a-46ac-4c13-a5a8-c4f2591f7470,13,6,21.333333333333332,0.5,0.8333333333333334,0.6666666666666666,1.0,0.736111111111111,0.17010345435994292,6.5,-0.0861111111111111,0.21970097523342616,2.0,5480.0,334.4410239788173,0.031143248175182457,,,0.25,0.16666666666666666,0.25,0.3333333333333333,0.16666666666666666,1,ng,0,0,0,1.0,0.0,1.0,0.0,0.0,0.5,0.0,0.5,0.0,0.0,1.0,56.0,32.0,32.0,56.0,56.0,56.0,56.0,24,60.0,72.0,2.0,-0.06666666666666665,1.3333333333333333,0.5,-3.3322045101752042,0.5,0,0,1.3333333333333333,0,0,15.062165256149171,0.3556620265892007,5.349507108125933,1.0,0.44464358664846526,3.0,0.16666666666666666,1.0,,,11.0,,,,-1.0,-1.0,1.0,18.0,8.0,1.0,0.9473684210526315,11.596118,11.596118,,0.4444444444444444,1.0,0.0,0,0,0,20280904,20280904/ng2
b2edd524-e3eb-4d3a-84b2-e088b02b55d0,13,6,23.5,0.3333333333333333,0.0,0.5,0.6666666666666666,0.7777777777777778,0.22771001702132437,4.666666666666667,-0.3111111111111111,0.34779730154640787,2.1666666666666665,5480.0,1137.769725155314,0.0999771897810219,,,0.08333333333333333,0.4166666666666667,0.5,0.0,0.6666666666666666,1,ng,0,0,0,0.0,0.0,9.0,0.0,1.0,0.9,0.0,0.0,0.1,0.0,5.0,122.644,98.644,98.644,122.61,122.68,122.68,122.6,24,122.64,122.53,95.0,-0.00024461839530331986,4.110166666666667,1.5413125,-0.2551316946437545,1.54078125,0,0,4.110166666666667,0,0,0.08931549690639491,0.0007282603240668613,2.869943240065112,1.0,0.0005837476274740521,7.0,0.5,5.0,0.08800000000001092,0.0007176643623953972,0.0480000000000075,0.00039140140684083645,0.04000000000000341,0.0003262629555545608,1.0,0.2,0.2,14.0,8.0,5.0,0.7368421052631579,0.361303,10.876778,0.361303,0.5714285714285714,0.75,0.25,0,0,0,20280904,20280904/ng1
e75d2478-5641-45fa-8bf9-15303b4720f3,13,6,22.333333333333332,0.16666666666666666,0.16666666666666666,0.6666666666666666,0.8333333333333334,0.7777777777777778,0.10092167846991641,4.333333333333333,-0.3444444444444445,0.22001683437275296,1.8333333333333333,5480.0,3073.3603720813476,0.2804641119221411,,,0.0,0.25,0.5833333333333334,0.16666666666666666,0.5,1,ghp,1,1,1,0.0,0.0,15.0,0.0,15.0,0.5,0.0,0.0,0.5,0.0,15.0,183.362,159.362,159.362,140.0,250.05,250.05,140.0,24,251.86,256.71,95.25,-0.4441356309060589,6.640083333333333,2.49003125,-0.38513740860249346,1.8125,0,0,6.640083333333333,1,0,6.322994123468164,0.0337453551118456,2.2956722012817967,1.0,0.22680161376386138,43.0,0.5119047619047619,15.0,3.904999999999997,0.024040124380012354,-21.10200000000001,-0.09474908142948386,25.52214285714286,0.11878920580949621,-5.0,-0.3333333333333333,0.3333333333333333,84.0,36.0,15.0,0.8484848484848485,0.422982,0.975309,3.59264,0.42857142857142855,0.7318681318681318,0.2681318681318682,1,0,2,20280904,20280904/ghp2
0596faff-8414-4cd3-a91c-e9efce969037,14,6,24.5,0.3333333333333333,0.3333333333333333,0.5,0.8333333333333334,0.5833333333333334,0.34960294939005054,5.333333333333333,-0.05000000000000001,0.3744625778662298,3.0,5480.0,1130.487362034623,0.09686516626115167,,,0.2222222222222222,0.2222222222222222,0.38888888888888884,0.16666666666666666,0.6666666666666666,1,ghp,1,1,1,5.0,0.0,13.0,2.0,0.0,0.65,0.0,0.25,0.0,0.1,10.0,6.547,-9.453,9.453,6.55,6.55,6.55,6.54,16,6.55,6.53,6.53,0.0,0.5908125,0.147703125,-0.003058106358820867,-0.14765625,0,0,-0.5908125,0,0,0.012580246546004599,0.0019203944481282545,5.590596838064382,1.0,0.004831968879088192,8.0,0.32,10.0,0.012222222222221961,0.0018666378650811623,0.0019999999999999575,0.0008470096980946315,0.006666666666666525,0.0010196281669865306,-4.0,-0.4,0.4,25.0,3.0,10.0,0.7142857142857143,1.4031989999999999,6.872599,1.606943,0.12,0.6666666666666666,0.33333333333333337,0,0,0,20280904,20280904/ghp1
8bec516a-46ac-4c13-a5a8-c4f2591f7470,14,6,21.333333333333332,0.5,0.8333333333333334,0.6666666666666666,1.0,0.736111111111111,0.17010345435994292,6.5,-0.0861111111111111,0.21970097523342616,2.0,5480.0,382.00786316514467,0.03531893755068936,,,0.25,0.16666666666666666,0.25,0.3333333333333333,0.16666666666666666,1,ng,0,0,0,5.0,2.0,5.0,14.0,2.0,0.17857142857142858,0.07142857142857142,0.17857142857142858,0.07142857142857142,0.5,14.0,20.474999999999998,4.475,12.617857142857144,2.0,30.0,30.0,1.0,16,56.0,60.0,4.0,-0.9642857142857143,0.7886160714285715,0.19715401785714287,0.6931471805599453,-0.21875,0,1,0.27968749999999987,0,0,13.261612290217181,0.8216441661653772,2.3128193569824487,0.8462410777078095,3.3287720822402367,2.0,0.13333333333333333,14.0,9.400769230769232,0.5771084751224647,-0.40999999999999864,-0.1749802207636772,10.323076923076922,0.752088695886142,-12.0,-0.8571428571428571,0.8571428571428571,15.0,0.0,14.0,0.5172413793103449,3.308746,4.9701825,4.5290680000000005,0.0,0.8888888888888888,0.11111111111111116,0,1,0,20280904,20280904/ng2
b2edd524-e3eb-4d3a-84b2-e088b02b55d0,14,6,23.5,0.3333333333333333,0.0,0.5,0.6666666666666666,0.7777777777777778,0.22771001702132437,4.666666666666667,-0.3111111111111111,0.34779730154640787,2.1666666666666665,5480.0,1417.47569724493,0.12236232765612327,,,0.08333333333333333,0.4166666666666667,0.5,0.0,0.6666666666666666,1,ng,0,0,0,0.0,1.0,17.0,0.0,6.0,0.7083333333333334,0.041666666666666664,0.0,0.25,0.0,12.0,109.38166666666666,93.38166666666666,93.54833333333333,95.0,122.59,122.8,15.0,16,122.61,122.64,90.0,-0.2251855476714787,5.846770833333333,1.4616927083333333,-0.054067221270275745,1.234375,0,0,5.836354166666666,0,0,77.0891987123058,1.1927029494902892,3.1805498505497902,0.5577057662485215,0.6478162861540303,5.0,0.3333333333333333,12.0,51.528181818181814,0.8110478936482844,40.419999999999995,0.7654668568879518,7.399090909090905,0.04558103676033261,2.0,0.16666666666666666,0.16666666666666666,15.0,7.0,12.0,0.5555555555555556,0.778431,5.183851,0.589486,0.4666666666666667,0.7955555555555556,0.20444444444444443,0,0,0,20280904,20280904/ng1
e75d2478-5641-45fa-8bf9-15303b4720f3,14,6,22.333333333333332,0.16666666666666666,0.16666666666666666,0.6666666666666666,0.8333333333333334,0.7777777777777778,0.10092167846991641,4.333333333333333,-0.3444444444444445,0.22001683437275296,1.8333333333333333,5480.0,3606.3458829846027,0.3122325628548256,,,0.0,0.25,0.5833333333333334,0.16666666666666666,0.5,1,ghp,1,1,1,0.0,0.0,36.0,0.0,40.0,0.47368421052631576,0.0,0.0,0.5263157894736842,0.0,38.0,105.67947368421054,89.67947368421054,89.67947368421054,95.25,128.3,128.3,95.25,16,140.0,251.86,95.05,-0.3196428571428571,5.6049671052631584,1.4012417763157896,-0.0021019450723720468,1.23828125,0,0,5.6049671052631584,0,0,1.3221868312207712,0.012407541489945762,2.6966675558653055,1.0,0.07629376704382061,39.0,0.43820224719101125,38.0,1.3971052631578889,0.013188207063487023,-1.4713157894736901,-0.014275704875378267,2.8684210526315788,0.02746391193886529,-24.0,-0.631578947368421,0.631578947368421,89.0,11.0,38.0,0.7007874015748031,0.2736095,10.892323,0.620251,0.12359550561797752,0.6829090909090909,0.3170909090909091,1,0,2,20280904,20280904/ghp2
0596faff-8414-4cd3-a91c-e9efce969037,15,6,24.5,0.3333333333333333,0.3333333333333333,0.5,0.8333333333333334,0.5833333333333334,0.34960294939005054,5.333333333333333,-0.05000000000000001,0.3744625778662298,3.0,5420.0,1079.4137552764462,0.09308958589585893,,,0.2222222222222222,0.2222222222222222,0.38888888888888884,0.16666666666666666,0.6666666666666666,1,ghp,1,1,1,15.0,0.0,29.0,4.0,0.0,0.6041666666666666,0.0,0.3125,0.0,0.08333333333333333,24.0,6.555,-1.445,1.445,6.53,6.55,6.58,6.52,8,6.55,6.55,,-0.003053435114503733,0.180625,0.022578125,,-0.022968749999999996,0,0,-0.18062500000000004,0,0,0.03296215314634904,0.005037313251168398,3.782992396103822,1.0,0.00936373131855318,13.0,0.8125,24.0,0.02956521739130418,0.004518048009926517,0.020416666666666528,0.003183792240860076,0.008695652173913012,0.0013342557690664406,10.0,0.4166666666666667,0.4166666666666667,16.0,2.0,24.0,0.4,2.0275885000000002,3.90081,1.894693,0.125,0.5185185185185185,0.4814814814814815,0,0,0,20280904,20280904/ghp1
8bec516a-46ac-4c13-a5a8-c4f2591f7470,15,6,21.333333333333332,0.5,0.8333333333333334,0.6666666666666666,1.0,0.736111111111111,0.17010345435994292,6.5,-0.0861111111111111,0.21970097523342616,2.0,5420.0,394.3746816417097,0.036553403034030325,,,0.25,0.16666666666666666,0.25,0.3333333333333333,0.16666666666666666,1,ng,0,0,0,0.0,16.0,17.0,2.0,1.0,0.4722222222222222,0.4444444444444444,0.0,0.027777777777777776,0.05555555555555555,18.0,3.9722222222222223,-4.027777777777778,4.027777777777778,4.0,4.0,6.0,3.0,8,2.0,56.0,,1.0,0.5034722222222222,0.06293402777777778,,-0.0625,1,0,-0.5034722222222222,0,0,3.0739420753337394,0.591166087285029,9.386226803697209,1.0,0.9518424631764312,7.0,0.1206896551724138,18.0,1.8333333333333333,0.3746031746031746,0.5555555555555556,0.025396825396825418,1.2777777777777777,0.3492063492063492,0.0,0.0,0.0,58.0,3.0,18.0,0.7631578947368421,1.210566,0.483539,0.6393679999999999,0.05172413793103448,1.0,0.0,1,1,0,20280904,20280904/ng2
b2edd524-e3eb-4d3a-84b2-e088b02b55d0,15,6,23.5,0.3333333333333333,0.0,0.5,0.6666666666666666,0.7777777777777778,0.22771001702132437,4.666666666666667,-0.3111111111111111,0.34779730154640787,2.1666666666666665,5420.0,1804.4556079549313,0.15881119311193118,,,0.08333333333333333,0.4166666666666667,0.5,0.0,0.6666666666666666,1,ng,0,0,0,0.0,1.0,14.0,0.0,7.0,0.6363636363636364,0.045454545454545456,0.0,0.3181818181818182,0.0,11.0,97.52727272727272,89.52727272727272,89.52727272727272,90.0,99.0,122.9,70.0,8,95.0,122.61,,-0.052631578947368474,11.19090909090909,1.3988636363636362,,1.28125,0,0,11.19090909090909,1,1,62.13587726022517,1.1570472295163556,2.1692276919535947,0.7958880499852126,0.6265648685382037,5.0,0.35714285714285715,11.0,39.33636363636364,0.6276869381941604,55.82727272727273,0.7919984110049817,-16.490909090909092,-0.16431147281082123,5.0,0.45454545454545453,0.45454545454545453,14.0,1.0,11.0,0.56,1.596192,2.391836,1.731795,0.07142857142857142,0.8,0.19999999999999996,0,0,1,20280904,20280904/ng1
e75d2478-5641-45fa-8bf9-15303b4720f3,15,6,22.333333333333332,0.16666666666666666,0.16666666666666666,0.6666666666666666,0.8333333333333334,0.7777777777777778,0.10092167846991641,4.333333333333333,-0.3444444444444445,0.22001683437275296,1.8333333333333333,5420.0,3816.9385023078376,0.33846217712177123,,,0.0,0.25,0.5833333333333334,0.16666666666666666,0.5,1,ghp,1,1,1,0.0,0.0,16.0,0.0,6.0,0.7272727272727273,0.0,0.0,0.2727272727272727,0.0,11.0,95.15181818181819,87.15181818181817,87.15181818181817,95.05,95.25,95.25,95.05,8,95.25,140.0,,-0.0020997375328084544,10.893977272727271,1.361747159090909,,1.36015625,0,0,10.893977272727273,1,1,0.061388898358956015,0.0006454727485726783,27.769815077595442,1.0,0.002135873455889932,7.0,0.08139534883720931,11.0,0.04599999999999795,0.0004835720673771221,-0.02090909090908998,-8.397616817890132e-05,0.05399999999999636,0.0005675482355560233,-7.0,-0.6363636363636364,0.6363636363636364,86.0,37.0,11.0,0.8865979381443299,0.191854,6.947121,1.078453,0.43023255813953487,0.7,0.30000000000000004,1,0,3,20280904,20280904/ghp2
2ce19f6d-4922-4de6-ac0b-8d035ec7b0e0,1,6,24.5,0.3333333333333333,0.3333333333333333,0.5,0.8333333333333334,0.5833333333333334,0.34960294939005054,5.333333333333333,-0.049999999999999996,0.3744625778662298,3.0,4940.0,238.09014259309424,0.024578272604588388,,,0.08333333333333333,0.08333333333333333,0.6666666666666666,0.16666666666666666,1.0,2,ghp,1,1,1,0.0,0.0,18.0,0.0,0.0,1.0,0.0,0.0,0.0,0.0,9.0,7.711111111111112,-112.28888888888889,112.28888888888889,7.4,10.0,10.0,6.5,120,,,7.5,,0.9357407407407408,1.754513888888889,0.013423020332140378,-1.759375,0,0,-0.9357407407407408,0,0,1.4034312040079684,0.15560293075957515,2.362036732728032,0.9823083532862982,0.39732091119020946,11.0,0.5238095238095238,9.0,2.22375,0.24814604940976856,0.5444444444444447,0.08111585647566688,1.4862499999999996,0.1670301929341017,1.0,0.1111111111111111,0.1111111111111111,21.0,7.0,9.0,0.7,1.4115980000000001,3.084588,3.8535125,0.3333333333333333,0.5833333333333334,0.41666666666666663,0,0,0,20280904,20280904/ghp1
516b8be6-962e-4782-902a-b93434cfb6fc,1,6,22.333333333333332,0.16666666666666666,0.16666666666666666,0.6666666666666666,0.8333333333333334,0.7777777777777778,0.1009216784699164,4.333333333333333,-0.3444444444444445,0.220016834372753,1.8333333333333333,4940.0,108.10377310714016,0.010086594691857857,,,0.16666666666666666,0.3333333333333333,0.5,0.0,0.0,2,ghp,1,1,1,2.0,0.0,0.0,0.0,2.0,0.0,0.0,0.5,0.5,0.0,2.0,199.69,79.69,79.69,199.69,199.69,199.69,199.69,120,,,216.77,,0.6640833333333334,1.24515625,0.082070719551532,1.24515625,0,0,0.6640833333333334,0,0,20.841649820878487,0.08846893864725716,2.279648750230435,0.9877305534035989,1.415439288197372,16.0,0.3333333333333333,2.0,150.15500000000003,0.4292043619317127,11.95999999999998,0.04703970111496991,138.19500000000005,0.3821646608167428,-2.0,-1.0,1.0,48.0,41.0,2.0,0.96,1.5636625,,30.095727999999998,0.8541666666666666,1.0,0.0,0,0,0,20280904,20280904/ghp2
7f65a94b-9e74-42b9-8621-a54576497acf,1,6,21.333333333333332,0.5,0.8333333333333334,0.6666666666666666,1.0,0.736111111111111,0.17010345435994295,6.5,-0.0861111111111111,0.21970097523342613,2.0,4940.0,26.802984908401527,0.0028115159694107063,,,0.0,0.3333333333333333,0.16666666666666666,0.5,0.16666666666666666,2,ng,0,0,0,0.0,0.0,2.0,2.0,8.0,0.16666666666666666,0.0,0.0,0.6666666666666666,0.16666666666666666,6.0,120.33333333333333,0.3333333333333333,0.3333333333333333,120.0,120.0,121.0,120.0,120,,,116.0,,0.0027777777777777775,0.005208333333333333,-0.03390155167568132,0.0,0,0,0.0027777777777777384,0,0,16.75079581765818,0.1734706366484095,3.7901564067553823,0.9802231449721687,0.648838755830444,7.0,0.20588235294117646,6.0,56.0,0.8318945511927969,-30.333333333333332,0.0875336489371577,49.5,0.7443609022556391,-2.0,-0.3333333333333333,0.3333333333333333,34.0,23.0,6.0,0.85,0.5827005000000001,3.4047085,0.347488,0.6764705882352942,1.0,0.0,0,0,0,20280904,20280904/ng2
9aac4925-da17-4d84-bc07-5251fd548f26,1,6,23.5,0.3333333333333333,0.0,0.5,0.6666666666666666,0.7777777777777778,0.2277100170213244,4.666666666666667,-0.3111111111111111,0.34779730154640787,2.1666666666666665,4940.0,101.52241131888076,0.010290148448043185,,,0.16666666666666666,0.16666666666666666,0.5,0.16666666666666666,0.3333333333333333,2,ng,0,0,0,0.0,6.0,7.0,0.0,3.0,0.4375,0.375,0.0,0.1875,0.0,8.0,146.25,26.25,26.25,140.0,160.0,175.0,120.0,120,,,136.0,,0.21875,0.41015625,-0.028987536873251507,0.3125,0,0,0.21875,0,0,5.0,0.03636363636363636,2.0,0.017755428552765545,0.0067866134162928304,0.0,0.0,8.0,5.0,0.03636363636363636,1.6666666666666667,0.03636363636363636,0.0,0.0,-6.0,-0.75,0.75,15.0,4.0,8.0,0.6521739130434783,1.8379955,1.193557,154.981599,0.26666666666666666,0.72,0.28,0,0,0,20280904,20280904/ng1
2ce19f6d-4922-4de6-ac0b-8d035ec7b0e0,2,6,24.5,0.3333333333333333,0.3333333333333333,0.5,0.8333333333333334,0.5833333333333334,0.34960294939005054,5.333333333333333,-0.049999999999999996,0.3744625778662298,3.0,5120.0,435.9114875751729,0.04342936197916666,,,0.08333333333333333,0.08333333333333333,0.6666666666666666,0.16666666666666666,1.0,2,ghp,1,1,1,0.0,0.0,28.0,0.0,0.0,1.0,0.0,0.0,0.0,0.0,14.0,8.128571428571428,-103.87142857142858,103.87142857142858,7.5,10.1,10.1,7.3,112,7.4,,7.89,0.013513513513513375,0.9274234693877552,1.6229910714285716,0.05069311431551826,-1.6328125,0,0,-0.9274234693877551,0,0,0.333700452526756,0.039303577575033624,4.3385478729737885,1.0,0.5385973786361887,11.0,0.4782608695652174,14.0,1.1992857142857143,0.14071454746735784,0.4935714285714288,0.044869031827096326,0.7057142857142854,0.09584551564026152,4.0,0.2857142857142857,0.2857142857142857,23.0,10.0,14.0,0.6216216216216216,1.2660715,1.86362,9.668214,0.43478260869565216,0.2888888888888889,0.711111111111111,0,0,0,20280904,20280904/ghp1
516b8be6-962e-4782-902a-b93434cfb6fc,2,6,22.333333333333332,0.16666666666666666,0.16666666666666666,0.6666666666666666,0.8333333333333334,0.7777777777777778,0.1009216784699164,4.333333333333333,-0.3444444444444445,0.220016834372753,1.8333333333333333,5120.0,669.0297468125018,0.0665705295138889,,,0.16666666666666666,0.3333333333333333,0.5,0.0,0.0,2,ghp,1,1,1,19.0,7.0,0.0,0.0,6.0,0.0,0.21875,0.59375,0.1875,0.0,16.0,212.210625,100.210625,100.210625,216.77,208.82,216.77,208.82,112,199.69,,339.5,0.08553257549201265,0.8947377232142857,1.565791015625,0.448637063391919,1.6370312500000002,0,0,0.8947377232142857,0,0,9.818188484231763,0.03288510490111959,2.7537929548675733,1.0,0.7411194691987468,23.0,0.5227272727272727,16.0,0.656875000000003,0.003084123140710904,-5.107500000000005,-0.023970822026265166,5.764375000000008,0.027054945166976072,10.0,0.625,0.625,44.0,29.0,16.0,0.7333333333333333,0.558414,1.093002,1.373242,0.6590909090909091,1.0,0.0,0,0,0,20280904,20280904/ghp2
7f65a94b-9e74-42b9-8621-a54576497acf,2,6,21.333333333333332,0.5,0.8333333333333334,0.6666666666666666,1.0,0.736111111111111,0.17010345435994295,6.5,-0.0861111111111111,0.21970097523342613,2.0,5120.0,62.84822988756329,0.006244574652777778,,,0.0,0.3333333333333333,0.16666666666666666,0.5,0.16666666666666666,2,ng,0,0,0,0.0,0.0,5.0,6.0,7.0,0.2777777777777778,0.0,0.0,0.3888888888888889,0.3333333333333333,9.0,118.16666666666667,6.166666666666667,6.166666666666667,116.0,117.0,123.0,116.0,112,120.0,,110.0,-0.033333333333333326,0.055059523809523815,0.09635416666666667,-0.05310982531394792,0.0625,0,0,0.05505952380952385,0,0,5.4475165839235595,0.046181062570129945,3.6045735152557468,1.0,0.2714398462804783,8.0,0.5333333333333333,9.0,6.5,0.054319346100557074,4.611111111111111,0.03862129472159944,1.8888888888888888,0.015698051378957634,-5.0,-0.5555555555555556,0.5555555555555556,15.0,5.0,9.0,0.625,1.5607980000000001,3.163148,3.165772,0.3333333333333333,0.9,0.09999999999999998,0,0,0,20280904,20280904/ng2
9aac4925-da17-4d84-bc07-5251fd548f26,2,6,23.5,0.3333333333333333,0.0,0.5,0.6666666666666666,0.7777777777777778,0.2277100170213244,4.666666666666667,-0.3111111111111111,0.34779730154640787,2.1666666666666665,5120.0,97.84746026341173,0.009424804687499982,,,0.16666666666666666,0.16666666666666666,0.5,0.16666666666666666,0.3333333333333333,2,ng,0,0,0,0.0,5.0,9.0,2.0,6.0,0.4090909090909091,0.22727272727272727,0.0,0.2727272727272727,0.09090909090909091,11.0,136.05090909090907,24.05090909090909,24.05090909090909,136.0,137.5,137.5,135.0,112,140.0,,138.5,-0.02857142857142858,0.21474025974025973,0.37579545454545454,0.01821543989134078,0.375,0,0,0.2147402597402596,0,0,0.6644952108979763,0.004888834127795706,2.169532435127726,0.9736333152878138,0.013587553778190762,17.0,0.5666666666666667,11.0,0.6977777777777684,0.005125834485303866,-0.649090909090913,-0.0007291201291327776,0.7977777777777723,0.005854954614436643,-3.0,-0.2727272727272727,0.2727272727272727,30.0,15.0,11.0,0.7317073170731707,0.882964,1.5567790000000001,2.784622,0.5,0.6904761904761906,0.3095238095238094,0,0,0,20280904,20280904/ng1
2ce19f6d-4922-4de6-ac0b-8d035ec7b0e0,3,6,24.5,0.3333333333333333,0.3333333333333333,0.5,0.8333333333333334,0.5833333333333334,0.34960294939005054,5.333333333333333,-0.049999999999999996,0.3744625778662298,3.0,5000.0,558.3079193420064,0.056980555555555576,8.0,10.152175464730044,0.08333333333333333,0.08333333333333333,0.6666666666666666,0.16666666666666666,1.0,2,ghp,1,1,1,0.0,0.0,26.0,0.0,0.0,1.0,0.0,0.0,0.0,0.0,13.0,7.897692307692308,-96.10230769230769,96.10230769230769,7.89,7.9,8.0,7.8,104,7.5,7.4,7.89,0.052000000000000046,0.9240606508875739,1.5015985576923077,0.0,-1.50171875,0,0,-0.9240606508875739,0,0,0.03847401620112931,0.004711027276685835,2.8759189695507312,1.0,0.1957673096582466,13.0,0.35135135135135137,13.0,0.24538461538461534,0.029912351476281702,0.013076923076923208,0.0020898274578894423,0.23230769230769213,0.02782252401839226,1.0,0.07692307692307693,0.07692307692307693,37.0,12.0,13.0,0.74,0.8233295,3.7185745,4.00223,0.32432432432432434,0.7166666666666667,0.2833333333333333,0,0,0,20280904,20280904/ghp1
516b8be6-962e-4782-902a-b93434cfb6fc,3,6,22.333333333333332,0.16666666666666666,0.16666666666666666,0.6666666666666666,0.8333333333333334,0.7777777777777778,0.1009216784699164,4.333333333333333,-0.3444444444444445,0.220016834372753,1.8333333333333333,5000.0,931.1445991466632,0.09464588888888888,130.0,167.88289569419115,0.16666666666666666,0.3333333333333333,0.5,0.0,0.0,2,ghp,1,1,1,2.0,5.0,0.0,0.0,3.0,0.0,0.5,0.2,0.3,0.0,5.0,309.526,205.526,205.526,339.5,278.13,350.0,278.13,104,216.77,199.69,363.16,0.5661761313834939,1.9762115384615386,3.21134375,0.06736956150480555,3.6796875,0,0,1.9762115384615386,0,0,8.929605501186334,0.025374641113356217,2.6050933287459093,1.0,0.29934489671291004,17.0,0.6071428571428571,5.0,12.19200000000003,0.03868387066455352,-37.955999999999996,-0.1256785271681358,50.148000000000025,0.1643623978326893,3.0,0.6,0.6,28.0,18.0,5.0,0.8484848484848485,0.990321,3.249689,13.8922975,0.6428571428571429,0.8,0.19999999999999996,0,0,0,20280904,20280904/ghp2
7f65a94b-9e74-42b9-8621-a54576497acf,3,6,21.333333333333332,0.5,0.8333333333333334,0.6666666666666666,1.0,0.736111111111111,0.17010345435994295,6.5,-0.0861111111111111,0.21970097523342613,2.0,5000.0,62.48979916754408,0.006119444444444445,97.5,47.84140466165265,0.0,0.3333333333333333,0.16666666666666666,0.5,0.16666666666666666,2,ng,0,0,0,0.0,0.0,5.0,5.0,2.0,0.4166666666666667,0.0,0.0,0.16666666666666666,0.4166666666666667,6.0,113.625,9.625,9.625,110.0,116.25,116.25,110.0,104,116.0,120.0,105.0,-0.051724137931034475,0.09254807692307693,0.150390625,-0.0465200156348935,0.09375,0,0,0.09254807692307693,0,0,6.303053294211789,0.05935887751514196,3.1205737619299554,1.0,0.1914744960615807,8.0,0.42105263157894735,6.0,2.875,0.025057115479389214,-7.768333333333335,-0.06689648202885273,10.643333333333336,0.09195359750824195,-6.0,-1.0,1.0,19.0,8.0,6.0,0.76,1.593067,3.2459095,1.7867575,0.42105263157894735,1.0,0.0,0,0,0,20280904,20280904/ng2
9aac4925-da17-4d84-bc07-5251fd548f26,3,6,23.5,0.3333333333333333,0.0,0.5,0.6666666666666666,0.7777777777777778,0.2277100170213244,4.666666666666667,-0.3111111111111111,0.34779730154640787,2.1666666666666665,5000.0,340.7677676658988,0.02828400000000001,135.5,7.155417527999329,0.16666666666666666,0.16666666666666666,0.5,0.16666666666666666,0.3333333333333333,2,ng,0,0,0,0.0,3.0,20.0,0.0,13.0,0.5555555555555556,0.08333333333333333,0.0,0.3611111111111111,0.0,18.0,136.595,32.595,32.595,138.5,136.07,138.5,135.34,104,136.0,140.0,144.95,0.018382352941176405,0.3134134615384615,0.509296875,0.045518529740271596,0.5390625,0,0,0.3134134615384615,0,0,30.947687096421177,0.16445465832398543,2.124988739253075,0.9638814987131192,0.4865454312859221,24.0,0.6486486486486487,18.0,0.33705882352940947,0.0024669586375988583,-20.29222222222222,-0.15651465097784298,21.79176470588235,0.1589816096154418,8.0,0.4444444444444444,0.4444444444444444,37.0,23.0,18.0,0.6727272727272727,0.963049,2.003165,0.825332,0.6216216216216216,0.9,0.09999999999999998,0,0,0,20280904,20280904/ng1
2ce19f6d-4922-4de6-ac0b-8d035ec7b0e0,4,6,24.5,0.3333333333333333,0.3333333333333333,0.5,0.8333333333333334,0.5833333333333334,0.34960294939005054,5.333333333333333,-0.049999999999999996,0.3744625778662298,3.0,4880.0,266.88245959598044,0.027600182149362485,,,0.08333333333333333,0.08333333333333333,0.6666666666666666,0.16666666666666666,1.0,2,ghp,1,1,1,0.0,0.0,36.0,0.0,0.0,1.0,0.0,0.0,0.0,0.0,18.0,7.887222222222222,-88.11277777777778,88.11277777777778,7.89,7.88,7.89,7.88,96,7.89,7.5,7.86,0.0,0.9178414351851852,1.3767621527777778,-0.003809528416667707,-1.37671875,0,0,-0.9178414351851852,0,0,0.01054457732259096,0.0013428090202984057,2.2242132374087435,1.0,0.009539217154496465,10.0,0.2857142857142857,18.0,0.012222222222221961,0.001549792726390492,0.007777777777777908,0.0009858210734991757,0.004444444444444053,0.0005639716528913161,4.0,0.2222222222222222,0.2222222222222222,35.0,8.0,18.0,0.660377358490566,0.7490380000000001,2.1327075,1.259426,0.22857142857142856,0.5218253968253969,0.47817460317460314,0,0,0,20280904,20280904/ghp1
516b8be6-962e-4782-902a-b93434cfb6fc,4,6,22.333333333333332,0.16666666666666666,0.16666666666666666,0.6666666666666666,0.8333333333333334,0.7777777777777778,0.1009216784699164,4.333333333333333,-0.3444444444444445,0.220016834372753,1.8333333333333333,4880.0,1176.4928624857866,0.11851331967213112,,,0.16666666666666666,0.3333333333333333,0.5,0.0,0.0,2,ghp,1,1,1,2.0,3.0,0.0,0.0,1.0,0.0,0.5,0.3333333333333333,0.16666666666666666,0.0,3.0,358.0733333333333,262.0733333333333,262.0733333333333,363.16,350.0,363.16,350.0,96,339.5,216.77,350.0,0.06969072164948464,2.7299305555555553,4.094895833333333,-0.03691035402009746,4.174375,0,0,2.7299305555555553,0,0,12.398497867712045,0.03438351719556242,2.2962752305587983,1.0,0.05253523143448062,12.0,0.3870967741935484,3.0,3.3466666666666547,0.009177003845027702,-8.869999999999967,-0.025363627730445957,12.21666666666662,0.03454063157547366,1.0,0.3333333333333333,0.3333333333333333,31.0,26.0,3.0,0.9117647058823529,0.738154,9.255987,12.5735525,0.8387096774193549,1.0,0.0,0,0,0,20280904,20280904/ghp2
7f65a94b-9e74-42b9-8621-a54576497acf,4,6,21.333333333333332,0.5,0.8333333333333334,0.6666666666666666,1.0,0.736111111111111,0.17010345435994295,6.5,-0.0861111111111111,0.21970097523342613,2.0,4880.0,159.33635806055065,0.01649020947176685,,,0.0,0.3333333333333333,0.16666666666666666,0.5,0.16666666666666666,2,ng,0,0,0,0.0,0.0,3.0,1.0,4.0,0.375,0.0,0.0,0.5,0.125,4.0,107.25,11.25,11.25,105.0,108.0,108.0,105.0,96,110.0,116.0,89.0,-0.045454545454545414,0.1171875,0.17578125,-0.16532398042538343,0.140625,0,0,0.1171875,0,0,8.464556807950139,0.08161983838465126,2.7576436812717913,1.0,0.14305691388975508,2.0,0.2857142857142857,4.0,3.0,0.027736291871132922,-3.8249999999999957,-0.05299480833511125,8.76666666666666,0.08073110020624417,-4.0,-1.0,1.0,7.0,2.0,4.0,0.6363636363636364,10.4779075,23.375159500000002,,0.2857142857142857,1.0,0.0,0,0,0,20280904,20280904/ng2
9aac4925-da17-4d84-bc07-5251fd548f26,4,6,23.5,0.3333333333333333,0.0,0.5,0.6666666666666666,0.7777777777777778,0.2277100170213244,4.666666666666667,-0.3111111111111111,0.34779730154640787,2.1666666666666665,4880.0,412.73319338284387,0.04045833333333332,,,0.16666666666666666,0.16666666666666666,0.5,0.16666666666666666,0.3333333333333333,2,ng,0,0,0,0.0,10.0,9.0,2.0,3.0,0.375,0.4166666666666667,0.0,0.125,0.08333333333333333,12.0,148.995,52.995000000000005,52.995000000000005,144.95,137.0,240.0,137.0,96,138.5,136.0,160.0,0.04657039711191335,0.5520312500000001,0.8280468750000001,0.09878495986616187,0.7648437499999998,0,0,0.5520312500000001,0,0,10.918371003899802,0.06735859063986566,2.0,0.995378177430223,0.7447372057312338,12.0,0.7058823529411765,12.0,11.880833333333328,0.06921327958180633,-1.2708333333333286,-0.0417661065060923,13.151666666666657,0.11097938608789863,12.0,1.0,1.0,17.0,3.0,12.0,0.5862068965517241,2.720988,2.720988,3.914562,0.17647058823529413,0.9,0.09999999999999998,0,0,0,20280904,20280904/ng1
2ce19f6d-4922-4de6-ac0b-8d035ec7b0e0,5,6,24.5,0.3333333333333333,0.3333333333333333,0.5,0.8333333333333334,0.5833333333333334,0.34960294939005054,5.333333333333333,-0.049999999999999996,0.3744625778662298,3.0,4880.0,350.2097267067265,0.03690960837887067,,,0.08333333333333333,0.08333333333333333,0.6666666666666666,0.16666666666666666,1.0,2,ghp,1,1,1,0.0,0.0,42.0,0.0,0.0,1.0,0.0,0.0,0.0,0.0,21.0,7.8776190476190475,-80.12238095238095,80.12238095238095,7.86,7.89,7.9,7.85,88,7.89,7.89,7.82,-0.0038022813688212143,0.9104816017316018,1.2519122023809524,-0.005102051883895342,-1.2521875,0,0,-0.9104816017316018,0,0,0.012586512247213313,0.0016048983769957625,2.5720180212044004,1.0,0.005548250280330709,7.0,0.2916666666666667,21.0,0.014499999999999957,0.0018407925908006284,0.008095238095238091,0.0011437865167786593,0.005499999999999972,0.0006970060740219689,1.0,0.047619047619047616,0.047619047619047616,24.0,8.0,21.0,0.5333333333333333,1.515673,1.7584520000000001,1.8776515,0.3333333333333333,0.5462454212454212,0.4537545787545788,0,0,0,20280904,20280904/ghp1
516b8be6-962e-4782-902a-b93434cfb6fc,5,6,22.333333333333332,0.16666666666666666,0.16666666666666666,0.6666666666666666,0.8333333333333334,0.7777777777777778,0.1009216784699164,4.333333333333333,-0.3444444444444445,0.220016834372753,1.8333333333333333,4880.0,1375.1317157858005,0.1405481557377049,,,0.16666666666666666,0.3333333333333333,0.5,0.0,0.0,2,ghp,1,1,1,1.0,4.0,0.0,0.0,5.0,0.0,0.4,0.1,0.5,0.0,5.0,364.274,276.274,276.274,350.0,365.46,370.25,350.0,88,363.16,339.5,360.0,-0.03623747108712416,3.1394772727272726,4.31678125,0.028170876966696845,4.09375,0,0,3.1394772727272726,0,0,27.83165589990499,0.08181743250805695,2.0056621533660057,1.0,0.09965172433383197,8.0,0.5714285714285714,5.0,12.998000000000001,0.035790558495238385,4.78599999999999,0.01339206636418514,8.212000000000012,0.022398492131053244,3.0,0.6,0.6,14.0,10.0,5.0,0.7368421052631579,2.670456,6.323085,7.5793835,0.7142857142857143,0.8666666666666666,0.13333333333333341,0,0,0,20280904,20280904/ghp2
7f65a94b-9e74-42b9-8621-a54576497acf,5,6,21.333333333333332,0.5,0.8333333333333334,0.6666666666666666,1.0,0.736111111111111,0.17010345435994295,6.5,-0.0861111111111111,0.21970097523342613,2.0,4880.0,181.45935754322528,0.018771402550091087,,,0.0,0.3333333333333333,0.16666666666666666,0.5,0.16666666666666666,2,ng,0,0,0,0.0,0.0,6.0,3.0,5.0,0.42857142857142855,0.0,0.0,0.35714285714285715,0.21428571428571427,7.0,97.09857142857143,9.09857142857143,9.09857142857143,89.0,98.9,98.9,89.0,88,105.0,110.0,88.0,-0.1523809523809524,0.10339285714285716,0.1421651785714286,-0.01129955525393278,0.015625,0,0,0.10339285714285719,0,0,6.13261487629112,0.0674741695284085,3.1863508722751734,1.0,0.11771939963030008,9.0,0.391304347826087,7.0,1.6849999999999976,0.017486197302284314,-14.197142857142861,-0.13692001566861803,15.281666666666666,0.15440621297090235,-7.0,-1.0,1.0,23.0,19.0,7.0,0.7666666666666667,7.184599,8.487543,2.225455,0.8260869565217391,0.7916666666666666,0.20833333333333337,0,0,0,20280904,20280904/ng2
9aac4925-da17-4d84-bc07-5251fd548f26,5,6,23.5,0.3333333333333333,0.0,0.5,0.6666666666666666,0.7777777777777778,0.2277100170213244,4.666666666666667,-0.3111111111111111,0.34779730154640787,2.1666666666666665,4880.0,368.07204104631455,0.03821721311475406,,,0.16666666666666666,0.16666666666666666,0.5,0.16666666666666666,0.3333333333333333,2,ng,0,0,0,0.0,4.0,7.0,0.0,3.0,0.5,0.2857142857142857,0.0,0.21428571428571427,0.0,7.0,160.21,72.21000000000001,72.21000000000001,160.0,143.27,183.2,143.27,88,144.95,138.5,151.2,0.1038289065194895,0.8205681818181819,1.1282812500000001,-0.05657035148839373,1.125,0,0,0.8205681818181819,0,0,16.655266848188273,0.10767818736721084,2.0,1.0,0.3716315420190213,17.0,0.7391304347826086,7.0,13.735000000000005,0.07571798904827938,-6.192857142857138,-0.07864980092176745,27.603333333333325,0.15436778997004683,1.0,0.14285714285714285,0.14285714285714285,23.0,16.0,7.0,0.7666666666666667,1.070653,3.857085,1.016866,0.6956521739130435,1.0,0.0,0,0,0,20280904,20280904/ng1
2ce19f6d-4922-4de6-ac0b-8d035ec7b0e0,6,6,24.5,0.3333333333333333,0.3333333333333333,0.5,0.8333333333333334,0.5833333333333334,0.34960294939005054,5.333333333333333,-0.049999999999999996,0.3744625778662298,3.0,4820.0,599.7389081925569,0.06352166897187646,8.0,4.1311822359545785,0.08333333333333333,0.08333333333333333,0.6666666666666666,0.16666666666666666,1.0,2,ghp,1,1,1,0.0,0.0,32.0,0.0,0.0,1.0,0.0,0.0,0.0,0.0,16.0,7.843125000000001,-72.156875,72.156875,7.82,7.85,7.87,7.8,80,7.86,7.89,7.83,-0.0050890585241730735,0.9019609375,1.127451171875,0.0012779554454920294,-1.1278125,0,0,-0.9019609375,0,0,0.06344019826587201,0.008106794896969343,9.12017140751056,1.0,0.005817344021087554,9.0,0.20930232558139536,16.0,0.013749999999999929,0.0017542473376376455,0.0025000000000000577,0.0003219318929510251,0.011249999999999871,0.0014323154446866202,-2.0,-0.125,0.125,43.0,27.0,16.0,0.7288135593220338,0.560287,4.2115,1.2934465,0.627906976744186,0.5694444444444444,0.4305555555555556,0,0,0,20280904,20280904/ghp1
516b8be6-962e-4782-902a-b93434cfb6fc,6,6,22.333333333333332,0.16666666666666666,0.16666666666666666,0.6666666666666666,0.8333333333333334,0.7777777777777778,0.1009216784699164,4.333333333333333,-0.3444444444444445,0.220016834372753,1.8333333333333333,4820.0,1870.7746112666807,0.1949971184877824,178.5,200.40334328548514,0.16666666666666666,0.3333333333333333,0.5,0.0,0.0,2,ghp,1,1,1,1.0,2.0,0.0,0.0,5.0,0.0,0.25,0.125,0.625,0.0,4.0,367.275,287.275,287.275,360.0,350.0,380.0,350.0,80,350.0,363.16,354.98,0.02857142857142847,3.5909375,4.488671875,-0.014042581589955638,4.375,0,0,3.5909375,0,0,12.18334696210048,0.03451498619665718,2.374553658962396,1.0,0.15150092468087822,7.0,0.4666666666666667,4.0,53.26333333333336,0.15343140404148362,12.107500000000016,0.045674148749059285,37.19666666666668,0.10775725529242432,4.0,1.0,1.0,15.0,8.0,4.0,0.7894736842105263,2.774825,4.115068,4.324939,0.5333333333333333,1.0,0.0,0,0,0,20280904,20280904/ghp2
7f65a94b-9e74-42b9-8621-a54576497acf,6,6,21.333333333333332,0.5,0.8333333333333334,0.6666666666666666,1.0,0.736111111111111,0.17010345435994295,6.5,-0.0861111111111111,0.21970097523342613,2.0,4820.0,237.2426151432328,0.025030313508529287,82.0,39.70726214015097,0.0,0.3333333333333333,0.16666666666666666,0.5,0.16666666666666666,2,ng,0,0,0,0.0,0.0,1.0,0.0,1.0,0.5,0.0,0.0,0.5,0.0,1.0,88.0,8.0,8.0,88.0,88.0,88.0,88.0,80,89.0,105.0,94.0,-0.011235955056179803,0.1,0.125,0.06595796779179697,0.125,0,0,0.1,0,0,19.57000610435651,0.26325029187566806,4.253338646630184,1.0,0.38334250293939864,1.0,0.07692307692307693,1.0,,,4.0,,,,-1.0,-1.0,1.0,13.0,11.0,1.0,0.9285714285714286,4.464388,4.464388,,0.8461538461538461,1.0,0.0,0,0,0,20280904,20280904/ng2
9aac4925-da17-4d84-bc07-5251fd548f26,6,6,23.5,0.3333333333333333,0.0,0.5,0.6666666666666666,0.7777777777777778,0.2277100170213244,4.666666666666667,-0.3111111111111111,0.34779730154640787,2.1666666666666665,4820.0,414.0012899496811,0.04399907791609035,155.0,17.440374613713626,0.16666666666666666,0.16666666666666666,0.5,0.16666666666666666,0.3333333333333333,2,ng,0,0,0,0.0,4.0,12.0,0.0,6.0,0.5454545454545454,0.18181818181818182,0.0,0.2727272727272727,0.0,11.0,155.93545454545455,75.93545454545455,75.93545454545455,151.2,158.59,172.0,136.4,80,160.0,144.95,135.0,-0.05500000000000005,0.9491931818181818,1.1864914772727273,-0.11332868530700324,1.1124999999999998,0,0,0.9491931818181818,0,0,21.912415931018923,0.14733278225719537,2.208495260097159,0.8292266963695355,0.21063712381569272,11.0,0.6875,11.0,24.950000000000006,0.16148495771255578,15.438181818181823,0.11374857975853196,6.9899999999999975,0.04773637795402381,1.0,0.09090909090909091,0.09090909090909091,16.0,4.0,11.0,0.5925925925925926,1.848117,2.451684,4.118541,0.25,0.9199999999999999,0.08000000000000007,0,0,0,20280904,20280904/ng1
2ce19f6d-4922-4de6-ac0b-8d035ec7b0e0,7,6,24.5,0.3333333333333333,0.3333333333333333,0.5,0.8333333333333334,0.5833333333333334,0.34960294939005054,5.333333333333333,-0.049999999999999996,0.3744625778662298,3.0,4760.0,730.689999055687,0.079234477124183,,,0.08333333333333333,0.08333333333333333,0.6666666666666666,0.16666666666666666,1.0,2,ghp,1,1,1,0.0,0.0,22.0,0.0,0.0,1.0,0.0,0.0,0.0,0.0,11.0,7.829090909090909,-64.17090909090909,64.17090909090909,7.83,7.81,7.85,7.81,72,7.82,7.86,7.83,0.0012787723785165905,0.8912626262626263,1.0026704545454546,0.0,-1.00265625,0,0,-0.8912626262626263,0,0,0.055205930026933935,0.007067564852321644,3.0027854785094448,1.0,0.009569354596552546,15.0,0.45454545454545453,11.0,0.03799999999999937,0.004861646988363013,0.02272727272727305,0.0028162475494556928,0.015999999999999126,0.0020453994389073205,5.0,0.45454545454545453,0.45454545454545453,33.0,16.0,11.0,0.75,0.811199,1.319007,2.060822,0.48484848484848486,0.611111111111111,0.38888888888888895,0,0,0,20280904,20280904/ghp1
516b8be6-962e-4782-902a-b93434cfb6fc,7,6,22.333333333333332,0.16666666666666666,0.16666666666666666,0.6666666666666666,0.8333333333333334,0.7777777777777778,0.1009216784699164,4.333333333333333,-0.3444444444444445,0.220016834372753,1.8333333333333333,4760.0,2015.3668352138777,0.21411006069094304,,,0.16666666666666666,0.3333333333333333,0.5,0.0,0.0,2,ghp,1,1,1,4.0,2.0,0.0,0.0,2.0,0.0,0.25,0.5,0.25,0.0,4.0,353.735,281.735,281.735,354.98,360.0,360.0,349.98,72,360.0,350.0,350.0,-0.013944444444444426,3.9129861111111115,4.402109375,-0.014128295376741207,4.4215625,0,0,3.9129861111111115,0,0,7.002810681591497,0.021046818052194157,2.067827230919969,1.0,0.5651421019690617,3.0,0.3333333333333333,4.0,8.759999999999991,0.024652928118304857,5.0049999999999955,0.014124513155998041,3.7549999999999955,0.010528414962306812,0.0,0.0,0.0,9.0,4.0,4.0,0.6923076923076923,6.9096525,7.581524,6.9096525,0.4444444444444444,1.0,0.0,0,0,0,20280904,20280904/ghp2
7f65a94b-9e74-42b9-8621-a54576497acf,7,6,21.333333333333332,0.5,0.8333333333333334,0.6666666666666666,1.0,0.736111111111111,0.17010345435994295,6.5,-0.0861111111111111,0.21970097523342613,2.0,4760.0,296.9784679736901,0.031919701213818874,,,0.0,0.3333333333333333,0.16666666666666666,0.5,0.16666666666666666,2,ng,0,0,0,0.0,0.0,0.0,2.0,2.0,0.0,0.0,0.0,0.5,0.5,2.0,93.5,21.5,21.5,94.0,93.0,94.0,93.0,72,88.0,89.0,85.0,0.06818181818181812,0.2986111111111111,0.3359375,-0.10064352577968716,0.34375,0,0,0.2986111111111111,0,0,5.265582913612503,0.05811803639710619,4.225433940583936,1.0,0.019086442146448317,0.0,0.0,2.0,5.5,0.06059134235929816,5.5,0.060530629591403075,0.0,6.071276789508702e-05,2.0,1.0,1.0,5.0,1.0,2.0,0.7142857142857143,6.2099315,6.2099315,,0.2,1.0,0.0,0,0,0,20280904,20280904/ng2
9aac4925-da17-4d84-bc07-5251fd548f26,7,6,23.5,0.3333333333333333,0.0,0.5,0.6666666666666666,0.7777777777777778,0.2277100170213244,4.666666666666667,-0.3111111111111111,0.34779730154640787,2.1666666666666665,4760.0,363.47347121901527,0.03814285714285716,,,0.16666666666666666,0.16666666666666666,0.5,0.16666666666666666,0.3333333333333333,2,ng,0,0,0,0.0,6.0,18.0,0.0,0.0,0.75,0.25,0.0,0.0,0.0,12.0,138.3125,66.3125,66.3125,135.0,165.0,165.0,100.0,72,151.2,160.0,130.0,-0.1071428571428571,0.9210069444444444,1.0361328125,-0.03774032798284743,0.984375,0,0,0.9210069444444444,0,0,39.1293918716255,0.3105352624561154,3.2283872507386717,0.6313090967981679,0.33461451194701575,12.0,0.6,12.0,19.83181818181818,0.14671966985002702,9.25,0.05125680420800028,13.568181818181818,0.09546286564202675,-4.0,-0.3333333333333333,0.3333333333333333,20.0,6.0,12.0,0.625,0.8049584999999999,4.611274,3.72002,0.3,0.5833333333333333,0.41666666666666674,0,0,0,20280904,20280904/ng1
2ce19f6d-4922-4de6-ac0b-8d035ec7b0e0,8,6,24.5,0.3333333333333333,0.3333333333333333,0.5,0.8333333333333334,0.5833333333333334,0.34960294939005054,5.333333333333333,-0.049999999999999996,0.3744625778662298,3.0,4700.0,696.384872954604,0.07582813238770685,,,0.08333333333333333,0.08333333333333333,0.6666666666666666,0.16666666666666666,1.0,2,ghp,1,1,1,0.0,0.0,42.0,0.0,0.0,1.0,0.0,0.0,0.0,0.0,21.0,7.838095238095238,-56.16190476190476,56.16190476190476,7.83,7.84,7.86,7.82,64,7.83,7.82,7.85,0.0,0.8775297619047618,0.8775297619047618,0.002551021791604935,-0.87765625,0,0,-0.877529761904762,0,0,0.046804172960885106,0.0059818131757037015,2.6469468452125224,1.0,0.009580945932469448,13.0,0.52,21.0,0.025,0.0031964550949819615,0.029523809523809064,0.0040203833367040455,-0.006499999999999595,-0.000823928241722084,13.0,0.6190476190476191,0.6190476190476191,25.0,5.0,21.0,0.5434782608695652,1.353686,3.421481,2.3105005,0.2,0.5105820105820106,0.4894179894179894,0,0,0,20280904,20280904/ghp1
516b8be6-962e-4782-902a-b93434cfb6fc,8,6,22.333333333333332,0.16666666666666666,0.16666666666666666,0.6666666666666666,0.8333333333333334,0.7777777777777778,0.1009216784699164,4.333333333333333,-0.3444444444444445,0.220016834372753,1.8333333333333333,4700.0,2283.667615726947,0.24101572104018912,,,0.16666666666666666,0.3333333333333333,0.5,0.0,0.0,2,ghp,1,1,1,5.0,2.0,0.0,0.0,3.0,0.0,0.2,0.5,0.3,0.0,5.0,352.488,288.488,288.488,350.0,354.98,357.48,349.98,64,354.98,360.0,321.83,-0.0140289593779932,4.507625,4.507625,-0.08390969866444653,4.46875,0,0,4.507625,1,1,5.09150810960041,0.014504868540914083,2.494561390745107,1.0,0.02059235764179262,4.0,0.5714285714285714,5.0,1.8949999999999818,0.00539632731876466,0.007999999999992725,-0.003354738697308468,3.1299999999999955,0.008751066016073127,1.0,0.2,0.2,7.0,1.0,5.0,0.5833333333333334,2.2243114999999998,5.221461,14.34401,0.14285714285714285,0.7222222222222222,0.2777777777777778,0,0,1,20280904,20280904/ghp2
7f65a94b-9e74-42b9-8621-a54576497acf,8,6,21.333333333333332,0.5,0.8333333333333334,0.6666666666666666,1.0,0.736111111111111,0.17010345435994295,6.5,-0.0861111111111111,0.21970097523342613,2.0,4700.0,340.14461988983464,0.03701690307328606,,,0.0,0.3333333333333333,0.16666666666666666,0.5,0.16666666666666666,2,ng,0,0,0,0.0,0.0,0.0,3.0,3.0,0.0,0.0,0.0,0.5,0.5,3.0,85.0,21.0,21.0,85.0,85.0,85.0,85.0,64,94.0,88.0,75.0,-0.0957446808510638,0.328125,0.328125,-0.12516314295400655,0.328125,0,0,0.328125,0,0,20.01884904998653,0.34612797605420337,3.377055384424007,1.0,0.6650053448418932,5.0,0.2777777777777778,3.0,5.0,0.05714285714285714,-31.996666666666652,-0.34662857142857123,35.329999999999984,0.4037714285714284,-3.0,-1.0,1.0,18.0,16.0,3.0,0.8571428571428571,2.444136,4.186968,443.321381,0.8888888888888888,1.0,0.0,0,0,0,20280904,20280904/ng2
9aac4925-da17-4d84-bc07-5251fd548f26,8,6,23.5,0.3333333333333333,0.0,0.5,0.6666666666666666,0.7777777777777778,0.2277100170213244,4.666666666666667,-0.3111111111111111,0.34779730154640787,2.1666666666666665,4700.0,615.0975469630813,0.06642139479905437,,,0.16666666666666666,0.16666666666666666,0.5,0.16666666666666666,0.3333333333333333,2,ng,0,0,0,0.0,10.0,9.0,0.0,5.0,0.375,0.4166666666666667,0.0,0.20833333333333334,0.0,12.0,130.09166666666667,66.09166666666667,66.09166666666667,130.0,149.0,160.0,100.0,64,135.0,151.2,80.0,-0.03703703703703709,1.0326822916666667,1.0326822916666667,-0.485507815781701,1.03125,0,0,1.0326822916666667,0,0,45.12990874290326,0.3492014729319434,2.726088855507712,0.02038661322355126,0.12287353162123493,1.0,0.07692307692307693,12.0,52.71818181818182,0.4134902460709018,49.69166666666666,0.3922526263681638,2.736363636363636,0.02123761970273793,0.0,0.0,0.0,13.0,6.0,12.0,0.52,2.4455605,7.159307,17.011018999999997,0.46153846153846156,0.9,0.09999999999999998,0,0,0,20280904,20280904/ng1
2ce19f6d-4922-4de6-ac0b-8d035ec7b0e0,9,6,24.5,0.3333333333333333,0.3333333333333333,0.5,0.8333333333333334,0.5833333333333334,0.34960294939005054,5.333333333333333,-0.049999999999999996,0.3744625778662298,3.0,4880.0,871.2409650607578,0.08892736794171222,7.5,3.1622776601683795,0.08333333333333333,0.08333333333333333,0.6666666666666666,0.16666666666666666,1.0,2,ghp,1,1,1,0.0,0.0,54.0,0.0,0.0,1.0,0.0,0.0,0.0,0.0,27.0,7.838148148148148,-48.16185185185185,48.16185185185185,7.85,7.82,7.86,7.82,56,7.83,7.83,7.88,0.0025542784163472554,0.8600330687830687,0.7525289351851852,0.003814372075471084,-0.75234375,0,0,-0.8600330687830687,0,0,0.01972037102644954,0.0025123581467613285,4.847091003335817,1.0,0.013023304599238941,13.0,0.3333333333333333,27.0,0.022592592592592504,0.0028859640453141313,0.007037037037037019,0.0008985458947000708,0.015555555555555487,0.00198741815061406,23.0,0.8518518518518519,0.8518518518518519,39.0,8.0,27.0,0.5909090909090909,1.444915,2.621777,0.754061,0.20512820512820512,0.9803921568627452,0.019607843137254832,0,0,0,20280904,20280904/ghp1
516b8be6-962e-4782-902a-b93434cfb6fc,9,6,22.333333333333332,0.16666666666666666,0.16666666666666666,0.6666666666666666,0.8333333333333334,0.7777777777777778,0.1009216784699164,4.333333333333333,-0.3444444444444445,0.220016834372753,1.8333333333333333,4880.0,2309.721246973322,0.23909061930783243,129.0,159.04925861715503,0.16666666666666666,0.3333333333333333,0.5,0.0,0.0,2,ghp,1,1,1,6.0,3.0,0.0,0.0,3.0,0.0,0.25,0.5,0.25,0.0,6.0,337.60166666666663,281.60166666666663,281.60166666666663,321.83,355.0,355.0,321.83,56,350.0,354.98,50.0,-0.08048571428571438,5.02860119047619,4.400026041666666,-1.8620004503908665,4.15359375,0,0,5.02860119047619,1,0,96.17269022567501,0.5406483890685974,2.7821585625491956,1.0,0.54309532260674,8.0,0.47058823529411764,6.0,4.8,0.014266704817095303,-3.7416666666666742,-0.02151229309561803,12.29000000000001,0.03577899791271333,-4.0,-0.6666666666666666,0.6666666666666666,17.0,11.0,6.0,0.7391304347826086,0.49741899999999994,7.2958045,5.983025,0.6470588235294118,1.0,0.0,0,0,2,20280904,20280904/ghp2
7f65a94b-9e74-42b9-8621-a54576497acf,9,6,21.333333333333332,0.5,0.8333333333333334,0.6666666666666666,1.0,0.736111111111111,0.17010345435994295,6.5,-0.0861111111111111,0.21970097523342613,2.0,4880.0,183.76205266594096,0.018880464480874326,53.0,29.086079144497972,0.0,0.3333333333333333,0.16666666666666666,0.5,0.16666666666666666,2,ng,0,0,0,0.0,0.0,0.0,2.0,2.0,0.0,0.0,0.0,0.5,0.5,2.0,78.58500000000001,22.585,22.585,75.0,82.17,82.17,75.0,56,85.0,94.0,75.0,-0.11764705882352944,0.40330357142857143,0.352890625,0.0,0.296875,0,0,0.4033035714285716,0,0,18.323657181167647,0.26969121349075,3.0335620199319164,1.0,0.25093962002815684,5.0,0.4166666666666667,2.0,12.165000000000006,0.17494426843565747,-3.8349999999999937,-0.021743409799772948,16.0,0.1966876782354304,0.0,0.0,0.0,12.0,9.0,2.0,0.8571428571428571,3.066199,18.343882,85.767585,0.75,1.0,0.0,0,0,0,20280904,20280904/ng2
9aac4925-da17-4d84-bc07-5251fd548f26,9,6,23.5,0.3333333333333333,0.0,0.5,0.6666666666666666,0.7777777777777778,0.2277100170213244,4.666666666666667,-0.3111111111111111,0.34779730154640787,2.1666666666666665,4880.0,642.5408845201989,0.06704519581056466,125.0,23.18404623873926,0.16666666666666666,0.16666666666666666,0.5,0.16666666666666666,0.3333333333333333,2,ng,0,0,0,0.0,5.0,3.0,0.0,2.0,0.3,0.5,0.0,0.2,0.0,5.0,118.4,62.4,62.4,80.0,100.0,140.0,80.0,56,130.0,135.0,122.0,-0.3846153846153846,1.1142857142857143,0.975,0.42199441005937555,0.375,0,0,1.1142857142857143,0,0,57.0,0.44357976653696496,2.0,0.010163341981210583,,0.0,0.0,5.0,2.6,0.02023346303501945,2.6,0.02023346303501945,0.0,0.0,3.0,0.6,0.6,17.0,9.0,5.0,0.7727272727272727,0.887174,0.8951865,,0.5294117647058824,0.8,0.19999999999999996,0,0,0,20280904,20280904/ng1
2ce19f6d-4922-4de6-ac0b-8d035ec7b0e0,10,6,24.5,0.3333333333333333,0.3333333333333333,0.5,0.8333333333333334,0.5833333333333334,0.34960294939005054,5.333333333333333,-0.049999999999999996,0.3744625778662298,3.0,4880.0,1111.2075726343842,0.11257559198542806,,,0.08333333333333333,0.08333333333333333,0.6666666666666666,0.16666666666666666,1.0,2,ghp,1,1,1,0.0,0.0,66.0,0.0,0.0,1.0,0.0,0.0,0.0,0.0,33.0,7.853636363636364,-40.14636363636363,40.14636363636363,7.88,7.84,7.88,7.84,48,7.85,7.83,7.88,0.003821656050955413,0.8363825757575757,0.6272869318181817,0.0,-0.626875,0,0,-0.8363825757575758,0,0,0.018588994885856674,0.00236226671521255,4.167198779823781,1.0,0.009702933706635395,15.0,0.3488372093023256,33.0,0.011249999999999816,0.0014332253489757276,-0.004848484848484853,-0.000598098065698231,0.015937499999999827,0.0020313234146739586,25.0,0.7575757575757576,0.7575757575757576,43.0,17.0,33.0,0.5657894736842105,1.0240235000000002,2.31472,0.808947,0.3953488372093023,0.49797979797979797,0.502020202020202,0,0,0,20280904,20280904/ghp1
516b8be6-962e-4782-902a-b93434cfb6fc,10,6,22.333333333333332,0.16666666666666666,0.16666666666666666,0.6666666666666666,0.8333333333333334,0.7777777777777778,0.1009216784699164,4.333333333333333,-0.3444444444444445,0.220016834372753,1.8333333333333333,4880.0,2260.6516030383805,0.22365562386156645,,,0.16666666666666666,0.3333333333333333,0.5,0.0,0.0,2,ghp,1,1,1,6.0,10.0,0.0,0.0,4.0,0.0,0.5,0.3,0.2,0.0,10.0,234.88400000000001,186.884,186.884,50.0,319.77,320.0,50.0,48,321.83,350.0,40.5,-0.8446384737283659,3.8934166666666665,2.9200625,-0.21072103131565267,0.03125,0,1,3.893416666666667,0,0,227.27864415141445,1.2925015043163188,2.002630623938506,1.0,1.1307520608731905,7.0,0.7,10.0,89.22777777777775,0.4846703201065895,35.12599999999998,0.3341085170990585,47.345555555555535,0.15056180300753103,-8.0,-0.8,0.8,10.0,2.0,10.0,0.5,3.2381539999999998,6.887753,22.3226275,0.2,0.8095238095238095,0.19047619047619047,0,1,2,20280904,20280904/ghp2
7f65a94b-9e74-42b9-8621-a54576497acf,10,6,21.333333333333332,0.5,0.8333333333333334,0.6666666666666666,1.0,0.736111111111111,0.17010345435994295,6.5,-0.0861111111111111,0.21970097523342613,2.0,4880.0,183.76205266594096,0.018880464480874326,,,0.0,0.3333333333333333,0.16666666666666666,0.5,0.16666666666666666,2,ng,0,0,0,0.0,0.0,0.0,0.0,0.0,,,,,,0.0,,,,75.0,,,,48,75.0,85.0,42.5,0.0,,,-0.5679840376059389,0.421875,0,0,,0,0,16.890717687408646,0.3067675413821341,3.1502289506309578,1.0,0.2864746385650833,3.0,0.25,0.0,,,,,,,,,,12.0,11.0,0.0,1.0,,,,0.9166666666666666,,,0,0,0,20280904,20280904/ng2
9aac4925-da17-4d84-bc07-5251fd548f26,10,6,23.5,0.3333333333333333,0.0,0.5,0.6666666666666666,0.7777777777777778,0.2277100170213244,4.666666666666667,-0.3111111111111111,0.34779730154640787,2.1666666666666665,4880.0,718.1565820070157,0.07499146174863389,,,0.16666666666666666,0.16666666666666666,0.5,0.16666666666666666,0.3333333333333333,2,ng,0,0,0,0.0,4.0,6.0,1.0,1.0,0.5,0.3333333333333333,0.0,0.08333333333333333,0.08333333333333333,6.0,106.16666666666667,58.166666666666664,58.166666666666664,122.0,100.0,122.0,100.0,48,80.0,130.0,100.0,0.5249999999999999,1.2118055555555556,0.9088541666666666,-0.19885085874516495,1.15625,0,0,1.2118055555555556,0,0,37.978196290582204,0.6410314375999435,3.331732791209066,0.6480268076697305,0.5819478627773993,2.0,0.11764705882352941,6.0,24.0,0.20635230352303524,12.333333333333334,0.1722059620596206,4.2,0.03414634146341464,0.0,0.0,0.0,17.0,12.0,6.0,0.7391304347826086,4.0395734999999995,4.25368,89.844956,0.7058823529411765,0.8333333333333334,0.16666666666666663,0,0,0,20280904,20280904/ng1
2ce19f6d-4922-4de6-ac0b-8d035ec7b0e0,11,6,24.5,0.3333333333333333,0.3333333333333333,0.5,0.8333333333333334,0.5833333333333334,0.34960294939005054,5.333333333333333,-0.049999999999999996,0.3744625778662298,3.0,4880.0,1135.6591745413762,0.11294171220400732,,,0.08333333333333333,0.08333333333333333,0.6666666666666666,0.16666666666666666,1.0,2,ghp,1,1,1,0.0,0.0,20.0,0.0,0.0,1.0,0.0,0.0,0.0,0.0,10.0,7.889,-32.111000000000004,32.111000000000004,7.88,7.88,7.92,7.87,40,7.88,7.85,7.93,0.0,0.8027750000000001,0.5017343750000001,0.0063251317769688065,-0.501875,0,0,-0.8027749999999999,0,0,0.05714935992366073,0.0072265446504522785,3.1764826424741663,1.0,0.008616790099789487,8.0,0.42105263157894735,10.0,0.04222222222222191,0.005346557905041706,0.0060000000000000496,0.001824484763163529,0.027777777777777384,0.0035220731418781764,2.0,0.2,0.2,19.0,9.0,10.0,0.6551724137931034,2.214238,9.609495,10.448666,0.47368421052631576,0.75,0.25,0,0,0,20280904,20280904/ghp1
516b8be6-962e-4782-902a-b93434cfb6fc,11,6,22.333333333333332,0.16666666666666666,0.16666666666666666,0.6666666666666666,0.8333333333333334,0.7777777777777778,0.1009216784699164,4.333333333333333,-0.3444444444444445,0.220016834372753,1.8333333333333333,4880.0,2258.877691757568,0.22335963114754093,,,0.16666666666666666,0.3333333333333333,0.5,0.0,0.0,2,ghp,1,1,1,2.0,0.0,0.0,0.0,4.0,0.0,0.0,0.3333333333333333,0.6666666666666666,0.0,3.0,44.166666666666664,4.166666666666667,4.166666666666667,40.5,47.0,47.0,40.5,40,50.0,321.83,53.0,-0.18999999999999995,0.10416666666666667,0.06510416666666667,0.2689899394396287,0.0078125,0,0,0.1041666666666666,0,0,91.3152777480331,1.5306845305876344,2.8697404413093883,1.0,2.155369475800974,8.0,0.32,3.0,257.25,1.5012449722275427,195.83333333333334,1.0417065696226777,78.375,0.45953840260486495,-3.0,-1.0,1.0,25.0,24.0,3.0,0.8928571428571429,11.03406,14.163457,10.14581,0.96,1.0,0.0,0,1,2,20280904,20280904/ghp2
7f65a94b-9e74-42b9-8621-a54576497acf,11,6,21.333333333333332,0.5,0.8333333333333334,0.6666666666666666,1.0,0.736111111111111,0.17010345435994295,6.5,-0.0861111111111111,0.21970097523342613,2.0,4880.0,182.8555768906162,0.018766621129326057,,,0.0,0.3333333333333333,0.16666666666666666,0.5,0.16666666666666666,2,ng,0,0,0,0.0,0.0,0.0,0.0,2.0,0.0,0.0,0.0,1.0,0.0,1.0,42.5,2.5,2.5,42.5,42.5,42.5,42.5,40,75.0,75.0,32.0,-0.43333333333333335,0.0625,0.0390625,-0.28376817313064473,0.0390625,0,0,0.0625,0,0,10.952020497678363,0.22691929869880484,2.8232736827939893,1.0,0.13229230940014272,5.0,0.38461538461538464,1.0,7.5,0.16216216216216217,6.5,0.14054054054054055,1.0,0.021621621621621623,-1.0,-1.0,1.0,13.0,11.0,1.0,0.9285714285714286,,,41.160225,0.8461538461538461,1.0,0.0,0,0,0,20280904,20280904/ng2
9aac4925-da17-4d84-bc07-5251fd548f26,11,6,23.5,0.3333333333333333,0.0,0.5,0.6666666666666666,0.7777777777777778,0.2277100170213244,4.666666666666667,-0.3111111111111111,0.34779730154640787,2.1666666666666665,4880.0,857.914608967582,0.0893129553734062,,,0.16666666666666666,0.16666666666666666,0.5,0.16666666666666666,0.3333333333333333,2,ng,0,0,0,0.0,2.0,6.0,2.0,4.0,0.42857142857142855,0.14285714285714285,0.0,0.2857142857142857,0.14285714285714285,7.0,107.28571428571429,67.28571428571429,67.28571428571429,100.0,109.0,115.0,100.0,40,122.0,80.0,30.0,-0.180327868852459,1.6821428571428574,1.0513392857142858,-1.2039728043259363,0.9375,0,0,1.6821428571428574,0,0,32.771152036680334,0.6800640219118784,6.255188012703504,0.6320632463628436,0.568037521024835,1.0,0.0625,7.0,2.5,0.024679315222162608,2.5,0.024679315222162608,0.0,0.0,3.0,0.42857142857142855,0.42857142857142855,16.0,9.0,7.0,0.6956521739130435,1.4778685,1.4778685,5.412878,0.5625,0.8,0.19999999999999996,0,0,0,20280904,20280904/ng1
2ce19f6d-4922-4de6-ac0b-8d035ec7b0e0,12,6,24.5,0.3333333333333333,0.3333333333333333,0.5,0.8333333333333334,0.5833333333333334,0.34960294939005054,5.333333333333333,-0.049999999999999996,0.3744625778662298,3.0,4760.0,958.7925166791824,0.09898424369747899,8.0,3.371448748930742,0.08333333333333333,0.08333333333333333,0.6666666666666666,0.16666666666666666,1.0,2,ghp,1,1,1,0.0,0.0,16.0,0.0,0.0,1.0,0.0,0.0,0.0,0.0,8.0,7.94125,-24.05875,24.05875,7.93,7.94,7.96,7.93,32,7.88,7.88,7.95,0.006345177664974555,0.7518359375,0.37591796875,0.0025188930194839365,-0.37609375,0,0,-0.7518359375,0,0,0.22595360983828994,0.02707389557380848,3.7458949692764367,1.0,0.12442407182776699,7.0,0.3333333333333333,8.0,0.021250000000000435,0.0026748377829,0.017500000000000737,0.0022028420700089123,0.003749999999999698,0.0004719957128910874,0.0,0.0,0.0,21.0,11.0,8.0,0.7241379310344828,1.7791375,4.8800035,4.095629,0.5238095238095238,0.54,0.45999999999999996,0,0,0,20280904,20280904/ghp1
516b8be6-962e-4782-902a-b93434cfb6fc,12,6,22.333333333333332,0.16666666666666666,0.16666666666666666,0.6666666666666666,0.8333333333333334,0.7777777777777778,0.1009216784699164,4.333333333333333,-0.3444444444444445,0.220016834372753,1.8333333333333333,4760.0,2312.420288425095,0.23500128384687205,50.0,111.56462999834073,0.16666666666666666,0.3333333333333333,0.5,0.0,0.0,2,ghp,1,1,1,3.0,0.0,0.0,0.0,3.0,0.0,0.0,0.5,0.5,0.0,3.0,101.0,69.0,69.0,53.0,100.0,150.0,53.0,32,40.5,50.0,60.0,0.308641975308642,2.15625,1.078125,0.12405264866997845,0.328125,0,0,2.15625,0,0,58.29120282917362,1.0216766280344007,2.2294581580386197,1.0,1.3953920145703025,10.0,0.5,3.0,36.666666666666664,0.6286240992123345,-46.333333333333336,-0.29439584380760847,83.0,0.9230199430199431,1.0,0.3333333333333333,0.3333333333333333,20.0,12.0,3.0,0.8695652173913043,1.456437,22.992116499999998,13.808541,0.6,0.75,0.25,0,1,2,20280904,20280904/ghp2
7f65a94b-9e74-42b9-8621-a54576497acf,12,6,21.333333333333332,0.5,0.8333333333333334,0.6666666666666666,1.0,0.736111111111111,0.17010345435994295,6.5,-0.0861111111111111,0.21970097523342613,2.0,4760.0,281.1913085427785,0.029808123249299733,35.0,26.143832924802744,0.0,0.3333333333333333,0.16666666666666666,0.5,0.16666666666666666,2,ng,0,0,0,0.0,0.0,0.0,1.0,3.0,0.0,0.0,0.0,0.75,0.25,2.0,36.75,4.75,4.75,32.0,41.5,41.5,32.0,32,42.5,75.0,22.0,-0.24705882352941178,0.1484375,0.07421875,-0.3746934494414105,0.0,0,0,0.1484375,0,0,7.101973780636392,0.23872633263117174,3.3524478018895887,1.0,0.32908890805791324,5.0,0.3333333333333333,2.0,2.0,0.048214365730160864,-1.875,-0.06996908186584219,3.875,0.11818344759600305,-2.0,-1.0,1.0,15.0,12.0,2.0,0.8823529411764706,3.2257905,4.131579,37.776333,0.8,0.6666666666666666,0.33333333333333337,0,0,0,20280904,20280904/ng2
9aac4925-da17-4d84-bc07-5251fd548f26,12,6,23.5,0.3333333333333333,0.0,0.5,0.6666666666666666,0.7777777777777778,0.2277100170213244,4.666666666666667,-0.3111111111111111,0.34779730154640787,2.1666666666666665,4760.0,899.0245381968165,0.09647817460317462,30.0,16.911534525287763,0.16666666666666666,0.16666666666666666,0.5,0.16666666666666666,0.3333333333333333,2,ng,0,0,0,0.0,3.0,2.0,0.0,1.0,0.3333333333333333,0.5,0.0,0.16666666666666666,0.0,3.0,30.333333333333332,-1.6666666666666667,1.6666666666666667,30.0,30.0,31.0,30.0,32,100.0,122.0,22.0,-0.7,0.052083333333333336,0.026041666666666668,-0.3101549283038394,-0.03125,0,0,-0.05208333333333337,0,0,24.705896961070174,0.4992346537312692,3.315926049571224,0.5202273514844719,0.62461061974961,9.0,0.45,3.0,34.666666666666664,0.700965522710601,32.333333333333336,0.6584309760304526,2.3333333333333335,0.0425345466801483,-3.0,-1.0,1.0,20.0,15.0,3.0,0.8695652173913043,0.088125,0.088125,72.467291,0.75,1.0,0.0,0,0,0,20280904,20280904/ng1
2ce19f6d-4922-4de6-ac0b-8d035ec7b0e0,13,6,24.5,0.3333333333333333,0.3333333333333333,0.5,0.8333333333333334,0.5833333333333334,0.34960294939005054,5.333333333333333,-0.049999999999999996,0.3744625778662298,3.0,4760.0,969.2271274164791,0.09973167600373485,,,0.08333333333333333,0.08333333333333333,0.6666666666666666,0.16666666666666666,1.0,2,ghp,1,1,1,0.0,0.0,10.0,0.0,0.0,1.0,0.0,0.0,0.0,0.0,5.0,7.962000000000001,-16.038,16.038,7.95,7.95,7.99,7.94,24,7.93,7.88,9.83,0.0025220680958386588,0.66825,0.25059375,0.2122670054928344,-0.25078125,0,0,-0.66825,0,0,1.04972712989038,0.11795126330279317,2.7928023502325154,1.0,0.1385229975824293,6.0,0.4,5.0,0.03599999999999994,0.004520407290714443,0.016000000000000014,0.001965309189923278,0.019999999999999928,0.002555098100791167,1.0,0.2,0.2,15.0,10.0,5.0,0.75,2.412492,7.704122,19.116158499999997,0.6666666666666666,0.4,0.6,0,0,0,20280904,20280904/ghp1
516b8be6-962e-4782-902a-b93434cfb6fc,13,6,22.333333333333332,0.16666666666666666,0.16666666666666666,0.6666666666666666,0.8333333333333334,0.7777777777777778,0.1009216784699164,4.333333333333333,-0.3444444444444445,0.220016834372753,1.8333333333333333,4760.0,2407.8404270881406,0.2456805555555555,,,0.16666666666666666,0.3333333333333333,0.5,0.0,0.0,2,ghp,1,1,1,10.0,9.0,0.0,0.0,15.0,0.0,0.2647058823529412,0.29411764705882354,0.4411764705882353,0.0,17.0,42.205882352941174,18.205882352941178,18.852941176470587,60.0,22.5,60.0,20.0,24,53.0,40.5,150.0,0.13207547169811318,0.7855392156862745,0.2945772058823529,0.9162907318741551,0.5625,0,0,0.7585784313725489,0,0,53.72920657240789,0.8592025440880537,2.2266684352002493,1.0,1.4217268072046596,14.0,0.6086956521739131,17.0,17.205882352941178,0.694134063436276,-22.11764705882353,-0.6669960784976804,39.3235294117647,1.3611301419339565,17.0,1.0,1.0,23.0,6.0,17.0,0.575,1.117736,1.5635,2.4042485,0.2608695652173913,0.8888888888888888,0.11111111111111116,0,1,2,20280904,20280904/ghp2
7f65a94b-9e74-42b9-8621-a54576497acf,13,6,21.333333333333332,0.5,0.8333333333333334,0.6666666666666666,1.0,0.736111111111111,0.17010345435994295,6.5,-0.0861111111111111,0.21970097523342613,2.0,4760.0,283.88191664845453,0.03010725957049487,,,0.0,0.3333333333333333,0.16666666666666666,0.5,0.16666666666666666,2,ng,0,0,0,0.0,0.0,4.0,6.0,2.0,0.3333333333333333,0.0,0.0,0.16666666666666666,0.5,6.0,22.605,-1.3950000000000002,1.7283333333333335,22.0,23.63,25.0,21.0,24,32.0,42.5,13.0,-0.3125,0.07201388888888889,0.027005208333333336,-0.5260930958967793,-0.03125,0,0,-0.05812499999999998,0,0,7.32652812733897,0.3549444117209443,2.979715609065224,1.0,0.273207244007096,9.0,0.375,6.0,4.8950000000000005,0.19254861495803643,2.0400000000000005,0.08575127139090531,2.8550000000000004,0.10679734356713111,-6.0,-1.0,1.0,24.0,13.0,6.0,0.8,1.2140149999999998,1.7931869999999999,3.7135465,0.5416666666666666,1.0,0.0,0,0,0,20280904,20280904/ng2
9aac4925-da17-4d84-bc07-5251fd548f26,13,6,23.5,0.3333333333333333,0.0,0.5,0.6666666666666666,0.7777777777777778,0.2277100170213244,4.666666666666667,-0.3111111111111111,0.34779730154640787,2.1666666666666665,4760.0,926.2759093704203,0.09945436507936507,,,0.16666666666666666,0.16666666666666666,0.5,0.16666666666666666,0.3333333333333333,2,ng,0,0,0,0.0,7.0,7.0,2.0,2.0,0.3888888888888889,0.3888888888888889,0.0,0.1111111111111111,0.1111111111111111,9.0,33.0,9.0,10.777777777777779,22.0,55.0,55.0,22.0,24,30.0,100.0,12.0,-0.2666666666666667,0.4490740740740741,0.1684027777777778,-0.6061358035703157,-0.03125,0,0,0.375,0,0,3.0961547433854792,0.1656173783763482,2.335870479168989,0.10206874524140541,0.8578620498076924,1.0,0.018518518518518517,9.0,1.5,0.06382978723404255,-0.2,-0.0425531914893617,2.5,0.10638297872340426,3.0,0.3333333333333333,0.3333333333333333,54.0,23.0,9.0,0.8571428571428571,0.467055,0.566203,1.027976,0.42592592592592593,0.5952380952380952,0.40476190476190477,0,0,0,20280904,20280904/ng1
2ce19f6d-4922-4de6-ac0b-8d035ec7b0e0,14,6,24.5,0.3333333333333333,0.3333333333333333,0.5,0.8333333333333334,0.5833333333333334,0.34960294939005054,5.333333333333333,-0.049999999999999996,0.3744625778662298,3.0,4700.0,869.9931386855876,0.09082423167848698,,,0.08333333333333333,0.08333333333333333,0.6666666666666666,0.16666666666666666,1.0,2,ghp,1,1,1,0.0,0.0,22.0,0.0,0.0,1.0,0.0,0.0,0.0,0.0,11.0,9.472727272727273,-6.527272727272727,6.527272727272727,9.83,8.81,10.0,8.0,16,7.95,7.93,9.97,0.2364779874213836,0.40795454545454546,0.10198863636363636,0.014141649814671808,-0.09640625,0,0,-0.40795454545454546,0,0,1.0156668227596033,0.10900174644789526,2.3459429994064083,1.0,0.14467701568742353,11.0,0.6111111111111112,11.0,1.0050000000000008,0.10943121657873453,0.544545454545455,0.06768885181035753,0.3680000000000003,0.04174236476837699,7.0,0.6363636363636364,0.6363636363636364,18.0,8.0,11.0,0.6206896551724138,1.58298,3.621878,3.5035875,0.4444444444444444,0.8285714285714286,0.17142857142857137,0,0,0,20280904,20280904/ghp1
516b8be6-962e-4782-902a-b93434cfb6fc,14,6,22.333333333333332,0.16666666666666666,0.16666666666666666,0.6666666666666666,0.8333333333333334,0.7777777777777778,0.1009216784699164,4.333333333333333,-0.3444444444444445,0.220016834372753,1.8333333333333333,4700.0,2673.507931598483,0.2838346335697399,,,0.16666666666666666,0.3333333333333333,0.5,0.0,0.0,2,ghp,1,1,1,2.0,3.0,0.0,0.0,9.0,0.0,0.21428571428571427,0.14285714285714285,0.6428571428571429,0.0,7.0,125.21428571428571,109.21428571428571,109.21428571428571,150.0,67.5,160.0,67.5,16,60.0,53.0,10.0,1.5,6.825892857142857,1.7064732142857142,-2.7080502011022096,2.09375,1,0,6.825892857142857,1,1,98.66704832484271,1.389275014668655,2.59202748853435,1.0,0.5438273487418855,6.0,0.4,7.0,69.92857142857143,0.7152430366544528,46.857142857142854,0.4582997127547473,23.071428571428573,0.25694332389970553,5.0,0.7142857142857143,0.7142857142857143,15.0,6.0,7.0,0.6818181818181818,3.611389,5.69048,5.69048,0.4,0.8,0.19999999999999996,1,1,3,20280904,20280904/ghp2
7f65a94b-9e74-42b9-8621-a54576497acf,14,6,21.333333333333332,0.5,0.8333333333333334,0.6666666666666666,1.0,0.736111111111111,0.17010345435994295,6.5,-0.0861111111111111,0.21970097523342613,2.0,4700.0,318.9086715033004,0.03399822695035461,,,0.0,0.3333333333333333,0.16666666666666666,0.5,0.16666666666666666,2,ng,0,0,0,0.0,0.0,18.0,5.0,21.0,0.4090909090909091,0.0,0.0,0.4772727272727273,0.11363636363636363,22.0,13.697272727272725,-2.3027272727272727,2.9845454545454544,13.0,20.0,20.0,12.0,16,22.0,32.0,6.0,-0.40909090909090906,0.1865340909090909,0.046633522727272725,-0.7731898882334818,-0.046875,0,0,-0.14392045454545466,0,0,9.85064845687437,0.5531281374278626,5.611127164865444,1.0,0.3515191763489889,3.0,0.08108108108108109,22.0,9.706190476190477,0.5338018046556869,8.424090909090909,0.4851925681812341,1.0,0.04860923647445283,-22.0,-1.0,1.0,37.0,15.0,22.0,0.6271186440677966,0.835475,1.027348,0.835475,0.40540540540540543,0.9722222222222222,0.02777777777777779,0,0,0,20280904,20280904/ng2
9aac4925-da17-4d84-bc07-5251fd548f26,14,6,23.5,0.3333333333333333,0.0,0.5,0.6666666666666666,0.7777777777777778,0.2277100170213244,4.666666666666667,-0.3111111111111111,0.34779730154640787,2.1666666666666665,4700.0,954.5150749359592,0.10388002364066193,,,0.16666666666666666,0.16666666666666666,0.5,0.16666666666666666,0.3333333333333333,2,ng,0,0,0,0.0,5.0,9.0,0.0,2.0,0.5625,0.3125,0.0,0.125,0.0,8.0,13.5,-2.5,3.0,12.0,17.0,17.0,10.0,16,22.0,30.0,5.0,-0.4545454545454546,0.1875,0.046875,-0.8754687373539001,-0.0625,0,0,-0.15625,0,0,4.659327567266484,0.3924350141146226,6.047320174698991,0.3154943512009108,0.6438959842116603,2.0,0.043478260869565216,8.0,4.428571428571429,0.3170232431316175,5.125,0.34733575127663796,-0.42857142857142855,-0.03031250814502046,-2.0,-0.25,0.25,46.0,11.0,8.0,0.8518518518518519,1.821095,2.215571,1.8609149999999999,0.2391304347826087,0.6857142857142857,0.3142857142857143,0,0,0,20280904,20280904/ng1
2ce19f6d-4922-4de6-ac0b-8d035ec7b0e0,15,6,24.5,0.3333333333333333,0.3333333333333333,0.5,0.8333333333333334,0.5833333333333334,0.34960294939005054,5.333333333333333,-0.049999999999999996,0.3744625778662298,3.0,4640.0,811.4134782710969,0.08602562260536396,,,0.08333333333333333,0.08333333333333333,0.6666666666666666,0.16666666666666666,1.0,2,ghp,1,1,1,0.0,0.0,20.0,0.0,0.0,1.0,0.0,0.0,0.0,0.0,10.0,9.917,1.9170000000000003,1.9170000000000003,9.97,9.84,9.99,9.5,8,9.83,7.95,,0.014242115971515812,0.23962500000000003,0.029953125000000004,,0.03078125000000001,0,0,0.23962499999999998,0,0,0.413316023931247,0.042972289114181696,2.1410900092191048,1.0,0.08392610583872277,12.0,0.75,10.0,0.16555555555555498,0.016937476001487022,0.15600000000000022,0.015687978480231096,0.013333333333332654,0.0012494975212559217,0.0,0.0,0.0,16.0,1.0,10.0,0.6153846153846154,1.710618,3.993051,1.358785,0.0625,0.6190476190476191,0.38095238095238093,0,0,0,20280904,20280904/ghp1
516b8be6-962e-4782-902a-b93434cfb6fc,15,6,22.333333333333332,0.16666666666666666,0.16666666666666666,0.6666666666666666,0.8333333333333334,0.7777777777777778,0.1009216784699164,4.333333333333333,-0.3444444444444445,0.220016834372753,1.8333333333333333,4640.0,2757.9497856777593,0.29825682471264364,,,0.16666666666666666,0.3333333333333333,0.5,0.0,0.0,2,ghp,1,1,1,3.0,0.0,0.0,0.0,3.0,0.0,0.0,0.5,0.5,0.0,3.0,59.666666666666664,51.666666666666664,51.666666666666664,10.0,100.0,100.0,10.0,8,150.0,60.0,,-0.9333333333333333,6.458333333333333,0.8072916666666666,,0.03125,0,1,6.458333333333333,1,0,68.9775877045524,1.5493377391233072,3.6648961801903335,1.0,1.0205281183854027,4.0,0.2857142857142857,3.0,43.666666666666664,0.6994885456423918,-43.0,-0.3468446083830699,86.66666666666667,1.0463331540254617,-3.0,-1.0,1.0,14.0,2.0,3.0,0.8235294117647058,2.8067830000000002,0.73949,7.742858,0.14285714285714285,1.0,0.0,1,2,4,20280904,20280904/ghp2
7f65a94b-9e74-42b9-8621-a54576497acf,15,6,21.333333333333332,0.5,0.8333333333333334,0.6666666666666666,1.0,0.736111111111111,0.17010345435994295,6.5,-0.0861111111111111,0.21970097523342613,2.0,4640.0,336.48138248646086,0.036424209770114936,,,0.0,0.3333333333333333,0.16666666666666666,0.5,0.16666666666666666,2,ng,0,0,0,0.0,0.0,2.0,6.0,6.0,0.14285714285714285,0.0,0.0,0.42857142857142855,0.42857142857142855,7.0,8.035714285714286,0.03571428571428571,1.75,6.0,10.25,10.25,6.0,8,13.0,22.0,,-0.5384615384615384,0.21875,0.02734375,,-0.03125,0,0,0.0044642857142858094,0,0,13.5002705544477,1.0206690994858447,5.361179825774997,1.0,1.2913570252849755,7.0,0.2413793103448276,7.0,12.964285714285714,0.918129145529708,1.6428571428571428,-0.011132278729707392,11.321428571428571,0.9292614242594155,-5.0,-0.7142857142857143,0.7142857142857143,29.0,9.0,7.0,0.8055555555555556,1.142372,6.252521,1.639591,0.3103448275862069,0.8333333333333334,0.16666666666666663,0,0,0,20280904,20280904/ng2
9aac4925-da17-4d84-bc07-5251fd548f26,15,6,23.5,0.3333333333333333,0.0,0.5,0.6666666666666666,0.7777777777777778,0.2277100170213244,4.666666666666667,-0.3111111111111111,0.34779730154640787,2.1666666666666665,4640.0,983.8657745241468,0.10821659482758621,,,0.16666666666666666,0.16666666666666666,0.5,0.16666666666666666,0.3333333333333333,2,ng,0,0,0,0.0,17.0,8.0,8.0,9.0,0.19047619047619047,0.40476190476190477,0.0,0.21428571428571427,0.19047619047619047,21.0,8.30952380952381,0.30952380952380953,1.0714285714285714,5.0,9.0,9.0,5.0,8,12.0,22.0,,-0.5833333333333333,0.13392857142857142,0.016741071428571428,,-0.046875,0,0,0.038690476190476275,0,0,1.8972666049386553,0.2669812968564687,5.959042730084589,0.6635126344430367,0.4043829704581869,5.0,0.16129032258064516,21.0,1.8,0.24309989504486657,3.0,0.12776914736117773,0.8,0.11533074768368885,11.0,0.5238095238095238,0.5238095238095238,31.0,0.0,21.0,0.5961538461538461,0.882217,0.863054,0.793327,0.0,0.9107142857142857,0.0892857142857143,0,0,0,20280904,20280904/ng1
