session_code,participant_code,market_uuid,trader_uuid,gamified,treatment,trading_day,payoff,initial_cash,initial_shares,dividend_per_share,forecast,forecast_confidence,current_cash,num_shares,trade_payoff,fin_quiz_score,self_assessment,overconfidence,cq_attempt_count,gender_female,age,finance_course,trading_experience,high_education,hedonic,price_notifications,repetition,n_buys,n_sells,net_position,n_limit_orders,n_cancels,directionality,churn,n_trades_market,avg_trade_price,avg_mispricing,avg_abs_mispricing,closing_price,opening_price,max_price,min_price,fundamental_value,price_L1,price_L2,price_next,return,abs_mispricing_ratio,rad,ret_next,fundamental_gap,surge,crash,normalized_mispricing,bubble_period,bubble_start,shares,cash,wealth_day,rel_wealth,next_avg_price,forecast_err_price,forecast_err_fund,forecast_bias_fund,gini,feedback_flag,speculator_flag,fundamental_flag,other_flag,market_maker_flag,trader_type,gross,session_id,group_label
h04ar64h,y51mizer,0596faff-8414-4cd3-a91c-e9efce969037,27c5cf8d-18ea-4b55-938f-ac739bdbf0c6,1,ghp,1,7871.0,3800.0,10.0,8.0,,,3791.0,11.0,7721.0,0.5833333333333334,7.0,0.11666666666666659,3,0,35.0,0.0,0.0,1,1,1,1,2.0,1.0,1.0,0.0,0.0,0.3333333333333333,0.6666666666666667,8.0,5.75,-114.25,114.25,4.0,7.0,8.0,3.0,120,,,6.5,,0.9520833333333333,1.78515625,0.48550781578170077,-1.8125,0,0,-0.9520833333333333,0,0,11.0,3879.0,5111.0,111.0,5.4375,,,,0.021655555555555556,0.0,0.0,1.0,0.0,1.0,market_maker,3.0,20280904,20280904/ghp1
h04ar64h,y51mizer,0596faff-8414-4cd3-a91c-e9efce969037,27c5cf8d-18ea-4b55-938f-ac739bdbf0c6,1,ghp,2,7871.0,3800.0,10.0,8.0,,,3879.0,11.0,7721.0,0.5833333333333334,7.0,0.11666666666666659,3,0,35.0,0.0,0.0,1,1,1,1,2.0,2.0,0.0,3.0,0.0,0.0,1.0,8.0,5.4375,-106.5625,106.5625,6.5,4.0,6.5,4.0,112,4.0,,6.5,0.625,0.9514508928571429,1.6650390625,0.0,-1.6484375,0,0,-0.9514508928571429,0,0,11.0,3967.0,5111.0,111.0,6.875,,,,0.028533333333333334,0.0,0.0,1.0,0.0,1.0,market_maker,4.0,20280904,20280904/ghp1
h04ar64h,y51mizer,0596faff-8414-4cd3-a91c-e9efce969037,27c5cf8d-18ea-4b55-938f-ac739bdbf0c6,1,ghp,3,7871.0,3800.0,10.0,20.0,0.0,0.0,3946.5,15.0,7721.0,0.5833333333333334,7.0,0.11666666666666659,3,0,35.0,0.0,0.0,1,1,1,1,3.0,0.0,3.0,1.0,0.0,1.0,0.0,8.0,6.875,-97.125,97.125,6.5,7.0,7.0,6.5,104,6.5,4.0,7.25,0.0,0.9338942307692307,1.517578125,0.109199291964992,-1.5234375,0,0,-0.9338942307692307,0,0,14.0,4226.5,5570.5,390.5,7.125,0.111328125,1.5,-1.5,0.04258901758901759,0.0,0.0,1.0,0.0,1.0,market_maker,3.0,20280904,20280904/ghp1
h04ar64h,y51mizer,0596faff-8414-4cd3-a91c-e9efce969037,27c5cf8d-18ea-4b55-938f-ac739bdbf0c6,1,ghp,4,7871.0,3800.0,10.0,20.0,,,4225.25,19.0,7721.0,0.5833333333333334,7.0,0.11666666666666659,3,0,35.0,0.0,0.0,1,1,1,1,3.0,0.0,3.0,2.0,0.0,1.0,0.0,4.0,7.125,-88.875,88.875,7.25,7.0,7.25,7.0,96,6.5,6.5,6.5,0.11538461538461542,0.92578125,1.388671875,-0.109199291964992,-1.38671875,0,0,-0.92578125,0,0,17.0,4545.25,6041.25,681.25,6.563,,,,0.061769278606965176,0.0,0.0,1.0,0.0,1.0,market_maker,3.0,20280904,20280904/ghp1
h04ar64h,y51mizer,0596faff-8414-4cd3-a91c-e9efce969037,27c5cf8d-18ea-4b55-938f-ac739bdbf0c6,1,ghp,5,7871.0,3800.0,10.0,4.0,,,4592.05,22.0,7721.0,0.5833333333333334,7.0,0.11666666666666659,3,0,35.0,0.0,0.0,1,1,1,1,3.0,1.0,2.0,5.0,0.0,0.5,0.5,10.0,6.563,-81.437,81.437,6.5,6.5,6.79,6.5,88,7.25,6.5,6.61,-0.10344827586206895,0.9254204545454545,1.272453125,0.016781476962003605,-1.2734375,0,0,-0.9254204545454545,0,0,19.0,4608.05,6128.05,828.0500000000002,6.4725,,,,0.058903983228511536,0.0,0.0,1.0,0.0,1.0,market_maker,4.0,20280904,20280904/ghp1
h04ar64h,y51mizer,0596faff-8414-4cd3-a91c-e9efce969037,27c5cf8d-18ea-4b55-938f-ac739bdbf0c6,1,ghp,6,7871.0,3800.0,10.0,20.0,7.0,5.0,4654.13,23.0,7721.0,0.5833333333333334,7.0,0.11666666666666659,3,0,35.0,0.0,0.0,1,1,1,1,4.0,0.0,4.0,2.0,0.0,1.0,0.0,8.0,6.4725,-73.5275,73.5275,6.61,6.25,6.61,6.25,80,6.5,7.25,6.6,0.01692307692307704,0.91909375,1.1488671875,-0.001514004831215221,-1.14671875,0,0,-0.91909375,0,0,23.0,5042.13,6698.13,1218.13,6.55875,0.006894531250000002,1.015625,-1.015625,0.06824959448499596,0.0,0.0,1.0,0.0,1.0,market_maker,4.0,20280904,20280904/ghp1
h04ar64h,y51mizer,0596faff-8414-4cd3-a91c-e9efce969037,27c5cf8d-18ea-4b55-938f-ac739bdbf0c6,1,ghp,7,7871.0,3800.0,10.0,4.0,,,5101.48,28.0,7721.0,0.5833333333333334,7.0,0.11666666666666659,3,0,35.0,0.0,0.0,1,1,1,1,3.0,1.0,2.0,4.0,0.0,0.5,0.5,8.0,6.55875,-65.44125,65.44125,6.6,6.3,6.75,6.3,72,6.61,6.5,6.68,-0.001512859304084846,0.9089062499999999,1.02251953125,0.012048338516174484,-1.021875,0,0,-0.9089062499999999,0,0,25.0,5129.48,6729.48,1309.4799999999996,6.5875,,,,0.06522222222222222,0.0,0.0,1.0,0.0,1.0,market_maker,4.0,20280904,20280904/ghp1
h04ar64h,y51mizer,0596faff-8414-4cd3-a91c-e9efce969037,27c5cf8d-18ea-4b55-938f-ac739bdbf0c6,1,ghp,8,7871.0,3800.0,10.0,20.0,,,5193.369999999999,31.0,7721.0,0.5833333333333334,7.0,0.11666666666666659,3,0,35.0,0.0,0.0,1,1,1,1,3.0,0.0,3.0,5.0,0.0,1.0,0.0,8.0,6.5875,-57.4125,57.4125,6.68,6.4,6.75,6.4,64,6.6,6.61,6.59,0.0121212121212122,0.8970703125,0.8970703125,-0.013564639034138404,-0.895625,0,0,-0.8970703125,0,0,28.0,5669.37,7237.37,1637.37,6.593529411764706,,,,0.08236369047619047,0.0,0.0,1.0,0.0,1.0,market_maker,3.0,20280904,20280904/ghp1
h04ar64h,y51mizer,0596faff-8414-4cd3-a91c-e9efce969037,27c5cf8d-18ea-4b55-938f-ac739bdbf0c6,1,ghp,9,7871.0,3800.0,10.0,0.0,7.0,4.0,5793.859999999999,34.0,7721.0,0.5833333333333334,7.0,0.11666666666666659,3,0,35.0,0.0,0.0,1,1,1,1,6.0,3.0,3.0,7.0,0.0,0.3333333333333333,0.6666666666666667,17.0,6.593529411764706,-49.406470588235294,49.406470588235294,6.59,6.71,6.71,6.5,56,6.68,6.6,6.51,-0.013473053892215536,0.8822584033613445,0.7719761029411765,-0.012213892293937878,-0.77203125,0,0,-0.8822584033613445,0,0,31.0,5649.86,7137.86,1657.8599999999997,6.535833333333333,0.007252604166666676,0.640625,-0.640625,0.08123519870235198,0.0,0.0,1.0,0.0,1.0,market_maker,9.0,20280904,20280904/ghp1
h04ar64h,y51mizer,0596faff-8414-4cd3-a91c-e9efce969037,27c5cf8d-18ea-4b55-938f-ac739bdbf0c6,1,ghp,10,7871.0,3800.0,10.0,8.0,,,5767.739999999998,39.0,7721.0,0.5833333333333334,7.0,0.11666666666666659,3,0,35.0,0.0,0.0,1,1,1,1,4.0,0.0,4.0,4.0,0.0,1.0,0.0,12.0,6.535833333333333,-41.464166666666664,41.464166666666664,6.51,6.56,6.58,6.49,48,6.59,6.68,6.54,-0.012139605462822445,0.8638368055555555,0.6478776041666666,0.004597709248629345,-0.64828125,0,0,-0.8638368055555556,0,0,35.0,5903.74,7303.74,1823.7399999999998,6.5375,,,,0.09090592051905921,0.0,0.0,1.0,0.0,1.0,market_maker,4.0,20280904,20280904/ghp1
h04ar64h,y51mizer,0596faff-8414-4cd3-a91c-e9efce969037,27c5cf8d-18ea-4b55-938f-ac739bdbf0c6,1,ghp,11,7871.0,3800.0,10.0,8.0,,,6047.119999999998,43.0,7721.0,0.5833333333333334,7.0,0.11666666666666659,3,0,35.0,0.0,0.0,1,1,1,1,6.0,1.0,5.0,5.0,0.0,0.7142857142857143,0.2857142857142857,16.0,6.5375,-33.4625,33.4625,6.54,6.48,6.58,6.48,40,6.51,6.59,6.53,0.004608294930875667,0.8365625,0.5228515625,-0.001530222180767593,-0.5228125,0,0,-0.8365625,0,0,40.0,6191.12,7471.12,1991.12,6.5311111111111115,,,,0.09531822789943228,0.0,0.0,1.0,0.0,1.0,market_maker,7.0,20280904,20280904/ghp1
h04ar64h,y51mizer,0596faff-8414-4cd3-a91c-e9efce969037,27c5cf8d-18ea-4b55-938f-ac739bdbf0c6,1,ghp,12,7871.0,3800.0,10.0,8.0,7.0,4.0,6371.619999999997,44.0,7721.0,0.5833333333333334,7.0,0.11666666666666659,3,0,35.0,0.0,0.0,1,1,1,1,5.0,2.0,3.0,5.0,0.0,0.42857142857142855,0.5714285714285714,18.0,6.5311111111111115,-25.468888888888888,25.468888888888888,6.53,6.53,6.58,6.48,32,6.54,6.51,6.55,-0.001529051987767538,0.7959027777777777,0.39795138888888887,0.003058106358820867,-0.39796875,0,0,-0.7959027777777777,0,0,43.0,6515.62,7547.62,2067.62,6.5553333333333335,0.006947916666666665,0.265625,-0.265625,0.09750283860502837,0.0,0.0,1.0,0.0,1.0,market_maker,7.0,20280904,20280904/ghp1
h04ar64h,y51mizer,0596faff-8414-4cd3-a91c-e9efce969037,27c5cf8d-18ea-4b55-938f-ac739bdbf0c6,1,ghp,13,7871.0,3800.0,10.0,8.0,,,6710.519999999998,50.0,7721.0,0.5833333333333334,7.0,0.11666666666666659,3,0,35.0,0.0,0.0,1,1,1,1,7.0,5.0,2.0,14.0,1.0,0.16666666666666666,0.8333333333333334,15.0,6.5553333333333335,-17.444666666666667,17.444666666666667,6.55,6.46,6.58,6.46,24,6.53,6.54,6.55,0.003062787136294043,0.7268611111111111,0.27257291666666666,0.0,-0.27265625,0,0,-0.7268611111111111,0,0,45.0,6862.52,7582.52,2102.5200000000004,6.547,,,,0.09715176399026765,0.0,0.0,1.0,0.0,1.0,market_maker,12.0,20280904,20280904/ghp1
h04ar64h,y51mizer,0596faff-8414-4cd3-a91c-e9efce969037,27c5cf8d-18ea-4b55-938f-ac739bdbf0c6,1,ghp,14,7871.0,3800.0,10.0,8.0,,,7117.079999999998,50.0,7721.0,0.5833333333333334,7.0,0.11666666666666659,3,0,35.0,0.0,0.0,1,1,1,1,1.0,2.0,-1.0,8.0,0.0,0.3333333333333333,0.6666666666666667,10.0,6.547,-9.453,9.453,6.55,6.55,6.55,6.54,16,6.55,6.53,6.53,0.0,0.5908125,0.147703125,-0.003058106358820867,-0.14765625,0,0,-0.5908125,0,0,44.0,7221.08,7573.08,2093.08,6.555,,,,0.09686516626115167,0.0,0.0,1.0,0.0,1.0,market_maker,3.0,20280904,20280904/ghp1
h04ar64h,y51mizer,0596faff-8414-4cd3-a91c-e9efce969037,27c5cf8d-18ea-4b55-938f-ac739bdbf0c6,1,ghp,15,7871.0,3800.0,10.0,4.0,,,7589.219999999999,33.0,7721.0,0.5833333333333334,7.0,0.11666666666666659,3,0,35.0,0.0,0.0,1,1,1,1,0.0,11.0,-11.0,4.0,0.0,1.0,0.0,24.0,6.555,-1.445,1.445,6.53,6.55,6.58,6.52,8,6.55,6.55,,-0.003053435114503733,0.180625,0.022578125,,-0.022968749999999996,0,0,-0.18062500000000004,0,0,33.0,7425.22,7425.22,2005.2200000000003,,,,,0.09308958589585893,0.0,0.0,1.0,0.0,1.0,market_maker,11.0,20280904,20280904/ghp1
h04ar64h,mcswnxs6,0596faff-8414-4cd3-a91c-e9efce969037,6828a6e9-e23c-46f8-b9a0-9f715206c8ba,1,ghp,1,5861.0,2600.0,20.0,8.0,,,2597.0,21.0,5771.0,0.4166666666666667,4.0,-0.016666666666666663,3,0,19.0,1.0,0.0,1,1,1,1,2.0,1.0,1.0,4.0,1.0,0.3333333333333333,0.6666666666666667,8.0,5.75,-114.25,114.25,4.0,7.0,8.0,3.0,120,,,6.5,,0.9520833333333333,1.78515625,0.48550781578170077,-1.8125,0,0,-0.9520833333333333,0,0,21.0,2765.0,5117.0,117.0,5.4375,,,,0.021655555555555556,0.0,0.0,0.0,1.0,0.0,other,3.0,20280904,20280904/ghp1
h04ar64h,mcswnxs6,0596faff-8414-4cd3-a91c-e9efce969037,6828a6e9-e23c-46f8-b9a0-9f715206c8ba,1,ghp,2,5861.0,2600.0,20.0,8.0,,,2765.0,21.0,5771.0,0.4166666666666667,4.0,-0.016666666666666663,3,0,19.0,1.0,0.0,1,1,1,1,0.0,0.0,0.0,3.0,3.0,,,8.0,5.4375,-106.5625,106.5625,6.5,4.0,6.5,4.0,112,4.0,,6.5,0.625,0.9514508928571429,1.6650390625,0.0,-1.6484375,0,0,-0.9514508928571429,0,0,21.0,2933.0,5117.0,117.0,6.875,,,,0.028533333333333334,0.0,0.0,0.0,1.0,0.0,other,0.0,20280904,20280904/ghp1
h04ar64h,mcswnxs6,0596faff-8414-4cd3-a91c-e9efce969037,6828a6e9-e23c-46f8-b9a0-9f715206c8ba,1,ghp,3,5861.0,2600.0,20.0,20.0,0.0,0.0,2933.0,22.0,5771.0,0.4166666666666667,4.0,-0.016666666666666663,3,0,19.0,1.0,0.0,1,1,1,1,0.0,0.0,0.0,2.0,1.0,,,8.0,6.875,-97.125,97.125,6.5,7.0,7.0,6.5,104,6.5,4.0,7.25,0.0,0.9338942307692307,1.517578125,0.109199291964992,-1.5234375,0,0,-0.9338942307692307,0,0,21.0,3353.0,5369.0,189.0,7.125,0.111328125,1.5,-1.5,0.04258901758901759,0.0,0.0,0.0,1.0,0.0,other,0.0,20280904,20280904/ghp1
h04ar64h,mcswnxs6,0596faff-8414-4cd3-a91c-e9efce969037,6828a6e9-e23c-46f8-b9a0-9f715206c8ba,1,ghp,4,5861.0,2600.0,20.0,20.0,,,3380.0,21.0,5771.0,0.4166666666666667,4.0,-0.016666666666666663,3,0,19.0,1.0,0.0,1,1,1,1,0.0,1.0,-1.0,1.0,1.0,1.0,0.0,4.0,7.125,-88.875,88.875,7.25,7.0,7.25,7.0,96,6.5,6.5,6.5,0.11538461538461542,0.92578125,1.388671875,-0.109199291964992,-1.38671875,0,0,-0.92578125,0,0,20.0,3760.0,5520.0,160.0,6.563,,,,0.061769278606965176,0.0,0.0,0.0,1.0,0.0,other,1.0,20280904,20280904/ghp1
h04ar64h,mcswnxs6,0596faff-8414-4cd3-a91c-e9efce969037,6828a6e9-e23c-46f8-b9a0-9f715206c8ba,1,ghp,5,5861.0,2600.0,20.0,4.0,,,3800.0,21.0,5771.0,0.4166666666666667,4.0,-0.016666666666666663,3,0,19.0,1.0,0.0,1,1,1,1,0.0,0.0,0.0,1.0,1.0,,,10.0,6.563,-81.437,81.437,6.5,6.5,6.79,6.5,88,7.25,6.5,6.61,-0.10344827586206895,0.9254204545454545,1.272453125,0.016781476962003605,-1.2734375,0,0,-0.9254204545454545,0,0,20.0,3840.0,5440.0,140.0,6.4725,,,,0.058903983228511536,0.0,0.0,0.0,1.0,0.0,other,0.0,20280904,20280904/ghp1
h04ar64h,mcswnxs6,0596faff-8414-4cd3-a91c-e9efce969037,6828a6e9-e23c-46f8-b9a0-9f715206c8ba,1,ghp,6,5861.0,2600.0,20.0,20.0,200.0,3.0,3884.0,20.0,5771.0,0.4166666666666667,4.0,-0.016666666666666663,3,0,19.0,1.0,0.0,1,1,1,1,0.0,0.0,0.0,0.0,0.0,,,8.0,6.4725,-73.5275,73.5275,6.61,6.25,6.61,6.25,80,6.5,7.25,6.6,0.01692307692307704,0.91909375,1.1488671875,-0.001514004831215221,-1.14671875,0,0,-0.91909375,0,0,20.0,4240.0,5680.0,200.0,6.55875,3.02251953125,2.0,2.0,0.06824959448499596,0.0,0.0,0.0,1.0,0.0,other,0.0,20280904,20280904/ghp1
h04ar64h,mcswnxs6,0596faff-8414-4cd3-a91c-e9efce969037,6828a6e9-e23c-46f8-b9a0-9f715206c8ba,1,ghp,7,5861.0,2600.0,20.0,4.0,,,4284.0,20.0,5771.0,0.4166666666666667,4.0,-0.016666666666666663,3,0,19.0,1.0,0.0,1,1,1,1,0.0,0.0,0.0,1.0,0.0,,,8.0,6.55875,-65.44125,65.44125,6.6,6.3,6.75,6.3,72,6.61,6.5,6.68,-0.001512859304084846,0.9089062499999999,1.02251953125,0.012048338516174484,-1.021875,0,0,-0.9089062499999999,0,0,20.0,4320.0,5600.0,180.0,6.5875,,,,0.06522222222222222,0.0,0.0,0.0,1.0,0.0,other,0.0,20280904,20280904/ghp1
h04ar64h,mcswnxs6,0596faff-8414-4cd3-a91c-e9efce969037,6828a6e9-e23c-46f8-b9a0-9f715206c8ba,1,ghp,8,5861.0,2600.0,20.0,20.0,,,4364.200000000001,21.0,5771.0,0.4166666666666667,4.0,-0.016666666666666663,3,0,19.0,1.0,0.0,1,1,1,1,1.0,1.0,0.0,4.0,3.0,0.0,1.0,8.0,6.5875,-57.4125,57.4125,6.68,6.4,6.75,6.4,64,6.6,6.61,6.59,0.0121212121212122,0.8970703125,0.8970703125,-0.013564639034138404,-0.895625,0,0,-0.8970703125,0,0,20.0,4720.2,5840.2,240.19999999999982,6.593529411764706,,,,0.08236369047619047,0.0,0.0,0.0,1.0,0.0,other,2.0,20280904,20280904/ghp1
h04ar64h,mcswnxs6,0596faff-8414-4cd3-a91c-e9efce969037,6828a6e9-e23c-46f8-b9a0-9f715206c8ba,1,ghp,9,5861.0,2600.0,20.0,0.0,0.0,0.0,4784.220000000001,21.0,5771.0,0.4166666666666667,4.0,-0.016666666666666663,3,0,19.0,1.0,0.0,1,1,1,1,1.0,1.0,0.0,3.0,1.0,0.0,1.0,17.0,6.593529411764706,-49.406470588235294,49.406470588235294,6.59,6.71,6.71,6.5,56,6.68,6.6,6.51,-0.013473053892215536,0.8822584033613445,0.7719761029411765,-0.012213892293937878,-0.77203125,0,0,-0.8822584033613445,0,0,20.0,4720.219999999999,5680.219999999999,200.21999999999935,6.535833333333333,0.10212239583333332,0.75,-0.75,0.08123519870235198,0.0,0.0,0.0,1.0,0.0,other,2.0,20280904,20280904/ghp1
h04ar64h,mcswnxs6,0596faff-8414-4cd3-a91c-e9efce969037,6828a6e9-e23c-46f8-b9a0-9f715206c8ba,1,ghp,10,5861.0,2600.0,20.0,8.0,,,4771.180000000001,23.0,5771.0,0.4166666666666667,4.0,-0.016666666666666663,3,0,19.0,1.0,0.0,1,1,1,1,2.0,0.0,2.0,3.0,2.0,1.0,0.0,12.0,6.535833333333333,-41.464166666666664,41.464166666666664,6.51,6.56,6.58,6.49,48,6.59,6.68,6.54,-0.012139605462822445,0.8638368055555555,0.6478776041666666,0.004597709248629345,-0.64828125,0,0,-0.8638368055555556,0,0,22.0,4883.18,5763.18,283.1800000000003,6.5375,,,,0.09090592051905921,0.0,0.0,0.0,1.0,0.0,other,2.0,20280904,20280904/ghp1
h04ar64h,mcswnxs6,0596faff-8414-4cd3-a91c-e9efce969037,6828a6e9-e23c-46f8-b9a0-9f715206c8ba,1,ghp,11,5861.0,2600.0,20.0,8.0,,,4955.180000000001,23.0,5771.0,0.4166666666666667,4.0,-0.016666666666666663,3,0,19.0,1.0,0.0,1,1,1,1,0.0,0.0,0.0,3.0,3.0,,,16.0,6.5375,-33.4625,33.4625,6.54,6.48,6.58,6.48,40,6.51,6.59,6.53,0.004608294930875667,0.8365625,0.5228515625,-0.001530222180767593,-0.5228125,0,0,-0.8365625,0,0,22.0,5059.18,5763.18,283.1800000000003,6.5311111111111115,,,,0.09531822789943228,0.0,0.0,0.0,1.0,0.0,other,0.0,20280904,20280904/ghp1
h04ar64h,mcswnxs6,0596faff-8414-4cd3-a91c-e9efce969037,6828a6e9-e23c-46f8-b9a0-9f715206c8ba,1,ghp,12,5861.0,2600.0,20.0,8.0,7.0,4.0,5139.230000000001,23.0,5771.0,0.4166666666666667,4.0,-0.016666666666666663,3,0,19.0,1.0,0.0,1,1,1,1,1.0,1.0,0.0,3.0,0.0,0.0,1.0,18.0,6.5311111111111115,-25.468888888888888,25.468888888888888,6.53,6.53,6.58,6.48,32,6.54,6.51,6.55,-0.001529051987767538,0.7959027777777777,0.39795138888888887,0.003058106358820867,-0.39796875,0,0,-0.7959027777777777,0,0,22.0,5235.23,5763.23,283.22999999999956,6.5553333333333335,0.006947916666666665,0.265625,-0.265625,0.09750283860502837,0.0,0.0,0.0,1.0,0.0,other,2.0,20280904,20280904/ghp1
h04ar64h,mcswnxs6,0596faff-8414-4cd3-a91c-e9efce969037,6828a6e9-e23c-46f8-b9a0-9f715206c8ba,1,ghp,13,5861.0,2600.0,20.0,8.0,,,5336.370000000001,20.0,5771.0,0.4166666666666667,4.0,-0.016666666666666663,3,0,19.0,1.0,0.0,1,1,1,1,0.0,2.0,-2.0,3.0,1.0,1.0,0.0,15.0,6.5553333333333335,-17.444666666666667,17.444666666666667,6.55,6.46,6.58,6.46,24,6.53,6.54,6.55,0.003062787136294043,0.7268611111111111,0.27257291666666666,0.0,-0.27265625,0,0,-0.7268611111111111,0,0,20.0,5408.37,5728.37,248.3699999999999,6.547,,,,0.09715176399026765,0.0,0.0,0.0,1.0,0.0,other,2.0,20280904,20280904/ghp1
h04ar64h,mcswnxs6,0596faff-8414-4cd3-a91c-e9efce969037,6828a6e9-e23c-46f8-b9a0-9f715206c8ba,1,ghp,14,5861.0,2600.0,20.0,8.0,,,5483.280000000001,25.0,5771.0,0.4166666666666667,4.0,-0.016666666666666663,3,0,19.0,1.0,0.0,1,1,1,1,2.0,0.0,2.0,4.0,1.0,1.0,0.0,10.0,6.547,-9.453,9.453,6.55,6.55,6.55,6.54,16,6.55,6.53,6.53,0.0,0.5908125,0.147703125,-0.003058106358820867,-0.14765625,0,0,-0.5908125,0,0,22.0,5571.28,5747.28,267.27999999999975,6.555,,,,0.09686516626115167,0.0,0.0,0.0,1.0,0.0,other,2.0,20280904,20280904/ghp1
h04ar64h,mcswnxs6,0596faff-8414-4cd3-a91c-e9efce969037,6828a6e9-e23c-46f8-b9a0-9f715206c8ba,1,ghp,15,5861.0,2600.0,20.0,4.0,,,5683.330000000001,22.0,5771.0,0.4166666666666667,4.0,-0.016666666666666663,3,0,19.0,1.0,0.0,1,1,1,1,2.0,2.0,0.0,2.0,0.0,0.0,1.0,24.0,6.555,-1.445,1.445,6.53,6.55,6.58,6.52,8,6.55,6.55,,-0.003053435114503733,0.180625,0.022578125,,-0.022968749999999996,0,0,-0.18062500000000004,0,0,22.0,5659.33,5659.33,239.32999999999993,,,,,0.09308958589585893,0.0,0.0,0.0,1.0,0.0,other,4.0,20280904,20280904/ghp1
h04ar64h,tvxlbecc,0596faff-8414-4cd3-a91c-e9efce969037,d77c237c-bd8f-45ed-a388-3f58f0062686,1,ghp,1,4694.0,3800.0,10.0,8.0,,,3817.0,10.0,4554.0,1.0,4.0,-0.6,2,1,22.0,0.0,1.0,1,1,1,1,1.0,3.0,-2.0,6.0,2.0,0.5,0.5,8.0,5.75,-114.25,114.25,4.0,7.0,8.0,3.0,120,,,6.5,,0.9520833333333333,1.78515625,0.48550781578170077,-1.8125,0,0,-0.9520833333333333,0,0,8.0,3881.0,4777.0,-223.0,5.4375,,,,0.021655555555555556,1.0,0.0,0.0,0.0,1.0,market_maker,4.0,20280904,20280904/ghp1
h04ar64h,tvxlbecc,0596faff-8414-4cd3-a91c-e9efce969037,d77c237c-bd8f-45ed-a388-3f58f0062686,1,ghp,2,4694.0,3800.0,10.0,8.0,,,3925.0,3.0,4554.0,1.0,4.0,-0.6,2,1,22.0,0.0,1.0,1,1,1,1,0.0,5.0,-5.0,6.0,1.0,1.0,0.0,8.0,5.4375,-106.5625,106.5625,6.5,4.0,6.5,4.0,112,4.0,,6.5,0.625,0.9514508928571429,1.6650390625,0.0,-1.6484375,0,0,-0.9514508928571429,0,0,3.0,3933.0,4245.0,-755.0,6.875,,,,0.028533333333333334,1.0,0.0,0.0,0.0,1.0,market_maker,5.0,20280904,20280904/ghp1
h04ar64h,tvxlbecc,0596faff-8414-4cd3-a91c-e9efce969037,d77c237c-bd8f-45ed-a388-3f58f0062686,1,ghp,3,4694.0,3800.0,10.0,20.0,50.0,1.0,3935.5,6.0,4554.0,1.0,4.0,-0.6,2,1,22.0,0.0,1.0,1,1,1,1,3.0,1.0,2.0,4.0,2.0,0.5,0.5,8.0,6.875,-97.125,97.125,6.5,7.0,7.0,6.5,104,6.5,4.0,7.25,0.0,0.9338942307692307,1.517578125,0.109199291964992,-1.5234375,0,0,-0.9338942307692307,0,0,5.0,4019.5,4499.5,-680.5,7.125,0.669921875,0.71875,-0.71875,0.04258901758901759,1.0,0.0,0.0,0.0,1.0,market_maker,4.0,20280904,20280904/ghp1
h04ar64h,tvxlbecc,0596faff-8414-4cd3-a91c-e9efce969037,d77c237c-bd8f-45ed-a388-3f58f0062686,1,ghp,4,4694.0,3800.0,10.0,20.0,,,4062.5,5.0,4554.0,1.0,4.0,-0.6,2,1,22.0,0.0,1.0,1,1,1,1,0.0,1.0,-1.0,1.0,1.0,1.0,0.0,4.0,7.125,-88.875,88.875,7.25,7.0,7.25,7.0,96,6.5,6.5,6.5,0.11538461538461542,0.92578125,1.388671875,-0.109199291964992,-1.38671875,0,0,-0.92578125,0,0,4.0,4106.5,4458.5,-901.5,6.563,,,,0.061769278606965176,1.0,0.0,0.0,0.0,1.0,market_maker,1.0,20280904,20280904/ghp1
h04ar64h,tvxlbecc,0596faff-8414-4cd3-a91c-e9efce969037,d77c237c-bd8f-45ed-a388-3f58f0062686,1,ghp,5,4694.0,3800.0,10.0,4.0,,,4169.0,3.0,4554.0,1.0,4.0,-0.6,2,1,22.0,0.0,1.0,1,1,1,1,2.0,3.0,-1.0,2.0,1.0,0.2,0.8,10.0,6.563,-81.437,81.437,6.5,6.5,6.79,6.5,88,7.25,6.5,6.61,-0.10344827586206895,0.9254204545454545,1.272453125,0.016781476962003605,-1.2734375,0,0,-0.9254204545454545,0,0,3.0,4125.0,4365.0,-935.0,6.4725,,,,0.058903983228511536,1.0,0.0,0.0,0.0,1.0,market_maker,5.0,20280904,20280904/ghp1
h04ar64h,tvxlbecc,0596faff-8414-4cd3-a91c-e9efce969037,d77c237c-bd8f-45ed-a388-3f58f0062686,1,ghp,6,4694.0,3800.0,10.0,20.0,40.0,2.0,4181.25,4.0,4554.0,1.0,4.0,-0.6,2,1,22.0,0.0,1.0,1,1,1,1,1.0,1.0,0.0,3.0,3.0,0.0,1.0,8.0,6.4725,-73.5275,73.5275,6.61,6.25,6.61,6.25,80,6.5,7.25,6.6,0.01692307692307704,0.91909375,1.1488671875,-0.001514004831215221,-1.14671875,0,0,-0.91909375,0,0,3.0,4185.25,4401.25,-1078.75,6.55875,0.52251953125,0.5,-0.5,0.06824959448499596,1.0,0.0,0.0,0.0,1.0,market_maker,2.0,20280904,20280904/ghp1
h04ar64h,tvxlbecc,0596faff-8414-4cd3-a91c-e9efce969037,d77c237c-bd8f-45ed-a388-3f58f0062686,1,ghp,7,4694.0,3800.0,10.0,4.0,,,4241.38,8.0,4554.0,1.0,4.0,-0.6,2,1,22.0,0.0,1.0,1,1,1,1,4.0,1.0,3.0,3.0,1.0,0.6,0.4,8.0,6.55875,-65.44125,65.44125,6.6,6.3,6.75,6.3,72,6.61,6.5,6.68,-0.001512859304084846,0.9089062499999999,1.02251953125,0.012048338516174484,-1.021875,0,0,-0.9089062499999999,0,0,6.0,4189.38,4573.38,-846.6199999999999,6.5875,,,,0.06522222222222222,1.0,0.0,0.0,0.0,1.0,market_maker,5.0,20280904,20280904/ghp1
h04ar64h,tvxlbecc,0596faff-8414-4cd3-a91c-e9efce969037,d77c237c-bd8f-45ed-a388-3f58f0062686,1,ghp,8,4694.0,3800.0,10.0,20.0,,,4292.969999999999,3.0,4554.0,1.0,4.0,-0.6,2,1,22.0,0.0,1.0,1,1,1,1,0.0,3.0,-3.0,1.0,1.0,1.0,0.0,8.0,6.5875,-57.4125,57.4125,6.68,6.4,6.75,6.4,64,6.6,6.61,6.59,0.0121212121212122,0.8970703125,0.8970703125,-0.013564639034138404,-0.895625,0,0,-0.8970703125,0,0,3.0,4268.97,4436.97,-1163.0299999999997,6.593529411764706,,,,0.08236369047619047,1.0,0.0,0.0,0.0,1.0,market_maker,3.0,20280904,20280904/ghp1
h04ar64h,tvxlbecc,0596faff-8414-4cd3-a91c-e9efce969037,d77c237c-bd8f-45ed-a388-3f58f0062686,1,ghp,9,4694.0,3800.0,10.0,0.0,50.0,1.0,4326.3499999999985,7.0,4554.0,1.0,4.0,-0.6,2,1,22.0,0.0,1.0,1,1,1,1,6.0,2.0,4.0,3.0,1.0,0.5,0.5,17.0,6.593529411764706,-49.406470588235294,49.406470588235294,6.59,6.71,6.71,6.5,56,6.68,6.6,6.51,-0.013473053892215536,0.8822584033613445,0.7719761029411765,-0.012213892293937878,-0.77203125,0,0,-0.8822584033613445,0,0,7.0,4242.35,4578.35,-901.6499999999996,6.535833333333333,0.6791276041666667,0.03125,0.03125,0.08123519870235198,1.0,0.0,0.0,0.0,1.0,market_maker,8.0,20280904,20280904/ghp1
h04ar64h,tvxlbecc,0596faff-8414-4cd3-a91c-e9efce969037,d77c237c-bd8f-45ed-a388-3f58f0062686,1,ghp,10,4694.0,3800.0,10.0,8.0,,,4352.449999999999,3.0,4554.0,1.0,4.0,-0.6,2,1,22.0,0.0,1.0,1,1,1,1,0.0,4.0,-4.0,1.0,1.0,1.0,0.0,12.0,6.535833333333333,-41.464166666666664,41.464166666666664,6.51,6.56,6.58,6.49,48,6.59,6.68,6.54,-0.012139605462822445,0.8638368055555555,0.6478776041666666,0.004597709248629345,-0.64828125,0,0,-0.8638368055555556,0,0,3.0,4292.45,4412.45,-1067.5500000000002,6.5375,,,,0.09090592051905921,1.0,0.0,0.0,0.0,1.0,market_maker,4.0,20280904,20280904/ghp1
h04ar64h,tvxlbecc,0596faff-8414-4cd3-a91c-e9efce969037,d77c237c-bd8f-45ed-a388-3f58f0062686,1,ghp,11,4694.0,3800.0,10.0,8.0,,,4382.94,3.0,4554.0,1.0,4.0,-0.6,2,1,22.0,0.0,1.0,1,1,1,1,3.0,4.0,-1.0,3.0,1.0,0.14285714285714285,0.8571428571428572,16.0,6.5375,-33.4625,33.4625,6.54,6.48,6.58,6.48,40,6.51,6.59,6.53,0.004608294930875667,0.8365625,0.5228515625,-0.001530222180767593,-0.5228125,0,0,-0.8365625,0,0,2.0,4314.9400000000005,4378.9400000000005,-1101.0599999999995,6.5311111111111115,,,,0.09531822789943228,1.0,0.0,0.0,0.0,1.0,market_maker,7.0,20280904,20280904/ghp1
h04ar64h,tvxlbecc,0596faff-8414-4cd3-a91c-e9efce969037,d77c237c-bd8f-45ed-a388-3f58f0062686,1,ghp,12,4694.0,3800.0,10.0,8.0,32.0,1.0,4400.439999999999,3.0,4554.0,1.0,4.0,-0.6,2,1,22.0,0.0,1.0,1,1,1,1,2.0,1.0,1.0,3.0,1.0,0.3333333333333333,0.6666666666666667,18.0,6.5311111111111115,-25.468888888888888,25.468888888888888,6.53,6.53,6.58,6.48,32,6.54,6.51,6.55,-0.001529051987767538,0.7959027777777777,0.39795138888888887,0.003058106358820867,-0.39796875,0,0,-0.7959027777777777,0,0,3.0,4332.4400000000005,4404.4400000000005,-1075.5599999999995,6.5553333333333335,0.39757291666666666,0.125,0.125,0.09750283860502837,1.0,0.0,0.0,0.0,1.0,market_maker,3.0,20280904,20280904/ghp1
h04ar64h,tvxlbecc,0596faff-8414-4cd3-a91c-e9efce969037,d77c237c-bd8f-45ed-a388-3f58f0062686,1,ghp,13,4694.0,3800.0,10.0,8.0,,,4404.699999999998,6.0,4554.0,1.0,4.0,-0.6,2,1,22.0,0.0,1.0,1,1,1,1,5.0,2.0,3.0,3.0,1.0,0.42857142857142855,0.5714285714285714,15.0,6.5553333333333335,-17.444666666666667,17.444666666666667,6.55,6.46,6.58,6.46,24,6.53,6.54,6.55,0.003062787136294043,0.7268611111111111,0.27257291666666666,0.0,-0.27265625,0,0,-0.7268611111111111,0,0,6.0,4360.7,4456.7,-1023.3000000000002,6.547,,,,0.09715176399026765,1.0,0.0,0.0,0.0,1.0,market_maker,7.0,20280904,20280904/ghp1
h04ar64h,tvxlbecc,0596faff-8414-4cd3-a91c-e9efce969037,d77c237c-bd8f-45ed-a388-3f58f0062686,1,ghp,14,4694.0,3800.0,10.0,8.0,,,4439.589999999997,9.0,4554.0,1.0,4.0,-0.6,2,1,22.0,0.0,1.0,1,1,1,1,4.0,2.0,2.0,4.0,0.0,0.3333333333333333,0.6666666666666667,10.0,6.547,-9.453,9.453,6.55,6.55,6.55,6.54,16,6.55,6.53,6.53,0.0,0.5908125,0.147703125,-0.003058106358820867,-0.14765625,0,0,-0.5908125,0,0,8.0,4411.59,4475.59,-1004.4099999999999,6.555,,,,0.09686516626115167,1.0,0.0,0.0,0.0,1.0,market_maker,6.0,20280904,20280904/ghp1
h04ar64h,tvxlbecc,0596faff-8414-4cd3-a91c-e9efce969037,d77c237c-bd8f-45ed-a388-3f58f0062686,1,ghp,15,4694.0,3800.0,10.0,4.0,,,4537.799999999998,4.0,4554.0,1.0,4.0,-0.6,2,1,22.0,0.0,1.0,1,1,1,1,1.0,5.0,-4.0,3.0,1.0,0.6666666666666666,0.33333333333333337,24.0,6.555,-1.445,1.445,6.53,6.55,6.58,6.52,8,6.55,6.55,,-0.003053435114503733,0.180625,0.022578125,,-0.022968749999999996,0,0,-0.18062500000000004,0,0,4.0,4453.8,4453.8,-966.1999999999998,,,,,0.09308958589585893,1.0,0.0,0.0,0.0,1.0,market_maker,6.0,20280904,20280904/ghp1
h04ar64h,70gpk2i9,0596faff-8414-4cd3-a91c-e9efce969037,deb88f91-8cf0-496d-af59-3ea0fcbb8e20,1,ghp,1,5310.0,3800.0,10.0,8.0,,,3794.0,12.0,5110.0,1.0,8.0,-0.19999999999999996,4,0,24.0,1.0,1.0,0,1,1,1,1.0,0.0,1.0,2.0,1.0,1.0,0.0,8.0,5.75,-114.25,114.25,4.0,7.0,8.0,3.0,120,,,6.5,,0.9520833333333333,1.78515625,0.48550781578170077,-1.8125,0,0,-0.9520833333333333,0,0,11.0,3882.0,5114.0,114.0,5.4375,,,,0.021655555555555556,0.0,1.0,0.0,0.0,1.0,market_maker,1.0,20280904,20280904/ghp1
h04ar64h,70gpk2i9,0596faff-8414-4cd3-a91c-e9efce969037,deb88f91-8cf0-496d-af59-3ea0fcbb8e20,1,ghp,2,5310.0,3800.0,10.0,8.0,,,3890.0,17.0,5110.0,1.0,8.0,-0.19999999999999996,4,0,24.0,1.0,1.0,0,1,1,1,0.0,0.0,0.0,6.0,4.0,,,8.0,5.4375,-106.5625,106.5625,6.5,4.0,6.5,4.0,112,4.0,,6.5,0.625,0.9514508928571429,1.6650390625,0.0,-1.6484375,0,0,-0.9514508928571429,0,0,11.0,3970.0,5114.0,114.0,6.875,,,,0.028533333333333334,0.0,1.0,0.0,0.0,1.0,market_maker,0.0,20280904,20280904/ghp1
h04ar64h,70gpk2i9,0596faff-8414-4cd3-a91c-e9efce969037,deb88f91-8cf0-496d-af59-3ea0fcbb8e20,1,ghp,3,5310.0,3800.0,10.0,20.0,0.0,0.0,4061.0,9.0,5110.0,1.0,8.0,-0.19999999999999996,4,0,24.0,1.0,1.0,0,1,1,1,0.0,5.0,-5.0,11.0,6.0,1.0,0.0,8.0,6.875,-97.125,97.125,6.5,7.0,7.0,6.5,104,6.5,4.0,7.25,0.0,0.9338942307692307,1.517578125,0.109199291964992,-1.5234375,0,0,-0.9338942307692307,0,0,6.0,4125.0,4701.0,-479.0,7.125,0.111328125,1.5,-1.5,0.04258901758901759,0.0,1.0,0.0,0.0,1.0,market_maker,5.0,20280904,20280904/ghp1
h04ar64h,70gpk2i9,0596faff-8414-4cd3-a91c-e9efce969037,deb88f91-8cf0-496d-af59-3ea0fcbb8e20,1,ghp,4,5310.0,3800.0,10.0,20.0,,,4255.5,4.0,5110.0,1.0,8.0,-0.19999999999999996,4,0,24.0,1.0,1.0,0,1,1,1,0.0,2.0,-2.0,5.0,2.0,1.0,0.0,4.0,7.125,-88.875,88.875,7.25,7.0,7.25,7.0,96,6.5,6.5,6.5,0.11538461538461542,0.92578125,1.388671875,-0.109199291964992,-1.38671875,0,0,-0.92578125,0,0,4.0,4219.5,4571.5,-788.5,6.563,,,,0.061769278606965176,0.0,1.0,0.0,0.0,1.0,market_maker,2.0,20280904,20280904/ghp1
h04ar64h,70gpk2i9,0596faff-8414-4cd3-a91c-e9efce969037,deb88f91-8cf0-496d-af59-3ea0fcbb8e20,1,ghp,5,5310.0,3800.0,10.0,4.0,,,4309.21,11.0,5110.0,1.0,8.0,-0.19999999999999996,4,0,24.0,1.0,1.0,0,1,1,1,4.0,0.0,4.0,3.0,2.0,1.0,0.0,10.0,6.563,-81.437,81.437,6.5,6.5,6.79,6.5,88,7.25,6.5,6.61,-0.10344827586206895,0.9254204545454545,1.272453125,0.016781476962003605,-1.2734375,0,0,-0.9254204545454545,0,0,8.0,4225.21,4865.21,-434.78999999999996,6.4725,,,,0.058903983228511536,0.0,1.0,0.0,0.0,1.0,market_maker,4.0,20280904,20280904/ghp1
h04ar64h,70gpk2i9,0596faff-8414-4cd3-a91c-e9efce969037,deb88f91-8cf0-496d-af59-3ea0fcbb8e20,1,ghp,6,5310.0,3800.0,10.0,20.0,7.0,5.0,4340.21,14.0,5110.0,1.0,8.0,-0.19999999999999996,4,0,24.0,1.0,1.0,0,1,1,1,2.0,0.0,2.0,7.0,4.0,1.0,0.0,8.0,6.4725,-73.5275,73.5275,6.61,6.25,6.61,6.25,80,6.5,7.25,6.6,0.01692307692307704,0.91909375,1.1488671875,-0.001514004831215221,-1.14671875,0,0,-0.91909375,0,0,10.0,4412.21,5132.21,-347.78999999999996,6.55875,0.006894531250000002,1.015625,-1.015625,0.06824959448499596,0.0,1.0,0.0,0.0,1.0,market_maker,2.0,20280904,20280904/ghp1
h04ar64h,70gpk2i9,0596faff-8414-4cd3-a91c-e9efce969037,deb88f91-8cf0-496d-af59-3ea0fcbb8e20,1,ghp,7,5310.0,3800.0,10.0,4.0,,,4620.16,10.0,5110.0,1.0,8.0,-0.19999999999999996,4,0,24.0,1.0,1.0,0,1,1,1,1.0,1.0,0.0,1.0,0.0,0.0,1.0,8.0,6.55875,-65.44125,65.44125,6.6,6.3,6.75,6.3,72,6.61,6.5,6.68,-0.001512859304084846,0.9089062499999999,1.02251953125,0.012048338516174484,-1.021875,0,0,-0.9089062499999999,0,0,10.0,4452.16,5092.16,-327.84000000000015,6.5875,,,,0.06522222222222222,0.0,1.0,0.0,0.0,1.0,market_maker,2.0,20280904,20280904/ghp1
h04ar64h,70gpk2i9,0596faff-8414-4cd3-a91c-e9efce969037,deb88f91-8cf0-496d-af59-3ea0fcbb8e20,1,ghp,8,5310.0,3800.0,10.0,20.0,,,4666.99,9.0,5110.0,1.0,8.0,-0.19999999999999996,4,0,24.0,1.0,1.0,0,1,1,1,1.0,2.0,-1.0,2.0,2.0,0.3333333333333333,0.6666666666666667,8.0,6.5875,-57.4125,57.4125,6.68,6.4,6.75,6.4,64,6.6,6.61,6.59,0.0121212121212122,0.8970703125,0.8970703125,-0.013564639034138404,-0.895625,0,0,-0.8970703125,0,0,9.0,4638.99,5142.99,-457.0100000000002,6.593529411764706,,,,0.08236369047619047,0.0,1.0,0.0,0.0,1.0,market_maker,3.0,20280904,20280904/ghp1
h04ar64h,70gpk2i9,0596faff-8414-4cd3-a91c-e9efce969037,deb88f91-8cf0-496d-af59-3ea0fcbb8e20,1,ghp,9,5310.0,3800.0,10.0,0.0,7.0,4.0,4860.23,9.0,5110.0,1.0,8.0,-0.19999999999999996,4,0,24.0,1.0,1.0,0,1,1,1,1.0,3.0,-2.0,6.0,3.0,0.5,0.5,17.0,6.593529411764706,-49.406470588235294,49.406470588235294,6.59,6.71,6.71,6.5,56,6.68,6.6,6.51,-0.013473053892215536,0.8822584033613445,0.7719761029411765,-0.012213892293937878,-0.77203125,0,0,-0.8822584033613445,0,0,7.0,4652.23,4988.23,-491.77000000000044,6.535833333333333,0.007252604166666676,0.640625,-0.640625,0.08123519870235198,0.0,1.0,0.0,0.0,1.0,market_maker,4.0,20280904,20280904/ghp1
h04ar64h,70gpk2i9,0596faff-8414-4cd3-a91c-e9efce969037,deb88f91-8cf0-496d-af59-3ea0fcbb8e20,1,ghp,10,5310.0,3800.0,10.0,8.0,,,4853.709999999999,13.0,5110.0,1.0,8.0,-0.19999999999999996,4,0,24.0,1.0,1.0,0,1,1,1,2.0,1.0,1.0,6.0,1.0,0.3333333333333333,0.6666666666666667,12.0,6.535833333333333,-41.464166666666664,41.464166666666664,6.51,6.56,6.58,6.49,48,6.59,6.68,6.54,-0.012139605462822445,0.8638368055555555,0.6478776041666666,0.004597709248629345,-0.64828125,0,0,-0.8638368055555556,0,0,8.0,4709.71,5029.71,-450.28999999999996,6.5375,,,,0.09090592051905921,0.0,1.0,0.0,0.0,1.0,market_maker,3.0,20280904,20280904/ghp1
h04ar64h,70gpk2i9,0596faff-8414-4cd3-a91c-e9efce969037,deb88f91-8cf0-496d-af59-3ea0fcbb8e20,1,ghp,11,5310.0,3800.0,10.0,8.0,,,4970.9299999999985,8.0,5110.0,1.0,8.0,-0.19999999999999996,4,0,24.0,1.0,1.0,0,1,1,1,3.0,5.0,-2.0,6.0,0.0,0.25,0.75,16.0,6.5375,-33.4625,33.4625,6.54,6.48,6.58,6.48,40,6.51,6.59,6.53,0.004608294930875667,0.8365625,0.5228515625,-0.001530222180767593,-0.5228125,0,0,-0.8365625,0,0,6.0,4770.93,4962.93,-517.0699999999997,6.5311111111111115,,,,0.09531822789943228,0.0,1.0,0.0,0.0,1.0,market_maker,8.0,20280904,20280904/ghp1
h04ar64h,70gpk2i9,0596faff-8414-4cd3-a91c-e9efce969037,deb88f91-8cf0-496d-af59-3ea0fcbb8e20,1,ghp,12,5310.0,3800.0,10.0,8.0,7.0,3.0,5087.24,1.0,5110.0,1.0,8.0,-0.19999999999999996,4,0,24.0,1.0,1.0,0,1,1,1,1.0,9.0,-8.0,4.0,2.0,0.8,0.19999999999999996,18.0,6.5311111111111115,-25.468888888888888,25.468888888888888,6.53,6.53,6.58,6.48,32,6.54,6.51,6.55,-0.001529051987767538,0.7959027777777777,0.39795138888888887,0.003058106358820867,-0.39796875,0,0,-0.7959027777777777,0,0,-2.0,4807.24,4759.24,-720.7600000000002,6.5553333333333335,0.006947916666666665,0.265625,-0.265625,0.09750283860502837,0.0,1.0,0.0,0.0,1.0,market_maker,10.0,20280904,20280904/ghp1
h04ar64h,70gpk2i9,0596faff-8414-4cd3-a91c-e9efce969037,deb88f91-8cf0-496d-af59-3ea0fcbb8e20,1,ghp,13,5310.0,3800.0,10.0,8.0,,,5101.79,0.0,5110.0,1.0,8.0,-0.19999999999999996,4,0,24.0,1.0,1.0,0,1,1,1,0.0,1.0,-1.0,3.0,3.0,1.0,0.0,15.0,6.5553333333333335,-17.444666666666667,17.444666666666667,6.55,6.46,6.58,6.46,24,6.53,6.54,6.55,0.003062787136294043,0.7268611111111111,0.27257291666666666,0.0,-0.27265625,0,0,-0.7268611111111111,0,0,-3.0,4789.79,4741.79,-738.21,6.547,,,,0.09715176399026765,0.0,1.0,0.0,0.0,1.0,market_maker,1.0,20280904,20280904/ghp1
h04ar64h,70gpk2i9,0596faff-8414-4cd3-a91c-e9efce969037,deb88f91-8cf0-496d-af59-3ea0fcbb8e20,1,ghp,14,5310.0,3800.0,10.0,8.0,,,5095.24,1.0,5110.0,1.0,8.0,-0.19999999999999996,4,0,24.0,1.0,1.0,0,1,1,1,1.0,0.0,1.0,2.0,1.0,1.0,0.0,10.0,6.547,-9.453,9.453,6.55,6.55,6.55,6.54,16,6.55,6.53,6.53,0.0,0.5908125,0.147703125,-0.003058106358820867,-0.14765625,0,0,-0.5908125,0,0,-2.0,4767.24,4751.24,-728.7600000000002,6.555,,,,0.09686516626115167,0.0,1.0,0.0,0.0,1.0,market_maker,1.0,20280904,20280904/ghp1
h04ar64h,70gpk2i9,0596faff-8414-4cd3-a91c-e9efce969037,deb88f91-8cf0-496d-af59-3ea0fcbb8e20,1,ghp,15,5310.0,3800.0,10.0,4.0,,,5109.759999999999,0.0,5110.0,1.0,8.0,-0.19999999999999996,4,0,24.0,1.0,1.0,0,1,1,1,1.0,2.0,-1.0,1.0,0.0,0.3333333333333333,0.6666666666666667,24.0,6.555,-1.445,1.445,6.53,6.55,6.58,6.52,8,6.55,6.55,,-0.003053435114503733,0.180625,0.022578125,,-0.022968749999999996,0,0,-0.18062500000000004,0,0,-3.0,4761.76,4761.76,-658.2399999999998,,,,,0.09308958589585893,0.0,1.0,0.0,0.0,1.0,market_maker,3.0,20280904,20280904/ghp1
h04ar64h,sxp8ngu2,0596faff-8414-4cd3-a91c-e9efce969037,f0424c5c-891b-4c7d-ab98-66f8040dd592,1,ghp,1,4999.0,2600.0,20.0,8.0,,,2613.0,17.0,4899.0,0.16666666666666666,7.0,0.5333333333333333,2,1,27.0,0.0,1.0,1,1,1,1,0.0,3.0,-3.0,1.0,1.0,1.0,0.0,8.0,5.75,-114.25,114.25,4.0,7.0,8.0,3.0,120,,,6.5,,0.9520833333333333,1.78515625,0.48550781578170077,-1.8125,0,0,-0.9520833333333333,0,0,17.0,2749.0,4653.0,-347.0,5.4375,,,,0.021655555555555556,0.3333333333333333,0.3333333333333333,0.3333333333333333,0.0,0.0,feedback,3.0,20280904,20280904/ghp1
h04ar64h,sxp8ngu2,0596faff-8414-4cd3-a91c-e9efce969037,f0424c5c-891b-4c7d-ab98-66f8040dd592,1,ghp,2,4999.0,2600.0,20.0,8.0,,,2723.0,23.0,4899.0,0.16666666666666666,7.0,0.5333333333333333,2,1,27.0,0.0,1.0,1,1,1,1,5.0,0.0,5.0,1.0,1.0,1.0,0.0,8.0,5.4375,-106.5625,106.5625,6.5,4.0,6.5,4.0,112,4.0,,6.5,0.625,0.9514508928571429,1.6650390625,0.0,-1.6484375,0,0,-0.9514508928571429,0,0,22.0,2899.0,5187.0,187.0,6.875,,,,0.028533333333333334,0.3333333333333333,0.3333333333333333,0.3333333333333333,0.0,0.0,feedback,5.0,20280904,20280904/ghp1
h04ar64h,sxp8ngu2,0596faff-8414-4cd3-a91c-e9efce969037,f0424c5c-891b-4c7d-ab98-66f8040dd592,1,ghp,3,4999.0,2600.0,20.0,20.0,88.0,4.0,2899.5,23.0,4899.0,0.16666666666666666,7.0,0.5333333333333333,2,1,27.0,0.0,1.0,1,1,1,1,2.0,1.0,1.0,2.0,1.0,0.3333333333333333,0.6666666666666667,8.0,6.875,-97.125,97.125,6.5,7.0,7.0,6.5,104,6.5,4.0,7.25,0.0,0.9338942307692307,1.517578125,0.109199291964992,-1.5234375,0,0,-0.9338942307692307,0,0,23.0,3351.5,5559.5,379.5,7.125,1.263671875,0.125,-0.125,0.04258901758901759,0.3333333333333333,0.3333333333333333,0.3333333333333333,0.0,0.0,feedback,3.0,20280904,20280904/ghp1
h04ar64h,sxp8ngu2,0596faff-8414-4cd3-a91c-e9efce969037,f0424c5c-891b-4c7d-ab98-66f8040dd592,1,ghp,4,4999.0,2600.0,20.0,20.0,,,3359.5,24.0,4899.0,0.16666666666666666,7.0,0.5333333333333333,2,1,27.0,0.0,1.0,1,1,1,1,0.0,0.0,0.0,2.0,2.0,,,4.0,7.125,-88.875,88.875,7.25,7.0,7.25,7.0,96,6.5,6.5,6.5,0.11538461538461542,0.92578125,1.388671875,-0.109199291964992,-1.38671875,0,0,-0.92578125,0,0,23.0,3811.5,5835.5,475.5,6.563,,,,0.061769278606965176,0.3333333333333333,0.3333333333333333,0.3333333333333333,0.0,0.0,feedback,0.0,20280904,20280904/ghp1
h04ar64h,sxp8ngu2,0596faff-8414-4cd3-a91c-e9efce969037,f0424c5c-891b-4c7d-ab98-66f8040dd592,1,ghp,5,4999.0,2600.0,20.0,4.0,,,3872.49,18.0,4899.0,0.16666666666666666,7.0,0.5333333333333333,2,1,27.0,0.0,1.0,1,1,1,1,0.0,5.0,-5.0,4.0,1.0,1.0,0.0,10.0,6.563,-81.437,81.437,6.5,6.5,6.79,6.5,88,7.25,6.5,6.61,-0.10344827586206895,0.9254204545454545,1.272453125,0.016781476962003605,-1.2734375,0,0,-0.9254204545454545,0,0,18.0,3916.49,5356.49,56.48999999999978,6.4725,,,,0.058903983228511536,0.3333333333333333,0.3333333333333333,0.3333333333333333,0.0,0.0,feedback,5.0,20280904,20280904/ghp1
h04ar64h,sxp8ngu2,0596faff-8414-4cd3-a91c-e9efce969037,f0424c5c-891b-4c7d-ab98-66f8040dd592,1,ghp,6,4999.0,2600.0,20.0,20.0,64.0,4.0,3963.9500000000007,16.0,4899.0,0.16666666666666666,7.0,0.5333333333333333,2,1,27.0,0.0,1.0,1,1,1,1,0.0,3.0,-3.0,6.0,2.0,1.0,0.0,8.0,6.4725,-73.5275,73.5275,6.61,6.25,6.61,6.25,80,6.5,7.25,6.6,0.01692307692307704,0.91909375,1.1488671875,-0.001514004831215221,-1.14671875,0,0,-0.91909375,0,0,15.0,4235.95,5315.95,-164.05000000000018,6.55875,0.89751953125,0.125,-0.125,0.06824959448499596,0.3333333333333333,0.3333333333333333,0.3333333333333333,0.0,0.0,feedback,3.0,20280904,20280904/ghp1
h04ar64h,sxp8ngu2,0596faff-8414-4cd3-a91c-e9efce969037,f0424c5c-891b-4c7d-ab98-66f8040dd592,1,ghp,7,4999.0,2600.0,20.0,4.0,,,4303.790000000001,12.0,4899.0,0.16666666666666666,7.0,0.5333333333333333,2,1,27.0,0.0,1.0,1,1,1,1,0.0,3.0,-3.0,2.0,1.0,1.0,0.0,8.0,6.55875,-65.44125,65.44125,6.6,6.3,6.75,6.3,72,6.61,6.5,6.68,-0.001512859304084846,0.9089062499999999,1.02251953125,0.012048338516174484,-1.021875,0,0,-0.9089062499999999,0,0,12.0,4303.79,5071.79,-348.21000000000004,6.5875,,,,0.06522222222222222,0.3333333333333333,0.3333333333333333,0.3333333333333333,0.0,0.0,feedback,3.0,20280904,20280904/ghp1
h04ar64h,sxp8ngu2,0596faff-8414-4cd3-a91c-e9efce969037,f0424c5c-891b-4c7d-ab98-66f8040dd592,1,ghp,8,4999.0,2600.0,20.0,20.0,,,4351.790000000001,14.0,4899.0,0.16666666666666666,7.0,0.5333333333333333,2,1,27.0,0.0,1.0,1,1,1,1,0.0,0.0,0.0,2.0,2.0,,,8.0,6.5875,-57.4125,57.4125,6.68,6.4,6.75,6.4,64,6.6,6.61,6.59,0.0121212121212122,0.8970703125,0.8970703125,-0.013564639034138404,-0.895625,0,0,-0.8970703125,0,0,12.0,4543.79,5215.79,-384.21000000000004,6.593529411764706,,,,0.08236369047619047,0.3333333333333333,0.3333333333333333,0.3333333333333333,0.0,0.0,feedback,0.0,20280904,20280904/ghp1
h04ar64h,sxp8ngu2,0596faff-8414-4cd3-a91c-e9efce969037,f0424c5c-891b-4c7d-ab98-66f8040dd592,1,ghp,9,4999.0,2600.0,20.0,0.0,0.0,0.0,4677.810000000001,5.0,4899.0,0.16666666666666666,7.0,0.5333333333333333,2,1,27.0,0.0,1.0,1,1,1,1,0.0,7.0,-7.0,5.0,2.0,1.0,0.0,17.0,6.593529411764706,-49.406470588235294,49.406470588235294,6.59,6.71,6.71,6.5,56,6.68,6.6,6.51,-0.013473053892215536,0.8822584033613445,0.7719761029411765,-0.012213892293937878,-0.77203125,0,0,-0.8822584033613445,0,0,5.0,4589.8099999999995,4829.8099999999995,-650.1900000000005,6.535833333333333,0.10212239583333332,0.75,-0.75,0.08123519870235198,0.3333333333333333,0.3333333333333333,0.3333333333333333,0.0,0.0,feedback,7.0,20280904,20280904/ghp1
h04ar64h,sxp8ngu2,0596faff-8414-4cd3-a91c-e9efce969037,f0424c5c-891b-4c7d-ab98-66f8040dd592,1,ghp,10,4999.0,2600.0,20.0,8.0,,,4684.3200000000015,4.0,4899.0,0.16666666666666666,7.0,0.5333333333333333,2,1,27.0,0.0,1.0,1,1,1,1,1.0,2.0,-1.0,1.0,0.0,0.3333333333333333,0.6666666666666667,12.0,6.535833333333333,-41.464166666666664,41.464166666666664,6.51,6.56,6.58,6.49,48,6.59,6.68,6.54,-0.012139605462822445,0.8638368055555555,0.6478776041666666,0.004597709248629345,-0.64828125,0,0,-0.8638368055555556,0,0,4.0,4628.32,4788.32,-691.6800000000003,6.5375,,,,0.09090592051905921,0.3333333333333333,0.3333333333333333,0.3333333333333333,0.0,0.0,feedback,3.0,20280904,20280904/ghp1
h04ar64h,sxp8ngu2,0596faff-8414-4cd3-a91c-e9efce969037,f0424c5c-891b-4c7d-ab98-66f8040dd592,1,ghp,11,4999.0,2600.0,20.0,8.0,,,4709.740000000002,5.0,4899.0,0.16666666666666666,7.0,0.5333333333333333,2,1,27.0,0.0,1.0,1,1,1,1,1.0,0.0,1.0,0.0,0.0,1.0,0.0,16.0,6.5375,-33.4625,33.4625,6.54,6.48,6.58,6.48,40,6.51,6.59,6.53,0.004608294930875667,0.8365625,0.5228515625,-0.001530222180767593,-0.5228125,0,0,-0.8365625,0,0,5.0,4661.74,4821.74,-658.2600000000002,6.5311111111111115,,,,0.09531822789943228,0.3333333333333333,0.3333333333333333,0.3333333333333333,0.0,0.0,feedback,1.0,20280904,20280904/ghp1
h04ar64h,sxp8ngu2,0596faff-8414-4cd3-a91c-e9efce969037,f0424c5c-891b-4c7d-ab98-66f8040dd592,1,ghp,12,4999.0,2600.0,20.0,8.0,0.0,0.0,4716.990000000002,11.0,4899.0,0.16666666666666666,7.0,0.5333333333333333,2,1,27.0,0.0,1.0,1,1,1,1,5.0,0.0,5.0,1.0,1.0,1.0,0.0,18.0,6.5311111111111115,-25.468888888888888,25.468888888888888,6.53,6.53,6.58,6.48,32,6.54,6.51,6.55,-0.001529051987767538,0.7959027777777777,0.39795138888888887,0.003058106358820867,-0.39796875,0,0,-0.7959027777777777,0,0,10.0,4708.99,4948.99,-531.0100000000002,6.5553333333333335,0.10242708333333334,0.375,-0.375,0.09750283860502837,0.3333333333333333,0.3333333333333333,0.3333333333333333,0.0,0.0,feedback,5.0,20280904,20280904/ghp1
h04ar64h,sxp8ngu2,0596faff-8414-4cd3-a91c-e9efce969037,f0424c5c-891b-4c7d-ab98-66f8040dd592,1,ghp,13,4999.0,2600.0,20.0,8.0,,,4824.680000000002,7.0,4899.0,0.16666666666666666,7.0,0.5333333333333333,2,1,27.0,0.0,1.0,1,1,1,1,0.0,3.0,-3.0,3.0,1.0,1.0,0.0,15.0,6.5553333333333335,-17.444666666666667,17.444666666666667,6.55,6.46,6.58,6.46,24,6.53,6.54,6.55,0.003062787136294043,0.7268611111111111,0.27257291666666666,0.0,-0.27265625,0,0,-0.7268611111111111,0,0,7.0,4784.68,4896.68,-583.3199999999997,6.547,,,,0.09715176399026765,0.3333333333333333,0.3333333333333333,0.3333333333333333,0.0,0.0,feedback,3.0,20280904,20280904/ghp1
h04ar64h,sxp8ngu2,0596faff-8414-4cd3-a91c-e9efce969037,f0424c5c-891b-4c7d-ab98-66f8040dd592,1,ghp,14,4999.0,2600.0,20.0,8.0,,,4913.410000000003,2.0,4899.0,0.16666666666666666,7.0,0.5333333333333333,2,1,27.0,0.0,1.0,1,1,1,1,0.0,5.0,-5.0,3.0,1.0,1.0,0.0,10.0,6.547,-9.453,9.453,6.55,6.55,6.55,6.54,16,6.55,6.53,6.53,0.0,0.5908125,0.147703125,-0.003058106358820867,-0.14765625,0,0,-0.5908125,0,0,2.0,4833.41,4849.41,-630.5900000000001,6.555,,,,0.09686516626115167,0.3333333333333333,0.3333333333333333,0.3333333333333333,0.0,0.0,feedback,5.0,20280904,20280904/ghp1
h04ar64h,sxp8ngu2,0596faff-8414-4cd3-a91c-e9efce969037,f0424c5c-891b-4c7d-ab98-66f8040dd592,1,ghp,15,4999.0,2600.0,20.0,4.0,,,4831.030000000001,17.0,4899.0,0.16666666666666666,7.0,0.5333333333333333,2,1,27.0,0.0,1.0,1,1,1,1,15.0,0.0,15.0,1.0,1.0,1.0,0.0,24.0,6.555,-1.445,1.445,6.53,6.55,6.58,6.52,8,6.55,6.55,,-0.003053435114503733,0.180625,0.022578125,,-0.022968749999999996,0,0,-0.18062500000000004,0,0,17.0,4803.030000000001,4803.030000000001,-616.9699999999993,,,,,0.09308958589585893,0.3333333333333333,0.3333333333333333,0.3333333333333333,0.0,0.0,feedback,15.0,20280904,20280904/ghp1
h04ar64h,sm0ry4ut,0596faff-8414-4cd3-a91c-e9efce969037,f84876bd-a037-4146-a9e0-fa2ced5f14a3,1,ghp,1,5513.0,2600.0,20.0,8.0,,,2588.0,23.0,5473.0,0.3333333333333333,2.0,-0.1333333333333333,4,0,20.0,0.0,0.0,1,1,1,1,2.0,0.0,2.0,2.0,0.0,1.0,0.0,8.0,5.75,-114.25,114.25,4.0,7.0,8.0,3.0,120,,,6.5,,0.9520833333333333,1.78515625,0.48550781578170077,-1.8125,0,0,-0.9520833333333333,0,0,22.0,2764.0,5228.0,228.0,5.4375,,,,0.021655555555555556,0.0,0.0,1.0,0.0,1.0,market_maker,2.0,20280904,20280904/ghp1
h04ar64h,sm0ry4ut,0596faff-8414-4cd3-a91c-e9efce969037,f84876bd-a037-4146-a9e0-fa2ced5f14a3,1,ghp,2,5513.0,2600.0,20.0,8.0,,,2770.0,22.0,5473.0,0.3333333333333333,2.0,-0.1333333333333333,4,0,20.0,0.0,0.0,1,1,1,1,1.0,1.0,0.0,1.0,0.0,0.0,1.0,8.0,5.4375,-106.5625,106.5625,6.5,4.0,6.5,4.0,112,4.0,,6.5,0.625,0.9514508928571429,1.6650390625,0.0,-1.6484375,0,0,-0.9514508928571429,0,0,22.0,2938.0,5226.0,226.0,6.875,,,,0.028533333333333334,0.0,0.0,1.0,0.0,1.0,market_maker,2.0,20280904,20280904/ghp1
h04ar64h,sm0ry4ut,0596faff-8414-4cd3-a91c-e9efce969037,f84876bd-a037-4146-a9e0-fa2ced5f14a3,1,ghp,3,5513.0,2600.0,20.0,20.0,0.0,0.0,2952.5,21.0,5473.0,0.3333333333333333,2.0,-0.1333333333333333,4,0,20.0,0.0,0.0,1,1,1,1,0.0,1.0,-1.0,1.0,0.0,1.0,0.0,8.0,6.875,-97.125,97.125,6.5,7.0,7.0,6.5,104,6.5,4.0,7.25,0.0,0.9338942307692307,1.517578125,0.109199291964992,-1.5234375,0,0,-0.9338942307692307,0,0,21.0,3364.5,5380.5,200.5,7.125,0.111328125,1.5,-1.5,0.04258901758901759,0.0,0.0,1.0,0.0,1.0,market_maker,1.0,20280904,20280904/ghp1
h04ar64h,sm0ry4ut,0596faff-8414-4cd3-a91c-e9efce969037,f84876bd-a037-4146-a9e0-fa2ced5f14a3,1,ghp,4,5513.0,2600.0,20.0,20.0,,,3365.25,22.0,5473.0,0.3333333333333333,2.0,-0.1333333333333333,4,0,20.0,0.0,0.0,1,1,1,1,1.0,0.0,1.0,0.0,0.0,1.0,0.0,4.0,7.125,-88.875,88.875,7.25,7.0,7.25,7.0,96,6.5,6.5,6.5,0.11538461538461542,0.92578125,1.388671875,-0.109199291964992,-1.38671875,0,0,-0.92578125,0,0,22.0,3797.25,5733.25,373.25,6.563,,,,0.061769278606965176,0.0,0.0,1.0,0.0,1.0,market_maker,1.0,20280904,20280904/ghp1
h04ar64h,sm0ry4ut,0596faff-8414-4cd3-a91c-e9efce969037,f84876bd-a037-4146-a9e0-fa2ced5f14a3,1,ghp,5,5513.0,2600.0,20.0,4.0,,,3805.25,23.0,5473.0,0.3333333333333333,2.0,-0.1333333333333333,4,0,20.0,0.0,0.0,1,1,1,1,1.0,1.0,0.0,4.0,1.0,0.0,1.0,10.0,6.563,-81.437,81.437,6.5,6.5,6.79,6.5,88,7.25,6.5,6.61,-0.10344827586206895,0.9254204545454545,1.272453125,0.016781476962003605,-1.2734375,0,0,-0.9254204545454545,0,0,22.0,3885.25,5645.25,345.25,6.4725,,,,0.058903983228511536,0.0,0.0,1.0,0.0,1.0,market_maker,2.0,20280904,20280904/ghp1
h04ar64h,sm0ry4ut,0596faff-8414-4cd3-a91c-e9efce969037,f84876bd-a037-4146-a9e0-fa2ced5f14a3,1,ghp,6,5513.0,2600.0,20.0,20.0,0.0,0.0,3916.46,19.0,5473.0,0.3333333333333333,2.0,-0.1333333333333333,4,0,20.0,0.0,0.0,1,1,1,1,1.0,4.0,-3.0,1.0,0.0,0.6,0.4,8.0,6.4725,-73.5275,73.5275,6.61,6.25,6.61,6.25,80,6.5,7.25,6.6,0.01692307692307704,0.91909375,1.1488671875,-0.001514004831215221,-1.14671875,0,0,-0.91909375,0,0,19.0,4284.46,5652.46,172.46000000000004,6.55875,0.10248046875,1.125,-1.125,0.06824959448499596,0.0,0.0,1.0,0.0,1.0,market_maker,5.0,20280904,20280904/ghp1
h04ar64h,sm0ry4ut,0596faff-8414-4cd3-a91c-e9efce969037,f84876bd-a037-4146-a9e0-fa2ced5f14a3,1,ghp,7,5513.0,2600.0,20.0,4.0,,,4309.1900000000005,17.0,5473.0,0.3333333333333333,2.0,-0.1333333333333333,4,0,20.0,0.0,0.0,1,1,1,1,0.0,2.0,-2.0,3.0,1.0,1.0,0.0,8.0,6.55875,-65.44125,65.44125,6.6,6.3,6.75,6.3,72,6.61,6.5,6.68,-0.001512859304084846,0.9089062499999999,1.02251953125,0.012048338516174484,-1.021875,0,0,-0.9089062499999999,0,0,17.0,4365.1900000000005,5453.1900000000005,33.19000000000051,6.5875,,,,0.06522222222222222,0.0,0.0,1.0,0.0,1.0,market_maker,2.0,20280904,20280904/ghp1
h04ar64h,sm0ry4ut,0596faff-8414-4cd3-a91c-e9efce969037,f84876bd-a037-4146-a9e0-fa2ced5f14a3,1,ghp,8,5513.0,2600.0,20.0,20.0,,,4370.680000000001,18.0,5473.0,0.3333333333333333,2.0,-0.1333333333333333,4,0,20.0,0.0,0.0,1,1,1,1,3.0,2.0,1.0,2.0,0.0,0.2,0.8,8.0,6.5875,-57.4125,57.4125,6.68,6.4,6.75,6.4,64,6.6,6.61,6.59,0.0121212121212122,0.8970703125,0.8970703125,-0.013564639034138404,-0.895625,0,0,-0.8970703125,0,0,18.0,4718.68,5726.68,126.68000000000029,6.593529411764706,,,,0.08236369047619047,0.0,0.0,1.0,0.0,1.0,market_maker,5.0,20280904,20280904/ghp1
h04ar64h,sm0ry4ut,0596faff-8414-4cd3-a91c-e9efce969037,f84876bd-a037-4146-a9e0-fa2ced5f14a3,1,ghp,9,5513.0,2600.0,20.0,0.0,0.0,0.0,4717.530000000002,21.0,5473.0,0.3333333333333333,2.0,-0.1333333333333333,4,0,20.0,0.0,0.0,1,1,1,1,3.0,1.0,2.0,5.0,0.0,0.5,0.5,17.0,6.593529411764706,-49.406470588235294,49.406470588235294,6.59,6.71,6.71,6.5,56,6.68,6.6,6.51,-0.013473053892215536,0.8822584033613445,0.7719761029411765,-0.012213892293937878,-0.77203125,0,0,-0.8822584033613445,0,0,20.0,4705.530000000001,5665.530000000001,185.53000000000065,6.535833333333333,0.10212239583333332,0.75,-0.75,0.08123519870235198,0.0,0.0,1.0,0.0,1.0,market_maker,4.0,20280904,20280904/ghp1
h04ar64h,sm0ry4ut,0596faff-8414-4cd3-a91c-e9efce969037,f84876bd-a037-4146-a9e0-fa2ced5f14a3,1,ghp,10,5513.0,2600.0,20.0,8.0,,,4730.600000000002,21.0,5473.0,0.3333333333333333,2.0,-0.1333333333333333,4,0,20.0,0.0,0.0,1,1,1,1,3.0,5.0,-2.0,9.0,0.0,0.25,0.75,12.0,6.535833333333333,-41.464166666666664,41.464166666666664,6.51,6.56,6.58,6.49,48,6.59,6.68,6.54,-0.012139605462822445,0.8638368055555555,0.6478776041666666,0.004597709248629345,-0.64828125,0,0,-0.8638368055555556,0,0,18.0,4862.6,5582.6,102.60000000000036,6.5375,,,,0.09090592051905921,0.0,0.0,1.0,0.0,1.0,market_maker,8.0,20280904,20280904/ghp1
h04ar64h,sm0ry4ut,0596faff-8414-4cd3-a91c-e9efce969037,f84876bd-a037-4146-a9e0-fa2ced5f14a3,1,ghp,11,5513.0,2600.0,20.0,8.0,,,4918.090000000002,16.0,5473.0,0.3333333333333333,2.0,-0.1333333333333333,4,0,20.0,0.0,0.0,1,1,1,1,3.0,6.0,-3.0,7.0,0.0,0.3333333333333333,0.6666666666666667,16.0,6.5375,-33.4625,33.4625,6.54,6.48,6.58,6.48,40,6.51,6.59,6.53,0.004608294930875667,0.8365625,0.5228515625,-0.001530222180767593,-0.5228125,0,0,-0.8365625,0,0,15.0,5002.09,5482.09,2.0900000000001455,6.5311111111111115,,,,0.09531822789943228,0.0,0.0,1.0,0.0,1.0,market_maker,9.0,20280904,20280904/ghp1
h04ar64h,sm0ry4ut,0596faff-8414-4cd3-a91c-e9efce969037,f84876bd-a037-4146-a9e0-fa2ced5f14a3,1,ghp,12,5513.0,2600.0,20.0,8.0,5555.0,3.0,5052.480000000002,14.0,5473.0,0.3333333333333333,2.0,-0.1333333333333333,4,0,20.0,0.0,0.0,1,1,1,1,4.0,5.0,-1.0,3.0,0.0,0.1111111111111111,0.8888888888888888,18.0,6.5311111111111115,-25.468888888888888,25.468888888888888,6.53,6.53,6.58,6.48,32,6.54,6.51,6.55,-0.001529051987767538,0.7959027777777777,0.39795138888888887,0.003058106358820867,-0.39796875,0,0,-0.7959027777777777,0,0,14.0,5120.48,5456.48,-23.520000000000437,6.5553333333333335,,,,0.09750283860502837,0.0,0.0,1.0,0.0,1.0,market_maker,9.0,20280904,20280904/ghp1
h04ar64h,sm0ry4ut,0596faff-8414-4cd3-a91c-e9efce969037,f84876bd-a037-4146-a9e0-fa2ced5f14a3,1,ghp,13,5513.0,2600.0,20.0,8.0,,,5157.940000000002,15.0,5473.0,0.3333333333333333,2.0,-0.1333333333333333,4,0,20.0,0.0,0.0,1,1,1,1,3.0,2.0,1.0,3.0,0.0,0.2,0.8,15.0,6.5553333333333335,-17.444666666666667,17.444666666666667,6.55,6.46,6.58,6.46,24,6.53,6.54,6.55,0.003062787136294043,0.7268611111111111,0.27257291666666666,0.0,-0.27265625,0,0,-0.7268611111111111,0,0,15.0,5233.9400000000005,5473.9400000000005,-6.059999999999491,6.547,,,,0.09715176399026765,0.0,0.0,1.0,0.0,1.0,market_maker,5.0,20280904,20280904/ghp1
h04ar64h,sm0ry4ut,0596faff-8414-4cd3-a91c-e9efce969037,f84876bd-a037-4146-a9e0-fa2ced5f14a3,1,ghp,14,5513.0,2600.0,20.0,8.0,,,5271.400000000002,17.0,5473.0,0.3333333333333333,2.0,-0.1333333333333333,4,0,20.0,0.0,0.0,1,1,1,1,2.0,1.0,1.0,4.0,0.0,0.3333333333333333,0.6666666666666667,10.0,6.547,-9.453,9.453,6.55,6.55,6.55,6.54,16,6.55,6.53,6.53,0.0,0.5908125,0.147703125,-0.003058106358820867,-0.14765625,0,0,-0.5908125,0,0,16.0,5355.4,5483.4,3.399999999999636,6.555,,,,0.09686516626115167,0.0,0.0,1.0,0.0,1.0,market_maker,3.0,20280904,20280904/ghp1
h04ar64h,sm0ry4ut,0596faff-8414-4cd3-a91c-e9efce969037,f84876bd-a037-4146-a9e0-fa2ced5f14a3,1,ghp,15,5513.0,2600.0,20.0,4.0,,,5400.860000000002,18.0,5473.0,0.3333333333333333,2.0,-0.1333333333333333,4,0,20.0,0.0,0.0,1,1,1,1,5.0,4.0,1.0,5.0,0.0,0.1111111111111111,0.8888888888888888,24.0,6.555,-1.445,1.445,6.53,6.55,6.58,6.52,8,6.55,6.55,,-0.003053435114503733,0.180625,0.022578125,,-0.022968749999999996,0,0,-0.18062500000000004,0,0,17.0,5416.86,5416.86,-3.1400000000003274,,,,,0.09308958589585893,0.0,0.0,1.0,0.0,1.0,market_maker,9.0,20280904,20280904/ghp1
h04ar64h,tvxlbecc,2ce19f6d-4922-4de6-ac0b-8d035ec7b0e0,332fd2e0-1079-41d8-b346-a1aeb55d837a,1,ghp,1,4694.0,3800.0,10.0,4.0,,,3820.4,7.0,4554.0,1.0,4.0,-0.6,2,1,22.0,0.0,1.0,1,1,1,2,0.0,3.0,-3.0,2.0,2.0,1.0,0.0,9.0,7.711111111111112,-112.28888888888889,112.28888888888889,7.4,10.0,10.0,6.5,120,,,7.5,,0.9357407407407408,1.754513888888889,0.013423020332140378,-1.759375,0,0,-0.9357407407407408,0,0,7.0,3848.4,4632.4,-307.60000000000036,8.128571428571428,,,,0.024578272604588388,0.0,0.0,0.0,1.0,1.0,market_maker,3.0,20280904,20280904/ghp1
h04ar64h,tvxlbecc,2ce19f6d-4922-4de6-ac0b-8d035ec7b0e0,332fd2e0-1079-41d8-b346-a1aeb55d837a,1,ghp,2,4694.0,3800.0,10.0,20.0,,,3855.2,7.0,4554.0,1.0,4.0,-0.6,2,1,22.0,0.0,1.0,1,1,1,2,1.0,2.0,-1.0,2.0,1.0,0.3333333333333333,0.6666666666666667,14.0,8.128571428571428,-103.87142857142858,103.87142857142858,7.5,10.1,10.1,7.3,112,7.4,,7.89,0.013513513513513375,0.9274234693877552,1.6229910714285716,0.05069311431551826,-1.6328125,0,0,-0.9274234693877551,0,0,6.0,3975.2,4599.2,-520.8000000000002,7.897692307692308,,,,0.04342936197916666,0.0,0.0,0.0,1.0,1.0,market_maker,3.0,20280904,20280904/ghp1
h04ar64h,tvxlbecc,2ce19f6d-4922-4de6-ac0b-8d035ec7b0e0,332fd2e0-1079-41d8-b346-a1aeb55d837a,1,ghp,3,4694.0,3800.0,10.0,0.0,30.0,1.0,4018.74,4.0,4554.0,1.0,4.0,-0.6,2,1,22.0,0.0,1.0,1,1,1,2,1.0,4.0,-3.0,2.0,2.0,0.6,0.4,13.0,7.897692307692308,-96.10230769230769,96.10230769230769,7.89,7.9,8.0,7.8,104,7.5,7.4,7.89,0.052000000000000046,0.9240606508875739,1.5015985576923077,0.0,-1.50171875,0,0,-0.9240606508875739,0,0,3.0,3998.74,4286.74,-713.2600000000002,7.887222222222222,0.3455121527777778,1.03125,-1.03125,0.056980555555555576,0.0,0.0,0.0,1.0,1.0,market_maker,5.0,20280904,20280904/ghp1
h04ar64h,tvxlbecc,2ce19f6d-4922-4de6-ac0b-8d035ec7b0e0,332fd2e0-1079-41d8-b346-a1aeb55d837a,1,ghp,4,4694.0,3800.0,10.0,0.0,,,3987.1800000000007,7.0,4554.0,1.0,4.0,-0.6,2,1,22.0,0.0,1.0,1,1,1,2,6.0,2.0,4.0,0.0,0.0,0.5,0.5,18.0,7.887222222222222,-88.11277777777778,88.11277777777778,7.89,7.88,7.89,7.88,96,7.89,7.5,7.86,0.0,0.9178414351851852,1.3767621527777778,-0.003809528416667707,-1.37671875,0,0,-0.9178414351851852,0,0,7.0,3967.18,4583.18,-296.8199999999997,7.8776190476190475,,,,0.027600182149362485,0.0,0.0,0.0,1.0,1.0,market_maker,8.0,20280904,20280904/ghp1
h04ar64h,tvxlbecc,2ce19f6d-4922-4de6-ac0b-8d035ec7b0e0,332fd2e0-1079-41d8-b346-a1aeb55d837a,1,ghp,5,4694.0,3800.0,10.0,8.0,,,3979.170000000001,8.0,4554.0,1.0,4.0,-0.6,2,1,22.0,0.0,1.0,1,1,1,2,4.0,3.0,1.0,2.0,0.0,0.14285714285714285,0.8571428571428572,21.0,7.8776190476190475,-80.12238095238095,80.12238095238095,7.86,7.89,7.9,7.85,88,7.89,7.89,7.82,-0.0038022813688212143,0.9104816017316018,1.2519122023809524,-0.005102051883895342,-1.2521875,0,0,-0.9104816017316018,0,0,8.0,4023.1699999999996,4663.17,-216.82999999999993,7.843125000000001,,,,0.03690960837887067,0.0,0.0,0.0,1.0,1.0,market_maker,7.0,20280904,20280904/ghp1
h04ar64h,tvxlbecc,2ce19f6d-4922-4de6-ac0b-8d035ec7b0e0,332fd2e0-1079-41d8-b346-a1aeb55d837a,1,ghp,6,4694.0,3800.0,10.0,4.0,0.0,0.0,4058.7300000000014,10.0,4554.0,1.0,4.0,-0.6,2,1,22.0,0.0,1.0,1,1,1,2,2.0,4.0,-2.0,8.0,5.0,0.3333333333333333,0.6666666666666667,16.0,7.843125000000001,-72.156875,72.156875,7.82,7.85,7.87,7.8,80,7.86,7.89,7.83,-0.0050890585241730735,0.9019609375,1.127451171875,0.0012779554454920294,-1.1278125,0,0,-0.9019609375,0,0,6.0,4062.73,4494.73,-325.27000000000044,7.829090909090909,0.12232954545454545,1.125,-1.125,0.06352166897187646,0.0,0.0,0.0,1.0,1.0,market_maker,6.0,20280904,20280904/ghp1
h04ar64h,tvxlbecc,2ce19f6d-4922-4de6-ac0b-8d035ec7b0e0,332fd2e0-1079-41d8-b346-a1aeb55d837a,1,ghp,7,4694.0,3800.0,10.0,4.0,,,4098.770000000001,7.0,4554.0,1.0,4.0,-0.6,2,1,22.0,0.0,1.0,1,1,1,2,2.0,2.0,0.0,3.0,1.0,0.0,1.0,11.0,7.829090909090909,-64.17090909090909,64.17090909090909,7.83,7.81,7.85,7.81,72,7.82,7.86,7.83,0.0012787723785165905,0.8912626262626263,1.0026704545454546,0.0,-1.00265625,0,0,-0.8912626262626263,0,0,6.0,4086.77,4470.77,-289.22999999999956,7.838095238095238,,,,0.079234477124183,0.0,0.0,0.0,1.0,1.0,market_maker,4.0,20280904,20280904/ghp1
h04ar64h,tvxlbecc,2ce19f6d-4922-4de6-ac0b-8d035ec7b0e0,332fd2e0-1079-41d8-b346-a1aeb55d837a,1,ghp,8,4694.0,3800.0,10.0,4.0,,,4126.750000000001,6.0,4554.0,1.0,4.0,-0.6,2,1,22.0,0.0,1.0,1,1,1,2,2.0,2.0,0.0,4.0,3.0,0.0,1.0,21.0,7.838095238095238,-56.16190476190476,56.16190476190476,7.83,7.84,7.86,7.82,64,7.83,7.82,7.85,0.0,0.8775297619047618,0.8775297619047618,0.002551021791604935,-0.87765625,0,0,-0.877529761904762,0,0,6.0,4110.75,4446.75,-253.25,7.838148148148148,,,,0.07582813238770685,0.0,0.0,0.0,1.0,1.0,market_maker,4.0,20280904,20280904/ghp1
h04ar64h,tvxlbecc,2ce19f6d-4922-4de6-ac0b-8d035ec7b0e0,332fd2e0-1079-41d8-b346-a1aeb55d837a,1,ghp,9,4694.0,3800.0,10.0,20.0,5.0,2.0,4166.410000000001,4.0,4554.0,1.0,4.0,-0.6,2,1,22.0,0.0,1.0,1,1,1,2,0.0,2.0,-2.0,3.0,1.0,1.0,0.0,27.0,7.838148148148148,-48.16185185185185,48.16185185185185,7.85,7.82,7.86,7.82,56,7.83,7.83,7.88,0.0025542784163472554,0.8600330687830687,0.7525289351851852,0.003814372075471084,-0.75234375,0,0,-0.8600330687830687,0,0,4.0,4206.41,4398.41,-481.59000000000015,7.853636363636364,0.044588068181818194,0.671875,-0.671875,0.08892736794171222,0.0,0.0,0.0,1.0,1.0,market_maker,2.0,20280904,20280904/ghp1
h04ar64h,tvxlbecc,2ce19f6d-4922-4de6-ac0b-8d035ec7b0e0,332fd2e0-1079-41d8-b346-a1aeb55d837a,1,ghp,10,4694.0,3800.0,10.0,8.0,,,4254.220000000001,3.0,4554.0,1.0,4.0,-0.6,2,1,22.0,0.0,1.0,1,1,1,2,2.0,3.0,-1.0,5.0,4.0,0.2,0.8,33.0,7.853636363636364,-40.14636363636363,40.14636363636363,7.88,7.84,7.88,7.84,48,7.85,7.83,7.88,0.003821656050955413,0.8363825757575757,0.6272869318181817,0.0,-0.626875,0,0,-0.8363825757575758,0,0,3.0,4238.22,4358.22,-521.7799999999997,7.889,,,,0.11257559198542806,0.0,0.0,0.0,1.0,1.0,market_maker,5.0,20280904,20280904/ghp1
h04ar64h,tvxlbecc,2ce19f6d-4922-4de6-ac0b-8d035ec7b0e0,332fd2e0-1079-41d8-b346-a1aeb55d837a,1,ghp,11,4694.0,3800.0,10.0,8.0,,,4293.930000000001,1.0,4554.0,1.0,4.0,-0.6,2,1,22.0,0.0,1.0,1,1,1,2,1.0,3.0,-2.0,2.0,2.0,0.5,0.5,10.0,7.889,-32.111000000000004,32.111000000000004,7.88,7.88,7.92,7.87,40,7.88,7.85,7.93,0.0,0.8027750000000001,0.5017343750000001,0.0063251317769688065,-0.501875,0,0,-0.8027749999999999,0,0,1.0,4261.93,4293.93,-586.0699999999997,7.94125,,,,0.11294171220400732,0.0,0.0,0.0,1.0,1.0,market_maker,4.0,20280904,20280904/ghp1
h04ar64h,tvxlbecc,2ce19f6d-4922-4de6-ac0b-8d035ec7b0e0,332fd2e0-1079-41d8-b346-a1aeb55d837a,1,ghp,12,4694.0,3800.0,10.0,0.0,8.0,1.0,4286.08,3.0,4554.0,1.0,4.0,-0.6,2,1,22.0,0.0,1.0,1,1,1,2,3.0,1.0,2.0,9.0,6.0,0.5,0.5,8.0,7.94125,-24.05875,24.05875,7.93,7.94,7.96,7.93,32,7.88,7.88,7.95,0.006345177664974555,0.7518359375,0.37591796875,0.0025188930194839365,-0.37609375,0,0,-0.7518359375,0,0,3.0,4246.08,4318.08,-441.9200000000001,7.962000000000001,0.0005937499999999901,0.25,-0.25,0.09898424369747899,0.0,0.0,0.0,1.0,1.0,market_maker,4.0,20280904,20280904/ghp1
h04ar64h,tvxlbecc,2ce19f6d-4922-4de6-ac0b-8d035ec7b0e0,332fd2e0-1079-41d8-b346-a1aeb55d837a,1,ghp,13,4694.0,3800.0,10.0,8.0,,,4286.08,3.0,4554.0,1.0,4.0,-0.6,2,1,22.0,0.0,1.0,1,1,1,2,1.0,1.0,0.0,2.0,1.0,0.0,1.0,5.0,7.962000000000001,-16.038,16.038,7.95,7.95,7.99,7.94,24,7.93,7.88,9.83,0.0025220680958386588,0.66825,0.25059375,0.2122670054928344,-0.25078125,0,0,-0.66825,0,0,3.0,4270.08,4318.08,-441.9200000000001,9.472727272727273,,,,0.09973167600373485,0.0,0.0,0.0,1.0,1.0,market_maker,2.0,20280904,20280904/ghp1
h04ar64h,tvxlbecc,2ce19f6d-4922-4de6-ac0b-8d035ec7b0e0,332fd2e0-1079-41d8-b346-a1aeb55d837a,1,ghp,14,4694.0,3800.0,10.0,4.0,,,4265.36,9.0,4554.0,1.0,4.0,-0.6,2,1,22.0,0.0,1.0,1,1,1,2,6.0,1.0,5.0,3.0,2.0,0.7142857142857143,0.2857142857142857,11.0,9.472727272727273,-6.527272727272727,6.527272727272727,9.83,8.81,10.0,8.0,16,7.95,7.93,9.97,0.2364779874213836,0.40795454545454546,0.10198863636363636,0.014141649814671808,-0.09640625,0,0,-0.40795454545454546,0,0,8.0,4257.360000000001,4321.360000000001,-378.6399999999994,9.917,,,,0.09082423167848698,0.0,0.0,0.0,1.0,1.0,market_maker,7.0,20280904,20280904/ghp1
h04ar64h,tvxlbecc,2ce19f6d-4922-4de6-ac0b-8d035ec7b0e0,332fd2e0-1079-41d8-b346-a1aeb55d837a,1,ghp,15,4694.0,3800.0,10.0,4.0,,,4291.509999999999,10.0,4554.0,1.0,4.0,-0.6,2,1,22.0,0.0,1.0,1,1,1,2,4.0,3.0,1.0,1.0,0.0,0.14285714285714285,0.8571428571428572,10.0,9.917,1.9170000000000003,1.9170000000000003,9.97,9.84,9.99,9.5,8,9.83,7.95,,0.014242115971515812,0.23962500000000003,0.029953125000000004,,0.03078125000000001,0,0,0.23962499999999998,0,0,9.0,4283.51,4283.51,-356.4899999999998,,,,,0.08602562260536396,0.0,0.0,0.0,1.0,1.0,market_maker,7.0,20280904,20280904/ghp1
h04ar64h,y51mizer,2ce19f6d-4922-4de6-ac0b-8d035ec7b0e0,66f76d7d-f049-403e-8d07-c1177bf2aad7,1,ghp,1,7871.0,3800.0,10.0,4.0,,,3797.4,10.0,7721.0,0.5833333333333334,7.0,0.11666666666666659,3,0,35.0,0.0,0.0,1,1,1,2,1.0,1.0,0.0,1.0,0.0,0.0,1.0,9.0,7.711111111111112,-112.28888888888889,112.28888888888889,7.4,10.0,10.0,6.5,120,,,7.5,,0.9357407407407408,1.754513888888889,0.013423020332140378,-1.759375,0,0,-0.9357407407407408,0,0,10.0,3837.4,4957.4,17.399999999999636,8.128571428571428,,,,0.024578272604588388,0.0,0.0,1.0,0.0,1.0,market_maker,2.0,20280904,20280904/ghp1
h04ar64h,y51mizer,2ce19f6d-4922-4de6-ac0b-8d035ec7b0e0,66f76d7d-f049-403e-8d07-c1177bf2aad7,1,ghp,2,7871.0,3800.0,10.0,20.0,,,3845.85,11.0,7721.0,0.5833333333333334,7.0,0.11666666666666659,3,0,35.0,0.0,0.0,1,1,1,2,2.0,3.0,-1.0,3.0,1.0,0.2,0.8,14.0,8.128571428571428,-103.87142857142858,103.87142857142858,7.5,10.1,10.1,7.3,112,7.4,,7.89,0.013513513513513375,0.9274234693877552,1.6229910714285716,0.05069311431551826,-1.6328125,0,0,-0.9274234693877551,0,0,9.0,4025.85,4961.85,-158.14999999999964,7.897692307692308,,,,0.04342936197916666,0.0,0.0,1.0,0.0,1.0,market_maker,5.0,20280904,20280904/ghp1
h04ar64h,y51mizer,2ce19f6d-4922-4de6-ac0b-8d035ec7b0e0,66f76d7d-f049-403e-8d07-c1177bf2aad7,1,ghp,3,7871.0,3800.0,10.0,0.0,8.0,5.0,4050.170000000001,15.0,7721.0,0.5833333333333334,7.0,0.11666666666666659,3,0,35.0,0.0,0.0,1,1,1,2,3.0,1.0,2.0,13.0,2.0,0.5,0.5,13.0,7.897692307692308,-96.10230769230769,96.10230769230769,7.89,7.9,8.0,7.8,104,7.5,7.4,7.89,0.052000000000000046,0.9240606508875739,1.5015985576923077,0.0,-1.50171875,0,0,-0.9240606508875739,0,0,11.0,4010.17,5066.17,66.17000000000007,7.887222222222222,0.0017621527777777757,1.375,-1.375,0.056980555555555576,0.0,0.0,1.0,0.0,1.0,market_maker,4.0,20280904,20280904/ghp1
h04ar64h,y51mizer,2ce19f6d-4922-4de6-ac0b-8d035ec7b0e0,66f76d7d-f049-403e-8d07-c1177bf2aad7,1,ghp,4,7871.0,3800.0,10.0,0.0,,,4042.3,19.0,7721.0,0.5833333333333334,7.0,0.11666666666666659,3,0,35.0,0.0,0.0,1,1,1,2,2.0,1.0,1.0,7.0,4.0,0.3333333333333333,0.6666666666666667,18.0,7.887222222222222,-88.11277777777778,88.11277777777778,7.89,7.88,7.89,7.88,96,7.89,7.5,7.86,0.0,0.9178414351851852,1.3767621527777778,-0.003809528416667707,-1.37671875,0,0,-0.9178414351851852,0,0,12.0,4002.3,5058.3,178.30000000000018,7.8776190476190475,,,,0.027600182149362485,0.0,0.0,1.0,0.0,1.0,market_maker,3.0,20280904,20280904/ghp1
h04ar64h,y51mizer,2ce19f6d-4922-4de6-ac0b-8d035ec7b0e0,66f76d7d-f049-403e-8d07-c1177bf2aad7,1,ghp,5,7871.0,3800.0,10.0,8.0,,,4010.83,16.0,7721.0,0.5833333333333334,7.0,0.11666666666666659,3,0,35.0,0.0,0.0,1,1,1,2,4.0,0.0,4.0,1.0,0.0,1.0,0.0,21.0,7.8776190476190475,-80.12238095238095,80.12238095238095,7.86,7.89,7.9,7.85,88,7.89,7.89,7.82,-0.0038022813688212143,0.9104816017316018,1.2519122023809524,-0.005102051883895342,-1.2521875,0,0,-0.9104816017316018,0,0,16.0,4098.83,5378.83,498.8299999999999,7.843125000000001,,,,0.03690960837887067,0.0,0.0,1.0,0.0,1.0,market_maker,4.0,20280904,20280904/ghp1
h04ar64h,y51mizer,2ce19f6d-4922-4de6-ac0b-8d035ec7b0e0,66f76d7d-f049-403e-8d07-c1177bf2aad7,1,ghp,6,7871.0,3800.0,10.0,4.0,8.0,4.0,4107.540000000001,21.0,7721.0,0.5833333333333334,7.0,0.11666666666666659,3,0,35.0,0.0,0.0,1,1,1,2,4.0,0.0,4.0,9.0,6.0,1.0,0.0,16.0,7.843125000000001,-72.156875,72.156875,7.82,7.85,7.87,7.8,80,7.86,7.89,7.83,-0.0050890585241730735,0.9019609375,1.127451171875,0.0012779554454920294,-1.1278125,0,0,-0.9019609375,0,0,20.0,4147.54,5587.54,767.54,7.829090909090909,0.0026704545454545453,1.0,-1.0,0.06352166897187646,0.0,0.0,1.0,0.0,1.0,market_maker,4.0,20280904,20280904/ghp1
h04ar64h,y51mizer,2ce19f6d-4922-4de6-ac0b-8d035ec7b0e0,66f76d7d-f049-403e-8d07-c1177bf2aad7,1,ghp,7,7871.0,3800.0,10.0,4.0,,,4199.410000000001,20.0,7721.0,0.5833333333333334,7.0,0.11666666666666659,3,0,35.0,0.0,0.0,1,1,1,2,1.0,2.0,-1.0,3.0,0.0,0.3333333333333333,0.6666666666666667,11.0,7.829090909090909,-64.17090909090909,64.17090909090909,7.83,7.81,7.85,7.81,72,7.82,7.86,7.83,0.0012787723785165905,0.8912626262626263,1.0026704545454546,0.0,-1.00265625,0,0,-0.8912626262626263,0,0,19.0,4231.41,5447.41,687.4099999999999,7.838095238095238,,,,0.079234477124183,0.0,0.0,1.0,0.0,1.0,market_maker,3.0,20280904,20280904/ghp1
h04ar64h,y51mizer,2ce19f6d-4922-4de6-ac0b-8d035ec7b0e0,66f76d7d-f049-403e-8d07-c1177bf2aad7,1,ghp,8,7871.0,3800.0,10.0,4.0,,,4255.85,23.0,7721.0,0.5833333333333334,7.0,0.11666666666666659,3,0,35.0,0.0,0.0,1,1,1,2,3.0,0.0,3.0,3.0,1.0,1.0,0.0,21.0,7.838095238095238,-56.16190476190476,56.16190476190476,7.83,7.84,7.86,7.82,64,7.83,7.82,7.85,0.0,0.8775297619047618,0.8775297619047618,0.002551021791604935,-0.87765625,0,0,-0.877529761904762,0,0,22.0,4295.85,5527.85,827.8500000000004,7.838148148148148,,,,0.07582813238770685,0.0,0.0,1.0,0.0,1.0,market_maker,3.0,20280904,20280904/ghp1
h04ar64h,y51mizer,2ce19f6d-4922-4de6-ac0b-8d035ec7b0e0,66f76d7d-f049-403e-8d07-c1177bf2aad7,1,ghp,9,7871.0,3800.0,10.0,20.0,8.0,5.0,4371.390000000001,19.0,7721.0,0.5833333333333334,7.0,0.11666666666666659,3,0,35.0,0.0,0.0,1,1,1,2,0.0,3.0,-3.0,4.0,0.0,1.0,0.0,27.0,7.838148148148148,-48.16185185185185,48.16185185185185,7.85,7.82,7.86,7.82,56,7.83,7.83,7.88,0.0025542784163472554,0.8600330687830687,0.7525289351851852,0.003814372075471084,-0.75234375,0,0,-0.8600330687830687,0,0,19.0,4699.39,5611.39,731.3900000000003,7.853636363636364,0.002286931818181806,0.625,-0.625,0.08892736794171222,0.0,0.0,1.0,0.0,1.0,market_maker,3.0,20280904,20280904/ghp1
h04ar64h,y51mizer,2ce19f6d-4922-4de6-ac0b-8d035ec7b0e0,66f76d7d-f049-403e-8d07-c1177bf2aad7,1,ghp,10,7871.0,3800.0,10.0,8.0,,,4900.600000000003,0.0,7721.0,0.5833333333333334,7.0,0.11666666666666659,3,0,35.0,0.0,0.0,1,1,1,2,0.0,19.0,-19.0,15.0,0.0,1.0,0.0,33.0,7.853636363636364,-40.14636363636363,40.14636363636363,7.88,7.84,7.88,7.84,48,7.85,7.83,7.88,0.003821656050955413,0.8363825757575757,0.6272869318181817,0.0,-0.626875,0,0,-0.8363825757575758,0,0,0.0,4848.6,4848.6,-31.399999999999636,7.889,,,,0.11257559198542806,0.0,0.0,1.0,0.0,1.0,market_maker,19.0,20280904,20280904/ghp1
h04ar64h,y51mizer,2ce19f6d-4922-4de6-ac0b-8d035ec7b0e0,66f76d7d-f049-403e-8d07-c1177bf2aad7,1,ghp,11,7871.0,3800.0,10.0,8.0,,,4908.480000000003,-1.0,7721.0,0.5833333333333334,7.0,0.11666666666666659,3,0,35.0,0.0,0.0,1,1,1,2,0.0,1.0,-1.0,0.0,0.0,1.0,0.0,10.0,7.889,-32.111000000000004,32.111000000000004,7.88,7.88,7.92,7.87,40,7.88,7.85,7.93,0.0,0.8027750000000001,0.5017343750000001,0.0063251317769688065,-0.501875,0,0,-0.8027749999999999,0,0,-1.0,4848.48,4816.48,-63.52000000000044,7.94125,,,,0.11294171220400732,0.0,0.0,1.0,0.0,1.0,market_maker,1.0,20280904,20280904/ghp1
h04ar64h,y51mizer,2ce19f6d-4922-4de6-ac0b-8d035ec7b0e0,66f76d7d-f049-403e-8d07-c1177bf2aad7,1,ghp,12,7871.0,3800.0,10.0,0.0,8.0,4.0,4900.480000000003,-1.0,7721.0,0.5833333333333334,7.0,0.11666666666666659,3,0,35.0,0.0,0.0,1,1,1,2,0.0,0.0,0.0,3.0,0.0,,,8.0,7.94125,-24.05875,24.05875,7.93,7.94,7.96,7.93,32,7.88,7.88,7.95,0.006345177664974555,0.7518359375,0.37591796875,0.0025188930194839365,-0.37609375,0,0,-0.7518359375,0,0,-1.0,4848.48,4824.48,64.47999999999956,7.962000000000001,0.0005937499999999901,0.25,-0.25,0.09898424369747899,0.0,0.0,1.0,0.0,1.0,market_maker,0.0,20280904,20280904/ghp1
h04ar64h,y51mizer,2ce19f6d-4922-4de6-ac0b-8d035ec7b0e0,66f76d7d-f049-403e-8d07-c1177bf2aad7,1,ghp,13,7871.0,3800.0,10.0,8.0,,,4916.450000000003,0.0,7721.0,0.5833333333333334,7.0,0.11666666666666659,3,0,35.0,0.0,0.0,1,1,1,2,0.0,2.0,-2.0,0.0,0.0,1.0,0.0,5.0,7.962000000000001,-16.038,16.038,7.95,7.95,7.99,7.94,24,7.93,7.88,9.83,0.0025220680958386588,0.66825,0.25059375,0.2122670054928344,-0.25078125,0,0,-0.66825,0,0,-3.0,4840.450000000001,4792.450000000001,32.45000000000073,9.472727272727273,,,,0.09973167600373485,0.0,0.0,1.0,0.0,1.0,market_maker,2.0,20280904,20280904/ghp1
h04ar64h,y51mizer,2ce19f6d-4922-4de6-ac0b-8d035ec7b0e0,66f76d7d-f049-403e-8d07-c1177bf2aad7,1,ghp,14,7871.0,3800.0,10.0,4.0,,,4926.450000000003,0.0,7721.0,0.5833333333333334,7.0,0.11666666666666659,3,0,35.0,0.0,0.0,1,1,1,2,0.0,1.0,-1.0,0.0,0.0,1.0,0.0,11.0,9.472727272727273,-6.527272727272727,6.527272727272727,9.83,8.81,10.0,8.0,16,7.95,7.93,9.97,0.2364779874213836,0.40795454545454546,0.10198863636363636,0.014141649814671808,-0.09640625,0,0,-0.40795454545454546,0,0,-4.0,4834.450000000001,4802.450000000001,102.45000000000073,9.917,,,,0.09082423167848698,0.0,0.0,1.0,0.0,1.0,market_maker,1.0,20280904,20280904/ghp1
h04ar64h,y51mizer,2ce19f6d-4922-4de6-ac0b-8d035ec7b0e0,66f76d7d-f049-403e-8d07-c1177bf2aad7,1,ghp,15,7871.0,3800.0,10.0,4.0,,,4926.450000000003,0.0,7721.0,0.5833333333333334,7.0,0.11666666666666659,3,0,35.0,0.0,0.0,1,1,1,2,0.0,0.0,0.0,0.0,0.0,,,10.0,9.917,1.9170000000000003,1.9170000000000003,9.97,9.84,9.99,9.5,8,9.83,7.95,,0.014242115971515812,0.23962500000000003,0.029953125000000004,,0.03078125000000001,0,0,0.23962499999999998,0,0,-4.0,4818.450000000001,4818.450000000001,178.45000000000073,,,,,0.08602562260536396,0.0,0.0,1.0,0.0,1.0,market_maker,0.0,20280904,20280904/ghp1
h04ar64h,sxp8ngu2,2ce19f6d-4922-4de6-ac0b-8d035ec7b0e0,6ec76eab-08eb-4017-9469-27f6878bd674,1,ghp,1,4999.0,2600.0,20.0,4.0,,,2585.8999999999996,24.0,4899.0,0.16666666666666666,7.0,0.5333333333333333,2,1,27.0,0.0,1.0,1,1,1,2,3.0,1.0,2.0,3.0,2.0,0.5,0.5,9.0,7.711111111111112,-112.28888888888889,112.28888888888889,7.4,10.0,10.0,6.5,120,,,7.5,,0.9357407407407408,1.754513888888889,0.013423020332140378,-1.759375,0,0,-0.9357407407407408,0,0,22.0,2673.9,5137.9,197.89999999999964,8.128571428571428,,,,0.024578272604588388,0.0,0.0,1.0,0.0,1.0,market_maker,4.0,20280904,20280904/ghp1
h04ar64h,sxp8ngu2,2ce19f6d-4922-4de6-ac0b-8d035ec7b0e0,6ec76eab-08eb-4017-9469-27f6878bd674,1,ghp,2,4999.0,2600.0,20.0,20.0,,,2656.7499999999995,25.0,4899.0,0.16666666666666666,7.0,0.5333333333333333,2,1,27.0,0.0,1.0,1,1,1,2,3.0,0.0,3.0,3.0,3.0,1.0,0.0,14.0,8.128571428571428,-103.87142857142858,103.87142857142858,7.5,10.1,10.1,7.3,112,7.4,,7.89,0.013513513513513375,0.9274234693877552,1.6229910714285716,0.05069311431551826,-1.6328125,0,0,-0.9274234693877551,0,0,25.0,3148.75,5748.75,628.75,7.897692307692308,,,,0.04342936197916666,0.0,0.0,1.0,0.0,1.0,market_maker,3.0,20280904,20280904/ghp1
h04ar64h,sxp8ngu2,2ce19f6d-4922-4de6-ac0b-8d035ec7b0e0,6ec76eab-08eb-4017-9469-27f6878bd674,1,ghp,3,4999.0,2600.0,20.0,0.0,8.0,5.0,3148.929999999999,26.0,4899.0,0.16666666666666666,7.0,0.5333333333333333,2,1,27.0,0.0,1.0,1,1,1,2,3.0,2.0,1.0,4.0,2.0,0.2,0.8,13.0,7.897692307692308,-96.10230769230769,96.10230769230769,7.89,7.9,8.0,7.8,104,7.5,7.4,7.89,0.052000000000000046,0.9240606508875739,1.5015985576923077,0.0,-1.50171875,0,0,-0.9240606508875739,0,0,26.0,3140.9300000000003,5636.93,636.9300000000003,7.887222222222222,0.0017621527777777757,1.375,-1.375,0.056980555555555576,0.0,0.0,1.0,0.0,1.0,market_maker,5.0,20280904,20280904/ghp1
h04ar64h,sxp8ngu2,2ce19f6d-4922-4de6-ac0b-8d035ec7b0e0,6ec76eab-08eb-4017-9469-27f6878bd674,1,ghp,4,4999.0,2600.0,20.0,0.0,,,3164.689999999999,25.0,4899.0,0.16666666666666666,7.0,0.5333333333333333,2,1,27.0,0.0,1.0,1,1,1,2,3.0,5.0,-2.0,5.0,1.0,0.25,0.75,18.0,7.887222222222222,-88.11277777777778,88.11277777777778,7.89,7.88,7.89,7.88,96,7.89,7.5,7.86,0.0,0.9178414351851852,1.3767621527777778,-0.003809528416667707,-1.37671875,0,0,-0.9178414351851852,0,0,24.0,3156.69,5268.6900000000005,388.6900000000005,7.8776190476190475,,,,0.027600182149362485,0.0,0.0,1.0,0.0,1.0,market_maker,8.0,20280904,20280904/ghp1
h04ar64h,sxp8ngu2,2ce19f6d-4922-4de6-ac0b-8d035ec7b0e0,6ec76eab-08eb-4017-9469-27f6878bd674,1,ghp,5,4999.0,2600.0,20.0,8.0,,,3211.8999999999996,19.0,4899.0,0.16666666666666666,7.0,0.5333333333333333,2,1,27.0,0.0,1.0,1,1,1,2,1.0,7.0,-6.0,6.0,1.0,0.75,0.25,21.0,7.8776190476190475,-80.12238095238095,80.12238095238095,7.86,7.89,7.9,7.85,88,7.89,7.89,7.82,-0.0038022813688212143,0.9104816017316018,1.2519122023809524,-0.005102051883895342,-1.2521875,0,0,-0.9104816017316018,0,0,18.0,3347.9,4787.9,-92.10000000000036,7.843125000000001,,,,0.03690960837887067,0.0,0.0,1.0,0.0,1.0,market_maker,8.0,20280904,20280904/ghp1
h04ar64h,sxp8ngu2,2ce19f6d-4922-4de6-ac0b-8d035ec7b0e0,6ec76eab-08eb-4017-9469-27f6878bd674,1,ghp,6,4999.0,2600.0,20.0,4.0,8.0,5.0,3434.51,9.0,4899.0,0.16666666666666666,7.0,0.5333333333333333,2,1,27.0,0.0,1.0,1,1,1,2,0.0,9.0,-9.0,6.0,3.0,1.0,0.0,16.0,7.843125000000001,-72.156875,72.156875,7.82,7.85,7.87,7.8,80,7.86,7.89,7.83,-0.0050890585241730735,0.9019609375,1.127451171875,0.0012779554454920294,-1.1278125,0,0,-0.9019609375,0,0,9.0,3454.51,4102.51,-717.4899999999998,7.829090909090909,0.0026704545454545453,1.0,-1.0,0.06352166897187646,0.0,0.0,1.0,0.0,1.0,market_maker,9.0,20280904,20280904/ghp1
h04ar64h,sxp8ngu2,2ce19f6d-4922-4de6-ac0b-8d035ec7b0e0,6ec76eab-08eb-4017-9469-27f6878bd674,1,ghp,7,4999.0,2600.0,20.0,4.0,,,3493.99,6.0,4899.0,0.16666666666666666,7.0,0.5333333333333333,2,1,27.0,0.0,1.0,1,1,1,2,0.0,3.0,-3.0,5.0,3.0,1.0,0.0,11.0,7.829090909090909,-64.17090909090909,64.17090909090909,7.83,7.81,7.85,7.81,72,7.82,7.86,7.83,0.0012787723785165905,0.8912626262626263,1.0026704545454546,0.0,-1.00265625,0,0,-0.8912626262626263,0,0,6.0,3501.9900000000002,3885.9900000000002,-874.0099999999998,7.838095238095238,,,,0.079234477124183,0.0,0.0,1.0,0.0,1.0,market_maker,3.0,20280904,20280904/ghp1
h04ar64h,sxp8ngu2,2ce19f6d-4922-4de6-ac0b-8d035ec7b0e0,6ec76eab-08eb-4017-9469-27f6878bd674,1,ghp,8,4999.0,2600.0,20.0,4.0,,,3455.249999999999,14.0,4899.0,0.16666666666666666,7.0,0.5333333333333333,2,1,27.0,0.0,1.0,1,1,1,2,8.0,0.0,8.0,0.0,0.0,1.0,0.0,21.0,7.838095238095238,-56.16190476190476,56.16190476190476,7.83,7.84,7.86,7.82,64,7.83,7.82,7.85,0.0,0.8775297619047618,0.8775297619047618,0.002551021791604935,-0.87765625,0,0,-0.877529761904762,0,0,14.0,3495.25,4279.25,-420.75,7.838148148148148,,,,0.07582813238770685,0.0,0.0,1.0,0.0,1.0,market_maker,8.0,20280904,20280904/ghp1
h04ar64h,sxp8ngu2,2ce19f6d-4922-4de6-ac0b-8d035ec7b0e0,6ec76eab-08eb-4017-9469-27f6878bd674,1,ghp,9,4999.0,2600.0,20.0,20.0,8.0,5.0,3346.649999999999,35.0,4899.0,0.16666666666666666,7.0,0.5333333333333333,2,1,27.0,0.0,1.0,1,1,1,2,21.0,0.0,21.0,6.0,5.0,1.0,0.0,27.0,7.838148148148148,-48.16185185185185,48.16185185185185,7.85,7.82,7.86,7.82,56,7.83,7.83,7.88,0.0025542784163472554,0.8600330687830687,0.7525289351851852,0.003814372075471084,-0.75234375,0,0,-0.8600330687830687,0,0,35.0,4030.65,5710.65,830.6499999999996,7.853636363636364,0.002286931818181806,0.625,-0.625,0.08892736794171222,0.0,0.0,1.0,0.0,1.0,market_maker,21.0,20280904,20280904/ghp1
h04ar64h,sxp8ngu2,2ce19f6d-4922-4de6-ac0b-8d035ec7b0e0,6ec76eab-08eb-4017-9469-27f6878bd674,1,ghp,10,4999.0,2600.0,20.0,8.0,,,3842.419999999999,61.0,4899.0,0.16666666666666666,7.0,0.5333333333333333,2,1,27.0,0.0,1.0,1,1,1,2,26.0,0.0,26.0,4.0,4.0,1.0,0.0,33.0,7.853636363636364,-40.14636363636363,40.14636363636363,7.88,7.84,7.88,7.84,48,7.85,7.83,7.88,0.003821656050955413,0.8363825757575757,0.6272869318181817,0.0,-0.626875,0,0,-0.8363825757575758,0,0,61.0,4314.42,6754.42,1874.42,7.889,,,,0.11257559198542806,0.0,0.0,1.0,0.0,1.0,market_maker,26.0,20280904,20280904/ghp1
h04ar64h,sxp8ngu2,2ce19f6d-4922-4de6-ac0b-8d035ec7b0e0,6ec76eab-08eb-4017-9469-27f6878bd674,1,ghp,11,4999.0,2600.0,20.0,8.0,,,4298.8499999999985,66.0,4899.0,0.16666666666666666,7.0,0.5333333333333333,2,1,27.0,0.0,1.0,1,1,1,2,5.0,1.0,4.0,3.0,1.0,0.6666666666666666,0.33333333333333337,10.0,7.889,-32.111000000000004,32.111000000000004,7.88,7.88,7.92,7.87,40,7.88,7.85,7.93,0.0,0.8027750000000001,0.5017343750000001,0.0063251317769688065,-0.501875,0,0,-0.8027749999999999,0,0,65.0,4802.85,6882.85,2002.8500000000004,7.94125,,,,0.11294171220400732,0.0,0.0,1.0,0.0,1.0,market_maker,6.0,20280904,20280904/ghp1
h04ar64h,sxp8ngu2,2ce19f6d-4922-4de6-ac0b-8d035ec7b0e0,6ec76eab-08eb-4017-9469-27f6878bd674,1,ghp,12,4999.0,2600.0,20.0,0.0,8.0,5.0,4826.8499999999985,67.0,4899.0,0.16666666666666666,7.0,0.5333333333333333,2,1,27.0,0.0,1.0,1,1,1,2,2.0,2.0,0.0,3.0,2.0,0.0,1.0,8.0,7.94125,-24.05875,24.05875,7.93,7.94,7.96,7.93,32,7.88,7.88,7.95,0.006345177664974555,0.7518359375,0.37591796875,0.0025188930194839365,-0.37609375,0,0,-0.7518359375,0,0,65.0,4802.85,6362.85,1602.8500000000004,7.962000000000001,0.0005937499999999901,0.25,-0.25,0.09898424369747899,0.0,0.0,1.0,0.0,1.0,market_maker,4.0,20280904,20280904/ghp1
h04ar64h,sxp8ngu2,2ce19f6d-4922-4de6-ac0b-8d035ec7b0e0,6ec76eab-08eb-4017-9469-27f6878bd674,1,ghp,13,4999.0,2600.0,20.0,8.0,,,4810.879999999999,68.0,4899.0,0.16666666666666666,7.0,0.5333333333333333,2,1,27.0,0.0,1.0,1,1,1,2,2.0,0.0,2.0,3.0,3.0,1.0,0.0,5.0,7.962000000000001,-16.038,16.038,7.95,7.95,7.99,7.94,24,7.93,7.88,9.83,0.0025220680958386588,0.66825,0.25059375,0.2122670054928344,-0.25078125,0,0,-0.66825,0,0,67.0,5322.88,6394.88,1634.88,9.472727272727273,,,,0.09973167600373485,0.0,0.0,1.0,0.0,1.0,market_maker,2.0,20280904,20280904/ghp1
h04ar64h,sxp8ngu2,2ce19f6d-4922-4de6-ac0b-8d035ec7b0e0,6ec76eab-08eb-4017-9469-27f6878bd674,1,ghp,14,4999.0,2600.0,20.0,4.0,,,5394.6799999999985,66.0,4899.0,0.16666666666666666,7.0,0.5333333333333333,2,1,27.0,0.0,1.0,1,1,1,2,0.0,4.0,-4.0,8.0,3.0,1.0,0.0,11.0,9.472727272727273,-6.527272727272727,6.527272727272727,9.83,8.81,10.0,8.0,16,7.95,7.93,9.97,0.2364779874213836,0.40795454545454546,0.10198863636363636,0.014141649814671808,-0.09640625,0,0,-0.40795454545454546,0,0,63.0,5614.68,6118.68,1418.6800000000003,9.917,,,,0.09082423167848698,0.0,0.0,1.0,0.0,1.0,market_maker,4.0,20280904,20280904/ghp1
h04ar64h,sxp8ngu2,2ce19f6d-4922-4de6-ac0b-8d035ec7b0e0,6ec76eab-08eb-4017-9469-27f6878bd674,1,ghp,15,4999.0,2600.0,20.0,4.0,,,5708.579999999997,60.0,4899.0,0.16666666666666666,7.0,0.5333333333333333,2,1,27.0,0.0,1.0,1,1,1,2,0.0,5.0,-5.0,5.0,0.0,1.0,0.0,10.0,9.917,1.9170000000000003,1.9170000000000003,9.97,9.84,9.99,9.5,8,9.83,7.95,,0.014242115971515812,0.23962500000000003,0.029953125000000004,,0.03078125000000001,0,0,0.23962499999999998,0,0,58.0,5896.58,5896.58,1256.58,,,,,0.08602562260536396,0.0,0.0,1.0,0.0,1.0,market_maker,5.0,20280904,20280904/ghp1
h04ar64h,70gpk2i9,2ce19f6d-4922-4de6-ac0b-8d035ec7b0e0,c84dee0b-3d35-4508-a3a9-6cea9b1e4581,1,ghp,1,5310.0,3800.0,10.0,4.0,,,3802.0,10.0,5110.0,1.0,8.0,-0.19999999999999996,4,0,24.0,1.0,1.0,0,1,1,2,2.0,2.0,0.0,7.0,2.0,0.0,1.0,9.0,7.711111111111112,-112.28888888888889,112.28888888888889,7.4,10.0,10.0,6.5,120,,,7.5,,0.9357407407407408,1.754513888888889,0.013423020332140378,-1.759375,0,0,-0.9357407407407408,0,0,10.0,3842.0,4962.0,22.0,8.128571428571428,,,,0.024578272604588388,0.0,0.0,1.0,0.0,1.0,market_maker,4.0,20280904,20280904/ghp1
h04ar64h,70gpk2i9,2ce19f6d-4922-4de6-ac0b-8d035ec7b0e0,c84dee0b-3d35-4508-a3a9-6cea9b1e4581,1,ghp,2,5310.0,3800.0,10.0,20.0,,,3843.3,10.0,5110.0,1.0,8.0,-0.19999999999999996,4,0,24.0,1.0,1.0,0,1,1,2,4.0,4.0,0.0,9.0,3.0,0.0,1.0,14.0,8.128571428571428,-103.87142857142858,103.87142857142858,7.5,10.1,10.1,7.3,112,7.4,,7.89,0.013513513513513375,0.9274234693877552,1.6229910714285716,0.05069311431551826,-1.6328125,0,0,-0.9274234693877551,0,0,10.0,4043.2999999999997,5083.299999999999,-36.70000000000073,7.897692307692308,,,,0.04342936197916666,0.0,0.0,1.0,0.0,1.0,market_maker,8.0,20280904,20280904/ghp1
h04ar64h,70gpk2i9,2ce19f6d-4922-4de6-ac0b-8d035ec7b0e0,c84dee0b-3d35-4508-a3a9-6cea9b1e4581,1,ghp,3,5310.0,3800.0,10.0,0.0,8.0,4.0,4090.75,5.0,5110.0,1.0,8.0,-0.19999999999999996,4,0,24.0,1.0,1.0,0,1,1,2,0.0,6.0,-6.0,9.0,1.0,1.0,0.0,13.0,7.897692307692308,-96.10230769230769,96.10230769230769,7.89,7.9,8.0,7.8,104,7.5,7.4,7.89,0.052000000000000046,0.9240606508875739,1.5015985576923077,0.0,-1.50171875,0,0,-0.9240606508875739,0,0,4.0,4090.75,4474.75,-525.25,7.887222222222222,0.0017621527777777757,1.375,-1.375,0.056980555555555576,0.0,0.0,1.0,0.0,1.0,market_maker,6.0,20280904,20280904/ghp1
h04ar64h,70gpk2i9,2ce19f6d-4922-4de6-ac0b-8d035ec7b0e0,c84dee0b-3d35-4508-a3a9-6cea9b1e4581,1,ghp,4,5310.0,3800.0,10.0,0.0,,,4067.100000000001,7.0,5110.0,1.0,8.0,-0.19999999999999996,4,0,24.0,1.0,1.0,0,1,1,2,6.0,3.0,3.0,14.0,0.0,0.3333333333333333,0.6666666666666667,18.0,7.887222222222222,-88.11277777777778,88.11277777777778,7.89,7.88,7.89,7.88,96,7.89,7.5,7.86,0.0,0.9178414351851852,1.3767621527777778,-0.003809528416667707,-1.37671875,0,0,-0.9178414351851852,0,0,7.0,4067.1000000000004,4683.1,-196.89999999999964,7.8776190476190475,,,,0.027600182149362485,0.0,0.0,1.0,0.0,1.0,market_maker,9.0,20280904,20280904/ghp1
h04ar64h,70gpk2i9,2ce19f6d-4922-4de6-ac0b-8d035ec7b0e0,c84dee0b-3d35-4508-a3a9-6cea9b1e4581,1,ghp,5,5310.0,3800.0,10.0,8.0,,,4027.84,18.0,5110.0,1.0,8.0,-0.19999999999999996,4,0,24.0,1.0,1.0,0,1,1,2,9.0,4.0,5.0,9.0,6.0,0.38461538461538464,0.6153846153846154,21.0,7.8776190476190475,-80.12238095238095,80.12238095238095,7.86,7.89,7.9,7.85,88,7.89,7.89,7.82,-0.0038022813688212143,0.9104816017316018,1.2519122023809524,-0.005102051883895342,-1.2521875,0,0,-0.9104816017316018,0,0,12.0,4123.84,5083.84,203.84000000000015,7.843125000000001,,,,0.03690960837887067,0.0,0.0,1.0,0.0,1.0,market_maker,13.0,20280904,20280904/ghp1
h04ar64h,70gpk2i9,2ce19f6d-4922-4de6-ac0b-8d035ec7b0e0,c84dee0b-3d35-4508-a3a9-6cea9b1e4581,1,ghp,6,5310.0,3800.0,10.0,4.0,8.0,3.0,4124.780000000001,27.0,5110.0,1.0,8.0,-0.19999999999999996,4,0,24.0,1.0,1.0,0,1,1,2,7.0,1.0,6.0,13.0,9.0,0.75,0.25,16.0,7.843125000000001,-72.156875,72.156875,7.82,7.85,7.87,7.8,80,7.86,7.89,7.83,-0.0050890585241730735,0.9019609375,1.127451171875,0.0012779554454920294,-1.1278125,0,0,-0.9019609375,0,0,18.0,4148.780000000001,5444.780000000001,624.7800000000007,7.829090909090909,0.0026704545454545453,1.0,-1.0,0.06352166897187646,0.0,0.0,1.0,0.0,1.0,market_maker,8.0,20280904,20280904/ghp1
h04ar64h,70gpk2i9,2ce19f6d-4922-4de6-ac0b-8d035ec7b0e0,c84dee0b-3d35-4508-a3a9-6cea9b1e4581,1,ghp,7,5310.0,3800.0,10.0,4.0,,,4185.77,34.0,5110.0,1.0,8.0,-0.19999999999999996,4,0,24.0,1.0,1.0,0,1,1,2,6.0,0.0,6.0,11.0,7.0,1.0,0.0,11.0,7.829090909090909,-64.17090909090909,64.17090909090909,7.83,7.81,7.85,7.81,72,7.82,7.86,7.83,0.0012787723785165905,0.8912626262626263,1.0026704545454546,0.0,-1.00265625,0,0,-0.8912626262626263,0,0,24.0,4197.77,5733.77,973.7700000000004,7.838095238095238,,,,0.079234477124183,0.0,0.0,1.0,0.0,1.0,market_maker,6.0,20280904,20280904/ghp1
h04ar64h,70gpk2i9,2ce19f6d-4922-4de6-ac0b-8d035ec7b0e0,c84dee0b-3d35-4508-a3a9-6cea9b1e4581,1,ghp,8,5310.0,3800.0,10.0,4.0,,,4353.230000000001,20.0,5110.0,1.0,8.0,-0.19999999999999996,4,0,24.0,1.0,1.0,0,1,1,2,5.0,9.0,-4.0,8.0,0.0,0.2857142857142857,0.7142857142857143,21.0,7.838095238095238,-56.16190476190476,56.16190476190476,7.83,7.84,7.86,7.82,64,7.83,7.82,7.85,0.0,0.8775297619047618,0.8775297619047618,0.002551021791604935,-0.87765625,0,0,-0.877529761904762,0,0,20.0,4309.23,5429.23,729.2299999999996,7.838148148148148,,,,0.07582813238770685,0.0,0.0,1.0,0.0,1.0,market_maker,14.0,20280904,20280904/ghp1
h04ar64h,70gpk2i9,2ce19f6d-4922-4de6-ac0b-8d035ec7b0e0,c84dee0b-3d35-4508-a3a9-6cea9b1e4581,1,ghp,9,5310.0,3800.0,10.0,20.0,8.0,3.0,4550.780000000002,6.0,5110.0,1.0,8.0,-0.19999999999999996,4,0,24.0,1.0,1.0,0,1,1,2,1.0,16.0,-15.0,17.0,0.0,0.8823529411764706,0.11764705882352944,27.0,7.838148148148148,-48.16185185185185,48.16185185185185,7.85,7.82,7.86,7.82,56,7.83,7.83,7.88,0.0025542784163472554,0.8600330687830687,0.7525289351851852,0.003814372075471084,-0.75234375,0,0,-0.8600330687830687,0,0,5.0,4526.78,4766.78,-113.22000000000025,7.853636363636364,0.002286931818181806,0.625,-0.625,0.08892736794171222,0.0,0.0,1.0,0.0,1.0,market_maker,17.0,20280904,20280904/ghp1
h04ar64h,70gpk2i9,2ce19f6d-4922-4de6-ac0b-8d035ec7b0e0,c84dee0b-3d35-4508-a3a9-6cea9b1e4581,1,ghp,10,5310.0,3800.0,10.0,8.0,,,4710.080000000003,0.0,5110.0,1.0,8.0,-0.19999999999999996,4,0,24.0,1.0,1.0,0,1,1,2,3.0,8.0,-5.0,13.0,6.0,0.45454545454545453,0.5454545454545454,33.0,7.853636363636364,-40.14636363636363,40.14636363636363,7.88,7.84,7.88,7.84,48,7.85,7.83,7.88,0.003821656050955413,0.8363825757575757,0.6272869318181817,0.0,-0.626875,0,0,-0.8363825757575758,0,0,0.0,4566.08,4566.08,-313.9200000000001,7.889,,,,0.11257559198542806,0.0,0.0,1.0,0.0,1.0,market_maker,11.0,20280904,20280904/ghp1
h04ar64h,70gpk2i9,2ce19f6d-4922-4de6-ac0b-8d035ec7b0e0,c84dee0b-3d35-4508-a3a9-6cea9b1e4581,1,ghp,11,5310.0,3800.0,10.0,8.0,,,4702.210000000003,1.0,5110.0,1.0,8.0,-0.19999999999999996,4,0,24.0,1.0,1.0,0,1,1,2,2.0,1.0,1.0,7.0,4.0,0.3333333333333333,0.6666666666666667,10.0,7.889,-32.111000000000004,32.111000000000004,7.88,7.88,7.92,7.87,40,7.88,7.85,7.93,0.0,0.8027750000000001,0.5017343750000001,0.0063251317769688065,-0.501875,0,0,-0.8027749999999999,0,0,1.0,4566.21,4598.21,-281.78999999999996,7.94125,,,,0.11294171220400732,0.0,0.0,1.0,0.0,1.0,market_maker,3.0,20280904,20280904/ghp1
h04ar64h,70gpk2i9,2ce19f6d-4922-4de6-ac0b-8d035ec7b0e0,c84dee0b-3d35-4508-a3a9-6cea9b1e4581,1,ghp,12,5310.0,3800.0,10.0,0.0,8.0,3.0,4718.140000000003,0.0,5110.0,1.0,8.0,-0.19999999999999996,4,0,24.0,1.0,1.0,0,1,1,2,0.0,1.0,-1.0,1.0,1.0,1.0,0.0,8.0,7.94125,-24.05875,24.05875,7.93,7.94,7.96,7.93,32,7.88,7.88,7.95,0.006345177664974555,0.7518359375,0.37591796875,0.0025188930194839365,-0.37609375,0,0,-0.7518359375,0,0,0.0,4574.14,4574.14,-185.85999999999967,7.962000000000001,0.0005937499999999901,0.25,-0.25,0.09898424369747899,0.0,0.0,1.0,0.0,1.0,market_maker,1.0,20280904,20280904/ghp1
h04ar64h,70gpk2i9,2ce19f6d-4922-4de6-ac0b-8d035ec7b0e0,c84dee0b-3d35-4508-a3a9-6cea9b1e4581,1,ghp,13,5310.0,3800.0,10.0,8.0,,,4718.150000000003,0.0,5110.0,1.0,8.0,-0.19999999999999996,4,0,24.0,1.0,1.0,0,1,1,2,1.0,1.0,0.0,4.0,2.0,0.0,1.0,5.0,7.962000000000001,-16.038,16.038,7.95,7.95,7.99,7.94,24,7.93,7.88,9.83,0.0025220680958386588,0.66825,0.25059375,0.2122670054928344,-0.25078125,0,0,-0.66825,0,0,0.0,4574.15,4574.15,-185.85000000000036,9.472727272727273,,,,0.09973167600373485,0.0,0.0,1.0,0.0,1.0,market_maker,2.0,20280904,20280904/ghp1
h04ar64h,70gpk2i9,2ce19f6d-4922-4de6-ac0b-8d035ec7b0e0,c84dee0b-3d35-4508-a3a9-6cea9b1e4581,1,ghp,14,5310.0,3800.0,10.0,4.0,,,4718.150000000003,0.0,5110.0,1.0,8.0,-0.19999999999999996,4,0,24.0,1.0,1.0,0,1,1,2,0.0,0.0,0.0,0.0,0.0,,,11.0,9.472727272727273,-6.527272727272727,6.527272727272727,9.83,8.81,10.0,8.0,16,7.95,7.93,9.97,0.2364779874213836,0.40795454545454546,0.10198863636363636,0.014141649814671808,-0.09640625,0,0,-0.40795454545454546,0,0,0.0,4574.15,4574.15,-125.85000000000036,9.917,,,,0.09082423167848698,0.0,0.0,1.0,0.0,1.0,market_maker,0.0,20280904,20280904/ghp1
h04ar64h,70gpk2i9,2ce19f6d-4922-4de6-ac0b-8d035ec7b0e0,c84dee0b-3d35-4508-a3a9-6cea9b1e4581,1,ghp,15,5310.0,3800.0,10.0,4.0,,,4718.150000000003,0.0,5110.0,1.0,8.0,-0.19999999999999996,4,0,24.0,1.0,1.0,0,1,1,2,0.0,0.0,0.0,0.0,0.0,,,10.0,9.917,1.9170000000000003,1.9170000000000003,9.97,9.84,9.99,9.5,8,9.83,7.95,,0.014242115971515812,0.23962500000000003,0.029953125000000004,,0.03078125000000001,0,0,0.23962499999999998,0,0,0.0,4574.15,4574.15,-65.85000000000036,,,,,0.08602562260536396,0.0,0.0,1.0,0.0,1.0,market_maker,0.0,20280904,20280904/ghp1
h04ar64h,mcswnxs6,2ce19f6d-4922-4de6-ac0b-8d035ec7b0e0,d6c06251-f749-461f-8865-cd3f41dc17a6,1,ghp,1,5861.0,2600.0,20.0,4.0,,,2616.6000000000004,20.0,5771.0,0.4166666666666667,4.0,-0.016666666666666663,3,0,19.0,1.0,0.0,1,1,1,2,0.0,2.0,-2.0,4.0,1.0,1.0,0.0,9.0,7.711111111111112,-112.28888888888889,112.28888888888889,7.4,10.0,10.0,6.5,120,,,7.5,,0.9357407407407408,1.754513888888889,0.013423020332140378,-1.759375,0,0,-0.9357407407407408,0,0,18.0,2688.6,4704.6,-235.39999999999964,8.128571428571428,,,,0.024578272604588388,0.5,0.5,0.0,0.0,1.0,market_maker,2.0,20280904,20280904/ghp1
h04ar64h,mcswnxs6,2ce19f6d-4922-4de6-ac0b-8d035ec7b0e0,d6c06251-f749-461f-8865-cd3f41dc17a6,1,ghp,2,5861.0,2600.0,20.0,20.0,,,2707.5,18.0,5771.0,0.4166666666666667,4.0,-0.016666666666666663,3,0,19.0,1.0,0.0,1,1,1,2,2.0,3.0,-1.0,5.0,2.0,0.2,0.8,14.0,8.128571428571428,-103.87142857142858,103.87142857142858,7.5,10.1,10.1,7.3,112,7.4,,7.89,0.013513513513513375,0.9274234693877552,1.6229910714285716,0.05069311431551826,-1.6328125,0,0,-0.9274234693877551,0,0,17.0,3039.5,4807.5,-312.5,7.897692307692308,,,,0.04342936197916666,0.5,0.5,0.0,0.0,1.0,market_maker,5.0,20280904,20280904/ghp1
h04ar64h,mcswnxs6,2ce19f6d-4922-4de6-ac0b-8d035ec7b0e0,d6c06251-f749-461f-8865-cd3f41dc17a6,1,ghp,3,5861.0,2600.0,20.0,0.0,8.0,5.0,3043.65,22.0,5771.0,0.4166666666666667,4.0,-0.016666666666666663,3,0,19.0,1.0,0.0,1,1,1,2,3.0,0.0,3.0,5.0,3.0,1.0,0.0,13.0,7.897692307692308,-96.10230769230769,96.10230769230769,7.89,7.9,8.0,7.8,104,7.5,7.4,7.89,0.052000000000000046,0.9240606508875739,1.5015985576923077,0.0,-1.50171875,0,0,-0.9240606508875739,0,0,20.0,3015.6499999999996,4935.65,-64.35000000000036,7.887222222222222,0.0017621527777777757,1.375,-1.375,0.056980555555555576,0.5,0.5,0.0,0.0,1.0,market_maker,3.0,20280904,20280904/ghp1
h04ar64h,mcswnxs6,2ce19f6d-4922-4de6-ac0b-8d035ec7b0e0,d6c06251-f749-461f-8865-cd3f41dc17a6,1,ghp,4,5861.0,2600.0,20.0,0.0,,,3051.54,19.0,5771.0,0.4166666666666667,4.0,-0.016666666666666663,3,0,19.0,1.0,0.0,1,1,1,2,0.0,1.0,-1.0,4.0,3.0,1.0,0.0,18.0,7.887222222222222,-88.11277777777778,88.11277777777778,7.89,7.88,7.89,7.88,96,7.89,7.5,7.86,0.0,0.9178414351851852,1.3767621527777778,-0.003809528416667707,-1.37671875,0,0,-0.9178414351851852,0,0,19.0,3023.54,4695.54,-184.46000000000004,7.8776190476190475,,,,0.027600182149362485,0.5,0.5,0.0,0.0,1.0,market_maker,1.0,20280904,20280904/ghp1
h04ar64h,mcswnxs6,2ce19f6d-4922-4de6-ac0b-8d035ec7b0e0,d6c06251-f749-461f-8865-cd3f41dc17a6,1,ghp,5,5861.0,2600.0,20.0,8.0,,,3083.04,16.0,5771.0,0.4166666666666667,4.0,-0.016666666666666663,3,0,19.0,1.0,0.0,1,1,1,2,0.0,4.0,-4.0,1.0,1.0,1.0,0.0,21.0,7.8776190476190475,-80.12238095238095,80.12238095238095,7.86,7.89,7.9,7.85,88,7.89,7.89,7.82,-0.0038022813688212143,0.9104816017316018,1.2519122023809524,-0.005102051883895342,-1.2521875,0,0,-0.9104816017316018,0,0,15.0,3175.04,4375.04,-504.96000000000004,7.843125000000001,,,,0.03690960837887067,0.5,0.5,0.0,0.0,1.0,market_maker,4.0,20280904,20280904/ghp1
h04ar64h,mcswnxs6,2ce19f6d-4922-4de6-ac0b-8d035ec7b0e0,d6c06251-f749-461f-8865-cd3f41dc17a6,1,ghp,6,5861.0,2600.0,20.0,4.0,8.0,4.0,3203.2299999999996,16.0,5771.0,0.4166666666666667,4.0,-0.016666666666666663,3,0,19.0,1.0,0.0,1,1,1,2,2.0,1.0,1.0,3.0,3.0,0.3333333333333333,0.6666666666666667,16.0,7.843125000000001,-72.156875,72.156875,7.82,7.85,7.87,7.8,80,7.86,7.89,7.83,-0.0050890585241730735,0.9019609375,1.127451171875,0.0012779554454920294,-1.1278125,0,0,-0.9019609375,0,0,16.0,3231.23,4383.23,-436.77000000000044,7.829090909090909,0.0026704545454545453,1.0,-1.0,0.06352166897187646,0.5,0.5,0.0,0.0,1.0,market_maker,3.0,20280904,20280904/ghp1
h04ar64h,mcswnxs6,2ce19f6d-4922-4de6-ac0b-8d035ec7b0e0,d6c06251-f749-461f-8865-cd3f41dc17a6,1,ghp,7,5861.0,2600.0,20.0,4.0,,,3290.6999999999994,15.0,5771.0,0.4166666666666667,4.0,-0.016666666666666663,3,0,19.0,1.0,0.0,1,1,1,2,0.0,3.0,-3.0,7.0,4.0,1.0,0.0,11.0,7.829090909090909,-64.17090909090909,64.17090909090909,7.83,7.81,7.85,7.81,72,7.82,7.86,7.83,0.0012787723785165905,0.8912626262626263,1.0026704545454546,0.0,-1.00265625,0,0,-0.8912626262626263,0,0,13.0,3306.7,4138.7,-621.3000000000002,7.838095238095238,,,,0.079234477124183,0.5,0.5,0.0,0.0,1.0,market_maker,3.0,20280904,20280904/ghp1
h04ar64h,mcswnxs6,2ce19f6d-4922-4de6-ac0b-8d035ec7b0e0,d6c06251-f749-461f-8865-cd3f41dc17a6,1,ghp,8,5861.0,2600.0,20.0,4.0,,,3405.54,8.0,5771.0,0.4166666666666667,4.0,-0.016666666666666663,3,0,19.0,1.0,0.0,1,1,1,2,1.0,8.0,-7.0,10.0,1.0,0.7777777777777778,0.2222222222222222,21.0,7.838095238095238,-56.16190476190476,56.16190476190476,7.83,7.84,7.86,7.82,64,7.83,7.82,7.85,0.0,0.8775297619047618,0.8775297619047618,0.002551021791604935,-0.87765625,0,0,-0.877529761904762,0,0,6.0,3385.54,3721.54,-978.46,7.838148148148148,,,,0.07582813238770685,0.5,0.5,0.0,0.0,1.0,market_maker,9.0,20280904,20280904/ghp1
h04ar64h,mcswnxs6,2ce19f6d-4922-4de6-ac0b-8d035ec7b0e0,d6c06251-f749-461f-8865-cd3f41dc17a6,1,ghp,9,5861.0,2600.0,20.0,20.0,7.0,4.0,3484.57,0.0,5771.0,0.4166666666666667,4.0,-0.016666666666666663,3,0,19.0,1.0,0.0,1,1,1,2,0.0,6.0,-6.0,5.0,2.0,1.0,0.0,27.0,7.838148148148148,-48.16185185185185,48.16185185185185,7.85,7.82,7.86,7.82,56,7.83,7.83,7.88,0.0025542784163472554,0.8600330687830687,0.7525289351851852,0.003814372075471084,-0.75234375,0,0,-0.8600330687830687,0,0,0.0,3432.5699999999997,3432.5699999999997,-1447.4300000000003,7.853636363636364,0.013338068181818194,0.640625,-0.640625,0.08892736794171222,0.5,0.5,0.0,0.0,1.0,market_maker,6.0,20280904,20280904/ghp1
h04ar64h,mcswnxs6,2ce19f6d-4922-4de6-ac0b-8d035ec7b0e0,d6c06251-f749-461f-8865-cd3f41dc17a6,1,ghp,10,5861.0,2600.0,20.0,8.0,,,3484.59,0.0,5771.0,0.4166666666666667,4.0,-0.016666666666666663,3,0,19.0,1.0,0.0,1,1,1,2,1.0,1.0,0.0,4.0,3.0,0.0,1.0,33.0,7.853636363636364,-40.14636363636363,40.14636363636363,7.88,7.84,7.88,7.84,48,7.85,7.83,7.88,0.003821656050955413,0.8363825757575757,0.6272869318181817,0.0,-0.626875,0,0,-0.8363825757575758,0,0,0.0,3432.59,3432.59,-1447.4099999999999,7.889,,,,0.11257559198542806,0.5,0.5,0.0,0.0,1.0,market_maker,2.0,20280904,20280904/ghp1
h04ar64h,mcswnxs6,2ce19f6d-4922-4de6-ac0b-8d035ec7b0e0,d6c06251-f749-461f-8865-cd3f41dc17a6,1,ghp,11,5861.0,2600.0,20.0,8.0,,,3468.84,2.0,5771.0,0.4166666666666667,4.0,-0.016666666666666663,3,0,19.0,1.0,0.0,1,1,1,2,2.0,0.0,2.0,3.0,1.0,1.0,0.0,10.0,7.889,-32.111000000000004,32.111000000000004,7.88,7.88,7.92,7.87,40,7.88,7.85,7.93,0.0,0.8027750000000001,0.5017343750000001,0.0063251317769688065,-0.501875,0,0,-0.8027749999999999,0,0,2.0,3432.84,3496.84,-1383.1599999999999,7.94125,,,,0.11294171220400732,0.5,0.5,0.0,0.0,1.0,market_maker,2.0,20280904,20280904/ghp1
h04ar64h,mcswnxs6,2ce19f6d-4922-4de6-ac0b-8d035ec7b0e0,d6c06251-f749-461f-8865-cd3f41dc17a6,1,ghp,12,5861.0,2600.0,20.0,0.0,9.0,3.0,3500.72,0.0,5771.0,0.4166666666666667,4.0,-0.016666666666666663,3,0,19.0,1.0,0.0,1,1,1,2,0.0,2.0,-2.0,3.0,2.0,1.0,0.0,8.0,7.94125,-24.05875,24.05875,7.93,7.94,7.96,7.93,32,7.88,7.88,7.95,0.006345177664974555,0.7518359375,0.37591796875,0.0025188930194839365,-0.37609375,0,0,-0.7518359375,0,0,0.0,3448.7200000000003,3448.7200000000003,-1311.2799999999997,7.962000000000001,0.01621874999999999,0.234375,-0.234375,0.09898424369747899,0.5,0.5,0.0,0.0,1.0,market_maker,2.0,20280904,20280904/ghp1
h04ar64h,mcswnxs6,2ce19f6d-4922-4de6-ac0b-8d035ec7b0e0,d6c06251-f749-461f-8865-cd3f41dc17a6,1,ghp,13,5861.0,2600.0,20.0,8.0,,,3500.72,0.0,5771.0,0.4166666666666667,4.0,-0.016666666666666663,3,0,19.0,1.0,0.0,1,1,1,2,0.0,0.0,0.0,3.0,3.0,,,5.0,7.962000000000001,-16.038,16.038,7.95,7.95,7.99,7.94,24,7.93,7.88,9.83,0.0025220680958386588,0.66825,0.25059375,0.2122670054928344,-0.25078125,0,0,-0.66825,0,0,0.0,3448.7200000000003,3448.7200000000003,-1311.2799999999997,9.472727272727273,,,,0.09973167600373485,0.5,0.5,0.0,0.0,1.0,market_maker,0.0,20280904,20280904/ghp1
h04ar64h,mcswnxs6,2ce19f6d-4922-4de6-ac0b-8d035ec7b0e0,d6c06251-f749-461f-8865-cd3f41dc17a6,1,ghp,14,5861.0,2600.0,20.0,4.0,,,3471.03,3.0,5771.0,0.4166666666666667,4.0,-0.016666666666666663,3,0,19.0,1.0,0.0,1,1,1,2,3.0,0.0,3.0,3.0,2.0,1.0,0.0,11.0,9.472727272727273,-6.527272727272727,6.527272727272727,9.83,8.81,10.0,8.0,16,7.95,7.93,9.97,0.2364779874213836,0.40795454545454546,0.10198863636363636,0.014141649814671808,-0.09640625,0,0,-0.40795454545454546,0,0,3.0,3431.03,3455.03,-1244.9699999999998,9.917,,,,0.09082423167848698,0.5,0.5,0.0,0.0,1.0,market_maker,3.0,20280904,20280904/ghp1
h04ar64h,mcswnxs6,2ce19f6d-4922-4de6-ac0b-8d035ec7b0e0,d6c06251-f749-461f-8865-cd3f41dc17a6,1,ghp,15,5861.0,2600.0,20.0,4.0,,,3433.61,8.0,5771.0,0.4166666666666667,4.0,-0.016666666666666663,3,0,19.0,1.0,0.0,1,1,1,2,5.0,0.0,5.0,7.0,1.0,1.0,0.0,10.0,9.917,1.9170000000000003,1.9170000000000003,9.97,9.84,9.99,9.5,8,9.83,7.95,,0.014242115971515812,0.23962500000000003,0.029953125000000004,,0.03078125000000001,0,0,0.23962499999999998,0,0,8.0,3413.61,3413.61,-1226.3899999999999,,,,,0.08602562260536396,0.5,0.5,0.0,0.0,1.0,market_maker,5.0,20280904,20280904/ghp1
h04ar64h,sm0ry4ut,2ce19f6d-4922-4de6-ac0b-8d035ec7b0e0,eb9b2345-6224-45eb-80c2-d58eaf9a8b9b,1,ghp,1,5513.0,2600.0,20.0,4.0,,,2577.7,23.0,5473.0,0.3333333333333333,2.0,-0.1333333333333333,4,0,20.0,0.0,0.0,1,1,1,2,3.0,0.0,3.0,4.0,0.0,1.0,0.0,9.0,7.711111111111112,-112.28888888888889,112.28888888888889,7.4,10.0,10.0,6.5,120,,,7.5,,0.9357407407407408,1.754513888888889,0.013423020332140378,-1.759375,0,0,-0.9357407407407408,0,0,23.0,2669.7,5245.7,305.6999999999998,8.128571428571428,,,,0.024578272604588388,0.0,0.0,1.0,0.0,1.0,market_maker,3.0,20280904,20280904/ghp1
h04ar64h,sm0ry4ut,2ce19f6d-4922-4de6-ac0b-8d035ec7b0e0,eb9b2345-6224-45eb-80c2-d58eaf9a8b9b,1,ghp,2,5513.0,2600.0,20.0,20.0,,,2667.4,23.0,5473.0,0.3333333333333333,2.0,-0.1333333333333333,4,0,20.0,0.0,0.0,1,1,1,2,2.0,2.0,0.0,1.0,0.0,0.0,1.0,14.0,8.128571428571428,-103.87142857142858,103.87142857142858,7.5,10.1,10.1,7.3,112,7.4,,7.89,0.013513513513513375,0.9274234693877552,1.6229910714285716,0.05069311431551826,-1.6328125,0,0,-0.9274234693877551,0,0,23.0,3127.3999999999996,5519.4,399.39999999999964,7.897692307692308,,,,0.04342936197916666,0.0,0.0,1.0,0.0,1.0,market_maker,4.0,20280904,20280904/ghp1
h04ar64h,sm0ry4ut,2ce19f6d-4922-4de6-ac0b-8d035ec7b0e0,eb9b2345-6224-45eb-80c2-d58eaf9a8b9b,1,ghp,3,5513.0,2600.0,20.0,0.0,0.0,0.0,3103.76,29.0,5473.0,0.3333333333333333,2.0,-0.1333333333333333,4,0,20.0,0.0,0.0,1,1,1,2,3.0,0.0,3.0,4.0,2.0,1.0,0.0,13.0,7.897692307692308,-96.10230769230769,96.10230769230769,7.89,7.9,8.0,7.8,104,7.5,7.4,7.89,0.052000000000000046,0.9240606508875739,1.5015985576923077,0.0,-1.50171875,0,0,-0.9240606508875739,0,0,26.0,3103.7599999999998,5599.76,599.7600000000002,7.887222222222222,0.12323784722222222,1.5,-1.5,0.056980555555555576,0.0,0.0,1.0,0.0,1.0,market_maker,3.0,20280904,20280904/ghp1
h04ar64h,sm0ry4ut,2ce19f6d-4922-4de6-ac0b-8d035ec7b0e0,eb9b2345-6224-45eb-80c2-d58eaf9a8b9b,1,ghp,4,5513.0,2600.0,20.0,0.0,,,3143.19,21.0,5473.0,0.3333333333333333,2.0,-0.1333333333333333,4,0,20.0,0.0,0.0,1,1,1,2,1.0,6.0,-5.0,5.0,0.0,0.7142857142857143,0.2857142857142857,18.0,7.887222222222222,-88.11277777777778,88.11277777777778,7.89,7.88,7.89,7.88,96,7.89,7.5,7.86,0.0,0.9178414351851852,1.3767621527777778,-0.003809528416667707,-1.37671875,0,0,-0.9178414351851852,0,0,21.0,3143.19,4991.1900000000005,111.19000000000051,7.8776190476190475,,,,0.027600182149362485,0.0,0.0,1.0,0.0,1.0,market_maker,7.0,20280904,20280904/ghp1
h04ar64h,sm0ry4ut,2ce19f6d-4922-4de6-ac0b-8d035ec7b0e0,eb9b2345-6224-45eb-80c2-d58eaf9a8b9b,1,ghp,5,5513.0,2600.0,20.0,8.0,,,3143.22,24.0,5473.0,0.3333333333333333,2.0,-0.1333333333333333,4,0,20.0,0.0,0.0,1,1,1,2,3.0,3.0,0.0,5.0,0.0,0.0,1.0,21.0,7.8776190476190475,-80.12238095238095,80.12238095238095,7.86,7.89,7.9,7.85,88,7.89,7.89,7.82,-0.0038022813688212143,0.9104816017316018,1.2519122023809524,-0.005102051883895342,-1.2521875,0,0,-0.9104816017316018,0,0,21.0,3311.22,4991.219999999999,111.21999999999935,7.843125000000001,,,,0.03690960837887067,0.0,0.0,1.0,0.0,1.0,market_maker,6.0,20280904,20280904/ghp1
h04ar64h,sm0ry4ut,2ce19f6d-4922-4de6-ac0b-8d035ec7b0e0,eb9b2345-6224-45eb-80c2-d58eaf9a8b9b,1,ghp,6,5513.0,2600.0,20.0,4.0,0.0,0.0,3335.21,23.0,5473.0,0.3333333333333333,2.0,-0.1333333333333333,4,0,20.0,0.0,0.0,1,1,1,2,1.0,1.0,0.0,4.0,1.0,0.0,1.0,16.0,7.843125000000001,-72.156875,72.156875,7.82,7.85,7.87,7.8,80,7.86,7.89,7.83,-0.0050890585241730735,0.9019609375,1.127451171875,0.0012779554454920294,-1.1278125,0,0,-0.9019609375,0,0,21.0,3395.21,4907.21,87.21000000000004,7.829090909090909,0.12232954545454545,1.125,-1.125,0.06352166897187646,0.0,0.0,1.0,0.0,1.0,market_maker,2.0,20280904,20280904/ghp1
h04ar64h,sm0ry4ut,2ce19f6d-4922-4de6-ac0b-8d035ec7b0e0,eb9b2345-6224-45eb-80c2-d58eaf9a8b9b,1,ghp,7,5513.0,2600.0,20.0,4.0,,,3419.36,23.0,5473.0,0.3333333333333333,2.0,-0.1333333333333333,4,0,20.0,0.0,0.0,1,1,1,2,2.0,1.0,1.0,4.0,1.0,0.3333333333333333,0.6666666666666667,11.0,7.829090909090909,-64.17090909090909,64.17090909090909,7.83,7.81,7.85,7.81,72,7.82,7.86,7.83,0.0012787723785165905,0.8912626262626263,1.0026704545454546,0.0,-1.00265625,0,0,-0.8912626262626263,0,0,22.0,3475.36,4883.360000000001,123.36000000000058,7.838095238095238,,,,0.079234477124183,0.0,0.0,1.0,0.0,1.0,market_maker,3.0,20280904,20280904/ghp1
h04ar64h,sm0ry4ut,2ce19f6d-4922-4de6-ac0b-8d035ec7b0e0,eb9b2345-6224-45eb-80c2-d58eaf9a8b9b,1,ghp,8,5513.0,2600.0,20.0,4.0,,,3511.38,22.0,5473.0,0.3333333333333333,2.0,-0.1333333333333333,4,0,20.0,0.0,0.0,1,1,1,2,2.0,2.0,0.0,0.0,0.0,0.0,1.0,21.0,7.838095238095238,-56.16190476190476,56.16190476190476,7.83,7.84,7.86,7.82,64,7.83,7.82,7.85,0.0,0.8775297619047618,0.8775297619047618,0.002551021791604935,-0.87765625,0,0,-0.877529761904762,0,0,22.0,3563.38,4795.38,95.38000000000011,7.838148148148148,,,,0.07582813238770685,0.0,0.0,1.0,0.0,1.0,market_maker,4.0,20280904,20280904/ghp1
h04ar64h,sm0ry4ut,2ce19f6d-4922-4de6-ac0b-8d035ec7b0e0,eb9b2345-6224-45eb-80c2-d58eaf9a8b9b,1,ghp,9,5513.0,2600.0,20.0,20.0,0.0,0.0,3560.2,27.0,5473.0,0.3333333333333333,2.0,-0.1333333333333333,4,0,20.0,0.0,0.0,1,1,1,2,5.0,0.0,5.0,4.0,0.0,1.0,0.0,27.0,7.838148148148148,-48.16185185185185,48.16185185185185,7.85,7.82,7.86,7.82,56,7.83,7.83,7.88,0.0025542784163472554,0.8600330687830687,0.7525289351851852,0.003814372075471084,-0.75234375,0,0,-0.8600330687830687,0,0,27.0,4064.2000000000003,5360.200000000001,480.2000000000007,7.853636363636364,0.1227130681818182,0.75,-0.75,0.08892736794171222,0.0,0.0,1.0,0.0,1.0,market_maker,5.0,20280904,20280904/ghp1
h04ar64h,sm0ry4ut,2ce19f6d-4922-4de6-ac0b-8d035ec7b0e0,eb9b2345-6224-45eb-80c2-d58eaf9a8b9b,1,ghp,10,5513.0,2600.0,20.0,8.0,,,4108.09,26.0,5473.0,0.3333333333333333,2.0,-0.1333333333333333,4,0,20.0,0.0,0.0,1,1,1,2,1.0,2.0,-1.0,2.0,0.0,0.3333333333333333,0.6666666666666667,33.0,7.853636363636364,-40.14636363636363,40.14636363636363,7.88,7.84,7.88,7.84,48,7.85,7.83,7.88,0.003821656050955413,0.8363825757575757,0.6272869318181817,0.0,-0.626875,0,0,-0.8363825757575758,0,0,26.0,4280.09,5320.09,440.09000000000015,7.889,,,,0.11257559198542806,0.0,0.0,1.0,0.0,1.0,market_maker,3.0,20280904,20280904/ghp1
h04ar64h,sm0ry4ut,2ce19f6d-4922-4de6-ac0b-8d035ec7b0e0,eb9b2345-6224-45eb-80c2-d58eaf9a8b9b,1,ghp,11,5513.0,2600.0,20.0,8.0,,,4347.6900000000005,23.0,5473.0,0.3333333333333333,2.0,-0.1333333333333333,4,0,20.0,0.0,0.0,1,1,1,2,0.0,4.0,-4.0,4.0,1.0,1.0,0.0,10.0,7.889,-32.111000000000004,32.111000000000004,7.88,7.88,7.92,7.87,40,7.88,7.85,7.93,0.0,0.8027750000000001,0.5017343750000001,0.0063251317769688065,-0.501875,0,0,-0.8027749999999999,0,0,22.0,4487.6900000000005,5191.6900000000005,311.6900000000005,7.94125,,,,0.11294171220400732,0.0,0.0,1.0,0.0,1.0,market_maker,4.0,20280904,20280904/ghp1
h04ar64h,sm0ry4ut,2ce19f6d-4922-4de6-ac0b-8d035ec7b0e0,eb9b2345-6224-45eb-80c2-d58eaf9a8b9b,1,ghp,12,5513.0,2600.0,20.0,0.0,0.0,0.0,4523.730000000001,23.0,5473.0,0.3333333333333333,2.0,-0.1333333333333333,4,0,20.0,0.0,0.0,1,1,1,2,3.0,2.0,1.0,2.0,0.0,0.2,0.8,8.0,7.94125,-24.05875,24.05875,7.93,7.94,7.96,7.93,32,7.88,7.88,7.95,0.006345177664974555,0.7518359375,0.37591796875,0.0025188930194839365,-0.37609375,0,0,-0.7518359375,0,0,23.0,4479.73,5031.73,271.72999999999956,7.962000000000001,0.12440625000000001,0.375,-0.375,0.09898424369747899,0.0,0.0,1.0,0.0,1.0,market_maker,5.0,20280904,20280904/ghp1
h04ar64h,sm0ry4ut,2ce19f6d-4922-4de6-ac0b-8d035ec7b0e0,eb9b2345-6224-45eb-80c2-d58eaf9a8b9b,1,ghp,13,5513.0,2600.0,20.0,8.0,,,4523.720000000001,23.0,5473.0,0.3333333333333333,2.0,-0.1333333333333333,4,0,20.0,0.0,0.0,1,1,1,2,1.0,1.0,0.0,3.0,1.0,0.0,1.0,5.0,7.962000000000001,-16.038,16.038,7.95,7.95,7.99,7.94,24,7.93,7.88,9.83,0.0025220680958386588,0.66825,0.25059375,0.2122670054928344,-0.25078125,0,0,-0.66825,0,0,23.0,4663.72,5031.72,271.72000000000025,9.472727272727273,,,,0.09973167600373485,0.0,0.0,1.0,0.0,1.0,market_maker,2.0,20280904,20280904/ghp1
h04ar64h,sm0ry4ut,2ce19f6d-4922-4de6-ac0b-8d035ec7b0e0,eb9b2345-6224-45eb-80c2-d58eaf9a8b9b,1,ghp,14,5513.0,2600.0,20.0,4.0,,,4732.330000000002,21.0,5473.0,0.3333333333333333,2.0,-0.1333333333333333,4,0,20.0,0.0,0.0,1,1,1,2,2.0,5.0,-3.0,4.0,1.0,0.42857142857142855,0.5714285714285714,11.0,9.472727272727273,-6.527272727272727,6.527272727272727,9.83,8.81,10.0,8.0,16,7.95,7.93,9.97,0.2364779874213836,0.40795454545454546,0.10198863636363636,0.014141649814671808,-0.09640625,0,0,-0.40795454545454546,0,0,20.0,4768.33,4928.33,228.32999999999993,9.917,,,,0.09082423167848698,0.0,0.0,1.0,0.0,1.0,market_maker,7.0,20280904,20280904/ghp1
h04ar64h,sm0ry4ut,2ce19f6d-4922-4de6-ac0b-8d035ec7b0e0,eb9b2345-6224-45eb-80c2-d58eaf9a8b9b,1,ghp,15,5513.0,2600.0,20.0,4.0,,,4825.700000000002,19.0,5473.0,0.3333333333333333,2.0,-0.1333333333333333,4,0,20.0,0.0,0.0,1,1,1,2,1.0,2.0,-1.0,3.0,0.0,0.3333333333333333,0.6666666666666667,10.0,9.917,1.9170000000000003,1.9170000000000003,9.97,9.84,9.99,9.5,8,9.83,7.95,,0.014242115971515812,0.23962500000000003,0.029953125000000004,,0.03078125000000001,0,0,0.23962499999999998,0,0,19.0,4853.7,4853.7,213.69999999999982,,,,,0.08602562260536396,0.0,0.0,1.0,0.0,1.0,market_maker,3.0,20280904,20280904/ghp1
h04ar64h,ypfasl0o,516b8be6-962e-4782-902a-b93434cfb6fc,5133e66f-7d86-45a4-ba8b-2e5fbc5a5f0e,1,ghp,1,4209.0,3800.0,10.0,4.0,,,4199.38,15.0,4089.0,0.8333333333333334,5.0,-0.33333333333333337,2,0,22.0,0.0,1.0,1,1,1,2,0.0,2.0,-2.0,13.0,11.0,1.0,0.0,2.0,199.69,79.69,79.69,199.69,199.69,199.69,199.69,120,,,216.77,,0.6640833333333334,1.24515625,0.082070719551532,1.24515625,0,0,0.6640833333333334,0,0,8.0,4231.38,5127.38,187.3800000000001,212.210625,,,,0.010086594691857857,0.5,0.0,0.5,0.0,0.0,feedback,2.0,20280904,20280904/ghp2
h04ar64h,ypfasl0o,516b8be6-962e-4782-902a-b93434cfb6fc,5133e66f-7d86-45a4-ba8b-2e5fbc5a5f0e,1,ghp,2,4209.0,3800.0,10.0,20.0,,,6171.680000000002,0.0,4089.0,0.8333333333333334,5.0,-0.33333333333333337,2,0,22.0,0.0,1.0,1,1,1,2,0.0,9.0,-9.0,9.0,3.0,1.0,0.0,16.0,212.210625,100.210625,100.210625,216.77,208.82,216.77,208.82,112,199.69,,339.5,0.08553257549201265,0.8947377232142857,1.565791015625,0.448637063391919,1.6370312500000002,0,0,0.8947377232142857,0,0,-1.0,6123.68,6019.68,899.6800000000003,309.526,,,,0.0665705295138889,0.5,0.0,0.5,0.0,0.0,feedback,9.0,20280904,20280904/ghp2
h04ar64h,ypfasl0o,516b8be6-962e-4782-902a-b93434cfb6fc,5133e66f-7d86-45a4-ba8b-2e5fbc5a5f0e,1,ghp,3,4209.0,3800.0,10.0,0.0,320.0,4.0,6171.680000000002,0.0,4089.0,0.8333333333333334,5.0,-0.33333333333333337,2,0,22.0,0.0,1.0,1,1,1,2,0.0,0.0,0.0,1.0,1.0,,,5.0,309.526,205.526,205.526,339.5,278.13,350.0,278.13,104,216.77,199.69,363.16,0.5661761313834939,1.9762115384615386,3.21134375,0.06736956150480555,3.6796875,0,0,1.9762115384615386,0,0,-1.0,6123.68,6027.68,1027.6800000000003,358.0733333333333,,,,0.09464588888888888,0.5,0.0,0.5,0.0,0.0,feedback,0.0,20280904,20280904/ghp2
h04ar64h,ypfasl0o,516b8be6-962e-4782-902a-b93434cfb6fc,5133e66f-7d86-45a4-ba8b-2e5fbc5a5f0e,1,ghp,4,4209.0,3800.0,10.0,0.0,,,5810.620000000002,2.0,4089.0,0.8333333333333334,5.0,-0.33333333333333337,2,0,22.0,0.0,1.0,1,1,1,2,1.0,0.0,1.0,11.0,10.0,1.0,0.0,3.0,358.0733333333333,262.0733333333333,262.0733333333333,363.16,350.0,363.16,350.0,96,339.5,216.77,350.0,0.06969072164948464,2.7299305555555553,4.094895833333333,-0.03691035402009746,4.174375,0,0,2.7299305555555553,0,0,0.0,5762.62,5762.62,882.6199999999999,364.274,,,,0.11851331967213112,0.5,0.0,0.5,0.0,0.0,feedback,1.0,20280904,20280904/ghp2
h04ar64h,ypfasl0o,516b8be6-962e-4782-902a-b93434cfb6fc,5133e66f-7d86-45a4-ba8b-2e5fbc5a5f0e,1,ghp,5,4209.0,3800.0,10.0,8.0,,,5810.620000000002,2.0,4089.0,0.8333333333333334,5.0,-0.33333333333333337,2,0,22.0,0.0,1.0,1,1,1,2,0.0,0.0,0.0,5.0,4.0,,,5.0,364.274,276.274,276.274,350.0,365.46,370.25,350.0,88,363.16,339.5,360.0,-0.03623747108712416,3.1394772727272726,4.31678125,0.028170876966696845,4.09375,0,0,3.1394772727272726,0,0,0.0,5762.62,5762.62,882.6199999999999,367.275,,,,0.1405481557377049,0.5,0.0,0.5,0.0,0.0,feedback,0.0,20280904,20280904/ghp2
h04ar64h,ypfasl0o,516b8be6-962e-4782-902a-b93434cfb6fc,5133e66f-7d86-45a4-ba8b-2e5fbc5a5f0e,1,ghp,6,4209.0,3800.0,10.0,4.0,350.0,5.0,6176.620000000002,0.0,4089.0,0.8333333333333334,5.0,-0.33333333333333337,2,0,22.0,0.0,1.0,1,1,1,2,0.0,1.0,-1.0,5.0,4.0,1.0,0.0,4.0,367.275,287.275,287.275,360.0,350.0,380.0,350.0,80,350.0,363.16,354.98,0.02857142857142847,3.5909375,4.488671875,-0.014042581589955638,4.375,0,0,3.5909375,0,0,-1.0,6108.62,6036.62,1216.62,353.735,,,,0.1949971184877824,0.5,0.0,0.5,0.0,0.0,feedback,1.0,20280904,20280904/ghp2
h04ar64h,ypfasl0o,516b8be6-962e-4782-902a-b93434cfb6fc,5133e66f-7d86-45a4-ba8b-2e5fbc5a5f0e,1,ghp,7,4209.0,3800.0,10.0,4.0,,,5476.660000000002,4.0,4089.0,0.8333333333333334,5.0,-0.33333333333333337,2,0,22.0,0.0,1.0,1,1,1,2,2.0,0.0,2.0,5.0,2.0,1.0,0.0,4.0,353.735,281.735,281.735,354.98,360.0,360.0,349.98,72,360.0,350.0,350.0,-0.013944444444444426,3.9129861111111115,4.402109375,-0.014128295376741207,4.4215625,0,0,3.9129861111111115,0,0,1.0,5412.66,5476.66,716.6599999999999,352.488,,,,0.21411006069094304,0.5,0.0,0.5,0.0,0.0,feedback,2.0,20280904,20280904/ghp2
h04ar64h,ypfasl0o,516b8be6-962e-4782-902a-b93434cfb6fc,5133e66f-7d86-45a4-ba8b-2e5fbc5a5f0e,1,ghp,8,4209.0,3800.0,10.0,4.0,,,5847.640000000001,1.0,4089.0,0.8333333333333334,5.0,-0.33333333333333337,2,0,22.0,0.0,1.0,1,1,1,2,1.0,2.0,-1.0,2.0,1.0,0.3333333333333333,0.6666666666666667,5.0,352.488,288.488,288.488,350.0,354.98,357.48,349.98,64,354.98,360.0,321.83,-0.0140289593779932,4.507625,4.507625,-0.08390969866444653,4.46875,0,0,4.507625,1,1,0.0,5767.639999999999,5767.639999999999,1067.6399999999994,337.60166666666663,,,,0.24101572104018912,0.5,0.0,0.5,0.0,0.0,feedback,3.0,20280904,20280904/ghp2
h04ar64h,ypfasl0o,516b8be6-962e-4782-902a-b93434cfb6fc,5133e66f-7d86-45a4-ba8b-2e5fbc5a5f0e,1,ghp,9,4209.0,3800.0,10.0,20.0,320.0,4.0,4181.030000000001,12.0,4089.0,0.8333333333333334,5.0,-0.33333333333333337,2,0,22.0,0.0,1.0,1,1,1,2,5.0,0.0,5.0,10.0,6.0,1.0,0.0,6.0,337.60166666666663,281.60166666666663,281.60166666666663,321.83,355.0,355.0,321.83,56,350.0,354.98,50.0,-0.08048571428571438,5.02860119047619,4.400026041666666,-1.8620004503908665,4.15359375,0,0,5.02860119047619,1,0,5.0,4197.03,4437.03,-442.97000000000025,234.88400000000001,,,,0.23909061930783243,0.5,0.0,0.5,0.0,0.0,feedback,5.0,20280904,20280904/ghp2
h04ar64h,ypfasl0o,516b8be6-962e-4782-902a-b93434cfb6fc,5133e66f-7d86-45a4-ba8b-2e5fbc5a5f0e,1,ghp,10,4209.0,3800.0,10.0,8.0,,,3986.0300000000007,9.0,4089.0,0.8333333333333334,5.0,-0.33333333333333337,2,0,22.0,0.0,1.0,1,1,1,2,3.0,0.0,3.0,5.0,0.0,1.0,0.0,10.0,234.88400000000001,186.884,186.884,50.0,319.77,320.0,50.0,48,321.83,350.0,40.5,-0.8446384737283659,3.8934166666666665,2.9200625,-0.21072103131565267,0.03125,0,1,3.893416666666667,0,0,8.0,3826.0299999999997,4146.03,-733.9700000000003,44.166666666666664,,,,0.22365562386156645,0.5,0.0,0.5,0.0,0.0,feedback,3.0,20280904,20280904/ghp2
h04ar64h,ypfasl0o,516b8be6-962e-4782-902a-b93434cfb6fc,5133e66f-7d86-45a4-ba8b-2e5fbc5a5f0e,1,ghp,11,4209.0,3800.0,10.0,8.0,,,3966.0300000000007,20.0,4089.0,0.8333333333333334,5.0,-0.33333333333333337,2,0,22.0,0.0,1.0,1,1,1,2,2.0,0.0,2.0,12.0,12.0,1.0,0.0,3.0,44.166666666666664,4.166666666666667,4.166666666666667,40.5,47.0,47.0,40.5,40,50.0,321.83,53.0,-0.18999999999999995,0.10416666666666667,0.06510416666666667,0.2689899394396287,0.0078125,0,0,0.1041666666666666,0,0,10.0,3814.0299999999997,4134.03,-745.9700000000003,101.0,,,,0.22335963114754093,0.5,0.0,0.5,0.0,0.0,feedback,2.0,20280904,20280904/ghp2
h04ar64h,ypfasl0o,516b8be6-962e-4782-902a-b93434cfb6fc,5133e66f-7d86-45a4-ba8b-2e5fbc5a5f0e,1,ghp,12,4209.0,3800.0,10.0,0.0,85.0,3.0,3976.0300000000007,14.0,4089.0,0.8333333333333334,5.0,-0.33333333333333337,2,0,22.0,0.0,1.0,1,1,1,2,1.0,0.0,1.0,8.0,7.0,1.0,0.0,3.0,101.0,69.0,69.0,53.0,100.0,150.0,53.0,32,40.5,50.0,60.0,0.308641975308642,2.15625,1.078125,0.12405264866997845,0.328125,0,0,2.15625,0,0,11.0,3664.0299999999997,3928.0299999999997,-831.9700000000003,42.205882352941174,0.6686580882352942,0.953125,0.953125,0.23500128384687205,0.5,0.0,0.5,0.0,0.0,feedback,1.0,20280904,20280904/ghp2
h04ar64h,ypfasl0o,516b8be6-962e-4782-902a-b93434cfb6fc,5133e66f-7d86-45a4-ba8b-2e5fbc5a5f0e,1,ghp,13,4209.0,3800.0,10.0,8.0,,,3998.5300000000007,10.0,4089.0,0.8333333333333334,5.0,-0.33333333333333337,2,0,22.0,0.0,1.0,1,1,1,2,2.0,4.0,-2.0,8.0,4.0,0.3333333333333333,0.6666666666666667,17.0,42.205882352941174,18.205882352941178,18.852941176470587,60.0,22.5,60.0,20.0,24,53.0,40.5,150.0,0.13207547169811318,0.7855392156862745,0.2945772058823529,0.9162907318741551,0.5625,0,0,0.7585784313725489,0,0,9.0,3758.5299999999997,3902.5299999999997,-857.4700000000003,125.21428571428571,,,,0.2456805555555555,0.5,0.0,0.5,0.0,0.0,feedback,6.0,20280904,20280904/ghp2
h04ar64h,ypfasl0o,516b8be6-962e-4782-902a-b93434cfb6fc,5133e66f-7d86-45a4-ba8b-2e5fbc5a5f0e,1,ghp,14,4209.0,3800.0,10.0,4.0,,,4078.5300000000007,14.0,4089.0,0.8333333333333334,5.0,-0.33333333333333337,2,0,22.0,0.0,1.0,1,1,1,2,0.0,0.0,0.0,7.0,3.0,,,7.0,125.21428571428571,109.21428571428571,109.21428571428571,150.0,67.5,160.0,67.5,16,60.0,53.0,10.0,1.5,6.825892857142857,1.7064732142857142,-2.7080502011022096,2.09375,1,0,6.825892857142857,1,1,9.0,3794.5299999999997,3866.5299999999997,-833.4700000000003,59.666666666666664,,,,0.2838346335697399,0.5,0.0,0.5,0.0,0.0,feedback,0.0,20280904,20280904/ghp2
h04ar64h,ypfasl0o,516b8be6-962e-4782-902a-b93434cfb6fc,5133e66f-7d86-45a4-ba8b-2e5fbc5a5f0e,1,ghp,15,4209.0,3800.0,10.0,4.0,,,4024.5300000000007,16.0,4089.0,0.8333333333333334,5.0,-0.33333333333333337,2,0,22.0,0.0,1.0,1,1,1,2,2.0,0.0,2.0,8.0,1.0,1.0,0.0,3.0,59.666666666666664,51.666666666666664,51.666666666666664,10.0,100.0,100.0,10.0,8,150.0,60.0,,-0.9333333333333333,6.458333333333333,0.8072916666666666,,0.03125,0,1,6.458333333333333,1,0,11.0,3728.5299999999997,3728.5299999999997,-911.4700000000003,,,,,0.29825682471264364,0.5,0.0,0.5,0.0,0.0,feedback,2.0,20280904,20280904/ghp2
h04ar64h,j6legxhq,516b8be6-962e-4782-902a-b93434cfb6fc,59975844-525d-44e7-b7a4-b5679ef37949,1,ghp,1,5335.0,3800.0,10.0,4.0,,,3800.0,11.0,5255.0,0.6666666666666666,0.0,-0.6666666666666666,1,1,19.0,0.0,0.0,1,1,1,2,0.0,0.0,0.0,5.0,4.0,,,2.0,199.69,79.69,79.69,199.69,199.69,199.69,199.69,120,,,216.77,,0.6640833333333334,1.24515625,0.082070719551532,1.24515625,0,0,0.6640833333333334,0,0,10.0,3840.0,4960.0,20.0,212.210625,,,,0.010086594691857857,0.0,1.0,0.0,0.0,0.0,speculator,0.0,20280904,20280904/ghp2
h04ar64h,j6legxhq,516b8be6-962e-4782-902a-b93434cfb6fc,59975844-525d-44e7-b7a4-b5679ef37949,1,ghp,2,5335.0,3800.0,10.0,20.0,,,2996.6000000000004,14.0,5255.0,0.6666666666666666,0.0,-0.6666666666666666,1,1,19.0,0.0,0.0,1,1,1,2,4.0,0.0,4.0,12.0,11.0,1.0,0.0,16.0,212.210625,100.210625,100.210625,216.77,208.82,216.77,208.82,112,199.69,,339.5,0.08553257549201265,0.8947377232142857,1.565791015625,0.448637063391919,1.6370312500000002,0,0,0.8947377232142857,0,0,14.0,3272.6,4728.6,-391.39999999999964,309.526,,,,0.0665705295138889,0.0,1.0,0.0,0.0,0.0,speculator,4.0,20280904,20280904/ghp2
h04ar64h,j6legxhq,516b8be6-962e-4782-902a-b93434cfb6fc,59975844-525d-44e7-b7a4-b5679ef37949,1,ghp,3,5335.0,3800.0,10.0,0.0,8.0,2.0,3266.1000000000004,17.0,5255.0,0.6666666666666666,0.0,-0.6666666666666666,1,1,19.0,0.0,0.0,1,1,1,2,1.0,1.0,0.0,5.0,3.0,0.0,1.0,5.0,309.526,205.526,205.526,339.5,278.13,350.0,278.13,104,216.77,199.69,363.16,0.5661761313834939,1.9762115384615386,3.21134375,0.06736956150480555,3.6796875,0,0,1.9762115384615386,0,0,14.0,3262.1,4606.1,-393.89999999999964,358.0733333333333,5.469895833333333,1.375,-1.375,0.09464588888888888,0.0,1.0,0.0,0.0,0.0,speculator,2.0,20280904,20280904/ghp2
h04ar64h,j6legxhq,516b8be6-962e-4782-902a-b93434cfb6fc,59975844-525d-44e7-b7a4-b5679ef37949,1,ghp,4,5335.0,3800.0,10.0,0.0,,,2902.9400000000005,15.0,5255.0,0.6666666666666666,0.0,-0.6666666666666666,1,1,19.0,0.0,0.0,1,1,1,2,1.0,0.0,1.0,0.0,0.0,1.0,0.0,3.0,358.0733333333333,262.0733333333333,262.0733333333333,363.16,350.0,363.16,350.0,96,339.5,216.77,350.0,0.06969072164948464,2.7299305555555553,4.094895833333333,-0.03691035402009746,4.174375,0,0,2.7299305555555553,0,0,15.0,2898.94,4218.9400000000005,-661.0599999999995,364.274,,,,0.11851331967213112,0.0,1.0,0.0,0.0,0.0,speculator,1.0,20280904,20280904/ghp2
h04ar64h,j6legxhq,516b8be6-962e-4782-902a-b93434cfb6fc,59975844-525d-44e7-b7a4-b5679ef37949,1,ghp,5,5335.0,3800.0,10.0,8.0,,,3273.1900000000005,15.0,5255.0,0.6666666666666666,0.0,-0.6666666666666666,1,1,19.0,0.0,0.0,1,1,1,2,0.0,1.0,-1.0,2.0,1.0,1.0,0.0,5.0,364.274,276.274,276.274,350.0,365.46,370.25,350.0,88,363.16,339.5,360.0,-0.03623747108712416,3.1394772727272726,4.31678125,0.028170876966696845,4.09375,0,0,3.1394772727272726,0,0,14.0,3381.19,4501.1900000000005,-378.8099999999995,367.275,,,,0.1405481557377049,0.0,1.0,0.0,0.0,0.0,speculator,1.0,20280904,20280904/ghp2
h04ar64h,j6legxhq,516b8be6-962e-4782-902a-b93434cfb6fc,59975844-525d-44e7-b7a4-b5679ef37949,1,ghp,6,5335.0,3800.0,10.0,4.0,7.0,2.0,3772.29,13.0,5255.0,0.6666666666666666,0.0,-0.6666666666666666,1,1,19.0,0.0,0.0,1,1,1,2,0.0,1.0,-1.0,0.0,0.0,1.0,0.0,4.0,367.275,287.275,287.275,360.0,350.0,380.0,350.0,80,350.0,363.16,354.98,0.02857142857142847,3.5909375,4.488671875,-0.014042581589955638,4.375,0,0,3.5909375,0,0,13.0,3812.2900000000004,4748.290000000001,-71.70999999999913,353.735,5.417734375,1.015625,-1.015625,0.1949971184877824,0.0,1.0,0.0,0.0,0.0,speculator,1.0,20280904,20280904/ghp2
h04ar64h,j6legxhq,516b8be6-962e-4782-902a-b93434cfb6fc,59975844-525d-44e7-b7a4-b5679ef37949,1,ghp,7,5335.0,3800.0,10.0,4.0,,,4174.27,12.0,5255.0,0.6666666666666666,0.0,-0.6666666666666666,1,1,19.0,0.0,0.0,1,1,1,2,0.0,1.0,-1.0,0.0,0.0,1.0,0.0,4.0,353.735,281.735,281.735,354.98,360.0,360.0,349.98,72,360.0,350.0,350.0,-0.013944444444444426,3.9129861111111115,4.402109375,-0.014128295376741207,4.4215625,0,0,3.9129861111111115,0,0,12.0,4210.27,4978.27,218.27000000000044,352.488,,,,0.21411006069094304,0.0,1.0,0.0,0.0,0.0,speculator,1.0,20280904,20280904/ghp2
h04ar64h,j6legxhq,516b8be6-962e-4782-902a-b93434cfb6fc,59975844-525d-44e7-b7a4-b5679ef37949,1,ghp,8,5335.0,3800.0,10.0,4.0,,,4579.75,11.0,5255.0,0.6666666666666666,0.0,-0.6666666666666666,1,1,19.0,0.0,0.0,1,1,1,2,0.0,1.0,-1.0,0.0,0.0,1.0,0.0,5.0,352.488,288.488,288.488,350.0,354.98,357.48,349.98,64,354.98,360.0,321.83,-0.0140289593779932,4.507625,4.507625,-0.08390969866444653,4.46875,0,0,4.507625,1,1,11.0,4611.75,5227.75,527.75,337.60166666666663,,,,0.24101572104018912,0.0,1.0,0.0,0.0,0.0,speculator,1.0,20280904,20280904/ghp2
h04ar64h,j6legxhq,516b8be6-962e-4782-902a-b93434cfb6fc,59975844-525d-44e7-b7a4-b5679ef37949,1,ghp,9,5335.0,3800.0,10.0,20.0,8.0,3.0,4968.75,10.0,5255.0,0.6666666666666666,0.0,-0.6666666666666666,1,1,19.0,0.0,0.0,1,1,1,2,0.0,1.0,-1.0,0.0,0.0,1.0,0.0,6.0,337.60166666666663,281.60166666666663,281.60166666666663,321.83,355.0,355.0,321.83,56,350.0,354.98,50.0,-0.08048571428571438,5.02860119047619,4.400026041666666,-1.8620004503908665,4.15359375,0,0,5.02860119047619,1,0,10.0,5156.75,5636.75,756.75,234.88400000000001,3.5450625000000002,0.625,-0.625,0.23909061930783243,0.0,1.0,0.0,0.0,0.0,speculator,1.0,20280904,20280904/ghp2
h04ar64h,j6legxhq,516b8be6-962e-4782-902a-b93434cfb6fc,59975844-525d-44e7-b7a4-b5679ef37949,1,ghp,10,5335.0,3800.0,10.0,8.0,,,5168.75,10.0,5255.0,0.6666666666666666,0.0,-0.6666666666666666,1,1,19.0,0.0,0.0,1,1,1,2,0.0,0.0,0.0,0.0,0.0,,,10.0,234.88400000000001,186.884,186.884,50.0,319.77,320.0,50.0,48,321.83,350.0,40.5,-0.8446384737283659,3.8934166666666665,2.9200625,-0.21072103131565267,0.03125,0,1,3.893416666666667,0,0,10.0,5236.75,5636.75,756.75,44.166666666666664,,,,0.22365562386156645,0.0,1.0,0.0,0.0,0.0,speculator,0.0,20280904,20280904/ghp2
h04ar64h,j6legxhq,516b8be6-962e-4782-902a-b93434cfb6fc,59975844-525d-44e7-b7a4-b5679ef37949,1,ghp,11,5335.0,3800.0,10.0,8.0,,,5208.25,12.0,5255.0,0.6666666666666666,0.0,-0.6666666666666666,1,1,19.0,0.0,0.0,1,1,1,2,1.0,0.0,1.0,4.0,3.0,1.0,0.0,3.0,44.166666666666664,4.166666666666667,4.166666666666667,40.5,47.0,47.0,40.5,40,50.0,321.83,53.0,-0.18999999999999995,0.10416666666666667,0.06510416666666667,0.2689899394396287,0.0078125,0,0,0.1041666666666666,0,0,11.0,5284.25,5636.25,756.25,101.0,,,,0.22335963114754093,0.0,1.0,0.0,0.0,0.0,speculator,1.0,20280904,20280904/ghp2
h04ar64h,j6legxhq,516b8be6-962e-4782-902a-b93434cfb6fc,59975844-525d-44e7-b7a4-b5679ef37949,1,ghp,12,5335.0,3800.0,10.0,0.0,5.0,1.0,5351.25,13.0,5255.0,0.6666666666666666,0.0,-0.6666666666666666,1,1,19.0,0.0,0.0,1,1,1,2,1.0,1.0,0.0,3.0,1.0,0.0,1.0,3.0,101.0,69.0,69.0,53.0,100.0,150.0,53.0,32,40.5,50.0,60.0,0.308641975308642,2.15625,1.078125,0.12405264866997845,0.328125,0,0,2.15625,0,0,11.0,5331.25,5595.25,835.25,42.205882352941174,0.5813419117647058,0.296875,-0.296875,0.23500128384687205,0.0,1.0,0.0,0.0,0.0,speculator,2.0,20280904,20280904/ghp2
h04ar64h,j6legxhq,516b8be6-962e-4782-902a-b93434cfb6fc,59975844-525d-44e7-b7a4-b5679ef37949,1,ghp,13,5335.0,3800.0,10.0,8.0,,,5308.75,13.0,5255.0,0.6666666666666666,0.0,-0.6666666666666666,1,1,19.0,0.0,0.0,1,1,1,2,2.0,0.0,2.0,0.0,0.0,1.0,0.0,17.0,42.205882352941174,18.205882352941178,18.852941176470587,60.0,22.5,60.0,20.0,24,53.0,40.5,150.0,0.13207547169811318,0.7855392156862745,0.2945772058823529,0.9162907318741551,0.5625,0,0,0.7585784313725489,0,0,13.0,5392.75,5600.75,840.75,125.21428571428571,,,,0.2456805555555555,0.0,1.0,0.0,0.0,0.0,speculator,2.0,20280904,20280904/ghp2
h04ar64h,j6legxhq,516b8be6-962e-4782-902a-b93434cfb6fc,59975844-525d-44e7-b7a4-b5679ef37949,1,ghp,14,5335.0,3800.0,10.0,4.0,,,5789.25,10.0,5255.0,0.6666666666666666,0.0,-0.6666666666666666,1,1,19.0,0.0,0.0,1,1,1,2,0.0,3.0,-3.0,0.0,0.0,1.0,0.0,7.0,125.21428571428571,109.21428571428571,109.21428571428571,150.0,67.5,160.0,67.5,16,60.0,53.0,10.0,1.5,6.825892857142857,1.7064732142857142,-2.7080502011022096,2.09375,1,0,6.825892857142857,1,1,10.0,5809.25,5889.25,1189.25,59.666666666666664,,,,0.2838346335697399,0.0,1.0,0.0,0.0,0.0,speculator,3.0,20280904,20280904/ghp2
h04ar64h,j6legxhq,516b8be6-962e-4782-902a-b93434cfb6fc,59975844-525d-44e7-b7a4-b5679ef37949,1,ghp,15,5335.0,3800.0,10.0,4.0,,,5998.25,8.0,5255.0,0.6666666666666666,0.0,-0.6666666666666666,1,1,19.0,0.0,0.0,1,1,1,2,0.0,2.0,-2.0,0.0,0.0,1.0,0.0,3.0,59.666666666666664,51.666666666666664,51.666666666666664,10.0,100.0,100.0,10.0,8,150.0,60.0,,-0.9333333333333333,6.458333333333333,0.8072916666666666,,0.03125,0,1,6.458333333333333,1,0,8.0,6010.25,6010.25,1370.25,,,,,0.29825682471264364,0.0,1.0,0.0,0.0,0.0,speculator,2.0,20280904,20280904/ghp2
h04ar64h,gnbf58uk,516b8be6-962e-4782-902a-b93434cfb6fc,775e9f61-7595-4aed-b485-32e91a0c36b2,1,ghp,1,3295.0,2600.0,20.0,4.0,,,2600.0,20.0,3195.0,0.8333333333333334,3.0,-0.5333333333333334,2,0,18.0,0.0,0.0,1,1,1,2,0.0,0.0,0.0,2.0,2.0,,,2.0,199.69,79.69,79.69,199.69,199.69,199.69,199.69,120,,,216.77,,0.6640833333333334,1.24515625,0.082070719551532,1.24515625,0,0,0.6640833333333334,0,0,20.0,2680.0,4920.0,-20.0,212.210625,,,,0.010086594691857857,0.5,0.0,0.5,0.0,0.0,feedback,0.0,20280904,20280904/ghp2
h04ar64h,gnbf58uk,516b8be6-962e-4782-902a-b93434cfb6fc,775e9f61-7595-4aed-b485-32e91a0c36b2,1,ghp,2,3295.0,2600.0,20.0,20.0,,,552.7200000000003,30.0,3195.0,0.8333333333333334,3.0,-0.5333333333333334,2,0,18.0,0.0,0.0,1,1,1,2,10.0,0.0,10.0,1.0,1.0,1.0,0.0,16.0,212.210625,100.210625,100.210625,216.77,208.82,216.77,208.82,112,199.69,,339.5,0.08553257549201265,0.8947377232142857,1.565791015625,0.448637063391919,1.6370312500000002,0,0,0.8947377232142857,0,0,30.0,1152.7199999999998,4272.719999999999,-847.2800000000007,309.526,,,,0.0665705295138889,0.5,0.0,0.5,0.0,0.0,feedback,10.0,20280904,20280904/ghp2
h04ar64h,gnbf58uk,516b8be6-962e-4782-902a-b93434cfb6fc,775e9f61-7595-4aed-b485-32e91a0c36b2,1,ghp,3,3295.0,2600.0,20.0,0.0,10.0,1.0,533.2200000000003,32.0,3195.0,0.8333333333333334,3.0,-0.5333333333333334,2,0,18.0,0.0,0.0,1,1,1,2,2.0,0.0,2.0,0.0,0.0,1.0,0.0,5.0,309.526,205.526,205.526,339.5,278.13,350.0,278.13,104,216.77,199.69,363.16,0.5661761313834939,1.9762115384615386,3.21134375,0.06736956150480555,3.6796875,0,0,1.9762115384615386,0,0,32.0,533.2199999999998,3605.22,-1394.7800000000002,358.0733333333333,5.438645833333333,1.34375,-1.34375,0.09464588888888888,0.5,0.0,0.5,0.0,0.0,feedback,2.0,20280904,20280904/ghp2
h04ar64h,gnbf58uk,516b8be6-962e-4782-902a-b93434cfb6fc,775e9f61-7595-4aed-b485-32e91a0c36b2,1,ghp,4,3295.0,2600.0,20.0,0.0,,,183.22000000000023,33.0,3195.0,0.8333333333333334,3.0,-0.5333333333333334,2,0,18.0,0.0,0.0,1,1,1,2,1.0,0.0,1.0,0.0,0.0,1.0,0.0,3.0,358.0733333333333,262.0733333333333,262.0733333333333,363.16,350.0,363.16,350.0,96,339.5,216.77,350.0,0.06969072164948464,2.7299305555555553,4.094895833333333,-0.03691035402009746,4.174375,0,0,2.7299305555555553,0,0,33.0,183.2199999999998,3087.22,-1792.7800000000002,364.274,,,,0.11851331967213112,0.5,0.0,0.5,0.0,0.0,feedback,1.0,20280904,20280904/ghp2
h04ar64h,gnbf58uk,516b8be6-962e-4782-902a-b93434cfb6fc,775e9f61-7595-4aed-b485-32e91a0c36b2,1,ghp,5,3295.0,2600.0,20.0,8.0,,,553.2200000000003,32.0,3195.0,0.8333333333333334,3.0,-0.5333333333333334,2,0,18.0,0.0,0.0,1,1,1,2,0.0,1.0,-1.0,1.0,0.0,1.0,0.0,5.0,364.274,276.274,276.274,350.0,365.46,370.25,350.0,88,363.16,339.5,360.0,-0.03623747108712416,3.1394772727272726,4.31678125,0.028170876966696845,4.09375,0,0,3.1394772727272726,0,0,32.0,809.2199999999998,3369.22,-1510.7800000000002,367.275,,,,0.1405481557377049,0.5,0.0,0.5,0.0,0.0,feedback,1.0,20280904,20280904/ghp2
h04ar64h,gnbf58uk,516b8be6-962e-4782-902a-b93434cfb6fc,775e9f61-7595-4aed-b485-32e91a0c36b2,1,ghp,6,3295.0,2600.0,20.0,4.0,0.0,0.0,809.2200000000003,32.0,3195.0,0.8333333333333334,3.0,-0.5333333333333334,2,0,18.0,0.0,0.0,1,1,1,2,0.0,0.0,0.0,2.0,2.0,,,4.0,367.275,287.275,287.275,360.0,350.0,380.0,350.0,80,350.0,363.16,354.98,0.02857142857142847,3.5909375,4.488671875,-0.014042581589955638,4.375,0,0,3.5909375,0,0,32.0,937.2199999999998,3241.22,-1578.7800000000002,353.735,5.527109375,1.125,-1.125,0.1949971184877824,0.5,0.0,0.5,0.0,0.0,feedback,0.0,20280904,20280904/ghp2
h04ar64h,gnbf58uk,516b8be6-962e-4782-902a-b93434cfb6fc,775e9f61-7595-4aed-b485-32e91a0c36b2,1,ghp,7,3295.0,2600.0,20.0,4.0,,,222.24000000000024,34.0,3195.0,0.8333333333333334,3.0,-0.5333333333333334,2,0,18.0,0.0,0.0,1,1,1,2,2.0,0.0,2.0,0.0,0.0,1.0,0.0,4.0,353.735,281.735,281.735,354.98,360.0,360.0,349.98,72,360.0,350.0,350.0,-0.013944444444444426,3.9129861111111115,4.402109375,-0.014128295376741207,4.4215625,0,0,3.9129861111111115,0,0,34.0,358.2399999999998,2534.24,-2225.76,352.488,,,,0.21411006069094304,0.5,0.0,0.5,0.0,0.0,feedback,2.0,20280904,20280904/ghp2
h04ar64h,gnbf58uk,516b8be6-962e-4782-902a-b93434cfb6fc,775e9f61-7595-4aed-b485-32e91a0c36b2,1,ghp,8,3295.0,2600.0,20.0,4.0,,,353.24000000000024,34.0,3195.0,0.8333333333333334,3.0,-0.5333333333333334,2,0,18.0,0.0,0.0,1,1,1,2,1.0,1.0,0.0,0.0,0.0,0.0,1.0,5.0,352.488,288.488,288.488,350.0,354.98,357.48,349.98,64,354.98,360.0,321.83,-0.0140289593779932,4.507625,4.507625,-0.08390969866444653,4.46875,0,0,4.507625,1,1,34.0,489.24000000000024,2393.2400000000002,-2306.7599999999998,337.60166666666663,,,,0.24101572104018912,0.5,0.0,0.5,0.0,0.0,feedback,2.0,20280904,20280904/ghp2
h04ar64h,gnbf58uk,516b8be6-962e-4782-902a-b93434cfb6fc,775e9f61-7595-4aed-b485-32e91a0c36b2,1,ghp,9,3295.0,2600.0,20.0,20.0,0.0,0.0,134.24000000000024,35.0,3195.0,0.8333333333333334,3.0,-0.5333333333333334,2,0,18.0,0.0,0.0,1,1,1,2,1.0,0.0,1.0,0.0,0.0,1.0,0.0,6.0,337.60166666666663,281.60166666666663,281.60166666666663,321.83,355.0,355.0,321.83,56,350.0,354.98,50.0,-0.08048571428571438,5.02860119047619,4.400026041666666,-1.8620004503908665,4.15359375,0,0,5.02860119047619,1,0,35.0,834.2400000000002,2514.2400000000002,-2365.7599999999998,234.88400000000001,3.6700625000000002,0.75,-0.75,0.23909061930783243,0.5,0.0,0.5,0.0,0.0,feedback,1.0,20280904,20280904/ghp2
h04ar64h,gnbf58uk,516b8be6-962e-4782-902a-b93434cfb6fc,775e9f61-7595-4aed-b485-32e91a0c36b2,1,ghp,10,3295.0,2600.0,20.0,8.0,,,1788.7800000000002,32.0,3195.0,0.8333333333333334,3.0,-0.5333333333333334,2,0,18.0,0.0,0.0,1,1,1,2,0.0,3.0,-3.0,0.0,0.0,1.0,0.0,10.0,234.88400000000001,186.884,186.884,50.0,319.77,320.0,50.0,48,321.83,350.0,40.5,-0.8446384737283659,3.8934166666666665,2.9200625,-0.21072103131565267,0.03125,0,1,3.893416666666667,0,0,32.0,2044.7800000000007,3324.7800000000007,-1555.2199999999993,44.166666666666664,,,,0.22365562386156645,0.5,0.0,0.5,0.0,0.0,feedback,3.0,20280904,20280904/ghp2
h04ar64h,gnbf58uk,516b8be6-962e-4782-902a-b93434cfb6fc,775e9f61-7595-4aed-b485-32e91a0c36b2,1,ghp,11,3295.0,2600.0,20.0,8.0,,,2044.78,32.0,3195.0,0.8333333333333334,3.0,-0.5333333333333334,2,0,18.0,0.0,0.0,1,1,1,2,0.0,0.0,0.0,0.0,0.0,,,3.0,44.166666666666664,4.166666666666667,4.166666666666667,40.5,47.0,47.0,40.5,40,50.0,321.83,53.0,-0.18999999999999995,0.10416666666666667,0.06510416666666667,0.2689899394396287,0.0078125,0,0,0.1041666666666666,0,0,32.0,2300.7800000000007,3324.7800000000007,-1555.2199999999993,101.0,,,,0.22335963114754093,0.5,0.0,0.5,0.0,0.0,feedback,0.0,20280904,20280904/ghp2
h04ar64h,gnbf58uk,516b8be6-962e-4782-902a-b93434cfb6fc,775e9f61-7595-4aed-b485-32e91a0c36b2,1,ghp,12,3295.0,2600.0,20.0,0.0,0.0,0.0,2503.78,30.0,3195.0,0.8333333333333334,3.0,-0.5333333333333334,2,0,18.0,0.0,0.0,1,1,1,2,0.0,2.0,-2.0,4.0,3.0,1.0,0.0,3.0,101.0,69.0,69.0,53.0,100.0,150.0,53.0,32,40.5,50.0,60.0,0.308641975308642,2.15625,1.078125,0.12405264866997845,0.328125,0,0,2.15625,0,0,30.0,2503.7800000000007,3223.7800000000007,-1536.2199999999993,42.205882352941174,0.6594669117647058,0.375,-0.375,0.23500128384687205,0.5,0.0,0.5,0.0,0.0,feedback,2.0,20280904,20280904/ghp2
h04ar64h,gnbf58uk,516b8be6-962e-4782-902a-b93434cfb6fc,775e9f61-7595-4aed-b485-32e91a0c36b2,1,ghp,13,3295.0,2600.0,20.0,8.0,,,2686.78,26.0,3195.0,0.8333333333333334,3.0,-0.5333333333333334,2,0,18.0,0.0,0.0,1,1,1,2,0.0,4.0,-4.0,5.0,1.0,1.0,0.0,17.0,42.205882352941174,18.205882352941178,18.852941176470587,60.0,22.5,60.0,20.0,24,53.0,40.5,150.0,0.13207547169811318,0.7855392156862745,0.2945772058823529,0.9162907318741551,0.5625,0,0,0.7585784313725489,0,0,26.0,2894.7800000000007,3310.7800000000007,-1449.2199999999993,125.21428571428571,,,,0.2456805555555555,0.5,0.0,0.5,0.0,0.0,feedback,4.0,20280904,20280904/ghp2
h04ar64h,gnbf58uk,516b8be6-962e-4782-902a-b93434cfb6fc,775e9f61-7595-4aed-b485-32e91a0c36b2,1,ghp,14,3295.0,2600.0,20.0,4.0,,,2977.28,27.0,3195.0,0.8333333333333334,3.0,-0.5333333333333334,2,0,18.0,0.0,0.0,1,1,1,2,1.0,1.0,0.0,5.0,3.0,0.0,1.0,7.0,125.21428571428571,109.21428571428571,109.21428571428571,150.0,67.5,160.0,67.5,16,60.0,53.0,10.0,1.5,6.825892857142857,1.7064732142857142,-2.7080502011022096,2.09375,1,0,6.825892857142857,1,1,26.0,3081.2800000000007,3289.2800000000007,-1410.7199999999993,59.666666666666664,,,,0.2838346335697399,0.5,0.0,0.5,0.0,0.0,feedback,2.0,20280904,20280904/ghp2
h04ar64h,gnbf58uk,516b8be6-962e-4782-902a-b93434cfb6fc,775e9f61-7595-4aed-b485-32e91a0c36b2,1,ghp,15,3295.0,2600.0,20.0,4.0,,,3095.28,25.0,3195.0,0.8333333333333334,3.0,-0.5333333333333334,2,0,18.0,0.0,0.0,1,1,1,2,0.0,1.0,-1.0,2.0,1.0,1.0,0.0,3.0,59.666666666666664,51.666666666666664,51.666666666666664,10.0,100.0,100.0,10.0,8,150.0,60.0,,-0.9333333333333333,6.458333333333333,0.8072916666666666,,0.03125,0,1,6.458333333333333,1,0,25.0,3191.2800000000007,3191.2800000000007,-1448.7199999999993,,,,,0.29825682471264364,0.5,0.0,0.5,0.0,0.0,feedback,1.0,20280904,20280904/ghp2
h04ar64h,gfn2r8vo,516b8be6-962e-4782-902a-b93434cfb6fc,7ce3ba12-da97-4ced-ba9b-b008a3746ef7,1,ghp,1,1205.0,3800.0,10.0,4.0,,,3400.62,12.0,1115.0,0.75,5.0,-0.25,2,0,22.0,0.0,1.0,0,1,1,2,2.0,0.0,2.0,22.0,20.0,1.0,0.0,2.0,199.69,79.69,79.69,199.69,199.69,199.69,199.69,120,,,216.77,,0.6640833333333334,1.24515625,0.082070719551532,1.24515625,0,0,0.6640833333333334,0,0,12.0,3448.62,4792.62,-147.3800000000001,212.210625,,,,0.010086594691857857,0.0,1.0,0.0,0.0,0.0,speculator,2.0,20280904,20280904/ghp2
h04ar64h,gfn2r8vo,516b8be6-962e-4782-902a-b93434cfb6fc,7ce3ba12-da97-4ced-ba9b-b008a3746ef7,1,ghp,2,1205.0,3800.0,10.0,20.0,,,3027.93,14.0,1115.0,0.75,5.0,-0.25,2,0,22.0,0.0,1.0,0,1,1,2,2.0,0.0,2.0,16.0,14.0,1.0,0.0,16.0,212.210625,100.210625,100.210625,216.77,208.82,216.77,208.82,112,199.69,,339.5,0.08553257549201265,0.8947377232142857,1.565791015625,0.448637063391919,1.6370312500000002,0,0,0.8947377232142857,0,0,14.0,3307.9300000000003,4763.93,-356.0699999999997,309.526,,,,0.0665705295138889,0.0,1.0,0.0,0.0,0.0,speculator,2.0,20280904,20280904/ghp2
h04ar64h,gfn2r8vo,516b8be6-962e-4782-902a-b93434cfb6fc,7ce3ba12-da97-4ced-ba9b-b008a3746ef7,1,ghp,3,1205.0,3800.0,10.0,0.0,250.0,4.0,3029.7999999999997,15.0,1115.0,0.75,5.0,-0.25,2,0,22.0,0.0,1.0,0,1,1,2,1.0,0.0,1.0,12.0,11.0,1.0,0.0,5.0,309.526,205.526,205.526,339.5,278.13,350.0,278.13,104,216.77,199.69,363.16,0.5661761313834939,1.9762115384615386,3.21134375,0.06736956150480555,3.6796875,0,0,1.9762115384615386,0,0,15.0,3029.8,4469.8,-530.1999999999998,358.0733333333333,,,,0.09464588888888888,0.0,1.0,0.0,0.0,0.0,speculator,1.0,20280904,20280904/ghp2
h04ar64h,gfn2r8vo,516b8be6-962e-4782-902a-b93434cfb6fc,7ce3ba12-da97-4ced-ba9b-b008a3746ef7,1,ghp,4,1205.0,3800.0,10.0,0.0,,,3029.7999999999997,15.0,1115.0,0.75,5.0,-0.25,2,0,22.0,0.0,1.0,0,1,1,2,0.0,0.0,0.0,16.0,16.0,,,3.0,358.0733333333333,262.0733333333333,262.0733333333333,363.16,350.0,363.16,350.0,96,339.5,216.77,350.0,0.06969072164948464,2.7299305555555553,4.094895833333333,-0.03691035402009746,4.174375,0,0,2.7299305555555553,0,0,15.0,3029.8,4349.8,-530.1999999999998,364.274,,,,0.11851331967213112,0.0,1.0,0.0,0.0,0.0,speculator,0.0,20280904,20280904/ghp2
h04ar64h,gfn2r8vo,516b8be6-962e-4782-902a-b93434cfb6fc,7ce3ba12-da97-4ced-ba9b-b008a3746ef7,1,ghp,5,1205.0,3800.0,10.0,8.0,,,1558.4299999999998,19.0,1115.0,0.75,5.0,-0.25,2,0,22.0,0.0,1.0,0,1,1,2,4.0,0.0,4.0,5.0,5.0,1.0,0.0,5.0,364.274,276.274,276.274,350.0,365.46,370.25,350.0,88,363.16,339.5,360.0,-0.03623747108712416,3.1394772727272726,4.31678125,0.028170876966696845,4.09375,0,0,3.1394772727272726,0,0,19.0,1710.4300000000003,3230.4300000000003,-1649.5699999999997,367.275,,,,0.1405481557377049,0.0,1.0,0.0,0.0,0.0,speculator,4.0,20280904,20280904/ghp2
h04ar64h,gfn2r8vo,516b8be6-962e-4782-902a-b93434cfb6fc,7ce3ba12-da97-4ced-ba9b-b008a3746ef7,1,ghp,6,1205.0,3800.0,10.0,4.0,400.0,3.0,241.3299999999998,23.0,1115.0,0.75,5.0,-0.25,2,0,22.0,0.0,1.0,0,1,1,2,4.0,0.0,4.0,0.0,0.0,1.0,0.0,4.0,367.275,287.275,287.275,360.0,350.0,380.0,350.0,80,350.0,363.16,354.98,0.02857142857142847,3.5909375,4.488671875,-0.014042581589955638,4.375,0,0,3.5909375,0,0,23.0,333.3299999999999,1989.33,-2830.67,353.735,,,,0.1949971184877824,0.0,1.0,0.0,0.0,0.0,speculator,4.0,20280904,20280904/ghp2
h04ar64h,gfn2r8vo,516b8be6-962e-4782-902a-b93434cfb6fc,7ce3ba12-da97-4ced-ba9b-b008a3746ef7,1,ghp,7,1205.0,3800.0,10.0,4.0,,,688.3099999999998,23.0,1115.0,0.75,5.0,-0.25,2,0,22.0,0.0,1.0,0,1,1,2,0.0,1.0,-1.0,2.0,1.0,1.0,0.0,4.0,353.735,281.735,281.735,354.98,360.0,360.0,349.98,72,360.0,350.0,350.0,-0.013944444444444426,3.9129861111111115,4.402109375,-0.014128295376741207,4.4215625,0,0,3.9129861111111115,0,0,22.0,776.3099999999995,2184.3099999999995,-2575.6900000000005,352.488,,,,0.21411006069094304,0.0,1.0,0.0,0.0,0.0,speculator,1.0,20280904,20280904/ghp2
h04ar64h,gfn2r8vo,516b8be6-962e-4782-902a-b93434cfb6fc,7ce3ba12-da97-4ced-ba9b-b008a3746ef7,1,ghp,8,1205.0,3800.0,10.0,4.0,,,72.82999999999981,24.0,1115.0,0.75,5.0,-0.25,2,0,22.0,0.0,1.0,0,1,1,2,2.0,0.0,2.0,1.0,0.0,1.0,0.0,5.0,352.488,288.488,288.488,350.0,354.98,357.48,349.98,64,354.98,360.0,321.83,-0.0140289593779932,4.507625,4.507625,-0.08390969866444653,4.46875,0,0,4.507625,1,1,24.0,164.82999999999993,1508.83,-3191.17,337.60166666666663,,,,0.24101572104018912,0.0,1.0,0.0,0.0,0.0,speculator,2.0,20280904,20280904/ghp2
h04ar64h,gfn2r8vo,516b8be6-962e-4782-902a-b93434cfb6fc,7ce3ba12-da97-4ced-ba9b-b008a3746ef7,1,ghp,9,1205.0,3800.0,10.0,20.0,300.0,5.0,835.6599999999999,23.0,1115.0,0.75,5.0,-0.25,2,0,22.0,0.0,1.0,0,1,1,2,0.0,2.0,-2.0,4.0,4.0,1.0,0.0,6.0,337.60166666666663,281.60166666666663,281.60166666666663,321.83,355.0,355.0,321.83,56,350.0,354.98,50.0,-0.08048571428571438,5.02860119047619,4.400026041666666,-1.8620004503908665,4.15359375,0,0,5.02860119047619,1,0,22.0,1271.6599999999999,2327.66,-2552.34,234.88400000000001,,,,0.23909061930783243,0.0,1.0,0.0,0.0,0.0,speculator,2.0,20280904,20280904/ghp2
h04ar64h,gfn2r8vo,516b8be6-962e-4782-902a-b93434cfb6fc,7ce3ba12-da97-4ced-ba9b-b008a3746ef7,1,ghp,10,1205.0,3800.0,10.0,8.0,,,1750.1899999999998,18.0,1115.0,0.75,5.0,-0.25,2,0,22.0,0.0,1.0,0,1,1,2,0.0,4.0,-4.0,1.0,1.0,1.0,0.0,10.0,234.88400000000001,186.884,186.884,50.0,319.77,320.0,50.0,48,321.83,350.0,40.5,-0.8446384737283659,3.8934166666666665,2.9200625,-0.21072103131565267,0.03125,0,1,3.893416666666667,0,0,18.0,1870.1900000000005,2590.1900000000005,-2289.8099999999995,44.166666666666664,,,,0.22365562386156645,0.0,1.0,0.0,0.0,0.0,speculator,4.0,20280904,20280904/ghp2
h04ar64h,gfn2r8vo,516b8be6-962e-4782-902a-b93434cfb6fc,7ce3ba12-da97-4ced-ba9b-b008a3746ef7,1,ghp,11,1205.0,3800.0,10.0,8.0,,,2026.6899999999996,15.0,1115.0,0.75,5.0,-0.25,2,0,22.0,0.0,1.0,0,1,1,2,0.0,3.0,-3.0,5.0,5.0,1.0,0.0,3.0,44.166666666666664,4.166666666666667,4.166666666666667,40.5,47.0,47.0,40.5,40,50.0,321.83,53.0,-0.18999999999999995,0.10416666666666667,0.06510416666666667,0.2689899394396287,0.0078125,0,0,0.1041666666666666,0,0,15.0,2122.6900000000005,2602.6900000000005,-2277.3099999999995,101.0,,,,0.22335963114754093,0.0,1.0,0.0,0.0,0.0,speculator,3.0,20280904,20280904/ghp2
h04ar64h,gfn2r8vo,516b8be6-962e-4782-902a-b93434cfb6fc,7ce3ba12-da97-4ced-ba9b-b008a3746ef7,1,ghp,12,1205.0,3800.0,10.0,0.0,300.0,3.0,2046.6899999999996,16.0,1115.0,0.75,5.0,-0.25,2,0,22.0,0.0,1.0,0,1,1,2,1.0,0.0,1.0,0.0,0.0,1.0,0.0,3.0,101.0,69.0,69.0,53.0,100.0,150.0,53.0,32,40.5,50.0,60.0,0.308641975308642,2.15625,1.078125,0.12405264866997845,0.328125,0,0,2.15625,0,0,16.0,2022.6900000000005,2406.6900000000005,-2353.3099999999995,42.205882352941174,,,,0.23500128384687205,0.0,1.0,0.0,0.0,0.0,speculator,1.0,20280904,20280904/ghp2
h04ar64h,gfn2r8vo,516b8be6-962e-4782-902a-b93434cfb6fc,7ce3ba12-da97-4ced-ba9b-b008a3746ef7,1,ghp,13,1205.0,3800.0,10.0,8.0,,,1476.6899999999996,29.0,1115.0,0.75,5.0,-0.25,2,0,22.0,0.0,1.0,0,1,1,2,13.0,0.0,13.0,1.0,1.0,1.0,0.0,17.0,42.205882352941174,18.205882352941178,18.852941176470587,60.0,22.5,60.0,20.0,24,53.0,40.5,150.0,0.13207547169811318,0.7855392156862745,0.2945772058823529,0.9162907318741551,0.5625,0,0,0.7585784313725489,0,0,29.0,1684.6900000000005,2148.6900000000005,-2611.3099999999995,125.21428571428571,,,,0.2456805555555555,0.0,1.0,0.0,0.0,0.0,speculator,13.0,20280904,20280904/ghp2
h04ar64h,gfn2r8vo,516b8be6-962e-4782-902a-b93434cfb6fc,7ce3ba12-da97-4ced-ba9b-b008a3746ef7,1,ghp,14,1205.0,3800.0,10.0,4.0,,,899.6899999999996,35.0,1115.0,0.75,5.0,-0.25,2,0,22.0,0.0,1.0,0,1,1,2,6.0,0.0,6.0,0.0,0.0,1.0,0.0,7.0,125.21428571428571,109.21428571428571,109.21428571428571,150.0,67.5,160.0,67.5,16,60.0,53.0,10.0,1.5,6.825892857142857,1.7064732142857142,-2.7080502011022096,2.09375,1,0,6.825892857142857,1,1,35.0,1015.6900000000005,1295.6900000000005,-3404.3099999999995,59.666666666666664,,,,0.2838346335697399,0.0,1.0,0.0,0.0,0.0,speculator,6.0,20280904,20280904/ghp2
h04ar64h,gfn2r8vo,516b8be6-962e-4782-902a-b93434cfb6fc,7ce3ba12-da97-4ced-ba9b-b008a3746ef7,1,ghp,15,1205.0,3800.0,10.0,4.0,,,970.6899999999996,36.0,1115.0,0.75,5.0,-0.25,2,0,22.0,0.0,1.0,0,1,1,2,1.0,0.0,1.0,2.0,0.0,1.0,0.0,3.0,59.666666666666664,51.666666666666664,51.666666666666664,10.0,100.0,100.0,10.0,8,150.0,60.0,,-0.9333333333333333,6.458333333333333,0.8072916666666666,,0.03125,0,1,6.458333333333333,1,0,36.0,1090.6900000000005,1090.6900000000005,-3549.3099999999995,,,,,0.29825682471264364,0.0,1.0,0.0,0.0,0.0,speculator,1.0,20280904,20280904/ghp2
h04ar64h,shtk2vi6,516b8be6-962e-4782-902a-b93434cfb6fc,b51aa576-16ab-44e1-9305-9532ca2539af,1,ghp,1,9416.0,2600.0,20.0,4.0,,,2600.0,21.0,9266.0,0.9166666666666666,7.0,-0.21666666666666667,3,0,34.0,1.0,1.0,1,1,1,2,0.0,0.0,0.0,5.0,4.0,,,2.0,199.69,79.69,79.69,199.69,199.69,199.69,199.69,120,,,216.77,,0.6640833333333334,1.24515625,0.082070719551532,1.24515625,0,0,0.6640833333333334,0,0,20.0,2680.0,4920.0,-20.0,212.210625,,,,0.010086594691857857,0.0,0.0,1.0,0.0,0.0,fundamental,0.0,20280904,20280904/ghp2
h04ar64h,shtk2vi6,516b8be6-962e-4782-902a-b93434cfb6fc,b51aa576-16ab-44e1-9305-9532ca2539af,1,ghp,2,9416.0,2600.0,20.0,20.0,,,2684.0,21.0,9266.0,0.9166666666666666,7.0,-0.21666666666666667,3,0,34.0,1.0,1.0,1,1,1,2,0.0,0.0,0.0,1.0,0.0,,,16.0,212.210625,100.210625,100.210625,216.77,208.82,216.77,208.82,112,199.69,,339.5,0.08553257549201265,0.8947377232142857,1.565791015625,0.448637063391919,1.6370312500000002,0,0,0.8947377232142857,0,0,20.0,3080.0,5160.0,40.0,309.526,,,,0.0665705295138889,0.0,0.0,1.0,0.0,0.0,fundamental,0.0,20280904,20280904/ghp2
h04ar64h,shtk2vi6,516b8be6-962e-4782-902a-b93434cfb6fc,b51aa576-16ab-44e1-9305-9532ca2539af,1,ghp,3,9416.0,2600.0,20.0,0.0,350.0,3.0,4312.13,20.0,9266.0,0.9166666666666666,7.0,-0.21666666666666667,3,0,34.0,1.0,1.0,1,1,1,2,0.0,4.0,-4.0,5.0,2.0,1.0,0.0,5.0,309.526,205.526,205.526,339.5,278.13,350.0,278.13,104,216.77,199.69,363.16,0.5661761313834939,1.9762115384615386,3.21134375,0.06736956150480555,3.6796875,0,0,1.9762115384615386,0,0,16.0,4288.13,5824.13,824.1300000000001,358.0733333333333,,,,0.09464588888888888,0.0,0.0,1.0,0.0,0.0,fundamental,4.0,20280904,20280904/ghp2
h04ar64h,shtk2vi6,516b8be6-962e-4782-902a-b93434cfb6fc,b51aa576-16ab-44e1-9305-9532ca2539af,1,ghp,4,9416.0,2600.0,20.0,0.0,,,4662.13,15.0,9266.0,0.9166666666666666,7.0,-0.21666666666666667,3,0,34.0,1.0,1.0,1,1,1,2,0.0,1.0,-1.0,0.0,0.0,1.0,0.0,3.0,358.0733333333333,262.0733333333333,262.0733333333333,363.16,350.0,363.16,350.0,96,339.5,216.77,350.0,0.06969072164948464,2.7299305555555553,4.094895833333333,-0.03691035402009746,4.174375,0,0,2.7299305555555553,0,0,15.0,4638.13,5958.13,1078.13,364.274,,,,0.11851331967213112,0.0,0.0,1.0,0.0,0.0,fundamental,1.0,20280904,20280904/ghp2
h04ar64h,shtk2vi6,516b8be6-962e-4782-902a-b93434cfb6fc,b51aa576-16ab-44e1-9305-9532ca2539af,1,ghp,5,9416.0,2600.0,20.0,8.0,,,5012.13,14.0,9266.0,0.9166666666666666,7.0,-0.21666666666666667,3,0,34.0,1.0,1.0,1,1,1,2,0.0,1.0,-1.0,0.0,0.0,1.0,0.0,5.0,364.274,276.274,276.274,350.0,365.46,370.25,350.0,88,363.16,339.5,360.0,-0.03623747108712416,3.1394772727272726,4.31678125,0.028170876966696845,4.09375,0,0,3.1394772727272726,0,0,14.0,5100.13,6220.13,1340.13,367.275,,,,0.1405481557377049,0.0,0.0,1.0,0.0,0.0,fundamental,1.0,20280904,20280904/ghp2
h04ar64h,shtk2vi6,516b8be6-962e-4782-902a-b93434cfb6fc,b51aa576-16ab-44e1-9305-9532ca2539af,1,ghp,6,9416.0,2600.0,20.0,4.0,350.0,4.0,5864.13,15.0,9266.0,0.9166666666666666,7.0,-0.21666666666666667,3,0,34.0,1.0,1.0,1,1,1,2,0.0,2.0,-2.0,4.0,2.0,1.0,0.0,4.0,367.275,287.275,287.275,360.0,350.0,380.0,350.0,80,350.0,363.16,354.98,0.02857142857142847,3.5909375,4.488671875,-0.014042581589955638,4.375,0,0,3.5909375,0,0,12.0,5888.13,6752.13,1932.13,353.735,,,,0.1949971184877824,0.0,0.0,1.0,0.0,0.0,fundamental,2.0,20280904,20280904/ghp2
h04ar64h,shtk2vi6,516b8be6-962e-4782-902a-b93434cfb6fc,b51aa576-16ab-44e1-9305-9532ca2539af,1,ghp,7,9416.0,2600.0,20.0,4.0,,,6634.110000000001,11.0,9266.0,0.9166666666666666,7.0,-0.21666666666666667,3,0,34.0,1.0,1.0,1,1,1,2,0.0,2.0,-2.0,1.0,1.0,1.0,0.0,4.0,353.735,281.735,281.735,354.98,360.0,360.0,349.98,72,360.0,350.0,350.0,-0.013944444444444426,3.9129861111111115,4.402109375,-0.014128295376741207,4.4215625,0,0,3.9129861111111115,0,0,10.0,6638.110000000001,7278.110000000001,2518.1100000000006,352.488,,,,0.21411006069094304,0.0,0.0,1.0,0.0,0.0,fundamental,2.0,20280904,20280904/ghp2
h04ar64h,shtk2vi6,516b8be6-962e-4782-902a-b93434cfb6fc,b51aa576-16ab-44e1-9305-9532ca2539af,1,ghp,8,9416.0,2600.0,20.0,4.0,,,7028.110000000001,9.0,9266.0,0.9166666666666666,7.0,-0.21666666666666667,3,0,34.0,1.0,1.0,1,1,1,2,0.0,1.0,-1.0,2.0,0.0,1.0,0.0,5.0,352.488,288.488,288.488,350.0,354.98,357.48,349.98,64,354.98,360.0,321.83,-0.0140289593779932,4.507625,4.507625,-0.08390969866444653,4.46875,0,0,4.507625,1,1,9.0,7024.110000000001,7528.110000000001,2828.1100000000006,337.60166666666663,,,,0.24101572104018912,0.0,0.0,1.0,0.0,0.0,fundamental,1.0,20280904,20280904/ghp2
h04ar64h,shtk2vi6,516b8be6-962e-4782-902a-b93434cfb6fc,b51aa576-16ab-44e1-9305-9532ca2539af,1,ghp,9,9416.0,2600.0,20.0,20.0,250.0,3.0,8077.890000000001,7.0,9266.0,0.9166666666666666,7.0,-0.21666666666666667,3,0,34.0,1.0,1.0,1,1,1,2,0.0,3.0,-3.0,1.0,1.0,1.0,0.0,6.0,337.60166666666663,281.60166666666663,281.60166666666663,321.83,355.0,355.0,321.83,56,350.0,354.98,50.0,-0.08048571428571438,5.02860119047619,4.400026041666666,-1.8620004503908665,4.15359375,0,0,5.02860119047619,1,0,6.0,8157.89,8445.89,3565.8899999999994,234.88400000000001,,,,0.23909061930783243,0.0,0.0,1.0,0.0,0.0,fundamental,3.0,20280904,20280904/ghp2
h04ar64h,shtk2vi6,516b8be6-962e-4782-902a-b93434cfb6fc,b51aa576-16ab-44e1-9305-9532ca2539af,1,ghp,10,9416.0,2600.0,20.0,8.0,,,8787.660000000002,6.0,9266.0,0.9166666666666666,7.0,-0.21666666666666667,3,0,34.0,1.0,1.0,1,1,1,2,1.0,2.0,-1.0,3.0,1.0,0.3333333333333333,0.6666666666666667,10.0,234.88400000000001,186.884,186.884,50.0,319.77,320.0,50.0,48,321.83,350.0,40.5,-0.8446384737283659,3.8934166666666665,2.9200625,-0.21072103131565267,0.03125,0,1,3.893416666666667,0,0,5.0,8767.66,8967.66,4087.66,44.166666666666664,,,,0.22365562386156645,0.0,0.0,1.0,0.0,0.0,fundamental,3.0,20280904,20280904/ghp2
h04ar64h,shtk2vi6,516b8be6-962e-4782-902a-b93434cfb6fc,b51aa576-16ab-44e1-9305-9532ca2539af,1,ghp,11,9416.0,2600.0,20.0,8.0,,,8835.660000000002,6.0,9266.0,0.9166666666666666,7.0,-0.21666666666666667,3,0,34.0,1.0,1.0,1,1,1,2,0.0,0.0,0.0,4.0,4.0,,,3.0,44.166666666666664,4.166666666666667,4.166666666666667,40.5,47.0,47.0,40.5,40,50.0,321.83,53.0,-0.18999999999999995,0.10416666666666667,0.06510416666666667,0.2689899394396287,0.0078125,0,0,0.1041666666666666,0,0,5.0,8807.66,8967.66,4087.66,101.0,,,,0.22335963114754093,0.0,0.0,1.0,0.0,0.0,fundamental,0.0,20280904,20280904/ghp2
h04ar64h,shtk2vi6,516b8be6-962e-4782-902a-b93434cfb6fc,b51aa576-16ab-44e1-9305-9532ca2539af,1,ghp,12,9416.0,2600.0,20.0,0.0,50.0,3.0,8883.660000000002,6.0,9266.0,0.9166666666666666,7.0,-0.21666666666666667,3,0,34.0,1.0,1.0,1,1,1,2,0.0,0.0,0.0,2.0,1.0,,,3.0,101.0,69.0,69.0,53.0,100.0,150.0,53.0,32,40.5,50.0,60.0,0.308641975308642,2.15625,1.078125,0.12405264866997845,0.328125,0,0,2.15625,0,0,5.0,8807.66,8927.66,4167.66,42.205882352941174,0.12178308823529416,0.40625,0.40625,0.23500128384687205,0.0,0.0,1.0,0.0,0.0,fundamental,0.0,20280904,20280904/ghp2
h04ar64h,shtk2vi6,516b8be6-962e-4782-902a-b93434cfb6fc,b51aa576-16ab-44e1-9305-9532ca2539af,1,ghp,13,9416.0,2600.0,20.0,8.0,,,9145.660000000002,0.0,9266.0,0.9166666666666666,7.0,-0.21666666666666667,3,0,34.0,1.0,1.0,1,1,1,2,0.0,5.0,-5.0,5.0,0.0,1.0,0.0,17.0,42.205882352941174,18.205882352941178,18.852941176470587,60.0,22.5,60.0,20.0,24,53.0,40.5,150.0,0.13207547169811318,0.7855392156862745,0.2945772058823529,0.9162907318741551,0.5625,0,0,0.7585784313725489,0,0,0.0,9069.66,9069.66,4309.66,125.21428571428571,,,,0.2456805555555555,0.0,0.0,1.0,0.0,0.0,fundamental,5.0,20280904,20280904/ghp2
h04ar64h,shtk2vi6,516b8be6-962e-4782-902a-b93434cfb6fc,b51aa576-16ab-44e1-9305-9532ca2539af,1,ghp,14,9416.0,2600.0,20.0,4.0,,,9265.660000000002,0.0,9266.0,0.9166666666666666,7.0,-0.21666666666666667,3,0,34.0,1.0,1.0,1,1,1,2,0.0,1.0,-1.0,0.0,0.0,1.0,0.0,7.0,125.21428571428571,109.21428571428571,109.21428571428571,150.0,67.5,160.0,67.5,16,60.0,53.0,10.0,1.5,6.825892857142857,1.7064732142857142,-2.7080502011022096,2.09375,1,0,6.825892857142857,1,1,-1.0,9185.66,9177.66,4477.66,59.666666666666664,,,,0.2838346335697399,0.0,0.0,1.0,0.0,0.0,fundamental,1.0,20280904,20280904/ghp2
h04ar64h,shtk2vi6,516b8be6-962e-4782-902a-b93434cfb6fc,b51aa576-16ab-44e1-9305-9532ca2539af,1,ghp,15,9416.0,2600.0,20.0,4.0,,,9265.660000000002,0.0,9266.0,0.9166666666666666,7.0,-0.21666666666666667,3,0,34.0,1.0,1.0,1,1,1,2,0.0,0.0,0.0,0.0,0.0,,,3.0,59.666666666666664,51.666666666666664,51.666666666666664,10.0,100.0,100.0,10.0,8,150.0,60.0,,-0.9333333333333333,6.458333333333333,0.8072916666666666,,0.03125,0,1,6.458333333333333,1,0,-1.0,9181.66,9181.66,4541.66,,,,,0.29825682471264364,0.0,0.0,1.0,0.0,0.0,fundamental,0.0,20280904,20280904/ghp2
h04ar64h,fpjd0ju0,516b8be6-962e-4782-902a-b93434cfb6fc,bd5e8ce7-13d9-4f42-8d5e-45273b86d373,1,ghp,1,482.0,2600.0,20.0,4.0,,,2600.0,20.0,382.0,0.6666666666666666,6.0,-0.06666666666666665,1,0,19.0,0.0,1.0,1,1,1,2,0.0,0.0,0.0,1.0,0.0,,,2.0,199.69,79.69,79.69,199.69,199.69,199.69,199.69,120,,,216.77,,0.6640833333333334,1.24515625,0.082070719551532,1.24515625,0,0,0.6640833333333334,0,0,20.0,2680.0,4920.0,-20.0,212.210625,,,,0.010086594691857857,0.0,0.0,1.0,0.0,0.0,fundamental,0.0,20280904,20280904/ghp2
h04ar64h,fpjd0ju0,516b8be6-962e-4782-902a-b93434cfb6fc,bd5e8ce7-13d9-4f42-8d5e-45273b86d373,1,ghp,2,482.0,2600.0,20.0,20.0,,,4163.07,13.0,382.0,0.6666666666666666,6.0,-0.06666666666666665,1,0,19.0,0.0,1.0,1,1,1,2,0.0,7.0,-7.0,5.0,0.0,1.0,0.0,16.0,212.210625,100.210625,100.210625,216.77,208.82,216.77,208.82,112,199.69,,339.5,0.08553257549201265,0.8947377232142857,1.565791015625,0.448637063391919,1.6370312500000002,0,0,0.8947377232142857,0,0,13.0,4423.07,5775.07,655.0699999999997,309.526,,,,0.0665705295138889,0.0,0.0,1.0,0.0,0.0,fundamental,7.0,20280904,20280904/ghp2
h04ar64h,fpjd0ju0,516b8be6-962e-4782-902a-b93434cfb6fc,bd5e8ce7-13d9-4f42-8d5e-45273b86d373,1,ghp,3,482.0,2600.0,20.0,0.0,0.0,0.0,4123.07,15.0,382.0,0.6666666666666666,6.0,-0.06666666666666665,1,0,19.0,0.0,1.0,1,1,1,2,1.0,0.0,1.0,5.0,1.0,1.0,0.0,5.0,309.526,205.526,205.526,339.5,278.13,350.0,278.13,104,216.77,199.69,363.16,0.5661761313834939,1.9762115384615386,3.21134375,0.06736956150480555,3.6796875,0,0,1.9762115384615386,0,0,14.0,4123.07,5467.07,467.0699999999997,358.0733333333333,5.594895833333333,1.5,-1.5,0.09464588888888888,0.0,0.0,1.0,0.0,0.0,fundamental,1.0,20280904,20280904/ghp2
h04ar64h,fpjd0ju0,516b8be6-962e-4782-902a-b93434cfb6fc,bd5e8ce7-13d9-4f42-8d5e-45273b86d373,1,ghp,4,482.0,2600.0,20.0,0.0,,,4847.29,14.0,382.0,0.6666666666666666,6.0,-0.06666666666666665,1,0,19.0,0.0,1.0,1,1,1,2,0.0,2.0,-2.0,4.0,0.0,1.0,0.0,3.0,358.0733333333333,262.0733333333333,262.0733333333333,363.16,350.0,363.16,350.0,96,339.5,216.77,350.0,0.06969072164948464,2.7299305555555553,4.094895833333333,-0.03691035402009746,4.174375,0,0,2.7299305555555553,0,0,12.0,4847.29,5903.29,1023.29,364.274,,,,0.11851331967213112,0.0,0.0,1.0,0.0,0.0,fundamental,2.0,20280904,20280904/ghp2
h04ar64h,fpjd0ju0,516b8be6-962e-4782-902a-b93434cfb6fc,bd5e8ce7-13d9-4f42-8d5e-45273b86d373,1,ghp,5,482.0,2600.0,20.0,8.0,,,5228.41,12.0,382.0,0.6666666666666666,6.0,-0.06666666666666665,1,0,19.0,0.0,1.0,1,1,1,2,1.0,2.0,-1.0,1.0,0.0,0.3333333333333333,0.6666666666666667,5.0,364.274,276.274,276.274,350.0,365.46,370.25,350.0,88,363.16,339.5,360.0,-0.03623747108712416,3.1394772727272726,4.31678125,0.028170876966696845,4.09375,0,0,3.1394772727272726,0,0,11.0,5316.41,6196.41,1316.4099999999999,367.275,,,,0.1405481557377049,0.0,0.0,1.0,0.0,0.0,fundamental,3.0,20280904,20280904/ghp2
h04ar64h,fpjd0ju0,516b8be6-962e-4782-902a-b93434cfb6fc,bd5e8ce7-13d9-4f42-8d5e-45273b86d373,1,ghp,6,482.0,2600.0,20.0,4.0,0.0,0.0,5324.41,13.0,382.0,0.6666666666666666,6.0,-0.06666666666666665,1,0,19.0,0.0,1.0,1,1,1,2,0.0,0.0,0.0,4.0,0.0,,,4.0,367.275,287.275,287.275,360.0,350.0,380.0,350.0,80,350.0,363.16,354.98,0.02857142857142847,3.5909375,4.488671875,-0.014042581589955638,4.375,0,0,3.5909375,0,0,11.0,5360.41,6152.41,1332.4099999999999,353.735,5.527109375,1.125,-1.125,0.1949971184877824,0.0,0.0,1.0,0.0,0.0,fundamental,0.0,20280904,20280904/ghp2
h04ar64h,fpjd0ju0,516b8be6-962e-4782-902a-b93434cfb6fc,bd5e8ce7-13d9-4f42-8d5e-45273b86d373,1,ghp,7,482.0,2600.0,20.0,4.0,,,5376.41,11.0,382.0,0.6666666666666666,6.0,-0.06666666666666665,1,0,19.0,0.0,1.0,1,1,1,2,0.0,0.0,0.0,1.0,0.0,,,4.0,353.735,281.735,281.735,354.98,360.0,360.0,349.98,72,360.0,350.0,350.0,-0.013944444444444426,3.9129861111111115,4.402109375,-0.014128295376741207,4.4215625,0,0,3.9129861111111115,0,0,11.0,5404.41,6108.41,1348.4099999999999,352.488,,,,0.21411006069094304,0.0,0.0,1.0,0.0,0.0,fundamental,0.0,20280904,20280904/ghp2
h04ar64h,fpjd0ju0,516b8be6-962e-4782-902a-b93434cfb6fc,bd5e8ce7-13d9-4f42-8d5e-45273b86d373,1,ghp,8,482.0,2600.0,20.0,4.0,,,5070.43,14.0,382.0,0.6666666666666666,6.0,-0.06666666666666665,1,0,19.0,0.0,1.0,1,1,1,2,1.0,0.0,1.0,2.0,0.0,1.0,0.0,5.0,352.488,288.488,288.488,350.0,354.98,357.48,349.98,64,354.98,360.0,321.83,-0.0140289593779932,4.507625,4.507625,-0.08390969866444653,4.46875,0,0,4.507625,1,1,12.0,5102.43,5774.43,1074.4300000000003,337.60166666666663,,,,0.24101572104018912,0.0,0.0,1.0,0.0,0.0,fundamental,1.0,20280904,20280904/ghp2
h04ar64h,fpjd0ju0,516b8be6-962e-4782-902a-b93434cfb6fc,bd5e8ce7-13d9-4f42-8d5e-45273b86d373,1,ghp,9,482.0,2600.0,20.0,20.0,0.0,0.0,5126.43,14.0,382.0,0.6666666666666666,6.0,-0.06666666666666665,1,0,19.0,0.0,1.0,1,1,1,2,0.0,0.0,0.0,2.0,0.0,,,6.0,337.60166666666663,281.60166666666663,281.60166666666663,321.83,355.0,355.0,321.83,56,350.0,354.98,50.0,-0.08048571428571438,5.02860119047619,4.400026041666666,-1.8620004503908665,4.15359375,0,0,5.02860119047619,1,0,12.0,5342.43,5918.43,1038.4300000000003,234.88400000000001,3.6700625000000002,0.75,-0.75,0.23909061930783243,0.0,0.0,1.0,0.0,0.0,fundamental,0.0,20280904,20280904/ghp2
h04ar64h,fpjd0ju0,516b8be6-962e-4782-902a-b93434cfb6fc,bd5e8ce7-13d9-4f42-8d5e-45273b86d373,1,ghp,10,482.0,2600.0,20.0,8.0,,,3862.5899999999992,17.0,382.0,0.6666666666666666,6.0,-0.06666666666666665,1,0,19.0,0.0,1.0,1,1,1,2,6.0,1.0,5.0,1.0,0.0,0.7142857142857143,0.2857142857142857,10.0,234.88400000000001,186.884,186.884,50.0,319.77,320.0,50.0,48,321.83,350.0,40.5,-0.8446384737283659,3.8934166666666665,2.9200625,-0.21072103131565267,0.03125,0,1,3.893416666666667,0,0,17.0,3934.59,4614.59,-265.40999999999985,44.166666666666664,,,,0.22365562386156645,0.0,0.0,1.0,0.0,0.0,fundamental,7.0,20280904,20280904/ghp2
h04ar64h,fpjd0ju0,516b8be6-962e-4782-902a-b93434cfb6fc,bd5e8ce7-13d9-4f42-8d5e-45273b86d373,1,ghp,11,482.0,2600.0,20.0,8.0,,,3998.5899999999992,17.0,382.0,0.6666666666666666,6.0,-0.06666666666666665,1,0,19.0,0.0,1.0,1,1,1,2,0.0,0.0,0.0,0.0,0.0,,,3.0,44.166666666666664,4.166666666666667,4.166666666666667,40.5,47.0,47.0,40.5,40,50.0,321.83,53.0,-0.18999999999999995,0.10416666666666667,0.06510416666666667,0.2689899394396287,0.0078125,0,0,0.1041666666666666,0,0,17.0,4070.59,4614.59,-265.40999999999985,101.0,,,,0.22335963114754093,0.0,0.0,1.0,0.0,0.0,fundamental,0.0,20280904,20280904/ghp2
h04ar64h,fpjd0ju0,516b8be6-962e-4782-902a-b93434cfb6fc,bd5e8ce7-13d9-4f42-8d5e-45273b86d373,1,ghp,12,482.0,2600.0,20.0,0.0,50.0,5.0,4134.589999999999,20.0,382.0,0.6666666666666666,6.0,-0.06666666666666665,1,0,19.0,0.0,1.0,1,1,1,2,0.0,0.0,0.0,3.0,0.0,,,3.0,101.0,69.0,69.0,53.0,100.0,150.0,53.0,32,40.5,50.0,60.0,0.308641975308642,2.15625,1.078125,0.12405264866997845,0.328125,0,0,2.15625,0,0,17.0,4070.59,4478.59,-281.40999999999985,42.205882352941174,0.12178308823529416,0.40625,0.40625,0.23500128384687205,0.0,0.0,1.0,0.0,0.0,fundamental,0.0,20280904,20280904/ghp2
h04ar64h,fpjd0ju0,516b8be6-962e-4782-902a-b93434cfb6fc,bd5e8ce7-13d9-4f42-8d5e-45273b86d373,1,ghp,13,482.0,2600.0,20.0,8.0,,,4279.589999999999,13.0,382.0,0.6666666666666666,6.0,-0.06666666666666665,1,0,19.0,0.0,1.0,1,1,1,2,0.0,4.0,-4.0,4.0,0.0,1.0,0.0,17.0,42.205882352941174,18.205882352941178,18.852941176470587,60.0,22.5,60.0,20.0,24,53.0,40.5,150.0,0.13207547169811318,0.7855392156862745,0.2945772058823529,0.9162907318741551,0.5625,0,0,0.7585784313725489,0,0,13.0,4319.59,4527.59,-232.40999999999985,125.21428571428571,,,,0.2456805555555555,0.0,0.0,1.0,0.0,0.0,fundamental,4.0,20280904,20280904/ghp2
h04ar64h,fpjd0ju0,516b8be6-962e-4782-902a-b93434cfb6fc,bd5e8ce7-13d9-4f42-8d5e-45273b86d373,1,ghp,14,482.0,2600.0,20.0,4.0,,,4613.589999999999,14.0,382.0,0.6666666666666666,6.0,-0.06666666666666665,1,0,19.0,0.0,1.0,1,1,1,2,0.0,2.0,-2.0,3.0,0.0,1.0,0.0,7.0,125.21428571428571,109.21428571428571,109.21428571428571,150.0,67.5,160.0,67.5,16,60.0,53.0,10.0,1.5,6.825892857142857,1.7064732142857142,-2.7080502011022096,2.09375,1,0,6.825892857142857,1,1,11.0,4593.59,4681.59,-18.409999999999854,59.666666666666664,,,,0.2838346335697399,0.0,0.0,1.0,0.0,0.0,fundamental,2.0,20280904,20280904/ghp2
h04ar64h,fpjd0ju0,516b8be6-962e-4782-902a-b93434cfb6fc,bd5e8ce7-13d9-4f42-8d5e-45273b86d373,1,ghp,15,482.0,2600.0,20.0,4.0,,,4669.589999999999,13.0,382.0,0.6666666666666666,6.0,-0.06666666666666665,1,0,19.0,0.0,1.0,1,1,1,2,0.0,0.0,0.0,2.0,0.0,,,3.0,59.666666666666664,51.666666666666664,51.666666666666664,10.0,100.0,100.0,10.0,8,150.0,60.0,,-0.9333333333333333,6.458333333333333,0.8072916666666666,,0.03125,0,1,6.458333333333333,1,0,11.0,4637.59,4637.59,-2.4099999999998545,,,,,0.29825682471264364,0.0,0.0,1.0,0.0,0.0,fundamental,0.0,20280904,20280904/ghp2
h04ar64h,wqx1o2wk,7f65a94b-9e74-42b9-8621-a54576497acf,201ffda4-e772-447d-be35-4ecb3e699ac7,0,ng,1,5899.0,2600.0,20.0,4.0,,,2120.0,24.0,5739.0,0.8333333333333334,6.0,-0.2333333333333334,1,1,23.0,1.0,1.0,1,0,0,2,4.0,0.0,4.0,6.0,2.0,1.0,0.0,6.0,120.33333333333333,0.3333333333333333,0.3333333333333333,120.0,120.0,121.0,120.0,120,,,116.0,,0.0027777777777777775,0.005208333333333333,-0.03390155167568132,0.0,0,0,0.0027777777777777384,0,0,24.0,2216.0,4904.0,-36.0,118.16666666666667,,,,0.0028115159694107063,0.0,1.0,0.0,0.0,0.0,speculator,4.0,20280904,20280904/ng2
h04ar64h,wqx1o2wk,7f65a94b-9e74-42b9-8621-a54576497acf,201ffda4-e772-447d-be35-4ecb3e699ac7,0,ng,2,5899.0,2600.0,20.0,20.0,,,1985.0,26.0,5739.0,0.8333333333333334,6.0,-0.2333333333333334,1,1,23.0,1.0,1.0,1,0,0,2,3.0,1.0,2.0,5.0,1.0,0.5,0.5,9.0,118.16666666666667,6.166666666666667,6.166666666666667,116.0,117.0,123.0,116.0,112,120.0,,110.0,-0.033333333333333326,0.055059523809523815,0.09635416666666667,-0.05310982531394792,0.0625,0,0,0.05505952380952385,0,0,26.0,2505.0,5209.0,89.0,113.625,,,,0.006244574652777778,0.0,1.0,0.0,0.0,0.0,speculator,4.0,20280904,20280904/ng2
h04ar64h,wqx1o2wk,7f65a94b-9e74-42b9-8621-a54576497acf,201ffda4-e772-447d-be35-4ecb3e699ac7,0,ng,3,5899.0,2600.0,20.0,0.0,100.0,3.0,2393.0,28.0,5739.0,0.8333333333333334,6.0,-0.2333333333333334,1,1,23.0,1.0,1.0,1,0,0,2,1.0,0.0,1.0,6.0,3.0,1.0,0.0,6.0,113.625,9.625,9.625,110.0,116.25,116.25,110.0,104,116.0,120.0,105.0,-0.051724137931034475,0.09254807692307693,0.150390625,-0.0465200156348935,0.09375,0,0,0.09254807692307693,0,0,27.0,2393.0,4985.0,-15.0,107.25,0.11328125,0.0625,0.0625,0.006119444444444445,0.0,1.0,0.0,0.0,0.0,speculator,1.0,20280904,20280904/ng2
h04ar64h,wqx1o2wk,7f65a94b-9e74-42b9-8621-a54576497acf,201ffda4-e772-447d-be35-4ecb3e699ac7,0,ng,4,5899.0,2600.0,20.0,0.0,,,2069.0,30.0,5739.0,0.8333333333333334,6.0,-0.2333333333333334,1,1,23.0,1.0,1.0,1,0,0,2,3.0,0.0,3.0,3.0,0.0,1.0,0.0,4.0,107.25,11.25,11.25,105.0,108.0,108.0,105.0,96,110.0,116.0,89.0,-0.045454545454545414,0.1171875,0.17578125,-0.16532398042538343,0.140625,0,0,0.1171875,0,0,30.0,2069.0,4709.0,-171.0,97.09857142857143,,,,0.01649020947176685,0.0,1.0,0.0,0.0,0.0,speculator,3.0,20280904,20280904/ng2
h04ar64h,wqx1o2wk,7f65a94b-9e74-42b9-8621-a54576497acf,201ffda4-e772-447d-be35-4ecb3e699ac7,0,ng,5,5899.0,2600.0,20.0,8.0,,,1864.0,32.0,5739.0,0.8333333333333334,6.0,-0.2333333333333334,1,1,23.0,1.0,1.0,1,0,0,2,3.0,1.0,2.0,4.0,3.0,0.5,0.5,7.0,97.09857142857143,9.09857142857143,9.09857142857143,89.0,98.9,98.9,89.0,88,105.0,110.0,88.0,-0.1523809523809524,0.10339285714285716,0.1421651785714286,-0.01129955525393278,0.015625,0,0,0.10339285714285719,0,0,32.0,2120.0,4680.0,-200.0,88.0,,,,0.018771402550091087,0.0,1.0,0.0,0.0,0.0,speculator,4.0,20280904,20280904/ng2
h04ar64h,wqx1o2wk,7f65a94b-9e74-42b9-8621-a54576497acf,201ffda4-e772-447d-be35-4ecb3e699ac7,0,ng,6,5899.0,2600.0,20.0,4.0,86.0,3.0,2032.0,36.0,5739.0,0.8333333333333334,6.0,-0.2333333333333334,1,1,23.0,1.0,1.0,1,0,0,2,1.0,0.0,1.0,3.0,3.0,1.0,0.0,1.0,88.0,8.0,8.0,88.0,88.0,88.0,88.0,80,89.0,105.0,94.0,-0.011235955056179803,0.1,0.125,0.06595796779179697,0.125,0,0,0.1,0,0,33.0,2164.0,4540.0,-280.0,93.5,0.1171875,0.21875,0.21875,0.025030313508529287,0.0,1.0,0.0,0.0,0.0,speculator,1.0,20280904,20280904/ng2
h04ar64h,wqx1o2wk,7f65a94b-9e74-42b9-8621-a54576497acf,201ffda4-e772-447d-be35-4ecb3e699ac7,0,ng,7,5899.0,2600.0,20.0,4.0,,,1989.0,35.0,5739.0,0.8333333333333334,6.0,-0.2333333333333334,1,1,23.0,1.0,1.0,1,0,0,2,2.0,0.0,2.0,0.0,0.0,1.0,0.0,2.0,93.5,21.5,21.5,94.0,93.0,94.0,93.0,72,88.0,89.0,85.0,0.06818181818181812,0.2986111111111111,0.3359375,-0.10064352577968716,0.34375,0,0,0.2986111111111111,0,0,35.0,2117.0,4357.0,-403.0,85.0,,,,0.031919701213818874,0.0,1.0,0.0,0.0,0.0,speculator,2.0,20280904,20280904/ng2
h04ar64h,wqx1o2wk,7f65a94b-9e74-42b9-8621-a54576497acf,201ffda4-e772-447d-be35-4ecb3e699ac7,0,ng,8,5899.0,2600.0,20.0,4.0,,,2384.0,34.0,5739.0,0.8333333333333334,6.0,-0.2333333333333334,1,1,23.0,1.0,1.0,1,0,0,2,0.0,3.0,-3.0,6.0,6.0,1.0,0.0,3.0,85.0,21.0,21.0,85.0,85.0,85.0,85.0,64,94.0,88.0,75.0,-0.0957446808510638,0.328125,0.328125,-0.12516314295400655,0.328125,0,0,0.328125,0,0,32.0,2500.0,4292.0,-408.0,78.58500000000001,,,,0.03701690307328606,0.0,1.0,0.0,0.0,0.0,speculator,3.0,20280904,20280904/ng2
h04ar64h,wqx1o2wk,7f65a94b-9e74-42b9-8621-a54576497acf,201ffda4-e772-447d-be35-4ecb3e699ac7,0,ng,9,5899.0,2600.0,20.0,20.0,0.0,0.0,2677.17,33.0,5739.0,0.8333333333333334,6.0,-0.2333333333333334,1,1,23.0,1.0,1.0,1,0,0,2,0.0,2.0,-2.0,4.0,3.0,1.0,0.0,2.0,78.58500000000001,22.585,22.585,75.0,82.17,82.17,75.0,56,85.0,94.0,75.0,-0.11764705882352944,0.40330357142857143,0.352890625,0.0,0.296875,0,0,0.4033035714285716,0,0,30.0,3257.17,4697.17,-182.82999999999993,,,0.75,-0.75,0.018880464480874326,0.0,1.0,0.0,0.0,0.0,speculator,2.0,20280904,20280904/ng2
h04ar64h,wqx1o2wk,7f65a94b-9e74-42b9-8621-a54576497acf,201ffda4-e772-447d-be35-4ecb3e699ac7,0,ng,10,5899.0,2600.0,20.0,8.0,,,3337.17,34.0,5739.0,0.8333333333333334,6.0,-0.2333333333333334,1,1,23.0,1.0,1.0,1,0,0,2,0.0,0.0,0.0,7.0,7.0,,,0.0,,,,75.0,,,,48,75.0,85.0,42.5,0.0,,,-0.5679840376059389,0.421875,0,0,,0,0,30.0,3497.17,4697.17,-182.82999999999993,42.5,,,,0.018880464480874326,0.0,1.0,0.0,0.0,0.0,speculator,0.0,20280904,20280904/ng2
h04ar64h,wqx1o2wk,7f65a94b-9e74-42b9-8621-a54576497acf,201ffda4-e772-447d-be35-4ecb3e699ac7,0,ng,11,5899.0,2600.0,20.0,8.0,,,3651.67,32.0,5739.0,0.8333333333333334,6.0,-0.2333333333333334,1,1,23.0,1.0,1.0,1,0,0,2,0.0,1.0,-1.0,3.0,3.0,1.0,0.0,1.0,42.5,2.5,2.5,42.5,42.5,42.5,42.5,40,75.0,75.0,32.0,-0.43333333333333335,0.0625,0.0390625,-0.28376817313064473,0.0390625,0,0,0.0625,0,0,29.0,3771.67,4699.67,-180.32999999999993,36.75,,,,0.018766621129326057,0.0,1.0,0.0,0.0,0.0,speculator,1.0,20280904,20280904/ng2
h04ar64h,wqx1o2wk,7f65a94b-9e74-42b9-8621-a54576497acf,201ffda4-e772-447d-be35-4ecb3e699ac7,0,ng,12,5899.0,2600.0,20.0,0.0,24.0,3.0,3939.67,31.0,5739.0,0.8333333333333334,6.0,-0.2333333333333334,1,1,23.0,1.0,1.0,1,0,0,2,0.0,1.0,-1.0,6.0,6.0,1.0,0.0,2.0,36.75,4.75,4.75,32.0,41.5,41.5,32.0,32,42.5,75.0,22.0,-0.24705882352941178,0.1484375,0.07421875,-0.3746934494414105,0.0,0,0,0.1484375,0,0,28.0,3803.67,4475.67,-284.3299999999999,22.605,0.021796874999999993,0.0,0.0,0.029808123249299733,0.0,1.0,0.0,0.0,0.0,speculator,1.0,20280904,20280904/ng2
h04ar64h,wqx1o2wk,7f65a94b-9e74-42b9-8621-a54576497acf,201ffda4-e772-447d-be35-4ecb3e699ac7,0,ng,13,5899.0,2600.0,20.0,8.0,,,3983.67,26.0,5739.0,0.8333333333333334,6.0,-0.2333333333333334,1,1,23.0,1.0,1.0,1,0,0,2,0.0,2.0,-2.0,4.0,4.0,1.0,0.0,6.0,22.605,-1.3950000000000002,1.7283333333333335,22.0,23.63,25.0,21.0,24,32.0,42.5,13.0,-0.3125,0.07201388888888889,0.027005208333333336,-0.5260930958967793,-0.03125,0,0,-0.05812499999999998,0,0,26.0,4055.67,4471.67,-288.3299999999999,13.697272727272725,,,,0.03010725957049487,0.0,1.0,0.0,0.0,0.0,speculator,2.0,20280904,20280904/ng2
h04ar64h,wqx1o2wk,7f65a94b-9e74-42b9-8621-a54576497acf,201ffda4-e772-447d-be35-4ecb3e699ac7,0,ng,14,5899.0,2600.0,20.0,4.0,,,4475.01,5.0,5739.0,0.8333333333333334,6.0,-0.2333333333333334,1,1,23.0,1.0,1.0,1,0,0,2,0.0,21.0,-21.0,0.0,0.0,1.0,0.0,22.0,13.697272727272725,-2.3027272727272727,2.9845454545454544,13.0,20.0,20.0,12.0,16,22.0,32.0,6.0,-0.40909090909090906,0.1865340909090909,0.046633522727272725,-0.7731898882334818,-0.046875,0,0,-0.14392045454545466,0,0,5.0,4359.01,4399.01,-300.9899999999998,8.035714285714286,,,,0.03399822695035461,0.0,1.0,0.0,0.0,0.0,speculator,21.0,20280904,20280904/ng2
h04ar64h,wqx1o2wk,7f65a94b-9e74-42b9-8621-a54576497acf,201ffda4-e772-447d-be35-4ecb3e699ac7,0,ng,15,5899.0,2600.0,20.0,4.0,,,4531.01,0.0,5739.0,0.8333333333333334,6.0,-0.2333333333333334,1,1,23.0,1.0,1.0,1,0,0,2,0.0,5.0,-5.0,2.0,1.0,1.0,0.0,7.0,8.035714285714286,0.03571428571428571,1.75,6.0,10.25,10.25,6.0,8,13.0,22.0,,-0.5384615384615384,0.21875,0.02734375,,-0.03125,0,0,0.0044642857142858094,0,0,0.0,4395.01,4395.01,-244.98999999999978,,,,,0.036424209770114936,0.0,1.0,0.0,0.0,0.0,speculator,5.0,20280904,20280904/ng2
h04ar64h,5koml6p7,7f65a94b-9e74-42b9-8621-a54576497acf,3ec8d9d6-b485-45b9-b4ed-1c94cd08ffeb,0,ng,1,5187.0,2600.0,20.0,4.0,,,2842.0,24.0,5087.0,0.6666666666666666,9.0,0.2333333333333334,2,0,23.0,1.0,1.0,1,0,0,2,0.0,2.0,-2.0,9.0,5.0,1.0,0.0,6.0,120.33333333333333,0.3333333333333333,0.3333333333333333,120.0,120.0,121.0,120.0,120,,,116.0,,0.0027777777777777775,0.005208333333333333,-0.03390155167568132,0.0,0,0,0.0027777777777777384,0,0,18.0,2914.0,4930.0,-10.0,118.16666666666667,,,,0.0028115159694107063,0.0,0.0,1.0,0.0,1.0,market_maker,2.0,20280904,20280904/ng2
h04ar64h,5koml6p7,7f65a94b-9e74-42b9-8621-a54576497acf,3ec8d9d6-b485-45b9-b4ed-1c94cd08ffeb,0,ng,2,5187.0,2600.0,20.0,20.0,,,3532.5,13.0,5087.0,0.6666666666666666,9.0,0.2333333333333334,2,0,23.0,1.0,1.0,1,0,0,2,0.0,5.0,-5.0,0.0,0.0,1.0,0.0,9.0,118.16666666666667,6.166666666666667,6.166666666666667,116.0,117.0,123.0,116.0,112,120.0,,110.0,-0.033333333333333326,0.055059523809523815,0.09635416666666667,-0.05310982531394792,0.0625,0,0,0.05505952380952385,0,0,13.0,3768.5,5120.5,0.5,113.625,,,,0.006244574652777778,0.0,0.0,1.0,0.0,1.0,market_maker,5.0,20280904,20280904/ng2
h04ar64h,5koml6p7,7f65a94b-9e74-42b9-8621-a54576497acf,3ec8d9d6-b485-45b9-b4ed-1c94cd08ffeb,0,ng,3,5187.0,2600.0,20.0,0.0,95.0,3.0,4364.25,10.0,5087.0,0.6666666666666666,9.0,0.2333333333333334,2,0,23.0,1.0,1.0,1,0,0,2,0.0,5.0,-5.0,3.0,3.0,1.0,0.0,6.0,113.625,9.625,9.625,110.0,116.25,116.25,110.0,104,116.0,120.0,105.0,-0.051724137931034475,0.09254807692307693,0.150390625,-0.0465200156348935,0.09375,0,0,0.09254807692307693,0,0,8.0,4340.25,5108.25,108.25,107.25,0.19140625,0.015625,-0.015625,0.006119444444444445,0.0,0.0,1.0,0.0,1.0,market_maker,5.0,20280904,20280904/ng2
h04ar64h,5koml6p7,7f65a94b-9e74-42b9-8621-a54576497acf,3ec8d9d6-b485-45b9-b4ed-1c94cd08ffeb,0,ng,4,5187.0,2600.0,20.0,0.0,,,4685.25,6.0,5087.0,0.6666666666666666,9.0,0.2333333333333334,2,0,23.0,1.0,1.0,1,0,0,2,0.0,3.0,-3.0,2.0,2.0,1.0,0.0,4.0,107.25,11.25,11.25,105.0,108.0,108.0,105.0,96,110.0,116.0,89.0,-0.045454545454545414,0.1171875,0.17578125,-0.16532398042538343,0.140625,0,0,0.1171875,0,0,5.0,4661.25,5101.25,221.25,97.09857142857143,,,,0.01649020947176685,0.0,0.0,1.0,0.0,1.0,market_maker,3.0,20280904,20280904/ng2
h04ar64h,5koml6p7,7f65a94b-9e74-42b9-8621-a54576497acf,3ec8d9d6-b485-45b9-b4ed-1c94cd08ffeb,0,ng,5,5187.0,2600.0,20.0,8.0,,,5088.94,1.0,5087.0,0.6666666666666666,9.0,0.2333333333333334,2,0,23.0,1.0,1.0,1,0,0,2,1.0,5.0,-4.0,7.0,6.0,0.6666666666666666,0.33333333333333337,7.0,97.09857142857143,9.09857142857143,9.09857142857143,89.0,98.9,98.9,89.0,88,105.0,110.0,88.0,-0.1523809523809524,0.10339285714285716,0.1421651785714286,-0.01129955525393278,0.015625,0,0,0.10339285714285719,0,0,1.0,5072.9400000000005,5152.9400000000005,272.9400000000005,88.0,,,,0.018771402550091087,0.0,0.0,1.0,0.0,1.0,market_maker,6.0,20280904,20280904/ng2
h04ar64h,5koml6p7,7f65a94b-9e74-42b9-8621-a54576497acf,3ec8d9d6-b485-45b9-b4ed-1c94cd08ffeb,0,ng,6,5187.0,2600.0,20.0,4.0,78.0,2.0,5184.94,0.0,5087.0,0.6666666666666666,9.0,0.2333333333333334,2,0,23.0,1.0,1.0,1,0,0,2,0.0,1.0,-1.0,5.0,5.0,1.0,0.0,1.0,88.0,8.0,8.0,88.0,88.0,88.0,88.0,80,89.0,105.0,94.0,-0.011235955056179803,0.1,0.125,0.06595796779179697,0.125,0,0,0.1,0,0,0.0,5160.9400000000005,5160.9400000000005,340.9400000000005,93.5,0.2421875,0.09375,0.09375,0.025030313508529287,0.0,0.0,1.0,0.0,1.0,market_maker,1.0,20280904,20280904/ng2
h04ar64h,5koml6p7,7f65a94b-9e74-42b9-8621-a54576497acf,3ec8d9d6-b485-45b9-b4ed-1c94cd08ffeb,0,ng,7,5187.0,2600.0,20.0,4.0,,,5184.94,0.0,5087.0,0.6666666666666666,9.0,0.2333333333333334,2,0,23.0,1.0,1.0,1,0,0,2,0.0,0.0,0.0,1.0,1.0,,,2.0,93.5,21.5,21.5,94.0,93.0,94.0,93.0,72,88.0,89.0,85.0,0.06818181818181812,0.2986111111111111,0.3359375,-0.10064352577968716,0.34375,0,0,0.2986111111111111,0,0,0.0,5160.9400000000005,5160.9400000000005,400.9400000000005,85.0,,,,0.031919701213818874,0.0,0.0,1.0,0.0,1.0,market_maker,0.0,20280904,20280904/ng2
h04ar64h,5koml6p7,7f65a94b-9e74-42b9-8621-a54576497acf,3ec8d9d6-b485-45b9-b4ed-1c94cd08ffeb,0,ng,8,5187.0,2600.0,20.0,4.0,,,5184.94,0.0,5087.0,0.6666666666666666,9.0,0.2333333333333334,2,0,23.0,1.0,1.0,1,0,0,2,0.0,0.0,0.0,4.0,4.0,,,3.0,85.0,21.0,21.0,85.0,85.0,85.0,85.0,64,94.0,88.0,75.0,-0.0957446808510638,0.328125,0.328125,-0.12516314295400655,0.328125,0,0,0.328125,0,0,0.0,5160.9400000000005,5160.9400000000005,460.9400000000005,78.58500000000001,,,,0.03701690307328606,0.0,0.0,1.0,0.0,1.0,market_maker,0.0,20280904,20280904/ng2
h04ar64h,5koml6p7,7f65a94b-9e74-42b9-8621-a54576497acf,3ec8d9d6-b485-45b9-b4ed-1c94cd08ffeb,0,ng,9,5187.0,2600.0,20.0,20.0,42.0,2.0,5184.94,0.0,5087.0,0.6666666666666666,9.0,0.2333333333333334,2,0,23.0,1.0,1.0,1,0,0,2,0.0,0.0,0.0,3.0,3.0,,,2.0,78.58500000000001,22.585,22.585,75.0,82.17,82.17,75.0,56,85.0,94.0,75.0,-0.11764705882352944,0.40330357142857143,0.352890625,0.0,0.296875,0,0,0.4033035714285716,0,0,0.0,5160.9400000000005,5160.9400000000005,280.9400000000005,,,0.09375,-0.09375,0.018880464480874326,0.0,0.0,1.0,0.0,1.0,market_maker,0.0,20280904,20280904/ng2
h04ar64h,5koml6p7,7f65a94b-9e74-42b9-8621-a54576497acf,3ec8d9d6-b485-45b9-b4ed-1c94cd08ffeb,0,ng,10,5187.0,2600.0,20.0,8.0,,,5184.94,0.0,5087.0,0.6666666666666666,9.0,0.2333333333333334,2,0,23.0,1.0,1.0,1,0,0,2,0.0,0.0,0.0,3.0,3.0,,,0.0,,,,75.0,,,,48,75.0,85.0,42.5,0.0,,,-0.5679840376059389,0.421875,0,0,,0,0,0.0,5160.9400000000005,5160.9400000000005,280.9400000000005,42.5,,,,0.018880464480874326,0.0,0.0,1.0,0.0,1.0,market_maker,0.0,20280904,20280904/ng2
h04ar64h,5koml6p7,7f65a94b-9e74-42b9-8621-a54576497acf,3ec8d9d6-b485-45b9-b4ed-1c94cd08ffeb,0,ng,11,5187.0,2600.0,20.0,8.0,,,5184.94,0.0,5087.0,0.6666666666666666,9.0,0.2333333333333334,2,0,23.0,1.0,1.0,1,0,0,2,0.0,0.0,0.0,5.0,5.0,,,1.0,42.5,2.5,2.5,42.5,42.5,42.5,42.5,40,75.0,75.0,32.0,-0.43333333333333335,0.0625,0.0390625,-0.28376817313064473,0.0390625,0,0,0.0625,0,0,0.0,5160.9400000000005,5160.9400000000005,280.9400000000005,36.75,,,,0.018766621129326057,0.0,0.0,1.0,0.0,1.0,market_maker,0.0,20280904,20280904/ng2
h04ar64h,5koml6p7,7f65a94b-9e74-42b9-8621-a54576497acf,3ec8d9d6-b485-45b9-b4ed-1c94cd08ffeb,0,ng,12,5187.0,2600.0,20.0,0.0,20.0,5.0,5184.94,0.0,5087.0,0.6666666666666666,9.0,0.2333333333333334,2,0,23.0,1.0,1.0,1,0,0,2,0.0,0.0,0.0,4.0,4.0,,,2.0,36.75,4.75,4.75,32.0,41.5,41.5,32.0,32,42.5,75.0,22.0,-0.24705882352941178,0.1484375,0.07421875,-0.3746934494414105,0.0,0,0,0.1484375,0,0,0.0,5160.9400000000005,5160.9400000000005,400.9400000000005,22.605,0.04070312500000001,0.0625,-0.0625,0.029808123249299733,0.0,0.0,1.0,0.0,1.0,market_maker,0.0,20280904,20280904/ng2
h04ar64h,5koml6p7,7f65a94b-9e74-42b9-8621-a54576497acf,3ec8d9d6-b485-45b9-b4ed-1c94cd08ffeb,0,ng,13,5187.0,2600.0,20.0,8.0,,,5093.94,4.0,5087.0,0.6666666666666666,9.0,0.2333333333333334,2,0,23.0,1.0,1.0,1,0,0,2,4.0,0.0,4.0,9.0,5.0,1.0,0.0,6.0,22.605,-1.3950000000000002,1.7283333333333335,22.0,23.63,25.0,21.0,24,32.0,42.5,13.0,-0.3125,0.07201388888888889,0.027005208333333336,-0.5260930958967793,-0.03125,0,0,-0.05812499999999998,0,0,4.0,5101.9400000000005,5165.9400000000005,405.9400000000005,13.697272727272725,,,,0.03010725957049487,0.0,0.0,1.0,0.0,1.0,market_maker,4.0,20280904,20280904/ng2
h04ar64h,5koml6p7,7f65a94b-9e74-42b9-8621-a54576497acf,3ec8d9d6-b485-45b9-b4ed-1c94cd08ffeb,0,ng,14,5187.0,2600.0,20.0,4.0,,,4922.94,20.0,5087.0,0.6666666666666666,9.0,0.2333333333333334,2,0,23.0,1.0,1.0,1,0,0,2,17.0,1.0,16.0,26.0,9.0,0.8888888888888888,0.11111111111111116,22.0,13.697272727272725,-2.3027272727272727,2.9845454545454544,13.0,20.0,20.0,12.0,16,22.0,32.0,6.0,-0.40909090909090906,0.1865340909090909,0.046633522727272725,-0.7731898882334818,-0.046875,0,0,-0.14392045454545466,0,0,20.0,4978.9400000000005,5138.9400000000005,438.9400000000005,8.035714285714286,,,,0.03399822695035461,0.0,0.0,1.0,0.0,1.0,market_maker,18.0,20280904,20280904/ng2
h04ar64h,5koml6p7,7f65a94b-9e74-42b9-8621-a54576497acf,3ec8d9d6-b485-45b9-b4ed-1c94cd08ffeb,0,ng,15,5187.0,2600.0,20.0,4.0,,,5006.94,20.0,5087.0,0.6666666666666666,9.0,0.2333333333333334,2,0,23.0,1.0,1.0,1,0,0,2,1.0,1.0,0.0,15.0,4.0,0.0,1.0,7.0,8.035714285714286,0.03571428571428571,1.75,6.0,10.25,10.25,6.0,8,13.0,22.0,,-0.5384615384615384,0.21875,0.02734375,,-0.03125,0,0,0.0044642857142858094,0,0,20.0,5062.9400000000005,5062.9400000000005,422.9400000000005,,,,,0.036424209770114936,0.0,0.0,1.0,0.0,1.0,market_maker,2.0,20280904,20280904/ng2
h04ar64h,2eqstpu0,7f65a94b-9e74-42b9-8621-a54576497acf,40e35ef5-06aa-48e0-a4a1-d6ce860696a7,0,ng,1,5907.0,3800.0,10.0,4.0,,,3558.0,12.0,5757.0,0.75,4.0,-0.35,2,0,18.0,1.0,0.0,1,0,0,2,2.0,0.0,2.0,1.0,1.0,1.0,0.0,6.0,120.33333333333333,0.3333333333333333,0.3333333333333333,120.0,120.0,121.0,120.0,120,,,116.0,,0.0027777777777777775,0.005208333333333333,-0.03390155167568132,0.0,0,0,0.0027777777777777384,0,0,12.0,3606.0,4950.0,10.0,118.16666666666667,,,,0.0028115159694107063,0.0,0.0,0.0,1.0,0.0,other,2.0,20280904,20280904/ng2
h04ar64h,2eqstpu0,7f65a94b-9e74-42b9-8621-a54576497acf,40e35ef5-06aa-48e0-a4a1-d6ce860696a7,0,ng,2,5907.0,3800.0,10.0,20.0,,,3136.5,16.0,5757.0,0.75,4.0,-0.35,2,0,18.0,1.0,0.0,1,0,0,2,4.0,0.0,4.0,6.0,1.0,1.0,0.0,9.0,118.16666666666667,6.166666666666667,6.166666666666667,116.0,117.0,123.0,116.0,112,120.0,,110.0,-0.033333333333333326,0.055059523809523815,0.09635416666666667,-0.05310982531394792,0.0625,0,0,0.05505952380952385,0,0,16.0,3456.5,5120.5,0.5,113.625,,,,0.006244574652777778,0.0,0.0,0.0,1.0,0.0,other,4.0,20280904,20280904/ng2
h04ar64h,2eqstpu0,7f65a94b-9e74-42b9-8621-a54576497acf,40e35ef5-06aa-48e0-a4a1-d6ce860696a7,0,ng,3,5907.0,3800.0,10.0,0.0,107.0,4.0,3001.25,20.0,5757.0,0.75,4.0,-0.35,2,0,18.0,1.0,0.0,1,0,0,2,4.0,0.0,4.0,4.0,1.0,1.0,0.0,6.0,113.625,9.625,9.625,110.0,116.25,116.25,110.0,104,116.0,120.0,105.0,-0.051724137931034475,0.09254807692307693,0.150390625,-0.0465200156348935,0.09375,0,0,0.09254807692307693,0,0,20.0,3001.25,4921.25,-78.75,107.25,0.00390625,0.171875,0.171875,0.006119444444444445,0.0,0.0,0.0,1.0,0.0,other,4.0,20280904,20280904/ng2
h04ar64h,2eqstpu0,7f65a94b-9e74-42b9-8621-a54576497acf,40e35ef5-06aa-48e0-a4a1-d6ce860696a7,0,ng,4,5907.0,3800.0,10.0,0.0,,,3001.25,20.0,5757.0,0.75,4.0,-0.35,2,0,18.0,1.0,0.0,1,0,0,2,0.0,0.0,0.0,0.0,0.0,,,4.0,107.25,11.25,11.25,105.0,108.0,108.0,105.0,96,110.0,116.0,89.0,-0.045454545454545414,0.1171875,0.17578125,-0.16532398042538343,0.140625,0,0,0.1171875,0,0,20.0,3001.25,4761.25,-118.75,97.09857142857143,,,,0.01649020947176685,0.0,0.0,0.0,1.0,0.0,other,0.0,20280904,20280904/ng2
h04ar64h,2eqstpu0,7f65a94b-9e74-42b9-8621-a54576497acf,40e35ef5-06aa-48e0-a4a1-d6ce860696a7,0,ng,5,5907.0,3800.0,10.0,8.0,,,3001.25,22.0,5757.0,0.75,4.0,-0.35,2,0,18.0,1.0,0.0,1,0,0,2,0.0,0.0,0.0,5.0,5.0,,,7.0,97.09857142857143,9.09857142857143,9.09857142857143,89.0,98.9,98.9,89.0,88,105.0,110.0,88.0,-0.1523809523809524,0.10339285714285716,0.1421651785714286,-0.01129955525393278,0.015625,0,0,0.10339285714285719,0,0,20.0,3161.25,4761.25,-118.75,88.0,,,,0.018771402550091087,0.0,0.0,0.0,1.0,0.0,other,0.0,20280904,20280904/ng2
h04ar64h,2eqstpu0,7f65a94b-9e74-42b9-8621-a54576497acf,40e35ef5-06aa-48e0-a4a1-d6ce860696a7,0,ng,6,5907.0,3800.0,10.0,4.0,90.0,3.0,3177.25,20.0,5757.0,0.75,4.0,-0.35,2,0,18.0,1.0,0.0,1,0,0,2,0.0,0.0,0.0,0.0,0.0,,,1.0,88.0,8.0,8.0,88.0,88.0,88.0,88.0,80,89.0,105.0,94.0,-0.011235955056179803,0.1,0.125,0.06595796779179697,0.125,0,0,0.1,0,0,20.0,3241.25,4681.25,-138.75,93.5,0.0546875,0.28125,0.28125,0.025030313508529287,0.0,0.0,0.0,1.0,0.0,other,0.0,20280904,20280904/ng2
h04ar64h,2eqstpu0,7f65a94b-9e74-42b9-8621-a54576497acf,40e35ef5-06aa-48e0-a4a1-d6ce860696a7,0,ng,7,5907.0,3800.0,10.0,4.0,,,3257.25,20.0,5757.0,0.75,4.0,-0.35,2,0,18.0,1.0,0.0,1,0,0,2,0.0,0.0,0.0,0.0,0.0,,,2.0,93.5,21.5,21.5,94.0,93.0,94.0,93.0,72,88.0,89.0,85.0,0.06818181818181812,0.2986111111111111,0.3359375,-0.10064352577968716,0.34375,0,0,0.2986111111111111,0,0,20.0,3321.25,4601.25,-158.75,85.0,,,,0.031919701213818874,0.0,0.0,0.0,1.0,0.0,other,0.0,20280904,20280904/ng2
h04ar64h,2eqstpu0,7f65a94b-9e74-42b9-8621-a54576497acf,40e35ef5-06aa-48e0-a4a1-d6ce860696a7,0,ng,8,5907.0,3800.0,10.0,4.0,,,3337.25,20.0,5757.0,0.75,4.0,-0.35,2,0,18.0,1.0,0.0,1,0,0,2,0.0,0.0,0.0,0.0,0.0,,,3.0,85.0,21.0,21.0,85.0,85.0,85.0,85.0,64,94.0,88.0,75.0,-0.0957446808510638,0.328125,0.328125,-0.12516314295400655,0.328125,0,0,0.328125,0,0,20.0,3401.25,4521.25,-178.75,78.58500000000001,,,,0.03701690307328606,0.0,0.0,0.0,1.0,0.0,other,0.0,20280904,20280904/ng2
h04ar64h,2eqstpu0,7f65a94b-9e74-42b9-8621-a54576497acf,40e35ef5-06aa-48e0-a4a1-d6ce860696a7,0,ng,9,5907.0,3800.0,10.0,20.0,50.0,4.0,3417.25,20.0,5757.0,0.75,4.0,-0.35,2,0,18.0,1.0,0.0,1,0,0,2,0.0,0.0,0.0,0.0,0.0,,,2.0,78.58500000000001,22.585,22.585,75.0,82.17,82.17,75.0,56,85.0,94.0,75.0,-0.11764705882352944,0.40330357142857143,0.352890625,0.0,0.296875,0,0,0.4033035714285716,0,0,20.0,3801.25,4761.25,-118.75,,,0.03125,0.03125,0.018880464480874326,0.0,0.0,0.0,1.0,0.0,other,0.0,20280904,20280904/ng2
h04ar64h,2eqstpu0,7f65a94b-9e74-42b9-8621-a54576497acf,40e35ef5-06aa-48e0-a4a1-d6ce860696a7,0,ng,10,5907.0,3800.0,10.0,8.0,,,3817.25,20.0,5757.0,0.75,4.0,-0.35,2,0,18.0,1.0,0.0,1,0,0,2,0.0,0.0,0.0,0.0,0.0,,,0.0,,,,75.0,,,,48,75.0,85.0,42.5,0.0,,,-0.5679840376059389,0.421875,0,0,,0,0,20.0,3961.25,4761.25,-118.75,42.5,,,,0.018880464480874326,0.0,0.0,0.0,1.0,0.0,other,0.0,20280904,20280904/ng2
h04ar64h,2eqstpu0,7f65a94b-9e74-42b9-8621-a54576497acf,40e35ef5-06aa-48e0-a4a1-d6ce860696a7,0,ng,11,5907.0,3800.0,10.0,8.0,,,3977.25,20.0,5757.0,0.75,4.0,-0.35,2,0,18.0,1.0,0.0,1,0,0,2,0.0,0.0,0.0,0.0,0.0,,,1.0,42.5,2.5,2.5,42.5,42.5,42.5,42.5,40,75.0,75.0,32.0,-0.43333333333333335,0.0625,0.0390625,-0.28376817313064473,0.0390625,0,0,0.0625,0,0,20.0,4121.25,4761.25,-118.75,36.75,,,,0.018766621129326057,0.0,0.0,0.0,1.0,0.0,other,0.0,20280904,20280904/ng2
h04ar64h,2eqstpu0,7f65a94b-9e74-42b9-8621-a54576497acf,40e35ef5-06aa-48e0-a4a1-d6ce860696a7,0,ng,12,5907.0,3800.0,10.0,0.0,45.0,3.0,4137.25,20.0,5757.0,0.75,4.0,-0.35,2,0,18.0,1.0,0.0,1,0,0,2,0.0,0.0,0.0,0.0,0.0,,,2.0,36.75,4.75,4.75,32.0,41.5,41.5,32.0,32,42.5,75.0,22.0,-0.24705882352941178,0.1484375,0.07421875,-0.3746934494414105,0.0,0,0,0.1484375,0,0,20.0,4121.25,4601.25,-158.75,22.605,0.349921875,0.328125,0.328125,0.029808123249299733,0.0,0.0,0.0,1.0,0.0,other,0.0,20280904,20280904/ng2
h04ar64h,2eqstpu0,7f65a94b-9e74-42b9-8621-a54576497acf,40e35ef5-06aa-48e0-a4a1-d6ce860696a7,0,ng,13,5907.0,3800.0,10.0,8.0,,,4228.88,16.0,5757.0,0.75,4.0,-0.35,2,0,18.0,1.0,0.0,1,0,0,2,0.0,4.0,-4.0,0.0,0.0,1.0,0.0,6.0,22.605,-1.3950000000000002,1.7283333333333335,22.0,23.63,25.0,21.0,24,32.0,42.5,13.0,-0.3125,0.07201388888888889,0.027005208333333336,-0.5260930958967793,-0.03125,0,0,-0.05812499999999998,0,0,16.0,4340.88,4596.88,-163.1199999999999,13.697272727272725,,,,0.03010725957049487,0.0,0.0,0.0,1.0,0.0,other,4.0,20280904,20280904/ng2
h04ar64h,2eqstpu0,7f65a94b-9e74-42b9-8621-a54576497acf,40e35ef5-06aa-48e0-a4a1-d6ce860696a7,0,ng,14,5907.0,3800.0,10.0,4.0,,,4356.88,16.0,5757.0,0.75,4.0,-0.35,2,0,18.0,1.0,0.0,1,0,0,2,0.0,0.0,0.0,0.0,0.0,,,22.0,13.697272727272725,-2.3027272727272727,2.9845454545454544,13.0,20.0,20.0,12.0,16,22.0,32.0,6.0,-0.40909090909090906,0.1865340909090909,0.046633522727272725,-0.7731898882334818,-0.046875,0,0,-0.14392045454545466,0,0,16.0,4404.88,4532.88,-167.1199999999999,8.035714285714286,,,,0.03399822695035461,0.0,0.0,0.0,1.0,0.0,other,0.0,20280904,20280904/ng2
h04ar64h,2eqstpu0,7f65a94b-9e74-42b9-8621-a54576497acf,40e35ef5-06aa-48e0-a4a1-d6ce860696a7,0,ng,15,5907.0,3800.0,10.0,4.0,,,4412.88,17.0,5757.0,0.75,4.0,-0.35,2,0,18.0,1.0,0.0,1,0,0,2,1.0,0.0,1.0,1.0,1.0,1.0,0.0,7.0,8.035714285714286,0.03571428571428571,1.75,6.0,10.25,10.25,6.0,8,13.0,22.0,,-0.5384615384615384,0.21875,0.02734375,,-0.03125,0,0,0.0044642857142858094,0,0,17.0,4464.88,4464.88,-175.1199999999999,,,,,0.036424209770114936,0.0,0.0,0.0,1.0,0.0,other,1.0,20280904,20280904/ng2
h04ar64h,7rwcsuuk,7f65a94b-9e74-42b9-8621-a54576497acf,65948506-3bf6-4487-bdaf-3039eb85ec46,0,ng,1,4809.0,3800.0,10.0,4.0,,,3800.0,10.0,4689.0,0.6666666666666666,6.0,-0.06666666666666665,3,1,22.0,1.0,1.0,1,0,0,2,0.0,0.0,0.0,13.0,13.0,,,6.0,120.33333333333333,0.3333333333333333,0.3333333333333333,120.0,120.0,121.0,120.0,120,,,116.0,,0.0027777777777777775,0.005208333333333333,-0.03390155167568132,0.0,0,0,0.0027777777777777384,0,0,10.0,3840.0,4960.0,20.0,118.16666666666667,,,,0.0028115159694107063,0.0,0.0,0.0,1.0,0.0,other,0.0,20280904,20280904/ng2
h04ar64h,7rwcsuuk,7f65a94b-9e74-42b9-8621-a54576497acf,65948506-3bf6-4487-bdaf-3039eb85ec46,0,ng,2,4809.0,3800.0,10.0,20.0,,,3840.0,12.0,4689.0,0.6666666666666666,6.0,-0.06666666666666665,3,1,22.0,1.0,1.0,1,0,0,2,0.0,0.0,0.0,3.0,2.0,,,9.0,118.16666666666667,6.166666666666667,6.166666666666667,116.0,117.0,123.0,116.0,112,120.0,,110.0,-0.033333333333333326,0.055059523809523815,0.09635416666666667,-0.05310982531394792,0.0625,0,0,0.05505952380952385,0,0,10.0,4040.0,5080.0,-40.0,113.625,,,,0.006244574652777778,0.0,0.0,0.0,1.0,0.0,other,0.0,20280904,20280904/ng2
h04ar64h,7rwcsuuk,7f65a94b-9e74-42b9-8621-a54576497acf,65948506-3bf6-4487-bdaf-3039eb85ec46,0,ng,3,4809.0,3800.0,10.0,0.0,104.0,4.0,4080.0,11.0,4689.0,0.6666666666666666,6.0,-0.06666666666666665,3,1,22.0,1.0,1.0,1,0,0,2,0.0,0.0,0.0,2.0,0.0,,,6.0,113.625,9.625,9.625,110.0,116.25,116.25,110.0,104,116.0,120.0,105.0,-0.051724137931034475,0.09254807692307693,0.150390625,-0.0465200156348935,0.09375,0,0,0.09254807692307693,0,0,10.0,4040.0,5000.0,0.0,107.25,0.05078125,0.125,0.125,0.006119444444444445,0.0,0.0,0.0,1.0,0.0,other,0.0,20280904,20280904/ng2
h04ar64h,7rwcsuuk,7f65a94b-9e74-42b9-8621-a54576497acf,65948506-3bf6-4487-bdaf-3039eb85ec46,0,ng,4,4809.0,3800.0,10.0,0.0,,,4080.0,11.0,4689.0,0.6666666666666666,6.0,-0.06666666666666665,3,1,22.0,1.0,1.0,1,0,0,2,0.0,0.0,0.0,2.0,0.0,,,4.0,107.25,11.25,11.25,105.0,108.0,108.0,105.0,96,110.0,116.0,89.0,-0.045454545454545414,0.1171875,0.17578125,-0.16532398042538343,0.140625,0,0,0.1171875,0,0,10.0,4040.0,4920.0,40.0,97.09857142857143,,,,0.01649020947176685,0.0,0.0,0.0,1.0,0.0,other,0.0,20280904,20280904/ng2
h04ar64h,7rwcsuuk,7f65a94b-9e74-42b9-8621-a54576497acf,65948506-3bf6-4487-bdaf-3039eb85ec46,0,ng,5,4809.0,3800.0,10.0,8.0,,,3783.31,13.0,4689.0,0.6666666666666666,6.0,-0.06666666666666665,3,1,22.0,1.0,1.0,1,0,0,2,3.0,0.0,3.0,4.0,4.0,1.0,0.0,7.0,97.09857142857143,9.09857142857143,9.09857142857143,89.0,98.9,98.9,89.0,88,105.0,110.0,88.0,-0.1523809523809524,0.10339285714285716,0.1421651785714286,-0.01129955525393278,0.015625,0,0,0.10339285714285719,0,0,13.0,3847.31,4887.3099999999995,7.309999999999491,88.0,,,,0.018771402550091087,0.0,0.0,0.0,1.0,0.0,other,3.0,20280904,20280904/ng2
h04ar64h,7rwcsuuk,7f65a94b-9e74-42b9-8621-a54576497acf,65948506-3bf6-4487-bdaf-3039eb85ec46,0,ng,6,4809.0,3800.0,10.0,4.0,88.0,3.0,3887.31,13.0,4689.0,0.6666666666666666,6.0,-0.06666666666666665,3,1,22.0,1.0,1.0,1,0,0,2,0.0,0.0,0.0,2.0,2.0,,,1.0,88.0,8.0,8.0,88.0,88.0,88.0,88.0,80,89.0,105.0,94.0,-0.011235955056179803,0.1,0.125,0.06595796779179697,0.125,0,0,0.1,0,0,13.0,3899.31,4835.3099999999995,15.30999999999949,93.5,0.0859375,0.25,0.25,0.025030313508529287,0.0,0.0,0.0,1.0,0.0,other,0.0,20280904,20280904/ng2
h04ar64h,7rwcsuuk,7f65a94b-9e74-42b9-8621-a54576497acf,65948506-3bf6-4487-bdaf-3039eb85ec46,0,ng,7,4809.0,3800.0,10.0,4.0,,,3939.31,15.0,4689.0,0.6666666666666666,6.0,-0.06666666666666665,3,1,22.0,1.0,1.0,1,0,0,2,0.0,0.0,0.0,2.0,0.0,,,2.0,93.5,21.5,21.5,94.0,93.0,94.0,93.0,72,88.0,89.0,85.0,0.06818181818181812,0.2986111111111111,0.3359375,-0.10064352577968716,0.34375,0,0,0.2986111111111111,0,0,13.0,3951.31,4783.3099999999995,23.30999999999949,85.0,,,,0.031919701213818874,0.0,0.0,0.0,1.0,0.0,other,0.0,20280904,20280904/ng2
h04ar64h,7rwcsuuk,7f65a94b-9e74-42b9-8621-a54576497acf,65948506-3bf6-4487-bdaf-3039eb85ec46,0,ng,8,4809.0,3800.0,10.0,4.0,,,3999.31,14.0,4689.0,0.6666666666666666,6.0,-0.06666666666666665,3,1,22.0,1.0,1.0,1,0,0,2,0.0,0.0,0.0,5.0,4.0,,,3.0,85.0,21.0,21.0,85.0,85.0,85.0,85.0,64,94.0,88.0,75.0,-0.0957446808510638,0.328125,0.328125,-0.12516314295400655,0.328125,0,0,0.328125,0,0,13.0,4003.31,4731.3099999999995,31.30999999999949,78.58500000000001,,,,0.03701690307328606,0.0,0.0,0.0,1.0,0.0,other,0.0,20280904,20280904/ng2
h04ar64h,7rwcsuuk,7f65a94b-9e74-42b9-8621-a54576497acf,65948506-3bf6-4487-bdaf-3039eb85ec46,0,ng,9,4809.0,3800.0,10.0,20.0,56.0,3.0,4055.309999999999,13.0,4689.0,0.6666666666666666,6.0,-0.06666666666666665,3,1,22.0,1.0,1.0,1,0,0,2,0.0,0.0,0.0,2.0,2.0,,,2.0,78.58500000000001,22.585,22.585,75.0,82.17,82.17,75.0,56,85.0,94.0,75.0,-0.11764705882352944,0.40330357142857143,0.352890625,0.0,0.296875,0,0,0.4033035714285716,0,0,13.0,4263.3099999999995,4887.3099999999995,7.309999999999491,,,0.125,0.125,0.018880464480874326,0.0,0.0,0.0,1.0,0.0,other,0.0,20280904,20280904/ng2
h04ar64h,7rwcsuuk,7f65a94b-9e74-42b9-8621-a54576497acf,65948506-3bf6-4487-bdaf-3039eb85ec46,0,ng,10,4809.0,3800.0,10.0,8.0,,,4315.3099999999995,14.0,4689.0,0.6666666666666666,6.0,-0.06666666666666665,3,1,22.0,1.0,1.0,1,0,0,2,0.0,0.0,0.0,2.0,1.0,,,0.0,,,,75.0,,,,48,75.0,85.0,42.5,0.0,,,-0.5679840376059389,0.421875,0,0,,0,0,13.0,4367.3099999999995,4887.3099999999995,7.309999999999491,42.5,,,,0.018880464480874326,0.0,0.0,0.0,1.0,0.0,other,0.0,20280904,20280904/ng2
h04ar64h,7rwcsuuk,7f65a94b-9e74-42b9-8621-a54576497acf,65948506-3bf6-4487-bdaf-3039eb85ec46,0,ng,11,4809.0,3800.0,10.0,8.0,,,4427.3099999999995,13.0,4689.0,0.6666666666666666,6.0,-0.06666666666666665,3,1,22.0,1.0,1.0,1,0,0,2,0.0,0.0,0.0,3.0,2.0,,,1.0,42.5,2.5,2.5,42.5,42.5,42.5,42.5,40,75.0,75.0,32.0,-0.43333333333333335,0.0625,0.0390625,-0.28376817313064473,0.0390625,0,0,0.0625,0,0,13.0,4471.3099999999995,4887.3099999999995,7.309999999999491,36.75,,,,0.018766621129326057,0.0,0.0,0.0,1.0,0.0,other,0.0,20280904,20280904/ng2
h04ar64h,7rwcsuuk,7f65a94b-9e74-42b9-8621-a54576497acf,65948506-3bf6-4487-bdaf-3039eb85ec46,0,ng,12,4809.0,3800.0,10.0,0.0,45.0,4.0,4489.8099999999995,14.0,4689.0,0.6666666666666666,6.0,-0.06666666666666665,3,1,22.0,1.0,1.0,1,0,0,2,1.0,0.0,1.0,4.0,2.0,1.0,0.0,2.0,36.75,4.75,4.75,32.0,41.5,41.5,32.0,32,42.5,75.0,22.0,-0.24705882352941178,0.1484375,0.07421875,-0.3746934494414105,0.0,0,0,0.1484375,0,0,14.0,4429.8099999999995,4765.8099999999995,5.809999999999491,22.605,0.349921875,0.328125,0.328125,0.029808123249299733,0.0,0.0,0.0,1.0,0.0,other,1.0,20280904,20280904/ng2
h04ar64h,7rwcsuuk,7f65a94b-9e74-42b9-8621-a54576497acf,65948506-3bf6-4487-bdaf-3039eb85ec46,0,ng,13,4809.0,3800.0,10.0,8.0,,,4468.8099999999995,15.0,4689.0,0.6666666666666666,6.0,-0.06666666666666665,3,1,22.0,1.0,1.0,1,0,0,2,1.0,0.0,1.0,3.0,3.0,1.0,0.0,6.0,22.605,-1.3950000000000002,1.7283333333333335,22.0,23.63,25.0,21.0,24,32.0,42.5,13.0,-0.3125,0.07201388888888889,0.027005208333333336,-0.5260930958967793,-0.03125,0,0,-0.05812499999999998,0,0,15.0,4528.8099999999995,4768.8099999999995,8.80999999999949,13.697272727272725,,,,0.03010725957049487,0.0,0.0,0.0,1.0,0.0,other,1.0,20280904,20280904/ng2
h04ar64h,7rwcsuuk,7f65a94b-9e74-42b9-8621-a54576497acf,65948506-3bf6-4487-bdaf-3039eb85ec46,0,ng,14,4809.0,3800.0,10.0,4.0,,,4570.8099999999995,16.0,4689.0,0.6666666666666666,6.0,-0.06666666666666665,3,1,22.0,1.0,1.0,1,0,0,2,1.0,0.0,1.0,7.0,5.0,1.0,0.0,22.0,13.697272727272725,-2.3027272727272727,2.9845454545454544,13.0,20.0,20.0,12.0,16,22.0,32.0,6.0,-0.40909090909090906,0.1865340909090909,0.046633522727272725,-0.7731898882334818,-0.046875,0,0,-0.14392045454545466,0,0,16.0,4574.8099999999995,4702.8099999999995,2.8099999999994907,8.035714285714286,,,,0.03399822695035461,0.0,0.0,0.0,1.0,0.0,other,1.0,20280904,20280904/ng2
h04ar64h,7rwcsuuk,7f65a94b-9e74-42b9-8621-a54576497acf,65948506-3bf6-4487-bdaf-3039eb85ec46,0,ng,15,4809.0,3800.0,10.0,4.0,,,4612.5599999999995,19.0,4689.0,0.6666666666666666,6.0,-0.06666666666666665,3,1,22.0,1.0,1.0,1,0,0,2,3.0,0.0,3.0,9.0,2.0,1.0,0.0,7.0,8.035714285714286,0.03571428571428571,1.75,6.0,10.25,10.25,6.0,8,13.0,22.0,,-0.5384615384615384,0.21875,0.02734375,,-0.03125,0,0,0.0044642857142858094,0,0,19.0,4628.5599999999995,4628.5599999999995,-11.44000000000051,,,,,0.036424209770114936,0.0,0.0,0.0,1.0,0.0,other,3.0,20280904,20280904/ng2
h04ar64h,74kwsfm2,7f65a94b-9e74-42b9-8621-a54576497acf,be420883-46b7-4701-be95-b57a4dcfaaee,0,ng,1,5169.0,3800.0,10.0,4.0,,,4280.0,6.0,5049.0,1.0,8.0,-0.19999999999999996,2,0,21.0,0.0,1.0,1,0,0,2,0.0,4.0,-4.0,1.0,1.0,1.0,0.0,6.0,120.33333333333333,0.3333333333333333,0.3333333333333333,120.0,120.0,121.0,120.0,120,,,116.0,,0.0027777777777777775,0.005208333333333333,-0.03390155167568132,0.0,0,0,0.0027777777777777384,0,0,6.0,4304.0,4976.0,36.0,118.16666666666667,,,,0.0028115159694107063,0.0,1.0,0.0,0.0,0.0,speculator,4.0,20280904,20280904/ng2
h04ar64h,74kwsfm2,7f65a94b-9e74-42b9-8621-a54576497acf,be420883-46b7-4701-be95-b57a4dcfaaee,0,ng,2,5169.0,3800.0,10.0,20.0,,,4656.0,3.0,5049.0,1.0,8.0,-0.19999999999999996,2,0,21.0,0.0,1.0,1,0,0,2,0.0,3.0,-3.0,1.0,1.0,1.0,0.0,9.0,118.16666666666667,6.166666666666667,6.166666666666667,116.0,117.0,123.0,116.0,112,120.0,,110.0,-0.033333333333333326,0.055059523809523815,0.09635416666666667,-0.05310982531394792,0.0625,0,0,0.05505952380952385,0,0,3.0,4716.0,5028.0,-92.0,113.625,,,,0.006244574652777778,0.0,1.0,0.0,0.0,0.0,speculator,3.0,20280904,20280904/ng2
h04ar64h,74kwsfm2,7f65a94b-9e74-42b9-8621-a54576497acf,be420883-46b7-4701-be95-b57a4dcfaaee,0,ng,3,5169.0,3800.0,10.0,0.0,0.0,0.0,4826.0,2.0,5049.0,1.0,8.0,-0.19999999999999996,2,0,21.0,0.0,1.0,1,0,0,2,0.0,1.0,-1.0,1.0,1.0,1.0,0.0,6.0,113.625,9.625,9.625,110.0,116.25,116.25,110.0,104,116.0,120.0,105.0,-0.051724137931034475,0.09254807692307693,0.150390625,-0.0465200156348935,0.09375,0,0,0.09254807692307693,0,0,2.0,4826.0,5018.0,18.0,107.25,1.67578125,1.5,-1.5,0.006119444444444445,0.0,1.0,0.0,0.0,0.0,speculator,1.0,20280904,20280904/ng2
h04ar64h,74kwsfm2,7f65a94b-9e74-42b9-8621-a54576497acf,be420883-46b7-4701-be95-b57a4dcfaaee,0,ng,4,5169.0,3800.0,10.0,0.0,,,4934.0,1.0,5049.0,1.0,8.0,-0.19999999999999996,2,0,21.0,0.0,1.0,1,0,0,2,0.0,1.0,-1.0,0.0,0.0,1.0,0.0,4.0,107.25,11.25,11.25,105.0,108.0,108.0,105.0,96,110.0,116.0,89.0,-0.045454545454545414,0.1171875,0.17578125,-0.16532398042538343,0.140625,0,0,0.1171875,0,0,1.0,4934.0,5022.0,142.0,97.09857142857143,,,,0.01649020947176685,0.0,1.0,0.0,0.0,0.0,speculator,1.0,20280904,20280904/ng2
h04ar64h,74kwsfm2,7f65a94b-9e74-42b9-8621-a54576497acf,be420883-46b7-4701-be95-b57a4dcfaaee,0,ng,5,5169.0,3800.0,10.0,8.0,,,5032.0,0.0,5049.0,1.0,8.0,-0.19999999999999996,2,0,21.0,0.0,1.0,1,0,0,2,0.0,1.0,-1.0,1.0,1.0,1.0,0.0,7.0,97.09857142857143,9.09857142857143,9.09857142857143,89.0,98.9,98.9,89.0,88,105.0,110.0,88.0,-0.1523809523809524,0.10339285714285716,0.1421651785714286,-0.01129955525393278,0.015625,0,0,0.10339285714285719,0,0,0.0,5032.0,5032.0,152.0,88.0,,,,0.018771402550091087,0.0,1.0,0.0,0.0,0.0,speculator,1.0,20280904,20280904/ng2
h04ar64h,74kwsfm2,7f65a94b-9e74-42b9-8621-a54576497acf,be420883-46b7-4701-be95-b57a4dcfaaee,0,ng,6,5169.0,3800.0,10.0,4.0,0.0,0.0,5032.0,0.0,5049.0,1.0,8.0,-0.19999999999999996,2,0,21.0,0.0,1.0,1,0,0,2,0.0,0.0,0.0,0.0,0.0,,,1.0,88.0,8.0,8.0,88.0,88.0,88.0,88.0,80,89.0,105.0,94.0,-0.011235955056179803,0.1,0.125,0.06595796779179697,0.125,0,0,0.1,0,0,0.0,5032.0,5032.0,212.0,93.5,1.4609375,1.125,-1.125,0.025030313508529287,0.0,1.0,0.0,0.0,0.0,speculator,0.0,20280904,20280904/ng2
h04ar64h,74kwsfm2,7f65a94b-9e74-42b9-8621-a54576497acf,be420883-46b7-4701-be95-b57a4dcfaaee,0,ng,7,5169.0,3800.0,10.0,4.0,,,5032.0,0.0,5049.0,1.0,8.0,-0.19999999999999996,2,0,21.0,0.0,1.0,1,0,0,2,0.0,0.0,0.0,0.0,0.0,,,2.0,93.5,21.5,21.5,94.0,93.0,94.0,93.0,72,88.0,89.0,85.0,0.06818181818181812,0.2986111111111111,0.3359375,-0.10064352577968716,0.34375,0,0,0.2986111111111111,0,0,0.0,5032.0,5032.0,272.0,85.0,,,,0.031919701213818874,0.0,1.0,0.0,0.0,0.0,speculator,0.0,20280904,20280904/ng2
h04ar64h,74kwsfm2,7f65a94b-9e74-42b9-8621-a54576497acf,be420883-46b7-4701-be95-b57a4dcfaaee,0,ng,8,5169.0,3800.0,10.0,4.0,,,5032.0,0.0,5049.0,1.0,8.0,-0.19999999999999996,2,0,21.0,0.0,1.0,1,0,0,2,0.0,0.0,0.0,2.0,2.0,,,3.0,85.0,21.0,21.0,85.0,85.0,85.0,85.0,64,94.0,88.0,75.0,-0.0957446808510638,0.328125,0.328125,-0.12516314295400655,0.328125,0,0,0.328125,0,0,0.0,5032.0,5032.0,332.0,78.58500000000001,,,,0.03701690307328606,0.0,1.0,0.0,0.0,0.0,speculator,0.0,20280904,20280904/ng2
h04ar64h,74kwsfm2,7f65a94b-9e74-42b9-8621-a54576497acf,be420883-46b7-4701-be95-b57a4dcfaaee,0,ng,9,5169.0,3800.0,10.0,20.0,56.0,5.0,5032.0,0.0,5049.0,1.0,8.0,-0.19999999999999996,2,0,21.0,0.0,1.0,1,0,0,2,0.0,0.0,0.0,1.0,1.0,,,2.0,78.58500000000001,22.585,22.585,75.0,82.17,82.17,75.0,56,85.0,94.0,75.0,-0.11764705882352944,0.40330357142857143,0.352890625,0.0,0.296875,0,0,0.4033035714285716,0,0,0.0,5032.0,5032.0,152.0,,,0.125,0.125,0.018880464480874326,0.0,1.0,0.0,0.0,0.0,speculator,0.0,20280904,20280904/ng2
h04ar64h,74kwsfm2,7f65a94b-9e74-42b9-8621-a54576497acf,be420883-46b7-4701-be95-b57a4dcfaaee,0,ng,10,5169.0,3800.0,10.0,8.0,,,5032.0,0.0,5049.0,1.0,8.0,-0.19999999999999996,2,0,21.0,0.0,1.0,1,0,0,2,0.0,0.0,0.0,0.0,0.0,,,0.0,,,,75.0,,,,48,75.0,85.0,42.5,0.0,,,-0.5679840376059389,0.421875,0,0,,0,0,0.0,5032.0,5032.0,152.0,42.5,,,,0.018880464480874326,0.0,1.0,0.0,0.0,0.0,speculator,0.0,20280904,20280904/ng2
h04ar64h,74kwsfm2,7f65a94b-9e74-42b9-8621-a54576497acf,be420883-46b7-4701-be95-b57a4dcfaaee,0,ng,11,5169.0,3800.0,10.0,8.0,,,4989.5,1.0,5049.0,1.0,8.0,-0.19999999999999996,2,0,21.0,0.0,1.0,1,0,0,2,1.0,0.0,1.0,2.0,1.0,1.0,0.0,1.0,42.5,2.5,2.5,42.5,42.5,42.5,42.5,40,75.0,75.0,32.0,-0.43333333333333335,0.0625,0.0390625,-0.28376817313064473,0.0390625,0,0,0.0625,0,0,1.0,4997.5,5029.5,149.5,36.75,,,,0.018766621129326057,0.0,1.0,0.0,0.0,0.0,speculator,1.0,20280904,20280904/ng2
h04ar64h,74kwsfm2,7f65a94b-9e74-42b9-8621-a54576497acf,be420883-46b7-4701-be95-b57a4dcfaaee,0,ng,12,5169.0,3800.0,10.0,0.0,25.0,5.0,5007.0,1.0,5049.0,1.0,8.0,-0.19999999999999996,2,0,21.0,0.0,1.0,1,0,0,2,1.0,1.0,0.0,1.0,0.0,0.0,1.0,2.0,36.75,4.75,4.75,32.0,41.5,41.5,32.0,32,42.5,75.0,22.0,-0.24705882352941178,0.1484375,0.07421875,-0.3746934494414105,0.0,0,0,0.1484375,0,0,1.0,5007.0,5031.0,271.0,22.605,0.03742187499999999,0.015625,0.015625,0.029808123249299733,0.0,1.0,0.0,0.0,0.0,speculator,2.0,20280904,20280904/ng2
h04ar64h,74kwsfm2,7f65a94b-9e74-42b9-8621-a54576497acf,be420883-46b7-4701-be95-b57a4dcfaaee,0,ng,13,5169.0,3800.0,10.0,8.0,,,5007.0,1.0,5049.0,1.0,8.0,-0.19999999999999996,2,0,21.0,0.0,1.0,1,0,0,2,0.0,0.0,0.0,1.0,1.0,,,6.0,22.605,-1.3950000000000002,1.7283333333333335,22.0,23.63,25.0,21.0,24,32.0,42.5,13.0,-0.3125,0.07201388888888889,0.027005208333333336,-0.5260930958967793,-0.03125,0,0,-0.05812499999999998,0,0,1.0,5015.0,5031.0,271.0,13.697272727272725,,,,0.03010725957049487,0.0,1.0,0.0,0.0,0.0,speculator,0.0,20280904,20280904/ng2
h04ar64h,74kwsfm2,7f65a94b-9e74-42b9-8621-a54576497acf,be420883-46b7-4701-be95-b57a4dcfaaee,0,ng,14,5169.0,3800.0,10.0,4.0,,,5015.0,1.0,5049.0,1.0,8.0,-0.19999999999999996,2,0,21.0,0.0,1.0,1,0,0,2,0.0,0.0,0.0,1.0,1.0,,,22.0,13.697272727272725,-2.3027272727272727,2.9845454545454544,13.0,20.0,20.0,12.0,16,22.0,32.0,6.0,-0.40909090909090906,0.1865340909090909,0.046633522727272725,-0.7731898882334818,-0.046875,0,0,-0.14392045454545466,0,0,1.0,5019.0,5027.0,327.0,8.035714285714286,,,,0.03399822695035461,0.0,1.0,0.0,0.0,0.0,speculator,0.0,20280904,20280904/ng2
h04ar64h,74kwsfm2,7f65a94b-9e74-42b9-8621-a54576497acf,be420883-46b7-4701-be95-b57a4dcfaaee,0,ng,15,5169.0,3800.0,10.0,4.0,,,5029.25,0.0,5049.0,1.0,8.0,-0.19999999999999996,2,0,21.0,0.0,1.0,1,0,0,2,0.0,1.0,-1.0,1.0,1.0,1.0,0.0,7.0,8.035714285714286,0.03571428571428571,1.75,6.0,10.25,10.25,6.0,8,13.0,22.0,,-0.5384615384615384,0.21875,0.02734375,,-0.03125,0,0,0.0044642857142858094,0,0,0.0,5029.25,5029.25,389.25,,,,,0.036424209770114936,0.0,1.0,0.0,0.0,0.0,speculator,1.0,20280904,20280904/ng2
h04ar64h,sfggcdud,7f65a94b-9e74-42b9-8621-a54576497acf,fde9321d-ac94-44d8-9a8d-c27fc03602a6,0,ng,1,4407.0,2600.0,20.0,4.0,,,2600.0,21.0,4347.0,0.5,6.0,0.09999999999999998,2,1,21.0,1.0,0.0,1,0,0,2,0.0,0.0,0.0,4.0,1.0,,,6.0,120.33333333333333,0.3333333333333333,0.3333333333333333,120.0,120.0,121.0,120.0,120,,,116.0,,0.0027777777777777775,0.005208333333333333,-0.03390155167568132,0.0,0,0,0.0027777777777777384,0,0,20.0,2680.0,4920.0,-20.0,118.16666666666667,,,,0.0028115159694107063,0.0,0.0,0.0,1.0,0.0,other,0.0,20280904,20280904/ng2
h04ar64h,sfggcdud,7f65a94b-9e74-42b9-8621-a54576497acf,fde9321d-ac94-44d8-9a8d-c27fc03602a6,0,ng,2,4407.0,2600.0,20.0,20.0,,,2438.0,22.0,4347.0,0.5,6.0,0.09999999999999998,2,1,21.0,1.0,0.0,1,0,0,2,2.0,0.0,2.0,0.0,0.0,1.0,0.0,9.0,118.16666666666667,6.166666666666667,6.166666666666667,116.0,117.0,123.0,116.0,112,120.0,,110.0,-0.033333333333333326,0.055059523809523815,0.09635416666666667,-0.05310982531394792,0.0625,0,0,0.05505952380952385,0,0,22.0,2874.0,5162.0,42.0,113.625,,,,0.006244574652777778,0.0,0.0,0.0,1.0,0.0,other,2.0,20280904,20280904/ng2
h04ar64h,sfggcdud,7f65a94b-9e74-42b9-8621-a54576497acf,fde9321d-ac94-44d8-9a8d-c27fc03602a6,0,ng,3,4407.0,2600.0,20.0,0.0,20.0,1.0,2763.5,24.0,4347.0,0.5,6.0,0.09999999999999998,2,1,21.0,1.0,0.0,1,0,0,2,1.0,0.0,1.0,3.0,0.0,1.0,0.0,6.0,113.625,9.625,9.625,110.0,116.25,116.25,110.0,104,116.0,120.0,105.0,-0.051724137931034475,0.09254807692307693,0.150390625,-0.0465200156348935,0.09375,0,0,0.09254807692307693,0,0,23.0,2759.5,4967.5,-32.5,107.25,1.36328125,1.1875,-1.1875,0.006119444444444445,0.0,0.0,0.0,1.0,0.0,other,1.0,20280904,20280904/ng2
h04ar64h,sfggcdud,7f65a94b-9e74-42b9-8621-a54576497acf,fde9321d-ac94-44d8-9a8d-c27fc03602a6,0,ng,4,4407.0,2600.0,20.0,0.0,,,2658.5,24.0,4347.0,0.5,6.0,0.09999999999999998,2,1,21.0,1.0,0.0,1,0,0,2,1.0,0.0,1.0,0.0,0.0,1.0,0.0,4.0,107.25,11.25,11.25,105.0,108.0,108.0,105.0,96,110.0,116.0,89.0,-0.045454545454545414,0.1171875,0.17578125,-0.16532398042538343,0.140625,0,0,0.1171875,0,0,24.0,2654.5,4766.5,-113.5,97.09857142857143,,,,0.01649020947176685,0.0,0.0,0.0,1.0,0.0,other,1.0,20280904,20280904/ng2
h04ar64h,sfggcdud,7f65a94b-9e74-42b9-8621-a54576497acf,fde9321d-ac94-44d8-9a8d-c27fc03602a6,0,ng,5,4407.0,2600.0,20.0,8.0,,,2658.5,26.0,4347.0,0.5,6.0,0.09999999999999998,2,1,21.0,1.0,0.0,1,0,0,2,0.0,0.0,0.0,2.0,0.0,,,7.0,97.09857142857143,9.09857142857143,9.09857142857143,89.0,98.9,98.9,89.0,88,105.0,110.0,88.0,-0.1523809523809524,0.10339285714285716,0.1421651785714286,-0.01129955525393278,0.015625,0,0,0.10339285714285719,0,0,24.0,2846.5,4766.5,-113.5,88.0,,,,0.018771402550091087,0.0,0.0,0.0,1.0,0.0,other,0.0,20280904,20280904/ng2
h04ar64h,sfggcdud,7f65a94b-9e74-42b9-8621-a54576497acf,fde9321d-ac94-44d8-9a8d-c27fc03602a6,0,ng,6,4407.0,2600.0,20.0,4.0,20.0,1.0,2866.5,25.0,4347.0,0.5,6.0,0.09999999999999998,2,1,21.0,1.0,0.0,1,0,0,2,0.0,0.0,0.0,3.0,1.0,,,1.0,88.0,8.0,8.0,88.0,88.0,88.0,88.0,80,89.0,105.0,94.0,-0.011235955056179803,0.1,0.125,0.06595796779179697,0.125,0,0,0.1,0,0,24.0,2942.5,4670.5,-149.5,93.5,1.1484375,0.8125,-0.8125,0.025030313508529287,0.0,0.0,0.0,1.0,0.0,other,0.0,20280904,20280904/ng2
h04ar64h,sfggcdud,7f65a94b-9e74-42b9-8621-a54576497acf,fde9321d-ac94-44d8-9a8d-c27fc03602a6,0,ng,7,4407.0,2600.0,20.0,4.0,,,3153.5,22.0,4347.0,0.5,6.0,0.09999999999999998,2,1,21.0,1.0,0.0,1,0,0,2,0.0,2.0,-2.0,2.0,0.0,1.0,0.0,2.0,93.5,21.5,21.5,94.0,93.0,94.0,93.0,72,88.0,89.0,85.0,0.06818181818181812,0.2986111111111111,0.3359375,-0.10064352577968716,0.34375,0,0,0.2986111111111111,0,0,22.0,3217.5,4625.5,-134.5,85.0,,,,0.031919701213818874,0.0,0.0,0.0,1.0,0.0,other,2.0,20280904,20280904/ng2
h04ar64h,sfggcdud,7f65a94b-9e74-42b9-8621-a54576497acf,fde9321d-ac94-44d8-9a8d-c27fc03602a6,0,ng,8,4407.0,2600.0,20.0,4.0,,,2986.5,25.0,4347.0,0.5,6.0,0.09999999999999998,2,1,21.0,1.0,0.0,1,0,0,2,3.0,0.0,3.0,1.0,0.0,1.0,0.0,3.0,85.0,21.0,21.0,85.0,85.0,85.0,85.0,64,94.0,88.0,75.0,-0.0957446808510638,0.328125,0.328125,-0.12516314295400655,0.328125,0,0,0.328125,0,0,25.0,3062.5,4462.5,-237.5,78.58500000000001,,,,0.03701690307328606,0.0,0.0,0.0,1.0,0.0,other,3.0,20280904,20280904/ng2
h04ar64h,sfggcdud,7f65a94b-9e74-42b9-8621-a54576497acf,fde9321d-ac94-44d8-9a8d-c27fc03602a6,0,ng,9,4407.0,2600.0,20.0,20.0,90.0,1.0,2929.33,28.0,4347.0,0.5,6.0,0.09999999999999998,2,1,21.0,1.0,0.0,1,0,0,2,2.0,0.0,2.0,2.0,0.0,1.0,0.0,2.0,78.58500000000001,22.585,22.585,75.0,82.17,82.17,75.0,56,85.0,94.0,75.0,-0.11764705882352944,0.40330357142857143,0.352890625,0.0,0.296875,0,0,0.4033035714285716,0,0,27.0,3445.33,4741.33,-138.67000000000007,,,0.65625,0.65625,0.018880464480874326,0.0,0.0,0.0,1.0,0.0,other,2.0,20280904,20280904/ng2
h04ar64h,sfggcdud,7f65a94b-9e74-42b9-8621-a54576497acf,fde9321d-ac94-44d8-9a8d-c27fc03602a6,0,ng,10,4407.0,2600.0,20.0,8.0,,,3489.33,27.0,4347.0,0.5,6.0,0.09999999999999998,2,1,21.0,1.0,0.0,1,0,0,2,0.0,0.0,0.0,0.0,0.0,,,0.0,,,,75.0,,,,48,75.0,85.0,42.5,0.0,,,-0.5679840376059389,0.421875,0,0,,0,0,27.0,3661.33,4741.33,-138.67000000000007,42.5,,,,0.018880464480874326,0.0,0.0,0.0,1.0,0.0,other,0.0,20280904,20280904/ng2
h04ar64h,sfggcdud,7f65a94b-9e74-42b9-8621-a54576497acf,fde9321d-ac94-44d8-9a8d-c27fc03602a6,0,ng,11,4407.0,2600.0,20.0,8.0,,,3705.33,27.0,4347.0,0.5,6.0,0.09999999999999998,2,1,21.0,1.0,0.0,1,0,0,2,0.0,0.0,0.0,0.0,0.0,,,1.0,42.5,2.5,2.5,42.5,42.5,42.5,42.5,40,75.0,75.0,32.0,-0.43333333333333335,0.0625,0.0390625,-0.28376817313064473,0.0390625,0,0,0.0625,0,0,27.0,3877.33,4741.33,-138.67000000000007,36.75,,,,0.018766621129326057,0.0,0.0,0.0,1.0,0.0,other,0.0,20280904,20280904/ng2
h04ar64h,sfggcdud,7f65a94b-9e74-42b9-8621-a54576497acf,fde9321d-ac94-44d8-9a8d-c27fc03602a6,0,ng,12,4407.0,2600.0,20.0,0.0,90.0,1.0,3921.33,27.0,4347.0,0.5,6.0,0.09999999999999998,2,1,21.0,1.0,0.0,1,0,0,2,0.0,0.0,0.0,0.0,0.0,,,2.0,36.75,4.75,4.75,32.0,41.5,41.5,32.0,32,42.5,75.0,22.0,-0.24705882352941178,0.1484375,0.07421875,-0.3746934494414105,0.0,0,0,0.1484375,0,0,27.0,3877.33,4525.33,-234.67000000000007,22.605,1.053046875,1.03125,1.03125,0.029808123249299733,0.0,0.0,0.0,1.0,0.0,other,0.0,20280904,20280904/ng2
h04ar64h,sfggcdud,7f65a94b-9e74-42b9-8621-a54576497acf,fde9321d-ac94-44d8-9a8d-c27fc03602a6,0,ng,13,4407.0,2600.0,20.0,8.0,,,3897.7,33.0,4347.0,0.5,6.0,0.09999999999999998,2,1,21.0,1.0,0.0,1,0,0,2,1.0,0.0,1.0,7.0,0.0,1.0,0.0,6.0,22.605,-1.3950000000000002,1.7283333333333335,22.0,23.63,25.0,21.0,24,32.0,42.5,13.0,-0.3125,0.07201388888888889,0.027005208333333336,-0.5260930958967793,-0.03125,0,0,-0.05812499999999998,0,0,28.0,4077.7,4525.7,-234.30000000000018,13.697272727272725,,,,0.03010725957049487,0.0,0.0,0.0,1.0,0.0,other,1.0,20280904,20280904/ng2
h04ar64h,sfggcdud,7f65a94b-9e74-42b9-8621-a54576497acf,fde9321d-ac94-44d8-9a8d-c27fc03602a6,0,ng,14,4407.0,2600.0,20.0,4.0,,,4099.36,33.0,4347.0,0.5,6.0,0.09999999999999998,2,1,21.0,1.0,0.0,1,0,0,2,4.0,0.0,4.0,3.0,0.0,1.0,0.0,22.0,13.697272727272725,-2.3027272727272727,2.9845454545454544,13.0,20.0,20.0,12.0,16,22.0,32.0,6.0,-0.40909090909090906,0.1865340909090909,0.046633522727272725,-0.7731898882334818,-0.046875,0,0,-0.14392045454545466,0,0,32.0,4143.360000000001,4399.360000000001,-300.6399999999994,8.035714285714286,,,,0.03399822695035461,0.0,0.0,0.0,1.0,0.0,other,4.0,20280904,20280904/ng2
h04ar64h,sfggcdud,7f65a94b-9e74-42b9-8621-a54576497acf,fde9321d-ac94-44d8-9a8d-c27fc03602a6,0,ng,15,4407.0,2600.0,20.0,4.0,,,4211.36,34.0,4347.0,0.5,6.0,0.09999999999999998,2,1,21.0,1.0,0.0,1,0,0,2,2.0,0.0,2.0,1.0,0.0,1.0,0.0,7.0,8.035714285714286,0.03571428571428571,1.75,6.0,10.25,10.25,6.0,8,13.0,22.0,,-0.5384615384615384,0.21875,0.02734375,,-0.03125,0,0,0.0044642857142858094,0,0,34.0,4259.360000000001,4259.360000000001,-380.6399999999994,,,,,0.036424209770114936,0.0,0.0,0.0,1.0,0.0,other,2.0,20280904,20280904/ng2
h04ar64h,2eqstpu0,8bec516a-46ac-4c13-a5a8-c4f2591f7470,40e51c7d-bb7d-433a-88f5-9ac2bb602e92,0,ng,1,5907.0,3800.0,10.0,8.0,,,3800.0,10.0,5757.0,0.75,4.0,-0.35,2,0,18.0,1.0,0.0,1,0,0,1,0.0,0.0,0.0,3.0,2.0,,,1.0,119.0,-1.0,1.0,119.0,119.0,119.0,119.0,120,,,116.0,,0.008333333333333333,0.015625,-0.025533302005165126,-0.015625,0,0,-0.008333333333333333,0,0,10.0,3880.0,5000.0,0.0,97.66666666666667,,,,5.555555555555556e-05,0.5,0.0,0.5,0.0,0.0,feedback,0.0,20280904,20280904/ng2
h04ar64h,2eqstpu0,8bec516a-46ac-4c13-a5a8-c4f2591f7470,40e51c7d-bb7d-433a-88f5-9ac2bb602e92,0,ng,2,5907.0,3800.0,10.0,8.0,,,3629.0,13.0,5757.0,0.75,4.0,-0.35,2,0,18.0,1.0,0.0,1,0,0,1,3.0,0.0,3.0,1.0,1.0,1.0,0.0,6.0,97.66666666666667,-14.333333333333334,17.333333333333332,116.0,115.0,116.0,20.0,112,119.0,,99.0,-0.025210084033613467,0.15476190476190474,0.2708333333333333,-0.1584703409717747,0.0625,0,0,-0.12797619047619044,0,0,13.0,3733.0,5085.0,85.0,103.0,,,,0.005033333333333333,0.5,0.0,0.5,0.0,0.0,feedback,3.0,20280904,20280904/ng2
h04ar64h,2eqstpu0,8bec516a-46ac-4c13-a5a8-c4f2591f7470,40e51c7d-bb7d-433a-88f5-9ac2bb602e92,0,ng,3,5907.0,3800.0,10.0,20.0,0.0,0.0,3524.0,15.0,5757.0,0.75,4.0,-0.35,2,0,18.0,1.0,0.0,1,0,0,1,2.0,0.0,2.0,0.0,0.0,1.0,0.0,4.0,103.0,-1.0,4.0,99.0,110.0,110.0,99.0,104,116.0,119.0,100.0,-0.14655172413793105,0.038461538461538464,0.0625,0.010050335853502013,-0.078125,0,0,-0.009615384615384616,0,0,15.0,3824.0,5264.0,84.0,98.21428571428571,1.5345982142857142,1.5,-1.5,0.008622908622908623,0.5,0.0,0.5,0.0,0.0,feedback,2.0,20280904,20280904/ng2
h04ar64h,2eqstpu0,8bec516a-46ac-4c13-a5a8-c4f2591f7470,40e51c7d-bb7d-433a-88f5-9ac2bb602e92,0,ng,4,5907.0,3800.0,10.0,20.0,,,3520.5,18.0,5757.0,0.75,4.0,-0.35,2,0,18.0,1.0,0.0,1,0,0,1,3.0,0.0,3.0,1.0,1.0,1.0,0.0,7.0,98.21428571428571,2.2142857142857144,2.2142857142857144,100.0,96.0,102.5,96.0,96,99.0,116.0,98.25,0.010101010101010166,0.023065476190476192,0.03459821428571429,-0.017654935238721414,0.0625,0,0,0.023065476190476126,0,0,18.0,3880.5,5464.5,104.5,97.625,,,,0.01637126865671642,0.5,0.0,0.5,0.0,0.0,feedback,3.0,20280904,20280904/ng2
h04ar64h,2eqstpu0,8bec516a-46ac-4c13-a5a8-c4f2591f7470,40e51c7d-bb7d-433a-88f5-9ac2bb602e92,0,ng,5,5907.0,3800.0,10.0,4.0,,,3580.25,21.0,5757.0,0.75,4.0,-0.35,2,0,18.0,1.0,0.0,1,0,0,1,3.0,0.0,3.0,0.0,0.0,1.0,0.0,6.0,97.625,9.625,9.625,98.25,101.0,101.0,94.5,88,100.0,99.0,92.53,-0.01749999999999996,0.109375,0.150390625,-0.05998233448843138,0.16015625,0,0,0.109375,0,0,21.0,3664.25,5344.25,44.25,92.89888888888889,,,,0.014250524109014675,0.5,0.0,0.5,0.0,0.0,feedback,3.0,20280904,20280904/ng2
h04ar64h,2eqstpu0,8bec516a-46ac-4c13-a5a8-c4f2591f7470,40e51c7d-bb7d-433a-88f5-9ac2bb602e92,0,ng,6,5907.0,3800.0,10.0,20.0,100.0,2.0,3385.3199999999997,25.0,5757.0,0.75,4.0,-0.35,2,0,18.0,1.0,0.0,1,0,0,1,3.0,0.0,3.0,1.0,1.0,1.0,0.0,9.0,92.89888888888889,12.898888888888887,12.898888888888887,92.53,94.5,94.5,92.52,80,98.25,100.0,90.88,-0.05821882951653945,0.16123611111111108,0.20154513888888886,-0.017992961288097575,0.19578125000000002,0,0,0.16123611111111114,0,0,24.0,3865.3199999999997,5593.32,113.31999999999971,90.88,0.14250000000000007,0.4375,0.4375,0.021771897810218994,0.5,0.0,0.5,0.0,0.0,feedback,3.0,20280904,20280904/ng2
h04ar64h,2eqstpu0,8bec516a-46ac-4c13-a5a8-c4f2591f7470,40e51c7d-bb7d-433a-88f5-9ac2bb602e92,0,ng,7,5907.0,3800.0,10.0,4.0,,,3885.32,25.0,5757.0,0.75,4.0,-0.35,2,0,18.0,1.0,0.0,1,0,0,1,0.0,0.0,0.0,1.0,1.0,,,1.0,90.88,18.879999999999995,18.879999999999995,90.88,90.88,90.88,90.88,72,92.53,98.25,87.53,-0.017832054468820968,0.26222222222222213,0.29499999999999993,-0.03755836322849504,0.29499999999999993,0,0,0.26222222222222213,0,0,24.0,3961.3199999999997,5497.32,77.31999999999971,89.1711111111111,,,,0.02083046330463307,0.5,0.0,0.5,0.0,0.0,feedback,0.0,20280904,20280904/ng2
h04ar64h,2eqstpu0,8bec516a-46ac-4c13-a5a8-c4f2591f7470,40e51c7d-bb7d-433a-88f5-9ac2bb602e92,0,ng,8,5907.0,3800.0,10.0,20.0,,,3985.32,24.0,5757.0,0.75,4.0,-0.35,2,0,18.0,1.0,0.0,1,0,0,1,0.0,0.0,0.0,0.0,0.0,,,9.0,89.1711111111111,25.171111111111113,25.171111111111113,87.53,90.5,90.76,87.53,64,90.88,92.53,84.38,-0.036861795774647876,0.39329861111111114,0.39329861111111114,-0.03665118504815368,0.36765625,0,0,0.393298611111111,0,0,24.0,4441.32,5785.32,185.3199999999997,84.38,,,,0.028232539682539703,0.5,0.0,0.5,0.0,0.0,feedback,0.0,20280904,20280904/ng2
h04ar64h,2eqstpu0,8bec516a-46ac-4c13-a5a8-c4f2591f7470,40e51c7d-bb7d-433a-88f5-9ac2bb602e92,0,ng,9,5907.0,3800.0,10.0,0.0,88.0,4.0,4465.32,24.0,5757.0,0.75,4.0,-0.35,2,0,18.0,1.0,0.0,1,0,0,1,0.0,0.0,0.0,0.0,0.0,,,1.0,84.38,28.379999999999995,28.379999999999995,84.38,84.38,84.38,84.38,56,87.53,90.88,68.87,-0.035987661373243496,0.5067857142857142,0.44343749999999993,-0.20310973713958536,0.44343749999999993,0,0,0.5067857142857142,0,0,24.0,4441.32,5593.32,113.31999999999971,75.32,0.1981250000000001,0.625,0.625,0.028254055150040557,0.5,0.0,0.5,0.0,0.0,feedback,0.0,20280904,20280904/ng2
h04ar64h,2eqstpu0,8bec516a-46ac-4c13-a5a8-c4f2591f7470,40e51c7d-bb7d-433a-88f5-9ac2bb602e92,0,ng,10,5907.0,3800.0,10.0,8.0,,,4547.09,23.0,5757.0,0.75,4.0,-0.35,2,0,18.0,1.0,0.0,1,0,0,1,0.0,1.0,-1.0,0.0,0.0,1.0,0.0,2.0,75.32,27.32,27.32,68.87,81.77,81.77,68.87,48,84.38,87.53,72.0,-0.18381132969898073,0.5691666666666667,0.426875,0.04444544945944795,0.32609375000000007,0,0,0.5691666666666665,0,0,23.0,4707.09,5627.09,147.09000000000015,72.91666666666667,,,,0.029231143552311406,0.5,0.0,0.5,0.0,0.0,feedback,1.0,20280904,20280904/ng2
h04ar64h,2eqstpu0,8bec516a-46ac-4c13-a5a8-c4f2591f7470,40e51c7d-bb7d-433a-88f5-9ac2bb602e92,0,ng,11,5907.0,3800.0,10.0,8.0,,,4808.59,22.0,5757.0,0.75,4.0,-0.35,2,0,18.0,1.0,0.0,1,0,0,1,0.0,1.0,-1.0,0.0,0.0,1.0,0.0,3.0,72.91666666666667,32.916666666666664,32.916666666666664,72.0,77.5,77.5,69.25,40,68.87,84.38,60.0,0.045447945404385015,0.8229166666666666,0.5143229166666666,-0.1823215567939549,0.5,0,0,0.8229166666666667,0,0,22.0,4960.59,5664.59,184.59000000000015,60.0,,,,0.030853203568532005,0.5,0.0,0.5,0.0,0.0,feedback,1.0,20280904,20280904/ng2
h04ar64h,2eqstpu0,8bec516a-46ac-4c13-a5a8-c4f2591f7470,40e51c7d-bb7d-433a-88f5-9ac2bb602e92,0,ng,12,5907.0,3800.0,10.0,8.0,55.0,4.0,5044.59,22.0,5757.0,0.75,4.0,-0.35,2,0,18.0,1.0,0.0,1,0,0,1,0.0,1.0,-1.0,2.0,1.0,1.0,0.0,1.0,60.0,28.0,28.0,60.0,60.0,60.0,60.0,32,72.0,68.87,56.0,-0.16666666666666663,0.875,0.4375,-0.06899287148695077,0.4375,0,0,0.875,0,0,21.0,5188.59,5692.59,212.59000000000015,56.0,0.015625,0.484375,0.484375,0.030818836171938337,0.5,0.0,0.5,0.0,0.0,feedback,1.0,20280904,20280904/ng2
h04ar64h,2eqstpu0,8bec516a-46ac-4c13-a5a8-c4f2591f7470,40e51c7d-bb7d-433a-88f5-9ac2bb602e92,0,ng,13,5907.0,3800.0,10.0,8.0,,,5276.59,20.0,5757.0,0.75,4.0,-0.35,2,0,18.0,1.0,0.0,1,0,0,1,0.0,1.0,-1.0,0.0,0.0,1.0,0.0,1.0,56.0,32.0,32.0,56.0,56.0,56.0,56.0,24,60.0,72.0,2.0,-0.06666666666666665,1.3333333333333333,0.5,-3.3322045101752042,0.5,0,0,1.3333333333333333,0,0,20.0,5404.59,5724.59,244.59000000000015,20.474999999999998,,,,0.031143248175182457,0.5,0.0,0.5,0.0,0.0,feedback,1.0,20280904,20280904/ng2
h04ar64h,2eqstpu0,8bec516a-46ac-4c13-a5a8-c4f2591f7470,40e51c7d-bb7d-433a-88f5-9ac2bb602e92,0,ng,14,5907.0,3800.0,10.0,8.0,,,5576.93,15.0,5757.0,0.75,4.0,-0.35,2,0,18.0,1.0,0.0,1,0,0,1,0.0,5.0,-5.0,0.0,0.0,1.0,0.0,14.0,20.474999999999998,4.475,12.617857142857144,2.0,30.0,30.0,1.0,16,56.0,60.0,4.0,-0.9642857142857143,0.7886160714285715,0.19715401785714287,0.6931471805599453,-0.21875,0,1,0.27968749999999987,0,0,15.0,5664.929999999999,5784.929999999999,304.9299999999994,3.9722222222222223,,,,0.03531893755068936,0.5,0.0,0.5,0.0,0.0,feedback,5.0,20280904,20280904/ng2
h04ar64h,2eqstpu0,8bec516a-46ac-4c13-a5a8-c4f2591f7470,40e51c7d-bb7d-433a-88f5-9ac2bb602e92,0,ng,15,5907.0,3800.0,10.0,4.0,,,5696.93,15.0,5757.0,0.75,4.0,-0.35,2,0,18.0,1.0,0.0,1,0,0,1,0.0,0.0,0.0,0.0,0.0,,,18.0,3.9722222222222223,-4.027777777777778,4.027777777777778,4.0,4.0,6.0,3.0,8,2.0,56.0,,1.0,0.5034722222222222,0.06293402777777778,,-0.0625,1,0,-0.5034722222222222,0,0,15.0,5724.929999999999,5724.929999999999,304.9299999999994,,,,,0.036553403034030325,0.5,0.0,0.5,0.0,0.0,feedback,0.0,20280904,20280904/ng2
h04ar64h,5koml6p7,8bec516a-46ac-4c13-a5a8-c4f2591f7470,61eb6a6b-bd73-4bcf-a678-d87e71b2e927,0,ng,1,5187.0,2600.0,20.0,8.0,,,2481.0,21.0,5087.0,0.6666666666666666,9.0,0.2333333333333334,2,0,23.0,1.0,1.0,1,0,0,1,1.0,0.0,1.0,2.0,0.0,1.0,0.0,1.0,119.0,-1.0,1.0,119.0,119.0,119.0,119.0,120,,,116.0,,0.008333333333333333,0.015625,-0.025533302005165126,-0.015625,0,0,-0.008333333333333333,0,0,21.0,2649.0,5001.0,1.0,97.66666666666667,,,,5.555555555555556e-05,0.0,0.0,1.0,0.0,0.0,fundamental,1.0,20280904,20280904/ng2
h04ar64h,5koml6p7,8bec516a-46ac-4c13-a5a8-c4f2591f7470,61eb6a6b-bd73-4bcf-a678-d87e71b2e927,0,ng,2,5187.0,2600.0,20.0,8.0,,,2428.0,23.0,5087.0,0.6666666666666666,9.0,0.2333333333333334,2,0,23.0,1.0,1.0,1,0,0,1,2.0,0.0,2.0,1.0,0.0,1.0,0.0,6.0,97.66666666666667,-14.333333333333334,17.333333333333332,116.0,115.0,116.0,20.0,112,119.0,,99.0,-0.025210084033613467,0.15476190476190474,0.2708333333333333,-0.1584703409717747,0.0625,0,0,-0.12797619047619044,0,0,23.0,2612.0,5004.0,4.0,103.0,,,,0.005033333333333333,0.0,0.0,1.0,0.0,0.0,fundamental,2.0,20280904,20280904/ng2
h04ar64h,5koml6p7,8bec516a-46ac-4c13-a5a8-c4f2591f7470,61eb6a6b-bd73-4bcf-a678-d87e71b2e927,0,ng,3,5187.0,2600.0,20.0,20.0,0.0,0.0,2722.0,23.0,5087.0,0.6666666666666666,9.0,0.2333333333333334,2,0,23.0,1.0,1.0,1,0,0,1,0.0,1.0,-1.0,2.0,1.0,1.0,0.0,4.0,103.0,-1.0,4.0,99.0,110.0,110.0,99.0,104,116.0,119.0,100.0,-0.14655172413793105,0.038461538461538464,0.0625,0.010050335853502013,-0.078125,0,0,-0.009615384615384616,0,0,22.0,3162.0,5274.0,94.0,98.21428571428571,1.5345982142857142,1.5,-1.5,0.008622908622908623,0.0,0.0,1.0,0.0,0.0,fundamental,1.0,20280904,20280904/ng2
h04ar64h,5koml6p7,8bec516a-46ac-4c13-a5a8-c4f2591f7470,61eb6a6b-bd73-4bcf-a678-d87e71b2e927,0,ng,4,5187.0,2600.0,20.0,20.0,,,3282.0,21.0,5087.0,0.6666666666666666,9.0,0.2333333333333334,2,0,23.0,1.0,1.0,1,0,0,1,0.0,1.0,-1.0,1.0,0.0,1.0,0.0,7.0,98.21428571428571,2.2142857142857144,2.2142857142857144,100.0,96.0,102.5,96.0,96,99.0,116.0,98.25,0.010101010101010166,0.023065476190476192,0.03459821428571429,-0.017654935238721414,0.0625,0,0,0.023065476190476126,0,0,21.0,3682.0,5530.0,170.0,97.625,,,,0.01637126865671642,0.0,0.0,1.0,0.0,0.0,fundamental,1.0,20280904,20280904/ng2
h04ar64h,5koml6p7,8bec516a-46ac-4c13-a5a8-c4f2591f7470,61eb6a6b-bd73-4bcf-a678-d87e71b2e927,0,ng,5,5187.0,2600.0,20.0,4.0,,,3896.25,20.0,5087.0,0.6666666666666666,9.0,0.2333333333333334,2,0,23.0,1.0,1.0,1,0,0,1,0.0,2.0,-2.0,5.0,4.0,1.0,0.0,6.0,97.625,9.625,9.625,98.25,101.0,101.0,94.5,88,100.0,99.0,92.53,-0.01749999999999996,0.109375,0.150390625,-0.05998233448843138,0.16015625,0,0,0.109375,0,0,19.0,3952.25,5472.25,172.25,92.89888888888889,,,,0.014250524109014675,0.0,0.0,1.0,0.0,0.0,fundamental,2.0,20280904,20280904/ng2
h04ar64h,5koml6p7,8bec516a-46ac-4c13-a5a8-c4f2591f7470,61eb6a6b-bd73-4bcf-a678-d87e71b2e927,0,ng,6,5187.0,2600.0,20.0,20.0,90.0,3.0,4812.34,20.0,5087.0,0.6666666666666666,9.0,0.2333333333333334,2,0,23.0,1.0,1.0,1,0,0,1,0.0,9.0,-9.0,18.0,10.0,1.0,0.0,9.0,92.89888888888889,12.898888888888887,12.898888888888887,92.53,94.5,94.5,92.52,80,98.25,100.0,90.88,-0.05821882951653945,0.16123611111111108,0.20154513888888886,-0.017992961288097575,0.19578125000000002,0,0,0.16123611111111114,0,0,10.0,4988.34,5708.34,228.34000000000015,90.88,0.013749999999999929,0.28125,0.28125,0.021771897810218994,0.0,0.0,1.0,0.0,0.0,fundamental,9.0,20280904,20280904/ng2
h04ar64h,5koml6p7,8bec516a-46ac-4c13-a5a8-c4f2591f7470,61eb6a6b-bd73-4bcf-a678-d87e71b2e927,0,ng,7,5187.0,2600.0,20.0,4.0,,,5303.22,18.0,5087.0,0.6666666666666666,9.0,0.2333333333333334,2,0,23.0,1.0,1.0,1,0,0,1,0.0,1.0,-1.0,11.0,10.0,1.0,0.0,1.0,90.88,18.879999999999995,18.879999999999995,90.88,90.88,90.88,90.88,72,92.53,98.25,87.53,-0.017832054468820968,0.26222222222222213,0.29499999999999993,-0.03755836322849504,0.29499999999999993,0,0,0.26222222222222213,0,0,9.0,5115.22,5691.22,271.22000000000025,89.1711111111111,,,,0.02083046330463307,0.0,0.0,1.0,0.0,0.0,fundamental,1.0,20280904,20280904/ng2
h04ar64h,5koml6p7,8bec516a-46ac-4c13-a5a8-c4f2591f7470,61eb6a6b-bd73-4bcf-a678-d87e71b2e927,0,ng,8,5187.0,2600.0,20.0,20.0,,,6087.26,2.0,5087.0,0.6666666666666666,9.0,0.2333333333333334,2,0,23.0,1.0,1.0,1,0,0,1,0.0,8.0,-8.0,1.0,1.0,1.0,0.0,9.0,89.1711111111111,25.171111111111113,25.171111111111113,87.53,90.5,90.76,87.53,64,90.88,92.53,84.38,-0.036861795774647876,0.39329861111111114,0.39329861111111114,-0.03665118504815368,0.36765625,0,0,0.393298611111111,0,0,1.0,5847.26,5903.26,303.2600000000002,84.38,,,,0.028232539682539703,0.0,0.0,1.0,0.0,0.0,fundamental,8.0,20280904,20280904/ng2
h04ar64h,5koml6p7,8bec516a-46ac-4c13-a5a8-c4f2591f7470,61eb6a6b-bd73-4bcf-a678-d87e71b2e927,0,ng,9,5187.0,2600.0,20.0,0.0,85.0,5.0,6211.64,0.0,5087.0,0.6666666666666666,9.0,0.2333333333333334,2,0,23.0,1.0,1.0,1,0,0,1,0.0,1.0,-1.0,0.0,0.0,1.0,0.0,1.0,84.38,28.379999999999995,28.379999999999995,84.38,84.38,84.38,84.38,56,87.53,90.88,68.87,-0.035987661373243496,0.5067857142857142,0.44343749999999993,-0.20310973713958536,0.44343749999999993,0,0,0.5067857142857142,0,0,0.0,5931.639999999999,5931.639999999999,451.6399999999994,75.32,0.1512500000000001,0.578125,0.578125,0.028254055150040557,0.0,0.0,1.0,0.0,0.0,fundamental,1.0,20280904,20280904/ng2
h04ar64h,5koml6p7,8bec516a-46ac-4c13-a5a8-c4f2591f7470,61eb6a6b-bd73-4bcf-a678-d87e71b2e927,0,ng,10,5187.0,2600.0,20.0,8.0,,,6211.64,0.0,5087.0,0.6666666666666666,9.0,0.2333333333333334,2,0,23.0,1.0,1.0,1,0,0,1,0.0,0.0,0.0,0.0,0.0,,,2.0,75.32,27.32,27.32,68.87,81.77,81.77,68.87,48,84.38,87.53,72.0,-0.18381132969898073,0.5691666666666667,0.426875,0.04444544945944795,0.32609375000000007,0,0,0.5691666666666665,0,0,0.0,5931.639999999999,5931.639999999999,451.6399999999994,72.91666666666667,,,,0.029231143552311406,0.0,0.0,1.0,0.0,0.0,fundamental,0.0,20280904,20280904/ng2
h04ar64h,5koml6p7,8bec516a-46ac-4c13-a5a8-c4f2591f7470,61eb6a6b-bd73-4bcf-a678-d87e71b2e927,0,ng,11,5187.0,2600.0,20.0,8.0,,,6211.64,0.0,5087.0,0.6666666666666666,9.0,0.2333333333333334,2,0,23.0,1.0,1.0,1,0,0,1,0.0,0.0,0.0,0.0,0.0,,,3.0,72.91666666666667,32.916666666666664,32.916666666666664,72.0,77.5,77.5,69.25,40,68.87,84.38,60.0,0.045447945404385015,0.8229166666666666,0.5143229166666666,-0.1823215567939549,0.5,0,0,0.8229166666666667,0,0,0.0,5931.639999999999,5931.639999999999,451.6399999999994,60.0,,,,0.030853203568532005,0.0,0.0,1.0,0.0,0.0,fundamental,0.0,20280904,20280904/ng2
h04ar64h,5koml6p7,8bec516a-46ac-4c13-a5a8-c4f2591f7470,61eb6a6b-bd73-4bcf-a678-d87e71b2e927,0,ng,12,5187.0,2600.0,20.0,8.0,70.0,2.0,6211.64,0.0,5087.0,0.6666666666666666,9.0,0.2333333333333334,2,0,23.0,1.0,1.0,1,0,0,1,0.0,0.0,0.0,1.0,1.0,,,1.0,60.0,28.0,28.0,60.0,60.0,60.0,60.0,32,72.0,68.87,56.0,-0.16666666666666663,0.875,0.4375,-0.06899287148695077,0.4375,0,0,0.875,0,0,0.0,5931.639999999999,5931.639999999999,451.6399999999994,56.0,0.21875,0.71875,0.71875,0.030818836171938337,0.0,0.0,1.0,0.0,0.0,fundamental,0.0,20280904,20280904/ng2
h04ar64h,5koml6p7,8bec516a-46ac-4c13-a5a8-c4f2591f7470,61eb6a6b-bd73-4bcf-a678-d87e71b2e927,0,ng,13,5187.0,2600.0,20.0,8.0,,,6211.64,0.0,5087.0,0.6666666666666666,9.0,0.2333333333333334,2,0,23.0,1.0,1.0,1,0,0,1,0.0,0.0,0.0,2.0,2.0,,,1.0,56.0,32.0,32.0,56.0,56.0,56.0,56.0,24,60.0,72.0,2.0,-0.06666666666666665,1.3333333333333333,0.5,-3.3322045101752042,0.5,0,0,1.3333333333333333,0,0,0.0,5931.639999999999,5931.639999999999,451.6399999999994,20.474999999999998,,,,0.031143248175182457,0.0,0.0,1.0,0.0,0.0,fundamental,0.0,20280904,20280904/ng2
h04ar64h,5koml6p7,8bec516a-46ac-4c13-a5a8-c4f2591f7470,61eb6a6b-bd73-4bcf-a678-d87e71b2e927,0,ng,14,5187.0,2600.0,20.0,8.0,,,6207.64,2.0,5087.0,0.6666666666666666,9.0,0.2333333333333334,2,0,23.0,1.0,1.0,1,0,0,1,2.0,0.0,2.0,3.0,0.0,1.0,0.0,14.0,20.474999999999998,4.475,12.617857142857144,2.0,30.0,30.0,1.0,16,56.0,60.0,4.0,-0.9642857142857143,0.7886160714285715,0.19715401785714287,0.6931471805599453,-0.21875,0,1,0.27968749999999987,0,0,2.0,5943.639999999999,5959.639999999999,479.6399999999994,3.9722222222222223,,,,0.03531893755068936,0.0,0.0,1.0,0.0,0.0,fundamental,2.0,20280904,20280904/ng2
h04ar64h,5koml6p7,8bec516a-46ac-4c13-a5a8-c4f2591f7470,61eb6a6b-bd73-4bcf-a678-d87e71b2e927,0,ng,15,5187.0,2600.0,20.0,4.0,,,6161.64,18.0,5087.0,0.6666666666666666,9.0,0.2333333333333334,2,0,23.0,1.0,1.0,1,0,0,1,16.0,0.0,16.0,32.0,0.0,1.0,0.0,18.0,3.9722222222222223,-4.027777777777778,4.027777777777778,4.0,4.0,6.0,3.0,8,2.0,56.0,,1.0,0.5034722222222222,0.06293402777777778,,-0.0625,1,0,-0.5034722222222222,0,0,18.0,5953.639999999999,5953.639999999999,533.6399999999994,,,,,0.036553403034030325,0.0,0.0,1.0,0.0,0.0,fundamental,16.0,20280904,20280904/ng2
h04ar64h,sfggcdud,8bec516a-46ac-4c13-a5a8-c4f2591f7470,caaf92d9-86ec-4bb5-b6b7-b0577495c3da,0,ng,1,4407.0,2600.0,20.0,8.0,,,2600.0,20.0,4347.0,0.5,6.0,0.09999999999999998,2,1,21.0,1.0,0.0,1,0,0,1,0.0,0.0,0.0,2.0,1.0,,,1.0,119.0,-1.0,1.0,119.0,119.0,119.0,119.0,120,,,116.0,,0.008333333333333333,0.015625,-0.025533302005165126,-0.015625,0,0,-0.008333333333333333,0,0,20.0,2760.0,5000.0,0.0,97.66666666666667,,,,5.555555555555556e-05,0.0,1.0,0.0,0.0,0.0,speculator,0.0,20280904,20280904/ng2
h04ar64h,sfggcdud,8bec516a-46ac-4c13-a5a8-c4f2591f7470,caaf92d9-86ec-4bb5-b6b7-b0577495c3da,0,ng,2,4407.0,2600.0,20.0,8.0,,,2782.0,19.0,4347.0,0.5,6.0,0.09999999999999998,2,1,21.0,1.0,0.0,1,0,0,1,1.0,2.0,-1.0,2.0,0.0,0.3333333333333333,0.6666666666666667,6.0,97.66666666666667,-14.333333333333334,17.333333333333332,116.0,115.0,116.0,20.0,112,119.0,,99.0,-0.025210084033613467,0.15476190476190474,0.2708333333333333,-0.1584703409717747,0.0625,0,0,-0.12797619047619044,0,0,19.0,2934.0,4910.0,-90.0,103.0,,,,0.005033333333333333,0.0,1.0,0.0,0.0,0.0,speculator,3.0,20280904,20280904/ng2
h04ar64h,sfggcdud,8bec516a-46ac-4c13-a5a8-c4f2591f7470,caaf92d9-86ec-4bb5-b6b7-b0577495c3da,0,ng,3,4407.0,2600.0,20.0,20.0,0.0,0.0,2835.0,21.0,4347.0,0.5,6.0,0.09999999999999998,2,1,21.0,1.0,0.0,1,0,0,1,1.0,0.0,1.0,2.0,1.0,1.0,0.0,4.0,103.0,-1.0,4.0,99.0,110.0,110.0,99.0,104,116.0,119.0,100.0,-0.14655172413793105,0.038461538461538464,0.0625,0.010050335853502013,-0.078125,0,0,-0.009615384615384616,0,0,20.0,3235.0,5155.0,-25.0,98.21428571428571,1.5345982142857142,1.5,-1.5,0.008622908622908623,0.0,1.0,0.0,0.0,0.0,speculator,1.0,20280904,20280904/ng2
h04ar64h,sfggcdud,8bec516a-46ac-4c13-a5a8-c4f2591f7470,caaf92d9-86ec-4bb5-b6b7-b0577495c3da,0,ng,4,4407.0,2600.0,20.0,20.0,,,3356.0,20.0,4347.0,0.5,6.0,0.09999999999999998,2,1,21.0,1.0,0.0,1,0,0,1,0.0,1.0,-1.0,3.0,0.0,1.0,0.0,7.0,98.21428571428571,2.2142857142857144,2.2142857142857144,100.0,96.0,102.5,96.0,96,99.0,116.0,98.25,0.010101010101010166,0.023065476190476192,0.03459821428571429,-0.017654935238721414,0.0625,0,0,0.023065476190476126,0,0,19.0,3716.0,5388.0,28.0,97.625,,,,0.01637126865671642,0.0,1.0,0.0,0.0,0.0,speculator,1.0,20280904,20280904/ng2
h04ar64h,sfggcdud,8bec516a-46ac-4c13-a5a8-c4f2591f7470,caaf92d9-86ec-4bb5-b6b7-b0577495c3da,0,ng,5,4407.0,2600.0,20.0,4.0,,,3863.0,20.0,4347.0,0.5,6.0,0.09999999999999998,2,1,21.0,1.0,0.0,1,0,0,1,1.0,2.0,-1.0,4.0,3.0,0.3333333333333333,0.6666666666666667,6.0,97.625,9.625,9.625,98.25,101.0,101.0,94.5,88,100.0,99.0,92.53,-0.01749999999999996,0.109375,0.150390625,-0.05998233448843138,0.16015625,0,0,0.109375,0,0,18.0,3895.0,5335.0,35.0,92.89888888888889,,,,0.014250524109014675,0.0,1.0,0.0,0.0,0.0,speculator,3.0,20280904,20280904/ng2
h04ar64h,sfggcdud,8bec516a-46ac-4c13-a5a8-c4f2591f7470,caaf92d9-86ec-4bb5-b6b7-b0577495c3da,0,ng,6,4407.0,2600.0,20.0,20.0,10.0,1.0,3943.0,20.0,4347.0,0.5,6.0,0.09999999999999998,2,1,21.0,1.0,0.0,1,0,0,1,0.0,0.0,0.0,6.0,3.0,,,9.0,92.89888888888889,12.898888888888887,12.898888888888887,92.53,94.5,94.5,92.52,80,98.25,100.0,90.88,-0.05821882951653945,0.16123611111111108,0.20154513888888886,-0.017992961288097575,0.19578125000000002,0,0,0.16123611111111114,0,0,18.0,4255.0,5551.0,71.0,90.88,1.26375,0.96875,-0.96875,0.021771897810218994,0.0,1.0,0.0,0.0,0.0,speculator,0.0,20280904,20280904/ng2
h04ar64h,sfggcdud,8bec516a-46ac-4c13-a5a8-c4f2591f7470,caaf92d9-86ec-4bb5-b6b7-b0577495c3da,0,ng,7,4407.0,2600.0,20.0,4.0,,,4252.12,20.0,4347.0,0.5,6.0,0.09999999999999998,2,1,21.0,1.0,0.0,1,0,0,1,1.0,0.0,1.0,1.0,1.0,1.0,0.0,1.0,90.88,18.879999999999995,18.879999999999995,90.88,90.88,90.88,90.88,72,92.53,98.25,87.53,-0.017832054468820968,0.26222222222222213,0.29499999999999993,-0.03755836322849504,0.29499999999999993,0,0,0.26222222222222213,0,0,19.0,4240.12,5456.12,36.11999999999989,89.1711111111111,,,,0.02083046330463307,0.0,1.0,0.0,0.0,0.0,speculator,1.0,20280904,20280904/ng2
h04ar64h,sfggcdud,8bec516a-46ac-4c13-a5a8-c4f2591f7470,caaf92d9-86ec-4bb5-b6b7-b0577495c3da,0,ng,8,4407.0,2600.0,20.0,20.0,,,3974.08,23.0,4347.0,0.5,6.0,0.09999999999999998,2,1,21.0,1.0,0.0,1,0,0,1,4.0,0.0,4.0,1.0,0.0,1.0,0.0,9.0,89.1711111111111,25.171111111111113,25.171111111111113,87.53,90.5,90.76,87.53,64,90.88,92.53,84.38,-0.036861795774647876,0.39329861111111114,0.39329861111111114,-0.03665118504815368,0.36765625,0,0,0.393298611111111,0,0,23.0,4342.08,5630.08,30.079999999999927,84.38,,,,0.028232539682539703,0.0,1.0,0.0,0.0,0.0,speculator,4.0,20280904,20280904/ng2
h04ar64h,sfggcdud,8bec516a-46ac-4c13-a5a8-c4f2591f7470,caaf92d9-86ec-4bb5-b6b7-b0577495c3da,0,ng,9,4407.0,2600.0,20.0,0.0,0.0,0.0,4349.7,25.0,4347.0,0.5,6.0,0.09999999999999998,2,1,21.0,1.0,0.0,1,0,0,1,1.0,0.0,1.0,2.0,1.0,1.0,0.0,1.0,84.38,28.379999999999995,28.379999999999995,84.38,84.38,84.38,84.38,56,87.53,90.88,68.87,-0.035987661373243496,0.5067857142857142,0.44343749999999993,-0.20310973713958536,0.44343749999999993,0,0,0.5067857142857142,0,0,24.0,4257.7,5409.7,-70.30000000000018,75.32,1.176875,0.75,-0.75,0.028254055150040557,0.0,1.0,0.0,0.0,0.0,speculator,1.0,20280904,20280904/ng2
h04ar64h,sfggcdud,8bec516a-46ac-4c13-a5a8-c4f2591f7470,caaf92d9-86ec-4bb5-b6b7-b0577495c3da,0,ng,10,4407.0,2600.0,20.0,8.0,,,4267.929999999999,25.0,4347.0,0.5,6.0,0.09999999999999998,2,1,21.0,1.0,0.0,1,0,0,1,1.0,0.0,1.0,0.0,0.0,1.0,0.0,2.0,75.32,27.32,27.32,68.87,81.77,81.77,68.87,48,84.38,87.53,72.0,-0.18381132969898073,0.5691666666666667,0.426875,0.04444544945944795,0.32609375000000007,0,0,0.5691666666666665,0,0,25.0,4375.93,5375.93,-104.06999999999971,72.91666666666667,,,,0.029231143552311406,0.0,1.0,0.0,0.0,0.0,speculator,1.0,20280904,20280904/ng2
h04ar64h,sfggcdud,8bec516a-46ac-4c13-a5a8-c4f2591f7470,caaf92d9-86ec-4bb5-b6b7-b0577495c3da,0,ng,11,4407.0,2600.0,20.0,8.0,,,4249.179999999999,28.0,4347.0,0.5,6.0,0.09999999999999998,2,1,21.0,1.0,0.0,1,0,0,1,3.0,0.0,3.0,4.0,1.0,1.0,0.0,3.0,72.91666666666667,32.916666666666664,32.916666666666664,72.0,77.5,77.5,69.25,40,68.87,84.38,60.0,0.045447945404385015,0.8229166666666666,0.5143229166666666,-0.1823215567939549,0.5,0,0,0.8229166666666667,0,0,28.0,4381.18,5277.18,-202.8199999999997,60.0,,,,0.030853203568532005,0.0,1.0,0.0,0.0,0.0,speculator,3.0,20280904,20280904/ng2
h04ar64h,sfggcdud,8bec516a-46ac-4c13-a5a8-c4f2591f7470,caaf92d9-86ec-4bb5-b6b7-b0577495c3da,0,ng,12,4407.0,2600.0,20.0,8.0,0.0,0.0,4473.179999999999,28.0,4347.0,0.5,6.0,0.09999999999999998,2,1,21.0,1.0,0.0,1,0,0,1,0.0,0.0,0.0,0.0,0.0,,,1.0,60.0,28.0,28.0,60.0,60.0,60.0,60.0,32,72.0,68.87,56.0,-0.16666666666666663,0.875,0.4375,-0.06899287148695077,0.4375,0,0,0.875,0,0,28.0,4605.18,5277.18,-202.8199999999997,56.0,0.875,0.375,-0.375,0.030818836171938337,0.0,1.0,0.0,0.0,0.0,speculator,0.0,20280904,20280904/ng2
h04ar64h,sfggcdud,8bec516a-46ac-4c13-a5a8-c4f2591f7470,caaf92d9-86ec-4bb5-b6b7-b0577495c3da,0,ng,13,4407.0,2600.0,20.0,8.0,,,4697.179999999999,28.0,4347.0,0.5,6.0,0.09999999999999998,2,1,21.0,1.0,0.0,1,0,0,1,0.0,0.0,0.0,0.0,0.0,,,1.0,56.0,32.0,32.0,56.0,56.0,56.0,56.0,24,60.0,72.0,2.0,-0.06666666666666665,1.3333333333333333,0.5,-3.3322045101752042,0.5,0,0,1.3333333333333333,0,0,28.0,4829.18,5277.18,-202.8199999999997,20.474999999999998,,,,0.031143248175182457,0.0,1.0,0.0,0.0,0.0,speculator,0.0,20280904,20280904/ng2
h04ar64h,sfggcdud,8bec516a-46ac-4c13-a5a8-c4f2591f7470,caaf92d9-86ec-4bb5-b6b7-b0577495c3da,0,ng,14,4407.0,2600.0,20.0,8.0,,,4890.429999999999,31.0,4347.0,0.5,6.0,0.09999999999999998,2,1,21.0,1.0,0.0,1,0,0,1,2.0,0.0,2.0,2.0,0.0,1.0,0.0,14.0,20.474999999999998,4.475,12.617857142857144,2.0,30.0,30.0,1.0,16,56.0,60.0,4.0,-0.9642857142857143,0.7886160714285715,0.19715401785714287,0.6931471805599453,-0.21875,0,1,0.27968749999999987,0,0,30.0,5038.43,5278.43,-201.5699999999997,3.9722222222222223,,,,0.03531893755068936,0.0,1.0,0.0,0.0,0.0,speculator,2.0,20280904,20280904/ng2
h04ar64h,sfggcdud,8bec516a-46ac-4c13-a5a8-c4f2591f7470,caaf92d9-86ec-4bb5-b6b7-b0577495c3da,0,ng,15,4407.0,2600.0,20.0,4.0,,,5142.429999999999,30.0,4347.0,0.5,6.0,0.09999999999999998,2,1,21.0,1.0,0.0,1,0,0,1,0.0,1.0,-1.0,4.0,0.0,1.0,0.0,18.0,3.9722222222222223,-4.027777777777778,4.027777777777778,4.0,4.0,6.0,3.0,8,2.0,56.0,,1.0,0.5034722222222222,0.06293402777777778,,-0.0625,1,0,-0.5034722222222222,0,0,29.0,5158.43,5158.43,-261.5699999999997,,,,,0.036553403034030325,0.0,1.0,0.0,0.0,0.0,speculator,1.0,20280904,20280904/ng2
h04ar64h,74kwsfm2,8bec516a-46ac-4c13-a5a8-c4f2591f7470,ce821a3a-019e-48f5-89ae-ac2bbc7e040a,0,ng,1,5169.0,3800.0,10.0,8.0,,,3919.0,9.0,5049.0,1.0,8.0,-0.19999999999999996,2,0,21.0,0.0,1.0,1,0,0,1,0.0,1.0,-1.0,0.0,0.0,1.0,0.0,1.0,119.0,-1.0,1.0,119.0,119.0,119.0,119.0,120,,,116.0,,0.008333333333333333,0.015625,-0.025533302005165126,-0.015625,0,0,-0.008333333333333333,0,0,9.0,3991.0,4999.0,-1.0,97.66666666666667,,,,5.555555555555556e-05,0.0,0.0,0.0,1.0,0.0,other,1.0,20280904,20280904/ng2
h04ar64h,74kwsfm2,8bec516a-46ac-4c13-a5a8-c4f2591f7470,ce821a3a-019e-48f5-89ae-ac2bbc7e040a,0,ng,2,5169.0,3800.0,10.0,8.0,,,4212.0,7.0,5049.0,1.0,8.0,-0.19999999999999996,2,0,21.0,0.0,1.0,1,0,0,1,0.0,2.0,-2.0,1.0,1.0,1.0,0.0,6.0,97.66666666666667,-14.333333333333334,17.333333333333332,116.0,115.0,116.0,20.0,112,119.0,,99.0,-0.025210084033613467,0.15476190476190474,0.2708333333333333,-0.1584703409717747,0.0625,0,0,-0.12797619047619044,0,0,7.0,4268.0,4996.0,-4.0,103.0,,,,0.005033333333333333,0.0,0.0,0.0,1.0,0.0,other,2.0,20280904,20280904/ng2
h04ar64h,74kwsfm2,8bec516a-46ac-4c13-a5a8-c4f2591f7470,ce821a3a-019e-48f5-89ae-ac2bbc7e040a,0,ng,3,5169.0,3800.0,10.0,20.0,0.0,0.0,4471.0,5.0,5049.0,1.0,8.0,-0.19999999999999996,2,0,21.0,0.0,1.0,1,0,0,1,0.0,2.0,-2.0,1.0,0.0,1.0,0.0,4.0,103.0,-1.0,4.0,99.0,110.0,110.0,99.0,104,116.0,119.0,100.0,-0.14655172413793105,0.038461538461538464,0.0625,0.010050335853502013,-0.078125,0,0,-0.009615384615384616,0,0,5.0,4571.0,5051.0,-129.0,98.21428571428571,1.5345982142857142,1.5,-1.5,0.008622908622908623,0.0,0.0,0.0,1.0,0.0,other,2.0,20280904,20280904/ng2
h04ar64h,74kwsfm2,8bec516a-46ac-4c13-a5a8-c4f2591f7470,ce821a3a-019e-48f5-89ae-ac2bbc7e040a,0,ng,4,5169.0,3800.0,10.0,20.0,,,5057.5,0.0,5049.0,1.0,8.0,-0.19999999999999996,2,0,21.0,0.0,1.0,1,0,0,1,0.0,5.0,-5.0,3.0,2.0,1.0,0.0,7.0,98.21428571428571,2.2142857142857144,2.2142857142857144,100.0,96.0,102.5,96.0,96,99.0,116.0,98.25,0.010101010101010166,0.023065476190476192,0.03459821428571429,-0.017654935238721414,0.0625,0,0,0.023065476190476126,0,0,0.0,5057.5,5057.5,-302.5,97.625,,,,0.01637126865671642,0.0,0.0,0.0,1.0,0.0,other,5.0,20280904,20280904/ng2
h04ar64h,74kwsfm2,8bec516a-46ac-4c13-a5a8-c4f2591f7470,ce821a3a-019e-48f5-89ae-ac2bbc7e040a,0,ng,5,5169.0,3800.0,10.0,4.0,,,5057.5,0.0,5049.0,1.0,8.0,-0.19999999999999996,2,0,21.0,0.0,1.0,1,0,0,1,0.0,0.0,0.0,0.0,0.0,,,6.0,97.625,9.625,9.625,98.25,101.0,101.0,94.5,88,100.0,99.0,92.53,-0.01749999999999996,0.109375,0.150390625,-0.05998233448843138,0.16015625,0,0,0.109375,0,0,0.0,5057.5,5057.5,-242.5,92.89888888888889,,,,0.014250524109014675,0.0,0.0,0.0,1.0,0.0,other,0.0,20280904,20280904/ng2
h04ar64h,74kwsfm2,8bec516a-46ac-4c13-a5a8-c4f2591f7470,ce821a3a-019e-48f5-89ae-ac2bbc7e040a,0,ng,6,5169.0,3800.0,10.0,20.0,0.0,0.0,5057.5,0.0,5049.0,1.0,8.0,-0.19999999999999996,2,0,21.0,0.0,1.0,1,0,0,1,0.0,0.0,0.0,0.0,0.0,,,9.0,92.89888888888889,12.898888888888887,12.898888888888887,92.53,94.5,94.5,92.52,80,98.25,100.0,90.88,-0.05821882951653945,0.16123611111111108,0.20154513888888886,-0.017992961288097575,0.19578125000000002,0,0,0.16123611111111114,0,0,0.0,5057.5,5057.5,-422.5,90.88,1.42,1.125,-1.125,0.021771897810218994,0.0,0.0,0.0,1.0,0.0,other,0.0,20280904,20280904/ng2
h04ar64h,74kwsfm2,8bec516a-46ac-4c13-a5a8-c4f2591f7470,ce821a3a-019e-48f5-89ae-ac2bbc7e040a,0,ng,7,5169.0,3800.0,10.0,4.0,,,5057.5,0.0,5049.0,1.0,8.0,-0.19999999999999996,2,0,21.0,0.0,1.0,1,0,0,1,0.0,0.0,0.0,0.0,0.0,,,1.0,90.88,18.879999999999995,18.879999999999995,90.88,90.88,90.88,90.88,72,92.53,98.25,87.53,-0.017832054468820968,0.26222222222222213,0.29499999999999993,-0.03755836322849504,0.29499999999999993,0,0,0.26222222222222213,0,0,0.0,5057.5,5057.5,-362.5,89.1711111111111,,,,0.02083046330463307,0.0,0.0,0.0,1.0,0.0,other,0.0,20280904,20280904/ng2
h04ar64h,74kwsfm2,8bec516a-46ac-4c13-a5a8-c4f2591f7470,ce821a3a-019e-48f5-89ae-ac2bbc7e040a,0,ng,8,5169.0,3800.0,10.0,20.0,,,5057.5,0.0,5049.0,1.0,8.0,-0.19999999999999996,2,0,21.0,0.0,1.0,1,0,0,1,0.0,0.0,0.0,0.0,0.0,,,9.0,89.1711111111111,25.171111111111113,25.171111111111113,87.53,90.5,90.76,87.53,64,90.88,92.53,84.38,-0.036861795774647876,0.39329861111111114,0.39329861111111114,-0.03665118504815368,0.36765625,0,0,0.393298611111111,0,0,0.0,5057.5,5057.5,-542.5,84.38,,,,0.028232539682539703,0.0,0.0,0.0,1.0,0.0,other,0.0,20280904,20280904/ng2
h04ar64h,74kwsfm2,8bec516a-46ac-4c13-a5a8-c4f2591f7470,ce821a3a-019e-48f5-89ae-ac2bbc7e040a,0,ng,9,5169.0,3800.0,10.0,0.0,0.0,0.0,5057.5,0.0,5049.0,1.0,8.0,-0.19999999999999996,2,0,21.0,0.0,1.0,1,0,0,1,0.0,0.0,0.0,2.0,2.0,,,1.0,84.38,28.379999999999995,28.379999999999995,84.38,84.38,84.38,84.38,56,87.53,90.88,68.87,-0.035987661373243496,0.5067857142857142,0.44343749999999993,-0.20310973713958536,0.44343749999999993,0,0,0.5067857142857142,0,0,0.0,5057.5,5057.5,-422.5,75.32,1.176875,0.75,-0.75,0.028254055150040557,0.0,0.0,0.0,1.0,0.0,other,0.0,20280904,20280904/ng2
h04ar64h,74kwsfm2,8bec516a-46ac-4c13-a5a8-c4f2591f7470,ce821a3a-019e-48f5-89ae-ac2bbc7e040a,0,ng,10,5169.0,3800.0,10.0,8.0,,,5057.5,0.0,5049.0,1.0,8.0,-0.19999999999999996,2,0,21.0,0.0,1.0,1,0,0,1,0.0,0.0,0.0,1.0,0.0,,,2.0,75.32,27.32,27.32,68.87,81.77,81.77,68.87,48,84.38,87.53,72.0,-0.18381132969898073,0.5691666666666667,0.426875,0.04444544945944795,0.32609375000000007,0,0,0.5691666666666665,0,0,0.0,5057.5,5057.5,-422.5,72.91666666666667,,,,0.029231143552311406,0.0,0.0,0.0,1.0,0.0,other,0.0,20280904,20280904/ng2
h04ar64h,74kwsfm2,8bec516a-46ac-4c13-a5a8-c4f2591f7470,ce821a3a-019e-48f5-89ae-ac2bbc7e040a,0,ng,11,5169.0,3800.0,10.0,8.0,,,5057.5,0.0,5049.0,1.0,8.0,-0.19999999999999996,2,0,21.0,0.0,1.0,1,0,0,1,0.0,0.0,0.0,1.0,1.0,,,3.0,72.91666666666667,32.916666666666664,32.916666666666664,72.0,77.5,77.5,69.25,40,68.87,84.38,60.0,0.045447945404385015,0.8229166666666666,0.5143229166666666,-0.1823215567939549,0.5,0,0,0.8229166666666667,0,0,0.0,5057.5,5057.5,-422.5,60.0,,,,0.030853203568532005,0.0,0.0,0.0,1.0,0.0,other,0.0,20280904,20280904/ng2
h04ar64h,74kwsfm2,8bec516a-46ac-4c13-a5a8-c4f2591f7470,ce821a3a-019e-48f5-89ae-ac2bbc7e040a,0,ng,12,5169.0,3800.0,10.0,8.0,0.0,0.0,5057.5,0.0,5049.0,1.0,8.0,-0.19999999999999996,2,0,21.0,0.0,1.0,1,0,0,1,0.0,0.0,0.0,0.0,0.0,,,1.0,60.0,28.0,28.0,60.0,60.0,60.0,60.0,32,72.0,68.87,56.0,-0.16666666666666663,0.875,0.4375,-0.06899287148695077,0.4375,0,0,0.875,0,0,0.0,5057.5,5057.5,-422.5,56.0,0.875,0.375,-0.375,0.030818836171938337,0.0,0.0,0.0,1.0,0.0,other,0.0,20280904,20280904/ng2
h04ar64h,74kwsfm2,8bec516a-46ac-4c13-a5a8-c4f2591f7470,ce821a3a-019e-48f5-89ae-ac2bbc7e040a,0,ng,13,5169.0,3800.0,10.0,8.0,,,5057.5,0.0,5049.0,1.0,8.0,-0.19999999999999996,2,0,21.0,0.0,1.0,1,0,0,1,0.0,0.0,0.0,0.0,0.0,,,1.0,56.0,32.0,32.0,56.0,56.0,56.0,56.0,24,60.0,72.0,2.0,-0.06666666666666665,1.3333333333333333,0.5,-3.3322045101752042,0.5,0,0,1.3333333333333333,0,0,0.0,5057.5,5057.5,-422.5,20.474999999999998,,,,0.031143248175182457,0.0,0.0,0.0,1.0,0.0,other,0.0,20280904,20280904/ng2
h04ar64h,74kwsfm2,8bec516a-46ac-4c13-a5a8-c4f2591f7470,ce821a3a-019e-48f5-89ae-ac2bbc7e040a,0,ng,14,5169.0,3800.0,10.0,8.0,,,5026.5,2.0,5049.0,1.0,8.0,-0.19999999999999996,2,0,21.0,0.0,1.0,1,0,0,1,2.0,0.0,2.0,1.0,0.0,1.0,0.0,14.0,20.474999999999998,4.475,12.617857142857144,2.0,30.0,30.0,1.0,16,56.0,60.0,4.0,-0.9642857142857143,0.7886160714285715,0.19715401785714287,0.6931471805599453,-0.21875,0,1,0.27968749999999987,0,0,2.0,5042.5,5058.5,-421.5,3.9722222222222223,,,,0.03531893755068936,0.0,0.0,0.0,1.0,0.0,other,2.0,20280904,20280904/ng2
h04ar64h,74kwsfm2,8bec516a-46ac-4c13-a5a8-c4f2591f7470,ce821a3a-019e-48f5-89ae-ac2bbc7e040a,0,ng,15,5169.0,3800.0,10.0,4.0,,,5033.0,4.0,5049.0,1.0,8.0,-0.19999999999999996,2,0,21.0,0.0,1.0,1,0,0,1,2.0,0.0,2.0,5.0,0.0,1.0,0.0,18.0,3.9722222222222223,-4.027777777777778,4.027777777777778,4.0,4.0,6.0,3.0,8,2.0,56.0,,1.0,0.5034722222222222,0.06293402777777778,,-0.0625,1,0,-0.5034722222222222,0,0,4.0,5049.0,5049.0,-371.0,,,,,0.036553403034030325,0.0,0.0,0.0,1.0,0.0,other,2.0,20280904,20280904/ng2
h04ar64h,wqx1o2wk,8bec516a-46ac-4c13-a5a8-c4f2591f7470,f5797a7b-31de-41b8-be5e-f92b24530299,0,ng,1,5899.0,2600.0,20.0,8.0,,,2600.0,20.0,5739.0,0.8333333333333334,6.0,-0.2333333333333334,1,1,23.0,1.0,1.0,1,0,0,1,0.0,0.0,0.0,0.0,0.0,,,1.0,119.0,-1.0,1.0,119.0,119.0,119.0,119.0,120,,,116.0,,0.008333333333333333,0.015625,-0.025533302005165126,-0.015625,0,0,-0.008333333333333333,0,0,20.0,2760.0,5000.0,0.0,97.66666666666667,,,,5.555555555555556e-05,1.0,0.0,0.0,0.0,1.0,market_maker,0.0,20280904,20280904/ng2
h04ar64h,wqx1o2wk,8bec516a-46ac-4c13-a5a8-c4f2591f7470,f5797a7b-31de-41b8-be5e-f92b24530299,0,ng,2,5899.0,2600.0,20.0,8.0,,,2989.0,18.0,5739.0,0.8333333333333334,6.0,-0.2333333333333334,1,1,23.0,1.0,1.0,1,0,0,1,0.0,2.0,-2.0,1.0,0.0,1.0,0.0,6.0,97.66666666666667,-14.333333333333334,17.333333333333332,116.0,115.0,116.0,20.0,112,119.0,,99.0,-0.025210084033613467,0.15476190476190474,0.2708333333333333,-0.1584703409717747,0.0625,0,0,-0.12797619047619044,0,0,18.0,3133.0,5005.0,5.0,103.0,,,,0.005033333333333333,1.0,0.0,0.0,0.0,1.0,market_maker,2.0,20280904,20280904/ng2
h04ar64h,wqx1o2wk,8bec516a-46ac-4c13-a5a8-c4f2591f7470,f5797a7b-31de-41b8-be5e-f92b24530299,0,ng,3,5899.0,2600.0,20.0,20.0,96.0,3.0,3128.0,18.0,5739.0,0.8333333333333334,6.0,-0.2333333333333334,1,1,23.0,1.0,1.0,1,0,0,1,1.0,1.0,0.0,5.0,0.0,0.0,1.0,4.0,103.0,-1.0,4.0,99.0,110.0,110.0,99.0,104,116.0,119.0,100.0,-0.14655172413793105,0.038461538461538464,0.0625,0.010050335853502013,-0.078125,0,0,-0.009615384615384616,0,0,18.0,3488.0,5216.0,36.0,98.21428571428571,0.03459821428571419,0.0,0.0,0.008622908622908623,1.0,0.0,0.0,0.0,1.0,market_maker,2.0,20280904,20280904/ng2
h04ar64h,wqx1o2wk,8bec516a-46ac-4c13-a5a8-c4f2591f7470,f5797a7b-31de-41b8-be5e-f92b24530299,0,ng,4,5899.0,2600.0,20.0,20.0,,,3104.0,22.0,5739.0,0.8333333333333334,6.0,-0.2333333333333334,1,1,23.0,1.0,1.0,1,0,0,1,4.0,0.0,4.0,3.0,0.0,1.0,0.0,7.0,98.21428571428571,2.2142857142857144,2.2142857142857144,100.0,96.0,102.5,96.0,96,99.0,116.0,98.25,0.010101010101010166,0.023065476190476192,0.03459821428571429,-0.017654935238721414,0.0625,0,0,0.023065476190476126,0,0,22.0,3544.0,5480.0,120.0,97.625,,,,0.01637126865671642,1.0,0.0,0.0,0.0,1.0,market_maker,4.0,20280904,20280904/ng2
h04ar64h,wqx1o2wk,8bec516a-46ac-4c13-a5a8-c4f2591f7470,f5797a7b-31de-41b8-be5e-f92b24530299,0,ng,5,5899.0,2600.0,20.0,4.0,,,3637.5,21.0,5739.0,0.8333333333333334,6.0,-0.2333333333333334,1,1,23.0,1.0,1.0,1,0,0,1,1.0,2.0,-1.0,0.0,0.0,0.3333333333333333,0.6666666666666667,6.0,97.625,9.625,9.625,98.25,101.0,101.0,94.5,88,100.0,99.0,92.53,-0.01749999999999996,0.109375,0.150390625,-0.05998233448843138,0.16015625,0,0,0.109375,0,0,21.0,3721.5,5401.5,101.5,92.89888888888889,,,,0.014250524109014675,1.0,0.0,0.0,0.0,1.0,market_maker,3.0,20280904,20280904/ng2
h04ar64h,wqx1o2wk,8bec516a-46ac-4c13-a5a8-c4f2591f7470,f5797a7b-31de-41b8-be5e-f92b24530299,0,ng,6,5899.0,2600.0,20.0,20.0,90.0,3.0,3351.3599999999997,27.0,5739.0,0.8333333333333334,6.0,-0.2333333333333334,1,1,23.0,1.0,1.0,1,0,0,1,4.0,0.0,4.0,2.0,2.0,1.0,0.0,9.0,92.89888888888889,12.898888888888887,12.898888888888887,92.53,94.5,94.5,92.52,80,98.25,100.0,90.88,-0.05821882951653945,0.16123611111111108,0.20154513888888886,-0.017992961288097575,0.19578125000000002,0,0,0.16123611111111114,0,0,25.0,3851.36,5651.360000000001,171.36000000000058,90.88,0.013749999999999929,0.28125,0.28125,0.021771897810218994,1.0,0.0,0.0,0.0,1.0,market_maker,4.0,20280904,20280904/ng2
h04ar64h,wqx1o2wk,8bec516a-46ac-4c13-a5a8-c4f2591f7470,f5797a7b-31de-41b8-be5e-f92b24530299,0,ng,7,5899.0,2600.0,20.0,4.0,,,3891.36,25.0,5739.0,0.8333333333333334,6.0,-0.2333333333333334,1,1,23.0,1.0,1.0,1,0,0,1,0.0,0.0,0.0,0.0,0.0,,,1.0,90.88,18.879999999999995,18.879999999999995,90.88,90.88,90.88,90.88,72,92.53,98.25,87.53,-0.017832054468820968,0.26222222222222213,0.29499999999999993,-0.03755836322849504,0.29499999999999993,0,0,0.26222222222222213,0,0,25.0,3951.36,5551.360000000001,131.36000000000058,89.1711111111111,,,,0.02083046330463307,1.0,0.0,0.0,0.0,1.0,market_maker,0.0,20280904,20280904/ng2
h04ar64h,wqx1o2wk,8bec516a-46ac-4c13-a5a8-c4f2591f7470,f5797a7b-31de-41b8-be5e-f92b24530299,0,ng,8,5899.0,2600.0,20.0,20.0,,,3817.86,27.0,5739.0,0.8333333333333334,6.0,-0.2333333333333334,1,1,23.0,1.0,1.0,1,0,0,1,3.0,1.0,2.0,5.0,4.0,0.5,0.5,9.0,89.1711111111111,25.171111111111113,25.171111111111113,87.53,90.5,90.76,87.53,64,90.88,92.53,84.38,-0.036861795774647876,0.39329861111111114,0.39329861111111114,-0.03665118504815368,0.36765625,0,0,0.393298611111111,0,0,27.0,4317.860000000001,5829.860000000001,229.86000000000058,84.38,,,,0.028232539682539703,1.0,0.0,0.0,0.0,1.0,market_maker,4.0,20280904,20280904/ng2
h04ar64h,wqx1o2wk,8bec516a-46ac-4c13-a5a8-c4f2591f7470,f5797a7b-31de-41b8-be5e-f92b24530299,0,ng,9,5899.0,2600.0,20.0,0.0,56.0,3.0,4357.86,30.0,5739.0,0.8333333333333334,6.0,-0.2333333333333334,1,1,23.0,1.0,1.0,1,0,0,1,0.0,0.0,0.0,4.0,4.0,,,1.0,84.38,28.379999999999995,28.379999999999995,84.38,84.38,84.38,84.38,56,87.53,90.88,68.87,-0.035987661373243496,0.5067857142857142,0.44343749999999993,-0.20310973713958536,0.44343749999999993,0,0,0.5067857142857142,0,0,27.0,4317.860000000001,5613.860000000001,133.86000000000058,75.32,0.3018749999999999,0.125,0.125,0.028254055150040557,1.0,0.0,0.0,0.0,1.0,market_maker,0.0,20280904,20280904/ng2
h04ar64h,wqx1o2wk,8bec516a-46ac-4c13-a5a8-c4f2591f7470,f5797a7b-31de-41b8-be5e-f92b24530299,0,ng,10,5899.0,2600.0,20.0,8.0,,,4426.73,26.0,5739.0,0.8333333333333334,6.0,-0.2333333333333334,1,1,23.0,1.0,1.0,1,0,0,1,0.0,1.0,-1.0,3.0,2.0,1.0,0.0,2.0,75.32,27.32,27.32,68.87,81.77,81.77,68.87,48,84.38,87.53,72.0,-0.18381132969898073,0.5691666666666667,0.426875,0.04444544945944795,0.32609375000000007,0,0,0.5691666666666665,0,0,26.0,4594.73,5634.73,154.72999999999956,72.91666666666667,,,,0.029231143552311406,1.0,0.0,0.0,0.0,1.0,market_maker,1.0,20280904,20280904/ng2
h04ar64h,wqx1o2wk,8bec516a-46ac-4c13-a5a8-c4f2591f7470,f5797a7b-31de-41b8-be5e-f92b24530299,0,ng,11,5899.0,2600.0,20.0,8.0,,,4775.98,27.0,5739.0,0.8333333333333334,6.0,-0.2333333333333334,1,1,23.0,1.0,1.0,1,0,0,1,0.0,2.0,-2.0,3.0,3.0,1.0,0.0,3.0,72.91666666666667,32.916666666666664,32.916666666666664,72.0,77.5,77.5,69.25,40,68.87,84.38,60.0,0.045447945404385015,0.8229166666666666,0.5143229166666666,-0.1823215567939549,0.5,0,0,0.8229166666666667,0,0,24.0,4927.98,5695.98,215.97999999999956,60.0,,,,0.030853203568532005,1.0,0.0,0.0,0.0,1.0,market_maker,2.0,20280904,20280904/ng2
h04ar64h,wqx1o2wk,8bec516a-46ac-4c13-a5a8-c4f2591f7470,f5797a7b-31de-41b8-be5e-f92b24530299,0,ng,12,5899.0,2600.0,20.0,8.0,0.0,0.0,4931.98,25.0,5739.0,0.8333333333333334,6.0,-0.2333333333333334,1,1,23.0,1.0,1.0,1,0,0,1,1.0,0.0,1.0,0.0,0.0,1.0,0.0,1.0,60.0,28.0,28.0,60.0,60.0,60.0,60.0,32,72.0,68.87,56.0,-0.16666666666666663,0.875,0.4375,-0.06899287148695077,0.4375,0,0,0.875,0,0,25.0,5067.98,5667.98,187.97999999999956,56.0,0.875,0.375,-0.375,0.030818836171938337,1.0,0.0,0.0,0.0,1.0,market_maker,1.0,20280904,20280904/ng2
h04ar64h,wqx1o2wk,8bec516a-46ac-4c13-a5a8-c4f2591f7470,f5797a7b-31de-41b8-be5e-f92b24530299,0,ng,13,5899.0,2600.0,20.0,8.0,,,5075.98,30.0,5739.0,0.8333333333333334,6.0,-0.2333333333333334,1,1,23.0,1.0,1.0,1,0,0,1,1.0,0.0,1.0,10.0,6.0,1.0,0.0,1.0,56.0,32.0,32.0,56.0,56.0,56.0,56.0,24,60.0,72.0,2.0,-0.06666666666666665,1.3333333333333333,0.5,-3.3322045101752042,0.5,0,0,1.3333333333333333,0,0,26.0,5219.98,5635.98,155.97999999999956,20.474999999999998,,,,0.031143248175182457,1.0,0.0,0.0,0.0,1.0,market_maker,1.0,20280904,20280904/ng2
h04ar64h,wqx1o2wk,8bec516a-46ac-4c13-a5a8-c4f2591f7470,f5797a7b-31de-41b8-be5e-f92b24530299,0,ng,14,5899.0,2600.0,20.0,8.0,,,5455.29,25.0,5739.0,0.8333333333333334,6.0,-0.2333333333333334,1,1,23.0,1.0,1.0,1,0,0,1,0.0,5.0,-5.0,5.0,0.0,1.0,0.0,14.0,20.474999999999998,4.475,12.617857142857144,2.0,30.0,30.0,1.0,16,56.0,60.0,4.0,-0.9642857142857143,0.7886160714285715,0.19715401785714287,0.6931471805599453,-0.21875,0,1,0.27968749999999987,0,0,21.0,5527.290000000001,5695.290000000001,215.29000000000087,3.9722222222222223,,,,0.03531893755068936,1.0,0.0,0.0,0.0,1.0,market_maker,5.0,20280904,20280904/ng2
h04ar64h,wqx1o2wk,8bec516a-46ac-4c13-a5a8-c4f2591f7470,f5797a7b-31de-41b8-be5e-f92b24530299,0,ng,15,5899.0,2600.0,20.0,4.0,,,5722.79,4.0,5739.0,0.8333333333333334,6.0,-0.2333333333333334,1,1,23.0,1.0,1.0,1,0,0,1,0.0,17.0,-17.0,9.0,0.0,1.0,0.0,18.0,3.9722222222222223,-4.027777777777778,4.027777777777778,4.0,4.0,6.0,3.0,8,2.0,56.0,,1.0,0.5034722222222222,0.06293402777777778,,-0.0625,1,0,-0.5034722222222222,0,0,4.0,5610.790000000001,5610.790000000001,190.79000000000087,,,,,0.036553403034030325,1.0,0.0,0.0,0.0,1.0,market_maker,17.0,20280904,20280904/ng2
h04ar64h,7rwcsuuk,8bec516a-46ac-4c13-a5a8-c4f2591f7470,f90cff15-d195-42e2-8bd8-e8a49ea4d248,0,ng,1,4809.0,3800.0,10.0,8.0,,,3800.0,10.0,4689.0,0.6666666666666666,6.0,-0.06666666666666665,3,1,22.0,1.0,1.0,1,0,0,1,0.0,0.0,0.0,0.0,0.0,,,1.0,119.0,-1.0,1.0,119.0,119.0,119.0,119.0,120,,,116.0,,0.008333333333333333,0.015625,-0.025533302005165126,-0.015625,0,0,-0.008333333333333333,0,0,10.0,3880.0,5000.0,0.0,97.66666666666667,,,,5.555555555555556e-05,0.0,0.0,0.0,1.0,0.0,other,0.0,20280904,20280904/ng2
h04ar64h,7rwcsuuk,8bec516a-46ac-4c13-a5a8-c4f2591f7470,f90cff15-d195-42e2-8bd8-e8a49ea4d248,0,ng,2,4809.0,3800.0,10.0,8.0,,,3880.0,10.0,4689.0,0.6666666666666666,6.0,-0.06666666666666665,3,1,22.0,1.0,1.0,1,0,0,1,0.0,0.0,0.0,1.0,1.0,,,6.0,97.66666666666667,-14.333333333333334,17.333333333333332,116.0,115.0,116.0,20.0,112,119.0,,99.0,-0.025210084033613467,0.15476190476190474,0.2708333333333333,-0.1584703409717747,0.0625,0,0,-0.12797619047619044,0,0,10.0,3960.0,5000.0,0.0,103.0,,,,0.005033333333333333,0.0,0.0,0.0,1.0,0.0,other,0.0,20280904,20280904/ng2
h04ar64h,7rwcsuuk,8bec516a-46ac-4c13-a5a8-c4f2591f7470,f90cff15-d195-42e2-8bd8-e8a49ea4d248,0,ng,3,4809.0,3800.0,10.0,20.0,0.0,0.0,3960.0,10.0,4689.0,0.6666666666666666,6.0,-0.06666666666666665,3,1,22.0,1.0,1.0,1,0,0,1,0.0,0.0,0.0,0.0,0.0,,,4.0,103.0,-1.0,4.0,99.0,110.0,110.0,99.0,104,116.0,119.0,100.0,-0.14655172413793105,0.038461538461538464,0.0625,0.010050335853502013,-0.078125,0,0,-0.009615384615384616,0,0,10.0,4160.0,5120.0,-60.0,98.21428571428571,1.5345982142857142,1.5,-1.5,0.008622908622908623,0.0,0.0,0.0,1.0,0.0,other,0.0,20280904,20280904/ng2
h04ar64h,7rwcsuuk,8bec516a-46ac-4c13-a5a8-c4f2591f7470,f90cff15-d195-42e2-8bd8-e8a49ea4d248,0,ng,4,4809.0,3800.0,10.0,20.0,,,4160.0,10.0,4689.0,0.6666666666666666,6.0,-0.06666666666666665,3,1,22.0,1.0,1.0,1,0,0,1,0.0,0.0,0.0,3.0,2.0,,,7.0,98.21428571428571,2.2142857142857144,2.2142857142857144,100.0,96.0,102.5,96.0,96,99.0,116.0,98.25,0.010101010101010166,0.023065476190476192,0.03459821428571429,-0.017654935238721414,0.0625,0,0,0.023065476190476126,0,0,10.0,4360.0,5240.0,-120.0,97.625,,,,0.01637126865671642,0.0,0.0,0.0,1.0,0.0,other,0.0,20280904,20280904/ng2
h04ar64h,7rwcsuuk,8bec516a-46ac-4c13-a5a8-c4f2591f7470,f90cff15-d195-42e2-8bd8-e8a49ea4d248,0,ng,5,4809.0,3800.0,10.0,4.0,,,4265.5,11.0,4689.0,0.6666666666666666,6.0,-0.06666666666666665,3,1,22.0,1.0,1.0,1,0,0,1,1.0,0.0,1.0,2.0,0.0,1.0,0.0,6.0,97.625,9.625,9.625,98.25,101.0,101.0,94.5,88,100.0,99.0,92.53,-0.01749999999999996,0.109375,0.150390625,-0.05998233448843138,0.16015625,0,0,0.109375,0,0,11.0,4309.5,5189.5,-110.5,92.89888888888889,,,,0.014250524109014675,0.0,0.0,0.0,1.0,0.0,other,1.0,20280904,20280904/ng2
h04ar64h,7rwcsuuk,8bec516a-46ac-4c13-a5a8-c4f2591f7470,f90cff15-d195-42e2-8bd8-e8a49ea4d248,0,ng,6,4809.0,3800.0,10.0,20.0,0.0,0.0,4122.48,14.0,4689.0,0.6666666666666666,6.0,-0.06666666666666665,3,1,22.0,1.0,1.0,1,0,0,1,2.0,0.0,2.0,1.0,1.0,1.0,0.0,9.0,92.89888888888889,12.898888888888887,12.898888888888887,92.53,94.5,94.5,92.52,80,98.25,100.0,90.88,-0.05821882951653945,0.16123611111111108,0.20154513888888886,-0.017992961288097575,0.19578125000000002,0,0,0.16123611111111114,0,0,13.0,4382.48,5318.48,-161.52000000000044,90.88,1.42,1.125,-1.125,0.021771897810218994,0.0,0.0,0.0,1.0,0.0,other,2.0,20280904,20280904/ng2
h04ar64h,7rwcsuuk,8bec516a-46ac-4c13-a5a8-c4f2591f7470,f90cff15-d195-42e2-8bd8-e8a49ea4d248,0,ng,7,4809.0,3800.0,10.0,4.0,,,4402.48,13.0,4689.0,0.6666666666666666,6.0,-0.06666666666666665,3,1,22.0,1.0,1.0,1,0,0,1,0.0,0.0,0.0,1.0,0.0,,,1.0,90.88,18.879999999999995,18.879999999999995,90.88,90.88,90.88,90.88,72,92.53,98.25,87.53,-0.017832054468820968,0.26222222222222213,0.29499999999999993,-0.03755836322849504,0.29499999999999993,0,0,0.26222222222222213,0,0,13.0,4434.48,5266.48,-153.52000000000044,89.1711111111111,,,,0.02083046330463307,0.0,0.0,0.0,1.0,0.0,other,0.0,20280904,20280904/ng2
h04ar64h,7rwcsuuk,8bec516a-46ac-4c13-a5a8-c4f2591f7470,f90cff15-d195-42e2-8bd8-e8a49ea4d248,0,ng,8,4809.0,3800.0,10.0,20.0,,,4273.98,16.0,4689.0,0.6666666666666666,6.0,-0.06666666666666665,3,1,22.0,1.0,1.0,1,0,0,1,2.0,0.0,2.0,1.0,1.0,1.0,0.0,9.0,89.1711111111111,25.171111111111113,25.171111111111113,87.53,90.5,90.76,87.53,64,90.88,92.53,84.38,-0.036861795774647876,0.39329861111111114,0.39329861111111114,-0.03665118504815368,0.36765625,0,0,0.393298611111111,0,0,15.0,4553.98,5393.98,-206.02000000000044,84.38,,,,0.028232539682539703,0.0,0.0,0.0,1.0,0.0,other,2.0,20280904,20280904/ng2
h04ar64h,7rwcsuuk,8bec516a-46ac-4c13-a5a8-c4f2591f7470,f90cff15-d195-42e2-8bd8-e8a49ea4d248,0,ng,9,4809.0,3800.0,10.0,0.0,0.0,0.0,4593.98,15.0,4689.0,0.6666666666666666,6.0,-0.06666666666666665,3,1,22.0,1.0,1.0,1,0,0,1,0.0,0.0,0.0,1.0,0.0,,,1.0,84.38,28.379999999999995,28.379999999999995,84.38,84.38,84.38,84.38,56,87.53,90.88,68.87,-0.035987661373243496,0.5067857142857142,0.44343749999999993,-0.20310973713958536,0.44343749999999993,0,0,0.5067857142857142,0,0,15.0,4553.98,5273.98,-206.02000000000044,75.32,1.176875,0.75,-0.75,0.028254055150040557,0.0,0.0,0.0,1.0,0.0,other,0.0,20280904,20280904/ng2
h04ar64h,7rwcsuuk,8bec516a-46ac-4c13-a5a8-c4f2591f7470,f90cff15-d195-42e2-8bd8-e8a49ea4d248,0,ng,10,4809.0,3800.0,10.0,8.0,,,4525.11,17.0,4689.0,0.6666666666666666,6.0,-0.06666666666666665,3,1,22.0,1.0,1.0,1,0,0,1,1.0,0.0,1.0,2.0,1.0,1.0,0.0,2.0,75.32,27.32,27.32,68.87,81.77,81.77,68.87,48,84.38,87.53,72.0,-0.18381132969898073,0.5691666666666667,0.426875,0.04444544945944795,0.32609375000000007,0,0,0.5691666666666665,0,0,16.0,4613.110000000001,5253.110000000001,-226.88999999999942,72.91666666666667,,,,0.029231143552311406,0.0,0.0,0.0,1.0,0.0,other,1.0,20280904,20280904/ng2
h04ar64h,7rwcsuuk,8bec516a-46ac-4c13-a5a8-c4f2591f7470,f90cff15-d195-42e2-8bd8-e8a49ea4d248,0,ng,11,4809.0,3800.0,10.0,8.0,,,4661.11,16.0,4689.0,0.6666666666666666,6.0,-0.06666666666666665,3,1,22.0,1.0,1.0,1,0,0,1,0.0,0.0,0.0,2.0,1.0,,,3.0,72.91666666666667,32.916666666666664,32.916666666666664,72.0,77.5,77.5,69.25,40,68.87,84.38,60.0,0.045447945404385015,0.8229166666666666,0.5143229166666666,-0.1823215567939549,0.5,0,0,0.8229166666666667,0,0,16.0,4741.110000000001,5253.110000000001,-226.88999999999942,60.0,,,,0.030853203568532005,0.0,0.0,0.0,1.0,0.0,other,0.0,20280904,20280904/ng2
h04ar64h,7rwcsuuk,8bec516a-46ac-4c13-a5a8-c4f2591f7470,f90cff15-d195-42e2-8bd8-e8a49ea4d248,0,ng,12,4809.0,3800.0,10.0,8.0,56.0,2.0,4789.11,17.0,4689.0,0.6666666666666666,6.0,-0.06666666666666665,3,1,22.0,1.0,1.0,1,0,0,1,0.0,0.0,0.0,1.0,0.0,,,1.0,60.0,28.0,28.0,60.0,60.0,60.0,60.0,32,72.0,68.87,56.0,-0.16666666666666663,0.875,0.4375,-0.06899287148695077,0.4375,0,0,0.875,0,0,16.0,4869.110000000001,5253.110000000001,-226.88999999999942,56.0,0.0,0.5,0.5,0.030818836171938337,0.0,0.0,0.0,1.0,0.0,other,0.0,20280904,20280904/ng2
h04ar64h,7rwcsuuk,8bec516a-46ac-4c13-a5a8-c4f2591f7470,f90cff15-d195-42e2-8bd8-e8a49ea4d248,0,ng,13,4809.0,3800.0,10.0,8.0,,,4925.11,16.0,4689.0,0.6666666666666666,6.0,-0.06666666666666665,3,1,22.0,1.0,1.0,1,0,0,1,0.0,0.0,0.0,6.0,0.0,,,1.0,56.0,32.0,32.0,56.0,56.0,56.0,56.0,24,60.0,72.0,2.0,-0.06666666666666665,1.3333333333333333,0.5,-3.3322045101752042,0.5,0,0,1.3333333333333333,0,0,16.0,4997.110000000001,5253.110000000001,-226.88999999999942,20.474999999999998,,,,0.031143248175182457,0.0,0.0,0.0,1.0,0.0,other,0.0,20280904,20280904/ng2
h04ar64h,7rwcsuuk,8bec516a-46ac-4c13-a5a8-c4f2591f7470,f90cff15-d195-42e2-8bd8-e8a49ea4d248,0,ng,14,4809.0,3800.0,10.0,8.0,,,4839.209999999999,21.0,4689.0,0.6666666666666666,6.0,-0.06666666666666665,3,1,22.0,1.0,1.0,1,0,0,1,8.0,4.0,4.0,4.0,0.0,0.3333333333333333,0.6666666666666667,14.0,20.474999999999998,4.475,12.617857142857144,2.0,30.0,30.0,1.0,16,56.0,60.0,4.0,-0.9642857142857143,0.7886160714285715,0.19715401785714287,0.6931471805599453,-0.21875,0,1,0.27968749999999987,0,0,20.0,4943.21,5103.21,-376.78999999999996,3.9722222222222223,,,,0.03531893755068936,0.0,0.0,0.0,1.0,0.0,other,12.0,20280904,20280904/ng2
h04ar64h,7rwcsuuk,8bec516a-46ac-4c13-a5a8-c4f2591f7470,f90cff15-d195-42e2-8bd8-e8a49ea4d248,0,ng,15,4809.0,3800.0,10.0,4.0,,,5007.209999999999,20.0,4689.0,0.6666666666666666,6.0,-0.06666666666666665,3,1,22.0,1.0,1.0,1,0,0,1,0.0,0.0,0.0,8.0,3.0,,,18.0,3.9722222222222223,-4.027777777777778,4.027777777777778,4.0,4.0,6.0,3.0,8,2.0,56.0,,1.0,0.5034722222222222,0.06293402777777778,,-0.0625,1,0,-0.5034722222222222,0,0,20.0,5023.21,5023.21,-396.78999999999996,,,,,0.036553403034030325,0.0,0.0,0.0,1.0,0.0,other,0.0,20280904,20280904/ng2
h04ar64h,26cqd8wg,9aac4925-da17-4d84-bc07-5251fd548f26,2c9be8a7-a2b1-48b0-a883-569bf9846649,0,ng,1,5413.0,2600.0,20.0,4.0,,,2600.0,20.0,5293.0,0.8333333333333334,8.0,-0.033333333333333326,3,0,28.0,0.0,1.0,1,0,0,2,0.0,0.0,0.0,0.0,0.0,,,8.0,146.25,26.25,26.25,140.0,160.0,175.0,120.0,120,,,136.0,,0.21875,0.41015625,-0.028987536873251507,0.3125,0,0,0.21875,0,0,20.0,2680.0,4920.0,-20.0,136.05090909090907,,,,0.010290148448043185,0.0,0.0,0.0,1.0,0.0,other,0.0,20280904,20280904/ng1
h04ar64h,26cqd8wg,9aac4925-da17-4d84-bc07-5251fd548f26,2c9be8a7-a2b1-48b0-a883-569bf9846649,0,ng,2,5413.0,2600.0,20.0,20.0,,,2951.24,18.0,5293.0,0.8333333333333334,8.0,-0.033333333333333326,3,0,28.0,0.0,1.0,1,0,0,2,0.0,2.0,-2.0,0.0,0.0,1.0,0.0,11.0,136.05090909090907,24.05090909090909,24.05090909090909,136.0,137.5,137.5,135.0,112,140.0,,138.5,-0.02857142857142858,0.21474025974025973,0.37579545454545454,0.01821543989134078,0.375,0,0,0.2147402597402596,0,0,18.0,3311.24,5183.24,63.23999999999978,136.595,,,,0.009424804687499982,0.0,0.0,0.0,1.0,0.0,other,2.0,20280904,20280904/ng1
h04ar64h,26cqd8wg,9aac4925-da17-4d84-bc07-5251fd548f26,2c9be8a7-a2b1-48b0-a883-569bf9846649,0,ng,3,5413.0,2600.0,20.0,0.0,120.0,2.0,3311.24,19.0,5293.0,0.8333333333333334,8.0,-0.033333333333333326,3,0,28.0,0.0,1.0,1,0,0,2,0.0,0.0,0.0,1.0,1.0,,,18.0,136.595,32.595,32.595,138.5,136.07,138.5,135.34,104,136.0,140.0,144.95,0.018382352941176405,0.3134134615384615,0.509296875,0.045518529740271596,0.5390625,0,0,0.3134134615384615,0,0,18.0,3311.24,5039.24,39.23999999999978,148.995,0.45304687500000007,0.375,0.375,0.02828400000000001,0.0,0.0,0.0,1.0,0.0,other,0.0,20280904,20280904/ng1
h04ar64h,26cqd8wg,9aac4925-da17-4d84-bc07-5251fd548f26,2c9be8a7-a2b1-48b0-a883-569bf9846649,0,ng,4,5413.0,2600.0,20.0,0.0,,,3691.24,17.0,5293.0,0.8333333333333334,8.0,-0.033333333333333326,3,0,28.0,0.0,1.0,1,0,0,2,0.0,2.0,-2.0,3.0,1.0,1.0,0.0,12.0,148.995,52.995000000000005,52.995000000000005,144.95,137.0,240.0,137.0,96,138.5,136.0,160.0,0.04657039711191335,0.5520312500000001,0.8280468750000001,0.09878495986616187,0.7648437499999998,0,0,0.5520312500000001,0,0,16.0,3691.24,5099.24,219.23999999999978,160.21,,,,0.04045833333333332,0.0,0.0,0.0,1.0,0.0,other,2.0,20280904,20280904/ng1
h04ar64h,26cqd8wg,9aac4925-da17-4d84-bc07-5251fd548f26,2c9be8a7-a2b1-48b0-a883-569bf9846649,0,ng,5,5413.0,2600.0,20.0,8.0,,,3691.24,17.0,5293.0,0.8333333333333334,8.0,-0.033333333333333326,3,0,28.0,0.0,1.0,1,0,0,2,0.0,0.0,0.0,1.0,1.0,,,7.0,160.21,72.21000000000001,72.21000000000001,160.0,143.27,183.2,143.27,88,144.95,138.5,151.2,0.1038289065194895,0.8205681818181819,1.1282812500000001,-0.05657035148839373,1.125,0,0,0.8205681818181819,0,0,16.0,3819.24,5099.24,219.23999999999978,155.93545454545455,,,,0.03821721311475406,0.0,0.0,0.0,1.0,0.0,other,0.0,20280904,20280904/ng1
h04ar64h,26cqd8wg,9aac4925-da17-4d84-bc07-5251fd548f26,2c9be8a7-a2b1-48b0-a883-569bf9846649,0,ng,6,5413.0,2600.0,20.0,4.0,130.0,3.0,3827.24,16.0,5293.0,0.8333333333333334,8.0,-0.033333333333333326,3,0,28.0,0.0,1.0,1,0,0,2,0.0,0.0,0.0,1.0,1.0,,,11.0,155.93545454545455,75.93545454545455,75.93545454545455,151.2,158.59,172.0,136.4,80,160.0,144.95,135.0,-0.05500000000000005,0.9491931818181818,1.1864914772727273,-0.11332868530700324,1.1124999999999998,0,0,0.9491931818181818,0,0,16.0,3883.24,5035.24,215.23999999999978,138.3125,0.1298828125,0.90625,0.90625,0.04399907791609035,0.0,0.0,0.0,1.0,0.0,other,0.0,20280904,20280904/ng1
h04ar64h,26cqd8wg,9aac4925-da17-4d84-bc07-5251fd548f26,2c9be8a7-a2b1-48b0-a883-569bf9846649,0,ng,7,5413.0,2600.0,20.0,4.0,,,3891.24,17.0,5293.0,0.8333333333333334,8.0,-0.033333333333333326,3,0,28.0,0.0,1.0,1,0,0,2,0.0,0.0,0.0,1.0,1.0,,,12.0,138.3125,66.3125,66.3125,135.0,165.0,165.0,100.0,72,151.2,160.0,130.0,-0.1071428571428571,0.9210069444444444,1.0361328125,-0.03774032798284743,0.984375,0,0,0.9210069444444444,0,0,16.0,3947.24,4971.24,211.23999999999978,130.09166666666667,,,,0.03814285714285716,0.0,0.0,0.0,1.0,0.0,other,0.0,20280904,20280904/ng1
h04ar64h,26cqd8wg,9aac4925-da17-4d84-bc07-5251fd548f26,2c9be8a7-a2b1-48b0-a883-569bf9846649,0,ng,8,5413.0,2600.0,20.0,4.0,,,3959.24,17.0,5293.0,0.8333333333333334,8.0,-0.033333333333333326,3,0,28.0,0.0,1.0,1,0,0,2,0.0,0.0,0.0,1.0,1.0,,,12.0,130.09166666666667,66.09166666666667,66.09166666666667,130.0,149.0,160.0,100.0,64,135.0,151.2,80.0,-0.03703703703703709,1.0326822916666667,1.0326822916666667,-0.485507815781701,1.03125,0,0,1.0326822916666667,0,0,16.0,4011.24,4907.24,207.23999999999978,118.4,,,,0.06642139479905437,0.0,0.0,0.0,1.0,0.0,other,0.0,20280904,20280904/ng1
h04ar64h,26cqd8wg,9aac4925-da17-4d84-bc07-5251fd548f26,2c9be8a7-a2b1-48b0-a883-569bf9846649,0,ng,9,5413.0,2600.0,20.0,20.0,130.0,5.0,4027.24,17.0,5293.0,0.8333333333333334,8.0,-0.033333333333333326,3,0,28.0,0.0,1.0,1,0,0,2,0.0,0.0,0.0,1.0,1.0,,,5.0,118.4,62.4,62.4,80.0,100.0,140.0,80.0,56,130.0,135.0,122.0,-0.3846153846153846,1.1142857142857143,0.975,0.42199441005937555,0.375,0,0,1.1142857142857143,0,0,16.0,4331.24,5099.24,219.23999999999978,106.16666666666667,0.37239583333333326,1.28125,1.28125,0.06704519581056466,0.0,0.0,0.0,1.0,0.0,other,0.0,20280904,20280904/ng1
h04ar64h,26cqd8wg,9aac4925-da17-4d84-bc07-5251fd548f26,2c9be8a7-a2b1-48b0-a883-569bf9846649,0,ng,10,5413.0,2600.0,20.0,8.0,,,4489.24,17.0,5293.0,0.8333333333333334,8.0,-0.033333333333333326,3,0,28.0,0.0,1.0,1,0,0,2,0.0,1.0,-1.0,3.0,2.0,1.0,0.0,6.0,106.16666666666667,58.166666666666664,58.166666666666664,122.0,100.0,122.0,100.0,48,80.0,130.0,100.0,0.5249999999999999,1.2118055555555556,0.9088541666666666,-0.19885085874516495,1.15625,0,0,1.2118055555555556,0,0,15.0,4573.24,5173.24,293.2399999999998,107.28571428571429,,,,0.07499146174863389,0.0,0.0,0.0,1.0,0.0,other,1.0,20280904,20280904/ng1
h04ar64h,26cqd8wg,9aac4925-da17-4d84-bc07-5251fd548f26,2c9be8a7-a2b1-48b0-a883-569bf9846649,0,ng,11,5413.0,2600.0,20.0,8.0,,,4843.24,13.0,5293.0,0.8333333333333334,8.0,-0.033333333333333326,3,0,28.0,0.0,1.0,1,0,0,2,0.0,2.0,-2.0,3.0,1.0,1.0,0.0,7.0,107.28571428571429,67.28571428571429,67.28571428571429,100.0,109.0,115.0,100.0,40,122.0,80.0,30.0,-0.180327868852459,1.6821428571428574,1.0513392857142858,-1.2039728043259363,0.9375,0,0,1.6821428571428574,0,0,13.0,4895.24,5311.24,431.2399999999998,30.333333333333332,,,,0.0893129553734062,0.0,0.0,0.0,1.0,0.0,other,2.0,20280904,20280904/ng1
h04ar64h,26cqd8wg,9aac4925-da17-4d84-bc07-5251fd548f26,2c9be8a7-a2b1-48b0-a883-569bf9846649,0,ng,12,5413.0,2600.0,20.0,0.0,40.0,3.0,4947.24,13.0,5293.0,0.8333333333333334,8.0,-0.033333333333333326,3,0,28.0,0.0,1.0,1,0,0,2,0.0,0.0,0.0,4.0,3.0,,,3.0,30.333333333333332,-1.6666666666666667,1.6666666666666667,30.0,30.0,31.0,30.0,32,100.0,122.0,22.0,-0.7,0.052083333333333336,0.026041666666666668,-0.3101549283038394,-0.03125,0,0,-0.05208333333333337,0,0,13.0,4895.24,5207.24,447.2399999999998,33.0,0.109375,0.25,0.25,0.09647817460317462,0.0,0.0,0.0,1.0,0.0,other,0.0,20280904,20280904/ng1
h04ar64h,26cqd8wg,9aac4925-da17-4d84-bc07-5251fd548f26,2c9be8a7-a2b1-48b0-a883-569bf9846649,0,ng,13,5413.0,2600.0,20.0,8.0,,,5027.24,13.0,5293.0,0.8333333333333334,8.0,-0.033333333333333326,3,0,28.0,0.0,1.0,1,0,0,2,0.0,2.0,-2.0,3.0,2.0,1.0,0.0,9.0,33.0,9.0,10.777777777777779,22.0,55.0,55.0,22.0,24,30.0,100.0,12.0,-0.2666666666666667,0.4490740740740741,0.1684027777777778,-0.6061358035703157,-0.03125,0,0,0.375,0,0,11.0,5063.24,5239.24,479.2399999999998,13.5,,,,0.09945436507936507,0.0,0.0,0.0,1.0,0.0,other,2.0,20280904,20280904/ng1
h04ar64h,26cqd8wg,9aac4925-da17-4d84-bc07-5251fd548f26,2c9be8a7-a2b1-48b0-a883-569bf9846649,0,ng,14,5413.0,2600.0,20.0,4.0,,,5131.24,17.0,5293.0,0.8333333333333334,8.0,-0.033333333333333326,3,0,28.0,0.0,1.0,1,0,0,2,0.0,0.0,0.0,6.0,6.0,,,8.0,13.5,-2.5,3.0,12.0,17.0,17.0,10.0,16,22.0,30.0,5.0,-0.4545454545454546,0.1875,0.046875,-0.8754687373539001,-0.0625,0,0,-0.15625,0,0,11.0,5107.24,5195.24,495.2399999999998,8.30952380952381,,,,0.10388002364066193,0.0,0.0,0.0,1.0,0.0,other,0.0,20280904,20280904/ng1
h04ar64h,26cqd8wg,9aac4925-da17-4d84-bc07-5251fd548f26,2c9be8a7-a2b1-48b0-a883-569bf9846649,0,ng,15,5413.0,2600.0,20.0,4.0,,,5269.24,6.0,5293.0,0.8333333333333334,8.0,-0.033333333333333326,3,0,28.0,0.0,1.0,1,0,0,2,0.0,8.0,-8.0,17.0,0.0,1.0,0.0,21.0,8.30952380952381,0.30952380952380953,1.0714285714285714,5.0,9.0,9.0,5.0,8,12.0,22.0,,-0.5833333333333333,0.13392857142857142,0.016741071428571428,,-0.046875,0,0,0.038690476190476275,0,0,3.0,5189.24,5189.24,549.2399999999998,,,,,0.10821659482758621,0.0,0.0,0.0,1.0,0.0,other,8.0,20280904,20280904/ng1
h04ar64h,w03fifp1,9aac4925-da17-4d84-bc07-5251fd548f26,52026748-68d9-4487-8e53-c59a8bbb1146,0,ng,1,5938.0,2600.0,20.0,4.0,,,2740.0,19.0,5768.0,0.9166666666666666,6.0,-0.31666666666666665,1,0,23.0,0.0,1.0,1,0,0,2,0.0,1.0,-1.0,2.0,1.0,1.0,0.0,8.0,146.25,26.25,26.25,140.0,160.0,175.0,120.0,120,,,136.0,,0.21875,0.41015625,-0.028987536873251507,0.3125,0,0,0.21875,0,0,19.0,2816.0,4944.0,4.0,136.05090909090907,,,,0.010290148448043185,0.0,0.0,1.0,0.0,0.0,fundamental,1.0,20280904,20280904/ng1
h04ar64h,w03fifp1,9aac4925-da17-4d84-bc07-5251fd548f26,52026748-68d9-4487-8e53-c59a8bbb1146,0,ng,2,5938.0,2600.0,20.0,20.0,,,3362.25,15.0,5768.0,0.9166666666666666,6.0,-0.31666666666666665,1,0,23.0,0.0,1.0,1,0,0,2,0.0,4.0,-4.0,1.0,1.0,1.0,0.0,11.0,136.05090909090907,24.05090909090909,24.05090909090909,136.0,137.5,137.5,135.0,112,140.0,,138.5,-0.02857142857142858,0.21474025974025973,0.37579545454545454,0.01821543989134078,0.375,0,0,0.2147402597402596,0,0,15.0,3662.25,5222.25,102.25,136.595,,,,0.009424804687499982,0.0,0.0,1.0,0.0,0.0,fundamental,4.0,20280904,20280904/ng1
h04ar64h,w03fifp1,9aac4925-da17-4d84-bc07-5251fd548f26,52026748-68d9-4487-8e53-c59a8bbb1146,0,ng,3,5938.0,2600.0,20.0,0.0,135.0,4.0,3525.68,16.0,5768.0,0.9166666666666666,6.0,-0.31666666666666665,1,0,23.0,0.0,1.0,1,0,0,2,1.0,0.0,1.0,2.0,1.0,1.0,0.0,18.0,136.595,32.595,32.595,138.5,136.07,138.5,135.34,104,136.0,140.0,144.95,0.018382352941176405,0.3134134615384615,0.509296875,0.045518529740271596,0.5390625,0,0,0.3134134615384615,0,0,16.0,3525.68,5061.68,61.68000000000029,148.995,0.21867187500000007,0.609375,0.609375,0.02828400000000001,0.0,0.0,1.0,0.0,0.0,fundamental,1.0,20280904,20280904/ng1
h04ar64h,w03fifp1,9aac4925-da17-4d84-bc07-5251fd548f26,52026748-68d9-4487-8e53-c59a8bbb1146,0,ng,4,5938.0,2600.0,20.0,0.0,,,3525.68,16.0,5768.0,0.9166666666666666,6.0,-0.31666666666666665,1,0,23.0,0.0,1.0,1,0,0,2,0.0,0.0,0.0,0.0,0.0,,,12.0,148.995,52.995000000000005,52.995000000000005,144.95,137.0,240.0,137.0,96,138.5,136.0,160.0,0.04657039711191335,0.5520312500000001,0.8280468750000001,0.09878495986616187,0.7648437499999998,0,0,0.5520312500000001,0,0,16.0,3525.68,4933.68,53.68000000000029,160.21,,,,0.04045833333333332,0.0,0.0,1.0,0.0,0.0,fundamental,0.0,20280904,20280904/ng1
h04ar64h,w03fifp1,9aac4925-da17-4d84-bc07-5251fd548f26,52026748-68d9-4487-8e53-c59a8bbb1146,0,ng,5,5938.0,2600.0,20.0,8.0,,,3868.88,14.0,5768.0,0.9166666666666666,6.0,-0.31666666666666665,1,0,23.0,0.0,1.0,1,0,0,2,0.0,2.0,-2.0,0.0,0.0,1.0,0.0,7.0,160.21,72.21000000000001,72.21000000000001,160.0,143.27,183.2,143.27,88,144.95,138.5,151.2,0.1038289065194895,0.8205681818181819,1.1282812500000001,-0.05657035148839373,1.125,0,0,0.8205681818181819,0,0,14.0,3980.8799999999997,5100.879999999999,220.8799999999992,155.93545454545455,,,,0.03821721311475406,0.0,0.0,1.0,0.0,0.0,fundamental,2.0,20280904,20280904/ng1
h04ar64h,w03fifp1,9aac4925-da17-4d84-bc07-5251fd548f26,52026748-68d9-4487-8e53-c59a8bbb1146,0,ng,6,5938.0,2600.0,20.0,4.0,130.0,3.0,4443.369999999999,11.0,5768.0,0.9166666666666666,6.0,-0.31666666666666665,1,0,23.0,0.0,1.0,1,0,0,2,0.0,3.0,-3.0,0.0,0.0,1.0,0.0,11.0,155.93545454545455,75.93545454545455,75.93545454545455,151.2,158.59,172.0,136.4,80,160.0,144.95,135.0,-0.05500000000000005,0.9491931818181818,1.1864914772727273,-0.11332868530700324,1.1124999999999998,0,0,0.9491931818181818,0,0,11.0,4487.37,5279.37,459.3699999999999,138.3125,0.1298828125,0.90625,0.90625,0.04399907791609035,0.0,0.0,1.0,0.0,0.0,fundamental,3.0,20280904,20280904/ng1
h04ar64h,w03fifp1,9aac4925-da17-4d84-bc07-5251fd548f26,52026748-68d9-4487-8e53-c59a8bbb1146,0,ng,7,5938.0,2600.0,20.0,4.0,,,4757.369999999999,9.0,5768.0,0.9166666666666666,6.0,-0.31666666666666665,1,0,23.0,0.0,1.0,1,0,0,2,0.0,2.0,-2.0,5.0,4.0,1.0,0.0,12.0,138.3125,66.3125,66.3125,135.0,165.0,165.0,100.0,72,151.2,160.0,130.0,-0.1071428571428571,0.9210069444444444,1.0361328125,-0.03774032798284743,0.984375,0,0,0.9210069444444444,0,0,9.0,4793.370000000001,5369.370000000001,609.3700000000008,130.09166666666667,,,,0.03814285714285716,0.0,0.0,1.0,0.0,0.0,fundamental,2.0,20280904,20280904/ng1
h04ar64h,w03fifp1,9aac4925-da17-4d84-bc07-5251fd548f26,52026748-68d9-4487-8e53-c59a8bbb1146,0,ng,8,5938.0,2600.0,20.0,4.0,,,5423.469999999999,3.0,5768.0,0.9166666666666666,6.0,-0.31666666666666665,1,0,23.0,0.0,1.0,1,0,0,2,0.0,6.0,-6.0,0.0,0.0,1.0,0.0,12.0,130.09166666666667,66.09166666666667,66.09166666666667,130.0,149.0,160.0,100.0,64,135.0,151.2,80.0,-0.03703703703703709,1.0326822916666667,1.0326822916666667,-0.485507815781701,1.03125,0,0,1.0326822916666667,0,0,3.0,5435.47,5603.47,903.4700000000003,118.4,,,,0.06642139479905437,0.0,0.0,1.0,0.0,0.0,fundamental,6.0,20280904,20280904/ng1
h04ar64h,w03fifp1,9aac4925-da17-4d84-bc07-5251fd548f26,52026748-68d9-4487-8e53-c59a8bbb1146,0,ng,9,5938.0,2600.0,20.0,20.0,80.0,3.0,5515.469999999999,3.0,5768.0,0.9166666666666666,6.0,-0.31666666666666665,1,0,23.0,0.0,1.0,1,0,0,2,0.0,1.0,-1.0,2.0,0.0,1.0,0.0,5.0,118.4,62.4,62.4,80.0,100.0,140.0,80.0,56,130.0,135.0,122.0,-0.3846153846153846,1.1142857142857143,0.975,0.42199441005937555,0.375,0,0,1.1142857142857143,0,0,2.0,5555.47,5651.47,771.4700000000003,106.16666666666667,0.40885416666666674,0.5,0.5,0.06704519581056466,0.0,0.0,1.0,0.0,0.0,fundamental,1.0,20280904,20280904/ng1
h04ar64h,w03fifp1,9aac4925-da17-4d84-bc07-5251fd548f26,52026748-68d9-4487-8e53-c59a8bbb1146,0,ng,10,5938.0,2600.0,20.0,8.0,,,5775.469999999999,0.0,5768.0,0.9166666666666666,6.0,-0.31666666666666665,1,0,23.0,0.0,1.0,1,0,0,2,0.0,2.0,-2.0,0.0,0.0,1.0,0.0,6.0,106.16666666666667,58.166666666666664,58.166666666666664,122.0,100.0,122.0,100.0,48,80.0,130.0,100.0,0.5249999999999999,1.2118055555555556,0.9088541666666666,-0.19885085874516495,1.15625,0,0,1.2118055555555556,0,0,0.0,5755.47,5755.47,875.4700000000003,107.28571428571429,,,,0.07499146174863389,0.0,0.0,1.0,0.0,0.0,fundamental,2.0,20280904,20280904/ng1
h04ar64h,w03fifp1,9aac4925-da17-4d84-bc07-5251fd548f26,52026748-68d9-4487-8e53-c59a8bbb1146,0,ng,11,5938.0,2600.0,20.0,8.0,,,5775.469999999999,0.0,5768.0,0.9166666666666666,6.0,-0.31666666666666665,1,0,23.0,0.0,1.0,1,0,0,2,0.0,0.0,0.0,0.0,0.0,,,7.0,107.28571428571429,67.28571428571429,67.28571428571429,100.0,109.0,115.0,100.0,40,122.0,80.0,30.0,-0.180327868852459,1.6821428571428574,1.0513392857142858,-1.2039728043259363,0.9375,0,0,1.6821428571428574,0,0,0.0,5755.47,5755.47,875.4700000000003,30.333333333333332,,,,0.0893129553734062,0.0,0.0,1.0,0.0,0.0,fundamental,0.0,20280904,20280904/ng1
h04ar64h,w03fifp1,9aac4925-da17-4d84-bc07-5251fd548f26,52026748-68d9-4487-8e53-c59a8bbb1146,0,ng,12,5938.0,2600.0,20.0,0.0,24.0,2.0,5745.469999999999,1.0,5768.0,0.9166666666666666,6.0,-0.31666666666666665,1,0,23.0,0.0,1.0,1,0,0,2,1.0,0.0,1.0,6.0,5.0,1.0,0.0,3.0,30.333333333333332,-1.6666666666666667,1.6666666666666667,30.0,30.0,31.0,30.0,32,100.0,122.0,22.0,-0.7,0.052083333333333336,0.026041666666666668,-0.3101549283038394,-0.03125,0,0,-0.05208333333333337,0,0,1.0,5725.47,5749.47,989.4700000000003,33.0,0.140625,0.0,0.0,0.09647817460317462,0.0,0.0,1.0,0.0,0.0,fundamental,1.0,20280904,20280904/ng1
h04ar64h,w03fifp1,9aac4925-da17-4d84-bc07-5251fd548f26,52026748-68d9-4487-8e53-c59a8bbb1146,0,ng,13,5938.0,2600.0,20.0,8.0,,,5704.469999999999,3.0,5768.0,0.9166666666666666,6.0,-0.31666666666666665,1,0,23.0,0.0,1.0,1,0,0,2,3.0,1.0,2.0,6.0,2.0,0.5,0.5,9.0,33.0,9.0,10.777777777777779,22.0,55.0,55.0,22.0,24,30.0,100.0,12.0,-0.2666666666666667,0.4490740740740741,0.1684027777777778,-0.6061358035703157,-0.03125,0,0,0.375,0,0,3.0,5708.47,5756.47,996.4700000000003,13.5,,,,0.09945436507936507,0.0,0.0,1.0,0.0,0.0,fundamental,4.0,20280904,20280904/ng1
h04ar64h,w03fifp1,9aac4925-da17-4d84-bc07-5251fd548f26,52026748-68d9-4487-8e53-c59a8bbb1146,0,ng,14,5938.0,2600.0,20.0,4.0,,,5680.469999999999,7.0,5768.0,0.9166666666666666,6.0,-0.31666666666666665,1,0,23.0,0.0,1.0,1,0,0,2,4.0,0.0,4.0,6.0,2.0,1.0,0.0,8.0,13.5,-2.5,3.0,12.0,17.0,17.0,10.0,16,22.0,30.0,5.0,-0.4545454545454546,0.1875,0.046875,-0.8754687373539001,-0.0625,0,0,-0.15625,0,0,7.0,5688.47,5744.47,1044.4700000000003,8.30952380952381,,,,0.10388002364066193,0.0,0.0,1.0,0.0,0.0,fundamental,4.0,20280904,20280904/ng1
h04ar64h,w03fifp1,9aac4925-da17-4d84-bc07-5251fd548f26,52026748-68d9-4487-8e53-c59a8bbb1146,0,ng,15,5938.0,2600.0,20.0,4.0,,,5764.469999999999,1.0,5768.0,0.9166666666666666,6.0,-0.31666666666666665,1,0,23.0,0.0,1.0,1,0,0,2,1.0,7.0,-6.0,7.0,0.0,0.75,0.25,21.0,8.30952380952381,0.30952380952380953,1.0714285714285714,5.0,9.0,9.0,5.0,8,12.0,22.0,,-0.5833333333333333,0.13392857142857142,0.016741071428571428,,-0.046875,0,0,0.038690476190476275,0,0,1.0,5748.47,5748.47,1108.4700000000003,,,,,0.10821659482758621,0.0,0.0,1.0,0.0,0.0,fundamental,8.0,20280904,20280904/ng1
h04ar64h,18ahuxm6,9aac4925-da17-4d84-bc07-5251fd548f26,87f1f042-45cc-4ba8-a887-cabf45bf1277,0,ng,1,4128.0,3800.0,10.0,4.0,,,4530.0,5.0,3998.0,0.5833333333333334,5.0,-0.08333333333333337,1,0,22.0,0.0,0.0,1,0,0,2,0.0,5.0,-5.0,0.0,0.0,1.0,0.0,8.0,146.25,26.25,26.25,140.0,160.0,175.0,120.0,120,,,136.0,,0.21875,0.41015625,-0.028987536873251507,0.3125,0,0,0.21875,0,0,5.0,4550.0,5110.0,170.0,136.05090909090907,,,,0.010290148448043185,0.0,0.0,1.0,0.0,0.0,fundamental,5.0,20280904,20280904/ng1
h04ar64h,18ahuxm6,9aac4925-da17-4d84-bc07-5251fd548f26,87f1f042-45cc-4ba8-a887-cabf45bf1277,0,ng,2,4128.0,3800.0,10.0,20.0,,,4685.9,5.0,3998.0,0.5833333333333334,5.0,-0.08333333333333337,1,0,22.0,0.0,0.0,1,0,0,2,0.0,1.0,-1.0,1.0,0.0,1.0,0.0,11.0,136.05090909090907,24.05090909090909,24.05090909090909,136.0,137.5,137.5,135.0,112,140.0,,138.5,-0.02857142857142858,0.21474025974025973,0.37579545454545454,0.01821543989134078,0.375,0,0,0.2147402597402596,0,0,4.0,4765.9,5181.9,61.899999999999636,136.595,,,,0.009424804687499982,0.0,0.0,1.0,0.0,0.0,fundamental,1.0,20280904,20280904/ng1
h04ar64h,18ahuxm6,9aac4925-da17-4d84-bc07-5251fd548f26,87f1f042-45cc-4ba8-a887-cabf45bf1277,0,ng,3,4128.0,3800.0,10.0,0.0,137.0,5.0,5059.969999999999,2.0,3998.0,0.5833333333333334,5.0,-0.08333333333333337,1,0,22.0,0.0,0.0,1,0,0,2,0.0,2.0,-2.0,0.0,0.0,1.0,0.0,18.0,136.595,32.595,32.595,138.5,136.07,138.5,135.34,104,136.0,140.0,144.95,0.018382352941176405,0.3134134615384615,0.509296875,0.045518529740271596,0.5390625,0,0,0.3134134615384615,0,0,2.0,5039.97,5231.97,231.97000000000025,148.995,0.18742187500000007,0.640625,0.640625,0.02828400000000001,0.0,0.0,1.0,0.0,0.0,fundamental,2.0,20280904,20280904/ng1
h04ar64h,18ahuxm6,9aac4925-da17-4d84-bc07-5251fd548f26,87f1f042-45cc-4ba8-a887-cabf45bf1277,0,ng,4,4128.0,3800.0,10.0,0.0,,,3654.0299999999993,12.0,3998.0,0.5833333333333334,5.0,-0.08333333333333337,1,0,22.0,0.0,0.0,1,0,0,2,10.0,0.0,10.0,0.0,0.0,1.0,0.0,12.0,148.995,52.995000000000005,52.995000000000005,144.95,137.0,240.0,137.0,96,138.5,136.0,160.0,0.04657039711191335,0.5520312500000001,0.8280468750000001,0.09878495986616187,0.7648437499999998,0,0,0.5520312500000001,0,0,12.0,3634.03,4690.030000000001,-189.96999999999935,160.21,,,,0.04045833333333332,0.0,0.0,1.0,0.0,0.0,fundamental,10.0,20280904,20280904/ng1
h04ar64h,18ahuxm6,9aac4925-da17-4d84-bc07-5251fd548f26,87f1f042-45cc-4ba8-a887-cabf45bf1277,0,ng,5,4128.0,3800.0,10.0,8.0,,,3334.0299999999993,14.0,3998.0,0.5833333333333334,5.0,-0.08333333333333337,1,0,22.0,0.0,0.0,1,0,0,2,2.0,0.0,2.0,1.0,0.0,1.0,0.0,7.0,160.21,72.21000000000001,72.21000000000001,160.0,143.27,183.2,143.27,88,144.95,138.5,151.2,0.1038289065194895,0.8205681818181819,1.1282812500000001,-0.05657035148839373,1.125,0,0,0.8205681818181819,0,0,14.0,3426.03,4546.030000000001,-333.96999999999935,155.93545454545455,,,,0.03821721311475406,0.0,0.0,1.0,0.0,0.0,fundamental,2.0,20280904,20280904/ng1
h04ar64h,18ahuxm6,9aac4925-da17-4d84-bc07-5251fd548f26,87f1f042-45cc-4ba8-a887-cabf45bf1277,0,ng,6,4128.0,3800.0,10.0,4.0,165.0,5.0,3309.629999999999,18.0,3998.0,0.5833333333333334,5.0,-0.08333333333333337,1,0,22.0,0.0,0.0,1,0,0,2,1.0,0.0,1.0,3.0,0.0,1.0,0.0,11.0,155.93545454545455,75.93545454545455,75.93545454545455,151.2,158.59,172.0,136.4,80,160.0,144.95,135.0,-0.05500000000000005,0.9491931818181818,1.1864914772727273,-0.11332868530700324,1.1124999999999998,0,0,0.9491931818181818,0,0,15.0,3349.63,4429.63,-390.3699999999999,138.3125,0.4169921875,1.453125,1.453125,0.04399907791609035,0.0,0.0,1.0,0.0,0.0,fundamental,1.0,20280904,20280904/ng1
h04ar64h,18ahuxm6,9aac4925-da17-4d84-bc07-5251fd548f26,87f1f042-45cc-4ba8-a887-cabf45bf1277,0,ng,7,4128.0,3800.0,10.0,4.0,,,3467.6799999999994,15.0,3998.0,0.5833333333333334,5.0,-0.08333333333333337,1,0,22.0,0.0,0.0,1,0,0,2,2.0,2.0,0.0,3.0,0.0,0.0,1.0,12.0,138.3125,66.3125,66.3125,135.0,165.0,165.0,100.0,72,151.2,160.0,130.0,-0.1071428571428571,0.9210069444444444,1.0361328125,-0.03774032798284743,0.984375,0,0,0.9210069444444444,0,0,15.0,3495.6800000000003,4455.68,-304.3199999999997,130.09166666666667,,,,0.03814285714285716,0.0,0.0,1.0,0.0,0.0,fundamental,4.0,20280904,20280904/ng1
h04ar64h,18ahuxm6,9aac4925-da17-4d84-bc07-5251fd548f26,87f1f042-45cc-4ba8-a887-cabf45bf1277,0,ng,8,4128.0,3800.0,10.0,4.0,,,3048.6799999999994,19.0,3998.0,0.5833333333333334,5.0,-0.08333333333333337,1,0,22.0,0.0,0.0,1,0,0,2,4.0,0.0,4.0,1.0,0.0,1.0,0.0,12.0,130.09166666666667,66.09166666666667,66.09166666666667,130.0,149.0,160.0,100.0,64,135.0,151.2,80.0,-0.03703703703703709,1.0326822916666667,1.0326822916666667,-0.485507815781701,1.03125,0,0,1.0326822916666667,0,0,19.0,3092.6800000000003,4156.68,-543.3199999999997,118.4,,,,0.06642139479905437,0.0,0.0,1.0,0.0,0.0,fundamental,4.0,20280904,20280904/ng1
h04ar64h,18ahuxm6,9aac4925-da17-4d84-bc07-5251fd548f26,87f1f042-45cc-4ba8-a887-cabf45bf1277,0,ng,9,4128.0,3800.0,10.0,20.0,100.0,5.0,2632.6799999999994,25.0,3998.0,0.5833333333333334,5.0,-0.08333333333333337,1,0,22.0,0.0,0.0,1,0,0,2,4.0,0.0,4.0,2.0,0.0,1.0,0.0,5.0,118.4,62.4,62.4,80.0,100.0,140.0,80.0,56,130.0,135.0,122.0,-0.3846153846153846,1.1142857142857143,0.975,0.42199441005937555,0.375,0,0,1.1142857142857143,0,0,23.0,3060.6800000000003,4164.68,-715.3199999999997,106.16666666666667,0.09635416666666674,0.8125,0.8125,0.06704519581056466,0.0,0.0,1.0,0.0,0.0,fundamental,4.0,20280904,20280904/ng1
h04ar64h,18ahuxm6,9aac4925-da17-4d84-bc07-5251fd548f26,87f1f042-45cc-4ba8-a887-cabf45bf1277,0,ng,10,4128.0,3800.0,10.0,8.0,,,2932.6799999999994,25.0,3998.0,0.5833333333333334,5.0,-0.08333333333333337,1,0,22.0,0.0,0.0,1,0,0,2,2.0,0.0,2.0,2.0,0.0,1.0,0.0,6.0,106.16666666666667,58.166666666666664,58.166666666666664,122.0,100.0,122.0,100.0,48,80.0,130.0,100.0,0.5249999999999999,1.2118055555555556,0.9088541666666666,-0.19885085874516495,1.15625,0,0,1.2118055555555556,0,0,25.0,3060.6800000000003,4060.6800000000003,-819.3199999999997,107.28571428571429,,,,0.07499146174863389,0.0,0.0,1.0,0.0,0.0,fundamental,2.0,20280904,20280904/ng1
h04ar64h,18ahuxm6,9aac4925-da17-4d84-bc07-5251fd548f26,87f1f042-45cc-4ba8-a887-cabf45bf1277,0,ng,11,4128.0,3800.0,10.0,8.0,,,3124.6799999999994,25.0,3998.0,0.5833333333333334,5.0,-0.08333333333333337,1,0,22.0,0.0,0.0,1,0,0,2,1.0,1.0,0.0,0.0,0.0,0.0,1.0,7.0,107.28571428571429,67.28571428571429,67.28571428571429,100.0,109.0,115.0,100.0,40,122.0,80.0,30.0,-0.180327868852459,1.6821428571428574,1.0513392857142858,-1.2039728043259363,0.9375,0,0,1.6821428571428574,0,0,25.0,3252.6800000000003,4052.6800000000003,-827.3199999999997,30.333333333333332,,,,0.0893129553734062,0.0,0.0,1.0,0.0,0.0,fundamental,2.0,20280904,20280904/ng1
h04ar64h,18ahuxm6,9aac4925-da17-4d84-bc07-5251fd548f26,87f1f042-45cc-4ba8-a887-cabf45bf1277,0,ng,12,4128.0,3800.0,10.0,0.0,30.0,5.0,3385.6799999999994,24.0,3998.0,0.5833333333333334,5.0,-0.08333333333333337,1,0,22.0,0.0,0.0,1,0,0,2,0.0,2.0,-2.0,1.0,0.0,1.0,0.0,3.0,30.333333333333332,-1.6666666666666667,1.6666666666666667,30.0,30.0,31.0,30.0,32,100.0,122.0,22.0,-0.7,0.052083333333333336,0.026041666666666668,-0.3101549283038394,-0.03125,0,0,-0.05208333333333337,0,0,23.0,3313.6800000000003,3865.6800000000003,-894.3199999999997,33.0,0.046875,0.09375,0.09375,0.09647817460317462,0.0,0.0,1.0,0.0,0.0,fundamental,2.0,20280904,20280904/ng1
h04ar64h,18ahuxm6,9aac4925-da17-4d84-bc07-5251fd548f26,87f1f042-45cc-4ba8-a887-cabf45bf1277,0,ng,13,4128.0,3800.0,10.0,8.0,,,3393.6799999999994,46.0,3998.0,0.5833333333333334,5.0,-0.08333333333333337,1,0,22.0,0.0,0.0,1,0,0,2,2.0,1.0,1.0,23.0,0.0,0.3333333333333333,0.6666666666666667,9.0,33.0,9.0,10.777777777777779,22.0,55.0,55.0,22.0,24,30.0,100.0,12.0,-0.2666666666666667,0.4490740740740741,0.1684027777777778,-0.6061358035703157,-0.03125,0,0,0.375,0,0,24.0,3513.6800000000003,3897.6800000000003,-862.3199999999997,13.5,,,,0.09945436507936507,0.0,0.0,1.0,0.0,0.0,fundamental,3.0,20280904,20280904/ng1
h04ar64h,18ahuxm6,9aac4925-da17-4d84-bc07-5251fd548f26,87f1f042-45cc-4ba8-a887-cabf45bf1277,0,ng,14,4128.0,3800.0,10.0,4.0,,,3744.6799999999994,49.0,3998.0,0.5833333333333334,5.0,-0.08333333333333337,1,0,22.0,0.0,0.0,1,0,0,2,1.0,0.0,1.0,24.0,0.0,1.0,0.0,8.0,13.5,-2.5,3.0,12.0,17.0,17.0,10.0,16,22.0,30.0,5.0,-0.4545454545454546,0.1875,0.046875,-0.8754687373539001,-0.0625,0,0,-0.15625,0,0,25.0,3596.6800000000003,3796.6800000000003,-903.3199999999997,8.30952380952381,,,,0.10388002364066193,0.0,0.0,1.0,0.0,0.0,fundamental,1.0,20280904,20280904/ng1
h04ar64h,18ahuxm6,9aac4925-da17-4d84-bc07-5251fd548f26,87f1f042-45cc-4ba8-a887-cabf45bf1277,0,ng,15,4128.0,3800.0,10.0,4.0,,,3861.6799999999994,34.0,3998.0,0.5833333333333334,5.0,-0.08333333333333337,1,0,22.0,0.0,0.0,1,0,0,2,9.0,0.0,9.0,1.0,0.0,1.0,0.0,21.0,8.30952380952381,0.30952380952380953,1.0714285714285714,5.0,9.0,9.0,5.0,8,12.0,22.0,,-0.5833333333333333,0.13392857142857142,0.016741071428571428,,-0.046875,0,0,0.038690476190476275,0,0,34.0,3653.6800000000003,3653.6800000000003,-986.3199999999997,,,,,0.10821659482758621,0.0,0.0,1.0,0.0,0.0,fundamental,9.0,20280904,20280904/ng1
h04ar64h,312jd80s,9aac4925-da17-4d84-bc07-5251fd548f26,c8ad5ea4-ffee-4200-8bf5-0398330284a0,0,ng,1,8987.0,2600.0,20.0,4.0,,,2205.0,23.0,8797.0,0.9166666666666666,4.0,-0.5166666666666666,3,1,24.0,0.0,0.0,1,0,0,2,3.0,0.0,3.0,4.0,1.0,1.0,0.0,8.0,146.25,26.25,26.25,140.0,160.0,175.0,120.0,120,,,136.0,,0.21875,0.41015625,-0.028987536873251507,0.3125,0,0,0.21875,0,0,23.0,2297.0,4873.0,-67.0,136.05090909090907,,,,0.010290148448043185,0.0,1.0,0.0,0.0,0.0,speculator,3.0,20280904,20280904/ng1
h04ar64h,312jd80s,9aac4925-da17-4d84-bc07-5251fd548f26,c8ad5ea4-ffee-4200-8bf5-0398330284a0,0,ng,2,8987.0,2600.0,20.0,20.0,,,1481.6800000000003,29.0,8797.0,0.9166666666666666,4.0,-0.5166666666666666,3,1,24.0,0.0,0.0,1,0,0,2,6.0,0.0,6.0,10.0,7.0,1.0,0.0,11.0,136.05090909090907,24.05090909090909,24.05090909090909,136.0,137.5,137.5,135.0,112,140.0,,138.5,-0.02857142857142858,0.21474025974025973,0.37579545454545454,0.01821543989134078,0.375,0,0,0.2147402597402596,0,0,29.0,2061.6800000000003,5077.68,-42.31999999999971,136.595,,,,0.009424804687499982,0.0,1.0,0.0,0.0,0.0,speculator,6.0,20280904,20280904/ng1
h04ar64h,312jd80s,9aac4925-da17-4d84-bc07-5251fd548f26,c8ad5ea4-ffee-4200-8bf5-0398330284a0,0,ng,3,8987.0,2600.0,20.0,0.0,136.0,5.0,288.8400000000008,42.0,8797.0,0.9166666666666666,4.0,-0.5166666666666666,3,1,24.0,0.0,0.0,1,0,0,2,13.0,0.0,13.0,4.0,1.0,1.0,0.0,18.0,136.595,32.595,32.595,138.5,136.07,138.5,135.34,104,136.0,140.0,144.95,0.018382352941176405,0.3134134615384615,0.509296875,0.045518529740271596,0.5390625,0,0,0.3134134615384615,0,0,42.0,288.84000000000015,4320.84,-679.1599999999999,148.995,0.20304687500000007,0.625,0.625,0.02828400000000001,0.0,1.0,0.0,0.0,0.0,speculator,13.0,20280904,20280904/ng1
h04ar64h,312jd80s,9aac4925-da17-4d84-bc07-5251fd548f26,c8ad5ea4-ffee-4200-8bf5-0398330284a0,0,ng,4,8987.0,2600.0,20.0,0.0,,,707.8400000000008,40.0,8797.0,0.9166666666666666,4.0,-0.5166666666666666,3,1,24.0,0.0,0.0,1,0,0,2,0.0,3.0,-3.0,4.0,0.0,1.0,0.0,12.0,148.995,52.995000000000005,52.995000000000005,144.95,137.0,240.0,137.0,96,138.5,136.0,160.0,0.04657039711191335,0.5520312500000001,0.8280468750000001,0.09878495986616187,0.7648437499999998,0,0,0.5520312500000001,0,0,39.0,707.8400000000001,4139.84,-740.1599999999999,160.21,,,,0.04045833333333332,0.0,1.0,0.0,0.0,0.0,speculator,3.0,20280904,20280904/ng1
h04ar64h,312jd80s,9aac4925-da17-4d84-bc07-5251fd548f26,c8ad5ea4-ffee-4200-8bf5-0398330284a0,0,ng,5,8987.0,2600.0,20.0,8.0,,,1182.8400000000008,40.0,8797.0,0.9166666666666666,4.0,-0.5166666666666666,3,1,24.0,0.0,0.0,1,0,0,2,0.0,3.0,-3.0,6.0,3.0,1.0,0.0,7.0,160.21,72.21000000000001,72.21000000000001,160.0,143.27,183.2,143.27,88,144.95,138.5,151.2,0.1038289065194895,0.8205681818181819,1.1282812500000001,-0.05657035148839373,1.125,0,0,0.8205681818181819,0,0,36.0,1470.8400000000001,4350.84,-529.1599999999999,155.93545454545455,,,,0.03821721311475406,0.0,1.0,0.0,0.0,0.0,speculator,3.0,20280904,20280904/ng1
h04ar64h,312jd80s,9aac4925-da17-4d84-bc07-5251fd548f26,c8ad5ea4-ffee-4200-8bf5-0398330284a0,0,ng,6,8987.0,2600.0,20.0,4.0,170.0,3.0,2482.2400000000007,31.0,8797.0,0.9166666666666666,4.0,-0.5166666666666666,3,1,24.0,0.0,0.0,1,0,0,2,0.0,6.0,-6.0,6.0,2.0,1.0,0.0,11.0,155.93545454545455,75.93545454545455,75.93545454545455,151.2,158.59,172.0,136.4,80,160.0,144.95,135.0,-0.05500000000000005,0.9491931818181818,1.1864914772727273,-0.11332868530700324,1.1124999999999998,0,0,0.9491931818181818,0,0,30.0,2570.24,4730.24,-89.76000000000022,138.3125,0.4951171875,1.53125,1.53125,0.04399907791609035,0.0,1.0,0.0,0.0,0.0,speculator,6.0,20280904,20280904/ng1
h04ar64h,312jd80s,9aac4925-da17-4d84-bc07-5251fd548f26,c8ad5ea4-ffee-4200-8bf5-0398330284a0,0,ng,7,8987.0,2600.0,20.0,4.0,,,2606.2400000000007,31.0,8797.0,0.9166666666666666,4.0,-0.5166666666666666,3,1,24.0,0.0,0.0,1,0,0,2,0.0,0.0,0.0,3.0,0.0,,,12.0,138.3125,66.3125,66.3125,135.0,165.0,165.0,100.0,72,151.2,160.0,130.0,-0.1071428571428571,0.9210069444444444,1.0361328125,-0.03774032798284743,0.984375,0,0,0.9210069444444444,0,0,30.0,2690.24,4610.24,-149.76000000000022,130.09166666666667,,,,0.03814285714285716,0.0,1.0,0.0,0.0,0.0,speculator,0.0,20280904,20280904/ng1
h04ar64h,312jd80s,9aac4925-da17-4d84-bc07-5251fd548f26,c8ad5ea4-ffee-4200-8bf5-0398330284a0,0,ng,8,8987.0,2600.0,20.0,4.0,,,3501.2400000000007,29.0,8797.0,0.9166666666666666,4.0,-0.5166666666666666,3,1,24.0,0.0,0.0,1,0,0,2,0.0,5.0,-5.0,6.0,4.0,1.0,0.0,12.0,130.09166666666667,66.09166666666667,66.09166666666667,130.0,149.0,160.0,100.0,64,135.0,151.2,80.0,-0.03703703703703709,1.0326822916666667,1.0326822916666667,-0.485507815781701,1.03125,0,0,1.0326822916666667,0,0,25.0,3561.24,4961.24,261.2399999999998,118.4,,,,0.06642139479905437,0.0,1.0,0.0,0.0,0.0,speculator,5.0,20280904,20280904/ng1
h04ar64h,312jd80s,9aac4925-da17-4d84-bc07-5251fd548f26,c8ad5ea4-ffee-4200-8bf5-0398330284a0,0,ng,9,8987.0,2600.0,20.0,20.0,135.0,3.0,3894.2400000000007,24.0,8797.0,0.9166666666666666,4.0,-0.5166666666666666,3,1,24.0,0.0,0.0,1,0,0,2,0.0,2.0,-2.0,6.0,4.0,1.0,0.0,5.0,118.4,62.4,62.4,80.0,100.0,140.0,80.0,56,130.0,135.0,122.0,-0.3846153846153846,1.1142857142857143,0.975,0.42199441005937555,0.375,0,0,1.1142857142857143,0,0,23.0,4298.24,5402.24,522.2399999999998,106.16666666666667,0.45052083333333326,1.359375,1.359375,0.06704519581056466,0.0,1.0,0.0,0.0,0.0,speculator,2.0,20280904,20280904/ng1
h04ar64h,312jd80s,9aac4925-da17-4d84-bc07-5251fd548f26,c8ad5ea4-ffee-4200-8bf5-0398330284a0,0,ng,10,8987.0,2600.0,20.0,8.0,,,4489.240000000001,25.0,8797.0,0.9166666666666666,4.0,-0.5166666666666666,3,1,24.0,0.0,0.0,1,0,0,2,0.0,1.0,-1.0,8.0,7.0,1.0,0.0,6.0,106.16666666666667,58.166666666666664,58.166666666666664,122.0,100.0,122.0,100.0,48,80.0,130.0,100.0,0.5249999999999999,1.2118055555555556,0.9088541666666666,-0.19885085874516495,1.15625,0,0,1.2118055555555556,0,0,22.0,4589.24,5469.24,589.2399999999998,107.28571428571429,,,,0.07499146174863389,0.0,1.0,0.0,0.0,0.0,speculator,1.0,20280904,20280904/ng1
h04ar64h,312jd80s,9aac4925-da17-4d84-bc07-5251fd548f26,c8ad5ea4-ffee-4200-8bf5-0398330284a0,0,ng,11,8987.0,2600.0,20.0,8.0,,,5122.240000000001,21.0,8797.0,0.9166666666666666,4.0,-0.5166666666666666,3,1,24.0,0.0,0.0,1,0,0,2,0.0,4.0,-4.0,9.0,6.0,1.0,0.0,7.0,107.28571428571429,67.28571428571429,67.28571428571429,100.0,109.0,115.0,100.0,40,122.0,80.0,30.0,-0.180327868852459,1.6821428571428574,1.0513392857142858,-1.2039728043259363,0.9375,0,0,1.6821428571428574,0,0,18.0,5166.24,5742.24,862.2399999999998,30.333333333333332,,,,0.0893129553734062,0.0,1.0,0.0,0.0,0.0,speculator,4.0,20280904,20280904/ng1
h04ar64h,312jd80s,9aac4925-da17-4d84-bc07-5251fd548f26,c8ad5ea4-ffee-4200-8bf5-0398330284a0,0,ng,12,8987.0,2600.0,20.0,0.0,50.0,2.0,5320.240000000001,17.0,8797.0,0.9166666666666666,4.0,-0.5166666666666666,3,1,24.0,0.0,0.0,1,0,0,2,0.0,1.0,-1.0,6.0,6.0,1.0,0.0,3.0,30.333333333333332,-1.6666666666666667,1.6666666666666667,30.0,30.0,31.0,30.0,32,100.0,122.0,22.0,-0.7,0.052083333333333336,0.026041666666666668,-0.3101549283038394,-0.03125,0,0,-0.05208333333333337,0,0,17.0,5196.24,5604.24,844.2399999999998,33.0,0.265625,0.40625,0.40625,0.09647817460317462,0.0,1.0,0.0,0.0,0.0,speculator,1.0,20280904,20280904/ng1
h04ar64h,312jd80s,9aac4925-da17-4d84-bc07-5251fd548f26,c8ad5ea4-ffee-4200-8bf5-0398330284a0,0,ng,13,8987.0,2600.0,20.0,8.0,,,5391.240000000001,19.0,8797.0,0.9166666666666666,4.0,-0.5166666666666666,3,1,24.0,0.0,0.0,1,0,0,2,0.0,2.0,-2.0,22.0,19.0,1.0,0.0,9.0,33.0,9.0,10.777777777777779,22.0,55.0,55.0,22.0,24,30.0,100.0,12.0,-0.2666666666666667,0.4490740740740741,0.1684027777777778,-0.6061358035703157,-0.03125,0,0,0.375,0,0,15.0,5387.24,5627.24,867.2399999999998,13.5,,,,0.09945436507936507,0.0,1.0,0.0,0.0,0.0,speculator,2.0,20280904,20280904/ng1
h04ar64h,312jd80s,9aac4925-da17-4d84-bc07-5251fd548f26,c8ad5ea4-ffee-4200-8bf5-0398330284a0,0,ng,14,8987.0,2600.0,20.0,4.0,,,5577.240000000001,13.0,8797.0,0.9166666666666666,4.0,-0.5166666666666666,3,1,24.0,0.0,0.0,1,0,0,2,0.0,2.0,-2.0,5.0,1.0,1.0,0.0,8.0,13.5,-2.5,3.0,12.0,17.0,17.0,10.0,16,22.0,30.0,5.0,-0.4545454545454546,0.1875,0.046875,-0.8754687373539001,-0.0625,0,0,-0.15625,0,0,13.0,5473.24,5577.24,877.2399999999998,8.30952380952381,,,,0.10388002364066193,0.0,1.0,0.0,0.0,0.0,speculator,2.0,20280904,20280904/ng1
h04ar64h,312jd80s,9aac4925-da17-4d84-bc07-5251fd548f26,c8ad5ea4-ffee-4200-8bf5-0398330284a0,0,ng,15,8987.0,2600.0,20.0,4.0,,,5558.240000000001,22.0,8797.0,0.9166666666666666,4.0,-0.5166666666666666,3,1,24.0,0.0,0.0,1,0,0,2,9.0,0.0,9.0,5.0,0.0,1.0,0.0,21.0,8.30952380952381,0.30952380952380953,1.0714285714285714,5.0,9.0,9.0,5.0,8,12.0,22.0,,-0.5833333333333333,0.13392857142857142,0.016741071428571428,,-0.046875,0,0,0.038690476190476275,0,0,22.0,5490.24,5490.24,850.2399999999998,,,,,0.10821659482758621,0.0,1.0,0.0,0.0,0.0,speculator,9.0,20280904,20280904/ng1
h04ar64h,xzwecx41,9aac4925-da17-4d84-bc07-5251fd548f26,e22a8eb5-0967-4ac6-ade3-921726e9d87e,0,ng,1,4458.0,3800.0,10.0,4.0,,,3305.0,13.0,4328.0,0.4166666666666667,4.0,-0.016666666666666663,3,0,24.0,0.0,1.0,0,0,0,2,4.0,1.0,3.0,8.0,2.0,0.6,0.4,8.0,146.25,26.25,26.25,140.0,160.0,175.0,120.0,120,,,136.0,,0.21875,0.41015625,-0.028987536873251507,0.3125,0,0,0.21875,0,0,13.0,3357.0,4813.0,-127.0,136.05090909090907,,,,0.010290148448043185,1.0,0.0,0.0,0.0,1.0,market_maker,5.0,20280904,20280904/ng1
h04ar64h,xzwecx41,9aac4925-da17-4d84-bc07-5251fd548f26,e22a8eb5-0967-4ac6-ade3-921726e9d87e,0,ng,2,4458.0,3800.0,10.0,20.0,,,3218.43,16.0,4328.0,0.4166666666666667,4.0,-0.016666666666666663,3,0,24.0,0.0,1.0,0,0,0,2,4.0,3.0,1.0,13.0,7.0,0.14285714285714285,0.8571428571428572,11.0,136.05090909090907,24.05090909090909,24.05090909090909,136.0,137.5,137.5,135.0,112,140.0,,138.5,-0.02857142857142858,0.21474025974025973,0.37579545454545454,0.01821543989134078,0.375,0,0,0.2147402597402596,0,0,14.0,3498.4300000000003,4954.43,-165.5699999999997,136.595,,,,0.009424804687499982,1.0,0.0,0.0,0.0,1.0,market_maker,7.0,20280904,20280904/ng1
h04ar64h,xzwecx41,9aac4925-da17-4d84-bc07-5251fd548f26,e22a8eb5-0967-4ac6-ade3-921726e9d87e,0,ng,3,4458.0,3800.0,10.0,0.0,130.0,3.0,4625.969999999999,6.0,4328.0,0.4166666666666667,4.0,-0.016666666666666663,3,0,24.0,0.0,1.0,0,0,0,2,4.0,12.0,-8.0,26.0,20.0,0.5,0.5,18.0,136.595,32.595,32.595,138.5,136.07,138.5,135.34,104,136.0,140.0,144.95,0.018382352941176405,0.3134134615384615,0.509296875,0.045518529740271596,0.5390625,0,0,0.3134134615384615,0,0,6.0,4585.97,5161.97,161.97000000000025,148.995,0.29679687500000007,0.53125,0.53125,0.02828400000000001,1.0,0.0,0.0,0.0,1.0,market_maker,16.0,20280904,20280904/ng1
h04ar64h,xzwecx41,9aac4925-da17-4d84-bc07-5251fd548f26,e22a8eb5-0967-4ac6-ade3-921726e9d87e,0,ng,4,4458.0,3800.0,10.0,0.0,,,5093.91,2.0,4328.0,0.4166666666666667,4.0,-0.016666666666666663,3,0,24.0,0.0,1.0,0,0,0,2,2.0,6.0,-4.0,9.0,2.0,0.5,0.5,12.0,148.995,52.995000000000005,52.995000000000005,144.95,137.0,240.0,137.0,96,138.5,136.0,160.0,0.04657039711191335,0.5520312500000001,0.8280468750000001,0.09878495986616187,0.7648437499999998,0,0,0.5520312500000001,0,0,2.0,5053.91,5229.91,349.90999999999985,160.21,,,,0.04045833333333332,1.0,0.0,0.0,0.0,1.0,market_maker,8.0,20280904,20280904/ng1
h04ar64h,xzwecx41,9aac4925-da17-4d84-bc07-5251fd548f26,e22a8eb5-0967-4ac6-ade3-921726e9d87e,0,ng,5,4458.0,3800.0,10.0,8.0,,,4292.44,9.0,4328.0,0.4166666666666667,4.0,-0.016666666666666663,3,0,24.0,0.0,1.0,0,0,0,2,5.0,0.0,5.0,13.0,11.0,1.0,0.0,7.0,160.21,72.21000000000001,72.21000000000001,160.0,143.27,183.2,143.27,88,144.95,138.5,151.2,0.1038289065194895,0.8205681818181819,1.1282812500000001,-0.05657035148839373,1.125,0,0,0.8205681818181819,0,0,7.0,4308.44,4868.44,-11.5600000000004,155.93545454545455,,,,0.03821721311475406,1.0,0.0,0.0,0.0,1.0,market_maker,5.0,20280904,20280904/ng1
h04ar64h,xzwecx41,9aac4925-da17-4d84-bc07-5251fd548f26,e22a8eb5-0967-4ac6-ade3-921726e9d87e,0,ng,6,4458.0,3800.0,10.0,4.0,150.0,2.0,3332.3499999999995,13.0,4328.0,0.4166666666666667,4.0,-0.016666666666666663,3,0,24.0,0.0,1.0,0,0,0,2,8.0,2.0,6.0,4.0,1.0,0.6,0.4,11.0,155.93545454545455,75.93545454545455,75.93545454545455,151.2,158.59,172.0,136.4,80,160.0,144.95,135.0,-0.05500000000000005,0.9491931818181818,1.1864914772727273,-0.11332868530700324,1.1124999999999998,0,0,0.9491931818181818,0,0,13.0,3328.3500000000004,4264.35,-555.6499999999996,138.3125,0.1826171875,1.21875,1.21875,0.04399907791609035,1.0,0.0,0.0,0.0,1.0,market_maker,10.0,20280904,20280904/ng1
h04ar64h,xzwecx41,9aac4925-da17-4d84-bc07-5251fd548f26,e22a8eb5-0967-4ac6-ade3-921726e9d87e,0,ng,7,4458.0,3800.0,10.0,4.0,,,3844.099999999999,9.0,4328.0,0.4166666666666667,4.0,-0.016666666666666663,3,0,24.0,0.0,1.0,0,0,0,2,4.0,8.0,-4.0,3.0,1.0,0.3333333333333333,0.6666666666666667,12.0,138.3125,66.3125,66.3125,135.0,165.0,165.0,100.0,72,151.2,160.0,130.0,-0.1071428571428571,0.9210069444444444,1.0361328125,-0.03774032798284743,0.984375,0,0,0.9210069444444444,0,0,9.0,3824.1000000000004,4400.1,-359.89999999999964,130.09166666666667,,,,0.03814285714285716,1.0,0.0,0.0,0.0,1.0,market_maker,12.0,20280904,20280904/ng1
h04ar64h,xzwecx41,9aac4925-da17-4d84-bc07-5251fd548f26,e22a8eb5-0967-4ac6-ade3-921726e9d87e,0,ng,8,4458.0,3800.0,10.0,4.0,,,3098.0999999999995,14.0,4328.0,0.4166666666666667,4.0,-0.016666666666666663,3,0,24.0,0.0,1.0,0,0,0,2,5.0,0.0,5.0,0.0,0.0,1.0,0.0,12.0,130.09166666666667,66.09166666666667,66.09166666666667,130.0,149.0,160.0,100.0,64,135.0,151.2,80.0,-0.03703703703703709,1.0326822916666667,1.0326822916666667,-0.485507815781701,1.03125,0,0,1.0326822916666667,0,0,14.0,3098.1000000000004,3882.1000000000004,-817.8999999999996,118.4,,,,0.06642139479905437,1.0,0.0,0.0,0.0,1.0,market_maker,5.0,20280904,20280904/ng1
h04ar64h,xzwecx41,9aac4925-da17-4d84-bc07-5251fd548f26,e22a8eb5-0967-4ac6-ade3-921726e9d87e,0,ng,9,4458.0,3800.0,10.0,20.0,120.0,2.0,3254.0999999999995,14.0,4328.0,0.4166666666666667,4.0,-0.016666666666666663,3,0,24.0,0.0,1.0,0,0,0,2,0.0,1.0,-1.0,1.0,1.0,1.0,0.0,5.0,118.4,62.4,62.4,80.0,100.0,140.0,80.0,56,130.0,135.0,122.0,-0.3846153846153846,1.1142857142857143,0.975,0.42199441005937555,0.375,0,0,1.1142857142857143,0,0,13.0,3458.1000000000004,4082.1000000000004,-797.8999999999996,106.16666666666667,0.21614583333333326,1.125,1.125,0.06704519581056466,1.0,0.0,0.0,0.0,1.0,market_maker,1.0,20280904,20280904/ng1
h04ar64h,xzwecx41,9aac4925-da17-4d84-bc07-5251fd548f26,e22a8eb5-0967-4ac6-ade3-921726e9d87e,0,ng,10,4458.0,3800.0,10.0,8.0,,,3497.0999999999995,14.0,4328.0,0.4166666666666667,4.0,-0.016666666666666663,3,0,24.0,0.0,1.0,0,0,0,2,2.0,2.0,0.0,1.0,1.0,0.0,1.0,6.0,106.16666666666667,58.166666666666664,58.166666666666664,122.0,100.0,122.0,100.0,48,80.0,130.0,100.0,0.5249999999999999,1.2118055555555556,0.9088541666666666,-0.19885085874516495,1.15625,0,0,1.2118055555555556,0,0,13.0,3525.1000000000004,4045.1000000000004,-834.8999999999996,107.28571428571429,,,,0.07499146174863389,1.0,0.0,0.0,0.0,1.0,market_maker,4.0,20280904,20280904/ng1
h04ar64h,xzwecx41,9aac4925-da17-4d84-bc07-5251fd548f26,e22a8eb5-0967-4ac6-ade3-921726e9d87e,0,ng,11,4458.0,3800.0,10.0,8.0,,,3166.0999999999995,17.0,4328.0,0.4166666666666667,4.0,-0.016666666666666663,3,0,24.0,0.0,1.0,0,0,0,2,4.0,0.0,4.0,0.0,0.0,1.0,0.0,7.0,107.28571428571429,67.28571428571429,67.28571428571429,100.0,109.0,115.0,100.0,40,122.0,80.0,30.0,-0.180327868852459,1.6821428571428574,1.0513392857142858,-1.2039728043259363,0.9375,0,0,1.6821428571428574,0,0,17.0,3218.1000000000004,3762.1000000000004,-1117.8999999999996,30.333333333333332,,,,0.0893129553734062,1.0,0.0,0.0,0.0,1.0,market_maker,4.0,20280904,20280904/ng1
h04ar64h,xzwecx41,9aac4925-da17-4d84-bc07-5251fd548f26,e22a8eb5-0967-4ac6-ade3-921726e9d87e,0,ng,12,4458.0,3800.0,10.0,0.0,0.0,0.0,3302.0999999999995,17.0,4328.0,0.4166666666666667,4.0,-0.016666666666666663,3,0,24.0,0.0,1.0,0,0,0,2,0.0,0.0,0.0,0.0,0.0,,,3.0,30.333333333333332,-1.6666666666666667,1.6666666666666667,30.0,30.0,31.0,30.0,32,100.0,122.0,22.0,-0.7,0.052083333333333336,0.026041666666666668,-0.3101549283038394,-0.03125,0,0,-0.05208333333333337,0,0,17.0,3218.1000000000004,3626.1000000000004,-1133.8999999999996,33.0,0.515625,0.375,-0.375,0.09647817460317462,1.0,0.0,0.0,0.0,1.0,market_maker,0.0,20280904,20280904/ng1
h04ar64h,xzwecx41,9aac4925-da17-4d84-bc07-5251fd548f26,e22a8eb5-0967-4ac6-ade3-921726e9d87e,0,ng,13,4458.0,3800.0,10.0,8.0,,,3184.0999999999995,18.0,4328.0,0.4166666666666667,4.0,-0.016666666666666663,3,0,24.0,0.0,1.0,0,0,0,2,4.0,3.0,1.0,0.0,0.0,0.14285714285714285,0.8571428571428572,9.0,33.0,9.0,10.777777777777779,22.0,55.0,55.0,22.0,24,30.0,100.0,12.0,-0.2666666666666667,0.4490740740740741,0.1684027777777778,-0.6061358035703157,-0.03125,0,0,0.375,0,0,18.0,3244.1000000000004,3532.1000000000004,-1227.8999999999996,13.5,,,,0.09945436507936507,1.0,0.0,0.0,0.0,1.0,market_maker,7.0,20280904,20280904/ng1
h04ar64h,xzwecx41,9aac4925-da17-4d84-bc07-5251fd548f26,e22a8eb5-0967-4ac6-ade3-921726e9d87e,0,ng,14,4458.0,3800.0,10.0,4.0,,,3353.0999999999995,15.0,4328.0,0.4166666666666667,4.0,-0.016666666666666663,3,0,24.0,0.0,1.0,0,0,0,2,2.0,5.0,-3.0,1.0,1.0,0.42857142857142855,0.5714285714285714,8.0,13.5,-2.5,3.0,12.0,17.0,17.0,10.0,16,22.0,30.0,5.0,-0.4545454545454546,0.1875,0.046875,-0.8754687373539001,-0.0625,0,0,-0.15625,0,0,15.0,3329.1000000000004,3449.1000000000004,-1250.8999999999996,8.30952380952381,,,,0.10388002364066193,1.0,0.0,0.0,0.0,1.0,market_maker,7.0,20280904,20280904/ng1
h04ar64h,xzwecx41,9aac4925-da17-4d84-bc07-5251fd548f26,e22a8eb5-0967-4ac6-ade3-921726e9d87e,0,ng,15,4458.0,3800.0,10.0,4.0,,,3445.5999999999995,10.0,4328.0,0.4166666666666667,4.0,-0.016666666666666663,3,0,24.0,0.0,1.0,0,0,0,2,1.0,6.0,-5.0,1.0,0.0,0.7142857142857143,0.2857142857142857,21.0,8.30952380952381,0.30952380952380953,1.0714285714285714,5.0,9.0,9.0,5.0,8,12.0,22.0,,-0.5833333333333333,0.13392857142857142,0.016741071428571428,,-0.046875,0,0,0.038690476190476275,0,0,10.0,3401.6000000000004,3401.6000000000004,-1238.3999999999996,,,,,0.10821659482758621,1.0,0.0,0.0,0.0,1.0,market_maker,7.0,20280904,20280904/ng1
h04ar64h,oq7csg5x,9aac4925-da17-4d84-bc07-5251fd548f26,e91eff8c-4254-4af0-805e-333803b434fb,0,ng,1,5117.0,3800.0,10.0,4.0,,,3820.0,10.0,4977.0,1.0,1.0,-0.9,2,1,20.0,0.0,0.0,0,0,0,2,1.0,1.0,0.0,1.0,0.0,0.0,1.0,8.0,146.25,26.25,26.25,140.0,160.0,175.0,120.0,120,,,136.0,,0.21875,0.41015625,-0.028987536873251507,0.3125,0,0,0.21875,0,0,10.0,3860.0,4980.0,40.0,136.05090909090907,,,,0.010290148448043185,0.0,0.0,1.0,0.0,1.0,market_maker,2.0,20280904,20280904/ng1
h04ar64h,oq7csg5x,9aac4925-da17-4d84-bc07-5251fd548f26,e91eff8c-4254-4af0-805e-333803b434fb,0,ng,2,5117.0,3800.0,10.0,20.0,,,3860.5,12.0,4977.0,1.0,1.0,-0.9,2,1,20.0,0.0,0.0,0,0,0,2,1.0,1.0,0.0,5.0,0.0,0.0,1.0,11.0,136.05090909090907,24.05090909090909,24.05090909090909,136.0,137.5,137.5,135.0,112,140.0,,138.5,-0.02857142857142858,0.21474025974025973,0.37579545454545454,0.01821543989134078,0.375,0,0,0.2147402597402596,0,0,10.0,4060.5,5100.5,-19.5,136.595,,,,0.009424804687499982,0.0,0.0,1.0,0.0,1.0,market_maker,2.0,20280904,20280904/ng1
h04ar64h,oq7csg5x,9aac4925-da17-4d84-bc07-5251fd548f26,e91eff8c-4254-4af0-805e-333803b434fb,0,ng,3,5117.0,3800.0,10.0,0.0,140.0,3.0,4648.3,6.0,4977.0,1.0,1.0,-0.9,2,1,20.0,0.0,0.0,0,0,0,2,0.0,4.0,-4.0,4.0,0.0,1.0,0.0,18.0,136.595,32.595,32.595,138.5,136.07,138.5,135.34,104,136.0,140.0,144.95,0.018382352941176405,0.3134134615384615,0.509296875,0.045518529740271596,0.5390625,0,0,0.3134134615384615,0,0,6.0,4608.3,5184.3,184.30000000000018,148.995,0.14054687500000007,0.6875,0.6875,0.02828400000000001,0.0,0.0,1.0,0.0,1.0,market_maker,4.0,20280904,20280904/ng1
h04ar64h,oq7csg5x,9aac4925-da17-4d84-bc07-5251fd548f26,e91eff8c-4254-4af0-805e-333803b434fb,0,ng,4,5117.0,3800.0,10.0,0.0,,,4787.3,5.0,4977.0,1.0,1.0,-0.9,2,1,20.0,0.0,0.0,0,0,0,2,0.0,1.0,-1.0,1.0,0.0,1.0,0.0,12.0,148.995,52.995000000000005,52.995000000000005,144.95,137.0,240.0,137.0,96,138.5,136.0,160.0,0.04657039711191335,0.5520312500000001,0.8280468750000001,0.09878495986616187,0.7648437499999998,0,0,0.5520312500000001,0,0,5.0,4747.3,5187.3,307.3000000000002,160.21,,,,0.04045833333333332,0.0,0.0,1.0,0.0,1.0,market_maker,1.0,20280904,20280904/ng1
h04ar64h,oq7csg5x,9aac4925-da17-4d84-bc07-5251fd548f26,e91eff8c-4254-4af0-805e-333803b434fb,0,ng,5,5117.0,3800.0,10.0,8.0,,,5090.570000000001,3.0,4977.0,1.0,1.0,-0.9,2,1,20.0,0.0,0.0,0,0,0,2,0.0,2.0,-2.0,2.0,1.0,1.0,0.0,7.0,160.21,72.21000000000001,72.21000000000001,160.0,143.27,183.2,143.27,88,144.95,138.5,151.2,0.1038289065194895,0.8205681818181819,1.1282812500000001,-0.05657035148839373,1.125,0,0,0.8205681818181819,0,0,3.0,5074.57,5314.57,434.5699999999997,155.93545454545455,,,,0.03821721311475406,0.0,0.0,1.0,0.0,1.0,market_maker,2.0,20280904,20280904/ng1
h04ar64h,oq7csg5x,9aac4925-da17-4d84-bc07-5251fd548f26,e91eff8c-4254-4af0-805e-333803b434fb,0,ng,6,5117.0,3800.0,10.0,4.0,160.0,3.0,4841.170000000001,5.0,4977.0,1.0,1.0,-0.9,2,1,20.0,0.0,0.0,0,0,0,2,2.0,0.0,2.0,2.0,0.0,1.0,0.0,11.0,155.93545454545455,75.93545454545455,75.93545454545455,151.2,158.59,172.0,136.4,80,160.0,144.95,135.0,-0.05500000000000005,0.9491931818181818,1.1864914772727273,-0.11332868530700324,1.1124999999999998,0,0,0.9491931818181818,0,0,5.0,4821.17,5181.17,361.1700000000001,138.3125,0.3388671875,1.375,1.375,0.04399907791609035,0.0,0.0,1.0,0.0,1.0,market_maker,2.0,20280904,20280904/ng1
h04ar64h,oq7csg5x,9aac4925-da17-4d84-bc07-5251fd548f26,e91eff8c-4254-4af0-805e-333803b434fb,0,ng,7,5117.0,3800.0,10.0,4.0,,,4045.370000000001,12.0,4977.0,1.0,1.0,-0.9,2,1,20.0,0.0,0.0,0,0,0,2,6.0,0.0,6.0,5.0,0.0,1.0,0.0,12.0,138.3125,66.3125,66.3125,135.0,165.0,165.0,100.0,72,151.2,160.0,130.0,-0.1071428571428571,0.9210069444444444,1.0361328125,-0.03774032798284743,0.984375,0,0,0.9210069444444444,0,0,11.0,4049.37,4753.37,-6.630000000000109,130.09166666666667,,,,0.03814285714285716,0.0,0.0,1.0,0.0,1.0,market_maker,6.0,20280904,20280904/ng1
h04ar64h,oq7csg5x,9aac4925-da17-4d84-bc07-5251fd548f26,e91eff8c-4254-4af0-805e-333803b434fb,0,ng,8,5117.0,3800.0,10.0,4.0,,,3953.270000000001,16.0,4977.0,1.0,1.0,-0.9,2,1,20.0,0.0,0.0,0,0,0,2,3.0,1.0,2.0,5.0,1.0,0.5,0.5,12.0,130.09166666666667,66.09166666666667,66.09166666666667,130.0,149.0,160.0,100.0,64,135.0,151.2,80.0,-0.03703703703703709,1.0326822916666667,1.0326822916666667,-0.485507815781701,1.03125,0,0,1.0326822916666667,0,0,13.0,3961.2699999999995,4689.2699999999995,-10.730000000000473,118.4,,,,0.06642139479905437,0.0,0.0,1.0,0.0,1.0,market_maker,4.0,20280904,20280904/ng1
h04ar64h,oq7csg5x,9aac4925-da17-4d84-bc07-5251fd548f26,e91eff8c-4254-4af0-805e-333803b434fb,0,ng,9,5117.0,3800.0,10.0,20.0,140.0,3.0,4052.27,15.0,4977.0,1.0,1.0,-0.9,2,1,20.0,0.0,0.0,0,0,0,2,1.0,1.0,0.0,5.0,3.0,0.0,1.0,5.0,118.4,62.4,62.4,80.0,100.0,140.0,80.0,56,130.0,135.0,122.0,-0.3846153846153846,1.1142857142857143,0.975,0.42199441005937555,0.375,0,0,1.1142857142857143,0,0,13.0,4256.2699999999995,4880.2699999999995,0.26999999999952706,106.16666666666667,0.5286458333333333,1.4375,1.4375,0.06704519581056466,0.0,0.0,1.0,0.0,1.0,market_maker,2.0,20280904,20280904/ng1
h04ar64h,oq7csg5x,9aac4925-da17-4d84-bc07-5251fd548f26,e91eff8c-4254-4af0-805e-333803b434fb,0,ng,10,5117.0,3800.0,10.0,8.0,,,4152.27,17.0,4977.0,1.0,1.0,-0.9,2,1,20.0,0.0,0.0,0,0,0,2,2.0,0.0,2.0,3.0,2.0,1.0,0.0,6.0,106.16666666666667,58.166666666666664,58.166666666666664,122.0,100.0,122.0,100.0,48,80.0,130.0,100.0,0.5249999999999999,1.2118055555555556,0.9088541666666666,-0.19885085874516495,1.15625,0,0,1.2118055555555556,0,0,15.0,4176.2699999999995,4776.2699999999995,-103.73000000000047,107.28571428571429,,,,0.07499146174863389,0.0,0.0,1.0,0.0,1.0,market_maker,2.0,20280904,20280904/ng1
h04ar64h,oq7csg5x,9aac4925-da17-4d84-bc07-5251fd548f26,e91eff8c-4254-4af0-805e-333803b434fb,0,ng,11,5117.0,3800.0,10.0,8.0,,,4088.27,19.0,4977.0,1.0,1.0,-0.9,2,1,20.0,0.0,0.0,0,0,0,2,2.0,0.0,2.0,4.0,2.0,1.0,0.0,7.0,107.28571428571429,67.28571428571429,67.28571428571429,100.0,109.0,115.0,100.0,40,122.0,80.0,30.0,-0.180327868852459,1.6821428571428574,1.0513392857142858,-1.2039728043259363,0.9375,0,0,1.6821428571428574,0,0,17.0,4112.2699999999995,4656.2699999999995,-223.73000000000047,30.333333333333332,,,,0.0893129553734062,0.0,0.0,1.0,0.0,1.0,market_maker,2.0,20280904,20280904/ng1
h04ar64h,oq7csg5x,9aac4925-da17-4d84-bc07-5251fd548f26,e91eff8c-4254-4af0-805e-333803b434fb,0,ng,12,5117.0,3800.0,10.0,0.0,30.0,3.0,4179.27,20.0,4977.0,1.0,1.0,-0.9,2,1,20.0,0.0,0.0,0,0,0,2,2.0,0.0,2.0,3.0,1.0,1.0,0.0,3.0,30.333333333333332,-1.6666666666666667,1.6666666666666667,30.0,30.0,31.0,30.0,32,100.0,122.0,22.0,-0.7,0.052083333333333336,0.026041666666666668,-0.3101549283038394,-0.03125,0,0,-0.05208333333333337,0,0,19.0,4051.2699999999995,4507.2699999999995,-252.73000000000047,33.0,0.046875,0.09375,0.09375,0.09647817460317462,0.0,0.0,1.0,0.0,1.0,market_maker,2.0,20280904,20280904/ng1
h04ar64h,oq7csg5x,9aac4925-da17-4d84-bc07-5251fd548f26,e91eff8c-4254-4af0-805e-333803b434fb,0,ng,13,5117.0,3800.0,10.0,8.0,,,4179.27,19.0,4977.0,1.0,1.0,-0.9,2,1,20.0,0.0,0.0,0,0,0,2,0.0,0.0,0.0,0.0,0.0,,,9.0,33.0,9.0,10.777777777777779,22.0,55.0,55.0,22.0,24,30.0,100.0,12.0,-0.2666666666666667,0.4490740740740741,0.1684027777777778,-0.6061358035703157,-0.03125,0,0,0.375,0,0,19.0,4203.2699999999995,4507.2699999999995,-252.73000000000047,13.5,,,,0.09945436507936507,0.0,0.0,1.0,0.0,1.0,market_maker,0.0,20280904,20280904/ng1
h04ar64h,oq7csg5x,9aac4925-da17-4d84-bc07-5251fd548f26,e91eff8c-4254-4af0-805e-333803b434fb,0,ng,14,5117.0,3800.0,10.0,4.0,,,4337.27,21.0,4977.0,1.0,1.0,-0.9,2,1,20.0,0.0,0.0,0,0,0,2,1.0,1.0,0.0,4.0,1.0,0.0,1.0,8.0,13.5,-2.5,3.0,12.0,17.0,17.0,10.0,16,22.0,30.0,5.0,-0.4545454545454546,0.1875,0.046875,-0.8754687373539001,-0.0625,0,0,-0.15625,0,0,19.0,4285.2699999999995,4437.2699999999995,-262.7300000000005,8.30952380952381,,,,0.10388002364066193,0.0,0.0,1.0,0.0,1.0,market_maker,2.0,20280904,20280904/ng1
h04ar64h,oq7csg5x,9aac4925-da17-4d84-bc07-5251fd548f26,e91eff8c-4254-4af0-805e-333803b434fb,0,ng,15,5117.0,3800.0,10.0,4.0,,,4412.77,20.0,4977.0,1.0,1.0,-0.9,2,1,20.0,0.0,0.0,0,0,0,2,1.0,0.0,1.0,0.0,0.0,1.0,0.0,21.0,8.30952380952381,0.30952380952380953,1.0714285714285714,5.0,9.0,9.0,5.0,8,12.0,22.0,,-0.5833333333333333,0.13392857142857142,0.016741071428571428,,-0.046875,0,0,0.038690476190476275,0,0,20.0,4356.7699999999995,4356.7699999999995,-283.2300000000005,,,,,0.10821659482758621,0.0,0.0,1.0,0.0,1.0,market_maker,1.0,20280904,20280904/ng1
h04ar64h,w03fifp1,b2edd524-e3eb-4d3a-84b2-e088b02b55d0,17c4285c-cf0b-4c5a-b108-3f98a5360b6e,0,ng,1,5938.0,2600.0,20.0,8.0,,,2841.0,18.0,5768.0,0.9166666666666666,6.0,-0.31666666666666665,1,0,23.0,0.0,1.0,1,0,0,1,0.0,2.0,-2.0,6.0,4.0,1.0,0.0,6.0,120.58333333333333,0.5833333333333334,0.5833333333333334,120.75,120.0,121.0,120.0,120,,,121.07,,0.004861111111111111,0.009114583333333334,0.0026465981869661093,0.01171875,0,0,0.004861111111111071,0,0,18.0,2985.0,5001.0,1.0,121.08600000000001,,,,0.00011944444444444444,0.0,0.0,1.0,0.0,1.0,market_maker,2.0,20280904,20280904/ng1
h04ar64h,w03fifp1,b2edd524-e3eb-4d3a-84b2-e088b02b55d0,17c4285c-cf0b-4c5a-b108-3f98a5360b6e,0,ng,2,5938.0,2600.0,20.0,8.0,,,2985.0,18.0,5768.0,0.9166666666666666,6.0,-0.31666666666666665,1,0,23.0,0.0,1.0,1,0,0,1,0.0,0.0,0.0,0.0,0.0,,,10.0,121.08600000000001,9.086000000000002,9.086000000000002,121.07,120.9,121.27,120.9,112,120.75,,121.16,0.002650103519668656,0.08112500000000002,0.14196875000000003,0.0007430954393878864,0.1417187499999999,0,0,0.08112500000000011,0,0,18.0,3129.0,5001.0,1.0,121.1962962962963,,,,0.003231888888888923,0.0,0.0,1.0,0.0,1.0,market_maker,0.0,20280904,20280904/ng1
h04ar64h,w03fifp1,b2edd524-e3eb-4d3a-84b2-e088b02b55d0,17c4285c-cf0b-4c5a-b108-3f98a5360b6e,0,ng,3,5938.0,2600.0,20.0,20.0,0.0,0.0,4704.46,6.0,5768.0,0.9166666666666666,6.0,-0.31666666666666665,1,0,23.0,0.0,1.0,1,0,0,1,0.0,13.0,-13.0,5.0,3.0,1.0,0.0,27.0,121.1962962962963,17.196296296296296,17.196296296296296,121.16,121.19,121.3,121.14,104,121.07,120.75,121.18,0.0007433716032048121,0.16534900284900284,0.26869212962962963,0.00016505735780647512,0.26812499999999995,0,0,0.16534900284900284,0,0,5.0,4804.46,5284.46,104.46000000000004,121.09727272727272,1.8921448863636363,1.5,-1.5,0.009972651222651232,0.0,0.0,1.0,0.0,1.0,market_maker,13.0,20280904,20280904/ng1
h04ar64h,w03fifp1,b2edd524-e3eb-4d3a-84b2-e088b02b55d0,17c4285c-cf0b-4c5a-b108-3f98a5360b6e,0,ng,4,5938.0,2600.0,20.0,20.0,,,5308.89,1.0,5768.0,0.9166666666666666,6.0,-0.31666666666666665,1,0,23.0,0.0,1.0,1,0,0,1,1.0,5.0,-4.0,3.0,2.0,0.6666666666666666,0.33333333333333337,11.0,121.09727272727272,25.097272727272728,25.097272727272728,121.18,121.13,121.18,120.9,96,121.16,121.07,121.23,0.00016507098052165325,0.2614299242424242,0.39214488636363637,0.0004125242416490593,0.3934375000000001,0,0,0.2614299242424242,0,0,1.0,5308.889999999999,5396.889999999999,36.88999999999942,121.14999999999999,,,,0.01627632669983416,0.0,0.0,1.0,0.0,1.0,market_maker,6.0,20280904,20280904/ng1
h04ar64h,w03fifp1,b2edd524-e3eb-4d3a-84b2-e088b02b55d0,17c4285c-cf0b-4c5a-b108-3f98a5360b6e,0,ng,5,5938.0,2600.0,20.0,4.0,,,5449.84,0.0,5768.0,0.9166666666666666,6.0,-0.31666666666666665,1,0,23.0,0.0,1.0,1,0,0,1,1.0,2.0,-1.0,3.0,3.0,0.3333333333333333,0.6666666666666667,14.0,121.14999999999999,33.15,33.15,121.23,121.18,121.23,121.0,88,121.18,121.16,121.85,0.00041260934147557826,0.37670454545454546,0.51796875,0.005101212312723646,0.5192187500000001,0,0,0.37670454545454535,0,0,0.0,5429.839999999999,5429.839999999999,129.83999999999924,120.9240909090909,,,,0.013756918238993675,0.0,0.0,1.0,0.0,1.0,market_maker,3.0,20280904,20280904/ng1
h04ar64h,w03fifp1,b2edd524-e3eb-4d3a-84b2-e088b02b55d0,17c4285c-cf0b-4c5a-b108-3f98a5360b6e,0,ng,6,5938.0,2600.0,20.0,20.0,120.0,5.0,5445.730000000001,0.0,5768.0,0.9166666666666666,6.0,-0.31666666666666665,1,0,23.0,0.0,1.0,1,0,0,1,4.0,4.0,0.0,2.0,2.0,0.0,1.0,22.0,120.9240909090909,40.92409090909091,40.92409090909091,121.85,120.82,121.85,120.0,80,121.23,121.18,122.57,0.005114245648766724,0.5115511363636364,0.6394389204545454,0.005891515281858162,0.6539062499999999,0,0,0.5115511363636364,0,0,0.0,5425.73,5425.73,-54.27000000000044,122.731,0.042671874999999915,0.75,0.75,0.013076845093268483,0.0,0.0,1.0,0.0,1.0,market_maker,8.0,20280904,20280904/ng1
h04ar64h,w03fifp1,b2edd524-e3eb-4d3a-84b2-e088b02b55d0,17c4285c-cf0b-4c5a-b108-3f98a5360b6e,0,ng,7,5938.0,2600.0,20.0,4.0,,,5445.730000000001,0.0,5768.0,0.9166666666666666,6.0,-0.31666666666666665,1,0,23.0,0.0,1.0,1,0,0,1,0.0,0.0,0.0,0.0,0.0,,,10.0,122.731,50.731,50.731,122.57,121.9,125.93,121.85,72,121.85,121.23,122.99,0.005908904390644176,0.7045972222222222,0.792671875,0.0034207559012457978,0.7901562499999999,0,0,0.7045972222222221,0,0,0.0,5425.73,5425.73,5.729999999999563,122.91777777777777,,,,0.01908804838048377,0.0,0.0,1.0,0.0,1.0,market_maker,0.0,20280904,20280904/ng1
h04ar64h,w03fifp1,b2edd524-e3eb-4d3a-84b2-e088b02b55d0,17c4285c-cf0b-4c5a-b108-3f98a5360b6e,0,ng,8,5938.0,2600.0,20.0,20.0,,,5445.730000000001,0.0,5768.0,0.9166666666666666,6.0,-0.31666666666666665,1,0,23.0,0.0,1.0,1,0,0,1,0.0,0.0,0.0,0.0,0.0,,,9.0,122.91777777777777,58.91777777777778,58.91777777777778,122.99,122.71,123.0,122.71,64,122.57,121.85,123.05,0.0034266133637921303,0.9205902777777778,0.9205902777777778,0.00048772558274556843,0.9217187499999999,0,0,0.9205902777777777,0,0,0.0,5425.73,5425.73,-174.27000000000044,123.33894736842106,,,,0.02013214285714287,0.0,0.0,1.0,0.0,1.0,market_maker,0.0,20280904,20280904/ng1
h04ar64h,w03fifp1,b2edd524-e3eb-4d3a-84b2-e088b02b55d0,17c4285c-cf0b-4c5a-b108-3f98a5360b6e,0,ng,9,5938.0,2600.0,20.0,0.0,120.0,4.0,4210.450000000002,10.0,5768.0,0.9166666666666666,6.0,-0.31666666666666665,1,0,23.0,0.0,1.0,1,0,0,1,10.0,0.0,10.0,2.0,1.0,1.0,0.0,19.0,123.33894736842106,67.33894736842106,67.33894736842106,123.05,122.99,124.39,122.99,56,122.99,122.57,122.6,0.0004878445402065612,1.202481203007519,1.052171052631579,-0.0036637533349539453,1.04765625,0,0,1.202481203007519,0,0,10.0,4190.45,4670.45,-809.5500000000002,122.85933333333332,0.0446770833333332,1.125,1.125,0.04868826034063263,0.0,0.0,1.0,0.0,1.0,market_maker,10.0,20280904,20280904/ng1
h04ar64h,w03fifp1,b2edd524-e3eb-4d3a-84b2-e088b02b55d0,17c4285c-cf0b-4c5a-b108-3f98a5360b6e,0,ng,10,5938.0,2600.0,20.0,8.0,,,4824.560000000001,5.0,5768.0,0.9166666666666666,6.0,-0.31666666666666665,1,0,23.0,0.0,1.0,1,0,0,1,0.0,5.0,-5.0,0.0,0.0,1.0,0.0,15.0,122.85933333333332,74.85933333333332,74.85933333333332,122.6,123.1,123.1,122.6,48,123.05,122.99,122.53,-0.00365704997968308,1.5595694444444443,1.1696770833333332,-0.0005711255407563343,1.165625,0,0,1.5595694444444443,0,0,5.0,4844.56,5044.56,-435.4399999999996,122.56210526315789,,,,0.05900577858880773,0.0,0.0,1.0,0.0,1.0,market_maker,5.0,20280904,20280904/ng1
h04ar64h,w03fifp1,b2edd524-e3eb-4d3a-84b2-e088b02b55d0,17c4285c-cf0b-4c5a-b108-3f98a5360b6e,0,ng,11,5938.0,2600.0,20.0,8.0,,,5477.560000000002,0.0,5768.0,0.9166666666666666,6.0,-0.31666666666666665,1,0,23.0,0.0,1.0,1,0,0,1,0.0,5.0,-5.0,3.0,1.0,1.0,0.0,19.0,122.56210526315789,82.5621052631579,82.5621052631579,122.53,122.5,122.68,122.36,40,122.6,123.05,122.64,-0.0005709624796084167,2.0640526315789476,1.2900328947368422,0.0008973366022040352,1.28953125,0,0,2.064052631578947,0,0,0.0,5457.5599999999995,5457.5599999999995,-22.44000000000051,122.41399999999999,,,,0.09727189781021896,0.0,0.0,1.0,0.0,1.0,market_maker,5.0,20280904,20280904/ng1
h04ar64h,w03fifp1,b2edd524-e3eb-4d3a-84b2-e088b02b55d0,17c4285c-cf0b-4c5a-b108-3f98a5360b6e,0,ng,12,5938.0,2600.0,20.0,8.0,0.0,0.0,5477.560000000002,0.0,5768.0,0.9166666666666666,6.0,-0.31666666666666665,1,0,23.0,0.0,1.0,1,0,0,1,0.0,0.0,0.0,3.0,3.0,,,5.0,122.41399999999999,90.414,90.414,122.64,122.15,122.64,122.15,32,122.53,122.6,122.61,0.0008977393291438318,2.8254375,1.41271875,-0.0002446483192635185,1.41625,0,0,2.8254374999999996,0,0,0.0,5457.5599999999995,5457.5599999999995,-22.44000000000051,122.644,1.9163125,0.375,-0.375,0.10365318329278185,0.0,0.0,1.0,0.0,1.0,market_maker,0.0,20280904,20280904/ng1
h04ar64h,w03fifp1,b2edd524-e3eb-4d3a-84b2-e088b02b55d0,17c4285c-cf0b-4c5a-b108-3f98a5360b6e,0,ng,13,5938.0,2600.0,20.0,8.0,,,5109.550000000002,3.0,5768.0,0.9166666666666666,6.0,-0.31666666666666665,1,0,23.0,0.0,1.0,1,0,0,1,3.0,0.0,3.0,1.0,1.0,1.0,0.0,5.0,122.644,98.644,98.644,122.61,122.68,122.68,122.6,24,122.64,122.53,95.0,-0.00024461839530331986,4.110166666666667,1.5413125,-0.2551316946437545,1.54078125,0,0,4.110166666666667,0,0,3.0,5113.549999999999,5161.549999999999,-318.4500000000007,109.38166666666666,,,,0.0999771897810219,0.0,0.0,1.0,0.0,1.0,market_maker,3.0,20280904,20280904/ng1
h04ar64h,w03fifp1,b2edd524-e3eb-4d3a-84b2-e088b02b55d0,17c4285c-cf0b-4c5a-b108-3f98a5360b6e,0,ng,14,5938.0,2600.0,20.0,8.0,,,5500.940000000002,0.0,5768.0,0.9166666666666666,6.0,-0.31666666666666665,1,0,23.0,0.0,1.0,1,0,0,1,0.0,3.0,-3.0,7.0,6.0,1.0,0.0,12.0,109.38166666666666,93.38166666666666,93.54833333333333,95.0,122.59,122.8,15.0,16,122.61,122.64,90.0,-0.2251855476714787,5.846770833333333,1.4616927083333333,-0.054067221270275745,1.234375,0,0,5.836354166666666,0,0,0.0,5480.9400000000005,5480.9400000000005,0.9400000000005093,97.52727272727272,,,,0.12236232765612327,0.0,0.0,1.0,0.0,1.0,market_maker,3.0,20280904,20280904/ng1
h04ar64h,w03fifp1,b2edd524-e3eb-4d3a-84b2-e088b02b55d0,17c4285c-cf0b-4c5a-b108-3f98a5360b6e,0,ng,15,5938.0,2600.0,20.0,4.0,,,5500.940000000002,0.0,5768.0,0.9166666666666666,6.0,-0.31666666666666665,1,0,23.0,0.0,1.0,1,0,0,1,0.0,0.0,0.0,0.0,0.0,,,11.0,97.52727272727272,89.52727272727272,89.52727272727272,90.0,99.0,122.9,70.0,8,95.0,122.61,,-0.052631578947368474,11.19090909090909,1.3988636363636362,,1.28125,0,0,11.19090909090909,1,1,0.0,5480.9400000000005,5480.9400000000005,60.94000000000051,,,,,0.15881119311193118,0.0,0.0,1.0,0.0,1.0,market_maker,0.0,20280904,20280904/ng1
h04ar64h,oq7csg5x,b2edd524-e3eb-4d3a-84b2-e088b02b55d0,18c1d684-ab8f-4f26-826f-f1d12299d3cc,0,ng,1,5117.0,3800.0,10.0,8.0,,,3801.5,10.0,4977.0,1.0,1.0,-0.9,2,1,20.0,0.0,0.0,0,0,0,1,3.0,3.0,0.0,12.0,7.0,0.0,1.0,6.0,120.58333333333333,0.5833333333333334,0.5833333333333334,120.75,120.0,121.0,120.0,120,,,121.07,,0.004861111111111111,0.009114583333333334,0.0026465981869661093,0.01171875,0,0,0.004861111111111071,0,0,10.0,3881.5,5001.5,1.5,121.08600000000001,,,,0.00011944444444444444,0.0,0.0,1.0,0.0,1.0,market_maker,6.0,20280904,20280904/ng1
h04ar64h,oq7csg5x,b2edd524-e3eb-4d3a-84b2-e088b02b55d0,18c1d684-ab8f-4f26-826f-f1d12299d3cc,0,ng,2,5117.0,3800.0,10.0,8.0,,,4366.48,7.0,4977.0,1.0,1.0,-0.9,2,1,20.0,0.0,0.0,0,0,0,1,1.0,5.0,-4.0,9.0,1.0,0.6666666666666666,0.33333333333333337,10.0,121.08600000000001,9.086000000000002,9.086000000000002,121.07,120.9,121.27,120.9,112,120.75,,121.16,0.002650103519668656,0.08112500000000002,0.14196875000000003,0.0007430954393878864,0.1417187499999999,0,0,0.08112500000000011,0,0,6.0,4414.4800000000005,5038.4800000000005,38.48000000000047,121.1962962962963,,,,0.003231888888888923,0.0,0.0,1.0,0.0,1.0,market_maker,6.0,20280904,20280904/ng1
h04ar64h,oq7csg5x,b2edd524-e3eb-4d3a-84b2-e088b02b55d0,18c1d684-ab8f-4f26-826f-f1d12299d3cc,0,ng,3,5117.0,3800.0,10.0,20.0,50.0,2.0,4543.889999999999,10.0,4977.0,1.0,1.0,-0.9,2,1,20.0,0.0,0.0,0,0,0,1,4.0,5.0,-1.0,11.0,0.0,0.1111111111111111,0.8888888888888888,27.0,121.1962962962963,17.196296296296296,17.196296296296296,121.16,121.19,121.3,121.14,104,121.07,120.75,121.18,0.0007433716032048121,0.16534900284900284,0.26869212962962963,0.00016505735780647512,0.26812499999999995,0,0,0.16534900284900284,0,0,5.0,4635.889999999999,5115.889999999999,-64.11000000000058,121.09727272727272,1.1108948863636363,0.71875,-0.71875,0.009972651222651232,0.0,0.0,1.0,0.0,1.0,market_maker,9.0,20280904,20280904/ng1
h04ar64h,oq7csg5x,b2edd524-e3eb-4d3a-84b2-e088b02b55d0,18c1d684-ab8f-4f26-826f-f1d12299d3cc,0,ng,4,5117.0,3800.0,10.0,20.0,,,4380.82,13.0,4977.0,1.0,1.0,-0.9,2,1,20.0,0.0,0.0,0,0,0,1,4.0,1.0,3.0,7.0,0.0,0.6,0.4,11.0,121.09727272727272,25.097272727272728,25.097272727272728,121.18,121.13,121.18,120.9,96,121.16,121.07,121.23,0.00016507098052165325,0.2614299242424242,0.39214488636363637,0.0004125242416490593,0.3934375000000001,0,0,0.2614299242424242,0,0,8.0,4432.82,5136.82,-223.1800000000003,121.14999999999999,,,,0.01627632669983416,0.0,0.0,1.0,0.0,1.0,market_maker,5.0,20280904,20280904/ng1
h04ar64h,oq7csg5x,b2edd524-e3eb-4d3a-84b2-e088b02b55d0,18c1d684-ab8f-4f26-826f-f1d12299d3cc,0,ng,5,5117.0,3800.0,10.0,4.0,,,5489.16,1.0,4977.0,1.0,1.0,-0.9,2,1,20.0,0.0,0.0,0,0,0,1,0.0,7.0,-7.0,4.0,0.0,1.0,0.0,14.0,121.14999999999999,33.15,33.15,121.23,121.18,121.23,121.0,88,121.18,121.16,121.85,0.00041260934147557826,0.37670454545454546,0.51796875,0.005101212312723646,0.5192187500000001,0,0,0.37670454545454535,0,0,1.0,5285.16,5365.16,65.15999999999985,120.9240909090909,,,,0.013756918238993675,0.0,0.0,1.0,0.0,1.0,market_maker,7.0,20280904,20280904/ng1
h04ar64h,oq7csg5x,b2edd524-e3eb-4d3a-84b2-e088b02b55d0,18c1d684-ab8f-4f26-826f-f1d12299d3cc,0,ng,6,5117.0,3800.0,10.0,20.0,50.0,1.0,5138.88,4.0,4977.0,1.0,1.0,-0.9,2,1,20.0,0.0,0.0,0,0,0,1,8.0,5.0,3.0,2.0,0.0,0.23076923076923078,0.7692307692307692,22.0,120.9240909090909,40.92409090909091,40.92409090909091,121.85,120.82,121.85,120.0,80,121.23,121.18,122.57,0.005114245648766724,0.5115511363636364,0.6394389204545454,0.005891515281858162,0.6539062499999999,0,0,0.5115511363636364,0,0,4.0,5010.879999999999,5298.879999999999,-181.1200000000008,122.731,1.136421875,0.34375,-0.34375,0.013076845093268483,0.0,0.0,1.0,0.0,1.0,market_maker,13.0,20280904,20280904/ng1
h04ar64h,oq7csg5x,b2edd524-e3eb-4d3a-84b2-e088b02b55d0,18c1d684-ab8f-4f26-826f-f1d12299d3cc,0,ng,7,5117.0,3800.0,10.0,4.0,,,5465.61,3.0,4977.0,1.0,1.0,-0.9,2,1,20.0,0.0,0.0,0,0,0,1,3.0,5.0,-2.0,3.0,0.0,0.25,0.75,10.0,122.731,50.731,50.731,122.57,121.9,125.93,121.85,72,121.85,121.23,122.99,0.005908904390644176,0.7045972222222222,0.792671875,0.0034207559012457978,0.7901562499999999,0,0,0.7045972222222221,0,0,2.0,5265.61,5393.61,-26.390000000000327,122.91777777777777,,,,0.01908804838048377,0.0,0.0,1.0,0.0,1.0,market_maker,8.0,20280904,20280904/ng1
h04ar64h,oq7csg5x,b2edd524-e3eb-4d3a-84b2-e088b02b55d0,18c1d684-ab8f-4f26-826f-f1d12299d3cc,0,ng,8,5117.0,3800.0,10.0,20.0,,,5600.61,2.0,4977.0,1.0,1.0,-0.9,2,1,20.0,0.0,0.0,0,0,0,1,0.0,1.0,-1.0,3.0,0.0,1.0,0.0,9.0,122.91777777777777,58.91777777777778,58.91777777777778,122.99,122.71,123.0,122.71,64,122.57,121.85,123.05,0.0034266133637921303,0.9205902777777778,0.9205902777777778,0.00048772558274556843,0.9217187499999999,0,0,0.9205902777777777,0,0,1.0,5408.61,5464.61,-135.39000000000033,123.33894736842106,,,,0.02013214285714287,0.0,0.0,1.0,0.0,1.0,market_maker,1.0,20280904,20280904/ng1
h04ar64h,oq7csg5x,b2edd524-e3eb-4d3a-84b2-e088b02b55d0,18c1d684-ab8f-4f26-826f-f1d12299d3cc,0,ng,9,5117.0,3800.0,10.0,0.0,50.0,1.0,5764.61,0.0,4977.0,1.0,1.0,-0.9,2,1,20.0,0.0,0.0,0,0,0,1,0.0,1.0,-1.0,2.0,0.0,1.0,0.0,19.0,123.33894736842106,67.33894736842106,67.33894736842106,123.05,122.99,124.39,122.99,56,122.99,122.57,122.6,0.0004878445402065612,1.202481203007519,1.052171052631579,-0.0036637533349539453,1.04765625,0,0,1.202481203007519,0,0,0.0,5532.61,5532.61,52.60999999999967,122.85933333333332,1.1384270833333332,0.03125,0.03125,0.04868826034063263,0.0,0.0,1.0,0.0,1.0,market_maker,1.0,20280904,20280904/ng1
h04ar64h,oq7csg5x,b2edd524-e3eb-4d3a-84b2-e088b02b55d0,18c1d684-ab8f-4f26-826f-f1d12299d3cc,0,ng,10,5117.0,3800.0,10.0,8.0,,,5149.559999999999,6.0,4977.0,1.0,1.0,-0.9,2,1,20.0,0.0,0.0,0,0,0,1,5.0,0.0,5.0,4.0,0.0,1.0,0.0,15.0,122.85933333333332,74.85933333333332,74.85933333333332,122.6,123.1,123.1,122.6,48,123.05,122.99,122.53,-0.00365704997968308,1.5595694444444443,1.1696770833333332,-0.0005711255407563343,1.165625,0,0,1.5595694444444443,0,0,5.0,4957.5599999999995,5157.5599999999995,-322.4400000000005,122.56210526315789,,,,0.05900577858880773,0.0,0.0,1.0,0.0,1.0,market_maker,5.0,20280904,20280904/ng1
h04ar64h,oq7csg5x,b2edd524-e3eb-4d3a-84b2-e088b02b55d0,18c1d684-ab8f-4f26-826f-f1d12299d3cc,0,ng,11,5117.0,3800.0,10.0,8.0,,,4829.959999999998,11.0,4977.0,1.0,1.0,-0.9,2,1,20.0,0.0,0.0,0,0,0,1,3.0,0.0,3.0,4.0,0.0,1.0,0.0,19.0,122.56210526315789,82.5621052631579,82.5621052631579,122.53,122.5,122.68,122.36,40,122.6,123.05,122.64,-0.0005709624796084167,2.0640526315789476,1.2900328947368422,0.0008973366022040352,1.28953125,0,0,2.064052631578947,0,0,8.0,4653.959999999999,4909.959999999999,-570.0400000000009,122.41399999999999,,,,0.09727189781021896,0.0,0.0,1.0,0.0,1.0,market_maker,3.0,20280904,20280904/ng1
h04ar64h,oq7csg5x,b2edd524-e3eb-4d3a-84b2-e088b02b55d0,18c1d684-ab8f-4f26-826f-f1d12299d3cc,0,ng,12,5117.0,3800.0,10.0,8.0,50.0,1.0,4918.229999999999,8.0,4977.0,1.0,1.0,-0.9,2,1,20.0,0.0,0.0,0,0,0,1,2.0,2.0,0.0,1.0,0.0,0.0,1.0,5.0,122.41399999999999,90.414,90.414,122.64,122.15,122.64,122.15,32,122.53,122.6,122.61,0.0008977393291438318,2.8254375,1.41271875,-0.0002446483192635185,1.41625,0,0,2.8254374999999996,0,0,8.0,4718.23,4910.23,-569.7700000000004,122.644,1.1350625,0.40625,0.40625,0.10365318329278185,0.0,0.0,1.0,0.0,1.0,market_maker,4.0,20280904,20280904/ng1
h04ar64h,oq7csg5x,b2edd524-e3eb-4d3a-84b2-e088b02b55d0,18c1d684-ab8f-4f26-826f-f1d12299d3cc,0,ng,13,5117.0,3800.0,10.0,8.0,,,4982.309999999999,8.0,4977.0,1.0,1.0,-0.9,2,1,20.0,0.0,0.0,0,0,0,1,1.0,1.0,0.0,2.0,0.0,0.0,1.0,5.0,122.644,98.644,98.644,122.61,122.68,122.68,122.6,24,122.64,122.53,95.0,-0.00024461839530331986,4.110166666666667,1.5413125,-0.2551316946437545,1.54078125,0,0,4.110166666666667,0,0,8.0,4782.31,4910.31,-569.6899999999996,109.38166666666666,,,,0.0999771897810219,0.0,0.0,1.0,0.0,1.0,market_maker,2.0,20280904,20280904/ng1
h04ar64h,oq7csg5x,b2edd524-e3eb-4d3a-84b2-e088b02b55d0,18c1d684-ab8f-4f26-826f-f1d12299d3cc,0,ng,14,5117.0,3800.0,10.0,8.0,,,4951.719999999998,10.0,4977.0,1.0,1.0,-0.9,2,1,20.0,0.0,0.0,0,0,0,1,3.0,2.0,1.0,1.0,0.0,0.2,0.8,12.0,109.38166666666666,93.38166666666666,93.54833333333333,95.0,122.59,122.8,15.0,16,122.61,122.64,90.0,-0.2251855476714787,5.846770833333333,1.4616927083333333,-0.054067221270275745,1.234375,0,0,5.836354166666666,0,0,9.0,4759.72,4831.72,-648.2799999999997,97.52727272727272,,,,0.12236232765612327,0.0,0.0,1.0,0.0,1.0,market_maker,5.0,20280904,20280904/ng1
h04ar64h,oq7csg5x,b2edd524-e3eb-4d3a-84b2-e088b02b55d0,18c1d684-ab8f-4f26-826f-f1d12299d3cc,0,ng,15,5117.0,3800.0,10.0,4.0,,,4928.519999999998,12.0,4977.0,1.0,1.0,-0.9,2,1,20.0,0.0,0.0,0,0,0,1,4.0,2.0,2.0,5.0,0.0,0.3333333333333333,0.6666666666666667,11.0,97.52727272727272,89.52727272727272,89.52727272727272,90.0,99.0,122.9,70.0,8,95.0,122.61,,-0.052631578947368474,11.19090909090909,1.3988636363636362,,1.28125,0,0,11.19090909090909,1,1,11.0,4700.5199999999995,4700.5199999999995,-719.4800000000005,,,,,0.15881119311193118,0.0,0.0,1.0,0.0,1.0,market_maker,6.0,20280904,20280904/ng1
h04ar64h,26cqd8wg,b2edd524-e3eb-4d3a-84b2-e088b02b55d0,712f1308-b982-4cc2-9441-1e1ad74119ed,0,ng,1,5413.0,2600.0,20.0,8.0,,,2600.0,20.0,5293.0,0.8333333333333334,8.0,-0.033333333333333326,3,0,28.0,0.0,1.0,1,0,0,1,0.0,0.0,0.0,1.0,1.0,,,6.0,120.58333333333333,0.5833333333333334,0.5833333333333334,120.75,120.0,121.0,120.0,120,,,121.07,,0.004861111111111111,0.009114583333333334,0.0026465981869661093,0.01171875,0,0,0.004861111111111071,0,0,20.0,2760.0,5000.0,0.0,121.08600000000001,,,,0.00011944444444444444,0.0,0.0,1.0,0.0,0.0,fundamental,0.0,20280904,20280904/ng1
h04ar64h,26cqd8wg,b2edd524-e3eb-4d3a-84b2-e088b02b55d0,712f1308-b982-4cc2-9441-1e1ad74119ed,0,ng,2,5413.0,2600.0,20.0,8.0,,,3002.09,18.0,5293.0,0.8333333333333334,8.0,-0.033333333333333326,3,0,28.0,0.0,1.0,1,0,0,1,0.0,2.0,-2.0,0.0,0.0,1.0,0.0,10.0,121.08600000000001,9.086000000000002,9.086000000000002,121.07,120.9,121.27,120.9,112,120.75,,121.16,0.002650103519668656,0.08112500000000002,0.14196875000000003,0.0007430954393878864,0.1417187499999999,0,0,0.08112500000000011,0,0,18.0,3146.09,5018.09,18.090000000000146,121.1962962962963,,,,0.003231888888888923,0.0,0.0,1.0,0.0,0.0,fundamental,2.0,20280904,20280904/ng1
h04ar64h,26cqd8wg,b2edd524-e3eb-4d3a-84b2-e088b02b55d0,712f1308-b982-4cc2-9441-1e1ad74119ed,0,ng,3,5413.0,2600.0,20.0,20.0,0.0,0.0,3873.19,12.0,5293.0,0.8333333333333334,8.0,-0.033333333333333326,3,0,28.0,0.0,1.0,1,0,0,1,0.0,6.0,-6.0,2.0,1.0,1.0,0.0,27.0,121.1962962962963,17.196296296296296,17.196296296296296,121.16,121.19,121.3,121.14,104,121.07,120.75,121.18,0.0007433716032048121,0.16534900284900284,0.26869212962962963,0.00016505735780647512,0.26812499999999995,0,0,0.16534900284900284,0,0,12.0,4113.1900000000005,5265.1900000000005,85.19000000000051,121.09727272727272,1.8921448863636363,1.5,-1.5,0.009972651222651232,0.0,0.0,1.0,0.0,0.0,fundamental,6.0,20280904,20280904/ng1
h04ar64h,26cqd8wg,b2edd524-e3eb-4d3a-84b2-e088b02b55d0,712f1308-b982-4cc2-9441-1e1ad74119ed,0,ng,4,5413.0,2600.0,20.0,20.0,,,4597.4,8.0,5293.0,0.8333333333333334,8.0,-0.033333333333333326,3,0,28.0,0.0,1.0,1,0,0,1,0.0,4.0,-4.0,2.0,2.0,1.0,0.0,11.0,121.09727272727272,25.097272727272728,25.097272727272728,121.18,121.13,121.18,120.9,96,121.16,121.07,121.23,0.00016507098052165325,0.2614299242424242,0.39214488636363637,0.0004125242416490593,0.3934375000000001,0,0,0.2614299242424242,0,0,8.0,4757.4,5461.4,101.39999999999964,121.14999999999999,,,,0.01627632669983416,0.0,0.0,1.0,0.0,0.0,fundamental,4.0,20280904,20280904/ng1
h04ar64h,26cqd8wg,b2edd524-e3eb-4d3a-84b2-e088b02b55d0,712f1308-b982-4cc2-9441-1e1ad74119ed,0,ng,5,5413.0,2600.0,20.0,4.0,,,4878.4,7.0,5293.0,0.8333333333333334,8.0,-0.033333333333333326,3,0,28.0,0.0,1.0,1,0,0,1,0.0,1.0,-1.0,0.0,0.0,1.0,0.0,14.0,121.14999999999999,33.15,33.15,121.23,121.18,121.23,121.0,88,121.18,121.16,121.85,0.00041260934147557826,0.37670454545454546,0.51796875,0.005101212312723646,0.5192187500000001,0,0,0.37670454545454535,0,0,7.0,4906.4,5466.4,166.39999999999964,120.9240909090909,,,,0.013756918238993675,0.0,0.0,1.0,0.0,0.0,fundamental,1.0,20280904,20280904/ng1
h04ar64h,26cqd8wg,b2edd524-e3eb-4d3a-84b2-e088b02b55d0,712f1308-b982-4cc2-9441-1e1ad74119ed,0,ng,6,5413.0,2600.0,20.0,20.0,115.0,3.0,5630.0199999999995,1.0,5293.0,0.8333333333333334,8.0,-0.033333333333333326,3,0,28.0,0.0,1.0,1,0,0,1,0.0,6.0,-6.0,1.0,1.0,1.0,0.0,22.0,120.9240909090909,40.92409090909091,40.92409090909091,121.85,120.82,121.85,120.0,80,121.23,121.18,122.57,0.005114245648766724,0.5115511363636364,0.6394389204545454,0.005891515281858162,0.6539062499999999,0,0,0.5115511363636364,0,0,1.0,5650.02,5722.02,242.02000000000044,122.731,0.12079687499999991,0.671875,0.671875,0.013076845093268483,0.0,0.0,1.0,0.0,0.0,fundamental,6.0,20280904,20280904/ng1
h04ar64h,26cqd8wg,b2edd524-e3eb-4d3a-84b2-e088b02b55d0,712f1308-b982-4cc2-9441-1e1ad74119ed,0,ng,7,5413.0,2600.0,20.0,4.0,,,5771.87,0.0,5293.0,0.8333333333333334,8.0,-0.033333333333333326,3,0,28.0,0.0,1.0,1,0,0,1,0.0,1.0,-1.0,1.0,1.0,1.0,0.0,10.0,122.731,50.731,50.731,122.57,121.9,125.93,121.85,72,121.85,121.23,122.99,0.005908904390644176,0.7045972222222222,0.792671875,0.0034207559012457978,0.7901562499999999,0,0,0.7045972222222221,0,0,0.0,5771.87,5771.87,351.8699999999999,122.91777777777777,,,,0.01908804838048377,0.0,0.0,1.0,0.0,0.0,fundamental,1.0,20280904,20280904/ng1
h04ar64h,26cqd8wg,b2edd524-e3eb-4d3a-84b2-e088b02b55d0,712f1308-b982-4cc2-9441-1e1ad74119ed,0,ng,8,5413.0,2600.0,20.0,20.0,,,5771.87,0.0,5293.0,0.8333333333333334,8.0,-0.033333333333333326,3,0,28.0,0.0,1.0,1,0,0,1,0.0,0.0,0.0,0.0,0.0,,,9.0,122.91777777777777,58.91777777777778,58.91777777777778,122.99,122.71,123.0,122.71,64,122.57,121.85,123.05,0.0034266133637921303,0.9205902777777778,0.9205902777777778,0.00048772558274556843,0.9217187499999999,0,0,0.9205902777777777,0,0,0.0,5771.87,5771.87,171.8699999999999,123.33894736842106,,,,0.02013214285714287,0.0,0.0,1.0,0.0,0.0,fundamental,0.0,20280904,20280904/ng1
h04ar64h,26cqd8wg,b2edd524-e3eb-4d3a-84b2-e088b02b55d0,712f1308-b982-4cc2-9441-1e1ad74119ed,0,ng,9,5413.0,2600.0,20.0,0.0,115.0,4.0,5771.87,0.0,5293.0,0.8333333333333334,8.0,-0.033333333333333326,3,0,28.0,0.0,1.0,1,0,0,1,0.0,0.0,0.0,0.0,0.0,,,19.0,123.33894736842106,67.33894736842106,67.33894736842106,123.05,122.99,124.39,122.99,56,122.99,122.57,122.6,0.0004878445402065612,1.202481203007519,1.052171052631579,-0.0036637533349539453,1.04765625,0,0,1.202481203007519,0,0,0.0,5771.87,5771.87,291.8699999999999,122.85933333333332,0.1228020833333332,1.046875,1.046875,0.04868826034063263,0.0,0.0,1.0,0.0,0.0,fundamental,0.0,20280904,20280904/ng1
h04ar64h,26cqd8wg,b2edd524-e3eb-4d3a-84b2-e088b02b55d0,712f1308-b982-4cc2-9441-1e1ad74119ed,0,ng,10,5413.0,2600.0,20.0,8.0,,,5771.87,0.0,5293.0,0.8333333333333334,8.0,-0.033333333333333326,3,0,28.0,0.0,1.0,1,0,0,1,0.0,0.0,0.0,0.0,0.0,,,15.0,122.85933333333332,74.85933333333332,74.85933333333332,122.6,123.1,123.1,122.6,48,123.05,122.99,122.53,-0.00365704997968308,1.5595694444444443,1.1696770833333332,-0.0005711255407563343,1.165625,0,0,1.5595694444444443,0,0,0.0,5771.87,5771.87,291.8699999999999,122.56210526315789,,,,0.05900577858880773,0.0,0.0,1.0,0.0,0.0,fundamental,0.0,20280904,20280904/ng1
h04ar64h,26cqd8wg,b2edd524-e3eb-4d3a-84b2-e088b02b55d0,712f1308-b982-4cc2-9441-1e1ad74119ed,0,ng,11,5413.0,2600.0,20.0,8.0,,,5771.87,0.0,5293.0,0.8333333333333334,8.0,-0.033333333333333326,3,0,28.0,0.0,1.0,1,0,0,1,0.0,0.0,0.0,0.0,0.0,,,19.0,122.56210526315789,82.5621052631579,82.5621052631579,122.53,122.5,122.68,122.36,40,122.6,123.05,122.64,-0.0005709624796084167,2.0640526315789476,1.2900328947368422,0.0008973366022040352,1.28953125,0,0,2.064052631578947,0,0,0.0,5771.87,5771.87,291.8699999999999,122.41399999999999,,,,0.09727189781021896,0.0,0.0,1.0,0.0,0.0,fundamental,0.0,20280904,20280904/ng1
h04ar64h,26cqd8wg,b2edd524-e3eb-4d3a-84b2-e088b02b55d0,712f1308-b982-4cc2-9441-1e1ad74119ed,0,ng,12,5413.0,2600.0,20.0,8.0,115.0,4.0,5771.87,0.0,5293.0,0.8333333333333334,8.0,-0.033333333333333326,3,0,28.0,0.0,1.0,1,0,0,1,0.0,0.0,0.0,1.0,1.0,,,5.0,122.41399999999999,90.414,90.414,122.64,122.15,122.64,122.15,32,122.53,122.6,122.61,0.0008977393291438318,2.8254375,1.41271875,-0.0002446483192635185,1.41625,0,0,2.8254374999999996,0,0,0.0,5771.87,5771.87,291.8699999999999,122.644,0.11943750000000009,1.421875,1.421875,0.10365318329278185,0.0,0.0,1.0,0.0,0.0,fundamental,0.0,20280904,20280904/ng1
h04ar64h,26cqd8wg,b2edd524-e3eb-4d3a-84b2-e088b02b55d0,712f1308-b982-4cc2-9441-1e1ad74119ed,0,ng,13,5413.0,2600.0,20.0,8.0,,,5771.87,0.0,5293.0,0.8333333333333334,8.0,-0.033333333333333326,3,0,28.0,0.0,1.0,1,0,0,1,0.0,0.0,0.0,1.0,1.0,,,5.0,122.644,98.644,98.644,122.61,122.68,122.68,122.6,24,122.64,122.53,95.0,-0.00024461839530331986,4.110166666666667,1.5413125,-0.2551316946437545,1.54078125,0,0,4.110166666666667,0,0,0.0,5771.87,5771.87,291.8699999999999,109.38166666666666,,,,0.0999771897810219,0.0,0.0,1.0,0.0,0.0,fundamental,0.0,20280904,20280904/ng1
h04ar64h,26cqd8wg,b2edd524-e3eb-4d3a-84b2-e088b02b55d0,712f1308-b982-4cc2-9441-1e1ad74119ed,0,ng,14,5413.0,2600.0,20.0,8.0,,,5756.87,1.0,5293.0,0.8333333333333334,8.0,-0.033333333333333326,3,0,28.0,0.0,1.0,1,0,0,1,1.0,0.0,1.0,2.0,1.0,1.0,0.0,12.0,109.38166666666666,93.38166666666666,93.54833333333333,95.0,122.59,122.8,15.0,16,122.61,122.64,90.0,-0.2251855476714787,5.846770833333333,1.4616927083333333,-0.054067221270275745,1.234375,0,0,5.836354166666666,0,0,1.0,5764.87,5772.87,292.8699999999999,97.52727272727272,,,,0.12236232765612327,0.0,0.0,1.0,0.0,0.0,fundamental,1.0,20280904,20280904/ng1
h04ar64h,26cqd8wg,b2edd524-e3eb-4d3a-84b2-e088b02b55d0,712f1308-b982-4cc2-9441-1e1ad74119ed,0,ng,15,5413.0,2600.0,20.0,4.0,,,5854.87,0.0,5293.0,0.8333333333333334,8.0,-0.033333333333333326,3,0,28.0,0.0,1.0,1,0,0,1,0.0,1.0,-1.0,1.0,0.0,1.0,0.0,11.0,97.52727272727272,89.52727272727272,89.52727272727272,90.0,99.0,122.9,70.0,8,95.0,122.61,,-0.052631578947368474,11.19090909090909,1.3988636363636362,,1.28125,0,0,11.19090909090909,1,1,0.0,5854.87,5854.87,434.8699999999999,,,,,0.15881119311193118,0.0,0.0,1.0,0.0,0.0,fundamental,1.0,20280904,20280904/ng1
h04ar64h,xzwecx41,b2edd524-e3eb-4d3a-84b2-e088b02b55d0,77e6c0a4-43ce-4f41-9c55-168621e4ad9a,0,ng,1,4458.0,3800.0,10.0,8.0,,,3800.0,10.0,4328.0,0.4166666666666667,4.0,-0.016666666666666663,3,0,24.0,0.0,1.0,0,0,0,1,0.0,0.0,0.0,1.0,1.0,,,6.0,120.58333333333333,0.5833333333333334,0.5833333333333334,120.75,120.0,121.0,120.0,120,,,121.07,,0.004861111111111111,0.009114583333333334,0.0026465981869661093,0.01171875,0,0,0.004861111111111071,0,0,10.0,3880.0,5000.0,0.0,121.08600000000001,,,,0.00011944444444444444,0.5,0.5,0.0,0.0,1.0,market_maker,0.0,20280904,20280904/ng1
h04ar64h,xzwecx41,b2edd524-e3eb-4d3a-84b2-e088b02b55d0,77e6c0a4-43ce-4f41-9c55-168621e4ad9a,0,ng,2,4458.0,3800.0,10.0,8.0,,,4000.620000000001,13.0,4328.0,0.4166666666666667,4.0,-0.016666666666666663,3,0,24.0,0.0,1.0,0,0,0,1,2.0,3.0,-1.0,6.0,4.0,0.2,0.8,10.0,121.08600000000001,9.086000000000002,9.086000000000002,121.07,120.9,121.27,120.9,112,120.75,,121.16,0.002650103519668656,0.08112500000000002,0.14196875000000003,0.0007430954393878864,0.1417187499999999,0,0,0.08112500000000011,0,0,9.0,4072.6200000000003,5008.620000000001,8.6200000000008,121.1962962962963,,,,0.003231888888888923,0.5,0.5,0.0,0.0,1.0,market_maker,5.0,20280904,20280904/ng1
h04ar64h,xzwecx41,b2edd524-e3eb-4d3a-84b2-e088b02b55d0,77e6c0a4-43ce-4f41-9c55-168621e4ad9a,0,ng,3,4458.0,3800.0,10.0,20.0,0.0,0.0,2528.9400000000014,30.0,4328.0,0.4166666666666667,4.0,-0.016666666666666663,3,0,24.0,0.0,1.0,0,0,0,1,16.0,3.0,13.0,24.0,5.0,0.6842105263157895,0.3157894736842105,27.0,121.1962962962963,17.196296296296296,17.196296296296296,121.16,121.19,121.3,121.14,104,121.07,120.75,121.18,0.0007433716032048121,0.16534900284900284,0.26869212962962963,0.00016505735780647512,0.26812499999999995,0,0,0.16534900284900284,0,0,22.0,2936.9399999999996,5048.94,-131.0600000000004,121.09727272727272,1.8921448863636363,1.5,-1.5,0.009972651222651232,0.5,0.5,0.0,0.0,1.0,market_maker,19.0,20280904,20280904/ng1
h04ar64h,xzwecx41,b2edd524-e3eb-4d3a-84b2-e088b02b55d0,77e6c0a4-43ce-4f41-9c55-168621e4ad9a,0,ng,4,4458.0,3800.0,10.0,20.0,,,2886.660000000001,24.0,4328.0,0.4166666666666667,4.0,-0.016666666666666663,3,0,24.0,0.0,1.0,0,0,0,1,2.0,0.0,2.0,7.0,4.0,1.0,0.0,11.0,121.09727272727272,25.097272727272728,25.097272727272728,121.18,121.13,121.18,120.9,96,121.16,121.07,121.23,0.00016507098052165325,0.2614299242424242,0.39214488636363637,0.0004125242416490593,0.3934375000000001,0,0,0.2614299242424242,0,0,24.0,3174.66,5286.66,-73.34000000000015,121.14999999999999,,,,0.01627632669983416,0.5,0.5,0.0,0.0,1.0,market_maker,2.0,20280904,20280904/ng1
h04ar64h,xzwecx41,b2edd524-e3eb-4d3a-84b2-e088b02b55d0,77e6c0a4-43ce-4f41-9c55-168621e4ad9a,0,ng,5,4458.0,3800.0,10.0,4.0,,,3124.7700000000013,26.0,4328.0,0.4166666666666667,4.0,-0.016666666666666663,3,0,24.0,0.0,1.0,0,0,0,1,4.0,2.0,2.0,4.0,3.0,0.3333333333333333,0.6666666666666667,14.0,121.14999999999999,33.15,33.15,121.23,121.18,121.23,121.0,88,121.18,121.16,121.85,0.00041260934147557826,0.37670454545454546,0.51796875,0.005101212312723646,0.5192187500000001,0,0,0.37670454545454535,0,0,26.0,3036.77,5116.77,-183.22999999999956,120.9240909090909,,,,0.013756918238993675,0.5,0.5,0.0,0.0,1.0,market_maker,6.0,20280904,20280904/ng1
h04ar64h,xzwecx41,b2edd524-e3eb-4d3a-84b2-e088b02b55d0,77e6c0a4-43ce-4f41-9c55-168621e4ad9a,0,ng,6,4458.0,3800.0,10.0,20.0,120.0,3.0,3104.6000000000013,27.0,4328.0,0.4166666666666667,4.0,-0.016666666666666663,3,0,24.0,0.0,1.0,0,0,0,1,6.0,5.0,1.0,9.0,4.0,0.09090909090909091,0.9090909090909091,22.0,120.9240909090909,40.92409090909091,40.92409090909091,121.85,120.82,121.85,120.0,80,121.23,121.18,122.57,0.005114245648766724,0.5115511363636364,0.6394389204545454,0.005891515281858162,0.6539062499999999,0,0,0.5115511363636364,0,0,27.0,3452.6000000000004,5396.6,-83.39999999999964,122.731,0.042671874999999915,0.75,0.75,0.013076845093268483,0.5,0.5,0.0,0.0,1.0,market_maker,11.0,20280904,20280904/ng1
h04ar64h,xzwecx41,b2edd524-e3eb-4d3a-84b2-e088b02b55d0,77e6c0a4-43ce-4f41-9c55-168621e4ad9a,0,ng,7,4458.0,3800.0,10.0,4.0,,,3395.9500000000016,33.0,4328.0,0.4166666666666667,4.0,-0.016666666666666663,3,0,24.0,0.0,1.0,0,0,0,1,5.0,3.0,2.0,15.0,7.0,0.25,0.75,10.0,122.731,50.731,50.731,122.57,121.9,125.93,121.85,72,121.85,121.23,122.99,0.005908904390644176,0.7045972222222222,0.792671875,0.0034207559012457978,0.7901562499999999,0,0,0.7045972222222221,0,0,29.0,3319.9500000000007,5175.950000000001,-244.04999999999927,122.91777777777777,,,,0.01908804838048377,0.5,0.5,0.0,0.0,1.0,market_maker,8.0,20280904,20280904/ng1
h04ar64h,xzwecx41,b2edd524-e3eb-4d3a-84b2-e088b02b55d0,77e6c0a4-43ce-4f41-9c55-168621e4ad9a,0,ng,8,4458.0,3800.0,10.0,20.0,,,4019.880000000001,30.0,4328.0,0.4166666666666667,4.0,-0.016666666666666663,3,0,24.0,0.0,1.0,0,0,0,1,1.0,5.0,-4.0,11.0,2.0,0.6666666666666666,0.33333333333333337,9.0,122.91777777777777,58.91777777777778,58.91777777777778,122.99,122.71,123.0,122.71,64,122.57,121.85,123.05,0.0034266133637921303,0.9205902777777778,0.9205902777777778,0.00048772558274556843,0.9217187499999999,0,0,0.9205902777777777,0,0,25.0,4311.88,5711.88,111.88000000000011,123.33894736842106,,,,0.02013214285714287,0.5,0.5,0.0,0.0,1.0,market_maker,6.0,20280904,20280904/ng1
h04ar64h,xzwecx41,b2edd524-e3eb-4d3a-84b2-e088b02b55d0,77e6c0a4-43ce-4f41-9c55-168621e4ad9a,0,ng,9,4458.0,3800.0,10.0,0.0,125.0,4.0,4375.150000000001,28.0,4328.0,0.4166666666666667,4.0,-0.016666666666666663,3,0,24.0,0.0,1.0,0,0,0,1,8.0,6.0,2.0,9.0,4.0,0.14285714285714285,0.8571428571428572,19.0,123.33894736842106,67.33894736842106,67.33894736842106,123.05,122.99,124.39,122.99,56,122.99,122.57,122.6,0.0004878445402065612,1.202481203007519,1.052171052631579,-0.0036637533349539453,1.04765625,0,0,1.202481203007519,0,0,27.0,4067.1500000000005,5363.150000000001,-116.84999999999945,122.85933333333332,0.0334479166666668,1.203125,1.203125,0.04868826034063263,0.5,0.5,0.0,0.0,1.0,market_maker,14.0,20280904,20280904/ng1
h04ar64h,xzwecx41,b2edd524-e3eb-4d3a-84b2-e088b02b55d0,77e6c0a4-43ce-4f41-9c55-168621e4ad9a,0,ng,10,4458.0,3800.0,10.0,8.0,,,3761.6300000000015,38.0,4328.0,0.4166666666666667,4.0,-0.016666666666666663,3,0,24.0,0.0,1.0,0,0,0,1,7.0,2.0,5.0,11.0,7.0,0.5555555555555556,0.4444444444444444,15.0,122.85933333333332,74.85933333333332,74.85933333333332,122.6,123.1,123.1,122.6,48,123.05,122.99,122.53,-0.00365704997968308,1.5595694444444443,1.1696770833333332,-0.0005711255407563343,1.165625,0,0,1.5595694444444443,0,0,32.0,3709.63,4989.63,-490.3699999999999,122.56210526315789,,,,0.05900577858880773,0.5,0.5,0.0,0.0,1.0,market_maker,9.0,20280904,20280904/ng1
h04ar64h,xzwecx41,b2edd524-e3eb-4d3a-84b2-e088b02b55d0,77e6c0a4-43ce-4f41-9c55-168621e4ad9a,0,ng,11,4458.0,3800.0,10.0,8.0,,,3942.5200000000023,33.0,4328.0,0.4166666666666667,4.0,-0.016666666666666663,3,0,24.0,0.0,1.0,0,0,0,1,7.0,6.0,1.0,12.0,6.0,0.07692307692307693,0.9230769230769231,19.0,122.56210526315789,82.5621052631579,82.5621052631579,122.53,122.5,122.68,122.36,40,122.6,123.05,122.64,-0.0005709624796084167,2.0640526315789476,1.2900328947368422,0.0008973366022040352,1.28953125,0,0,2.064052631578947,0,0,33.0,3850.5200000000004,4906.52,-573.4799999999996,122.41399999999999,,,,0.09727189781021896,0.5,0.5,0.0,0.0,1.0,market_maker,13.0,20280904,20280904/ng1
h04ar64h,xzwecx41,b2edd524-e3eb-4d3a-84b2-e088b02b55d0,77e6c0a4-43ce-4f41-9c55-168621e4ad9a,0,ng,12,4458.0,3800.0,10.0,8.0,122.0,4.0,4328.330000000002,32.0,4328.0,0.4166666666666667,4.0,-0.016666666666666663,3,0,24.0,0.0,1.0,0,0,0,1,1.0,2.0,-1.0,4.0,2.0,0.3333333333333333,0.6666666666666667,5.0,122.41399999999999,90.414,90.414,122.64,122.15,122.64,122.15,32,122.53,122.6,122.61,0.0008977393291438318,2.8254375,1.41271875,-0.0002446483192635185,1.41625,0,0,2.8254374999999996,0,0,32.0,4228.330000000001,4996.330000000001,-483.66999999999916,122.644,0.010062500000000085,1.53125,1.53125,0.10365318329278185,0.5,0.5,0.0,0.0,1.0,market_maker,3.0,20280904,20280904/ng1
h04ar64h,xzwecx41,b2edd524-e3eb-4d3a-84b2-e088b02b55d0,77e6c0a4-43ce-4f41-9c55-168621e4ad9a,0,ng,13,4458.0,3800.0,10.0,8.0,,,5074.870000000002,28.0,4328.0,0.4166666666666667,4.0,-0.016666666666666663,3,0,24.0,0.0,1.0,0,0,0,1,0.0,4.0,-4.0,6.0,3.0,1.0,0.0,5.0,122.644,98.644,98.644,122.61,122.68,122.68,122.6,24,122.64,122.53,95.0,-0.00024461839530331986,4.110166666666667,1.5413125,-0.2551316946437545,1.54078125,0,0,4.110166666666667,0,0,28.0,4942.87,5390.87,-89.13000000000011,109.38166666666666,,,,0.0999771897810219,0.5,0.5,0.0,0.0,1.0,market_maker,4.0,20280904,20280904/ng1
h04ar64h,xzwecx41,b2edd524-e3eb-4d3a-84b2-e088b02b55d0,77e6c0a4-43ce-4f41-9c55-168621e4ad9a,0,ng,14,4458.0,3800.0,10.0,8.0,,,4356.380000000001,35.0,4328.0,0.4166666666666667,4.0,-0.016666666666666663,3,0,24.0,0.0,1.0,0,0,0,1,8.0,1.0,7.0,0.0,0.0,0.7777777777777778,0.2222222222222222,12.0,109.38166666666666,93.38166666666666,93.54833333333333,95.0,122.59,122.8,15.0,16,122.61,122.64,90.0,-0.2251855476714787,5.846770833333333,1.4616927083333333,-0.054067221270275745,1.234375,0,0,5.836354166666666,0,0,35.0,4280.38,4560.38,-919.6199999999999,97.52727272727272,,,,0.12236232765612327,0.5,0.5,0.0,0.0,1.0,market_maker,9.0,20280904,20280904/ng1
h04ar64h,xzwecx41,b2edd524-e3eb-4d3a-84b2-e088b02b55d0,77e6c0a4-43ce-4f41-9c55-168621e4ad9a,0,ng,15,4458.0,3800.0,10.0,4.0,,,4163.580000000002,41.0,4328.0,0.4166666666666667,4.0,-0.016666666666666663,3,0,24.0,0.0,1.0,0,0,0,1,5.0,1.0,4.0,2.0,0.0,0.6666666666666666,0.33333333333333337,11.0,97.52727272727272,89.52727272727272,89.52727272727272,90.0,99.0,122.9,70.0,8,95.0,122.61,,-0.052631578947368474,11.19090909090909,1.3988636363636362,,1.28125,0,0,11.19090909090909,1,1,39.0,3963.58,3963.58,-1456.42,,,,,0.15881119311193118,0.5,0.5,0.0,0.0,1.0,market_maker,6.0,20280904,20280904/ng1
h04ar64h,312jd80s,b2edd524-e3eb-4d3a-84b2-e088b02b55d0,932a6572-72b9-4200-a6a5-155e31bcf7ac,0,ng,1,8987.0,2600.0,20.0,8.0,,,2479.25,21.0,8797.0,0.9166666666666666,4.0,-0.5166666666666666,3,1,24.0,0.0,0.0,1,0,0,1,1.0,0.0,1.0,3.0,2.0,1.0,0.0,6.0,120.58333333333333,0.5833333333333334,0.5833333333333334,120.75,120.0,121.0,120.0,120,,,121.07,,0.004861111111111111,0.009114583333333334,0.0026465981869661093,0.01171875,0,0,0.004861111111111071,0,0,21.0,2647.25,4999.25,-0.75,121.08600000000001,,,,0.00011944444444444444,0.0,1.0,0.0,0.0,0.0,speculator,1.0,20280904,20280904/ng1
h04ar64h,312jd80s,b2edd524-e3eb-4d3a-84b2-e088b02b55d0,932a6572-72b9-4200-a6a5-155e31bcf7ac,0,ng,2,8987.0,2600.0,20.0,8.0,,,1799.56,28.0,8797.0,0.9166666666666666,4.0,-0.5166666666666666,3,1,24.0,0.0,0.0,1,0,0,1,7.0,0.0,7.0,1.0,0.0,1.0,0.0,10.0,121.08600000000001,9.086000000000002,9.086000000000002,121.07,120.9,121.27,120.9,112,120.75,,121.16,0.002650103519668656,0.08112500000000002,0.14196875000000003,0.0007430954393878864,0.1417187499999999,0,0,0.08112500000000011,0,0,28.0,2023.56,4935.5599999999995,-64.44000000000051,121.1962962962963,,,,0.003231888888888923,0.0,1.0,0.0,0.0,0.0,speculator,7.0,20280904,20280904/ng1
h04ar64h,312jd80s,b2edd524-e3eb-4d3a-84b2-e088b02b55d0,932a6572-72b9-4200-a6a5-155e31bcf7ac,0,ng,3,8987.0,2600.0,20.0,20.0,120.0,5.0,2023.56,29.0,8797.0,0.9166666666666666,4.0,-0.5166666666666666,3,1,24.0,0.0,0.0,1,0,0,1,0.0,0.0,0.0,2.0,2.0,,,27.0,121.1962962962963,17.196296296296296,17.196296296296296,121.16,121.19,121.3,121.14,104,121.07,120.75,121.18,0.0007433716032048121,0.16534900284900284,0.26869212962962963,0.00016505735780647512,0.26812499999999995,0,0,0.16534900284900284,0,0,28.0,2583.56,5271.5599999999995,91.55999999999949,121.09727272727272,0.017144886363636314,0.375,0.375,0.009972651222651232,0.0,1.0,0.0,0.0,0.0,speculator,0.0,20280904,20280904/ng1
h04ar64h,312jd80s,b2edd524-e3eb-4d3a-84b2-e088b02b55d0,932a6572-72b9-4200-a6a5-155e31bcf7ac,0,ng,4,8987.0,2600.0,20.0,20.0,,,2724.63,27.0,8797.0,0.9166666666666666,4.0,-0.5166666666666666,3,1,24.0,0.0,0.0,1,0,0,1,0.0,1.0,-1.0,2.0,0.0,1.0,0.0,11.0,121.09727272727272,25.097272727272728,25.097272727272728,121.18,121.13,121.18,120.9,96,121.16,121.07,121.23,0.00016507098052165325,0.2614299242424242,0.39214488636363637,0.0004125242416490593,0.3934375000000001,0,0,0.2614299242424242,0,0,27.0,3244.63,5620.63,260.6300000000001,121.14999999999999,,,,0.01627632669983416,0.0,1.0,0.0,0.0,0.0,speculator,1.0,20280904,20280904/ng1
h04ar64h,312jd80s,b2edd524-e3eb-4d3a-84b2-e088b02b55d0,932a6572-72b9-4200-a6a5-155e31bcf7ac,0,ng,5,8987.0,2600.0,20.0,4.0,,,2174.0900000000006,36.0,8797.0,0.9166666666666666,4.0,-0.5166666666666666,3,1,24.0,0.0,0.0,1,0,0,1,9.0,0.0,9.0,1.0,0.0,1.0,0.0,14.0,121.14999999999999,33.15,33.15,121.23,121.18,121.23,121.0,88,121.18,121.16,121.85,0.00041260934147557826,0.37670454545454546,0.51796875,0.005101212312723646,0.5192187500000001,0,0,0.37670454545454535,0,0,36.0,2298.09,5178.09,-121.90999999999985,120.9240909090909,,,,0.013756918238993675,0.0,1.0,0.0,0.0,0.0,speculator,9.0,20280904,20280904/ng1
h04ar64h,312jd80s,b2edd524-e3eb-4d3a-84b2-e088b02b55d0,932a6572-72b9-4200-a6a5-155e31bcf7ac,0,ng,6,8987.0,2600.0,20.0,20.0,121.0,5.0,1953.4300000000003,39.0,8797.0,0.9166666666666666,4.0,-0.5166666666666666,3,1,24.0,0.0,0.0,1,0,0,1,3.0,0.0,3.0,0.0,0.0,1.0,0.0,22.0,120.9240909090909,40.92409090909091,40.92409090909091,121.85,120.82,121.85,120.0,80,121.23,121.18,122.57,0.005114245648766724,0.5115511363636364,0.6394389204545454,0.005891515281858162,0.6539062499999999,0,0,0.5115511363636364,0,0,39.0,2713.4300000000003,5521.43,41.43000000000029,122.731,0.027046874999999915,0.765625,0.765625,0.013076845093268483,0.0,1.0,0.0,0.0,0.0,speculator,3.0,20280904,20280904/ng1
h04ar64h,312jd80s,b2edd524-e3eb-4d3a-84b2-e088b02b55d0,932a6572-72b9-4200-a6a5-155e31bcf7ac,0,ng,7,8987.0,2600.0,20.0,4.0,,,2489.63,41.0,8797.0,0.9166666666666666,4.0,-0.5166666666666666,3,1,24.0,0.0,0.0,1,0,0,1,2.0,0.0,2.0,1.0,1.0,1.0,0.0,10.0,122.731,50.731,50.731,122.57,121.9,125.93,121.85,72,121.85,121.23,122.99,0.005908904390644176,0.7045972222222222,0.792671875,0.0034207559012457978,0.7901562499999999,0,0,0.7045972222222221,0,0,41.0,2633.63,5257.63,-162.3699999999999,122.91777777777777,,,,0.01908804838048377,0.0,1.0,0.0,0.0,0.0,speculator,2.0,20280904,20280904/ng1
h04ar64h,312jd80s,b2edd524-e3eb-4d3a-84b2-e088b02b55d0,932a6572-72b9-4200-a6a5-155e31bcf7ac,0,ng,8,8987.0,2600.0,20.0,20.0,,,3022.25,40.0,8797.0,0.9166666666666666,4.0,-0.5166666666666666,3,1,24.0,0.0,0.0,1,0,0,1,0.0,3.0,-3.0,3.0,0.0,1.0,0.0,9.0,122.91777777777777,58.91777777777778,58.91777777777778,122.99,122.71,123.0,122.71,64,122.57,121.85,123.05,0.0034266133637921303,0.9205902777777778,0.9205902777777778,0.00048772558274556843,0.9217187499999999,0,0,0.9205902777777777,0,0,38.0,3762.25,5890.25,290.25,123.33894736842106,,,,0.02013214285714287,0.0,1.0,0.0,0.0,0.0,speculator,3.0,20280904,20280904/ng1
h04ar64h,312jd80s,b2edd524-e3eb-4d3a-84b2-e088b02b55d0,932a6572-72b9-4200-a6a5-155e31bcf7ac,0,ng,9,8987.0,2600.0,20.0,0.0,122.0,5.0,4930.27,30.0,8797.0,0.9166666666666666,4.0,-0.5166666666666666,3,1,24.0,0.0,0.0,1,0,0,1,0.0,9.0,-9.0,4.0,1.0,1.0,0.0,19.0,123.33894736842106,67.33894736842106,67.33894736842106,123.05,122.99,124.39,122.99,56,122.99,122.57,122.6,0.0004878445402065612,1.202481203007519,1.052171052631579,-0.0036637533349539453,1.04765625,0,0,1.202481203007519,0,0,29.0,4870.27,6262.27,782.2700000000004,122.85933333333332,0.0134270833333332,1.15625,1.15625,0.04868826034063263,0.0,1.0,0.0,0.0,0.0,speculator,9.0,20280904,20280904/ng1
h04ar64h,312jd80s,b2edd524-e3eb-4d3a-84b2-e088b02b55d0,932a6572-72b9-4200-a6a5-155e31bcf7ac,0,ng,10,8987.0,2600.0,20.0,8.0,,,5912.950000000001,22.0,8797.0,0.9166666666666666,4.0,-0.5166666666666666,3,1,24.0,0.0,0.0,1,0,0,1,0.0,8.0,-8.0,6.0,4.0,1.0,0.0,15.0,122.85933333333332,74.85933333333332,74.85933333333332,122.6,123.1,123.1,122.6,48,123.05,122.99,122.53,-0.00365704997968308,1.5595694444444443,1.1696770833333332,-0.0005711255407563343,1.165625,0,0,1.5595694444444443,0,0,21.0,6020.949999999999,6860.949999999999,1380.949999999999,122.56210526315789,,,,0.05900577858880773,0.0,1.0,0.0,0.0,0.0,speculator,8.0,20280904,20280904/ng1
h04ar64h,312jd80s,b2edd524-e3eb-4d3a-84b2-e088b02b55d0,932a6572-72b9-4200-a6a5-155e31bcf7ac,0,ng,11,8987.0,2600.0,20.0,8.0,,,7069.660000000002,14.0,8797.0,0.9166666666666666,4.0,-0.5166666666666666,3,1,24.0,0.0,0.0,1,0,0,1,0.0,8.0,-8.0,3.0,1.0,1.0,0.0,19.0,122.56210526315789,82.5621052631579,82.5621052631579,122.53,122.5,122.68,122.36,40,122.6,123.05,122.64,-0.0005709624796084167,2.0640526315789476,1.2900328947368422,0.0008973366022040352,1.28953125,0,0,2.064052631578947,0,0,13.0,7105.66,7521.66,2041.6599999999999,122.41399999999999,,,,0.09727189781021896,0.0,1.0,0.0,0.0,0.0,speculator,8.0,20280904,20280904/ng1
h04ar64h,312jd80s,b2edd524-e3eb-4d3a-84b2-e088b02b55d0,932a6572-72b9-4200-a6a5-155e31bcf7ac,0,ng,12,8987.0,2600.0,20.0,8.0,122.0,5.0,7304.260000000002,12.0,8797.0,0.9166666666666666,4.0,-0.5166666666666666,3,1,24.0,0.0,0.0,1,0,0,1,0.0,1.0,-1.0,2.0,2.0,1.0,0.0,5.0,122.41399999999999,90.414,90.414,122.64,122.15,122.64,122.15,32,122.53,122.6,122.61,0.0008977393291438318,2.8254375,1.41271875,-0.0002446483192635185,1.41625,0,0,2.8254374999999996,0,0,12.0,7324.26,7612.26,2132.26,122.644,0.010062500000000085,1.53125,1.53125,0.10365318329278185,0.0,1.0,0.0,0.0,0.0,speculator,1.0,20280904,20280904/ng1
h04ar64h,312jd80s,b2edd524-e3eb-4d3a-84b2-e088b02b55d0,932a6572-72b9-4200-a6a5-155e31bcf7ac,0,ng,13,8987.0,2600.0,20.0,8.0,,,7277.650000000002,13.0,8797.0,0.9166666666666666,4.0,-0.5166666666666666,3,1,24.0,0.0,0.0,1,0,0,1,1.0,0.0,1.0,4.0,3.0,1.0,0.0,5.0,122.644,98.644,98.644,122.61,122.68,122.68,122.6,24,122.64,122.53,95.0,-0.00024461839530331986,4.110166666666667,1.5413125,-0.2551316946437545,1.54078125,0,0,4.110166666666667,0,0,13.0,7305.65,7513.65,2033.6499999999996,109.38166666666666,,,,0.0999771897810219,0.0,1.0,0.0,0.0,0.0,speculator,1.0,20280904,20280904/ng1
h04ar64h,312jd80s,b2edd524-e3eb-4d3a-84b2-e088b02b55d0,932a6572-72b9-4200-a6a5-155e31bcf7ac,0,ng,14,8987.0,2600.0,20.0,8.0,,,8066.340000000003,8.0,8797.0,0.9166666666666666,4.0,-0.5166666666666666,3,1,24.0,0.0,0.0,1,0,0,1,0.0,6.0,-6.0,5.0,0.0,1.0,0.0,12.0,109.38166666666666,93.38166666666666,93.54833333333333,95.0,122.59,122.8,15.0,16,122.61,122.64,90.0,-0.2251855476714787,5.846770833333333,1.4616927083333333,-0.054067221270275745,1.234375,0,0,5.836354166666666,0,0,7.0,8046.34,8102.34,2622.34,97.52727272727272,,,,0.12236232765612327,0.0,1.0,0.0,0.0,0.0,speculator,6.0,20280904,20280904/ng1
h04ar64h,312jd80s,b2edd524-e3eb-4d3a-84b2-e088b02b55d0,932a6572-72b9-4200-a6a5-155e31bcf7ac,0,ng,15,8987.0,2600.0,20.0,4.0,,,8797.340000000004,0.0,8797.0,0.9166666666666666,4.0,-0.5166666666666666,3,1,24.0,0.0,0.0,1,0,0,1,0.0,7.0,-7.0,6.0,1.0,1.0,0.0,11.0,97.52727272727272,89.52727272727272,89.52727272727272,90.0,99.0,122.9,70.0,8,95.0,122.61,,-0.052631578947368474,11.19090909090909,1.3988636363636362,,1.28125,0,0,11.19090909090909,1,1,0.0,8713.34,8713.34,3293.34,,,,,0.15881119311193118,0.0,1.0,0.0,0.0,0.0,speculator,7.0,20280904,20280904/ng1
h04ar64h,18ahuxm6,b2edd524-e3eb-4d3a-84b2-e088b02b55d0,9ae3805a-092a-48b6-a22a-430e563c7cf3,0,ng,1,4128.0,3800.0,10.0,8.0,,,3678.25,11.0,3998.0,0.5833333333333334,5.0,-0.08333333333333337,1,0,22.0,0.0,0.0,1,0,0,1,2.0,1.0,1.0,8.0,4.0,0.3333333333333333,0.6666666666666667,6.0,120.58333333333333,0.5833333333333334,0.5833333333333334,120.75,120.0,121.0,120.0,120,,,121.07,,0.004861111111111111,0.009114583333333334,0.0026465981869661093,0.01171875,0,0,0.004861111111111071,0,0,11.0,3766.25,4998.25,-1.75,121.08600000000001,,,,0.00011944444444444444,0.0,1.0,0.0,0.0,1.0,market_maker,3.0,20280904,20280904/ng1
h04ar64h,18ahuxm6,b2edd524-e3eb-4d3a-84b2-e088b02b55d0,9ae3805a-092a-48b6-a22a-430e563c7cf3,0,ng,2,4128.0,3800.0,10.0,8.0,,,3766.25,11.0,3998.0,0.5833333333333334,5.0,-0.08333333333333337,1,0,22.0,0.0,0.0,1,0,0,1,0.0,0.0,0.0,4.0,0.0,,,10.0,121.08600000000001,9.086000000000002,9.086000000000002,121.07,120.9,121.27,120.9,112,120.75,,121.16,0.002650103519668656,0.08112500000000002,0.14196875000000003,0.0007430954393878864,0.1417187499999999,0,0,0.08112500000000011,0,0,11.0,3854.25,4998.25,-1.75,121.1962962962963,,,,0.003231888888888923,0.0,1.0,0.0,0.0,1.0,market_maker,0.0,20280904,20280904/ng1
h04ar64h,18ahuxm6,b2edd524-e3eb-4d3a-84b2-e088b02b55d0,9ae3805a-092a-48b6-a22a-430e563c7cf3,0,ng,3,4128.0,3800.0,10.0,20.0,0.0,0.0,3005.96,18.0,3998.0,0.5833333333333334,5.0,-0.08333333333333337,1,0,22.0,0.0,0.0,1,0,0,1,7.0,0.0,7.0,2.0,0.0,1.0,0.0,27.0,121.1962962962963,17.196296296296296,17.196296296296296,121.16,121.19,121.3,121.14,104,121.07,120.75,121.18,0.0007433716032048121,0.16534900284900284,0.26869212962962963,0.00016505735780647512,0.26812499999999995,0,0,0.16534900284900284,0,0,18.0,3365.96,5093.96,-86.03999999999996,121.09727272727272,1.8921448863636363,1.5,-1.5,0.009972651222651232,0.0,1.0,0.0,0.0,1.0,market_maker,7.0,20280904,20280904/ng1
h04ar64h,18ahuxm6,b2edd524-e3eb-4d3a-84b2-e088b02b55d0,9ae3805a-092a-48b6-a22a-430e563c7cf3,0,ng,4,4128.0,3800.0,10.0,20.0,,,2881.6,22.0,3998.0,0.5833333333333334,5.0,-0.08333333333333337,1,0,22.0,0.0,0.0,1,0,0,1,4.0,0.0,4.0,3.0,1.0,1.0,0.0,11.0,121.09727272727272,25.097272727272728,25.097272727272728,121.18,121.13,121.18,120.9,96,121.16,121.07,121.23,0.00016507098052165325,0.2614299242424242,0.39214488636363637,0.0004125242416490593,0.3934375000000001,0,0,0.2614299242424242,0,0,22.0,3321.6,5257.6,-102.39999999999964,121.14999999999999,,,,0.01627632669983416,0.0,1.0,0.0,0.0,1.0,market_maker,4.0,20280904,20280904/ng1
h04ar64h,18ahuxm6,b2edd524-e3eb-4d3a-84b2-e088b02b55d0,9ae3805a-092a-48b6-a22a-430e563c7cf3,0,ng,5,4128.0,3800.0,10.0,4.0,,,3563.74,20.0,3998.0,0.5833333333333334,5.0,-0.08333333333333337,1,0,22.0,0.0,0.0,1,0,0,1,0.0,2.0,-2.0,0.0,0.0,1.0,0.0,14.0,121.14999999999999,33.15,33.15,121.23,121.18,121.23,121.0,88,121.18,121.16,121.85,0.00041260934147557826,0.37670454545454546,0.51796875,0.005101212312723646,0.5192187500000001,0,0,0.37670454545454535,0,0,20.0,3643.7400000000002,5243.74,-56.26000000000022,120.9240909090909,,,,0.013756918238993675,0.0,1.0,0.0,0.0,1.0,market_maker,2.0,20280904,20280904/ng1
h04ar64h,18ahuxm6,b2edd524-e3eb-4d3a-84b2-e088b02b55d0,9ae3805a-092a-48b6-a22a-430e563c7cf3,0,ng,6,4128.0,3800.0,10.0,20.0,121.0,5.0,3767.34,19.0,3998.0,0.5833333333333334,5.0,-0.08333333333333337,1,0,22.0,0.0,0.0,1,0,0,1,1.0,2.0,-1.0,2.0,0.0,0.3333333333333333,0.6666666666666667,22.0,120.9240909090909,40.92409090909091,40.92409090909091,121.85,120.82,121.85,120.0,80,121.23,121.18,122.57,0.005114245648766724,0.5115511363636364,0.6394389204545454,0.005891515281858162,0.6539062499999999,0,0,0.5115511363636364,0,0,19.0,4147.34,5515.34,35.340000000000146,122.731,0.027046874999999915,0.765625,0.765625,0.013076845093268483,0.0,1.0,0.0,0.0,1.0,market_maker,3.0,20280904,20280904/ng1
h04ar64h,18ahuxm6,b2edd524-e3eb-4d3a-84b2-e088b02b55d0,9ae3805a-092a-48b6-a22a-430e563c7cf3,0,ng,7,4128.0,3800.0,10.0,4.0,,,4271.21,24.0,3998.0,0.5833333333333334,5.0,-0.08333333333333337,1,0,22.0,0.0,0.0,1,0,0,1,0.0,1.0,-1.0,6.0,5.0,1.0,0.0,10.0,122.731,50.731,50.731,122.57,121.9,125.93,121.85,72,121.85,121.23,122.99,0.005908904390644176,0.7045972222222222,0.792671875,0.0034207559012457978,0.7901562499999999,0,0,0.7045972222222221,0,0,18.0,4343.209999999999,5495.209999999999,75.20999999999913,122.91777777777777,,,,0.01908804838048377,0.0,1.0,0.0,0.0,1.0,market_maker,1.0,20280904,20280904/ng1
h04ar64h,18ahuxm6,b2edd524-e3eb-4d3a-84b2-e088b02b55d0,9ae3805a-092a-48b6-a22a-430e563c7cf3,0,ng,8,4128.0,3800.0,10.0,20.0,,,3383.6600000000008,26.0,3998.0,0.5833333333333334,5.0,-0.08333333333333337,1,0,22.0,0.0,0.0,1,0,0,1,8.0,0.0,8.0,21.0,14.0,1.0,0.0,9.0,122.91777777777777,58.91777777777778,58.91777777777778,122.99,122.71,123.0,122.71,64,122.57,121.85,123.05,0.0034266133637921303,0.9205902777777778,0.9205902777777778,0.00048772558274556843,0.9217187499999999,0,0,0.9205902777777777,0,0,26.0,3879.66,5335.66,-264.34000000000015,123.33894736842106,,,,0.02013214285714287,0.0,1.0,0.0,0.0,1.0,market_maker,8.0,20280904,20280904/ng1
h04ar64h,18ahuxm6,b2edd524-e3eb-4d3a-84b2-e088b02b55d0,9ae3805a-092a-48b6-a22a-430e563c7cf3,0,ng,9,4128.0,3800.0,10.0,0.0,123.0,5.0,4151.650000000001,29.0,3998.0,0.5833333333333334,5.0,-0.08333333333333337,1,0,22.0,0.0,0.0,1,0,0,1,1.0,3.0,-2.0,6.0,0.0,0.5,0.5,19.0,123.33894736842106,67.33894736842106,67.33894736842106,123.05,122.99,124.39,122.99,56,122.99,122.57,122.6,0.0004878445402065612,1.202481203007519,1.052171052631579,-0.0036637533349539453,1.04765625,0,0,1.202481203007519,0,0,24.0,4127.65,5279.65,-200.35000000000036,122.85933333333332,0.0021979166666667993,1.171875,1.171875,0.04868826034063263,0.0,1.0,0.0,0.0,1.0,market_maker,4.0,20280904,20280904/ng1
h04ar64h,18ahuxm6,b2edd524-e3eb-4d3a-84b2-e088b02b55d0,9ae3805a-092a-48b6-a22a-430e563c7cf3,0,ng,10,4128.0,3800.0,10.0,8.0,,,3783.430000000001,27.0,3998.0,0.5833333333333334,5.0,-0.08333333333333337,1,0,22.0,0.0,0.0,1,0,0,1,3.0,0.0,3.0,0.0,0.0,1.0,0.0,15.0,122.85933333333332,74.85933333333332,74.85933333333332,122.6,123.1,123.1,122.6,48,123.05,122.99,122.53,-0.00365704997968308,1.5595694444444443,1.1696770833333332,-0.0005711255407563343,1.165625,0,0,1.5595694444444443,0,0,27.0,3975.4300000000003,5055.43,-424.5699999999997,122.56210526315789,,,,0.05900577858880773,0.0,1.0,0.0,0.0,1.0,market_maker,3.0,20280904,20280904/ng1
h04ar64h,18ahuxm6,b2edd524-e3eb-4d3a-84b2-e088b02b55d0,9ae3805a-092a-48b6-a22a-430e563c7cf3,0,ng,11,4128.0,3800.0,10.0,8.0,,,2896.430000000001,36.0,3998.0,0.5833333333333334,5.0,-0.08333333333333337,1,0,22.0,0.0,0.0,1,0,0,1,9.0,0.0,9.0,7.0,0.0,1.0,0.0,19.0,122.56210526315789,82.5621052631579,82.5621052631579,122.53,122.5,122.68,122.36,40,122.6,123.05,122.64,-0.0005709624796084167,2.0640526315789476,1.2900328947368422,0.0008973366022040352,1.28953125,0,0,2.064052631578947,0,0,36.0,3160.4300000000003,4312.43,-1167.5699999999997,122.41399999999999,,,,0.09727189781021896,0.0,1.0,0.0,0.0,1.0,market_maker,9.0,20280904,20280904/ng1
h04ar64h,18ahuxm6,b2edd524-e3eb-4d3a-84b2-e088b02b55d0,9ae3805a-092a-48b6-a22a-430e563c7cf3,0,ng,12,4128.0,3800.0,10.0,8.0,122.0,4.0,2939.750000000001,38.0,3998.0,0.5833333333333334,5.0,-0.08333333333333337,1,0,22.0,0.0,0.0,1,0,0,1,2.0,0.0,2.0,2.0,0.0,1.0,0.0,5.0,122.41399999999999,90.414,90.414,122.64,122.15,122.64,122.15,32,122.53,122.6,122.61,0.0008977393291438318,2.8254375,1.41271875,-0.0002446483192635185,1.41625,0,0,2.8254374999999996,0,0,38.0,3219.75,4131.75,-1348.25,122.644,0.010062500000000085,1.53125,1.53125,0.10365318329278185,0.0,1.0,0.0,0.0,1.0,market_maker,2.0,20280904,20280904/ng1
h04ar64h,18ahuxm6,b2edd524-e3eb-4d3a-84b2-e088b02b55d0,9ae3805a-092a-48b6-a22a-430e563c7cf3,0,ng,13,4128.0,3800.0,10.0,8.0,,,3243.750000000001,38.0,3998.0,0.5833333333333334,5.0,-0.08333333333333337,1,0,22.0,0.0,0.0,1,0,0,1,0.0,0.0,0.0,0.0,0.0,,,5.0,122.644,98.644,98.644,122.61,122.68,122.68,122.6,24,122.64,122.53,95.0,-0.00024461839530331986,4.110166666666667,1.5413125,-0.2551316946437545,1.54078125,0,0,4.110166666666667,0,0,38.0,3523.75,4131.75,-1348.25,109.38166666666666,,,,0.0999771897810219,0.0,1.0,0.0,0.0,1.0,market_maker,0.0,20280904,20280904/ng1
h04ar64h,18ahuxm6,b2edd524-e3eb-4d3a-84b2-e088b02b55d0,9ae3805a-092a-48b6-a22a-430e563c7cf3,0,ng,14,4128.0,3800.0,10.0,8.0,,,3547.750000000001,38.0,3998.0,0.5833333333333334,5.0,-0.08333333333333337,1,0,22.0,0.0,0.0,1,0,0,1,0.0,0.0,0.0,0.0,0.0,,,12.0,109.38166666666666,93.38166666666666,93.54833333333333,95.0,122.59,122.8,15.0,16,122.61,122.64,90.0,-0.2251855476714787,5.846770833333333,1.4616927083333333,-0.054067221270275745,1.234375,0,0,5.836354166666666,0,0,38.0,3827.75,4131.75,-1348.25,97.52727272727272,,,,0.12236232765612327,0.0,1.0,0.0,0.0,1.0,market_maker,0.0,20280904,20280904/ng1
h04ar64h,18ahuxm6,b2edd524-e3eb-4d3a-84b2-e088b02b55d0,9ae3805a-092a-48b6-a22a-430e563c7cf3,0,ng,15,4128.0,3800.0,10.0,4.0,,,3670.750000000001,40.0,3998.0,0.5833333333333334,5.0,-0.08333333333333337,1,0,22.0,0.0,0.0,1,0,0,1,2.0,0.0,2.0,0.0,0.0,1.0,0.0,11.0,97.52727272727272,89.52727272727272,89.52727272727272,90.0,99.0,122.9,70.0,8,95.0,122.61,,-0.052631578947368474,11.19090909090909,1.3988636363636362,,1.28125,0,0,11.19090909090909,1,1,40.0,3806.75,3806.75,-1613.25,,,,,0.15881119311193118,0.0,1.0,0.0,0.0,1.0,market_maker,2.0,20280904,20280904/ng1
h04ar64h,gnbf58uk,e75d2478-5641-45fa-8bf9-15303b4720f3,18f97bcb-3bff-4032-a1d3-6a9922113afe,1,ghp,1,3295.0,2600.0,20.0,8.0,,,2600.0,20.0,3195.0,0.8333333333333334,3.0,-0.5333333333333334,2,0,18.0,0.0,0.0,1,1,1,1,0.0,0.0,0.0,1.0,1.0,,,4.0,19.21,-100.79,100.79,19.95,18.63,19.95,18.63,120,,,23.2,,0.8399166666666668,1.57484375,0.150923135336392,-1.56328125,0,0,-0.8399166666666666,0,0,20.0,2760.0,5000.0,0.0,22.683809523809526,,,,0.021282555555555548,0.0,0.5,0.5,0.0,0.0,speculator,0.0,20280904,20280904/ghp2
h04ar64h,gnbf58uk,e75d2478-5641-45fa-8bf9-15303b4720f3,18f97bcb-3bff-4032-a1d3-6a9922113afe,1,ghp,2,3295.0,2600.0,20.0,8.0,,,2738.76,22.0,3195.0,0.8333333333333334,3.0,-0.5333333333333334,2,0,18.0,0.0,0.0,1,1,1,1,1.0,0.0,1.0,2.0,1.0,1.0,0.0,21.0,22.683809523809526,-89.31619047619049,89.31619047619049,23.2,20.0,23.2,20.0,112,19.95,,28.23,0.162907268170426,0.7974659863945579,1.3955654761904763,0.19623296359313347,-1.3875,0,0,-0.7974659863945578,0,0,21.0,2906.76,5090.76,90.76000000000022,26.649,,,,0.0963262222222222,0.0,0.5,0.5,0.0,0.0,speculator,1.0,20280904,20280904/ghp2
h04ar64h,gnbf58uk,e75d2478-5641-45fa-8bf9-15303b4720f3,18f97bcb-3bff-4032-a1d3-6a9922113afe,1,ghp,3,3295.0,2600.0,20.0,20.0,0.0,0.0,2914.76,21.0,3195.0,0.8333333333333334,3.0,-0.5333333333333334,2,0,18.0,0.0,0.0,1,1,1,1,0.0,0.0,0.0,3.0,2.0,,,20.0,26.649,-77.351,77.351,28.23,23.21,28.23,23.21,104,23.2,19.95,84.67,0.2168103448275862,0.7437596153846153,1.208609375,1.098376105388788,-1.18390625,0,0,-0.7437596153846153,0,0,21.0,3326.76,5342.76,162.76000000000022,86.8464705882353,1.3569761029411767,1.5,-1.5,0.12634126984126987,0.0,0.5,0.5,0.0,0.0,speculator,0.0,20280904,20280904/ghp2
h04ar64h,gnbf58uk,e75d2478-5641-45fa-8bf9-15303b4720f3,18f97bcb-3bff-4032-a1d3-6a9922113afe,1,ghp,4,3295.0,2600.0,20.0,20.0,,,2911.76,26.0,3195.0,0.8333333333333334,3.0,-0.5333333333333334,2,0,18.0,0.0,0.0,1,1,1,1,5.0,0.0,5.0,0.0,0.0,1.0,0.0,17.0,86.8464705882353,-9.153529411764705,9.624117647058823,84.67,92.26,100.0,84.52,96,28.23,23.2,94.97,1.9992915338292598,0.10025122549019606,0.1503768382352941,0.11479970460067523,-0.17703124999999997,1,0,-0.09534926470588223,0,0,26.0,3423.76,5711.76,351.7600000000002,87.46516129032258,,,,0.1257119610281924,0.0,0.5,0.5,0.0,0.0,speculator,5.0,20280904,20280904/ghp2
h04ar64h,gnbf58uk,e75d2478-5641-45fa-8bf9-15303b4720f3,18f97bcb-3bff-4032-a1d3-6a9922113afe,1,ghp,5,3295.0,2600.0,20.0,4.0,,,2430.380000000001,37.0,3195.0,0.8333333333333334,3.0,-0.5333333333333334,2,0,18.0,0.0,0.0,1,1,1,1,11.0,0.0,11.0,0.0,0.0,1.0,0.0,31.0,87.46516129032258,-0.5348387096774198,4.3025806451612905,94.97,84.67,97.42,84.65,88,84.67,28.23,96.7,0.12164875398606356,0.04889296187683285,0.06722782258064516,0.018052350204387224,0.10890624999999998,0,0,-0.006077712609970637,0,0,37.0,2570.38,5530.38,230.3800000000001,96.304,,,,0.12207714884696017,0.0,0.5,0.5,0.0,0.0,speculator,11.0,20280904,20280904/ghp2
h04ar64h,gnbf58uk,e75d2478-5641-45fa-8bf9-15303b4720f3,18f97bcb-3bff-4032-a1d3-6a9922113afe,1,ghp,6,3295.0,2600.0,20.0,20.0,5.0,2.0,2097.710000000001,42.0,3195.0,0.8333333333333334,3.0,-0.5333333333333334,2,0,18.0,0.0,0.0,1,1,1,1,5.0,0.0,5.0,0.0,0.0,1.0,0.0,10.0,96.304,16.304000000000002,16.304000000000002,96.7,94.88,98.1,94.88,80,94.97,84.67,98.0,0.018216278824892074,0.20380000000000004,0.25475000000000003,0.013354076211324006,0.26093750000000004,0,0,0.20380000000000004,0,0,42.0,2929.71,5953.71,473.71000000000004,97.29230769230769,1.4420673076923076,1.046875,-1.046875,0.12166636253041363,0.0,0.5,0.5,0.0,0.0,speculator,5.0,20280904,20280904/ghp2
h04ar64h,gnbf58uk,e75d2478-5641-45fa-8bf9-15303b4720f3,18f97bcb-3bff-4032-a1d3-6a9922113afe,1,ghp,7,3295.0,2600.0,20.0,4.0,,,2938.6800000000007,42.0,3195.0,0.8333333333333334,3.0,-0.5333333333333334,2,0,18.0,0.0,0.0,1,1,1,1,1.0,1.0,0.0,1.0,0.0,0.0,1.0,13.0,97.29230769230769,25.292307692307695,25.292307692307695,98.0,97.03,98.0,97.03,72,96.7,94.97,102.1,0.013443640124095158,0.3512820512820513,0.39519230769230773,0.04098524650004709,0.40625,0,0,0.3512820512820512,0,0,42.0,3098.6800000000003,5786.68,366.6800000000003,99.89,,,,0.13035362853628538,0.0,0.5,0.5,0.0,0.0,speculator,2.0,20280904,20280904/ghp2
h04ar64h,gnbf58uk,e75d2478-5641-45fa-8bf9-15303b4720f3,18f97bcb-3bff-4032-a1d3-6a9922113afe,1,ghp,8,3295.0,2600.0,20.0,20.0,,,3106.560000000001,42.0,3195.0,0.8333333333333334,3.0,-0.5333333333333334,2,0,18.0,0.0,0.0,1,1,1,1,1.0,1.0,0.0,0.0,0.0,0.0,1.0,14.0,99.89,35.89,35.89,102.1,98.17,102.1,98.0,64,98.0,96.7,147.48,0.0418367346938775,0.56078125,0.56078125,0.367739848195324,0.5953124999999999,0,0,0.56078125,0,0,42.0,3938.56,6290.5599999999995,690.5599999999995,119.755,,,,0.11757222222222222,0.0,0.5,0.5,0.0,0.0,speculator,2.0,20280904,20280904/ghp2
h04ar64h,gnbf58uk,e75d2478-5641-45fa-8bf9-15303b4720f3,18f97bcb-3bff-4032-a1d3-6a9922113afe,1,ghp,9,3295.0,2600.0,20.0,0.0,5.0,2.0,4695.46,36.0,3195.0,0.8333333333333334,3.0,-0.5333333333333334,2,0,18.0,0.0,0.0,1,1,1,1,0.0,6.0,-6.0,0.0,0.0,1.0,0.0,24.0,119.755,63.754999999999995,63.754999999999995,147.48,102.21,148.24,102.21,56,102.1,98.0,243.87,0.44446620959843286,1.1384821428571428,0.9961718749999999,0.5029427230606469,1.4293749999999998,0,0,1.1384821428571428,0,0,36.0,4687.46,6415.46,935.46,217.46315789473684,3.319736842105263,0.671875,-0.671875,0.08637631792376317,0.0,0.5,0.5,0.0,0.0,speculator,6.0,20280904,20280904/ghp2
h04ar64h,gnbf58uk,e75d2478-5641-45fa-8bf9-15303b4720f3,18f97bcb-3bff-4032-a1d3-6a9922113afe,1,ghp,10,3295.0,2600.0,20.0,8.0,,,6647.789999999999,27.0,3195.0,0.8333333333333334,3.0,-0.5333333333333334,2,0,18.0,0.0,0.0,1,1,1,1,0.0,9.0,-9.0,0.0,0.0,1.0,0.0,19.0,217.46315789473684,169.46315789473684,169.46315789473684,243.87,150.0,244.67,150.0,48,147.48,102.1,256.71,0.6535801464605371,3.530482456140351,2.647861842105263,0.05131174667148297,3.06046875,0,0,3.530482456140351,0,0,27.0,6855.790000000001,7935.790000000001,2455.790000000001,257.6685,,,,0.16225324412003247,0.0,0.5,0.5,0.0,0.0,speculator,9.0,20280904,20280904/ghp2
h04ar64h,gnbf58uk,e75d2478-5641-45fa-8bf9-15303b4720f3,18f97bcb-3bff-4032-a1d3-6a9922113afe,1,ghp,11,3295.0,2600.0,20.0,8.0,,,8161.309999999998,23.0,3195.0,0.8333333333333334,3.0,-0.5333333333333334,2,0,18.0,0.0,0.0,1,1,1,1,0.0,5.0,-5.0,1.0,0.0,1.0,0.0,20.0,257.6685,217.6685,217.6685,256.71,250.33,278.92,250.33,40,243.87,147.48,251.86,0.05265100258334354,5.4417124999999995,3.4010703125,-0.019073665520372707,3.3860937499999997,0,0,5.4417124999999995,0,0,22.0,8329.31,9033.31,3553.3099999999995,254.2076923076923,,,,0.17096096918085965,0.0,0.5,0.5,0.0,0.0,speculator,5.0,20280904,20280904/ghp2
h04ar64h,gnbf58uk,e75d2478-5641-45fa-8bf9-15303b4720f3,18f97bcb-3bff-4032-a1d3-6a9922113afe,1,ghp,12,3295.0,2600.0,20.0,8.0,0.0,0.0,9614.75,19.0,3195.0,0.8333333333333334,3.0,-0.5333333333333334,2,0,18.0,0.0,0.0,1,1,1,1,0.0,5.0,-5.0,3.0,2.0,1.0,0.0,13.0,254.2076923076923,222.2076923076923,222.2076923076923,251.86,256.7,256.7,251.86,32,256.71,243.87,140.0,-0.01889291418331962,6.943990384615384,3.471995192307692,-0.5872309549683967,3.4353125,0,0,6.943990384615384,1,1,17.0,9734.75,10142.75,4662.75,183.362,2.86503125,0.375,-0.375,0.2607398621248986,0.0,0.5,0.5,0.0,0.0,speculator,5.0,20280904,20280904/ghp2
h04ar64h,gnbf58uk,e75d2478-5641-45fa-8bf9-15303b4720f3,18f97bcb-3bff-4032-a1d3-6a9922113afe,1,ghp,13,3295.0,2600.0,20.0,8.0,,,10163.41,16.0,3195.0,0.8333333333333334,3.0,-0.5333333333333334,2,0,18.0,0.0,0.0,1,1,1,1,0.0,2.0,-2.0,1.0,0.0,1.0,0.0,15.0,183.362,159.362,159.362,140.0,250.05,250.05,140.0,24,251.86,256.71,95.25,-0.4441356309060589,6.640083333333333,2.49003125,-0.38513740860249346,1.8125,0,0,6.640083333333333,1,0,15.0,10251.41,10491.41,5011.41,105.67947368421054,,,,0.2804641119221411,0.0,0.5,0.5,0.0,0.0,speculator,2.0,20280904,20280904/ghp2
h04ar64h,gnbf58uk,e75d2478-5641-45fa-8bf9-15303b4720f3,18f97bcb-3bff-4032-a1d3-6a9922113afe,1,ghp,14,3295.0,2600.0,20.0,8.0,,,11805.39,0.0,3195.0,0.8333333333333334,3.0,-0.5333333333333334,2,0,18.0,0.0,0.0,1,1,1,1,0.0,15.0,-15.0,2.0,2.0,1.0,0.0,38.0,105.67947368421054,89.67947368421054,89.67947368421054,95.25,128.3,128.3,95.25,16,140.0,251.86,95.05,-0.3196428571428571,5.6049671052631584,1.4012417763157896,-0.0021019450723720468,1.23828125,0,0,5.6049671052631584,0,0,0.0,11765.39,11765.39,6285.389999999999,95.15181818181819,,,,0.3122325628548256,0.0,0.5,0.5,0.0,0.0,speculator,15.0,20280904,20280904/ghp2
h04ar64h,gnbf58uk,e75d2478-5641-45fa-8bf9-15303b4720f3,18f97bcb-3bff-4032-a1d3-6a9922113afe,1,ghp,15,3295.0,2600.0,20.0,4.0,,,11805.13,0.0,3195.0,0.8333333333333334,3.0,-0.5333333333333334,2,0,18.0,0.0,0.0,1,1,1,1,2.0,2.0,0.0,0.0,0.0,0.0,1.0,11.0,95.15181818181819,87.15181818181817,87.15181818181817,95.05,95.25,95.25,95.05,8,95.25,140.0,,-0.0020997375328084544,10.893977272727271,1.361747159090909,,1.36015625,0,0,10.893977272727273,1,1,0.0,11765.130000000001,11765.130000000001,6345.130000000001,,,,,0.33846217712177123,0.0,0.5,0.5,0.0,0.0,speculator,4.0,20280904,20280904/ghp2
h04ar64h,shtk2vi6,e75d2478-5641-45fa-8bf9-15303b4720f3,352cbd86-93f1-463f-a006-b1d6ed612217,1,ghp,1,9416.0,2600.0,20.0,8.0,,,2619.63,29.0,9266.0,0.9166666666666666,7.0,-0.21666666666666667,3,0,34.0,1.0,1.0,1,1,1,1,0.0,1.0,-1.0,11.0,5.0,1.0,0.0,4.0,19.21,-100.79,100.79,19.95,18.63,19.95,18.63,120,,,23.2,,0.8399166666666668,1.57484375,0.150923135336392,-1.56328125,0,0,-0.8399166666666666,0,0,19.0,2771.63,4899.63,-100.36999999999989,22.683809523809526,,,,0.021282555555555548,0.0,0.0,0.0,1.0,0.0,other,1.0,20280904,20280904/ghp2
h04ar64h,shtk2vi6,e75d2478-5641-45fa-8bf9-15303b4720f3,352cbd86-93f1-463f-a006-b1d6ed612217,1,ghp,2,9416.0,2600.0,20.0,8.0,,,2958.59,19.0,9266.0,0.9166666666666666,7.0,-0.21666666666666667,3,0,34.0,1.0,1.0,1,1,1,1,0.0,5.0,-5.0,8.0,3.0,1.0,0.0,21.0,22.683809523809526,-89.31619047619049,89.31619047619049,23.2,20.0,23.2,20.0,112,19.95,,28.23,0.162907268170426,0.7974659863945579,1.3955654761904763,0.19623296359313347,-1.3875,0,0,-0.7974659863945578,0,0,14.0,2990.59,4446.59,-553.4099999999999,26.649,,,,0.0963262222222222,0.0,0.0,0.0,1.0,0.0,other,5.0,20280904,20280904/ghp2
h04ar64h,shtk2vi6,e75d2478-5641-45fa-8bf9-15303b4720f3,352cbd86-93f1-463f-a006-b1d6ed612217,1,ghp,3,9416.0,2600.0,20.0,20.0,50.0,4.0,3301.7999999999997,7.0,9266.0,0.9166666666666666,7.0,-0.21666666666666667,3,0,34.0,1.0,1.0,1,1,1,1,0.0,7.0,-7.0,5.0,3.0,1.0,0.0,20.0,26.649,-77.351,77.351,28.23,23.21,28.23,23.21,104,23.2,19.95,84.67,0.2168103448275862,0.7437596153846153,1.208609375,1.098376105388788,-1.18390625,0,0,-0.7437596153846153,0,0,7.0,3321.8,3993.8,-1186.1999999999998,86.8464705882353,0.5757261029411767,0.71875,-0.71875,0.12634126984126987,0.0,0.0,0.0,1.0,0.0,other,7.0,20280904,20280904/ghp2
h04ar64h,shtk2vi6,e75d2478-5641-45fa-8bf9-15303b4720f3,352cbd86-93f1-463f-a006-b1d6ed612217,1,ghp,4,9416.0,2600.0,20.0,20.0,,,3634.06,8.0,9266.0,0.9166666666666666,7.0,-0.21666666666666667,3,0,34.0,1.0,1.0,1,1,1,1,0.0,2.0,-2.0,8.0,6.0,1.0,0.0,17.0,86.8464705882353,-9.153529411764705,9.624117647058823,84.67,92.26,100.0,84.52,96,28.23,23.2,94.97,1.9992915338292598,0.10025122549019606,0.1503768382352941,0.11479970460067523,-0.17703124999999997,1,0,-0.09534926470588223,0,0,5.0,3614.06,4054.06,-1305.94,87.46516129032258,,,,0.1257119610281924,0.0,0.0,0.0,1.0,0.0,other,2.0,20280904,20280904/ghp2
h04ar64h,shtk2vi6,e75d2478-5641-45fa-8bf9-15303b4720f3,352cbd86-93f1-463f-a006-b1d6ed612217,1,ghp,5,9416.0,2600.0,20.0,4.0,,,3884.06,4.0,9266.0,0.9166666666666666,7.0,-0.21666666666666667,3,0,34.0,1.0,1.0,1,1,1,1,0.0,1.0,-1.0,1.0,1.0,1.0,0.0,31.0,87.46516129032258,-0.5348387096774198,4.3025806451612905,94.97,84.67,97.42,84.65,88,84.67,28.23,96.7,0.12164875398606356,0.04889296187683285,0.06722782258064516,0.018052350204387224,0.10890624999999998,0,0,-0.006077712609970637,0,0,4.0,3720.06,4040.06,-1259.94,96.304,,,,0.12207714884696017,0.0,0.0,0.0,1.0,0.0,other,1.0,20280904,20280904/ghp2
h04ar64h,shtk2vi6,e75d2478-5641-45fa-8bf9-15303b4720f3,352cbd86-93f1-463f-a006-b1d6ed612217,1,ghp,6,9416.0,2600.0,20.0,20.0,90.0,4.0,3900.06,6.0,9266.0,0.9166666666666666,7.0,-0.21666666666666667,3,0,34.0,1.0,1.0,1,1,1,1,0.0,0.0,0.0,2.0,2.0,,,10.0,96.304,16.304000000000002,16.304000000000002,96.7,94.88,98.1,94.88,80,94.97,84.67,98.0,0.018216278824892074,0.20380000000000004,0.25475000000000003,0.013354076211324006,0.26093750000000004,0,0,0.20380000000000004,0,0,4.0,3800.06,4088.06,-1391.94,97.29230769230769,0.11394230769230762,0.28125,0.28125,0.12166636253041363,0.0,0.0,0.0,1.0,0.0,other,0.0,20280904,20280904/ghp2
h04ar64h,shtk2vi6,e75d2478-5641-45fa-8bf9-15303b4720f3,352cbd86-93f1-463f-a006-b1d6ed612217,1,ghp,7,9416.0,2600.0,20.0,4.0,,,4020.06,4.0,9266.0,0.9166666666666666,7.0,-0.21666666666666667,3,0,34.0,1.0,1.0,1,1,1,1,0.0,0.0,0.0,0.0,0.0,,,13.0,97.29230769230769,25.292307692307695,25.292307692307695,98.0,97.03,98.0,97.03,72,96.7,94.97,102.1,0.013443640124095158,0.3512820512820513,0.39519230769230773,0.04098524650004709,0.40625,0,0,0.3512820512820512,0,0,4.0,3816.06,4072.06,-1347.94,99.89,,,,0.13035362853628538,0.0,0.0,0.0,1.0,0.0,other,0.0,20280904,20280904/ghp2
h04ar64h,shtk2vi6,e75d2478-5641-45fa-8bf9-15303b4720f3,352cbd86-93f1-463f-a006-b1d6ed612217,1,ghp,8,9416.0,2600.0,20.0,20.0,,,4036.059999999999,8.0,9266.0,0.9166666666666666,7.0,-0.21666666666666667,3,0,34.0,1.0,1.0,1,1,1,1,0.0,0.0,0.0,5.0,2.0,,,14.0,99.89,35.89,35.89,102.1,98.17,102.1,98.0,64,98.0,96.7,147.48,0.0418367346938775,0.56078125,0.56078125,0.367739848195324,0.5953124999999999,0,0,0.56078125,0,0,4.0,3896.06,4120.0599999999995,-1479.9400000000005,119.755,,,,0.11757222222222222,0.0,0.0,0.0,1.0,0.0,other,0.0,20280904,20280904/ghp2
h04ar64h,shtk2vi6,e75d2478-5641-45fa-8bf9-15303b4720f3,352cbd86-93f1-463f-a006-b1d6ed612217,1,ghp,9,9416.0,2600.0,20.0,0.0,140.0,4.0,4505.959999999999,2.0,9266.0,0.9166666666666666,7.0,-0.21666666666666667,3,0,34.0,1.0,1.0,1,1,1,1,0.0,3.0,-3.0,1.0,0.0,1.0,0.0,24.0,119.755,63.754999999999995,63.754999999999995,147.48,102.21,148.24,102.21,56,102.1,98.0,243.87,0.44446620959843286,1.1384821428571428,0.9961718749999999,0.5029427230606469,1.4293749999999998,0,0,1.1384821428571428,0,0,1.0,4205.96,4253.96,-1226.04,217.46315789473684,1.210361842105263,1.4375,1.4375,0.08637631792376317,0.0,0.0,0.0,1.0,0.0,other,3.0,20280904,20280904/ghp2
h04ar64h,shtk2vi6,e75d2478-5641-45fa-8bf9-15303b4720f3,352cbd86-93f1-463f-a006-b1d6ed612217,1,ghp,10,9416.0,2600.0,20.0,8.0,,,4655.959999999999,0.0,9266.0,0.9166666666666666,7.0,-0.21666666666666667,3,0,34.0,1.0,1.0,1,1,1,1,0.0,1.0,-1.0,0.0,0.0,1.0,0.0,19.0,217.46315789473684,169.46315789473684,169.46315789473684,243.87,150.0,244.67,150.0,48,147.48,102.1,256.71,0.6535801464605371,3.530482456140351,2.647861842105263,0.05131174667148297,3.06046875,0,0,3.530482456140351,0,0,0.0,4355.96,4355.96,-1124.04,257.6685,,,,0.16225324412003247,0.0,0.0,0.0,1.0,0.0,other,1.0,20280904,20280904/ghp2
h04ar64h,shtk2vi6,e75d2478-5641-45fa-8bf9-15303b4720f3,352cbd86-93f1-463f-a006-b1d6ed612217,1,ghp,11,9416.0,2600.0,20.0,8.0,,,4655.959999999999,0.0,9266.0,0.9166666666666666,7.0,-0.21666666666666667,3,0,34.0,1.0,1.0,1,1,1,1,0.0,0.0,0.0,0.0,0.0,,,20.0,257.6685,217.6685,217.6685,256.71,250.33,278.92,250.33,40,243.87,147.48,251.86,0.05265100258334354,5.4417124999999995,3.4010703125,-0.019073665520372707,3.3860937499999997,0,0,5.4417124999999995,0,0,0.0,4355.96,4355.96,-1124.04,254.2076923076923,,,,0.17096096918085965,0.0,0.0,0.0,1.0,0.0,other,0.0,20280904,20280904/ghp2
h04ar64h,shtk2vi6,e75d2478-5641-45fa-8bf9-15303b4720f3,352cbd86-93f1-463f-a006-b1d6ed612217,1,ghp,12,9416.0,2600.0,20.0,8.0,250.0,3.0,4655.959999999999,0.0,9266.0,0.9166666666666666,7.0,-0.21666666666666667,3,0,34.0,1.0,1.0,1,1,1,1,0.0,0.0,0.0,0.0,0.0,,,13.0,254.2076923076923,222.2076923076923,222.2076923076923,251.86,256.7,256.7,251.86,32,256.71,243.87,140.0,-0.01889291418331962,6.943990384615384,3.471995192307692,-0.5872309549683967,3.4353125,0,0,6.943990384615384,1,1,0.0,4355.96,4355.96,-1124.04,183.362,,,,0.2607398621248986,0.0,0.0,0.0,1.0,0.0,other,0.0,20280904,20280904/ghp2
h04ar64h,shtk2vi6,e75d2478-5641-45fa-8bf9-15303b4720f3,352cbd86-93f1-463f-a006-b1d6ed612217,1,ghp,13,9416.0,2600.0,20.0,8.0,,,4655.959999999999,0.0,9266.0,0.9166666666666666,7.0,-0.21666666666666667,3,0,34.0,1.0,1.0,1,1,1,1,0.0,0.0,0.0,0.0,0.0,,,15.0,183.362,159.362,159.362,140.0,250.05,250.05,140.0,24,251.86,256.71,95.25,-0.4441356309060589,6.640083333333333,2.49003125,-0.38513740860249346,1.8125,0,0,6.640083333333333,1,0,0.0,4355.96,4355.96,-1124.04,105.67947368421054,,,,0.2804641119221411,0.0,0.0,0.0,1.0,0.0,other,0.0,20280904,20280904/ghp2
h04ar64h,shtk2vi6,e75d2478-5641-45fa-8bf9-15303b4720f3,352cbd86-93f1-463f-a006-b1d6ed612217,1,ghp,14,9416.0,2600.0,20.0,8.0,,,4655.959999999999,0.0,9266.0,0.9166666666666666,7.0,-0.21666666666666667,3,0,34.0,1.0,1.0,1,1,1,1,0.0,0.0,0.0,0.0,0.0,,,38.0,105.67947368421054,89.67947368421054,89.67947368421054,95.25,128.3,128.3,95.25,16,140.0,251.86,95.05,-0.3196428571428571,5.6049671052631584,1.4012417763157896,-0.0021019450723720468,1.23828125,0,0,5.6049671052631584,0,0,0.0,4355.96,4355.96,-1124.04,95.15181818181819,,,,0.3122325628548256,0.0,0.0,0.0,1.0,0.0,other,0.0,20280904,20280904/ghp2
h04ar64h,shtk2vi6,e75d2478-5641-45fa-8bf9-15303b4720f3,352cbd86-93f1-463f-a006-b1d6ed612217,1,ghp,15,9416.0,2600.0,20.0,4.0,,,4655.959999999999,0.0,9266.0,0.9166666666666666,7.0,-0.21666666666666667,3,0,34.0,1.0,1.0,1,1,1,1,0.0,0.0,0.0,0.0,0.0,,,11.0,95.15181818181819,87.15181818181817,87.15181818181817,95.05,95.25,95.25,95.05,8,95.25,140.0,,-0.0020997375328084544,10.893977272727271,1.361747159090909,,1.36015625,0,0,10.893977272727273,1,1,0.0,4355.96,4355.96,-1064.04,,,,,0.33846217712177123,0.0,0.0,0.0,1.0,0.0,other,0.0,20280904,20280904/ghp2
h04ar64h,fpjd0ju0,e75d2478-5641-45fa-8bf9-15303b4720f3,4c0e40a1-ec8b-43c6-97ed-2ac45ff5d1b2,1,ghp,1,482.0,2600.0,20.0,8.0,,,2657.21,18.0,382.0,0.6666666666666666,6.0,-0.06666666666666665,1,0,19.0,0.0,1.0,1,1,1,1,0.0,3.0,-3.0,3.0,0.0,1.0,0.0,4.0,19.21,-100.79,100.79,19.95,18.63,19.95,18.63,120,,,23.2,,0.8399166666666668,1.57484375,0.150923135336392,-1.56328125,0,0,-0.8399166666666666,0,0,17.0,2793.21,4697.21,-302.78999999999996,22.683809523809526,,,,0.021282555555555548,0.0,0.0,1.0,0.0,1.0,market_maker,3.0,20280904,20280904/ghp2
h04ar64h,fpjd0ju0,e75d2478-5641-45fa-8bf9-15303b4720f3,4c0e40a1-ec8b-43c6-97ed-2ac45ff5d1b2,1,ghp,2,482.0,2600.0,20.0,8.0,,,2938.93,11.0,382.0,0.6666666666666666,6.0,-0.06666666666666665,1,0,19.0,0.0,1.0,1,1,1,1,0.0,6.0,-6.0,1.0,0.0,1.0,0.0,21.0,22.683809523809526,-89.31619047619049,89.31619047619049,23.2,20.0,23.2,20.0,112,19.95,,28.23,0.162907268170426,0.7974659863945579,1.3955654761904763,0.19623296359313347,-1.3875,0,0,-0.7974659863945578,0,0,11.0,3018.93,4162.93,-837.0699999999997,26.649,,,,0.0963262222222222,0.0,0.0,1.0,0.0,1.0,market_maker,6.0,20280904,20280904/ghp2
h04ar64h,fpjd0ju0,e75d2478-5641-45fa-8bf9-15303b4720f3,4c0e40a1-ec8b-43c6-97ed-2ac45ff5d1b2,1,ghp,3,482.0,2600.0,20.0,20.0,0.0,0.0,3215.7399999999993,4.0,382.0,0.6666666666666666,6.0,-0.06666666666666665,1,0,19.0,0.0,1.0,1,1,1,1,1.0,8.0,-7.0,6.0,0.0,0.7777777777777778,0.2222222222222222,20.0,26.649,-77.351,77.351,28.23,23.21,28.23,23.21,104,23.2,19.95,84.67,0.2168103448275862,0.7437596153846153,1.208609375,1.098376105388788,-1.18390625,0,0,-0.7437596153846153,0,0,4.0,3287.74,3671.74,-1508.2600000000002,86.8464705882353,1.3569761029411767,1.5,-1.5,0.12634126984126987,0.0,0.0,1.0,0.0,1.0,market_maker,9.0,20280904,20280904/ghp2
h04ar64h,fpjd0ju0,e75d2478-5641-45fa-8bf9-15303b4720f3,4c0e40a1-ec8b-43c6-97ed-2ac45ff5d1b2,1,ghp,4,482.0,2600.0,20.0,20.0,,,2965.0299999999993,8.0,382.0,0.6666666666666666,6.0,-0.06666666666666665,1,0,19.0,0.0,1.0,1,1,1,1,5.0,1.0,4.0,9.0,0.0,0.6666666666666666,0.33333333333333337,17.0,86.8464705882353,-9.153529411764705,9.624117647058823,84.67,92.26,100.0,84.52,96,28.23,23.2,94.97,1.9992915338292598,0.10025122549019606,0.1503768382352941,0.11479970460067523,-0.17703124999999997,1,0,-0.09534926470588223,0,0,8.0,3117.03,3821.03,-1538.9699999999998,87.46516129032258,,,,0.1257119610281924,0.0,0.0,1.0,0.0,1.0,market_maker,6.0,20280904,20280904/ghp2
h04ar64h,fpjd0ju0,e75d2478-5641-45fa-8bf9-15303b4720f3,4c0e40a1-ec8b-43c6-97ed-2ac45ff5d1b2,1,ghp,5,482.0,2600.0,20.0,4.0,,,3353.1800000000003,7.0,382.0,0.6666666666666666,6.0,-0.06666666666666665,1,0,19.0,0.0,1.0,1,1,1,1,3.0,5.0,-2.0,10.0,1.0,0.25,0.75,31.0,87.46516129032258,-0.5348387096774198,4.3025806451612905,94.97,84.67,97.42,84.65,88,84.67,28.23,96.7,0.12164875398606356,0.04889296187683285,0.06722782258064516,0.018052350204387224,0.10890624999999998,0,0,-0.006077712609970637,0,0,6.0,3369.1800000000003,3849.1800000000003,-1450.8199999999997,96.304,,,,0.12207714884696017,0.0,0.0,1.0,0.0,1.0,market_maker,8.0,20280904,20280904/ghp2
h04ar64h,fpjd0ju0,e75d2478-5641-45fa-8bf9-15303b4720f3,4c0e40a1-ec8b-43c6-97ed-2ac45ff5d1b2,1,ghp,6,482.0,2600.0,20.0,20.0,100.0,5.0,3386.33,8.0,382.0,0.6666666666666666,6.0,-0.06666666666666665,1,0,19.0,0.0,1.0,1,1,1,1,2.0,2.0,0.0,20.0,0.0,0.0,1.0,10.0,96.304,16.304000000000002,16.304000000000002,96.7,94.88,98.1,94.88,80,94.97,84.67,98.0,0.018216278824892074,0.20380000000000004,0.25475000000000003,0.013354076211324006,0.26093750000000004,0,0,0.20380000000000004,0,0,6.0,3494.33,3926.33,-1553.67,97.29230769230769,0.04230769230769238,0.4375,0.4375,0.12166636253041363,0.0,0.0,1.0,0.0,1.0,market_maker,4.0,20280904,20280904/ghp2
h04ar64h,fpjd0ju0,e75d2478-5641-45fa-8bf9-15303b4720f3,4c0e40a1-ec8b-43c6-97ed-2ac45ff5d1b2,1,ghp,7,482.0,2600.0,20.0,4.0,,,2670.6600000000008,15.0,382.0,0.6666666666666666,6.0,-0.06666666666666665,1,0,19.0,0.0,1.0,1,1,1,1,9.0,0.0,9.0,1.0,0.0,1.0,0.0,13.0,97.29230769230769,25.292307692307695,25.292307692307695,98.0,97.03,98.0,97.03,72,96.7,94.97,102.1,0.013443640124095158,0.3512820512820513,0.39519230769230773,0.04098524650004709,0.40625,0,0,0.3512820512820512,0,0,15.0,2678.66,3638.66,-1781.3400000000001,99.89,,,,0.13035362853628538,0.0,0.0,1.0,0.0,1.0,market_maker,9.0,20280904,20280904/ghp2
h04ar64h,fpjd0ju0,e75d2478-5641-45fa-8bf9-15303b4720f3,4c0e40a1-ec8b-43c6-97ed-2ac45ff5d1b2,1,ghp,8,482.0,2600.0,20.0,20.0,,,3224.5900000000006,10.0,382.0,0.6666666666666666,6.0,-0.06666666666666665,1,0,19.0,0.0,1.0,1,1,1,1,0.0,5.0,-5.0,2.0,0.0,1.0,0.0,14.0,99.89,35.89,35.89,102.1,98.17,102.1,98.0,64,98.0,96.7,147.48,0.0418367346938775,0.56078125,0.56078125,0.367739848195324,0.5953124999999999,0,0,0.56078125,0,0,10.0,3372.5899999999997,3932.5899999999997,-1667.4100000000003,119.755,,,,0.11757222222222222,0.0,0.0,1.0,0.0,1.0,market_maker,5.0,20280904,20280904/ghp2
h04ar64h,fpjd0ju0,e75d2478-5641-45fa-8bf9-15303b4720f3,4c0e40a1-ec8b-43c6-97ed-2ac45ff5d1b2,1,ghp,9,482.0,2600.0,20.0,0.0,160.0,5.0,4327.49,3.0,382.0,0.6666666666666666,6.0,-0.06666666666666665,1,0,19.0,0.0,1.0,1,1,1,1,0.0,7.0,-7.0,7.0,2.0,1.0,0.0,24.0,119.755,63.754999999999995,63.754999999999995,147.48,102.21,148.24,102.21,56,102.1,98.0,243.87,0.44446620959843286,1.1384821428571428,0.9961718749999999,0.5029427230606469,1.4293749999999998,0,0,1.1384821428571428,0,0,3.0,4275.49,4419.49,-1060.5100000000002,217.46315789473684,0.8978618421052631,1.75,1.75,0.08637631792376317,0.0,0.0,1.0,0.0,1.0,market_maker,7.0,20280904,20280904/ghp2
h04ar64h,fpjd0ju0,e75d2478-5641-45fa-8bf9-15303b4720f3,4c0e40a1-ec8b-43c6-97ed-2ac45ff5d1b2,1,ghp,10,482.0,2600.0,20.0,8.0,,,4556.799999999999,2.0,382.0,0.6666666666666666,6.0,-0.06666666666666665,1,0,19.0,0.0,1.0,1,1,1,1,1.0,2.0,-1.0,2.0,1.0,0.3333333333333333,0.6666666666666667,19.0,217.46315789473684,169.46315789473684,169.46315789473684,243.87,150.0,244.67,150.0,48,147.48,102.1,256.71,0.6535801464605371,3.530482456140351,2.647861842105263,0.05131174667148297,3.06046875,0,0,3.530482456140351,0,0,2.0,4520.800000000001,4600.800000000001,-879.1999999999989,257.6685,,,,0.16225324412003247,0.0,0.0,1.0,0.0,1.0,market_maker,3.0,20280904,20280904/ghp2
h04ar64h,fpjd0ju0,e75d2478-5641-45fa-8bf9-15303b4720f3,4c0e40a1-ec8b-43c6-97ed-2ac45ff5d1b2,1,ghp,11,482.0,2600.0,20.0,8.0,,,3548.259999999999,6.0,382.0,0.6666666666666666,6.0,-0.06666666666666665,1,0,19.0,0.0,1.0,1,1,1,1,4.0,0.0,4.0,6.0,0.0,1.0,0.0,20.0,257.6685,217.6685,217.6685,256.71,250.33,278.92,250.33,40,243.87,147.48,251.86,0.05265100258334354,5.4417124999999995,3.4010703125,-0.019073665520372707,3.3860937499999997,0,0,5.4417124999999995,0,0,6.0,3544.2600000000007,3736.2600000000007,-1743.7399999999993,254.2076923076923,,,,0.17096096918085965,0.0,0.0,1.0,0.0,1.0,market_maker,4.0,20280904,20280904/ghp2
h04ar64h,fpjd0ju0,e75d2478-5641-45fa-8bf9-15303b4720f3,4c0e40a1-ec8b-43c6-97ed-2ac45ff5d1b2,1,ghp,12,482.0,2600.0,20.0,8.0,260.0,4.0,2067.7599999999993,12.0,382.0,0.6666666666666666,6.0,-0.06666666666666665,1,0,19.0,0.0,1.0,1,1,1,1,6.0,0.0,6.0,0.0,0.0,1.0,0.0,13.0,254.2076923076923,222.2076923076923,222.2076923076923,251.86,256.7,256.7,251.86,32,256.71,243.87,140.0,-0.01889291418331962,6.943990384615384,3.471995192307692,-0.5872309549683967,3.4353125,0,0,6.943990384615384,1,1,12.0,2111.76,2399.76,-3080.24,183.362,,,,0.2607398621248986,0.0,0.0,1.0,0.0,1.0,market_maker,6.0,20280904,20280904/ghp2
h04ar64h,fpjd0ju0,e75d2478-5641-45fa-8bf9-15303b4720f3,4c0e40a1-ec8b-43c6-97ed-2ac45ff5d1b2,1,ghp,13,482.0,2600.0,20.0,8.0,,,1339.1399999999994,27.0,382.0,0.6666666666666666,6.0,-0.06666666666666665,1,0,19.0,0.0,1.0,1,1,1,1,5.0,0.0,5.0,10.0,0.0,1.0,0.0,15.0,183.362,159.362,159.362,140.0,250.05,250.05,140.0,24,251.86,256.71,95.25,-0.4441356309060589,6.640083333333333,2.49003125,-0.38513740860249346,1.8125,0,0,6.640083333333333,1,0,17.0,1423.1400000000003,1695.1400000000003,-3784.8599999999997,105.67947368421054,,,,0.2804641119221411,0.0,0.0,1.0,0.0,1.0,market_maker,5.0,20280904,20280904/ghp2
h04ar64h,fpjd0ju0,e75d2478-5641-45fa-8bf9-15303b4720f3,4c0e40a1-ec8b-43c6-97ed-2ac45ff5d1b2,1,ghp,14,482.0,2600.0,20.0,8.0,,,566.9399999999996,39.0,382.0,0.6666666666666666,6.0,-0.06666666666666665,1,0,19.0,0.0,1.0,1,1,1,1,10.0,0.0,10.0,12.0,0.0,1.0,0.0,38.0,105.67947368421054,89.67947368421054,89.67947368421054,95.25,128.3,128.3,95.25,16,140.0,251.86,95.05,-0.3196428571428571,5.6049671052631584,1.4012417763157896,-0.0021019450723720468,1.23828125,0,0,5.6049671052631584,0,0,27.0,650.9400000000005,866.9400000000005,-4613.0599999999995,95.15181818181819,,,,0.3122325628548256,0.0,0.0,1.0,0.0,1.0,market_maker,10.0,20280904,20280904/ghp2
h04ar64h,fpjd0ju0,e75d2478-5641-45fa-8bf9-15303b4720f3,4c0e40a1-ec8b-43c6-97ed-2ac45ff5d1b2,1,ghp,15,482.0,2600.0,20.0,4.0,,,117.80999999999943,66.0,382.0,0.6666666666666666,6.0,-0.06666666666666665,1,0,19.0,0.0,1.0,1,1,1,1,9.0,1.0,8.0,32.0,0.0,0.8,0.19999999999999996,11.0,95.15181818181819,87.15181818181817,87.15181818181817,95.05,95.25,95.25,95.05,8,95.25,140.0,,-0.0020997375328084544,10.893977272727271,1.361747159090909,,1.36015625,0,0,10.893977272727273,1,1,35.0,29.8100000000004,29.8100000000004,-5390.19,,,,,0.33846217712177123,0.0,0.0,1.0,0.0,1.0,market_maker,10.0,20280904,20280904/ghp2
h04ar64h,ypfasl0o,e75d2478-5641-45fa-8bf9-15303b4720f3,83dba17b-0af0-4a73-8c79-a9cfacf59366,1,ghp,1,4209.0,3800.0,10.0,8.0,,,3800.0,10.0,4089.0,0.8333333333333334,5.0,-0.33333333333333337,2,0,22.0,0.0,1.0,1,1,1,1,0.0,0.0,0.0,0.0,0.0,,,4.0,19.21,-100.79,100.79,19.95,18.63,19.95,18.63,120,,,23.2,,0.8399166666666668,1.57484375,0.150923135336392,-1.56328125,0,0,-0.8399166666666666,0,0,10.0,3880.0,5000.0,0.0,22.683809523809526,,,,0.021282555555555548,0.0,0.0,1.0,0.0,1.0,market_maker,0.0,20280904,20280904/ghp2
h04ar64h,ypfasl0o,e75d2478-5641-45fa-8bf9-15303b4720f3,83dba17b-0af0-4a73-8c79-a9cfacf59366,1,ghp,2,4209.0,3800.0,10.0,8.0,,,4091.6799999999985,2.0,4089.0,0.8333333333333334,5.0,-0.33333333333333337,2,0,22.0,0.0,1.0,1,1,1,1,1.0,10.0,-9.0,27.0,17.0,0.8181818181818182,0.18181818181818177,21.0,22.683809523809526,-89.31619047619049,89.31619047619049,23.2,20.0,23.2,20.0,112,19.95,,28.23,0.162907268170426,0.7974659863945579,1.3955654761904763,0.19623296359313347,-1.3875,0,0,-0.7974659863945578,0,0,1.0,4099.68,4203.68,-796.3199999999997,26.649,,,,0.0963262222222222,0.0,0.0,1.0,0.0,1.0,market_maker,11.0,20280904,20280904/ghp2
h04ar64h,ypfasl0o,e75d2478-5641-45fa-8bf9-15303b4720f3,83dba17b-0af0-4a73-8c79-a9cfacf59366,1,ghp,3,4209.0,3800.0,10.0,20.0,0.0,0.0,3727.3999999999983,15.0,4089.0,0.8333333333333334,5.0,-0.33333333333333337,2,0,22.0,0.0,1.0,1,1,1,1,15.0,1.0,14.0,26.0,22.0,0.875,0.125,20.0,26.649,-77.351,77.351,28.23,23.21,28.23,23.21,104,23.2,19.95,84.67,0.2168103448275862,0.7437596153846153,1.208609375,1.098376105388788,-1.18390625,0,0,-0.7437596153846153,0,0,15.0,4019.3999999999996,5459.4,279.39999999999964,86.8464705882353,1.3569761029411767,1.5,-1.5,0.12634126984126987,0.0,0.0,1.0,0.0,1.0,market_maker,16.0,20280904,20280904/ghp2
h04ar64h,ypfasl0o,e75d2478-5641-45fa-8bf9-15303b4720f3,83dba17b-0af0-4a73-8c79-a9cfacf59366,1,ghp,4,4209.0,3800.0,10.0,20.0,,,4181.369999999998,16.0,4089.0,0.8333333333333334,5.0,-0.33333333333333337,2,0,22.0,0.0,1.0,1,1,1,1,2.0,4.0,-2.0,35.0,29.0,0.3333333333333333,0.6666666666666667,17.0,86.8464705882353,-9.153529411764705,9.624117647058823,84.67,92.26,100.0,84.52,96,28.23,23.2,94.97,1.9992915338292598,0.10025122549019606,0.1503768382352941,0.11479970460067523,-0.17703124999999997,1,0,-0.09534926470588223,0,0,13.0,4433.37,5577.37,217.3699999999999,87.46516129032258,,,,0.1257119610281924,0.0,0.0,1.0,0.0,1.0,market_maker,6.0,20280904,20280904/ghp2
h04ar64h,ypfasl0o,e75d2478-5641-45fa-8bf9-15303b4720f3,83dba17b-0af0-4a73-8c79-a9cfacf59366,1,ghp,5,4209.0,3800.0,10.0,4.0,,,3818.329999999996,31.0,4089.0,0.8333333333333334,5.0,-0.33333333333333337,2,0,22.0,0.0,1.0,1,1,1,1,10.0,2.0,8.0,34.0,27.0,0.6666666666666666,0.33333333333333337,31.0,87.46516129032258,-0.5348387096774198,4.3025806451612905,94.97,84.67,97.42,84.65,88,84.67,28.23,96.7,0.12164875398606356,0.04889296187683285,0.06722782258064516,0.018052350204387224,0.10890624999999998,0,0,-0.006077712609970637,0,0,21.0,3834.3300000000004,5514.33,214.32999999999993,96.304,,,,0.12207714884696017,0.0,0.0,1.0,0.0,1.0,market_maker,12.0,20280904,20280904/ghp2
h04ar64h,ypfasl0o,e75d2478-5641-45fa-8bf9-15303b4720f3,83dba17b-0af0-4a73-8c79-a9cfacf59366,1,ghp,6,4209.0,3800.0,10.0,20.0,90.0,4.0,4320.229999999997,23.0,4089.0,0.8333333333333334,5.0,-0.33333333333333337,2,0,22.0,0.0,1.0,1,1,1,1,2.0,6.0,-4.0,31.0,23.0,0.5,0.5,10.0,96.304,16.304000000000002,16.304000000000002,96.7,94.88,98.1,94.88,80,94.97,84.67,98.0,0.018216278824892074,0.20380000000000004,0.25475000000000003,0.013354076211324006,0.26093750000000004,0,0,0.20380000000000004,0,0,17.0,4552.23,5776.23,296.22999999999956,97.29230769230769,0.11394230769230762,0.28125,0.28125,0.12166636253041363,0.0,0.0,1.0,0.0,1.0,market_maker,8.0,20280904,20280904/ghp2
h04ar64h,ypfasl0o,e75d2478-5641-45fa-8bf9-15303b4720f3,83dba17b-0af0-4a73-8c79-a9cfacf59366,1,ghp,7,4209.0,3800.0,10.0,4.0,,,5947.029999999999,5.0,4089.0,0.8333333333333334,5.0,-0.33333333333333337,2,0,22.0,0.0,1.0,1,1,1,1,0.0,12.0,-12.0,20.0,9.0,1.0,0.0,13.0,97.29230769230769,25.292307692307695,25.292307692307695,98.0,97.03,98.0,97.03,72,96.7,94.97,102.1,0.013443640124095158,0.3512820512820513,0.39519230769230773,0.04098524650004709,0.40625,0,0,0.3512820512820512,0,0,5.0,5739.030000000001,6059.030000000001,639.0300000000007,99.89,,,,0.13035362853628538,0.0,0.0,1.0,0.0,1.0,market_maker,12.0,20280904,20280904/ghp2
h04ar64h,ypfasl0o,e75d2478-5641-45fa-8bf9-15303b4720f3,83dba17b-0af0-4a73-8c79-a9cfacf59366,1,ghp,8,4209.0,3800.0,10.0,20.0,,,6374.3,2.0,4089.0,0.8333333333333334,5.0,-0.33333333333333337,2,0,22.0,0.0,1.0,1,1,1,1,2.0,6.0,-4.0,24.0,16.0,0.5,0.5,14.0,99.89,35.89,35.89,102.1,98.17,102.1,98.0,64,98.0,96.7,147.48,0.0418367346938775,0.56078125,0.56078125,0.367739848195324,0.5953124999999999,0,0,0.56078125,0,0,1.0,6166.299999999999,6222.299999999999,622.2999999999993,119.755,,,,0.11757222222222222,0.0,0.0,1.0,0.0,1.0,market_maker,8.0,20280904,20280904/ghp2
h04ar64h,ypfasl0o,e75d2478-5641-45fa-8bf9-15303b4720f3,83dba17b-0af0-4a73-8c79-a9cfacf59366,1,ghp,9,4209.0,3800.0,10.0,0.0,100.0,4.0,6830.33,0.0,4089.0,0.8333333333333334,5.0,-0.33333333333333337,2,0,22.0,0.0,1.0,1,1,1,1,1.0,5.0,-4.0,14.0,13.0,0.6666666666666666,0.33333333333333337,24.0,119.755,63.754999999999995,63.754999999999995,147.48,102.21,148.24,102.21,56,102.1,98.0,243.87,0.44446620959843286,1.1384821428571428,0.9961718749999999,0.5029427230606469,1.4293749999999998,0,0,1.1384821428571428,0,0,-3.0,6582.33,6438.33,958.3299999999999,217.46315789473684,1.835361842105263,0.8125,0.8125,0.08637631792376317,0.0,0.0,1.0,0.0,1.0,market_maker,6.0,20280904,20280904/ghp2
h04ar64h,ypfasl0o,e75d2478-5641-45fa-8bf9-15303b4720f3,83dba17b-0af0-4a73-8c79-a9cfacf59366,1,ghp,10,4209.0,3800.0,10.0,8.0,,,7118.399999999999,0.0,4089.0,0.8333333333333334,5.0,-0.33333333333333337,2,0,22.0,0.0,1.0,1,1,1,1,5.0,5.0,0.0,15.0,10.0,0.0,1.0,19.0,217.46315789473684,169.46315789473684,169.46315789473684,243.87,150.0,244.67,150.0,48,147.48,102.1,256.71,0.6535801464605371,3.530482456140351,2.647861842105263,0.05131174667148297,3.06046875,0,0,3.530482456140351,0,0,-3.0,6846.400000000001,6726.400000000001,1246.4000000000005,257.6685,,,,0.16225324412003247,0.0,0.0,1.0,0.0,1.0,market_maker,10.0,20280904,20280904/ghp2
h04ar64h,ypfasl0o,e75d2478-5641-45fa-8bf9-15303b4720f3,83dba17b-0af0-4a73-8c79-a9cfacf59366,1,ghp,11,4209.0,3800.0,10.0,8.0,,,5043.250000000001,10.0,4089.0,0.8333333333333334,5.0,-0.33333333333333337,2,0,22.0,0.0,1.0,1,1,1,1,8.0,0.0,8.0,19.0,7.0,1.0,0.0,20.0,257.6685,217.6685,217.6685,256.71,250.33,278.92,250.33,40,243.87,147.48,251.86,0.05265100258334354,5.4417124999999995,3.4010703125,-0.019073665520372707,3.3860937499999997,0,0,5.4417124999999995,0,0,5.0,4811.25,4971.25,-508.75,254.2076923076923,,,,0.17096096918085965,0.0,0.0,1.0,0.0,1.0,market_maker,8.0,20280904,20280904/ghp2
h04ar64h,ypfasl0o,e75d2478-5641-45fa-8bf9-15303b4720f3,83dba17b-0af0-4a73-8c79-a9cfacf59366,1,ghp,12,4209.0,3800.0,10.0,8.0,100.0,3.0,3601.0200000000004,23.0,4089.0,0.8333333333333334,5.0,-0.33333333333333337,2,0,22.0,0.0,1.0,1,1,1,1,7.0,1.0,6.0,13.0,9.0,0.75,0.25,13.0,254.2076923076923,222.2076923076923,222.2076923076923,251.86,256.7,256.7,251.86,32,256.71,243.87,140.0,-0.01889291418331962,6.943990384615384,3.471995192307692,-0.5872309549683967,3.4353125,0,0,6.943990384615384,1,1,11.0,3377.0199999999995,3641.0199999999995,-1838.9800000000005,183.362,1.30253125,1.1875,1.1875,0.2607398621248986,0.0,0.0,1.0,0.0,1.0,market_maker,8.0,20280904,20280904/ghp2
h04ar64h,ypfasl0o,e75d2478-5641-45fa-8bf9-15303b4720f3,83dba17b-0af0-4a73-8c79-a9cfacf59366,1,ghp,13,4209.0,3800.0,10.0,8.0,,,4081.11,11.0,4089.0,0.8333333333333334,5.0,-0.33333333333333337,2,0,22.0,0.0,1.0,1,1,1,1,2.0,5.0,-3.0,21.0,21.0,0.42857142857142855,0.5714285714285714,15.0,183.362,159.362,159.362,140.0,250.05,250.05,140.0,24,251.86,256.71,95.25,-0.4441356309060589,6.640083333333333,2.49003125,-0.38513740860249346,1.8125,0,0,6.640083333333333,1,0,8.0,3737.1100000000006,3865.1100000000006,-1614.8899999999994,105.67947368421054,,,,0.2804641119221411,0.0,0.0,1.0,0.0,1.0,market_maker,7.0,20280904,20280904/ghp2
h04ar64h,ypfasl0o,e75d2478-5641-45fa-8bf9-15303b4720f3,83dba17b-0af0-4a73-8c79-a9cfacf59366,1,ghp,14,4209.0,3800.0,10.0,8.0,,,5119.409999999998,4.0,4089.0,0.8333333333333334,5.0,-0.33333333333333337,2,0,22.0,0.0,1.0,1,1,1,1,3.0,12.0,-9.0,13.0,9.0,0.6,0.4,38.0,105.67947368421054,89.67947368421054,89.67947368421054,95.25,128.3,128.3,95.25,16,140.0,251.86,95.05,-0.3196428571428571,5.6049671052631584,1.4012417763157896,-0.0021019450723720468,1.23828125,0,0,5.6049671052631584,0,0,-1.0,4679.409999999999,4671.409999999999,-808.590000000001,95.15181818181819,,,,0.3122325628548256,0.0,0.0,1.0,0.0,1.0,market_maker,15.0,20280904,20280904/ghp2
h04ar64h,ypfasl0o,e75d2478-5641-45fa-8bf9-15303b4720f3,83dba17b-0af0-4a73-8c79-a9cfacf59366,1,ghp,15,4209.0,3800.0,10.0,4.0,,,5151.409999999998,4.0,4089.0,0.8333333333333334,5.0,-0.33333333333333337,2,0,22.0,0.0,1.0,1,1,1,1,0.0,0.0,0.0,13.0,0.0,,,11.0,95.15181818181819,87.15181818181817,87.15181818181817,95.05,95.25,95.25,95.05,8,95.25,140.0,,-0.0020997375328084544,10.893977272727271,1.361747159090909,,1.36015625,0,0,10.893977272727273,1,1,-1.0,4675.409999999999,4675.409999999999,-744.590000000001,,,,,0.33846217712177123,0.0,0.0,1.0,0.0,1.0,market_maker,0.0,20280904,20280904/ghp2
h04ar64h,gfn2r8vo,e75d2478-5641-45fa-8bf9-15303b4720f3,8dd4a26c-c32c-4462-a1d2-afa867669de4,1,ghp,1,1205.0,3800.0,10.0,8.0,,,3723.16,14.0,1115.0,0.75,5.0,-0.25,2,0,22.0,0.0,1.0,0,1,1,1,4.0,0.0,4.0,20.0,18.0,1.0,0.0,4.0,19.21,-100.79,100.79,19.95,18.63,19.95,18.63,120,,,23.2,,0.8399166666666668,1.57484375,0.150923135336392,-1.56328125,0,0,-0.8399166666666666,0,0,14.0,3835.16,5403.16,403.15999999999985,22.683809523809526,,,,0.021282555555555548,0.0,1.0,0.0,0.0,0.0,speculator,4.0,20280904,20280904/ghp2
h04ar64h,gfn2r8vo,e75d2478-5641-45fa-8bf9-15303b4720f3,8dd4a26c-c32c-4462-a1d2-afa867669de4,1,ghp,2,1205.0,3800.0,10.0,8.0,,,3444.060000000001,31.0,1115.0,0.75,5.0,-0.25,2,0,22.0,0.0,1.0,0,1,1,1,17.0,0.0,17.0,32.0,26.0,1.0,0.0,21.0,22.683809523809526,-89.31619047619049,89.31619047619049,23.2,20.0,23.2,20.0,112,19.95,,28.23,0.162907268170426,0.7974659863945579,1.3955654761904763,0.19623296359313347,-1.3875,0,0,-0.7974659863945578,0,0,31.0,3692.06,6916.0599999999995,1916.0599999999995,26.649,,,,0.0963262222222222,0.0,1.0,0.0,0.0,0.0,speculator,17.0,20280904,20280904/ghp2
h04ar64h,gfn2r8vo,e75d2478-5641-45fa-8bf9-15303b4720f3,8dd4a26c-c32c-4462-a1d2-afa867669de4,1,ghp,3,1205.0,3800.0,10.0,20.0,30.0,5.0,3637.260000000001,33.0,1115.0,0.75,5.0,-0.25,2,0,22.0,0.0,1.0,0,1,1,1,2.0,0.0,2.0,34.0,33.0,1.0,0.0,20.0,26.649,-77.351,77.351,28.23,23.21,28.23,23.21,104,23.2,19.95,84.67,0.2168103448275862,0.7437596153846153,1.208609375,1.098376105388788,-1.18390625,0,0,-0.7437596153846153,0,0,33.0,4297.26,7465.26,2285.26,86.8464705882353,0.8882261029411767,1.03125,-1.03125,0.12634126984126987,0.0,1.0,0.0,0.0,0.0,speculator,2.0,20280904,20280904/ghp2
h04ar64h,gfn2r8vo,e75d2478-5641-45fa-8bf9-15303b4720f3,8dd4a26c-c32c-4462-a1d2-afa867669de4,1,ghp,4,1205.0,3800.0,10.0,20.0,,,5150.640000000002,28.0,1115.0,0.75,5.0,-0.25,2,0,22.0,0.0,1.0,0,1,1,1,0.0,10.0,-10.0,17.0,3.0,1.0,0.0,17.0,86.8464705882353,-9.153529411764705,9.624117647058823,84.67,92.26,100.0,84.52,96,28.23,23.2,94.97,1.9992915338292598,0.10025122549019606,0.1503768382352941,0.11479970460067523,-0.17703124999999997,1,0,-0.09534926470588223,0,0,23.0,5610.64,7634.64,2274.6400000000003,87.46516129032258,,,,0.1257119610281924,0.0,1.0,0.0,0.0,0.0,speculator,10.0,20280904,20280904/ghp2
h04ar64h,gfn2r8vo,e75d2478-5641-45fa-8bf9-15303b4720f3,8dd4a26c-c32c-4462-a1d2-afa867669de4,1,ghp,5,1205.0,3800.0,10.0,4.0,,,7669.830000000006,0.0,1115.0,0.75,5.0,-0.25,2,0,22.0,0.0,1.0,0,1,1,1,0.0,23.0,-23.0,16.0,0.0,1.0,0.0,31.0,87.46516129032258,-0.5348387096774198,4.3025806451612905,94.97,84.67,97.42,84.65,88,84.67,28.23,96.7,0.12164875398606356,0.04889296187683285,0.06722782258064516,0.018052350204387224,0.10890624999999998,0,0,-0.006077712609970637,0,0,0.0,7569.83,7569.83,2269.83,96.304,,,,0.12207714884696017,0.0,1.0,0.0,0.0,0.0,speculator,23.0,20280904,20280904/ghp2
h04ar64h,gfn2r8vo,e75d2478-5641-45fa-8bf9-15303b4720f3,8dd4a26c-c32c-4462-a1d2-afa867669de4,1,ghp,6,1205.0,3800.0,10.0,20.0,130.0,3.0,7574.080000000006,1.0,1115.0,0.75,5.0,-0.25,2,0,22.0,0.0,1.0,0,1,1,1,1.0,0.0,1.0,41.0,40.0,1.0,0.0,10.0,96.304,16.304000000000002,16.304000000000002,96.7,94.88,98.1,94.88,80,94.97,84.67,98.0,0.018216278824892074,0.20380000000000004,0.25475000000000003,0.013354076211324006,0.26093750000000004,0,0,0.20380000000000004,0,0,1.0,7494.08,7566.08,2086.08,97.29230769230769,0.5110576923076924,0.90625,0.90625,0.12166636253041363,0.0,1.0,0.0,0.0,0.0,speculator,1.0,20280904,20280904/ghp2
h04ar64h,gfn2r8vo,e75d2478-5641-45fa-8bf9-15303b4720f3,8dd4a26c-c32c-4462-a1d2-afa867669de4,1,ghp,7,1205.0,3800.0,10.0,4.0,,,7301.980000000006,4.0,1115.0,0.75,5.0,-0.25,2,0,22.0,0.0,1.0,0,1,1,1,3.0,0.0,3.0,33.0,32.0,1.0,0.0,13.0,97.29230769230769,25.292307692307695,25.292307692307695,98.0,97.03,98.0,97.03,72,96.7,94.97,102.1,0.013443640124095158,0.3512820512820513,0.39519230769230773,0.04098524650004709,0.40625,0,0,0.3512820512820512,0,0,4.0,7217.98,7473.98,2053.9799999999996,99.89,,,,0.13035362853628538,0.0,1.0,0.0,0.0,0.0,speculator,3.0,20280904,20280904/ghp2
h04ar64h,gfn2r8vo,e75d2478-5641-45fa-8bf9-15303b4720f3,8dd4a26c-c32c-4462-a1d2-afa867669de4,1,ghp,8,1205.0,3800.0,10.0,20.0,,,6313.7000000000035,14.0,1115.0,0.75,5.0,-0.25,2,0,22.0,0.0,1.0,0,1,1,1,10.0,0.0,10.0,22.0,19.0,1.0,0.0,14.0,99.89,35.89,35.89,102.1,98.17,102.1,98.0,64,98.0,96.7,147.48,0.0418367346938775,0.56078125,0.56078125,0.367739848195324,0.5953124999999999,0,0,0.56078125,0,0,14.0,6493.7,7277.7,1677.6999999999998,119.755,,,,0.11757222222222222,0.0,1.0,0.0,0.0,0.0,speculator,10.0,20280904,20280904/ghp2
h04ar64h,gfn2r8vo,e75d2478-5641-45fa-8bf9-15303b4720f3,8dd4a26c-c32c-4462-a1d2-afa867669de4,1,ghp,9,1205.0,3800.0,10.0,0.0,170.0,3.0,4031.100000000003,35.0,1115.0,0.75,5.0,-0.25,2,0,22.0,0.0,1.0,0,1,1,1,21.0,0.0,21.0,39.0,9.0,1.0,0.0,24.0,119.755,63.754999999999995,63.754999999999995,147.48,102.21,148.24,102.21,56,102.1,98.0,243.87,0.44446620959843286,1.1384821428571428,0.9961718749999999,0.5029427230606469,1.4293749999999998,0,0,1.1384821428571428,0,0,35.0,3931.0999999999995,5611.099999999999,131.09999999999945,217.46315789473684,0.7416118421052631,1.90625,1.90625,0.08637631792376317,0.0,1.0,0.0,0.0,0.0,speculator,21.0,20280904,20280904/ghp2
h04ar64h,gfn2r8vo,e75d2478-5641-45fa-8bf9-15303b4720f3,8dd4a26c-c32c-4462-a1d2-afa867669de4,1,ghp,10,1205.0,3800.0,10.0,8.0,,,1036.2000000000037,48.0,1115.0,0.75,5.0,-0.25,2,0,22.0,0.0,1.0,0,1,1,1,13.0,0.0,13.0,15.0,0.0,1.0,0.0,19.0,217.46315789473684,169.46315789473684,169.46315789473684,243.87,150.0,244.67,150.0,48,147.48,102.1,256.71,0.6535801464605371,3.530482456140351,2.647861842105263,0.05131174667148297,3.06046875,0,0,3.530482456140351,0,0,48.0,1320.1999999999998,3240.2,-2239.8,257.6685,,,,0.16225324412003247,0.0,1.0,0.0,0.0,0.0,speculator,13.0,20280904,20280904/ghp2
h04ar64h,gfn2r8vo,e75d2478-5641-45fa-8bf9-15303b4720f3,8dd4a26c-c32c-4462-a1d2-afa867669de4,1,ghp,11,1205.0,3800.0,10.0,8.0,,,5276.050000000004,66.0,1115.0,0.75,5.0,-0.25,2,0,22.0,0.0,1.0,0,1,1,1,0.0,15.0,-15.0,44.0,15.0,1.0,0.0,20.0,257.6685,217.6685,217.6685,256.71,250.33,278.92,250.33,40,243.87,147.48,251.86,0.05265100258334354,5.4417124999999995,3.4010703125,-0.019073665520372707,3.3860937499999997,0,0,5.4417124999999995,0,0,33.0,5440.05,6496.05,1016.0500000000002,254.2076923076923,,,,0.17096096918085965,0.0,1.0,0.0,0.0,0.0,speculator,15.0,20280904,20280904/ghp2
h04ar64h,gfn2r8vo,e75d2478-5641-45fa-8bf9-15303b4720f3,8dd4a26c-c32c-4462-a1d2-afa867669de4,1,ghp,12,1205.0,3800.0,10.0,8.0,200.0,3.0,7331.160000000004,31.0,1115.0,0.75,5.0,-0.25,2,0,22.0,0.0,1.0,0,1,1,1,0.0,6.0,-6.0,36.0,29.0,1.0,0.0,13.0,254.2076923076923,222.2076923076923,222.2076923076923,251.86,256.7,256.7,251.86,32,256.71,243.87,140.0,-0.01889291418331962,6.943990384615384,3.471995192307692,-0.5872309549683967,3.4353125,0,0,6.943990384615384,1,1,27.0,7183.159999999999,7831.159999999999,2351.159999999999,183.362,0.2599687500000001,2.75,2.75,0.2607398621248986,0.0,1.0,0.0,0.0,0.0,speculator,6.0,20280904,20280904/ghp2
h04ar64h,gfn2r8vo,e75d2478-5641-45fa-8bf9-15303b4720f3,8dd4a26c-c32c-4462-a1d2-afa867669de4,1,ghp,13,1205.0,3800.0,10.0,8.0,,,7089.760000000004,58.0,1115.0,0.75,5.0,-0.25,2,0,22.0,0.0,1.0,0,1,1,1,8.0,5.0,3.0,47.0,15.0,0.23076923076923078,0.7692307692307692,15.0,183.362,159.362,159.362,140.0,250.05,250.05,140.0,24,251.86,256.71,95.25,-0.4441356309060589,6.640083333333333,2.49003125,-0.38513740860249346,1.8125,0,0,6.640083333333333,1,0,30.0,6933.76,7413.76,1933.7600000000002,105.67947368421054,,,,0.2804641119221411,0.0,1.0,0.0,0.0,0.0,speculator,13.0,20280904,20280904/ghp2
h04ar64h,gfn2r8vo,e75d2478-5641-45fa-8bf9-15303b4720f3,8dd4a26c-c32c-4462-a1d2-afa867669de4,1,ghp,14,1205.0,3800.0,10.0,8.0,,,6676.440000000005,78.0,1115.0,0.75,5.0,-0.25,2,0,22.0,0.0,1.0,0,1,1,1,17.0,8.0,9.0,45.0,0.0,0.36,0.64,38.0,105.67947368421054,89.67947368421054,89.67947368421054,95.25,128.3,128.3,95.25,16,140.0,251.86,95.05,-0.3196428571428571,5.6049671052631584,1.4012417763157896,-0.0021019450723720468,1.23828125,0,0,5.6049671052631584,0,0,39.0,6368.4400000000005,6680.4400000000005,1200.4400000000005,95.15181818181819,,,,0.3122325628548256,0.0,1.0,0.0,0.0,0.0,speculator,25.0,20280904,20280904/ghp2
h04ar64h,gfn2r8vo,e75d2478-5641-45fa-8bf9-15303b4720f3,8dd4a26c-c32c-4462-a1d2-afa867669de4,1,ghp,15,1205.0,3800.0,10.0,4.0,,,7490.870000000005,37.0,1115.0,0.75,5.0,-0.25,2,0,22.0,0.0,1.0,0,1,1,1,0.0,2.0,-2.0,38.0,37.0,1.0,0.0,11.0,95.15181818181819,87.15181818181817,87.15181818181817,95.05,95.25,95.25,95.05,8,95.25,140.0,,-0.0020997375328084544,10.893977272727271,1.361747159090909,,1.36015625,0,0,10.893977272727273,1,1,37.0,6706.869999999999,6706.869999999999,1286.869999999999,,,,,0.33846217712177123,0.0,1.0,0.0,0.0,0.0,speculator,2.0,20280904,20280904/ghp2
h04ar64h,j6legxhq,e75d2478-5641-45fa-8bf9-15303b4720f3,a05bfac5-0418-4559-bfc4-3c0dd45bcd36,1,ghp,1,5335.0,3800.0,10.0,8.0,,,3800.0,10.0,5255.0,0.6666666666666666,0.0,-0.6666666666666666,1,1,19.0,0.0,0.0,1,1,1,1,0.0,0.0,0.0,4.0,1.0,,,4.0,19.21,-100.79,100.79,19.95,18.63,19.95,18.63,120,,,23.2,,0.8399166666666668,1.57484375,0.150923135336392,-1.56328125,0,0,-0.8399166666666666,0,0,10.0,3880.0,5000.0,0.0,22.683809523809526,,,,0.021282555555555548,0.0,0.0,1.0,0.0,1.0,market_maker,0.0,20280904,20280904/ghp2
h04ar64h,j6legxhq,e75d2478-5641-45fa-8bf9-15303b4720f3,a05bfac5-0418-4559-bfc4-3c0dd45bcd36,1,ghp,2,5335.0,3800.0,10.0,8.0,,,3835.98,13.0,5255.0,0.6666666666666666,0.0,-0.6666666666666666,1,1,19.0,0.0,0.0,1,1,1,1,2.0,0.0,2.0,4.0,0.0,1.0,0.0,21.0,22.683809523809526,-89.31619047619049,89.31619047619049,23.2,20.0,23.2,20.0,112,19.95,,28.23,0.162907268170426,0.7974659863945579,1.3955654761904763,0.19623296359313347,-1.3875,0,0,-0.7974659863945578,0,0,12.0,3931.98,5179.98,179.97999999999956,26.649,,,,0.0963262222222222,0.0,0.0,1.0,0.0,1.0,market_maker,2.0,20280904,20280904/ghp2
h04ar64h,j6legxhq,e75d2478-5641-45fa-8bf9-15303b4720f3,a05bfac5-0418-4559-bfc4-3c0dd45bcd36,1,ghp,3,5335.0,3800.0,10.0,20.0,200.0,4.0,3995.04,10.0,5255.0,0.6666666666666666,0.0,-0.6666666666666666,1,1,19.0,0.0,0.0,1,1,1,1,2.0,4.0,-2.0,11.0,1.0,0.3333333333333333,0.6666666666666667,20.0,26.649,-77.351,77.351,28.23,23.21,28.23,23.21,104,23.2,19.95,84.67,0.2168103448275862,0.7437596153846153,1.208609375,1.098376105388788,-1.18390625,0,0,-0.7437596153846153,0,0,10.0,4187.04,5147.04,-32.960000000000036,86.8464705882353,1.7680238970588233,1.625,1.625,0.12634126984126987,0.0,0.0,1.0,0.0,1.0,market_maker,6.0,20280904,20280904/ghp2
h04ar64h,j6legxhq,e75d2478-5641-45fa-8bf9-15303b4720f3,a05bfac5-0418-4559-bfc4-3c0dd45bcd36,1,ghp,4,5335.0,3800.0,10.0,20.0,,,3749.1399999999994,16.0,5255.0,0.6666666666666666,0.0,-0.6666666666666666,1,1,19.0,0.0,0.0,1,1,1,1,5.0,0.0,5.0,6.0,1.0,1.0,0.0,17.0,86.8464705882353,-9.153529411764705,9.624117647058823,84.67,92.26,100.0,84.52,96,28.23,23.2,94.97,1.9992915338292598,0.10025122549019606,0.1503768382352941,0.11479970460067523,-0.17703124999999997,1,0,-0.09534926470588223,0,0,15.0,4041.14,5361.139999999999,1.139999999999418,87.46516129032258,,,,0.1257119610281924,0.0,0.0,1.0,0.0,1.0,market_maker,5.0,20280904,20280904/ghp2
h04ar64h,j6legxhq,e75d2478-5641-45fa-8bf9-15303b4720f3,a05bfac5-0418-4559-bfc4-3c0dd45bcd36,1,ghp,5,5335.0,3800.0,10.0,4.0,,,3476.2200000000003,23.0,5255.0,0.6666666666666666,0.0,-0.6666666666666666,1,1,19.0,0.0,0.0,1,1,1,1,7.0,0.0,7.0,6.0,2.0,1.0,0.0,31.0,87.46516129032258,-0.5348387096774198,4.3025806451612905,94.97,84.67,97.42,84.65,88,84.67,28.23,96.7,0.12164875398606356,0.04889296187683285,0.06722782258064516,0.018052350204387224,0.10890624999999998,0,0,-0.006077712609970637,0,0,22.0,3536.2200000000003,5296.22,-3.7799999999997453,96.304,,,,0.12207714884696017,0.0,0.0,1.0,0.0,1.0,market_maker,7.0,20280904,20280904/ghp2
h04ar64h,j6legxhq,e75d2478-5641-45fa-8bf9-15303b4720f3,a05bfac5-0418-4559-bfc4-3c0dd45bcd36,1,ghp,6,5335.0,3800.0,10.0,20.0,350.0,3.0,3761.59,20.0,5255.0,0.6666666666666666,0.0,-0.6666666666666666,1,1,19.0,0.0,0.0,1,1,1,1,0.0,2.0,-2.0,0.0,0.0,1.0,0.0,10.0,96.304,16.304000000000002,16.304000000000002,96.7,94.88,98.1,94.88,80,94.97,84.67,98.0,0.018216278824892074,0.20380000000000004,0.25475000000000003,0.013354076211324006,0.26093750000000004,0,0,0.20380000000000004,0,0,20.0,4129.59,5569.59,89.59000000000015,97.29230769230769,,,,0.12166636253041363,0.0,0.0,1.0,0.0,1.0,market_maker,2.0,20280904,20280904/ghp2
h04ar64h,j6legxhq,e75d2478-5641-45fa-8bf9-15303b4720f3,a05bfac5-0418-4559-bfc4-3c0dd45bcd36,1,ghp,7,5335.0,3800.0,10.0,4.0,,,4161.59,22.0,5255.0,0.6666666666666666,0.0,-0.6666666666666666,1,1,19.0,0.0,0.0,1,1,1,1,0.0,0.0,0.0,2.0,1.0,,,13.0,97.29230769230769,25.292307692307695,25.292307692307695,98.0,97.03,98.0,97.03,72,96.7,94.97,102.1,0.013443640124095158,0.3512820512820513,0.39519230769230773,0.04098524650004709,0.40625,0,0,0.3512820512820512,0,0,20.0,4209.59,5489.59,69.59000000000015,99.89,,,,0.13035362853628538,0.0,0.0,1.0,0.0,1.0,market_maker,0.0,20280904,20280904/ghp2
h04ar64h,j6legxhq,e75d2478-5641-45fa-8bf9-15303b4720f3,a05bfac5-0418-4559-bfc4-3c0dd45bcd36,1,ghp,8,5335.0,3800.0,10.0,20.0,,,4352.790000000001,19.0,5255.0,0.6666666666666666,0.0,-0.6666666666666666,1,1,19.0,0.0,0.0,1,1,1,1,1.0,2.0,-1.0,3.0,2.0,0.3333333333333333,0.6666666666666667,14.0,99.89,35.89,35.89,102.1,98.17,102.1,98.0,64,98.0,96.7,147.48,0.0418367346938775,0.56078125,0.56078125,0.367739848195324,0.5953124999999999,0,0,0.56078125,0,0,19.0,4692.79,5756.79,156.78999999999996,119.755,,,,0.11757222222222222,0.0,0.0,1.0,0.0,1.0,market_maker,3.0,20280904,20280904/ghp2
h04ar64h,j6legxhq,e75d2478-5641-45fa-8bf9-15303b4720f3,a05bfac5-0418-4559-bfc4-3c0dd45bcd36,1,ghp,9,5335.0,3800.0,10.0,0.0,23.0,3.0,4917.660000000002,19.0,5255.0,0.6666666666666666,0.0,-0.6666666666666666,1,1,19.0,0.0,0.0,1,1,1,1,2.0,3.0,-1.0,3.0,1.0,0.2,0.8,24.0,119.755,63.754999999999995,63.754999999999995,147.48,102.21,148.24,102.21,56,102.1,98.0,243.87,0.44446620959843286,1.1384821428571428,0.9961718749999999,0.5029427230606469,1.4293749999999998,0,0,1.1384821428571428,0,0,18.0,4877.66,5741.66,261.65999999999985,217.46315789473684,3.038486842105263,0.390625,-0.390625,0.08637631792376317,0.0,0.0,1.0,0.0,1.0,market_maker,5.0,20280904,20280904/ghp2
h04ar64h,j6legxhq,e75d2478-5641-45fa-8bf9-15303b4720f3,a05bfac5-0418-4559-bfc4-3c0dd45bcd36,1,ghp,10,5335.0,3800.0,10.0,8.0,,,5292.850000000002,16.0,5255.0,0.6666666666666666,0.0,-0.6666666666666666,1,1,19.0,0.0,0.0,1,1,1,1,0.0,2.0,-2.0,1.0,1.0,1.0,0.0,19.0,217.46315789473684,169.46315789473684,169.46315789473684,243.87,150.0,244.67,150.0,48,147.48,102.1,256.71,0.6535801464605371,3.530482456140351,2.647861842105263,0.05131174667148297,3.06046875,0,0,3.530482456140351,0,0,16.0,5380.85,6020.85,540.8500000000004,257.6685,,,,0.16225324412003247,0.0,0.0,1.0,0.0,1.0,market_maker,2.0,20280904,20280904/ghp2
h04ar64h,j6legxhq,e75d2478-5641-45fa-8bf9-15303b4720f3,a05bfac5-0418-4559-bfc4-3c0dd45bcd36,1,ghp,11,5335.0,3800.0,10.0,8.0,,,3367.170000000002,25.0,5255.0,0.6666666666666666,0.0,-0.6666666666666666,1,1,19.0,0.0,0.0,1,1,1,1,8.0,0.0,8.0,1.0,0.0,1.0,0.0,20.0,257.6685,217.6685,217.6685,256.71,250.33,278.92,250.33,40,243.87,147.48,251.86,0.05265100258334354,5.4417124999999995,3.4010703125,-0.019073665520372707,3.3860937499999997,0,0,5.4417124999999995,0,0,24.0,3519.17,4287.17,-1192.83,254.2076923076923,,,,0.17096096918085965,0.0,0.0,1.0,0.0,1.0,market_maker,8.0,20280904,20280904/ghp2
h04ar64h,j6legxhq,e75d2478-5641-45fa-8bf9-15303b4720f3,a05bfac5-0418-4559-bfc4-3c0dd45bcd36,1,ghp,12,5335.0,3800.0,10.0,8.0,9.0,2.0,3821.3500000000017,29.0,5255.0,0.6666666666666666,0.0,-0.6666666666666666,1,1,19.0,0.0,0.0,1,1,1,1,0.0,1.0,-1.0,6.0,0.0,1.0,0.0,13.0,254.2076923076923,222.2076923076923,222.2076923076923,251.86,256.7,256.7,251.86,32,256.71,243.87,140.0,-0.01889291418331962,6.943990384615384,3.471995192307692,-0.5872309549683967,3.4353125,0,0,6.943990384615384,1,1,23.0,3957.3500000000004,4509.35,-970.6499999999996,183.362,2.72440625,0.234375,-0.234375,0.2607398621248986,0.0,0.0,1.0,0.0,1.0,market_maker,1.0,20280904,20280904/ghp2
h04ar64h,j6legxhq,e75d2478-5641-45fa-8bf9-15303b4720f3,a05bfac5-0418-4559-bfc4-3c0dd45bcd36,1,ghp,13,5335.0,3800.0,10.0,8.0,,,4674.620000000002,24.0,5255.0,0.6666666666666666,0.0,-0.6666666666666666,1,1,19.0,0.0,0.0,1,1,1,1,0.0,3.0,-3.0,5.0,0.0,1.0,0.0,15.0,183.362,159.362,159.362,140.0,250.05,250.05,140.0,24,251.86,256.71,95.25,-0.4441356309060589,6.640083333333333,2.49003125,-0.38513740860249346,1.8125,0,0,6.640083333333333,1,0,20.0,4738.62,5058.62,-421.3800000000001,105.67947368421054,,,,0.2804641119221411,0.0,0.0,1.0,0.0,1.0,market_maker,3.0,20280904,20280904/ghp2
h04ar64h,j6legxhq,e75d2478-5641-45fa-8bf9-15303b4720f3,a05bfac5-0418-4559-bfc4-3c0dd45bcd36,1,ghp,14,5335.0,3800.0,10.0,8.0,,,4267.8600000000015,41.0,5255.0,0.6666666666666666,0.0,-0.6666666666666666,1,1,19.0,0.0,0.0,1,1,1,1,8.0,3.0,5.0,17.0,0.0,0.45454545454545453,0.5454545454545454,38.0,105.67947368421054,89.67947368421054,89.67947368421054,95.25,128.3,128.3,95.25,16,140.0,251.86,95.05,-0.3196428571428571,5.6049671052631584,1.4012417763157896,-0.0021019450723720468,1.23828125,0,0,5.6049671052631584,0,0,25.0,4339.86,4539.86,-940.1400000000003,95.15181818181819,,,,0.3122325628548256,0.0,0.0,1.0,0.0,1.0,market_maker,11.0,20280904,20280904/ghp2
h04ar64h,j6legxhq,e75d2478-5641-45fa-8bf9-15303b4720f3,a05bfac5-0418-4559-bfc4-3c0dd45bcd36,1,ghp,15,5335.0,3800.0,10.0,4.0,,,5166.820000000001,22.0,5255.0,0.6666666666666666,0.0,-0.6666666666666666,1,1,19.0,0.0,0.0,1,1,1,1,0.0,6.0,-6.0,3.0,0.0,1.0,0.0,11.0,95.15181818181819,87.15181818181817,87.15181818181817,95.05,95.25,95.25,95.05,8,95.25,140.0,,-0.0020997375328084544,10.893977272727271,1.361747159090909,,1.36015625,0,0,10.893977272727273,1,1,19.0,4986.820000000001,4986.820000000001,-433.1799999999994,,,,,0.33846217712177123,0.0,0.0,1.0,0.0,1.0,market_maker,6.0,20280904,20280904/ghp2
