session_code,participant_id_in_session,participant_code,page_index,app_name,page_name,epoch_time_completed,round_number,timeout_happened,is_wait_page
ze3kqh3f,3,0jksjg9x,0,,InitializeParticipant,1788925113,1,0,0
ykk5p8z9,1,78ek4e7n,0,,InitializeParticipant,1789082145,1,0,0
ykk5p8z9,8,99ctxiqw,0,,InitializeParticipant,1789082146,1,0,0
ykk5p8z9,10,5hdyag7g,0,,InitializeParticipant,1789082148,1,0,0
ykk5p8z9,11,p591h2pv,0,,InitializeParticipant,1789082150,1,0,0
ykk5p8z9,12,g9e4scxb,0,,InitializeParticipant,1789082150,1,0,0
ykk5p8z9,14,pn35uw2g,0,,InitializeParticipant,1789082151,1,0,0
ykk5p8z9,16,1evcus8j,0,,InitializeParticipant,1789082151,1,0,0
ykk5p8z9,7,zxclkk3l,1,intro,Consent,1789082153,1,0,0
ykk5p8z9,17,wgz24zdb,0,,InitializeParticipant,1789082155,1,0,0
ykk5p8z9,18,ogauv9f8,0,,InitializeParticipant,1789082155,1,0,0
ykk5p8z9,1,78ek4e7n,1,intro,Consent,1789082155,1,0,0
ykk5p8z9,19,h89ct0h3,0,,InitializeParticipant,1789082156,1,0,0
ykk5p8z9,6,8zudctzx,2,intro,Instructions,1789082157,1,0,0
ykk5p8z9,5,gjhavmx0,1,intro,Consent,1789082158,1,0,0
ykk5p8z9,15,ps4pdpc5,2,intro,Instructions,1789082161,1,0,0
ykk5p8z9,2,38up52f8,2,intro,Instructions,1789082161,1,0,0
ykk5p8z9,16,1evcus8j,1,intro,Consent,1789082163,1,0,0
ykk5p8z9,17,wgz24zdb,1,intro,Consent,1789082165,1,0,0
ykk5p8z9,15,ps4pdpc5,3,intro,InstructionsVideo,1789082166,1,0,0
ykk5p8z9,13,kirmcqky,1,intro,Consent,1789082168,1,0,0
ykk5p8z9,19,h89ct0h3,1,intro,Consent,1789082169,1,0,0
ykk5p8z9,23,8r753ujr,0,,InitializeParticipant,1789082173,1,0,0
ykk5p8z9,9,lz6sdo3r,1,intro,Consent,1789082175,1,0,0
ykk5p8z9,12,g9e4scxb,3,intro,InstructionsVideo,1789082178,1,0,0
ykk5p8z9,4,03xcqsa5,1,intro,Consent,1789082185,1,0,0
ykk5p8z9,5,gjhavmx0,2,intro,Instructions,1789082191,1,0,0
ykk5p8z9,18,ogauv9f8,2,intro,Instructions,1789082195,1,0,0
ykk5p8z9,17,wgz24zdb,3,intro,InstructionsVideo,1789082197,1,0,0
ykk5p8z9,20,oizn9530,1,intro,Consent,1789082198,1,0,0
ykk5p8z9,19,h89ct0h3,2,intro,Instructions,1789082202,1,0,0
ykk5p8z9,21,3d0rzld9,3,intro,InstructionsVideo,1789082206,1,0,0
ykk5p8z9,4,03xcqsa5,2,intro,Instructions,1789082208,1,0,0
ykk5p8z9,24,chkml8l5,1,intro,Consent,1789082212,1,0,0
ykk5p8z9,10,5hdyag7g,2,intro,Instructions,1789082220,1,0,0
ykk5p8z9,26,qkzfdqnt,1,intro,Consent,1789082228,1,0,0
ykk5p8z9,14,pn35uw2g,1,intro,Consent,1789082234,1,0,0
ykk5p8z9,9,lz6sdo3r,2,intro,Instructions,1789082235,1,0,0
ykk5p8z9,25,rf6q16rc,2,intro,Instructions,1789082250,1,0,0
ykk5p8z9,28,s0vl521h,1,intro,Consent,1789082258,1,0,0
ykk5p8z9,22,gy0oizb5,1,intro,Consent,1789082269,1,0,0
ykk5p8z9,2,38up52f8,0,,InitializeParticipant,1789082145,1,0,0
ykk5p8z9,3,mx74stso,0,,InitializeParticipant,1789082145,1,0,0
ykk5p8z9,4,03xcqsa5,0,,InitializeParticipant,1789082145,1,0,0
ykk5p8z9,5,gjhavmx0,0,,InitializeParticipant,1789082145,1,0,0
ykk5p8z9,6,8zudctzx,0,,InitializeParticipant,1789082145,1,0,0
ykk5p8z9,7,zxclkk3l,0,,InitializeParticipant,1789082146,1,0,0
ykk5p8z9,9,lz6sdo3r,0,,InitializeParticipant,1789082146,1,0,0
ykk5p8z9,13,kirmcqky,0,,InitializeParticipant,1789082150,1,0,0
ykk5p8z9,15,ps4pdpc5,0,,InitializeParticipant,1789082151,1,0,0
ykk5p8z9,6,8zudctzx,1,intro,Consent,1789082151,1,0,0
ykk5p8z9,15,ps4pdpc5,1,intro,Consent,1789082157,1,0,0
ykk5p8z9,7,zxclkk3l,2,intro,Instructions,1789082158,1,0,0
ykk5p8z9,20,oizn9530,0,,InitializeParticipant,1789082158,1,0,0
ykk5p8z9,12,g9e4scxb,1,intro,Consent,1789082159,1,0,0
ykk5p8z9,2,38up52f8,1,intro,Consent,1789082159,1,0,0
ykk5p8z9,8,99ctxiqw,1,intro,Consent,1789082160,1,0,0
ykk5p8z9,6,8zudctzx,3,intro,InstructionsVideo,1789082160,1,0,0
ykk5p8z9,1,78ek4e7n,2,intro,Instructions,1789082161,1,0,0
ykk5p8z9,12,g9e4scxb,2,intro,Instructions,1789082163,1,0,0
ykk5p8z9,2,38up52f8,3,intro,InstructionsVideo,1789082163,1,0,0
ykk5p8z9,21,3d0rzld9,0,,InitializeParticipant,1789082163,1,0,0
ykk5p8z9,22,gy0oizb5,0,,InitializeParticipant,1789082167,1,0,0
ykk5p8z9,17,wgz24zdb,2,intro,Instructions,1789082168,1,0,0
ykk5p8z9,18,ogauv9f8,1,intro,Consent,1789082173,1,0,0
ykk5p8z9,13,kirmcqky,2,intro,Instructions,1789082173,1,0,0
ykk5p8z9,21,3d0rzld9,1,intro,Consent,1789082173,1,0,0
ykk5p8z9,13,kirmcqky,3,intro,InstructionsVideo,1789082176,1,0,0
ykk5p8z9,10,5hdyag7g,1,intro,Consent,1789082176,1,0,0
ykk5p8z9,21,3d0rzld9,2,intro,Instructions,1789082177,1,0,0
ykk5p8z9,11,p591h2pv,1,intro,Consent,1789082179,1,0,0
ykk5p8z9,23,8r753ujr,1,intro,Consent,1789082185,1,0,0
ykk5p8z9,11,p591h2pv,2,intro,Instructions,1789082196,1,0,0
ykk5p8z9,24,chkml8l5,0,,InitializeParticipant,1789082198,1,0,0
ykk5p8z9,25,rf6q16rc,0,,InitializeParticipant,1789082200,1,0,0
ykk5p8z9,3,mx74stso,1,intro,Consent,1789082205,1,0,0
ykk5p8z9,25,rf6q16rc,1,intro,Consent,1789082206,1,0,0
ykk5p8z9,3,mx74stso,2,intro,Instructions,1789082209,1,0,0
ykk5p8z9,26,qkzfdqnt,0,,InitializeParticipant,1789082211,1,0,0
ykk5p8z9,24,chkml8l5,2,intro,Instructions,1789082223,1,0,0
ykk5p8z9,27,1nf2i0vh,0,,InitializeParticipant,1789082233,1,0,0
ykk5p8z9,28,s0vl521h,0,,InitializeParticipant,1789082237,1,0,0
ykk5p8z9,8,99ctxiqw,2,intro,Instructions,1789082243,1,0,0
ykk5p8z9,26,qkzfdqnt,2,intro,Instructions,1789082252,1,0,0
ykk5p8z9,28,s0vl521h,3,intro,InstructionsVideo,1789082274,1,0,0
ykk5p8z9,28,s0vl521h,2,intro,Instructions,1789082273,1,0,0
ykk5p8z9,29,qs0z3czj,0,,InitializeParticipant,1789082281,1,0,0
ykk5p8z9,23,8r753ujr,2,intro,Instructions,1789082286,1,0,0
ykk5p8z9,17,wgz24zdb,4,intro,comprehensionQuestions,1789082288,1,0,0
ykk5p8z9,29,qs0z3czj,1,intro,Consent,1789082289,1,0,0
ykk5p8z9,6,8zudctzx,4,intro,comprehensionQuestions,1789082289,1,0,0
ykk5p8z9,21,3d0rzld9,4,intro,comprehensionQuestions,1789082298,1,0,0
ykk5p8z9,29,qs0z3czj,2,intro,Instructions,1789082301,1,0,0
ykk5p8z9,8,99ctxiqw,3,intro,InstructionsVideo,1789082310,1,0,0
ykk5p8z9,31,lkaj8gx3,0,,InitializeParticipant,1789082317,1,0,0
ykk5p8z9,17,wgz24zdb,5,intro,selfAssessment,1789082317,1,0,0
ykk5p8z9,27,1nf2i0vh,1,intro,Consent,1789082317,1,0,0
ykk5p8z9,14,pn35uw2g,2,intro,Instructions,1789082321,1,0,0
ykk5p8z9,22,gy0oizb5,2,intro,Instructions,1789082322,1,0,0
ykk5p8z9,27,1nf2i0vh,2,intro,Instructions,1789082328,1,0,0
ykk5p8z9,16,1evcus8j,3,intro,InstructionsVideo,1789082345,1,0,0
ykk5p8z9,3,mx74stso,3,intro,InstructionsVideo,1789082347,1,0,0
ykk5p8z9,18,ogauv9f8,3,intro,InstructionsVideo,1789082347,1,0,0
ykk5p8z9,26,qkzfdqnt,3,intro,InstructionsVideo,1789082354,1,0,0
ykk5p8z9,29,qs0z3czj,3,intro,InstructionsVideo,1789082357,1,0,0
ykk5p8z9,2,38up52f8,4,intro,comprehensionQuestions,1789082357,1,0,0
ykk5p8z9,1,78ek4e7n,3,intro,InstructionsVideo,1789082364,1,0,0
ykk5p8z9,30,ufzyavcw,3,intro,InstructionsVideo,1789082378,1,0,0
ykk5p8z9,13,kirmcqky,4,intro,comprehensionQuestions,1789082382,1,0,0
ykk5p8z9,13,kirmcqky,5,intro,selfAssessment,1789082392,1,0,0
ykk5p8z9,30,ufzyavcw,0,,InitializeParticipant,1789082281,1,0,0
ykk5p8z9,16,1evcus8j,2,intro,Instructions,1789082284,1,0,0
ykk5p8z9,6,8zudctzx,5,intro,selfAssessment,1789082297,1,0,0
ykk5p8z9,30,ufzyavcw,1,intro,Consent,1789082297,1,0,0
ykk5p8z9,21,3d0rzld9,5,intro,selfAssessment,1789082306,1,0,0
ykk5p8z9,30,ufzyavcw,2,intro,Instructions,1789082306,1,0,0
ykk5p8z9,31,lkaj8gx3,1,intro,Consent,1789082323,1,0,0
ykk5p8z9,31,lkaj8gx3,2,intro,Instructions,1789082327,1,0,0
ykk5p8z9,10,5hdyag7g,3,intro,InstructionsVideo,1789082344,1,0,0
ykk5p8z9,5,gjhavmx0,3,intro,InstructionsVideo,1789082345,1,0,0
ykk5p8z9,19,h89ct0h3,3,intro,InstructionsVideo,1789082346,1,0,0
ykk5p8z9,25,rf6q16rc,3,intro,InstructionsVideo,1789082347,1,0,0
ykk5p8z9,20,oizn9530,2,intro,Instructions,1789082350,1,0,0
ykk5p8z9,11,p591h2pv,3,intro,InstructionsVideo,1789082352,1,0,0
ykk5p8z9,24,chkml8l5,3,intro,InstructionsVideo,1789082359,1,0,0
ykk5p8z9,22,gy0oizb5,3,intro,InstructionsVideo,1789082366,1,0,0
ykk5p8z9,27,1nf2i0vh,3,intro,InstructionsVideo,1789082381,1,0,0
ykk5p8z9,2,38up52f8,5,intro,selfAssessment,1789082401,1,0,0
ykk5p8z9,12,g9e4scxb,4,intro,comprehensionQuestions,1789082435,1,0,0
ykk5p8z9,16,1evcus8j,4,intro,comprehensionQuestions,1789082438,1,0,0
ykk5p8z9,16,1evcus8j,5,intro,selfAssessment,1789082447,1,0,0
ykk5p8z9,28,s0vl521h,4,intro,comprehensionQuestions,1789082458,1,0,0
ykk5p8z9,25,rf6q16rc,4,intro,comprehensionQuestions,1789082460,1,0,0
ykk5p8z9,25,rf6q16rc,5,intro,selfAssessment,1789082473,1,0,0
ykk5p8z9,30,ufzyavcw,4,intro,comprehensionQuestions,1789082478,1,0,0
ykk5p8z9,10,5hdyag7g,4,intro,comprehensionQuestions,1789082480,1,0,0
ykk5p8z9,8,99ctxiqw,4,intro,comprehensionQuestions,1789082480,1,0,0
ykk5p8z9,3,mx74stso,4,intro,comprehensionQuestions,1789082480,1,0,0
ykk5p8z9,7,zxclkk3l,3,intro,InstructionsVideo,1789082482,1,0,0
ykk5p8z9,27,1nf2i0vh,5,intro,selfAssessment,1789082482,1,0,0
ykk5p8z9,14,pn35uw2g,3,intro,InstructionsVideo,1789082486,1,0,0
ykk5p8z9,3,mx74stso,5,intro,selfAssessment,1789082487,1,0,0
ykk5p8z9,10,5hdyag7g,5,intro,selfAssessment,1789082489,1,0,0
ykk5p8z9,8,99ctxiqw,5,intro,selfAssessment,1789082493,1,0,0
ykk5p8z9,30,ufzyavcw,5,intro,selfAssessment,1789082495,1,0,0
ykk5p8z9,18,ogauv9f8,4,intro,comprehensionQuestions,1789082513,1,0,0
ykk5p8z9,11,p591h2pv,4,intro,comprehensionQuestions,1789082425,1,0,0
ykk5p8z9,11,p591h2pv,5,intro,selfAssessment,1789082431,1,0,0
ykk5p8z9,12,g9e4scxb,5,intro,selfAssessment,1789082443,1,0,0
ykk5p8z9,5,gjhavmx0,4,intro,comprehensionQuestions,1789082456,1,0,0
ykk5p8z9,28,s0vl521h,5,intro,selfAssessment,1789082461,1,0,0
ykk5p8z9,5,gjhavmx0,5,intro,selfAssessment,1789082463,1,0,0
ykk5p8z9,27,1nf2i0vh,4,intro,comprehensionQuestions,1789082474,1,0,0
ykk5p8z9,22,gy0oizb5,4,intro,comprehensionQuestions,1789082476,1,0,0
ykk5p8z9,31,lkaj8gx3,3,intro,InstructionsVideo,1789082481,1,0,0
ykk5p8z9,26,qkzfdqnt,4,intro,comprehensionQuestions,1789082494,1,0,0
ykk5p8z9,26,qkzfdqnt,5,intro,selfAssessment,1789082500,1,0,0
ykk5p8z9,22,gy0oizb5,5,intro,selfAssessment,1789082505,1,0,0
ykk5p8z9,29,qs0z3czj,4,intro,comprehensionQuestions,1789082509,1,0,0
ykk5p8z9,29,qs0z3czj,5,intro,selfAssessment,1789082514,1,0,0
ykk5p8z9,25,rf6q16rc,6,trader_bridge_app,SyncTradingSession,1789082514,1,0,1
ykk5p8z9,26,qkzfdqnt,6,trader_bridge_app,SyncTradingSession,1789082514,1,0,1
ykk5p8z9,27,1nf2i0vh,6,trader_bridge_app,SyncTradingSession,1789082514,1,0,1
ykk5p8z9,28,s0vl521h,6,trader_bridge_app,SyncTradingSession,1789082514,1,0,1
ykk5p8z9,29,qs0z3czj,6,trader_bridge_app,SyncTradingSession,1789082514,1,0,1
ykk5p8z9,30,ufzyavcw,6,trader_bridge_app,SyncTradingSession,1789082514,1,0,1
ykk5p8z9,15,ps4pdpc5,4,intro,comprehensionQuestions,1789082521,1,0,0
ykk5p8z9,18,ogauv9f8,5,intro,selfAssessment,1789082524,1,0,0
ykk5p8z9,24,chkml8l5,4,intro,comprehensionQuestions,1789082529,1,0,0
ykk5p8z9,1,78ek4e7n,4,intro,comprehensionQuestions,1789082556,1,0,0
ykk5p8z9,31,lkaj8gx3,4,intro,comprehensionQuestions,1789082581,1,0,0
ykk5p8z9,30,ufzyavcw,9,trader_bridge_app,TradePage,1789082593,1,1,0
ykk5p8z9,31,lkaj8gx3,5,intro,selfAssessment,1789082599,1,0,0
ykk5p8z9,27,1nf2i0vh,12,trader_bridge_app,DayBreak,1789082631,1,1,0
ykk5p8z9,30,ufzyavcw,12,trader_bridge_app,DayBreak,1789082642,1,1,0
ykk5p8z9,25,rf6q16rc,7,trader_bridge_app,ResumeTradingSession,1789082525,1,0,1
ykk5p8z9,26,qkzfdqnt,7,trader_bridge_app,ResumeTradingSession,1789082525,1,0,1
ykk5p8z9,27,1nf2i0vh,7,trader_bridge_app,ResumeTradingSession,1789082525,1,0,1
ykk5p8z9,28,s0vl521h,7,trader_bridge_app,ResumeTradingSession,1789082525,1,0,1
ykk5p8z9,29,qs0z3czj,7,trader_bridge_app,ResumeTradingSession,1789082525,1,0,1
ykk5p8z9,30,ufzyavcw,7,trader_bridge_app,ResumeTradingSession,1789082525,1,0,1
ykk5p8z9,19,h89ct0h3,4,intro,comprehensionQuestions,1789082531,1,0,0
ykk5p8z9,15,ps4pdpc5,5,intro,selfAssessment,1789082531,1,0,0
ykk5p8z9,24,chkml8l5,5,intro,selfAssessment,1789082545,1,0,0
ykk5p8z9,19,h89ct0h3,5,intro,selfAssessment,1789082547,1,0,0
ykk5p8z9,4,03xcqsa5,3,intro,InstructionsVideo,1789082562,1,0,0
ykk5p8z9,1,78ek4e7n,5,intro,selfAssessment,1789082567,1,0,0
ykk5p8z9,26,qkzfdqnt,9,trader_bridge_app,TradePage,1789082586,1,0,0
ykk5p8z9,25,rf6q16rc,9,trader_bridge_app,TradePage,1789082586,1,0,0
ykk5p8z9,20,oizn9530,3,intro,InstructionsVideo,1789082590,1,0,0
ykk5p8z9,7,zxclkk3l,4,intro,comprehensionQuestions,1789082595,1,0,0
ykk5p8z9,31,lkaj8gx3,6,trader_bridge_app,SyncTradingSession,1789082599,1,0,1
ykk5p8z9,31,lkaj8gx3,7,trader_bridge_app,ResumeTradingSession,1789082599,1,0,1
ykk5p8z9,27,1nf2i0vh,9,trader_bridge_app,TradePage,1789082603,1,1,0
ykk5p8z9,28,s0vl521h,9,trader_bridge_app,TradePage,1789082603,1,1,0
ykk5p8z9,29,qs0z3czj,9,trader_bridge_app,TradePage,1789082603,1,1,0
ykk5p8z9,25,rf6q16rc,10,trader_bridge_app,PauseTradingSession,1789082603,1,0,1
ykk5p8z9,26,qkzfdqnt,10,trader_bridge_app,PauseTradingSession,1789082603,1,0,1
ykk5p8z9,30,ufzyavcw,10,trader_bridge_app,PauseTradingSession,1789082603,1,0,1
ykk5p8z9,27,1nf2i0vh,10,trader_bridge_app,PauseTradingSession,1789082603,1,0,1
ykk5p8z9,28,s0vl521h,10,trader_bridge_app,PauseTradingSession,1789082603,1,0,1
ykk5p8z9,29,qs0z3czj,10,trader_bridge_app,PauseTradingSession,1789082603,1,0,1
ykk5p8z9,7,zxclkk3l,5,intro,selfAssessment,1789082606,1,0,0
ykk5p8z9,28,s0vl521h,12,trader_bridge_app,DayBreak,1789082607,1,0,0
ykk5p8z9,26,qkzfdqnt,12,trader_bridge_app,DayBreak,1789082611,1,0,0
ykk5p8z9,25,rf6q16rc,12,trader_bridge_app,DayBreak,1789082624,1,1,0
ykk5p8z9,29,qs0z3czj,12,trader_bridge_app,DayBreak,1789082631,1,1,0
ykk5p8z9,4,03xcqsa5,4,intro,comprehensionQuestions,1789082649,1,0,0
ykk5p8z9,25,rf6q16rc,16,trader_bridge_app,ResumeTradingSession,1789082642,2,0,1
ykk5p8z9,26,qkzfdqnt,16,trader_bridge_app,ResumeTradingSession,1789082642,2,0,1
ykk5p8z9,27,1nf2i0vh,16,trader_bridge_app,ResumeTradingSession,1789082642,2,0,1
ykk5p8z9,28,s0vl521h,16,trader_bridge_app,ResumeTradingSession,1789082642,2,0,1
ykk5p8z9,29,qs0z3czj,16,trader_bridge_app,ResumeTradingSession,1789082642,2,0,1
ykk5p8z9,30,ufzyavcw,16,trader_bridge_app,ResumeTradingSession,1789082642,2,0,1
ykk5p8z9,3,mx74stso,6,trader_bridge_app,SyncTradingSession,1789082656,1,0,1
ykk5p8z9,4,03xcqsa5,6,trader_bridge_app,SyncTradingSession,1789082656,1,0,1
ykk5p8z9,5,gjhavmx0,6,trader_bridge_app,SyncTradingSession,1789082656,1,0,1
ykk5p8z9,6,8zudctzx,6,trader_bridge_app,SyncTradingSession,1789082656,1,0,1
ykk5p8z9,1,78ek4e7n,6,trader_bridge_app,SyncTradingSession,1789082656,1,0,1
ykk5p8z9,2,38up52f8,6,trader_bridge_app,SyncTradingSession,1789082656,1,0,1
ykk5p8z9,31,lkaj8gx3,10,trader_bridge_app,PauseTradingSession,1789082660,1,0,1
ykk5p8z9,23,8r753ujr,3,intro,InstructionsVideo,1789082678,1,0,0
ykk5p8z9,9,lz6sdo3r,3,intro,InstructionsVideo,1789082684,1,0,0
ykk5p8z9,30,ufzyavcw,18,trader_bridge_app,TradePage,1789082708,2,1,0
ykk5p8z9,28,s0vl521h,18,trader_bridge_app,TradePage,1789082713,2,0,0
ykk5p8z9,25,rf6q16rc,21,trader_bridge_app,DayBreak,1789082727,2,0,0
ykk5p8z9,4,03xcqsa5,9,trader_bridge_app,TradePage,1789082728,1,0,0
ykk5p8z9,28,s0vl521h,21,trader_bridge_app,DayBreak,1789082728,2,0,0
ykk5p8z9,20,oizn9530,4,intro,comprehensionQuestions,1789082733,1,0,0
ykk5p8z9,31,lkaj8gx3,21,trader_bridge_app,DayBreak,1789082734,2,0,0
ykk5p8z9,27,1nf2i0vh,21,trader_bridge_app,DayBreak,1789082739,2,1,0
ykk5p8z9,20,oizn9530,5,intro,selfAssessment,1789082739,1,0,0
ykk5p8z9,2,38up52f8,9,trader_bridge_app,TradePage,1789082744,1,1,0
ykk5p8z9,1,78ek4e7n,9,trader_bridge_app,TradePage,1789082744,1,1,0
ykk5p8z9,6,8zudctzx,9,trader_bridge_app,TradePage,1789082744,1,1,0
ykk5p8z9,5,gjhavmx0,10,trader_bridge_app,PauseTradingSession,1789082745,1,0,1
ykk5p8z9,1,78ek4e7n,10,trader_bridge_app,PauseTradingSession,1789082745,1,0,1
ykk5p8z9,2,38up52f8,10,trader_bridge_app,PauseTradingSession,1789082745,1,0,1
ykk5p8z9,3,mx74stso,10,trader_bridge_app,PauseTradingSession,1789082745,1,0,1
ykk5p8z9,4,03xcqsa5,10,trader_bridge_app,PauseTradingSession,1789082745,1,0,1
ykk5p8z9,6,8zudctzx,10,trader_bridge_app,PauseTradingSession,1789082745,1,0,1
ykk5p8z9,30,ufzyavcw,21,trader_bridge_app,DayBreak,1789082757,2,1,0
ykk5p8z9,29,qs0z3czj,21,trader_bridge_app,DayBreak,1789082757,2,1,0
ykk5p8z9,25,rf6q16rc,25,trader_bridge_app,ResumeTradingSession,1789082757,3,0,1
ykk5p8z9,26,qkzfdqnt,25,trader_bridge_app,ResumeTradingSession,1789082757,3,0,1
ykk5p8z9,27,1nf2i0vh,25,trader_bridge_app,ResumeTradingSession,1789082757,3,0,1
ykk5p8z9,28,s0vl521h,25,trader_bridge_app,ResumeTradingSession,1789082757,3,0,1
ykk5p8z9,29,qs0z3czj,25,trader_bridge_app,ResumeTradingSession,1789082757,3,0,1
ykk5p8z9,30,ufzyavcw,25,trader_bridge_app,ResumeTradingSession,1789082757,3,0,1
ykk5p8z9,6,8zudctzx,12,trader_bridge_app,DayBreak,1789082772,1,1,0
ykk5p8z9,4,03xcqsa5,5,intro,selfAssessment,1789082656,1,0,0
ykk5p8z9,31,lkaj8gx3,9,trader_bridge_app,TradePage,1789082660,1,0,0
ykk5p8z9,3,mx74stso,7,trader_bridge_app,ResumeTradingSession,1789082667,1,0,1
ykk5p8z9,4,03xcqsa5,7,trader_bridge_app,ResumeTradingSession,1789082667,1,0,1
ykk5p8z9,5,gjhavmx0,7,trader_bridge_app,ResumeTradingSession,1789082667,1,0,1
ykk5p8z9,6,8zudctzx,7,trader_bridge_app,ResumeTradingSession,1789082667,1,0,1
ykk5p8z9,1,78ek4e7n,7,trader_bridge_app,ResumeTradingSession,1789082667,1,0,1
ykk5p8z9,2,38up52f8,7,trader_bridge_app,ResumeTradingSession,1789082667,1,0,1
ykk5p8z9,31,lkaj8gx3,12,trader_bridge_app,DayBreak,1789082668,1,0,0
ykk5p8z9,31,lkaj8gx3,16,trader_bridge_app,ResumeTradingSession,1789082668,2,0,1
ykk5p8z9,25,rf6q16rc,18,trader_bridge_app,TradePage,1789082703,2,0,0
ykk5p8z9,27,1nf2i0vh,18,trader_bridge_app,TradePage,1789082703,2,0,0
ykk5p8z9,29,qs0z3czj,18,trader_bridge_app,TradePage,1789082718,2,1,0
ykk5p8z9,26,qkzfdqnt,18,trader_bridge_app,TradePage,1789082718,2,1,0
ykk5p8z9,25,rf6q16rc,19,trader_bridge_app,PauseTradingSession,1789082718,2,0,1
ykk5p8z9,26,qkzfdqnt,19,trader_bridge_app,PauseTradingSession,1789082718,2,0,1
ykk5p8z9,27,1nf2i0vh,19,trader_bridge_app,PauseTradingSession,1789082718,2,0,1
ykk5p8z9,30,ufzyavcw,19,trader_bridge_app,PauseTradingSession,1789082718,2,0,1
ykk5p8z9,28,s0vl521h,19,trader_bridge_app,PauseTradingSession,1789082718,2,0,1
ykk5p8z9,29,qs0z3czj,19,trader_bridge_app,PauseTradingSession,1789082718,2,0,1
ykk5p8z9,31,lkaj8gx3,18,trader_bridge_app,TradePage,1789082728,2,0,0
ykk5p8z9,31,lkaj8gx3,19,trader_bridge_app,PauseTradingSession,1789082729,2,0,1
ykk5p8z9,3,mx74stso,9,trader_bridge_app,TradePage,1789082729,1,0,0
ykk5p8z9,5,gjhavmx0,9,trader_bridge_app,TradePage,1789082734,1,1,0
ykk5p8z9,31,lkaj8gx3,25,trader_bridge_app,ResumeTradingSession,1789082734,3,0,1
ykk5p8z9,26,qkzfdqnt,21,trader_bridge_app,DayBreak,1789082746,2,1,0
ykk5p8z9,31,lkaj8gx3,29,trader_bridge_app,FinalizeTradingSession,1789082795,3,0,1
ykk5p8z9,5,gjhavmx0,12,trader_bridge_app,DayBreak,1789082781,1,1,0
ykk5p8z9,1,78ek4e7n,12,trader_bridge_app,DayBreak,1789082781,1,1,0
ykk5p8z9,2,38up52f8,12,trader_bridge_app,DayBreak,1789082781,1,1,0
ykk5p8z9,3,mx74stso,12,trader_bridge_app,DayBreak,1789082781,1,1,0
ykk5p8z9,4,03xcqsa5,12,trader_bridge_app,DayBreak,1789082781,1,1,0
ykk5p8z9,1,78ek4e7n,16,trader_bridge_app,ResumeTradingSession,1789082781,2,0,1
ykk5p8z9,2,38up52f8,16,trader_bridge_app,ResumeTradingSession,1789082781,2,0,1
ykk5p8z9,3,mx74stso,16,trader_bridge_app,ResumeTradingSession,1789082781,2,0,1
ykk5p8z9,4,03xcqsa5,16,trader_bridge_app,ResumeTradingSession,1789082781,2,0,1
ykk5p8z9,5,gjhavmx0,16,trader_bridge_app,ResumeTradingSession,1789082781,2,0,1
ykk5p8z9,6,8zudctzx,16,trader_bridge_app,ResumeTradingSession,1789082781,2,0,1
ykk5p8z9,31,lkaj8gx3,27,trader_bridge_app,TradePage,1789082795,3,0,0
ykk5p8z9,31,lkaj8gx3,32,trader_bridge_app,MarketTransition,1789082815,3,0,0
ykk5p8z9,29,qs0z3czj,27,trader_bridge_app,TradePage,1789082818,3,0,0
ykk5p8z9,26,qkzfdqnt,27,trader_bridge_app,TradePage,1789082828,3,0,0
ykk5p8z9,25,rf6q16rc,27,trader_bridge_app,TradePage,1789082828,3,0,0
ykk5p8z9,29,qs0z3czj,29,trader_bridge_app,FinalizeTradingSession,1789082828,3,0,1
ykk5p8z9,25,rf6q16rc,29,trader_bridge_app,FinalizeTradingSession,1789082828,3,0,1
ykk5p8z9,26,qkzfdqnt,29,trader_bridge_app,FinalizeTradingSession,1789082828,3,0,1
ykk5p8z9,27,1nf2i0vh,29,trader_bridge_app,FinalizeTradingSession,1789082828,3,0,1
ykk5p8z9,28,s0vl521h,29,trader_bridge_app,FinalizeTradingSession,1789082828,3,0,1
ykk5p8z9,30,ufzyavcw,29,trader_bridge_app,FinalizeTradingSession,1789082828,3,0,1
ykk5p8z9,26,qkzfdqnt,30,trader_bridge_app,DayBreak,1789082836,3,0,0
ykk5p8z9,23,8r753ujr,5,intro,selfAssessment,1789082839,1,0,0
ykk5p8z9,26,qkzfdqnt,32,trader_bridge_app,MarketTransition,1789082840,3,0,0
ykk5p8z9,30,ufzyavcw,30,trader_bridge_app,DayBreak,1789082840,3,0,0
ykk5p8z9,30,ufzyavcw,32,trader_bridge_app,MarketTransition,1789082848,3,0,0
ykk5p8z9,20,oizn9530,7,trader_bridge_app,ResumeTradingSession,1789082851,1,0,1
ykk5p8z9,21,3d0rzld9,7,trader_bridge_app,ResumeTradingSession,1789082851,1,0,1
ykk5p8z9,22,gy0oizb5,7,trader_bridge_app,ResumeTradingSession,1789082851,1,0,1
ykk5p8z9,23,8r753ujr,7,trader_bridge_app,ResumeTradingSession,1789082851,1,0,1
ykk5p8z9,19,h89ct0h3,7,trader_bridge_app,ResumeTradingSession,1789082851,1,0,1
ykk5p8z9,24,chkml8l5,7,trader_bridge_app,ResumeTradingSession,1789082851,1,0,1
ykk5p8z9,5,gjhavmx0,18,trader_bridge_app,TradePage,1789082853,2,0,0
ykk5p8z9,1,78ek4e7n,18,trader_bridge_app,TradePage,1789082854,2,0,0
ykk5p8z9,2,38up52f8,18,trader_bridge_app,TradePage,1789082854,2,0,0
ykk5p8z9,6,8zudctzx,18,trader_bridge_app,TradePage,1789082855,2,0,0
ykk5p8z9,9,lz6sdo3r,5,intro,selfAssessment,1789082858,1,0,0
ykk5p8z9,7,zxclkk3l,6,trader_bridge_app,SyncTradingSession,1789082858,1,0,1
ykk5p8z9,8,99ctxiqw,6,trader_bridge_app,SyncTradingSession,1789082858,1,0,1
ykk5p8z9,9,lz6sdo3r,6,trader_bridge_app,SyncTradingSession,1789082858,1,0,1
ykk5p8z9,10,5hdyag7g,6,trader_bridge_app,SyncTradingSession,1789082858,1,0,1
ykk5p8z9,11,p591h2pv,6,trader_bridge_app,SyncTradingSession,1789082858,1,0,1
ykk5p8z9,12,g9e4scxb,6,trader_bridge_app,SyncTradingSession,1789082858,1,0,1
ykk5p8z9,7,zxclkk3l,7,trader_bridge_app,ResumeTradingSession,1789082864,1,0,1
ykk5p8z9,8,99ctxiqw,7,trader_bridge_app,ResumeTradingSession,1789082864,1,0,1
ykk5p8z9,9,lz6sdo3r,7,trader_bridge_app,ResumeTradingSession,1789082864,1,0,1
ykk5p8z9,10,5hdyag7g,7,trader_bridge_app,ResumeTradingSession,1789082864,1,0,1
ykk5p8z9,11,p591h2pv,7,trader_bridge_app,ResumeTradingSession,1789082864,1,0,1
ykk5p8z9,12,g9e4scxb,7,trader_bridge_app,ResumeTradingSession,1789082864,1,0,1
ykk5p8z9,29,qs0z3czj,30,trader_bridge_app,DayBreak,1789082866,3,1,0
ykk5p8z9,31,lkaj8gx3,30,trader_bridge_app,DayBreak,1789082806,3,0,0
ykk5p8z9,31,lkaj8gx3,33,trader_bridge_app,SyncTradingSession,1789082815,4,0,1
ykk5p8z9,31,lkaj8gx3,34,trader_bridge_app,ResumeTradingSession,1789082815,4,0,1
ykk5p8z9,23,8r753ujr,4,intro,comprehensionQuestions,1789082821,1,0,0
ykk5p8z9,27,1nf2i0vh,27,trader_bridge_app,TradePage,1789082828,3,0,0
ykk5p8z9,28,s0vl521h,27,trader_bridge_app,TradePage,1789082828,3,0,0
ykk5p8z9,30,ufzyavcw,27,trader_bridge_app,TradePage,1789082828,3,0,0
ykk5p8z9,28,s0vl521h,30,trader_bridge_app,DayBreak,1789082833,3,0,0
ykk5p8z9,28,s0vl521h,32,trader_bridge_app,MarketTransition,1789082835,3,0,0
ykk5p8z9,20,oizn9530,6,trader_bridge_app,SyncTradingSession,1789082839,1,0,1
ykk5p8z9,21,3d0rzld9,6,trader_bridge_app,SyncTradingSession,1789082839,1,0,1
ykk5p8z9,22,gy0oizb5,6,trader_bridge_app,SyncTradingSession,1789082839,1,0,1
ykk5p8z9,23,8r753ujr,6,trader_bridge_app,SyncTradingSession,1789082839,1,0,1
ykk5p8z9,19,h89ct0h3,6,trader_bridge_app,SyncTradingSession,1789082839,1,0,1
ykk5p8z9,24,chkml8l5,6,trader_bridge_app,SyncTradingSession,1789082839,1,0,1
ykk5p8z9,4,03xcqsa5,18,trader_bridge_app,TradePage,1789082842,2,0,0
ykk5p8z9,27,1nf2i0vh,30,trader_bridge_app,DayBreak,1789082849,3,1,0
ykk5p8z9,9,lz6sdo3r,4,intro,comprehensionQuestions,1789082849,1,0,0
ykk5p8z9,3,mx74stso,18,trader_bridge_app,TradePage,1789082852,2,0,0
ykk5p8z9,1,78ek4e7n,19,trader_bridge_app,PauseTradingSession,1789082855,2,0,1
ykk5p8z9,2,38up52f8,19,trader_bridge_app,PauseTradingSession,1789082855,2,0,1
ykk5p8z9,3,mx74stso,19,trader_bridge_app,PauseTradingSession,1789082855,2,0,1
ykk5p8z9,4,03xcqsa5,19,trader_bridge_app,PauseTradingSession,1789082855,2,0,1
ykk5p8z9,5,gjhavmx0,19,trader_bridge_app,PauseTradingSession,1789082855,2,0,1
ykk5p8z9,6,8zudctzx,19,trader_bridge_app,PauseTradingSession,1789082855,2,0,1
ykk5p8z9,6,8zudctzx,21,trader_bridge_app,DayBreak,1789082858,2,0,0
ykk5p8z9,3,mx74stso,21,trader_bridge_app,DayBreak,1789082864,2,0,0
ykk5p8z9,4,03xcqsa5,21,trader_bridge_app,DayBreak,1789082867,2,0,0
ykk5p8z9,25,rf6q16rc,32,trader_bridge_app,MarketTransition,1789082869,3,0,0
ykk5p8z9,5,gjhavmx0,21,trader_bridge_app,DayBreak,1789082870,2,0,0
ykk5p8z9,29,qs0z3czj,32,trader_bridge_app,MarketTransition,1789082871,3,0,0
ykk5p8z9,31,lkaj8gx3,36,trader_bridge_app,TradePage,1789082876,4,0,0
ykk5p8z9,31,lkaj8gx3,37,trader_bridge_app,PauseTradingSession,1789082876,4,0,1
ykk5p8z9,2,38up52f8,21,trader_bridge_app,DayBreak,1789082879,2,0,0
ykk5p8z9,1,78ek4e7n,25,trader_bridge_app,ResumeTradingSession,1789082880,3,0,1
ykk5p8z9,2,38up52f8,25,trader_bridge_app,ResumeTradingSession,1789082880,3,0,1
ykk5p8z9,3,mx74stso,25,trader_bridge_app,ResumeTradingSession,1789082880,3,0,1
ykk5p8z9,5,gjhavmx0,25,trader_bridge_app,ResumeTradingSession,1789082880,3,0,1
ykk5p8z9,4,03xcqsa5,25,trader_bridge_app,ResumeTradingSession,1789082880,3,0,1
ykk5p8z9,6,8zudctzx,25,trader_bridge_app,ResumeTradingSession,1789082880,3,0,1
ykk5p8z9,31,lkaj8gx3,43,trader_bridge_app,ResumeTradingSession,1789082881,5,0,1
ykk5p8z9,25,rf6q16rc,33,trader_bridge_app,SyncTradingSession,1789082894,4,0,1
ykk5p8z9,26,qkzfdqnt,33,trader_bridge_app,SyncTradingSession,1789082894,4,0,1
ykk5p8z9,27,1nf2i0vh,33,trader_bridge_app,SyncTradingSession,1789082894,4,0,1
ykk5p8z9,28,s0vl521h,33,trader_bridge_app,SyncTradingSession,1789082894,4,0,1
ykk5p8z9,29,qs0z3czj,33,trader_bridge_app,SyncTradingSession,1789082894,4,0,1
ykk5p8z9,30,ufzyavcw,33,trader_bridge_app,SyncTradingSession,1789082894,4,0,1
ykk5p8z9,25,rf6q16rc,34,trader_bridge_app,ResumeTradingSession,1789082906,4,0,1
ykk5p8z9,26,qkzfdqnt,34,trader_bridge_app,ResumeTradingSession,1789082906,4,0,1
ykk5p8z9,27,1nf2i0vh,34,trader_bridge_app,ResumeTradingSession,1789082906,4,0,1
ykk5p8z9,28,s0vl521h,34,trader_bridge_app,ResumeTradingSession,1789082906,4,0,1
ykk5p8z9,25,rf6q16rc,30,trader_bridge_app,DayBreak,1789082866,3,1,0
ykk5p8z9,1,78ek4e7n,21,trader_bridge_app,DayBreak,1789082879,2,0,0
ykk5p8z9,31,lkaj8gx3,39,trader_bridge_app,DayBreak,1789082881,4,0,0
ykk5p8z9,27,1nf2i0vh,32,trader_bridge_app,MarketTransition,1789082893,3,0,0
ykk5p8z9,25,rf6q16rc,34,trader_bridge_app,ResumeTradingSession,1789082906,4,0,1
ykk5p8z9,26,qkzfdqnt,34,trader_bridge_app,ResumeTradingSession,1789082906,4,0,1
ykk5p8z9,27,1nf2i0vh,34,trader_bridge_app,ResumeTradingSession,1789082906,4,0,1
ykk5p8z9,28,s0vl521h,34,trader_bridge_app,ResumeTradingSession,1789082906,4,0,1
ykk5p8z9,29,qs0z3czj,34,trader_bridge_app,ResumeTradingSession,1789082906,4,0,1
ykk5p8z9,30,ufzyavcw,34,trader_bridge_app,ResumeTradingSession,1789082906,4,0,1
ykk5p8z9,21,3d0rzld9,9,trader_bridge_app,TradePage,1789082912,1,0,0
ykk5p8z9,20,oizn9530,9,trader_bridge_app,TradePage,1789082912,1,0,0
ykk5p8z9,23,8r753ujr,9,trader_bridge_app,TradePage,1789082912,1,0,0
ykk5p8z9,14,pn35uw2g,4,intro,comprehensionQuestions,1789082912,1,0,0
ykk5p8z9,19,h89ct0h3,9,trader_bridge_app,TradePage,1789082914,1,0,0
ykk5p8z9,9,lz6sdo3r,9,trader_bridge_app,TradePage,1789082925,1,0,0
ykk5p8z9,12,g9e4scxb,9,trader_bridge_app,TradePage,1789082925,1,0,0
ykk5p8z9,19,h89ct0h3,12,trader_bridge_app,DayBreak,1789082926,1,0,0
ykk5p8z9,21,3d0rzld9,12,trader_bridge_app,DayBreak,1789082928,1,0,0
ykk5p8z9,24,chkml8l5,12,trader_bridge_app,DayBreak,1789082930,1,0,0
ykk5p8z9,22,gy0oizb5,12,trader_bridge_app,DayBreak,1789082934,1,0,0
ykk5p8z9,23,8r753ujr,12,trader_bridge_app,DayBreak,1789082935,1,1,0
ykk5p8z9,20,oizn9530,12,trader_bridge_app,DayBreak,1789082936,1,0,0
ykk5p8z9,14,pn35uw2g,5,intro,selfAssessment,1789082937,1,0,0
ykk5p8z9,6,8zudctzx,27,trader_bridge_app,TradePage,1789082942,3,0,0
ykk5p8z9,31,lkaj8gx3,45,trader_bridge_app,TradePage,1789082942,5,0,0
ykk5p8z9,31,lkaj8gx3,46,trader_bridge_app,PauseTradingSession,1789082942,5,0,1
ykk5p8z9,9,lz6sdo3r,12,trader_bridge_app,DayBreak,1789082945,1,0,0
ykk5p8z9,13,kirmcqky,7,trader_bridge_app,ResumeTradingSession,1789082948,1,0,1
ykk5p8z9,14,pn35uw2g,7,trader_bridge_app,ResumeTradingSession,1789082948,1,0,1
ykk5p8z9,15,ps4pdpc5,7,trader_bridge_app,ResumeTradingSession,1789082948,1,0,1
ykk5p8z9,16,1evcus8j,7,trader_bridge_app,ResumeTradingSession,1789082948,1,0,1
ykk5p8z9,17,wgz24zdb,7,trader_bridge_app,ResumeTradingSession,1789082948,1,0,1
ykk5p8z9,18,ogauv9f8,7,trader_bridge_app,ResumeTradingSession,1789082948,1,0,1
ykk5p8z9,3,mx74stso,27,trader_bridge_app,TradePage,1789082951,3,0,0
ykk5p8z9,5,gjhavmx0,27,trader_bridge_app,TradePage,1789082951,3,0,0
ykk5p8z9,1,78ek4e7n,27,trader_bridge_app,TradePage,1789082958,3,1,0
ykk5p8z9,1,78ek4e7n,29,trader_bridge_app,FinalizeTradingSession,1789082958,3,0,1
ykk5p8z9,2,38up52f8,29,trader_bridge_app,FinalizeTradingSession,1789082958,3,0,1
ykk5p8z9,3,mx74stso,29,trader_bridge_app,FinalizeTradingSession,1789082958,3,0,1
ykk5p8z9,4,03xcqsa5,29,trader_bridge_app,FinalizeTradingSession,1789082958,3,0,1
ykk5p8z9,5,gjhavmx0,29,trader_bridge_app,FinalizeTradingSession,1789082958,3,0,1
ykk5p8z9,6,8zudctzx,29,trader_bridge_app,FinalizeTradingSession,1789082958,3,0,1
ykk5p8z9,10,5hdyag7g,12,trader_bridge_app,DayBreak,1789082963,1,1,0
ykk5p8z9,7,zxclkk3l,16,trader_bridge_app,ResumeTradingSession,1789082963,2,0,1
ykk5p8z9,8,99ctxiqw,16,trader_bridge_app,ResumeTradingSession,1789082963,2,0,1
ykk5p8z9,9,lz6sdo3r,16,trader_bridge_app,ResumeTradingSession,1789082963,2,0,1
ykk5p8z9,10,5hdyag7g,16,trader_bridge_app,ResumeTradingSession,1789082963,2,0,1
ykk5p8z9,11,p591h2pv,16,trader_bridge_app,ResumeTradingSession,1789082963,2,0,1
ykk5p8z9,12,g9e4scxb,16,trader_bridge_app,ResumeTradingSession,1789082963,2,0,1
ykk5p8z9,25,rf6q16rc,36,trader_bridge_app,TradePage,1789082966,4,0,0
ykk5p8z9,29,qs0z3czj,34,trader_bridge_app,ResumeTradingSession,1789082906,4,0,1
ykk5p8z9,30,ufzyavcw,34,trader_bridge_app,ResumeTradingSession,1789082906,4,0,1
ykk5p8z9,22,gy0oizb5,9,trader_bridge_app,TradePage,1789082912,1,0,0
ykk5p8z9,24,chkml8l5,9,trader_bridge_app,TradePage,1789082912,1,0,0
ykk5p8z9,19,h89ct0h3,10,trader_bridge_app,PauseTradingSession,1789082914,1,0,1
ykk5p8z9,20,oizn9530,10,trader_bridge_app,PauseTradingSession,1789082914,1,0,1
ykk5p8z9,21,3d0rzld9,10,trader_bridge_app,PauseTradingSession,1789082914,1,0,1
ykk5p8z9,22,gy0oizb5,10,trader_bridge_app,PauseTradingSession,1789082914,1,0,1
ykk5p8z9,23,8r753ujr,10,trader_bridge_app,PauseTradingSession,1789082914,1,0,1
ykk5p8z9,24,chkml8l5,10,trader_bridge_app,PauseTradingSession,1789082914,1,0,1
ykk5p8z9,7,zxclkk3l,9,trader_bridge_app,TradePage,1789082925,1,0,0
ykk5p8z9,8,99ctxiqw,9,trader_bridge_app,TradePage,1789082925,1,0,0
ykk5p8z9,10,5hdyag7g,9,trader_bridge_app,TradePage,1789082926,1,0,0
ykk5p8z9,11,p591h2pv,9,trader_bridge_app,TradePage,1789082930,1,0,0
ykk5p8z9,7,zxclkk3l,10,trader_bridge_app,PauseTradingSession,1789082930,1,0,1
ykk5p8z9,8,99ctxiqw,10,trader_bridge_app,PauseTradingSession,1789082930,1,0,1
ykk5p8z9,9,lz6sdo3r,10,trader_bridge_app,PauseTradingSession,1789082930,1,0,1
ykk5p8z9,10,5hdyag7g,10,trader_bridge_app,PauseTradingSession,1789082930,1,0,1
ykk5p8z9,11,p591h2pv,10,trader_bridge_app,PauseTradingSession,1789082930,1,0,1
ykk5p8z9,12,g9e4scxb,10,trader_bridge_app,PauseTradingSession,1789082930,1,0,1
ykk5p8z9,23,8r753ujr,16,trader_bridge_app,ResumeTradingSession,1789082936,2,0,1
ykk5p8z9,24,chkml8l5,16,trader_bridge_app,ResumeTradingSession,1789082936,2,0,1
ykk5p8z9,19,h89ct0h3,16,trader_bridge_app,ResumeTradingSession,1789082936,2,0,1
ykk5p8z9,20,oizn9530,16,trader_bridge_app,ResumeTradingSession,1789082936,2,0,1
ykk5p8z9,21,3d0rzld9,16,trader_bridge_app,ResumeTradingSession,1789082936,2,0,1
ykk5p8z9,22,gy0oizb5,16,trader_bridge_app,ResumeTradingSession,1789082936,2,0,1
ykk5p8z9,13,kirmcqky,6,trader_bridge_app,SyncTradingSession,1789082937,1,0,1
ykk5p8z9,14,pn35uw2g,6,trader_bridge_app,SyncTradingSession,1789082937,1,0,1
ykk5p8z9,15,ps4pdpc5,6,trader_bridge_app,SyncTradingSession,1789082937,1,0,1
ykk5p8z9,16,1evcus8j,6,trader_bridge_app,SyncTradingSession,1789082937,1,0,1
ykk5p8z9,17,wgz24zdb,6,trader_bridge_app,SyncTradingSession,1789082937,1,0,1
ykk5p8z9,18,ogauv9f8,6,trader_bridge_app,SyncTradingSession,1789082937,1,0,1
ykk5p8z9,2,38up52f8,27,trader_bridge_app,TradePage,1789082940,3,0,0
ykk5p8z9,4,03xcqsa5,27,trader_bridge_app,TradePage,1789082940,3,0,0
ykk5p8z9,7,zxclkk3l,12,trader_bridge_app,DayBreak,1789082942,1,0,0
ykk5p8z9,11,p591h2pv,12,trader_bridge_app,DayBreak,1789082942,1,0,0
ykk5p8z9,8,99ctxiqw,12,trader_bridge_app,DayBreak,1789082946,1,0,0
ykk5p8z9,12,g9e4scxb,12,trader_bridge_app,DayBreak,1789082951,1,1,0
ykk5p8z9,31,lkaj8gx3,48,trader_bridge_app,DayBreak,1789082953,5,0,0
ykk5p8z9,31,lkaj8gx3,52,trader_bridge_app,ResumeTradingSession,1789082953,6,0,1
ykk5p8z9,4,03xcqsa5,30,trader_bridge_app,DayBreak,1789082965,3,0,0
ykk5p8z9,28,s0vl521h,36,trader_bridge_app,TradePage,1789082966,4,0,0
ykk5p8z9,29,qs0z3czj,36,trader_bridge_app,TradePage,1789082966,4,0,0
ykk5p8z9,30,ufzyavcw,36,trader_bridge_app,TradePage,1789082966,4,0,0
ykk5p8z9,26,qkzfdqnt,36,trader_bridge_app,TradePage,1789082966,4,0,0
ykk5p8z9,25,rf6q16rc,37,trader_bridge_app,PauseTradingSession,1789082967,4,0,1
ykk5p8z9,26,qkzfdqnt,37,trader_bridge_app,PauseTradingSession,1789082967,4,0,1
ykk5p8z9,27,1nf2i0vh,37,trader_bridge_app,PauseTradingSession,1789082967,4,0,1
ykk5p8z9,28,s0vl521h,37,trader_bridge_app,PauseTradingSession,1789082967,4,0,1
ykk5p8z9,29,qs0z3czj,37,trader_bridge_app,PauseTradingSession,1789082967,4,0,1
ykk5p8z9,30,ufzyavcw,37,trader_bridge_app,PauseTradingSession,1789082967,4,0,1
ykk5p8z9,27,1nf2i0vh,36,trader_bridge_app,TradePage,1789082967,4,0,0
ykk5p8z9,6,8zudctzx,30,trader_bridge_app,DayBreak,1789082968,3,0,0
ykk5p8z9,6,8zudctzx,32,trader_bridge_app,MarketTransition,1789082970,3,0,0
ykk5p8z9,4,03xcqsa5,32,trader_bridge_app,MarketTransition,1789082971,3,0,0
ykk5p8z9,29,qs0z3czj,39,trader_bridge_app,DayBreak,1789082972,4,0,0
ykk5p8z9,26,qkzfdqnt,39,trader_bridge_app,DayBreak,1789082973,4,0,0
ykk5p8z9,28,s0vl521h,39,trader_bridge_app,DayBreak,1789082973,4,0,0
ykk5p8z9,30,ufzyavcw,39,trader_bridge_app,DayBreak,1789082974,4,0,0
ykk5p8z9,5,gjhavmx0,30,trader_bridge_app,DayBreak,1789082982,3,0,0
ykk5p8z9,5,gjhavmx0,32,trader_bridge_app,MarketTransition,1789082986,3,0,0
ykk5p8z9,27,1nf2i0vh,39,trader_bridge_app,DayBreak,1789082987,4,1,0
ykk5p8z9,20,oizn9530,18,trader_bridge_app,TradePage,1789082997,2,0,0
ykk5p8z9,21,3d0rzld9,18,trader_bridge_app,TradePage,1789082997,2,0,0
ykk5p8z9,22,gy0oizb5,18,trader_bridge_app,TradePage,1789082997,2,0,0
ykk5p8z9,2,38up52f8,30,trader_bridge_app,DayBreak,1789082998,3,1,0
ykk5p8z9,19,h89ct0h3,19,trader_bridge_app,PauseTradingSession,1789083002,2,0,1
ykk5p8z9,20,oizn9530,19,trader_bridge_app,PauseTradingSession,1789083002,2,0,1
ykk5p8z9,21,3d0rzld9,19,trader_bridge_app,PauseTradingSession,1789083002,2,0,1
ykk5p8z9,22,gy0oizb5,19,trader_bridge_app,PauseTradingSession,1789083002,2,0,1
ykk5p8z9,23,8r753ujr,19,trader_bridge_app,PauseTradingSession,1789083002,2,0,1
ykk5p8z9,24,chkml8l5,19,trader_bridge_app,PauseTradingSession,1789083002,2,0,1
ykk5p8z9,20,oizn9530,21,trader_bridge_app,DayBreak,1789083008,2,0,0
ykk5p8z9,17,wgz24zdb,9,trader_bridge_app,TradePage,1789083009,1,0,0
ykk5p8z9,15,ps4pdpc5,9,trader_bridge_app,TradePage,1789083010,1,0,0
ykk5p8z9,13,kirmcqky,10,trader_bridge_app,PauseTradingSession,1789083010,1,0,1
ykk5p8z9,14,pn35uw2g,10,trader_bridge_app,PauseTradingSession,1789083010,1,0,1
ykk5p8z9,15,ps4pdpc5,10,trader_bridge_app,PauseTradingSession,1789083010,1,0,1
ykk5p8z9,16,1evcus8j,10,trader_bridge_app,PauseTradingSession,1789083010,1,0,1
ykk5p8z9,17,wgz24zdb,10,trader_bridge_app,PauseTradingSession,1789083010,1,0,1
ykk5p8z9,18,ogauv9f8,10,trader_bridge_app,PauseTradingSession,1789083010,1,0,1
ykk5p8z9,21,3d0rzld9,21,trader_bridge_app,DayBreak,1789083012,2,0,0
ykk5p8z9,31,lkaj8gx3,54,trader_bridge_app,TradePage,1789083014,6,0,0
ykk5p8z9,23,8r753ujr,21,trader_bridge_app,DayBreak,1789083016,2,0,0
ykk5p8z9,15,ps4pdpc5,12,trader_bridge_app,DayBreak,1789083022,1,0,0
ykk5p8z9,10,5hdyag7g,18,trader_bridge_app,TradePage,1789083023,2,0,0
ykk5p8z9,9,lz6sdo3r,18,trader_bridge_app,TradePage,1789083023,2,0,0
ykk5p8z9,2,38up52f8,32,trader_bridge_app,MarketTransition,1789083028,3,0,0
ykk5p8z9,1,78ek4e7n,33,trader_bridge_app,SyncTradingSession,1789083029,4,0,1
ykk5p8z9,2,38up52f8,33,trader_bridge_app,SyncTradingSession,1789083029,4,0,1
ykk5p8z9,3,mx74stso,33,trader_bridge_app,SyncTradingSession,1789083029,4,0,1
ykk5p8z9,4,03xcqsa5,33,trader_bridge_app,SyncTradingSession,1789083029,4,0,1
ykk5p8z9,5,gjhavmx0,33,trader_bridge_app,SyncTradingSession,1789083029,4,0,1
ykk5p8z9,6,8zudctzx,33,trader_bridge_app,SyncTradingSession,1789083029,4,0,1
ykk5p8z9,17,wgz24zdb,12,trader_bridge_app,DayBreak,1789083030,1,1,0
ykk5p8z9,10,5hdyag7g,21,trader_bridge_app,DayBreak,1789083031,2,0,0
ykk5p8z9,8,99ctxiqw,21,trader_bridge_app,DayBreak,1789083032,2,0,0
ykk5p8z9,9,lz6sdo3r,21,trader_bridge_app,DayBreak,1789083034,2,0,0
ykk5p8z9,19,h89ct0h3,21,trader_bridge_app,DayBreak,1789083040,2,1,0
ykk5p8z9,7,zxclkk3l,21,trader_bridge_app,DayBreak,1789083041,2,0,0
ykk5p8z9,12,g9e4scxb,21,trader_bridge_app,DayBreak,1789083046,2,1,0
ykk5p8z9,7,zxclkk3l,25,trader_bridge_app,ResumeTradingSession,1789083046,3,0,1
ykk5p8z9,25,rf6q16rc,39,trader_bridge_app,DayBreak,1789082971,4,0,0
ykk5p8z9,3,mx74stso,30,trader_bridge_app,DayBreak,1789082978,3,0,0
ykk5p8z9,1,78ek4e7n,30,trader_bridge_app,DayBreak,1789082979,3,1,0
ykk5p8z9,1,78ek4e7n,32,trader_bridge_app,MarketTransition,1789082982,3,0,0
ykk5p8z9,3,mx74stso,32,trader_bridge_app,MarketTransition,1789082987,3,0,0
ykk5p8z9,28,s0vl521h,43,trader_bridge_app,ResumeTradingSession,1789082987,5,0,1
ykk5p8z9,25,rf6q16rc,43,trader_bridge_app,ResumeTradingSession,1789082987,5,0,1
ykk5p8z9,26,qkzfdqnt,43,trader_bridge_app,ResumeTradingSession,1789082987,5,0,1
ykk5p8z9,27,1nf2i0vh,43,trader_bridge_app,ResumeTradingSession,1789082987,5,0,1
ykk5p8z9,29,qs0z3czj,43,trader_bridge_app,ResumeTradingSession,1789082987,5,0,1
ykk5p8z9,30,ufzyavcw,43,trader_bridge_app,ResumeTradingSession,1789082987,5,0,1
ykk5p8z9,24,chkml8l5,18,trader_bridge_app,TradePage,1789082997,2,0,0
ykk5p8z9,19,h89ct0h3,18,trader_bridge_app,TradePage,1789082997,2,0,0
ykk5p8z9,23,8r753ujr,18,trader_bridge_app,TradePage,1789083001,2,0,0
ykk5p8z9,18,ogauv9f8,9,trader_bridge_app,TradePage,1789083009,1,0,0
ykk5p8z9,16,1evcus8j,9,trader_bridge_app,TradePage,1789083009,1,0,0
ykk5p8z9,14,pn35uw2g,9,trader_bridge_app,TradePage,1789083009,1,0,0
ykk5p8z9,13,kirmcqky,9,trader_bridge_app,TradePage,1789083009,1,0,0
ykk5p8z9,22,gy0oizb5,21,trader_bridge_app,DayBreak,1789083010,2,0,0
ykk5p8z9,31,lkaj8gx3,55,trader_bridge_app,PauseTradingSession,1789083014,6,0,1
ykk5p8z9,8,99ctxiqw,18,trader_bridge_app,TradePage,1789083023,2,0,0
ykk5p8z9,7,zxclkk3l,18,trader_bridge_app,TradePage,1789083023,2,0,0
ykk5p8z9,12,g9e4scxb,18,trader_bridge_app,TradePage,1789083023,2,0,0
ykk5p8z9,11,p591h2pv,18,trader_bridge_app,TradePage,1789083025,2,0,0
ykk5p8z9,7,zxclkk3l,19,trader_bridge_app,PauseTradingSession,1789083026,2,0,1
ykk5p8z9,8,99ctxiqw,19,trader_bridge_app,PauseTradingSession,1789083026,2,0,1
ykk5p8z9,9,lz6sdo3r,19,trader_bridge_app,PauseTradingSession,1789083026,2,0,1
ykk5p8z9,10,5hdyag7g,19,trader_bridge_app,PauseTradingSession,1789083026,2,0,1
ykk5p8z9,11,p591h2pv,19,trader_bridge_app,PauseTradingSession,1789083026,2,0,1
ykk5p8z9,12,g9e4scxb,19,trader_bridge_app,PauseTradingSession,1789083026,2,0,1
ykk5p8z9,14,pn35uw2g,12,trader_bridge_app,DayBreak,1789083031,1,1,0
ykk5p8z9,16,1evcus8j,12,trader_bridge_app,DayBreak,1789083031,1,1,0
ykk5p8z9,31,lkaj8gx3,57,trader_bridge_app,DayBreak,1789083035,6,1,0
ykk5p8z9,31,lkaj8gx3,61,trader_bridge_app,ResumeTradingSession,1789083035,7,0,1
ykk5p8z9,11,p591h2pv,21,trader_bridge_app,DayBreak,1789083036,2,0,0
ykk5p8z9,19,h89ct0h3,21,trader_bridge_app,DayBreak,1789083040,2,1,0
ykk5p8z9,24,chkml8l5,21,trader_bridge_app,DayBreak,1789083040,2,1,0
ykk5p8z9,19,h89ct0h3,25,trader_bridge_app,ResumeTradingSession,1789083040,3,0,1
ykk5p8z9,20,oizn9530,25,trader_bridge_app,ResumeTradingSession,1789083040,3,0,1
ykk5p8z9,21,3d0rzld9,25,trader_bridge_app,ResumeTradingSession,1789083040,3,0,1
ykk5p8z9,22,gy0oizb5,25,trader_bridge_app,ResumeTradingSession,1789083040,3,0,1
ykk5p8z9,23,8r753ujr,25,trader_bridge_app,ResumeTradingSession,1789083040,3,0,1
ykk5p8z9,24,chkml8l5,25,trader_bridge_app,ResumeTradingSession,1789083040,3,0,1
ykk5p8z9,1,78ek4e7n,34,trader_bridge_app,ResumeTradingSession,1789083040,4,0,1
ykk5p8z9,2,38up52f8,34,trader_bridge_app,ResumeTradingSession,1789083040,4,0,1
ykk5p8z9,3,mx74stso,34,trader_bridge_app,ResumeTradingSession,1789083040,4,0,1
ykk5p8z9,4,03xcqsa5,34,trader_bridge_app,ResumeTradingSession,1789083040,4,0,1
ykk5p8z9,5,gjhavmx0,34,trader_bridge_app,ResumeTradingSession,1789083040,4,0,1
ykk5p8z9,6,8zudctzx,34,trader_bridge_app,ResumeTradingSession,1789083040,4,0,1
ykk5p8z9,25,rf6q16rc,45,trader_bridge_app,TradePage,1789083048,5,0,0
ykk5p8z9,18,ogauv9f8,12,trader_bridge_app,DayBreak,1789083050,1,1,0
ykk5p8z9,8,99ctxiqw,25,trader_bridge_app,ResumeTradingSession,1789083046,3,0,1
ykk5p8z9,9,lz6sdo3r,25,trader_bridge_app,ResumeTradingSession,1789083046,3,0,1
ykk5p8z9,10,5hdyag7g,25,trader_bridge_app,ResumeTradingSession,1789083046,3,0,1
ykk5p8z9,11,p591h2pv,25,trader_bridge_app,ResumeTradingSession,1789083046,3,0,1
ykk5p8z9,12,g9e4scxb,25,trader_bridge_app,ResumeTradingSession,1789083046,3,0,1
ykk5p8z9,27,1nf2i0vh,45,trader_bridge_app,TradePage,1789083048,5,0,0
ykk5p8z9,28,s0vl521h,45,trader_bridge_app,TradePage,1789083048,5,0,0
ykk5p8z9,29,qs0z3czj,45,trader_bridge_app,TradePage,1789083048,5,0,0
ykk5p8z9,30,ufzyavcw,45,trader_bridge_app,TradePage,1789083048,5,0,0
ykk5p8z9,18,ogauv9f8,12,trader_bridge_app,DayBreak,1789083050,1,1,0
ykk5p8z9,26,qkzfdqnt,48,trader_bridge_app,DayBreak,1789083067,5,0,0
ykk5p8z9,30,ufzyavcw,48,trader_bridge_app,DayBreak,1789083068,5,0,0
ykk5p8z9,31,lkaj8gx3,63,trader_bridge_app,TradePage,1789083096,7,0,0
ykk5p8z9,31,lkaj8gx3,64,trader_bridge_app,PauseTradingSession,1789083096,7,0,1
ykk5p8z9,29,qs0z3czj,48,trader_bridge_app,DayBreak,1789083096,5,1,0
ykk5p8z9,25,rf6q16rc,52,trader_bridge_app,ResumeTradingSession,1789083096,6,0,1
ykk5p8z9,26,qkzfdqnt,52,trader_bridge_app,ResumeTradingSession,1789083096,6,0,1
ykk5p8z9,27,1nf2i0vh,52,trader_bridge_app,ResumeTradingSession,1789083096,6,0,1
ykk5p8z9,28,s0vl521h,52,trader_bridge_app,ResumeTradingSession,1789083096,6,0,1
ykk5p8z9,29,qs0z3czj,52,trader_bridge_app,ResumeTradingSession,1789083096,6,0,1
ykk5p8z9,30,ufzyavcw,52,trader_bridge_app,ResumeTradingSession,1789083096,6,0,1
ykk5p8z9,24,chkml8l5,27,trader_bridge_app,TradePage,1789083101,3,0,0
ykk5p8z9,23,8r753ujr,27,trader_bridge_app,TradePage,1789083101,3,0,0
ykk5p8z9,6,8zudctzx,36,trader_bridge_app,TradePage,1789083101,4,0,0
ykk5p8z9,1,78ek4e7n,36,trader_bridge_app,TradePage,1789083102,4,0,0
ykk5p8z9,31,lkaj8gx3,66,trader_bridge_app,DayBreak,1789083103,7,0,0
ykk5p8z9,10,5hdyag7g,27,trader_bridge_app,TradePage,1789083107,3,0,0
ykk5p8z9,2,38up52f8,36,trader_bridge_app,TradePage,1789083108,4,1,0
ykk5p8z9,1,78ek4e7n,37,trader_bridge_app,PauseTradingSession,1789083108,4,0,1
ykk5p8z9,2,38up52f8,37,trader_bridge_app,PauseTradingSession,1789083108,4,0,1
ykk5p8z9,3,mx74stso,37,trader_bridge_app,PauseTradingSession,1789083108,4,0,1
ykk5p8z9,4,03xcqsa5,37,trader_bridge_app,PauseTradingSession,1789083108,4,0,1
ykk5p8z9,5,gjhavmx0,37,trader_bridge_app,PauseTradingSession,1789083108,4,0,1
ykk5p8z9,6,8zudctzx,37,trader_bridge_app,PauseTradingSession,1789083108,4,0,1
ykk5p8z9,16,1evcus8j,18,trader_bridge_app,TradePage,1789083111,2,0,0
ykk5p8z9,17,wgz24zdb,18,trader_bridge_app,TradePage,1789083111,2,0,0
ykk5p8z9,6,8zudctzx,39,trader_bridge_app,DayBreak,1789083112,4,0,0
ykk5p8z9,19,h89ct0h3,27,trader_bridge_app,TradePage,1789083114,3,0,0
ykk5p8z9,4,03xcqsa5,39,trader_bridge_app,DayBreak,1789083114,4,0,0
ykk5p8z9,22,gy0oizb5,27,trader_bridge_app,TradePage,1789083114,3,0,0
ykk5p8z9,3,mx74stso,39,trader_bridge_app,DayBreak,1789083120,4,0,0
ykk5p8z9,11,p591h2pv,27,trader_bridge_app,TradePage,1789083120,3,0,0
ykk5p8z9,7,zxclkk3l,29,trader_bridge_app,FinalizeTradingSession,1789083120,3,0,1
ykk5p8z9,8,99ctxiqw,29,trader_bridge_app,FinalizeTradingSession,1789083120,3,0,1
ykk5p8z9,9,lz6sdo3r,29,trader_bridge_app,FinalizeTradingSession,1789083120,3,0,1
ykk5p8z9,10,5hdyag7g,29,trader_bridge_app,FinalizeTradingSession,1789083120,3,0,1
ykk5p8z9,11,p591h2pv,29,trader_bridge_app,FinalizeTradingSession,1789083120,3,0,1
ykk5p8z9,12,g9e4scxb,29,trader_bridge_app,FinalizeTradingSession,1789083120,3,0,1
ykk5p8z9,20,oizn9530,27,trader_bridge_app,TradePage,1789083120,3,1,0
ykk5p8z9,24,chkml8l5,29,trader_bridge_app,FinalizeTradingSession,1789083121,3,0,1
ykk5p8z9,19,h89ct0h3,29,trader_bridge_app,FinalizeTradingSession,1789083121,3,0,1
ykk5p8z9,13,kirmcqky,12,trader_bridge_app,DayBreak,1789083050,1,1,0
ykk5p8z9,17,wgz24zdb,16,trader_bridge_app,ResumeTradingSession,1789083050,2,0,1
ykk5p8z9,18,ogauv9f8,16,trader_bridge_app,ResumeTradingSession,1789083050,2,0,1
ykk5p8z9,13,kirmcqky,16,trader_bridge_app,ResumeTradingSession,1789083050,2,0,1
ykk5p8z9,14,pn35uw2g,16,trader_bridge_app,ResumeTradingSession,1789083050,2,0,1
ykk5p8z9,15,ps4pdpc5,16,trader_bridge_app,ResumeTradingSession,1789083050,2,0,1
ykk5p8z9,16,1evcus8j,16,trader_bridge_app,ResumeTradingSession,1789083050,2,0,1
ykk5p8z9,26,qkzfdqnt,45,trader_bridge_app,TradePage,1789083058,5,0,0
ykk5p8z9,28,s0vl521h,46,trader_bridge_app,PauseTradingSession,1789083058,5,0,1
ykk5p8z9,29,qs0z3czj,46,trader_bridge_app,PauseTradingSession,1789083058,5,0,1
ykk5p8z9,25,rf6q16rc,46,trader_bridge_app,PauseTradingSession,1789083058,5,0,1
ykk5p8z9,26,qkzfdqnt,46,trader_bridge_app,PauseTradingSession,1789083058,5,0,1
ykk5p8z9,27,1nf2i0vh,46,trader_bridge_app,PauseTradingSession,1789083058,5,0,1
ykk5p8z9,30,ufzyavcw,46,trader_bridge_app,PauseTradingSession,1789083058,5,0,1
ykk5p8z9,28,s0vl521h,48,trader_bridge_app,DayBreak,1789083065,5,0,0
ykk5p8z9,27,1nf2i0vh,48,trader_bridge_app,DayBreak,1789083079,5,1,0
ykk5p8z9,25,rf6q16rc,48,trader_bridge_app,DayBreak,1789083096,5,1,0
ykk5p8z9,29,qs0z3czj,48,trader_bridge_app,DayBreak,1789083096,5,1,0
ykk5p8z9,25,rf6q16rc,52,trader_bridge_app,ResumeTradingSession,1789083096,6,0,1
ykk5p8z9,26,qkzfdqnt,52,trader_bridge_app,ResumeTradingSession,1789083096,6,0,1
ykk5p8z9,27,1nf2i0vh,52,trader_bridge_app,ResumeTradingSession,1789083096,6,0,1
ykk5p8z9,28,s0vl521h,52,trader_bridge_app,ResumeTradingSession,1789083096,6,0,1
ykk5p8z9,29,qs0z3czj,52,trader_bridge_app,ResumeTradingSession,1789083096,6,0,1
ykk5p8z9,30,ufzyavcw,52,trader_bridge_app,ResumeTradingSession,1789083096,6,0,1
ykk5p8z9,3,mx74stso,36,trader_bridge_app,TradePage,1789083101,4,0,0
ykk5p8z9,5,gjhavmx0,36,trader_bridge_app,TradePage,1789083101,4,0,0
ykk5p8z9,4,03xcqsa5,36,trader_bridge_app,TradePage,1789083101,4,0,0
ykk5p8z9,31,lkaj8gx3,70,trader_bridge_app,ResumeTradingSession,1789083103,8,0,1
ykk5p8z9,21,3d0rzld9,27,trader_bridge_app,TradePage,1789083103,3,0,0
ykk5p8z9,7,zxclkk3l,27,trader_bridge_app,TradePage,1789083107,3,0,0
ykk5p8z9,12,g9e4scxb,27,trader_bridge_app,TradePage,1789083107,3,0,0
ykk5p8z9,13,kirmcqky,18,trader_bridge_app,TradePage,1789083111,2,0,0
ykk5p8z9,14,pn35uw2g,18,trader_bridge_app,TradePage,1789083111,2,0,0
ykk5p8z9,15,ps4pdpc5,18,trader_bridge_app,TradePage,1789083114,2,0,0
ykk5p8z9,9,lz6sdo3r,27,trader_bridge_app,TradePage,1789083120,3,0,0
ykk5p8z9,8,99ctxiqw,27,trader_bridge_app,TradePage,1789083120,3,0,0
ykk5p8z9,11,p591h2pv,29,trader_bridge_app,FinalizeTradingSession,1789083120,3,0,1
ykk5p8z9,7,zxclkk3l,29,trader_bridge_app,FinalizeTradingSession,1789083120,3,0,1
ykk5p8z9,8,99ctxiqw,29,trader_bridge_app,FinalizeTradingSession,1789083120,3,0,1
ykk5p8z9,9,lz6sdo3r,29,trader_bridge_app,FinalizeTradingSession,1789083120,3,0,1
ykk5p8z9,10,5hdyag7g,29,trader_bridge_app,FinalizeTradingSession,1789083120,3,0,1
ykk5p8z9,12,g9e4scxb,29,trader_bridge_app,FinalizeTradingSession,1789083120,3,0,1
ykk5p8z9,18,ogauv9f8,18,trader_bridge_app,TradePage,1789083123,2,0,0
ykk5p8z9,9,lz6sdo3r,30,trader_bridge_app,DayBreak,1789083125,3,0,0
ykk5p8z9,10,5hdyag7g,30,trader_bridge_app,DayBreak,1789083125,3,0,0
ykk5p8z9,11,p591h2pv,30,trader_bridge_app,DayBreak,1789083126,3,0,0
ykk5p8z9,11,p591h2pv,32,trader_bridge_app,MarketTransition,1789083128,3,0,0
ykk5p8z9,1,78ek4e7n,39,trader_bridge_app,DayBreak,1789083129,4,1,0
ykk5p8z9,23,8r753ujr,30,trader_bridge_app,DayBreak,1789083130,3,0,0
ykk5p8z9,15,ps4pdpc5,21,trader_bridge_app,DayBreak,1789083131,2,0,0
ykk5p8z9,20,oizn9530,30,trader_bridge_app,DayBreak,1789083133,3,0,0
ykk5p8z9,18,ogauv9f8,21,trader_bridge_app,DayBreak,1789083134,2,0,0
ykk5p8z9,2,38up52f8,39,trader_bridge_app,DayBreak,1789083136,4,1,0
ykk5p8z9,1,78ek4e7n,43,trader_bridge_app,ResumeTradingSession,1789083136,5,0,1
ykk5p8z9,2,38up52f8,43,trader_bridge_app,ResumeTradingSession,1789083136,5,0,1
ykk5p8z9,3,mx74stso,43,trader_bridge_app,ResumeTradingSession,1789083136,5,0,1
ykk5p8z9,4,03xcqsa5,43,trader_bridge_app,ResumeTradingSession,1789083136,5,0,1
ykk5p8z9,5,gjhavmx0,43,trader_bridge_app,ResumeTradingSession,1789083136,5,0,1
ykk5p8z9,6,8zudctzx,43,trader_bridge_app,ResumeTradingSession,1789083136,5,0,1
ykk5p8z9,24,chkml8l5,32,trader_bridge_app,MarketTransition,1789083138,3,0,0
ykk5p8z9,20,oizn9530,32,trader_bridge_app,MarketTransition,1789083138,3,0,0
ykk5p8z9,21,3d0rzld9,30,trader_bridge_app,DayBreak,1789083141,3,0,0
ykk5p8z9,14,pn35uw2g,21,trader_bridge_app,DayBreak,1789083142,2,0,0
ykk5p8z9,21,3d0rzld9,32,trader_bridge_app,MarketTransition,1789083143,3,0,0
ykk5p8z9,23,8r753ujr,32,trader_bridge_app,MarketTransition,1789083144,3,0,0
ykk5p8z9,8,99ctxiqw,32,trader_bridge_app,MarketTransition,1789083147,3,0,0
ykk5p8z9,19,h89ct0h3,33,trader_bridge_app,SyncTradingSession,1789083149,4,0,1
ykk5p8z9,20,oizn9530,33,trader_bridge_app,SyncTradingSession,1789083149,4,0,1
ykk5p8z9,21,3d0rzld9,33,trader_bridge_app,SyncTradingSession,1789083149,4,0,1
ykk5p8z9,22,gy0oizb5,33,trader_bridge_app,SyncTradingSession,1789083149,4,0,1
ykk5p8z9,23,8r753ujr,33,trader_bridge_app,SyncTradingSession,1789083149,4,0,1
ykk5p8z9,24,chkml8l5,33,trader_bridge_app,SyncTradingSession,1789083149,4,0,1
ykk5p8z9,25,rf6q16rc,54,trader_bridge_app,TradePage,1789083157,6,0,0
ykk5p8z9,27,1nf2i0vh,54,trader_bridge_app,TradePage,1789083157,6,0,0
ykk5p8z9,30,ufzyavcw,54,trader_bridge_app,TradePage,1789083157,6,0,0
ykk5p8z9,28,s0vl521h,54,trader_bridge_app,TradePage,1789083157,6,0,0
ykk5p8z9,26,qkzfdqnt,54,trader_bridge_app,TradePage,1789083157,6,0,0
ykk5p8z9,25,rf6q16rc,55,trader_bridge_app,PauseTradingSession,1789083157,6,0,1
ykk5p8z9,26,qkzfdqnt,55,trader_bridge_app,PauseTradingSession,1789083157,6,0,1
ykk5p8z9,27,1nf2i0vh,55,trader_bridge_app,PauseTradingSession,1789083157,6,0,1
ykk5p8z9,28,s0vl521h,55,trader_bridge_app,PauseTradingSession,1789083157,6,0,1
ykk5p8z9,29,qs0z3czj,55,trader_bridge_app,PauseTradingSession,1789083157,6,0,1
ykk5p8z9,30,ufzyavcw,55,trader_bridge_app,PauseTradingSession,1789083157,6,0,1
ykk5p8z9,31,lkaj8gx3,73,trader_bridge_app,PauseTradingSession,1789083164,8,0,1
ykk5p8z9,16,1evcus8j,21,trader_bridge_app,DayBreak,1789083164,2,1,0
ykk5p8z9,17,wgz24zdb,21,trader_bridge_app,DayBreak,1789083164,2,1,0
ykk5p8z9,13,kirmcqky,25,trader_bridge_app,ResumeTradingSession,1789083164,3,0,1
ykk5p8z9,14,pn35uw2g,25,trader_bridge_app,ResumeTradingSession,1789083164,3,0,1
ykk5p8z9,15,ps4pdpc5,25,trader_bridge_app,ResumeTradingSession,1789083164,3,0,1
ykk5p8z9,16,1evcus8j,25,trader_bridge_app,ResumeTradingSession,1789083164,3,0,1
ykk5p8z9,17,wgz24zdb,25,trader_bridge_app,ResumeTradingSession,1789083164,3,0,1
ykk5p8z9,18,ogauv9f8,25,trader_bridge_app,ResumeTradingSession,1789083164,3,0,1
ykk5p8z9,12,g9e4scxb,32,trader_bridge_app,MarketTransition,1789083166,3,0,0
ykk5p8z9,7,zxclkk3l,33,trader_bridge_app,SyncTradingSession,1789083166,4,0,1
ykk5p8z9,8,99ctxiqw,33,trader_bridge_app,SyncTradingSession,1789083166,4,0,1
ykk5p8z9,9,lz6sdo3r,33,trader_bridge_app,SyncTradingSession,1789083166,4,0,1
ykk5p8z9,10,5hdyag7g,33,trader_bridge_app,SyncTradingSession,1789083166,4,0,1
ykk5p8z9,11,p591h2pv,33,trader_bridge_app,SyncTradingSession,1789083166,4,0,1
ykk5p8z9,12,g9e4scxb,33,trader_bridge_app,SyncTradingSession,1789083166,4,0,1
ykk5p8z9,7,zxclkk3l,34,trader_bridge_app,ResumeTradingSession,1789083166,4,0,1
ykk5p8z9,8,99ctxiqw,34,trader_bridge_app,ResumeTradingSession,1789083166,4,0,1
ykk5p8z9,9,lz6sdo3r,34,trader_bridge_app,ResumeTradingSession,1789083166,4,0,1
ykk5p8z9,20,oizn9530,29,trader_bridge_app,FinalizeTradingSession,1789083121,3,0,1
ykk5p8z9,21,3d0rzld9,29,trader_bridge_app,FinalizeTradingSession,1789083121,3,0,1
ykk5p8z9,22,gy0oizb5,29,trader_bridge_app,FinalizeTradingSession,1789083121,3,0,1
ykk5p8z9,23,8r753ujr,29,trader_bridge_app,FinalizeTradingSession,1789083121,3,0,1
ykk5p8z9,5,gjhavmx0,39,trader_bridge_app,DayBreak,1789083121,4,0,0
ykk5p8z9,13,kirmcqky,19,trader_bridge_app,PauseTradingSession,1789083123,2,0,1
ykk5p8z9,14,pn35uw2g,19,trader_bridge_app,PauseTradingSession,1789083123,2,0,1
ykk5p8z9,15,ps4pdpc5,19,trader_bridge_app,PauseTradingSession,1789083123,2,0,1
ykk5p8z9,16,1evcus8j,19,trader_bridge_app,PauseTradingSession,1789083123,2,0,1
ykk5p8z9,17,wgz24zdb,19,trader_bridge_app,PauseTradingSession,1789083123,2,0,1
ykk5p8z9,18,ogauv9f8,19,trader_bridge_app,PauseTradingSession,1789083123,2,0,1
ykk5p8z9,12,g9e4scxb,30,trader_bridge_app,DayBreak,1789083131,3,0,0
ykk5p8z9,10,5hdyag7g,32,trader_bridge_app,MarketTransition,1789083132,3,0,0
ykk5p8z9,13,kirmcqky,21,trader_bridge_app,DayBreak,1789083133,2,0,0
ykk5p8z9,7,zxclkk3l,30,trader_bridge_app,DayBreak,1789083134,3,0,0
ykk5p8z9,24,chkml8l5,30,trader_bridge_app,DayBreak,1789083134,3,0,0
ykk5p8z9,8,99ctxiqw,30,trader_bridge_app,DayBreak,1789083134,3,0,0
ykk5p8z9,9,lz6sdo3r,32,trader_bridge_app,MarketTransition,1789083139,3,0,0
ykk5p8z9,7,zxclkk3l,32,trader_bridge_app,MarketTransition,1789083139,3,0,0
ykk5p8z9,22,gy0oizb5,30,trader_bridge_app,DayBreak,1789083144,3,0,0
ykk5p8z9,19,h89ct0h3,30,trader_bridge_app,DayBreak,1789083145,3,0,0
ykk5p8z9,19,h89ct0h3,32,trader_bridge_app,MarketTransition,1789083149,3,0,0
ykk5p8z9,22,gy0oizb5,32,trader_bridge_app,MarketTransition,1789083149,3,0,0
ykk5p8z9,29,qs0z3czj,54,trader_bridge_app,TradePage,1789083157,6,0,0
ykk5p8z9,25,rf6q16rc,55,trader_bridge_app,PauseTradingSession,1789083157,6,0,1
ykk5p8z9,26,qkzfdqnt,55,trader_bridge_app,PauseTradingSession,1789083157,6,0,1
ykk5p8z9,27,1nf2i0vh,55,trader_bridge_app,PauseTradingSession,1789083157,6,0,1
ykk5p8z9,28,s0vl521h,55,trader_bridge_app,PauseTradingSession,1789083157,6,0,1
ykk5p8z9,29,qs0z3czj,55,trader_bridge_app,PauseTradingSession,1789083157,6,0,1
ykk5p8z9,30,ufzyavcw,55,trader_bridge_app,PauseTradingSession,1789083157,6,0,1
ykk5p8z9,19,h89ct0h3,34,trader_bridge_app,ResumeTradingSession,1789083159,4,0,1
ykk5p8z9,20,oizn9530,34,trader_bridge_app,ResumeTradingSession,1789083159,4,0,1
ykk5p8z9,21,3d0rzld9,34,trader_bridge_app,ResumeTradingSession,1789083159,4,0,1
ykk5p8z9,22,gy0oizb5,34,trader_bridge_app,ResumeTradingSession,1789083159,4,0,1
ykk5p8z9,23,8r753ujr,34,trader_bridge_app,ResumeTradingSession,1789083159,4,0,1
ykk5p8z9,24,chkml8l5,34,trader_bridge_app,ResumeTradingSession,1789083159,4,0,1
ykk5p8z9,31,lkaj8gx3,72,trader_bridge_app,TradePage,1789083163,8,0,0
ykk5p8z9,7,zxclkk3l,33,trader_bridge_app,SyncTradingSession,1789083166,4,0,1
ykk5p8z9,8,99ctxiqw,33,trader_bridge_app,SyncTradingSession,1789083166,4,0,1
ykk5p8z9,9,lz6sdo3r,33,trader_bridge_app,SyncTradingSession,1789083166,4,0,1
ykk5p8z9,10,5hdyag7g,33,trader_bridge_app,SyncTradingSession,1789083166,4,0,1
ykk5p8z9,11,p591h2pv,33,trader_bridge_app,SyncTradingSession,1789083166,4,0,1
ykk5p8z9,12,g9e4scxb,33,trader_bridge_app,SyncTradingSession,1789083166,4,0,1
ykk5p8z9,7,zxclkk3l,34,trader_bridge_app,ResumeTradingSession,1789083166,4,0,1
ykk5p8z9,8,99ctxiqw,34,trader_bridge_app,ResumeTradingSession,1789083166,4,0,1
ykk5p8z9,9,lz6sdo3r,34,trader_bridge_app,ResumeTradingSession,1789083166,4,0,1
ykk5p8z9,10,5hdyag7g,34,trader_bridge_app,ResumeTradingSession,1789083166,4,0,1
ykk5p8z9,11,p591h2pv,34,trader_bridge_app,ResumeTradingSession,1789083166,4,0,1
ykk5p8z9,12,g9e4scxb,34,trader_bridge_app,ResumeTradingSession,1789083166,4,0,1
ykk5p8z9,31,lkaj8gx3,75,trader_bridge_app,DayBreak,1789083169,8,0,0
ykk5p8z9,30,ufzyavcw,57,trader_bridge_app,DayBreak,1789083175,6,0,0
ykk5p8z9,10,5hdyag7g,34,trader_bridge_app,ResumeTradingSession,1789083166,4,0,1
ykk5p8z9,11,p591h2pv,34,trader_bridge_app,ResumeTradingSession,1789083166,4,0,1
ykk5p8z9,12,g9e4scxb,34,trader_bridge_app,ResumeTradingSession,1789083166,4,0,1
ykk5p8z9,31,lkaj8gx3,79,trader_bridge_app,ResumeTradingSession,1789083169,9,0,1
ykk5p8z9,25,rf6q16rc,57,trader_bridge_app,DayBreak,1789083169,6,0,0
ykk5p8z9,29,qs0z3czj,57,trader_bridge_app,DayBreak,1789083176,6,0,0
ykk5p8z9,28,s0vl521h,57,trader_bridge_app,DayBreak,1789083178,6,1,0
ykk5p8z9,28,s0vl521h,61,trader_bridge_app,ResumeTradingSession,1789083178,7,0,1
ykk5p8z9,29,qs0z3czj,61,trader_bridge_app,ResumeTradingSession,1789083178,7,0,1
ykk5p8z9,25,rf6q16rc,61,trader_bridge_app,ResumeTradingSession,1789083178,7,0,1
ykk5p8z9,26,qkzfdqnt,61,trader_bridge_app,ResumeTradingSession,1789083178,7,0,1
ykk5p8z9,30,ufzyavcw,61,trader_bridge_app,ResumeTradingSession,1789083178,7,0,1
ykk5p8z9,27,1nf2i0vh,61,trader_bridge_app,ResumeTradingSession,1789083178,7,0,1
ykk5p8z9,6,8zudctzx,45,trader_bridge_app,TradePage,1789083197,5,0,0
ykk5p8z9,4,03xcqsa5,45,trader_bridge_app,TradePage,1789083198,5,0,0
ykk5p8z9,3,mx74stso,45,trader_bridge_app,TradePage,1789083202,5,0,0
ykk5p8z9,2,38up52f8,45,trader_bridge_app,TradePage,1789083203,5,1,0
ykk5p8z9,1,78ek4e7n,45,trader_bridge_app,TradePage,1789083209,5,0,0
ykk5p8z9,5,gjhavmx0,46,trader_bridge_app,PauseTradingSession,1789083209,5,0,1
ykk5p8z9,6,8zudctzx,46,trader_bridge_app,PauseTradingSession,1789083209,5,0,1
ykk5p8z9,1,78ek4e7n,46,trader_bridge_app,PauseTradingSession,1789083209,5,0,1
ykk5p8z9,2,38up52f8,46,trader_bridge_app,PauseTradingSession,1789083209,5,0,1
ykk5p8z9,3,mx74stso,46,trader_bridge_app,PauseTradingSession,1789083209,5,0,1
ykk5p8z9,4,03xcqsa5,46,trader_bridge_app,PauseTradingSession,1789083209,5,0,1
ykk5p8z9,23,8r753ujr,36,trader_bridge_app,TradePage,1789083220,4,0,0
ykk5p8z9,22,gy0oizb5,36,trader_bridge_app,TradePage,1789083221,4,0,0
ykk5p8z9,19,h89ct0h3,37,trader_bridge_app,PauseTradingSession,1789083221,4,0,1
ykk5p8z9,20,oizn9530,37,trader_bridge_app,PauseTradingSession,1789083221,4,0,1
ykk5p8z9,21,3d0rzld9,37,trader_bridge_app,PauseTradingSession,1789083221,4,0,1
ykk5p8z9,22,gy0oizb5,37,trader_bridge_app,PauseTradingSession,1789083221,4,0,1
ykk5p8z9,23,8r753ujr,37,trader_bridge_app,PauseTradingSession,1789083221,4,0,1
ykk5p8z9,24,chkml8l5,37,trader_bridge_app,PauseTradingSession,1789083221,4,0,1
ykk5p8z9,17,wgz24zdb,27,trader_bridge_app,TradePage,1789083224,3,0,0
ykk5p8z9,15,ps4pdpc5,27,trader_bridge_app,TradePage,1789083225,3,0,0
ykk5p8z9,18,ogauv9f8,27,trader_bridge_app,TradePage,1789083227,3,0,0
ykk5p8z9,7,zxclkk3l,36,trader_bridge_app,TradePage,1789083227,4,0,0
ykk5p8z9,11,p591h2pv,36,trader_bridge_app,TradePage,1789083227,4,0,0
ykk5p8z9,12,g9e4scxb,36,trader_bridge_app,TradePage,1789083227,4,0,0
ykk5p8z9,9,lz6sdo3r,36,trader_bridge_app,TradePage,1789083227,4,0,0
ykk5p8z9,8,99ctxiqw,36,trader_bridge_app,TradePage,1789083227,4,0,0
ykk5p8z9,24,chkml8l5,39,trader_bridge_app,DayBreak,1789083230,4,0,0
ykk5p8z9,9,lz6sdo3r,39,trader_bridge_app,DayBreak,1789083231,4,0,0
ykk5p8z9,19,h89ct0h3,39,trader_bridge_app,DayBreak,1789083233,4,0,0
ykk5p8z9,23,8r753ujr,39,trader_bridge_app,DayBreak,1789083233,4,0,0
ykk5p8z9,14,pn35uw2g,27,trader_bridge_app,TradePage,1789083237,3,0,0
ykk5p8z9,7,zxclkk3l,39,trader_bridge_app,DayBreak,1789083237,4,0,0
ykk5p8z9,7,zxclkk3l,43,trader_bridge_app,ResumeTradingSession,1789083237,5,0,1
ykk5p8z9,8,99ctxiqw,43,trader_bridge_app,ResumeTradingSession,1789083237,5,0,1
ykk5p8z9,9,lz6sdo3r,43,trader_bridge_app,ResumeTradingSession,1789083237,5,0,1
ykk5p8z9,10,5hdyag7g,43,trader_bridge_app,ResumeTradingSession,1789083237,5,0,1
ykk5p8z9,11,p591h2pv,43,trader_bridge_app,ResumeTradingSession,1789083237,5,0,1
ykk5p8z9,26,qkzfdqnt,57,trader_bridge_app,DayBreak,1789083177,6,0,0
ykk5p8z9,27,1nf2i0vh,57,trader_bridge_app,DayBreak,1789083178,6,1,0
ykk5p8z9,5,gjhavmx0,45,trader_bridge_app,TradePage,1789083197,5,0,0
ykk5p8z9,2,38up52f8,45,trader_bridge_app,TradePage,1789083203,5,1,0
ykk5p8z9,6,8zudctzx,48,trader_bridge_app,DayBreak,1789083212,5,0,0
ykk5p8z9,4,03xcqsa5,48,trader_bridge_app,DayBreak,1789083213,5,0,0
ykk5p8z9,5,gjhavmx0,48,trader_bridge_app,DayBreak,1789083213,5,0,0
ykk5p8z9,1,78ek4e7n,48,trader_bridge_app,DayBreak,1789083216,5,0,0
ykk5p8z9,3,mx74stso,48,trader_bridge_app,DayBreak,1789083220,5,0,0
ykk5p8z9,19,h89ct0h3,36,trader_bridge_app,TradePage,1789083220,4,0,0
ykk5p8z9,24,chkml8l5,36,trader_bridge_app,TradePage,1789083220,4,0,0
ykk5p8z9,20,oizn9530,36,trader_bridge_app,TradePage,1789083220,4,0,0
ykk5p8z9,21,3d0rzld9,36,trader_bridge_app,TradePage,1789083221,4,0,0
ykk5p8z9,13,kirmcqky,27,trader_bridge_app,TradePage,1789083225,3,0,0
ykk5p8z9,10,5hdyag7g,36,trader_bridge_app,TradePage,1789083227,4,0,0
ykk5p8z9,8,99ctxiqw,37,trader_bridge_app,PauseTradingSession,1789083227,4,0,1
ykk5p8z9,9,lz6sdo3r,37,trader_bridge_app,PauseTradingSession,1789083227,4,0,1
ykk5p8z9,10,5hdyag7g,37,trader_bridge_app,PauseTradingSession,1789083227,4,0,1
ykk5p8z9,11,p591h2pv,37,trader_bridge_app,PauseTradingSession,1789083227,4,0,1
ykk5p8z9,12,g9e4scxb,37,trader_bridge_app,PauseTradingSession,1789083227,4,0,1
ykk5p8z9,7,zxclkk3l,37,trader_bridge_app,PauseTradingSession,1789083227,4,0,1
ykk5p8z9,20,oizn9530,39,trader_bridge_app,DayBreak,1789083229,4,0,0
ykk5p8z9,21,3d0rzld9,39,trader_bridge_app,DayBreak,1789083229,4,0,0
ykk5p8z9,31,lkaj8gx3,81,trader_bridge_app,TradePage,1789083229,9,0,0
ykk5p8z9,31,lkaj8gx3,82,trader_bridge_app,PauseTradingSession,1789083230,9,0,1
ykk5p8z9,22,gy0oizb5,39,trader_bridge_app,DayBreak,1789083230,4,0,0
ykk5p8z9,10,5hdyag7g,39,trader_bridge_app,DayBreak,1789083232,4,0,0
ykk5p8z9,11,p591h2pv,39,trader_bridge_app,DayBreak,1789083233,4,0,0
ykk5p8z9,19,h89ct0h3,43,trader_bridge_app,ResumeTradingSession,1789083233,5,0,1
ykk5p8z9,20,oizn9530,43,trader_bridge_app,ResumeTradingSession,1789083233,5,0,1
ykk5p8z9,21,3d0rzld9,43,trader_bridge_app,ResumeTradingSession,1789083233,5,0,1
ykk5p8z9,22,gy0oizb5,43,trader_bridge_app,ResumeTradingSession,1789083233,5,0,1
ykk5p8z9,23,8r753ujr,43,trader_bridge_app,ResumeTradingSession,1789083233,5,0,1
ykk5p8z9,24,chkml8l5,43,trader_bridge_app,ResumeTradingSession,1789083233,5,0,1
ykk5p8z9,8,99ctxiqw,39,trader_bridge_app,DayBreak,1789083236,4,0,0
ykk5p8z9,12,g9e4scxb,39,trader_bridge_app,DayBreak,1789083237,4,0,0
ykk5p8z9,26,qkzfdqnt,63,trader_bridge_app,TradePage,1789083239,7,0,0
ykk5p8z9,25,rf6q16rc,63,trader_bridge_app,TradePage,1789083239,7,0,0
ykk5p8z9,29,qs0z3czj,63,trader_bridge_app,TradePage,1789083239,7,0,0
ykk5p8z9,16,1evcus8j,27,trader_bridge_app,TradePage,1789083242,3,1,0
ykk5p8z9,16,1evcus8j,29,trader_bridge_app,FinalizeTradingSession,1789083243,3,0,1
ykk5p8z9,17,wgz24zdb,29,trader_bridge_app,FinalizeTradingSession,1789083243,3,0,1
ykk5p8z9,18,ogauv9f8,29,trader_bridge_app,FinalizeTradingSession,1789083243,3,0,1
ykk5p8z9,13,kirmcqky,29,trader_bridge_app,FinalizeTradingSession,1789083243,3,0,1
ykk5p8z9,14,pn35uw2g,29,trader_bridge_app,FinalizeTradingSession,1789083243,3,0,1
ykk5p8z9,15,ps4pdpc5,29,trader_bridge_app,FinalizeTradingSession,1789083243,3,0,1
ykk5p8z9,2,38up52f8,48,trader_bridge_app,DayBreak,1789083249,5,1,0
ykk5p8z9,1,78ek4e7n,52,trader_bridge_app,ResumeTradingSession,1789083249,6,0,1
ykk5p8z9,2,38up52f8,52,trader_bridge_app,ResumeTradingSession,1789083249,6,0,1
ykk5p8z9,3,mx74stso,52,trader_bridge_app,ResumeTradingSession,1789083249,6,0,1
ykk5p8z9,4,03xcqsa5,52,trader_bridge_app,ResumeTradingSession,1789083249,6,0,1
ykk5p8z9,5,gjhavmx0,52,trader_bridge_app,ResumeTradingSession,1789083249,6,0,1
ykk5p8z9,6,8zudctzx,52,trader_bridge_app,ResumeTradingSession,1789083249,6,0,1
ykk5p8z9,13,kirmcqky,30,trader_bridge_app,DayBreak,1789083252,3,0,0
ykk5p8z9,30,ufzyavcw,63,trader_bridge_app,TradePage,1789083255,7,1,0
ykk5p8z9,26,qkzfdqnt,64,trader_bridge_app,PauseTradingSession,1789083255,7,0,1
ykk5p8z9,27,1nf2i0vh,64,trader_bridge_app,PauseTradingSession,1789083255,7,0,1
ykk5p8z9,28,s0vl521h,64,trader_bridge_app,PauseTradingSession,1789083255,7,0,1
ykk5p8z9,29,qs0z3czj,64,trader_bridge_app,PauseTradingSession,1789083255,7,0,1
ykk5p8z9,30,ufzyavcw,64,trader_bridge_app,PauseTradingSession,1789083255,7,0,1
ykk5p8z9,25,rf6q16rc,64,trader_bridge_app,PauseTradingSession,1789083255,7,0,1
ykk5p8z9,13,kirmcqky,32,trader_bridge_app,MarketTransition,1789083260,3,0,0
ykk5p8z9,18,ogauv9f8,30,trader_bridge_app,DayBreak,1789083262,3,0,0
ykk5p8z9,14,pn35uw2g,32,trader_bridge_app,MarketTransition,1789083264,3,0,0
ykk5p8z9,17,wgz24zdb,32,trader_bridge_app,MarketTransition,1789083267,3,0,0
ykk5p8z9,27,1nf2i0vh,66,trader_bridge_app,DayBreak,1789083267,7,0,0
ykk5p8z9,25,rf6q16rc,66,trader_bridge_app,DayBreak,1789083269,7,0,0
ykk5p8z9,16,1evcus8j,30,trader_bridge_app,DayBreak,1789083271,3,1,0
ykk5p8z9,18,ogauv9f8,32,trader_bridge_app,MarketTransition,1789083271,3,0,0
ykk5p8z9,30,ufzyavcw,66,trader_bridge_app,DayBreak,1789083283,7,1,0
ykk5p8z9,25,rf6q16rc,70,trader_bridge_app,ResumeTradingSession,1789083283,8,0,1
ykk5p8z9,26,qkzfdqnt,70,trader_bridge_app,ResumeTradingSession,1789083283,8,0,1
ykk5p8z9,27,1nf2i0vh,70,trader_bridge_app,ResumeTradingSession,1789083283,8,0,1
ykk5p8z9,28,s0vl521h,70,trader_bridge_app,ResumeTradingSession,1789083283,8,0,1
ykk5p8z9,29,qs0z3czj,70,trader_bridge_app,ResumeTradingSession,1789083283,8,0,1
ykk5p8z9,30,ufzyavcw,70,trader_bridge_app,ResumeTradingSession,1789083283,8,0,1
ykk5p8z9,21,3d0rzld9,45,trader_bridge_app,TradePage,1789083296,5,0,0
ykk5p8z9,7,zxclkk3l,45,trader_bridge_app,TradePage,1789083298,5,0,0
ykk5p8z9,12,g9e4scxb,45,trader_bridge_app,TradePage,1789083298,5,0,0
ykk5p8z9,11,p591h2pv,45,trader_bridge_app,TradePage,1789083298,5,0,0
ykk5p8z9,8,99ctxiqw,45,trader_bridge_app,TradePage,1789083298,5,0,0
ykk5p8z9,7,zxclkk3l,46,trader_bridge_app,PauseTradingSession,1789083298,5,0,1
ykk5p8z9,8,99ctxiqw,46,trader_bridge_app,PauseTradingSession,1789083298,5,0,1
ykk5p8z9,9,lz6sdo3r,46,trader_bridge_app,PauseTradingSession,1789083298,5,0,1
ykk5p8z9,10,5hdyag7g,46,trader_bridge_app,PauseTradingSession,1789083298,5,0,1
ykk5p8z9,11,p591h2pv,46,trader_bridge_app,PauseTradingSession,1789083298,5,0,1
ykk5p8z9,12,g9e4scxb,46,trader_bridge_app,PauseTradingSession,1789083298,5,0,1
ykk5p8z9,22,gy0oizb5,45,trader_bridge_app,TradePage,1789083300,5,0,0
ykk5p8z9,31,lkaj8gx3,90,trader_bridge_app,TradePage,1789083302,10,0,0
ykk5p8z9,8,99ctxiqw,48,trader_bridge_app,DayBreak,1789083304,5,0,0
ykk5p8z9,11,p591h2pv,48,trader_bridge_app,DayBreak,1789083305,5,0,0
ykk5p8z9,20,oizn9530,45,trader_bridge_app,TradePage,1789083306,5,0,0
ykk5p8z9,19,h89ct0h3,46,trader_bridge_app,PauseTradingSession,1789083306,5,0,1
ykk5p8z9,20,oizn9530,46,trader_bridge_app,PauseTradingSession,1789083306,5,0,1
ykk5p8z9,21,3d0rzld9,46,trader_bridge_app,PauseTradingSession,1789083306,5,0,1
ykk5p8z9,22,gy0oizb5,46,trader_bridge_app,PauseTradingSession,1789083306,5,0,1
ykk5p8z9,23,8r753ujr,46,trader_bridge_app,PauseTradingSession,1789083306,5,0,1
ykk5p8z9,24,chkml8l5,46,trader_bridge_app,PauseTradingSession,1789083306,5,0,1
ykk5p8z9,7,zxclkk3l,52,trader_bridge_app,ResumeTradingSession,1789083308,6,0,1
ykk5p8z9,8,99ctxiqw,52,trader_bridge_app,ResumeTradingSession,1789083308,6,0,1
ykk5p8z9,9,lz6sdo3r,52,trader_bridge_app,ResumeTradingSession,1789083308,6,0,1
ykk5p8z9,10,5hdyag7g,52,trader_bridge_app,ResumeTradingSession,1789083308,6,0,1
ykk5p8z9,12,g9e4scxb,43,trader_bridge_app,ResumeTradingSession,1789083237,5,0,1
ykk5p8z9,27,1nf2i0vh,63,trader_bridge_app,TradePage,1789083239,7,0,0
ykk5p8z9,28,s0vl521h,63,trader_bridge_app,TradePage,1789083239,7,0,0
ykk5p8z9,31,lkaj8gx3,84,trader_bridge_app,DayBreak,1789083241,9,0,0
ykk5p8z9,31,lkaj8gx3,88,trader_bridge_app,ResumeTradingSession,1789083241,10,0,1
ykk5p8z9,14,pn35uw2g,30,trader_bridge_app,DayBreak,1789083254,3,0,0
ykk5p8z9,15,ps4pdpc5,30,trader_bridge_app,DayBreak,1789083256,3,0,0
ykk5p8z9,28,s0vl521h,66,trader_bridge_app,DayBreak,1789083259,7,0,0
ykk5p8z9,17,wgz24zdb,30,trader_bridge_app,DayBreak,1789083263,3,0,0
ykk5p8z9,15,ps4pdpc5,32,trader_bridge_app,MarketTransition,1789083269,3,0,0
ykk5p8z9,16,1evcus8j,30,trader_bridge_app,DayBreak,1789083271,3,1,0
ykk5p8z9,29,qs0z3czj,66,trader_bridge_app,DayBreak,1789083273,7,0,0
ykk5p8z9,26,qkzfdqnt,66,trader_bridge_app,DayBreak,1789083273,7,0,0
ykk5p8z9,23,8r753ujr,45,trader_bridge_app,TradePage,1789083294,5,0,0
ykk5p8z9,19,h89ct0h3,45,trader_bridge_app,TradePage,1789083294,5,0,0
ykk5p8z9,24,chkml8l5,45,trader_bridge_app,TradePage,1789083298,5,0,0
ykk5p8z9,9,lz6sdo3r,45,trader_bridge_app,TradePage,1789083298,5,0,0
ykk5p8z9,10,5hdyag7g,45,trader_bridge_app,TradePage,1789083298,5,0,0
ykk5p8z9,7,zxclkk3l,46,trader_bridge_app,PauseTradingSession,1789083298,5,0,1
ykk5p8z9,8,99ctxiqw,46,trader_bridge_app,PauseTradingSession,1789083298,5,0,1
ykk5p8z9,9,lz6sdo3r,46,trader_bridge_app,PauseTradingSession,1789083298,5,0,1
ykk5p8z9,10,5hdyag7g,46,trader_bridge_app,PauseTradingSession,1789083298,5,0,1
ykk5p8z9,11,p591h2pv,46,trader_bridge_app,PauseTradingSession,1789083298,5,0,1
ykk5p8z9,12,g9e4scxb,46,trader_bridge_app,PauseTradingSession,1789083298,5,0,1
ykk5p8z9,31,lkaj8gx3,91,trader_bridge_app,PauseTradingSession,1789083302,10,0,1
ykk5p8z9,9,lz6sdo3r,48,trader_bridge_app,DayBreak,1789083303,5,0,0
ykk5p8z9,10,5hdyag7g,48,trader_bridge_app,DayBreak,1789083304,5,0,0
ykk5p8z9,7,zxclkk3l,48,trader_bridge_app,DayBreak,1789083304,5,0,0
ykk5p8z9,12,g9e4scxb,48,trader_bridge_app,DayBreak,1789083307,5,0,0
ykk5p8z9,7,zxclkk3l,52,trader_bridge_app,ResumeTradingSession,1789083307,6,0,1
ykk5p8z9,8,99ctxiqw,52,trader_bridge_app,ResumeTradingSession,1789083307,6,0,1
ykk5p8z9,9,lz6sdo3r,52,trader_bridge_app,ResumeTradingSession,1789083307,6,0,1
ykk5p8z9,10,5hdyag7g,52,trader_bridge_app,ResumeTradingSession,1789083307,6,0,1
ykk5p8z9,11,p591h2pv,52,trader_bridge_app,ResumeTradingSession,1789083307,6,0,1
ykk5p8z9,12,g9e4scxb,52,trader_bridge_app,ResumeTradingSession,1789083307,6,0,1
ykk5p8z9,31,lkaj8gx3,93,trader_bridge_app,DayBreak,1789083308,10,0,0
ykk5p8z9,31,lkaj8gx3,97,trader_bridge_app,ResumeTradingSession,1789083308,11,0,1
ykk5p8z9,4,03xcqsa5,54,trader_bridge_app,TradePage,1789083310,6,0,0
ykk5p8z9,21,3d0rzld9,48,trader_bridge_app,DayBreak,1789083311,5,0,0
ykk5p8z9,22,gy0oizb5,48,trader_bridge_app,DayBreak,1789083314,5,0,0
ykk5p8z9,19,h89ct0h3,48,trader_bridge_app,DayBreak,1789083314,5,0,0
ykk5p8z9,2,38up52f8,54,trader_bridge_app,TradePage,1789083316,6,1,0
ykk5p8z9,1,78ek4e7n,54,trader_bridge_app,TradePage,1789083322,6,0,0
ykk5p8z9,1,78ek4e7n,55,trader_bridge_app,PauseTradingSession,1789083322,6,0,1
ykk5p8z9,2,38up52f8,55,trader_bridge_app,PauseTradingSession,1789083322,6,0,1
ykk5p8z9,3,mx74stso,55,trader_bridge_app,PauseTradingSession,1789083322,6,0,1
ykk5p8z9,4,03xcqsa5,55,trader_bridge_app,PauseTradingSession,1789083322,6,0,1
ykk5p8z9,5,gjhavmx0,55,trader_bridge_app,PauseTradingSession,1789083322,6,0,1
ykk5p8z9,6,8zudctzx,55,trader_bridge_app,PauseTradingSession,1789083322,6,0,1
ykk5p8z9,5,gjhavmx0,57,trader_bridge_app,DayBreak,1789083333,6,0,0
ykk5p8z9,3,mx74stso,57,trader_bridge_app,DayBreak,1789083341,6,0,0
ykk5p8z9,11,p591h2pv,52,trader_bridge_app,ResumeTradingSession,1789083308,6,0,1
ykk5p8z9,12,g9e4scxb,52,trader_bridge_app,ResumeTradingSession,1789083308,6,0,1
ykk5p8z9,6,8zudctzx,54,trader_bridge_app,TradePage,1789083310,6,0,0
ykk5p8z9,20,oizn9530,48,trader_bridge_app,DayBreak,1789083310,5,0,0
ykk5p8z9,3,mx74stso,54,trader_bridge_app,TradePage,1789083313,6,0,0
ykk5p8z9,5,gjhavmx0,54,trader_bridge_app,TradePage,1789083314,6,0,0
ykk5p8z9,24,chkml8l5,48,trader_bridge_app,DayBreak,1789083314,5,0,0
ykk5p8z9,2,38up52f8,54,trader_bridge_app,TradePage,1789083316,6,1,0
ykk5p8z9,23,8r753ujr,48,trader_bridge_app,DayBreak,1789083318,5,0,0
ykk5p8z9,19,h89ct0h3,52,trader_bridge_app,ResumeTradingSession,1789083318,6,0,1
ykk5p8z9,20,oizn9530,52,trader_bridge_app,ResumeTradingSession,1789083318,6,0,1
ykk5p8z9,21,3d0rzld9,52,trader_bridge_app,ResumeTradingSession,1789083318,6,0,1
ykk5p8z9,22,gy0oizb5,52,trader_bridge_app,ResumeTradingSession,1789083318,6,0,1
ykk5p8z9,23,8r753ujr,52,trader_bridge_app,ResumeTradingSession,1789083318,6,0,1
ykk5p8z9,24,chkml8l5,52,trader_bridge_app,ResumeTradingSession,1789083318,6,0,1
ykk5p8z9,2,38up52f8,55,trader_bridge_app,PauseTradingSession,1789083322,6,0,1
ykk5p8z9,3,mx74stso,55,trader_bridge_app,PauseTradingSession,1789083322,6,0,1
ykk5p8z9,4,03xcqsa5,55,trader_bridge_app,PauseTradingSession,1789083322,6,0,1
ykk5p8z9,5,gjhavmx0,55,trader_bridge_app,PauseTradingSession,1789083322,6,0,1
ykk5p8z9,6,8zudctzx,55,trader_bridge_app,PauseTradingSession,1789083322,6,0,1
ykk5p8z9,1,78ek4e7n,55,trader_bridge_app,PauseTradingSession,1789083322,6,0,1
ykk5p8z9,1,78ek4e7n,57,trader_bridge_app,DayBreak,1789083340,6,0,0
ykk5p8z9,4,03xcqsa5,57,trader_bridge_app,DayBreak,1789083342,6,0,0
ykk5p8z9,27,1nf2i0vh,72,trader_bridge_app,TradePage,1789083344,8,0,0
ykk5p8z9,26,qkzfdqnt,72,trader_bridge_app,TradePage,1789083345,8,0,0
ykk5p8z9,25,rf6q16rc,72,trader_bridge_app,TradePage,1789083347,8,0,0
ykk5p8z9,25,rf6q16rc,73,trader_bridge_app,PauseTradingSession,1789083347,8,0,1
ykk5p8z9,26,qkzfdqnt,73,trader_bridge_app,PauseTradingSession,1789083347,8,0,1
ykk5p8z9,27,1nf2i0vh,73,trader_bridge_app,PauseTradingSession,1789083347,8,0,1
ykk5p8z9,28,s0vl521h,73,trader_bridge_app,PauseTradingSession,1789083347,8,0,1
ykk5p8z9,29,qs0z3czj,73,trader_bridge_app,PauseTradingSession,1789083347,8,0,1
ykk5p8z9,30,ufzyavcw,73,trader_bridge_app,PauseTradingSession,1789083347,8,0,1
ykk5p8z9,30,ufzyavcw,75,trader_bridge_app,DayBreak,1789083351,8,0,0
ykk5p8z9,25,rf6q16rc,75,trader_bridge_app,DayBreak,1789083352,8,0,0
ykk5p8z9,26,qkzfdqnt,75,trader_bridge_app,DayBreak,1789083352,8,0,0
ykk5p8z9,2,38up52f8,57,trader_bridge_app,DayBreak,1789083361,6,1,0
ykk5p8z9,1,78ek4e7n,61,trader_bridge_app,ResumeTradingSession,1789083362,7,0,1
ykk5p8z9,2,38up52f8,61,trader_bridge_app,ResumeTradingSession,1789083362,7,0,1
ykk5p8z9,3,mx74stso,61,trader_bridge_app,ResumeTradingSession,1789083362,7,0,1
ykk5p8z9,4,03xcqsa5,61,trader_bridge_app,ResumeTradingSession,1789083362,7,0,1
ykk5p8z9,5,gjhavmx0,61,trader_bridge_app,ResumeTradingSession,1789083362,7,0,1
ykk5p8z9,6,8zudctzx,61,trader_bridge_app,ResumeTradingSession,1789083362,7,0,1
ykk5p8z9,11,p591h2pv,54,trader_bridge_app,TradePage,1789083369,6,0,0
ykk5p8z9,8,99ctxiqw,54,trader_bridge_app,TradePage,1789083369,6,0,0
ykk5p8z9,7,zxclkk3l,54,trader_bridge_app,TradePage,1789083369,6,0,0
ykk5p8z9,31,lkaj8gx3,99,trader_bridge_app,TradePage,1789083369,11,0,0
ykk5p8z9,31,lkaj8gx3,100,trader_bridge_app,PauseTradingSession,1789083369,11,0,1
ykk5p8z9,31,lkaj8gx3,102,trader_bridge_app,DayBreak,1789083374,11,0,0
ykk5p8z9,31,lkaj8gx3,106,trader_bridge_app,ResumeTradingSession,1789083374,12,0,1
ykk5p8z9,12,g9e4scxb,54,trader_bridge_app,TradePage,1789083375,6,0,0
ykk5p8z9,7,zxclkk3l,55,trader_bridge_app,PauseTradingSession,1789083375,6,0,1
ykk5p8z9,6,8zudctzx,57,trader_bridge_app,DayBreak,1789083343,6,1,0
ykk5p8z9,30,ufzyavcw,72,trader_bridge_app,TradePage,1789083343,8,0,0
ykk5p8z9,29,qs0z3czj,72,trader_bridge_app,TradePage,1789083344,8,0,0
ykk5p8z9,28,s0vl521h,72,trader_bridge_app,TradePage,1789083344,8,0,0
ykk5p8z9,29,qs0z3czj,75,trader_bridge_app,DayBreak,1789083354,8,0,0
ykk5p8z9,28,s0vl521h,75,trader_bridge_app,DayBreak,1789083355,8,0,0
ykk5p8z9,2,38up52f8,57,trader_bridge_app,DayBreak,1789083361,6,1,0
ykk5p8z9,3,mx74stso,61,trader_bridge_app,ResumeTradingSession,1789083363,7,0,1
ykk5p8z9,4,03xcqsa5,61,trader_bridge_app,ResumeTradingSession,1789083363,7,0,1
ykk5p8z9,5,gjhavmx0,61,trader_bridge_app,ResumeTradingSession,1789083363,7,0,1
ykk5p8z9,6,8zudctzx,61,trader_bridge_app,ResumeTradingSession,1789083363,7,0,1
ykk5p8z9,1,78ek4e7n,61,trader_bridge_app,ResumeTradingSession,1789083363,7,0,1
ykk5p8z9,2,38up52f8,61,trader_bridge_app,ResumeTradingSession,1789083363,7,0,1
ykk5p8z9,9,lz6sdo3r,54,trader_bridge_app,TradePage,1789083369,6,0,0
ykk5p8z9,10,5hdyag7g,54,trader_bridge_app,TradePage,1789083369,6,0,0
ykk5p8z9,22,gy0oizb5,54,trader_bridge_app,TradePage,1789083379,6,0,0
ykk5p8z9,24,chkml8l5,54,trader_bridge_app,TradePage,1789083379,6,0,0
ykk5p8z9,19,h89ct0h3,55,trader_bridge_app,PauseTradingSession,1789083380,6,0,1
ykk5p8z9,20,oizn9530,55,trader_bridge_app,PauseTradingSession,1789083380,6,0,1
ykk5p8z9,21,3d0rzld9,55,trader_bridge_app,PauseTradingSession,1789083380,6,0,1
ykk5p8z9,22,gy0oizb5,55,trader_bridge_app,PauseTradingSession,1789083380,6,0,1
ykk5p8z9,23,8r753ujr,55,trader_bridge_app,PauseTradingSession,1789083380,6,0,1
ykk5p8z9,24,chkml8l5,55,trader_bridge_app,PauseTradingSession,1789083380,6,0,1
ykk5p8z9,27,1nf2i0vh,75,trader_bridge_app,DayBreak,1789083383,8,1,0
ykk5p8z9,25,rf6q16rc,79,trader_bridge_app,ResumeTradingSession,1789083383,9,0,1
ykk5p8z9,26,qkzfdqnt,79,trader_bridge_app,ResumeTradingSession,1789083383,9,0,1
ykk5p8z9,27,1nf2i0vh,79,trader_bridge_app,ResumeTradingSession,1789083383,9,0,1
ykk5p8z9,28,s0vl521h,79,trader_bridge_app,ResumeTradingSession,1789083383,9,0,1
ykk5p8z9,29,qs0z3czj,79,trader_bridge_app,ResumeTradingSession,1789083383,9,0,1
ykk5p8z9,30,ufzyavcw,79,trader_bridge_app,ResumeTradingSession,1789083383,9,0,1
ykk5p8z9,10,5hdyag7g,57,trader_bridge_app,DayBreak,1789083393,6,0,0
ykk5p8z9,19,h89ct0h3,57,trader_bridge_app,DayBreak,1789083401,6,1,0
ykk5p8z9,24,chkml8l5,57,trader_bridge_app,DayBreak,1789083402,6,0,0
ykk5p8z9,19,h89ct0h3,61,trader_bridge_app,ResumeTradingSession,1789083414,7,0,1
ykk5p8z9,20,oizn9530,61,trader_bridge_app,ResumeTradingSession,1789083414,7,0,1
ykk5p8z9,21,3d0rzld9,61,trader_bridge_app,ResumeTradingSession,1789083414,7,0,1
ykk5p8z9,22,gy0oizb5,61,trader_bridge_app,ResumeTradingSession,1789083414,7,0,1
ykk5p8z9,23,8r753ujr,61,trader_bridge_app,ResumeTradingSession,1789083414,7,0,1
ykk5p8z9,24,chkml8l5,61,trader_bridge_app,ResumeTradingSession,1789083414,7,0,1
ykk5p8z9,19,h89ct0h3,61,trader_bridge_app,ResumeTradingSession,1789083416,7,0,1
ykk5p8z9,20,oizn9530,61,trader_bridge_app,ResumeTradingSession,1789083416,7,0,1
ykk5p8z9,21,3d0rzld9,61,trader_bridge_app,ResumeTradingSession,1789083416,7,0,1
ykk5p8z9,22,gy0oizb5,61,trader_bridge_app,ResumeTradingSession,1789083416,7,0,1
ykk5p8z9,23,8r753ujr,61,trader_bridge_app,ResumeTradingSession,1789083416,7,0,1
ykk5p8z9,24,chkml8l5,61,trader_bridge_app,ResumeTradingSession,1789083416,7,0,1
ykk5p8z9,3,mx74stso,63,trader_bridge_app,TradePage,1789083424,7,0,0
ykk5p8z9,1,78ek4e7n,63,trader_bridge_app,TradePage,1789083424,7,0,0
ykk5p8z9,4,03xcqsa5,63,trader_bridge_app,TradePage,1789083425,7,0,0
ykk5p8z9,3,mx74stso,66,trader_bridge_app,DayBreak,1789083441,7,0,0
ykk5p8z9,27,1nf2i0vh,81,trader_bridge_app,TradePage,1789083444,9,0,0
ykk5p8z9,26,qkzfdqnt,81,trader_bridge_app,TradePage,1789083444,9,0,0
ykk5p8z9,8,99ctxiqw,55,trader_bridge_app,PauseTradingSession,1789083375,6,0,1
ykk5p8z9,9,lz6sdo3r,55,trader_bridge_app,PauseTradingSession,1789083375,6,0,1
ykk5p8z9,10,5hdyag7g,55,trader_bridge_app,PauseTradingSession,1789083375,6,0,1
ykk5p8z9,11,p591h2pv,55,trader_bridge_app,PauseTradingSession,1789083375,6,0,1
ykk5p8z9,12,g9e4scxb,55,trader_bridge_app,PauseTradingSession,1789083375,6,0,1
ykk5p8z9,20,oizn9530,54,trader_bridge_app,TradePage,1789083379,6,0,0
ykk5p8z9,23,8r753ujr,54,trader_bridge_app,TradePage,1789083379,6,0,0
ykk5p8z9,21,3d0rzld9,54,trader_bridge_app,TradePage,1789083379,6,0,0
ykk5p8z9,19,h89ct0h3,54,trader_bridge_app,TradePage,1789083380,6,0,0
ykk5p8z9,21,3d0rzld9,57,trader_bridge_app,DayBreak,1789083391,6,0,0
ykk5p8z9,8,99ctxiqw,57,trader_bridge_app,DayBreak,1789083394,6,0,0
ykk5p8z9,12,g9e4scxb,57,trader_bridge_app,DayBreak,1789083396,6,1,0
ykk5p8z9,11,p591h2pv,57,trader_bridge_app,DayBreak,1789083396,6,1,0
ykk5p8z9,9,lz6sdo3r,57,trader_bridge_app,DayBreak,1789083397,6,0,0
ykk5p8z9,7,zxclkk3l,57,trader_bridge_app,DayBreak,1789083399,6,1,0
ykk5p8z9,7,zxclkk3l,61,trader_bridge_app,ResumeTradingSession,1789083399,7,0,1
ykk5p8z9,8,99ctxiqw,61,trader_bridge_app,ResumeTradingSession,1789083399,7,0,1
ykk5p8z9,9,lz6sdo3r,61,trader_bridge_app,ResumeTradingSession,1789083399,7,0,1
ykk5p8z9,10,5hdyag7g,61,trader_bridge_app,ResumeTradingSession,1789083399,7,0,1
ykk5p8z9,11,p591h2pv,61,trader_bridge_app,ResumeTradingSession,1789083399,7,0,1
ykk5p8z9,12,g9e4scxb,61,trader_bridge_app,ResumeTradingSession,1789083399,7,0,1
ykk5p8z9,22,gy0oizb5,57,trader_bridge_app,DayBreak,1789083400,6,0,0
ykk5p8z9,20,oizn9530,57,trader_bridge_app,DayBreak,1789083401,6,1,0
ykk5p8z9,23,8r753ujr,57,trader_bridge_app,DayBreak,1789083413,6,1,0
ykk5p8z9,19,h89ct0h3,61,trader_bridge_app,ResumeTradingSession,1789083415,7,0,1
ykk5p8z9,20,oizn9530,61,trader_bridge_app,ResumeTradingSession,1789083415,7,0,1
ykk5p8z9,21,3d0rzld9,61,trader_bridge_app,ResumeTradingSession,1789083415,7,0,1
ykk5p8z9,22,gy0oizb5,61,trader_bridge_app,ResumeTradingSession,1789083415,7,0,1
ykk5p8z9,23,8r753ujr,61,trader_bridge_app,ResumeTradingSession,1789083415,7,0,1
ykk5p8z9,24,chkml8l5,61,trader_bridge_app,ResumeTradingSession,1789083415,7,0,1
ykk5p8z9,6,8zudctzx,63,trader_bridge_app,TradePage,1789083424,7,0,0
ykk5p8z9,5,gjhavmx0,63,trader_bridge_app,TradePage,1789083424,7,0,0
ykk5p8z9,2,38up52f8,63,trader_bridge_app,TradePage,1789083432,7,1,0
ykk5p8z9,6,8zudctzx,64,trader_bridge_app,PauseTradingSession,1789083432,7,0,1
ykk5p8z9,3,mx74stso,64,trader_bridge_app,PauseTradingSession,1789083432,7,0,1
ykk5p8z9,4,03xcqsa5,64,trader_bridge_app,PauseTradingSession,1789083432,7,0,1
ykk5p8z9,5,gjhavmx0,64,trader_bridge_app,PauseTradingSession,1789083432,7,0,1
ykk5p8z9,1,78ek4e7n,64,trader_bridge_app,PauseTradingSession,1789083432,7,0,1
ykk5p8z9,2,38up52f8,64,trader_bridge_app,PauseTradingSession,1789083432,7,0,1
ykk5p8z9,31,lkaj8gx3,108,trader_bridge_app,TradePage,1789083435,12,0,0
ykk5p8z9,31,lkaj8gx3,109,trader_bridge_app,PauseTradingSession,1789083435,12,0,1
ykk5p8z9,1,78ek4e7n,66,trader_bridge_app,DayBreak,1789083436,7,0,0
ykk5p8z9,4,03xcqsa5,66,trader_bridge_app,DayBreak,1789083441,7,0,0
ykk5p8z9,31,lkaj8gx3,111,trader_bridge_app,DayBreak,1789083448,12,0,0
ykk5p8z9,25,rf6q16rc,81,trader_bridge_app,TradePage,1789083450,9,0,0
ykk5p8z9,25,rf6q16rc,82,trader_bridge_app,PauseTradingSession,1789083450,9,0,1
ykk5p8z9,26,qkzfdqnt,82,trader_bridge_app,PauseTradingSession,1789083450,9,0,1
ykk5p8z9,27,1nf2i0vh,82,trader_bridge_app,PauseTradingSession,1789083450,9,0,1
ykk5p8z9,28,s0vl521h,82,trader_bridge_app,PauseTradingSession,1789083450,9,0,1
ykk5p8z9,29,qs0z3czj,82,trader_bridge_app,PauseTradingSession,1789083450,9,0,1
ykk5p8z9,30,ufzyavcw,82,trader_bridge_app,PauseTradingSession,1789083450,9,0,1
ykk5p8z9,30,ufzyavcw,81,trader_bridge_app,TradePage,1789083444,9,0,0
ykk5p8z9,29,qs0z3czj,81,trader_bridge_app,TradePage,1789083444,9,0,0
ykk5p8z9,28,s0vl521h,81,trader_bridge_app,TradePage,1789083446,9,0,0
ykk5p8z9,31,lkaj8gx3,115,trader_bridge_app,ResumeTradingSession,1789083448,13,0,1
ykk5p8z9,2,38up52f8,66,trader_bridge_app,DayBreak,1789083460,7,1,0
ykk5p8z9,9,lz6sdo3r,63,trader_bridge_app,TradePage,1789083460,7,0,0
ykk5p8z9,7,zxclkk3l,63,trader_bridge_app,TradePage,1789083460,7,0,0
ykk5p8z9,26,qkzfdqnt,84,trader_bridge_app,DayBreak,1789083461,9,0,0
ykk5p8z9,29,qs0z3czj,84,trader_bridge_app,DayBreak,1789083463,9,0,0
ykk5p8z9,27,1nf2i0vh,84,trader_bridge_app,DayBreak,1789083466,9,0,0
ykk5p8z9,6,8zudctzx,66,trader_bridge_app,DayBreak,1789083472,7,1,0
ykk5p8z9,1,78ek4e7n,70,trader_bridge_app,ResumeTradingSession,1789083472,8,0,1
ykk5p8z9,2,38up52f8,70,trader_bridge_app,ResumeTradingSession,1789083472,8,0,1
ykk5p8z9,3,mx74stso,70,trader_bridge_app,ResumeTradingSession,1789083472,8,0,1
ykk5p8z9,4,03xcqsa5,70,trader_bridge_app,ResumeTradingSession,1789083472,8,0,1
ykk5p8z9,5,gjhavmx0,70,trader_bridge_app,ResumeTradingSession,1789083472,8,0,1
ykk5p8z9,6,8zudctzx,70,trader_bridge_app,ResumeTradingSession,1789083472,8,0,1
ykk5p8z9,9,lz6sdo3r,64,trader_bridge_app,PauseTradingSession,1789083478,7,0,1
ykk5p8z9,7,zxclkk3l,64,trader_bridge_app,PauseTradingSession,1789083478,7,0,1
ykk5p8z9,8,99ctxiqw,64,trader_bridge_app,PauseTradingSession,1789083478,7,0,1
ykk5p8z9,10,5hdyag7g,64,trader_bridge_app,PauseTradingSession,1789083478,7,0,1
ykk5p8z9,11,p591h2pv,64,trader_bridge_app,PauseTradingSession,1789083478,7,0,1
ykk5p8z9,12,g9e4scxb,64,trader_bridge_app,PauseTradingSession,1789083478,7,0,1
ykk5p8z9,10,5hdyag7g,66,trader_bridge_app,DayBreak,1789083483,7,0,0
ykk5p8z9,19,h89ct0h3,64,trader_bridge_app,PauseTradingSession,1789083485,7,0,1
ykk5p8z9,20,oizn9530,64,trader_bridge_app,PauseTradingSession,1789083485,7,0,1
ykk5p8z9,21,3d0rzld9,64,trader_bridge_app,PauseTradingSession,1789083485,7,0,1
ykk5p8z9,22,gy0oizb5,64,trader_bridge_app,PauseTradingSession,1789083485,7,0,1
ykk5p8z9,23,8r753ujr,64,trader_bridge_app,PauseTradingSession,1789083485,7,0,1
ykk5p8z9,24,chkml8l5,64,trader_bridge_app,PauseTradingSession,1789083485,7,0,1
ykk5p8z9,9,lz6sdo3r,66,trader_bridge_app,DayBreak,1789083485,7,0,0
ykk5p8z9,25,rf6q16rc,88,trader_bridge_app,ResumeTradingSession,1789083488,10,0,1
ykk5p8z9,26,qkzfdqnt,88,trader_bridge_app,ResumeTradingSession,1789083488,10,0,1
ykk5p8z9,27,1nf2i0vh,88,trader_bridge_app,ResumeTradingSession,1789083488,10,0,1
ykk5p8z9,28,s0vl521h,88,trader_bridge_app,ResumeTradingSession,1789083488,10,0,1
ykk5p8z9,29,qs0z3czj,88,trader_bridge_app,ResumeTradingSession,1789083488,10,0,1
ykk5p8z9,30,ufzyavcw,88,trader_bridge_app,ResumeTradingSession,1789083488,10,0,1
ykk5p8z9,31,lkaj8gx3,117,trader_bridge_app,TradePage,1789083509,13,0,0
ykk5p8z9,31,lkaj8gx3,120,trader_bridge_app,DayBreak,1789083515,13,0,0
ykk5p8z9,31,lkaj8gx3,124,trader_bridge_app,ResumeTradingSession,1789083516,14,0,1
ykk5p8z9,13,kirmcqky,34,trader_bridge_app,ResumeTradingSession,1789083516,4,0,1
ykk5p8z9,14,pn35uw2g,34,trader_bridge_app,ResumeTradingSession,1789083516,4,0,1
ykk5p8z9,15,ps4pdpc5,34,trader_bridge_app,ResumeTradingSession,1789083516,4,0,1
ykk5p8z9,16,1evcus8j,34,trader_bridge_app,ResumeTradingSession,1789083516,4,0,1
ykk5p8z9,17,wgz24zdb,34,trader_bridge_app,ResumeTradingSession,1789083516,4,0,1
ykk5p8z9,18,ogauv9f8,34,trader_bridge_app,ResumeTradingSession,1789083516,4,0,1
ykk5p8z9,23,8r753ujr,66,trader_bridge_app,DayBreak,1789083517,7,1,0
ykk5p8z9,21,3d0rzld9,70,trader_bridge_app,ResumeTradingSession,1789083517,8,0,1
ykk5p8z9,19,h89ct0h3,70,trader_bridge_app,ResumeTradingSession,1789083517,8,0,1
ykk5p8z9,20,oizn9530,70,trader_bridge_app,ResumeTradingSession,1789083517,8,0,1
ykk5p8z9,22,gy0oizb5,70,trader_bridge_app,ResumeTradingSession,1789083517,8,0,1
ykk5p8z9,5,gjhavmx0,66,trader_bridge_app,DayBreak,1789083451,7,0,0
ykk5p8z9,8,99ctxiqw,63,trader_bridge_app,TradePage,1789083460,7,0,0
ykk5p8z9,25,rf6q16rc,84,trader_bridge_app,DayBreak,1789083461,9,0,0
ykk5p8z9,28,s0vl521h,84,trader_bridge_app,DayBreak,1789083463,9,0,0
ykk5p8z9,10,5hdyag7g,63,trader_bridge_app,TradePage,1789083471,7,0,0
ykk5p8z9,11,p591h2pv,63,trader_bridge_app,TradePage,1789083472,7,0,0
ykk5p8z9,6,8zudctzx,66,trader_bridge_app,DayBreak,1789083472,7,1,0
ykk5p8z9,1,78ek4e7n,70,trader_bridge_app,ResumeTradingSession,1789083472,8,0,1
ykk5p8z9,2,38up52f8,70,trader_bridge_app,ResumeTradingSession,1789083472,8,0,1
ykk5p8z9,3,mx74stso,70,trader_bridge_app,ResumeTradingSession,1789083472,8,0,1
ykk5p8z9,4,03xcqsa5,70,trader_bridge_app,ResumeTradingSession,1789083472,8,0,1
ykk5p8z9,5,gjhavmx0,70,trader_bridge_app,ResumeTradingSession,1789083472,8,0,1
ykk5p8z9,6,8zudctzx,70,trader_bridge_app,ResumeTradingSession,1789083472,8,0,1
ykk5p8z9,23,8r753ujr,63,trader_bridge_app,TradePage,1789083476,7,0,0
ykk5p8z9,21,3d0rzld9,63,trader_bridge_app,TradePage,1789083476,7,0,0
ykk5p8z9,20,oizn9530,63,trader_bridge_app,TradePage,1789083476,7,0,0
ykk5p8z9,22,gy0oizb5,63,trader_bridge_app,TradePage,1789083477,7,0,0
ykk5p8z9,12,g9e4scxb,63,trader_bridge_app,TradePage,1789083478,7,1,0
ykk5p8z9,7,zxclkk3l,64,trader_bridge_app,PauseTradingSession,1789083478,7,0,1
ykk5p8z9,8,99ctxiqw,64,trader_bridge_app,PauseTradingSession,1789083478,7,0,1
ykk5p8z9,9,lz6sdo3r,64,trader_bridge_app,PauseTradingSession,1789083478,7,0,1
ykk5p8z9,10,5hdyag7g,64,trader_bridge_app,PauseTradingSession,1789083478,7,0,1
ykk5p8z9,11,p591h2pv,64,trader_bridge_app,PauseTradingSession,1789083478,7,0,1
ykk5p8z9,12,g9e4scxb,64,trader_bridge_app,PauseTradingSession,1789083478,7,0,1
ykk5p8z9,24,chkml8l5,63,trader_bridge_app,TradePage,1789083482,7,0,0
ykk5p8z9,7,zxclkk3l,66,trader_bridge_app,DayBreak,1789083482,7,0,0
ykk5p8z9,11,p591h2pv,66,trader_bridge_app,DayBreak,1789083483,7,0,0
ykk5p8z9,19,h89ct0h3,63,trader_bridge_app,TradePage,1789083484,7,0,0
ykk5p8z9,8,99ctxiqw,66,trader_bridge_app,DayBreak,1789083486,7,0,0
ykk5p8z9,30,ufzyavcw,84,trader_bridge_app,DayBreak,1789083488,9,1,0
ykk5p8z9,21,3d0rzld9,66,trader_bridge_app,DayBreak,1789083488,7,0,0
ykk5p8z9,24,chkml8l5,66,trader_bridge_app,DayBreak,1789083489,7,0,0
ykk5p8z9,22,gy0oizb5,66,trader_bridge_app,DayBreak,1789083492,7,0,0
ykk5p8z9,20,oizn9530,66,trader_bridge_app,DayBreak,1789083492,7,0,0
ykk5p8z9,19,h89ct0h3,66,trader_bridge_app,DayBreak,1789083493,7,0,0
ykk5p8z9,12,g9e4scxb,66,trader_bridge_app,DayBreak,1789083505,7,1,0
ykk5p8z9,7,zxclkk3l,70,trader_bridge_app,ResumeTradingSession,1789083506,8,0,1
ykk5p8z9,8,99ctxiqw,70,trader_bridge_app,ResumeTradingSession,1789083506,8,0,1
ykk5p8z9,9,lz6sdo3r,70,trader_bridge_app,ResumeTradingSession,1789083506,8,0,1
ykk5p8z9,10,5hdyag7g,70,trader_bridge_app,ResumeTradingSession,1789083506,8,0,1
ykk5p8z9,11,p591h2pv,70,trader_bridge_app,ResumeTradingSession,1789083506,8,0,1
ykk5p8z9,12,g9e4scxb,70,trader_bridge_app,ResumeTradingSession,1789083506,8,0,1
ykk5p8z9,16,1evcus8j,32,trader_bridge_app,MarketTransition,1789083508,3,0,0
ykk5p8z9,13,kirmcqky,33,trader_bridge_app,SyncTradingSession,1789083508,4,0,1
ykk5p8z9,14,pn35uw2g,33,trader_bridge_app,SyncTradingSession,1789083508,4,0,1
ykk5p8z9,15,ps4pdpc5,33,trader_bridge_app,SyncTradingSession,1789083508,4,0,1
ykk5p8z9,16,1evcus8j,33,trader_bridge_app,SyncTradingSession,1789083508,4,0,1
ykk5p8z9,17,wgz24zdb,33,trader_bridge_app,SyncTradingSession,1789083508,4,0,1
ykk5p8z9,18,ogauv9f8,33,trader_bridge_app,SyncTradingSession,1789083508,4,0,1
ykk5p8z9,31,lkaj8gx3,118,trader_bridge_app,PauseTradingSession,1789083509,13,0,1
ykk5p8z9,6,8zudctzx,72,trader_bridge_app,TradePage,1789083532,8,0,0
ykk5p8z9,23,8r753ujr,70,trader_bridge_app,ResumeTradingSession,1789083517,8,0,1
ykk5p8z9,24,chkml8l5,70,trader_bridge_app,ResumeTradingSession,1789083517,8,0,1
ykk5p8z9,3,mx74stso,72,trader_bridge_app,TradePage,1789083533,8,0,0
ykk5p8z9,5,gjhavmx0,72,trader_bridge_app,TradePage,1789083533,8,0,0
ykk5p8z9,1,78ek4e7n,72,trader_bridge_app,TradePage,1789083533,8,0,0
ykk5p8z9,4,03xcqsa5,72,trader_bridge_app,TradePage,1789083533,8,0,0
ykk5p8z9,26,qkzfdqnt,90,trader_bridge_app,TradePage,1789083549,10,0,0
ykk5p8z9,2,38up52f8,72,trader_bridge_app,TradePage,1789083551,8,1,0
ykk5p8z9,1,78ek4e7n,73,trader_bridge_app,PauseTradingSession,1789083551,8,0,1
ykk5p8z9,2,38up52f8,73,trader_bridge_app,PauseTradingSession,1789083551,8,0,1
ykk5p8z9,3,mx74stso,73,trader_bridge_app,PauseTradingSession,1789083551,8,0,1
ykk5p8z9,4,03xcqsa5,73,trader_bridge_app,PauseTradingSession,1789083551,8,0,1
ykk5p8z9,5,gjhavmx0,73,trader_bridge_app,PauseTradingSession,1789083551,8,0,1
ykk5p8z9,6,8zudctzx,73,trader_bridge_app,PauseTradingSession,1789083551,8,0,1
ykk5p8z9,6,8zudctzx,75,trader_bridge_app,DayBreak,1789083554,8,0,0
ykk5p8z9,28,s0vl521h,90,trader_bridge_app,TradePage,1789083560,10,0,0
ykk5p8z9,25,rf6q16rc,91,trader_bridge_app,PauseTradingSession,1789083560,10,0,1
ykk5p8z9,26,qkzfdqnt,91,trader_bridge_app,PauseTradingSession,1789083560,10,0,1
ykk5p8z9,27,1nf2i0vh,91,trader_bridge_app,PauseTradingSession,1789083560,10,0,1
ykk5p8z9,28,s0vl521h,91,trader_bridge_app,PauseTradingSession,1789083560,10,0,1
ykk5p8z9,29,qs0z3czj,91,trader_bridge_app,PauseTradingSession,1789083560,10,0,1
ykk5p8z9,30,ufzyavcw,91,trader_bridge_app,PauseTradingSession,1789083560,10,0,1
ykk5p8z9,28,s0vl521h,93,trader_bridge_app,DayBreak,1789083562,10,0,0
ykk5p8z9,25,rf6q16rc,93,trader_bridge_app,DayBreak,1789083565,10,0,0
ykk5p8z9,26,qkzfdqnt,93,trader_bridge_app,DayBreak,1789083565,10,0,0
ykk5p8z9,27,1nf2i0vh,93,trader_bridge_app,DayBreak,1789083566,10,0,0
ykk5p8z9,10,5hdyag7g,72,trader_bridge_app,TradePage,1789083566,8,0,0
ykk5p8z9,8,99ctxiqw,72,trader_bridge_app,TradePage,1789083568,8,0,0
ykk5p8z9,25,rf6q16rc,97,trader_bridge_app,ResumeTradingSession,1789083570,11,0,1
ykk5p8z9,26,qkzfdqnt,97,trader_bridge_app,ResumeTradingSession,1789083570,11,0,1
ykk5p8z9,27,1nf2i0vh,97,trader_bridge_app,ResumeTradingSession,1789083570,11,0,1
ykk5p8z9,28,s0vl521h,97,trader_bridge_app,ResumeTradingSession,1789083570,11,0,1
ykk5p8z9,29,qs0z3czj,97,trader_bridge_app,ResumeTradingSession,1789083570,11,0,1
ykk5p8z9,30,ufzyavcw,97,trader_bridge_app,ResumeTradingSession,1789083570,11,0,1
ykk5p8z9,12,g9e4scxb,72,trader_bridge_app,TradePage,1789083572,8,1,0
ykk5p8z9,18,ogauv9f8,36,trader_bridge_app,TradePage,1789083577,4,0,0
ykk5p8z9,14,pn35uw2g,36,trader_bridge_app,TradePage,1789083577,4,0,0
ykk5p8z9,1,78ek4e7n,79,trader_bridge_app,ResumeTradingSession,1789083578,9,0,1
ykk5p8z9,2,38up52f8,79,trader_bridge_app,ResumeTradingSession,1789083578,9,0,1
ykk5p8z9,3,mx74stso,79,trader_bridge_app,ResumeTradingSession,1789083578,9,0,1
ykk5p8z9,4,03xcqsa5,79,trader_bridge_app,ResumeTradingSession,1789083578,9,0,1
ykk5p8z9,5,gjhavmx0,79,trader_bridge_app,ResumeTradingSession,1789083578,9,0,1
ykk5p8z9,6,8zudctzx,79,trader_bridge_app,ResumeTradingSession,1789083578,9,0,1
ykk5p8z9,20,oizn9530,72,trader_bridge_app,TradePage,1789083578,8,0,0
ykk5p8z9,19,h89ct0h3,72,trader_bridge_app,TradePage,1789083578,8,0,0
ykk5p8z9,16,1evcus8j,39,trader_bridge_app,DayBreak,1789083583,4,0,0
ykk5p8z9,13,kirmcqky,39,trader_bridge_app,DayBreak,1789083584,4,0,0
ykk5p8z9,22,gy0oizb5,72,trader_bridge_app,TradePage,1789083585,8,0,0
ykk5p8z9,19,h89ct0h3,73,trader_bridge_app,PauseTradingSession,1789083585,8,0,1
ykk5p8z9,20,oizn9530,73,trader_bridge_app,PauseTradingSession,1789083585,8,0,1
ykk5p8z9,21,3d0rzld9,73,trader_bridge_app,PauseTradingSession,1789083585,8,0,1
ykk5p8z9,30,ufzyavcw,90,trader_bridge_app,TradePage,1789083549,10,0,0
ykk5p8z9,25,rf6q16rc,90,trader_bridge_app,TradePage,1789083549,10,0,0
ykk5p8z9,29,qs0z3czj,90,trader_bridge_app,TradePage,1789083549,10,0,0
ykk5p8z9,27,1nf2i0vh,90,trader_bridge_app,TradePage,1789083549,10,0,0
ykk5p8z9,4,03xcqsa5,75,trader_bridge_app,DayBreak,1789083556,8,0,0
ykk5p8z9,5,gjhavmx0,75,trader_bridge_app,DayBreak,1789083558,8,0,0
ykk5p8z9,3,mx74stso,75,trader_bridge_app,DayBreak,1789083561,8,0,0
ykk5p8z9,1,78ek4e7n,75,trader_bridge_app,DayBreak,1789083563,8,0,0
ykk5p8z9,29,qs0z3czj,93,trader_bridge_app,DayBreak,1789083566,10,0,0
ykk5p8z9,7,zxclkk3l,72,trader_bridge_app,TradePage,1789083566,8,0,0
ykk5p8z9,9,lz6sdo3r,72,trader_bridge_app,TradePage,1789083567,8,0,0
ykk5p8z9,30,ufzyavcw,93,trader_bridge_app,DayBreak,1789083570,10,0,0
ykk5p8z9,31,lkaj8gx3,126,trader_bridge_app,TradePage,1789083576,14,0,0
ykk5p8z9,31,lkaj8gx3,127,trader_bridge_app,PauseTradingSession,1789083576,14,0,1
ykk5p8z9,17,wgz24zdb,36,trader_bridge_app,TradePage,1789083577,4,0,0
ykk5p8z9,2,38up52f8,75,trader_bridge_app,DayBreak,1789083578,8,1,0
ykk5p8z9,23,8r753ujr,72,trader_bridge_app,TradePage,1789083578,8,0,0
ykk5p8z9,21,3d0rzld9,72,trader_bridge_app,TradePage,1789083578,8,0,0
ykk5p8z9,24,chkml8l5,72,trader_bridge_app,TradePage,1789083578,8,0,0
ykk5p8z9,3,mx74stso,79,trader_bridge_app,ResumeTradingSession,1789083578,9,0,1
ykk5p8z9,4,03xcqsa5,79,trader_bridge_app,ResumeTradingSession,1789083578,9,0,1
ykk5p8z9,5,gjhavmx0,79,trader_bridge_app,ResumeTradingSession,1789083578,9,0,1
ykk5p8z9,6,8zudctzx,79,trader_bridge_app,ResumeTradingSession,1789083578,9,0,1
ykk5p8z9,1,78ek4e7n,79,trader_bridge_app,ResumeTradingSession,1789083578,9,0,1
ykk5p8z9,2,38up52f8,79,trader_bridge_app,ResumeTradingSession,1789083578,9,0,1
ykk5p8z9,16,1evcus8j,36,trader_bridge_app,TradePage,1789083578,4,0,0
ykk5p8z9,15,ps4pdpc5,36,trader_bridge_app,TradePage,1789083578,4,0,0
ykk5p8z9,13,kirmcqky,36,trader_bridge_app,TradePage,1789083579,4,0,0
ykk5p8z9,18,ogauv9f8,37,trader_bridge_app,PauseTradingSession,1789083579,4,0,1
ykk5p8z9,13,kirmcqky,37,trader_bridge_app,PauseTradingSession,1789083579,4,0,1
ykk5p8z9,14,pn35uw2g,37,trader_bridge_app,PauseTradingSession,1789083579,4,0,1
ykk5p8z9,15,ps4pdpc5,37,trader_bridge_app,PauseTradingSession,1789083579,4,0,1
ykk5p8z9,16,1evcus8j,37,trader_bridge_app,PauseTradingSession,1789083579,4,0,1
ykk5p8z9,17,wgz24zdb,37,trader_bridge_app,PauseTradingSession,1789083579,4,0,1
ykk5p8z9,31,lkaj8gx3,129,trader_bridge_app,DayBreak,1789083581,14,0,0
ykk5p8z9,31,lkaj8gx3,133,trader_bridge_app,ResumeTradingSession,1789083581,15,0,1
ykk5p8z9,19,h89ct0h3,73,trader_bridge_app,PauseTradingSession,1789083585,8,0,1
ykk5p8z9,20,oizn9530,73,trader_bridge_app,PauseTradingSession,1789083585,8,0,1
ykk5p8z9,21,3d0rzld9,73,trader_bridge_app,PauseTradingSession,1789083585,8,0,1
ykk5p8z9,22,gy0oizb5,73,trader_bridge_app,PauseTradingSession,1789083585,8,0,1
ykk5p8z9,23,8r753ujr,73,trader_bridge_app,PauseTradingSession,1789083585,8,0,1
ykk5p8z9,24,chkml8l5,73,trader_bridge_app,PauseTradingSession,1789083585,8,0,1
ykk5p8z9,15,ps4pdpc5,39,trader_bridge_app,DayBreak,1789083585,4,0,0
ykk5p8z9,18,ogauv9f8,39,trader_bridge_app,DayBreak,1789083591,4,0,0
ykk5p8z9,24,chkml8l5,75,trader_bridge_app,DayBreak,1789083594,8,0,0
ykk5p8z9,19,h89ct0h3,75,trader_bridge_app,DayBreak,1789083594,8,0,0
ykk5p8z9,14,pn35uw2g,39,trader_bridge_app,DayBreak,1789083595,4,0,0
ykk5p8z9,20,oizn9530,75,trader_bridge_app,DayBreak,1789083597,8,0,0
ykk5p8z9,19,h89ct0h3,79,trader_bridge_app,ResumeTradingSession,1789083597,9,0,1
ykk5p8z9,20,oizn9530,79,trader_bridge_app,ResumeTradingSession,1789083597,9,0,1
ykk5p8z9,21,3d0rzld9,79,trader_bridge_app,ResumeTradingSession,1789083597,9,0,1
ykk5p8z9,22,gy0oizb5,79,trader_bridge_app,ResumeTradingSession,1789083597,9,0,1
ykk5p8z9,23,8r753ujr,79,trader_bridge_app,ResumeTradingSession,1789083597,9,0,1
ykk5p8z9,24,chkml8l5,79,trader_bridge_app,ResumeTradingSession,1789083597,9,0,1
ykk5p8z9,10,5hdyag7g,73,trader_bridge_app,PauseTradingSession,1789083604,8,0,1
ykk5p8z9,11,p591h2pv,73,trader_bridge_app,PauseTradingSession,1789083604,8,0,1
ykk5p8z9,12,g9e4scxb,73,trader_bridge_app,PauseTradingSession,1789083604,8,0,1
ykk5p8z9,9,lz6sdo3r,73,trader_bridge_app,PauseTradingSession,1789083604,8,0,1
ykk5p8z9,7,zxclkk3l,73,trader_bridge_app,PauseTradingSession,1789083604,8,0,1
ykk5p8z9,8,99ctxiqw,73,trader_bridge_app,PauseTradingSession,1789083604,8,0,1
ykk5p8z9,10,5hdyag7g,75,trader_bridge_app,DayBreak,1789083608,8,0,0
ykk5p8z9,9,lz6sdo3r,75,trader_bridge_app,DayBreak,1789083610,8,0,0
ykk5p8z9,13,kirmcqky,43,trader_bridge_app,ResumeTradingSession,1789083611,5,0,1
ykk5p8z9,14,pn35uw2g,43,trader_bridge_app,ResumeTradingSession,1789083611,5,0,1
ykk5p8z9,15,ps4pdpc5,43,trader_bridge_app,ResumeTradingSession,1789083611,5,0,1
ykk5p8z9,16,1evcus8j,43,trader_bridge_app,ResumeTradingSession,1789083611,5,0,1
ykk5p8z9,17,wgz24zdb,43,trader_bridge_app,ResumeTradingSession,1789083611,5,0,1
ykk5p8z9,18,ogauv9f8,43,trader_bridge_app,ResumeTradingSession,1789083611,5,0,1
ykk5p8z9,30,ufzyavcw,99,trader_bridge_app,TradePage,1789083631,11,0,0
ykk5p8z9,29,qs0z3czj,99,trader_bridge_app,TradePage,1789083631,11,0,0
ykk5p8z9,27,1nf2i0vh,99,trader_bridge_app,TradePage,1789083631,11,0,0
ykk5p8z9,25,rf6q16rc,99,trader_bridge_app,TradePage,1789083637,11,0,0
ykk5p8z9,5,gjhavmx0,81,trader_bridge_app,TradePage,1789083639,9,0,0
ykk5p8z9,3,mx74stso,81,trader_bridge_app,TradePage,1789083642,9,0,0
ykk5p8z9,1,78ek4e7n,82,trader_bridge_app,PauseTradingSession,1789083642,9,0,1
ykk5p8z9,2,38up52f8,82,trader_bridge_app,PauseTradingSession,1789083642,9,0,1
ykk5p8z9,3,mx74stso,82,trader_bridge_app,PauseTradingSession,1789083642,9,0,1
ykk5p8z9,4,03xcqsa5,82,trader_bridge_app,PauseTradingSession,1789083642,9,0,1
ykk5p8z9,5,gjhavmx0,82,trader_bridge_app,PauseTradingSession,1789083642,9,0,1
ykk5p8z9,6,8zudctzx,82,trader_bridge_app,PauseTradingSession,1789083642,9,0,1
ykk5p8z9,25,rf6q16rc,100,trader_bridge_app,PauseTradingSession,1789083642,11,0,1
ykk5p8z9,26,qkzfdqnt,100,trader_bridge_app,PauseTradingSession,1789083642,11,0,1
ykk5p8z9,27,1nf2i0vh,100,trader_bridge_app,PauseTradingSession,1789083642,11,0,1
ykk5p8z9,28,s0vl521h,100,trader_bridge_app,PauseTradingSession,1789083642,11,0,1
ykk5p8z9,29,qs0z3czj,100,trader_bridge_app,PauseTradingSession,1789083642,11,0,1
ykk5p8z9,30,ufzyavcw,100,trader_bridge_app,PauseTradingSession,1789083642,11,0,1
ykk5p8z9,31,lkaj8gx3,136,trader_bridge_app,PauseTradingSession,1789083643,15,0,1
ykk5p8z9,12,g9e4scxb,75,trader_bridge_app,DayBreak,1789083644,8,1,0
ykk5p8z9,7,zxclkk3l,79,trader_bridge_app,ResumeTradingSession,1789083645,9,0,1
ykk5p8z9,8,99ctxiqw,79,trader_bridge_app,ResumeTradingSession,1789083645,9,0,1
ykk5p8z9,9,lz6sdo3r,79,trader_bridge_app,ResumeTradingSession,1789083645,9,0,1
ykk5p8z9,10,5hdyag7g,79,trader_bridge_app,ResumeTradingSession,1789083645,9,0,1
ykk5p8z9,11,p591h2pv,79,trader_bridge_app,ResumeTradingSession,1789083645,9,0,1
ykk5p8z9,12,g9e4scxb,79,trader_bridge_app,ResumeTradingSession,1789083645,9,0,1
ykk5p8z9,29,qs0z3czj,102,trader_bridge_app,DayBreak,1789083647,11,0,0
ykk5p8z9,6,8zudctzx,84,trader_bridge_app,DayBreak,1789083652,9,0,0
ykk5p8z9,4,03xcqsa5,84,trader_bridge_app,DayBreak,1789083656,9,0,0
ykk5p8z9,3,mx74stso,84,trader_bridge_app,DayBreak,1789083657,9,0,0
ykk5p8z9,23,8r753ujr,81,trader_bridge_app,TradePage,1789083658,9,0,0
ykk5p8z9,19,h89ct0h3,81,trader_bridge_app,TradePage,1789083658,9,0,0
ykk5p8z9,24,chkml8l5,82,trader_bridge_app,PauseTradingSession,1789083658,9,0,1
ykk5p8z9,19,h89ct0h3,82,trader_bridge_app,PauseTradingSession,1789083658,9,0,1
ykk5p8z9,22,gy0oizb5,73,trader_bridge_app,PauseTradingSession,1789083585,8,0,1
ykk5p8z9,23,8r753ujr,73,trader_bridge_app,PauseTradingSession,1789083585,8,0,1
ykk5p8z9,24,chkml8l5,73,trader_bridge_app,PauseTradingSession,1789083585,8,0,1
ykk5p8z9,21,3d0rzld9,75,trader_bridge_app,DayBreak,1789083589,8,0,0
ykk5p8z9,22,gy0oizb5,75,trader_bridge_app,DayBreak,1789083591,8,0,0
ykk5p8z9,23,8r753ujr,75,trader_bridge_app,DayBreak,1789083594,8,0,0
ykk5p8z9,24,chkml8l5,79,trader_bridge_app,ResumeTradingSession,1789083597,9,0,1
ykk5p8z9,19,h89ct0h3,79,trader_bridge_app,ResumeTradingSession,1789083597,9,0,1
ykk5p8z9,20,oizn9530,79,trader_bridge_app,ResumeTradingSession,1789083597,9,0,1
ykk5p8z9,21,3d0rzld9,79,trader_bridge_app,ResumeTradingSession,1789083597,9,0,1
ykk5p8z9,22,gy0oizb5,79,trader_bridge_app,ResumeTradingSession,1789083597,9,0,1
ykk5p8z9,23,8r753ujr,79,trader_bridge_app,ResumeTradingSession,1789083597,9,0,1
ykk5p8z9,11,p591h2pv,72,trader_bridge_app,TradePage,1789083604,8,0,0
ykk5p8z9,9,lz6sdo3r,73,trader_bridge_app,PauseTradingSession,1789083604,8,0,1
ykk5p8z9,10,5hdyag7g,73,trader_bridge_app,PauseTradingSession,1789083604,8,0,1
ykk5p8z9,11,p591h2pv,73,trader_bridge_app,PauseTradingSession,1789083604,8,0,1
ykk5p8z9,12,g9e4scxb,73,trader_bridge_app,PauseTradingSession,1789083604,8,0,1
ykk5p8z9,7,zxclkk3l,73,trader_bridge_app,PauseTradingSession,1789083604,8,0,1
ykk5p8z9,8,99ctxiqw,73,trader_bridge_app,PauseTradingSession,1789083604,8,0,1
ykk5p8z9,11,p591h2pv,75,trader_bridge_app,DayBreak,1789083609,8,0,0
ykk5p8z9,17,wgz24zdb,39,trader_bridge_app,DayBreak,1789083611,4,1,0
ykk5p8z9,7,zxclkk3l,75,trader_bridge_app,DayBreak,1789083611,8,0,0
ykk5p8z9,8,99ctxiqw,75,trader_bridge_app,DayBreak,1789083615,8,0,0
ykk5p8z9,28,s0vl521h,99,trader_bridge_app,TradePage,1789083631,11,0,0
ykk5p8z9,6,8zudctzx,81,trader_bridge_app,TradePage,1789083639,9,0,0
ykk5p8z9,2,38up52f8,81,trader_bridge_app,TradePage,1789083639,9,0,0
ykk5p8z9,4,03xcqsa5,81,trader_bridge_app,TradePage,1789083639,9,0,0
ykk5p8z9,1,78ek4e7n,81,trader_bridge_app,TradePage,1789083639,9,0,0
ykk5p8z9,3,mx74stso,82,trader_bridge_app,PauseTradingSession,1789083642,9,0,1
ykk5p8z9,1,78ek4e7n,82,trader_bridge_app,PauseTradingSession,1789083642,9,0,1
ykk5p8z9,2,38up52f8,82,trader_bridge_app,PauseTradingSession,1789083642,9,0,1
ykk5p8z9,4,03xcqsa5,82,trader_bridge_app,PauseTradingSession,1789083642,9,0,1
ykk5p8z9,5,gjhavmx0,82,trader_bridge_app,PauseTradingSession,1789083642,9,0,1
ykk5p8z9,6,8zudctzx,82,trader_bridge_app,PauseTradingSession,1789083642,9,0,1
ykk5p8z9,26,qkzfdqnt,99,trader_bridge_app,TradePage,1789083642,11,0,0
ykk5p8z9,31,lkaj8gx3,135,trader_bridge_app,TradePage,1789083642,15,0,0
ykk5p8z9,27,1nf2i0vh,102,trader_bridge_app,DayBreak,1789083647,11,0,0
ykk5p8z9,25,rf6q16rc,102,trader_bridge_app,DayBreak,1789083647,11,0,0
ykk5p8z9,26,qkzfdqnt,102,trader_bridge_app,DayBreak,1789083648,11,0,0
ykk5p8z9,28,s0vl521h,102,trader_bridge_app,DayBreak,1789083649,11,0,0
ykk5p8z9,5,gjhavmx0,84,trader_bridge_app,DayBreak,1789083654,9,0,0
ykk5p8z9,24,chkml8l5,81,trader_bridge_app,TradePage,1789083658,9,0,0
ykk5p8z9,21,3d0rzld9,81,trader_bridge_app,TradePage,1789083658,9,0,0
ykk5p8z9,20,oizn9530,81,trader_bridge_app,TradePage,1789083658,9,0,0
ykk5p8z9,22,gy0oizb5,81,trader_bridge_app,TradePage,1789083658,9,0,0
ykk5p8z9,24,chkml8l5,82,trader_bridge_app,PauseTradingSession,1789083659,9,0,1
ykk5p8z9,19,h89ct0h3,82,trader_bridge_app,PauseTradingSession,1789083659,9,0,1
ykk5p8z9,21,3d0rzld9,82,trader_bridge_app,PauseTradingSession,1789083659,9,0,1
ykk5p8z9,22,gy0oizb5,82,trader_bridge_app,PauseTradingSession,1789083659,9,0,1
ykk5p8z9,23,8r753ujr,82,trader_bridge_app,PauseTradingSession,1789083659,9,0,1
ykk5p8z9,20,oizn9530,82,trader_bridge_app,PauseTradingSession,1789083659,9,0,1
ykk5p8z9,31,lkaj8gx3,138,trader_bridge_app,DayBreak,1789083660,15,0,0
ykk5p8z9,2,38up52f8,84,trader_bridge_app,DayBreak,1789083663,9,1,0
ykk5p8z9,1,78ek4e7n,88,trader_bridge_app,ResumeTradingSession,1789083663,10,0,1
ykk5p8z9,2,38up52f8,88,trader_bridge_app,ResumeTradingSession,1789083663,10,0,1
ykk5p8z9,3,mx74stso,88,trader_bridge_app,ResumeTradingSession,1789083663,10,0,1
ykk5p8z9,4,03xcqsa5,88,trader_bridge_app,ResumeTradingSession,1789083663,10,0,1
ykk5p8z9,5,gjhavmx0,88,trader_bridge_app,ResumeTradingSession,1789083663,10,0,1
ykk5p8z9,6,8zudctzx,88,trader_bridge_app,ResumeTradingSession,1789083663,10,0,1
ykk5p8z9,21,3d0rzld9,84,trader_bridge_app,DayBreak,1789083670,9,0,0
ykk5p8z9,20,oizn9530,84,trader_bridge_app,DayBreak,1789083671,9,0,0
ykk5p8z9,17,wgz24zdb,45,trader_bridge_app,TradePage,1789083672,5,0,0
ykk5p8z9,23,8r753ujr,84,trader_bridge_app,DayBreak,1789083672,9,0,0
ykk5p8z9,18,ogauv9f8,45,trader_bridge_app,TradePage,1789083672,5,0,0
ykk5p8z9,24,chkml8l5,84,trader_bridge_app,DayBreak,1789083672,9,0,0
ykk5p8z9,30,ufzyavcw,102,trader_bridge_app,DayBreak,1789083681,11,1,0
ykk5p8z9,29,qs0z3czj,106,trader_bridge_app,ResumeTradingSession,1789083681,12,0,1
ykk5p8z9,30,ufzyavcw,106,trader_bridge_app,ResumeTradingSession,1789083681,12,0,1
ykk5p8z9,25,rf6q16rc,106,trader_bridge_app,ResumeTradingSession,1789083681,12,0,1
ykk5p8z9,26,qkzfdqnt,106,trader_bridge_app,ResumeTradingSession,1789083681,12,0,1
ykk5p8z9,27,1nf2i0vh,106,trader_bridge_app,ResumeTradingSession,1789083681,12,0,1
ykk5p8z9,28,s0vl521h,106,trader_bridge_app,ResumeTradingSession,1789083681,12,0,1
ykk5p8z9,14,pn35uw2g,45,trader_bridge_app,TradePage,1789083682,5,0,0
ykk5p8z9,16,1evcus8j,45,trader_bridge_app,TradePage,1789083683,5,0,0
ykk5p8z9,13,kirmcqky,46,trader_bridge_app,PauseTradingSession,1789083683,5,0,1
ykk5p8z9,14,pn35uw2g,46,trader_bridge_app,PauseTradingSession,1789083683,5,0,1
ykk5p8z9,15,ps4pdpc5,46,trader_bridge_app,PauseTradingSession,1789083683,5,0,1
ykk5p8z9,16,1evcus8j,46,trader_bridge_app,PauseTradingSession,1789083683,5,0,1
ykk5p8z9,17,wgz24zdb,46,trader_bridge_app,PauseTradingSession,1789083683,5,0,1
ykk5p8z9,18,ogauv9f8,46,trader_bridge_app,PauseTradingSession,1789083683,5,0,1
ykk5p8z9,13,kirmcqky,48,trader_bridge_app,DayBreak,1789083697,5,0,0
ykk5p8z9,17,wgz24zdb,48,trader_bridge_app,DayBreak,1789083700,5,0,0
ykk5p8z9,12,g9e4scxb,81,trader_bridge_app,TradePage,1789083705,9,0,0
ykk5p8z9,7,zxclkk3l,81,trader_bridge_app,TradePage,1789083705,9,0,0
ykk5p8z9,10,5hdyag7g,81,trader_bridge_app,TradePage,1789083705,9,0,0
ykk5p8z9,11,p591h2pv,81,trader_bridge_app,TradePage,1789083706,9,0,0
ykk5p8z9,9,lz6sdo3r,81,trader_bridge_app,TradePage,1789083707,9,0,0
ykk5p8z9,7,zxclkk3l,82,trader_bridge_app,PauseTradingSession,1789083707,9,0,1
ykk5p8z9,8,99ctxiqw,82,trader_bridge_app,PauseTradingSession,1789083707,9,0,1
ykk5p8z9,9,lz6sdo3r,82,trader_bridge_app,PauseTradingSession,1789083707,9,0,1
ykk5p8z9,10,5hdyag7g,82,trader_bridge_app,PauseTradingSession,1789083707,9,0,1
ykk5p8z9,11,p591h2pv,82,trader_bridge_app,PauseTradingSession,1789083707,9,0,1
ykk5p8z9,12,g9e4scxb,82,trader_bridge_app,PauseTradingSession,1789083707,9,0,1
ykk5p8z9,17,wgz24zdb,52,trader_bridge_app,ResumeTradingSession,1789083714,6,0,1
ykk5p8z9,13,kirmcqky,52,trader_bridge_app,ResumeTradingSession,1789083714,6,0,1
ykk5p8z9,14,pn35uw2g,52,trader_bridge_app,ResumeTradingSession,1789083714,6,0,1
ykk5p8z9,15,ps4pdpc5,52,trader_bridge_app,ResumeTradingSession,1789083714,6,0,1
ykk5p8z9,16,1evcus8j,52,trader_bridge_app,ResumeTradingSession,1789083714,6,0,1
ykk5p8z9,18,ogauv9f8,52,trader_bridge_app,ResumeTradingSession,1789083714,6,0,1
ykk5p8z9,31,lkaj8gx3,145,trader_bridge_app,PauseTradingSession,1789083721,16,0,1
ykk5p8z9,9,lz6sdo3r,84,trader_bridge_app,DayBreak,1789083722,9,0,0
ykk5p8z9,2,38up52f8,90,trader_bridge_app,TradePage,1789083724,10,0,0
ykk5p8z9,20,oizn9530,82,trader_bridge_app,PauseTradingSession,1789083658,9,0,1
ykk5p8z9,21,3d0rzld9,82,trader_bridge_app,PauseTradingSession,1789083658,9,0,1
ykk5p8z9,22,gy0oizb5,82,trader_bridge_app,PauseTradingSession,1789083658,9,0,1
ykk5p8z9,23,8r753ujr,82,trader_bridge_app,PauseTradingSession,1789083658,9,0,1
ykk5p8z9,31,lkaj8gx3,142,trader_bridge_app,ResumeTradingSession,1789083660,16,0,1
ykk5p8z9,1,78ek4e7n,84,trader_bridge_app,DayBreak,1789083661,9,0,0
ykk5p8z9,19,h89ct0h3,84,trader_bridge_app,DayBreak,1789083669,9,0,0
ykk5p8z9,22,gy0oizb5,84,trader_bridge_app,DayBreak,1789083670,9,0,0
ykk5p8z9,20,oizn9530,88,trader_bridge_app,ResumeTradingSession,1789083672,10,0,1
ykk5p8z9,21,3d0rzld9,88,trader_bridge_app,ResumeTradingSession,1789083672,10,0,1
ykk5p8z9,22,gy0oizb5,88,trader_bridge_app,ResumeTradingSession,1789083672,10,0,1
ykk5p8z9,19,h89ct0h3,88,trader_bridge_app,ResumeTradingSession,1789083672,10,0,1
ykk5p8z9,23,8r753ujr,88,trader_bridge_app,ResumeTradingSession,1789083672,10,0,1
ykk5p8z9,24,chkml8l5,88,trader_bridge_app,ResumeTradingSession,1789083672,10,0,1
ykk5p8z9,13,kirmcqky,45,trader_bridge_app,TradePage,1789083672,5,0,0
ykk5p8z9,15,ps4pdpc5,45,trader_bridge_app,TradePage,1789083675,5,0,0
ykk5p8z9,30,ufzyavcw,102,trader_bridge_app,DayBreak,1789083681,11,1,0
ykk5p8z9,25,rf6q16rc,106,trader_bridge_app,ResumeTradingSession,1789083681,12,0,1
ykk5p8z9,26,qkzfdqnt,106,trader_bridge_app,ResumeTradingSession,1789083681,12,0,1
ykk5p8z9,27,1nf2i0vh,106,trader_bridge_app,ResumeTradingSession,1789083681,12,0,1
ykk5p8z9,28,s0vl521h,106,trader_bridge_app,ResumeTradingSession,1789083681,12,0,1
ykk5p8z9,29,qs0z3czj,106,trader_bridge_app,ResumeTradingSession,1789083681,12,0,1
ykk5p8z9,30,ufzyavcw,106,trader_bridge_app,ResumeTradingSession,1789083681,12,0,1
ykk5p8z9,16,1evcus8j,48,trader_bridge_app,DayBreak,1789083686,5,0,0
ykk5p8z9,18,ogauv9f8,48,trader_bridge_app,DayBreak,1789083688,5,0,0
ykk5p8z9,15,ps4pdpc5,48,trader_bridge_app,DayBreak,1789083688,5,0,0
ykk5p8z9,8,99ctxiqw,81,trader_bridge_app,TradePage,1789083707,9,0,0
ykk5p8z9,7,zxclkk3l,82,trader_bridge_app,PauseTradingSession,1789083707,9,0,1
ykk5p8z9,8,99ctxiqw,82,trader_bridge_app,PauseTradingSession,1789083707,9,0,1
ykk5p8z9,10,5hdyag7g,82,trader_bridge_app,PauseTradingSession,1789083707,9,0,1
ykk5p8z9,11,p591h2pv,82,trader_bridge_app,PauseTradingSession,1789083707,9,0,1
ykk5p8z9,12,g9e4scxb,82,trader_bridge_app,PauseTradingSession,1789083707,9,0,1
ykk5p8z9,9,lz6sdo3r,82,trader_bridge_app,PauseTradingSession,1789083707,9,0,1
ykk5p8z9,14,pn35uw2g,48,trader_bridge_app,DayBreak,1789083714,5,1,0
ykk5p8z9,12,g9e4scxb,84,trader_bridge_app,DayBreak,1789083720,9,0,0
ykk5p8z9,31,lkaj8gx3,144,trader_bridge_app,TradePage,1789083721,16,0,0
ykk5p8z9,6,8zudctzx,90,trader_bridge_app,TradePage,1789083724,10,0,0
ykk5p8z9,3,mx74stso,90,trader_bridge_app,TradePage,1789083724,10,0,0
ykk5p8z9,31,lkaj8gx3,147,trader_bridge_app,DayBreak,1789083724,16,0,0
ykk5p8z9,31,lkaj8gx3,151,trader_bridge_app,ResumeTradingSession,1789083724,17,0,1
ykk5p8z9,10,5hdyag7g,84,trader_bridge_app,DayBreak,1789083726,9,0,0
ykk5p8z9,7,zxclkk3l,84,trader_bridge_app,DayBreak,1789083728,9,1,0
ykk5p8z9,7,zxclkk3l,88,trader_bridge_app,ResumeTradingSession,1789083728,10,0,1
ykk5p8z9,8,99ctxiqw,88,trader_bridge_app,ResumeTradingSession,1789083728,10,0,1
ykk5p8z9,9,lz6sdo3r,88,trader_bridge_app,ResumeTradingSession,1789083728,10,0,1
ykk5p8z9,10,5hdyag7g,88,trader_bridge_app,ResumeTradingSession,1789083728,10,0,1
ykk5p8z9,11,p591h2pv,88,trader_bridge_app,ResumeTradingSession,1789083728,10,0,1
ykk5p8z9,12,g9e4scxb,88,trader_bridge_app,ResumeTradingSession,1789083728,10,0,1
ykk5p8z9,22,gy0oizb5,90,trader_bridge_app,TradePage,1789083733,10,0,0
ykk5p8z9,1,78ek4e7n,91,trader_bridge_app,PauseTradingSession,1789083736,10,0,1
ykk5p8z9,2,38up52f8,91,trader_bridge_app,PauseTradingSession,1789083736,10,0,1
ykk5p8z9,4,03xcqsa5,90,trader_bridge_app,TradePage,1789083724,10,0,0
ykk5p8z9,8,99ctxiqw,84,trader_bridge_app,DayBreak,1789083726,9,0,0
ykk5p8z9,11,p591h2pv,84,trader_bridge_app,DayBreak,1789083728,9,1,0
ykk5p8z9,21,3d0rzld9,90,trader_bridge_app,TradePage,1789083733,10,0,0
ykk5p8z9,24,chkml8l5,90,trader_bridge_app,TradePage,1789083733,10,0,0
ykk5p8z9,20,oizn9530,90,trader_bridge_app,TradePage,1789083733,10,0,0
ykk5p8z9,19,h89ct0h3,90,trader_bridge_app,TradePage,1789083735,10,0,0
ykk5p8z9,1,78ek4e7n,90,trader_bridge_app,TradePage,1789083735,10,0,0
ykk5p8z9,5,gjhavmx0,90,trader_bridge_app,TradePage,1789083735,10,0,0
ykk5p8z9,3,mx74stso,93,trader_bridge_app,DayBreak,1789083742,10,0,0
ykk5p8z9,30,ufzyavcw,108,trader_bridge_app,TradePage,1789083742,12,0,0
ykk5p8z9,26,qkzfdqnt,108,trader_bridge_app,TradePage,1789083742,12,0,0
ykk5p8z9,25,rf6q16rc,108,trader_bridge_app,TradePage,1789083742,12,0,0
ykk5p8z9,27,1nf2i0vh,109,trader_bridge_app,PauseTradingSession,1789083742,12,0,1
ykk5p8z9,28,s0vl521h,109,trader_bridge_app,PauseTradingSession,1789083742,12,0,1
ykk5p8z9,25,rf6q16rc,109,trader_bridge_app,PauseTradingSession,1789083742,12,0,1
ykk5p8z9,29,qs0z3czj,109,trader_bridge_app,PauseTradingSession,1789083742,12,0,1
ykk5p8z9,30,ufzyavcw,109,trader_bridge_app,PauseTradingSession,1789083742,12,0,1
ykk5p8z9,26,qkzfdqnt,109,trader_bridge_app,PauseTradingSession,1789083742,12,0,1
ykk5p8z9,1,78ek4e7n,93,trader_bridge_app,DayBreak,1789083744,10,0,0
ykk5p8z9,2,38up52f8,93,trader_bridge_app,DayBreak,1789083744,10,0,0
ykk5p8z9,1,78ek4e7n,97,trader_bridge_app,ResumeTradingSession,1789083744,11,0,1
ykk5p8z9,2,38up52f8,97,trader_bridge_app,ResumeTradingSession,1789083744,11,0,1
ykk5p8z9,3,mx74stso,97,trader_bridge_app,ResumeTradingSession,1789083744,11,0,1
ykk5p8z9,4,03xcqsa5,97,trader_bridge_app,ResumeTradingSession,1789083744,11,0,1
ykk5p8z9,5,gjhavmx0,97,trader_bridge_app,ResumeTradingSession,1789083744,11,0,1
ykk5p8z9,6,8zudctzx,97,trader_bridge_app,ResumeTradingSession,1789083744,11,0,1
ykk5p8z9,28,s0vl521h,111,trader_bridge_app,DayBreak,1789083754,12,0,0
ykk5p8z9,20,oizn9530,93,trader_bridge_app,DayBreak,1789083755,10,0,0
ykk5p8z9,19,h89ct0h3,97,trader_bridge_app,ResumeTradingSession,1789083755,11,0,1
ykk5p8z9,20,oizn9530,97,trader_bridge_app,ResumeTradingSession,1789083755,11,0,1
ykk5p8z9,21,3d0rzld9,97,trader_bridge_app,ResumeTradingSession,1789083755,11,0,1
ykk5p8z9,22,gy0oizb5,97,trader_bridge_app,ResumeTradingSession,1789083755,11,0,1
ykk5p8z9,23,8r753ujr,97,trader_bridge_app,ResumeTradingSession,1789083755,11,0,1
ykk5p8z9,24,chkml8l5,97,trader_bridge_app,ResumeTradingSession,1789083755,11,0,1
ykk5p8z9,29,qs0z3czj,111,trader_bridge_app,DayBreak,1789083759,12,0,0
ykk5p8z9,30,ufzyavcw,111,trader_bridge_app,DayBreak,1789083761,12,0,0
ykk5p8z9,25,rf6q16rc,115,trader_bridge_app,ResumeTradingSession,1789083761,13,0,1
ykk5p8z9,26,qkzfdqnt,115,trader_bridge_app,ResumeTradingSession,1789083761,13,0,1
ykk5p8z9,27,1nf2i0vh,115,trader_bridge_app,ResumeTradingSession,1789083761,13,0,1
ykk5p8z9,28,s0vl521h,115,trader_bridge_app,ResumeTradingSession,1789083761,13,0,1
ykk5p8z9,29,qs0z3czj,115,trader_bridge_app,ResumeTradingSession,1789083761,13,0,1
ykk5p8z9,30,ufzyavcw,115,trader_bridge_app,ResumeTradingSession,1789083761,13,0,1
ykk5p8z9,14,pn35uw2g,54,trader_bridge_app,TradePage,1789083775,6,0,0
ykk5p8z9,16,1evcus8j,54,trader_bridge_app,TradePage,1789083775,6,0,0
ykk5p8z9,13,kirmcqky,54,trader_bridge_app,TradePage,1789083775,6,0,0
ykk5p8z9,31,lkaj8gx3,154,trader_bridge_app,PauseTradingSession,1789083785,17,0,1
ykk5p8z9,13,kirmcqky,55,trader_bridge_app,PauseTradingSession,1789083788,6,0,1
ykk5p8z9,14,pn35uw2g,55,trader_bridge_app,PauseTradingSession,1789083788,6,0,1
ykk5p8z9,15,ps4pdpc5,55,trader_bridge_app,PauseTradingSession,1789083788,6,0,1
ykk5p8z9,16,1evcus8j,55,trader_bridge_app,PauseTradingSession,1789083788,6,0,1
ykk5p8z9,3,mx74stso,91,trader_bridge_app,PauseTradingSession,1789083736,10,0,1
ykk5p8z9,4,03xcqsa5,91,trader_bridge_app,PauseTradingSession,1789083736,10,0,1
ykk5p8z9,5,gjhavmx0,91,trader_bridge_app,PauseTradingSession,1789083736,10,0,1
ykk5p8z9,6,8zudctzx,91,trader_bridge_app,PauseTradingSession,1789083736,10,0,1
ykk5p8z9,6,8zudctzx,93,trader_bridge_app,DayBreak,1789083740,10,0,0
ykk5p8z9,4,03xcqsa5,93,trader_bridge_app,DayBreak,1789083742,10,0,0
ykk5p8z9,28,s0vl521h,108,trader_bridge_app,TradePage,1789083742,12,0,0
ykk5p8z9,27,1nf2i0vh,108,trader_bridge_app,TradePage,1789083742,12,0,0
ykk5p8z9,29,qs0z3czj,108,trader_bridge_app,TradePage,1789083742,12,0,0
ykk5p8z9,5,gjhavmx0,93,trader_bridge_app,DayBreak,1789083743,10,0,0
ykk5p8z9,2,38up52f8,97,trader_bridge_app,ResumeTradingSession,1789083744,11,0,1
ykk5p8z9,3,mx74stso,97,trader_bridge_app,ResumeTradingSession,1789083744,11,0,1
ykk5p8z9,4,03xcqsa5,97,trader_bridge_app,ResumeTradingSession,1789083744,11,0,1
ykk5p8z9,5,gjhavmx0,97,trader_bridge_app,ResumeTradingSession,1789083744,11,0,1
ykk5p8z9,6,8zudctzx,97,trader_bridge_app,ResumeTradingSession,1789083744,11,0,1
ykk5p8z9,1,78ek4e7n,97,trader_bridge_app,ResumeTradingSession,1789083744,11,0,1
ykk5p8z9,23,8r753ujr,90,trader_bridge_app,TradePage,1789083745,10,0,0
ykk5p8z9,19,h89ct0h3,91,trader_bridge_app,PauseTradingSession,1789083745,10,0,1
ykk5p8z9,20,oizn9530,91,trader_bridge_app,PauseTradingSession,1789083745,10,0,1
ykk5p8z9,21,3d0rzld9,91,trader_bridge_app,PauseTradingSession,1789083745,10,0,1
ykk5p8z9,22,gy0oizb5,91,trader_bridge_app,PauseTradingSession,1789083745,10,0,1
ykk5p8z9,23,8r753ujr,91,trader_bridge_app,PauseTradingSession,1789083745,10,0,1
ykk5p8z9,24,chkml8l5,91,trader_bridge_app,PauseTradingSession,1789083745,10,0,1
ykk5p8z9,22,gy0oizb5,93,trader_bridge_app,DayBreak,1789083749,10,0,0
ykk5p8z9,24,chkml8l5,93,trader_bridge_app,DayBreak,1789083749,10,0,0
ykk5p8z9,19,h89ct0h3,93,trader_bridge_app,DayBreak,1789083751,10,0,0
ykk5p8z9,21,3d0rzld9,93,trader_bridge_app,DayBreak,1789083751,10,0,0
ykk5p8z9,23,8r753ujr,93,trader_bridge_app,DayBreak,1789083754,10,0,0
ykk5p8z9,25,rf6q16rc,111,trader_bridge_app,DayBreak,1789083754,12,0,0
ykk5p8z9,27,1nf2i0vh,111,trader_bridge_app,DayBreak,1789083757,12,0,0
ykk5p8z9,26,qkzfdqnt,111,trader_bridge_app,DayBreak,1789083760,12,0,0
ykk5p8z9,18,ogauv9f8,54,trader_bridge_app,TradePage,1789083775,6,0,0
ykk5p8z9,15,ps4pdpc5,54,trader_bridge_app,TradePage,1789083775,6,0,0
ykk5p8z9,31,lkaj8gx3,153,trader_bridge_app,TradePage,1789083785,17,0,0
ykk5p8z9,17,wgz24zdb,54,trader_bridge_app,TradePage,1789083787,6,0,0
ykk5p8z9,8,99ctxiqw,90,trader_bridge_app,TradePage,1789083789,10,0,0
ykk5p8z9,9,lz6sdo3r,90,trader_bridge_app,TradePage,1789083789,10,0,0
ykk5p8z9,12,g9e4scxb,90,trader_bridge_app,TradePage,1789083789,10,0,0
ykk5p8z9,31,lkaj8gx3,160,trader_bridge_app,ResumeTradingSession,1789083790,18,0,1
ykk5p8z9,7,zxclkk3l,91,trader_bridge_app,PauseTradingSession,1789083800,10,0,1
ykk5p8z9,8,99ctxiqw,91,trader_bridge_app,PauseTradingSession,1789083800,10,0,1
ykk5p8z9,9,lz6sdo3r,91,trader_bridge_app,PauseTradingSession,1789083800,10,0,1
ykk5p8z9,10,5hdyag7g,91,trader_bridge_app,PauseTradingSession,1789083800,10,0,1
ykk5p8z9,11,p591h2pv,91,trader_bridge_app,PauseTradingSession,1789083800,10,0,1
ykk5p8z9,12,g9e4scxb,91,trader_bridge_app,PauseTradingSession,1789083800,10,0,1
ykk5p8z9,10,5hdyag7g,93,trader_bridge_app,DayBreak,1789083803,10,0,0
ykk5p8z9,12,g9e4scxb,93,trader_bridge_app,DayBreak,1789083804,10,0,0
ykk5p8z9,4,03xcqsa5,99,trader_bridge_app,TradePage,1789083805,11,0,0
ykk5p8z9,2,38up52f8,99,trader_bridge_app,TradePage,1789083805,11,0,0
ykk5p8z9,5,gjhavmx0,99,trader_bridge_app,TradePage,1789083805,11,0,0
ykk5p8z9,1,78ek4e7n,100,trader_bridge_app,PauseTradingSession,1789083805,11,0,1
ykk5p8z9,17,wgz24zdb,55,trader_bridge_app,PauseTradingSession,1789083788,6,0,1
ykk5p8z9,18,ogauv9f8,55,trader_bridge_app,PauseTradingSession,1789083788,6,0,1
ykk5p8z9,7,zxclkk3l,90,trader_bridge_app,TradePage,1789083789,10,0,0
ykk5p8z9,11,p591h2pv,90,trader_bridge_app,TradePage,1789083789,10,0,0
ykk5p8z9,31,lkaj8gx3,156,trader_bridge_app,DayBreak,1789083789,17,0,0
ykk5p8z9,10,5hdyag7g,90,trader_bridge_app,TradePage,1789083799,10,0,0
ykk5p8z9,11,p591h2pv,93,trader_bridge_app,DayBreak,1789083803,10,0,0
ykk5p8z9,9,lz6sdo3r,93,trader_bridge_app,DayBreak,1789083803,10,0,0
ykk5p8z9,18,ogauv9f8,57,trader_bridge_app,DayBreak,1789083804,6,0,0
ykk5p8z9,6,8zudctzx,99,trader_bridge_app,TradePage,1789083805,11,0,0
ykk5p8z9,3,mx74stso,99,trader_bridge_app,TradePage,1789083805,11,0,0
ykk5p8z9,1,78ek4e7n,99,trader_bridge_app,TradePage,1789083805,11,0,0
ykk5p8z9,1,78ek4e7n,100,trader_bridge_app,PauseTradingSession,1789083805,11,0,1
ykk5p8z9,2,38up52f8,100,trader_bridge_app,PauseTradingSession,1789083805,11,0,1
ykk5p8z9,3,mx74stso,100,trader_bridge_app,PauseTradingSession,1789083805,11,0,1
ykk5p8z9,4,03xcqsa5,100,trader_bridge_app,PauseTradingSession,1789083805,11,0,1
ykk5p8z9,6,8zudctzx,100,trader_bridge_app,PauseTradingSession,1789083805,11,0,1
ykk5p8z9,5,gjhavmx0,100,trader_bridge_app,PauseTradingSession,1789083805,11,0,1
ykk5p8z9,13,kirmcqky,57,trader_bridge_app,DayBreak,1789083807,6,0,0
ykk5p8z9,5,gjhavmx0,102,trader_bridge_app,DayBreak,1789083808,11,0,0
ykk5p8z9,6,8zudctzx,102,trader_bridge_app,DayBreak,1789083809,11,0,0
ykk5p8z9,8,99ctxiqw,93,trader_bridge_app,DayBreak,1789083812,10,0,0
ykk5p8z9,15,ps4pdpc5,57,trader_bridge_app,DayBreak,1789083813,6,0,0
ykk5p8z9,20,oizn9530,99,trader_bridge_app,TradePage,1789083816,11,0,0
ykk5p8z9,1,78ek4e7n,102,trader_bridge_app,DayBreak,1789083819,11,0,0
ykk5p8z9,1,78ek4e7n,106,trader_bridge_app,ResumeTradingSession,1789083819,12,0,1
ykk5p8z9,2,38up52f8,106,trader_bridge_app,ResumeTradingSession,1789083819,12,0,1
ykk5p8z9,3,mx74stso,106,trader_bridge_app,ResumeTradingSession,1789083819,12,0,1
ykk5p8z9,4,03xcqsa5,106,trader_bridge_app,ResumeTradingSession,1789083819,12,0,1
ykk5p8z9,5,gjhavmx0,106,trader_bridge_app,ResumeTradingSession,1789083819,12,0,1
ykk5p8z9,6,8zudctzx,106,trader_bridge_app,ResumeTradingSession,1789083819,12,0,1
ykk5p8z9,7,zxclkk3l,93,trader_bridge_app,DayBreak,1789083822,10,0,0
ykk5p8z9,10,5hdyag7g,97,trader_bridge_app,ResumeTradingSession,1789083822,11,0,1
ykk5p8z9,11,p591h2pv,97,trader_bridge_app,ResumeTradingSession,1789083822,11,0,1
ykk5p8z9,12,g9e4scxb,97,trader_bridge_app,ResumeTradingSession,1789083822,11,0,1
ykk5p8z9,7,zxclkk3l,97,trader_bridge_app,ResumeTradingSession,1789083822,11,0,1
ykk5p8z9,8,99ctxiqw,97,trader_bridge_app,ResumeTradingSession,1789083822,11,0,1
ykk5p8z9,9,lz6sdo3r,97,trader_bridge_app,ResumeTradingSession,1789083822,11,0,1
ykk5p8z9,25,rf6q16rc,117,trader_bridge_app,TradePage,1789083822,13,0,0
ykk5p8z9,19,h89ct0h3,100,trader_bridge_app,PauseTradingSession,1789083827,11,0,1
ykk5p8z9,20,oizn9530,100,trader_bridge_app,PauseTradingSession,1789083827,11,0,1
ykk5p8z9,21,3d0rzld9,100,trader_bridge_app,PauseTradingSession,1789083827,11,0,1
ykk5p8z9,24,chkml8l5,100,trader_bridge_app,PauseTradingSession,1789083827,11,0,1
ykk5p8z9,22,gy0oizb5,100,trader_bridge_app,PauseTradingSession,1789083827,11,0,1
ykk5p8z9,23,8r753ujr,100,trader_bridge_app,PauseTradingSession,1789083827,11,0,1
ykk5p8z9,24,chkml8l5,102,trader_bridge_app,DayBreak,1789083830,11,0,0
ykk5p8z9,25,rf6q16rc,118,trader_bridge_app,PauseTradingSession,1789083833,13,0,1
ykk5p8z9,26,qkzfdqnt,118,trader_bridge_app,PauseTradingSession,1789083833,13,0,1
ykk5p8z9,27,1nf2i0vh,118,trader_bridge_app,PauseTradingSession,1789083833,13,0,1
ykk5p8z9,28,s0vl521h,118,trader_bridge_app,PauseTradingSession,1789083833,13,0,1
ykk5p8z9,29,qs0z3czj,118,trader_bridge_app,PauseTradingSession,1789083833,13,0,1
ykk5p8z9,2,38up52f8,100,trader_bridge_app,PauseTradingSession,1789083805,11,0,1
ykk5p8z9,3,mx74stso,100,trader_bridge_app,PauseTradingSession,1789083805,11,0,1
ykk5p8z9,4,03xcqsa5,100,trader_bridge_app,PauseTradingSession,1789083805,11,0,1
ykk5p8z9,6,8zudctzx,100,trader_bridge_app,PauseTradingSession,1789083805,11,0,1
ykk5p8z9,5,gjhavmx0,100,trader_bridge_app,PauseTradingSession,1789083805,11,0,1
ykk5p8z9,16,1evcus8j,57,trader_bridge_app,DayBreak,1789083808,6,0,0
ykk5p8z9,17,wgz24zdb,57,trader_bridge_app,DayBreak,1789083808,6,1,0
ykk5p8z9,4,03xcqsa5,102,trader_bridge_app,DayBreak,1789083808,11,0,0
ykk5p8z9,3,mx74stso,102,trader_bridge_app,DayBreak,1789083812,11,0,0
ykk5p8z9,2,38up52f8,102,trader_bridge_app,DayBreak,1789083815,11,0,0
ykk5p8z9,21,3d0rzld9,99,trader_bridge_app,TradePage,1789083816,11,0,0
ykk5p8z9,23,8r753ujr,99,trader_bridge_app,TradePage,1789083817,11,0,0
ykk5p8z9,1,78ek4e7n,106,trader_bridge_app,ResumeTradingSession,1789083819,12,0,1
ykk5p8z9,2,38up52f8,106,trader_bridge_app,ResumeTradingSession,1789083819,12,0,1
ykk5p8z9,3,mx74stso,106,trader_bridge_app,ResumeTradingSession,1789083819,12,0,1
ykk5p8z9,4,03xcqsa5,106,trader_bridge_app,ResumeTradingSession,1789083819,12,0,1
ykk5p8z9,5,gjhavmx0,106,trader_bridge_app,ResumeTradingSession,1789083819,12,0,1
ykk5p8z9,6,8zudctzx,106,trader_bridge_app,ResumeTradingSession,1789083819,12,0,1
ykk5p8z9,14,pn35uw2g,57,trader_bridge_app,DayBreak,1789083820,6,1,0
ykk5p8z9,13,kirmcqky,61,trader_bridge_app,ResumeTradingSession,1789083820,7,0,1
ykk5p8z9,14,pn35uw2g,61,trader_bridge_app,ResumeTradingSession,1789083820,7,0,1
ykk5p8z9,15,ps4pdpc5,61,trader_bridge_app,ResumeTradingSession,1789083820,7,0,1
ykk5p8z9,16,1evcus8j,61,trader_bridge_app,ResumeTradingSession,1789083820,7,0,1
ykk5p8z9,17,wgz24zdb,61,trader_bridge_app,ResumeTradingSession,1789083820,7,0,1
ykk5p8z9,18,ogauv9f8,61,trader_bridge_app,ResumeTradingSession,1789083820,7,0,1
ykk5p8z9,22,gy0oizb5,99,trader_bridge_app,TradePage,1789083820,11,0,0
ykk5p8z9,30,ufzyavcw,117,trader_bridge_app,TradePage,1789083822,13,0,0
ykk5p8z9,26,qkzfdqnt,117,trader_bridge_app,TradePage,1789083822,13,0,0
ykk5p8z9,29,qs0z3czj,117,trader_bridge_app,TradePage,1789083822,13,0,0
ykk5p8z9,19,h89ct0h3,99,trader_bridge_app,TradePage,1789083827,11,0,0
ykk5p8z9,24,chkml8l5,99,trader_bridge_app,TradePage,1789083827,11,0,0
ykk5p8z9,19,h89ct0h3,100,trader_bridge_app,PauseTradingSession,1789083827,11,0,1
ykk5p8z9,20,oizn9530,100,trader_bridge_app,PauseTradingSession,1789083827,11,0,1
ykk5p8z9,24,chkml8l5,100,trader_bridge_app,PauseTradingSession,1789083827,11,0,1
ykk5p8z9,21,3d0rzld9,100,trader_bridge_app,PauseTradingSession,1789083827,11,0,1
ykk5p8z9,22,gy0oizb5,100,trader_bridge_app,PauseTradingSession,1789083827,11,0,1
ykk5p8z9,23,8r753ujr,100,trader_bridge_app,PauseTradingSession,1789083827,11,0,1
ykk5p8z9,21,3d0rzld9,102,trader_bridge_app,DayBreak,1789083830,11,0,0
ykk5p8z9,27,1nf2i0vh,117,trader_bridge_app,TradePage,1789083832,13,0,0
ykk5p8z9,28,s0vl521h,117,trader_bridge_app,TradePage,1789083833,13,0,0
ykk5p8z9,23,8r753ujr,102,trader_bridge_app,DayBreak,1789083835,11,0,0
ykk5p8z9,19,h89ct0h3,102,trader_bridge_app,DayBreak,1789083836,11,0,0
ykk5p8z9,25,rf6q16rc,120,trader_bridge_app,DayBreak,1789083839,13,0,0
ykk5p8z9,26,qkzfdqnt,120,trader_bridge_app,DayBreak,1789083850,13,0,0
ykk5p8z9,31,lkaj8gx3,164,trader_bridge_app,FinalizeTradingSession,1789083851,18,0,1
ykk5p8z9,31,lkaj8gx3,169,trader_bridge_app,ResumeTradingSession,1789083855,19,0,1
ykk5p8z9,25,rf6q16rc,124,trader_bridge_app,ResumeTradingSession,1789083859,14,0,1
ykk5p8z9,26,qkzfdqnt,124,trader_bridge_app,ResumeTradingSession,1789083859,14,0,1
ykk5p8z9,27,1nf2i0vh,124,trader_bridge_app,ResumeTradingSession,1789083859,14,0,1
ykk5p8z9,28,s0vl521h,124,trader_bridge_app,ResumeTradingSession,1789083859,14,0,1
ykk5p8z9,29,qs0z3czj,124,trader_bridge_app,ResumeTradingSession,1789083859,14,0,1
ykk5p8z9,30,ufzyavcw,118,trader_bridge_app,PauseTradingSession,1789083833,13,0,1
ykk5p8z9,20,oizn9530,102,trader_bridge_app,DayBreak,1789083833,11,0,0
ykk5p8z9,28,s0vl521h,120,trader_bridge_app,DayBreak,1789083835,13,0,0
ykk5p8z9,22,gy0oizb5,102,trader_bridge_app,DayBreak,1789083837,11,0,0
ykk5p8z9,19,h89ct0h3,106,trader_bridge_app,ResumeTradingSession,1789083837,12,0,1
ykk5p8z9,20,oizn9530,106,trader_bridge_app,ResumeTradingSession,1789083837,12,0,1
ykk5p8z9,21,3d0rzld9,106,trader_bridge_app,ResumeTradingSession,1789083837,12,0,1
ykk5p8z9,22,gy0oizb5,106,trader_bridge_app,ResumeTradingSession,1789083837,12,0,1
ykk5p8z9,23,8r753ujr,106,trader_bridge_app,ResumeTradingSession,1789083837,12,0,1
ykk5p8z9,24,chkml8l5,106,trader_bridge_app,ResumeTradingSession,1789083837,12,0,1
ykk5p8z9,29,qs0z3czj,120,trader_bridge_app,DayBreak,1789083841,13,0,0
ykk5p8z9,30,ufzyavcw,120,trader_bridge_app,DayBreak,1789083842,13,0,0
ykk5p8z9,31,lkaj8gx3,162,trader_bridge_app,TradePage,1789083850,18,0,0
ykk5p8z9,31,lkaj8gx3,165,trader_bridge_app,DayBreak,1789083854,18,0,0
ykk5p8z9,31,lkaj8gx3,168,trader_bridge_app,SyncTradingSession,1789083854,19,0,1
ykk5p8z9,27,1nf2i0vh,120,trader_bridge_app,DayBreak,1789083859,13,0,0
ykk5p8z9,30,ufzyavcw,124,trader_bridge_app,ResumeTradingSession,1789083859,14,0,1
ykk5p8z9,25,rf6q16rc,124,trader_bridge_app,ResumeTradingSession,1789083859,14,0,1
ykk5p8z9,26,qkzfdqnt,124,trader_bridge_app,ResumeTradingSession,1789083859,14,0,1
ykk5p8z9,27,1nf2i0vh,124,trader_bridge_app,ResumeTradingSession,1789083859,14,0,1
ykk5p8z9,28,s0vl521h,124,trader_bridge_app,ResumeTradingSession,1789083859,14,0,1
ykk5p8z9,29,qs0z3czj,124,trader_bridge_app,ResumeTradingSession,1789083859,14,0,1
ykk5p8z9,2,38up52f8,108,trader_bridge_app,TradePage,1789083880,12,0,0
ykk5p8z9,4,03xcqsa5,108,trader_bridge_app,TradePage,1789083880,12,0,0
ykk5p8z9,6,8zudctzx,108,trader_bridge_app,TradePage,1789083880,12,0,0
ykk5p8z9,13,kirmcqky,63,trader_bridge_app,TradePage,1789083881,7,0,0
ykk5p8z9,15,ps4pdpc5,63,trader_bridge_app,TradePage,1789083881,7,0,0
ykk5p8z9,18,ogauv9f8,63,trader_bridge_app,TradePage,1789083882,7,0,0
ykk5p8z9,16,1evcus8j,63,trader_bridge_app,TradePage,1789083882,7,0,0
ykk5p8z9,12,g9e4scxb,99,trader_bridge_app,TradePage,1789083883,11,0,0
ykk5p8z9,9,lz6sdo3r,99,trader_bridge_app,TradePage,1789083884,11,0,0
ykk5p8z9,13,kirmcqky,64,trader_bridge_app,PauseTradingSession,1789083886,7,0,1
ykk5p8z9,14,pn35uw2g,64,trader_bridge_app,PauseTradingSession,1789083886,7,0,1
ykk5p8z9,15,ps4pdpc5,64,trader_bridge_app,PauseTradingSession,1789083886,7,0,1
ykk5p8z9,16,1evcus8j,64,trader_bridge_app,PauseTradingSession,1789083886,7,0,1
ykk5p8z9,17,wgz24zdb,64,trader_bridge_app,PauseTradingSession,1789083886,7,0,1
ykk5p8z9,18,ogauv9f8,64,trader_bridge_app,PauseTradingSession,1789083886,7,0,1
ykk5p8z9,18,ogauv9f8,66,trader_bridge_app,DayBreak,1789083892,7,0,0
ykk5p8z9,10,5hdyag7g,99,trader_bridge_app,TradePage,1789083893,11,0,0
ykk5p8z9,8,99ctxiqw,99,trader_bridge_app,TradePage,1789083893,11,0,0
ykk5p8z9,7,zxclkk3l,100,trader_bridge_app,PauseTradingSession,1789083894,11,0,1
ykk5p8z9,9,lz6sdo3r,100,trader_bridge_app,PauseTradingSession,1789083894,11,0,1
ykk5p8z9,10,5hdyag7g,100,trader_bridge_app,PauseTradingSession,1789083894,11,0,1
ykk5p8z9,11,p591h2pv,100,trader_bridge_app,PauseTradingSession,1789083894,11,0,1
ykk5p8z9,12,g9e4scxb,100,trader_bridge_app,PauseTradingSession,1789083894,11,0,1
ykk5p8z9,8,99ctxiqw,100,trader_bridge_app,PauseTradingSession,1789083894,11,0,1
ykk5p8z9,2,38up52f8,111,trader_bridge_app,DayBreak,1789083898,12,0,0
ykk5p8z9,24,chkml8l5,108,trader_bridge_app,TradePage,1789083898,12,0,0
ykk5p8z9,22,gy0oizb5,108,trader_bridge_app,TradePage,1789083898,12,0,0
ykk5p8z9,20,oizn9530,108,trader_bridge_app,TradePage,1789083898,12,0,0
ykk5p8z9,10,5hdyag7g,102,trader_bridge_app,DayBreak,1789083898,11,0,0
ykk5p8z9,30,ufzyavcw,124,trader_bridge_app,ResumeTradingSession,1789083859,14,0,1
ykk5p8z9,3,mx74stso,108,trader_bridge_app,TradePage,1789083880,12,0,0
ykk5p8z9,1,78ek4e7n,108,trader_bridge_app,TradePage,1789083880,12,0,0
ykk5p8z9,5,gjhavmx0,108,trader_bridge_app,TradePage,1789083880,12,0,0
ykk5p8z9,1,78ek4e7n,109,trader_bridge_app,PauseTradingSession,1789083881,12,0,1
ykk5p8z9,2,38up52f8,109,trader_bridge_app,PauseTradingSession,1789083881,12,0,1
ykk5p8z9,3,mx74stso,109,trader_bridge_app,PauseTradingSession,1789083881,12,0,1
ykk5p8z9,4,03xcqsa5,109,trader_bridge_app,PauseTradingSession,1789083881,12,0,1
ykk5p8z9,5,gjhavmx0,109,trader_bridge_app,PauseTradingSession,1789083881,12,0,1
ykk5p8z9,6,8zudctzx,109,trader_bridge_app,PauseTradingSession,1789083881,12,0,1
ykk5p8z9,14,pn35uw2g,63,trader_bridge_app,TradePage,1789083881,7,0,0
ykk5p8z9,7,zxclkk3l,99,trader_bridge_app,TradePage,1789083883,11,0,0
ykk5p8z9,17,wgz24zdb,63,trader_bridge_app,TradePage,1789083885,7,0,0
ykk5p8z9,6,8zudctzx,111,trader_bridge_app,DayBreak,1789083887,12,0,0
ykk5p8z9,16,1evcus8j,66,trader_bridge_app,DayBreak,1789083890,7,0,0
ykk5p8z9,5,gjhavmx0,111,trader_bridge_app,DayBreak,1789083892,12,0,0
ykk5p8z9,11,p591h2pv,99,trader_bridge_app,TradePage,1789083893,11,0,0
ykk5p8z9,7,zxclkk3l,100,trader_bridge_app,PauseTradingSession,1789083893,11,0,1
ykk5p8z9,8,99ctxiqw,100,trader_bridge_app,PauseTradingSession,1789083893,11,0,1
ykk5p8z9,9,lz6sdo3r,100,trader_bridge_app,PauseTradingSession,1789083893,11,0,1
ykk5p8z9,10,5hdyag7g,100,trader_bridge_app,PauseTradingSession,1789083893,11,0,1
ykk5p8z9,11,p591h2pv,100,trader_bridge_app,PauseTradingSession,1789083893,11,0,1
ykk5p8z9,12,g9e4scxb,100,trader_bridge_app,PauseTradingSession,1789083893,11,0,1
ykk5p8z9,13,kirmcqky,66,trader_bridge_app,DayBreak,1789083894,7,0,0
ykk5p8z9,1,78ek4e7n,111,trader_bridge_app,DayBreak,1789083895,12,0,0
ykk5p8z9,11,p591h2pv,102,trader_bridge_app,DayBreak,1789083897,11,0,0
ykk5p8z9,23,8r753ujr,108,trader_bridge_app,TradePage,1789083898,12,0,0
ykk5p8z9,9,lz6sdo3r,102,trader_bridge_app,DayBreak,1789083899,11,0,0
ykk5p8z9,14,pn35uw2g,66,trader_bridge_app,DayBreak,1789083899,7,0,0
ykk5p8z9,15,ps4pdpc5,66,trader_bridge_app,DayBreak,1789083900,7,0,0
ykk5p8z9,7,zxclkk3l,102,trader_bridge_app,DayBreak,1789083902,11,0,0
ykk5p8z9,3,mx74stso,111,trader_bridge_app,DayBreak,1789083903,12,1,0
ykk5p8z9,1,78ek4e7n,115,trader_bridge_app,ResumeTradingSession,1789083903,13,0,1
ykk5p8z9,2,38up52f8,115,trader_bridge_app,ResumeTradingSession,1789083903,13,0,1
ykk5p8z9,3,mx74stso,115,trader_bridge_app,ResumeTradingSession,1789083903,13,0,1
ykk5p8z9,4,03xcqsa5,115,trader_bridge_app,ResumeTradingSession,1789083903,13,0,1
ykk5p8z9,5,gjhavmx0,115,trader_bridge_app,ResumeTradingSession,1789083903,13,0,1
ykk5p8z9,6,8zudctzx,115,trader_bridge_app,ResumeTradingSession,1789083903,13,0,1
ykk5p8z9,13,kirmcqky,70,trader_bridge_app,ResumeTradingSession,1789083906,8,0,1
ykk5p8z9,14,pn35uw2g,70,trader_bridge_app,ResumeTradingSession,1789083906,8,0,1
ykk5p8z9,15,ps4pdpc5,70,trader_bridge_app,ResumeTradingSession,1789083906,8,0,1
ykk5p8z9,16,1evcus8j,70,trader_bridge_app,ResumeTradingSession,1789083906,8,0,1
ykk5p8z9,17,wgz24zdb,70,trader_bridge_app,ResumeTradingSession,1789083906,8,0,1
ykk5p8z9,18,ogauv9f8,70,trader_bridge_app,ResumeTradingSession,1789083906,8,0,1
ykk5p8z9,19,h89ct0h3,111,trader_bridge_app,DayBreak,1789083911,12,0,0
ykk5p8z9,24,chkml8l5,111,trader_bridge_app,DayBreak,1789083917,12,0,0
ykk5p8z9,20,oizn9530,111,trader_bridge_app,DayBreak,1789083919,12,1,0
ykk5p8z9,27,1nf2i0vh,126,trader_bridge_app,TradePage,1789083920,14,0,0
ykk5p8z9,25,rf6q16rc,126,trader_bridge_app,TradePage,1789083920,14,0,0
ykk5p8z9,29,qs0z3czj,126,trader_bridge_app,TradePage,1789083920,14,0,0
ykk5p8z9,28,s0vl521h,126,trader_bridge_app,TradePage,1789083920,14,0,0
ykk5p8z9,21,3d0rzld9,108,trader_bridge_app,TradePage,1789083898,12,0,0
ykk5p8z9,19,h89ct0h3,108,trader_bridge_app,TradePage,1789083898,12,0,0
ykk5p8z9,19,h89ct0h3,109,trader_bridge_app,PauseTradingSession,1789083898,12,0,1
ykk5p8z9,20,oizn9530,109,trader_bridge_app,PauseTradingSession,1789083898,12,0,1
ykk5p8z9,21,3d0rzld9,109,trader_bridge_app,PauseTradingSession,1789083898,12,0,1
ykk5p8z9,22,gy0oizb5,109,trader_bridge_app,PauseTradingSession,1789083898,12,0,1
ykk5p8z9,23,8r753ujr,109,trader_bridge_app,PauseTradingSession,1789083898,12,0,1
ykk5p8z9,24,chkml8l5,109,trader_bridge_app,PauseTradingSession,1789083898,12,0,1
ykk5p8z9,8,99ctxiqw,102,trader_bridge_app,DayBreak,1789083900,11,0,0
ykk5p8z9,4,03xcqsa5,111,trader_bridge_app,DayBreak,1789083901,12,1,0
ykk5p8z9,1,78ek4e7n,115,trader_bridge_app,ResumeTradingSession,1789083903,13,0,1
ykk5p8z9,2,38up52f8,115,trader_bridge_app,ResumeTradingSession,1789083903,13,0,1
ykk5p8z9,3,mx74stso,115,trader_bridge_app,ResumeTradingSession,1789083903,13,0,1
ykk5p8z9,4,03xcqsa5,115,trader_bridge_app,ResumeTradingSession,1789083903,13,0,1
ykk5p8z9,5,gjhavmx0,115,trader_bridge_app,ResumeTradingSession,1789083903,13,0,1
ykk5p8z9,6,8zudctzx,115,trader_bridge_app,ResumeTradingSession,1789083903,13,0,1
ykk5p8z9,12,g9e4scxb,102,trader_bridge_app,DayBreak,1789083905,11,0,0
ykk5p8z9,7,zxclkk3l,106,trader_bridge_app,ResumeTradingSession,1789083906,12,0,1
ykk5p8z9,9,lz6sdo3r,106,trader_bridge_app,ResumeTradingSession,1789083906,12,0,1
ykk5p8z9,10,5hdyag7g,106,trader_bridge_app,ResumeTradingSession,1789083906,12,0,1
ykk5p8z9,11,p591h2pv,106,trader_bridge_app,ResumeTradingSession,1789083906,12,0,1
ykk5p8z9,12,g9e4scxb,106,trader_bridge_app,ResumeTradingSession,1789083906,12,0,1
ykk5p8z9,8,99ctxiqw,106,trader_bridge_app,ResumeTradingSession,1789083906,12,0,1
ykk5p8z9,17,wgz24zdb,66,trader_bridge_app,DayBreak,1789083906,7,1,0
ykk5p8z9,21,3d0rzld9,111,trader_bridge_app,DayBreak,1789083906,12,0,0
ykk5p8z9,31,lkaj8gx3,171,trader_bridge_app,TradePage,1789083915,19,0,0
ykk5p8z9,31,lkaj8gx3,172,trader_bridge_app,PauseTradingSession,1789083916,19,0,1
ykk5p8z9,30,ufzyavcw,126,trader_bridge_app,TradePage,1789083920,14,0,0
ykk5p8z9,25,rf6q16rc,127,trader_bridge_app,PauseTradingSession,1789083925,14,0,1
ykk5p8z9,26,qkzfdqnt,127,trader_bridge_app,PauseTradingSession,1789083925,14,0,1
ykk5p8z9,27,1nf2i0vh,127,trader_bridge_app,PauseTradingSession,1789083925,14,0,1
ykk5p8z9,28,s0vl521h,127,trader_bridge_app,PauseTradingSession,1789083925,14,0,1
ykk5p8z9,29,qs0z3czj,127,trader_bridge_app,PauseTradingSession,1789083925,14,0,1
ykk5p8z9,30,ufzyavcw,127,trader_bridge_app,PauseTradingSession,1789083925,14,0,1
ykk5p8z9,31,lkaj8gx3,174,trader_bridge_app,DayBreak,1789083926,19,0,0
ykk5p8z9,31,lkaj8gx3,178,trader_bridge_app,ResumeTradingSession,1789083926,20,0,1
ykk5p8z9,19,h89ct0h3,115,trader_bridge_app,ResumeTradingSession,1789083928,13,0,1
ykk5p8z9,20,oizn9530,115,trader_bridge_app,ResumeTradingSession,1789083928,13,0,1
ykk5p8z9,21,3d0rzld9,115,trader_bridge_app,ResumeTradingSession,1789083928,13,0,1
ykk5p8z9,22,gy0oizb5,115,trader_bridge_app,ResumeTradingSession,1789083928,13,0,1
ykk5p8z9,23,8r753ujr,115,trader_bridge_app,ResumeTradingSession,1789083928,13,0,1
ykk5p8z9,24,chkml8l5,115,trader_bridge_app,ResumeTradingSession,1789083928,13,0,1
ykk5p8z9,28,s0vl521h,129,trader_bridge_app,DayBreak,1789083932,14,0,0
ykk5p8z9,29,qs0z3czj,129,trader_bridge_app,DayBreak,1789083933,14,0,0
ykk5p8z9,3,mx74stso,117,trader_bridge_app,TradePage,1789083964,13,0,0
ykk5p8z9,2,38up52f8,117,trader_bridge_app,TradePage,1789083964,13,0,0
ykk5p8z9,6,8zudctzx,117,trader_bridge_app,TradePage,1789083964,13,0,0
ykk5p8z9,4,03xcqsa5,117,trader_bridge_app,TradePage,1789083964,13,0,0
ykk5p8z9,6,8zudctzx,118,trader_bridge_app,PauseTradingSession,1789083964,13,0,1
ykk5p8z9,1,78ek4e7n,118,trader_bridge_app,PauseTradingSession,1789083964,13,0,1
ykk5p8z9,2,38up52f8,118,trader_bridge_app,PauseTradingSession,1789083964,13,0,1
ykk5p8z9,22,gy0oizb5,111,trader_bridge_app,DayBreak,1789083922,12,0,0
ykk5p8z9,26,qkzfdqnt,126,trader_bridge_app,TradePage,1789083924,14,0,0
ykk5p8z9,23,8r753ujr,111,trader_bridge_app,DayBreak,1789083926,12,0,0
ykk5p8z9,19,h89ct0h3,115,trader_bridge_app,ResumeTradingSession,1789083927,13,0,1
ykk5p8z9,20,oizn9530,115,trader_bridge_app,ResumeTradingSession,1789083927,13,0,1
ykk5p8z9,21,3d0rzld9,115,trader_bridge_app,ResumeTradingSession,1789083927,13,0,1
ykk5p8z9,22,gy0oizb5,115,trader_bridge_app,ResumeTradingSession,1789083927,13,0,1
ykk5p8z9,23,8r753ujr,115,trader_bridge_app,ResumeTradingSession,1789083927,13,0,1
ykk5p8z9,24,chkml8l5,115,trader_bridge_app,ResumeTradingSession,1789083927,13,0,1
ykk5p8z9,27,1nf2i0vh,129,trader_bridge_app,DayBreak,1789083929,14,0,0
ykk5p8z9,30,ufzyavcw,129,trader_bridge_app,DayBreak,1789083930,14,0,0
ykk5p8z9,25,rf6q16rc,129,trader_bridge_app,DayBreak,1789083931,14,0,0
ykk5p8z9,26,qkzfdqnt,129,trader_bridge_app,DayBreak,1789083937,14,0,0
ykk5p8z9,25,rf6q16rc,133,trader_bridge_app,ResumeTradingSession,1789083937,15,0,1
ykk5p8z9,26,qkzfdqnt,133,trader_bridge_app,ResumeTradingSession,1789083937,15,0,1
ykk5p8z9,27,1nf2i0vh,133,trader_bridge_app,ResumeTradingSession,1789083937,15,0,1
ykk5p8z9,28,s0vl521h,133,trader_bridge_app,ResumeTradingSession,1789083937,15,0,1
ykk5p8z9,29,qs0z3czj,133,trader_bridge_app,ResumeTradingSession,1789083937,15,0,1
ykk5p8z9,30,ufzyavcw,133,trader_bridge_app,ResumeTradingSession,1789083937,15,0,1
ykk5p8z9,1,78ek4e7n,117,trader_bridge_app,TradePage,1789083964,13,0,0
ykk5p8z9,5,gjhavmx0,117,trader_bridge_app,TradePage,1789083964,13,0,0
ykk5p8z9,6,8zudctzx,118,trader_bridge_app,PauseTradingSession,1789083964,13,0,1
ykk5p8z9,2,38up52f8,118,trader_bridge_app,PauseTradingSession,1789083964,13,0,1
ykk5p8z9,1,78ek4e7n,118,trader_bridge_app,PauseTradingSession,1789083964,13,0,1
ykk5p8z9,3,mx74stso,118,trader_bridge_app,PauseTradingSession,1789083964,13,0,1
ykk5p8z9,4,03xcqsa5,118,trader_bridge_app,PauseTradingSession,1789083964,13,0,1
ykk5p8z9,5,gjhavmx0,118,trader_bridge_app,PauseTradingSession,1789083964,13,0,1
ykk5p8z9,9,lz6sdo3r,108,trader_bridge_app,TradePage,1789083966,12,0,0
ykk5p8z9,8,99ctxiqw,108,trader_bridge_app,TradePage,1789083967,12,0,0
ykk5p8z9,5,gjhavmx0,120,trader_bridge_app,DayBreak,1789083967,13,0,0
ykk5p8z9,17,wgz24zdb,72,trader_bridge_app,TradePage,1789083967,8,0,0
ykk5p8z9,4,03xcqsa5,120,trader_bridge_app,DayBreak,1789083968,13,0,0
ykk5p8z9,6,8zudctzx,120,trader_bridge_app,DayBreak,1789083969,13,0,0
ykk5p8z9,1,78ek4e7n,120,trader_bridge_app,DayBreak,1789083970,13,0,0
ykk5p8z9,1,78ek4e7n,124,trader_bridge_app,ResumeTradingSession,1789083973,14,0,1
ykk5p8z9,2,38up52f8,124,trader_bridge_app,ResumeTradingSession,1789083973,14,0,1
ykk5p8z9,3,mx74stso,124,trader_bridge_app,ResumeTradingSession,1789083973,14,0,1
ykk5p8z9,4,03xcqsa5,124,trader_bridge_app,ResumeTradingSession,1789083973,14,0,1
ykk5p8z9,5,gjhavmx0,124,trader_bridge_app,ResumeTradingSession,1789083973,14,0,1
ykk5p8z9,6,8zudctzx,124,trader_bridge_app,ResumeTradingSession,1789083973,14,0,1
ykk5p8z9,7,zxclkk3l,108,trader_bridge_app,TradePage,1789083978,12,0,0
ykk5p8z9,7,zxclkk3l,109,trader_bridge_app,PauseTradingSession,1789083978,12,0,1
ykk5p8z9,8,99ctxiqw,109,trader_bridge_app,PauseTradingSession,1789083978,12,0,1
ykk5p8z9,9,lz6sdo3r,109,trader_bridge_app,PauseTradingSession,1789083978,12,0,1
ykk5p8z9,10,5hdyag7g,109,trader_bridge_app,PauseTradingSession,1789083978,12,0,1
ykk5p8z9,11,p591h2pv,109,trader_bridge_app,PauseTradingSession,1789083978,12,0,1
ykk5p8z9,12,g9e4scxb,109,trader_bridge_app,PauseTradingSession,1789083978,12,0,1
ykk5p8z9,13,kirmcqky,72,trader_bridge_app,TradePage,1789083978,8,0,0
ykk5p8z9,16,1evcus8j,75,trader_bridge_app,DayBreak,1789083982,8,0,0
ykk5p8z9,14,pn35uw2g,75,trader_bridge_app,DayBreak,1789083985,8,0,0
ykk5p8z9,31,lkaj8gx3,180,trader_bridge_app,TradePage,1789083987,20,0,0
ykk5p8z9,3,mx74stso,118,trader_bridge_app,PauseTradingSession,1789083964,13,0,1
ykk5p8z9,4,03xcqsa5,118,trader_bridge_app,PauseTradingSession,1789083964,13,0,1
ykk5p8z9,5,gjhavmx0,118,trader_bridge_app,PauseTradingSession,1789083964,13,0,1
ykk5p8z9,12,g9e4scxb,108,trader_bridge_app,TradePage,1789083966,12,0,0
ykk5p8z9,11,p591h2pv,108,trader_bridge_app,TradePage,1789083967,12,0,0
ykk5p8z9,10,5hdyag7g,108,trader_bridge_app,TradePage,1789083967,12,0,0
ykk5p8z9,16,1evcus8j,72,trader_bridge_app,TradePage,1789083967,8,0,0
ykk5p8z9,18,ogauv9f8,72,trader_bridge_app,TradePage,1789083967,8,0,0
ykk5p8z9,15,ps4pdpc5,72,trader_bridge_app,TradePage,1789083967,8,0,0
ykk5p8z9,3,mx74stso,120,trader_bridge_app,DayBreak,1789083972,13,0,0
ykk5p8z9,2,38up52f8,120,trader_bridge_app,DayBreak,1789083973,13,0,0
ykk5p8z9,1,78ek4e7n,124,trader_bridge_app,ResumeTradingSession,1789083973,14,0,1
ykk5p8z9,2,38up52f8,124,trader_bridge_app,ResumeTradingSession,1789083973,14,0,1
ykk5p8z9,3,mx74stso,124,trader_bridge_app,ResumeTradingSession,1789083973,14,0,1
ykk5p8z9,4,03xcqsa5,124,trader_bridge_app,ResumeTradingSession,1789083973,14,0,1
ykk5p8z9,5,gjhavmx0,124,trader_bridge_app,ResumeTradingSession,1789083973,14,0,1
ykk5p8z9,6,8zudctzx,124,trader_bridge_app,ResumeTradingSession,1789083973,14,0,1
ykk5p8z9,14,pn35uw2g,72,trader_bridge_app,TradePage,1789083978,8,0,0
ykk5p8z9,13,kirmcqky,73,trader_bridge_app,PauseTradingSession,1789083978,8,0,1
ykk5p8z9,14,pn35uw2g,73,trader_bridge_app,PauseTradingSession,1789083978,8,0,1
ykk5p8z9,15,ps4pdpc5,73,trader_bridge_app,PauseTradingSession,1789083978,8,0,1
ykk5p8z9,16,1evcus8j,73,trader_bridge_app,PauseTradingSession,1789083978,8,0,1
ykk5p8z9,17,wgz24zdb,73,trader_bridge_app,PauseTradingSession,1789083978,8,0,1
ykk5p8z9,18,ogauv9f8,73,trader_bridge_app,PauseTradingSession,1789083978,8,0,1
ykk5p8z9,15,ps4pdpc5,75,trader_bridge_app,DayBreak,1789083981,8,0,0
ykk5p8z9,13,kirmcqky,75,trader_bridge_app,DayBreak,1789083983,8,0,0
ykk5p8z9,18,ogauv9f8,75,trader_bridge_app,DayBreak,1789083985,8,0,0
ykk5p8z9,23,8r753ujr,117,trader_bridge_app,TradePage,1789083988,13,0,0
ykk5p8z9,22,gy0oizb5,117,trader_bridge_app,TradePage,1789083989,13,0,0
ykk5p8z9,21,3d0rzld9,117,trader_bridge_app,TradePage,1789083989,13,0,0
ykk5p8z9,12,g9e4scxb,111,trader_bridge_app,DayBreak,1789083990,12,0,0
ykk5p8z9,9,lz6sdo3r,111,trader_bridge_app,DayBreak,1789083990,12,0,0
ykk5p8z9,24,chkml8l5,117,trader_bridge_app,TradePage,1789083991,13,0,0
ykk5p8z9,7,zxclkk3l,111,trader_bridge_app,DayBreak,1789083991,12,0,0
ykk5p8z9,31,lkaj8gx3,183,trader_bridge_app,DayBreak,1789083991,20,0,0
ykk5p8z9,31,lkaj8gx3,187,trader_bridge_app,ResumeTradingSession,1789083991,21,0,1
ykk5p8z9,8,99ctxiqw,111,trader_bridge_app,DayBreak,1789083995,12,0,0
ykk5p8z9,8,99ctxiqw,115,trader_bridge_app,ResumeTradingSession,1789083995,13,0,1
ykk5p8z9,9,lz6sdo3r,115,trader_bridge_app,ResumeTradingSession,1789083995,13,0,1
ykk5p8z9,10,5hdyag7g,115,trader_bridge_app,ResumeTradingSession,1789083995,13,0,1
ykk5p8z9,11,p591h2pv,115,trader_bridge_app,ResumeTradingSession,1789083995,13,0,1
ykk5p8z9,12,g9e4scxb,115,trader_bridge_app,ResumeTradingSession,1789083995,13,0,1
ykk5p8z9,7,zxclkk3l,115,trader_bridge_app,ResumeTradingSession,1789083995,13,0,1
ykk5p8z9,20,oizn9530,117,trader_bridge_app,TradePage,1789083995,13,0,0
ykk5p8z9,16,1evcus8j,79,trader_bridge_app,ResumeTradingSession,1789083999,9,0,1
ykk5p8z9,13,kirmcqky,79,trader_bridge_app,ResumeTradingSession,1789083999,9,0,1
ykk5p8z9,14,pn35uw2g,79,trader_bridge_app,ResumeTradingSession,1789083999,9,0,1
ykk5p8z9,15,ps4pdpc5,79,trader_bridge_app,ResumeTradingSession,1789083999,9,0,1
ykk5p8z9,17,wgz24zdb,79,trader_bridge_app,ResumeTradingSession,1789083999,9,0,1
ykk5p8z9,18,ogauv9f8,79,trader_bridge_app,ResumeTradingSession,1789083999,9,0,1
ykk5p8z9,24,chkml8l5,120,trader_bridge_app,DayBreak,1789084005,13,0,0
ykk5p8z9,31,lkaj8gx3,181,trader_bridge_app,PauseTradingSession,1789083987,20,0,1
ykk5p8z9,19,h89ct0h3,117,trader_bridge_app,TradePage,1789083989,13,0,0
ykk5p8z9,10,5hdyag7g,111,trader_bridge_app,DayBreak,1789083991,12,0,0
ykk5p8z9,11,p591h2pv,111,trader_bridge_app,DayBreak,1789083992,12,0,0
ykk5p8z9,19,h89ct0h3,118,trader_bridge_app,PauseTradingSession,1789083996,13,0,1
ykk5p8z9,20,oizn9530,118,trader_bridge_app,PauseTradingSession,1789083996,13,0,1
ykk5p8z9,21,3d0rzld9,118,trader_bridge_app,PauseTradingSession,1789083996,13,0,1
ykk5p8z9,22,gy0oizb5,118,trader_bridge_app,PauseTradingSession,1789083996,13,0,1
ykk5p8z9,23,8r753ujr,118,trader_bridge_app,PauseTradingSession,1789083996,13,0,1
ykk5p8z9,24,chkml8l5,118,trader_bridge_app,PauseTradingSession,1789083996,13,0,1
ykk5p8z9,26,qkzfdqnt,135,trader_bridge_app,TradePage,1789083998,15,0,0
ykk5p8z9,27,1nf2i0vh,135,trader_bridge_app,TradePage,1789083998,15,0,0
ykk5p8z9,28,s0vl521h,135,trader_bridge_app,TradePage,1789083998,15,0,0
ykk5p8z9,25,rf6q16rc,135,trader_bridge_app,TradePage,1789083998,15,0,0
ykk5p8z9,29,qs0z3czj,135,trader_bridge_app,TradePage,1789083999,15,0,0
ykk5p8z9,21,3d0rzld9,120,trader_bridge_app,DayBreak,1789083999,13,0,0
ykk5p8z9,17,wgz24zdb,75,trader_bridge_app,DayBreak,1789083999,8,1,0
ykk5p8z9,23,8r753ujr,120,trader_bridge_app,DayBreak,1789084001,13,0,0
ykk5p8z9,20,oizn9530,120,trader_bridge_app,DayBreak,1789084003,13,0,0
ykk5p8z9,19,h89ct0h3,120,trader_bridge_app,DayBreak,1789084006,13,0,0
ykk5p8z9,30,ufzyavcw,135,trader_bridge_app,TradePage,1789084011,15,0,0
ykk5p8z9,27,1nf2i0vh,138,trader_bridge_app,DayBreak,1789084028,15,0,0
ykk5p8z9,30,ufzyavcw,138,trader_bridge_app,DayBreak,1789084029,15,0,0
ykk5p8z9,28,s0vl521h,138,trader_bridge_app,DayBreak,1789084031,15,0,0
ykk5p8z9,27,1nf2i0vh,142,trader_bridge_app,ResumeTradingSession,1789084032,16,0,1
ykk5p8z9,28,s0vl521h,142,trader_bridge_app,ResumeTradingSession,1789084032,16,0,1
ykk5p8z9,29,qs0z3czj,142,trader_bridge_app,ResumeTradingSession,1789084032,16,0,1
ykk5p8z9,25,rf6q16rc,142,trader_bridge_app,ResumeTradingSession,1789084032,16,0,1
ykk5p8z9,26,qkzfdqnt,142,trader_bridge_app,ResumeTradingSession,1789084032,16,0,1
ykk5p8z9,30,ufzyavcw,142,trader_bridge_app,ResumeTradingSession,1789084032,16,0,1
ykk5p8z9,3,mx74stso,126,trader_bridge_app,TradePage,1789084034,14,0,0
ykk5p8z9,1,78ek4e7n,126,trader_bridge_app,TradePage,1789084034,14,0,0
ykk5p8z9,5,gjhavmx0,126,trader_bridge_app,TradePage,1789084034,14,0,0
ykk5p8z9,1,78ek4e7n,127,trader_bridge_app,PauseTradingSession,1789084035,14,0,1
ykk5p8z9,2,38up52f8,127,trader_bridge_app,PauseTradingSession,1789084035,14,0,1
ykk5p8z9,3,mx74stso,127,trader_bridge_app,PauseTradingSession,1789084035,14,0,1
ykk5p8z9,4,03xcqsa5,127,trader_bridge_app,PauseTradingSession,1789084035,14,0,1
ykk5p8z9,5,gjhavmx0,127,trader_bridge_app,PauseTradingSession,1789084035,14,0,1
ykk5p8z9,6,8zudctzx,127,trader_bridge_app,PauseTradingSession,1789084035,14,0,1
ykk5p8z9,6,8zudctzx,129,trader_bridge_app,DayBreak,1789084038,14,0,0
ykk5p8z9,4,03xcqsa5,129,trader_bridge_app,DayBreak,1789084039,14,0,0
ykk5p8z9,2,38up52f8,129,trader_bridge_app,DayBreak,1789084040,14,0,0
ykk5p8z9,3,mx74stso,129,trader_bridge_app,DayBreak,1789084042,14,0,0
ykk5p8z9,4,03xcqsa5,133,trader_bridge_app,ResumeTradingSession,1789084042,15,0,1
ykk5p8z9,5,gjhavmx0,133,trader_bridge_app,ResumeTradingSession,1789084042,15,0,1
ykk5p8z9,6,8zudctzx,133,trader_bridge_app,ResumeTradingSession,1789084042,15,0,1
ykk5p8z9,1,78ek4e7n,133,trader_bridge_app,ResumeTradingSession,1789084042,15,0,1
ykk5p8z9,2,38up52f8,133,trader_bridge_app,ResumeTradingSession,1789084042,15,0,1
ykk5p8z9,3,mx74stso,133,trader_bridge_app,ResumeTradingSession,1789084042,15,0,1
ykk5p8z9,8,99ctxiqw,117,trader_bridge_app,TradePage,1789084056,13,0,0
ykk5p8z9,12,g9e4scxb,117,trader_bridge_app,TradePage,1789084056,13,0,0
ykk5p8z9,22,gy0oizb5,120,trader_bridge_app,DayBreak,1789084006,13,0,0
ykk5p8z9,19,h89ct0h3,124,trader_bridge_app,ResumeTradingSession,1789084006,14,0,1
ykk5p8z9,20,oizn9530,124,trader_bridge_app,ResumeTradingSession,1789084006,14,0,1
ykk5p8z9,24,chkml8l5,124,trader_bridge_app,ResumeTradingSession,1789084006,14,0,1
ykk5p8z9,21,3d0rzld9,124,trader_bridge_app,ResumeTradingSession,1789084006,14,0,1
ykk5p8z9,22,gy0oizb5,124,trader_bridge_app,ResumeTradingSession,1789084006,14,0,1
ykk5p8z9,23,8r753ujr,124,trader_bridge_app,ResumeTradingSession,1789084006,14,0,1
ykk5p8z9,25,rf6q16rc,136,trader_bridge_app,PauseTradingSession,1789084012,15,0,1
ykk5p8z9,26,qkzfdqnt,136,trader_bridge_app,PauseTradingSession,1789084012,15,0,1
ykk5p8z9,27,1nf2i0vh,136,trader_bridge_app,PauseTradingSession,1789084012,15,0,1
ykk5p8z9,28,s0vl521h,136,trader_bridge_app,PauseTradingSession,1789084012,15,0,1
ykk5p8z9,29,qs0z3czj,136,trader_bridge_app,PauseTradingSession,1789084012,15,0,1
ykk5p8z9,30,ufzyavcw,136,trader_bridge_app,PauseTradingSession,1789084012,15,0,1
ykk5p8z9,25,rf6q16rc,138,trader_bridge_app,DayBreak,1789084022,15,0,0
ykk5p8z9,29,qs0z3czj,138,trader_bridge_app,DayBreak,1789084027,15,0,0
ykk5p8z9,26,qkzfdqnt,138,trader_bridge_app,DayBreak,1789084029,15,0,0
ykk5p8z9,25,rf6q16rc,142,trader_bridge_app,ResumeTradingSession,1789084032,16,0,1
ykk5p8z9,26,qkzfdqnt,142,trader_bridge_app,ResumeTradingSession,1789084032,16,0,1
ykk5p8z9,27,1nf2i0vh,142,trader_bridge_app,ResumeTradingSession,1789084032,16,0,1
ykk5p8z9,28,s0vl521h,142,trader_bridge_app,ResumeTradingSession,1789084032,16,0,1
ykk5p8z9,29,qs0z3czj,142,trader_bridge_app,ResumeTradingSession,1789084032,16,0,1
ykk5p8z9,30,ufzyavcw,142,trader_bridge_app,ResumeTradingSession,1789084032,16,0,1
ykk5p8z9,4,03xcqsa5,126,trader_bridge_app,TradePage,1789084034,14,0,0
ykk5p8z9,6,8zudctzx,126,trader_bridge_app,TradePage,1789084034,14,0,0
ykk5p8z9,2,38up52f8,126,trader_bridge_app,TradePage,1789084034,14,0,0
ykk5p8z9,1,78ek4e7n,127,trader_bridge_app,PauseTradingSession,1789084036,14,0,1
ykk5p8z9,2,38up52f8,127,trader_bridge_app,PauseTradingSession,1789084036,14,0,1
ykk5p8z9,3,mx74stso,127,trader_bridge_app,PauseTradingSession,1789084036,14,0,1
ykk5p8z9,4,03xcqsa5,127,trader_bridge_app,PauseTradingSession,1789084036,14,0,1
ykk5p8z9,6,8zudctzx,127,trader_bridge_app,PauseTradingSession,1789084036,14,0,1
ykk5p8z9,5,gjhavmx0,127,trader_bridge_app,PauseTradingSession,1789084036,14,0,1
ykk5p8z9,5,gjhavmx0,129,trader_bridge_app,DayBreak,1789084038,14,0,0
ykk5p8z9,1,78ek4e7n,129,trader_bridge_app,DayBreak,1789084040,14,0,0
ykk5p8z9,1,78ek4e7n,133,trader_bridge_app,ResumeTradingSession,1789084042,15,0,1
ykk5p8z9,2,38up52f8,133,trader_bridge_app,ResumeTradingSession,1789084042,15,0,1
ykk5p8z9,3,mx74stso,133,trader_bridge_app,ResumeTradingSession,1789084042,15,0,1
ykk5p8z9,4,03xcqsa5,133,trader_bridge_app,ResumeTradingSession,1789084042,15,0,1
ykk5p8z9,5,gjhavmx0,133,trader_bridge_app,ResumeTradingSession,1789084042,15,0,1
ykk5p8z9,6,8zudctzx,133,trader_bridge_app,ResumeTradingSession,1789084042,15,0,1
ykk5p8z9,31,lkaj8gx3,189,trader_bridge_app,TradePage,1789084052,21,0,0
ykk5p8z9,31,lkaj8gx3,190,trader_bridge_app,PauseTradingSession,1789084056,21,0,1
ykk5p8z9,9,lz6sdo3r,117,trader_bridge_app,TradePage,1789084058,13,0,0
ykk5p8z9,7,zxclkk3l,117,trader_bridge_app,TradePage,1789084065,13,0,0
ykk5p8z9,19,h89ct0h3,126,trader_bridge_app,TradePage,1789084067,14,0,0
ykk5p8z9,22,gy0oizb5,126,trader_bridge_app,TradePage,1789084067,14,0,0
ykk5p8z9,24,chkml8l5,126,trader_bridge_app,TradePage,1789084067,14,0,0
ykk5p8z9,20,oizn9530,126,trader_bridge_app,TradePage,1789084067,14,0,0
ykk5p8z9,19,h89ct0h3,127,trader_bridge_app,PauseTradingSession,1789084068,14,0,1
ykk5p8z9,20,oizn9530,127,trader_bridge_app,PauseTradingSession,1789084068,14,0,1
ykk5p8z9,21,3d0rzld9,127,trader_bridge_app,PauseTradingSession,1789084068,14,0,1
ykk5p8z9,22,gy0oizb5,127,trader_bridge_app,PauseTradingSession,1789084068,14,0,1
ykk5p8z9,23,8r753ujr,127,trader_bridge_app,PauseTradingSession,1789084068,14,0,1
ykk5p8z9,24,chkml8l5,127,trader_bridge_app,PauseTradingSession,1789084068,14,0,1
ykk5p8z9,13,kirmcqky,82,trader_bridge_app,PauseTradingSession,1789084072,9,0,1
ykk5p8z9,14,pn35uw2g,82,trader_bridge_app,PauseTradingSession,1789084072,9,0,1
ykk5p8z9,15,ps4pdpc5,82,trader_bridge_app,PauseTradingSession,1789084072,9,0,1
ykk5p8z9,16,1evcus8j,82,trader_bridge_app,PauseTradingSession,1789084072,9,0,1
ykk5p8z9,17,wgz24zdb,82,trader_bridge_app,PauseTradingSession,1789084072,9,0,1
ykk5p8z9,18,ogauv9f8,82,trader_bridge_app,PauseTradingSession,1789084072,9,0,1
ykk5p8z9,31,lkaj8gx3,192,trader_bridge_app,DayBreak,1789084073,21,0,0
ykk5p8z9,31,lkaj8gx3,196,trader_bridge_app,ResumeTradingSession,1789084073,22,0,1
ykk5p8z9,22,gy0oizb5,129,trader_bridge_app,DayBreak,1789084074,14,0,0
ykk5p8z9,20,oizn9530,133,trader_bridge_app,ResumeTradingSession,1789084077,15,0,1
ykk5p8z9,21,3d0rzld9,133,trader_bridge_app,ResumeTradingSession,1789084077,15,0,1
ykk5p8z9,22,gy0oizb5,133,trader_bridge_app,ResumeTradingSession,1789084077,15,0,1
ykk5p8z9,23,8r753ujr,133,trader_bridge_app,ResumeTradingSession,1789084077,15,0,1
ykk5p8z9,24,chkml8l5,133,trader_bridge_app,ResumeTradingSession,1789084077,15,0,1
ykk5p8z9,19,h89ct0h3,133,trader_bridge_app,ResumeTradingSession,1789084077,15,0,1
ykk5p8z9,7,zxclkk3l,120,trader_bridge_app,DayBreak,1789084078,13,0,0
ykk5p8z9,8,99ctxiqw,120,trader_bridge_app,DayBreak,1789084082,13,0,0
ykk5p8z9,13,kirmcqky,84,trader_bridge_app,DayBreak,1789084083,9,0,0
ykk5p8z9,18,ogauv9f8,84,trader_bridge_app,DayBreak,1789084087,9,0,0
ykk5p8z9,15,ps4pdpc5,84,trader_bridge_app,DayBreak,1789084091,9,0,0
ykk5p8z9,26,qkzfdqnt,144,trader_bridge_app,TradePage,1789084093,16,0,0
ykk5p8z9,28,s0vl521h,144,trader_bridge_app,TradePage,1789084093,16,0,0
ykk5p8z9,29,qs0z3czj,144,trader_bridge_app,TradePage,1789084093,16,0,0
ykk5p8z9,25,rf6q16rc,144,trader_bridge_app,TradePage,1789084093,16,0,0
ykk5p8z9,30,ufzyavcw,144,trader_bridge_app,TradePage,1789084093,16,0,0
ykk5p8z9,29,qs0z3czj,145,trader_bridge_app,PauseTradingSession,1789084095,16,0,1
ykk5p8z9,30,ufzyavcw,145,trader_bridge_app,PauseTradingSession,1789084095,16,0,1
ykk5p8z9,25,rf6q16rc,145,trader_bridge_app,PauseTradingSession,1789084095,16,0,1
ykk5p8z9,26,qkzfdqnt,145,trader_bridge_app,PauseTradingSession,1789084095,16,0,1
ykk5p8z9,27,1nf2i0vh,145,trader_bridge_app,PauseTradingSession,1789084095,16,0,1
ykk5p8z9,28,s0vl521h,145,trader_bridge_app,PauseTradingSession,1789084095,16,0,1
ykk5p8z9,25,rf6q16rc,147,trader_bridge_app,DayBreak,1789084098,16,0,0
ykk5p8z9,12,g9e4scxb,120,trader_bridge_app,DayBreak,1789084099,13,1,0
ykk5p8z9,28,s0vl521h,147,trader_bridge_app,DayBreak,1789084099,16,0,0
ykk5p8z9,26,qkzfdqnt,147,trader_bridge_app,DayBreak,1789084100,16,0,0
ykk5p8z9,30,ufzyavcw,147,trader_bridge_app,DayBreak,1789084100,16,0,0
ykk5p8z9,25,rf6q16rc,151,trader_bridge_app,ResumeTradingSession,1789084101,17,0,1
ykk5p8z9,26,qkzfdqnt,151,trader_bridge_app,ResumeTradingSession,1789084101,17,0,1
ykk5p8z9,27,1nf2i0vh,151,trader_bridge_app,ResumeTradingSession,1789084101,17,0,1
ykk5p8z9,28,s0vl521h,151,trader_bridge_app,ResumeTradingSession,1789084101,17,0,1
ykk5p8z9,29,qs0z3czj,151,trader_bridge_app,ResumeTradingSession,1789084101,17,0,1
ykk5p8z9,30,ufzyavcw,151,trader_bridge_app,ResumeTradingSession,1789084101,17,0,1
ykk5p8z9,3,mx74stso,135,trader_bridge_app,TradePage,1789084103,15,0,0
ykk5p8z9,6,8zudctzx,135,trader_bridge_app,TradePage,1789084103,15,0,0
ykk5p8z9,5,gjhavmx0,135,trader_bridge_app,TradePage,1789084103,15,0,0
ykk5p8z9,3,mx74stso,136,trader_bridge_app,PauseTradingSession,1789084105,15,0,1
ykk5p8z9,4,03xcqsa5,136,trader_bridge_app,PauseTradingSession,1789084105,15,0,1
ykk5p8z9,6,8zudctzx,136,trader_bridge_app,PauseTradingSession,1789084105,15,0,1
ykk5p8z9,5,gjhavmx0,136,trader_bridge_app,PauseTradingSession,1789084105,15,0,1
ykk5p8z9,17,wgz24zdb,81,trader_bridge_app,TradePage,1789084060,9,0,0
ykk5p8z9,15,ps4pdpc5,81,trader_bridge_app,TradePage,1789084060,9,0,0
ykk5p8z9,18,ogauv9f8,81,trader_bridge_app,TradePage,1789084060,9,0,0
ykk5p8z9,16,1evcus8j,81,trader_bridge_app,TradePage,1789084060,9,0,0
ykk5p8z9,14,pn35uw2g,81,trader_bridge_app,TradePage,1789084062,9,0,0
ykk5p8z9,11,p591h2pv,117,trader_bridge_app,TradePage,1789084063,13,0,0
ykk5p8z9,10,5hdyag7g,117,trader_bridge_app,TradePage,1789084066,13,0,0
ykk5p8z9,11,p591h2pv,118,trader_bridge_app,PauseTradingSession,1789084066,13,0,1
ykk5p8z9,12,g9e4scxb,118,trader_bridge_app,PauseTradingSession,1789084066,13,0,1
ykk5p8z9,7,zxclkk3l,118,trader_bridge_app,PauseTradingSession,1789084066,13,0,1
ykk5p8z9,8,99ctxiqw,118,trader_bridge_app,PauseTradingSession,1789084066,13,0,1
ykk5p8z9,9,lz6sdo3r,118,trader_bridge_app,PauseTradingSession,1789084066,13,0,1
ykk5p8z9,10,5hdyag7g,118,trader_bridge_app,PauseTradingSession,1789084066,13,0,1
ykk5p8z9,23,8r753ujr,126,trader_bridge_app,TradePage,1789084067,14,0,0
ykk5p8z9,21,3d0rzld9,126,trader_bridge_app,TradePage,1789084067,14,0,0
ykk5p8z9,19,h89ct0h3,127,trader_bridge_app,PauseTradingSession,1789084069,14,0,1
ykk5p8z9,20,oizn9530,127,trader_bridge_app,PauseTradingSession,1789084069,14,0,1
ykk5p8z9,21,3d0rzld9,127,trader_bridge_app,PauseTradingSession,1789084069,14,0,1
ykk5p8z9,22,gy0oizb5,127,trader_bridge_app,PauseTradingSession,1789084069,14,0,1
ykk5p8z9,23,8r753ujr,127,trader_bridge_app,PauseTradingSession,1789084069,14,0,1
ykk5p8z9,24,chkml8l5,127,trader_bridge_app,PauseTradingSession,1789084069,14,0,1
ykk5p8z9,10,5hdyag7g,120,trader_bridge_app,DayBreak,1789084070,13,0,0
ykk5p8z9,13,kirmcqky,81,trader_bridge_app,TradePage,1789084072,9,0,0
ykk5p8z9,24,chkml8l5,129,trader_bridge_app,DayBreak,1789084073,14,0,0
ykk5p8z9,20,oizn9530,129,trader_bridge_app,DayBreak,1789084073,14,0,0
ykk5p8z9,21,3d0rzld9,129,trader_bridge_app,DayBreak,1789084074,14,0,0
ykk5p8z9,19,h89ct0h3,129,trader_bridge_app,DayBreak,1789084074,14,0,0
ykk5p8z9,11,p591h2pv,120,trader_bridge_app,DayBreak,1789084074,13,0,0
ykk5p8z9,23,8r753ujr,129,trader_bridge_app,DayBreak,1789084076,14,0,0
ykk5p8z9,16,1evcus8j,84,trader_bridge_app,DayBreak,1789084089,9,0,0
ykk5p8z9,17,wgz24zdb,84,trader_bridge_app,DayBreak,1789084089,9,0,0
ykk5p8z9,9,lz6sdo3r,120,trader_bridge_app,DayBreak,1789084090,13,0,0
ykk5p8z9,27,1nf2i0vh,144,trader_bridge_app,TradePage,1789084093,16,0,0
ykk5p8z9,7,zxclkk3l,124,trader_bridge_app,ResumeTradingSession,1789084099,14,0,1
ykk5p8z9,8,99ctxiqw,124,trader_bridge_app,ResumeTradingSession,1789084099,14,0,1
ykk5p8z9,9,lz6sdo3r,124,trader_bridge_app,ResumeTradingSession,1789084099,14,0,1
ykk5p8z9,10,5hdyag7g,124,trader_bridge_app,ResumeTradingSession,1789084099,14,0,1
ykk5p8z9,11,p591h2pv,124,trader_bridge_app,ResumeTradingSession,1789084099,14,0,1
ykk5p8z9,12,g9e4scxb,124,trader_bridge_app,ResumeTradingSession,1789084099,14,0,1
ykk5p8z9,29,qs0z3czj,147,trader_bridge_app,DayBreak,1789084099,16,0,0
ykk5p8z9,27,1nf2i0vh,147,trader_bridge_app,DayBreak,1789084101,16,0,0
ykk5p8z9,2,38up52f8,135,trader_bridge_app,TradePage,1789084103,15,0,0
ykk5p8z9,4,03xcqsa5,135,trader_bridge_app,TradePage,1789084103,15,0,0
ykk5p8z9,1,78ek4e7n,135,trader_bridge_app,TradePage,1789084103,15,0,0
ykk5p8z9,3,mx74stso,136,trader_bridge_app,PauseTradingSession,1789084104,15,0,1
ykk5p8z9,4,03xcqsa5,136,trader_bridge_app,PauseTradingSession,1789084104,15,0,1
ykk5p8z9,5,gjhavmx0,136,trader_bridge_app,PauseTradingSession,1789084104,15,0,1
ykk5p8z9,6,8zudctzx,136,trader_bridge_app,PauseTradingSession,1789084104,15,0,1
ykk5p8z9,1,78ek4e7n,136,trader_bridge_app,PauseTradingSession,1789084104,15,0,1
ykk5p8z9,2,38up52f8,136,trader_bridge_app,PauseTradingSession,1789084104,15,0,1
ykk5p8z9,14,pn35uw2g,84,trader_bridge_app,DayBreak,1789084105,9,1,0
ykk5p8z9,13,kirmcqky,88,trader_bridge_app,ResumeTradingSession,1789084105,10,0,1
ykk5p8z9,14,pn35uw2g,88,trader_bridge_app,ResumeTradingSession,1789084105,10,0,1
ykk5p8z9,15,ps4pdpc5,88,trader_bridge_app,ResumeTradingSession,1789084105,10,0,1
ykk5p8z9,16,1evcus8j,88,trader_bridge_app,ResumeTradingSession,1789084105,10,0,1
ykk5p8z9,17,wgz24zdb,88,trader_bridge_app,ResumeTradingSession,1789084105,10,0,1
ykk5p8z9,18,ogauv9f8,88,trader_bridge_app,ResumeTradingSession,1789084105,10,0,1
ykk5p8z9,2,38up52f8,138,trader_bridge_app,DayBreak,1789084115,15,0,0
ykk5p8z9,5,gjhavmx0,138,trader_bridge_app,DayBreak,1789084115,15,0,0
ykk5p8z9,3,mx74stso,138,trader_bridge_app,DayBreak,1789084120,15,0,0
ykk5p8z9,1,78ek4e7n,142,trader_bridge_app,ResumeTradingSession,1789084122,16,0,1
ykk5p8z9,2,38up52f8,142,trader_bridge_app,ResumeTradingSession,1789084122,16,0,1
ykk5p8z9,3,mx74stso,142,trader_bridge_app,ResumeTradingSession,1789084122,16,0,1
ykk5p8z9,4,03xcqsa5,142,trader_bridge_app,ResumeTradingSession,1789084122,16,0,1
ykk5p8z9,5,gjhavmx0,142,trader_bridge_app,ResumeTradingSession,1789084122,16,0,1
ykk5p8z9,6,8zudctzx,142,trader_bridge_app,ResumeTradingSession,1789084122,16,0,1
ykk5p8z9,31,lkaj8gx3,198,trader_bridge_app,TradePage,1789084133,22,0,0
ykk5p8z9,31,lkaj8gx3,199,trader_bridge_app,PauseTradingSession,1789084134,22,0,1
ykk5p8z9,23,8r753ujr,135,trader_bridge_app,TradePage,1789084137,15,0,0
ykk5p8z9,24,chkml8l5,135,trader_bridge_app,TradePage,1789084138,15,0,0
ykk5p8z9,21,3d0rzld9,135,trader_bridge_app,TradePage,1789084138,15,0,0
ykk5p8z9,31,lkaj8gx3,205,trader_bridge_app,ResumeTradingSession,1789084139,23,0,1
ykk5p8z9,22,gy0oizb5,135,trader_bridge_app,TradePage,1789084150,15,0,0
ykk5p8z9,20,oizn9530,136,trader_bridge_app,PauseTradingSession,1789084152,15,0,1
ykk5p8z9,21,3d0rzld9,136,trader_bridge_app,PauseTradingSession,1789084152,15,0,1
ykk5p8z9,22,gy0oizb5,136,trader_bridge_app,PauseTradingSession,1789084152,15,0,1
ykk5p8z9,23,8r753ujr,136,trader_bridge_app,PauseTradingSession,1789084152,15,0,1
ykk5p8z9,24,chkml8l5,136,trader_bridge_app,PauseTradingSession,1789084152,15,0,1
ykk5p8z9,19,h89ct0h3,136,trader_bridge_app,PauseTradingSession,1789084152,15,0,1
ykk5p8z9,12,g9e4scxb,126,trader_bridge_app,TradePage,1789084160,14,0,0
ykk5p8z9,7,zxclkk3l,126,trader_bridge_app,TradePage,1789084160,14,0,0
ykk5p8z9,27,1nf2i0vh,153,trader_bridge_app,TradePage,1789084162,17,0,0
ykk5p8z9,25,rf6q16rc,153,trader_bridge_app,TradePage,1789084162,17,0,0
ykk5p8z9,22,gy0oizb5,138,trader_bridge_app,DayBreak,1789084165,15,0,0
ykk5p8z9,19,h89ct0h3,138,trader_bridge_app,DayBreak,1789084166,15,0,0
ykk5p8z9,14,pn35uw2g,90,trader_bridge_app,TradePage,1789084167,10,0,0
ykk5p8z9,13,kirmcqky,90,trader_bridge_app,TradePage,1789084167,10,0,0
ykk5p8z9,17,wgz24zdb,90,trader_bridge_app,TradePage,1789084167,10,0,0
ykk5p8z9,11,p591h2pv,126,trader_bridge_app,TradePage,1789084171,14,0,0
ykk5p8z9,16,1evcus8j,90,trader_bridge_app,TradePage,1789084172,10,0,0
ykk5p8z9,25,rf6q16rc,154,trader_bridge_app,PauseTradingSession,1789084173,17,0,1
ykk5p8z9,26,qkzfdqnt,154,trader_bridge_app,PauseTradingSession,1789084173,17,0,1
ykk5p8z9,27,1nf2i0vh,154,trader_bridge_app,PauseTradingSession,1789084173,17,0,1
ykk5p8z9,28,s0vl521h,154,trader_bridge_app,PauseTradingSession,1789084173,17,0,1
ykk5p8z9,29,qs0z3czj,154,trader_bridge_app,PauseTradingSession,1789084173,17,0,1
ykk5p8z9,30,ufzyavcw,154,trader_bridge_app,PauseTradingSession,1789084173,17,0,1
ykk5p8z9,13,kirmcqky,91,trader_bridge_app,PauseTradingSession,1789084174,10,0,1
ykk5p8z9,14,pn35uw2g,91,trader_bridge_app,PauseTradingSession,1789084174,10,0,1
ykk5p8z9,15,ps4pdpc5,91,trader_bridge_app,PauseTradingSession,1789084174,10,0,1
ykk5p8z9,16,1evcus8j,91,trader_bridge_app,PauseTradingSession,1789084174,10,0,1
ykk5p8z9,17,wgz24zdb,91,trader_bridge_app,PauseTradingSession,1789084174,10,0,1
ykk5p8z9,18,ogauv9f8,91,trader_bridge_app,PauseTradingSession,1789084174,10,0,1
ykk5p8z9,1,78ek4e7n,136,trader_bridge_app,PauseTradingSession,1789084105,15,0,1
ykk5p8z9,2,38up52f8,136,trader_bridge_app,PauseTradingSession,1789084105,15,0,1
ykk5p8z9,6,8zudctzx,138,trader_bridge_app,DayBreak,1789084112,15,0,0
ykk5p8z9,4,03xcqsa5,138,trader_bridge_app,DayBreak,1789084120,15,0,0
ykk5p8z9,1,78ek4e7n,138,trader_bridge_app,DayBreak,1789084122,15,0,0
ykk5p8z9,1,78ek4e7n,142,trader_bridge_app,ResumeTradingSession,1789084122,16,0,1
ykk5p8z9,2,38up52f8,142,trader_bridge_app,ResumeTradingSession,1789084122,16,0,1
ykk5p8z9,3,mx74stso,142,trader_bridge_app,ResumeTradingSession,1789084122,16,0,1
ykk5p8z9,4,03xcqsa5,142,trader_bridge_app,ResumeTradingSession,1789084122,16,0,1
ykk5p8z9,5,gjhavmx0,142,trader_bridge_app,ResumeTradingSession,1789084122,16,0,1
ykk5p8z9,6,8zudctzx,142,trader_bridge_app,ResumeTradingSession,1789084122,16,0,1
ykk5p8z9,19,h89ct0h3,135,trader_bridge_app,TradePage,1789084138,15,0,0
ykk5p8z9,31,lkaj8gx3,201,trader_bridge_app,DayBreak,1789084138,22,0,0
ykk5p8z9,20,oizn9530,135,trader_bridge_app,TradePage,1789084146,15,0,0
ykk5p8z9,9,lz6sdo3r,126,trader_bridge_app,TradePage,1789084161,14,0,0
ykk5p8z9,10,5hdyag7g,126,trader_bridge_app,TradePage,1789084161,14,0,0
ykk5p8z9,28,s0vl521h,153,trader_bridge_app,TradePage,1789084162,17,0,0
ykk5p8z9,8,99ctxiqw,126,trader_bridge_app,TradePage,1789084162,14,0,0
ykk5p8z9,21,3d0rzld9,138,trader_bridge_app,DayBreak,1789084162,15,0,0
ykk5p8z9,23,8r753ujr,138,trader_bridge_app,DayBreak,1789084164,15,0,0
ykk5p8z9,15,ps4pdpc5,90,trader_bridge_app,TradePage,1789084167,10,0,0
ykk5p8z9,18,ogauv9f8,90,trader_bridge_app,TradePage,1789084167,10,0,0
ykk5p8z9,7,zxclkk3l,127,trader_bridge_app,PauseTradingSession,1789084172,14,0,1
ykk5p8z9,8,99ctxiqw,127,trader_bridge_app,PauseTradingSession,1789084172,14,0,1
ykk5p8z9,9,lz6sdo3r,127,trader_bridge_app,PauseTradingSession,1789084172,14,0,1
ykk5p8z9,10,5hdyag7g,127,trader_bridge_app,PauseTradingSession,1789084172,14,0,1
ykk5p8z9,11,p591h2pv,127,trader_bridge_app,PauseTradingSession,1789084172,14,0,1
ykk5p8z9,12,g9e4scxb,127,trader_bridge_app,PauseTradingSession,1789084172,14,0,1
ykk5p8z9,30,ufzyavcw,153,trader_bridge_app,TradePage,1789084172,17,0,0
ykk5p8z9,29,qs0z3czj,153,trader_bridge_app,TradePage,1789084172,17,0,0
ykk5p8z9,26,qkzfdqnt,153,trader_bridge_app,TradePage,1789084172,17,0,0
ykk5p8z9,25,rf6q16rc,154,trader_bridge_app,PauseTradingSession,1789084173,17,0,1
ykk5p8z9,26,qkzfdqnt,154,trader_bridge_app,PauseTradingSession,1789084173,17,0,1
ykk5p8z9,27,1nf2i0vh,154,trader_bridge_app,PauseTradingSession,1789084173,17,0,1
ykk5p8z9,28,s0vl521h,154,trader_bridge_app,PauseTradingSession,1789084173,17,0,1
ykk5p8z9,29,qs0z3czj,154,trader_bridge_app,PauseTradingSession,1789084173,17,0,1
ykk5p8z9,30,ufzyavcw,154,trader_bridge_app,PauseTradingSession,1789084173,17,0,1
ykk5p8z9,20,oizn9530,138,trader_bridge_app,DayBreak,1789084173,15,1,0
ykk5p8z9,29,qs0z3czj,156,trader_bridge_app,DayBreak,1789084177,17,0,0
ykk5p8z9,28,s0vl521h,156,trader_bridge_app,DayBreak,1789084177,17,0,0
ykk5p8z9,15,ps4pdpc5,93,trader_bridge_app,DayBreak,1789084177,10,0,0
ykk5p8z9,30,ufzyavcw,156,trader_bridge_app,DayBreak,1789084178,17,0,0
ykk5p8z9,10,5hdyag7g,129,trader_bridge_app,DayBreak,1789084178,14,0,0
ykk5p8z9,9,lz6sdo3r,129,trader_bridge_app,DayBreak,1789084179,14,0,0
ykk5p8z9,27,1nf2i0vh,160,trader_bridge_app,ResumeTradingSession,1789084181,18,0,1
ykk5p8z9,28,s0vl521h,160,trader_bridge_app,ResumeTradingSession,1789084181,18,0,1
ykk5p8z9,29,qs0z3czj,160,trader_bridge_app,ResumeTradingSession,1789084181,18,0,1
ykk5p8z9,30,ufzyavcw,160,trader_bridge_app,ResumeTradingSession,1789084181,18,0,1
ykk5p8z9,25,rf6q16rc,160,trader_bridge_app,ResumeTradingSession,1789084181,18,0,1
ykk5p8z9,26,qkzfdqnt,160,trader_bridge_app,ResumeTradingSession,1789084181,18,0,1
ykk5p8z9,8,99ctxiqw,129,trader_bridge_app,DayBreak,1789084181,14,0,0
ykk5p8z9,24,chkml8l5,138,trader_bridge_app,DayBreak,1789084174,15,1,0
ykk5p8z9,20,oizn9530,142,trader_bridge_app,ResumeTradingSession,1789084175,16,0,1
ykk5p8z9,21,3d0rzld9,142,trader_bridge_app,ResumeTradingSession,1789084175,16,0,1
ykk5p8z9,22,gy0oizb5,142,trader_bridge_app,ResumeTradingSession,1789084175,16,0,1
ykk5p8z9,19,h89ct0h3,142,trader_bridge_app,ResumeTradingSession,1789084175,16,0,1
ykk5p8z9,23,8r753ujr,142,trader_bridge_app,ResumeTradingSession,1789084175,16,0,1
ykk5p8z9,24,chkml8l5,142,trader_bridge_app,ResumeTradingSession,1789084175,16,0,1
ykk5p8z9,25,rf6q16rc,156,trader_bridge_app,DayBreak,1789084176,17,0,0
ykk5p8z9,11,p591h2pv,129,trader_bridge_app,DayBreak,1789084177,14,0,0
ykk5p8z9,14,pn35uw2g,93,trader_bridge_app,DayBreak,1789084177,10,0,0
ykk5p8z9,27,1nf2i0vh,156,trader_bridge_app,DayBreak,1789084179,17,0,0
ykk5p8z9,18,ogauv9f8,93,trader_bridge_app,DayBreak,1789084179,10,0,0
ykk5p8z9,26,qkzfdqnt,156,trader_bridge_app,DayBreak,1789084180,17,0,0
ykk5p8z9,25,rf6q16rc,160,trader_bridge_app,ResumeTradingSession,1789084180,18,0,1
ykk5p8z9,26,qkzfdqnt,160,trader_bridge_app,ResumeTradingSession,1789084180,18,0,1
ykk5p8z9,27,1nf2i0vh,160,trader_bridge_app,ResumeTradingSession,1789084180,18,0,1
ykk5p8z9,28,s0vl521h,160,trader_bridge_app,ResumeTradingSession,1789084180,18,0,1
ykk5p8z9,29,qs0z3czj,160,trader_bridge_app,ResumeTradingSession,1789084180,18,0,1
ykk5p8z9,30,ufzyavcw,160,trader_bridge_app,ResumeTradingSession,1789084180,18,0,1
ykk5p8z9,7,zxclkk3l,129,trader_bridge_app,DayBreak,1789084186,14,0,0
ykk5p8z9,6,8zudctzx,147,trader_bridge_app,DayBreak,1789084189,16,0,0
ykk5p8z9,2,38up52f8,147,trader_bridge_app,DayBreak,1789084189,16,0,0
ykk5p8z9,3,mx74stso,147,trader_bridge_app,DayBreak,1789084198,16,0,0
ykk5p8z9,31,lkaj8gx3,208,trader_bridge_app,PauseTradingSession,1789084199,23,0,1
ykk5p8z9,17,wgz24zdb,93,trader_bridge_app,DayBreak,1789084203,10,1,0
ykk5p8z9,12,g9e4scxb,129,trader_bridge_app,DayBreak,1789084204,14,1,0
ykk5p8z9,7,zxclkk3l,133,trader_bridge_app,ResumeTradingSession,1789084204,15,0,1
ykk5p8z9,8,99ctxiqw,133,trader_bridge_app,ResumeTradingSession,1789084204,15,0,1
ykk5p8z9,9,lz6sdo3r,133,trader_bridge_app,ResumeTradingSession,1789084204,15,0,1
ykk5p8z9,10,5hdyag7g,133,trader_bridge_app,ResumeTradingSession,1789084204,15,0,1
ykk5p8z9,11,p591h2pv,133,trader_bridge_app,ResumeTradingSession,1789084204,15,0,1
ykk5p8z9,12,g9e4scxb,133,trader_bridge_app,ResumeTradingSession,1789084204,15,0,1
ykk5p8z9,13,kirmcqky,93,trader_bridge_app,DayBreak,1789084206,10,0,0
ykk5p8z9,13,kirmcqky,97,trader_bridge_app,ResumeTradingSession,1789084207,11,0,1
ykk5p8z9,14,pn35uw2g,97,trader_bridge_app,ResumeTradingSession,1789084207,11,0,1
ykk5p8z9,15,ps4pdpc5,97,trader_bridge_app,ResumeTradingSession,1789084207,11,0,1
ykk5p8z9,16,1evcus8j,97,trader_bridge_app,ResumeTradingSession,1789084207,11,0,1
ykk5p8z9,17,wgz24zdb,97,trader_bridge_app,ResumeTradingSession,1789084207,11,0,1
ykk5p8z9,18,ogauv9f8,97,trader_bridge_app,ResumeTradingSession,1789084207,11,0,1
ykk5p8z9,1,78ek4e7n,151,trader_bridge_app,ResumeTradingSession,1789084216,17,0,1
ykk5p8z9,2,38up52f8,151,trader_bridge_app,ResumeTradingSession,1789084216,17,0,1
ykk5p8z9,3,mx74stso,151,trader_bridge_app,ResumeTradingSession,1789084216,17,0,1
ykk5p8z9,4,03xcqsa5,151,trader_bridge_app,ResumeTradingSession,1789084216,17,0,1
ykk5p8z9,5,gjhavmx0,151,trader_bridge_app,ResumeTradingSession,1789084216,17,0,1
ykk5p8z9,6,8zudctzx,151,trader_bridge_app,ResumeTradingSession,1789084216,17,0,1
ykk5p8z9,24,chkml8l5,144,trader_bridge_app,TradePage,1789084235,16,0,0
ykk5p8z9,23,8r753ujr,144,trader_bridge_app,TradePage,1789084236,16,0,0
ykk5p8z9,21,3d0rzld9,144,trader_bridge_app,TradePage,1789084236,16,0,0
ykk5p8z9,30,ufzyavcw,162,trader_bridge_app,TradePage,1789084244,18,0,0
ykk5p8z9,20,oizn9530,144,trader_bridge_app,TradePage,1789084246,16,0,0
ykk5p8z9,26,qkzfdqnt,162,trader_bridge_app,TradePage,1789084246,18,0,0
ykk5p8z9,16,1evcus8j,93,trader_bridge_app,DayBreak,1789084182,10,0,0
ykk5p8z9,4,03xcqsa5,144,trader_bridge_app,TradePage,1789084183,16,0,0
ykk5p8z9,1,78ek4e7n,144,trader_bridge_app,TradePage,1789084183,16,0,0
ykk5p8z9,6,8zudctzx,144,trader_bridge_app,TradePage,1789084183,16,0,0
ykk5p8z9,3,mx74stso,144,trader_bridge_app,TradePage,1789084183,16,0,0
ykk5p8z9,5,gjhavmx0,144,trader_bridge_app,TradePage,1789084183,16,0,0
ykk5p8z9,2,38up52f8,144,trader_bridge_app,TradePage,1789084184,16,0,0
ykk5p8z9,1,78ek4e7n,145,trader_bridge_app,PauseTradingSession,1789084185,16,0,1
ykk5p8z9,2,38up52f8,145,trader_bridge_app,PauseTradingSession,1789084185,16,0,1
ykk5p8z9,3,mx74stso,145,trader_bridge_app,PauseTradingSession,1789084185,16,0,1
ykk5p8z9,4,03xcqsa5,145,trader_bridge_app,PauseTradingSession,1789084185,16,0,1
ykk5p8z9,5,gjhavmx0,145,trader_bridge_app,PauseTradingSession,1789084185,16,0,1
ykk5p8z9,6,8zudctzx,145,trader_bridge_app,PauseTradingSession,1789084185,16,0,1
ykk5p8z9,4,03xcqsa5,147,trader_bridge_app,DayBreak,1789084189,16,0,0
ykk5p8z9,31,lkaj8gx3,207,trader_bridge_app,TradePage,1789084199,23,0,0
ykk5p8z9,31,lkaj8gx3,210,trader_bridge_app,DayBreak,1789084202,23,0,0
ykk5p8z9,31,lkaj8gx3,214,trader_bridge_app,ResumeTradingSession,1789084203,24,0,1
ykk5p8z9,5,gjhavmx0,147,trader_bridge_app,DayBreak,1789084205,16,0,0
ykk5p8z9,1,78ek4e7n,147,trader_bridge_app,DayBreak,1789084216,16,1,0
ykk5p8z9,1,78ek4e7n,151,trader_bridge_app,ResumeTradingSession,1789084216,17,0,1
ykk5p8z9,2,38up52f8,151,trader_bridge_app,ResumeTradingSession,1789084216,17,0,1
ykk5p8z9,3,mx74stso,151,trader_bridge_app,ResumeTradingSession,1789084216,17,0,1
ykk5p8z9,4,03xcqsa5,151,trader_bridge_app,ResumeTradingSession,1789084216,17,0,1
ykk5p8z9,5,gjhavmx0,151,trader_bridge_app,ResumeTradingSession,1789084216,17,0,1
ykk5p8z9,6,8zudctzx,151,trader_bridge_app,ResumeTradingSession,1789084216,17,0,1
ykk5p8z9,22,gy0oizb5,144,trader_bridge_app,TradePage,1789084237,16,0,0
ykk5p8z9,25,rf6q16rc,162,trader_bridge_app,TradePage,1789084243,18,0,0
ykk5p8z9,28,s0vl521h,162,trader_bridge_app,TradePage,1789084243,18,0,0
ykk5p8z9,29,qs0z3czj,162,trader_bridge_app,TradePage,1789084243,18,0,0
ykk5p8z9,27,1nf2i0vh,162,trader_bridge_app,TradePage,1789084243,18,0,0
ykk5p8z9,30,ufzyavcw,164,trader_bridge_app,FinalizeTradingSession,1789084249,18,0,1
ykk5p8z9,25,rf6q16rc,164,trader_bridge_app,FinalizeTradingSession,1789084249,18,0,1
ykk5p8z9,26,qkzfdqnt,164,trader_bridge_app,FinalizeTradingSession,1789084249,18,0,1
ykk5p8z9,27,1nf2i0vh,164,trader_bridge_app,FinalizeTradingSession,1789084249,18,0,1
ykk5p8z9,28,s0vl521h,164,trader_bridge_app,FinalizeTradingSession,1789084249,18,0,1
ykk5p8z9,29,qs0z3czj,164,trader_bridge_app,FinalizeTradingSession,1789084249,18,0,1
ykk5p8z9,21,3d0rzld9,147,trader_bridge_app,DayBreak,1789084253,16,0,0
ykk5p8z9,28,s0vl521h,165,trader_bridge_app,DayBreak,1789084255,18,0,0
ykk5p8z9,23,8r753ujr,151,trader_bridge_app,ResumeTradingSession,1789084259,17,0,1
ykk5p8z9,24,chkml8l5,151,trader_bridge_app,ResumeTradingSession,1789084259,17,0,1
ykk5p8z9,19,h89ct0h3,151,trader_bridge_app,ResumeTradingSession,1789084259,17,0,1
ykk5p8z9,20,oizn9530,151,trader_bridge_app,ResumeTradingSession,1789084259,17,0,1
ykk5p8z9,21,3d0rzld9,151,trader_bridge_app,ResumeTradingSession,1789084259,17,0,1
ykk5p8z9,22,gy0oizb5,151,trader_bridge_app,ResumeTradingSession,1789084259,17,0,1
ykk5p8z9,31,lkaj8gx3,216,trader_bridge_app,TradePage,1789084263,24,0,0
ykk5p8z9,31,lkaj8gx3,217,trader_bridge_app,PauseTradingSession,1789084264,24,0,1
ykk5p8z9,12,g9e4scxb,135,trader_bridge_app,TradePage,1789084265,15,0,0
ykk5p8z9,8,99ctxiqw,135,trader_bridge_app,TradePage,1789084265,15,0,0
ykk5p8z9,10,5hdyag7g,135,trader_bridge_app,TradePage,1789084265,15,0,0
ykk5p8z9,15,ps4pdpc5,99,trader_bridge_app,TradePage,1789084267,11,0,0
ykk5p8z9,13,kirmcqky,99,trader_bridge_app,TradePage,1789084268,11,0,0
ykk5p8z9,19,h89ct0h3,144,trader_bridge_app,TradePage,1789084248,16,0,0
ykk5p8z9,19,h89ct0h3,145,trader_bridge_app,PauseTradingSession,1789084250,16,0,1
ykk5p8z9,23,8r753ujr,145,trader_bridge_app,PauseTradingSession,1789084250,16,0,1
ykk5p8z9,24,chkml8l5,145,trader_bridge_app,PauseTradingSession,1789084250,16,0,1
ykk5p8z9,20,oizn9530,145,trader_bridge_app,PauseTradingSession,1789084250,16,0,1
ykk5p8z9,21,3d0rzld9,145,trader_bridge_app,PauseTradingSession,1789084250,16,0,1
ykk5p8z9,22,gy0oizb5,145,trader_bridge_app,PauseTradingSession,1789084250,16,0,1
ykk5p8z9,24,chkml8l5,147,trader_bridge_app,DayBreak,1789084254,16,0,0
ykk5p8z9,29,qs0z3czj,165,trader_bridge_app,DayBreak,1789084255,18,0,0
ykk5p8z9,22,gy0oizb5,147,trader_bridge_app,DayBreak,1789084256,16,0,0
ykk5p8z9,23,8r753ujr,147,trader_bridge_app,DayBreak,1789084256,16,0,0
ykk5p8z9,19,h89ct0h3,147,trader_bridge_app,DayBreak,1789084257,16,0,0
ykk5p8z9,25,rf6q16rc,165,trader_bridge_app,DayBreak,1789084257,18,0,0
ykk5p8z9,20,oizn9530,147,trader_bridge_app,DayBreak,1789084258,16,0,0
ykk5p8z9,26,qkzfdqnt,165,trader_bridge_app,DayBreak,1789084259,18,0,0
ykk5p8z9,9,lz6sdo3r,135,trader_bridge_app,TradePage,1789084265,15,0,0
ykk5p8z9,7,zxclkk3l,135,trader_bridge_app,TradePage,1789084266,15,0,0
ykk5p8z9,17,wgz24zdb,99,trader_bridge_app,TradePage,1789084268,11,0,0
ykk5p8z9,18,ogauv9f8,99,trader_bridge_app,TradePage,1789084268,11,0,0
ykk5p8z9,14,pn35uw2g,99,trader_bridge_app,TradePage,1789084271,11,0,0
ykk5p8z9,15,ps4pdpc5,100,trader_bridge_app,PauseTradingSession,1789084272,11,0,1
ykk5p8z9,16,1evcus8j,100,trader_bridge_app,PauseTradingSession,1789084272,11,0,1
ykk5p8z9,13,kirmcqky,100,trader_bridge_app,PauseTradingSession,1789084272,11,0,1
ykk5p8z9,14,pn35uw2g,100,trader_bridge_app,PauseTradingSession,1789084272,11,0,1
ykk5p8z9,17,wgz24zdb,100,trader_bridge_app,PauseTradingSession,1789084272,11,0,1
ykk5p8z9,18,ogauv9f8,100,trader_bridge_app,PauseTradingSession,1789084272,11,0,1
ykk5p8z9,8,99ctxiqw,136,trader_bridge_app,PauseTradingSession,1789084278,15,0,1
ykk5p8z9,9,lz6sdo3r,136,trader_bridge_app,PauseTradingSession,1789084278,15,0,1
ykk5p8z9,10,5hdyag7g,136,trader_bridge_app,PauseTradingSession,1789084278,15,0,1
ykk5p8z9,11,p591h2pv,136,trader_bridge_app,PauseTradingSession,1789084278,15,0,1
ykk5p8z9,12,g9e4scxb,136,trader_bridge_app,PauseTradingSession,1789084278,15,0,1
ykk5p8z9,7,zxclkk3l,136,trader_bridge_app,PauseTradingSession,1789084278,15,0,1
ykk5p8z9,1,78ek4e7n,153,trader_bridge_app,TradePage,1789084278,17,0,0
ykk5p8z9,4,03xcqsa5,153,trader_bridge_app,TradePage,1789084278,17,0,0
ykk5p8z9,18,ogauv9f8,102,trader_bridge_app,DayBreak,1789084278,11,0,0
ykk5p8z9,5,gjhavmx0,153,trader_bridge_app,TradePage,1789084278,17,0,0
ykk5p8z9,6,8zudctzx,153,trader_bridge_app,TradePage,1789084278,17,0,0
ykk5p8z9,30,ufzyavcw,165,trader_bridge_app,DayBreak,1789084283,18,1,0
ykk5p8z9,31,lkaj8gx3,219,trader_bridge_app,DayBreak,1789084284,24,1,0
ykk5p8z9,1,78ek4e7n,156,trader_bridge_app,DayBreak,1789084289,17,0,0
ykk5p8z9,10,5hdyag7g,138,trader_bridge_app,DayBreak,1789084289,15,0,0
ykk5p8z9,25,rf6q16rc,168,trader_bridge_app,SyncTradingSession,1789084290,19,0,1
ykk5p8z9,26,qkzfdqnt,168,trader_bridge_app,SyncTradingSession,1789084290,19,0,1
ykk5p8z9,27,1nf2i0vh,168,trader_bridge_app,SyncTradingSession,1789084290,19,0,1
ykk5p8z9,28,s0vl521h,168,trader_bridge_app,SyncTradingSession,1789084290,19,0,1
ykk5p8z9,29,qs0z3czj,168,trader_bridge_app,SyncTradingSession,1789084290,19,0,1
ykk5p8z9,30,ufzyavcw,168,trader_bridge_app,SyncTradingSession,1789084290,19,0,1
ykk5p8z9,25,rf6q16rc,169,trader_bridge_app,ResumeTradingSession,1789084290,19,0,1
ykk5p8z9,26,qkzfdqnt,169,trader_bridge_app,ResumeTradingSession,1789084290,19,0,1
ykk5p8z9,27,1nf2i0vh,169,trader_bridge_app,ResumeTradingSession,1789084290,19,0,1
ykk5p8z9,28,s0vl521h,169,trader_bridge_app,ResumeTradingSession,1789084290,19,0,1
ykk5p8z9,16,1evcus8j,99,trader_bridge_app,TradePage,1789084268,11,0,0
ykk5p8z9,15,ps4pdpc5,100,trader_bridge_app,PauseTradingSession,1789084272,11,0,1
ykk5p8z9,13,kirmcqky,100,trader_bridge_app,PauseTradingSession,1789084272,11,0,1
ykk5p8z9,14,pn35uw2g,100,trader_bridge_app,PauseTradingSession,1789084272,11,0,1
ykk5p8z9,17,wgz24zdb,100,trader_bridge_app,PauseTradingSession,1789084272,11,0,1
ykk5p8z9,18,ogauv9f8,100,trader_bridge_app,PauseTradingSession,1789084272,11,0,1
ykk5p8z9,16,1evcus8j,100,trader_bridge_app,PauseTradingSession,1789084272,11,0,1
ykk5p8z9,13,kirmcqky,102,trader_bridge_app,DayBreak,1789084275,11,0,0
ykk5p8z9,11,p591h2pv,135,trader_bridge_app,TradePage,1789084277,15,0,0
ykk5p8z9,15,ps4pdpc5,102,trader_bridge_app,DayBreak,1789084278,11,0,0
ykk5p8z9,2,38up52f8,153,trader_bridge_app,TradePage,1789084278,17,0,0
ykk5p8z9,16,1evcus8j,102,trader_bridge_app,DayBreak,1789084278,11,0,0
ykk5p8z9,3,mx74stso,153,trader_bridge_app,TradePage,1789084278,17,0,0
ykk5p8z9,1,78ek4e7n,154,trader_bridge_app,PauseTradingSession,1789084279,17,0,1
ykk5p8z9,2,38up52f8,154,trader_bridge_app,PauseTradingSession,1789084279,17,0,1
ykk5p8z9,3,mx74stso,154,trader_bridge_app,PauseTradingSession,1789084279,17,0,1
ykk5p8z9,4,03xcqsa5,154,trader_bridge_app,PauseTradingSession,1789084279,17,0,1
ykk5p8z9,5,gjhavmx0,154,trader_bridge_app,PauseTradingSession,1789084279,17,0,1
ykk5p8z9,6,8zudctzx,154,trader_bridge_app,PauseTradingSession,1789084279,17,0,1
ykk5p8z9,31,lkaj8gx3,223,trader_bridge_app,ResumeTradingSession,1789084285,25,0,1
ykk5p8z9,14,pn35uw2g,102,trader_bridge_app,DayBreak,1789084285,11,0,0
ykk5p8z9,2,38up52f8,156,trader_bridge_app,DayBreak,1789084285,17,0,0
ykk5p8z9,11,p591h2pv,138,trader_bridge_app,DayBreak,1789084286,15,0,0
ykk5p8z9,4,03xcqsa5,156,trader_bridge_app,DayBreak,1789084287,17,0,0
ykk5p8z9,6,8zudctzx,156,trader_bridge_app,DayBreak,1789084287,17,0,0
ykk5p8z9,27,1nf2i0vh,165,trader_bridge_app,DayBreak,1789084289,18,1,0
ykk5p8z9,29,qs0z3czj,168,trader_bridge_app,SyncTradingSession,1789084289,19,0,1
ykk5p8z9,30,ufzyavcw,168,trader_bridge_app,SyncTradingSession,1789084289,19,0,1
ykk5p8z9,25,rf6q16rc,168,trader_bridge_app,SyncTradingSession,1789084289,19,0,1
ykk5p8z9,26,qkzfdqnt,168,trader_bridge_app,SyncTradingSession,1789084289,19,0,1
ykk5p8z9,27,1nf2i0vh,168,trader_bridge_app,SyncTradingSession,1789084289,19,0,1
ykk5p8z9,28,s0vl521h,168,trader_bridge_app,SyncTradingSession,1789084289,19,0,1
ykk5p8z9,25,rf6q16rc,169,trader_bridge_app,ResumeTradingSession,1789084290,19,0,1
ykk5p8z9,26,qkzfdqnt,169,trader_bridge_app,ResumeTradingSession,1789084290,19,0,1
ykk5p8z9,27,1nf2i0vh,169,trader_bridge_app,ResumeTradingSession,1789084290,19,0,1
ykk5p8z9,28,s0vl521h,169,trader_bridge_app,ResumeTradingSession,1789084290,19,0,1
ykk5p8z9,29,qs0z3czj,169,trader_bridge_app,ResumeTradingSession,1789084290,19,0,1
ykk5p8z9,30,ufzyavcw,169,trader_bridge_app,ResumeTradingSession,1789084290,19,0,1
ykk5p8z9,17,wgz24zdb,102,trader_bridge_app,DayBreak,1789084293,11,1,0
ykk5p8z9,7,zxclkk3l,138,trader_bridge_app,DayBreak,1789084293,15,0,0
ykk5p8z9,13,kirmcqky,106,trader_bridge_app,ResumeTradingSession,1789084293,12,0,1
ykk5p8z9,14,pn35uw2g,106,trader_bridge_app,ResumeTradingSession,1789084293,12,0,1
ykk5p8z9,15,ps4pdpc5,106,trader_bridge_app,ResumeTradingSession,1789084293,12,0,1
ykk5p8z9,16,1evcus8j,106,trader_bridge_app,ResumeTradingSession,1789084293,12,0,1
ykk5p8z9,17,wgz24zdb,106,trader_bridge_app,ResumeTradingSession,1789084293,12,0,1
ykk5p8z9,18,ogauv9f8,106,trader_bridge_app,ResumeTradingSession,1789084293,12,0,1
ykk5p8z9,5,gjhavmx0,156,trader_bridge_app,DayBreak,1789084294,17,0,0
ykk5p8z9,7,zxclkk3l,142,trader_bridge_app,ResumeTradingSession,1789084304,16,0,1
ykk5p8z9,8,99ctxiqw,142,trader_bridge_app,ResumeTradingSession,1789084304,16,0,1
ykk5p8z9,9,lz6sdo3r,142,trader_bridge_app,ResumeTradingSession,1789084304,16,0,1
ykk5p8z9,10,5hdyag7g,142,trader_bridge_app,ResumeTradingSession,1789084304,16,0,1
ykk5p8z9,29,qs0z3czj,169,trader_bridge_app,ResumeTradingSession,1789084290,19,0,1
ykk5p8z9,30,ufzyavcw,169,trader_bridge_app,ResumeTradingSession,1789084290,19,0,1
ykk5p8z9,8,99ctxiqw,138,trader_bridge_app,DayBreak,1789084290,15,0,0
ykk5p8z9,3,mx74stso,156,trader_bridge_app,DayBreak,1789084291,17,0,0
ykk5p8z9,13,kirmcqky,106,trader_bridge_app,ResumeTradingSession,1789084293,12,0,1
ykk5p8z9,14,pn35uw2g,106,trader_bridge_app,ResumeTradingSession,1789084293,12,0,1
ykk5p8z9,15,ps4pdpc5,106,trader_bridge_app,ResumeTradingSession,1789084293,12,0,1
ykk5p8z9,16,1evcus8j,106,trader_bridge_app,ResumeTradingSession,1789084293,12,0,1
ykk5p8z9,17,wgz24zdb,106,trader_bridge_app,ResumeTradingSession,1789084293,12,0,1
ykk5p8z9,18,ogauv9f8,106,trader_bridge_app,ResumeTradingSession,1789084293,12,0,1
ykk5p8z9,9,lz6sdo3r,138,trader_bridge_app,DayBreak,1789084294,15,0,0
ykk5p8z9,6,8zudctzx,160,trader_bridge_app,ResumeTradingSession,1789084295,18,0,1
ykk5p8z9,4,03xcqsa5,160,trader_bridge_app,ResumeTradingSession,1789084295,18,0,1
ykk5p8z9,5,gjhavmx0,160,trader_bridge_app,ResumeTradingSession,1789084295,18,0,1
ykk5p8z9,1,78ek4e7n,160,trader_bridge_app,ResumeTradingSession,1789084295,18,0,1
ykk5p8z9,2,38up52f8,160,trader_bridge_app,ResumeTradingSession,1789084295,18,0,1
ykk5p8z9,3,mx74stso,160,trader_bridge_app,ResumeTradingSession,1789084295,18,0,1
ykk5p8z9,12,g9e4scxb,138,trader_bridge_app,DayBreak,1789084303,15,1,0
ykk5p8z9,23,8r753ujr,153,trader_bridge_app,TradePage,1789084327,17,0,0
ykk5p8z9,19,h89ct0h3,154,trader_bridge_app,PauseTradingSession,1789084328,17,0,1
ykk5p8z9,20,oizn9530,154,trader_bridge_app,PauseTradingSession,1789084328,17,0,1
ykk5p8z9,21,3d0rzld9,154,trader_bridge_app,PauseTradingSession,1789084328,17,0,1
ykk5p8z9,22,gy0oizb5,154,trader_bridge_app,PauseTradingSession,1789084328,17,0,1
ykk5p8z9,23,8r753ujr,154,trader_bridge_app,PauseTradingSession,1789084328,17,0,1
ykk5p8z9,24,chkml8l5,154,trader_bridge_app,PauseTradingSession,1789084328,17,0,1
ykk5p8z9,24,chkml8l5,156,trader_bridge_app,DayBreak,1789084332,17,0,0
ykk5p8z9,20,oizn9530,156,trader_bridge_app,DayBreak,1789084333,17,0,0
ykk5p8z9,23,8r753ujr,156,trader_bridge_app,DayBreak,1789084335,17,0,0
ykk5p8z9,31,lkaj8gx3,225,trader_bridge_app,TradePage,1789084345,25,0,0
ykk5p8z9,26,qkzfdqnt,171,trader_bridge_app,TradePage,1789084351,19,0,0
ykk5p8z9,29,qs0z3czj,171,trader_bridge_app,TradePage,1789084351,19,0,0
ykk5p8z9,28,s0vl521h,171,trader_bridge_app,TradePage,1789084351,19,0,0
ykk5p8z9,18,ogauv9f8,108,trader_bridge_app,TradePage,1789084354,12,0,0
ykk5p8z9,14,pn35uw2g,108,trader_bridge_app,TradePage,1789084354,12,0,0
ykk5p8z9,13,kirmcqky,109,trader_bridge_app,PauseTradingSession,1789084355,12,0,1
ykk5p8z9,14,pn35uw2g,109,trader_bridge_app,PauseTradingSession,1789084355,12,0,1
ykk5p8z9,15,ps4pdpc5,109,trader_bridge_app,PauseTradingSession,1789084355,12,0,1
ykk5p8z9,16,1evcus8j,109,trader_bridge_app,PauseTradingSession,1789084355,12,0,1
ykk5p8z9,17,wgz24zdb,109,trader_bridge_app,PauseTradingSession,1789084355,12,0,1
ykk5p8z9,18,ogauv9f8,109,trader_bridge_app,PauseTradingSession,1789084355,12,0,1
ykk5p8z9,4,03xcqsa5,162,trader_bridge_app,TradePage,1789084356,18,0,0
ykk5p8z9,1,78ek4e7n,162,trader_bridge_app,TradePage,1789084361,18,0,0
ykk5p8z9,15,ps4pdpc5,111,trader_bridge_app,DayBreak,1789084364,12,0,0
ykk5p8z9,8,99ctxiqw,144,trader_bridge_app,TradePage,1789084365,16,0,0
ykk5p8z9,6,8zudctzx,162,trader_bridge_app,TradePage,1789084366,18,0,0
ykk5p8z9,6,8zudctzx,164,trader_bridge_app,FinalizeTradingSession,1789084367,18,0,1
ykk5p8z9,1,78ek4e7n,164,trader_bridge_app,FinalizeTradingSession,1789084367,18,0,1
ykk5p8z9,2,38up52f8,164,trader_bridge_app,FinalizeTradingSession,1789084367,18,0,1
ykk5p8z9,3,mx74stso,164,trader_bridge_app,FinalizeTradingSession,1789084367,18,0,1
ykk5p8z9,4,03xcqsa5,164,trader_bridge_app,FinalizeTradingSession,1789084367,18,0,1
ykk5p8z9,5,gjhavmx0,164,trader_bridge_app,FinalizeTradingSession,1789084367,18,0,1
ykk5p8z9,11,p591h2pv,142,trader_bridge_app,ResumeTradingSession,1789084304,16,0,1
ykk5p8z9,12,g9e4scxb,142,trader_bridge_app,ResumeTradingSession,1789084304,16,0,1
ykk5p8z9,20,oizn9530,153,trader_bridge_app,TradePage,1789084320,17,0,0
ykk5p8z9,21,3d0rzld9,153,trader_bridge_app,TradePage,1789084320,17,0,0
ykk5p8z9,24,chkml8l5,153,trader_bridge_app,TradePage,1789084322,17,0,0
ykk5p8z9,19,h89ct0h3,153,trader_bridge_app,TradePage,1789084322,17,0,0
ykk5p8z9,22,gy0oizb5,153,trader_bridge_app,TradePage,1789084325,17,0,0
ykk5p8z9,19,h89ct0h3,154,trader_bridge_app,PauseTradingSession,1789084328,17,0,1
ykk5p8z9,20,oizn9530,154,trader_bridge_app,PauseTradingSession,1789084328,17,0,1
ykk5p8z9,21,3d0rzld9,154,trader_bridge_app,PauseTradingSession,1789084328,17,0,1
ykk5p8z9,22,gy0oizb5,154,trader_bridge_app,PauseTradingSession,1789084328,17,0,1
ykk5p8z9,23,8r753ujr,154,trader_bridge_app,PauseTradingSession,1789084328,17,0,1
ykk5p8z9,24,chkml8l5,154,trader_bridge_app,PauseTradingSession,1789084328,17,0,1
ykk5p8z9,19,h89ct0h3,156,trader_bridge_app,DayBreak,1789084332,17,0,0
ykk5p8z9,21,3d0rzld9,156,trader_bridge_app,DayBreak,1789084333,17,0,0
ykk5p8z9,22,gy0oizb5,156,trader_bridge_app,DayBreak,1789084335,17,0,0
ykk5p8z9,23,8r753ujr,160,trader_bridge_app,ResumeTradingSession,1789084335,18,0,1
ykk5p8z9,24,chkml8l5,160,trader_bridge_app,ResumeTradingSession,1789084335,18,0,1
ykk5p8z9,19,h89ct0h3,160,trader_bridge_app,ResumeTradingSession,1789084335,18,0,1
ykk5p8z9,20,oizn9530,160,trader_bridge_app,ResumeTradingSession,1789084335,18,0,1
ykk5p8z9,21,3d0rzld9,160,trader_bridge_app,ResumeTradingSession,1789084335,18,0,1
ykk5p8z9,22,gy0oizb5,160,trader_bridge_app,ResumeTradingSession,1789084335,18,0,1
ykk5p8z9,31,lkaj8gx3,226,trader_bridge_app,PauseTradingSession,1789084345,25,0,1
ykk5p8z9,31,lkaj8gx3,228,trader_bridge_app,DayBreak,1789084349,25,0,0
ykk5p8z9,31,lkaj8gx3,232,trader_bridge_app,ResumeTradingSession,1789084349,26,0,1
ykk5p8z9,30,ufzyavcw,171,trader_bridge_app,TradePage,1789084350,19,0,0
ykk5p8z9,25,rf6q16rc,171,trader_bridge_app,TradePage,1789084351,19,0,0
ykk5p8z9,15,ps4pdpc5,108,trader_bridge_app,TradePage,1789084354,12,0,0
ykk5p8z9,13,kirmcqky,108,trader_bridge_app,TradePage,1789084354,12,0,0
ykk5p8z9,17,wgz24zdb,108,trader_bridge_app,TradePage,1789084354,12,0,0
ykk5p8z9,16,1evcus8j,108,trader_bridge_app,TradePage,1789084354,12,0,0
ykk5p8z9,13,kirmcqky,109,trader_bridge_app,PauseTradingSession,1789084355,12,0,1
ykk5p8z9,15,ps4pdpc5,109,trader_bridge_app,PauseTradingSession,1789084355,12,0,1
ykk5p8z9,16,1evcus8j,109,trader_bridge_app,PauseTradingSession,1789084355,12,0,1
ykk5p8z9,17,wgz24zdb,109,trader_bridge_app,PauseTradingSession,1789084355,12,0,1
ykk5p8z9,18,ogauv9f8,109,trader_bridge_app,PauseTradingSession,1789084355,12,0,1
ykk5p8z9,14,pn35uw2g,109,trader_bridge_app,PauseTradingSession,1789084355,12,0,1
ykk5p8z9,5,gjhavmx0,162,trader_bridge_app,TradePage,1789084356,18,0,0
ykk5p8z9,13,kirmcqky,111,trader_bridge_app,DayBreak,1789084364,12,0,0
ykk5p8z9,12,g9e4scxb,144,trader_bridge_app,TradePage,1789084365,16,0,0
ykk5p8z9,11,p591h2pv,144,trader_bridge_app,TradePage,1789084365,16,0,0
ykk5p8z9,10,5hdyag7g,144,trader_bridge_app,TradePage,1789084365,16,0,0
ykk5p8z9,3,mx74stso,162,trader_bridge_app,TradePage,1789084365,18,0,0
ykk5p8z9,7,zxclkk3l,144,trader_bridge_app,TradePage,1789084365,16,0,0
ykk5p8z9,2,38up52f8,162,trader_bridge_app,TradePage,1789084366,18,0,0
ykk5p8z9,6,8zudctzx,165,trader_bridge_app,DayBreak,1789084371,18,0,0
ykk5p8z9,25,rf6q16rc,174,trader_bridge_app,DayBreak,1789084372,19,0,0
ykk5p8z9,4,03xcqsa5,165,trader_bridge_app,DayBreak,1789084373,18,0,0
ykk5p8z9,29,qs0z3czj,174,trader_bridge_app,DayBreak,1789084373,19,0,0
ykk5p8z9,28,s0vl521h,174,trader_bridge_app,DayBreak,1789084373,19,0,0
ykk5p8z9,2,38up52f8,165,trader_bridge_app,DayBreak,1789084373,18,0,0
ykk5p8z9,3,mx74stso,165,trader_bridge_app,DayBreak,1789084374,18,0,0
ykk5p8z9,9,lz6sdo3r,144,trader_bridge_app,TradePage,1789084375,16,0,0
ykk5p8z9,17,wgz24zdb,111,trader_bridge_app,DayBreak,1789084376,12,1,0
ykk5p8z9,18,ogauv9f8,115,trader_bridge_app,ResumeTradingSession,1789084376,13,0,1
ykk5p8z9,13,kirmcqky,115,trader_bridge_app,ResumeTradingSession,1789084376,13,0,1
ykk5p8z9,14,pn35uw2g,115,trader_bridge_app,ResumeTradingSession,1789084376,13,0,1
ykk5p8z9,15,ps4pdpc5,115,trader_bridge_app,ResumeTradingSession,1789084376,13,0,1
ykk5p8z9,16,1evcus8j,115,trader_bridge_app,ResumeTradingSession,1789084376,13,0,1
ykk5p8z9,17,wgz24zdb,115,trader_bridge_app,ResumeTradingSession,1789084376,13,0,1
ykk5p8z9,11,p591h2pv,147,trader_bridge_app,DayBreak,1789084380,16,0,0
ykk5p8z9,8,99ctxiqw,147,trader_bridge_app,DayBreak,1789084381,16,0,0
ykk5p8z9,30,ufzyavcw,174,trader_bridge_app,DayBreak,1789084382,19,0,0
ykk5p8z9,12,g9e4scxb,147,trader_bridge_app,DayBreak,1789084384,16,0,0
ykk5p8z9,10,5hdyag7g,147,trader_bridge_app,DayBreak,1789084386,16,0,0
ykk5p8z9,7,zxclkk3l,151,trader_bridge_app,ResumeTradingSession,1789084387,17,0,1
ykk5p8z9,8,99ctxiqw,151,trader_bridge_app,ResumeTradingSession,1789084387,17,0,1
ykk5p8z9,9,lz6sdo3r,151,trader_bridge_app,ResumeTradingSession,1789084387,17,0,1
ykk5p8z9,10,5hdyag7g,151,trader_bridge_app,ResumeTradingSession,1789084387,17,0,1
ykk5p8z9,11,p591h2pv,151,trader_bridge_app,ResumeTradingSession,1789084387,17,0,1
ykk5p8z9,12,g9e4scxb,151,trader_bridge_app,ResumeTradingSession,1789084387,17,0,1
ykk5p8z9,1,78ek4e7n,165,trader_bridge_app,DayBreak,1789084388,18,1,0
ykk5p8z9,22,gy0oizb5,162,trader_bridge_app,TradePage,1789084396,18,0,0
ykk5p8z9,21,3d0rzld9,162,trader_bridge_app,TradePage,1789084396,18,0,0
ykk5p8z9,25,rf6q16rc,178,trader_bridge_app,ResumeTradingSession,1789084397,20,0,1
ykk5p8z9,26,qkzfdqnt,178,trader_bridge_app,ResumeTradingSession,1789084397,20,0,1
ykk5p8z9,28,s0vl521h,178,trader_bridge_app,ResumeTradingSession,1789084397,20,0,1
ykk5p8z9,29,qs0z3czj,178,trader_bridge_app,ResumeTradingSession,1789084397,20,0,1
ykk5p8z9,27,1nf2i0vh,178,trader_bridge_app,ResumeTradingSession,1789084397,20,0,1
ykk5p8z9,30,ufzyavcw,178,trader_bridge_app,ResumeTradingSession,1789084397,20,0,1
ykk5p8z9,1,78ek4e7n,168,trader_bridge_app,SyncTradingSession,1789084398,19,0,1
ykk5p8z9,2,38up52f8,168,trader_bridge_app,SyncTradingSession,1789084398,19,0,1
ykk5p8z9,3,mx74stso,168,trader_bridge_app,SyncTradingSession,1789084398,19,0,1
ykk5p8z9,4,03xcqsa5,168,trader_bridge_app,SyncTradingSession,1789084398,19,0,1
ykk5p8z9,5,gjhavmx0,168,trader_bridge_app,SyncTradingSession,1789084398,19,0,1
ykk5p8z9,6,8zudctzx,168,trader_bridge_app,SyncTradingSession,1789084398,19,0,1
ykk5p8z9,19,h89ct0h3,162,trader_bridge_app,TradePage,1789084400,18,0,0
ykk5p8z9,1,78ek4e7n,169,trader_bridge_app,ResumeTradingSession,1789084401,19,0,1
ykk5p8z9,2,38up52f8,169,trader_bridge_app,ResumeTradingSession,1789084401,19,0,1
ykk5p8z9,3,mx74stso,169,trader_bridge_app,ResumeTradingSession,1789084401,19,0,1
ykk5p8z9,4,03xcqsa5,169,trader_bridge_app,ResumeTradingSession,1789084401,19,0,1
ykk5p8z9,5,gjhavmx0,169,trader_bridge_app,ResumeTradingSession,1789084401,19,0,1
ykk5p8z9,6,8zudctzx,169,trader_bridge_app,ResumeTradingSession,1789084401,19,0,1
ykk5p8z9,20,oizn9530,162,trader_bridge_app,TradePage,1789084407,18,0,0
ykk5p8z9,19,h89ct0h3,164,trader_bridge_app,FinalizeTradingSession,1789084410,18,0,1
ykk5p8z9,20,oizn9530,164,trader_bridge_app,FinalizeTradingSession,1789084410,18,0,1
ykk5p8z9,21,3d0rzld9,164,trader_bridge_app,FinalizeTradingSession,1789084410,18,0,1
ykk5p8z9,22,gy0oizb5,164,trader_bridge_app,FinalizeTradingSession,1789084410,18,0,1
ykk5p8z9,23,8r753ujr,164,trader_bridge_app,FinalizeTradingSession,1789084410,18,0,1
ykk5p8z9,24,chkml8l5,164,trader_bridge_app,FinalizeTradingSession,1789084410,18,0,1
ykk5p8z9,31,lkaj8gx3,241,trader_bridge_app,ResumeTradingSession,1789084413,27,0,1
ykk5p8z9,21,3d0rzld9,165,trader_bridge_app,DayBreak,1789084414,18,0,0
ykk5p8z9,16,1evcus8j,111,trader_bridge_app,DayBreak,1789084367,12,0,0
ykk5p8z9,18,ogauv9f8,111,trader_bridge_app,DayBreak,1789084368,12,0,0
ykk5p8z9,27,1nf2i0vh,171,trader_bridge_app,TradePage,1789084369,19,1,0
ykk5p8z9,26,qkzfdqnt,172,trader_bridge_app,PauseTradingSession,1789084369,19,0,1
ykk5p8z9,27,1nf2i0vh,172,trader_bridge_app,PauseTradingSession,1789084369,19,0,1
ykk5p8z9,28,s0vl521h,172,trader_bridge_app,PauseTradingSession,1789084369,19,0,1
ykk5p8z9,29,qs0z3czj,172,trader_bridge_app,PauseTradingSession,1789084369,19,0,1
ykk5p8z9,30,ufzyavcw,172,trader_bridge_app,PauseTradingSession,1789084369,19,0,1
ykk5p8z9,25,rf6q16rc,172,trader_bridge_app,PauseTradingSession,1789084369,19,0,1
ykk5p8z9,26,qkzfdqnt,174,trader_bridge_app,DayBreak,1789084372,19,0,0
ykk5p8z9,7,zxclkk3l,145,trader_bridge_app,PauseTradingSession,1789084375,16,0,1
ykk5p8z9,8,99ctxiqw,145,trader_bridge_app,PauseTradingSession,1789084375,16,0,1
ykk5p8z9,9,lz6sdo3r,145,trader_bridge_app,PauseTradingSession,1789084375,16,0,1
ykk5p8z9,10,5hdyag7g,145,trader_bridge_app,PauseTradingSession,1789084375,16,0,1
ykk5p8z9,11,p591h2pv,145,trader_bridge_app,PauseTradingSession,1789084375,16,0,1
ykk5p8z9,12,g9e4scxb,145,trader_bridge_app,PauseTradingSession,1789084375,16,0,1
ykk5p8z9,17,wgz24zdb,111,trader_bridge_app,DayBreak,1789084376,12,0,0
ykk5p8z9,14,pn35uw2g,111,trader_bridge_app,DayBreak,1789084376,12,1,0
ykk5p8z9,13,kirmcqky,115,trader_bridge_app,ResumeTradingSession,1789084376,13,0,1
ykk5p8z9,14,pn35uw2g,115,trader_bridge_app,ResumeTradingSession,1789084376,13,0,1
ykk5p8z9,15,ps4pdpc5,115,trader_bridge_app,ResumeTradingSession,1789084376,13,0,1
ykk5p8z9,16,1evcus8j,115,trader_bridge_app,ResumeTradingSession,1789084376,13,0,1
ykk5p8z9,17,wgz24zdb,115,trader_bridge_app,ResumeTradingSession,1789084376,13,0,1
ykk5p8z9,18,ogauv9f8,115,trader_bridge_app,ResumeTradingSession,1789084376,13,0,1
ykk5p8z9,9,lz6sdo3r,147,trader_bridge_app,DayBreak,1789084377,16,0,0
ykk5p8z9,7,zxclkk3l,147,trader_bridge_app,DayBreak,1789084380,16,0,0
ykk5p8z9,27,1nf2i0vh,174,trader_bridge_app,DayBreak,1789084396,19,1,0
ykk5p8z9,28,s0vl521h,178,trader_bridge_app,ResumeTradingSession,1789084398,20,0,1
ykk5p8z9,29,qs0z3czj,178,trader_bridge_app,ResumeTradingSession,1789084398,20,0,1
ykk5p8z9,30,ufzyavcw,178,trader_bridge_app,ResumeTradingSession,1789084398,20,0,1
ykk5p8z9,25,rf6q16rc,178,trader_bridge_app,ResumeTradingSession,1789084398,20,0,1
ykk5p8z9,26,qkzfdqnt,178,trader_bridge_app,ResumeTradingSession,1789084398,20,0,1
ykk5p8z9,27,1nf2i0vh,178,trader_bridge_app,ResumeTradingSession,1789084398,20,0,1
ykk5p8z9,5,gjhavmx0,165,trader_bridge_app,DayBreak,1789084398,18,1,0
ykk5p8z9,24,chkml8l5,162,trader_bridge_app,TradePage,1789084400,18,0,0
ykk5p8z9,23,8r753ujr,162,trader_bridge_app,TradePage,1789084408,18,0,0
ykk5p8z9,31,lkaj8gx3,234,trader_bridge_app,TradePage,1789084410,26,0,0
ykk5p8z9,31,lkaj8gx3,235,trader_bridge_app,PauseTradingSession,1789084411,26,0,1
ykk5p8z9,31,lkaj8gx3,237,trader_bridge_app,DayBreak,1789084413,26,0,0
ykk5p8z9,24,chkml8l5,165,trader_bridge_app,DayBreak,1789084418,18,0,0
ykk5p8z9,22,gy0oizb5,165,trader_bridge_app,DayBreak,1789084420,18,0,0
ykk5p8z9,15,ps4pdpc5,117,trader_bridge_app,TradePage,1789084437,13,0,0
ykk5p8z9,17,wgz24zdb,117,trader_bridge_app,TradePage,1789084437,13,0,0
ykk5p8z9,14,pn35uw2g,117,trader_bridge_app,TradePage,1789084437,13,0,0
ykk5p8z9,13,kirmcqky,117,trader_bridge_app,TradePage,1789084437,13,0,0
ykk5p8z9,18,ogauv9f8,117,trader_bridge_app,TradePage,1789084437,13,0,0
ykk5p8z9,16,1evcus8j,117,trader_bridge_app,TradePage,1789084437,13,0,0
ykk5p8z9,13,kirmcqky,118,trader_bridge_app,PauseTradingSession,1789084438,13,0,1
ykk5p8z9,14,pn35uw2g,118,trader_bridge_app,PauseTradingSession,1789084438,13,0,1
ykk5p8z9,15,ps4pdpc5,118,trader_bridge_app,PauseTradingSession,1789084438,13,0,1
ykk5p8z9,16,1evcus8j,118,trader_bridge_app,PauseTradingSession,1789084438,13,0,1
ykk5p8z9,23,8r753ujr,165,trader_bridge_app,DayBreak,1789084423,18,0,0
ykk5p8z9,19,h89ct0h3,165,trader_bridge_app,DayBreak,1789084424,18,0,0
ykk5p8z9,13,kirmcqky,118,trader_bridge_app,PauseTradingSession,1789084439,13,0,1
ykk5p8z9,14,pn35uw2g,118,trader_bridge_app,PauseTradingSession,1789084439,13,0,1
ykk5p8z9,15,ps4pdpc5,118,trader_bridge_app,PauseTradingSession,1789084439,13,0,1
ykk5p8z9,16,1evcus8j,118,trader_bridge_app,PauseTradingSession,1789084439,13,0,1
ykk5p8z9,17,wgz24zdb,118,trader_bridge_app,PauseTradingSession,1789084439,13,0,1
ykk5p8z9,18,ogauv9f8,118,trader_bridge_app,PauseTradingSession,1789084439,13,0,1
ykk5p8z9,15,ps4pdpc5,120,trader_bridge_app,DayBreak,1789084442,13,0,0
ykk5p8z9,19,h89ct0h3,168,trader_bridge_app,SyncTradingSession,1789084443,19,0,1
ykk5p8z9,20,oizn9530,168,trader_bridge_app,SyncTradingSession,1789084443,19,0,1
ykk5p8z9,21,3d0rzld9,168,trader_bridge_app,SyncTradingSession,1789084443,19,0,1
ykk5p8z9,22,gy0oizb5,168,trader_bridge_app,SyncTradingSession,1789084443,19,0,1
ykk5p8z9,23,8r753ujr,168,trader_bridge_app,SyncTradingSession,1789084443,19,0,1
ykk5p8z9,24,chkml8l5,168,trader_bridge_app,SyncTradingSession,1789084443,19,0,1
ykk5p8z9,10,5hdyag7g,153,trader_bridge_app,TradePage,1789084447,17,0,0
ykk5p8z9,12,g9e4scxb,153,trader_bridge_app,TradePage,1789084448,17,0,0
ykk5p8z9,8,99ctxiqw,153,trader_bridge_app,TradePage,1789084448,17,0,0
ykk5p8z9,19,h89ct0h3,169,trader_bridge_app,ResumeTradingSession,1789084449,19,0,1
ykk5p8z9,20,oizn9530,169,trader_bridge_app,ResumeTradingSession,1789084449,19,0,1
ykk5p8z9,21,3d0rzld9,169,trader_bridge_app,ResumeTradingSession,1789084449,19,0,1
ykk5p8z9,22,gy0oizb5,169,trader_bridge_app,ResumeTradingSession,1789084449,19,0,1
ykk5p8z9,23,8r753ujr,169,trader_bridge_app,ResumeTradingSession,1789084449,19,0,1
ykk5p8z9,24,chkml8l5,169,trader_bridge_app,ResumeTradingSession,1789084449,19,0,1
ykk5p8z9,18,ogauv9f8,120,trader_bridge_app,DayBreak,1789084449,13,0,0
ykk5p8z9,14,pn35uw2g,120,trader_bridge_app,DayBreak,1789084449,13,0,0
ykk5p8z9,16,1evcus8j,120,trader_bridge_app,DayBreak,1789084451,13,0,0
ykk5p8z9,25,rf6q16rc,180,trader_bridge_app,TradePage,1789084459,20,0,0
ykk5p8z9,29,qs0z3czj,180,trader_bridge_app,TradePage,1789084459,20,0,0
ykk5p8z9,30,ufzyavcw,180,trader_bridge_app,TradePage,1789084459,20,0,0
ykk5p8z9,17,wgz24zdb,120,trader_bridge_app,DayBreak,1789084459,13,1,0
ykk5p8z9,15,ps4pdpc5,124,trader_bridge_app,ResumeTradingSession,1789084460,14,0,1
ykk5p8z9,16,1evcus8j,124,trader_bridge_app,ResumeTradingSession,1789084460,14,0,1
ykk5p8z9,17,wgz24zdb,124,trader_bridge_app,ResumeTradingSession,1789084460,14,0,1
ykk5p8z9,13,kirmcqky,124,trader_bridge_app,ResumeTradingSession,1789084460,14,0,1
ykk5p8z9,18,ogauv9f8,124,trader_bridge_app,ResumeTradingSession,1789084460,14,0,1
ykk5p8z9,14,pn35uw2g,124,trader_bridge_app,ResumeTradingSession,1789084460,14,0,1
ykk5p8z9,4,03xcqsa5,171,trader_bridge_app,TradePage,1789084462,19,0,0
ykk5p8z9,7,zxclkk3l,153,trader_bridge_app,TradePage,1789084462,17,0,0
ykk5p8z9,7,zxclkk3l,154,trader_bridge_app,PauseTradingSession,1789084462,17,0,1
ykk5p8z9,9,lz6sdo3r,154,trader_bridge_app,PauseTradingSession,1789084462,17,0,1
ykk5p8z9,10,5hdyag7g,154,trader_bridge_app,PauseTradingSession,1789084462,17,0,1
ykk5p8z9,11,p591h2pv,154,trader_bridge_app,PauseTradingSession,1789084462,17,0,1
ykk5p8z9,12,g9e4scxb,154,trader_bridge_app,PauseTradingSession,1789084462,17,0,1
ykk5p8z9,8,99ctxiqw,154,trader_bridge_app,PauseTradingSession,1789084462,17,0,1
ykk5p8z9,2,38up52f8,171,trader_bridge_app,TradePage,1789084463,19,0,0
ykk5p8z9,11,p591h2pv,156,trader_bridge_app,DayBreak,1789084466,17,0,0
ykk5p8z9,8,99ctxiqw,156,trader_bridge_app,DayBreak,1789084466,17,0,0
ykk5p8z9,9,lz6sdo3r,156,trader_bridge_app,DayBreak,1789084468,17,0,0
ykk5p8z9,6,8zudctzx,171,trader_bridge_app,TradePage,1789084471,19,0,0
ykk5p8z9,1,78ek4e7n,172,trader_bridge_app,PauseTradingSession,1789084471,19,0,1
ykk5p8z9,17,wgz24zdb,118,trader_bridge_app,PauseTradingSession,1789084438,13,0,1
ykk5p8z9,18,ogauv9f8,118,trader_bridge_app,PauseTradingSession,1789084438,13,0,1
ykk5p8z9,13,kirmcqky,120,trader_bridge_app,DayBreak,1789084442,13,0,0
ykk5p8z9,20,oizn9530,165,trader_bridge_app,DayBreak,1789084443,18,1,0
ykk5p8z9,9,lz6sdo3r,153,trader_bridge_app,TradePage,1789084447,17,0,0
ykk5p8z9,11,p591h2pv,153,trader_bridge_app,TradePage,1789084448,17,0,0
ykk5p8z9,28,s0vl521h,180,trader_bridge_app,TradePage,1789084459,20,0,0
ykk5p8z9,26,qkzfdqnt,180,trader_bridge_app,TradePage,1789084461,20,0,0
ykk5p8z9,7,zxclkk3l,154,trader_bridge_app,PauseTradingSession,1789084462,17,0,1
ykk5p8z9,8,99ctxiqw,154,trader_bridge_app,PauseTradingSession,1789084462,17,0,1
ykk5p8z9,9,lz6sdo3r,154,trader_bridge_app,PauseTradingSession,1789084462,17,0,1
ykk5p8z9,10,5hdyag7g,154,trader_bridge_app,PauseTradingSession,1789084462,17,0,1
ykk5p8z9,11,p591h2pv,154,trader_bridge_app,PauseTradingSession,1789084462,17,0,1
ykk5p8z9,12,g9e4scxb,154,trader_bridge_app,PauseTradingSession,1789084462,17,0,1
ykk5p8z9,27,1nf2i0vh,180,trader_bridge_app,TradePage,1789084465,20,1,0
ykk5p8z9,28,s0vl521h,181,trader_bridge_app,PauseTradingSession,1789084465,20,0,1
ykk5p8z9,29,qs0z3czj,181,trader_bridge_app,PauseTradingSession,1789084465,20,0,1
ykk5p8z9,30,ufzyavcw,181,trader_bridge_app,PauseTradingSession,1789084465,20,0,1
ykk5p8z9,25,rf6q16rc,181,trader_bridge_app,PauseTradingSession,1789084465,20,0,1
ykk5p8z9,26,qkzfdqnt,181,trader_bridge_app,PauseTradingSession,1789084465,20,0,1
ykk5p8z9,27,1nf2i0vh,181,trader_bridge_app,PauseTradingSession,1789084465,20,0,1
ykk5p8z9,3,mx74stso,171,trader_bridge_app,TradePage,1789084466,19,0,0
ykk5p8z9,10,5hdyag7g,156,trader_bridge_app,DayBreak,1789084469,17,0,0
ykk5p8z9,1,78ek4e7n,171,trader_bridge_app,TradePage,1789084469,19,0,0
ykk5p8z9,28,s0vl521h,183,trader_bridge_app,DayBreak,1789084470,20,0,0
ykk5p8z9,5,gjhavmx0,171,trader_bridge_app,TradePage,1789084471,19,0,0
ykk5p8z9,7,zxclkk3l,160,trader_bridge_app,ResumeTradingSession,1789084473,18,0,1
ykk5p8z9,8,99ctxiqw,160,trader_bridge_app,ResumeTradingSession,1789084473,18,0,1
ykk5p8z9,9,lz6sdo3r,160,trader_bridge_app,ResumeTradingSession,1789084473,18,0,1
ykk5p8z9,10,5hdyag7g,160,trader_bridge_app,ResumeTradingSession,1789084473,18,0,1
ykk5p8z9,11,p591h2pv,160,trader_bridge_app,ResumeTradingSession,1789084473,18,0,1
ykk5p8z9,12,g9e4scxb,160,trader_bridge_app,ResumeTradingSession,1789084473,18,0,1
ykk5p8z9,25,rf6q16rc,183,trader_bridge_app,DayBreak,1789084473,20,0,0
ykk5p8z9,31,lkaj8gx3,243,trader_bridge_app,TradePage,1789084474,27,0,0
ykk5p8z9,3,mx74stso,174,trader_bridge_app,DayBreak,1789084474,19,0,0
ykk5p8z9,4,03xcqsa5,174,trader_bridge_app,DayBreak,1789084474,19,0,0
ykk5p8z9,31,lkaj8gx3,244,trader_bridge_app,PauseTradingSession,1789084474,27,0,1
ykk5p8z9,6,8zudctzx,174,trader_bridge_app,DayBreak,1789084475,19,0,0
ykk5p8z9,1,78ek4e7n,178,trader_bridge_app,ResumeTradingSession,1789084477,20,0,1
ykk5p8z9,2,38up52f8,178,trader_bridge_app,ResumeTradingSession,1789084477,20,0,1
ykk5p8z9,3,mx74stso,178,trader_bridge_app,ResumeTradingSession,1789084477,20,0,1
ykk5p8z9,4,03xcqsa5,178,trader_bridge_app,ResumeTradingSession,1789084477,20,0,1
ykk5p8z9,5,gjhavmx0,178,trader_bridge_app,ResumeTradingSession,1789084477,20,0,1
ykk5p8z9,6,8zudctzx,178,trader_bridge_app,ResumeTradingSession,1789084477,20,0,1
ykk5p8z9,29,qs0z3czj,183,trader_bridge_app,DayBreak,1789084480,20,0,0
ykk5p8z9,31,lkaj8gx3,246,trader_bridge_app,DayBreak,1789084491,27,0,0
ykk5p8z9,31,lkaj8gx3,250,trader_bridge_app,ResumeTradingSession,1789084491,28,0,1
ykk5p8z9,26,qkzfdqnt,187,trader_bridge_app,ResumeTradingSession,1789084493,21,0,1
ykk5p8z9,27,1nf2i0vh,187,trader_bridge_app,ResumeTradingSession,1789084493,21,0,1
ykk5p8z9,28,s0vl521h,187,trader_bridge_app,ResumeTradingSession,1789084493,21,0,1
ykk5p8z9,29,qs0z3czj,187,trader_bridge_app,ResumeTradingSession,1789084493,21,0,1
ykk5p8z9,2,38up52f8,172,trader_bridge_app,PauseTradingSession,1789084471,19,0,1
ykk5p8z9,3,mx74stso,172,trader_bridge_app,PauseTradingSession,1789084471,19,0,1
ykk5p8z9,4,03xcqsa5,172,trader_bridge_app,PauseTradingSession,1789084471,19,0,1
ykk5p8z9,5,gjhavmx0,172,trader_bridge_app,PauseTradingSession,1789084471,19,0,1
ykk5p8z9,6,8zudctzx,172,trader_bridge_app,PauseTradingSession,1789084471,19,0,1
ykk5p8z9,26,qkzfdqnt,183,trader_bridge_app,DayBreak,1789084471,20,0,0
ykk5p8z9,7,zxclkk3l,156,trader_bridge_app,DayBreak,1789084472,17,0,0
ykk5p8z9,12,g9e4scxb,156,trader_bridge_app,DayBreak,1789084473,17,0,0
ykk5p8z9,30,ufzyavcw,183,trader_bridge_app,DayBreak,1789084473,20,0,0
ykk5p8z9,5,gjhavmx0,174,trader_bridge_app,DayBreak,1789084476,19,0,0
ykk5p8z9,1,78ek4e7n,174,trader_bridge_app,DayBreak,1789084477,19,0,0
ykk5p8z9,2,38up52f8,174,trader_bridge_app,DayBreak,1789084477,19,0,0
ykk5p8z9,27,1nf2i0vh,183,trader_bridge_app,DayBreak,1789084493,20,1,0
ykk5p8z9,25,rf6q16rc,187,trader_bridge_app,ResumeTradingSession,1789084493,21,0,1
ykk5p8z9,26,qkzfdqnt,187,trader_bridge_app,ResumeTradingSession,1789084493,21,0,1
ykk5p8z9,27,1nf2i0vh,187,trader_bridge_app,ResumeTradingSession,1789084493,21,0,1
ykk5p8z9,28,s0vl521h,187,trader_bridge_app,ResumeTradingSession,1789084493,21,0,1
ykk5p8z9,29,qs0z3czj,187,trader_bridge_app,ResumeTradingSession,1789084493,21,0,1
ykk5p8z9,30,ufzyavcw,187,trader_bridge_app,ResumeTradingSession,1789084493,21,0,1
ykk5p8z9,20,oizn9530,171,trader_bridge_app,TradePage,1789084510,19,0,0
ykk5p8z9,19,h89ct0h3,171,trader_bridge_app,TradePage,1789084510,19,0,0
ykk5p8z9,22,gy0oizb5,172,trader_bridge_app,PauseTradingSession,1789084515,19,0,1
ykk5p8z9,19,h89ct0h3,172,trader_bridge_app,PauseTradingSession,1789084515,19,0,1
ykk5p8z9,20,oizn9530,172,trader_bridge_app,PauseTradingSession,1789084515,19,0,1
ykk5p8z9,21,3d0rzld9,172,trader_bridge_app,PauseTradingSession,1789084515,19,0,1
ykk5p8z9,23,8r753ujr,172,trader_bridge_app,PauseTradingSession,1789084515,19,0,1
ykk5p8z9,24,chkml8l5,172,trader_bridge_app,PauseTradingSession,1789084515,19,0,1
ykk5p8z9,24,chkml8l5,174,trader_bridge_app,DayBreak,1789084518,19,0,0
ykk5p8z9,15,ps4pdpc5,126,trader_bridge_app,TradePage,1789084520,14,0,0
ykk5p8z9,20,oizn9530,174,trader_bridge_app,DayBreak,1789084524,19,0,0
ykk5p8z9,19,h89ct0h3,178,trader_bridge_app,ResumeTradingSession,1789084524,20,0,1
ykk5p8z9,20,oizn9530,178,trader_bridge_app,ResumeTradingSession,1789084524,20,0,1
ykk5p8z9,21,3d0rzld9,178,trader_bridge_app,ResumeTradingSession,1789084524,20,0,1
ykk5p8z9,22,gy0oizb5,178,trader_bridge_app,ResumeTradingSession,1789084524,20,0,1
ykk5p8z9,23,8r753ujr,178,trader_bridge_app,ResumeTradingSession,1789084524,20,0,1
ykk5p8z9,24,chkml8l5,178,trader_bridge_app,ResumeTradingSession,1789084524,20,0,1
ykk5p8z9,16,1evcus8j,129,trader_bridge_app,DayBreak,1789084533,14,0,0
ykk5p8z9,10,5hdyag7g,162,trader_bridge_app,TradePage,1789084534,18,0,0
ykk5p8z9,11,p591h2pv,162,trader_bridge_app,TradePage,1789084534,18,0,0
ykk5p8z9,14,pn35uw2g,129,trader_bridge_app,DayBreak,1789084536,14,0,0
ykk5p8z9,2,38up52f8,180,trader_bridge_app,TradePage,1789084538,20,0,0
ykk5p8z9,12,g9e4scxb,164,trader_bridge_app,FinalizeTradingSession,1789084543,18,0,1
ykk5p8z9,7,zxclkk3l,164,trader_bridge_app,FinalizeTradingSession,1789084543,18,0,1
ykk5p8z9,8,99ctxiqw,164,trader_bridge_app,FinalizeTradingSession,1789084543,18,0,1
ykk5p8z9,9,lz6sdo3r,164,trader_bridge_app,FinalizeTradingSession,1789084543,18,0,1
ykk5p8z9,10,5hdyag7g,164,trader_bridge_app,FinalizeTradingSession,1789084543,18,0,1
ykk5p8z9,11,p591h2pv,164,trader_bridge_app,FinalizeTradingSession,1789084543,18,0,1
ykk5p8z9,5,gjhavmx0,180,trader_bridge_app,TradePage,1789084545,20,0,0
ykk5p8z9,3,mx74stso,180,trader_bridge_app,TradePage,1789084546,20,0,0
ykk5p8z9,18,ogauv9f8,129,trader_bridge_app,DayBreak,1789084546,14,0,0
ykk5p8z9,9,lz6sdo3r,165,trader_bridge_app,DayBreak,1789084552,18,0,0
ykk5p8z9,30,ufzyavcw,187,trader_bridge_app,ResumeTradingSession,1789084493,21,0,1
ykk5p8z9,25,rf6q16rc,187,trader_bridge_app,ResumeTradingSession,1789084493,21,0,1
ykk5p8z9,24,chkml8l5,171,trader_bridge_app,TradePage,1789084510,19,0,0
ykk5p8z9,23,8r753ujr,171,trader_bridge_app,TradePage,1789084510,19,0,0
ykk5p8z9,21,3d0rzld9,171,trader_bridge_app,TradePage,1789084510,19,0,0
ykk5p8z9,22,gy0oizb5,171,trader_bridge_app,TradePage,1789084510,19,0,0
ykk5p8z9,22,gy0oizb5,174,trader_bridge_app,DayBreak,1789084518,19,0,0
ykk5p8z9,21,3d0rzld9,174,trader_bridge_app,DayBreak,1789084519,19,0,0
ykk5p8z9,19,h89ct0h3,174,trader_bridge_app,DayBreak,1789084520,19,0,0
ykk5p8z9,17,wgz24zdb,126,trader_bridge_app,TradePage,1789084520,14,0,0
ykk5p8z9,16,1evcus8j,126,trader_bridge_app,TradePage,1789084520,14,0,0
ykk5p8z9,23,8r753ujr,174,trader_bridge_app,DayBreak,1789084522,19,0,0
ykk5p8z9,18,ogauv9f8,126,trader_bridge_app,TradePage,1789084523,14,0,0
ykk5p8z9,13,kirmcqky,126,trader_bridge_app,TradePage,1789084524,14,0,0
ykk5p8z9,14,pn35uw2g,126,trader_bridge_app,TradePage,1789084529,14,0,0
ykk5p8z9,13,kirmcqky,127,trader_bridge_app,PauseTradingSession,1789084529,14,0,1
ykk5p8z9,14,pn35uw2g,127,trader_bridge_app,PauseTradingSession,1789084529,14,0,1
ykk5p8z9,15,ps4pdpc5,127,trader_bridge_app,PauseTradingSession,1789084529,14,0,1
ykk5p8z9,16,1evcus8j,127,trader_bridge_app,PauseTradingSession,1789084529,14,0,1
ykk5p8z9,17,wgz24zdb,127,trader_bridge_app,PauseTradingSession,1789084529,14,0,1
ykk5p8z9,18,ogauv9f8,127,trader_bridge_app,PauseTradingSession,1789084529,14,0,1
ykk5p8z9,12,g9e4scxb,162,trader_bridge_app,TradePage,1789084534,18,0,0
ykk5p8z9,9,lz6sdo3r,162,trader_bridge_app,TradePage,1789084534,18,0,0
ykk5p8z9,7,zxclkk3l,162,trader_bridge_app,TradePage,1789084534,18,0,0
ykk5p8z9,15,ps4pdpc5,129,trader_bridge_app,DayBreak,1789084534,14,0,0
ykk5p8z9,13,kirmcqky,129,trader_bridge_app,DayBreak,1789084535,14,0,0
ykk5p8z9,4,03xcqsa5,180,trader_bridge_app,TradePage,1789084538,20,0,0
ykk5p8z9,6,8zudctzx,180,trader_bridge_app,TradePage,1789084538,20,0,0
ykk5p8z9,8,99ctxiqw,162,trader_bridge_app,TradePage,1789084539,18,0,0
ykk5p8z9,1,78ek4e7n,180,trader_bridge_app,TradePage,1789084550,20,0,0
ykk5p8z9,1,78ek4e7n,181,trader_bridge_app,PauseTradingSession,1789084550,20,0,1
ykk5p8z9,2,38up52f8,181,trader_bridge_app,PauseTradingSession,1789084550,20,0,1
ykk5p8z9,3,mx74stso,181,trader_bridge_app,PauseTradingSession,1789084550,20,0,1
ykk5p8z9,4,03xcqsa5,181,trader_bridge_app,PauseTradingSession,1789084550,20,0,1
ykk5p8z9,5,gjhavmx0,181,trader_bridge_app,PauseTradingSession,1789084550,20,0,1
ykk5p8z9,6,8zudctzx,181,trader_bridge_app,PauseTradingSession,1789084550,20,0,1
ykk5p8z9,31,lkaj8gx3,252,trader_bridge_app,TradePage,1789084552,28,0,0
ykk5p8z9,5,gjhavmx0,183,trader_bridge_app,DayBreak,1789084552,20,0,0
ykk5p8z9,31,lkaj8gx3,253,trader_bridge_app,PauseTradingSession,1789084552,28,0,1
ykk5p8z9,4,03xcqsa5,183,trader_bridge_app,DayBreak,1789084553,20,0,0
ykk5p8z9,2,38up52f8,183,trader_bridge_app,DayBreak,1789084554,20,0,0
ykk5p8z9,26,qkzfdqnt,189,trader_bridge_app,TradePage,1789084554,21,0,0
ykk5p8z9,3,mx74stso,183,trader_bridge_app,DayBreak,1789084555,20,0,0
ykk5p8z9,30,ufzyavcw,189,trader_bridge_app,TradePage,1789084555,21,0,0
ykk5p8z9,17,wgz24zdb,129,trader_bridge_app,DayBreak,1789084555,14,1,0
ykk5p8z9,31,lkaj8gx3,255,trader_bridge_app,DayBreak,1789084556,28,0,0
ykk5p8z9,10,5hdyag7g,165,trader_bridge_app,DayBreak,1789084557,18,0,0
ykk5p8z9,25,rf6q16rc,190,trader_bridge_app,PauseTradingSession,1789084560,21,0,1
ykk5p8z9,26,qkzfdqnt,190,trader_bridge_app,PauseTradingSession,1789084560,21,0,1
ykk5p8z9,27,1nf2i0vh,190,trader_bridge_app,PauseTradingSession,1789084560,21,0,1
ykk5p8z9,28,s0vl521h,190,trader_bridge_app,PauseTradingSession,1789084560,21,0,1
ykk5p8z9,7,zxclkk3l,165,trader_bridge_app,DayBreak,1789084552,18,0,0
ykk5p8z9,28,s0vl521h,189,trader_bridge_app,TradePage,1789084554,21,0,0
ykk5p8z9,25,rf6q16rc,189,trader_bridge_app,TradePage,1789084555,21,0,0
ykk5p8z9,29,qs0z3czj,189,trader_bridge_app,TradePage,1789084555,21,0,0
ykk5p8z9,13,kirmcqky,133,trader_bridge_app,ResumeTradingSession,1789084555,15,0,1
ykk5p8z9,14,pn35uw2g,133,trader_bridge_app,ResumeTradingSession,1789084555,15,0,1
ykk5p8z9,15,ps4pdpc5,133,trader_bridge_app,ResumeTradingSession,1789084555,15,0,1
ykk5p8z9,16,1evcus8j,133,trader_bridge_app,ResumeTradingSession,1789084555,15,0,1
ykk5p8z9,17,wgz24zdb,133,trader_bridge_app,ResumeTradingSession,1789084555,15,0,1
ykk5p8z9,18,ogauv9f8,133,trader_bridge_app,ResumeTradingSession,1789084555,15,0,1
ykk5p8z9,1,78ek4e7n,183,trader_bridge_app,DayBreak,1789084555,20,0,0
ykk5p8z9,31,lkaj8gx3,259,trader_bridge_app,ResumeTradingSession,1789084556,29,0,1
ykk5p8z9,27,1nf2i0vh,189,trader_bridge_app,TradePage,1789084560,21,1,0
ykk5p8z9,27,1nf2i0vh,190,trader_bridge_app,PauseTradingSession,1789084560,21,0,1
ykk5p8z9,25,rf6q16rc,190,trader_bridge_app,PauseTradingSession,1789084560,21,0,1
ykk5p8z9,26,qkzfdqnt,190,trader_bridge_app,PauseTradingSession,1789084560,21,0,1
ykk5p8z9,28,s0vl521h,190,trader_bridge_app,PauseTradingSession,1789084560,21,0,1
ykk5p8z9,29,qs0z3czj,190,trader_bridge_app,PauseTradingSession,1789084560,21,0,1
ykk5p8z9,30,ufzyavcw,190,trader_bridge_app,PauseTradingSession,1789084560,21,0,1
ykk5p8z9,11,p591h2pv,165,trader_bridge_app,DayBreak,1789084564,18,0,0
ykk5p8z9,25,rf6q16rc,192,trader_bridge_app,DayBreak,1789084573,21,0,0
ykk5p8z9,8,99ctxiqw,165,trader_bridge_app,DayBreak,1789084574,18,1,0
ykk5p8z9,7,zxclkk3l,168,trader_bridge_app,SyncTradingSession,1789084574,19,0,1
ykk5p8z9,8,99ctxiqw,168,trader_bridge_app,SyncTradingSession,1789084574,19,0,1
ykk5p8z9,9,lz6sdo3r,168,trader_bridge_app,SyncTradingSession,1789084574,19,0,1
ykk5p8z9,10,5hdyag7g,168,trader_bridge_app,SyncTradingSession,1789084574,19,0,1
ykk5p8z9,11,p591h2pv,168,trader_bridge_app,SyncTradingSession,1789084574,19,0,1
ykk5p8z9,12,g9e4scxb,168,trader_bridge_app,SyncTradingSession,1789084574,19,0,1
ykk5p8z9,7,zxclkk3l,169,trader_bridge_app,ResumeTradingSession,1789084584,19,0,1
ykk5p8z9,8,99ctxiqw,169,trader_bridge_app,ResumeTradingSession,1789084584,19,0,1
ykk5p8z9,9,lz6sdo3r,169,trader_bridge_app,ResumeTradingSession,1789084584,19,0,1
ykk5p8z9,10,5hdyag7g,169,trader_bridge_app,ResumeTradingSession,1789084584,19,0,1
ykk5p8z9,11,p591h2pv,169,trader_bridge_app,ResumeTradingSession,1789084584,19,0,1
ykk5p8z9,12,g9e4scxb,169,trader_bridge_app,ResumeTradingSession,1789084584,19,0,1
ykk5p8z9,22,gy0oizb5,180,trader_bridge_app,TradePage,1789084585,20,0,0
ykk5p8z9,6,8zudctzx,183,trader_bridge_app,DayBreak,1789084590,20,1,0
ykk5p8z9,1,78ek4e7n,187,trader_bridge_app,ResumeTradingSession,1789084591,21,0,1
ykk5p8z9,2,38up52f8,187,trader_bridge_app,ResumeTradingSession,1789084591,21,0,1
ykk5p8z9,3,mx74stso,187,trader_bridge_app,ResumeTradingSession,1789084591,21,0,1
ykk5p8z9,4,03xcqsa5,187,trader_bridge_app,ResumeTradingSession,1789084591,21,0,1
ykk5p8z9,5,gjhavmx0,187,trader_bridge_app,ResumeTradingSession,1789084591,21,0,1
ykk5p8z9,6,8zudctzx,187,trader_bridge_app,ResumeTradingSession,1789084591,21,0,1
ykk5p8z9,24,chkml8l5,180,trader_bridge_app,TradePage,1789084591,20,0,0
ykk5p8z9,23,8r753ujr,181,trader_bridge_app,PauseTradingSession,1789084591,20,0,1
ykk5p8z9,24,chkml8l5,181,trader_bridge_app,PauseTradingSession,1789084591,20,0,1
ykk5p8z9,19,h89ct0h3,181,trader_bridge_app,PauseTradingSession,1789084591,20,0,1
ykk5p8z9,20,oizn9530,181,trader_bridge_app,PauseTradingSession,1789084591,20,0,1
ykk5p8z9,21,3d0rzld9,181,trader_bridge_app,PauseTradingSession,1789084591,20,0,1
ykk5p8z9,22,gy0oizb5,181,trader_bridge_app,PauseTradingSession,1789084591,20,0,1
ykk5p8z9,21,3d0rzld9,183,trader_bridge_app,DayBreak,1789084596,20,0,0
ykk5p8z9,24,chkml8l5,183,trader_bridge_app,DayBreak,1789084596,20,0,0
ykk5p8z9,29,qs0z3czj,190,trader_bridge_app,PauseTradingSession,1789084560,21,0,1
ykk5p8z9,30,ufzyavcw,190,trader_bridge_app,PauseTradingSession,1789084560,21,0,1
ykk5p8z9,12,g9e4scxb,165,trader_bridge_app,DayBreak,1789084567,18,0,0
ykk5p8z9,30,ufzyavcw,192,trader_bridge_app,DayBreak,1789084572,21,0,0
ykk5p8z9,26,qkzfdqnt,192,trader_bridge_app,DayBreak,1789084574,21,0,0
ykk5p8z9,28,s0vl521h,192,trader_bridge_app,DayBreak,1789084574,21,0,0
ykk5p8z9,29,qs0z3czj,192,trader_bridge_app,DayBreak,1789084576,21,0,0
ykk5p8z9,7,zxclkk3l,169,trader_bridge_app,ResumeTradingSession,1789084584,19,0,1
ykk5p8z9,8,99ctxiqw,169,trader_bridge_app,ResumeTradingSession,1789084584,19,0,1
ykk5p8z9,9,lz6sdo3r,169,trader_bridge_app,ResumeTradingSession,1789084584,19,0,1
ykk5p8z9,10,5hdyag7g,169,trader_bridge_app,ResumeTradingSession,1789084584,19,0,1
ykk5p8z9,11,p591h2pv,169,trader_bridge_app,ResumeTradingSession,1789084584,19,0,1
ykk5p8z9,12,g9e4scxb,169,trader_bridge_app,ResumeTradingSession,1789084584,19,0,1
ykk5p8z9,23,8r753ujr,180,trader_bridge_app,TradePage,1789084585,20,0,0
ykk5p8z9,20,oizn9530,180,trader_bridge_app,TradePage,1789084585,20,0,0
ykk5p8z9,21,3d0rzld9,180,trader_bridge_app,TradePage,1789084585,20,0,0
ykk5p8z9,19,h89ct0h3,180,trader_bridge_app,TradePage,1789084585,20,0,0
ykk5p8z9,27,1nf2i0vh,192,trader_bridge_app,DayBreak,1789084587,21,1,0
ykk5p8z9,30,ufzyavcw,196,trader_bridge_app,ResumeTradingSession,1789084587,22,0,1
ykk5p8z9,25,rf6q16rc,196,trader_bridge_app,ResumeTradingSession,1789084587,22,0,1
ykk5p8z9,26,qkzfdqnt,196,trader_bridge_app,ResumeTradingSession,1789084587,22,0,1
ykk5p8z9,27,1nf2i0vh,196,trader_bridge_app,ResumeTradingSession,1789084587,22,0,1
ykk5p8z9,28,s0vl521h,196,trader_bridge_app,ResumeTradingSession,1789084587,22,0,1
ykk5p8z9,29,qs0z3czj,196,trader_bridge_app,ResumeTradingSession,1789084587,22,0,1
ykk5p8z9,6,8zudctzx,183,trader_bridge_app,DayBreak,1789084590,20,1,0
ykk5p8z9,1,78ek4e7n,187,trader_bridge_app,ResumeTradingSession,1789084591,21,0,1
ykk5p8z9,2,38up52f8,187,trader_bridge_app,ResumeTradingSession,1789084591,21,0,1
ykk5p8z9,3,mx74stso,187,trader_bridge_app,ResumeTradingSession,1789084591,21,0,1
ykk5p8z9,4,03xcqsa5,187,trader_bridge_app,ResumeTradingSession,1789084591,21,0,1
ykk5p8z9,5,gjhavmx0,187,trader_bridge_app,ResumeTradingSession,1789084591,21,0,1
ykk5p8z9,6,8zudctzx,187,trader_bridge_app,ResumeTradingSession,1789084591,21,0,1
ykk5p8z9,22,gy0oizb5,183,trader_bridge_app,DayBreak,1789084595,20,0,0
ykk5p8z9,23,8r753ujr,183,trader_bridge_app,DayBreak,1789084597,20,0,0
ykk5p8z9,19,h89ct0h3,183,trader_bridge_app,DayBreak,1789084600,20,0,0
ykk5p8z9,24,chkml8l5,187,trader_bridge_app,ResumeTradingSession,1789084600,21,0,1
ykk5p8z9,19,h89ct0h3,187,trader_bridge_app,ResumeTradingSession,1789084600,21,0,1
ykk5p8z9,20,oizn9530,187,trader_bridge_app,ResumeTradingSession,1789084600,21,0,1
ykk5p8z9,21,3d0rzld9,187,trader_bridge_app,ResumeTradingSession,1789084600,21,0,1
ykk5p8z9,22,gy0oizb5,187,trader_bridge_app,ResumeTradingSession,1789084600,21,0,1
ykk5p8z9,23,8r753ujr,187,trader_bridge_app,ResumeTradingSession,1789084600,21,0,1
ykk5p8z9,31,lkaj8gx3,261,trader_bridge_app,TradePage,1789084617,29,0,0
ykk5p8z9,31,lkaj8gx3,262,trader_bridge_app,PauseTradingSession,1789084618,29,0,1
ykk5p8z9,31,lkaj8gx3,264,trader_bridge_app,DayBreak,1789084622,29,0,0
ykk5p8z9,18,ogauv9f8,138,trader_bridge_app,DayBreak,1789084637,15,0,0
ykk5p8z9,17,wgz24zdb,138,trader_bridge_app,DayBreak,1789084641,15,0,0
ykk5p8z9,10,5hdyag7g,171,trader_bridge_app,TradePage,1789084645,19,0,0
ykk5p8z9,12,g9e4scxb,172,trader_bridge_app,PauseTradingSession,1789084646,19,0,1
ykk5p8z9,9,lz6sdo3r,172,trader_bridge_app,PauseTradingSession,1789084646,19,0,1
ykk5p8z9,7,zxclkk3l,172,trader_bridge_app,PauseTradingSession,1789084646,19,0,1
ykk5p8z9,8,99ctxiqw,172,trader_bridge_app,PauseTradingSession,1789084646,19,0,1
ykk5p8z9,10,5hdyag7g,172,trader_bridge_app,PauseTradingSession,1789084646,19,0,1
ykk5p8z9,20,oizn9530,183,trader_bridge_app,DayBreak,1789084600,20,0,0
ykk5p8z9,19,h89ct0h3,187,trader_bridge_app,ResumeTradingSession,1789084600,21,0,1
ykk5p8z9,20,oizn9530,187,trader_bridge_app,ResumeTradingSession,1789084600,21,0,1
ykk5p8z9,21,3d0rzld9,187,trader_bridge_app,ResumeTradingSession,1789084600,21,0,1
ykk5p8z9,22,gy0oizb5,187,trader_bridge_app,ResumeTradingSession,1789084600,21,0,1
ykk5p8z9,23,8r753ujr,187,trader_bridge_app,ResumeTradingSession,1789084600,21,0,1
ykk5p8z9,24,chkml8l5,187,trader_bridge_app,ResumeTradingSession,1789084600,21,0,1
ykk5p8z9,16,1evcus8j,135,trader_bridge_app,TradePage,1789084616,15,0,0
ykk5p8z9,17,wgz24zdb,135,trader_bridge_app,TradePage,1789084616,15,0,0
ykk5p8z9,14,pn35uw2g,135,trader_bridge_app,TradePage,1789084617,15,0,0
ykk5p8z9,15,ps4pdpc5,135,trader_bridge_app,TradePage,1789084619,15,0,0
ykk5p8z9,13,kirmcqky,135,trader_bridge_app,TradePage,1789084621,15,0,0
ykk5p8z9,31,lkaj8gx3,268,trader_bridge_app,ResumeTradingSession,1789084623,30,0,1
ykk5p8z9,18,ogauv9f8,135,trader_bridge_app,TradePage,1789084626,15,0,0
ykk5p8z9,13,kirmcqky,136,trader_bridge_app,PauseTradingSession,1789084627,15,0,1
ykk5p8z9,14,pn35uw2g,136,trader_bridge_app,PauseTradingSession,1789084627,15,0,1
ykk5p8z9,15,ps4pdpc5,136,trader_bridge_app,PauseTradingSession,1789084627,15,0,1
ykk5p8z9,16,1evcus8j,136,trader_bridge_app,PauseTradingSession,1789084627,15,0,1
ykk5p8z9,17,wgz24zdb,136,trader_bridge_app,PauseTradingSession,1789084627,15,0,1
ykk5p8z9,18,ogauv9f8,136,trader_bridge_app,PauseTradingSession,1789084627,15,0,1
ykk5p8z9,13,kirmcqky,138,trader_bridge_app,DayBreak,1789084639,15,0,0
ykk5p8z9,14,pn35uw2g,138,trader_bridge_app,DayBreak,1789084643,15,0,0
ykk5p8z9,12,g9e4scxb,171,trader_bridge_app,TradePage,1789084645,19,0,0
ykk5p8z9,8,99ctxiqw,171,trader_bridge_app,TradePage,1789084645,19,0,0
ykk5p8z9,7,zxclkk3l,171,trader_bridge_app,TradePage,1789084645,19,0,0
ykk5p8z9,11,p591h2pv,171,trader_bridge_app,TradePage,1789084645,19,0,0
ykk5p8z9,9,lz6sdo3r,171,trader_bridge_app,TradePage,1789084645,19,0,0
ykk5p8z9,15,ps4pdpc5,138,trader_bridge_app,DayBreak,1789084645,15,0,0
ykk5p8z9,12,g9e4scxb,172,trader_bridge_app,PauseTradingSession,1789084645,19,0,1
ykk5p8z9,7,zxclkk3l,172,trader_bridge_app,PauseTradingSession,1789084645,19,0,1
ykk5p8z9,8,99ctxiqw,172,trader_bridge_app,PauseTradingSession,1789084645,19,0,1
ykk5p8z9,9,lz6sdo3r,172,trader_bridge_app,PauseTradingSession,1789084645,19,0,1
ykk5p8z9,10,5hdyag7g,172,trader_bridge_app,PauseTradingSession,1789084645,19,0,1
ykk5p8z9,11,p591h2pv,172,trader_bridge_app,PauseTradingSession,1789084645,19,0,1
ykk5p8z9,9,lz6sdo3r,174,trader_bridge_app,DayBreak,1789084648,19,0,0
ykk5p8z9,30,ufzyavcw,198,trader_bridge_app,TradePage,1789084649,22,0,0
ykk5p8z9,29,qs0z3czj,198,trader_bridge_app,TradePage,1789084650,22,0,0
ykk5p8z9,13,kirmcqky,142,trader_bridge_app,ResumeTradingSession,1789084651,16,0,1
ykk5p8z9,14,pn35uw2g,142,trader_bridge_app,ResumeTradingSession,1789084651,16,0,1
ykk5p8z9,15,ps4pdpc5,142,trader_bridge_app,ResumeTradingSession,1789084651,16,0,1
ykk5p8z9,16,1evcus8j,142,trader_bridge_app,ResumeTradingSession,1789084651,16,0,1
ykk5p8z9,17,wgz24zdb,142,trader_bridge_app,ResumeTradingSession,1789084651,16,0,1
ykk5p8z9,18,ogauv9f8,142,trader_bridge_app,ResumeTradingSession,1789084651,16,0,1
ykk5p8z9,2,38up52f8,189,trader_bridge_app,TradePage,1789084651,21,0,0
ykk5p8z9,3,mx74stso,189,trader_bridge_app,TradePage,1789084651,21,0,0
ykk5p8z9,2,38up52f8,190,trader_bridge_app,PauseTradingSession,1789084652,21,0,1
ykk5p8z9,3,mx74stso,190,trader_bridge_app,PauseTradingSession,1789084652,21,0,1
ykk5p8z9,4,03xcqsa5,190,trader_bridge_app,PauseTradingSession,1789084652,21,0,1
ykk5p8z9,5,gjhavmx0,190,trader_bridge_app,PauseTradingSession,1789084652,21,0,1
ykk5p8z9,6,8zudctzx,190,trader_bridge_app,PauseTradingSession,1789084652,21,0,1
ykk5p8z9,1,78ek4e7n,190,trader_bridge_app,PauseTradingSession,1789084652,21,0,1
ykk5p8z9,11,p591h2pv,172,trader_bridge_app,PauseTradingSession,1789084646,19,0,1
ykk5p8z9,28,s0vl521h,198,trader_bridge_app,TradePage,1789084648,22,0,0
ykk5p8z9,25,rf6q16rc,198,trader_bridge_app,TradePage,1789084648,22,0,0
ykk5p8z9,7,zxclkk3l,174,trader_bridge_app,DayBreak,1789084649,19,0,0
ykk5p8z9,11,p591h2pv,174,trader_bridge_app,DayBreak,1789084649,19,0,0
ykk5p8z9,8,99ctxiqw,174,trader_bridge_app,DayBreak,1789084650,19,0,0
ykk5p8z9,10,5hdyag7g,174,trader_bridge_app,DayBreak,1789084650,19,0,0
ykk5p8z9,16,1evcus8j,138,trader_bridge_app,DayBreak,1789084651,15,0,0
ykk5p8z9,6,8zudctzx,189,trader_bridge_app,TradePage,1789084651,21,0,0
ykk5p8z9,13,kirmcqky,142,trader_bridge_app,ResumeTradingSession,1789084651,16,0,1
ykk5p8z9,14,pn35uw2g,142,trader_bridge_app,ResumeTradingSession,1789084651,16,0,1
ykk5p8z9,15,ps4pdpc5,142,trader_bridge_app,ResumeTradingSession,1789084651,16,0,1
ykk5p8z9,16,1evcus8j,142,trader_bridge_app,ResumeTradingSession,1789084651,16,0,1
ykk5p8z9,17,wgz24zdb,142,trader_bridge_app,ResumeTradingSession,1789084651,16,0,1
ykk5p8z9,18,ogauv9f8,142,trader_bridge_app,ResumeTradingSession,1789084651,16,0,1
ykk5p8z9,1,78ek4e7n,189,trader_bridge_app,TradePage,1789084652,21,0,0
ykk5p8z9,4,03xcqsa5,189,trader_bridge_app,TradePage,1789084652,21,0,0
ykk5p8z9,5,gjhavmx0,189,trader_bridge_app,TradePage,1789084652,21,0,0
ykk5p8z9,1,78ek4e7n,190,trader_bridge_app,PauseTradingSession,1789084652,21,0,1
ykk5p8z9,2,38up52f8,190,trader_bridge_app,PauseTradingSession,1789084652,21,0,1
ykk5p8z9,3,mx74stso,190,trader_bridge_app,PauseTradingSession,1789084652,21,0,1
ykk5p8z9,4,03xcqsa5,190,trader_bridge_app,PauseTradingSession,1789084652,21,0,1
ykk5p8z9,5,gjhavmx0,190,trader_bridge_app,PauseTradingSession,1789084652,21,0,1
ykk5p8z9,6,8zudctzx,190,trader_bridge_app,PauseTradingSession,1789084652,21,0,1
ykk5p8z9,12,g9e4scxb,174,trader_bridge_app,DayBreak,1789084652,19,0,0
ykk5p8z9,7,zxclkk3l,178,trader_bridge_app,ResumeTradingSession,1789084653,20,0,1
ykk5p8z9,8,99ctxiqw,178,trader_bridge_app,ResumeTradingSession,1789084653,20,0,1
ykk5p8z9,9,lz6sdo3r,178,trader_bridge_app,ResumeTradingSession,1789084653,20,0,1
ykk5p8z9,12,g9e4scxb,178,trader_bridge_app,ResumeTradingSession,1789084653,20,0,1
ykk5p8z9,10,5hdyag7g,178,trader_bridge_app,ResumeTradingSession,1789084653,20,0,1
ykk5p8z9,11,p591h2pv,178,trader_bridge_app,ResumeTradingSession,1789084653,20,0,1
ykk5p8z9,27,1nf2i0vh,198,trader_bridge_app,TradePage,1789084654,22,1,0
ykk5p8z9,2,38up52f8,192,trader_bridge_app,DayBreak,1789084658,21,0,0
ykk5p8z9,23,8r753ujr,189,trader_bridge_app,TradePage,1789084661,21,0,0
ykk5p8z9,20,oizn9530,189,trader_bridge_app,TradePage,1789084661,21,0,0
ykk5p8z9,19,h89ct0h3,189,trader_bridge_app,TradePage,1789084661,21,0,0
ykk5p8z9,4,03xcqsa5,192,trader_bridge_app,DayBreak,1789084663,21,0,0
ykk5p8z9,6,8zudctzx,192,trader_bridge_app,DayBreak,1789084663,21,0,0
ykk5p8z9,30,ufzyavcw,201,trader_bridge_app,DayBreak,1789084664,22,0,0
ykk5p8z9,29,qs0z3czj,201,trader_bridge_app,DayBreak,1789084665,22,0,0
ykk5p8z9,26,qkzfdqnt,201,trader_bridge_app,DayBreak,1789084665,22,0,0
ykk5p8z9,3,mx74stso,192,trader_bridge_app,DayBreak,1789084667,21,0,0
ykk5p8z9,2,38up52f8,196,trader_bridge_app,ResumeTradingSession,1789084668,22,0,1
ykk5p8z9,3,mx74stso,196,trader_bridge_app,ResumeTradingSession,1789084668,22,0,1
ykk5p8z9,4,03xcqsa5,196,trader_bridge_app,ResumeTradingSession,1789084668,22,0,1
ykk5p8z9,1,78ek4e7n,196,trader_bridge_app,ResumeTradingSession,1789084668,22,0,1
ykk5p8z9,5,gjhavmx0,196,trader_bridge_app,ResumeTradingSession,1789084668,22,0,1
ykk5p8z9,6,8zudctzx,196,trader_bridge_app,ResumeTradingSession,1789084668,22,0,1
ykk5p8z9,22,gy0oizb5,192,trader_bridge_app,DayBreak,1789084673,21,0,0
ykk5p8z9,23,8r753ujr,192,trader_bridge_app,DayBreak,1789084674,21,0,0
ykk5p8z9,24,chkml8l5,192,trader_bridge_app,DayBreak,1789084680,21,0,0
ykk5p8z9,27,1nf2i0vh,198,trader_bridge_app,TradePage,1789084654,22,1,0
ykk5p8z9,26,qkzfdqnt,198,trader_bridge_app,TradePage,1789084660,22,0,0
ykk5p8z9,25,rf6q16rc,199,trader_bridge_app,PauseTradingSession,1789084661,22,0,1
ykk5p8z9,28,s0vl521h,199,trader_bridge_app,PauseTradingSession,1789084661,22,0,1
ykk5p8z9,29,qs0z3czj,199,trader_bridge_app,PauseTradingSession,1789084661,22,0,1
ykk5p8z9,30,ufzyavcw,199,trader_bridge_app,PauseTradingSession,1789084661,22,0,1
ykk5p8z9,26,qkzfdqnt,199,trader_bridge_app,PauseTradingSession,1789084661,22,0,1
ykk5p8z9,27,1nf2i0vh,199,trader_bridge_app,PauseTradingSession,1789084661,22,0,1
ykk5p8z9,24,chkml8l5,189,trader_bridge_app,TradePage,1789084661,21,0,0
ykk5p8z9,22,gy0oizb5,189,trader_bridge_app,TradePage,1789084661,21,0,0
ykk5p8z9,21,3d0rzld9,189,trader_bridge_app,TradePage,1789084661,21,0,0
ykk5p8z9,24,chkml8l5,190,trader_bridge_app,PauseTradingSession,1789084662,21,0,1
ykk5p8z9,19,h89ct0h3,190,trader_bridge_app,PauseTradingSession,1789084662,21,0,1
ykk5p8z9,20,oizn9530,190,trader_bridge_app,PauseTradingSession,1789084662,21,0,1
ykk5p8z9,21,3d0rzld9,190,trader_bridge_app,PauseTradingSession,1789084662,21,0,1
ykk5p8z9,22,gy0oizb5,190,trader_bridge_app,PauseTradingSession,1789084662,21,0,1
ykk5p8z9,23,8r753ujr,190,trader_bridge_app,PauseTradingSession,1789084662,21,0,1
ykk5p8z9,5,gjhavmx0,192,trader_bridge_app,DayBreak,1789084664,21,0,0
ykk5p8z9,25,rf6q16rc,201,trader_bridge_app,DayBreak,1789084664,22,0,0
ykk5p8z9,1,78ek4e7n,192,trader_bridge_app,DayBreak,1789084665,21,0,0
ykk5p8z9,28,s0vl521h,201,trader_bridge_app,DayBreak,1789084666,22,0,0
ykk5p8z9,19,h89ct0h3,192,trader_bridge_app,DayBreak,1789084672,21,0,0
ykk5p8z9,21,3d0rzld9,192,trader_bridge_app,DayBreak,1789084674,21,0,0
ykk5p8z9,20,oizn9530,192,trader_bridge_app,DayBreak,1789084693,21,1,0
ykk5p8z9,21,3d0rzld9,196,trader_bridge_app,ResumeTradingSession,1789084693,22,0,1
ykk5p8z9,19,h89ct0h3,196,trader_bridge_app,ResumeTradingSession,1789084693,22,0,1
ykk5p8z9,20,oizn9530,196,trader_bridge_app,ResumeTradingSession,1789084693,22,0,1
ykk5p8z9,22,gy0oizb5,196,trader_bridge_app,ResumeTradingSession,1789084693,22,0,1
ykk5p8z9,23,8r753ujr,196,trader_bridge_app,ResumeTradingSession,1789084693,22,0,1
ykk5p8z9,24,chkml8l5,196,trader_bridge_app,ResumeTradingSession,1789084693,22,0,1
ykk5p8z9,31,lkaj8gx3,273,trader_bridge_app,DayBreak,1789084696,30,0,0
ykk5p8z9,27,1nf2i0vh,201,trader_bridge_app,DayBreak,1789084700,22,1,0
ykk5p8z9,25,rf6q16rc,205,trader_bridge_app,ResumeTradingSession,1789084700,23,0,1
ykk5p8z9,26,qkzfdqnt,205,trader_bridge_app,ResumeTradingSession,1789084700,23,0,1
ykk5p8z9,27,1nf2i0vh,205,trader_bridge_app,ResumeTradingSession,1789084700,23,0,1
ykk5p8z9,28,s0vl521h,205,trader_bridge_app,ResumeTradingSession,1789084700,23,0,1
ykk5p8z9,29,qs0z3czj,205,trader_bridge_app,ResumeTradingSession,1789084700,23,0,1
ykk5p8z9,30,ufzyavcw,205,trader_bridge_app,ResumeTradingSession,1789084700,23,0,1
ykk5p8z9,18,ogauv9f8,144,trader_bridge_app,TradePage,1789084712,16,0,0
ykk5p8z9,16,1evcus8j,144,trader_bridge_app,TradePage,1789084712,16,0,0
ykk5p8z9,14,pn35uw2g,144,trader_bridge_app,TradePage,1789084712,16,0,0
ykk5p8z9,15,ps4pdpc5,144,trader_bridge_app,TradePage,1789084713,16,0,0
ykk5p8z9,17,wgz24zdb,144,trader_bridge_app,TradePage,1789084713,16,0,0
ykk5p8z9,9,lz6sdo3r,180,trader_bridge_app,TradePage,1789084714,20,0,0
ykk5p8z9,10,5hdyag7g,180,trader_bridge_app,TradePage,1789084714,20,0,0
ykk5p8z9,13,kirmcqky,145,trader_bridge_app,PauseTradingSession,1789084717,16,0,1
ykk5p8z9,14,pn35uw2g,145,trader_bridge_app,PauseTradingSession,1789084717,16,0,1
ykk5p8z9,15,ps4pdpc5,145,trader_bridge_app,PauseTradingSession,1789084717,16,0,1
ykk5p8z9,16,1evcus8j,145,trader_bridge_app,PauseTradingSession,1789084717,16,0,1
ykk5p8z9,17,wgz24zdb,145,trader_bridge_app,PauseTradingSession,1789084717,16,0,1
ykk5p8z9,18,ogauv9f8,145,trader_bridge_app,PauseTradingSession,1789084717,16,0,1
ykk5p8z9,16,1evcus8j,147,trader_bridge_app,DayBreak,1789084720,16,0,0
ykk5p8z9,14,pn35uw2g,147,trader_bridge_app,DayBreak,1789084721,16,0,0
ykk5p8z9,17,wgz24zdb,147,trader_bridge_app,DayBreak,1789084722,16,0,0
ykk5p8z9,7,zxclkk3l,181,trader_bridge_app,PauseTradingSession,1789084724,20,0,1
ykk5p8z9,8,99ctxiqw,181,trader_bridge_app,PauseTradingSession,1789084724,20,0,1
ykk5p8z9,9,lz6sdo3r,181,trader_bridge_app,PauseTradingSession,1789084724,20,0,1
ykk5p8z9,10,5hdyag7g,181,trader_bridge_app,PauseTradingSession,1789084724,20,0,1
ykk5p8z9,11,p591h2pv,181,trader_bridge_app,PauseTradingSession,1789084724,20,0,1
ykk5p8z9,12,g9e4scxb,181,trader_bridge_app,PauseTradingSession,1789084724,20,0,1
ykk5p8z9,8,99ctxiqw,183,trader_bridge_app,DayBreak,1789084727,20,0,0
ykk5p8z9,9,lz6sdo3r,183,trader_bridge_app,DayBreak,1789084728,20,0,0
ykk5p8z9,10,5hdyag7g,183,trader_bridge_app,DayBreak,1789084729,20,0,0
ykk5p8z9,4,03xcqsa5,198,trader_bridge_app,TradePage,1789084729,22,0,0
ykk5p8z9,7,zxclkk3l,183,trader_bridge_app,DayBreak,1789084730,20,0,0
ykk5p8z9,18,ogauv9f8,147,trader_bridge_app,DayBreak,1789084730,16,0,0
ykk5p8z9,13,kirmcqky,151,trader_bridge_app,ResumeTradingSession,1789084730,17,0,1
ykk5p8z9,14,pn35uw2g,151,trader_bridge_app,ResumeTradingSession,1789084730,17,0,1
ykk5p8z9,15,ps4pdpc5,151,trader_bridge_app,ResumeTradingSession,1789084730,17,0,1
ykk5p8z9,16,1evcus8j,151,trader_bridge_app,ResumeTradingSession,1789084730,17,0,1
ykk5p8z9,17,wgz24zdb,151,trader_bridge_app,ResumeTradingSession,1789084730,17,0,1
ykk5p8z9,18,ogauv9f8,151,trader_bridge_app,ResumeTradingSession,1789084730,17,0,1
ykk5p8z9,3,mx74stso,198,trader_bridge_app,TradePage,1789084731,22,0,0
ykk5p8z9,12,g9e4scxb,183,trader_bridge_app,DayBreak,1789084731,20,0,0
ykk5p8z9,7,zxclkk3l,187,trader_bridge_app,ResumeTradingSession,1789084732,21,0,1
ykk5p8z9,8,99ctxiqw,187,trader_bridge_app,ResumeTradingSession,1789084732,21,0,1
ykk5p8z9,9,lz6sdo3r,187,trader_bridge_app,ResumeTradingSession,1789084732,21,0,1
ykk5p8z9,10,5hdyag7g,187,trader_bridge_app,ResumeTradingSession,1789084732,21,0,1
ykk5p8z9,11,p591h2pv,187,trader_bridge_app,ResumeTradingSession,1789084732,21,0,1
ykk5p8z9,12,g9e4scxb,187,trader_bridge_app,ResumeTradingSession,1789084732,21,0,1
ykk5p8z9,1,78ek4e7n,199,trader_bridge_app,PauseTradingSession,1789084743,22,0,1
ykk5p8z9,2,38up52f8,199,trader_bridge_app,PauseTradingSession,1789084743,22,0,1
ykk5p8z9,3,mx74stso,199,trader_bridge_app,PauseTradingSession,1789084743,22,0,1
ykk5p8z9,4,03xcqsa5,199,trader_bridge_app,PauseTradingSession,1789084743,22,0,1
ykk5p8z9,5,gjhavmx0,199,trader_bridge_app,PauseTradingSession,1789084743,22,0,1
ykk5p8z9,6,8zudctzx,199,trader_bridge_app,PauseTradingSession,1789084743,22,0,1
ykk5p8z9,6,8zudctzx,201,trader_bridge_app,DayBreak,1789084746,22,0,0
ykk5p8z9,4,03xcqsa5,201,trader_bridge_app,DayBreak,1789084746,22,0,0
ykk5p8z9,1,78ek4e7n,201,trader_bridge_app,DayBreak,1789084748,22,0,0
ykk5p8z9,5,gjhavmx0,201,trader_bridge_app,DayBreak,1789084750,22,0,0
ykk5p8z9,19,h89ct0h3,198,trader_bridge_app,TradePage,1789084754,22,0,0
ykk5p8z9,20,oizn9530,198,trader_bridge_app,TradePage,1789084754,22,0,0
ykk5p8z9,23,8r753ujr,198,trader_bridge_app,TradePage,1789084754,22,0,0
ykk5p8z9,1,78ek4e7n,205,trader_bridge_app,ResumeTradingSession,1789084754,23,0,1
ykk5p8z9,2,38up52f8,205,trader_bridge_app,ResumeTradingSession,1789084754,23,0,1
ykk5p8z9,3,mx74stso,205,trader_bridge_app,ResumeTradingSession,1789084754,23,0,1
ykk5p8z9,4,03xcqsa5,205,trader_bridge_app,ResumeTradingSession,1789084754,23,0,1
ykk5p8z9,5,gjhavmx0,205,trader_bridge_app,ResumeTradingSession,1789084754,23,0,1
ykk5p8z9,6,8zudctzx,205,trader_bridge_app,ResumeTradingSession,1789084754,23,0,1
ykk5p8z9,19,h89ct0h3,199,trader_bridge_app,PauseTradingSession,1789084755,22,0,1
ykk5p8z9,20,oizn9530,199,trader_bridge_app,PauseTradingSession,1789084755,22,0,1
ykk5p8z9,21,3d0rzld9,199,trader_bridge_app,PauseTradingSession,1789084755,22,0,1
ykk5p8z9,31,lkaj8gx3,270,trader_bridge_app,TradePage,1789084684,30,0,0
ykk5p8z9,31,lkaj8gx3,271,trader_bridge_app,PauseTradingSession,1789084684,30,0,1
ykk5p8z9,31,lkaj8gx3,277,trader_bridge_app,ResumeTradingSession,1789084697,31,0,1
ykk5p8z9,27,1nf2i0vh,201,trader_bridge_app,DayBreak,1789084700,22,1,0
ykk5p8z9,26,qkzfdqnt,205,trader_bridge_app,ResumeTradingSession,1789084700,23,0,1
ykk5p8z9,27,1nf2i0vh,205,trader_bridge_app,ResumeTradingSession,1789084700,23,0,1
ykk5p8z9,28,s0vl521h,205,trader_bridge_app,ResumeTradingSession,1789084700,23,0,1
ykk5p8z9,29,qs0z3czj,205,trader_bridge_app,ResumeTradingSession,1789084700,23,0,1
ykk5p8z9,30,ufzyavcw,205,trader_bridge_app,ResumeTradingSession,1789084700,23,0,1
ykk5p8z9,25,rf6q16rc,205,trader_bridge_app,ResumeTradingSession,1789084700,23,0,1
ykk5p8z9,8,99ctxiqw,180,trader_bridge_app,TradePage,1789084714,20,0,0
ykk5p8z9,12,g9e4scxb,180,trader_bridge_app,TradePage,1789084714,20,0,0
ykk5p8z9,7,zxclkk3l,180,trader_bridge_app,TradePage,1789084714,20,0,0
ykk5p8z9,13,kirmcqky,144,trader_bridge_app,TradePage,1789084715,16,0,0
ykk5p8z9,13,kirmcqky,145,trader_bridge_app,PauseTradingSession,1789084716,16,0,1
ykk5p8z9,14,pn35uw2g,145,trader_bridge_app,PauseTradingSession,1789084716,16,0,1
ykk5p8z9,15,ps4pdpc5,145,trader_bridge_app,PauseTradingSession,1789084716,16,0,1
ykk5p8z9,16,1evcus8j,145,trader_bridge_app,PauseTradingSession,1789084716,16,0,1
ykk5p8z9,17,wgz24zdb,145,trader_bridge_app,PauseTradingSession,1789084716,16,0,1
ykk5p8z9,18,ogauv9f8,145,trader_bridge_app,PauseTradingSession,1789084716,16,0,1
ykk5p8z9,13,kirmcqky,147,trader_bridge_app,DayBreak,1789084722,16,0,0
ykk5p8z9,15,ps4pdpc5,147,trader_bridge_app,DayBreak,1789084723,16,0,0
ykk5p8z9,11,p591h2pv,180,trader_bridge_app,TradePage,1789084724,20,0,0
ykk5p8z9,11,p591h2pv,183,trader_bridge_app,DayBreak,1789084727,20,0,0
ykk5p8z9,2,38up52f8,198,trader_bridge_app,TradePage,1789084729,22,0,0
ykk5p8z9,1,78ek4e7n,198,trader_bridge_app,TradePage,1789084729,22,0,0
ykk5p8z9,16,1evcus8j,151,trader_bridge_app,ResumeTradingSession,1789084730,17,0,1
ykk5p8z9,13,kirmcqky,151,trader_bridge_app,ResumeTradingSession,1789084730,17,0,1
ykk5p8z9,14,pn35uw2g,151,trader_bridge_app,ResumeTradingSession,1789084730,17,0,1
ykk5p8z9,15,ps4pdpc5,151,trader_bridge_app,ResumeTradingSession,1789084730,17,0,1
ykk5p8z9,17,wgz24zdb,151,trader_bridge_app,ResumeTradingSession,1789084730,17,0,1
ykk5p8z9,18,ogauv9f8,151,trader_bridge_app,ResumeTradingSession,1789084730,17,0,1
ykk5p8z9,5,gjhavmx0,198,trader_bridge_app,TradePage,1789084742,22,0,0
ykk5p8z9,6,8zudctzx,198,trader_bridge_app,TradePage,1789084743,22,0,0
ykk5p8z9,2,38up52f8,201,trader_bridge_app,DayBreak,1789084747,22,0,0
ykk5p8z9,24,chkml8l5,198,trader_bridge_app,TradePage,1789084754,22,0,0
ykk5p8z9,3,mx74stso,201,trader_bridge_app,DayBreak,1789084754,22,0,0
ykk5p8z9,21,3d0rzld9,198,trader_bridge_app,TradePage,1789084754,22,0,0
ykk5p8z9,1,78ek4e7n,205,trader_bridge_app,ResumeTradingSession,1789084754,23,0,1
ykk5p8z9,2,38up52f8,205,trader_bridge_app,ResumeTradingSession,1789084754,23,0,1
ykk5p8z9,3,mx74stso,205,trader_bridge_app,ResumeTradingSession,1789084754,23,0,1
ykk5p8z9,4,03xcqsa5,205,trader_bridge_app,ResumeTradingSession,1789084754,23,0,1
ykk5p8z9,5,gjhavmx0,205,trader_bridge_app,ResumeTradingSession,1789084754,23,0,1
ykk5p8z9,6,8zudctzx,205,trader_bridge_app,ResumeTradingSession,1789084754,23,0,1
ykk5p8z9,22,gy0oizb5,198,trader_bridge_app,TradePage,1789084755,22,0,0
ykk5p8z9,21,3d0rzld9,201,trader_bridge_app,DayBreak,1789084759,22,0,0
ykk5p8z9,19,h89ct0h3,201,trader_bridge_app,DayBreak,1789084761,22,0,0
ykk5p8z9,25,rf6q16rc,207,trader_bridge_app,TradePage,1789084761,23,0,0
ykk5p8z9,29,qs0z3czj,207,trader_bridge_app,TradePage,1789084761,23,0,0
ykk5p8z9,24,chkml8l5,201,trader_bridge_app,DayBreak,1789084761,22,0,0
ykk5p8z9,31,lkaj8gx3,282,trader_bridge_app,DayBreak,1789084763,31,0,0
ykk5p8z9,22,gy0oizb5,199,trader_bridge_app,PauseTradingSession,1789084755,22,0,1
ykk5p8z9,23,8r753ujr,199,trader_bridge_app,PauseTradingSession,1789084755,22,0,1
ykk5p8z9,24,chkml8l5,199,trader_bridge_app,PauseTradingSession,1789084755,22,0,1
ykk5p8z9,31,lkaj8gx3,279,trader_bridge_app,TradePage,1789084757,31,0,0
ykk5p8z9,31,lkaj8gx3,280,trader_bridge_app,PauseTradingSession,1789084758,31,0,1
ykk5p8z9,26,qkzfdqnt,207,trader_bridge_app,TradePage,1789084761,23,0,0
ykk5p8z9,28,s0vl521h,207,trader_bridge_app,TradePage,1789084761,23,0,0
ykk5p8z9,30,ufzyavcw,207,trader_bridge_app,TradePage,1789084761,23,0,0
ykk5p8z9,20,oizn9530,201,trader_bridge_app,DayBreak,1789084762,22,0,0
ykk5p8z9,22,gy0oizb5,201,trader_bridge_app,DayBreak,1789084762,22,0,0
ykk5p8z9,31,lkaj8gx3,286,trader_bridge_app,ResumeTradingSession,1789084764,32,0,1
ykk5p8z9,30,ufzyavcw,210,trader_bridge_app,DayBreak,1789084770,23,0,0
ykk5p8z9,25,rf6q16rc,210,trader_bridge_app,DayBreak,1789084783,23,0,0
ykk5p8z9,23,8r753ujr,201,trader_bridge_app,DayBreak,1789084789,22,1,0
ykk5p8z9,19,h89ct0h3,205,trader_bridge_app,ResumeTradingSession,1789084790,23,0,1
ykk5p8z9,20,oizn9530,205,trader_bridge_app,ResumeTradingSession,1789084790,23,0,1
ykk5p8z9,21,3d0rzld9,205,trader_bridge_app,ResumeTradingSession,1789084790,23,0,1
ykk5p8z9,22,gy0oizb5,205,trader_bridge_app,ResumeTradingSession,1789084790,23,0,1
ykk5p8z9,23,8r753ujr,205,trader_bridge_app,ResumeTradingSession,1789084790,23,0,1
ykk5p8z9,24,chkml8l5,205,trader_bridge_app,ResumeTradingSession,1789084790,23,0,1
ykk5p8z9,18,ogauv9f8,153,trader_bridge_app,TradePage,1789084791,17,0,0
ykk5p8z9,17,wgz24zdb,153,trader_bridge_app,TradePage,1789084791,17,0,0
ykk5p8z9,13,kirmcqky,153,trader_bridge_app,TradePage,1789084791,17,0,0
ykk5p8z9,18,ogauv9f8,154,trader_bridge_app,PauseTradingSession,1789084791,17,0,1
ykk5p8z9,13,kirmcqky,154,trader_bridge_app,PauseTradingSession,1789084791,17,0,1
ykk5p8z9,14,pn35uw2g,154,trader_bridge_app,PauseTradingSession,1789084791,17,0,1
ykk5p8z9,15,ps4pdpc5,154,trader_bridge_app,PauseTradingSession,1789084791,17,0,1
ykk5p8z9,16,1evcus8j,154,trader_bridge_app,PauseTradingSession,1789084791,17,0,1
ykk5p8z9,17,wgz24zdb,154,trader_bridge_app,PauseTradingSession,1789084791,17,0,1
ykk5p8z9,12,g9e4scxb,189,trader_bridge_app,TradePage,1789084793,21,0,0
ykk5p8z9,7,zxclkk3l,189,trader_bridge_app,TradePage,1789084793,21,0,0
ykk5p8z9,26,qkzfdqnt,210,trader_bridge_app,DayBreak,1789084793,23,0,0
ykk5p8z9,16,1evcus8j,156,trader_bridge_app,DayBreak,1789084795,17,0,0
ykk5p8z9,14,pn35uw2g,156,trader_bridge_app,DayBreak,1789084797,17,0,0
ykk5p8z9,18,ogauv9f8,156,trader_bridge_app,DayBreak,1789084799,17,0,0
ykk5p8z9,8,99ctxiqw,189,trader_bridge_app,TradePage,1789084803,21,0,0
ykk5p8z9,17,wgz24zdb,156,trader_bridge_app,DayBreak,1789084812,17,1,0
ykk5p8z9,13,kirmcqky,160,trader_bridge_app,ResumeTradingSession,1789084814,18,0,1
ykk5p8z9,14,pn35uw2g,160,trader_bridge_app,ResumeTradingSession,1789084814,18,0,1
ykk5p8z9,15,ps4pdpc5,160,trader_bridge_app,ResumeTradingSession,1789084814,18,0,1
ykk5p8z9,16,1evcus8j,160,trader_bridge_app,ResumeTradingSession,1789084814,18,0,1
ykk5p8z9,17,wgz24zdb,160,trader_bridge_app,ResumeTradingSession,1789084814,18,0,1
ykk5p8z9,18,ogauv9f8,160,trader_bridge_app,ResumeTradingSession,1789084814,18,0,1
ykk5p8z9,13,kirmcqky,160,trader_bridge_app,ResumeTradingSession,1789084816,18,0,1
ykk5p8z9,14,pn35uw2g,160,trader_bridge_app,ResumeTradingSession,1789084816,18,0,1
ykk5p8z9,15,ps4pdpc5,160,trader_bridge_app,ResumeTradingSession,1789084816,18,0,1
ykk5p8z9,16,1evcus8j,160,trader_bridge_app,ResumeTradingSession,1789084816,18,0,1
ykk5p8z9,17,wgz24zdb,160,trader_bridge_app,ResumeTradingSession,1789084816,18,0,1
ykk5p8z9,18,ogauv9f8,160,trader_bridge_app,ResumeTradingSession,1789084816,18,0,1
ykk5p8z9,2,38up52f8,207,trader_bridge_app,TradePage,1789084816,23,0,0
ykk5p8z9,5,gjhavmx0,207,trader_bridge_app,TradePage,1789084816,23,0,0
ykk5p8z9,16,1evcus8j,160,trader_bridge_app,ResumeTradingSession,1789084815,18,0,1
ykk5p8z9,18,ogauv9f8,160,trader_bridge_app,ResumeTradingSession,1789084815,18,0,1
ykk5p8z9,17,wgz24zdb,160,trader_bridge_app,ResumeTradingSession,1789084815,18,0,1
ykk5p8z9,1,78ek4e7n,207,trader_bridge_app,TradePage,1789084816,23,0,0
ykk5p8z9,3,mx74stso,208,trader_bridge_app,PauseTradingSession,1789084816,23,0,1
ykk5p8z9,4,03xcqsa5,208,trader_bridge_app,PauseTradingSession,1789084816,23,0,1
ykk5p8z9,5,gjhavmx0,208,trader_bridge_app,PauseTradingSession,1789084816,23,0,1
ykk5p8z9,6,8zudctzx,208,trader_bridge_app,PauseTradingSession,1789084816,23,0,1
ykk5p8z9,1,78ek4e7n,208,trader_bridge_app,PauseTradingSession,1789084816,23,0,1
ykk5p8z9,2,38up52f8,208,trader_bridge_app,PauseTradingSession,1789084816,23,0,1
ykk5p8z9,7,zxclkk3l,192,trader_bridge_app,DayBreak,1789084817,21,0,0
ykk5p8z9,4,03xcqsa5,210,trader_bridge_app,DayBreak,1789084819,23,0,0
ykk5p8z9,3,mx74stso,210,trader_bridge_app,DayBreak,1789084820,23,0,0
ykk5p8z9,9,lz6sdo3r,192,trader_bridge_app,DayBreak,1789084820,21,0,0
ykk5p8z9,12,g9e4scxb,192,trader_bridge_app,DayBreak,1789084821,21,0,0
ykk5p8z9,2,38up52f8,210,trader_bridge_app,DayBreak,1789084821,23,0,0
ykk5p8z9,8,99ctxiqw,192,trader_bridge_app,DayBreak,1789084824,21,0,0
ykk5p8z9,31,lkaj8gx3,288,trader_bridge_app,TradePage,1789084825,32,0,0
ykk5p8z9,31,lkaj8gx3,289,trader_bridge_app,PauseTradingSession,1789084825,32,0,1
ykk5p8z9,12,g9e4scxb,196,trader_bridge_app,ResumeTradingSession,1789084826,22,0,1
ykk5p8z9,7,zxclkk3l,196,trader_bridge_app,ResumeTradingSession,1789084826,22,0,1
ykk5p8z9,8,99ctxiqw,196,trader_bridge_app,ResumeTradingSession,1789084826,22,0,1
ykk5p8z9,9,lz6sdo3r,196,trader_bridge_app,ResumeTradingSession,1789084826,22,0,1
ykk5p8z9,10,5hdyag7g,196,trader_bridge_app,ResumeTradingSession,1789084826,22,0,1
ykk5p8z9,11,p591h2pv,196,trader_bridge_app,ResumeTradingSession,1789084826,22,0,1
ykk5p8z9,7,zxclkk3l,196,trader_bridge_app,ResumeTradingSession,1789084829,22,0,1
ykk5p8z9,8,99ctxiqw,196,trader_bridge_app,ResumeTradingSession,1789084829,22,0,1
ykk5p8z9,9,lz6sdo3r,196,trader_bridge_app,ResumeTradingSession,1789084829,22,0,1
ykk5p8z9,10,5hdyag7g,196,trader_bridge_app,ResumeTradingSession,1789084829,22,0,1
ykk5p8z9,11,p591h2pv,196,trader_bridge_app,ResumeTradingSession,1789084829,22,0,1
ykk5p8z9,12,g9e4scxb,196,trader_bridge_app,ResumeTradingSession,1789084829,22,0,1
ykk5p8z9,31,lkaj8gx3,291,trader_bridge_app,DayBreak,1789084830,32,0,0
ykk5p8z9,21,3d0rzld9,207,trader_bridge_app,TradePage,1789084850,23,0,0
ykk5p8z9,22,gy0oizb5,207,trader_bridge_app,TradePage,1789084850,23,0,0
ykk5p8z9,20,oizn9530,207,trader_bridge_app,TradePage,1789084851,23,0,0
ykk5p8z9,19,h89ct0h3,208,trader_bridge_app,PauseTradingSession,1789084859,23,0,1
ykk5p8z9,20,oizn9530,208,trader_bridge_app,PauseTradingSession,1789084859,23,0,1
ykk5p8z9,21,3d0rzld9,208,trader_bridge_app,PauseTradingSession,1789084859,23,0,1
ykk5p8z9,22,gy0oizb5,208,trader_bridge_app,PauseTradingSession,1789084859,23,0,1
ykk5p8z9,23,8r753ujr,208,trader_bridge_app,PauseTradingSession,1789084859,23,0,1
ykk5p8z9,24,chkml8l5,208,trader_bridge_app,PauseTradingSession,1789084859,23,0,1
ykk5p8z9,29,qs0z3czj,216,trader_bridge_app,TradePage,1789084859,24,0,0
ykk5p8z9,30,ufzyavcw,216,trader_bridge_app,TradePage,1789084859,24,0,0
ykk5p8z9,21,3d0rzld9,210,trader_bridge_app,DayBreak,1789084863,23,0,0
ykk5p8z9,27,1nf2i0vh,216,trader_bridge_app,TradePage,1789084863,24,1,0
ykk5p8z9,23,8r753ujr,210,trader_bridge_app,DayBreak,1789084864,23,0,0
ykk5p8z9,19,h89ct0h3,210,trader_bridge_app,DayBreak,1789084864,23,0,0
ykk5p8z9,24,chkml8l5,210,trader_bridge_app,DayBreak,1789084868,23,0,0
ykk5p8z9,19,h89ct0h3,214,trader_bridge_app,ResumeTradingSession,1789084868,24,0,1
ykk5p8z9,20,oizn9530,214,trader_bridge_app,ResumeTradingSession,1789084868,24,0,1
ykk5p8z9,21,3d0rzld9,214,trader_bridge_app,ResumeTradingSession,1789084868,24,0,1
ykk5p8z9,3,mx74stso,207,trader_bridge_app,TradePage,1789084816,23,0,0
ykk5p8z9,6,8zudctzx,207,trader_bridge_app,TradePage,1789084816,23,0,0
ykk5p8z9,4,03xcqsa5,207,trader_bridge_app,TradePage,1789084816,23,0,0
ykk5p8z9,4,03xcqsa5,208,trader_bridge_app,PauseTradingSession,1789084817,23,0,1
ykk5p8z9,5,gjhavmx0,208,trader_bridge_app,PauseTradingSession,1789084817,23,0,1
ykk5p8z9,6,8zudctzx,208,trader_bridge_app,PauseTradingSession,1789084817,23,0,1
ykk5p8z9,3,mx74stso,208,trader_bridge_app,PauseTradingSession,1789084817,23,0,1
ykk5p8z9,1,78ek4e7n,208,trader_bridge_app,PauseTradingSession,1789084817,23,0,1
ykk5p8z9,2,38up52f8,208,trader_bridge_app,PauseTradingSession,1789084817,23,0,1
ykk5p8z9,5,gjhavmx0,210,trader_bridge_app,DayBreak,1789084819,23,0,0
ykk5p8z9,10,5hdyag7g,192,trader_bridge_app,DayBreak,1789084820,21,0,0
ykk5p8z9,1,78ek4e7n,210,trader_bridge_app,DayBreak,1789084821,23,0,0
ykk5p8z9,6,8zudctzx,210,trader_bridge_app,DayBreak,1789084821,23,0,0
ykk5p8z9,4,03xcqsa5,214,trader_bridge_app,ResumeTradingSession,1789084821,24,0,1
ykk5p8z9,5,gjhavmx0,214,trader_bridge_app,ResumeTradingSession,1789084821,24,0,1
ykk5p8z9,6,8zudctzx,214,trader_bridge_app,ResumeTradingSession,1789084821,24,0,1
ykk5p8z9,1,78ek4e7n,214,trader_bridge_app,ResumeTradingSession,1789084821,24,0,1
ykk5p8z9,2,38up52f8,214,trader_bridge_app,ResumeTradingSession,1789084821,24,0,1
ykk5p8z9,3,mx74stso,214,trader_bridge_app,ResumeTradingSession,1789084821,24,0,1
ykk5p8z9,11,p591h2pv,192,trader_bridge_app,DayBreak,1789084826,21,0,0
ykk5p8z9,7,zxclkk3l,196,trader_bridge_app,ResumeTradingSession,1789084827,22,0,1
ykk5p8z9,8,99ctxiqw,196,trader_bridge_app,ResumeTradingSession,1789084827,22,0,1
ykk5p8z9,9,lz6sdo3r,196,trader_bridge_app,ResumeTradingSession,1789084827,22,0,1
ykk5p8z9,10,5hdyag7g,196,trader_bridge_app,ResumeTradingSession,1789084827,22,0,1
ykk5p8z9,11,p591h2pv,196,trader_bridge_app,ResumeTradingSession,1789084827,22,0,1
ykk5p8z9,12,g9e4scxb,196,trader_bridge_app,ResumeTradingSession,1789084827,22,0,1
ykk5p8z9,7,zxclkk3l,196,trader_bridge_app,ResumeTradingSession,1789084830,22,0,1
ykk5p8z9,8,99ctxiqw,196,trader_bridge_app,ResumeTradingSession,1789084830,22,0,1
ykk5p8z9,9,lz6sdo3r,196,trader_bridge_app,ResumeTradingSession,1789084830,22,0,1
ykk5p8z9,10,5hdyag7g,196,trader_bridge_app,ResumeTradingSession,1789084830,22,0,1
ykk5p8z9,11,p591h2pv,196,trader_bridge_app,ResumeTradingSession,1789084830,22,0,1
ykk5p8z9,12,g9e4scxb,196,trader_bridge_app,ResumeTradingSession,1789084830,22,0,1
ykk5p8z9,31,lkaj8gx3,295,trader_bridge_app,ResumeTradingSession,1789084831,33,0,1
ykk5p8z9,23,8r753ujr,207,trader_bridge_app,TradePage,1789084850,23,0,0
ykk5p8z9,24,chkml8l5,207,trader_bridge_app,TradePage,1789084850,23,0,0
ykk5p8z9,19,h89ct0h3,207,trader_bridge_app,TradePage,1789084850,23,0,0
ykk5p8z9,25,rf6q16rc,216,trader_bridge_app,TradePage,1789084859,24,0,0
ykk5p8z9,28,s0vl521h,216,trader_bridge_app,TradePage,1789084859,24,0,0
ykk5p8z9,30,ufzyavcw,216,trader_bridge_app,TradePage,1789084859,24,0,0
ykk5p8z9,22,gy0oizb5,210,trader_bridge_app,DayBreak,1789084866,23,0,0
ykk5p8z9,20,oizn9530,210,trader_bridge_app,DayBreak,1789084866,23,0,0
ykk5p8z9,26,qkzfdqnt,216,trader_bridge_app,TradePage,1789084867,24,0,0
ykk5p8z9,25,rf6q16rc,217,trader_bridge_app,PauseTradingSession,1789084868,24,0,1
ykk5p8z9,26,qkzfdqnt,217,trader_bridge_app,PauseTradingSession,1789084868,24,0,1
ykk5p8z9,27,1nf2i0vh,217,trader_bridge_app,PauseTradingSession,1789084868,24,0,1
ykk5p8z9,28,s0vl521h,217,trader_bridge_app,PauseTradingSession,1789084868,24,0,1
ykk5p8z9,29,qs0z3czj,217,trader_bridge_app,PauseTradingSession,1789084868,24,0,1
ykk5p8z9,30,ufzyavcw,217,trader_bridge_app,PauseTradingSession,1789084868,24,0,1
ykk5p8z9,28,s0vl521h,219,trader_bridge_app,DayBreak,1789084876,24,0,0
ykk5p8z9,13,kirmcqky,162,trader_bridge_app,TradePage,1789084877,18,0,0
ykk5p8z9,16,1evcus8j,162,trader_bridge_app,TradePage,1789084877,18,0,0
ykk5p8z9,22,gy0oizb5,214,trader_bridge_app,ResumeTradingSession,1789084868,24,0,1
ykk5p8z9,23,8r753ujr,214,trader_bridge_app,ResumeTradingSession,1789084868,24,0,1
ykk5p8z9,24,chkml8l5,214,trader_bridge_app,ResumeTradingSession,1789084868,24,0,1
ykk5p8z9,15,ps4pdpc5,162,trader_bridge_app,TradePage,1789084877,18,0,0
ykk5p8z9,18,ogauv9f8,162,trader_bridge_app,TradePage,1789084878,18,0,0
ykk5p8z9,5,gjhavmx0,216,trader_bridge_app,TradePage,1789084882,24,0,0
ykk5p8z9,29,qs0z3czj,219,trader_bridge_app,DayBreak,1789084882,24,0,0
ykk5p8z9,26,qkzfdqnt,219,trader_bridge_app,DayBreak,1789084888,24,0,0
ykk5p8z9,7,zxclkk3l,198,trader_bridge_app,TradePage,1789084891,22,0,0
ykk5p8z9,17,wgz24zdb,162,trader_bridge_app,TradePage,1789084891,18,0,0
ykk5p8z9,6,8zudctzx,216,trader_bridge_app,TradePage,1789084891,24,0,0
ykk5p8z9,12,g9e4scxb,198,trader_bridge_app,TradePage,1789084891,22,0,0
ykk5p8z9,31,lkaj8gx3,297,trader_bridge_app,TradePage,1789084892,33,0,0
ykk5p8z9,9,lz6sdo3r,198,trader_bridge_app,TradePage,1789084892,22,0,0
ykk5p8z9,31,lkaj8gx3,299,trader_bridge_app,FinalizeTradingSession,1789084892,33,0,1
ykk5p8z9,8,99ctxiqw,198,trader_bridge_app,TradePage,1789084892,22,0,0
ykk5p8z9,13,kirmcqky,165,trader_bridge_app,DayBreak,1789084896,18,0,0
ykk5p8z9,11,p591h2pv,201,trader_bridge_app,DayBreak,1789084897,22,0,0
ykk5p8z9,7,zxclkk3l,201,trader_bridge_app,DayBreak,1789084898,22,0,0
ykk5p8z9,12,g9e4scxb,201,trader_bridge_app,DayBreak,1789084898,22,0,0
ykk5p8z9,10,5hdyag7g,201,trader_bridge_app,DayBreak,1789084900,22,0,0
ykk5p8z9,8,99ctxiqw,201,trader_bridge_app,DayBreak,1789084902,22,0,0
ykk5p8z9,12,g9e4scxb,205,trader_bridge_app,ResumeTradingSession,1789084902,23,0,1
ykk5p8z9,7,zxclkk3l,205,trader_bridge_app,ResumeTradingSession,1789084902,23,0,1
ykk5p8z9,8,99ctxiqw,205,trader_bridge_app,ResumeTradingSession,1789084902,23,0,1
ykk5p8z9,9,lz6sdo3r,205,trader_bridge_app,ResumeTradingSession,1789084902,23,0,1
ykk5p8z9,10,5hdyag7g,205,trader_bridge_app,ResumeTradingSession,1789084902,23,0,1
ykk5p8z9,11,p591h2pv,205,trader_bridge_app,ResumeTradingSession,1789084902,23,0,1
ykk5p8z9,5,gjhavmx0,219,trader_bridge_app,DayBreak,1789084903,24,0,0
ykk5p8z9,1,78ek4e7n,219,trader_bridge_app,DayBreak,1789084904,24,0,0
ykk5p8z9,27,1nf2i0vh,219,trader_bridge_app,DayBreak,1789084906,24,1,0
ykk5p8z9,25,rf6q16rc,223,trader_bridge_app,ResumeTradingSession,1789084908,25,0,1
ykk5p8z9,26,qkzfdqnt,223,trader_bridge_app,ResumeTradingSession,1789084908,25,0,1
ykk5p8z9,27,1nf2i0vh,223,trader_bridge_app,ResumeTradingSession,1789084908,25,0,1
ykk5p8z9,28,s0vl521h,223,trader_bridge_app,ResumeTradingSession,1789084908,25,0,1
ykk5p8z9,29,qs0z3czj,223,trader_bridge_app,ResumeTradingSession,1789084908,25,0,1
ykk5p8z9,30,ufzyavcw,223,trader_bridge_app,ResumeTradingSession,1789084908,25,0,1
ykk5p8z9,14,pn35uw2g,165,trader_bridge_app,DayBreak,1789084909,18,0,0
ykk5p8z9,4,03xcqsa5,219,trader_bridge_app,DayBreak,1789084909,24,0,0
ykk5p8z9,16,1evcus8j,168,trader_bridge_app,SyncTradingSession,1789084913,19,0,1
ykk5p8z9,17,wgz24zdb,168,trader_bridge_app,SyncTradingSession,1789084913,19,0,1
ykk5p8z9,18,ogauv9f8,168,trader_bridge_app,SyncTradingSession,1789084913,19,0,1
ykk5p8z9,13,kirmcqky,168,trader_bridge_app,SyncTradingSession,1789084913,19,0,1
ykk5p8z9,14,pn35uw2g,168,trader_bridge_app,SyncTradingSession,1789084913,19,0,1
ykk5p8z9,15,ps4pdpc5,168,trader_bridge_app,SyncTradingSession,1789084913,19,0,1
ykk5p8z9,16,1evcus8j,169,trader_bridge_app,ResumeTradingSession,1789084924,19,0,1
ykk5p8z9,17,wgz24zdb,169,trader_bridge_app,ResumeTradingSession,1789084924,19,0,1
ykk5p8z9,18,ogauv9f8,169,trader_bridge_app,ResumeTradingSession,1789084924,19,0,1
ykk5p8z9,13,kirmcqky,169,trader_bridge_app,ResumeTradingSession,1789084924,19,0,1
ykk5p8z9,14,pn35uw2g,169,trader_bridge_app,ResumeTradingSession,1789084924,19,0,1
ykk5p8z9,15,ps4pdpc5,169,trader_bridge_app,ResumeTradingSession,1789084924,19,0,1
ykk5p8z9,30,ufzyavcw,219,trader_bridge_app,DayBreak,1789084881,24,0,0
ykk5p8z9,4,03xcqsa5,216,trader_bridge_app,TradePage,1789084882,24,0,0
ykk5p8z9,2,38up52f8,216,trader_bridge_app,TradePage,1789084882,24,0,0
ykk5p8z9,14,pn35uw2g,162,trader_bridge_app,TradePage,1789084884,18,0,0
ykk5p8z9,25,rf6q16rc,219,trader_bridge_app,DayBreak,1789084885,24,0,0
ykk5p8z9,13,kirmcqky,164,trader_bridge_app,FinalizeTradingSession,1789084892,18,0,1
ykk5p8z9,14,pn35uw2g,164,trader_bridge_app,FinalizeTradingSession,1789084892,18,0,1
ykk5p8z9,15,ps4pdpc5,164,trader_bridge_app,FinalizeTradingSession,1789084892,18,0,1
ykk5p8z9,16,1evcus8j,164,trader_bridge_app,FinalizeTradingSession,1789084892,18,0,1
ykk5p8z9,18,ogauv9f8,164,trader_bridge_app,FinalizeTradingSession,1789084892,18,0,1
ykk5p8z9,17,wgz24zdb,164,trader_bridge_app,FinalizeTradingSession,1789084892,18,0,1
ykk5p8z9,10,5hdyag7g,198,trader_bridge_app,TradePage,1789084892,22,0,0
ykk5p8z9,11,p591h2pv,198,trader_bridge_app,TradePage,1789084892,22,0,0
ykk5p8z9,7,zxclkk3l,199,trader_bridge_app,PauseTradingSession,1789084893,22,0,1
ykk5p8z9,8,99ctxiqw,199,trader_bridge_app,PauseTradingSession,1789084893,22,0,1
ykk5p8z9,9,lz6sdo3r,199,trader_bridge_app,PauseTradingSession,1789084893,22,0,1
ykk5p8z9,10,5hdyag7g,199,trader_bridge_app,PauseTradingSession,1789084893,22,0,1
ykk5p8z9,11,p591h2pv,199,trader_bridge_app,PauseTradingSession,1789084893,22,0,1
ykk5p8z9,12,g9e4scxb,199,trader_bridge_app,PauseTradingSession,1789084893,22,0,1
ykk5p8z9,1,78ek4e7n,216,trader_bridge_app,TradePage,1789084894,24,0,0
ykk5p8z9,3,mx74stso,216,trader_bridge_app,TradePage,1789084894,24,0,0
ykk5p8z9,1,78ek4e7n,217,trader_bridge_app,PauseTradingSession,1789084894,24,0,1
ykk5p8z9,2,38up52f8,217,trader_bridge_app,PauseTradingSession,1789084894,24,0,1
ykk5p8z9,3,mx74stso,217,trader_bridge_app,PauseTradingSession,1789084894,24,0,1
ykk5p8z9,4,03xcqsa5,217,trader_bridge_app,PauseTradingSession,1789084894,24,0,1
ykk5p8z9,5,gjhavmx0,217,trader_bridge_app,PauseTradingSession,1789084894,24,0,1
ykk5p8z9,6,8zudctzx,217,trader_bridge_app,PauseTradingSession,1789084894,24,0,1
ykk5p8z9,15,ps4pdpc5,165,trader_bridge_app,DayBreak,1789084895,18,0,0
ykk5p8z9,9,lz6sdo3r,201,trader_bridge_app,DayBreak,1789084896,22,0,0
ykk5p8z9,31,lkaj8gx3,300,trader_bridge_app,DayBreak,1789084901,33,0,0
ykk5p8z9,18,ogauv9f8,165,trader_bridge_app,DayBreak,1789084907,18,0,0
ykk5p8z9,17,wgz24zdb,165,trader_bridge_app,DayBreak,1789084907,18,0,0
ykk5p8z9,26,qkzfdqnt,223,trader_bridge_app,ResumeTradingSession,1789084909,25,0,1
ykk5p8z9,27,1nf2i0vh,223,trader_bridge_app,ResumeTradingSession,1789084909,25,0,1
ykk5p8z9,28,s0vl521h,223,trader_bridge_app,ResumeTradingSession,1789084909,25,0,1
ykk5p8z9,29,qs0z3czj,223,trader_bridge_app,ResumeTradingSession,1789084909,25,0,1
ykk5p8z9,30,ufzyavcw,223,trader_bridge_app,ResumeTradingSession,1789084909,25,0,1
ykk5p8z9,25,rf6q16rc,223,trader_bridge_app,ResumeTradingSession,1789084909,25,0,1
ykk5p8z9,3,mx74stso,219,trader_bridge_app,DayBreak,1789084912,24,0,0
ykk5p8z9,16,1evcus8j,165,trader_bridge_app,DayBreak,1789084912,18,0,0
ykk5p8z9,2,38up52f8,219,trader_bridge_app,DayBreak,1789084917,24,1,0
ykk5p8z9,24,chkml8l5,216,trader_bridge_app,TradePage,1789084929,24,0,0
ykk5p8z9,22,gy0oizb5,216,trader_bridge_app,TradePage,1789084929,24,0,0
ykk5p8z9,23,8r753ujr,216,trader_bridge_app,TradePage,1789084936,24,0,0
ykk5p8z9,23,8r753ujr,217,trader_bridge_app,PauseTradingSession,1789084939,24,0,1
ykk5p8z9,24,chkml8l5,217,trader_bridge_app,PauseTradingSession,1789084939,24,0,1
ykk5p8z9,19,h89ct0h3,217,trader_bridge_app,PauseTradingSession,1789084939,24,0,1
ykk5p8z9,20,oizn9530,217,trader_bridge_app,PauseTradingSession,1789084939,24,0,1
ykk5p8z9,21,3d0rzld9,217,trader_bridge_app,PauseTradingSession,1789084939,24,0,1
ykk5p8z9,22,gy0oizb5,217,trader_bridge_app,PauseTradingSession,1789084939,24,0,1
ykk5p8z9,23,8r753ujr,219,trader_bridge_app,DayBreak,1789084956,24,0,0
ykk5p8z9,21,3d0rzld9,216,trader_bridge_app,TradePage,1789084929,24,0,0
ykk5p8z9,20,oizn9530,216,trader_bridge_app,TradePage,1789084929,24,0,0
ykk5p8z9,6,8zudctzx,219,trader_bridge_app,DayBreak,1789084934,24,1,0
ykk5p8z9,1,78ek4e7n,223,trader_bridge_app,ResumeTradingSession,1789084934,25,0,1
ykk5p8z9,2,38up52f8,223,trader_bridge_app,ResumeTradingSession,1789084934,25,0,1
ykk5p8z9,3,mx74stso,223,trader_bridge_app,ResumeTradingSession,1789084934,25,0,1
ykk5p8z9,4,03xcqsa5,223,trader_bridge_app,ResumeTradingSession,1789084934,25,0,1
ykk5p8z9,5,gjhavmx0,223,trader_bridge_app,ResumeTradingSession,1789084934,25,0,1
ykk5p8z9,6,8zudctzx,223,trader_bridge_app,ResumeTradingSession,1789084934,25,0,1
ykk5p8z9,19,h89ct0h3,216,trader_bridge_app,TradePage,1789084939,24,0,0
ykk5p8z9,21,3d0rzld9,219,trader_bridge_app,DayBreak,1789084946,24,0,0
ykk5p8z9,19,h89ct0h3,219,trader_bridge_app,DayBreak,1789084947,24,0,0
ykk5p8z9,24,chkml8l5,219,trader_bridge_app,DayBreak,1789084949,24,0,0
ykk5p8z9,22,gy0oizb5,219,trader_bridge_app,DayBreak,1789084961,24,0,0
ykk5p8z9,8,99ctxiqw,207,trader_bridge_app,TradePage,1789084963,23,0,0
ykk5p8z9,12,g9e4scxb,207,trader_bridge_app,TradePage,1789084963,23,0,0
ykk5p8z9,9,lz6sdo3r,207,trader_bridge_app,TradePage,1789084963,23,0,0
ykk5p8z9,11,p591h2pv,207,trader_bridge_app,TradePage,1789084963,23,0,0
ykk5p8z9,9,lz6sdo3r,210,trader_bridge_app,DayBreak,1789084967,23,0,0
ykk5p8z9,7,zxclkk3l,210,trader_bridge_app,DayBreak,1789084968,23,0,0
ykk5p8z9,20,oizn9530,223,trader_bridge_app,ResumeTradingSession,1789084969,25,0,1
ykk5p8z9,21,3d0rzld9,223,trader_bridge_app,ResumeTradingSession,1789084969,25,0,1
ykk5p8z9,22,gy0oizb5,223,trader_bridge_app,ResumeTradingSession,1789084969,25,0,1
ykk5p8z9,23,8r753ujr,223,trader_bridge_app,ResumeTradingSession,1789084969,25,0,1
ykk5p8z9,24,chkml8l5,223,trader_bridge_app,ResumeTradingSession,1789084969,25,0,1
ykk5p8z9,19,h89ct0h3,223,trader_bridge_app,ResumeTradingSession,1789084969,25,0,1
ykk5p8z9,26,qkzfdqnt,225,trader_bridge_app,TradePage,1789084971,25,0,0
ykk5p8z9,25,rf6q16rc,225,trader_bridge_app,TradePage,1789084972,25,0,0
ykk5p8z9,28,s0vl521h,225,trader_bridge_app,TradePage,1789084972,25,0,0
ykk5p8z9,10,5hdyag7g,210,trader_bridge_app,DayBreak,1789084972,23,0,0
ykk5p8z9,7,zxclkk3l,214,trader_bridge_app,ResumeTradingSession,1789084975,24,0,1
ykk5p8z9,8,99ctxiqw,214,trader_bridge_app,ResumeTradingSession,1789084975,24,0,1
ykk5p8z9,9,lz6sdo3r,214,trader_bridge_app,ResumeTradingSession,1789084975,24,0,1
ykk5p8z9,10,5hdyag7g,214,trader_bridge_app,ResumeTradingSession,1789084975,24,0,1
ykk5p8z9,11,p591h2pv,214,trader_bridge_app,ResumeTradingSession,1789084975,24,0,1
ykk5p8z9,12,g9e4scxb,214,trader_bridge_app,ResumeTradingSession,1789084975,24,0,1
ykk5p8z9,16,1evcus8j,171,trader_bridge_app,TradePage,1789084985,19,0,0
ykk5p8z9,13,kirmcqky,171,trader_bridge_app,TradePage,1789084985,19,0,0
ykk5p8z9,18,ogauv9f8,171,trader_bridge_app,TradePage,1789084985,19,0,0
ykk5p8z9,17,wgz24zdb,171,trader_bridge_app,TradePage,1789084985,19,0,0
ykk5p8z9,13,kirmcqky,172,trader_bridge_app,PauseTradingSession,1789084986,19,0,1
ykk5p8z9,14,pn35uw2g,172,trader_bridge_app,PauseTradingSession,1789084986,19,0,1
ykk5p8z9,15,ps4pdpc5,172,trader_bridge_app,PauseTradingSession,1789084986,19,0,1
ykk5p8z9,16,1evcus8j,172,trader_bridge_app,PauseTradingSession,1789084986,19,0,1
ykk5p8z9,17,wgz24zdb,172,trader_bridge_app,PauseTradingSession,1789084986,19,0,1
ykk5p8z9,18,ogauv9f8,172,trader_bridge_app,PauseTradingSession,1789084986,19,0,1
ykk5p8z9,13,kirmcqky,174,trader_bridge_app,DayBreak,1789084988,19,0,0
ykk5p8z9,16,1evcus8j,174,trader_bridge_app,DayBreak,1789084989,19,0,0
ykk5p8z9,15,ps4pdpc5,174,trader_bridge_app,DayBreak,1789084989,19,0,0
ykk5p8z9,14,pn35uw2g,174,trader_bridge_app,DayBreak,1789084989,19,0,0
ykk5p8z9,17,wgz24zdb,174,trader_bridge_app,DayBreak,1789084993,19,0,0
ykk5p8z9,7,zxclkk3l,207,trader_bridge_app,TradePage,1789084963,23,0,0
ykk5p8z9,10,5hdyag7g,207,trader_bridge_app,TradePage,1789084963,23,0,0
ykk5p8z9,7,zxclkk3l,208,trader_bridge_app,PauseTradingSession,1789084964,23,0,1
ykk5p8z9,8,99ctxiqw,208,trader_bridge_app,PauseTradingSession,1789084964,23,0,1
ykk5p8z9,9,lz6sdo3r,208,trader_bridge_app,PauseTradingSession,1789084964,23,0,1
ykk5p8z9,10,5hdyag7g,208,trader_bridge_app,PauseTradingSession,1789084964,23,0,1
ykk5p8z9,11,p591h2pv,208,trader_bridge_app,PauseTradingSession,1789084964,23,0,1
ykk5p8z9,12,g9e4scxb,208,trader_bridge_app,PauseTradingSession,1789084964,23,0,1
ykk5p8z9,11,p591h2pv,210,trader_bridge_app,DayBreak,1789084967,23,0,0
ykk5p8z9,20,oizn9530,219,trader_bridge_app,DayBreak,1789084969,24,1,0
ykk5p8z9,20,oizn9530,223,trader_bridge_app,ResumeTradingSession,1789084969,25,0,1
ykk5p8z9,21,3d0rzld9,223,trader_bridge_app,ResumeTradingSession,1789084969,25,0,1
ykk5p8z9,22,gy0oizb5,223,trader_bridge_app,ResumeTradingSession,1789084969,25,0,1
ykk5p8z9,23,8r753ujr,223,trader_bridge_app,ResumeTradingSession,1789084969,25,0,1
ykk5p8z9,19,h89ct0h3,223,trader_bridge_app,ResumeTradingSession,1789084969,25,0,1
ykk5p8z9,24,chkml8l5,223,trader_bridge_app,ResumeTradingSession,1789084969,25,0,1
ykk5p8z9,29,qs0z3czj,225,trader_bridge_app,TradePage,1789084970,25,0,0
ykk5p8z9,30,ufzyavcw,225,trader_bridge_app,TradePage,1789084970,25,0,0
ykk5p8z9,8,99ctxiqw,210,trader_bridge_app,DayBreak,1789084970,23,0,0
ykk5p8z9,12,g9e4scxb,210,trader_bridge_app,DayBreak,1789084975,23,0,0
ykk5p8z9,7,zxclkk3l,214,trader_bridge_app,ResumeTradingSession,1789084976,24,0,1
ykk5p8z9,8,99ctxiqw,214,trader_bridge_app,ResumeTradingSession,1789084976,24,0,1
ykk5p8z9,9,lz6sdo3r,214,trader_bridge_app,ResumeTradingSession,1789084976,24,0,1
ykk5p8z9,10,5hdyag7g,214,trader_bridge_app,ResumeTradingSession,1789084976,24,0,1
ykk5p8z9,11,p591h2pv,214,trader_bridge_app,ResumeTradingSession,1789084976,24,0,1
ykk5p8z9,12,g9e4scxb,214,trader_bridge_app,ResumeTradingSession,1789084976,24,0,1
ykk5p8z9,14,pn35uw2g,171,trader_bridge_app,TradePage,1789084985,19,0,0
ykk5p8z9,15,ps4pdpc5,171,trader_bridge_app,TradePage,1789084985,19,0,0
ykk5p8z9,13,kirmcqky,172,trader_bridge_app,PauseTradingSession,1789084986,19,0,1
ykk5p8z9,14,pn35uw2g,172,trader_bridge_app,PauseTradingSession,1789084986,19,0,1
ykk5p8z9,15,ps4pdpc5,172,trader_bridge_app,PauseTradingSession,1789084986,19,0,1
ykk5p8z9,16,1evcus8j,172,trader_bridge_app,PauseTradingSession,1789084986,19,0,1
ykk5p8z9,18,ogauv9f8,172,trader_bridge_app,PauseTradingSession,1789084986,19,0,1
ykk5p8z9,17,wgz24zdb,172,trader_bridge_app,PauseTradingSession,1789084986,19,0,1
ykk5p8z9,27,1nf2i0vh,225,trader_bridge_app,TradePage,1789084988,25,1,0
ykk5p8z9,28,s0vl521h,226,trader_bridge_app,PauseTradingSession,1789084989,25,0,1
ykk5p8z9,29,qs0z3czj,226,trader_bridge_app,PauseTradingSession,1789084989,25,0,1
ykk5p8z9,30,ufzyavcw,226,trader_bridge_app,PauseTradingSession,1789084989,25,0,1
ykk5p8z9,25,rf6q16rc,226,trader_bridge_app,PauseTradingSession,1789084989,25,0,1
ykk5p8z9,26,qkzfdqnt,226,trader_bridge_app,PauseTradingSession,1789084989,25,0,1
ykk5p8z9,27,1nf2i0vh,226,trader_bridge_app,PauseTradingSession,1789084989,25,0,1
ykk5p8z9,18,ogauv9f8,174,trader_bridge_app,DayBreak,1789084991,19,0,0
ykk5p8z9,30,ufzyavcw,228,trader_bridge_app,DayBreak,1789084992,25,0,0
ykk5p8z9,28,s0vl521h,228,trader_bridge_app,DayBreak,1789084992,25,0,0
ykk5p8z9,6,8zudctzx,225,trader_bridge_app,TradePage,1789084995,25,0,0
ykk5p8z9,5,gjhavmx0,225,trader_bridge_app,TradePage,1789084995,25,0,0
ykk5p8z9,2,38up52f8,225,trader_bridge_app,TradePage,1789084995,25,0,0
ykk5p8z9,1,78ek4e7n,225,trader_bridge_app,TradePage,1789084995,25,0,0
ykk5p8z9,4,03xcqsa5,225,trader_bridge_app,TradePage,1789084997,25,0,0
ykk5p8z9,4,03xcqsa5,228,trader_bridge_app,DayBreak,1789085000,25,0,0
ykk5p8z9,27,1nf2i0vh,228,trader_bridge_app,DayBreak,1789085016,25,1,0
ykk5p8z9,15,ps4pdpc5,178,trader_bridge_app,ResumeTradingSession,1789084994,20,0,1
ykk5p8z9,13,kirmcqky,178,trader_bridge_app,ResumeTradingSession,1789084994,20,0,1
ykk5p8z9,16,1evcus8j,178,trader_bridge_app,ResumeTradingSession,1789084994,20,0,1
ykk5p8z9,14,pn35uw2g,178,trader_bridge_app,ResumeTradingSession,1789084994,20,0,1
ykk5p8z9,17,wgz24zdb,178,trader_bridge_app,ResumeTradingSession,1789084994,20,0,1
ykk5p8z9,18,ogauv9f8,178,trader_bridge_app,ResumeTradingSession,1789084994,20,0,1
ykk5p8z9,3,mx74stso,225,trader_bridge_app,TradePage,1789084995,25,0,0
ykk5p8z9,26,qkzfdqnt,228,trader_bridge_app,DayBreak,1789084995,25,0,0
ykk5p8z9,5,gjhavmx0,226,trader_bridge_app,PauseTradingSession,1789084997,25,0,1
ykk5p8z9,6,8zudctzx,226,trader_bridge_app,PauseTradingSession,1789084997,25,0,1
ykk5p8z9,1,78ek4e7n,226,trader_bridge_app,PauseTradingSession,1789084997,25,0,1
ykk5p8z9,2,38up52f8,226,trader_bridge_app,PauseTradingSession,1789084997,25,0,1
ykk5p8z9,3,mx74stso,226,trader_bridge_app,PauseTradingSession,1789084997,25,0,1
ykk5p8z9,4,03xcqsa5,226,trader_bridge_app,PauseTradingSession,1789084997,25,0,1
ykk5p8z9,5,gjhavmx0,228,trader_bridge_app,DayBreak,1789084999,25,0,0
ykk5p8z9,1,78ek4e7n,228,trader_bridge_app,DayBreak,1789085000,25,0,0
ykk5p8z9,29,qs0z3czj,228,trader_bridge_app,DayBreak,1789085002,25,0,0
ykk5p8z9,25,rf6q16rc,228,trader_bridge_app,DayBreak,1789085002,25,0,0
ykk5p8z9,2,38up52f8,228,trader_bridge_app,DayBreak,1789085009,25,0,0
ykk5p8z9,27,1nf2i0vh,228,trader_bridge_app,DayBreak,1789085016,25,1,0
ykk5p8z9,25,rf6q16rc,232,trader_bridge_app,ResumeTradingSession,1789085016,26,0,1
ykk5p8z9,26,qkzfdqnt,232,trader_bridge_app,ResumeTradingSession,1789085016,26,0,1
ykk5p8z9,27,1nf2i0vh,232,trader_bridge_app,ResumeTradingSession,1789085016,26,0,1
ykk5p8z9,28,s0vl521h,232,trader_bridge_app,ResumeTradingSession,1789085016,26,0,1
ykk5p8z9,29,qs0z3czj,232,trader_bridge_app,ResumeTradingSession,1789085016,26,0,1
ykk5p8z9,30,ufzyavcw,232,trader_bridge_app,ResumeTradingSession,1789085016,26,0,1
ykk5p8z9,1,78ek4e7n,232,trader_bridge_app,ResumeTradingSession,1789085018,26,0,1
ykk5p8z9,2,38up52f8,232,trader_bridge_app,ResumeTradingSession,1789085018,26,0,1
ykk5p8z9,3,mx74stso,232,trader_bridge_app,ResumeTradingSession,1789085018,26,0,1
ykk5p8z9,4,03xcqsa5,232,trader_bridge_app,ResumeTradingSession,1789085018,26,0,1
ykk5p8z9,5,gjhavmx0,232,trader_bridge_app,ResumeTradingSession,1789085018,26,0,1
ykk5p8z9,6,8zudctzx,232,trader_bridge_app,ResumeTradingSession,1789085018,26,0,1
ykk5p8z9,20,oizn9530,225,trader_bridge_app,TradePage,1789085030,25,0,0
ykk5p8z9,21,3d0rzld9,225,trader_bridge_app,TradePage,1789085030,25,0,0
ykk5p8z9,23,8r753ujr,225,trader_bridge_app,TradePage,1789085031,25,0,0
ykk5p8z9,12,g9e4scxb,216,trader_bridge_app,TradePage,1789085036,24,0,0
ykk5p8z9,9,lz6sdo3r,216,trader_bridge_app,TradePage,1789085036,24,0,0
ykk5p8z9,7,zxclkk3l,216,trader_bridge_app,TradePage,1789085037,24,0,0
ykk5p8z9,10,5hdyag7g,216,trader_bridge_app,TradePage,1789085037,24,0,0
ykk5p8z9,7,zxclkk3l,217,trader_bridge_app,PauseTradingSession,1789085037,24,0,1
ykk5p8z9,8,99ctxiqw,217,trader_bridge_app,PauseTradingSession,1789085037,24,0,1
ykk5p8z9,9,lz6sdo3r,217,trader_bridge_app,PauseTradingSession,1789085037,24,0,1
ykk5p8z9,10,5hdyag7g,217,trader_bridge_app,PauseTradingSession,1789085037,24,0,1
ykk5p8z9,11,p591h2pv,217,trader_bridge_app,PauseTradingSession,1789085037,24,0,1
ykk5p8z9,12,g9e4scxb,217,trader_bridge_app,PauseTradingSession,1789085037,24,0,1
ykk5p8z9,19,h89ct0h3,228,trader_bridge_app,DayBreak,1789085039,25,0,0
ykk5p8z9,23,8r753ujr,228,trader_bridge_app,DayBreak,1789085042,25,0,0
ykk5p8z9,7,zxclkk3l,219,trader_bridge_app,DayBreak,1789085046,24,0,0
ykk5p8z9,22,gy0oizb5,228,trader_bridge_app,DayBreak,1789085047,25,0,0
ykk5p8z9,10,5hdyag7g,219,trader_bridge_app,DayBreak,1789085054,24,0,0
ykk5p8z9,19,h89ct0h3,232,trader_bridge_app,ResumeTradingSession,1789085056,26,0,1
ykk5p8z9,25,rf6q16rc,232,trader_bridge_app,ResumeTradingSession,1789085016,26,0,1
ykk5p8z9,26,qkzfdqnt,232,trader_bridge_app,ResumeTradingSession,1789085016,26,0,1
ykk5p8z9,27,1nf2i0vh,232,trader_bridge_app,ResumeTradingSession,1789085016,26,0,1
ykk5p8z9,28,s0vl521h,232,trader_bridge_app,ResumeTradingSession,1789085016,26,0,1
ykk5p8z9,29,qs0z3czj,232,trader_bridge_app,ResumeTradingSession,1789085016,26,0,1
ykk5p8z9,30,ufzyavcw,232,trader_bridge_app,ResumeTradingSession,1789085016,26,0,1
ykk5p8z9,3,mx74stso,228,trader_bridge_app,DayBreak,1789085018,25,0,0
ykk5p8z9,6,8zudctzx,228,trader_bridge_app,DayBreak,1789085018,25,1,0
ykk5p8z9,24,chkml8l5,225,trader_bridge_app,TradePage,1789085030,25,0,0
ykk5p8z9,19,h89ct0h3,225,trader_bridge_app,TradePage,1789085030,25,0,0
ykk5p8z9,22,gy0oizb5,225,trader_bridge_app,TradePage,1789085030,25,0,0
ykk5p8z9,22,gy0oizb5,226,trader_bridge_app,PauseTradingSession,1789085032,25,0,1
ykk5p8z9,23,8r753ujr,226,trader_bridge_app,PauseTradingSession,1789085032,25,0,1
ykk5p8z9,24,chkml8l5,226,trader_bridge_app,PauseTradingSession,1789085032,25,0,1
ykk5p8z9,19,h89ct0h3,226,trader_bridge_app,PauseTradingSession,1789085032,25,0,1
ykk5p8z9,20,oizn9530,226,trader_bridge_app,PauseTradingSession,1789085032,25,0,1
ykk5p8z9,21,3d0rzld9,226,trader_bridge_app,PauseTradingSession,1789085032,25,0,1
ykk5p8z9,24,chkml8l5,228,trader_bridge_app,DayBreak,1789085035,25,0,0
ykk5p8z9,21,3d0rzld9,228,trader_bridge_app,DayBreak,1789085036,25,0,0
ykk5p8z9,11,p591h2pv,216,trader_bridge_app,TradePage,1789085036,24,0,0
ykk5p8z9,8,99ctxiqw,216,trader_bridge_app,TradePage,1789085036,24,0,0
ykk5p8z9,7,zxclkk3l,217,trader_bridge_app,PauseTradingSession,1789085037,24,0,1
ykk5p8z9,8,99ctxiqw,217,trader_bridge_app,PauseTradingSession,1789085037,24,0,1
ykk5p8z9,9,lz6sdo3r,217,trader_bridge_app,PauseTradingSession,1789085037,24,0,1
ykk5p8z9,11,p591h2pv,217,trader_bridge_app,PauseTradingSession,1789085037,24,0,1
ykk5p8z9,12,g9e4scxb,217,trader_bridge_app,PauseTradingSession,1789085037,24,0,1
ykk5p8z9,10,5hdyag7g,217,trader_bridge_app,PauseTradingSession,1789085037,24,0,1
ykk5p8z9,8,99ctxiqw,219,trader_bridge_app,DayBreak,1789085044,24,0,0
ykk5p8z9,9,lz6sdo3r,219,trader_bridge_app,DayBreak,1789085048,24,0,0
ykk5p8z9,12,g9e4scxb,219,trader_bridge_app,DayBreak,1789085054,24,0,0
ykk5p8z9,17,wgz24zdb,180,trader_bridge_app,TradePage,1789085056,20,0,0
ykk5p8z9,20,oizn9530,228,trader_bridge_app,DayBreak,1789085056,25,0,0
ykk5p8z9,16,1evcus8j,180,trader_bridge_app,TradePage,1789085057,20,0,0
ykk5p8z9,15,ps4pdpc5,180,trader_bridge_app,TradePage,1789085063,20,0,0
ykk5p8z9,13,kirmcqky,181,trader_bridge_app,PauseTradingSession,1789085064,20,0,1
ykk5p8z9,14,pn35uw2g,181,trader_bridge_app,PauseTradingSession,1789085064,20,0,1
ykk5p8z9,15,ps4pdpc5,181,trader_bridge_app,PauseTradingSession,1789085064,20,0,1
ykk5p8z9,16,1evcus8j,181,trader_bridge_app,PauseTradingSession,1789085064,20,0,1
ykk5p8z9,17,wgz24zdb,181,trader_bridge_app,PauseTradingSession,1789085064,20,0,1
ykk5p8z9,18,ogauv9f8,181,trader_bridge_app,PauseTradingSession,1789085064,20,0,1
ykk5p8z9,15,ps4pdpc5,183,trader_bridge_app,DayBreak,1789085066,20,0,0
ykk5p8z9,16,1evcus8j,183,trader_bridge_app,DayBreak,1789085068,20,0,0
ykk5p8z9,13,kirmcqky,183,trader_bridge_app,DayBreak,1789085069,20,0,0
ykk5p8z9,17,wgz24zdb,183,trader_bridge_app,DayBreak,1789085070,20,0,0
ykk5p8z9,28,s0vl521h,234,trader_bridge_app,TradePage,1789085077,26,0,0
ykk5p8z9,29,qs0z3czj,234,trader_bridge_app,TradePage,1789085077,26,0,0
ykk5p8z9,26,qkzfdqnt,234,trader_bridge_app,TradePage,1789085077,26,0,0
ykk5p8z9,30,ufzyavcw,234,trader_bridge_app,TradePage,1789085077,26,0,0
ykk5p8z9,3,mx74stso,234,trader_bridge_app,TradePage,1789085079,26,0,0
ykk5p8z9,18,ogauv9f8,183,trader_bridge_app,DayBreak,1789085079,20,0,0
ykk5p8z9,6,8zudctzx,234,trader_bridge_app,TradePage,1789085079,26,0,0
ykk5p8z9,20,oizn9530,232,trader_bridge_app,ResumeTradingSession,1789085056,26,0,1
ykk5p8z9,21,3d0rzld9,232,trader_bridge_app,ResumeTradingSession,1789085056,26,0,1
ykk5p8z9,22,gy0oizb5,232,trader_bridge_app,ResumeTradingSession,1789085056,26,0,1
ykk5p8z9,23,8r753ujr,232,trader_bridge_app,ResumeTradingSession,1789085056,26,0,1
ykk5p8z9,24,chkml8l5,232,trader_bridge_app,ResumeTradingSession,1789085056,26,0,1
ykk5p8z9,14,pn35uw2g,180,trader_bridge_app,TradePage,1789085057,20,0,0
ykk5p8z9,13,kirmcqky,180,trader_bridge_app,TradePage,1789085057,20,0,0
ykk5p8z9,16,1evcus8j,180,trader_bridge_app,TradePage,1789085057,20,0,0
ykk5p8z9,11,p591h2pv,219,trader_bridge_app,DayBreak,1789085058,24,1,0
ykk5p8z9,7,zxclkk3l,223,trader_bridge_app,ResumeTradingSession,1789085058,25,0,1
ykk5p8z9,8,99ctxiqw,223,trader_bridge_app,ResumeTradingSession,1789085058,25,0,1
ykk5p8z9,9,lz6sdo3r,223,trader_bridge_app,ResumeTradingSession,1789085058,25,0,1
ykk5p8z9,10,5hdyag7g,223,trader_bridge_app,ResumeTradingSession,1789085058,25,0,1
ykk5p8z9,11,p591h2pv,223,trader_bridge_app,ResumeTradingSession,1789085058,25,0,1
ykk5p8z9,12,g9e4scxb,223,trader_bridge_app,ResumeTradingSession,1789085058,25,0,1
ykk5p8z9,18,ogauv9f8,180,trader_bridge_app,TradePage,1789085059,20,0,0
ykk5p8z9,14,pn35uw2g,183,trader_bridge_app,DayBreak,1789085069,20,0,0
ykk5p8z9,25,rf6q16rc,234,trader_bridge_app,TradePage,1789085077,26,0,0
ykk5p8z9,2,38up52f8,234,trader_bridge_app,TradePage,1789085079,26,0,0
ykk5p8z9,27,1nf2i0vh,234,trader_bridge_app,TradePage,1789085083,26,1,0
ykk5p8z9,25,rf6q16rc,235,trader_bridge_app,PauseTradingSession,1789085083,26,0,1
ykk5p8z9,26,qkzfdqnt,235,trader_bridge_app,PauseTradingSession,1789085083,26,0,1
ykk5p8z9,27,1nf2i0vh,235,trader_bridge_app,PauseTradingSession,1789085083,26,0,1
ykk5p8z9,28,s0vl521h,235,trader_bridge_app,PauseTradingSession,1789085083,26,0,1
ykk5p8z9,29,qs0z3czj,235,trader_bridge_app,PauseTradingSession,1789085083,26,0,1
ykk5p8z9,30,ufzyavcw,235,trader_bridge_app,PauseTradingSession,1789085083,26,0,1
ykk5p8z9,5,gjhavmx0,237,trader_bridge_app,DayBreak,1789085083,26,0,0
ykk5p8z9,3,mx74stso,237,trader_bridge_app,DayBreak,1789085084,26,0,0
ykk5p8z9,28,s0vl521h,237,trader_bridge_app,DayBreak,1789085087,26,0,0
ykk5p8z9,26,qkzfdqnt,237,trader_bridge_app,DayBreak,1789085088,26,0,0
ykk5p8z9,27,1nf2i0vh,237,trader_bridge_app,DayBreak,1789085110,26,1,0
ykk5p8z9,25,rf6q16rc,241,trader_bridge_app,ResumeTradingSession,1789085110,27,0,1
ykk5p8z9,26,qkzfdqnt,241,trader_bridge_app,ResumeTradingSession,1789085110,27,0,1
ykk5p8z9,27,1nf2i0vh,241,trader_bridge_app,ResumeTradingSession,1789085110,27,0,1
ykk5p8z9,28,s0vl521h,241,trader_bridge_app,ResumeTradingSession,1789085110,27,0,1
ykk5p8z9,29,qs0z3czj,241,trader_bridge_app,ResumeTradingSession,1789085110,27,0,1
ykk5p8z9,30,ufzyavcw,241,trader_bridge_app,ResumeTradingSession,1789085110,27,0,1
ykk5p8z9,20,oizn9530,234,trader_bridge_app,TradePage,1789085118,26,0,0
ykk5p8z9,21,3d0rzld9,234,trader_bridge_app,TradePage,1789085118,26,0,0
ykk5p8z9,19,h89ct0h3,234,trader_bridge_app,TradePage,1789085118,26,0,0
ykk5p8z9,24,chkml8l5,234,trader_bridge_app,TradePage,1789085118,26,0,0
ykk5p8z9,6,8zudctzx,237,trader_bridge_app,DayBreak,1789085120,26,1,0
ykk5p8z9,1,78ek4e7n,241,trader_bridge_app,ResumeTradingSession,1789085120,27,0,1
ykk5p8z9,2,38up52f8,241,trader_bridge_app,ResumeTradingSession,1789085120,27,0,1
ykk5p8z9,3,mx74stso,241,trader_bridge_app,ResumeTradingSession,1789085120,27,0,1
ykk5p8z9,4,03xcqsa5,241,trader_bridge_app,ResumeTradingSession,1789085120,27,0,1
ykk5p8z9,5,gjhavmx0,241,trader_bridge_app,ResumeTradingSession,1789085120,27,0,1
ykk5p8z9,6,8zudctzx,241,trader_bridge_app,ResumeTradingSession,1789085120,27,0,1
ykk5p8z9,10,5hdyag7g,225,trader_bridge_app,TradePage,1789085120,25,0,0
ykk5p8z9,19,h89ct0h3,237,trader_bridge_app,DayBreak,1789085121,26,0,0
ykk5p8z9,8,99ctxiqw,225,trader_bridge_app,TradePage,1789085122,25,0,0
ykk5p8z9,1,78ek4e7n,234,trader_bridge_app,TradePage,1789085079,26,0,0
ykk5p8z9,17,wgz24zdb,187,trader_bridge_app,ResumeTradingSession,1789085079,21,0,1
ykk5p8z9,18,ogauv9f8,187,trader_bridge_app,ResumeTradingSession,1789085079,21,0,1
ykk5p8z9,13,kirmcqky,187,trader_bridge_app,ResumeTradingSession,1789085079,21,0,1
ykk5p8z9,14,pn35uw2g,187,trader_bridge_app,ResumeTradingSession,1789085079,21,0,1
ykk5p8z9,15,ps4pdpc5,187,trader_bridge_app,ResumeTradingSession,1789085079,21,0,1
ykk5p8z9,16,1evcus8j,187,trader_bridge_app,ResumeTradingSession,1789085079,21,0,1
ykk5p8z9,4,03xcqsa5,234,trader_bridge_app,TradePage,1789085079,26,0,0
ykk5p8z9,5,gjhavmx0,234,trader_bridge_app,TradePage,1789085080,26,0,0
ykk5p8z9,3,mx74stso,235,trader_bridge_app,PauseTradingSession,1789085080,26,0,1
ykk5p8z9,4,03xcqsa5,235,trader_bridge_app,PauseTradingSession,1789085080,26,0,1
ykk5p8z9,5,gjhavmx0,235,trader_bridge_app,PauseTradingSession,1789085080,26,0,1
ykk5p8z9,6,8zudctzx,235,trader_bridge_app,PauseTradingSession,1789085080,26,0,1
ykk5p8z9,1,78ek4e7n,235,trader_bridge_app,PauseTradingSession,1789085080,26,0,1
ykk5p8z9,2,38up52f8,235,trader_bridge_app,PauseTradingSession,1789085080,26,0,1
ykk5p8z9,27,1nf2i0vh,234,trader_bridge_app,TradePage,1789085083,26,1,0
ykk5p8z9,25,rf6q16rc,235,trader_bridge_app,PauseTradingSession,1789085083,26,0,1
ykk5p8z9,26,qkzfdqnt,235,trader_bridge_app,PauseTradingSession,1789085083,26,0,1
ykk5p8z9,27,1nf2i0vh,235,trader_bridge_app,PauseTradingSession,1789085083,26,0,1
ykk5p8z9,28,s0vl521h,235,trader_bridge_app,PauseTradingSession,1789085083,26,0,1
ykk5p8z9,29,qs0z3czj,235,trader_bridge_app,PauseTradingSession,1789085083,26,0,1
ykk5p8z9,30,ufzyavcw,235,trader_bridge_app,PauseTradingSession,1789085083,26,0,1
ykk5p8z9,4,03xcqsa5,237,trader_bridge_app,DayBreak,1789085083,26,0,0
ykk5p8z9,2,38up52f8,237,trader_bridge_app,DayBreak,1789085085,26,0,0
ykk5p8z9,30,ufzyavcw,237,trader_bridge_app,DayBreak,1789085086,26,0,0
ykk5p8z9,25,rf6q16rc,237,trader_bridge_app,DayBreak,1789085088,26,0,0
ykk5p8z9,29,qs0z3czj,237,trader_bridge_app,DayBreak,1789085089,26,0,0
ykk5p8z9,1,78ek4e7n,237,trader_bridge_app,DayBreak,1789085112,26,0,0
ykk5p8z9,22,gy0oizb5,234,trader_bridge_app,TradePage,1789085118,26,0,0
ykk5p8z9,23,8r753ujr,234,trader_bridge_app,TradePage,1789085118,26,0,0
ykk5p8z9,19,h89ct0h3,235,trader_bridge_app,PauseTradingSession,1789085119,26,0,1
ykk5p8z9,20,oizn9530,235,trader_bridge_app,PauseTradingSession,1789085119,26,0,1
ykk5p8z9,21,3d0rzld9,235,trader_bridge_app,PauseTradingSession,1789085119,26,0,1
ykk5p8z9,22,gy0oizb5,235,trader_bridge_app,PauseTradingSession,1789085119,26,0,1
ykk5p8z9,24,chkml8l5,235,trader_bridge_app,PauseTradingSession,1789085119,26,0,1
ykk5p8z9,23,8r753ujr,235,trader_bridge_app,PauseTradingSession,1789085119,26,0,1
ykk5p8z9,11,p591h2pv,225,trader_bridge_app,TradePage,1789085120,25,0,0
ykk5p8z9,12,g9e4scxb,225,trader_bridge_app,TradePage,1789085120,25,0,0
ykk5p8z9,9,lz6sdo3r,225,trader_bridge_app,TradePage,1789085120,25,0,0
ykk5p8z9,20,oizn9530,237,trader_bridge_app,DayBreak,1789085124,26,0,0
ykk5p8z9,24,chkml8l5,237,trader_bridge_app,DayBreak,1789085125,26,0,0
ykk5p8z9,22,gy0oizb5,237,trader_bridge_app,DayBreak,1789085130,26,0,0
ykk5p8z9,19,h89ct0h3,241,trader_bridge_app,ResumeTradingSession,1789085130,27,0,1
ykk5p8z9,20,oizn9530,241,trader_bridge_app,ResumeTradingSession,1789085130,27,0,1
ykk5p8z9,21,3d0rzld9,241,trader_bridge_app,ResumeTradingSession,1789085130,27,0,1
ykk5p8z9,22,gy0oizb5,241,trader_bridge_app,ResumeTradingSession,1789085130,27,0,1
ykk5p8z9,23,8r753ujr,241,trader_bridge_app,ResumeTradingSession,1789085130,27,0,1
ykk5p8z9,24,chkml8l5,241,trader_bridge_app,ResumeTradingSession,1789085130,27,0,1
ykk5p8z9,8,99ctxiqw,228,trader_bridge_app,DayBreak,1789085141,25,0,0
ykk5p8z9,12,g9e4scxb,228,trader_bridge_app,DayBreak,1789085141,25,0,0
ykk5p8z9,10,5hdyag7g,228,trader_bridge_app,DayBreak,1789085143,25,0,0
ykk5p8z9,21,3d0rzld9,237,trader_bridge_app,DayBreak,1789085125,26,0,0
ykk5p8z9,23,8r753ujr,237,trader_bridge_app,DayBreak,1789085130,26,0,0
ykk5p8z9,19,h89ct0h3,241,trader_bridge_app,ResumeTradingSession,1789085130,27,0,1
ykk5p8z9,20,oizn9530,241,trader_bridge_app,ResumeTradingSession,1789085130,27,0,1
ykk5p8z9,21,3d0rzld9,241,trader_bridge_app,ResumeTradingSession,1789085130,27,0,1
ykk5p8z9,22,gy0oizb5,241,trader_bridge_app,ResumeTradingSession,1789085130,27,0,1
ykk5p8z9,23,8r753ujr,241,trader_bridge_app,ResumeTradingSession,1789085130,27,0,1
ykk5p8z9,24,chkml8l5,241,trader_bridge_app,ResumeTradingSession,1789085130,27,0,1
ykk5p8z9,7,zxclkk3l,225,trader_bridge_app,TradePage,1789085131,25,0,0
ykk5p8z9,7,zxclkk3l,226,trader_bridge_app,PauseTradingSession,1789085131,25,0,1
ykk5p8z9,8,99ctxiqw,226,trader_bridge_app,PauseTradingSession,1789085131,25,0,1
ykk5p8z9,9,lz6sdo3r,226,trader_bridge_app,PauseTradingSession,1789085131,25,0,1
ykk5p8z9,10,5hdyag7g,226,trader_bridge_app,PauseTradingSession,1789085131,25,0,1
ykk5p8z9,11,p591h2pv,226,trader_bridge_app,PauseTradingSession,1789085131,25,0,1
ykk5p8z9,12,g9e4scxb,226,trader_bridge_app,PauseTradingSession,1789085131,25,0,1
ykk5p8z9,11,p591h2pv,228,trader_bridge_app,DayBreak,1789085135,25,0,0
ykk5p8z9,9,lz6sdo3r,228,trader_bridge_app,DayBreak,1789085136,25,0,0
ykk5p8z9,7,zxclkk3l,228,trader_bridge_app,DayBreak,1789085137,25,0,0
ykk5p8z9,18,ogauv9f8,189,trader_bridge_app,TradePage,1789085140,21,0,0
ykk5p8z9,13,kirmcqky,189,trader_bridge_app,TradePage,1789085140,21,0,0
ykk5p8z9,15,ps4pdpc5,189,trader_bridge_app,TradePage,1789085140,21,0,0
ykk5p8z9,16,1evcus8j,189,trader_bridge_app,TradePage,1789085140,21,0,0
ykk5p8z9,7,zxclkk3l,232,trader_bridge_app,ResumeTradingSession,1789085143,26,0,1
ykk5p8z9,8,99ctxiqw,232,trader_bridge_app,ResumeTradingSession,1789085143,26,0,1
ykk5p8z9,9,lz6sdo3r,232,trader_bridge_app,ResumeTradingSession,1789085143,26,0,1
ykk5p8z9,10,5hdyag7g,232,trader_bridge_app,ResumeTradingSession,1789085143,26,0,1
ykk5p8z9,11,p591h2pv,232,trader_bridge_app,ResumeTradingSession,1789085143,26,0,1
ykk5p8z9,12,g9e4scxb,232,trader_bridge_app,ResumeTradingSession,1789085143,26,0,1
ykk5p8z9,14,pn35uw2g,189,trader_bridge_app,TradePage,1789085153,21,0,0
ykk5p8z9,13,kirmcqky,190,trader_bridge_app,PauseTradingSession,1789085153,21,0,1
ykk5p8z9,15,ps4pdpc5,190,trader_bridge_app,PauseTradingSession,1789085153,21,0,1
ykk5p8z9,16,1evcus8j,190,trader_bridge_app,PauseTradingSession,1789085153,21,0,1
ykk5p8z9,17,wgz24zdb,190,trader_bridge_app,PauseTradingSession,1789085153,21,0,1
ykk5p8z9,18,ogauv9f8,190,trader_bridge_app,PauseTradingSession,1789085153,21,0,1
ykk5p8z9,14,pn35uw2g,190,trader_bridge_app,PauseTradingSession,1789085153,21,0,1
ykk5p8z9,15,ps4pdpc5,192,trader_bridge_app,DayBreak,1789085162,21,0,0
ykk5p8z9,16,1evcus8j,192,trader_bridge_app,DayBreak,1789085164,21,0,0
ykk5p8z9,14,pn35uw2g,192,trader_bridge_app,DayBreak,1789085174,21,1,0
ykk5p8z9,27,1nf2i0vh,243,trader_bridge_app,TradePage,1789085177,27,1,0
ykk5p8z9,30,ufzyavcw,243,trader_bridge_app,TradePage,1789085184,27,0,0
ykk5p8z9,26,qkzfdqnt,244,trader_bridge_app,PauseTradingSession,1789085184,27,0,1
ykk5p8z9,27,1nf2i0vh,244,trader_bridge_app,PauseTradingSession,1789085184,27,0,1
ykk5p8z9,28,s0vl521h,244,trader_bridge_app,PauseTradingSession,1789085184,27,0,1
ykk5p8z9,25,rf6q16rc,244,trader_bridge_app,PauseTradingSession,1789085184,27,0,1
ykk5p8z9,29,qs0z3czj,244,trader_bridge_app,PauseTradingSession,1789085184,27,0,1
ykk5p8z9,30,ufzyavcw,244,trader_bridge_app,PauseTradingSession,1789085184,27,0,1
ykk5p8z9,6,8zudctzx,243,trader_bridge_app,TradePage,1789085186,27,1,0
ykk5p8z9,1,78ek4e7n,244,trader_bridge_app,PauseTradingSession,1789085187,27,0,1
ykk5p8z9,2,38up52f8,244,trader_bridge_app,PauseTradingSession,1789085187,27,0,1
ykk5p8z9,3,mx74stso,244,trader_bridge_app,PauseTradingSession,1789085187,27,0,1
ykk5p8z9,4,03xcqsa5,244,trader_bridge_app,PauseTradingSession,1789085187,27,0,1
ykk5p8z9,9,lz6sdo3r,232,trader_bridge_app,ResumeTradingSession,1789085143,26,0,1
ykk5p8z9,10,5hdyag7g,232,trader_bridge_app,ResumeTradingSession,1789085143,26,0,1
ykk5p8z9,11,p591h2pv,232,trader_bridge_app,ResumeTradingSession,1789085143,26,0,1
ykk5p8z9,12,g9e4scxb,232,trader_bridge_app,ResumeTradingSession,1789085143,26,0,1
ykk5p8z9,7,zxclkk3l,232,trader_bridge_app,ResumeTradingSession,1789085143,26,0,1
ykk5p8z9,8,99ctxiqw,232,trader_bridge_app,ResumeTradingSession,1789085143,26,0,1
ykk5p8z9,17,wgz24zdb,189,trader_bridge_app,TradePage,1789085147,21,0,0
ykk5p8z9,13,kirmcqky,190,trader_bridge_app,PauseTradingSession,1789085153,21,0,1
ykk5p8z9,14,pn35uw2g,190,trader_bridge_app,PauseTradingSession,1789085153,21,0,1
ykk5p8z9,15,ps4pdpc5,190,trader_bridge_app,PauseTradingSession,1789085153,21,0,1
ykk5p8z9,16,1evcus8j,190,trader_bridge_app,PauseTradingSession,1789085153,21,0,1
ykk5p8z9,17,wgz24zdb,190,trader_bridge_app,PauseTradingSession,1789085153,21,0,1
ykk5p8z9,18,ogauv9f8,190,trader_bridge_app,PauseTradingSession,1789085153,21,0,1
ykk5p8z9,13,kirmcqky,192,trader_bridge_app,DayBreak,1789085160,21,0,0
ykk5p8z9,18,ogauv9f8,192,trader_bridge_app,DayBreak,1789085163,21,0,0
ykk5p8z9,17,wgz24zdb,192,trader_bridge_app,DayBreak,1789085169,21,0,0
ykk5p8z9,28,s0vl521h,243,trader_bridge_app,TradePage,1789085171,27,0,0
ykk5p8z9,13,kirmcqky,196,trader_bridge_app,ResumeTradingSession,1789085174,22,0,1
ykk5p8z9,14,pn35uw2g,196,trader_bridge_app,ResumeTradingSession,1789085174,22,0,1
ykk5p8z9,15,ps4pdpc5,196,trader_bridge_app,ResumeTradingSession,1789085174,22,0,1
ykk5p8z9,16,1evcus8j,196,trader_bridge_app,ResumeTradingSession,1789085174,22,0,1
ykk5p8z9,17,wgz24zdb,196,trader_bridge_app,ResumeTradingSession,1789085174,22,0,1
ykk5p8z9,18,ogauv9f8,196,trader_bridge_app,ResumeTradingSession,1789085174,22,0,1
ykk5p8z9,25,rf6q16rc,243,trader_bridge_app,TradePage,1789085175,27,0,0
ykk5p8z9,27,1nf2i0vh,243,trader_bridge_app,TradePage,1789085177,27,1,0
ykk5p8z9,1,78ek4e7n,243,trader_bridge_app,TradePage,1789085181,27,0,0
ykk5p8z9,2,38up52f8,243,trader_bridge_app,TradePage,1789085181,27,0,0
ykk5p8z9,4,03xcqsa5,243,trader_bridge_app,TradePage,1789085181,27,0,0
ykk5p8z9,5,gjhavmx0,243,trader_bridge_app,TradePage,1789085181,27,0,0
ykk5p8z9,3,mx74stso,243,trader_bridge_app,TradePage,1789085181,27,0,0
ykk5p8z9,29,qs0z3czj,243,trader_bridge_app,TradePage,1789085183,27,0,0
ykk5p8z9,26,qkzfdqnt,243,trader_bridge_app,TradePage,1789085184,27,0,0
ykk5p8z9,26,qkzfdqnt,244,trader_bridge_app,PauseTradingSession,1789085184,27,0,1
ykk5p8z9,27,1nf2i0vh,244,trader_bridge_app,PauseTradingSession,1789085184,27,0,1
ykk5p8z9,28,s0vl521h,244,trader_bridge_app,PauseTradingSession,1789085184,27,0,1
ykk5p8z9,25,rf6q16rc,244,trader_bridge_app,PauseTradingSession,1789085184,27,0,1
ykk5p8z9,29,qs0z3czj,244,trader_bridge_app,PauseTradingSession,1789085184,27,0,1
ykk5p8z9,30,ufzyavcw,244,trader_bridge_app,PauseTradingSession,1789085184,27,0,1
ykk5p8z9,21,3d0rzld9,243,trader_bridge_app,TradePage,1789085191,27,0,0
ykk5p8z9,24,chkml8l5,243,trader_bridge_app,TradePage,1789085191,27,0,0
ykk5p8z9,19,h89ct0h3,244,trader_bridge_app,PauseTradingSession,1789085192,27,0,1
ykk5p8z9,20,oizn9530,244,trader_bridge_app,PauseTradingSession,1789085192,27,0,1
ykk5p8z9,21,3d0rzld9,244,trader_bridge_app,PauseTradingSession,1789085192,27,0,1
ykk5p8z9,22,gy0oizb5,244,trader_bridge_app,PauseTradingSession,1789085192,27,0,1
ykk5p8z9,23,8r753ujr,244,trader_bridge_app,PauseTradingSession,1789085192,27,0,1
ykk5p8z9,24,chkml8l5,244,trader_bridge_app,PauseTradingSession,1789085192,27,0,1
ykk5p8z9,4,03xcqsa5,246,trader_bridge_app,DayBreak,1789085199,27,0,0
ykk5p8z9,11,p591h2pv,234,trader_bridge_app,TradePage,1789085204,26,0,0
ykk5p8z9,7,zxclkk3l,234,trader_bridge_app,TradePage,1789085204,26,0,0
ykk5p8z9,8,99ctxiqw,234,trader_bridge_app,TradePage,1789085204,26,0,0
ykk5p8z9,7,zxclkk3l,235,trader_bridge_app,PauseTradingSession,1789085204,26,0,1
ykk5p8z9,8,99ctxiqw,235,trader_bridge_app,PauseTradingSession,1789085204,26,0,1
ykk5p8z9,9,lz6sdo3r,235,trader_bridge_app,PauseTradingSession,1789085204,26,0,1
ykk5p8z9,10,5hdyag7g,235,trader_bridge_app,PauseTradingSession,1789085204,26,0,1
ykk5p8z9,11,p591h2pv,235,trader_bridge_app,PauseTradingSession,1789085204,26,0,1
ykk5p8z9,12,g9e4scxb,235,trader_bridge_app,PauseTradingSession,1789085204,26,0,1
ykk5p8z9,5,gjhavmx0,246,trader_bridge_app,DayBreak,1789085206,27,0,0
ykk5p8z9,1,78ek4e7n,246,trader_bridge_app,DayBreak,1789085206,27,0,0
ykk5p8z9,6,8zudctzx,246,trader_bridge_app,DayBreak,1789085206,27,0,0
ykk5p8z9,6,8zudctzx,250,trader_bridge_app,ResumeTradingSession,1789085207,28,0,1
ykk5p8z9,1,78ek4e7n,250,trader_bridge_app,ResumeTradingSession,1789085207,28,0,1
ykk5p8z9,2,38up52f8,250,trader_bridge_app,ResumeTradingSession,1789085207,28,0,1
ykk5p8z9,3,mx74stso,250,trader_bridge_app,ResumeTradingSession,1789085207,28,0,1
ykk5p8z9,4,03xcqsa5,250,trader_bridge_app,ResumeTradingSession,1789085207,28,0,1
ykk5p8z9,5,gjhavmx0,250,trader_bridge_app,ResumeTradingSession,1789085207,28,0,1
ykk5p8z9,11,p591h2pv,237,trader_bridge_app,DayBreak,1789085208,26,0,0
ykk5p8z9,8,99ctxiqw,237,trader_bridge_app,DayBreak,1789085210,26,0,0
ykk5p8z9,22,gy0oizb5,246,trader_bridge_app,DayBreak,1789085211,27,0,0
ykk5p8z9,19,h89ct0h3,250,trader_bridge_app,ResumeTradingSession,1789085212,28,0,1
ykk5p8z9,20,oizn9530,250,trader_bridge_app,ResumeTradingSession,1789085212,28,0,1
ykk5p8z9,21,3d0rzld9,250,trader_bridge_app,ResumeTradingSession,1789085212,28,0,1
ykk5p8z9,22,gy0oizb5,250,trader_bridge_app,ResumeTradingSession,1789085212,28,0,1
ykk5p8z9,23,8r753ujr,250,trader_bridge_app,ResumeTradingSession,1789085212,28,0,1
ykk5p8z9,24,chkml8l5,250,trader_bridge_app,ResumeTradingSession,1789085212,28,0,1
ykk5p8z9,27,1nf2i0vh,246,trader_bridge_app,DayBreak,1789085216,27,1,0
ykk5p8z9,25,rf6q16rc,250,trader_bridge_app,ResumeTradingSession,1789085216,28,0,1
ykk5p8z9,26,qkzfdqnt,250,trader_bridge_app,ResumeTradingSession,1789085216,28,0,1
ykk5p8z9,27,1nf2i0vh,250,trader_bridge_app,ResumeTradingSession,1789085216,28,0,1
ykk5p8z9,28,s0vl521h,250,trader_bridge_app,ResumeTradingSession,1789085216,28,0,1
ykk5p8z9,29,qs0z3czj,250,trader_bridge_app,ResumeTradingSession,1789085216,28,0,1
ykk5p8z9,30,ufzyavcw,250,trader_bridge_app,ResumeTradingSession,1789085216,28,0,1
ykk5p8z9,10,5hdyag7g,237,trader_bridge_app,DayBreak,1789085224,26,0,0
ykk5p8z9,7,zxclkk3l,241,trader_bridge_app,ResumeTradingSession,1789085224,27,0,1
ykk5p8z9,8,99ctxiqw,241,trader_bridge_app,ResumeTradingSession,1789085224,27,0,1
ykk5p8z9,9,lz6sdo3r,241,trader_bridge_app,ResumeTradingSession,1789085224,27,0,1
ykk5p8z9,10,5hdyag7g,241,trader_bridge_app,ResumeTradingSession,1789085224,27,0,1
ykk5p8z9,11,p591h2pv,241,trader_bridge_app,ResumeTradingSession,1789085224,27,0,1
ykk5p8z9,12,g9e4scxb,241,trader_bridge_app,ResumeTradingSession,1789085224,27,0,1
ykk5p8z9,13,kirmcqky,198,trader_bridge_app,TradePage,1789085235,22,0,0
ykk5p8z9,14,pn35uw2g,198,trader_bridge_app,TradePage,1789085235,22,0,0
ykk5p8z9,13,kirmcqky,199,trader_bridge_app,PauseTradingSession,1789085248,22,0,1
ykk5p8z9,16,1evcus8j,199,trader_bridge_app,PauseTradingSession,1789085248,22,0,1
ykk5p8z9,14,pn35uw2g,199,trader_bridge_app,PauseTradingSession,1789085248,22,0,1
ykk5p8z9,15,ps4pdpc5,199,trader_bridge_app,PauseTradingSession,1789085248,22,0,1
ykk5p8z9,17,wgz24zdb,199,trader_bridge_app,PauseTradingSession,1789085248,22,0,1
ykk5p8z9,18,ogauv9f8,199,trader_bridge_app,PauseTradingSession,1789085248,22,0,1
ykk5p8z9,18,ogauv9f8,201,trader_bridge_app,DayBreak,1789085250,22,0,0
ykk5p8z9,17,wgz24zdb,201,trader_bridge_app,DayBreak,1789085252,22,0,0
ykk5p8z9,31,lkaj8gx3,304,post_exp,LabContact,1789085253,1,0,0
ykk5p8z9,14,pn35uw2g,205,trader_bridge_app,ResumeTradingSession,1789085260,23,0,1
ykk5p8z9,13,kirmcqky,205,trader_bridge_app,ResumeTradingSession,1789085260,23,0,1
ykk5p8z9,15,ps4pdpc5,205,trader_bridge_app,ResumeTradingSession,1789085260,23,0,1
ykk5p8z9,5,gjhavmx0,244,trader_bridge_app,PauseTradingSession,1789085187,27,0,1
ykk5p8z9,6,8zudctzx,244,trader_bridge_app,PauseTradingSession,1789085187,27,0,1
ykk5p8z9,19,h89ct0h3,243,trader_bridge_app,TradePage,1789085191,27,0,0
ykk5p8z9,22,gy0oizb5,243,trader_bridge_app,TradePage,1789085191,27,0,0
ykk5p8z9,23,8r753ujr,243,trader_bridge_app,TradePage,1789085191,27,0,0
ykk5p8z9,20,oizn9530,243,trader_bridge_app,TradePage,1789085191,27,0,0
ykk5p8z9,3,mx74stso,246,trader_bridge_app,DayBreak,1789085194,27,0,0
ykk5p8z9,30,ufzyavcw,246,trader_bridge_app,DayBreak,1789085196,27,0,0
ykk5p8z9,29,qs0z3czj,246,trader_bridge_app,DayBreak,1789085196,27,0,0
ykk5p8z9,28,s0vl521h,246,trader_bridge_app,DayBreak,1789085196,27,0,0
ykk5p8z9,2,38up52f8,246,trader_bridge_app,DayBreak,1789085197,27,0,0
ykk5p8z9,25,rf6q16rc,246,trader_bridge_app,DayBreak,1789085197,27,0,0
ykk5p8z9,26,qkzfdqnt,246,trader_bridge_app,DayBreak,1789085201,27,0,0
ykk5p8z9,21,3d0rzld9,246,trader_bridge_app,DayBreak,1789085202,27,0,0
ykk5p8z9,10,5hdyag7g,234,trader_bridge_app,TradePage,1789085204,26,0,0
ykk5p8z9,9,lz6sdo3r,234,trader_bridge_app,TradePage,1789085204,26,0,0
ykk5p8z9,12,g9e4scxb,234,trader_bridge_app,TradePage,1789085204,26,0,0
ykk5p8z9,23,8r753ujr,246,trader_bridge_app,DayBreak,1789085205,27,0,0
ykk5p8z9,19,h89ct0h3,246,trader_bridge_app,DayBreak,1789085207,27,0,0
ykk5p8z9,9,lz6sdo3r,237,trader_bridge_app,DayBreak,1789085207,26,0,0
ykk5p8z9,12,g9e4scxb,237,trader_bridge_app,DayBreak,1789085208,26,0,0
ykk5p8z9,7,zxclkk3l,237,trader_bridge_app,DayBreak,1789085209,26,0,0
ykk5p8z9,24,chkml8l5,246,trader_bridge_app,DayBreak,1789085212,27,1,0
ykk5p8z9,20,oizn9530,246,trader_bridge_app,DayBreak,1789085212,27,1,0
ykk5p8z9,19,h89ct0h3,250,trader_bridge_app,ResumeTradingSession,1789085212,28,0,1
ykk5p8z9,20,oizn9530,250,trader_bridge_app,ResumeTradingSession,1789085212,28,0,1
ykk5p8z9,21,3d0rzld9,250,trader_bridge_app,ResumeTradingSession,1789085212,28,0,1
ykk5p8z9,22,gy0oizb5,250,trader_bridge_app,ResumeTradingSession,1789085212,28,0,1
ykk5p8z9,23,8r753ujr,250,trader_bridge_app,ResumeTradingSession,1789085212,28,0,1
ykk5p8z9,24,chkml8l5,250,trader_bridge_app,ResumeTradingSession,1789085212,28,0,1
ykk5p8z9,8,99ctxiqw,241,trader_bridge_app,ResumeTradingSession,1789085224,27,0,1
ykk5p8z9,9,lz6sdo3r,241,trader_bridge_app,ResumeTradingSession,1789085224,27,0,1
ykk5p8z9,10,5hdyag7g,241,trader_bridge_app,ResumeTradingSession,1789085224,27,0,1
ykk5p8z9,7,zxclkk3l,241,trader_bridge_app,ResumeTradingSession,1789085224,27,0,1
ykk5p8z9,11,p591h2pv,241,trader_bridge_app,ResumeTradingSession,1789085224,27,0,1
ykk5p8z9,12,g9e4scxb,241,trader_bridge_app,ResumeTradingSession,1789085224,27,0,1
ykk5p8z9,31,lkaj8gx3,303,post_exp,literacyQuiz,1789085234,1,0,0
ykk5p8z9,17,wgz24zdb,198,trader_bridge_app,TradePage,1789085235,22,0,0
ykk5p8z9,15,ps4pdpc5,198,trader_bridge_app,TradePage,1789085235,22,0,0
ykk5p8z9,18,ogauv9f8,198,trader_bridge_app,TradePage,1789085235,22,0,0
ykk5p8z9,16,1evcus8j,198,trader_bridge_app,TradePage,1789085247,22,0,0
ykk5p8z9,13,kirmcqky,201,trader_bridge_app,DayBreak,1789085250,22,0,0
ykk5p8z9,16,1evcus8j,201,trader_bridge_app,DayBreak,1789085250,22,0,0
ykk5p8z9,15,ps4pdpc5,201,trader_bridge_app,DayBreak,1789085252,22,0,0
ykk5p8z9,14,pn35uw2g,201,trader_bridge_app,DayBreak,1789085259,22,0,0
ykk5p8z9,6,8zudctzx,252,trader_bridge_app,TradePage,1789085267,28,0,0
ykk5p8z9,4,03xcqsa5,252,trader_bridge_app,TradePage,1789085267,28,0,0
ykk5p8z9,1,78ek4e7n,252,trader_bridge_app,TradePage,1789085268,28,0,0
ykk5p8z9,3,mx74stso,252,trader_bridge_app,TradePage,1789085269,28,0,0
ykk5p8z9,20,oizn9530,252,trader_bridge_app,TradePage,1789085273,28,0,0
ykk5p8z9,23,8r753ujr,252,trader_bridge_app,TradePage,1789085273,28,0,0
ykk5p8z9,28,s0vl521h,252,trader_bridge_app,TradePage,1789085277,28,0,0
ykk5p8z9,29,qs0z3czj,252,trader_bridge_app,TradePage,1789085277,28,0,0
ykk5p8z9,19,h89ct0h3,255,trader_bridge_app,DayBreak,1789085278,28,0,0
ykk5p8z9,5,gjhavmx0,252,trader_bridge_app,TradePage,1789085278,28,0,0
ykk5p8z9,1,78ek4e7n,253,trader_bridge_app,PauseTradingSession,1789085278,28,0,1
ykk5p8z9,2,38up52f8,253,trader_bridge_app,PauseTradingSession,1789085278,28,0,1
ykk5p8z9,3,mx74stso,253,trader_bridge_app,PauseTradingSession,1789085278,28,0,1
ykk5p8z9,4,03xcqsa5,253,trader_bridge_app,PauseTradingSession,1789085278,28,0,1
ykk5p8z9,5,gjhavmx0,253,trader_bridge_app,PauseTradingSession,1789085278,28,0,1
ykk5p8z9,6,8zudctzx,253,trader_bridge_app,PauseTradingSession,1789085278,28,0,1
ykk5p8z9,1,78ek4e7n,255,trader_bridge_app,DayBreak,1789085281,28,0,0
ykk5p8z9,5,gjhavmx0,255,trader_bridge_app,DayBreak,1789085281,28,0,0
ykk5p8z9,30,ufzyavcw,252,trader_bridge_app,TradePage,1789085282,28,0,0
ykk5p8z9,4,03xcqsa5,255,trader_bridge_app,DayBreak,1789085283,28,0,0
ykk5p8z9,20,oizn9530,255,trader_bridge_app,DayBreak,1789085283,28,0,0
ykk5p8z9,10,5hdyag7g,243,trader_bridge_app,TradePage,1789085285,27,0,0
ykk5p8z9,7,zxclkk3l,243,trader_bridge_app,TradePage,1789085285,27,0,0
ykk5p8z9,9,lz6sdo3r,243,trader_bridge_app,TradePage,1789085285,27,0,0
ykk5p8z9,11,p591h2pv,243,trader_bridge_app,TradePage,1789085285,27,0,0
ykk5p8z9,8,99ctxiqw,243,trader_bridge_app,TradePage,1789085285,27,0,0
ykk5p8z9,7,zxclkk3l,244,trader_bridge_app,PauseTradingSession,1789085286,27,0,1
ykk5p8z9,8,99ctxiqw,244,trader_bridge_app,PauseTradingSession,1789085286,27,0,1
ykk5p8z9,9,lz6sdo3r,244,trader_bridge_app,PauseTradingSession,1789085286,27,0,1
ykk5p8z9,10,5hdyag7g,244,trader_bridge_app,PauseTradingSession,1789085286,27,0,1
ykk5p8z9,11,p591h2pv,244,trader_bridge_app,PauseTradingSession,1789085286,27,0,1
ykk5p8z9,12,g9e4scxb,244,trader_bridge_app,PauseTradingSession,1789085286,27,0,1
ykk5p8z9,25,rf6q16rc,252,trader_bridge_app,TradePage,1789085287,28,0,0
ykk5p8z9,21,3d0rzld9,255,trader_bridge_app,DayBreak,1789085290,28,0,0
ykk5p8z9,19,h89ct0h3,259,trader_bridge_app,ResumeTradingSession,1789085290,29,0,1
ykk5p8z9,20,oizn9530,259,trader_bridge_app,ResumeTradingSession,1789085290,29,0,1
ykk5p8z9,21,3d0rzld9,259,trader_bridge_app,ResumeTradingSession,1789085290,29,0,1
ykk5p8z9,22,gy0oizb5,259,trader_bridge_app,ResumeTradingSession,1789085290,29,0,1
ykk5p8z9,23,8r753ujr,259,trader_bridge_app,ResumeTradingSession,1789085290,29,0,1
ykk5p8z9,24,chkml8l5,259,trader_bridge_app,ResumeTradingSession,1789085290,29,0,1
ykk5p8z9,25,rf6q16rc,253,trader_bridge_app,PauseTradingSession,1789085291,28,0,1
ykk5p8z9,26,qkzfdqnt,253,trader_bridge_app,PauseTradingSession,1789085291,28,0,1
ykk5p8z9,27,1nf2i0vh,253,trader_bridge_app,PauseTradingSession,1789085291,28,0,1
ykk5p8z9,28,s0vl521h,253,trader_bridge_app,PauseTradingSession,1789085291,28,0,1
ykk5p8z9,29,qs0z3czj,253,trader_bridge_app,PauseTradingSession,1789085291,28,0,1
ykk5p8z9,30,ufzyavcw,253,trader_bridge_app,PauseTradingSession,1789085291,28,0,1
ykk5p8z9,28,s0vl521h,255,trader_bridge_app,DayBreak,1789085295,28,0,0
ykk5p8z9,29,qs0z3czj,255,trader_bridge_app,DayBreak,1789085295,28,0,0
ykk5p8z9,9,lz6sdo3r,246,trader_bridge_app,DayBreak,1789085296,27,0,0
ykk5p8z9,11,p591h2pv,246,trader_bridge_app,DayBreak,1789085298,27,0,0
ykk5p8z9,10,5hdyag7g,246,trader_bridge_app,DayBreak,1789085299,27,0,0
ykk5p8z9,8,99ctxiqw,246,trader_bridge_app,DayBreak,1789085301,27,0,0
ykk5p8z9,7,zxclkk3l,250,trader_bridge_app,ResumeTradingSession,1789085301,28,0,1
ykk5p8z9,8,99ctxiqw,250,trader_bridge_app,ResumeTradingSession,1789085301,28,0,1
ykk5p8z9,9,lz6sdo3r,250,trader_bridge_app,ResumeTradingSession,1789085301,28,0,1
ykk5p8z9,10,5hdyag7g,250,trader_bridge_app,ResumeTradingSession,1789085301,28,0,1
ykk5p8z9,11,p591h2pv,250,trader_bridge_app,ResumeTradingSession,1789085301,28,0,1
ykk5p8z9,16,1evcus8j,205,trader_bridge_app,ResumeTradingSession,1789085260,23,0,1
ykk5p8z9,17,wgz24zdb,205,trader_bridge_app,ResumeTradingSession,1789085260,23,0,1
ykk5p8z9,18,ogauv9f8,205,trader_bridge_app,ResumeTradingSession,1789085260,23,0,1
ykk5p8z9,2,38up52f8,252,trader_bridge_app,TradePage,1789085267,28,0,0
ykk5p8z9,21,3d0rzld9,252,trader_bridge_app,TradePage,1789085273,28,0,0
ykk5p8z9,22,gy0oizb5,252,trader_bridge_app,TradePage,1789085273,28,0,0
ykk5p8z9,24,chkml8l5,252,trader_bridge_app,TradePage,1789085273,28,0,0
ykk5p8z9,19,h89ct0h3,252,trader_bridge_app,TradePage,1789085274,28,0,0
ykk5p8z9,24,chkml8l5,253,trader_bridge_app,PauseTradingSession,1789085275,28,0,1
ykk5p8z9,19,h89ct0h3,253,trader_bridge_app,PauseTradingSession,1789085275,28,0,1
ykk5p8z9,20,oizn9530,253,trader_bridge_app,PauseTradingSession,1789085275,28,0,1
ykk5p8z9,21,3d0rzld9,253,trader_bridge_app,PauseTradingSession,1789085275,28,0,1
ykk5p8z9,22,gy0oizb5,253,trader_bridge_app,PauseTradingSession,1789085275,28,0,1
ykk5p8z9,23,8r753ujr,253,trader_bridge_app,PauseTradingSession,1789085275,28,0,1
ykk5p8z9,27,1nf2i0vh,252,trader_bridge_app,TradePage,1789085277,28,0,0
ykk5p8z9,22,gy0oizb5,255,trader_bridge_app,DayBreak,1789085279,28,0,0
ykk5p8z9,3,mx74stso,255,trader_bridge_app,DayBreak,1789085281,28,0,0
ykk5p8z9,6,8zudctzx,255,trader_bridge_app,DayBreak,1789085282,28,0,0
ykk5p8z9,2,38up52f8,255,trader_bridge_app,DayBreak,1789085283,28,0,0
ykk5p8z9,1,78ek4e7n,259,trader_bridge_app,ResumeTradingSession,1789085283,29,0,1
ykk5p8z9,2,38up52f8,259,trader_bridge_app,ResumeTradingSession,1789085283,29,0,1
ykk5p8z9,4,03xcqsa5,259,trader_bridge_app,ResumeTradingSession,1789085283,29,0,1
ykk5p8z9,5,gjhavmx0,259,trader_bridge_app,ResumeTradingSession,1789085283,29,0,1
ykk5p8z9,6,8zudctzx,259,trader_bridge_app,ResumeTradingSession,1789085283,29,0,1
ykk5p8z9,3,mx74stso,259,trader_bridge_app,ResumeTradingSession,1789085283,29,0,1
ykk5p8z9,24,chkml8l5,255,trader_bridge_app,DayBreak,1789085284,28,0,0
ykk5p8z9,12,g9e4scxb,243,trader_bridge_app,TradePage,1789085285,27,0,0
ykk5p8z9,7,zxclkk3l,244,trader_bridge_app,PauseTradingSession,1789085286,27,0,1
ykk5p8z9,8,99ctxiqw,244,trader_bridge_app,PauseTradingSession,1789085286,27,0,1
ykk5p8z9,9,lz6sdo3r,244,trader_bridge_app,PauseTradingSession,1789085286,27,0,1
ykk5p8z9,10,5hdyag7g,244,trader_bridge_app,PauseTradingSession,1789085286,27,0,1
ykk5p8z9,11,p591h2pv,244,trader_bridge_app,PauseTradingSession,1789085286,27,0,1
ykk5p8z9,12,g9e4scxb,244,trader_bridge_app,PauseTradingSession,1789085286,27,0,1
ykk5p8z9,23,8r753ujr,255,trader_bridge_app,DayBreak,1789085287,28,0,0
ykk5p8z9,26,qkzfdqnt,252,trader_bridge_app,TradePage,1789085290,28,0,0
ykk5p8z9,23,8r753ujr,259,trader_bridge_app,ResumeTradingSession,1789085291,29,0,1
ykk5p8z9,24,chkml8l5,259,trader_bridge_app,ResumeTradingSession,1789085291,29,0,1
ykk5p8z9,19,h89ct0h3,259,trader_bridge_app,ResumeTradingSession,1789085291,29,0,1
ykk5p8z9,20,oizn9530,259,trader_bridge_app,ResumeTradingSession,1789085291,29,0,1
ykk5p8z9,21,3d0rzld9,259,trader_bridge_app,ResumeTradingSession,1789085291,29,0,1
ykk5p8z9,22,gy0oizb5,259,trader_bridge_app,ResumeTradingSession,1789085291,29,0,1
ykk5p8z9,7,zxclkk3l,246,trader_bridge_app,DayBreak,1789085295,27,0,0
ykk5p8z9,30,ufzyavcw,255,trader_bridge_app,DayBreak,1789085298,28,0,0
ykk5p8z9,26,qkzfdqnt,255,trader_bridge_app,DayBreak,1789085298,28,0,0
ykk5p8z9,12,g9e4scxb,246,trader_bridge_app,DayBreak,1789085299,27,0,0
ykk5p8z9,18,ogauv9f8,207,trader_bridge_app,TradePage,1789085321,23,0,0
ykk5p8z9,16,1evcus8j,207,trader_bridge_app,TradePage,1789085327,23,0,0
ykk5p8z9,13,kirmcqky,208,trader_bridge_app,PauseTradingSession,1789085327,23,0,1
ykk5p8z9,14,pn35uw2g,208,trader_bridge_app,PauseTradingSession,1789085327,23,0,1
ykk5p8z9,15,ps4pdpc5,208,trader_bridge_app,PauseTradingSession,1789085327,23,0,1
ykk5p8z9,16,1evcus8j,208,trader_bridge_app,PauseTradingSession,1789085327,23,0,1
ykk5p8z9,17,wgz24zdb,208,trader_bridge_app,PauseTradingSession,1789085327,23,0,1
ykk5p8z9,18,ogauv9f8,208,trader_bridge_app,PauseTradingSession,1789085327,23,0,1
ykk5p8z9,15,ps4pdpc5,210,trader_bridge_app,DayBreak,1789085329,23,0,0
ykk5p8z9,16,1evcus8j,210,trader_bridge_app,DayBreak,1789085329,23,0,0
ykk5p8z9,18,ogauv9f8,210,trader_bridge_app,DayBreak,1789085336,23,0,0
ykk5p8z9,17,wgz24zdb,210,trader_bridge_app,DayBreak,1789085340,23,0,0
ykk5p8z9,16,1evcus8j,214,trader_bridge_app,ResumeTradingSession,1789085341,24,0,1
ykk5p8z9,17,wgz24zdb,214,trader_bridge_app,ResumeTradingSession,1789085341,24,0,1
ykk5p8z9,13,kirmcqky,214,trader_bridge_app,ResumeTradingSession,1789085341,24,0,1
ykk5p8z9,14,pn35uw2g,214,trader_bridge_app,ResumeTradingSession,1789085341,24,0,1
ykk5p8z9,15,ps4pdpc5,214,trader_bridge_app,ResumeTradingSession,1789085341,24,0,1
ykk5p8z9,18,ogauv9f8,214,trader_bridge_app,ResumeTradingSession,1789085341,24,0,1
ykk5p8z9,20,oizn9530,261,trader_bridge_app,TradePage,1789085352,29,0,0
ykk5p8z9,19,h89ct0h3,261,trader_bridge_app,TradePage,1789085352,29,0,0
ykk5p8z9,22,gy0oizb5,261,trader_bridge_app,TradePage,1789085352,29,0,0
ykk5p8z9,23,8r753ujr,261,trader_bridge_app,TradePage,1789085352,29,0,0
ykk5p8z9,19,h89ct0h3,262,trader_bridge_app,PauseTradingSession,1789085357,29,0,1
ykk5p8z9,20,oizn9530,262,trader_bridge_app,PauseTradingSession,1789085357,29,0,1
ykk5p8z9,22,gy0oizb5,262,trader_bridge_app,PauseTradingSession,1789085357,29,0,1
ykk5p8z9,23,8r753ujr,262,trader_bridge_app,PauseTradingSession,1789085357,29,0,1
ykk5p8z9,24,chkml8l5,262,trader_bridge_app,PauseTradingSession,1789085357,29,0,1
ykk5p8z9,21,3d0rzld9,262,trader_bridge_app,PauseTradingSession,1789085357,29,0,1
ykk5p8z9,2,38up52f8,262,trader_bridge_app,PauseTradingSession,1789085358,29,0,1
ykk5p8z9,1,78ek4e7n,262,trader_bridge_app,PauseTradingSession,1789085358,29,0,1
ykk5p8z9,6,8zudctzx,262,trader_bridge_app,PauseTradingSession,1789085358,29,0,1
ykk5p8z9,3,mx74stso,262,trader_bridge_app,PauseTradingSession,1789085358,29,0,1
ykk5p8z9,4,03xcqsa5,262,trader_bridge_app,PauseTradingSession,1789085358,29,0,1
ykk5p8z9,5,gjhavmx0,262,trader_bridge_app,PauseTradingSession,1789085358,29,0,1
ykk5p8z9,5,gjhavmx0,264,trader_bridge_app,DayBreak,1789085360,29,0,0
ykk5p8z9,4,03xcqsa5,264,trader_bridge_app,DayBreak,1789085361,29,0,0
ykk5p8z9,9,lz6sdo3r,252,trader_bridge_app,TradePage,1789085362,28,0,0
ykk5p8z9,8,99ctxiqw,252,trader_bridge_app,TradePage,1789085362,28,0,0
ykk5p8z9,12,g9e4scxb,252,trader_bridge_app,TradePage,1789085362,28,0,0
ykk5p8z9,20,oizn9530,264,trader_bridge_app,DayBreak,1789085363,29,0,0
ykk5p8z9,1,78ek4e7n,264,trader_bridge_app,DayBreak,1789085363,29,0,0
ykk5p8z9,24,chkml8l5,264,trader_bridge_app,DayBreak,1789085363,29,0,0
ykk5p8z9,23,8r753ujr,264,trader_bridge_app,DayBreak,1789085363,29,0,0
ykk5p8z9,6,8zudctzx,264,trader_bridge_app,DayBreak,1789085364,29,0,0
ykk5p8z9,1,78ek4e7n,268,trader_bridge_app,ResumeTradingSession,1789085365,30,0,1
ykk5p8z9,3,mx74stso,268,trader_bridge_app,ResumeTradingSession,1789085365,30,0,1
ykk5p8z9,4,03xcqsa5,268,trader_bridge_app,ResumeTradingSession,1789085365,30,0,1
ykk5p8z9,5,gjhavmx0,268,trader_bridge_app,ResumeTradingSession,1789085365,30,0,1
ykk5p8z9,6,8zudctzx,268,trader_bridge_app,ResumeTradingSession,1789085365,30,0,1
ykk5p8z9,2,38up52f8,268,trader_bridge_app,ResumeTradingSession,1789085365,30,0,1
ykk5p8z9,19,h89ct0h3,268,trader_bridge_app,ResumeTradingSession,1789085365,30,0,1
ykk5p8z9,20,oizn9530,268,trader_bridge_app,ResumeTradingSession,1789085365,30,0,1
ykk5p8z9,21,3d0rzld9,268,trader_bridge_app,ResumeTradingSession,1789085365,30,0,1
ykk5p8z9,22,gy0oizb5,268,trader_bridge_app,ResumeTradingSession,1789085365,30,0,1
ykk5p8z9,23,8r753ujr,268,trader_bridge_app,ResumeTradingSession,1789085365,30,0,1
ykk5p8z9,24,chkml8l5,268,trader_bridge_app,ResumeTradingSession,1789085365,30,0,1
ykk5p8z9,29,qs0z3czj,261,trader_bridge_app,TradePage,1789085365,29,0,0
ykk5p8z9,12,g9e4scxb,250,trader_bridge_app,ResumeTradingSession,1789085301,28,0,1
ykk5p8z9,25,rf6q16rc,255,trader_bridge_app,DayBreak,1789085302,28,0,0
ykk5p8z9,27,1nf2i0vh,255,trader_bridge_app,DayBreak,1789085304,28,0,0
ykk5p8z9,25,rf6q16rc,259,trader_bridge_app,ResumeTradingSession,1789085304,29,0,1
ykk5p8z9,26,qkzfdqnt,259,trader_bridge_app,ResumeTradingSession,1789085304,29,0,1
ykk5p8z9,27,1nf2i0vh,259,trader_bridge_app,ResumeTradingSession,1789085304,29,0,1
ykk5p8z9,28,s0vl521h,259,trader_bridge_app,ResumeTradingSession,1789085304,29,0,1
ykk5p8z9,29,qs0z3czj,259,trader_bridge_app,ResumeTradingSession,1789085304,29,0,1
ykk5p8z9,30,ufzyavcw,259,trader_bridge_app,ResumeTradingSession,1789085304,29,0,1
ykk5p8z9,14,pn35uw2g,207,trader_bridge_app,TradePage,1789085321,23,0,0
ykk5p8z9,17,wgz24zdb,207,trader_bridge_app,TradePage,1789085321,23,0,0
ykk5p8z9,13,kirmcqky,207,trader_bridge_app,TradePage,1789085321,23,0,0
ykk5p8z9,15,ps4pdpc5,207,trader_bridge_app,TradePage,1789085321,23,0,0
ykk5p8z9,14,pn35uw2g,210,trader_bridge_app,DayBreak,1789085332,23,0,0
ykk5p8z9,13,kirmcqky,210,trader_bridge_app,DayBreak,1789085336,23,0,0
ykk5p8z9,4,03xcqsa5,261,trader_bridge_app,TradePage,1789085344,29,0,0
ykk5p8z9,2,38up52f8,261,trader_bridge_app,TradePage,1789085344,29,0,0
ykk5p8z9,6,8zudctzx,261,trader_bridge_app,TradePage,1789085344,29,0,0
ykk5p8z9,5,gjhavmx0,261,trader_bridge_app,TradePage,1789085344,29,0,0
ykk5p8z9,24,chkml8l5,261,trader_bridge_app,TradePage,1789085352,29,0,0
ykk5p8z9,3,mx74stso,261,trader_bridge_app,TradePage,1789085355,29,0,0
ykk5p8z9,21,3d0rzld9,261,trader_bridge_app,TradePage,1789085356,29,0,0
ykk5p8z9,19,h89ct0h3,262,trader_bridge_app,PauseTradingSession,1789085357,29,0,1
ykk5p8z9,20,oizn9530,262,trader_bridge_app,PauseTradingSession,1789085357,29,0,1
ykk5p8z9,21,3d0rzld9,262,trader_bridge_app,PauseTradingSession,1789085357,29,0,1
ykk5p8z9,22,gy0oizb5,262,trader_bridge_app,PauseTradingSession,1789085357,29,0,1
ykk5p8z9,23,8r753ujr,262,trader_bridge_app,PauseTradingSession,1789085357,29,0,1
ykk5p8z9,24,chkml8l5,262,trader_bridge_app,PauseTradingSession,1789085357,29,0,1
ykk5p8z9,1,78ek4e7n,261,trader_bridge_app,TradePage,1789085357,29,0,0
ykk5p8z9,2,38up52f8,264,trader_bridge_app,DayBreak,1789085361,29,0,0
ykk5p8z9,21,3d0rzld9,264,trader_bridge_app,DayBreak,1789085362,29,0,0
ykk5p8z9,7,zxclkk3l,252,trader_bridge_app,TradePage,1789085362,28,0,0
ykk5p8z9,22,gy0oizb5,264,trader_bridge_app,DayBreak,1789085364,29,0,0
ykk5p8z9,3,mx74stso,264,trader_bridge_app,DayBreak,1789085364,29,0,0
ykk5p8z9,1,78ek4e7n,268,trader_bridge_app,ResumeTradingSession,1789085364,30,0,1
ykk5p8z9,2,38up52f8,268,trader_bridge_app,ResumeTradingSession,1789085364,30,0,1
ykk5p8z9,3,mx74stso,268,trader_bridge_app,ResumeTradingSession,1789085364,30,0,1
ykk5p8z9,4,03xcqsa5,268,trader_bridge_app,ResumeTradingSession,1789085364,30,0,1
ykk5p8z9,5,gjhavmx0,268,trader_bridge_app,ResumeTradingSession,1789085364,30,0,1
ykk5p8z9,6,8zudctzx,268,trader_bridge_app,ResumeTradingSession,1789085364,30,0,1
ykk5p8z9,19,h89ct0h3,264,trader_bridge_app,DayBreak,1789085365,29,0,0
ykk5p8z9,27,1nf2i0vh,261,trader_bridge_app,TradePage,1789085365,29,0,0
ykk5p8z9,28,s0vl521h,261,trader_bridge_app,TradePage,1789085365,29,0,0
ykk5p8z9,7,zxclkk3l,253,trader_bridge_app,PauseTradingSession,1789085375,28,0,1
ykk5p8z9,8,99ctxiqw,253,trader_bridge_app,PauseTradingSession,1789085375,28,0,1
ykk5p8z9,9,lz6sdo3r,253,trader_bridge_app,PauseTradingSession,1789085375,28,0,1
ykk5p8z9,10,5hdyag7g,253,trader_bridge_app,PauseTradingSession,1789085375,28,0,1
ykk5p8z9,11,p591h2pv,253,trader_bridge_app,PauseTradingSession,1789085375,28,0,1
ykk5p8z9,12,g9e4scxb,253,trader_bridge_app,PauseTradingSession,1789085375,28,0,1
ykk5p8z9,8,99ctxiqw,255,trader_bridge_app,DayBreak,1789085380,28,0,0
ykk5p8z9,10,5hdyag7g,255,trader_bridge_app,DayBreak,1789085381,28,0,0
ykk5p8z9,30,ufzyavcw,261,trader_bridge_app,TradePage,1789085365,29,0,0
ykk5p8z9,25,rf6q16rc,261,trader_bridge_app,TradePage,1789085369,29,0,0
ykk5p8z9,26,qkzfdqnt,261,trader_bridge_app,TradePage,1789085374,29,0,0
ykk5p8z9,28,s0vl521h,262,trader_bridge_app,PauseTradingSession,1789085374,29,0,1
ykk5p8z9,29,qs0z3czj,262,trader_bridge_app,PauseTradingSession,1789085374,29,0,1
ykk5p8z9,30,ufzyavcw,262,trader_bridge_app,PauseTradingSession,1789085374,29,0,1
ykk5p8z9,25,rf6q16rc,262,trader_bridge_app,PauseTradingSession,1789085374,29,0,1
ykk5p8z9,26,qkzfdqnt,262,trader_bridge_app,PauseTradingSession,1789085374,29,0,1
ykk5p8z9,27,1nf2i0vh,262,trader_bridge_app,PauseTradingSession,1789085374,29,0,1
ykk5p8z9,11,p591h2pv,252,trader_bridge_app,TradePage,1789085374,28,0,0
ykk5p8z9,10,5hdyag7g,252,trader_bridge_app,TradePage,1789085375,28,0,0
ykk5p8z9,7,zxclkk3l,253,trader_bridge_app,PauseTradingSession,1789085375,28,0,1
ykk5p8z9,8,99ctxiqw,253,trader_bridge_app,PauseTradingSession,1789085375,28,0,1
ykk5p8z9,9,lz6sdo3r,253,trader_bridge_app,PauseTradingSession,1789085375,28,0,1
ykk5p8z9,11,p591h2pv,253,trader_bridge_app,PauseTradingSession,1789085375,28,0,1
ykk5p8z9,12,g9e4scxb,253,trader_bridge_app,PauseTradingSession,1789085375,28,0,1
ykk5p8z9,10,5hdyag7g,253,trader_bridge_app,PauseTradingSession,1789085375,28,0,1
ykk5p8z9,26,qkzfdqnt,264,trader_bridge_app,DayBreak,1789085378,29,0,0
ykk5p8z9,27,1nf2i0vh,264,trader_bridge_app,DayBreak,1789085380,29,0,0
ykk5p8z9,30,ufzyavcw,264,trader_bridge_app,DayBreak,1789085381,29,0,0
ykk5p8z9,7,zxclkk3l,259,trader_bridge_app,ResumeTradingSession,1789085387,29,0,1
ykk5p8z9,8,99ctxiqw,259,trader_bridge_app,ResumeTradingSession,1789085387,29,0,1
ykk5p8z9,9,lz6sdo3r,259,trader_bridge_app,ResumeTradingSession,1789085387,29,0,1
ykk5p8z9,10,5hdyag7g,259,trader_bridge_app,ResumeTradingSession,1789085387,29,0,1
ykk5p8z9,11,p591h2pv,259,trader_bridge_app,ResumeTradingSession,1789085387,29,0,1
ykk5p8z9,12,g9e4scxb,259,trader_bridge_app,ResumeTradingSession,1789085387,29,0,1
ykk5p8z9,25,rf6q16rc,264,trader_bridge_app,DayBreak,1789085389,29,0,0
ykk5p8z9,13,kirmcqky,217,trader_bridge_app,PauseTradingSession,1789085403,24,0,1
ykk5p8z9,14,pn35uw2g,217,trader_bridge_app,PauseTradingSession,1789085403,24,0,1
ykk5p8z9,15,ps4pdpc5,217,trader_bridge_app,PauseTradingSession,1789085403,24,0,1
ykk5p8z9,16,1evcus8j,217,trader_bridge_app,PauseTradingSession,1789085403,24,0,1
ykk5p8z9,17,wgz24zdb,217,trader_bridge_app,PauseTradingSession,1789085403,24,0,1
ykk5p8z9,18,ogauv9f8,217,trader_bridge_app,PauseTradingSession,1789085403,24,0,1
ykk5p8z9,13,kirmcqky,219,trader_bridge_app,DayBreak,1789085412,24,0,0
ykk5p8z9,14,pn35uw2g,219,trader_bridge_app,DayBreak,1789085413,24,0,0
ykk5p8z9,18,ogauv9f8,219,trader_bridge_app,DayBreak,1789085413,24,0,0
ykk5p8z9,15,ps4pdpc5,219,trader_bridge_app,DayBreak,1789085414,24,0,0
ykk5p8z9,17,wgz24zdb,219,trader_bridge_app,DayBreak,1789085424,24,1,0
ykk5p8z9,14,pn35uw2g,223,trader_bridge_app,ResumeTradingSession,1789085424,25,0,1
ykk5p8z9,15,ps4pdpc5,223,trader_bridge_app,ResumeTradingSession,1789085424,25,0,1
ykk5p8z9,16,1evcus8j,223,trader_bridge_app,ResumeTradingSession,1789085424,25,0,1
ykk5p8z9,17,wgz24zdb,223,trader_bridge_app,ResumeTradingSession,1789085424,25,0,1
ykk5p8z9,13,kirmcqky,223,trader_bridge_app,ResumeTradingSession,1789085424,25,0,1
ykk5p8z9,18,ogauv9f8,223,trader_bridge_app,ResumeTradingSession,1789085424,25,0,1
ykk5p8z9,3,mx74stso,270,trader_bridge_app,TradePage,1789085425,30,0,0
ykk5p8z9,1,78ek4e7n,271,trader_bridge_app,PauseTradingSession,1789085426,30,0,1
ykk5p8z9,2,38up52f8,271,trader_bridge_app,PauseTradingSession,1789085426,30,0,1
ykk5p8z9,3,mx74stso,271,trader_bridge_app,PauseTradingSession,1789085426,30,0,1
ykk5p8z9,4,03xcqsa5,271,trader_bridge_app,PauseTradingSession,1789085426,30,0,1
ykk5p8z9,5,gjhavmx0,271,trader_bridge_app,PauseTradingSession,1789085426,30,0,1
ykk5p8z9,6,8zudctzx,271,trader_bridge_app,PauseTradingSession,1789085426,30,0,1
ykk5p8z9,7,zxclkk3l,255,trader_bridge_app,DayBreak,1789085381,28,0,0
ykk5p8z9,28,s0vl521h,264,trader_bridge_app,DayBreak,1789085382,29,0,0
ykk5p8z9,11,p591h2pv,255,trader_bridge_app,DayBreak,1789085382,28,0,0
ykk5p8z9,12,g9e4scxb,255,trader_bridge_app,DayBreak,1789085382,28,0,0
ykk5p8z9,9,lz6sdo3r,255,trader_bridge_app,DayBreak,1789085386,28,0,0
ykk5p8z9,29,qs0z3czj,264,trader_bridge_app,DayBreak,1789085390,29,0,0
ykk5p8z9,25,rf6q16rc,268,trader_bridge_app,ResumeTradingSession,1789085390,30,0,1
ykk5p8z9,26,qkzfdqnt,268,trader_bridge_app,ResumeTradingSession,1789085390,30,0,1
ykk5p8z9,27,1nf2i0vh,268,trader_bridge_app,ResumeTradingSession,1789085390,30,0,1
ykk5p8z9,28,s0vl521h,268,trader_bridge_app,ResumeTradingSession,1789085390,30,0,1
ykk5p8z9,29,qs0z3czj,268,trader_bridge_app,ResumeTradingSession,1789085390,30,0,1
ykk5p8z9,30,ufzyavcw,268,trader_bridge_app,ResumeTradingSession,1789085390,30,0,1
ykk5p8z9,18,ogauv9f8,216,trader_bridge_app,TradePage,1789085402,24,0,0
ykk5p8z9,17,wgz24zdb,216,trader_bridge_app,TradePage,1789085402,24,0,0
ykk5p8z9,14,pn35uw2g,216,trader_bridge_app,TradePage,1789085402,24,0,0
ykk5p8z9,16,1evcus8j,216,trader_bridge_app,TradePage,1789085402,24,0,0
ykk5p8z9,13,kirmcqky,216,trader_bridge_app,TradePage,1789085402,24,0,0
ykk5p8z9,15,ps4pdpc5,216,trader_bridge_app,TradePage,1789085402,24,0,0
ykk5p8z9,13,kirmcqky,217,trader_bridge_app,PauseTradingSession,1789085404,24,0,1
ykk5p8z9,14,pn35uw2g,217,trader_bridge_app,PauseTradingSession,1789085404,24,0,1
ykk5p8z9,16,1evcus8j,217,trader_bridge_app,PauseTradingSession,1789085404,24,0,1
ykk5p8z9,17,wgz24zdb,217,trader_bridge_app,PauseTradingSession,1789085404,24,0,1
ykk5p8z9,15,ps4pdpc5,217,trader_bridge_app,PauseTradingSession,1789085404,24,0,1
ykk5p8z9,18,ogauv9f8,217,trader_bridge_app,PauseTradingSession,1789085404,24,0,1
ykk5p8z9,16,1evcus8j,219,trader_bridge_app,DayBreak,1789085419,24,0,0
ykk5p8z9,4,03xcqsa5,270,trader_bridge_app,TradePage,1789085425,30,0,0
ykk5p8z9,6,8zudctzx,270,trader_bridge_app,TradePage,1789085425,30,0,0
ykk5p8z9,1,78ek4e7n,270,trader_bridge_app,TradePage,1789085426,30,0,0
ykk5p8z9,2,38up52f8,270,trader_bridge_app,TradePage,1789085426,30,0,0
ykk5p8z9,5,gjhavmx0,270,trader_bridge_app,TradePage,1789085426,30,0,0
ykk5p8z9,1,78ek4e7n,271,trader_bridge_app,PauseTradingSession,1789085426,30,0,1
ykk5p8z9,2,38up52f8,271,trader_bridge_app,PauseTradingSession,1789085426,30,0,1
ykk5p8z9,3,mx74stso,271,trader_bridge_app,PauseTradingSession,1789085426,30,0,1
ykk5p8z9,4,03xcqsa5,271,trader_bridge_app,PauseTradingSession,1789085426,30,0,1
ykk5p8z9,5,gjhavmx0,271,trader_bridge_app,PauseTradingSession,1789085426,30,0,1
ykk5p8z9,6,8zudctzx,271,trader_bridge_app,PauseTradingSession,1789085426,30,0,1
ykk5p8z9,21,3d0rzld9,270,trader_bridge_app,TradePage,1789085426,30,0,0
ykk5p8z9,24,chkml8l5,271,trader_bridge_app,PauseTradingSession,1789085431,30,0,1
ykk5p8z9,21,3d0rzld9,271,trader_bridge_app,PauseTradingSession,1789085431,30,0,1
ykk5p8z9,19,h89ct0h3,271,trader_bridge_app,PauseTradingSession,1789085431,30,0,1
ykk5p8z9,20,oizn9530,271,trader_bridge_app,PauseTradingSession,1789085431,30,0,1
ykk5p8z9,22,gy0oizb5,271,trader_bridge_app,PauseTradingSession,1789085431,30,0,1
ykk5p8z9,23,8r753ujr,271,trader_bridge_app,PauseTradingSession,1789085431,30,0,1
ykk5p8z9,4,03xcqsa5,273,trader_bridge_app,DayBreak,1789085436,30,0,0
ykk5p8z9,5,gjhavmx0,273,trader_bridge_app,DayBreak,1789085437,30,0,0
ykk5p8z9,19,h89ct0h3,273,trader_bridge_app,DayBreak,1789085444,30,0,0
ykk5p8z9,1,78ek4e7n,273,trader_bridge_app,DayBreak,1789085447,30,1,0
ykk5p8z9,1,78ek4e7n,277,trader_bridge_app,ResumeTradingSession,1789085447,31,0,1
ykk5p8z9,2,38up52f8,277,trader_bridge_app,ResumeTradingSession,1789085447,31,0,1
ykk5p8z9,3,mx74stso,277,trader_bridge_app,ResumeTradingSession,1789085447,31,0,1
ykk5p8z9,4,03xcqsa5,277,trader_bridge_app,ResumeTradingSession,1789085447,31,0,1
ykk5p8z9,19,h89ct0h3,270,trader_bridge_app,TradePage,1789085426,30,0,0
ykk5p8z9,23,8r753ujr,270,trader_bridge_app,TradePage,1789085426,30,0,0
ykk5p8z9,22,gy0oizb5,270,trader_bridge_app,TradePage,1789085426,30,0,0
ykk5p8z9,20,oizn9530,270,trader_bridge_app,TradePage,1789085426,30,0,0
ykk5p8z9,24,chkml8l5,270,trader_bridge_app,TradePage,1789085430,30,0,0
ykk5p8z9,24,chkml8l5,271,trader_bridge_app,PauseTradingSession,1789085431,30,0,1
ykk5p8z9,19,h89ct0h3,271,trader_bridge_app,PauseTradingSession,1789085431,30,0,1
ykk5p8z9,20,oizn9530,271,trader_bridge_app,PauseTradingSession,1789085431,30,0,1
ykk5p8z9,21,3d0rzld9,271,trader_bridge_app,PauseTradingSession,1789085431,30,0,1
ykk5p8z9,22,gy0oizb5,271,trader_bridge_app,PauseTradingSession,1789085431,30,0,1
ykk5p8z9,23,8r753ujr,271,trader_bridge_app,PauseTradingSession,1789085431,30,0,1
ykk5p8z9,6,8zudctzx,273,trader_bridge_app,DayBreak,1789085434,30,0,0
ykk5p8z9,2,38up52f8,273,trader_bridge_app,DayBreak,1789085434,30,0,0
ykk5p8z9,3,mx74stso,273,trader_bridge_app,DayBreak,1789085437,30,0,0
ykk5p8z9,21,3d0rzld9,273,trader_bridge_app,DayBreak,1789085440,30,0,0
ykk5p8z9,23,8r753ujr,273,trader_bridge_app,DayBreak,1789085440,30,0,0
ykk5p8z9,22,gy0oizb5,273,trader_bridge_app,DayBreak,1789085444,30,0,0
ykk5p8z9,9,lz6sdo3r,261,trader_bridge_app,TradePage,1789085447,29,0,0
ykk5p8z9,8,99ctxiqw,261,trader_bridge_app,TradePage,1789085447,29,0,0
ykk5p8z9,29,qs0z3czj,270,trader_bridge_app,TradePage,1789085451,30,0,0
ykk5p8z9,27,1nf2i0vh,270,trader_bridge_app,TradePage,1789085451,30,0,0
ykk5p8z9,19,h89ct0h3,277,trader_bridge_app,ResumeTradingSession,1789085451,31,0,1
ykk5p8z9,20,oizn9530,277,trader_bridge_app,ResumeTradingSession,1789085451,31,0,1
ykk5p8z9,21,3d0rzld9,277,trader_bridge_app,ResumeTradingSession,1789085451,31,0,1
ykk5p8z9,22,gy0oizb5,277,trader_bridge_app,ResumeTradingSession,1789085451,31,0,1
ykk5p8z9,23,8r753ujr,277,trader_bridge_app,ResumeTradingSession,1789085451,31,0,1
ykk5p8z9,24,chkml8l5,277,trader_bridge_app,ResumeTradingSession,1789085451,31,0,1
ykk5p8z9,10,5hdyag7g,261,trader_bridge_app,TradePage,1789085459,29,0,0
ykk5p8z9,10,5hdyag7g,262,trader_bridge_app,PauseTradingSession,1789085461,29,0,1
ykk5p8z9,11,p591h2pv,262,trader_bridge_app,PauseTradingSession,1789085461,29,0,1
ykk5p8z9,12,g9e4scxb,262,trader_bridge_app,PauseTradingSession,1789085461,29,0,1
ykk5p8z9,7,zxclkk3l,262,trader_bridge_app,PauseTradingSession,1789085461,29,0,1
ykk5p8z9,8,99ctxiqw,262,trader_bridge_app,PauseTradingSession,1789085461,29,0,1
ykk5p8z9,9,lz6sdo3r,262,trader_bridge_app,PauseTradingSession,1789085461,29,0,1
ykk5p8z9,25,rf6q16rc,271,trader_bridge_app,PauseTradingSession,1789085467,30,0,1
ykk5p8z9,26,qkzfdqnt,271,trader_bridge_app,PauseTradingSession,1789085467,30,0,1
ykk5p8z9,27,1nf2i0vh,271,trader_bridge_app,PauseTradingSession,1789085467,30,0,1
ykk5p8z9,28,s0vl521h,271,trader_bridge_app,PauseTradingSession,1789085467,30,0,1
ykk5p8z9,29,qs0z3czj,271,trader_bridge_app,PauseTradingSession,1789085467,30,0,1
ykk5p8z9,30,ufzyavcw,271,trader_bridge_app,PauseTradingSession,1789085467,30,0,1
ykk5p8z9,7,zxclkk3l,264,trader_bridge_app,DayBreak,1789085470,29,0,0
ykk5p8z9,12,g9e4scxb,264,trader_bridge_app,DayBreak,1789085474,29,0,0
ykk5p8z9,7,zxclkk3l,268,trader_bridge_app,ResumeTradingSession,1789085476,30,0,1
ykk5p8z9,8,99ctxiqw,268,trader_bridge_app,ResumeTradingSession,1789085476,30,0,1
ykk5p8z9,9,lz6sdo3r,268,trader_bridge_app,ResumeTradingSession,1789085476,30,0,1
ykk5p8z9,10,5hdyag7g,268,trader_bridge_app,ResumeTradingSession,1789085476,30,0,1
ykk5p8z9,11,p591h2pv,268,trader_bridge_app,ResumeTradingSession,1789085476,30,0,1
ykk5p8z9,12,g9e4scxb,268,trader_bridge_app,ResumeTradingSession,1789085476,30,0,1
ykk5p8z9,28,s0vl521h,273,trader_bridge_app,DayBreak,1789085477,30,0,0
ykk5p8z9,30,ufzyavcw,273,trader_bridge_app,DayBreak,1789085480,30,0,0
ykk5p8z9,13,kirmcqky,225,trader_bridge_app,TradePage,1789085485,25,0,0
ykk5p8z9,5,gjhavmx0,277,trader_bridge_app,ResumeTradingSession,1789085447,31,0,1
ykk5p8z9,6,8zudctzx,277,trader_bridge_app,ResumeTradingSession,1789085447,31,0,1
ykk5p8z9,11,p591h2pv,261,trader_bridge_app,TradePage,1789085448,29,0,0
ykk5p8z9,12,g9e4scxb,261,trader_bridge_app,TradePage,1789085448,29,0,0
ykk5p8z9,20,oizn9530,273,trader_bridge_app,DayBreak,1789085449,30,0,0
ykk5p8z9,7,zxclkk3l,261,trader_bridge_app,TradePage,1789085450,29,0,0
ykk5p8z9,30,ufzyavcw,270,trader_bridge_app,TradePage,1789085451,30,0,0
ykk5p8z9,24,chkml8l5,273,trader_bridge_app,DayBreak,1789085451,30,1,0
ykk5p8z9,19,h89ct0h3,277,trader_bridge_app,ResumeTradingSession,1789085451,31,0,1
ykk5p8z9,20,oizn9530,277,trader_bridge_app,ResumeTradingSession,1789085451,31,0,1
ykk5p8z9,21,3d0rzld9,277,trader_bridge_app,ResumeTradingSession,1789085451,31,0,1
ykk5p8z9,22,gy0oizb5,277,trader_bridge_app,ResumeTradingSession,1789085451,31,0,1
ykk5p8z9,23,8r753ujr,277,trader_bridge_app,ResumeTradingSession,1789085451,31,0,1
ykk5p8z9,24,chkml8l5,277,trader_bridge_app,ResumeTradingSession,1789085451,31,0,1
ykk5p8z9,28,s0vl521h,270,trader_bridge_app,TradePage,1789085453,30,0,0
ykk5p8z9,11,p591h2pv,262,trader_bridge_app,PauseTradingSession,1789085465,29,0,1
ykk5p8z9,12,g9e4scxb,262,trader_bridge_app,PauseTradingSession,1789085465,29,0,1
ykk5p8z9,7,zxclkk3l,262,trader_bridge_app,PauseTradingSession,1789085465,29,0,1
ykk5p8z9,8,99ctxiqw,262,trader_bridge_app,PauseTradingSession,1789085465,29,0,1
ykk5p8z9,9,lz6sdo3r,262,trader_bridge_app,PauseTradingSession,1789085465,29,0,1
ykk5p8z9,10,5hdyag7g,262,trader_bridge_app,PauseTradingSession,1789085465,29,0,1
ykk5p8z9,26,qkzfdqnt,270,trader_bridge_app,TradePage,1789085465,30,0,0
ykk5p8z9,25,rf6q16rc,270,trader_bridge_app,TradePage,1789085465,30,0,0
ykk5p8z9,25,rf6q16rc,271,trader_bridge_app,PauseTradingSession,1789085467,30,0,1
ykk5p8z9,27,1nf2i0vh,271,trader_bridge_app,PauseTradingSession,1789085467,30,0,1
ykk5p8z9,28,s0vl521h,271,trader_bridge_app,PauseTradingSession,1789085467,30,0,1
ykk5p8z9,29,qs0z3czj,271,trader_bridge_app,PauseTradingSession,1789085467,30,0,1
ykk5p8z9,26,qkzfdqnt,271,trader_bridge_app,PauseTradingSession,1789085467,30,0,1
ykk5p8z9,30,ufzyavcw,271,trader_bridge_app,PauseTradingSession,1789085467,30,0,1
ykk5p8z9,8,99ctxiqw,264,trader_bridge_app,DayBreak,1789085468,29,0,0
ykk5p8z9,10,5hdyag7g,264,trader_bridge_app,DayBreak,1789085471,29,0,0
ykk5p8z9,9,lz6sdo3r,264,trader_bridge_app,DayBreak,1789085473,29,0,0
ykk5p8z9,11,p591h2pv,264,trader_bridge_app,DayBreak,1789085474,29,0,0
ykk5p8z9,8,99ctxiqw,268,trader_bridge_app,ResumeTradingSession,1789085477,30,0,1
ykk5p8z9,9,lz6sdo3r,268,trader_bridge_app,ResumeTradingSession,1789085477,30,0,1
ykk5p8z9,10,5hdyag7g,268,trader_bridge_app,ResumeTradingSession,1789085477,30,0,1
ykk5p8z9,11,p591h2pv,268,trader_bridge_app,ResumeTradingSession,1789085477,30,0,1
ykk5p8z9,12,g9e4scxb,268,trader_bridge_app,ResumeTradingSession,1789085477,30,0,1
ykk5p8z9,7,zxclkk3l,268,trader_bridge_app,ResumeTradingSession,1789085477,30,0,1
ykk5p8z9,29,qs0z3czj,273,trader_bridge_app,DayBreak,1789085478,30,0,0
ykk5p8z9,26,qkzfdqnt,273,trader_bridge_app,DayBreak,1789085480,30,0,0
ykk5p8z9,17,wgz24zdb,225,trader_bridge_app,TradePage,1789085485,25,0,0
ykk5p8z9,16,1evcus8j,225,trader_bridge_app,TradePage,1789085485,25,0,0
ykk5p8z9,18,ogauv9f8,225,trader_bridge_app,TradePage,1789085485,25,0,0
ykk5p8z9,25,rf6q16rc,273,trader_bridge_app,DayBreak,1789085486,30,0,0
ykk5p8z9,27,1nf2i0vh,273,trader_bridge_app,DayBreak,1789085488,30,1,0
ykk5p8z9,25,rf6q16rc,277,trader_bridge_app,ResumeTradingSession,1789085489,31,0,1
ykk5p8z9,26,qkzfdqnt,277,trader_bridge_app,ResumeTradingSession,1789085489,31,0,1
ykk5p8z9,27,1nf2i0vh,277,trader_bridge_app,ResumeTradingSession,1789085489,31,0,1
ykk5p8z9,28,s0vl521h,277,trader_bridge_app,ResumeTradingSession,1789085489,31,0,1
ykk5p8z9,29,qs0z3czj,277,trader_bridge_app,ResumeTradingSession,1789085489,31,0,1
ykk5p8z9,30,ufzyavcw,277,trader_bridge_app,ResumeTradingSession,1789085489,31,0,1
ykk5p8z9,15,ps4pdpc5,228,trader_bridge_app,DayBreak,1789085496,25,0,0
ykk5p8z9,16,1evcus8j,228,trader_bridge_app,DayBreak,1789085496,25,0,0
ykk5p8z9,18,ogauv9f8,228,trader_bridge_app,DayBreak,1789085497,25,0,0
ykk5p8z9,1,78ek4e7n,279,trader_bridge_app,TradePage,1789085508,31,0,0
ykk5p8z9,2,38up52f8,279,trader_bridge_app,TradePage,1789085508,31,0,0
ykk5p8z9,5,gjhavmx0,279,trader_bridge_app,TradePage,1789085509,31,0,0
ykk5p8z9,23,8r753ujr,279,trader_bridge_app,TradePage,1789085512,31,0,0
ykk5p8z9,22,gy0oizb5,279,trader_bridge_app,TradePage,1789085512,31,0,0
ykk5p8z9,21,3d0rzld9,279,trader_bridge_app,TradePage,1789085512,31,0,0
ykk5p8z9,19,h89ct0h3,279,trader_bridge_app,TradePage,1789085512,31,0,0
ykk5p8z9,20,oizn9530,279,trader_bridge_app,TradePage,1789085512,31,0,0
ykk5p8z9,23,8r753ujr,280,trader_bridge_app,PauseTradingSession,1789085514,31,0,1
ykk5p8z9,24,chkml8l5,280,trader_bridge_app,PauseTradingSession,1789085514,31,0,1
ykk5p8z9,19,h89ct0h3,280,trader_bridge_app,PauseTradingSession,1789085514,31,0,1
ykk5p8z9,20,oizn9530,280,trader_bridge_app,PauseTradingSession,1789085514,31,0,1
ykk5p8z9,21,3d0rzld9,280,trader_bridge_app,PauseTradingSession,1789085514,31,0,1
ykk5p8z9,22,gy0oizb5,280,trader_bridge_app,PauseTradingSession,1789085514,31,0,1
ykk5p8z9,19,h89ct0h3,282,trader_bridge_app,DayBreak,1789085518,31,0,0
ykk5p8z9,19,h89ct0h3,286,trader_bridge_app,ResumeTradingSession,1789085522,32,0,1
ykk5p8z9,20,oizn9530,286,trader_bridge_app,ResumeTradingSession,1789085522,32,0,1
ykk5p8z9,21,3d0rzld9,286,trader_bridge_app,ResumeTradingSession,1789085522,32,0,1
ykk5p8z9,22,gy0oizb5,286,trader_bridge_app,ResumeTradingSession,1789085522,32,0,1
ykk5p8z9,23,8r753ujr,286,trader_bridge_app,ResumeTradingSession,1789085522,32,0,1
ykk5p8z9,24,chkml8l5,286,trader_bridge_app,ResumeTradingSession,1789085522,32,0,1
ykk5p8z9,17,wgz24zdb,228,trader_bridge_app,DayBreak,1789085524,25,1,0
ykk5p8z9,15,ps4pdpc5,232,trader_bridge_app,ResumeTradingSession,1789085525,26,0,1
ykk5p8z9,16,1evcus8j,232,trader_bridge_app,ResumeTradingSession,1789085525,26,0,1
ykk5p8z9,17,wgz24zdb,232,trader_bridge_app,ResumeTradingSession,1789085525,26,0,1
ykk5p8z9,18,ogauv9f8,232,trader_bridge_app,ResumeTradingSession,1789085525,26,0,1
ykk5p8z9,13,kirmcqky,232,trader_bridge_app,ResumeTradingSession,1789085525,26,0,1
ykk5p8z9,14,pn35uw2g,232,trader_bridge_app,ResumeTradingSession,1789085525,26,0,1
ykk5p8z9,6,8zudctzx,279,trader_bridge_app,TradePage,1789085526,31,0,0
ykk5p8z9,1,78ek4e7n,280,trader_bridge_app,PauseTradingSession,1789085527,31,0,1
ykk5p8z9,2,38up52f8,280,trader_bridge_app,PauseTradingSession,1789085527,31,0,1
ykk5p8z9,3,mx74stso,280,trader_bridge_app,PauseTradingSession,1789085527,31,0,1
ykk5p8z9,4,03xcqsa5,280,trader_bridge_app,PauseTradingSession,1789085527,31,0,1
ykk5p8z9,5,gjhavmx0,280,trader_bridge_app,PauseTradingSession,1789085527,31,0,1
ykk5p8z9,6,8zudctzx,280,trader_bridge_app,PauseTradingSession,1789085527,31,0,1
ykk5p8z9,2,38up52f8,282,trader_bridge_app,DayBreak,1789085529,31,0,0
ykk5p8z9,3,mx74stso,282,trader_bridge_app,DayBreak,1789085530,31,0,0
ykk5p8z9,6,8zudctzx,282,trader_bridge_app,DayBreak,1789085531,31,0,0
ykk5p8z9,7,zxclkk3l,270,trader_bridge_app,TradePage,1789085537,30,0,0
ykk5p8z9,8,99ctxiqw,270,trader_bridge_app,TradePage,1789085538,30,0,0
ykk5p8z9,9,lz6sdo3r,270,trader_bridge_app,TradePage,1789085538,30,0,0
ykk5p8z9,12,g9e4scxb,270,trader_bridge_app,TradePage,1789085538,30,0,0
ykk5p8z9,10,5hdyag7g,270,trader_bridge_app,TradePage,1789085538,30,0,0
ykk5p8z9,1,78ek4e7n,282,trader_bridge_app,DayBreak,1789085540,31,0,0
ykk5p8z9,1,78ek4e7n,286,trader_bridge_app,ResumeTradingSession,1789085540,32,0,1
ykk5p8z9,2,38up52f8,286,trader_bridge_app,ResumeTradingSession,1789085540,32,0,1
ykk5p8z9,3,mx74stso,286,trader_bridge_app,ResumeTradingSession,1789085540,32,0,1
ykk5p8z9,15,ps4pdpc5,225,trader_bridge_app,TradePage,1789085486,25,0,0
ykk5p8z9,14,pn35uw2g,225,trader_bridge_app,TradePage,1789085487,25,0,0
ykk5p8z9,13,kirmcqky,226,trader_bridge_app,PauseTradingSession,1789085492,25,0,1
ykk5p8z9,14,pn35uw2g,226,trader_bridge_app,PauseTradingSession,1789085492,25,0,1
ykk5p8z9,15,ps4pdpc5,226,trader_bridge_app,PauseTradingSession,1789085492,25,0,1
ykk5p8z9,16,1evcus8j,226,trader_bridge_app,PauseTradingSession,1789085492,25,0,1
ykk5p8z9,17,wgz24zdb,226,trader_bridge_app,PauseTradingSession,1789085492,25,0,1
ykk5p8z9,18,ogauv9f8,226,trader_bridge_app,PauseTradingSession,1789085492,25,0,1
ykk5p8z9,13,kirmcqky,228,trader_bridge_app,DayBreak,1789085497,25,0,0
ykk5p8z9,14,pn35uw2g,228,trader_bridge_app,DayBreak,1789085500,25,0,0
ykk5p8z9,4,03xcqsa5,279,trader_bridge_app,TradePage,1789085509,31,0,0
ykk5p8z9,3,mx74stso,279,trader_bridge_app,TradePage,1789085509,31,0,0
ykk5p8z9,24,chkml8l5,279,trader_bridge_app,TradePage,1789085512,31,0,0
ykk5p8z9,22,gy0oizb5,282,trader_bridge_app,DayBreak,1789085518,31,0,0
ykk5p8z9,23,8r753ujr,282,trader_bridge_app,DayBreak,1789085520,31,0,0
ykk5p8z9,21,3d0rzld9,282,trader_bridge_app,DayBreak,1789085520,31,0,0
ykk5p8z9,24,chkml8l5,282,trader_bridge_app,DayBreak,1789085521,31,0,0
ykk5p8z9,20,oizn9530,282,trader_bridge_app,DayBreak,1789085521,31,0,0
ykk5p8z9,13,kirmcqky,232,trader_bridge_app,ResumeTradingSession,1789085526,26,0,1
ykk5p8z9,14,pn35uw2g,232,trader_bridge_app,ResumeTradingSession,1789085526,26,0,1
ykk5p8z9,15,ps4pdpc5,232,trader_bridge_app,ResumeTradingSession,1789085526,26,0,1
ykk5p8z9,16,1evcus8j,232,trader_bridge_app,ResumeTradingSession,1789085526,26,0,1
ykk5p8z9,17,wgz24zdb,232,trader_bridge_app,ResumeTradingSession,1789085526,26,0,1
ykk5p8z9,18,ogauv9f8,232,trader_bridge_app,ResumeTradingSession,1789085526,26,0,1
ykk5p8z9,5,gjhavmx0,282,trader_bridge_app,DayBreak,1789085529,31,0,0
ykk5p8z9,4,03xcqsa5,282,trader_bridge_app,DayBreak,1789085531,31,0,0
ykk5p8z9,11,p591h2pv,270,trader_bridge_app,TradePage,1789085538,30,0,0
ykk5p8z9,7,zxclkk3l,271,trader_bridge_app,PauseTradingSession,1789085538,30,0,1
ykk5p8z9,8,99ctxiqw,271,trader_bridge_app,PauseTradingSession,1789085538,30,0,1
ykk5p8z9,9,lz6sdo3r,271,trader_bridge_app,PauseTradingSession,1789085538,30,0,1
ykk5p8z9,10,5hdyag7g,271,trader_bridge_app,PauseTradingSession,1789085538,30,0,1
ykk5p8z9,11,p591h2pv,271,trader_bridge_app,PauseTradingSession,1789085538,30,0,1
ykk5p8z9,12,g9e4scxb,271,trader_bridge_app,PauseTradingSession,1789085538,30,0,1
ykk5p8z9,26,qkzfdqnt,279,trader_bridge_app,TradePage,1789085549,31,0,0
ykk5p8z9,10,5hdyag7g,273,trader_bridge_app,DayBreak,1789085550,30,0,0
ykk5p8z9,7,zxclkk3l,273,trader_bridge_app,DayBreak,1789085553,30,0,0
ykk5p8z9,27,1nf2i0vh,279,trader_bridge_app,TradePage,1789085553,31,0,0
ykk5p8z9,30,ufzyavcw,279,trader_bridge_app,TradePage,1789085553,31,0,0
ykk5p8z9,29,qs0z3czj,279,trader_bridge_app,TradePage,1789085554,31,0,0
ykk5p8z9,28,s0vl521h,279,trader_bridge_app,TradePage,1789085562,31,0,0
ykk5p8z9,29,qs0z3czj,280,trader_bridge_app,PauseTradingSession,1789085563,31,0,1
ykk5p8z9,30,ufzyavcw,280,trader_bridge_app,PauseTradingSession,1789085563,31,0,1
ykk5p8z9,28,s0vl521h,280,trader_bridge_app,PauseTradingSession,1789085563,31,0,1
ykk5p8z9,25,rf6q16rc,280,trader_bridge_app,PauseTradingSession,1789085563,31,0,1
ykk5p8z9,26,qkzfdqnt,280,trader_bridge_app,PauseTradingSession,1789085563,31,0,1
ykk5p8z9,27,1nf2i0vh,280,trader_bridge_app,PauseTradingSession,1789085563,31,0,1
ykk5p8z9,29,qs0z3czj,282,trader_bridge_app,DayBreak,1789085566,31,0,0
ykk5p8z9,31,lkaj8gx3,305,post_exp,Demographics,1789085582,1,0,0
ykk5p8z9,20,oizn9530,288,trader_bridge_app,TradePage,1789085583,32,0,0
ykk5p8z9,17,wgz24zdb,234,trader_bridge_app,TradePage,1789085586,26,0,0
ykk5p8z9,14,pn35uw2g,234,trader_bridge_app,TradePage,1789085586,26,0,0
ykk5p8z9,4,03xcqsa5,286,trader_bridge_app,ResumeTradingSession,1789085540,32,0,1
ykk5p8z9,5,gjhavmx0,286,trader_bridge_app,ResumeTradingSession,1789085540,32,0,1
ykk5p8z9,6,8zudctzx,286,trader_bridge_app,ResumeTradingSession,1789085540,32,0,1
ykk5p8z9,8,99ctxiqw,273,trader_bridge_app,DayBreak,1789085550,30,0,0
ykk5p8z9,11,p591h2pv,273,trader_bridge_app,DayBreak,1789085550,30,0,0
ykk5p8z9,25,rf6q16rc,279,trader_bridge_app,TradePage,1789085556,31,0,0
ykk5p8z9,9,lz6sdo3r,273,trader_bridge_app,DayBreak,1789085559,30,0,0
ykk5p8z9,29,qs0z3czj,280,trader_bridge_app,PauseTradingSession,1789085562,31,0,1
ykk5p8z9,30,ufzyavcw,280,trader_bridge_app,PauseTradingSession,1789085562,31,0,1
ykk5p8z9,25,rf6q16rc,280,trader_bridge_app,PauseTradingSession,1789085562,31,0,1
ykk5p8z9,26,qkzfdqnt,280,trader_bridge_app,PauseTradingSession,1789085562,31,0,1
ykk5p8z9,27,1nf2i0vh,280,trader_bridge_app,PauseTradingSession,1789085562,31,0,1
ykk5p8z9,28,s0vl521h,280,trader_bridge_app,PauseTradingSession,1789085562,31,0,1
ykk5p8z9,12,g9e4scxb,273,trader_bridge_app,DayBreak,1789085563,30,0,0
ykk5p8z9,7,zxclkk3l,277,trader_bridge_app,ResumeTradingSession,1789085564,31,0,1
ykk5p8z9,8,99ctxiqw,277,trader_bridge_app,ResumeTradingSession,1789085564,31,0,1
ykk5p8z9,9,lz6sdo3r,277,trader_bridge_app,ResumeTradingSession,1789085564,31,0,1
ykk5p8z9,10,5hdyag7g,277,trader_bridge_app,ResumeTradingSession,1789085564,31,0,1
ykk5p8z9,11,p591h2pv,277,trader_bridge_app,ResumeTradingSession,1789085564,31,0,1
ykk5p8z9,12,g9e4scxb,277,trader_bridge_app,ResumeTradingSession,1789085564,31,0,1
ykk5p8z9,25,rf6q16rc,282,trader_bridge_app,DayBreak,1789085566,31,0,0
ykk5p8z9,26,qkzfdqnt,282,trader_bridge_app,DayBreak,1789085566,31,0,0
ykk5p8z9,28,s0vl521h,282,trader_bridge_app,DayBreak,1789085567,31,0,0
ykk5p8z9,30,ufzyavcw,282,trader_bridge_app,DayBreak,1789085570,31,0,0
ykk5p8z9,27,1nf2i0vh,282,trader_bridge_app,DayBreak,1789085571,31,0,0
ykk5p8z9,25,rf6q16rc,286,trader_bridge_app,ResumeTradingSession,1789085571,32,0,1
ykk5p8z9,26,qkzfdqnt,286,trader_bridge_app,ResumeTradingSession,1789085571,32,0,1
ykk5p8z9,27,1nf2i0vh,286,trader_bridge_app,ResumeTradingSession,1789085571,32,0,1
ykk5p8z9,28,s0vl521h,286,trader_bridge_app,ResumeTradingSession,1789085571,32,0,1
ykk5p8z9,29,qs0z3czj,286,trader_bridge_app,ResumeTradingSession,1789085571,32,0,1
ykk5p8z9,30,ufzyavcw,286,trader_bridge_app,ResumeTradingSession,1789085571,32,0,1
ykk5p8z9,24,chkml8l5,288,trader_bridge_app,TradePage,1789085583,32,0,0
ykk5p8z9,23,8r753ujr,288,trader_bridge_app,TradePage,1789085583,32,0,0
ykk5p8z9,19,h89ct0h3,288,trader_bridge_app,TradePage,1789085583,32,0,0
ykk5p8z9,22,gy0oizb5,288,trader_bridge_app,TradePage,1789085583,32,0,0
ykk5p8z9,16,1evcus8j,234,trader_bridge_app,TradePage,1789085587,26,0,0
ykk5p8z9,15,ps4pdpc5,234,trader_bridge_app,TradePage,1789085587,26,0,0
ykk5p8z9,21,3d0rzld9,288,trader_bridge_app,TradePage,1789085587,32,0,0
ykk5p8z9,18,ogauv9f8,234,trader_bridge_app,TradePage,1789085588,26,0,0
ykk5p8z9,21,3d0rzld9,291,trader_bridge_app,DayBreak,1789085590,32,0,0
ykk5p8z9,13,kirmcqky,237,trader_bridge_app,DayBreak,1789085591,26,0,0
ykk5p8z9,24,chkml8l5,291,trader_bridge_app,DayBreak,1789085592,32,0,0
ykk5p8z9,18,ogauv9f8,237,trader_bridge_app,DayBreak,1789085592,26,0,0
ykk5p8z9,15,ps4pdpc5,237,trader_bridge_app,DayBreak,1789085592,26,0,0
ykk5p8z9,22,gy0oizb5,291,trader_bridge_app,DayBreak,1789085593,32,0,0
ykk5p8z9,17,wgz24zdb,237,trader_bridge_app,DayBreak,1789085594,26,0,0
ykk5p8z9,1,78ek4e7n,288,trader_bridge_app,TradePage,1789085601,32,0,0
ykk5p8z9,2,38up52f8,288,trader_bridge_app,TradePage,1789085601,32,0,0
ykk5p8z9,5,gjhavmx0,288,trader_bridge_app,TradePage,1789085601,32,0,0
ykk5p8z9,13,kirmcqky,241,trader_bridge_app,ResumeTradingSession,1789085603,27,0,1
ykk5p8z9,14,pn35uw2g,241,trader_bridge_app,ResumeTradingSession,1789085603,27,0,1
ykk5p8z9,15,ps4pdpc5,241,trader_bridge_app,ResumeTradingSession,1789085603,27,0,1
ykk5p8z9,16,1evcus8j,241,trader_bridge_app,ResumeTradingSession,1789085603,27,0,1
ykk5p8z9,17,wgz24zdb,241,trader_bridge_app,ResumeTradingSession,1789085603,27,0,1
ykk5p8z9,18,ogauv9f8,241,trader_bridge_app,ResumeTradingSession,1789085603,27,0,1
ykk5p8z9,4,03xcqsa5,288,trader_bridge_app,TradePage,1789085603,32,0,0
ykk5p8z9,4,03xcqsa5,291,trader_bridge_app,DayBreak,1789085606,32,0,0
ykk5p8z9,8,99ctxiqw,279,trader_bridge_app,TradePage,1789085625,31,0,0
ykk5p8z9,9,lz6sdo3r,279,trader_bridge_app,TradePage,1789085626,31,0,0
ykk5p8z9,27,1nf2i0vh,288,trader_bridge_app,TradePage,1789085632,32,0,0
ykk5p8z9,8,99ctxiqw,280,trader_bridge_app,PauseTradingSession,1789085636,31,0,1
ykk5p8z9,7,zxclkk3l,280,trader_bridge_app,PauseTradingSession,1789085636,31,0,1
ykk5p8z9,9,lz6sdo3r,280,trader_bridge_app,PauseTradingSession,1789085636,31,0,1
ykk5p8z9,10,5hdyag7g,280,trader_bridge_app,PauseTradingSession,1789085636,31,0,1
ykk5p8z9,11,p591h2pv,280,trader_bridge_app,PauseTradingSession,1789085636,31,0,1
ykk5p8z9,12,g9e4scxb,280,trader_bridge_app,PauseTradingSession,1789085636,31,0,1
ykk5p8z9,8,99ctxiqw,282,trader_bridge_app,DayBreak,1789085640,31,0,0
ykk5p8z9,7,zxclkk3l,282,trader_bridge_app,DayBreak,1789085640,31,0,0
ykk5p8z9,11,p591h2pv,282,trader_bridge_app,DayBreak,1789085640,31,0,0
ykk5p8z9,25,rf6q16rc,288,trader_bridge_app,TradePage,1789085643,32,0,0
ykk5p8z9,2,38up52f8,295,trader_bridge_app,ResumeTradingSession,1789085645,33,0,1
ykk5p8z9,3,mx74stso,295,trader_bridge_app,ResumeTradingSession,1789085645,33,0,1
ykk5p8z9,4,03xcqsa5,295,trader_bridge_app,ResumeTradingSession,1789085645,33,0,1
ykk5p8z9,5,gjhavmx0,295,trader_bridge_app,ResumeTradingSession,1789085645,33,0,1
ykk5p8z9,6,8zudctzx,295,trader_bridge_app,ResumeTradingSession,1789085645,33,0,1
ykk5p8z9,1,78ek4e7n,295,trader_bridge_app,ResumeTradingSession,1789085645,33,0,1
ykk5p8z9,10,5hdyag7g,282,trader_bridge_app,DayBreak,1789085645,31,0,0
ykk5p8z9,7,zxclkk3l,286,trader_bridge_app,ResumeTradingSession,1789085645,32,0,1
ykk5p8z9,8,99ctxiqw,286,trader_bridge_app,ResumeTradingSession,1789085645,32,0,1
ykk5p8z9,9,lz6sdo3r,286,trader_bridge_app,ResumeTradingSession,1789085645,32,0,1
ykk5p8z9,10,5hdyag7g,286,trader_bridge_app,ResumeTradingSession,1789085645,32,0,1
ykk5p8z9,11,p591h2pv,286,trader_bridge_app,ResumeTradingSession,1789085645,32,0,1
ykk5p8z9,12,g9e4scxb,286,trader_bridge_app,ResumeTradingSession,1789085645,32,0,1
ykk5p8z9,29,qs0z3czj,291,trader_bridge_app,DayBreak,1789085650,32,0,0
ykk5p8z9,27,1nf2i0vh,291,trader_bridge_app,DayBreak,1789085650,32,0,0
ykk5p8z9,28,s0vl521h,291,trader_bridge_app,DayBreak,1789085651,32,0,0
ykk5p8z9,25,rf6q16rc,295,trader_bridge_app,ResumeTradingSession,1789085653,33,0,1
ykk5p8z9,26,qkzfdqnt,295,trader_bridge_app,ResumeTradingSession,1789085653,33,0,1
ykk5p8z9,27,1nf2i0vh,295,trader_bridge_app,ResumeTradingSession,1789085653,33,0,1
ykk5p8z9,28,s0vl521h,295,trader_bridge_app,ResumeTradingSession,1789085653,33,0,1
ykk5p8z9,29,qs0z3czj,295,trader_bridge_app,ResumeTradingSession,1789085653,33,0,1
ykk5p8z9,30,ufzyavcw,295,trader_bridge_app,ResumeTradingSession,1789085653,33,0,1
ykk5p8z9,23,8r753ujr,297,trader_bridge_app,TradePage,1789085660,33,0,0
ykk5p8z9,22,gy0oizb5,297,trader_bridge_app,TradePage,1789085660,33,0,0
ykk5p8z9,14,pn35uw2g,243,trader_bridge_app,TradePage,1789085664,27,0,0
ykk5p8z9,15,ps4pdpc5,243,trader_bridge_app,TradePage,1789085664,27,0,0
ykk5p8z9,18,ogauv9f8,243,trader_bridge_app,TradePage,1789085664,27,0,0
ykk5p8z9,16,1evcus8j,243,trader_bridge_app,TradePage,1789085665,27,0,0
ykk5p8z9,13,kirmcqky,243,trader_bridge_app,TradePage,1789085666,27,0,0
ykk5p8z9,13,kirmcqky,244,trader_bridge_app,PauseTradingSession,1789085666,27,0,1
ykk5p8z9,14,pn35uw2g,244,trader_bridge_app,PauseTradingSession,1789085666,27,0,1
ykk5p8z9,15,ps4pdpc5,244,trader_bridge_app,PauseTradingSession,1789085666,27,0,1
ykk5p8z9,16,1evcus8j,244,trader_bridge_app,PauseTradingSession,1789085666,27,0,1
ykk5p8z9,17,wgz24zdb,244,trader_bridge_app,PauseTradingSession,1789085666,27,0,1
ykk5p8z9,18,ogauv9f8,244,trader_bridge_app,PauseTradingSession,1789085666,27,0,1
ykk5p8z9,24,chkml8l5,297,trader_bridge_app,TradePage,1789085669,33,0,0
ykk5p8z9,19,h89ct0h3,299,trader_bridge_app,FinalizeTradingSession,1789085669,33,0,1
ykk5p8z9,20,oizn9530,299,trader_bridge_app,FinalizeTradingSession,1789085669,33,0,1
ykk5p8z9,21,3d0rzld9,299,trader_bridge_app,FinalizeTradingSession,1789085669,33,0,1
ykk5p8z9,22,gy0oizb5,299,trader_bridge_app,FinalizeTradingSession,1789085669,33,0,1
ykk5p8z9,23,8r753ujr,299,trader_bridge_app,FinalizeTradingSession,1789085669,33,0,1
ykk5p8z9,24,chkml8l5,299,trader_bridge_app,FinalizeTradingSession,1789085669,33,0,1
ykk5p8z9,16,1evcus8j,246,trader_bridge_app,DayBreak,1789085675,27,0,0
ykk5p8z9,13,kirmcqky,246,trader_bridge_app,DayBreak,1789085675,27,0,0
ykk5p8z9,18,ogauv9f8,246,trader_bridge_app,DayBreak,1789085675,27,0,0
ykk5p8z9,14,pn35uw2g,246,trader_bridge_app,DayBreak,1789085677,27,0,0
ykk5p8z9,21,3d0rzld9,300,trader_bridge_app,DayBreak,1789085677,33,0,0
ykk5p8z9,20,oizn9530,300,trader_bridge_app,DayBreak,1789085678,33,0,0
ykk5p8z9,24,chkml8l5,300,trader_bridge_app,DayBreak,1789085682,33,0,0
ykk5p8z9,13,kirmcqky,250,trader_bridge_app,ResumeTradingSession,1789085685,28,0,1
ykk5p8z9,14,pn35uw2g,250,trader_bridge_app,ResumeTradingSession,1789085685,28,0,1
ykk5p8z9,15,ps4pdpc5,250,trader_bridge_app,ResumeTradingSession,1789085685,28,0,1
ykk5p8z9,16,1evcus8j,250,trader_bridge_app,ResumeTradingSession,1789085685,28,0,1
ykk5p8z9,17,wgz24zdb,250,trader_bridge_app,ResumeTradingSession,1789085685,28,0,1
ykk5p8z9,18,ogauv9f8,250,trader_bridge_app,ResumeTradingSession,1789085685,28,0,1
ykk5p8z9,7,zxclkk3l,288,trader_bridge_app,TradePage,1789085706,32,0,0
ykk5p8z9,3,mx74stso,297,trader_bridge_app,TradePage,1789085706,33,0,0
ykk5p8z9,10,5hdyag7g,288,trader_bridge_app,TradePage,1789085706,32,0,0
ykk5p8z9,4,03xcqsa5,297,trader_bridge_app,TradePage,1789085706,33,0,0
ykk5p8z9,12,g9e4scxb,288,trader_bridge_app,TradePage,1789085707,32,0,0
ykk5p8z9,12,g9e4scxb,289,trader_bridge_app,PauseTradingSession,1789085707,32,0,1
ykk5p8z9,7,zxclkk3l,289,trader_bridge_app,PauseTradingSession,1789085707,32,0,1
ykk5p8z9,8,99ctxiqw,289,trader_bridge_app,PauseTradingSession,1789085707,32,0,1
ykk5p8z9,9,lz6sdo3r,289,trader_bridge_app,PauseTradingSession,1789085707,32,0,1
ykk5p8z9,10,5hdyag7g,289,trader_bridge_app,PauseTradingSession,1789085707,32,0,1
ykk5p8z9,11,p591h2pv,289,trader_bridge_app,PauseTradingSession,1789085707,32,0,1
ykk5p8z9,11,p591h2pv,291,trader_bridge_app,DayBreak,1789085711,32,0,0
ykk5p8z9,1,78ek4e7n,299,trader_bridge_app,FinalizeTradingSession,1789085718,33,0,1
ykk5p8z9,2,38up52f8,299,trader_bridge_app,FinalizeTradingSession,1789085718,33,0,1
ykk5p8z9,3,mx74stso,299,trader_bridge_app,FinalizeTradingSession,1789085718,33,0,1
ykk5p8z9,4,03xcqsa5,299,trader_bridge_app,FinalizeTradingSession,1789085718,33,0,1
ykk5p8z9,5,gjhavmx0,299,trader_bridge_app,FinalizeTradingSession,1789085718,33,0,1
ykk5p8z9,6,8zudctzx,299,trader_bridge_app,FinalizeTradingSession,1789085718,33,0,1
ykk5p8z9,7,zxclkk3l,291,trader_bridge_app,DayBreak,1789085721,32,0,0
ykk5p8z9,7,zxclkk3l,295,trader_bridge_app,ResumeTradingSession,1789085721,33,0,1
ykk5p8z9,8,99ctxiqw,295,trader_bridge_app,ResumeTradingSession,1789085721,33,0,1
ykk5p8z9,9,lz6sdo3r,295,trader_bridge_app,ResumeTradingSession,1789085721,33,0,1
ykk5p8z9,10,5hdyag7g,295,trader_bridge_app,ResumeTradingSession,1789085721,33,0,1
ykk5p8z9,11,p591h2pv,295,trader_bridge_app,ResumeTradingSession,1789085721,33,0,1
ykk5p8z9,12,g9e4scxb,295,trader_bridge_app,ResumeTradingSession,1789085721,33,0,1
ykk5p8z9,28,s0vl521h,297,trader_bridge_app,TradePage,1789085721,33,0,0
ykk5p8z9,6,8zudctzx,300,trader_bridge_app,DayBreak,1789085722,33,0,0
ykk5p8z9,29,qs0z3czj,297,trader_bridge_app,TradePage,1789085722,33,0,0
ykk5p8z9,6,8zudctzx,295,trader_bridge_app,ResumeTradingSession,1789085644,33,0,1
ykk5p8z9,26,qkzfdqnt,288,trader_bridge_app,TradePage,1789085645,32,0,0
ykk5p8z9,25,rf6q16rc,289,trader_bridge_app,PauseTradingSession,1789085645,32,0,1
ykk5p8z9,26,qkzfdqnt,289,trader_bridge_app,PauseTradingSession,1789085645,32,0,1
ykk5p8z9,27,1nf2i0vh,289,trader_bridge_app,PauseTradingSession,1789085645,32,0,1
ykk5p8z9,28,s0vl521h,289,trader_bridge_app,PauseTradingSession,1789085645,32,0,1
ykk5p8z9,29,qs0z3czj,289,trader_bridge_app,PauseTradingSession,1789085645,32,0,1
ykk5p8z9,30,ufzyavcw,289,trader_bridge_app,PauseTradingSession,1789085645,32,0,1
ykk5p8z9,25,rf6q16rc,291,trader_bridge_app,DayBreak,1789085648,32,0,0
ykk5p8z9,26,qkzfdqnt,291,trader_bridge_app,DayBreak,1789085650,32,0,0
ykk5p8z9,30,ufzyavcw,291,trader_bridge_app,DayBreak,1789085653,32,0,0
ykk5p8z9,19,h89ct0h3,297,trader_bridge_app,TradePage,1789085660,33,0,0
ykk5p8z9,21,3d0rzld9,297,trader_bridge_app,TradePage,1789085661,33,0,0
ykk5p8z9,20,oizn9530,297,trader_bridge_app,TradePage,1789085664,33,0,0
ykk5p8z9,17,wgz24zdb,243,trader_bridge_app,TradePage,1789085664,27,0,0
ykk5p8z9,31,lkaj8gx3,306,post_exp,Payoff,1789085665,1,0,0
ykk5p8z9,19,h89ct0h3,299,trader_bridge_app,FinalizeTradingSession,1789085670,33,0,1
ykk5p8z9,20,oizn9530,299,trader_bridge_app,FinalizeTradingSession,1789085670,33,0,1
ykk5p8z9,21,3d0rzld9,299,trader_bridge_app,FinalizeTradingSession,1789085670,33,0,1
ykk5p8z9,22,gy0oizb5,299,trader_bridge_app,FinalizeTradingSession,1789085670,33,0,1
ykk5p8z9,23,8r753ujr,299,trader_bridge_app,FinalizeTradingSession,1789085670,33,0,1
ykk5p8z9,24,chkml8l5,299,trader_bridge_app,FinalizeTradingSession,1789085670,33,0,1
ykk5p8z9,22,gy0oizb5,300,trader_bridge_app,DayBreak,1789085675,33,0,0
ykk5p8z9,15,ps4pdpc5,246,trader_bridge_app,DayBreak,1789085681,27,0,0
ykk5p8z9,19,h89ct0h3,300,trader_bridge_app,DayBreak,1789085682,33,0,0
ykk5p8z9,23,8r753ujr,300,trader_bridge_app,DayBreak,1789085683,33,0,0
ykk5p8z9,17,wgz24zdb,246,trader_bridge_app,DayBreak,1789085685,27,0,0
ykk5p8z9,13,kirmcqky,250,trader_bridge_app,ResumeTradingSession,1789085685,28,0,1
ykk5p8z9,14,pn35uw2g,250,trader_bridge_app,ResumeTradingSession,1789085685,28,0,1
ykk5p8z9,15,ps4pdpc5,250,trader_bridge_app,ResumeTradingSession,1789085685,28,0,1
ykk5p8z9,16,1evcus8j,250,trader_bridge_app,ResumeTradingSession,1789085685,28,0,1
ykk5p8z9,17,wgz24zdb,250,trader_bridge_app,ResumeTradingSession,1789085685,28,0,1
ykk5p8z9,18,ogauv9f8,250,trader_bridge_app,ResumeTradingSession,1789085685,28,0,1
ykk5p8z9,2,38up52f8,297,trader_bridge_app,TradePage,1789085706,33,0,0
ykk5p8z9,9,lz6sdo3r,288,trader_bridge_app,TradePage,1789085706,32,0,0
ykk5p8z9,1,78ek4e7n,297,trader_bridge_app,TradePage,1789085706,33,0,0
ykk5p8z9,8,99ctxiqw,288,trader_bridge_app,TradePage,1789085706,32,0,0
ykk5p8z9,11,p591h2pv,288,trader_bridge_app,TradePage,1789085706,32,0,0
ykk5p8z9,5,gjhavmx0,297,trader_bridge_app,TradePage,1789085706,33,0,0
ykk5p8z9,9,lz6sdo3r,291,trader_bridge_app,DayBreak,1789085709,32,0,0
ykk5p8z9,12,g9e4scxb,291,trader_bridge_app,DayBreak,1789085713,32,0,0
ykk5p8z9,10,5hdyag7g,291,trader_bridge_app,DayBreak,1789085713,32,0,0
ykk5p8z9,30,ufzyavcw,297,trader_bridge_app,TradePage,1789085714,33,0,0
ykk5p8z9,27,1nf2i0vh,297,trader_bridge_app,TradePage,1789085714,33,0,0
ykk5p8z9,8,99ctxiqw,291,trader_bridge_app,DayBreak,1789085714,32,0,0
ykk5p8z9,6,8zudctzx,297,trader_bridge_app,TradePage,1789085718,33,0,0
ykk5p8z9,4,03xcqsa5,300,trader_bridge_app,DayBreak,1789085721,33,0,0
ykk5p8z9,25,rf6q16rc,297,trader_bridge_app,TradePage,1789085724,33,0,0
ykk5p8z9,28,s0vl521h,299,trader_bridge_app,FinalizeTradingSession,1789085724,33,0,1
ykk5p8z9,29,qs0z3czj,299,trader_bridge_app,FinalizeTradingSession,1789085724,33,0,1
ykk5p8z9,30,ufzyavcw,299,trader_bridge_app,FinalizeTradingSession,1789085724,33,0,1
ykk5p8z9,26,qkzfdqnt,297,trader_bridge_app,TradePage,1789085724,33,0,0
ykk5p8z9,2,38up52f8,300,trader_bridge_app,DayBreak,1789085726,33,0,0
ykk5p8z9,30,ufzyavcw,300,trader_bridge_app,DayBreak,1789085728,33,0,0
ykk5p8z9,25,rf6q16rc,300,trader_bridge_app,DayBreak,1789085728,33,0,0
ykk5p8z9,28,s0vl521h,300,trader_bridge_app,DayBreak,1789085729,33,0,0
ykk5p8z9,26,qkzfdqnt,300,trader_bridge_app,DayBreak,1789085731,33,0,0
ykk5p8z9,17,wgz24zdb,252,trader_bridge_app,TradePage,1789085746,28,0,0
ykk5p8z9,13,kirmcqky,252,trader_bridge_app,TradePage,1789085746,28,0,0
ykk5p8z9,16,1evcus8j,252,trader_bridge_app,TradePage,1789085746,28,0,0
ykk5p8z9,13,kirmcqky,253,trader_bridge_app,PauseTradingSession,1789085747,28,0,1
ykk5p8z9,14,pn35uw2g,253,trader_bridge_app,PauseTradingSession,1789085747,28,0,1
ykk5p8z9,15,ps4pdpc5,253,trader_bridge_app,PauseTradingSession,1789085747,28,0,1
ykk5p8z9,16,1evcus8j,253,trader_bridge_app,PauseTradingSession,1789085747,28,0,1
ykk5p8z9,17,wgz24zdb,253,trader_bridge_app,PauseTradingSession,1789085747,28,0,1
ykk5p8z9,18,ogauv9f8,253,trader_bridge_app,PauseTradingSession,1789085747,28,0,1
ykk5p8z9,15,ps4pdpc5,255,trader_bridge_app,DayBreak,1789085749,28,0,0
ykk5p8z9,16,1evcus8j,255,trader_bridge_app,DayBreak,1789085750,28,0,0
ykk5p8z9,14,pn35uw2g,255,trader_bridge_app,DayBreak,1789085760,28,0,0
ykk5p8z9,17,wgz24zdb,255,trader_bridge_app,DayBreak,1789085776,28,1,0
ykk5p8z9,9,lz6sdo3r,297,trader_bridge_app,TradePage,1789085782,33,0,0
ykk5p8z9,2,38up52f8,303,post_exp,literacyQuiz,1789085785,1,0,0
ykk5p8z9,7,zxclkk3l,299,trader_bridge_app,FinalizeTradingSession,1789085795,33,0,1
ykk5p8z9,8,99ctxiqw,299,trader_bridge_app,FinalizeTradingSession,1789085795,33,0,1
ykk5p8z9,9,lz6sdo3r,299,trader_bridge_app,FinalizeTradingSession,1789085795,33,0,1
ykk5p8z9,10,5hdyag7g,299,trader_bridge_app,FinalizeTradingSession,1789085795,33,0,1
ykk5p8z9,11,p591h2pv,299,trader_bridge_app,FinalizeTradingSession,1789085795,33,0,1
ykk5p8z9,12,g9e4scxb,299,trader_bridge_app,FinalizeTradingSession,1789085795,33,0,1
ykk5p8z9,11,p591h2pv,300,trader_bridge_app,DayBreak,1789085797,33,0,0
ykk5p8z9,10,5hdyag7g,300,trader_bridge_app,DayBreak,1789085798,33,0,0
ykk5p8z9,8,99ctxiqw,300,trader_bridge_app,DayBreak,1789085805,33,0,0
ykk5p8z9,21,3d0rzld9,303,post_exp,literacyQuiz,1789085817,1,0,0
ykk5p8z9,17,wgz24zdb,261,trader_bridge_app,TradePage,1789085837,29,0,0
ykk5p8z9,16,1evcus8j,261,trader_bridge_app,TradePage,1789085838,29,0,0
ykk5p8z9,13,kirmcqky,261,trader_bridge_app,TradePage,1789085839,29,0,0
ykk5p8z9,15,ps4pdpc5,264,trader_bridge_app,DayBreak,1789085841,29,0,0
ykk5p8z9,21,3d0rzld9,304,post_exp,LabContact,1789085842,1,0,0
ykk5p8z9,25,rf6q16rc,299,trader_bridge_app,FinalizeTradingSession,1789085724,33,0,1
ykk5p8z9,26,qkzfdqnt,299,trader_bridge_app,FinalizeTradingSession,1789085724,33,0,1
ykk5p8z9,27,1nf2i0vh,299,trader_bridge_app,FinalizeTradingSession,1789085724,33,0,1
ykk5p8z9,3,mx74stso,300,trader_bridge_app,DayBreak,1789085725,33,0,0
ykk5p8z9,5,gjhavmx0,300,trader_bridge_app,DayBreak,1789085726,33,0,0
ykk5p8z9,1,78ek4e7n,300,trader_bridge_app,DayBreak,1789085736,33,0,0
ykk5p8z9,29,qs0z3czj,300,trader_bridge_app,DayBreak,1789085737,33,0,0
ykk5p8z9,27,1nf2i0vh,300,trader_bridge_app,DayBreak,1789085742,33,0,0
ykk5p8z9,14,pn35uw2g,252,trader_bridge_app,TradePage,1789085746,28,0,0
ykk5p8z9,18,ogauv9f8,252,trader_bridge_app,TradePage,1789085746,28,0,0
ykk5p8z9,15,ps4pdpc5,252,trader_bridge_app,TradePage,1789085747,28,0,0
ykk5p8z9,18,ogauv9f8,255,trader_bridge_app,DayBreak,1789085752,28,0,0
ykk5p8z9,13,kirmcqky,255,trader_bridge_app,DayBreak,1789085759,28,0,0
ykk5p8z9,13,kirmcqky,259,trader_bridge_app,ResumeTradingSession,1789085776,29,0,1
ykk5p8z9,14,pn35uw2g,259,trader_bridge_app,ResumeTradingSession,1789085776,29,0,1
ykk5p8z9,15,ps4pdpc5,259,trader_bridge_app,ResumeTradingSession,1789085776,29,0,1
ykk5p8z9,16,1evcus8j,259,trader_bridge_app,ResumeTradingSession,1789085776,29,0,1
ykk5p8z9,18,ogauv9f8,259,trader_bridge_app,ResumeTradingSession,1789085776,29,0,1
ykk5p8z9,17,wgz24zdb,259,trader_bridge_app,ResumeTradingSession,1789085776,29,0,1
ykk5p8z9,7,zxclkk3l,297,trader_bridge_app,TradePage,1789085782,33,0,0
ykk5p8z9,11,p591h2pv,297,trader_bridge_app,TradePage,1789085782,33,0,0
ykk5p8z9,8,99ctxiqw,297,trader_bridge_app,TradePage,1789085782,33,0,0
ykk5p8z9,10,5hdyag7g,297,trader_bridge_app,TradePage,1789085782,33,0,0
ykk5p8z9,12,g9e4scxb,297,trader_bridge_app,TradePage,1789085793,33,0,0
ykk5p8z9,2,38up52f8,304,post_exp,LabContact,1789085795,1,0,0
ykk5p8z9,7,zxclkk3l,300,trader_bridge_app,DayBreak,1789085797,33,0,0
ykk5p8z9,9,lz6sdo3r,300,trader_bridge_app,DayBreak,1789085798,33,0,0
ykk5p8z9,12,g9e4scxb,300,trader_bridge_app,DayBreak,1789085813,33,0,0
ykk5p8z9,22,gy0oizb5,303,post_exp,literacyQuiz,1789085832,1,0,0
ykk5p8z9,18,ogauv9f8,261,trader_bridge_app,TradePage,1789085837,29,0,0
ykk5p8z9,14,pn35uw2g,261,trader_bridge_app,TradePage,1789085837,29,0,0
ykk5p8z9,15,ps4pdpc5,261,trader_bridge_app,TradePage,1789085839,29,0,0
ykk5p8z9,14,pn35uw2g,262,trader_bridge_app,PauseTradingSession,1789085839,29,0,1
ykk5p8z9,15,ps4pdpc5,262,trader_bridge_app,PauseTradingSession,1789085839,29,0,1
ykk5p8z9,16,1evcus8j,262,trader_bridge_app,PauseTradingSession,1789085839,29,0,1
ykk5p8z9,13,kirmcqky,262,trader_bridge_app,PauseTradingSession,1789085839,29,0,1
ykk5p8z9,17,wgz24zdb,262,trader_bridge_app,PauseTradingSession,1789085839,29,0,1
ykk5p8z9,18,ogauv9f8,262,trader_bridge_app,PauseTradingSession,1789085839,29,0,1
ykk5p8z9,16,1evcus8j,264,trader_bridge_app,DayBreak,1789085844,29,0,0
ykk5p8z9,18,ogauv9f8,264,trader_bridge_app,DayBreak,1789085844,29,0,0
ykk5p8z9,14,pn35uw2g,264,trader_bridge_app,DayBreak,1789085855,29,0,0
ykk5p8z9,17,wgz24zdb,264,trader_bridge_app,DayBreak,1789085861,29,1,0
ykk5p8z9,2,38up52f8,306,post_exp,Payoff,1789085890,1,0,0
ykk5p8z9,6,8zudctzx,303,post_exp,literacyQuiz,1789085902,1,0,0
ykk5p8z9,17,wgz24zdb,270,trader_bridge_app,TradePage,1789085923,30,0,0
ykk5p8z9,15,ps4pdpc5,270,trader_bridge_app,TradePage,1789085923,30,0,0
ykk5p8z9,13,kirmcqky,270,trader_bridge_app,TradePage,1789085923,30,0,0
ykk5p8z9,18,ogauv9f8,270,trader_bridge_app,TradePage,1789085923,30,0,0
ykk5p8z9,16,1evcus8j,271,trader_bridge_app,PauseTradingSession,1789085923,30,0,1
ykk5p8z9,13,kirmcqky,271,trader_bridge_app,PauseTradingSession,1789085923,30,0,1
ykk5p8z9,14,pn35uw2g,271,trader_bridge_app,PauseTradingSession,1789085923,30,0,1
ykk5p8z9,15,ps4pdpc5,271,trader_bridge_app,PauseTradingSession,1789085923,30,0,1
ykk5p8z9,17,wgz24zdb,271,trader_bridge_app,PauseTradingSession,1789085923,30,0,1
ykk5p8z9,18,ogauv9f8,271,trader_bridge_app,PauseTradingSession,1789085923,30,0,1
ykk5p8z9,6,8zudctzx,304,post_exp,LabContact,1789085926,1,0,0
ykk5p8z9,28,s0vl521h,303,post_exp,literacyQuiz,1789085929,1,0,0
ykk5p8z9,13,kirmcqky,273,trader_bridge_app,DayBreak,1789085933,30,0,0
ykk5p8z9,4,03xcqsa5,304,post_exp,LabContact,1789085942,1,0,0
ykk5p8z9,16,1evcus8j,273,trader_bridge_app,DayBreak,1789085943,30,0,0
ykk5p8z9,17,wgz24zdb,273,trader_bridge_app,DayBreak,1789085944,30,1,0
ykk5p8z9,25,rf6q16rc,303,post_exp,literacyQuiz,1789085949,1,0,0
ykk5p8z9,27,1nf2i0vh,303,post_exp,literacyQuiz,1789085968,1,0,0
ykk5p8z9,13,kirmcqky,264,trader_bridge_app,DayBreak,1789085843,29,0,0
ykk5p8z9,22,gy0oizb5,304,post_exp,LabContact,1789085850,1,0,0
ykk5p8z9,13,kirmcqky,268,trader_bridge_app,ResumeTradingSession,1789085861,30,0,1
ykk5p8z9,14,pn35uw2g,268,trader_bridge_app,ResumeTradingSession,1789085861,30,0,1
ykk5p8z9,15,ps4pdpc5,268,trader_bridge_app,ResumeTradingSession,1789085861,30,0,1
ykk5p8z9,16,1evcus8j,268,trader_bridge_app,ResumeTradingSession,1789085861,30,0,1
ykk5p8z9,17,wgz24zdb,268,trader_bridge_app,ResumeTradingSession,1789085861,30,0,1
ykk5p8z9,18,ogauv9f8,268,trader_bridge_app,ResumeTradingSession,1789085861,30,0,1
ykk5p8z9,2,38up52f8,305,post_exp,Demographics,1789085867,1,0,0
ykk5p8z9,14,pn35uw2g,270,trader_bridge_app,TradePage,1789085923,30,0,0
ykk5p8z9,16,1evcus8j,270,trader_bridge_app,TradePage,1789085923,30,0,0
ykk5p8z9,13,kirmcqky,271,trader_bridge_app,PauseTradingSession,1789085923,30,0,1
ykk5p8z9,14,pn35uw2g,271,trader_bridge_app,PauseTradingSession,1789085923,30,0,1
ykk5p8z9,15,ps4pdpc5,271,trader_bridge_app,PauseTradingSession,1789085923,30,0,1
ykk5p8z9,16,1evcus8j,271,trader_bridge_app,PauseTradingSession,1789085923,30,0,1
ykk5p8z9,17,wgz24zdb,271,trader_bridge_app,PauseTradingSession,1789085923,30,0,1
ykk5p8z9,18,ogauv9f8,271,trader_bridge_app,PauseTradingSession,1789085923,30,0,1
ykk5p8z9,11,p591h2pv,303,post_exp,literacyQuiz,1789085925,1,0,0
ykk5p8z9,18,ogauv9f8,273,trader_bridge_app,DayBreak,1789085930,30,0,0
ykk5p8z9,5,gjhavmx0,303,post_exp,literacyQuiz,1789085931,1,0,0
ykk5p8z9,14,pn35uw2g,273,trader_bridge_app,DayBreak,1789085931,30,0,0
ykk5p8z9,15,ps4pdpc5,273,trader_bridge_app,DayBreak,1789085932,30,0,0
ykk5p8z9,4,03xcqsa5,303,post_exp,literacyQuiz,1789085936,1,0,0
ykk5p8z9,11,p591h2pv,304,post_exp,LabContact,1789085939,1,0,0
ykk5p8z9,13,kirmcqky,277,trader_bridge_app,ResumeTradingSession,1789085944,31,0,1
ykk5p8z9,14,pn35uw2g,277,trader_bridge_app,ResumeTradingSession,1789085944,31,0,1
ykk5p8z9,15,ps4pdpc5,277,trader_bridge_app,ResumeTradingSession,1789085944,31,0,1
ykk5p8z9,16,1evcus8j,277,trader_bridge_app,ResumeTradingSession,1789085944,31,0,1
ykk5p8z9,17,wgz24zdb,277,trader_bridge_app,ResumeTradingSession,1789085944,31,0,1
ykk5p8z9,18,ogauv9f8,277,trader_bridge_app,ResumeTradingSession,1789085944,31,0,1
ykk5p8z9,28,s0vl521h,304,post_exp,LabContact,1789085947,1,0,0
ykk5p8z9,5,gjhavmx0,304,post_exp,LabContact,1789085950,1,0,0
ykk5p8z9,3,mx74stso,303,post_exp,literacyQuiz,1789085969,1,0,0
ykk5p8z9,24,chkml8l5,303,post_exp,literacyQuiz,1789085971,1,0,0
ykk5p8z9,26,qkzfdqnt,303,post_exp,literacyQuiz,1789085974,1,0,0
ykk5p8z9,25,rf6q16rc,304,post_exp,LabContact,1789085975,1,0,0
ykk5p8z9,1,78ek4e7n,304,post_exp,LabContact,1789085992,1,0,0
ykk5p8z9,21,3d0rzld9,305,post_exp,Demographics,1789085992,1,0,0
ykk5p8z9,24,chkml8l5,304,post_exp,LabContact,1789085994,1,0,0
ykk5p8z9,15,ps4pdpc5,279,trader_bridge_app,TradePage,1789086005,31,0,0
ykk5p8z9,14,pn35uw2g,279,trader_bridge_app,TradePage,1789086005,31,0,0
ykk5p8z9,17,wgz24zdb,279,trader_bridge_app,TradePage,1789086005,31,0,0
ykk5p8z9,13,kirmcqky,279,trader_bridge_app,TradePage,1789086005,31,0,0
ykk5p8z9,18,ogauv9f8,279,trader_bridge_app,TradePage,1789086006,31,0,0
ykk5p8z9,21,3d0rzld9,306,post_exp,Payoff,1789086010,1,0,0
ykk5p8z9,22,gy0oizb5,305,post_exp,Demographics,1789086015,1,0,0
ykk5p8z9,14,pn35uw2g,280,trader_bridge_app,PauseTradingSession,1789086016,31,0,1
ykk5p8z9,13,kirmcqky,280,trader_bridge_app,PauseTradingSession,1789086016,31,0,1
ykk5p8z9,15,ps4pdpc5,280,trader_bridge_app,PauseTradingSession,1789086016,31,0,1
ykk5p8z9,16,1evcus8j,280,trader_bridge_app,PauseTradingSession,1789086016,31,0,1
ykk5p8z9,17,wgz24zdb,280,trader_bridge_app,PauseTradingSession,1789086016,31,0,1
ykk5p8z9,18,ogauv9f8,280,trader_bridge_app,PauseTradingSession,1789086016,31,0,1
ykk5p8z9,5,gjhavmx0,305,post_exp,Demographics,1789086017,1,0,0
ykk5p8z9,15,ps4pdpc5,282,trader_bridge_app,DayBreak,1789086019,31,0,0
ykk5p8z9,7,zxclkk3l,303,post_exp,literacyQuiz,1789086020,1,0,0
ykk5p8z9,18,ogauv9f8,282,trader_bridge_app,DayBreak,1789086020,31,0,0
ykk5p8z9,10,5hdyag7g,303,post_exp,literacyQuiz,1789086021,1,0,0
ykk5p8z9,17,wgz24zdb,282,trader_bridge_app,DayBreak,1789086037,31,1,0
ykk5p8z9,18,ogauv9f8,286,trader_bridge_app,ResumeTradingSession,1789086037,32,0,1
ykk5p8z9,13,kirmcqky,286,trader_bridge_app,ResumeTradingSession,1789086037,32,0,1
ykk5p8z9,14,pn35uw2g,286,trader_bridge_app,ResumeTradingSession,1789086037,32,0,1
ykk5p8z9,15,ps4pdpc5,286,trader_bridge_app,ResumeTradingSession,1789086037,32,0,1
ykk5p8z9,16,1evcus8j,286,trader_bridge_app,ResumeTradingSession,1789086037,32,0,1
ykk5p8z9,17,wgz24zdb,286,trader_bridge_app,ResumeTradingSession,1789086037,32,0,1
ykk5p8z9,7,zxclkk3l,304,post_exp,LabContact,1789086046,1,0,0
ykk5p8z9,19,h89ct0h3,304,post_exp,LabContact,1789086050,1,0,0
ykk5p8z9,25,rf6q16rc,305,post_exp,Demographics,1789086052,1,0,0
ykk5p8z9,29,qs0z3czj,304,post_exp,LabContact,1789086058,1,0,0
ykk5p8z9,4,03xcqsa5,305,post_exp,Demographics,1789086060,1,0,0
ykk5p8z9,25,rf6q16rc,306,post_exp,Payoff,1789086092,1,0,0
ykk5p8z9,1,78ek4e7n,303,post_exp,literacyQuiz,1789085975,1,0,0
ykk5p8z9,3,mx74stso,304,post_exp,LabContact,1789085981,1,0,0
ykk5p8z9,27,1nf2i0vh,304,post_exp,LabContact,1789085995,1,0,0
ykk5p8z9,23,8r753ujr,303,post_exp,literacyQuiz,1789085998,1,0,0
ykk5p8z9,6,8zudctzx,305,post_exp,Demographics,1789086005,1,0,0
ykk5p8z9,26,qkzfdqnt,304,post_exp,LabContact,1789086006,1,0,0
ykk5p8z9,16,1evcus8j,279,trader_bridge_app,TradePage,1789086016,31,0,0
ykk5p8z9,14,pn35uw2g,280,trader_bridge_app,PauseTradingSession,1789086017,31,0,1
ykk5p8z9,13,kirmcqky,280,trader_bridge_app,PauseTradingSession,1789086017,31,0,1
ykk5p8z9,15,ps4pdpc5,280,trader_bridge_app,PauseTradingSession,1789086017,31,0,1
ykk5p8z9,16,1evcus8j,280,trader_bridge_app,PauseTradingSession,1789086017,31,0,1
ykk5p8z9,17,wgz24zdb,280,trader_bridge_app,PauseTradingSession,1789086017,31,0,1
ykk5p8z9,18,ogauv9f8,280,trader_bridge_app,PauseTradingSession,1789086017,31,0,1
ykk5p8z9,6,8zudctzx,306,post_exp,Payoff,1789086017,1,0,0
ykk5p8z9,16,1evcus8j,282,trader_bridge_app,DayBreak,1789086021,31,0,0
ykk5p8z9,11,p591h2pv,305,post_exp,Demographics,1789086021,1,0,0
ykk5p8z9,13,kirmcqky,282,trader_bridge_app,DayBreak,1789086022,31,0,0
ykk5p8z9,19,h89ct0h3,303,post_exp,literacyQuiz,1789086023,1,0,0
ykk5p8z9,14,pn35uw2g,282,trader_bridge_app,DayBreak,1789086028,31,0,0
ykk5p8z9,23,8r753ujr,304,post_exp,LabContact,1789086028,1,0,0
ykk5p8z9,13,kirmcqky,286,trader_bridge_app,ResumeTradingSession,1789086037,32,0,1
ykk5p8z9,14,pn35uw2g,286,trader_bridge_app,ResumeTradingSession,1789086037,32,0,1
ykk5p8z9,15,ps4pdpc5,286,trader_bridge_app,ResumeTradingSession,1789086037,32,0,1
ykk5p8z9,16,1evcus8j,286,trader_bridge_app,ResumeTradingSession,1789086037,32,0,1
ykk5p8z9,17,wgz24zdb,286,trader_bridge_app,ResumeTradingSession,1789086037,32,0,1
ykk5p8z9,18,ogauv9f8,286,trader_bridge_app,ResumeTradingSession,1789086037,32,0,1
ykk5p8z9,5,gjhavmx0,306,post_exp,Payoff,1789086039,1,0,0
ykk5p8z9,29,qs0z3czj,303,post_exp,literacyQuiz,1789086040,1,0,0
ykk5p8z9,10,5hdyag7g,304,post_exp,LabContact,1789086041,1,0,0
ykk5p8z9,11,p591h2pv,306,post_exp,Payoff,1789086042,1,0,0
ykk5p8z9,28,s0vl521h,305,post_exp,Demographics,1789086051,1,0,0
ykk5p8z9,27,1nf2i0vh,305,post_exp,Demographics,1789086059,1,0,0
ykk5p8z9,28,s0vl521h,306,post_exp,Payoff,1789086064,1,0,0
ykk5p8z9,4,03xcqsa5,306,post_exp,Payoff,1789086086,1,0,0
ykk5p8z9,3,mx74stso,305,post_exp,Demographics,1789086092,1,0,0
ykk5p8z9,15,ps4pdpc5,288,trader_bridge_app,TradePage,1789086098,32,0,0
ykk5p8z9,17,wgz24zdb,288,trader_bridge_app,TradePage,1789086098,32,0,0
ykk5p8z9,13,kirmcqky,288,trader_bridge_app,TradePage,1789086098,32,0,0
ykk5p8z9,16,1evcus8j,288,trader_bridge_app,TradePage,1789086098,32,0,0
ykk5p8z9,18,ogauv9f8,288,trader_bridge_app,TradePage,1789086099,32,0,0
ykk5p8z9,17,wgz24zdb,289,trader_bridge_app,PauseTradingSession,1789086099,32,0,1
ykk5p8z9,18,ogauv9f8,289,trader_bridge_app,PauseTradingSession,1789086099,32,0,1
ykk5p8z9,13,kirmcqky,289,trader_bridge_app,PauseTradingSession,1789086099,32,0,1
ykk5p8z9,14,pn35uw2g,289,trader_bridge_app,PauseTradingSession,1789086099,32,0,1
ykk5p8z9,15,ps4pdpc5,289,trader_bridge_app,PauseTradingSession,1789086099,32,0,1
ykk5p8z9,16,1evcus8j,289,trader_bridge_app,PauseTradingSession,1789086099,32,0,1
ykk5p8z9,15,ps4pdpc5,291,trader_bridge_app,DayBreak,1789086101,32,0,0
ykk5p8z9,18,ogauv9f8,291,trader_bridge_app,DayBreak,1789086105,32,0,0
ykk5p8z9,14,pn35uw2g,291,trader_bridge_app,DayBreak,1789086109,32,0,0
ykk5p8z9,3,mx74stso,306,post_exp,Payoff,1789086112,1,0,0
ykk5p8z9,17,wgz24zdb,291,trader_bridge_app,DayBreak,1789086119,32,1,0
ykk5p8z9,30,ufzyavcw,304,post_exp,LabContact,1789086125,1,0,0
ykk5p8z9,24,chkml8l5,305,post_exp,Demographics,1789086130,1,0,0
ykk5p8z9,8,99ctxiqw,303,post_exp,literacyQuiz,1789086131,1,0,0
ykk5p8z9,12,g9e4scxb,304,post_exp,LabContact,1789086134,1,0,0
ykk5p8z9,26,qkzfdqnt,305,post_exp,Demographics,1789086154,1,0,0
ykk5p8z9,10,5hdyag7g,306,post_exp,Payoff,1789086157,1,0,0
ykk5p8z9,7,zxclkk3l,305,post_exp,Demographics,1789086161,1,0,0
ykk5p8z9,9,lz6sdo3r,304,post_exp,LabContact,1789086170,1,0,0
ykk5p8z9,17,wgz24zdb,297,trader_bridge_app,TradePage,1789086180,33,0,0
ykk5p8z9,15,ps4pdpc5,300,trader_bridge_app,DayBreak,1789086185,33,0,0
ykk5p8z9,18,ogauv9f8,300,trader_bridge_app,DayBreak,1789086187,33,0,0
ykk5p8z9,7,zxclkk3l,306,post_exp,Payoff,1789086195,1,0,0
ykk5p8z9,14,pn35uw2g,300,trader_bridge_app,DayBreak,1789086200,33,0,0
ykk5p8z9,17,wgz24zdb,300,trader_bridge_app,DayBreak,1789086216,33,1,0
ykk5p8z9,30,ufzyavcw,303,post_exp,literacyQuiz,1789086095,1,0,0
ykk5p8z9,20,oizn9530,303,post_exp,literacyQuiz,1789086098,1,0,0
ykk5p8z9,27,1nf2i0vh,306,post_exp,Payoff,1789086098,1,0,0
ykk5p8z9,14,pn35uw2g,288,trader_bridge_app,TradePage,1789086098,32,0,0
ykk5p8z9,13,kirmcqky,291,trader_bridge_app,DayBreak,1789086103,32,0,0
ykk5p8z9,1,78ek4e7n,305,post_exp,Demographics,1789086104,1,0,0
ykk5p8z9,12,g9e4scxb,303,post_exp,literacyQuiz,1789086107,1,0,0
ykk5p8z9,16,1evcus8j,291,trader_bridge_app,DayBreak,1789086108,32,0,0
ykk5p8z9,13,kirmcqky,295,trader_bridge_app,ResumeTradingSession,1789086120,33,0,1
ykk5p8z9,14,pn35uw2g,295,trader_bridge_app,ResumeTradingSession,1789086120,33,0,1
ykk5p8z9,15,ps4pdpc5,295,trader_bridge_app,ResumeTradingSession,1789086120,33,0,1
ykk5p8z9,16,1evcus8j,295,trader_bridge_app,ResumeTradingSession,1789086120,33,0,1
ykk5p8z9,17,wgz24zdb,295,trader_bridge_app,ResumeTradingSession,1789086120,33,0,1
ykk5p8z9,18,ogauv9f8,295,trader_bridge_app,ResumeTradingSession,1789086120,33,0,1
ykk5p8z9,10,5hdyag7g,305,post_exp,Demographics,1789086135,1,0,0
ykk5p8z9,22,gy0oizb5,306,post_exp,Payoff,1789086138,1,0,0
ykk5p8z9,20,oizn9530,304,post_exp,LabContact,1789086141,1,0,0
ykk5p8z9,1,78ek4e7n,306,post_exp,Payoff,1789086142,1,0,0
ykk5p8z9,9,lz6sdo3r,303,post_exp,literacyQuiz,1789086153,1,0,0
ykk5p8z9,24,chkml8l5,306,post_exp,Payoff,1789086178,1,0,0
ykk5p8z9,29,qs0z3czj,305,post_exp,Demographics,1789086179,1,0,0
ykk5p8z9,14,pn35uw2g,297,trader_bridge_app,TradePage,1789086181,33,0,0
ykk5p8z9,18,ogauv9f8,297,trader_bridge_app,TradePage,1789086181,33,0,0
ykk5p8z9,16,1evcus8j,297,trader_bridge_app,TradePage,1789086181,33,0,0
ykk5p8z9,15,ps4pdpc5,297,trader_bridge_app,TradePage,1789086181,33,0,0
ykk5p8z9,26,qkzfdqnt,306,post_exp,Payoff,1789086182,1,0,0
ykk5p8z9,13,kirmcqky,297,trader_bridge_app,TradePage,1789086183,33,0,0
ykk5p8z9,19,h89ct0h3,305,post_exp,Demographics,1789086183,1,0,0
ykk5p8z9,13,kirmcqky,299,trader_bridge_app,FinalizeTradingSession,1789086183,33,0,1
ykk5p8z9,14,pn35uw2g,299,trader_bridge_app,FinalizeTradingSession,1789086183,33,0,1
ykk5p8z9,15,ps4pdpc5,299,trader_bridge_app,FinalizeTradingSession,1789086183,33,0,1
ykk5p8z9,16,1evcus8j,299,trader_bridge_app,FinalizeTradingSession,1789086183,33,0,1
ykk5p8z9,17,wgz24zdb,299,trader_bridge_app,FinalizeTradingSession,1789086183,33,0,1
ykk5p8z9,18,ogauv9f8,299,trader_bridge_app,FinalizeTradingSession,1789086183,33,0,1
ykk5p8z9,23,8r753ujr,305,post_exp,Demographics,1789086187,1,0,0
ykk5p8z9,13,kirmcqky,300,trader_bridge_app,DayBreak,1789086188,33,0,0
ykk5p8z9,16,1evcus8j,300,trader_bridge_app,DayBreak,1789086192,33,0,0
ykk5p8z9,8,99ctxiqw,304,post_exp,LabContact,1789086193,1,0,0
ykk5p8z9,19,h89ct0h3,306,post_exp,Payoff,1789086202,1,0,0
ykk5p8z9,29,qs0z3czj,306,post_exp,Payoff,1789086205,1,0,0
ykk5p8z9,20,oizn9530,305,post_exp,Demographics,1789086234,1,0,0
ykk5p8z9,30,ufzyavcw,305,post_exp,Demographics,1789086231,1,0,0
ykk5p8z9,12,g9e4scxb,305,post_exp,Demographics,1789086240,1,0,0
ykk5p8z9,20,oizn9530,306,post_exp,Payoff,1789086282,1,0,0
ykk5p8z9,12,g9e4scxb,306,post_exp,Payoff,1789086315,1,0,0
ykk5p8z9,8,99ctxiqw,306,post_exp,Payoff,1789086327,1,0,0
ykk5p8z9,16,1evcus8j,303,post_exp,literacyQuiz,1789086379,1,0,0
ykk5p8z9,9,lz6sdo3r,305,post_exp,Demographics,1789086270,1,0,0
ykk5p8z9,30,ufzyavcw,306,post_exp,Payoff,1789086274,1,0,0
ykk5p8z9,8,99ctxiqw,305,post_exp,Demographics,1789086298,1,0,0
ykk5p8z9,9,lz6sdo3r,306,post_exp,Payoff,1789086307,1,0,0
ykk5p8z9,23,8r753ujr,306,post_exp,Payoff,1789086328,1,0,0
ykk5p8z9,17,wgz24zdb,303,post_exp,literacyQuiz,1789086350,1,0,0
ykk5p8z9,13,kirmcqky,303,post_exp,literacyQuiz,1789086381,1,0,0
ykk5p8z9,18,ogauv9f8,303,post_exp,literacyQuiz,1789086391,1,0,0
ykk5p8z9,17,wgz24zdb,304,post_exp,LabContact,1789086392,1,0,0
ykk5p8z9,16,1evcus8j,304,post_exp,LabContact,1789086434,1,0,0
ykk5p8z9,17,wgz24zdb,305,post_exp,Demographics,1789086459,1,0,0
ykk5p8z9,18,ogauv9f8,305,post_exp,Demographics,1789086504,1,0,0
ykk5p8z9,18,ogauv9f8,304,post_exp,LabContact,1789086410,1,0,0
ykk5p8z9,13,kirmcqky,304,post_exp,LabContact,1789086423,1,0,0
ykk5p8z9,14,pn35uw2g,303,post_exp,literacyQuiz,1789086436,1,0,0
ykk5p8z9,14,pn35uw2g,304,post_exp,LabContact,1789086470,1,0,0
ykk5p8z9,17,wgz24zdb,306,post_exp,Payoff,1789086477,1,0,0
ykk5p8z9,13,kirmcqky,305,post_exp,Demographics,1789086482,1,0,0
ykk5p8z9,13,kirmcqky,306,post_exp,Payoff,1789086499,1,0,0
ykk5p8z9,18,ogauv9f8,306,post_exp,Payoff,1789086538,1,0,0
ykk5p8z9,15,ps4pdpc5,303,post_exp,literacyQuiz,1789086554,1,0,0
ykk5p8z9,14,pn35uw2g,306,post_exp,Payoff,1789086597,1,0,0
ykk5p8z9,15,ps4pdpc5,305,post_exp,Demographics,1789086678,1,0,0
ykk5p8z9,16,1evcus8j,305,post_exp,Demographics,1789086517,1,0,0
ykk5p8z9,16,1evcus8j,306,post_exp,Payoff,1789086535,1,0,0
ykk5p8z9,14,pn35uw2g,305,post_exp,Demographics,1789086569,1,0,0
ykk5p8z9,15,ps4pdpc5,304,post_exp,LabContact,1789086588,1,0,0
ykk5p8z9,15,ps4pdpc5,306,post_exp,Payoff,1789086683,1,0,0
