trading_session_uuid,trader_uuid,trader_type,event_name,element_type,element_id,element_label,client_ts,server_received_ts,payload_json,created_ts
569e552c-bdc3-4225-9eac-8a5a85e95d21,2184bbcc-e8b9-4c8e-9d7b-c8bdee118476,HUMAN,shown,trend_alert,down-streak,down-streak,2026-09-10T23:30:04.445Z,2026-09-10T23:30:04.506218+00:00,"{""client_ts"": ""2026-09-10T23:30:04.445Z"", ""element_id"": ""down-streak"", ""element_label"": ""down-streak"", ""element_type"": ""trend_alert"", ""event_name"": ""shown"", ""message"": ""Price went down 3 times in the last 5 ticks!"", ""trader_id"": ""2184bbcc-e8b9-4c8e-9d7b-c8bdee118476""}",1789083004.513921
569e552c-bdc3-4225-9eac-8a5a85e95d21,dc44fbde-2ba0-4a45-8f54-1f35cac3dc6a,HUMAN,shown,trend_alert,down-streak,down-streak,2026-09-10T23:30:04.436Z,2026-09-10T23:30:04.519310+00:00,"{""client_ts"": ""2026-09-10T23:30:04.436Z"", ""element_id"": ""down-streak"", ""element_label"": ""down-streak"", ""element_type"": ""trend_alert"", ""event_name"": ""shown"", ""message"": ""Price went down 3 times in the last 5 ticks!"", ""trader_id"": ""dc44fbde-2ba0-4a45-8f54-1f35cac3dc6a""}",1789083004.52647
569e552c-bdc3-4225-9eac-8a5a85e95d21,2b88ec82-bcbd-4576-b378-a1ecf086f829,HUMAN,shown,trend_alert,down-streak,down-streak,2026-09-10T23:30:04.445Z,2026-09-10T23:30:04.530442+00:00,"{""client_ts"": ""2026-09-10T23:30:04.445Z"", ""element_id"": ""down-streak"", ""element_label"": ""down-streak"", ""element_type"": ""trend_alert"", ""event_name"": ""shown"", ""message"": ""Price went down 3 times in the last 5 ticks!"", ""trader_id"": ""2b88ec82-bcbd-4576-b378-a1ecf086f829""}",1789083004.537511
569e552c-bdc3-4225-9eac-8a5a85e95d21,6d5d9acb-8d79-4edf-a68c-cfb2dc35b92a,HUMAN,shown,trend_alert,down-streak,down-streak,2026-09-10T23:30:04.458Z,2026-09-10T23:30:04.541096+00:00,"{""client_ts"": ""2026-09-10T23:30:04.458Z"", ""element_id"": ""down-streak"", ""element_label"": ""down-streak"", ""element_type"": ""trend_alert"", ""event_name"": ""shown"", ""message"": ""Price went down 3 times in the last 5 ticks!"", ""trader_id"": ""6d5d9acb-8d79-4edf-a68c-cfb2dc35b92a""}",1789083004.548149
569e552c-bdc3-4225-9eac-8a5a85e95d21,fec04cce-92fe-4669-b66c-470e2aca1e3d,HUMAN,shown,badge_unlock,bronze,Bronze,2026-09-10T23:30:14.637Z,2026-09-10T23:30:14.680719+00:00,"{""client_ts"": ""2026-09-10T23:30:14.637Z"", ""element_id"": ""bronze"", ""element_label"": ""Bronze"", ""element_type"": ""badge_unlock"", ""event_name"": ""shown"", ""total_trades_threshold"": 10, ""trader_id"": ""fec04cce-92fe-4669-b66c-470e2aca1e3d""}",1789083014.687995
569e552c-bdc3-4225-9eac-8a5a85e95d21,fec04cce-92fe-4669-b66c-470e2aca1e3d,HUMAN,shown,badge_modal,bronze,Bronze,2026-09-10T23:30:14.638Z,2026-09-10T23:30:14.692127+00:00,"{""client_ts"": ""2026-09-10T23:30:14.638Z"", ""element_id"": ""bronze"", ""element_label"": ""Bronze"", ""element_type"": ""badge_modal"", ""event_name"": ""shown"", ""message"": ""Level up! Doing well"", ""total_trades"": 10, ""trader_id"": ""fec04cce-92fe-4669-b66c-470e2aca1e3d""}",1789083014.698962
569e552c-bdc3-4225-9eac-8a5a85e95d21,fec04cce-92fe-4669-b66c-470e2aca1e3d,HUMAN,shown,badge_gif,bronze,Bronze,2026-09-10T23:30:14.638Z,2026-09-10T23:30:14.703328+00:00,"{""client_ts"": ""2026-09-10T23:30:14.638Z"", ""element_id"": ""bronze"", ""element_label"": ""Bronze"", ""element_type"": ""badge_gif"", ""event_name"": ""shown"", ""gif"": ""/static/trader_bridge_app/vue/assets/bronze.gif"", ""trader_id"": ""fec04cce-92fe-4669-b66c-470e2aca1e3d""}",1789083014.710795
569e552c-bdc3-4225-9eac-8a5a85e95d21,0ede43b0-2226-437e-a4d6-d3fac6ea7df8,HUMAN,shown,trend_alert,up-streak,up-streak,2026-09-10T23:30:44.764Z,2026-09-10T23:30:44.809127+00:00,"{""client_ts"": ""2026-09-10T23:30:44.764Z"", ""element_id"": ""up-streak"", ""element_label"": ""up-streak"", ""element_type"": ""trend_alert"", ""event_name"": ""shown"", ""message"": ""Price went up 3 times in the last 5 ticks!"", ""trader_id"": ""0ede43b0-2226-437e-a4d6-d3fac6ea7df8""}",1789083044.816037
569e552c-bdc3-4225-9eac-8a5a85e95d21,dc44fbde-2ba0-4a45-8f54-1f35cac3dc6a,HUMAN,shown,trend_alert,up-streak,up-streak,2026-09-10T23:30:44.738Z,2026-09-10T23:30:44.819233+00:00,"{""client_ts"": ""2026-09-10T23:30:44.738Z"", ""element_id"": ""up-streak"", ""element_label"": ""up-streak"", ""element_type"": ""trend_alert"", ""event_name"": ""shown"", ""message"": ""Price went up 3 times in the last 5 ticks!"", ""trader_id"": ""dc44fbde-2ba0-4a45-8f54-1f35cac3dc6a""}",1789083044.825649
569e552c-bdc3-4225-9eac-8a5a85e95d21,fec04cce-92fe-4669-b66c-470e2aca1e3d,HUMAN,shown,trend_alert,up-streak,up-streak,2026-09-10T23:30:44.765Z,2026-09-10T23:30:44.829389+00:00,"{""client_ts"": ""2026-09-10T23:30:44.765Z"", ""element_id"": ""up-streak"", ""element_label"": ""up-streak"", ""element_type"": ""trend_alert"", ""event_name"": ""shown"", ""message"": ""Price went up 3 times in the last 5 ticks!"", ""trader_id"": ""fec04cce-92fe-4669-b66c-470e2aca1e3d""}",1789083044.836247
569e552c-bdc3-4225-9eac-8a5a85e95d21,2184bbcc-e8b9-4c8e-9d7b-c8bdee118476,HUMAN,shown,trend_alert,up-streak,up-streak,2026-09-10T23:30:44.747Z,2026-09-10T23:30:44.839553+00:00,"{""client_ts"": ""2026-09-10T23:30:44.747Z"", ""element_id"": ""up-streak"", ""element_label"": ""up-streak"", ""element_type"": ""trend_alert"", ""event_name"": ""shown"", ""message"": ""Price went up 3 times in the last 5 ticks!"", ""trader_id"": ""2184bbcc-e8b9-4c8e-9d7b-c8bdee118476""}",1789083044.84725
569e552c-bdc3-4225-9eac-8a5a85e95d21,6d5d9acb-8d79-4edf-a68c-cfb2dc35b92a,HUMAN,shown,trend_alert,up-streak,up-streak,2026-09-10T23:30:44.765Z,2026-09-10T23:30:44.850919+00:00,"{""client_ts"": ""2026-09-10T23:30:44.765Z"", ""element_id"": ""up-streak"", ""element_label"": ""up-streak"", ""element_type"": ""trend_alert"", ""event_name"": ""shown"", ""message"": ""Price went up 3 times in the last 5 ticks!"", ""trader_id"": ""6d5d9acb-8d79-4edf-a68c-cfb2dc35b92a""}",1789083044.85853
569e552c-bdc3-4225-9eac-8a5a85e95d21,2b88ec82-bcbd-4576-b378-a1ecf086f829,HUMAN,shown,trend_alert,up-streak,up-streak,2026-09-10T23:30:44.751Z,2026-09-10T23:30:44.862196+00:00,"{""client_ts"": ""2026-09-10T23:30:44.751Z"", ""element_id"": ""up-streak"", ""element_label"": ""up-streak"", ""element_type"": ""trend_alert"", ""event_name"": ""shown"", ""message"": ""Price went up 3 times in the last 5 ticks!"", ""trader_id"": ""2b88ec82-bcbd-4576-b378-a1ecf086f829""}",1789083044.869986
569e552c-bdc3-4225-9eac-8a5a85e95d21,fec04cce-92fe-4669-b66c-470e2aca1e3d,HUMAN,shown,badge_unlock,silver,Silver,2026-09-10T23:31:39.625Z,2026-09-10T23:31:39.670769+00:00,"{""client_ts"": ""2026-09-10T23:31:39.625Z"", ""element_id"": ""silver"", ""element_label"": ""Silver"", ""element_type"": ""badge_unlock"", ""event_name"": ""shown"", ""total_trades_threshold"": 15, ""trader_id"": ""fec04cce-92fe-4669-b66c-470e2aca1e3d""}",1789083099.677215
569e552c-bdc3-4225-9eac-8a5a85e95d21,fec04cce-92fe-4669-b66c-470e2aca1e3d,HUMAN,shown,badge_modal,silver,Silver,2026-09-10T23:31:39.625Z,2026-09-10T23:31:39.681023+00:00,"{""client_ts"": ""2026-09-10T23:31:39.625Z"", ""element_id"": ""silver"", ""element_label"": ""Silver"", ""element_type"": ""badge_modal"", ""event_name"": ""shown"", ""message"": ""You belong on the trading floor!"", ""total_trades"": 15, ""trader_id"": ""fec04cce-92fe-4669-b66c-470e2aca1e3d""}",1789083099.687086
569e552c-bdc3-4225-9eac-8a5a85e95d21,fec04cce-92fe-4669-b66c-470e2aca1e3d,HUMAN,shown,badge_gif,silver,Silver,2026-09-10T23:31:39.625Z,2026-09-10T23:31:39.690688+00:00,"{""client_ts"": ""2026-09-10T23:31:39.625Z"", ""element_id"": ""silver"", ""element_label"": ""Silver"", ""element_type"": ""badge_gif"", ""event_name"": ""shown"", ""gif"": ""/static/trader_bridge_app/vue/assets/silver.gif"", ""trader_id"": ""fec04cce-92fe-4669-b66c-470e2aca1e3d""}",1789083099.696322
569e552c-bdc3-4225-9eac-8a5a85e95d21,2184bbcc-e8b9-4c8e-9d7b-c8bdee118476,HUMAN,shown,trend_alert,down-streak,down-streak,2026-09-10T23:31:43.700Z,2026-09-10T23:31:43.763338+00:00,"{""client_ts"": ""2026-09-10T23:31:43.700Z"", ""element_id"": ""down-streak"", ""element_label"": ""down-streak"", ""element_type"": ""trend_alert"", ""event_name"": ""shown"", ""message"": ""Price went down 3 times in the last 5 ticks!"", ""trader_id"": ""2184bbcc-e8b9-4c8e-9d7b-c8bdee118476""}",1789083103.770009
569e552c-bdc3-4225-9eac-8a5a85e95d21,dc44fbde-2ba0-4a45-8f54-1f35cac3dc6a,HUMAN,shown,trend_alert,down-streak,down-streak,2026-09-10T23:31:43.693Z,2026-09-10T23:31:43.774137+00:00,"{""client_ts"": ""2026-09-10T23:31:43.693Z"", ""element_id"": ""down-streak"", ""element_label"": ""down-streak"", ""element_type"": ""trend_alert"", ""event_name"": ""shown"", ""message"": ""Price went down 3 times in the last 5 ticks!"", ""trader_id"": ""dc44fbde-2ba0-4a45-8f54-1f35cac3dc6a""}",1789083103.780146
569e552c-bdc3-4225-9eac-8a5a85e95d21,6d5d9acb-8d79-4edf-a68c-cfb2dc35b92a,HUMAN,shown,trend_alert,down-streak,down-streak,2026-09-10T23:31:43.722Z,2026-09-10T23:31:43.784411+00:00,"{""client_ts"": ""2026-09-10T23:31:43.722Z"", ""element_id"": ""down-streak"", ""element_label"": ""down-streak"", ""element_type"": ""trend_alert"", ""event_name"": ""shown"", ""message"": ""Price went down 3 times in the last 5 ticks!"", ""trader_id"": ""6d5d9acb-8d79-4edf-a68c-cfb2dc35b92a""}",1789083103.790828
569e552c-bdc3-4225-9eac-8a5a85e95d21,0ede43b0-2226-437e-a4d6-d3fac6ea7df8,HUMAN,shown,trend_alert,down-streak,down-streak,2026-09-10T23:31:43.720Z,2026-09-10T23:31:43.794018+00:00,"{""client_ts"": ""2026-09-10T23:31:43.720Z"", ""element_id"": ""down-streak"", ""element_label"": ""down-streak"", ""element_type"": ""trend_alert"", ""event_name"": ""shown"", ""message"": ""Price went down 3 times in the last 5 ticks!"", ""trader_id"": ""0ede43b0-2226-437e-a4d6-d3fac6ea7df8""}",1789083103.800155
569e552c-bdc3-4225-9eac-8a5a85e95d21,fec04cce-92fe-4669-b66c-470e2aca1e3d,HUMAN,shown,trend_alert,down-streak,down-streak,2026-09-10T23:31:43.719Z,2026-09-10T23:31:43.803301+00:00,"{""client_ts"": ""2026-09-10T23:31:43.719Z"", ""element_id"": ""down-streak"", ""element_label"": ""down-streak"", ""element_type"": ""trend_alert"", ""event_name"": ""shown"", ""message"": ""Price went down 3 times in the last 5 ticks!"", ""trader_id"": ""fec04cce-92fe-4669-b66c-470e2aca1e3d""}",1789083103.809842
569e552c-bdc3-4225-9eac-8a5a85e95d21,2b88ec82-bcbd-4576-b378-a1ecf086f829,HUMAN,shown,trend_alert,down-streak,down-streak,2026-09-10T23:31:43.703Z,2026-09-10T23:31:43.813406+00:00,"{""client_ts"": ""2026-09-10T23:31:43.703Z"", ""element_id"": ""down-streak"", ""element_label"": ""down-streak"", ""element_type"": ""trend_alert"", ""event_name"": ""shown"", ""message"": ""Price went down 3 times in the last 5 ticks!"", ""trader_id"": ""2b88ec82-bcbd-4576-b378-a1ecf086f829""}",1789083103.819459
569e552c-bdc3-4225-9eac-8a5a85e95d21,2184bbcc-e8b9-4c8e-9d7b-c8bdee118476,HUMAN,shown,badge_unlock,bronze,Bronze,2026-09-10T23:31:49.753Z,2026-09-10T23:31:49.816428+00:00,"{""client_ts"": ""2026-09-10T23:31:49.753Z"", ""element_id"": ""bronze"", ""element_label"": ""Bronze"", ""element_type"": ""badge_unlock"", ""event_name"": ""shown"", ""total_trades_threshold"": 10, ""trader_id"": ""2184bbcc-e8b9-4c8e-9d7b-c8bdee118476""}",1789083109.823297
569e552c-bdc3-4225-9eac-8a5a85e95d21,2184bbcc-e8b9-4c8e-9d7b-c8bdee118476,HUMAN,shown,badge_modal,bronze,Bronze,2026-09-10T23:31:49.753Z,2026-09-10T23:31:49.828779+00:00,"{""client_ts"": ""2026-09-10T23:31:49.753Z"", ""element_id"": ""bronze"", ""element_label"": ""Bronze"", ""element_type"": ""badge_modal"", ""event_name"": ""shown"", ""message"": ""Level up! Doing well"", ""total_trades"": 10, ""trader_id"": ""2184bbcc-e8b9-4c8e-9d7b-c8bdee118476""}",1789083109.835437
569e552c-bdc3-4225-9eac-8a5a85e95d21,2184bbcc-e8b9-4c8e-9d7b-c8bdee118476,HUMAN,shown,badge_gif,bronze,Bronze,2026-09-10T23:31:49.753Z,2026-09-10T23:31:49.839183+00:00,"{""client_ts"": ""2026-09-10T23:31:49.753Z"", ""element_id"": ""bronze"", ""element_label"": ""Bronze"", ""element_type"": ""badge_gif"", ""event_name"": ""shown"", ""gif"": ""/static/trader_bridge_app/vue/assets/bronze.gif"", ""trader_id"": ""2184bbcc-e8b9-4c8e-9d7b-c8bdee118476""}",1789083109.845663
569e552c-bdc3-4225-9eac-8a5a85e95d21,2b88ec82-bcbd-4576-b378-a1ecf086f829,HUMAN,shown,badge_unlock,bronze,Bronze,2026-09-10T23:31:55.282Z,2026-09-10T23:31:55.345076+00:00,"{""client_ts"": ""2026-09-10T23:31:55.282Z"", ""element_id"": ""bronze"", ""element_label"": ""Bronze"", ""element_type"": ""badge_unlock"", ""event_name"": ""shown"", ""total_trades_threshold"": 10, ""trader_id"": ""2b88ec82-bcbd-4576-b378-a1ecf086f829""}",1789083115.351273
569e552c-bdc3-4225-9eac-8a5a85e95d21,2b88ec82-bcbd-4576-b378-a1ecf086f829,HUMAN,shown,badge_modal,bronze,Bronze,2026-09-10T23:31:55.282Z,2026-09-10T23:31:55.355036+00:00,"{""client_ts"": ""2026-09-10T23:31:55.282Z"", ""element_id"": ""bronze"", ""element_label"": ""Bronze"", ""element_type"": ""badge_modal"", ""event_name"": ""shown"", ""message"": ""Level up! Doing well"", ""total_trades"": 10, ""trader_id"": ""2b88ec82-bcbd-4576-b378-a1ecf086f829""}",1789083115.361113
569e552c-bdc3-4225-9eac-8a5a85e95d21,2b88ec82-bcbd-4576-b378-a1ecf086f829,HUMAN,shown,badge_gif,bronze,Bronze,2026-09-10T23:31:55.282Z,2026-09-10T23:31:55.364654+00:00,"{""client_ts"": ""2026-09-10T23:31:55.282Z"", ""element_id"": ""bronze"", ""element_label"": ""Bronze"", ""element_type"": ""badge_gif"", ""event_name"": ""shown"", ""gif"": ""/static/trader_bridge_app/vue/assets/bronze.gif"", ""trader_id"": ""2b88ec82-bcbd-4576-b378-a1ecf086f829""}",1789083115.370516
569e552c-bdc3-4225-9eac-8a5a85e95d21,6d5d9acb-8d79-4edf-a68c-cfb2dc35b92a,HUMAN,shown,badge_unlock,bronze,Bronze,2026-09-10T23:31:57.349Z,2026-09-10T23:31:57.438006+00:00,"{""client_ts"": ""2026-09-10T23:31:57.349Z"", ""element_id"": ""bronze"", ""element_label"": ""Bronze"", ""element_type"": ""badge_unlock"", ""event_name"": ""shown"", ""total_trades_threshold"": 10, ""trader_id"": ""6d5d9acb-8d79-4edf-a68c-cfb2dc35b92a""}",1789083117.445264
569e552c-bdc3-4225-9eac-8a5a85e95d21,6d5d9acb-8d79-4edf-a68c-cfb2dc35b92a,HUMAN,shown,badge_modal,bronze,Bronze,2026-09-10T23:31:57.349Z,2026-09-10T23:31:57.449443+00:00,"{""client_ts"": ""2026-09-10T23:31:57.349Z"", ""element_id"": ""bronze"", ""element_label"": ""Bronze"", ""element_type"": ""badge_modal"", ""event_name"": ""shown"", ""message"": ""Level up! Doing well"", ""total_trades"": 10, ""trader_id"": ""6d5d9acb-8d79-4edf-a68c-cfb2dc35b92a""}",1789083117.45581
569e552c-bdc3-4225-9eac-8a5a85e95d21,6d5d9acb-8d79-4edf-a68c-cfb2dc35b92a,HUMAN,shown,badge_gif,bronze,Bronze,2026-09-10T23:31:57.349Z,2026-09-10T23:31:57.463437+00:00,"{""client_ts"": ""2026-09-10T23:31:57.349Z"", ""element_id"": ""bronze"", ""element_label"": ""Bronze"", ""element_type"": ""badge_gif"", ""event_name"": ""shown"", ""gif"": ""/static/trader_bridge_app/vue/assets/bronze.gif"", ""trader_id"": ""6d5d9acb-8d79-4edf-a68c-cfb2dc35b92a""}",1789083117.470293
569e552c-bdc3-4225-9eac-8a5a85e95d21,2b88ec82-bcbd-4576-b378-a1ecf086f829,HUMAN,shown,trend_alert,up-streak,up-streak,2026-09-10T23:32:22.381Z,2026-09-10T23:32:22.445152+00:00,"{""client_ts"": ""2026-09-10T23:32:22.381Z"", ""element_id"": ""up-streak"", ""element_label"": ""up-streak"", ""element_type"": ""trend_alert"", ""event_name"": ""shown"", ""message"": ""Price went up 3 times in the last 5 ticks!"", ""trader_id"": ""2b88ec82-bcbd-4576-b378-a1ecf086f829""}",1789083142.451348
569e552c-bdc3-4225-9eac-8a5a85e95d21,0ede43b0-2226-437e-a4d6-d3fac6ea7df8,HUMAN,shown,trend_alert,up-streak,up-streak,2026-09-10T23:32:22.398Z,2026-09-10T23:32:22.454437+00:00,"{""client_ts"": ""2026-09-10T23:32:22.398Z"", ""element_id"": ""up-streak"", ""element_label"": ""up-streak"", ""element_type"": ""trend_alert"", ""event_name"": ""shown"", ""message"": ""Price went up 3 times in the last 5 ticks!"", ""trader_id"": ""0ede43b0-2226-437e-a4d6-d3fac6ea7df8""}",1789083142.459857
569e552c-bdc3-4225-9eac-8a5a85e95d21,fec04cce-92fe-4669-b66c-470e2aca1e3d,HUMAN,shown,trend_alert,up-streak,up-streak,2026-09-10T23:32:22.399Z,2026-09-10T23:32:22.463822+00:00,"{""client_ts"": ""2026-09-10T23:32:22.399Z"", ""element_id"": ""up-streak"", ""element_label"": ""up-streak"", ""element_type"": ""trend_alert"", ""event_name"": ""shown"", ""message"": ""Price went up 3 times in the last 5 ticks!"", ""trader_id"": ""fec04cce-92fe-4669-b66c-470e2aca1e3d""}",1789083142.469486
569e552c-bdc3-4225-9eac-8a5a85e95d21,dc44fbde-2ba0-4a45-8f54-1f35cac3dc6a,HUMAN,shown,trend_alert,up-streak,up-streak,2026-09-10T23:32:22.373Z,2026-09-10T23:32:22.474154+00:00,"{""client_ts"": ""2026-09-10T23:32:22.373Z"", ""element_id"": ""up-streak"", ""element_label"": ""up-streak"", ""element_type"": ""trend_alert"", ""event_name"": ""shown"", ""message"": ""Price went up 3 times in the last 5 ticks!"", ""trader_id"": ""dc44fbde-2ba0-4a45-8f54-1f35cac3dc6a""}",1789083142.479775
569e552c-bdc3-4225-9eac-8a5a85e95d21,6d5d9acb-8d79-4edf-a68c-cfb2dc35b92a,HUMAN,shown,trend_alert,up-streak,up-streak,2026-09-10T23:32:22.402Z,2026-09-10T23:32:22.483926+00:00,"{""client_ts"": ""2026-09-10T23:32:22.402Z"", ""element_id"": ""up-streak"", ""element_label"": ""up-streak"", ""element_type"": ""trend_alert"", ""event_name"": ""shown"", ""message"": ""Price went up 3 times in the last 5 ticks!"", ""trader_id"": ""6d5d9acb-8d79-4edf-a68c-cfb2dc35b92a""}",1789083142.48952
569e552c-bdc3-4225-9eac-8a5a85e95d21,2184bbcc-e8b9-4c8e-9d7b-c8bdee118476,HUMAN,shown,trend_alert,up-streak,up-streak,2026-09-10T23:32:22.384Z,2026-09-10T23:32:22.492469+00:00,"{""client_ts"": ""2026-09-10T23:32:22.384Z"", ""element_id"": ""up-streak"", ""element_label"": ""up-streak"", ""element_type"": ""trend_alert"", ""event_name"": ""shown"", ""message"": ""Price went up 3 times in the last 5 ticks!"", ""trader_id"": ""2184bbcc-e8b9-4c8e-9d7b-c8bdee118476""}",1789083142.498697
569e552c-bdc3-4225-9eac-8a5a85e95d21,2b88ec82-bcbd-4576-b378-a1ecf086f829,HUMAN,shown,badge_unlock,silver,Silver,2026-09-10T23:33:09.955Z,2026-09-10T23:33:10.057662+00:00,"{""client_ts"": ""2026-09-10T23:33:09.955Z"", ""element_id"": ""silver"", ""element_label"": ""Silver"", ""element_type"": ""badge_unlock"", ""event_name"": ""shown"", ""total_trades_threshold"": 15, ""trader_id"": ""2b88ec82-bcbd-4576-b378-a1ecf086f829""}",1789083190.064462
569e552c-bdc3-4225-9eac-8a5a85e95d21,2b88ec82-bcbd-4576-b378-a1ecf086f829,HUMAN,shown,badge_modal,silver,Silver,2026-09-10T23:33:09.956Z,2026-09-10T23:33:10.079958+00:00,"{""client_ts"": ""2026-09-10T23:33:09.956Z"", ""element_id"": ""silver"", ""element_label"": ""Silver"", ""element_type"": ""badge_modal"", ""event_name"": ""shown"", ""message"": ""You belong on the trading floor!"", ""total_trades"": 15, ""trader_id"": ""2b88ec82-bcbd-4576-b378-a1ecf086f829""}",1789083190.087074
569e552c-bdc3-4225-9eac-8a5a85e95d21,2b88ec82-bcbd-4576-b378-a1ecf086f829,HUMAN,shown,badge_gif,silver,Silver,2026-09-10T23:33:09.956Z,2026-09-10T23:33:10.102956+00:00,"{""client_ts"": ""2026-09-10T23:33:09.956Z"", ""element_id"": ""silver"", ""element_label"": ""Silver"", ""element_type"": ""badge_gif"", ""event_name"": ""shown"", ""gif"": ""/static/trader_bridge_app/vue/assets/silver.gif"", ""trader_id"": ""2b88ec82-bcbd-4576-b378-a1ecf086f829""}",1789083190.109496
a229ad47-38df-424f-9e8c-29015afe999a,e8a6c6d7-29da-426c-99b9-c05a6136d710,HUMAN,shown,trend_alert,up-streak,up-streak,2026-09-10T23:33:11.804Z,2026-09-10T23:33:11.891742+00:00,"{""client_ts"": ""2026-09-10T23:33:11.804Z"", ""element_id"": ""up-streak"", ""element_label"": ""up-streak"", ""element_type"": ""trend_alert"", ""event_name"": ""shown"", ""message"": ""Price went up 3 times in the last 5 ticks!"", ""trader_id"": ""e8a6c6d7-29da-426c-99b9-c05a6136d710""}",1789083191.899282
a229ad47-38df-424f-9e8c-29015afe999a,52bbd479-e5b6-47d7-a659-699d45d00809,HUMAN,shown,trend_alert,up-streak,up-streak,2026-09-10T23:33:11.843Z,2026-09-10T23:33:11.903467+00:00,"{""client_ts"": ""2026-09-10T23:33:11.843Z"", ""element_id"": ""up-streak"", ""element_label"": ""up-streak"", ""element_type"": ""trend_alert"", ""event_name"": ""shown"", ""message"": ""Price went up 3 times in the last 5 ticks!"", ""trader_id"": ""52bbd479-e5b6-47d7-a659-699d45d00809""}",1789083191.90938
a229ad47-38df-424f-9e8c-29015afe999a,129f53ed-1688-44c0-b8a7-dba126a8d4a4,HUMAN,shown,trend_alert,up-streak,up-streak,2026-09-10T23:33:11.844Z,2026-09-10T23:33:11.912426+00:00,"{""client_ts"": ""2026-09-10T23:33:11.844Z"", ""element_id"": ""up-streak"", ""element_label"": ""up-streak"", ""element_type"": ""trend_alert"", ""event_name"": ""shown"", ""message"": ""Price went up 3 times in the last 5 ticks!"", ""trader_id"": ""129f53ed-1688-44c0-b8a7-dba126a8d4a4""}",1789083191.918647
a229ad47-38df-424f-9e8c-29015afe999a,71aadda4-b0cf-4134-8d29-b96bf237f6fa,HUMAN,shown,trend_alert,up-streak,up-streak,2026-09-10T23:33:11.839Z,2026-09-10T23:33:11.921723+00:00,"{""client_ts"": ""2026-09-10T23:33:11.839Z"", ""element_id"": ""up-streak"", ""element_label"": ""up-streak"", ""element_type"": ""trend_alert"", ""event_name"": ""shown"", ""message"": ""Price went up 3 times in the last 5 ticks!"", ""trader_id"": ""71aadda4-b0cf-4134-8d29-b96bf237f6fa""}",1789083191.927879
a229ad47-38df-424f-9e8c-29015afe999a,1d56126f-bf8f-4436-825b-271721e7a05c,HUMAN,shown,trend_alert,up-streak,up-streak,2026-09-10T23:33:11.814Z,2026-09-10T23:33:11.931507+00:00,"{""client_ts"": ""2026-09-10T23:33:11.814Z"", ""element_id"": ""up-streak"", ""element_label"": ""up-streak"", ""element_type"": ""trend_alert"", ""event_name"": ""shown"", ""message"": ""Price went up 3 times in the last 5 ticks!"", ""trader_id"": ""1d56126f-bf8f-4436-825b-271721e7a05c""}",1789083191.937675
a229ad47-38df-424f-9e8c-29015afe999a,573ef7bc-96a2-4198-8a8a-064ae31d5563,HUMAN,shown,trend_alert,up-streak,up-streak,2026-09-10T23:33:11.830Z,2026-09-10T23:33:11.941507+00:00,"{""client_ts"": ""2026-09-10T23:33:11.830Z"", ""element_id"": ""up-streak"", ""element_label"": ""up-streak"", ""element_type"": ""trend_alert"", ""event_name"": ""shown"", ""message"": ""Price went up 3 times in the last 5 ticks!"", ""trader_id"": ""573ef7bc-96a2-4198-8a8a-064ae31d5563""}",1789083191.948313
569e552c-bdc3-4225-9eac-8a5a85e95d21,2184bbcc-e8b9-4c8e-9d7b-c8bdee118476,HUMAN,shown,trend_alert,up-streak,up-streak,2026-09-10T23:33:19.588Z,2026-09-10T23:33:19.653869+00:00,"{""client_ts"": ""2026-09-10T23:33:19.588Z"", ""element_id"": ""up-streak"", ""element_label"": ""up-streak"", ""element_type"": ""trend_alert"", ""event_name"": ""shown"", ""message"": ""Price went up 3 times in the last 5 ticks!"", ""trader_id"": ""2184bbcc-e8b9-4c8e-9d7b-c8bdee118476""}",1789083199.714717
569e552c-bdc3-4225-9eac-8a5a85e95d21,fec04cce-92fe-4669-b66c-470e2aca1e3d,HUMAN,shown,trend_alert,up-streak,up-streak,2026-09-10T23:33:19.608Z,2026-09-10T23:33:19.720233+00:00,"{""client_ts"": ""2026-09-10T23:33:19.608Z"", ""element_id"": ""up-streak"", ""element_label"": ""up-streak"", ""element_type"": ""trend_alert"", ""event_name"": ""shown"", ""message"": ""Price went up 3 times in the last 5 ticks!"", ""trader_id"": ""fec04cce-92fe-4669-b66c-470e2aca1e3d""}",1789083199.728466
569e552c-bdc3-4225-9eac-8a5a85e95d21,dc44fbde-2ba0-4a45-8f54-1f35cac3dc6a,HUMAN,shown,trend_alert,up-streak,up-streak,2026-09-10T23:33:19.583Z,2026-09-10T23:33:19.732159+00:00,"{""client_ts"": ""2026-09-10T23:33:19.583Z"", ""element_id"": ""up-streak"", ""element_label"": ""up-streak"", ""element_type"": ""trend_alert"", ""event_name"": ""shown"", ""message"": ""Price went up 3 times in the last 5 ticks!"", ""trader_id"": ""dc44fbde-2ba0-4a45-8f54-1f35cac3dc6a""}",1789083199.739523
569e552c-bdc3-4225-9eac-8a5a85e95d21,2b88ec82-bcbd-4576-b378-a1ecf086f829,HUMAN,shown,trend_alert,up-streak,up-streak,2026-09-10T23:33:19.597Z,2026-09-10T23:33:19.742937+00:00,"{""client_ts"": ""2026-09-10T23:33:19.597Z"", ""element_id"": ""up-streak"", ""element_label"": ""up-streak"", ""element_type"": ""trend_alert"", ""event_name"": ""shown"", ""message"": ""Price went up 3 times in the last 5 ticks!"", ""trader_id"": ""2b88ec82-bcbd-4576-b378-a1ecf086f829""}",1789083199.750025
569e552c-bdc3-4225-9eac-8a5a85e95d21,0ede43b0-2226-437e-a4d6-d3fac6ea7df8,HUMAN,shown,trend_alert,up-streak,up-streak,2026-09-10T23:33:19.609Z,2026-09-10T23:33:19.754524+00:00,"{""client_ts"": ""2026-09-10T23:33:19.609Z"", ""element_id"": ""up-streak"", ""element_label"": ""up-streak"", ""element_type"": ""trend_alert"", ""event_name"": ""shown"", ""message"": ""Price went up 3 times in the last 5 ticks!"", ""trader_id"": ""0ede43b0-2226-437e-a4d6-d3fac6ea7df8""}",1789083199.76131
569e552c-bdc3-4225-9eac-8a5a85e95d21,2184bbcc-e8b9-4c8e-9d7b-c8bdee118476,HUMAN,shown,badge_unlock,silver,Silver,2026-09-10T23:33:23.673Z,2026-09-10T23:33:23.801168+00:00,"{""client_ts"": ""2026-09-10T23:33:23.673Z"", ""element_id"": ""silver"", ""element_label"": ""Silver"", ""element_type"": ""badge_unlock"", ""event_name"": ""shown"", ""total_trades_threshold"": 15, ""trader_id"": ""2184bbcc-e8b9-4c8e-9d7b-c8bdee118476""}",1789083203.807848
569e552c-bdc3-4225-9eac-8a5a85e95d21,2184bbcc-e8b9-4c8e-9d7b-c8bdee118476,HUMAN,shown,badge_modal,silver,Silver,2026-09-10T23:33:23.673Z,2026-09-10T23:33:23.821425+00:00,"{""client_ts"": ""2026-09-10T23:33:23.673Z"", ""element_id"": ""silver"", ""element_label"": ""Silver"", ""element_type"": ""badge_modal"", ""event_name"": ""shown"", ""message"": ""You belong on the trading floor!"", ""total_trades"": 15, ""trader_id"": ""2184bbcc-e8b9-4c8e-9d7b-c8bdee118476""}",1789083203.827114
569e552c-bdc3-4225-9eac-8a5a85e95d21,2184bbcc-e8b9-4c8e-9d7b-c8bdee118476,HUMAN,shown,badge_gif,silver,Silver,2026-09-10T23:33:23.673Z,2026-09-10T23:33:23.840725+00:00,"{""client_ts"": ""2026-09-10T23:33:23.673Z"", ""element_id"": ""silver"", ""element_label"": ""Silver"", ""element_type"": ""badge_gif"", ""event_name"": ""shown"", ""gif"": ""/static/trader_bridge_app/vue/assets/silver.gif"", ""trader_id"": ""2184bbcc-e8b9-4c8e-9d7b-c8bdee118476""}",1789083203.846266
569e552c-bdc3-4225-9eac-8a5a85e95d21,dc44fbde-2ba0-4a45-8f54-1f35cac3dc6a,HUMAN,shown,badge_unlock,bronze,Bronze,2026-09-10T23:33:23.770Z,2026-09-10T23:33:23.855326+00:00,"{""client_ts"": ""2026-09-10T23:33:23.770Z"", ""element_id"": ""bronze"", ""element_label"": ""Bronze"", ""element_type"": ""badge_unlock"", ""event_name"": ""shown"", ""total_trades_threshold"": 10, ""trader_id"": ""dc44fbde-2ba0-4a45-8f54-1f35cac3dc6a""}",1789083203.861712
569e552c-bdc3-4225-9eac-8a5a85e95d21,dc44fbde-2ba0-4a45-8f54-1f35cac3dc6a,HUMAN,shown,badge_modal,bronze,Bronze,2026-09-10T23:33:23.770Z,2026-09-10T23:33:23.867203+00:00,"{""client_ts"": ""2026-09-10T23:33:23.770Z"", ""element_id"": ""bronze"", ""element_label"": ""Bronze"", ""element_type"": ""badge_modal"", ""event_name"": ""shown"", ""message"": ""Level up! Doing well"", ""total_trades"": 10, ""trader_id"": ""dc44fbde-2ba0-4a45-8f54-1f35cac3dc6a""}",1789083203.873818
569e552c-bdc3-4225-9eac-8a5a85e95d21,dc44fbde-2ba0-4a45-8f54-1f35cac3dc6a,HUMAN,shown,badge_gif,bronze,Bronze,2026-09-10T23:33:23.770Z,2026-09-10T23:33:23.878058+00:00,"{""client_ts"": ""2026-09-10T23:33:23.770Z"", ""element_id"": ""bronze"", ""element_label"": ""Bronze"", ""element_type"": ""badge_gif"", ""event_name"": ""shown"", ""gif"": ""/static/trader_bridge_app/vue/assets/bronze.gif"", ""trader_id"": ""dc44fbde-2ba0-4a45-8f54-1f35cac3dc6a""}",1789083203.885214
569e552c-bdc3-4225-9eac-8a5a85e95d21,dc44fbde-2ba0-4a45-8f54-1f35cac3dc6a,HUMAN,shown,trend_alert,up-streak,up-streak,2026-09-10T23:33:31.681Z,2026-09-10T23:33:31.753552+00:00,"{""client_ts"": ""2026-09-10T23:33:31.681Z"", ""element_id"": ""up-streak"", ""element_label"": ""up-streak"", ""element_type"": ""trend_alert"", ""event_name"": ""shown"", ""message"": ""Price went up 3 times in the last 5 ticks!"", ""trader_id"": ""dc44fbde-2ba0-4a45-8f54-1f35cac3dc6a""}",1789083211.759711
569e552c-bdc3-4225-9eac-8a5a85e95d21,2b88ec82-bcbd-4576-b378-a1ecf086f829,HUMAN,shown,trend_alert,up-streak,up-streak,2026-09-10T23:33:31.694Z,2026-09-10T23:33:31.763094+00:00,"{""client_ts"": ""2026-09-10T23:33:31.694Z"", ""element_id"": ""up-streak"", ""element_label"": ""up-streak"", ""element_type"": ""trend_alert"", ""event_name"": ""shown"", ""message"": ""Price went up 3 times in the last 5 ticks!"", ""trader_id"": ""2b88ec82-bcbd-4576-b378-a1ecf086f829""}",1789083211.768995
569e552c-bdc3-4225-9eac-8a5a85e95d21,2184bbcc-e8b9-4c8e-9d7b-c8bdee118476,HUMAN,shown,trend_alert,up-streak,up-streak,2026-09-10T23:33:31.687Z,2026-09-10T23:33:31.771634+00:00,"{""client_ts"": ""2026-09-10T23:33:31.687Z"", ""element_id"": ""up-streak"", ""element_label"": ""up-streak"", ""element_type"": ""trend_alert"", ""event_name"": ""shown"", ""message"": ""Price went up 3 times in the last 5 ticks!"", ""trader_id"": ""2184bbcc-e8b9-4c8e-9d7b-c8bdee118476""}",1789083211.777594
569e552c-bdc3-4225-9eac-8a5a85e95d21,fec04cce-92fe-4669-b66c-470e2aca1e3d,HUMAN,shown,trend_alert,up-streak,up-streak,2026-09-10T23:33:31.706Z,2026-09-10T23:33:31.780221+00:00,"{""client_ts"": ""2026-09-10T23:33:31.706Z"", ""element_id"": ""up-streak"", ""element_label"": ""up-streak"", ""element_type"": ""trend_alert"", ""event_name"": ""shown"", ""message"": ""Price went up 3 times in the last 5 ticks!"", ""trader_id"": ""fec04cce-92fe-4669-b66c-470e2aca1e3d""}",1789083211.786322
569e552c-bdc3-4225-9eac-8a5a85e95d21,0ede43b0-2226-437e-a4d6-d3fac6ea7df8,HUMAN,shown,trend_alert,up-streak,up-streak,2026-09-10T23:33:31.707Z,2026-09-10T23:33:31.788894+00:00,"{""client_ts"": ""2026-09-10T23:33:31.707Z"", ""element_id"": ""up-streak"", ""element_label"": ""up-streak"", ""element_type"": ""trend_alert"", ""event_name"": ""shown"", ""message"": ""Price went up 3 times in the last 5 ticks!"", ""trader_id"": ""0ede43b0-2226-437e-a4d6-d3fac6ea7df8""}",1789083211.794803
4af883ae-e01c-476a-a7c4-0c42adac5342,2ffe8181-de00-46f1-8eaa-9d0bf36da00d,HUMAN,shown,trend_alert,up-streak,up-streak,2026-09-10T23:33:33.908Z,2026-09-10T23:33:33.953074+00:00,"{""client_ts"": ""2026-09-10T23:33:33.908Z"", ""element_id"": ""up-streak"", ""element_label"": ""up-streak"", ""element_type"": ""trend_alert"", ""event_name"": ""shown"", ""message"": ""Price went up 3 times in the last 5 ticks!"", ""trader_id"": ""2ffe8181-de00-46f1-8eaa-9d0bf36da00d""}",1789083213.959726
4af883ae-e01c-476a-a7c4-0c42adac5342,7dcb83fa-960c-4d2e-a955-2a7b2aa4ee11,HUMAN,shown,trend_alert,up-streak,up-streak,2026-09-10T23:33:33.905Z,2026-09-10T23:33:33.962668+00:00,"{""client_ts"": ""2026-09-10T23:33:33.905Z"", ""element_id"": ""up-streak"", ""element_label"": ""up-streak"", ""element_type"": ""trend_alert"", ""event_name"": ""shown"", ""message"": ""Price went up 3 times in the last 5 ticks!"", ""trader_id"": ""7dcb83fa-960c-4d2e-a955-2a7b2aa4ee11""}",1789083213.968232
4af883ae-e01c-476a-a7c4-0c42adac5342,4e64275f-7538-49f4-82f9-7dee4123a8e6,HUMAN,shown,trend_alert,up-streak,up-streak,2026-09-10T23:33:33.900Z,2026-09-10T23:33:33.971655+00:00,"{""client_ts"": ""2026-09-10T23:33:33.900Z"", ""element_id"": ""up-streak"", ""element_label"": ""up-streak"", ""element_type"": ""trend_alert"", ""event_name"": ""shown"", ""message"": ""Price went up 3 times in the last 5 ticks!"", ""trader_id"": ""4e64275f-7538-49f4-82f9-7dee4123a8e6""}",1789083213.978298
4af883ae-e01c-476a-a7c4-0c42adac5342,49a0ea21-2675-4182-a508-2a497ba32b01,HUMAN,shown,trend_alert,up-streak,up-streak,2026-09-10T23:33:33.898Z,2026-09-10T23:33:33.980768+00:00,"{""client_ts"": ""2026-09-10T23:33:33.898Z"", ""element_id"": ""up-streak"", ""element_label"": ""up-streak"", ""element_type"": ""trend_alert"", ""event_name"": ""shown"", ""message"": ""Price went up 3 times in the last 5 ticks!"", ""trader_id"": ""49a0ea21-2675-4182-a508-2a497ba32b01""}",1789083213.987067
4af883ae-e01c-476a-a7c4-0c42adac5342,92e9a2b3-6204-484a-9f66-55aff0ef1aed,HUMAN,shown,trend_alert,up-streak,up-streak,2026-09-10T23:33:33.891Z,2026-09-10T23:33:33.989709+00:00,"{""client_ts"": ""2026-09-10T23:33:33.891Z"", ""element_id"": ""up-streak"", ""element_label"": ""up-streak"", ""element_type"": ""trend_alert"", ""event_name"": ""shown"", ""message"": ""Price went up 3 times in the last 5 ticks!"", ""trader_id"": ""92e9a2b3-6204-484a-9f66-55aff0ef1aed""}",1789083213.995736
569e552c-bdc3-4225-9eac-8a5a85e95d21,fec04cce-92fe-4669-b66c-470e2aca1e3d,HUMAN,shown,trend_alert,down-streak,down-streak,2026-09-10T23:33:42.184Z,2026-09-10T23:33:42.231827+00:00,"{""client_ts"": ""2026-09-10T23:33:42.184Z"", ""element_id"": ""down-streak"", ""element_label"": ""down-streak"", ""element_type"": ""trend_alert"", ""event_name"": ""shown"", ""message"": ""Price went down 3 times in the last 5 ticks!"", ""trader_id"": ""fec04cce-92fe-4669-b66c-470e2aca1e3d""}",1789083222.238253
569e552c-bdc3-4225-9eac-8a5a85e95d21,dc44fbde-2ba0-4a45-8f54-1f35cac3dc6a,HUMAN,shown,trend_alert,down-streak,down-streak,2026-09-10T23:33:42.159Z,2026-09-10T23:33:42.241725+00:00,"{""client_ts"": ""2026-09-10T23:33:42.159Z"", ""element_id"": ""down-streak"", ""element_label"": ""down-streak"", ""element_type"": ""trend_alert"", ""event_name"": ""shown"", ""message"": ""Price went down 3 times in the last 5 ticks!"", ""trader_id"": ""dc44fbde-2ba0-4a45-8f54-1f35cac3dc6a""}",1789083222.247364
569e552c-bdc3-4225-9eac-8a5a85e95d21,2184bbcc-e8b9-4c8e-9d7b-c8bdee118476,HUMAN,shown,trend_alert,down-streak,down-streak,2026-09-10T23:33:42.165Z,2026-09-10T23:33:42.249992+00:00,"{""client_ts"": ""2026-09-10T23:33:42.165Z"", ""element_id"": ""down-streak"", ""element_label"": ""down-streak"", ""element_type"": ""trend_alert"", ""event_name"": ""shown"", ""message"": ""Price went down 3 times in the last 5 ticks!"", ""trader_id"": ""2184bbcc-e8b9-4c8e-9d7b-c8bdee118476""}",1789083222.257132
569e552c-bdc3-4225-9eac-8a5a85e95d21,2b88ec82-bcbd-4576-b378-a1ecf086f829,HUMAN,shown,trend_alert,down-streak,down-streak,2026-09-10T23:33:42.173Z,2026-09-10T23:33:42.259902+00:00,"{""client_ts"": ""2026-09-10T23:33:42.173Z"", ""element_id"": ""down-streak"", ""element_label"": ""down-streak"", ""element_type"": ""trend_alert"", ""event_name"": ""shown"", ""message"": ""Price went down 3 times in the last 5 ticks!"", ""trader_id"": ""2b88ec82-bcbd-4576-b378-a1ecf086f829""}",1789083222.266895
569e552c-bdc3-4225-9eac-8a5a85e95d21,0ede43b0-2226-437e-a4d6-d3fac6ea7df8,HUMAN,shown,trend_alert,down-streak,down-streak,2026-09-10T23:33:42.184Z,2026-09-10T23:33:42.269586+00:00,"{""client_ts"": ""2026-09-10T23:33:42.184Z"", ""element_id"": ""down-streak"", ""element_label"": ""down-streak"", ""element_type"": ""trend_alert"", ""event_name"": ""shown"", ""message"": ""Price went down 3 times in the last 5 ticks!"", ""trader_id"": ""0ede43b0-2226-437e-a4d6-d3fac6ea7df8""}",1789083222.275724
569e552c-bdc3-4225-9eac-8a5a85e95d21,2184bbcc-e8b9-4c8e-9d7b-c8bdee118476,HUMAN,shown,trend_alert,up-streak,up-streak,2026-09-10T23:33:50.959Z,2026-09-10T23:33:51.026496+00:00,"{""client_ts"": ""2026-09-10T23:33:50.959Z"", ""element_id"": ""up-streak"", ""element_label"": ""up-streak"", ""element_type"": ""trend_alert"", ""event_name"": ""shown"", ""message"": ""Price went up 3 times in the last 5 ticks!"", ""trader_id"": ""2184bbcc-e8b9-4c8e-9d7b-c8bdee118476""}",1789083231.033643
569e552c-bdc3-4225-9eac-8a5a85e95d21,0ede43b0-2226-437e-a4d6-d3fac6ea7df8,HUMAN,shown,trend_alert,up-streak,up-streak,2026-09-10T23:33:50.979Z,2026-09-10T23:33:51.037444+00:00,"{""client_ts"": ""2026-09-10T23:33:50.979Z"", ""element_id"": ""up-streak"", ""element_label"": ""up-streak"", ""element_type"": ""trend_alert"", ""event_name"": ""shown"", ""message"": ""Price went up 3 times in the last 5 ticks!"", ""trader_id"": ""0ede43b0-2226-437e-a4d6-d3fac6ea7df8""}",1789083231.044057
569e552c-bdc3-4225-9eac-8a5a85e95d21,dc44fbde-2ba0-4a45-8f54-1f35cac3dc6a,HUMAN,shown,trend_alert,up-streak,up-streak,2026-09-10T23:33:50.956Z,2026-09-10T23:33:51.047337+00:00,"{""client_ts"": ""2026-09-10T23:33:50.956Z"", ""element_id"": ""up-streak"", ""element_label"": ""up-streak"", ""element_type"": ""trend_alert"", ""event_name"": ""shown"", ""message"": ""Price went up 3 times in the last 5 ticks!"", ""trader_id"": ""dc44fbde-2ba0-4a45-8f54-1f35cac3dc6a""}",1789083231.053467
569e552c-bdc3-4225-9eac-8a5a85e95d21,2b88ec82-bcbd-4576-b378-a1ecf086f829,HUMAN,shown,trend_alert,up-streak,up-streak,2026-09-10T23:33:50.975Z,2026-09-10T23:33:51.061238+00:00,"{""client_ts"": ""2026-09-10T23:33:50.975Z"", ""element_id"": ""up-streak"", ""element_label"": ""up-streak"", ""element_type"": ""trend_alert"", ""event_name"": ""shown"", ""message"": ""Price went up 3 times in the last 5 ticks!"", ""trader_id"": ""2b88ec82-bcbd-4576-b378-a1ecf086f829""}",1789083231.067849
569e552c-bdc3-4225-9eac-8a5a85e95d21,fec04cce-92fe-4669-b66c-470e2aca1e3d,HUMAN,shown,trend_alert,up-streak,up-streak,2026-09-10T23:33:50.982Z,2026-09-10T23:33:51.070828+00:00,"{""client_ts"": ""2026-09-10T23:33:50.982Z"", ""element_id"": ""up-streak"", ""element_label"": ""up-streak"", ""element_type"": ""trend_alert"", ""event_name"": ""shown"", ""message"": ""Price went up 3 times in the last 5 ticks!"", ""trader_id"": ""fec04cce-92fe-4669-b66c-470e2aca1e3d""}",1789083231.077113
a229ad47-38df-424f-9e8c-29015afe999a,1d56126f-bf8f-4436-825b-271721e7a05c,HUMAN,shown,trend_alert,up-streak,up-streak,2026-09-10T23:34:22.027Z,2026-09-10T23:34:22.108461+00:00,"{""client_ts"": ""2026-09-10T23:34:22.027Z"", ""element_id"": ""up-streak"", ""element_label"": ""up-streak"", ""element_type"": ""trend_alert"", ""event_name"": ""shown"", ""message"": ""Price went up 3 times in the last 5 ticks!"", ""trader_id"": ""1d56126f-bf8f-4436-825b-271721e7a05c""}",1789083262.115659
a229ad47-38df-424f-9e8c-29015afe999a,52bbd479-e5b6-47d7-a659-699d45d00809,HUMAN,shown,trend_alert,up-streak,up-streak,2026-09-10T23:34:22.061Z,2026-09-10T23:34:22.120070+00:00,"{""client_ts"": ""2026-09-10T23:34:22.061Z"", ""element_id"": ""up-streak"", ""element_label"": ""up-streak"", ""element_type"": ""trend_alert"", ""event_name"": ""shown"", ""message"": ""Price went up 3 times in the last 5 ticks!"", ""trader_id"": ""52bbd479-e5b6-47d7-a659-699d45d00809""}",1789083262.127343
a229ad47-38df-424f-9e8c-29015afe999a,129f53ed-1688-44c0-b8a7-dba126a8d4a4,HUMAN,shown,trend_alert,up-streak,up-streak,2026-09-10T23:34:22.064Z,2026-09-10T23:34:22.130654+00:00,"{""client_ts"": ""2026-09-10T23:34:22.064Z"", ""element_id"": ""up-streak"", ""element_label"": ""up-streak"", ""element_type"": ""trend_alert"", ""event_name"": ""shown"", ""message"": ""Price went up 3 times in the last 5 ticks!"", ""trader_id"": ""129f53ed-1688-44c0-b8a7-dba126a8d4a4""}",1789083262.136587
a229ad47-38df-424f-9e8c-29015afe999a,573ef7bc-96a2-4198-8a8a-064ae31d5563,HUMAN,shown,trend_alert,up-streak,up-streak,2026-09-10T23:34:22.043Z,2026-09-10T23:34:22.139757+00:00,"{""client_ts"": ""2026-09-10T23:34:22.043Z"", ""element_id"": ""up-streak"", ""element_label"": ""up-streak"", ""element_type"": ""trend_alert"", ""event_name"": ""shown"", ""message"": ""Price went up 3 times in the last 5 ticks!"", ""trader_id"": ""573ef7bc-96a2-4198-8a8a-064ae31d5563""}",1789083262.145548
a229ad47-38df-424f-9e8c-29015afe999a,71aadda4-b0cf-4134-8d29-b96bf237f6fa,HUMAN,shown,trend_alert,up-streak,up-streak,2026-09-10T23:34:22.055Z,2026-09-10T23:34:22.148728+00:00,"{""client_ts"": ""2026-09-10T23:34:22.055Z"", ""element_id"": ""up-streak"", ""element_label"": ""up-streak"", ""element_type"": ""trend_alert"", ""event_name"": ""shown"", ""message"": ""Price went up 3 times in the last 5 ticks!"", ""trader_id"": ""71aadda4-b0cf-4134-8d29-b96bf237f6fa""}",1789083262.154472
569e552c-bdc3-4225-9eac-8a5a85e95d21,dc44fbde-2ba0-4a45-8f54-1f35cac3dc6a,HUMAN,shown,badge_unlock,silver,Silver,2026-09-10T23:34:56.178Z,2026-09-10T23:34:56.254856+00:00,"{""client_ts"": ""2026-09-10T23:34:56.178Z"", ""element_id"": ""silver"", ""element_label"": ""Silver"", ""element_type"": ""badge_unlock"", ""event_name"": ""shown"", ""total_trades_threshold"": 15, ""trader_id"": ""dc44fbde-2ba0-4a45-8f54-1f35cac3dc6a""}",1789083296.261465
569e552c-bdc3-4225-9eac-8a5a85e95d21,dc44fbde-2ba0-4a45-8f54-1f35cac3dc6a,HUMAN,shown,badge_modal,silver,Silver,2026-09-10T23:34:56.179Z,2026-09-10T23:34:56.266199+00:00,"{""client_ts"": ""2026-09-10T23:34:56.179Z"", ""element_id"": ""silver"", ""element_label"": ""Silver"", ""element_type"": ""badge_modal"", ""event_name"": ""shown"", ""message"": ""You belong on the trading floor!"", ""total_trades"": 15, ""trader_id"": ""dc44fbde-2ba0-4a45-8f54-1f35cac3dc6a""}",1789083296.272459
569e552c-bdc3-4225-9eac-8a5a85e95d21,dc44fbde-2ba0-4a45-8f54-1f35cac3dc6a,HUMAN,shown,badge_gif,silver,Silver,2026-09-10T23:34:56.179Z,2026-09-10T23:34:56.279910+00:00,"{""client_ts"": ""2026-09-10T23:34:56.179Z"", ""element_id"": ""silver"", ""element_label"": ""Silver"", ""element_type"": ""badge_gif"", ""event_name"": ""shown"", ""gif"": ""/static/trader_bridge_app/vue/assets/silver.gif"", ""trader_id"": ""dc44fbde-2ba0-4a45-8f54-1f35cac3dc6a""}",1789083296.28675
569e552c-bdc3-4225-9eac-8a5a85e95d21,2184bbcc-e8b9-4c8e-9d7b-c8bdee118476,HUMAN,shown,trend_alert,up-streak,up-streak,2026-09-10T23:34:56.242Z,2026-09-10T23:34:56.304300+00:00,"{""client_ts"": ""2026-09-10T23:34:56.242Z"", ""element_id"": ""up-streak"", ""element_label"": ""up-streak"", ""element_type"": ""trend_alert"", ""event_name"": ""shown"", ""message"": ""Price went up 3 times in the last 5 ticks!"", ""trader_id"": ""2184bbcc-e8b9-4c8e-9d7b-c8bdee118476""}",1789083296.311132
569e552c-bdc3-4225-9eac-8a5a85e95d21,fec04cce-92fe-4669-b66c-470e2aca1e3d,HUMAN,shown,trend_alert,up-streak,up-streak,2026-09-10T23:34:56.262Z,2026-09-10T23:34:56.319676+00:00,"{""client_ts"": ""2026-09-10T23:34:56.262Z"", ""element_id"": ""up-streak"", ""element_label"": ""up-streak"", ""element_type"": ""trend_alert"", ""event_name"": ""shown"", ""message"": ""Price went up 3 times in the last 5 ticks!"", ""trader_id"": ""fec04cce-92fe-4669-b66c-470e2aca1e3d""}",1789083296.325604
569e552c-bdc3-4225-9eac-8a5a85e95d21,2b88ec82-bcbd-4576-b378-a1ecf086f829,HUMAN,shown,trend_alert,up-streak,up-streak,2026-09-10T23:34:56.262Z,2026-09-10T23:34:56.328791+00:00,"{""client_ts"": ""2026-09-10T23:34:56.262Z"", ""element_id"": ""up-streak"", ""element_label"": ""up-streak"", ""element_type"": ""trend_alert"", ""event_name"": ""shown"", ""message"": ""Price went up 3 times in the last 5 ticks!"", ""trader_id"": ""2b88ec82-bcbd-4576-b378-a1ecf086f829""}",1789083296.336089
569e552c-bdc3-4225-9eac-8a5a85e95d21,dc44fbde-2ba0-4a45-8f54-1f35cac3dc6a,HUMAN,shown,trend_alert,up-streak,up-streak,2026-09-10T23:34:56.240Z,2026-09-10T23:34:56.339320+00:00,"{""client_ts"": ""2026-09-10T23:34:56.240Z"", ""element_id"": ""up-streak"", ""element_label"": ""up-streak"", ""element_type"": ""trend_alert"", ""event_name"": ""shown"", ""message"": ""Price went up 3 times in the last 5 ticks!"", ""trader_id"": ""dc44fbde-2ba0-4a45-8f54-1f35cac3dc6a""}",1789083296.344982
569e552c-bdc3-4225-9eac-8a5a85e95d21,0ede43b0-2226-437e-a4d6-d3fac6ea7df8,HUMAN,shown,trend_alert,up-streak,up-streak,2026-09-10T23:34:56.264Z,2026-09-10T23:34:56.348297+00:00,"{""client_ts"": ""2026-09-10T23:34:56.264Z"", ""element_id"": ""up-streak"", ""element_label"": ""up-streak"", ""element_type"": ""trend_alert"", ""event_name"": ""shown"", ""message"": ""Price went up 3 times in the last 5 ticks!"", ""trader_id"": ""0ede43b0-2226-437e-a4d6-d3fac6ea7df8""}",1789083296.354434
569e552c-bdc3-4225-9eac-8a5a85e95d21,2b88ec82-bcbd-4576-b378-a1ecf086f829,HUMAN,shown,trend_alert,up-streak,up-streak,2026-09-10T23:35:19.451Z,2026-09-10T23:35:19.502987+00:00,"{""client_ts"": ""2026-09-10T23:35:19.451Z"", ""element_id"": ""up-streak"", ""element_label"": ""up-streak"", ""element_type"": ""trend_alert"", ""event_name"": ""shown"", ""message"": ""Price went up 3 times in the last 5 ticks!"", ""trader_id"": ""2b88ec82-bcbd-4576-b378-a1ecf086f829""}",1789083319.509932
569e552c-bdc3-4225-9eac-8a5a85e95d21,2184bbcc-e8b9-4c8e-9d7b-c8bdee118476,HUMAN,shown,trend_alert,up-streak,up-streak,2026-09-10T23:35:19.446Z,2026-09-10T23:35:19.513881+00:00,"{""client_ts"": ""2026-09-10T23:35:19.446Z"", ""element_id"": ""up-streak"", ""element_label"": ""up-streak"", ""element_type"": ""trend_alert"", ""event_name"": ""shown"", ""message"": ""Price went up 3 times in the last 5 ticks!"", ""trader_id"": ""2184bbcc-e8b9-4c8e-9d7b-c8bdee118476""}",1789083319.519837
569e552c-bdc3-4225-9eac-8a5a85e95d21,fec04cce-92fe-4669-b66c-470e2aca1e3d,HUMAN,shown,trend_alert,up-streak,up-streak,2026-09-10T23:35:19.453Z,2026-09-10T23:35:19.523100+00:00,"{""client_ts"": ""2026-09-10T23:35:19.453Z"", ""element_id"": ""up-streak"", ""element_label"": ""up-streak"", ""element_type"": ""trend_alert"", ""event_name"": ""shown"", ""message"": ""Price went up 3 times in the last 5 ticks!"", ""trader_id"": ""fec04cce-92fe-4669-b66c-470e2aca1e3d""}",1789083319.528716
569e552c-bdc3-4225-9eac-8a5a85e95d21,dc44fbde-2ba0-4a45-8f54-1f35cac3dc6a,HUMAN,shown,trend_alert,up-streak,up-streak,2026-09-10T23:35:19.430Z,2026-09-10T23:35:19.531805+00:00,"{""client_ts"": ""2026-09-10T23:35:19.430Z"", ""element_id"": ""up-streak"", ""element_label"": ""up-streak"", ""element_type"": ""trend_alert"", ""event_name"": ""shown"", ""message"": ""Price went up 3 times in the last 5 ticks!"", ""trader_id"": ""dc44fbde-2ba0-4a45-8f54-1f35cac3dc6a""}",1789083319.538088
569e552c-bdc3-4225-9eac-8a5a85e95d21,0ede43b0-2226-437e-a4d6-d3fac6ea7df8,HUMAN,shown,trend_alert,up-streak,up-streak,2026-09-10T23:35:19.453Z,2026-09-10T23:35:19.541907+00:00,"{""client_ts"": ""2026-09-10T23:35:19.453Z"", ""element_id"": ""up-streak"", ""element_label"": ""up-streak"", ""element_type"": ""trend_alert"", ""event_name"": ""shown"", ""message"": ""Price went up 3 times in the last 5 ticks!"", ""trader_id"": ""0ede43b0-2226-437e-a4d6-d3fac6ea7df8""}",1789083319.548775
569e552c-bdc3-4225-9eac-8a5a85e95d21,6d5d9acb-8d79-4edf-a68c-cfb2dc35b92a,HUMAN,shown,badge_unlock,silver,Silver,2026-09-10T23:35:22.219Z,2026-09-10T23:35:22.268036+00:00,"{""client_ts"": ""2026-09-10T23:35:22.219Z"", ""element_id"": ""silver"", ""element_label"": ""Silver"", ""element_type"": ""badge_unlock"", ""event_name"": ""shown"", ""total_trades_threshold"": 15, ""trader_id"": ""6d5d9acb-8d79-4edf-a68c-cfb2dc35b92a""}",1789083322.274807
569e552c-bdc3-4225-9eac-8a5a85e95d21,6d5d9acb-8d79-4edf-a68c-cfb2dc35b92a,HUMAN,shown,badge_modal,silver,Silver,2026-09-10T23:35:22.219Z,2026-09-10T23:35:22.283034+00:00,"{""client_ts"": ""2026-09-10T23:35:22.219Z"", ""element_id"": ""silver"", ""element_label"": ""Silver"", ""element_type"": ""badge_modal"", ""event_name"": ""shown"", ""message"": ""You belong on the trading floor!"", ""total_trades"": 15, ""trader_id"": ""6d5d9acb-8d79-4edf-a68c-cfb2dc35b92a""}",1789083322.29112
569e552c-bdc3-4225-9eac-8a5a85e95d21,6d5d9acb-8d79-4edf-a68c-cfb2dc35b92a,HUMAN,shown,badge_gif,silver,Silver,2026-09-10T23:35:22.219Z,2026-09-10T23:35:22.298497+00:00,"{""client_ts"": ""2026-09-10T23:35:22.219Z"", ""element_id"": ""silver"", ""element_label"": ""Silver"", ""element_type"": ""badge_gif"", ""event_name"": ""shown"", ""gif"": ""/static/trader_bridge_app/vue/assets/silver.gif"", ""trader_id"": ""6d5d9acb-8d79-4edf-a68c-cfb2dc35b92a""}",1789083322.30571
569e552c-bdc3-4225-9eac-8a5a85e95d21,2184bbcc-e8b9-4c8e-9d7b-c8bdee118476,HUMAN,shown,trend_alert,down-streak,down-streak,2026-09-10T23:35:33.333Z,2026-09-10T23:35:33.390237+00:00,"{""client_ts"": ""2026-09-10T23:35:33.333Z"", ""element_id"": ""down-streak"", ""element_label"": ""down-streak"", ""element_type"": ""trend_alert"", ""event_name"": ""shown"", ""message"": ""Price went down 3 times in the last 5 ticks!"", ""trader_id"": ""2184bbcc-e8b9-4c8e-9d7b-c8bdee118476""}",1789083333.396826
569e552c-bdc3-4225-9eac-8a5a85e95d21,fec04cce-92fe-4669-b66c-470e2aca1e3d,HUMAN,shown,trend_alert,down-streak,down-streak,2026-09-10T23:35:33.341Z,2026-09-10T23:35:33.400750+00:00,"{""client_ts"": ""2026-09-10T23:35:33.341Z"", ""element_id"": ""down-streak"", ""element_label"": ""down-streak"", ""element_type"": ""trend_alert"", ""event_name"": ""shown"", ""message"": ""Price went down 3 times in the last 5 ticks!"", ""trader_id"": ""fec04cce-92fe-4669-b66c-470e2aca1e3d""}",1789083333.406891
569e552c-bdc3-4225-9eac-8a5a85e95d21,6d5d9acb-8d79-4edf-a68c-cfb2dc35b92a,HUMAN,shown,trend_alert,down-streak,down-streak,2026-09-10T23:35:33.344Z,2026-09-10T23:35:33.409470+00:00,"{""client_ts"": ""2026-09-10T23:35:33.344Z"", ""element_id"": ""down-streak"", ""element_label"": ""down-streak"", ""element_type"": ""trend_alert"", ""event_name"": ""shown"", ""message"": ""Price went down 3 times in the last 5 ticks!"", ""trader_id"": ""6d5d9acb-8d79-4edf-a68c-cfb2dc35b92a""}",1789083333.415221
569e552c-bdc3-4225-9eac-8a5a85e95d21,dc44fbde-2ba0-4a45-8f54-1f35cac3dc6a,HUMAN,shown,trend_alert,down-streak,down-streak,2026-09-10T23:35:33.319Z,2026-09-10T23:35:33.418095+00:00,"{""client_ts"": ""2026-09-10T23:35:33.319Z"", ""element_id"": ""down-streak"", ""element_label"": ""down-streak"", ""element_type"": ""trend_alert"", ""event_name"": ""shown"", ""message"": ""Price went down 3 times in the last 5 ticks!"", ""trader_id"": ""dc44fbde-2ba0-4a45-8f54-1f35cac3dc6a""}",1789083333.42434
569e552c-bdc3-4225-9eac-8a5a85e95d21,2b88ec82-bcbd-4576-b378-a1ecf086f829,HUMAN,shown,trend_alert,down-streak,down-streak,2026-09-10T23:35:33.342Z,2026-09-10T23:35:33.428237+00:00,"{""client_ts"": ""2026-09-10T23:35:33.342Z"", ""element_id"": ""down-streak"", ""element_label"": ""down-streak"", ""element_type"": ""trend_alert"", ""event_name"": ""shown"", ""message"": ""Price went down 3 times in the last 5 ticks!"", ""trader_id"": ""2b88ec82-bcbd-4576-b378-a1ecf086f829""}",1789083333.434943
569e552c-bdc3-4225-9eac-8a5a85e95d21,0ede43b0-2226-437e-a4d6-d3fac6ea7df8,HUMAN,shown,trend_alert,down-streak,down-streak,2026-09-10T23:35:33.343Z,2026-09-10T23:35:33.437790+00:00,"{""client_ts"": ""2026-09-10T23:35:33.343Z"", ""element_id"": ""down-streak"", ""element_label"": ""down-streak"", ""element_type"": ""trend_alert"", ""event_name"": ""shown"", ""message"": ""Price went down 3 times in the last 5 ticks!"", ""trader_id"": ""0ede43b0-2226-437e-a4d6-d3fac6ea7df8""}",1789083333.444243
569e552c-bdc3-4225-9eac-8a5a85e95d21,2184bbcc-e8b9-4c8e-9d7b-c8bdee118476,HUMAN,shown,trend_alert,up-streak,up-streak,2026-09-10T23:36:34.693Z,2026-09-10T23:36:34.746924+00:00,"{""client_ts"": ""2026-09-10T23:36:34.693Z"", ""element_id"": ""up-streak"", ""element_label"": ""up-streak"", ""element_type"": ""trend_alert"", ""event_name"": ""shown"", ""message"": ""Price went up 3 times in the last 5 ticks!"", ""trader_id"": ""2184bbcc-e8b9-4c8e-9d7b-c8bdee118476""}",1789083394.753749
569e552c-bdc3-4225-9eac-8a5a85e95d21,0ede43b0-2226-437e-a4d6-d3fac6ea7df8,HUMAN,shown,trend_alert,up-streak,up-streak,2026-09-10T23:36:34.695Z,2026-09-10T23:36:34.757743+00:00,"{""client_ts"": ""2026-09-10T23:36:34.695Z"", ""element_id"": ""up-streak"", ""element_label"": ""up-streak"", ""element_type"": ""trend_alert"", ""event_name"": ""shown"", ""message"": ""Price went up 3 times in the last 5 ticks!"", ""trader_id"": ""0ede43b0-2226-437e-a4d6-d3fac6ea7df8""}",1789083394.763911
569e552c-bdc3-4225-9eac-8a5a85e95d21,fec04cce-92fe-4669-b66c-470e2aca1e3d,HUMAN,shown,trend_alert,up-streak,up-streak,2026-09-10T23:36:34.696Z,2026-09-10T23:36:34.766612+00:00,"{""client_ts"": ""2026-09-10T23:36:34.696Z"", ""element_id"": ""up-streak"", ""element_label"": ""up-streak"", ""element_type"": ""trend_alert"", ""event_name"": ""shown"", ""message"": ""Price went up 3 times in the last 5 ticks!"", ""trader_id"": ""fec04cce-92fe-4669-b66c-470e2aca1e3d""}",1789083394.772766
569e552c-bdc3-4225-9eac-8a5a85e95d21,dc44fbde-2ba0-4a45-8f54-1f35cac3dc6a,HUMAN,shown,trend_alert,up-streak,up-streak,2026-09-10T23:36:34.674Z,2026-09-10T23:36:34.775283+00:00,"{""client_ts"": ""2026-09-10T23:36:34.674Z"", ""element_id"": ""up-streak"", ""element_label"": ""up-streak"", ""element_type"": ""trend_alert"", ""event_name"": ""shown"", ""message"": ""Price went up 3 times in the last 5 ticks!"", ""trader_id"": ""dc44fbde-2ba0-4a45-8f54-1f35cac3dc6a""}",1789083394.781507
569e552c-bdc3-4225-9eac-8a5a85e95d21,6d5d9acb-8d79-4edf-a68c-cfb2dc35b92a,HUMAN,shown,trend_alert,up-streak,up-streak,2026-09-10T23:36:34.699Z,2026-09-10T23:36:34.784784+00:00,"{""client_ts"": ""2026-09-10T23:36:34.699Z"", ""element_id"": ""up-streak"", ""element_label"": ""up-streak"", ""element_type"": ""trend_alert"", ""event_name"": ""shown"", ""message"": ""Price went up 3 times in the last 5 ticks!"", ""trader_id"": ""6d5d9acb-8d79-4edf-a68c-cfb2dc35b92a""}",1789083394.790722
569e552c-bdc3-4225-9eac-8a5a85e95d21,2b88ec82-bcbd-4576-b378-a1ecf086f829,HUMAN,shown,trend_alert,up-streak,up-streak,2026-09-10T23:36:34.705Z,2026-09-10T23:36:34.793972+00:00,"{""client_ts"": ""2026-09-10T23:36:34.705Z"", ""element_id"": ""up-streak"", ""element_label"": ""up-streak"", ""element_type"": ""trend_alert"", ""event_name"": ""shown"", ""message"": ""Price went up 3 times in the last 5 ticks!"", ""trader_id"": ""2b88ec82-bcbd-4576-b378-a1ecf086f829""}",1789083394.800206
569e552c-bdc3-4225-9eac-8a5a85e95d21,0ede43b0-2226-437e-a4d6-d3fac6ea7df8,HUMAN,shown,trend_alert,up-streak,up-streak,2026-09-10T23:36:58.779Z,2026-09-10T23:36:58.833601+00:00,"{""client_ts"": ""2026-09-10T23:36:58.779Z"", ""element_id"": ""up-streak"", ""element_label"": ""up-streak"", ""element_type"": ""trend_alert"", ""event_name"": ""shown"", ""message"": ""Price went up 3 times in the last 5 ticks!"", ""trader_id"": ""0ede43b0-2226-437e-a4d6-d3fac6ea7df8""}",1789083418.84074
569e552c-bdc3-4225-9eac-8a5a85e95d21,2184bbcc-e8b9-4c8e-9d7b-c8bdee118476,HUMAN,shown,trend_alert,up-streak,up-streak,2026-09-10T23:36:58.779Z,2026-09-10T23:36:58.845082+00:00,"{""client_ts"": ""2026-09-10T23:36:58.779Z"", ""element_id"": ""up-streak"", ""element_label"": ""up-streak"", ""element_type"": ""trend_alert"", ""event_name"": ""shown"", ""message"": ""Price went up 3 times in the last 5 ticks!"", ""trader_id"": ""2184bbcc-e8b9-4c8e-9d7b-c8bdee118476""}",1789083418.851024
569e552c-bdc3-4225-9eac-8a5a85e95d21,dc44fbde-2ba0-4a45-8f54-1f35cac3dc6a,HUMAN,shown,trend_alert,up-streak,up-streak,2026-09-10T23:36:58.758Z,2026-09-10T23:36:58.854323+00:00,"{""client_ts"": ""2026-09-10T23:36:58.758Z"", ""element_id"": ""up-streak"", ""element_label"": ""up-streak"", ""element_type"": ""trend_alert"", ""event_name"": ""shown"", ""message"": ""Price went up 3 times in the last 5 ticks!"", ""trader_id"": ""dc44fbde-2ba0-4a45-8f54-1f35cac3dc6a""}",1789083418.859826
569e552c-bdc3-4225-9eac-8a5a85e95d21,fec04cce-92fe-4669-b66c-470e2aca1e3d,HUMAN,shown,trend_alert,up-streak,up-streak,2026-09-10T23:36:58.780Z,2026-09-10T23:36:58.863115+00:00,"{""client_ts"": ""2026-09-10T23:36:58.780Z"", ""element_id"": ""up-streak"", ""element_label"": ""up-streak"", ""element_type"": ""trend_alert"", ""event_name"": ""shown"", ""message"": ""Price went up 3 times in the last 5 ticks!"", ""trader_id"": ""fec04cce-92fe-4669-b66c-470e2aca1e3d""}",1789083418.869528
569e552c-bdc3-4225-9eac-8a5a85e95d21,2b88ec82-bcbd-4576-b378-a1ecf086f829,HUMAN,shown,trend_alert,up-streak,up-streak,2026-09-10T23:36:58.792Z,2026-09-10T23:36:58.873494+00:00,"{""client_ts"": ""2026-09-10T23:36:58.792Z"", ""element_id"": ""up-streak"", ""element_label"": ""up-streak"", ""element_type"": ""trend_alert"", ""event_name"": ""shown"", ""message"": ""Price went up 3 times in the last 5 ticks!"", ""trader_id"": ""2b88ec82-bcbd-4576-b378-a1ecf086f829""}",1789083418.880178
569e552c-bdc3-4225-9eac-8a5a85e95d21,6d5d9acb-8d79-4edf-a68c-cfb2dc35b92a,HUMAN,shown,trend_alert,up-streak,up-streak,2026-09-10T23:36:58.784Z,2026-09-10T23:36:58.883242+00:00,"{""client_ts"": ""2026-09-10T23:36:58.784Z"", ""element_id"": ""up-streak"", ""element_label"": ""up-streak"", ""element_type"": ""trend_alert"", ""event_name"": ""shown"", ""message"": ""Price went up 3 times in the last 5 ticks!"", ""trader_id"": ""6d5d9acb-8d79-4edf-a68c-cfb2dc35b92a""}",1789083418.889811
569e552c-bdc3-4225-9eac-8a5a85e95d21,2184bbcc-e8b9-4c8e-9d7b-c8bdee118476,HUMAN,shown,trend_alert,up-streak,up-streak,2026-09-10T23:37:04.293Z,2026-09-10T23:37:04.347280+00:00,"{""client_ts"": ""2026-09-10T23:37:04.293Z"", ""element_id"": ""up-streak"", ""element_label"": ""up-streak"", ""element_type"": ""trend_alert"", ""event_name"": ""shown"", ""message"": ""Price went up 3 times in the last 5 ticks!"", ""trader_id"": ""2184bbcc-e8b9-4c8e-9d7b-c8bdee118476""}",1789083424.354239
569e552c-bdc3-4225-9eac-8a5a85e95d21,dc44fbde-2ba0-4a45-8f54-1f35cac3dc6a,HUMAN,shown,trend_alert,up-streak,up-streak,2026-09-10T23:37:04.273Z,2026-09-10T23:37:04.358941+00:00,"{""client_ts"": ""2026-09-10T23:37:04.273Z"", ""element_id"": ""up-streak"", ""element_label"": ""up-streak"", ""element_type"": ""trend_alert"", ""event_name"": ""shown"", ""message"": ""Price went up 3 times in the last 5 ticks!"", ""trader_id"": ""dc44fbde-2ba0-4a45-8f54-1f35cac3dc6a""}",1789083424.366391
569e552c-bdc3-4225-9eac-8a5a85e95d21,0ede43b0-2226-437e-a4d6-d3fac6ea7df8,HUMAN,shown,trend_alert,up-streak,up-streak,2026-09-10T23:37:04.295Z,2026-09-10T23:37:04.369829+00:00,"{""client_ts"": ""2026-09-10T23:37:04.295Z"", ""element_id"": ""up-streak"", ""element_label"": ""up-streak"", ""element_type"": ""trend_alert"", ""event_name"": ""shown"", ""message"": ""Price went up 3 times in the last 5 ticks!"", ""trader_id"": ""0ede43b0-2226-437e-a4d6-d3fac6ea7df8""}",1789083424.376421
569e552c-bdc3-4225-9eac-8a5a85e95d21,2b88ec82-bcbd-4576-b378-a1ecf086f829,HUMAN,shown,trend_alert,up-streak,up-streak,2026-09-10T23:37:04.307Z,2026-09-10T23:37:04.379513+00:00,"{""client_ts"": ""2026-09-10T23:37:04.307Z"", ""element_id"": ""up-streak"", ""element_label"": ""up-streak"", ""element_type"": ""trend_alert"", ""event_name"": ""shown"", ""message"": ""Price went up 3 times in the last 5 ticks!"", ""trader_id"": ""2b88ec82-bcbd-4576-b378-a1ecf086f829""}",1789083424.385857
569e552c-bdc3-4225-9eac-8a5a85e95d21,fec04cce-92fe-4669-b66c-470e2aca1e3d,HUMAN,shown,trend_alert,up-streak,up-streak,2026-09-10T23:37:04.297Z,2026-09-10T23:37:04.389611+00:00,"{""client_ts"": ""2026-09-10T23:37:04.297Z"", ""element_id"": ""up-streak"", ""element_label"": ""up-streak"", ""element_type"": ""trend_alert"", ""event_name"": ""shown"", ""message"": ""Price went up 3 times in the last 5 ticks!"", ""trader_id"": ""fec04cce-92fe-4669-b66c-470e2aca1e3d""}",1789083424.396295
569e552c-bdc3-4225-9eac-8a5a85e95d21,6d5d9acb-8d79-4edf-a68c-cfb2dc35b92a,HUMAN,shown,trend_alert,up-streak,up-streak,2026-09-10T23:37:04.299Z,2026-09-10T23:37:04.399824+00:00,"{""client_ts"": ""2026-09-10T23:37:04.299Z"", ""element_id"": ""up-streak"", ""element_label"": ""up-streak"", ""element_type"": ""trend_alert"", ""event_name"": ""shown"", ""message"": ""Price went up 3 times in the last 5 ticks!"", ""trader_id"": ""6d5d9acb-8d79-4edf-a68c-cfb2dc35b92a""}",1789083424.406383
569e552c-bdc3-4225-9eac-8a5a85e95d21,2b88ec82-bcbd-4576-b378-a1ecf086f829,HUMAN,shown,badge_unlock,gold,Gold,2026-09-10T23:37:04.882Z,2026-09-10T23:37:04.924363+00:00,"{""client_ts"": ""2026-09-10T23:37:04.882Z"", ""element_id"": ""gold"", ""element_label"": ""Gold"", ""element_type"": ""badge_unlock"", ""event_name"": ""shown"", ""total_trades_threshold"": 35, ""trader_id"": ""2b88ec82-bcbd-4576-b378-a1ecf086f829""}",1789083424.931083
569e552c-bdc3-4225-9eac-8a5a85e95d21,2b88ec82-bcbd-4576-b378-a1ecf086f829,HUMAN,shown,badge_modal,gold,Gold,2026-09-10T23:37:04.882Z,2026-09-10T23:37:04.934975+00:00,"{""client_ts"": ""2026-09-10T23:37:04.882Z"", ""element_id"": ""gold"", ""element_label"": ""Gold"", ""element_type"": ""badge_modal"", ""event_name"": ""shown"", ""message"": ""You are the money maker!"", ""total_trades"": 35, ""trader_id"": ""2b88ec82-bcbd-4576-b378-a1ecf086f829""}",1789083424.941095
569e552c-bdc3-4225-9eac-8a5a85e95d21,2b88ec82-bcbd-4576-b378-a1ecf086f829,HUMAN,shown,badge_gif,gold,Gold,2026-09-10T23:37:04.882Z,2026-09-10T23:37:04.947721+00:00,"{""client_ts"": ""2026-09-10T23:37:04.882Z"", ""element_id"": ""gold"", ""element_label"": ""Gold"", ""element_type"": ""badge_gif"", ""event_name"": ""shown"", ""gif"": ""/static/trader_bridge_app/vue/assets/gold.gif"", ""trader_id"": ""2b88ec82-bcbd-4576-b378-a1ecf086f829""}",1789083424.953667
569e552c-bdc3-4225-9eac-8a5a85e95d21,2184bbcc-e8b9-4c8e-9d7b-c8bdee118476,HUMAN,shown,trend_alert,down-streak,down-streak,2026-09-10T23:37:28.317Z,2026-09-10T23:37:28.364865+00:00,"{""client_ts"": ""2026-09-10T23:37:28.317Z"", ""element_id"": ""down-streak"", ""element_label"": ""down-streak"", ""element_type"": ""trend_alert"", ""event_name"": ""shown"", ""message"": ""Price went down 3 times in the last 5 ticks!"", ""trader_id"": ""2184bbcc-e8b9-4c8e-9d7b-c8bdee118476""}",1789083448.371197
569e552c-bdc3-4225-9eac-8a5a85e95d21,2184bbcc-e8b9-4c8e-9d7b-c8bdee118476,HUMAN,shown,badge_unlock,gold,Gold,2026-09-10T23:38:16.596Z,2026-09-10T23:38:16.639323+00:00,"{""client_ts"": ""2026-09-10T23:38:16.596Z"", ""element_id"": ""gold"", ""element_label"": ""Gold"", ""element_type"": ""badge_unlock"", ""event_name"": ""shown"", ""total_trades_threshold"": 35, ""trader_id"": ""2184bbcc-e8b9-4c8e-9d7b-c8bdee118476""}",1789083496.64604
569e552c-bdc3-4225-9eac-8a5a85e95d21,2184bbcc-e8b9-4c8e-9d7b-c8bdee118476,HUMAN,shown,badge_modal,gold,Gold,2026-09-10T23:38:16.596Z,2026-09-10T23:38:16.649921+00:00,"{""client_ts"": ""2026-09-10T23:38:16.596Z"", ""element_id"": ""gold"", ""element_label"": ""Gold"", ""element_type"": ""badge_modal"", ""event_name"": ""shown"", ""message"": ""You are the money maker!"", ""total_trades"": 35, ""trader_id"": ""2184bbcc-e8b9-4c8e-9d7b-c8bdee118476""}",1789083496.655669
569e552c-bdc3-4225-9eac-8a5a85e95d21,2184bbcc-e8b9-4c8e-9d7b-c8bdee118476,HUMAN,shown,badge_gif,gold,Gold,2026-09-10T23:38:16.596Z,2026-09-10T23:38:16.659331+00:00,"{""client_ts"": ""2026-09-10T23:38:16.596Z"", ""element_id"": ""gold"", ""element_label"": ""Gold"", ""element_type"": ""badge_gif"", ""event_name"": ""shown"", ""gif"": ""/static/trader_bridge_app/vue/assets/gold.gif"", ""trader_id"": ""2184bbcc-e8b9-4c8e-9d7b-c8bdee118476""}",1789083496.665229
569e552c-bdc3-4225-9eac-8a5a85e95d21,2184bbcc-e8b9-4c8e-9d7b-c8bdee118476,HUMAN,shown,trend_alert,down-streak,down-streak,2026-09-10T23:38:20.478Z,2026-09-10T23:38:20.522330+00:00,"{""client_ts"": ""2026-09-10T23:38:20.478Z"", ""element_id"": ""down-streak"", ""element_label"": ""down-streak"", ""element_type"": ""trend_alert"", ""event_name"": ""shown"", ""message"": ""Price went down 3 times in the last 5 ticks!"", ""trader_id"": ""2184bbcc-e8b9-4c8e-9d7b-c8bdee118476""}",1789083500.529072
569e552c-bdc3-4225-9eac-8a5a85e95d21,dc44fbde-2ba0-4a45-8f54-1f35cac3dc6a,HUMAN,shown,trend_alert,down-streak,down-streak,2026-09-10T23:38:20.446Z,2026-09-10T23:38:20.533373+00:00,"{""client_ts"": ""2026-09-10T23:38:20.446Z"", ""element_id"": ""down-streak"", ""element_label"": ""down-streak"", ""element_type"": ""trend_alert"", ""event_name"": ""shown"", ""message"": ""Price went down 3 times in the last 5 ticks!"", ""trader_id"": ""dc44fbde-2ba0-4a45-8f54-1f35cac3dc6a""}",1789083500.539713
569e552c-bdc3-4225-9eac-8a5a85e95d21,0ede43b0-2226-437e-a4d6-d3fac6ea7df8,HUMAN,shown,trend_alert,down-streak,down-streak,2026-09-10T23:38:20.467Z,2026-09-10T23:38:20.543052+00:00,"{""client_ts"": ""2026-09-10T23:38:20.467Z"", ""element_id"": ""down-streak"", ""element_label"": ""down-streak"", ""element_type"": ""trend_alert"", ""event_name"": ""shown"", ""message"": ""Price went down 3 times in the last 5 ticks!"", ""trader_id"": ""0ede43b0-2226-437e-a4d6-d3fac6ea7df8""}",1789083500.54979
569e552c-bdc3-4225-9eac-8a5a85e95d21,2b88ec82-bcbd-4576-b378-a1ecf086f829,HUMAN,shown,trend_alert,down-streak,down-streak,2026-09-10T23:38:20.480Z,2026-09-10T23:38:20.553494+00:00,"{""client_ts"": ""2026-09-10T23:38:20.480Z"", ""element_id"": ""down-streak"", ""element_label"": ""down-streak"", ""element_type"": ""trend_alert"", ""event_name"": ""shown"", ""message"": ""Price went down 3 times in the last 5 ticks!"", ""trader_id"": ""2b88ec82-bcbd-4576-b378-a1ecf086f829""}",1789083500.560153
569e552c-bdc3-4225-9eac-8a5a85e95d21,6d5d9acb-8d79-4edf-a68c-cfb2dc35b92a,HUMAN,shown,trend_alert,down-streak,down-streak,2026-09-10T23:38:20.473Z,2026-09-10T23:38:20.567293+00:00,"{""client_ts"": ""2026-09-10T23:38:20.473Z"", ""element_id"": ""down-streak"", ""element_label"": ""down-streak"", ""element_type"": ""trend_alert"", ""event_name"": ""shown"", ""message"": ""Price went down 3 times in the last 5 ticks!"", ""trader_id"": ""6d5d9acb-8d79-4edf-a68c-cfb2dc35b92a""}",1789083500.573803
569e552c-bdc3-4225-9eac-8a5a85e95d21,2184bbcc-e8b9-4c8e-9d7b-c8bdee118476,HUMAN,shown,trend_alert,down-streak,down-streak,2026-09-10T23:38:31.137Z,2026-09-10T23:38:31.181496+00:00,"{""client_ts"": ""2026-09-10T23:38:31.137Z"", ""element_id"": ""down-streak"", ""element_label"": ""down-streak"", ""element_type"": ""trend_alert"", ""event_name"": ""shown"", ""message"": ""Price went down 3 times in the last 5 ticks!"", ""trader_id"": ""2184bbcc-e8b9-4c8e-9d7b-c8bdee118476""}",1789083511.188391
569e552c-bdc3-4225-9eac-8a5a85e95d21,dc44fbde-2ba0-4a45-8f54-1f35cac3dc6a,HUMAN,shown,trend_alert,down-streak,down-streak,2026-09-10T23:38:31.105Z,2026-09-10T23:38:31.192857+00:00,"{""client_ts"": ""2026-09-10T23:38:31.105Z"", ""element_id"": ""down-streak"", ""element_label"": ""down-streak"", ""element_type"": ""trend_alert"", ""event_name"": ""shown"", ""message"": ""Price went down 3 times in the last 5 ticks!"", ""trader_id"": ""dc44fbde-2ba0-4a45-8f54-1f35cac3dc6a""}",1789083511.199114
569e552c-bdc3-4225-9eac-8a5a85e95d21,2b88ec82-bcbd-4576-b378-a1ecf086f829,HUMAN,shown,trend_alert,down-streak,down-streak,2026-09-10T23:38:31.140Z,2026-09-10T23:38:31.202614+00:00,"{""client_ts"": ""2026-09-10T23:38:31.140Z"", ""element_id"": ""down-streak"", ""element_label"": ""down-streak"", ""element_type"": ""trend_alert"", ""event_name"": ""shown"", ""message"": ""Price went down 3 times in the last 5 ticks!"", ""trader_id"": ""2b88ec82-bcbd-4576-b378-a1ecf086f829""}",1789083511.209083
569e552c-bdc3-4225-9eac-8a5a85e95d21,0ede43b0-2226-437e-a4d6-d3fac6ea7df8,HUMAN,shown,trend_alert,down-streak,down-streak,2026-09-10T23:38:31.128Z,2026-09-10T23:38:31.212838+00:00,"{""client_ts"": ""2026-09-10T23:38:31.128Z"", ""element_id"": ""down-streak"", ""element_label"": ""down-streak"", ""element_type"": ""trend_alert"", ""event_name"": ""shown"", ""message"": ""Price went down 3 times in the last 5 ticks!"", ""trader_id"": ""0ede43b0-2226-437e-a4d6-d3fac6ea7df8""}",1789083511.219598
569e552c-bdc3-4225-9eac-8a5a85e95d21,6d5d9acb-8d79-4edf-a68c-cfb2dc35b92a,HUMAN,shown,trend_alert,down-streak,down-streak,2026-09-10T23:38:31.135Z,2026-09-10T23:38:31.226873+00:00,"{""client_ts"": ""2026-09-10T23:38:31.135Z"", ""element_id"": ""down-streak"", ""element_label"": ""down-streak"", ""element_type"": ""trend_alert"", ""event_name"": ""shown"", ""message"": ""Price went down 3 times in the last 5 ticks!"", ""trader_id"": ""6d5d9acb-8d79-4edf-a68c-cfb2dc35b92a""}",1789083511.232895
569e552c-bdc3-4225-9eac-8a5a85e95d21,dc44fbde-2ba0-4a45-8f54-1f35cac3dc6a,HUMAN,shown,badge_unlock,gold,Gold,2026-09-10T23:38:47.474Z,2026-09-10T23:38:47.551518+00:00,"{""client_ts"": ""2026-09-10T23:38:47.474Z"", ""element_id"": ""gold"", ""element_label"": ""Gold"", ""element_type"": ""badge_unlock"", ""event_name"": ""shown"", ""total_trades_threshold"": 35, ""trader_id"": ""dc44fbde-2ba0-4a45-8f54-1f35cac3dc6a""}",1789083527.558457
569e552c-bdc3-4225-9eac-8a5a85e95d21,dc44fbde-2ba0-4a45-8f54-1f35cac3dc6a,HUMAN,shown,badge_modal,gold,Gold,2026-09-10T23:38:47.474Z,2026-09-10T23:38:47.562348+00:00,"{""client_ts"": ""2026-09-10T23:38:47.474Z"", ""element_id"": ""gold"", ""element_label"": ""Gold"", ""element_type"": ""badge_modal"", ""event_name"": ""shown"", ""message"": ""You are the money maker!"", ""total_trades"": 35, ""trader_id"": ""dc44fbde-2ba0-4a45-8f54-1f35cac3dc6a""}",1789083527.568735
569e552c-bdc3-4225-9eac-8a5a85e95d21,dc44fbde-2ba0-4a45-8f54-1f35cac3dc6a,HUMAN,shown,badge_gif,gold,Gold,2026-09-10T23:38:47.474Z,2026-09-10T23:38:47.572318+00:00,"{""client_ts"": ""2026-09-10T23:38:47.474Z"", ""element_id"": ""gold"", ""element_label"": ""Gold"", ""element_type"": ""badge_gif"", ""event_name"": ""shown"", ""gif"": ""/static/trader_bridge_app/vue/assets/gold.gif"", ""trader_id"": ""dc44fbde-2ba0-4a45-8f54-1f35cac3dc6a""}",1789083527.578932
a229ad47-38df-424f-9e8c-29015afe999a,52bbd479-e5b6-47d7-a659-699d45d00809,HUMAN,shown,badge_unlock,bronze,Bronze,2026-09-10T23:38:51.877Z,2026-09-10T23:38:51.932450+00:00,"{""client_ts"": ""2026-09-10T23:38:51.877Z"", ""element_id"": ""bronze"", ""element_label"": ""Bronze"", ""element_type"": ""badge_unlock"", ""event_name"": ""shown"", ""total_trades_threshold"": 10, ""trader_id"": ""52bbd479-e5b6-47d7-a659-699d45d00809""}",1789083531.939069
a229ad47-38df-424f-9e8c-29015afe999a,52bbd479-e5b6-47d7-a659-699d45d00809,HUMAN,shown,badge_modal,bronze,Bronze,2026-09-10T23:38:51.877Z,2026-09-10T23:38:51.942874+00:00,"{""client_ts"": ""2026-09-10T23:38:51.877Z"", ""element_id"": ""bronze"", ""element_label"": ""Bronze"", ""element_type"": ""badge_modal"", ""event_name"": ""shown"", ""message"": ""Level up! Doing well"", ""total_trades"": 10, ""trader_id"": ""52bbd479-e5b6-47d7-a659-699d45d00809""}",1789083531.948746
a229ad47-38df-424f-9e8c-29015afe999a,52bbd479-e5b6-47d7-a659-699d45d00809,HUMAN,shown,badge_gif,bronze,Bronze,2026-09-10T23:38:51.877Z,2026-09-10T23:38:51.952246+00:00,"{""client_ts"": ""2026-09-10T23:38:51.877Z"", ""element_id"": ""bronze"", ""element_label"": ""Bronze"", ""element_type"": ""badge_gif"", ""event_name"": ""shown"", ""gif"": ""/static/trader_bridge_app/vue/assets/bronze.gif"", ""trader_id"": ""52bbd479-e5b6-47d7-a659-699d45d00809""}",1789083531.95801
a229ad47-38df-424f-9e8c-29015afe999a,71aadda4-b0cf-4134-8d29-b96bf237f6fa,HUMAN,shown,trend_alert,down-streak,down-streak,2026-09-10T23:38:51.899Z,2026-09-10T23:38:52.003688+00:00,"{""client_ts"": ""2026-09-10T23:38:51.899Z"", ""element_id"": ""down-streak"", ""element_label"": ""down-streak"", ""element_type"": ""trend_alert"", ""event_name"": ""shown"", ""message"": ""Price went down 3 times in the last 5 ticks!"", ""trader_id"": ""71aadda4-b0cf-4134-8d29-b96bf237f6fa""}",1789083532.010216
a229ad47-38df-424f-9e8c-29015afe999a,129f53ed-1688-44c0-b8a7-dba126a8d4a4,HUMAN,shown,trend_alert,down-streak,down-streak,2026-09-10T23:38:51.914Z,2026-09-10T23:38:52.013316+00:00,"{""client_ts"": ""2026-09-10T23:38:51.914Z"", ""element_id"": ""down-streak"", ""element_label"": ""down-streak"", ""element_type"": ""trend_alert"", ""event_name"": ""shown"", ""message"": ""Price went down 3 times in the last 5 ticks!"", ""trader_id"": ""129f53ed-1688-44c0-b8a7-dba126a8d4a4""}",1789083532.019123
a229ad47-38df-424f-9e8c-29015afe999a,e8a6c6d7-29da-426c-99b9-c05a6136d710,HUMAN,shown,trend_alert,down-streak,down-streak,2026-09-10T23:38:51.890Z,2026-09-10T23:38:52.022358+00:00,"{""client_ts"": ""2026-09-10T23:38:51.890Z"", ""element_id"": ""down-streak"", ""element_label"": ""down-streak"", ""element_type"": ""trend_alert"", ""event_name"": ""shown"", ""message"": ""Price went down 3 times in the last 5 ticks!"", ""trader_id"": ""e8a6c6d7-29da-426c-99b9-c05a6136d710""}",1789083532.028451
a229ad47-38df-424f-9e8c-29015afe999a,573ef7bc-96a2-4198-8a8a-064ae31d5563,HUMAN,shown,trend_alert,down-streak,down-streak,2026-09-10T23:38:51.916Z,2026-09-10T23:38:52.032034+00:00,"{""client_ts"": ""2026-09-10T23:38:51.916Z"", ""element_id"": ""down-streak"", ""element_label"": ""down-streak"", ""element_type"": ""trend_alert"", ""event_name"": ""shown"", ""message"": ""Price went down 3 times in the last 5 ticks!"", ""trader_id"": ""573ef7bc-96a2-4198-8a8a-064ae31d5563""}",1789083532.038331
a229ad47-38df-424f-9e8c-29015afe999a,52bbd479-e5b6-47d7-a659-699d45d00809,HUMAN,shown,trend_alert,down-streak,down-streak,2026-09-10T23:38:51.910Z,2026-09-10T23:38:52.041608+00:00,"{""client_ts"": ""2026-09-10T23:38:51.910Z"", ""element_id"": ""down-streak"", ""element_label"": ""down-streak"", ""element_type"": ""trend_alert"", ""event_name"": ""shown"", ""message"": ""Price went down 3 times in the last 5 ticks!"", ""trader_id"": ""52bbd479-e5b6-47d7-a659-699d45d00809""}",1789083532.047756
a229ad47-38df-424f-9e8c-29015afe999a,1d56126f-bf8f-4436-825b-271721e7a05c,HUMAN,shown,trend_alert,down-streak,down-streak,2026-09-10T23:38:51.880Z,2026-09-10T23:38:52.050955+00:00,"{""client_ts"": ""2026-09-10T23:38:51.880Z"", ""element_id"": ""down-streak"", ""element_label"": ""down-streak"", ""element_type"": ""trend_alert"", ""event_name"": ""shown"", ""message"": ""Price went down 3 times in the last 5 ticks!"", ""trader_id"": ""1d56126f-bf8f-4436-825b-271721e7a05c""}",1789083532.057878
569e552c-bdc3-4225-9eac-8a5a85e95d21,2184bbcc-e8b9-4c8e-9d7b-c8bdee118476,HUMAN,shown,trend_alert,up-streak,up-streak,2026-09-10T23:39:42.548Z,2026-09-10T23:39:42.593073+00:00,"{""client_ts"": ""2026-09-10T23:39:42.548Z"", ""element_id"": ""up-streak"", ""element_label"": ""up-streak"", ""element_type"": ""trend_alert"", ""event_name"": ""shown"", ""message"": ""Price went up 3 times in the last 5 ticks!"", ""trader_id"": ""2184bbcc-e8b9-4c8e-9d7b-c8bdee118476""}",1789083582.599951
569e552c-bdc3-4225-9eac-8a5a85e95d21,6d5d9acb-8d79-4edf-a68c-cfb2dc35b92a,HUMAN,shown,trend_alert,up-streak,up-streak,2026-09-10T23:39:42.540Z,2026-09-10T23:39:42.604521+00:00,"{""client_ts"": ""2026-09-10T23:39:42.540Z"", ""element_id"": ""up-streak"", ""element_label"": ""up-streak"", ""element_type"": ""trend_alert"", ""event_name"": ""shown"", ""message"": ""Price went up 3 times in the last 5 ticks!"", ""trader_id"": ""6d5d9acb-8d79-4edf-a68c-cfb2dc35b92a""}",1789083582.610718
569e552c-bdc3-4225-9eac-8a5a85e95d21,2b88ec82-bcbd-4576-b378-a1ecf086f829,HUMAN,shown,trend_alert,up-streak,up-streak,2026-09-10T23:39:42.550Z,2026-09-10T23:39:42.613875+00:00,"{""client_ts"": ""2026-09-10T23:39:42.550Z"", ""element_id"": ""up-streak"", ""element_label"": ""up-streak"", ""element_type"": ""trend_alert"", ""event_name"": ""shown"", ""message"": ""Price went up 3 times in the last 5 ticks!"", ""trader_id"": ""2b88ec82-bcbd-4576-b378-a1ecf086f829""}",1789083582.620068
569e552c-bdc3-4225-9eac-8a5a85e95d21,fec04cce-92fe-4669-b66c-470e2aca1e3d,HUMAN,shown,trend_alert,up-streak,up-streak,2026-09-10T23:39:42.537Z,2026-09-10T23:39:42.699752+00:00,"{""client_ts"": ""2026-09-10T23:39:42.537Z"", ""element_id"": ""up-streak"", ""element_label"": ""up-streak"", ""element_type"": ""trend_alert"", ""event_name"": ""shown"", ""message"": ""Price went up 3 times in the last 5 ticks!"", ""trader_id"": ""fec04cce-92fe-4669-b66c-470e2aca1e3d""}",1789083582.70569
569e552c-bdc3-4225-9eac-8a5a85e95d21,dc44fbde-2ba0-4a45-8f54-1f35cac3dc6a,HUMAN,shown,trend_alert,up-streak,up-streak,2026-09-10T23:39:42.520Z,2026-09-10T23:39:42.721328+00:00,"{""client_ts"": ""2026-09-10T23:39:42.520Z"", ""element_id"": ""up-streak"", ""element_label"": ""up-streak"", ""element_type"": ""trend_alert"", ""event_name"": ""shown"", ""message"": ""Price went up 3 times in the last 5 ticks!"", ""trader_id"": ""dc44fbde-2ba0-4a45-8f54-1f35cac3dc6a""}",1789083582.727607
569e552c-bdc3-4225-9eac-8a5a85e95d21,dc44fbde-2ba0-4a45-8f54-1f35cac3dc6a,HUMAN,shown,trend_alert,up-streak,up-streak,2026-09-10T23:40:08.050Z,2026-09-10T23:40:08.127835+00:00,"{""client_ts"": ""2026-09-10T23:40:08.050Z"", ""element_id"": ""up-streak"", ""element_label"": ""up-streak"", ""element_type"": ""trend_alert"", ""event_name"": ""shown"", ""message"": ""Price went up 3 times in the last 5 ticks!"", ""trader_id"": ""dc44fbde-2ba0-4a45-8f54-1f35cac3dc6a""}",1789083608.134106
569e552c-bdc3-4225-9eac-8a5a85e95d21,2184bbcc-e8b9-4c8e-9d7b-c8bdee118476,HUMAN,shown,trend_alert,up-streak,up-streak,2026-09-10T23:40:08.081Z,2026-09-10T23:40:08.138253+00:00,"{""client_ts"": ""2026-09-10T23:40:08.081Z"", ""element_id"": ""up-streak"", ""element_label"": ""up-streak"", ""element_type"": ""trend_alert"", ""event_name"": ""shown"", ""message"": ""Price went up 3 times in the last 5 ticks!"", ""trader_id"": ""2184bbcc-e8b9-4c8e-9d7b-c8bdee118476""}",1789083608.144228
569e552c-bdc3-4225-9eac-8a5a85e95d21,6d5d9acb-8d79-4edf-a68c-cfb2dc35b92a,HUMAN,shown,trend_alert,up-streak,up-streak,2026-09-10T23:40:08.073Z,2026-09-10T23:40:08.147489+00:00,"{""client_ts"": ""2026-09-10T23:40:08.073Z"", ""element_id"": ""up-streak"", ""element_label"": ""up-streak"", ""element_type"": ""trend_alert"", ""event_name"": ""shown"", ""message"": ""Price went up 3 times in the last 5 ticks!"", ""trader_id"": ""6d5d9acb-8d79-4edf-a68c-cfb2dc35b92a""}",1789083608.153548
569e552c-bdc3-4225-9eac-8a5a85e95d21,fec04cce-92fe-4669-b66c-470e2aca1e3d,HUMAN,shown,trend_alert,up-streak,up-streak,2026-09-10T23:40:08.069Z,2026-09-10T23:40:08.157049+00:00,"{""client_ts"": ""2026-09-10T23:40:08.069Z"", ""element_id"": ""up-streak"", ""element_label"": ""up-streak"", ""element_type"": ""trend_alert"", ""event_name"": ""shown"", ""message"": ""Price went up 3 times in the last 5 ticks!"", ""trader_id"": ""fec04cce-92fe-4669-b66c-470e2aca1e3d""}",1789083608.163082
569e552c-bdc3-4225-9eac-8a5a85e95d21,0ede43b0-2226-437e-a4d6-d3fac6ea7df8,HUMAN,shown,trend_alert,up-streak,up-streak,2026-09-10T23:40:08.070Z,2026-09-10T23:40:08.166368+00:00,"{""client_ts"": ""2026-09-10T23:40:08.070Z"", ""element_id"": ""up-streak"", ""element_label"": ""up-streak"", ""element_type"": ""trend_alert"", ""event_name"": ""shown"", ""message"": ""Price went up 3 times in the last 5 ticks!"", ""trader_id"": ""0ede43b0-2226-437e-a4d6-d3fac6ea7df8""}",1789083608.172159
569e552c-bdc3-4225-9eac-8a5a85e95d21,2b88ec82-bcbd-4576-b378-a1ecf086f829,HUMAN,shown,trend_alert,up-streak,up-streak,2026-09-10T23:40:08.083Z,2026-09-10T23:40:08.175284+00:00,"{""client_ts"": ""2026-09-10T23:40:08.083Z"", ""element_id"": ""up-streak"", ""element_label"": ""up-streak"", ""element_type"": ""trend_alert"", ""event_name"": ""shown"", ""message"": ""Price went up 3 times in the last 5 ticks!"", ""trader_id"": ""2b88ec82-bcbd-4576-b378-a1ecf086f829""}",1789083608.180856
569e552c-bdc3-4225-9eac-8a5a85e95d21,6d5d9acb-8d79-4edf-a68c-cfb2dc35b92a,HUMAN,shown,trend_alert,up-streak,up-streak,2026-09-10T23:40:11.735Z,2026-09-10T23:40:11.790420+00:00,"{""client_ts"": ""2026-09-10T23:40:11.735Z"", ""element_id"": ""up-streak"", ""element_label"": ""up-streak"", ""element_type"": ""trend_alert"", ""event_name"": ""shown"", ""message"": ""Price went up 3 times in the last 5 ticks!"", ""trader_id"": ""6d5d9acb-8d79-4edf-a68c-cfb2dc35b92a""}",1789083611.797076
569e552c-bdc3-4225-9eac-8a5a85e95d21,2184bbcc-e8b9-4c8e-9d7b-c8bdee118476,HUMAN,shown,trend_alert,up-streak,up-streak,2026-09-10T23:40:11.743Z,2026-09-10T23:40:11.801793+00:00,"{""client_ts"": ""2026-09-10T23:40:11.743Z"", ""element_id"": ""up-streak"", ""element_label"": ""up-streak"", ""element_type"": ""trend_alert"", ""event_name"": ""shown"", ""message"": ""Price went up 3 times in the last 5 ticks!"", ""trader_id"": ""2184bbcc-e8b9-4c8e-9d7b-c8bdee118476""}",1789083611.808184
569e552c-bdc3-4225-9eac-8a5a85e95d21,0ede43b0-2226-437e-a4d6-d3fac6ea7df8,HUMAN,shown,trend_alert,up-streak,up-streak,2026-09-10T23:40:11.732Z,2026-09-10T23:40:11.811561+00:00,"{""client_ts"": ""2026-09-10T23:40:11.732Z"", ""element_id"": ""up-streak"", ""element_label"": ""up-streak"", ""element_type"": ""trend_alert"", ""event_name"": ""shown"", ""message"": ""Price went up 3 times in the last 5 ticks!"", ""trader_id"": ""0ede43b0-2226-437e-a4d6-d3fac6ea7df8""}",1789083611.817642
569e552c-bdc3-4225-9eac-8a5a85e95d21,dc44fbde-2ba0-4a45-8f54-1f35cac3dc6a,HUMAN,shown,trend_alert,up-streak,up-streak,2026-09-10T23:40:11.714Z,2026-09-10T23:40:11.821028+00:00,"{""client_ts"": ""2026-09-10T23:40:11.714Z"", ""element_id"": ""up-streak"", ""element_label"": ""up-streak"", ""element_type"": ""trend_alert"", ""event_name"": ""shown"", ""message"": ""Price went up 3 times in the last 5 ticks!"", ""trader_id"": ""dc44fbde-2ba0-4a45-8f54-1f35cac3dc6a""}",1789083611.826738
569e552c-bdc3-4225-9eac-8a5a85e95d21,2b88ec82-bcbd-4576-b378-a1ecf086f829,HUMAN,shown,trend_alert,up-streak,up-streak,2026-09-10T23:40:11.744Z,2026-09-10T23:40:11.830162+00:00,"{""client_ts"": ""2026-09-10T23:40:11.744Z"", ""element_id"": ""up-streak"", ""element_label"": ""up-streak"", ""element_type"": ""trend_alert"", ""event_name"": ""shown"", ""message"": ""Price went up 3 times in the last 5 ticks!"", ""trader_id"": ""2b88ec82-bcbd-4576-b378-a1ecf086f829""}",1789083611.836229
569e552c-bdc3-4225-9eac-8a5a85e95d21,fec04cce-92fe-4669-b66c-470e2aca1e3d,HUMAN,shown,trend_alert,up-streak,up-streak,2026-09-10T23:40:11.732Z,2026-09-10T23:40:11.839274+00:00,"{""client_ts"": ""2026-09-10T23:40:11.732Z"", ""element_id"": ""up-streak"", ""element_label"": ""up-streak"", ""element_type"": ""trend_alert"", ""event_name"": ""shown"", ""message"": ""Price went up 3 times in the last 5 ticks!"", ""trader_id"": ""fec04cce-92fe-4669-b66c-470e2aca1e3d""}",1789083611.845006
7b3d258b-4a12-4f9d-af1c-ad1a3fc8344a,762774e2-b466-4ce2-8abe-40516ad3a99a,HUMAN,shown,trend_alert,up-streak,up-streak,2026-09-10T23:40:24.796Z,2026-09-10T23:40:24.854732+00:00,"{""client_ts"": ""2026-09-10T23:40:24.796Z"", ""element_id"": ""up-streak"", ""element_label"": ""up-streak"", ""element_type"": ""trend_alert"", ""event_name"": ""shown"", ""message"": ""Price went up 3 times in the last 4 ticks!"", ""trader_id"": ""762774e2-b466-4ce2-8abe-40516ad3a99a""}",1789083624.862907
7b3d258b-4a12-4f9d-af1c-ad1a3fc8344a,37f1723e-8392-451b-9f82-b4b827848fc2,HUMAN,shown,trend_alert,up-streak,up-streak,2026-09-10T23:40:24.793Z,2026-09-10T23:40:24.868267+00:00,"{""client_ts"": ""2026-09-10T23:40:24.793Z"", ""element_id"": ""up-streak"", ""element_label"": ""up-streak"", ""element_type"": ""trend_alert"", ""event_name"": ""shown"", ""message"": ""Price went up 3 times in the last 4 ticks!"", ""trader_id"": ""37f1723e-8392-451b-9f82-b4b827848fc2""}",1789083624.875049
7b3d258b-4a12-4f9d-af1c-ad1a3fc8344a,bc951c28-c9e7-4d21-b631-b7153ded5747,HUMAN,shown,trend_alert,up-streak,up-streak,2026-09-10T23:40:24.801Z,2026-09-10T23:40:24.878614+00:00,"{""client_ts"": ""2026-09-10T23:40:24.801Z"", ""element_id"": ""up-streak"", ""element_label"": ""up-streak"", ""element_type"": ""trend_alert"", ""event_name"": ""shown"", ""message"": ""Price went up 3 times in the last 4 ticks!"", ""trader_id"": ""bc951c28-c9e7-4d21-b631-b7153ded5747""}",1789083624.885755
7b3d258b-4a12-4f9d-af1c-ad1a3fc8344a,8ae24871-ac2e-4566-b164-d561f4f8967d,HUMAN,shown,trend_alert,up-streak,up-streak,2026-09-10T23:40:24.806Z,2026-09-10T23:40:24.889553+00:00,"{""client_ts"": ""2026-09-10T23:40:24.806Z"", ""element_id"": ""up-streak"", ""element_label"": ""up-streak"", ""element_type"": ""trend_alert"", ""event_name"": ""shown"", ""message"": ""Price went up 3 times in the last 4 ticks!"", ""trader_id"": ""8ae24871-ac2e-4566-b164-d561f4f8967d""}",1789083624.896478
7b3d258b-4a12-4f9d-af1c-ad1a3fc8344a,a9323da3-2227-4386-aee6-f301e23076bc,HUMAN,shown,trend_alert,up-streak,up-streak,2026-09-10T23:40:24.806Z,2026-09-10T23:40:24.900461+00:00,"{""client_ts"": ""2026-09-10T23:40:24.806Z"", ""element_id"": ""up-streak"", ""element_label"": ""up-streak"", ""element_type"": ""trend_alert"", ""event_name"": ""shown"", ""message"": ""Price went up 3 times in the last 4 ticks!"", ""trader_id"": ""a9323da3-2227-4386-aee6-f301e23076bc""}",1789083624.908059
7b3d258b-4a12-4f9d-af1c-ad1a3fc8344a,aeb13d2b-7a22-4f18-9880-d6d104e91f2f,HUMAN,shown,trend_alert,up-streak,up-streak,2026-09-10T23:40:24.809Z,2026-09-10T23:40:24.912523+00:00,"{""client_ts"": ""2026-09-10T23:40:24.809Z"", ""element_id"": ""up-streak"", ""element_label"": ""up-streak"", ""element_type"": ""trend_alert"", ""event_name"": ""shown"", ""message"": ""Price went up 3 times in the last 4 ticks!"", ""trader_id"": ""aeb13d2b-7a22-4f18-9880-d6d104e91f2f""}",1789083624.920051
7b3d258b-4a12-4f9d-af1c-ad1a3fc8344a,8ae24871-ac2e-4566-b164-d561f4f8967d,HUMAN,shown,trend_alert,up-streak,up-streak,2026-09-10T23:40:54.416Z,2026-09-10T23:40:54.468420+00:00,"{""client_ts"": ""2026-09-10T23:40:54.416Z"", ""element_id"": ""up-streak"", ""element_label"": ""up-streak"", ""element_type"": ""trend_alert"", ""event_name"": ""shown"", ""message"": ""Price went up 3 times in the last 5 ticks!"", ""trader_id"": ""8ae24871-ac2e-4566-b164-d561f4f8967d""}",1789083654.475321
7b3d258b-4a12-4f9d-af1c-ad1a3fc8344a,37f1723e-8392-451b-9f82-b4b827848fc2,HUMAN,shown,trend_alert,up-streak,up-streak,2026-09-10T23:40:54.404Z,2026-09-10T23:40:54.480045+00:00,"{""client_ts"": ""2026-09-10T23:40:54.404Z"", ""element_id"": ""up-streak"", ""element_label"": ""up-streak"", ""element_type"": ""trend_alert"", ""event_name"": ""shown"", ""message"": ""Price went up 3 times in the last 5 ticks!"", ""trader_id"": ""37f1723e-8392-451b-9f82-b4b827848fc2""}",1789083654.486369
7b3d258b-4a12-4f9d-af1c-ad1a3fc8344a,bc951c28-c9e7-4d21-b631-b7153ded5747,HUMAN,shown,trend_alert,up-streak,up-streak,2026-09-10T23:40:54.412Z,2026-09-10T23:40:54.489526+00:00,"{""client_ts"": ""2026-09-10T23:40:54.412Z"", ""element_id"": ""up-streak"", ""element_label"": ""up-streak"", ""element_type"": ""trend_alert"", ""event_name"": ""shown"", ""message"": ""Price went up 3 times in the last 5 ticks!"", ""trader_id"": ""bc951c28-c9e7-4d21-b631-b7153ded5747""}",1789083654.495584
7b3d258b-4a12-4f9d-af1c-ad1a3fc8344a,a9323da3-2227-4386-aee6-f301e23076bc,HUMAN,shown,trend_alert,up-streak,up-streak,2026-09-10T23:40:54.422Z,2026-09-10T23:40:54.498962+00:00,"{""client_ts"": ""2026-09-10T23:40:54.422Z"", ""element_id"": ""up-streak"", ""element_label"": ""up-streak"", ""element_type"": ""trend_alert"", ""event_name"": ""shown"", ""message"": ""Price went up 3 times in the last 5 ticks!"", ""trader_id"": ""a9323da3-2227-4386-aee6-f301e23076bc""}",1789083654.505479
7b3d258b-4a12-4f9d-af1c-ad1a3fc8344a,762774e2-b466-4ce2-8abe-40516ad3a99a,HUMAN,shown,trend_alert,up-streak,up-streak,2026-09-10T23:40:54.409Z,2026-09-10T23:40:54.508832+00:00,"{""client_ts"": ""2026-09-10T23:40:54.409Z"", ""element_id"": ""up-streak"", ""element_label"": ""up-streak"", ""element_type"": ""trend_alert"", ""event_name"": ""shown"", ""message"": ""Price went up 3 times in the last 5 ticks!"", ""trader_id"": ""762774e2-b466-4ce2-8abe-40516ad3a99a""}",1789083654.51534
7b3d258b-4a12-4f9d-af1c-ad1a3fc8344a,aeb13d2b-7a22-4f18-9880-d6d104e91f2f,HUMAN,shown,trend_alert,up-streak,up-streak,2026-09-10T23:40:54.420Z,2026-09-10T23:40:54.518809+00:00,"{""client_ts"": ""2026-09-10T23:40:54.420Z"", ""element_id"": ""up-streak"", ""element_label"": ""up-streak"", ""element_type"": ""trend_alert"", ""event_name"": ""shown"", ""message"": ""Price went up 3 times in the last 5 ticks!"", ""trader_id"": ""aeb13d2b-7a22-4f18-9880-d6d104e91f2f""}",1789083654.527136
7b3d258b-4a12-4f9d-af1c-ad1a3fc8344a,aeb13d2b-7a22-4f18-9880-d6d104e91f2f,HUMAN,shown,trend_alert,down-streak,down-streak,2026-09-10T23:41:18.907Z,2026-09-10T23:41:18.993991+00:00,"{""client_ts"": ""2026-09-10T23:41:18.907Z"", ""element_id"": ""down-streak"", ""element_label"": ""down-streak"", ""element_type"": ""trend_alert"", ""event_name"": ""shown"", ""message"": ""Price went down 3 times in the last 5 ticks!"", ""trader_id"": ""aeb13d2b-7a22-4f18-9880-d6d104e91f2f""}",1789083678.99995
7b3d258b-4a12-4f9d-af1c-ad1a3fc8344a,a9323da3-2227-4386-aee6-f301e23076bc,HUMAN,shown,trend_alert,down-streak,down-streak,2026-09-10T23:41:18.905Z,2026-09-10T23:41:19.003599+00:00,"{""client_ts"": ""2026-09-10T23:41:18.905Z"", ""element_id"": ""down-streak"", ""element_label"": ""down-streak"", ""element_type"": ""trend_alert"", ""event_name"": ""shown"", ""message"": ""Price went down 3 times in the last 5 ticks!"", ""trader_id"": ""a9323da3-2227-4386-aee6-f301e23076bc""}",1789083679.009653
569e552c-bdc3-4225-9eac-8a5a85e95d21,6d5d9acb-8d79-4edf-a68c-cfb2dc35b92a,HUMAN,shown,trend_alert,up-streak,up-streak,2026-09-10T23:41:39.591Z,2026-09-10T23:41:39.649149+00:00,"{""client_ts"": ""2026-09-10T23:41:39.591Z"", ""element_id"": ""up-streak"", ""element_label"": ""up-streak"", ""element_type"": ""trend_alert"", ""event_name"": ""shown"", ""message"": ""Price went up 3 times in the last 5 ticks!"", ""trader_id"": ""6d5d9acb-8d79-4edf-a68c-cfb2dc35b92a""}",1789083699.656237
569e552c-bdc3-4225-9eac-8a5a85e95d21,fec04cce-92fe-4669-b66c-470e2aca1e3d,HUMAN,shown,trend_alert,up-streak,up-streak,2026-09-10T23:41:39.592Z,2026-09-10T23:41:39.660564+00:00,"{""client_ts"": ""2026-09-10T23:41:39.592Z"", ""element_id"": ""up-streak"", ""element_label"": ""up-streak"", ""element_type"": ""trend_alert"", ""event_name"": ""shown"", ""message"": ""Price went up 3 times in the last 5 ticks!"", ""trader_id"": ""fec04cce-92fe-4669-b66c-470e2aca1e3d""}",1789083699.667261
569e552c-bdc3-4225-9eac-8a5a85e95d21,dc44fbde-2ba0-4a45-8f54-1f35cac3dc6a,HUMAN,shown,trend_alert,up-streak,up-streak,2026-09-10T23:41:39.574Z,2026-09-10T23:41:39.670220+00:00,"{""client_ts"": ""2026-09-10T23:41:39.574Z"", ""element_id"": ""up-streak"", ""element_label"": ""up-streak"", ""element_type"": ""trend_alert"", ""event_name"": ""shown"", ""message"": ""Price went up 3 times in the last 5 ticks!"", ""trader_id"": ""dc44fbde-2ba0-4a45-8f54-1f35cac3dc6a""}",1789083699.676752
569e552c-bdc3-4225-9eac-8a5a85e95d21,0ede43b0-2226-437e-a4d6-d3fac6ea7df8,HUMAN,shown,trend_alert,up-streak,up-streak,2026-09-10T23:41:39.589Z,2026-09-10T23:41:39.679454+00:00,"{""client_ts"": ""2026-09-10T23:41:39.589Z"", ""element_id"": ""up-streak"", ""element_label"": ""up-streak"", ""element_type"": ""trend_alert"", ""event_name"": ""shown"", ""message"": ""Price went up 3 times in the last 5 ticks!"", ""trader_id"": ""0ede43b0-2226-437e-a4d6-d3fac6ea7df8""}",1789083699.686071
569e552c-bdc3-4225-9eac-8a5a85e95d21,2184bbcc-e8b9-4c8e-9d7b-c8bdee118476,HUMAN,shown,trend_alert,up-streak,up-streak,2026-09-10T23:41:39.599Z,2026-09-10T23:41:39.688729+00:00,"{""client_ts"": ""2026-09-10T23:41:39.599Z"", ""element_id"": ""up-streak"", ""element_label"": ""up-streak"", ""element_type"": ""trend_alert"", ""event_name"": ""shown"", ""message"": ""Price went up 3 times in the last 5 ticks!"", ""trader_id"": ""2184bbcc-e8b9-4c8e-9d7b-c8bdee118476""}",1789083699.694927
569e552c-bdc3-4225-9eac-8a5a85e95d21,2b88ec82-bcbd-4576-b378-a1ecf086f829,HUMAN,shown,trend_alert,up-streak,up-streak,2026-09-10T23:41:39.602Z,2026-09-10T23:41:39.697730+00:00,"{""client_ts"": ""2026-09-10T23:41:39.602Z"", ""element_id"": ""up-streak"", ""element_label"": ""up-streak"", ""element_type"": ""trend_alert"", ""event_name"": ""shown"", ""message"": ""Price went up 3 times in the last 5 ticks!"", ""trader_id"": ""2b88ec82-bcbd-4576-b378-a1ecf086f829""}",1789083699.704109
569e552c-bdc3-4225-9eac-8a5a85e95d21,2b88ec82-bcbd-4576-b378-a1ecf086f829,HUMAN,shown,badge_unlock,platinum,Platinum,2026-09-10T23:41:43.454Z,2026-09-10T23:41:43.610838+00:00,"{""client_ts"": ""2026-09-10T23:41:43.454Z"", ""element_id"": ""platinum"", ""element_label"": ""Platinum"", ""element_type"": ""badge_unlock"", ""event_name"": ""shown"", ""total_trades_threshold"": 50, ""trader_id"": ""2b88ec82-bcbd-4576-b378-a1ecf086f829""}",1789083703.620731
569e552c-bdc3-4225-9eac-8a5a85e95d21,2b88ec82-bcbd-4576-b378-a1ecf086f829,HUMAN,shown,badge_modal,platinum,Platinum,2026-09-10T23:41:43.454Z,2026-09-10T23:41:43.641232+00:00,"{""client_ts"": ""2026-09-10T23:41:43.454Z"", ""element_id"": ""platinum"", ""element_label"": ""Platinum"", ""element_type"": ""badge_modal"", ""event_name"": ""shown"", ""message"": ""You are definitely going places!"", ""total_trades"": 50, ""trader_id"": ""2b88ec82-bcbd-4576-b378-a1ecf086f829""}",1789083703.648435
569e552c-bdc3-4225-9eac-8a5a85e95d21,2b88ec82-bcbd-4576-b378-a1ecf086f829,HUMAN,shown,badge_gif,platinum,Platinum,2026-09-10T23:41:43.454Z,2026-09-10T23:41:43.703872+00:00,"{""client_ts"": ""2026-09-10T23:41:43.454Z"", ""element_id"": ""platinum"", ""element_label"": ""Platinum"", ""element_type"": ""badge_gif"", ""event_name"": ""shown"", ""gif"": ""/static/trader_bridge_app/vue/assets/platinum.gif"", ""trader_id"": ""2b88ec82-bcbd-4576-b378-a1ecf086f829""}",1789083703.71089
7b3d258b-4a12-4f9d-af1c-ad1a3fc8344a,762774e2-b466-4ce2-8abe-40516ad3a99a,HUMAN,shown,trend_alert,up-streak,up-streak,2026-09-10T23:42:09.551Z,2026-09-10T23:42:09.612918+00:00,"{""client_ts"": ""2026-09-10T23:42:09.551Z"", ""element_id"": ""up-streak"", ""element_label"": ""up-streak"", ""element_type"": ""trend_alert"", ""event_name"": ""shown"", ""message"": ""Price went up 3 times in the last 5 ticks!"", ""trader_id"": ""762774e2-b466-4ce2-8abe-40516ad3a99a""}",1789083729.621184
7b3d258b-4a12-4f9d-af1c-ad1a3fc8344a,bc951c28-c9e7-4d21-b631-b7153ded5747,HUMAN,shown,trend_alert,up-streak,up-streak,2026-09-10T23:42:09.555Z,2026-09-10T23:42:09.625304+00:00,"{""client_ts"": ""2026-09-10T23:42:09.555Z"", ""element_id"": ""up-streak"", ""element_label"": ""up-streak"", ""element_type"": ""trend_alert"", ""event_name"": ""shown"", ""message"": ""Price went up 3 times in the last 5 ticks!"", ""trader_id"": ""bc951c28-c9e7-4d21-b631-b7153ded5747""}",1789083729.631685
7b3d258b-4a12-4f9d-af1c-ad1a3fc8344a,aeb13d2b-7a22-4f18-9880-d6d104e91f2f,HUMAN,shown,trend_alert,up-streak,up-streak,2026-09-10T23:42:09.568Z,2026-09-10T23:42:09.635668+00:00,"{""client_ts"": ""2026-09-10T23:42:09.568Z"", ""element_id"": ""up-streak"", ""element_label"": ""up-streak"", ""element_type"": ""trend_alert"", ""event_name"": ""shown"", ""message"": ""Price went up 3 times in the last 5 ticks!"", ""trader_id"": ""aeb13d2b-7a22-4f18-9880-d6d104e91f2f""}",1789083729.642222
7b3d258b-4a12-4f9d-af1c-ad1a3fc8344a,8ae24871-ac2e-4566-b164-d561f4f8967d,HUMAN,shown,trend_alert,up-streak,up-streak,2026-09-10T23:42:09.559Z,2026-09-10T23:42:09.645751+00:00,"{""client_ts"": ""2026-09-10T23:42:09.559Z"", ""element_id"": ""up-streak"", ""element_label"": ""up-streak"", ""element_type"": ""trend_alert"", ""event_name"": ""shown"", ""message"": ""Price went up 3 times in the last 5 ticks!"", ""trader_id"": ""8ae24871-ac2e-4566-b164-d561f4f8967d""}",1789083729.651805
7b3d258b-4a12-4f9d-af1c-ad1a3fc8344a,a9323da3-2227-4386-aee6-f301e23076bc,HUMAN,shown,trend_alert,up-streak,up-streak,2026-09-10T23:42:09.571Z,2026-09-10T23:42:09.655230+00:00,"{""client_ts"": ""2026-09-10T23:42:09.571Z"", ""element_id"": ""up-streak"", ""element_label"": ""up-streak"", ""element_type"": ""trend_alert"", ""event_name"": ""shown"", ""message"": ""Price went up 3 times in the last 5 ticks!"", ""trader_id"": ""a9323da3-2227-4386-aee6-f301e23076bc""}",1789083729.661249
569e552c-bdc3-4225-9eac-8a5a85e95d21,2b88ec82-bcbd-4576-b378-a1ecf086f829,HUMAN,shown,trend_alert,up-streak,up-streak,2026-09-10T23:42:10.213Z,2026-09-10T23:42:10.263999+00:00,"{""client_ts"": ""2026-09-10T23:42:10.213Z"", ""element_id"": ""up-streak"", ""element_label"": ""up-streak"", ""element_type"": ""trend_alert"", ""event_name"": ""shown"", ""message"": ""Price went up 3 times in the last 5 ticks!"", ""trader_id"": ""2b88ec82-bcbd-4576-b378-a1ecf086f829""}",1789083730.270845
569e552c-bdc3-4225-9eac-8a5a85e95d21,dc44fbde-2ba0-4a45-8f54-1f35cac3dc6a,HUMAN,shown,trend_alert,up-streak,up-streak,2026-09-10T23:42:10.190Z,2026-09-10T23:42:10.275875+00:00,"{""client_ts"": ""2026-09-10T23:42:10.190Z"", ""element_id"": ""up-streak"", ""element_label"": ""up-streak"", ""element_type"": ""trend_alert"", ""event_name"": ""shown"", ""message"": ""Price went up 3 times in the last 5 ticks!"", ""trader_id"": ""dc44fbde-2ba0-4a45-8f54-1f35cac3dc6a""}",1789083730.283746
569e552c-bdc3-4225-9eac-8a5a85e95d21,6d5d9acb-8d79-4edf-a68c-cfb2dc35b92a,HUMAN,shown,trend_alert,up-streak,up-streak,2026-09-10T23:42:10.205Z,2026-09-10T23:42:10.287022+00:00,"{""client_ts"": ""2026-09-10T23:42:10.205Z"", ""element_id"": ""up-streak"", ""element_label"": ""up-streak"", ""element_type"": ""trend_alert"", ""event_name"": ""shown"", ""message"": ""Price went up 3 times in the last 5 ticks!"", ""trader_id"": ""6d5d9acb-8d79-4edf-a68c-cfb2dc35b92a""}",1789083730.294155
569e552c-bdc3-4225-9eac-8a5a85e95d21,fec04cce-92fe-4669-b66c-470e2aca1e3d,HUMAN,shown,trend_alert,up-streak,up-streak,2026-09-10T23:42:10.205Z,2026-09-10T23:42:10.297557+00:00,"{""client_ts"": ""2026-09-10T23:42:10.205Z"", ""element_id"": ""up-streak"", ""element_label"": ""up-streak"", ""element_type"": ""trend_alert"", ""event_name"": ""shown"", ""message"": ""Price went up 3 times in the last 5 ticks!"", ""trader_id"": ""fec04cce-92fe-4669-b66c-470e2aca1e3d""}",1789083730.303689
569e552c-bdc3-4225-9eac-8a5a85e95d21,0ede43b0-2226-437e-a4d6-d3fac6ea7df8,HUMAN,shown,trend_alert,up-streak,up-streak,2026-09-10T23:42:10.203Z,2026-09-10T23:42:10.307261+00:00,"{""client_ts"": ""2026-09-10T23:42:10.203Z"", ""element_id"": ""up-streak"", ""element_label"": ""up-streak"", ""element_type"": ""trend_alert"", ""event_name"": ""shown"", ""message"": ""Price went up 3 times in the last 5 ticks!"", ""trader_id"": ""0ede43b0-2226-437e-a4d6-d3fac6ea7df8""}",1789083730.313324
569e552c-bdc3-4225-9eac-8a5a85e95d21,2184bbcc-e8b9-4c8e-9d7b-c8bdee118476,HUMAN,shown,trend_alert,up-streak,up-streak,2026-09-10T23:42:10.213Z,2026-09-10T23:42:10.316601+00:00,"{""client_ts"": ""2026-09-10T23:42:10.213Z"", ""element_id"": ""up-streak"", ""element_label"": ""up-streak"", ""element_type"": ""trend_alert"", ""event_name"": ""shown"", ""message"": ""Price went up 3 times in the last 5 ticks!"", ""trader_id"": ""2184bbcc-e8b9-4c8e-9d7b-c8bdee118476""}",1789083730.322681
569e552c-bdc3-4225-9eac-8a5a85e95d21,dc44fbde-2ba0-4a45-8f54-1f35cac3dc6a,HUMAN,shown,badge_unlock,platinum,Platinum,2026-09-10T23:42:12.655Z,2026-09-10T23:42:12.771864+00:00,"{""client_ts"": ""2026-09-10T23:42:12.655Z"", ""element_id"": ""platinum"", ""element_label"": ""Platinum"", ""element_type"": ""badge_unlock"", ""event_name"": ""shown"", ""total_trades_threshold"": 50, ""trader_id"": ""dc44fbde-2ba0-4a45-8f54-1f35cac3dc6a""}",1789083732.778083
569e552c-bdc3-4225-9eac-8a5a85e95d21,dc44fbde-2ba0-4a45-8f54-1f35cac3dc6a,HUMAN,shown,badge_modal,platinum,Platinum,2026-09-10T23:42:12.656Z,2026-09-10T23:42:12.792228+00:00,"{""client_ts"": ""2026-09-10T23:42:12.656Z"", ""element_id"": ""platinum"", ""element_label"": ""Platinum"", ""element_type"": ""badge_modal"", ""event_name"": ""shown"", ""message"": ""You are definitely going places!"", ""total_trades"": 50, ""trader_id"": ""dc44fbde-2ba0-4a45-8f54-1f35cac3dc6a""}",1789083732.798426
569e552c-bdc3-4225-9eac-8a5a85e95d21,dc44fbde-2ba0-4a45-8f54-1f35cac3dc6a,HUMAN,shown,badge_gif,platinum,Platinum,2026-09-10T23:42:12.656Z,2026-09-10T23:42:12.812434+00:00,"{""client_ts"": ""2026-09-10T23:42:12.656Z"", ""element_id"": ""platinum"", ""element_label"": ""Platinum"", ""element_type"": ""badge_gif"", ""event_name"": ""shown"", ""gif"": ""/static/trader_bridge_app/vue/assets/platinum.gif"", ""trader_id"": ""dc44fbde-2ba0-4a45-8f54-1f35cac3dc6a""}",1789083732.81867
569e552c-bdc3-4225-9eac-8a5a85e95d21,fec04cce-92fe-4669-b66c-470e2aca1e3d,HUMAN,shown,badge_unlock,gold,Gold,2026-09-10T23:42:15.219Z,2026-09-10T23:42:15.279244+00:00,"{""client_ts"": ""2026-09-10T23:42:15.219Z"", ""element_id"": ""gold"", ""element_label"": ""Gold"", ""element_type"": ""badge_unlock"", ""event_name"": ""shown"", ""total_trades_threshold"": 35, ""trader_id"": ""fec04cce-92fe-4669-b66c-470e2aca1e3d""}",1789083735.285585
569e552c-bdc3-4225-9eac-8a5a85e95d21,fec04cce-92fe-4669-b66c-470e2aca1e3d,HUMAN,shown,badge_modal,gold,Gold,2026-09-10T23:42:15.219Z,2026-09-10T23:42:15.289272+00:00,"{""client_ts"": ""2026-09-10T23:42:15.219Z"", ""element_id"": ""gold"", ""element_label"": ""Gold"", ""element_type"": ""badge_modal"", ""event_name"": ""shown"", ""message"": ""You are the money maker!"", ""total_trades"": 35, ""trader_id"": ""fec04cce-92fe-4669-b66c-470e2aca1e3d""}",1789083735.294837
569e552c-bdc3-4225-9eac-8a5a85e95d21,fec04cce-92fe-4669-b66c-470e2aca1e3d,HUMAN,shown,badge_gif,gold,Gold,2026-09-10T23:42:15.219Z,2026-09-10T23:42:15.298454+00:00,"{""client_ts"": ""2026-09-10T23:42:15.219Z"", ""element_id"": ""gold"", ""element_label"": ""Gold"", ""element_type"": ""badge_gif"", ""event_name"": ""shown"", ""gif"": ""/static/trader_bridge_app/vue/assets/gold.gif"", ""trader_id"": ""fec04cce-92fe-4669-b66c-470e2aca1e3d""}",1789083735.305118
7b3d258b-4a12-4f9d-af1c-ad1a3fc8344a,aeb13d2b-7a22-4f18-9880-d6d104e91f2f,HUMAN,shown,trend_alert,up-streak,up-streak,2026-09-10T23:42:31.394Z,2026-09-10T23:42:31.436808+00:00,"{""client_ts"": ""2026-09-10T23:42:31.394Z"", ""element_id"": ""up-streak"", ""element_label"": ""up-streak"", ""element_type"": ""trend_alert"", ""event_name"": ""shown"", ""message"": ""Price went up 3 times in the last 5 ticks!"", ""trader_id"": ""aeb13d2b-7a22-4f18-9880-d6d104e91f2f""}",1789083751.444325
7b3d258b-4a12-4f9d-af1c-ad1a3fc8344a,762774e2-b466-4ce2-8abe-40516ad3a99a,HUMAN,shown,trend_alert,up-streak,up-streak,2026-09-10T23:42:31.377Z,2026-09-10T23:42:31.450022+00:00,"{""client_ts"": ""2026-09-10T23:42:31.377Z"", ""element_id"": ""up-streak"", ""element_label"": ""up-streak"", ""element_type"": ""trend_alert"", ""event_name"": ""shown"", ""message"": ""Price went up 3 times in the last 5 ticks!"", ""trader_id"": ""762774e2-b466-4ce2-8abe-40516ad3a99a""}",1789083751.457319
7b3d258b-4a12-4f9d-af1c-ad1a3fc8344a,37f1723e-8392-451b-9f82-b4b827848fc2,HUMAN,shown,trend_alert,up-streak,up-streak,2026-09-10T23:42:31.381Z,2026-09-10T23:42:31.460687+00:00,"{""client_ts"": ""2026-09-10T23:42:31.381Z"", ""element_id"": ""up-streak"", ""element_label"": ""up-streak"", ""element_type"": ""trend_alert"", ""event_name"": ""shown"", ""message"": ""Price went up 3 times in the last 5 ticks!"", ""trader_id"": ""37f1723e-8392-451b-9f82-b4b827848fc2""}",1789083751.467725
7b3d258b-4a12-4f9d-af1c-ad1a3fc8344a,bc951c28-c9e7-4d21-b631-b7153ded5747,HUMAN,shown,trend_alert,up-streak,up-streak,2026-09-10T23:42:31.379Z,2026-09-10T23:42:31.470967+00:00,"{""client_ts"": ""2026-09-10T23:42:31.379Z"", ""element_id"": ""up-streak"", ""element_label"": ""up-streak"", ""element_type"": ""trend_alert"", ""event_name"": ""shown"", ""message"": ""Price went up 3 times in the last 5 ticks!"", ""trader_id"": ""bc951c28-c9e7-4d21-b631-b7153ded5747""}",1789083751.477462
7b3d258b-4a12-4f9d-af1c-ad1a3fc8344a,8ae24871-ac2e-4566-b164-d561f4f8967d,HUMAN,shown,trend_alert,up-streak,up-streak,2026-09-10T23:42:31.385Z,2026-09-10T23:42:31.481490+00:00,"{""client_ts"": ""2026-09-10T23:42:31.385Z"", ""element_id"": ""up-streak"", ""element_label"": ""up-streak"", ""element_type"": ""trend_alert"", ""event_name"": ""shown"", ""message"": ""Price went up 3 times in the last 5 ticks!"", ""trader_id"": ""8ae24871-ac2e-4566-b164-d561f4f8967d""}",1789083751.488332
7b3d258b-4a12-4f9d-af1c-ad1a3fc8344a,a9323da3-2227-4386-aee6-f301e23076bc,HUMAN,shown,trend_alert,up-streak,up-streak,2026-09-10T23:42:31.399Z,2026-09-10T23:42:31.491547+00:00,"{""client_ts"": ""2026-09-10T23:42:31.399Z"", ""element_id"": ""up-streak"", ""element_label"": ""up-streak"", ""element_type"": ""trend_alert"", ""event_name"": ""shown"", ""message"": ""Price went up 3 times in the last 5 ticks!"", ""trader_id"": ""a9323da3-2227-4386-aee6-f301e23076bc""}",1789083751.49873
a229ad47-38df-424f-9e8c-29015afe999a,573ef7bc-96a2-4198-8a8a-064ae31d5563,HUMAN,shown,badge_unlock,bronze,Bronze,2026-09-10T23:42:35.252Z,2026-09-10T23:42:35.343855+00:00,"{""client_ts"": ""2026-09-10T23:42:35.252Z"", ""element_id"": ""bronze"", ""element_label"": ""Bronze"", ""element_type"": ""badge_unlock"", ""event_name"": ""shown"", ""total_trades_threshold"": 10, ""trader_id"": ""573ef7bc-96a2-4198-8a8a-064ae31d5563""}",1789083755.349711
a229ad47-38df-424f-9e8c-29015afe999a,573ef7bc-96a2-4198-8a8a-064ae31d5563,HUMAN,shown,badge_modal,bronze,Bronze,2026-09-10T23:42:35.252Z,2026-09-10T23:42:35.353304+00:00,"{""client_ts"": ""2026-09-10T23:42:35.252Z"", ""element_id"": ""bronze"", ""element_label"": ""Bronze"", ""element_type"": ""badge_modal"", ""event_name"": ""shown"", ""message"": ""Level up! Doing well"", ""total_trades"": 10, ""trader_id"": ""573ef7bc-96a2-4198-8a8a-064ae31d5563""}",1789083755.359184
a229ad47-38df-424f-9e8c-29015afe999a,573ef7bc-96a2-4198-8a8a-064ae31d5563,HUMAN,shown,badge_gif,bronze,Bronze,2026-09-10T23:42:35.252Z,2026-09-10T23:42:35.362346+00:00,"{""client_ts"": ""2026-09-10T23:42:35.252Z"", ""element_id"": ""bronze"", ""element_label"": ""Bronze"", ""element_type"": ""badge_gif"", ""event_name"": ""shown"", ""gif"": ""/static/trader_bridge_app/vue/assets/bronze.gif"", ""trader_id"": ""573ef7bc-96a2-4198-8a8a-064ae31d5563""}",1789083755.368783
7b3d258b-4a12-4f9d-af1c-ad1a3fc8344a,762774e2-b466-4ce2-8abe-40516ad3a99a,HUMAN,shown,trend_alert,up-streak,up-streak,2026-09-10T23:42:35.931Z,2026-09-10T23:42:35.992772+00:00,"{""client_ts"": ""2026-09-10T23:42:35.931Z"", ""element_id"": ""up-streak"", ""element_label"": ""up-streak"", ""element_type"": ""trend_alert"", ""event_name"": ""shown"", ""message"": ""Price went up 3 times in the last 5 ticks!"", ""trader_id"": ""762774e2-b466-4ce2-8abe-40516ad3a99a""}",1789083755.999289
7b3d258b-4a12-4f9d-af1c-ad1a3fc8344a,8ae24871-ac2e-4566-b164-d561f4f8967d,HUMAN,shown,trend_alert,up-streak,up-streak,2026-09-10T23:42:35.939Z,2026-09-10T23:42:36.003304+00:00,"{""client_ts"": ""2026-09-10T23:42:35.939Z"", ""element_id"": ""up-streak"", ""element_label"": ""up-streak"", ""element_type"": ""trend_alert"", ""event_name"": ""shown"", ""message"": ""Price went up 3 times in the last 5 ticks!"", ""trader_id"": ""8ae24871-ac2e-4566-b164-d561f4f8967d""}",1789083756.009706
7b3d258b-4a12-4f9d-af1c-ad1a3fc8344a,a9323da3-2227-4386-aee6-f301e23076bc,HUMAN,shown,trend_alert,up-streak,up-streak,2026-09-10T23:42:35.954Z,2026-09-10T23:42:36.012489+00:00,"{""client_ts"": ""2026-09-10T23:42:35.954Z"", ""element_id"": ""up-streak"", ""element_label"": ""up-streak"", ""element_type"": ""trend_alert"", ""event_name"": ""shown"", ""message"": ""Price went up 3 times in the last 5 ticks!"", ""trader_id"": ""a9323da3-2227-4386-aee6-f301e23076bc""}",1789083756.01905
7b3d258b-4a12-4f9d-af1c-ad1a3fc8344a,37f1723e-8392-451b-9f82-b4b827848fc2,HUMAN,shown,trend_alert,up-streak,up-streak,2026-09-10T23:42:35.938Z,2026-09-10T23:42:36.022045+00:00,"{""client_ts"": ""2026-09-10T23:42:35.938Z"", ""element_id"": ""up-streak"", ""element_label"": ""up-streak"", ""element_type"": ""trend_alert"", ""event_name"": ""shown"", ""message"": ""Price went up 3 times in the last 5 ticks!"", ""trader_id"": ""37f1723e-8392-451b-9f82-b4b827848fc2""}",1789083756.028015
7b3d258b-4a12-4f9d-af1c-ad1a3fc8344a,aeb13d2b-7a22-4f18-9880-d6d104e91f2f,HUMAN,shown,trend_alert,up-streak,up-streak,2026-09-10T23:42:35.952Z,2026-09-10T23:42:36.031388+00:00,"{""client_ts"": ""2026-09-10T23:42:35.952Z"", ""element_id"": ""up-streak"", ""element_label"": ""up-streak"", ""element_type"": ""trend_alert"", ""event_name"": ""shown"", ""message"": ""Price went up 3 times in the last 5 ticks!"", ""trader_id"": ""aeb13d2b-7a22-4f18-9880-d6d104e91f2f""}",1789083756.045734
7b3d258b-4a12-4f9d-af1c-ad1a3fc8344a,bc951c28-c9e7-4d21-b631-b7153ded5747,HUMAN,shown,trend_alert,up-streak,up-streak,2026-09-10T23:42:35.936Z,2026-09-10T23:42:36.048582+00:00,"{""client_ts"": ""2026-09-10T23:42:35.936Z"", ""element_id"": ""up-streak"", ""element_label"": ""up-streak"", ""element_type"": ""trend_alert"", ""event_name"": ""shown"", ""message"": ""Price went up 3 times in the last 5 ticks!"", ""trader_id"": ""bc951c28-c9e7-4d21-b631-b7153ded5747""}",1789083756.055138
a229ad47-38df-424f-9e8c-29015afe999a,52bbd479-e5b6-47d7-a659-699d45d00809,HUMAN,shown,badge_unlock,silver,Silver,2026-09-10T23:42:39.115Z,2026-09-10T23:42:39.178002+00:00,"{""client_ts"": ""2026-09-10T23:42:39.115Z"", ""element_id"": ""silver"", ""element_label"": ""Silver"", ""element_type"": ""badge_unlock"", ""event_name"": ""shown"", ""total_trades_threshold"": 15, ""trader_id"": ""52bbd479-e5b6-47d7-a659-699d45d00809""}",1789083759.185289
a229ad47-38df-424f-9e8c-29015afe999a,52bbd479-e5b6-47d7-a659-699d45d00809,HUMAN,shown,badge_modal,silver,Silver,2026-09-10T23:42:39.116Z,2026-09-10T23:42:39.189077+00:00,"{""client_ts"": ""2026-09-10T23:42:39.116Z"", ""element_id"": ""silver"", ""element_label"": ""Silver"", ""element_type"": ""badge_modal"", ""event_name"": ""shown"", ""message"": ""You belong on the trading floor!"", ""total_trades"": 15, ""trader_id"": ""52bbd479-e5b6-47d7-a659-699d45d00809""}",1789083759.194848
a229ad47-38df-424f-9e8c-29015afe999a,52bbd479-e5b6-47d7-a659-699d45d00809,HUMAN,shown,badge_gif,silver,Silver,2026-09-10T23:42:39.116Z,2026-09-10T23:42:39.198543+00:00,"{""client_ts"": ""2026-09-10T23:42:39.116Z"", ""element_id"": ""silver"", ""element_label"": ""Silver"", ""element_type"": ""badge_gif"", ""event_name"": ""shown"", ""gif"": ""/static/trader_bridge_app/vue/assets/silver.gif"", ""trader_id"": ""52bbd479-e5b6-47d7-a659-699d45d00809""}",1789083759.204331
7b3d258b-4a12-4f9d-af1c-ad1a3fc8344a,762774e2-b466-4ce2-8abe-40516ad3a99a,HUMAN,shown,badge_unlock,bronze,Bronze,2026-09-10T23:42:48.746Z,2026-09-10T23:42:48.806426+00:00,"{""client_ts"": ""2026-09-10T23:42:48.746Z"", ""element_id"": ""bronze"", ""element_label"": ""Bronze"", ""element_type"": ""badge_unlock"", ""event_name"": ""shown"", ""total_trades_threshold"": 10, ""trader_id"": ""762774e2-b466-4ce2-8abe-40516ad3a99a""}",1789083768.813127
7b3d258b-4a12-4f9d-af1c-ad1a3fc8344a,762774e2-b466-4ce2-8abe-40516ad3a99a,HUMAN,shown,badge_modal,bronze,Bronze,2026-09-10T23:42:48.746Z,2026-09-10T23:42:48.819925+00:00,"{""client_ts"": ""2026-09-10T23:42:48.746Z"", ""element_id"": ""bronze"", ""element_label"": ""Bronze"", ""element_type"": ""badge_modal"", ""event_name"": ""shown"", ""message"": ""Level up! Doing well"", ""total_trades"": 10, ""trader_id"": ""762774e2-b466-4ce2-8abe-40516ad3a99a""}",1789083768.82707
7b3d258b-4a12-4f9d-af1c-ad1a3fc8344a,762774e2-b466-4ce2-8abe-40516ad3a99a,HUMAN,shown,badge_gif,bronze,Bronze,2026-09-10T23:42:48.746Z,2026-09-10T23:42:48.830747+00:00,"{""client_ts"": ""2026-09-10T23:42:48.746Z"", ""element_id"": ""bronze"", ""element_label"": ""Bronze"", ""element_type"": ""badge_gif"", ""event_name"": ""shown"", ""gif"": ""/static/trader_bridge_app/vue/assets/bronze.gif"", ""trader_id"": ""762774e2-b466-4ce2-8abe-40516ad3a99a""}",1789083768.836945
a229ad47-38df-424f-9e8c-29015afe999a,71aadda4-b0cf-4134-8d29-b96bf237f6fa,HUMAN,shown,badge_unlock,bronze,Bronze,2026-09-10T23:42:50.569Z,2026-09-10T23:42:50.638482+00:00,"{""client_ts"": ""2026-09-10T23:42:50.569Z"", ""element_id"": ""bronze"", ""element_label"": ""Bronze"", ""element_type"": ""badge_unlock"", ""event_name"": ""shown"", ""total_trades_threshold"": 10, ""trader_id"": ""71aadda4-b0cf-4134-8d29-b96bf237f6fa""}",1789083770.645946
a229ad47-38df-424f-9e8c-29015afe999a,71aadda4-b0cf-4134-8d29-b96bf237f6fa,HUMAN,shown,badge_modal,bronze,Bronze,2026-09-10T23:42:50.569Z,2026-09-10T23:42:50.650610+00:00,"{""client_ts"": ""2026-09-10T23:42:50.569Z"", ""element_id"": ""bronze"", ""element_label"": ""Bronze"", ""element_type"": ""badge_modal"", ""event_name"": ""shown"", ""message"": ""Level up! Doing well"", ""total_trades"": 10, ""trader_id"": ""71aadda4-b0cf-4134-8d29-b96bf237f6fa""}",1789083770.657097
a229ad47-38df-424f-9e8c-29015afe999a,71aadda4-b0cf-4134-8d29-b96bf237f6fa,HUMAN,shown,badge_gif,bronze,Bronze,2026-09-10T23:42:50.569Z,2026-09-10T23:42:50.660776+00:00,"{""client_ts"": ""2026-09-10T23:42:50.569Z"", ""element_id"": ""bronze"", ""element_label"": ""Bronze"", ""element_type"": ""badge_gif"", ""event_name"": ""shown"", ""gif"": ""/static/trader_bridge_app/vue/assets/bronze.gif"", ""trader_id"": ""71aadda4-b0cf-4134-8d29-b96bf237f6fa""}",1789083770.666596
7b3d258b-4a12-4f9d-af1c-ad1a3fc8344a,37f1723e-8392-451b-9f82-b4b827848fc2,HUMAN,shown,badge_unlock,bronze,Bronze,2026-09-10T23:42:51.916Z,2026-09-10T23:42:51.974192+00:00,"{""client_ts"": ""2026-09-10T23:42:51.916Z"", ""element_id"": ""bronze"", ""element_label"": ""Bronze"", ""element_type"": ""badge_unlock"", ""event_name"": ""shown"", ""total_trades_threshold"": 10, ""trader_id"": ""37f1723e-8392-451b-9f82-b4b827848fc2""}",1789083771.980868
7b3d258b-4a12-4f9d-af1c-ad1a3fc8344a,37f1723e-8392-451b-9f82-b4b827848fc2,HUMAN,shown,badge_modal,bronze,Bronze,2026-09-10T23:42:51.916Z,2026-09-10T23:42:51.987938+00:00,"{""client_ts"": ""2026-09-10T23:42:51.916Z"", ""element_id"": ""bronze"", ""element_label"": ""Bronze"", ""element_type"": ""badge_modal"", ""event_name"": ""shown"", ""message"": ""Level up! Doing well"", ""total_trades"": 10, ""trader_id"": ""37f1723e-8392-451b-9f82-b4b827848fc2""}",1789083771.994081
7b3d258b-4a12-4f9d-af1c-ad1a3fc8344a,37f1723e-8392-451b-9f82-b4b827848fc2,HUMAN,shown,badge_gif,bronze,Bronze,2026-09-10T23:42:51.916Z,2026-09-10T23:42:52.001191+00:00,"{""client_ts"": ""2026-09-10T23:42:51.916Z"", ""element_id"": ""bronze"", ""element_label"": ""Bronze"", ""element_type"": ""badge_gif"", ""event_name"": ""shown"", ""gif"": ""/static/trader_bridge_app/vue/assets/bronze.gif"", ""trader_id"": ""37f1723e-8392-451b-9f82-b4b827848fc2""}",1789083772.007716
7b3d258b-4a12-4f9d-af1c-ad1a3fc8344a,8ae24871-ac2e-4566-b164-d561f4f8967d,HUMAN,shown,badge_unlock,bronze,Bronze,2026-09-10T23:43:47.249Z,2026-09-10T23:43:47.377694+00:00,"{""client_ts"": ""2026-09-10T23:43:47.249Z"", ""element_id"": ""bronze"", ""element_label"": ""Bronze"", ""element_type"": ""badge_unlock"", ""event_name"": ""shown"", ""total_trades_threshold"": 10, ""trader_id"": ""8ae24871-ac2e-4566-b164-d561f4f8967d""}",1789083827.384893
7b3d258b-4a12-4f9d-af1c-ad1a3fc8344a,8ae24871-ac2e-4566-b164-d561f4f8967d,HUMAN,shown,badge_modal,bronze,Bronze,2026-09-10T23:43:47.250Z,2026-09-10T23:43:47.399238+00:00,"{""client_ts"": ""2026-09-10T23:43:47.250Z"", ""element_id"": ""bronze"", ""element_label"": ""Bronze"", ""element_type"": ""badge_modal"", ""event_name"": ""shown"", ""message"": ""Level up! Doing well"", ""total_trades"": 10, ""trader_id"": ""8ae24871-ac2e-4566-b164-d561f4f8967d""}",1789083827.407548
7b3d258b-4a12-4f9d-af1c-ad1a3fc8344a,8ae24871-ac2e-4566-b164-d561f4f8967d,HUMAN,shown,badge_gif,bronze,Bronze,2026-09-10T23:43:47.250Z,2026-09-10T23:43:47.425665+00:00,"{""client_ts"": ""2026-09-10T23:43:47.250Z"", ""element_id"": ""bronze"", ""element_label"": ""Bronze"", ""element_type"": ""badge_gif"", ""event_name"": ""shown"", ""gif"": ""/static/trader_bridge_app/vue/assets/bronze.gif"", ""trader_id"": ""8ae24871-ac2e-4566-b164-d561f4f8967d""}",1789083827.435848
7b3d258b-4a12-4f9d-af1c-ad1a3fc8344a,a9323da3-2227-4386-aee6-f301e23076bc,HUMAN,shown,trend_alert,up-streak,up-streak,2026-09-10T23:43:51.838Z,2026-09-10T23:43:51.880821+00:00,"{""client_ts"": ""2026-09-10T23:43:51.838Z"", ""element_id"": ""up-streak"", ""element_label"": ""up-streak"", ""element_type"": ""trend_alert"", ""event_name"": ""shown"", ""message"": ""Price went up 3 times in the last 5 ticks!"", ""trader_id"": ""a9323da3-2227-4386-aee6-f301e23076bc""}",1789083831.888523
7b3d258b-4a12-4f9d-af1c-ad1a3fc8344a,762774e2-b466-4ce2-8abe-40516ad3a99a,HUMAN,shown,trend_alert,up-streak,up-streak,2026-09-10T23:43:51.823Z,2026-09-10T23:43:51.894563+00:00,"{""client_ts"": ""2026-09-10T23:43:51.823Z"", ""element_id"": ""up-streak"", ""element_label"": ""up-streak"", ""element_type"": ""trend_alert"", ""event_name"": ""shown"", ""message"": ""Price went up 3 times in the last 5 ticks!"", ""trader_id"": ""762774e2-b466-4ce2-8abe-40516ad3a99a""}",1789083831.902184
7b3d258b-4a12-4f9d-af1c-ad1a3fc8344a,8ae24871-ac2e-4566-b164-d561f4f8967d,HUMAN,shown,trend_alert,up-streak,up-streak,2026-09-10T23:43:51.823Z,2026-09-10T23:43:51.907016+00:00,"{""client_ts"": ""2026-09-10T23:43:51.823Z"", ""element_id"": ""up-streak"", ""element_label"": ""up-streak"", ""element_type"": ""trend_alert"", ""event_name"": ""shown"", ""message"": ""Price went up 3 times in the last 5 ticks!"", ""trader_id"": ""8ae24871-ac2e-4566-b164-d561f4f8967d""}",1789083831.91447
7b3d258b-4a12-4f9d-af1c-ad1a3fc8344a,aeb13d2b-7a22-4f18-9880-d6d104e91f2f,HUMAN,shown,trend_alert,up-streak,up-streak,2026-09-10T23:43:51.835Z,2026-09-10T23:43:51.919131+00:00,"{""client_ts"": ""2026-09-10T23:43:51.835Z"", ""element_id"": ""up-streak"", ""element_label"": ""up-streak"", ""element_type"": ""trend_alert"", ""event_name"": ""shown"", ""message"": ""Price went up 3 times in the last 5 ticks!"", ""trader_id"": ""aeb13d2b-7a22-4f18-9880-d6d104e91f2f""}",1789083831.926394
7b3d258b-4a12-4f9d-af1c-ad1a3fc8344a,37f1723e-8392-451b-9f82-b4b827848fc2,HUMAN,shown,trend_alert,up-streak,up-streak,2026-09-10T23:43:51.829Z,2026-09-10T23:43:51.930240+00:00,"{""client_ts"": ""2026-09-10T23:43:51.829Z"", ""element_id"": ""up-streak"", ""element_label"": ""up-streak"", ""element_type"": ""trend_alert"", ""event_name"": ""shown"", ""message"": ""Price went up 3 times in the last 5 ticks!"", ""trader_id"": ""37f1723e-8392-451b-9f82-b4b827848fc2""}",1789083831.937336
7b3d258b-4a12-4f9d-af1c-ad1a3fc8344a,bc951c28-c9e7-4d21-b631-b7153ded5747,HUMAN,shown,trend_alert,up-streak,up-streak,2026-09-10T23:43:51.822Z,2026-09-10T23:43:51.942758+00:00,"{""client_ts"": ""2026-09-10T23:43:51.822Z"", ""element_id"": ""up-streak"", ""element_label"": ""up-streak"", ""element_type"": ""trend_alert"", ""event_name"": ""shown"", ""message"": ""Price went up 3 times in the last 5 ticks!"", ""trader_id"": ""bc951c28-c9e7-4d21-b631-b7153ded5747""}",1789083831.950935
7b3d258b-4a12-4f9d-af1c-ad1a3fc8344a,762774e2-b466-4ce2-8abe-40516ad3a99a,HUMAN,shown,trend_alert,up-streak,up-streak,2026-09-10T23:43:53.804Z,2026-09-10T23:43:53.862851+00:00,"{""client_ts"": ""2026-09-10T23:43:53.804Z"", ""element_id"": ""up-streak"", ""element_label"": ""up-streak"", ""element_type"": ""trend_alert"", ""event_name"": ""shown"", ""message"": ""Price went up 3 times in the last 5 ticks!"", ""trader_id"": ""762774e2-b466-4ce2-8abe-40516ad3a99a""}",1789083833.871911
7b3d258b-4a12-4f9d-af1c-ad1a3fc8344a,aeb13d2b-7a22-4f18-9880-d6d104e91f2f,HUMAN,shown,trend_alert,up-streak,up-streak,2026-09-10T23:43:53.815Z,2026-09-10T23:43:53.876537+00:00,"{""client_ts"": ""2026-09-10T23:43:53.815Z"", ""element_id"": ""up-streak"", ""element_label"": ""up-streak"", ""element_type"": ""trend_alert"", ""event_name"": ""shown"", ""message"": ""Price went up 3 times in the last 5 ticks!"", ""trader_id"": ""aeb13d2b-7a22-4f18-9880-d6d104e91f2f""}",1789083833.893074
7b3d258b-4a12-4f9d-af1c-ad1a3fc8344a,a9323da3-2227-4386-aee6-f301e23076bc,HUMAN,shown,trend_alert,up-streak,up-streak,2026-09-10T23:43:53.818Z,2026-09-10T23:43:53.897909+00:00,"{""client_ts"": ""2026-09-10T23:43:53.818Z"", ""element_id"": ""up-streak"", ""element_label"": ""up-streak"", ""element_type"": ""trend_alert"", ""event_name"": ""shown"", ""message"": ""Price went up 3 times in the last 5 ticks!"", ""trader_id"": ""a9323da3-2227-4386-aee6-f301e23076bc""}",1789083833.9056
7b3d258b-4a12-4f9d-af1c-ad1a3fc8344a,bc951c28-c9e7-4d21-b631-b7153ded5747,HUMAN,shown,trend_alert,up-streak,up-streak,2026-09-10T23:43:53.799Z,2026-09-10T23:43:53.909968+00:00,"{""client_ts"": ""2026-09-10T23:43:53.799Z"", ""element_id"": ""up-streak"", ""element_label"": ""up-streak"", ""element_type"": ""trend_alert"", ""event_name"": ""shown"", ""message"": ""Price went up 3 times in the last 5 ticks!"", ""trader_id"": ""bc951c28-c9e7-4d21-b631-b7153ded5747""}",1789083833.917223
7b3d258b-4a12-4f9d-af1c-ad1a3fc8344a,37f1723e-8392-451b-9f82-b4b827848fc2,HUMAN,shown,trend_alert,up-streak,up-streak,2026-09-10T23:43:53.810Z,2026-09-10T23:43:53.920932+00:00,"{""client_ts"": ""2026-09-10T23:43:53.810Z"", ""element_id"": ""up-streak"", ""element_label"": ""up-streak"", ""element_type"": ""trend_alert"", ""event_name"": ""shown"", ""message"": ""Price went up 3 times in the last 5 ticks!"", ""trader_id"": ""37f1723e-8392-451b-9f82-b4b827848fc2""}",1789083833.928526
7b3d258b-4a12-4f9d-af1c-ad1a3fc8344a,8ae24871-ac2e-4566-b164-d561f4f8967d,HUMAN,shown,trend_alert,up-streak,up-streak,2026-09-10T23:43:53.806Z,2026-09-10T23:43:53.932295+00:00,"{""client_ts"": ""2026-09-10T23:43:53.806Z"", ""element_id"": ""up-streak"", ""element_label"": ""up-streak"", ""element_type"": ""trend_alert"", ""event_name"": ""shown"", ""message"": ""Price went up 3 times in the last 5 ticks!"", ""trader_id"": ""8ae24871-ac2e-4566-b164-d561f4f8967d""}",1789083833.939295
7b3d258b-4a12-4f9d-af1c-ad1a3fc8344a,8ae24871-ac2e-4566-b164-d561f4f8967d,HUMAN,shown,badge_unlock,silver,Silver,2026-09-10T23:44:11.689Z,2026-09-10T23:44:11.789950+00:00,"{""client_ts"": ""2026-09-10T23:44:11.689Z"", ""element_id"": ""silver"", ""element_label"": ""Silver"", ""element_type"": ""badge_unlock"", ""event_name"": ""shown"", ""total_trades_threshold"": 15, ""trader_id"": ""8ae24871-ac2e-4566-b164-d561f4f8967d""}",1789083851.797069
7b3d258b-4a12-4f9d-af1c-ad1a3fc8344a,8ae24871-ac2e-4566-b164-d561f4f8967d,HUMAN,shown,badge_modal,silver,Silver,2026-09-10T23:44:11.689Z,2026-09-10T23:44:11.804579+00:00,"{""client_ts"": ""2026-09-10T23:44:11.689Z"", ""element_id"": ""silver"", ""element_label"": ""Silver"", ""element_type"": ""badge_modal"", ""event_name"": ""shown"", ""message"": ""You belong on the trading floor!"", ""total_trades"": 15, ""trader_id"": ""8ae24871-ac2e-4566-b164-d561f4f8967d""}",1789083851.811777
7b3d258b-4a12-4f9d-af1c-ad1a3fc8344a,8ae24871-ac2e-4566-b164-d561f4f8967d,HUMAN,shown,badge_gif,silver,Silver,2026-09-10T23:44:11.689Z,2026-09-10T23:44:11.822813+00:00,"{""client_ts"": ""2026-09-10T23:44:11.689Z"", ""element_id"": ""silver"", ""element_label"": ""Silver"", ""element_type"": ""badge_gif"", ""event_name"": ""shown"", ""gif"": ""/static/trader_bridge_app/vue/assets/silver.gif"", ""trader_id"": ""8ae24871-ac2e-4566-b164-d561f4f8967d""}",1789083851.834774
7b3d258b-4a12-4f9d-af1c-ad1a3fc8344a,37f1723e-8392-451b-9f82-b4b827848fc2,HUMAN,shown,trend_alert,up-streak,up-streak,2026-09-10T23:44:11.833Z,2026-09-10T23:44:11.884125+00:00,"{""client_ts"": ""2026-09-10T23:44:11.833Z"", ""element_id"": ""up-streak"", ""element_label"": ""up-streak"", ""element_type"": ""trend_alert"", ""event_name"": ""shown"", ""message"": ""Price went up 3 times in the last 5 ticks!"", ""trader_id"": ""37f1723e-8392-451b-9f82-b4b827848fc2""}",1789083851.902226
7b3d258b-4a12-4f9d-af1c-ad1a3fc8344a,aeb13d2b-7a22-4f18-9880-d6d104e91f2f,HUMAN,shown,trend_alert,up-streak,up-streak,2026-09-10T23:44:11.836Z,2026-09-10T23:44:11.906917+00:00,"{""client_ts"": ""2026-09-10T23:44:11.836Z"", ""element_id"": ""up-streak"", ""element_label"": ""up-streak"", ""element_type"": ""trend_alert"", ""event_name"": ""shown"", ""message"": ""Price went up 3 times in the last 5 ticks!"", ""trader_id"": ""aeb13d2b-7a22-4f18-9880-d6d104e91f2f""}",1789083851.914302
7b3d258b-4a12-4f9d-af1c-ad1a3fc8344a,a9323da3-2227-4386-aee6-f301e23076bc,HUMAN,shown,trend_alert,up-streak,up-streak,2026-09-10T23:44:11.840Z,2026-09-10T23:44:11.927133+00:00,"{""client_ts"": ""2026-09-10T23:44:11.840Z"", ""element_id"": ""up-streak"", ""element_label"": ""up-streak"", ""element_type"": ""trend_alert"", ""event_name"": ""shown"", ""message"": ""Price went up 3 times in the last 5 ticks!"", ""trader_id"": ""a9323da3-2227-4386-aee6-f301e23076bc""}",1789083851.940432
7b3d258b-4a12-4f9d-af1c-ad1a3fc8344a,bc951c28-c9e7-4d21-b631-b7153ded5747,HUMAN,shown,trend_alert,up-streak,up-streak,2026-09-10T23:44:11.821Z,2026-09-10T23:44:11.958025+00:00,"{""client_ts"": ""2026-09-10T23:44:11.821Z"", ""element_id"": ""up-streak"", ""element_label"": ""up-streak"", ""element_type"": ""trend_alert"", ""event_name"": ""shown"", ""message"": ""Price went up 3 times in the last 5 ticks!"", ""trader_id"": ""bc951c28-c9e7-4d21-b631-b7153ded5747""}",1789083851.966067
7b3d258b-4a12-4f9d-af1c-ad1a3fc8344a,8ae24871-ac2e-4566-b164-d561f4f8967d,HUMAN,shown,trend_alert,up-streak,up-streak,2026-09-10T23:44:11.824Z,2026-09-10T23:44:11.970673+00:00,"{""client_ts"": ""2026-09-10T23:44:11.824Z"", ""element_id"": ""up-streak"", ""element_label"": ""up-streak"", ""element_type"": ""trend_alert"", ""event_name"": ""shown"", ""message"": ""Price went up 3 times in the last 5 ticks!"", ""trader_id"": ""8ae24871-ac2e-4566-b164-d561f4f8967d""}",1789083851.980063
7b3d258b-4a12-4f9d-af1c-ad1a3fc8344a,762774e2-b466-4ce2-8abe-40516ad3a99a,HUMAN,shown,trend_alert,up-streak,up-streak,2026-09-10T23:44:11.826Z,2026-09-10T23:44:11.984064+00:00,"{""client_ts"": ""2026-09-10T23:44:11.826Z"", ""element_id"": ""up-streak"", ""element_label"": ""up-streak"", ""element_type"": ""trend_alert"", ""event_name"": ""shown"", ""message"": ""Price went up 3 times in the last 5 ticks!"", ""trader_id"": ""762774e2-b466-4ce2-8abe-40516ad3a99a""}",1789083852.032738
7b3d258b-4a12-4f9d-af1c-ad1a3fc8344a,aeb13d2b-7a22-4f18-9880-d6d104e91f2f,HUMAN,shown,badge_unlock,bronze,Bronze,2026-09-10T23:44:16.849Z,2026-09-10T23:44:16.923188+00:00,"{""client_ts"": ""2026-09-10T23:44:16.849Z"", ""element_id"": ""bronze"", ""element_label"": ""Bronze"", ""element_type"": ""badge_unlock"", ""event_name"": ""shown"", ""total_trades_threshold"": 10, ""trader_id"": ""aeb13d2b-7a22-4f18-9880-d6d104e91f2f""}",1789083856.931757
7b3d258b-4a12-4f9d-af1c-ad1a3fc8344a,aeb13d2b-7a22-4f18-9880-d6d104e91f2f,HUMAN,shown,badge_modal,bronze,Bronze,2026-09-10T23:44:16.849Z,2026-09-10T23:44:16.955164+00:00,"{""client_ts"": ""2026-09-10T23:44:16.849Z"", ""element_id"": ""bronze"", ""element_label"": ""Bronze"", ""element_type"": ""badge_modal"", ""event_name"": ""shown"", ""message"": ""Level up! Doing well"", ""total_trades"": 10, ""trader_id"": ""aeb13d2b-7a22-4f18-9880-d6d104e91f2f""}",1789083856.963675
7b3d258b-4a12-4f9d-af1c-ad1a3fc8344a,aeb13d2b-7a22-4f18-9880-d6d104e91f2f,HUMAN,shown,badge_gif,bronze,Bronze,2026-09-10T23:44:16.849Z,2026-09-10T23:44:16.972236+00:00,"{""client_ts"": ""2026-09-10T23:44:16.849Z"", ""element_id"": ""bronze"", ""element_label"": ""Bronze"", ""element_type"": ""badge_gif"", ""event_name"": ""shown"", ""gif"": ""/static/trader_bridge_app/vue/assets/bronze.gif"", ""trader_id"": ""aeb13d2b-7a22-4f18-9880-d6d104e91f2f""}",1789083856.981154
7b3d258b-4a12-4f9d-af1c-ad1a3fc8344a,37f1723e-8392-451b-9f82-b4b827848fc2,HUMAN,shown,badge_unlock,silver,Silver,2026-09-10T23:44:22.636Z,2026-09-10T23:44:22.719358+00:00,"{""client_ts"": ""2026-09-10T23:44:22.636Z"", ""element_id"": ""silver"", ""element_label"": ""Silver"", ""element_type"": ""badge_unlock"", ""event_name"": ""shown"", ""total_trades_threshold"": 15, ""trader_id"": ""37f1723e-8392-451b-9f82-b4b827848fc2""}",1789083862.726692
7b3d258b-4a12-4f9d-af1c-ad1a3fc8344a,762774e2-b466-4ce2-8abe-40516ad3a99a,HUMAN,shown,trend_alert,down-streak,down-streak,2026-09-10T23:44:22.648Z,2026-09-10T23:44:22.833314+00:00,"{""client_ts"": ""2026-09-10T23:44:22.648Z"", ""element_id"": ""down-streak"", ""element_label"": ""down-streak"", ""element_type"": ""trend_alert"", ""event_name"": ""shown"", ""message"": ""Price went down 3 times in the last 5 ticks!"", ""trader_id"": ""762774e2-b466-4ce2-8abe-40516ad3a99a""}",1789083862.842215
7b3d258b-4a12-4f9d-af1c-ad1a3fc8344a,aeb13d2b-7a22-4f18-9880-d6d104e91f2f,HUMAN,shown,trend_alert,down-streak,down-streak,2026-09-10T23:44:22.660Z,2026-09-10T23:44:22.845712+00:00,"{""client_ts"": ""2026-09-10T23:44:22.660Z"", ""element_id"": ""down-streak"", ""element_label"": ""down-streak"", ""element_type"": ""trend_alert"", ""event_name"": ""shown"", ""message"": ""Price went down 3 times in the last 5 ticks!"", ""trader_id"": ""aeb13d2b-7a22-4f18-9880-d6d104e91f2f""}",1789083862.854312
7b3d258b-4a12-4f9d-af1c-ad1a3fc8344a,37f1723e-8392-451b-9f82-b4b827848fc2,HUMAN,shown,badge_modal,silver,Silver,2026-09-10T23:44:22.636Z,2026-09-10T23:44:22.879849+00:00,"{""client_ts"": ""2026-09-10T23:44:22.636Z"", ""element_id"": ""silver"", ""element_label"": ""Silver"", ""element_type"": ""badge_modal"", ""event_name"": ""shown"", ""message"": ""You belong on the trading floor!"", ""total_trades"": 15, ""trader_id"": ""37f1723e-8392-451b-9f82-b4b827848fc2""}",1789083862.887789
7b3d258b-4a12-4f9d-af1c-ad1a3fc8344a,bc951c28-c9e7-4d21-b631-b7153ded5747,HUMAN,shown,trend_alert,down-streak,down-streak,2026-09-10T23:44:22.647Z,2026-09-10T23:44:22.891384+00:00,"{""client_ts"": ""2026-09-10T23:44:22.647Z"", ""element_id"": ""down-streak"", ""element_label"": ""down-streak"", ""element_type"": ""trend_alert"", ""event_name"": ""shown"", ""message"": ""Price went down 3 times in the last 5 ticks!"", ""trader_id"": ""bc951c28-c9e7-4d21-b631-b7153ded5747""}",1789083862.90325
7b3d258b-4a12-4f9d-af1c-ad1a3fc8344a,8ae24871-ac2e-4566-b164-d561f4f8967d,HUMAN,shown,trend_alert,down-streak,down-streak,2026-09-10T23:44:22.651Z,2026-09-10T23:44:22.906934+00:00,"{""client_ts"": ""2026-09-10T23:44:22.651Z"", ""element_id"": ""down-streak"", ""element_label"": ""down-streak"", ""element_type"": ""trend_alert"", ""event_name"": ""shown"", ""message"": ""Price went down 3 times in the last 5 ticks!"", ""trader_id"": ""8ae24871-ac2e-4566-b164-d561f4f8967d""}",1789083862.914524
7b3d258b-4a12-4f9d-af1c-ad1a3fc8344a,a9323da3-2227-4386-aee6-f301e23076bc,HUMAN,shown,trend_alert,down-streak,down-streak,2026-09-10T23:44:22.669Z,2026-09-10T23:44:22.922143+00:00,"{""client_ts"": ""2026-09-10T23:44:22.669Z"", ""element_id"": ""down-streak"", ""element_label"": ""down-streak"", ""element_type"": ""trend_alert"", ""event_name"": ""shown"", ""message"": ""Price went down 3 times in the last 5 ticks!"", ""trader_id"": ""a9323da3-2227-4386-aee6-f301e23076bc""}",1789083862.976418
7b3d258b-4a12-4f9d-af1c-ad1a3fc8344a,37f1723e-8392-451b-9f82-b4b827848fc2,HUMAN,shown,badge_gif,silver,Silver,2026-09-10T23:44:22.636Z,2026-09-10T23:44:23.051484+00:00,"{""client_ts"": ""2026-09-10T23:44:22.636Z"", ""element_id"": ""silver"", ""element_label"": ""Silver"", ""element_type"": ""badge_gif"", ""event_name"": ""shown"", ""gif"": ""/static/trader_bridge_app/vue/assets/silver.gif"", ""trader_id"": ""37f1723e-8392-451b-9f82-b4b827848fc2""}",1789083863.06595
7b3d258b-4a12-4f9d-af1c-ad1a3fc8344a,37f1723e-8392-451b-9f82-b4b827848fc2,HUMAN,shown,trend_alert,down-streak,down-streak,2026-09-10T23:44:22.666Z,2026-09-10T23:44:23.122090+00:00,"{""client_ts"": ""2026-09-10T23:44:22.666Z"", ""element_id"": ""down-streak"", ""element_label"": ""down-streak"", ""element_type"": ""trend_alert"", ""event_name"": ""shown"", ""message"": ""Price went down 3 times in the last 5 ticks!"", ""trader_id"": ""37f1723e-8392-451b-9f82-b4b827848fc2""}",1789083863.130793
7b3d258b-4a12-4f9d-af1c-ad1a3fc8344a,762774e2-b466-4ce2-8abe-40516ad3a99a,HUMAN,shown,badge_unlock,silver,Silver,2026-09-10T23:44:24.194Z,2026-09-10T23:44:24.275781+00:00,"{""client_ts"": ""2026-09-10T23:44:24.194Z"", ""element_id"": ""silver"", ""element_label"": ""Silver"", ""element_type"": ""badge_unlock"", ""event_name"": ""shown"", ""total_trades_threshold"": 15, ""trader_id"": ""762774e2-b466-4ce2-8abe-40516ad3a99a""}",1789083864.283484
7b3d258b-4a12-4f9d-af1c-ad1a3fc8344a,762774e2-b466-4ce2-8abe-40516ad3a99a,HUMAN,shown,badge_modal,silver,Silver,2026-09-10T23:44:24.195Z,2026-09-10T23:44:24.293249+00:00,"{""client_ts"": ""2026-09-10T23:44:24.195Z"", ""element_id"": ""silver"", ""element_label"": ""Silver"", ""element_type"": ""badge_modal"", ""event_name"": ""shown"", ""message"": ""You belong on the trading floor!"", ""total_trades"": 15, ""trader_id"": ""762774e2-b466-4ce2-8abe-40516ad3a99a""}",1789083864.300675
7b3d258b-4a12-4f9d-af1c-ad1a3fc8344a,762774e2-b466-4ce2-8abe-40516ad3a99a,HUMAN,shown,badge_gif,silver,Silver,2026-09-10T23:44:24.195Z,2026-09-10T23:44:24.307599+00:00,"{""client_ts"": ""2026-09-10T23:44:24.195Z"", ""element_id"": ""silver"", ""element_label"": ""Silver"", ""element_type"": ""badge_gif"", ""event_name"": ""shown"", ""gif"": ""/static/trader_bridge_app/vue/assets/silver.gif"", ""trader_id"": ""762774e2-b466-4ce2-8abe-40516ad3a99a""}",1789083864.315289
569e552c-bdc3-4225-9eac-8a5a85e95d21,2184bbcc-e8b9-4c8e-9d7b-c8bdee118476,HUMAN,shown,badge_unlock,platinum,Platinum,2026-09-10T23:44:28.057Z,2026-09-10T23:44:28.167298+00:00,"{""client_ts"": ""2026-09-10T23:44:28.057Z"", ""element_id"": ""platinum"", ""element_label"": ""Platinum"", ""element_type"": ""badge_unlock"", ""event_name"": ""shown"", ""total_trades_threshold"": 50, ""trader_id"": ""2184bbcc-e8b9-4c8e-9d7b-c8bdee118476""}",1789083868.177703
569e552c-bdc3-4225-9eac-8a5a85e95d21,2184bbcc-e8b9-4c8e-9d7b-c8bdee118476,HUMAN,shown,badge_modal,platinum,Platinum,2026-09-10T23:44:28.058Z,2026-09-10T23:44:28.199743+00:00,"{""client_ts"": ""2026-09-10T23:44:28.058Z"", ""element_id"": ""platinum"", ""element_label"": ""Platinum"", ""element_type"": ""badge_modal"", ""event_name"": ""shown"", ""message"": ""You are definitely going places!"", ""total_trades"": 50, ""trader_id"": ""2184bbcc-e8b9-4c8e-9d7b-c8bdee118476""}",1789083868.207604
569e552c-bdc3-4225-9eac-8a5a85e95d21,2184bbcc-e8b9-4c8e-9d7b-c8bdee118476,HUMAN,shown,badge_gif,platinum,Platinum,2026-09-10T23:44:28.058Z,2026-09-10T23:44:28.276666+00:00,"{""client_ts"": ""2026-09-10T23:44:28.058Z"", ""element_id"": ""platinum"", ""element_label"": ""Platinum"", ""element_type"": ""badge_gif"", ""event_name"": ""shown"", ""gif"": ""/static/trader_bridge_app/vue/assets/platinum.gif"", ""trader_id"": ""2184bbcc-e8b9-4c8e-9d7b-c8bdee118476""}",1789083868.284833
569e552c-bdc3-4225-9eac-8a5a85e95d21,6d5d9acb-8d79-4edf-a68c-cfb2dc35b92a,HUMAN,shown,badge_unlock,gold,Gold,2026-09-10T23:44:52.861Z,2026-09-10T23:44:52.918069+00:00,"{""client_ts"": ""2026-09-10T23:44:52.861Z"", ""element_id"": ""gold"", ""element_label"": ""Gold"", ""element_type"": ""badge_unlock"", ""event_name"": ""shown"", ""total_trades_threshold"": 35, ""trader_id"": ""6d5d9acb-8d79-4edf-a68c-cfb2dc35b92a""}",1789083892.925905
569e552c-bdc3-4225-9eac-8a5a85e95d21,6d5d9acb-8d79-4edf-a68c-cfb2dc35b92a,HUMAN,shown,badge_modal,gold,Gold,2026-09-10T23:44:52.862Z,2026-09-10T23:44:52.933865+00:00,"{""client_ts"": ""2026-09-10T23:44:52.862Z"", ""element_id"": ""gold"", ""element_label"": ""Gold"", ""element_type"": ""badge_modal"", ""event_name"": ""shown"", ""message"": ""You are the money maker!"", ""total_trades"": 35, ""trader_id"": ""6d5d9acb-8d79-4edf-a68c-cfb2dc35b92a""}",1789083892.94109
569e552c-bdc3-4225-9eac-8a5a85e95d21,6d5d9acb-8d79-4edf-a68c-cfb2dc35b92a,HUMAN,shown,badge_gif,gold,Gold,2026-09-10T23:44:52.862Z,2026-09-10T23:44:52.945476+00:00,"{""client_ts"": ""2026-09-10T23:44:52.862Z"", ""element_id"": ""gold"", ""element_label"": ""Gold"", ""element_type"": ""badge_gif"", ""event_name"": ""shown"", ""gif"": ""/static/trader_bridge_app/vue/assets/gold.gif"", ""trader_id"": ""6d5d9acb-8d79-4edf-a68c-cfb2dc35b92a""}",1789083892.952385
7b3d258b-4a12-4f9d-af1c-ad1a3fc8344a,aeb13d2b-7a22-4f18-9880-d6d104e91f2f,HUMAN,shown,badge_unlock,silver,Silver,2026-09-10T23:45:10.337Z,2026-09-10T23:45:10.392206+00:00,"{""client_ts"": ""2026-09-10T23:45:10.337Z"", ""element_id"": ""silver"", ""element_label"": ""Silver"", ""element_type"": ""badge_unlock"", ""event_name"": ""shown"", ""total_trades_threshold"": 15, ""trader_id"": ""aeb13d2b-7a22-4f18-9880-d6d104e91f2f""}",1789083910.400585
7b3d258b-4a12-4f9d-af1c-ad1a3fc8344a,aeb13d2b-7a22-4f18-9880-d6d104e91f2f,HUMAN,shown,badge_modal,silver,Silver,2026-09-10T23:45:10.337Z,2026-09-10T23:45:10.409323+00:00,"{""client_ts"": ""2026-09-10T23:45:10.337Z"", ""element_id"": ""silver"", ""element_label"": ""Silver"", ""element_type"": ""badge_modal"", ""event_name"": ""shown"", ""message"": ""You belong on the trading floor!"", ""total_trades"": 15, ""trader_id"": ""aeb13d2b-7a22-4f18-9880-d6d104e91f2f""}",1789083910.417539
7b3d258b-4a12-4f9d-af1c-ad1a3fc8344a,762774e2-b466-4ce2-8abe-40516ad3a99a,HUMAN,shown,trend_alert,up-streak,up-streak,2026-09-10T23:45:10.356Z,2026-09-10T23:45:10.424458+00:00,"{""client_ts"": ""2026-09-10T23:45:10.356Z"", ""element_id"": ""up-streak"", ""element_label"": ""up-streak"", ""element_type"": ""trend_alert"", ""event_name"": ""shown"", ""message"": ""Price went up 3 times in the last 5 ticks!"", ""trader_id"": ""762774e2-b466-4ce2-8abe-40516ad3a99a""}",1789083910.431982
7b3d258b-4a12-4f9d-af1c-ad1a3fc8344a,aeb13d2b-7a22-4f18-9880-d6d104e91f2f,HUMAN,shown,badge_gif,silver,Silver,2026-09-10T23:45:10.337Z,2026-09-10T23:45:10.437215+00:00,"{""client_ts"": ""2026-09-10T23:45:10.337Z"", ""element_id"": ""silver"", ""element_label"": ""Silver"", ""element_type"": ""badge_gif"", ""event_name"": ""shown"", ""gif"": ""/static/trader_bridge_app/vue/assets/silver.gif"", ""trader_id"": ""aeb13d2b-7a22-4f18-9880-d6d104e91f2f""}",1789083910.444767
7b3d258b-4a12-4f9d-af1c-ad1a3fc8344a,37f1723e-8392-451b-9f82-b4b827848fc2,HUMAN,shown,trend_alert,up-streak,up-streak,2026-09-10T23:45:10.365Z,2026-09-10T23:45:10.448575+00:00,"{""client_ts"": ""2026-09-10T23:45:10.365Z"", ""element_id"": ""up-streak"", ""element_label"": ""up-streak"", ""element_type"": ""trend_alert"", ""event_name"": ""shown"", ""message"": ""Price went up 3 times in the last 5 ticks!"", ""trader_id"": ""37f1723e-8392-451b-9f82-b4b827848fc2""}",1789083910.456162
7b3d258b-4a12-4f9d-af1c-ad1a3fc8344a,8ae24871-ac2e-4566-b164-d561f4f8967d,HUMAN,shown,trend_alert,up-streak,up-streak,2026-09-10T23:45:10.353Z,2026-09-10T23:45:10.460984+00:00,"{""client_ts"": ""2026-09-10T23:45:10.353Z"", ""element_id"": ""up-streak"", ""element_label"": ""up-streak"", ""element_type"": ""trend_alert"", ""event_name"": ""shown"", ""message"": ""Price went up 3 times in the last 5 ticks!"", ""trader_id"": ""8ae24871-ac2e-4566-b164-d561f4f8967d""}",1789083910.471239
7b3d258b-4a12-4f9d-af1c-ad1a3fc8344a,aeb13d2b-7a22-4f18-9880-d6d104e91f2f,HUMAN,shown,trend_alert,up-streak,up-streak,2026-09-10T23:45:10.373Z,2026-09-10T23:45:10.475930+00:00,"{""client_ts"": ""2026-09-10T23:45:10.373Z"", ""element_id"": ""up-streak"", ""element_label"": ""up-streak"", ""element_type"": ""trend_alert"", ""event_name"": ""shown"", ""message"": ""Price went up 3 times in the last 5 ticks!"", ""trader_id"": ""aeb13d2b-7a22-4f18-9880-d6d104e91f2f""}",1789083910.485493
a229ad47-38df-424f-9e8c-29015afe999a,129f53ed-1688-44c0-b8a7-dba126a8d4a4,HUMAN,shown,badge_unlock,bronze,Bronze,2026-09-10T23:45:12.942Z,2026-09-10T23:45:13.218390+00:00,"{""client_ts"": ""2026-09-10T23:45:12.942Z"", ""element_id"": ""bronze"", ""element_label"": ""Bronze"", ""element_type"": ""badge_unlock"", ""event_name"": ""shown"", ""total_trades_threshold"": 10, ""trader_id"": ""129f53ed-1688-44c0-b8a7-dba126a8d4a4""}",1789083913.225696
a229ad47-38df-424f-9e8c-29015afe999a,129f53ed-1688-44c0-b8a7-dba126a8d4a4,HUMAN,shown,badge_modal,bronze,Bronze,2026-09-10T23:45:12.942Z,2026-09-10T23:45:13.231279+00:00,"{""client_ts"": ""2026-09-10T23:45:12.942Z"", ""element_id"": ""bronze"", ""element_label"": ""Bronze"", ""element_type"": ""badge_modal"", ""event_name"": ""shown"", ""message"": ""Level up! Doing well"", ""total_trades"": 10, ""trader_id"": ""129f53ed-1688-44c0-b8a7-dba126a8d4a4""}",1789083913.238587
a229ad47-38df-424f-9e8c-29015afe999a,129f53ed-1688-44c0-b8a7-dba126a8d4a4,HUMAN,shown,badge_gif,bronze,Bronze,2026-09-10T23:45:12.942Z,2026-09-10T23:45:13.269197+00:00,"{""client_ts"": ""2026-09-10T23:45:12.942Z"", ""element_id"": ""bronze"", ""element_label"": ""Bronze"", ""element_type"": ""badge_gif"", ""event_name"": ""shown"", ""gif"": ""/static/trader_bridge_app/vue/assets/bronze.gif"", ""trader_id"": ""129f53ed-1688-44c0-b8a7-dba126a8d4a4""}",1789083913.276346
a229ad47-38df-424f-9e8c-29015afe999a,1d56126f-bf8f-4436-825b-271721e7a05c,HUMAN,shown,trend_alert,up-streak,up-streak,2026-09-10T23:45:13.272Z,2026-09-10T23:45:13.367488+00:00,"{""client_ts"": ""2026-09-10T23:45:13.272Z"", ""element_id"": ""up-streak"", ""element_label"": ""up-streak"", ""element_type"": ""trend_alert"", ""event_name"": ""shown"", ""message"": ""Price went up 3 times in the last 5 ticks!"", ""trader_id"": ""1d56126f-bf8f-4436-825b-271721e7a05c""}",1789083913.375266
a229ad47-38df-424f-9e8c-29015afe999a,e8a6c6d7-29da-426c-99b9-c05a6136d710,HUMAN,shown,trend_alert,up-streak,up-streak,2026-09-10T23:45:13.286Z,2026-09-10T23:45:13.385071+00:00,"{""client_ts"": ""2026-09-10T23:45:13.286Z"", ""element_id"": ""up-streak"", ""element_label"": ""up-streak"", ""element_type"": ""trend_alert"", ""event_name"": ""shown"", ""message"": ""Price went up 3 times in the last 5 ticks!"", ""trader_id"": ""e8a6c6d7-29da-426c-99b9-c05a6136d710""}",1789083913.392497
a229ad47-38df-424f-9e8c-29015afe999a,52bbd479-e5b6-47d7-a659-699d45d00809,HUMAN,shown,trend_alert,up-streak,up-streak,2026-09-10T23:45:13.307Z,2026-09-10T23:45:13.397074+00:00,"{""client_ts"": ""2026-09-10T23:45:13.307Z"", ""element_id"": ""up-streak"", ""element_label"": ""up-streak"", ""element_type"": ""trend_alert"", ""event_name"": ""shown"", ""message"": ""Price went up 3 times in the last 5 ticks!"", ""trader_id"": ""52bbd479-e5b6-47d7-a659-699d45d00809""}",1789083913.40574
a229ad47-38df-424f-9e8c-29015afe999a,71aadda4-b0cf-4134-8d29-b96bf237f6fa,HUMAN,shown,trend_alert,up-streak,up-streak,2026-09-10T23:45:13.311Z,2026-09-10T23:45:13.409162+00:00,"{""client_ts"": ""2026-09-10T23:45:13.311Z"", ""element_id"": ""up-streak"", ""element_label"": ""up-streak"", ""element_type"": ""trend_alert"", ""event_name"": ""shown"", ""message"": ""Price went up 3 times in the last 5 ticks!"", ""trader_id"": ""71aadda4-b0cf-4134-8d29-b96bf237f6fa""}",1789083913.416095
a229ad47-38df-424f-9e8c-29015afe999a,573ef7bc-96a2-4198-8a8a-064ae31d5563,HUMAN,shown,trend_alert,up-streak,up-streak,2026-09-10T23:45:13.319Z,2026-09-10T23:45:13.419770+00:00,"{""client_ts"": ""2026-09-10T23:45:13.319Z"", ""element_id"": ""up-streak"", ""element_label"": ""up-streak"", ""element_type"": ""trend_alert"", ""event_name"": ""shown"", ""message"": ""Price went up 3 times in the last 5 ticks!"", ""trader_id"": ""573ef7bc-96a2-4198-8a8a-064ae31d5563""}",1789083913.427209
a229ad47-38df-424f-9e8c-29015afe999a,129f53ed-1688-44c0-b8a7-dba126a8d4a4,HUMAN,shown,trend_alert,up-streak,up-streak,2026-09-10T23:45:13.316Z,2026-09-10T23:45:13.431141+00:00,"{""client_ts"": ""2026-09-10T23:45:13.316Z"", ""element_id"": ""up-streak"", ""element_label"": ""up-streak"", ""element_type"": ""trend_alert"", ""event_name"": ""shown"", ""message"": ""Price went up 3 times in the last 5 ticks!"", ""trader_id"": ""129f53ed-1688-44c0-b8a7-dba126a8d4a4""}",1789083913.438277
7b3d258b-4a12-4f9d-af1c-ad1a3fc8344a,762774e2-b466-4ce2-8abe-40516ad3a99a,HUMAN,shown,trend_alert,down-streak,down-streak,2026-09-10T23:45:24.943Z,2026-09-10T23:45:25.008029+00:00,"{""client_ts"": ""2026-09-10T23:45:24.943Z"", ""element_id"": ""down-streak"", ""element_label"": ""down-streak"", ""element_type"": ""trend_alert"", ""event_name"": ""shown"", ""message"": ""Price went down 3 times in the last 5 ticks!"", ""trader_id"": ""762774e2-b466-4ce2-8abe-40516ad3a99a""}",1789083925.016
7b3d258b-4a12-4f9d-af1c-ad1a3fc8344a,8ae24871-ac2e-4566-b164-d561f4f8967d,HUMAN,shown,trend_alert,down-streak,down-streak,2026-09-10T23:45:24.938Z,2026-09-10T23:45:25.020567+00:00,"{""client_ts"": ""2026-09-10T23:45:24.938Z"", ""element_id"": ""down-streak"", ""element_label"": ""down-streak"", ""element_type"": ""trend_alert"", ""event_name"": ""shown"", ""message"": ""Price went down 3 times in the last 5 ticks!"", ""trader_id"": ""8ae24871-ac2e-4566-b164-d561f4f8967d""}",1789083925.0314
7b3d258b-4a12-4f9d-af1c-ad1a3fc8344a,bc951c28-c9e7-4d21-b631-b7153ded5747,HUMAN,shown,trend_alert,down-streak,down-streak,2026-09-10T23:45:24.934Z,2026-09-10T23:45:25.035157+00:00,"{""client_ts"": ""2026-09-10T23:45:24.934Z"", ""element_id"": ""down-streak"", ""element_label"": ""down-streak"", ""element_type"": ""trend_alert"", ""event_name"": ""shown"", ""message"": ""Price went down 3 times in the last 5 ticks!"", ""trader_id"": ""bc951c28-c9e7-4d21-b631-b7153ded5747""}",1789083925.043233
7b3d258b-4a12-4f9d-af1c-ad1a3fc8344a,37f1723e-8392-451b-9f82-b4b827848fc2,HUMAN,shown,trend_alert,down-streak,down-streak,2026-09-10T23:45:24.951Z,2026-09-10T23:45:25.047946+00:00,"{""client_ts"": ""2026-09-10T23:45:24.951Z"", ""element_id"": ""down-streak"", ""element_label"": ""down-streak"", ""element_type"": ""trend_alert"", ""event_name"": ""shown"", ""message"": ""Price went down 3 times in the last 5 ticks!"", ""trader_id"": ""37f1723e-8392-451b-9f82-b4b827848fc2""}",1789083925.056035
7b3d258b-4a12-4f9d-af1c-ad1a3fc8344a,aeb13d2b-7a22-4f18-9880-d6d104e91f2f,HUMAN,shown,trend_alert,down-streak,down-streak,2026-09-10T23:45:24.951Z,2026-09-10T23:45:25.059683+00:00,"{""client_ts"": ""2026-09-10T23:45:24.951Z"", ""element_id"": ""down-streak"", ""element_label"": ""down-streak"", ""element_type"": ""trend_alert"", ""event_name"": ""shown"", ""message"": ""Price went down 3 times in the last 5 ticks!"", ""trader_id"": ""aeb13d2b-7a22-4f18-9880-d6d104e91f2f""}",1789083925.066455
a229ad47-38df-424f-9e8c-29015afe999a,573ef7bc-96a2-4198-8a8a-064ae31d5563,HUMAN,shown,badge_unlock,silver,Silver,2026-09-10T23:45:43.891Z,2026-09-10T23:45:43.952186+00:00,"{""client_ts"": ""2026-09-10T23:45:43.891Z"", ""element_id"": ""silver"", ""element_label"": ""Silver"", ""element_type"": ""badge_unlock"", ""event_name"": ""shown"", ""total_trades_threshold"": 15, ""trader_id"": ""573ef7bc-96a2-4198-8a8a-064ae31d5563""}",1789083943.964509
a229ad47-38df-424f-9e8c-29015afe999a,573ef7bc-96a2-4198-8a8a-064ae31d5563,HUMAN,shown,badge_modal,silver,Silver,2026-09-10T23:45:43.891Z,2026-09-10T23:45:43.969248+00:00,"{""client_ts"": ""2026-09-10T23:45:43.891Z"", ""element_id"": ""silver"", ""element_label"": ""Silver"", ""element_type"": ""badge_modal"", ""event_name"": ""shown"", ""message"": ""You belong on the trading floor!"", ""total_trades"": 15, ""trader_id"": ""573ef7bc-96a2-4198-8a8a-064ae31d5563""}",1789083943.978454
a229ad47-38df-424f-9e8c-29015afe999a,573ef7bc-96a2-4198-8a8a-064ae31d5563,HUMAN,shown,badge_gif,silver,Silver,2026-09-10T23:45:43.891Z,2026-09-10T23:45:43.988244+00:00,"{""client_ts"": ""2026-09-10T23:45:43.891Z"", ""element_id"": ""silver"", ""element_label"": ""Silver"", ""element_type"": ""badge_gif"", ""event_name"": ""shown"", ""gif"": ""/static/trader_bridge_app/vue/assets/silver.gif"", ""trader_id"": ""573ef7bc-96a2-4198-8a8a-064ae31d5563""}",1789083944.001534
569e552c-bdc3-4225-9eac-8a5a85e95d21,0ede43b0-2226-437e-a4d6-d3fac6ea7df8,HUMAN,shown,badge_unlock,bronze,Bronze,2026-09-10T23:45:57.337Z,2026-09-10T23:45:57.406380+00:00,"{""client_ts"": ""2026-09-10T23:45:57.337Z"", ""element_id"": ""bronze"", ""element_label"": ""Bronze"", ""element_type"": ""badge_unlock"", ""event_name"": ""shown"", ""total_trades_threshold"": 10, ""trader_id"": ""0ede43b0-2226-437e-a4d6-d3fac6ea7df8""}",1789083957.414129
569e552c-bdc3-4225-9eac-8a5a85e95d21,0ede43b0-2226-437e-a4d6-d3fac6ea7df8,HUMAN,shown,badge_modal,bronze,Bronze,2026-09-10T23:45:57.338Z,2026-09-10T23:45:57.418933+00:00,"{""client_ts"": ""2026-09-10T23:45:57.338Z"", ""element_id"": ""bronze"", ""element_label"": ""Bronze"", ""element_type"": ""badge_modal"", ""event_name"": ""shown"", ""message"": ""Level up! Doing well"", ""total_trades"": 10, ""trader_id"": ""0ede43b0-2226-437e-a4d6-d3fac6ea7df8""}",1789083957.426455
569e552c-bdc3-4225-9eac-8a5a85e95d21,0ede43b0-2226-437e-a4d6-d3fac6ea7df8,HUMAN,shown,badge_gif,bronze,Bronze,2026-09-10T23:45:57.338Z,2026-09-10T23:45:57.434343+00:00,"{""client_ts"": ""2026-09-10T23:45:57.338Z"", ""element_id"": ""bronze"", ""element_label"": ""Bronze"", ""element_type"": ""badge_gif"", ""event_name"": ""shown"", ""gif"": ""/static/trader_bridge_app/vue/assets/bronze.gif"", ""trader_id"": ""0ede43b0-2226-437e-a4d6-d3fac6ea7df8""}",1789083957.442016
7b3d258b-4a12-4f9d-af1c-ad1a3fc8344a,762774e2-b466-4ce2-8abe-40516ad3a99a,HUMAN,shown,trend_alert,up-streak,up-streak,2026-09-10T23:46:44.350Z,2026-09-10T23:46:44.396273+00:00,"{""client_ts"": ""2026-09-10T23:46:44.350Z"", ""element_id"": ""up-streak"", ""element_label"": ""up-streak"", ""element_type"": ""trend_alert"", ""event_name"": ""shown"", ""message"": ""Price went up 3 times in the last 5 ticks!"", ""trader_id"": ""762774e2-b466-4ce2-8abe-40516ad3a99a""}",1789084004.403952
7b3d258b-4a12-4f9d-af1c-ad1a3fc8344a,37f1723e-8392-451b-9f82-b4b827848fc2,HUMAN,shown,trend_alert,up-streak,up-streak,2026-09-10T23:46:44.348Z,2026-09-10T23:46:44.409021+00:00,"{""client_ts"": ""2026-09-10T23:46:44.348Z"", ""element_id"": ""up-streak"", ""element_label"": ""up-streak"", ""element_type"": ""trend_alert"", ""event_name"": ""shown"", ""message"": ""Price went up 3 times in the last 5 ticks!"", ""trader_id"": ""37f1723e-8392-451b-9f82-b4b827848fc2""}",1789084004.415801
7b3d258b-4a12-4f9d-af1c-ad1a3fc8344a,aeb13d2b-7a22-4f18-9880-d6d104e91f2f,HUMAN,shown,trend_alert,up-streak,up-streak,2026-09-10T23:46:44.346Z,2026-09-10T23:46:44.419414+00:00,"{""client_ts"": ""2026-09-10T23:46:44.346Z"", ""element_id"": ""up-streak"", ""element_label"": ""up-streak"", ""element_type"": ""trend_alert"", ""event_name"": ""shown"", ""message"": ""Price went up 3 times in the last 5 ticks!"", ""trader_id"": ""aeb13d2b-7a22-4f18-9880-d6d104e91f2f""}",1789084004.426284
7b3d258b-4a12-4f9d-af1c-ad1a3fc8344a,8ae24871-ac2e-4566-b164-d561f4f8967d,HUMAN,shown,trend_alert,up-streak,up-streak,2026-09-10T23:46:44.334Z,2026-09-10T23:46:44.429886+00:00,"{""client_ts"": ""2026-09-10T23:46:44.334Z"", ""element_id"": ""up-streak"", ""element_label"": ""up-streak"", ""element_type"": ""trend_alert"", ""event_name"": ""shown"", ""message"": ""Price went up 3 times in the last 5 ticks!"", ""trader_id"": ""8ae24871-ac2e-4566-b164-d561f4f8967d""}",1789084004.436683
7b3d258b-4a12-4f9d-af1c-ad1a3fc8344a,a9323da3-2227-4386-aee6-f301e23076bc,HUMAN,shown,trend_alert,up-streak,up-streak,2026-09-10T23:46:44.351Z,2026-09-10T23:46:44.440467+00:00,"{""client_ts"": ""2026-09-10T23:46:44.351Z"", ""element_id"": ""up-streak"", ""element_label"": ""up-streak"", ""element_type"": ""trend_alert"", ""event_name"": ""shown"", ""message"": ""Price went up 3 times in the last 5 ticks!"", ""trader_id"": ""a9323da3-2227-4386-aee6-f301e23076bc""}",1789084004.447454
a229ad47-38df-424f-9e8c-29015afe999a,129f53ed-1688-44c0-b8a7-dba126a8d4a4,HUMAN,shown,badge_unlock,silver,Silver,2026-09-10T23:46:52.036Z,2026-09-10T23:46:52.283789+00:00,"{""client_ts"": ""2026-09-10T23:46:52.036Z"", ""element_id"": ""silver"", ""element_label"": ""Silver"", ""element_type"": ""badge_unlock"", ""event_name"": ""shown"", ""total_trades_threshold"": 15, ""trader_id"": ""129f53ed-1688-44c0-b8a7-dba126a8d4a4""}",1789084012.294837
a229ad47-38df-424f-9e8c-29015afe999a,129f53ed-1688-44c0-b8a7-dba126a8d4a4,HUMAN,shown,badge_modal,silver,Silver,2026-09-10T23:46:52.036Z,2026-09-10T23:46:52.333592+00:00,"{""client_ts"": ""2026-09-10T23:46:52.036Z"", ""element_id"": ""silver"", ""element_label"": ""Silver"", ""element_type"": ""badge_modal"", ""event_name"": ""shown"", ""message"": ""You belong on the trading floor!"", ""total_trades"": 15, ""trader_id"": ""129f53ed-1688-44c0-b8a7-dba126a8d4a4""}",1789084012.344858
a229ad47-38df-424f-9e8c-29015afe999a,129f53ed-1688-44c0-b8a7-dba126a8d4a4,HUMAN,shown,badge_gif,silver,Silver,2026-09-10T23:46:52.036Z,2026-09-10T23:46:52.386530+00:00,"{""client_ts"": ""2026-09-10T23:46:52.036Z"", ""element_id"": ""silver"", ""element_label"": ""Silver"", ""element_type"": ""badge_gif"", ""event_name"": ""shown"", ""gif"": ""/static/trader_bridge_app/vue/assets/silver.gif"", ""trader_id"": ""129f53ed-1688-44c0-b8a7-dba126a8d4a4""}",1789084012.426839
7b3d258b-4a12-4f9d-af1c-ad1a3fc8344a,bc951c28-c9e7-4d21-b631-b7153ded5747,HUMAN,shown,badge_unlock,bronze,Bronze,2026-09-10T23:46:53.695Z,2026-09-10T23:46:53.751560+00:00,"{""client_ts"": ""2026-09-10T23:46:53.695Z"", ""element_id"": ""bronze"", ""element_label"": ""Bronze"", ""element_type"": ""badge_unlock"", ""event_name"": ""shown"", ""total_trades_threshold"": 10, ""trader_id"": ""bc951c28-c9e7-4d21-b631-b7153ded5747""}",1789084013.759769
7b3d258b-4a12-4f9d-af1c-ad1a3fc8344a,bc951c28-c9e7-4d21-b631-b7153ded5747,HUMAN,shown,badge_modal,bronze,Bronze,2026-09-10T23:46:53.695Z,2026-09-10T23:46:53.767219+00:00,"{""client_ts"": ""2026-09-10T23:46:53.695Z"", ""element_id"": ""bronze"", ""element_label"": ""Bronze"", ""element_type"": ""badge_modal"", ""event_name"": ""shown"", ""message"": ""Level up! Doing well"", ""total_trades"": 10, ""trader_id"": ""bc951c28-c9e7-4d21-b631-b7153ded5747""}",1789084013.775608
7b3d258b-4a12-4f9d-af1c-ad1a3fc8344a,bc951c28-c9e7-4d21-b631-b7153ded5747,HUMAN,shown,badge_gif,bronze,Bronze,2026-09-10T23:46:53.695Z,2026-09-10T23:46:53.784242+00:00,"{""client_ts"": ""2026-09-10T23:46:53.695Z"", ""element_id"": ""bronze"", ""element_label"": ""Bronze"", ""element_type"": ""badge_gif"", ""event_name"": ""shown"", ""gif"": ""/static/trader_bridge_app/vue/assets/bronze.gif"", ""trader_id"": ""bc951c28-c9e7-4d21-b631-b7153ded5747""}",1789084013.791806
7b3d258b-4a12-4f9d-af1c-ad1a3fc8344a,a9323da3-2227-4386-aee6-f301e23076bc,HUMAN,shown,trend_alert,down-streak,down-streak,2026-09-10T23:46:55.831Z,2026-09-10T23:46:55.877709+00:00,"{""client_ts"": ""2026-09-10T23:46:55.831Z"", ""element_id"": ""down-streak"", ""element_label"": ""down-streak"", ""element_type"": ""trend_alert"", ""event_name"": ""shown"", ""message"": ""Price went down 3 times in the last 5 ticks!"", ""trader_id"": ""a9323da3-2227-4386-aee6-f301e23076bc""}",1789084015.885347
7b3d258b-4a12-4f9d-af1c-ad1a3fc8344a,762774e2-b466-4ce2-8abe-40516ad3a99a,HUMAN,shown,trend_alert,down-streak,down-streak,2026-09-10T23:46:55.832Z,2026-09-10T23:46:55.890262+00:00,"{""client_ts"": ""2026-09-10T23:46:55.832Z"", ""element_id"": ""down-streak"", ""element_label"": ""down-streak"", ""element_type"": ""trend_alert"", ""event_name"": ""shown"", ""message"": ""Price went down 3 times in the last 5 ticks!"", ""trader_id"": ""762774e2-b466-4ce2-8abe-40516ad3a99a""}",1789084015.897877
7b3d258b-4a12-4f9d-af1c-ad1a3fc8344a,37f1723e-8392-451b-9f82-b4b827848fc2,HUMAN,shown,trend_alert,down-streak,down-streak,2026-09-10T23:46:55.832Z,2026-09-10T23:46:55.904555+00:00,"{""client_ts"": ""2026-09-10T23:46:55.832Z"", ""element_id"": ""down-streak"", ""element_label"": ""down-streak"", ""element_type"": ""trend_alert"", ""event_name"": ""shown"", ""message"": ""Price went down 3 times in the last 5 ticks!"", ""trader_id"": ""37f1723e-8392-451b-9f82-b4b827848fc2""}",1789084015.91383
7b3d258b-4a12-4f9d-af1c-ad1a3fc8344a,aeb13d2b-7a22-4f18-9880-d6d104e91f2f,HUMAN,shown,trend_alert,down-streak,down-streak,2026-09-10T23:46:55.829Z,2026-09-10T23:46:55.917480+00:00,"{""client_ts"": ""2026-09-10T23:46:55.829Z"", ""element_id"": ""down-streak"", ""element_label"": ""down-streak"", ""element_type"": ""trend_alert"", ""event_name"": ""shown"", ""message"": ""Price went down 3 times in the last 5 ticks!"", ""trader_id"": ""aeb13d2b-7a22-4f18-9880-d6d104e91f2f""}",1789084015.929064
7b3d258b-4a12-4f9d-af1c-ad1a3fc8344a,8ae24871-ac2e-4566-b164-d561f4f8967d,HUMAN,shown,trend_alert,down-streak,down-streak,2026-09-10T23:46:55.818Z,2026-09-10T23:46:55.933573+00:00,"{""client_ts"": ""2026-09-10T23:46:55.818Z"", ""element_id"": ""down-streak"", ""element_label"": ""down-streak"", ""element_type"": ""trend_alert"", ""event_name"": ""shown"", ""message"": ""Price went down 3 times in the last 5 ticks!"", ""trader_id"": ""8ae24871-ac2e-4566-b164-d561f4f8967d""}",1789084015.940568
7b3d258b-4a12-4f9d-af1c-ad1a3fc8344a,bc951c28-c9e7-4d21-b631-b7153ded5747,HUMAN,shown,trend_alert,down-streak,down-streak,2026-09-10T23:46:55.827Z,2026-09-10T23:46:55.944233+00:00,"{""client_ts"": ""2026-09-10T23:46:55.827Z"", ""element_id"": ""down-streak"", ""element_label"": ""down-streak"", ""element_type"": ""trend_alert"", ""event_name"": ""shown"", ""message"": ""Price went down 3 times in the last 5 ticks!"", ""trader_id"": ""bc951c28-c9e7-4d21-b631-b7153ded5747""}",1789084015.950717
7b3d258b-4a12-4f9d-af1c-ad1a3fc8344a,aeb13d2b-7a22-4f18-9880-d6d104e91f2f,HUMAN,shown,badge_unlock,gold,Gold,2026-09-10T23:46:57.149Z,2026-09-10T23:46:57.336059+00:00,"{""client_ts"": ""2026-09-10T23:46:57.149Z"", ""element_id"": ""gold"", ""element_label"": ""Gold"", ""element_type"": ""badge_unlock"", ""event_name"": ""shown"", ""total_trades_threshold"": 35, ""trader_id"": ""aeb13d2b-7a22-4f18-9880-d6d104e91f2f""}",1789084017.365921
7b3d258b-4a12-4f9d-af1c-ad1a3fc8344a,aeb13d2b-7a22-4f18-9880-d6d104e91f2f,HUMAN,shown,badge_modal,gold,Gold,2026-09-10T23:46:57.149Z,2026-09-10T23:46:57.375075+00:00,"{""client_ts"": ""2026-09-10T23:46:57.149Z"", ""element_id"": ""gold"", ""element_label"": ""Gold"", ""element_type"": ""badge_modal"", ""event_name"": ""shown"", ""message"": ""You are the money maker!"", ""total_trades"": 35, ""trader_id"": ""aeb13d2b-7a22-4f18-9880-d6d104e91f2f""}",1789084017.382912
7b3d258b-4a12-4f9d-af1c-ad1a3fc8344a,aeb13d2b-7a22-4f18-9880-d6d104e91f2f,HUMAN,shown,badge_gif,gold,Gold,2026-09-10T23:46:57.149Z,2026-09-10T23:46:57.500400+00:00,"{""client_ts"": ""2026-09-10T23:46:57.149Z"", ""element_id"": ""gold"", ""element_label"": ""Gold"", ""element_type"": ""badge_gif"", ""event_name"": ""shown"", ""gif"": ""/static/trader_bridge_app/vue/assets/gold.gif"", ""trader_id"": ""aeb13d2b-7a22-4f18-9880-d6d104e91f2f""}",1789084017.550824
7b3d258b-4a12-4f9d-af1c-ad1a3fc8344a,37f1723e-8392-451b-9f82-b4b827848fc2,HUMAN,shown,trend_alert,up-streak,up-streak,2026-09-10T23:47:05.314Z,2026-09-10T23:47:05.370305+00:00,"{""client_ts"": ""2026-09-10T23:47:05.314Z"", ""element_id"": ""up-streak"", ""element_label"": ""up-streak"", ""element_type"": ""trend_alert"", ""event_name"": ""shown"", ""message"": ""Price went up 3 times in the last 5 ticks!"", ""trader_id"": ""37f1723e-8392-451b-9f82-b4b827848fc2""}",1789084025.380503
7b3d258b-4a12-4f9d-af1c-ad1a3fc8344a,a9323da3-2227-4386-aee6-f301e23076bc,HUMAN,shown,trend_alert,up-streak,up-streak,2026-09-10T23:47:05.317Z,2026-09-10T23:47:05.384328+00:00,"{""client_ts"": ""2026-09-10T23:47:05.317Z"", ""element_id"": ""up-streak"", ""element_label"": ""up-streak"", ""element_type"": ""trend_alert"", ""event_name"": ""shown"", ""message"": ""Price went up 3 times in the last 5 ticks!"", ""trader_id"": ""a9323da3-2227-4386-aee6-f301e23076bc""}",1789084025.391748
7b3d258b-4a12-4f9d-af1c-ad1a3fc8344a,aeb13d2b-7a22-4f18-9880-d6d104e91f2f,HUMAN,shown,trend_alert,up-streak,up-streak,2026-09-10T23:47:05.313Z,2026-09-10T23:47:05.395447+00:00,"{""client_ts"": ""2026-09-10T23:47:05.313Z"", ""element_id"": ""up-streak"", ""element_label"": ""up-streak"", ""element_type"": ""trend_alert"", ""event_name"": ""shown"", ""message"": ""Price went up 3 times in the last 5 ticks!"", ""trader_id"": ""aeb13d2b-7a22-4f18-9880-d6d104e91f2f""}",1789084025.403658
7b3d258b-4a12-4f9d-af1c-ad1a3fc8344a,762774e2-b466-4ce2-8abe-40516ad3a99a,HUMAN,shown,trend_alert,up-streak,up-streak,2026-09-10T23:47:05.319Z,2026-09-10T23:47:05.410718+00:00,"{""client_ts"": ""2026-09-10T23:47:05.319Z"", ""element_id"": ""up-streak"", ""element_label"": ""up-streak"", ""element_type"": ""trend_alert"", ""event_name"": ""shown"", ""message"": ""Price went up 3 times in the last 5 ticks!"", ""trader_id"": ""762774e2-b466-4ce2-8abe-40516ad3a99a""}",1789084025.417802
7b3d258b-4a12-4f9d-af1c-ad1a3fc8344a,bc951c28-c9e7-4d21-b631-b7153ded5747,HUMAN,shown,trend_alert,up-streak,up-streak,2026-09-10T23:47:05.308Z,2026-09-10T23:47:05.421789+00:00,"{""client_ts"": ""2026-09-10T23:47:05.308Z"", ""element_id"": ""up-streak"", ""element_label"": ""up-streak"", ""element_type"": ""trend_alert"", ""event_name"": ""shown"", ""message"": ""Price went up 3 times in the last 5 ticks!"", ""trader_id"": ""bc951c28-c9e7-4d21-b631-b7153ded5747""}",1789084025.432661
7b3d258b-4a12-4f9d-af1c-ad1a3fc8344a,8ae24871-ac2e-4566-b164-d561f4f8967d,HUMAN,shown,trend_alert,up-streak,up-streak,2026-09-10T23:47:05.306Z,2026-09-10T23:47:05.446099+00:00,"{""client_ts"": ""2026-09-10T23:47:05.306Z"", ""element_id"": ""up-streak"", ""element_label"": ""up-streak"", ""element_type"": ""trend_alert"", ""event_name"": ""shown"", ""message"": ""Price went up 3 times in the last 5 ticks!"", ""trader_id"": ""8ae24871-ac2e-4566-b164-d561f4f8967d""}",1789084025.455208
7b3d258b-4a12-4f9d-af1c-ad1a3fc8344a,a9323da3-2227-4386-aee6-f301e23076bc,HUMAN,shown,trend_alert,up-streak,up-streak,2026-09-10T23:47:10.183Z,2026-09-10T23:47:10.791050+00:00,"{""client_ts"": ""2026-09-10T23:47:10.183Z"", ""element_id"": ""up-streak"", ""element_label"": ""up-streak"", ""element_type"": ""trend_alert"", ""event_name"": ""shown"", ""message"": ""Price went up 3 times in the last 5 ticks!"", ""trader_id"": ""a9323da3-2227-4386-aee6-f301e23076bc""}",1789084030.800196
7b3d258b-4a12-4f9d-af1c-ad1a3fc8344a,aeb13d2b-7a22-4f18-9880-d6d104e91f2f,HUMAN,shown,trend_alert,up-streak,up-streak,2026-09-10T23:47:10.179Z,2026-09-10T23:47:10.804102+00:00,"{""client_ts"": ""2026-09-10T23:47:10.179Z"", ""element_id"": ""up-streak"", ""element_label"": ""up-streak"", ""element_type"": ""trend_alert"", ""event_name"": ""shown"", ""message"": ""Price went up 3 times in the last 5 ticks!"", ""trader_id"": ""aeb13d2b-7a22-4f18-9880-d6d104e91f2f""}",1789084030.811393
7b3d258b-4a12-4f9d-af1c-ad1a3fc8344a,37f1723e-8392-451b-9f82-b4b827848fc2,HUMAN,shown,trend_alert,up-streak,up-streak,2026-09-10T23:47:10.182Z,2026-09-10T23:47:10.815168+00:00,"{""client_ts"": ""2026-09-10T23:47:10.182Z"", ""element_id"": ""up-streak"", ""element_label"": ""up-streak"", ""element_type"": ""trend_alert"", ""event_name"": ""shown"", ""message"": ""Price went up 3 times in the last 5 ticks!"", ""trader_id"": ""37f1723e-8392-451b-9f82-b4b827848fc2""}",1789084030.825738
7b3d258b-4a12-4f9d-af1c-ad1a3fc8344a,8ae24871-ac2e-4566-b164-d561f4f8967d,HUMAN,shown,trend_alert,up-streak,up-streak,2026-09-10T23:47:10.167Z,2026-09-10T23:47:10.888075+00:00,"{""client_ts"": ""2026-09-10T23:47:10.167Z"", ""element_id"": ""up-streak"", ""element_label"": ""up-streak"", ""element_type"": ""trend_alert"", ""event_name"": ""shown"", ""message"": ""Price went up 3 times in the last 5 ticks!"", ""trader_id"": ""8ae24871-ac2e-4566-b164-d561f4f8967d""}",1789084030.898413
7b3d258b-4a12-4f9d-af1c-ad1a3fc8344a,762774e2-b466-4ce2-8abe-40516ad3a99a,HUMAN,shown,trend_alert,up-streak,up-streak,2026-09-10T23:47:10.185Z,2026-09-10T23:47:10.902961+00:00,"{""client_ts"": ""2026-09-10T23:47:10.185Z"", ""element_id"": ""up-streak"", ""element_label"": ""up-streak"", ""element_type"": ""trend_alert"", ""event_name"": ""shown"", ""message"": ""Price went up 3 times in the last 5 ticks!"", ""trader_id"": ""762774e2-b466-4ce2-8abe-40516ad3a99a""}",1789084030.911655
7b3d258b-4a12-4f9d-af1c-ad1a3fc8344a,bc951c28-c9e7-4d21-b631-b7153ded5747,HUMAN,shown,trend_alert,up-streak,up-streak,2026-09-10T23:47:10.176Z,2026-09-10T23:47:10.915434+00:00,"{""client_ts"": ""2026-09-10T23:47:10.176Z"", ""element_id"": ""up-streak"", ""element_label"": ""up-streak"", ""element_type"": ""trend_alert"", ""event_name"": ""shown"", ""message"": ""Price went up 3 times in the last 5 ticks!"", ""trader_id"": ""bc951c28-c9e7-4d21-b631-b7153ded5747""}",1789084030.922731
7b3d258b-4a12-4f9d-af1c-ad1a3fc8344a,37f1723e-8392-451b-9f82-b4b827848fc2,HUMAN,shown,badge_unlock,gold,Gold,2026-09-10T23:47:14.695Z,2026-09-10T23:47:14.905881+00:00,"{""client_ts"": ""2026-09-10T23:47:14.695Z"", ""element_id"": ""gold"", ""element_label"": ""Gold"", ""element_type"": ""badge_unlock"", ""event_name"": ""shown"", ""total_trades_threshold"": 35, ""trader_id"": ""37f1723e-8392-451b-9f82-b4b827848fc2""}",1789084034.914573
7b3d258b-4a12-4f9d-af1c-ad1a3fc8344a,37f1723e-8392-451b-9f82-b4b827848fc2,HUMAN,shown,badge_modal,gold,Gold,2026-09-10T23:47:14.696Z,2026-09-10T23:47:15.044421+00:00,"{""client_ts"": ""2026-09-10T23:47:14.696Z"", ""element_id"": ""gold"", ""element_label"": ""Gold"", ""element_type"": ""badge_modal"", ""event_name"": ""shown"", ""message"": ""You are the money maker!"", ""total_trades"": 35, ""trader_id"": ""37f1723e-8392-451b-9f82-b4b827848fc2""}",1789084035.052088
7b3d258b-4a12-4f9d-af1c-ad1a3fc8344a,37f1723e-8392-451b-9f82-b4b827848fc2,HUMAN,shown,badge_gif,gold,Gold,2026-09-10T23:47:14.696Z,2026-09-10T23:47:15.182172+00:00,"{""client_ts"": ""2026-09-10T23:47:14.696Z"", ""element_id"": ""gold"", ""element_label"": ""Gold"", ""element_type"": ""badge_gif"", ""event_name"": ""shown"", ""gif"": ""/static/trader_bridge_app/vue/assets/gold.gif"", ""trader_id"": ""37f1723e-8392-451b-9f82-b4b827848fc2""}",1789084035.19108
7b3d258b-4a12-4f9d-af1c-ad1a3fc8344a,a9323da3-2227-4386-aee6-f301e23076bc,HUMAN,shown,trend_alert,up-streak,up-streak,2026-09-10T23:47:15.209Z,2026-09-10T23:47:15.295777+00:00,"{""client_ts"": ""2026-09-10T23:47:15.209Z"", ""element_id"": ""up-streak"", ""element_label"": ""up-streak"", ""element_type"": ""trend_alert"", ""event_name"": ""shown"", ""message"": ""Price went up 3 times in the last 5 ticks!"", ""trader_id"": ""a9323da3-2227-4386-aee6-f301e23076bc""}",1789084035.303858
7b3d258b-4a12-4f9d-af1c-ad1a3fc8344a,bc951c28-c9e7-4d21-b631-b7153ded5747,HUMAN,shown,trend_alert,up-streak,up-streak,2026-09-10T23:47:15.202Z,2026-09-10T23:47:15.309204+00:00,"{""client_ts"": ""2026-09-10T23:47:15.202Z"", ""element_id"": ""up-streak"", ""element_label"": ""up-streak"", ""element_type"": ""trend_alert"", ""event_name"": ""shown"", ""message"": ""Price went up 3 times in the last 5 ticks!"", ""trader_id"": ""bc951c28-c9e7-4d21-b631-b7153ded5747""}",1789084035.319807
7b3d258b-4a12-4f9d-af1c-ad1a3fc8344a,8ae24871-ac2e-4566-b164-d561f4f8967d,HUMAN,shown,trend_alert,up-streak,up-streak,2026-09-10T23:47:15.193Z,2026-09-10T23:47:15.324132+00:00,"{""client_ts"": ""2026-09-10T23:47:15.193Z"", ""element_id"": ""up-streak"", ""element_label"": ""up-streak"", ""element_type"": ""trend_alert"", ""event_name"": ""shown"", ""message"": ""Price went up 3 times in the last 5 ticks!"", ""trader_id"": ""8ae24871-ac2e-4566-b164-d561f4f8967d""}",1789084035.33136
7b3d258b-4a12-4f9d-af1c-ad1a3fc8344a,aeb13d2b-7a22-4f18-9880-d6d104e91f2f,HUMAN,shown,trend_alert,up-streak,up-streak,2026-09-10T23:47:15.207Z,2026-09-10T23:47:15.341804+00:00,"{""client_ts"": ""2026-09-10T23:47:15.207Z"", ""element_id"": ""up-streak"", ""element_label"": ""up-streak"", ""element_type"": ""trend_alert"", ""event_name"": ""shown"", ""message"": ""Price went up 3 times in the last 5 ticks!"", ""trader_id"": ""aeb13d2b-7a22-4f18-9880-d6d104e91f2f""}",1789084035.348997
7b3d258b-4a12-4f9d-af1c-ad1a3fc8344a,762774e2-b466-4ce2-8abe-40516ad3a99a,HUMAN,shown,trend_alert,up-streak,up-streak,2026-09-10T23:47:15.213Z,2026-09-10T23:47:15.354131+00:00,"{""client_ts"": ""2026-09-10T23:47:15.213Z"", ""element_id"": ""up-streak"", ""element_label"": ""up-streak"", ""element_type"": ""trend_alert"", ""event_name"": ""shown"", ""message"": ""Price went up 3 times in the last 5 ticks!"", ""trader_id"": ""762774e2-b466-4ce2-8abe-40516ad3a99a""}",1789084035.361539
7b3d258b-4a12-4f9d-af1c-ad1a3fc8344a,37f1723e-8392-451b-9f82-b4b827848fc2,HUMAN,shown,trend_alert,up-streak,up-streak,2026-09-10T23:47:15.209Z,2026-09-10T23:47:15.367245+00:00,"{""client_ts"": ""2026-09-10T23:47:15.209Z"", ""element_id"": ""up-streak"", ""element_label"": ""up-streak"", ""element_type"": ""trend_alert"", ""event_name"": ""shown"", ""message"": ""Price went up 3 times in the last 5 ticks!"", ""trader_id"": ""37f1723e-8392-451b-9f82-b4b827848fc2""}",1789084035.384423
569e552c-bdc3-4225-9eac-8a5a85e95d21,fec04cce-92fe-4669-b66c-470e2aca1e3d,HUMAN,shown,badge_unlock,platinum,Platinum,2026-09-10T23:47:19.328Z,2026-09-10T23:47:19.380101+00:00,"{""client_ts"": ""2026-09-10T23:47:19.328Z"", ""element_id"": ""platinum"", ""element_label"": ""Platinum"", ""element_type"": ""badge_unlock"", ""event_name"": ""shown"", ""total_trades_threshold"": 50, ""trader_id"": ""fec04cce-92fe-4669-b66c-470e2aca1e3d""}",1789084039.391561
569e552c-bdc3-4225-9eac-8a5a85e95d21,fec04cce-92fe-4669-b66c-470e2aca1e3d,HUMAN,shown,badge_modal,platinum,Platinum,2026-09-10T23:47:19.329Z,2026-09-10T23:47:19.401851+00:00,"{""client_ts"": ""2026-09-10T23:47:19.329Z"", ""element_id"": ""platinum"", ""element_label"": ""Platinum"", ""element_type"": ""badge_modal"", ""event_name"": ""shown"", ""message"": ""You are definitely going places!"", ""total_trades"": 50, ""trader_id"": ""fec04cce-92fe-4669-b66c-470e2aca1e3d""}",1789084039.410784
569e552c-bdc3-4225-9eac-8a5a85e95d21,fec04cce-92fe-4669-b66c-470e2aca1e3d,HUMAN,shown,badge_gif,platinum,Platinum,2026-09-10T23:47:19.329Z,2026-09-10T23:47:19.415326+00:00,"{""client_ts"": ""2026-09-10T23:47:19.329Z"", ""element_id"": ""platinum"", ""element_label"": ""Platinum"", ""element_type"": ""badge_gif"", ""event_name"": ""shown"", ""gif"": ""/static/trader_bridge_app/vue/assets/platinum.gif"", ""trader_id"": ""fec04cce-92fe-4669-b66c-470e2aca1e3d""}",1789084039.422784
7b3d258b-4a12-4f9d-af1c-ad1a3fc8344a,8ae24871-ac2e-4566-b164-d561f4f8967d,HUMAN,shown,badge_unlock,gold,Gold,2026-09-10T23:47:19.771Z,2026-09-10T23:47:19.923268+00:00,"{""client_ts"": ""2026-09-10T23:47:19.771Z"", ""element_id"": ""gold"", ""element_label"": ""Gold"", ""element_type"": ""badge_unlock"", ""event_name"": ""shown"", ""total_trades_threshold"": 35, ""trader_id"": ""8ae24871-ac2e-4566-b164-d561f4f8967d""}",1789084039.931132
7b3d258b-4a12-4f9d-af1c-ad1a3fc8344a,8ae24871-ac2e-4566-b164-d561f4f8967d,HUMAN,shown,badge_modal,gold,Gold,2026-09-10T23:47:19.772Z,2026-09-10T23:47:19.939280+00:00,"{""client_ts"": ""2026-09-10T23:47:19.772Z"", ""element_id"": ""gold"", ""element_label"": ""Gold"", ""element_type"": ""badge_modal"", ""event_name"": ""shown"", ""message"": ""You are the money maker!"", ""total_trades"": 35, ""trader_id"": ""8ae24871-ac2e-4566-b164-d561f4f8967d""}",1789084039.946776
7b3d258b-4a12-4f9d-af1c-ad1a3fc8344a,8ae24871-ac2e-4566-b164-d561f4f8967d,HUMAN,shown,badge_gif,gold,Gold,2026-09-10T23:47:19.772Z,2026-09-10T23:47:20.086289+00:00,"{""client_ts"": ""2026-09-10T23:47:19.772Z"", ""element_id"": ""gold"", ""element_label"": ""Gold"", ""element_type"": ""badge_gif"", ""event_name"": ""shown"", ""gif"": ""/static/trader_bridge_app/vue/assets/gold.gif"", ""trader_id"": ""8ae24871-ac2e-4566-b164-d561f4f8967d""}",1789084040.094829
7b3d258b-4a12-4f9d-af1c-ad1a3fc8344a,762774e2-b466-4ce2-8abe-40516ad3a99a,HUMAN,shown,badge_unlock,gold,Gold,2026-09-10T23:47:22.428Z,2026-09-10T23:47:22.474020+00:00,"{""client_ts"": ""2026-09-10T23:47:22.428Z"", ""element_id"": ""gold"", ""element_label"": ""Gold"", ""element_type"": ""badge_unlock"", ""event_name"": ""shown"", ""total_trades_threshold"": 35, ""trader_id"": ""762774e2-b466-4ce2-8abe-40516ad3a99a""}",1789084042.481588
7b3d258b-4a12-4f9d-af1c-ad1a3fc8344a,762774e2-b466-4ce2-8abe-40516ad3a99a,HUMAN,shown,badge_modal,gold,Gold,2026-09-10T23:47:22.428Z,2026-09-10T23:47:22.490086+00:00,"{""client_ts"": ""2026-09-10T23:47:22.428Z"", ""element_id"": ""gold"", ""element_label"": ""Gold"", ""element_type"": ""badge_modal"", ""event_name"": ""shown"", ""message"": ""You are the money maker!"", ""total_trades"": 35, ""trader_id"": ""762774e2-b466-4ce2-8abe-40516ad3a99a""}",1789084042.497357
7b3d258b-4a12-4f9d-af1c-ad1a3fc8344a,762774e2-b466-4ce2-8abe-40516ad3a99a,HUMAN,shown,badge_gif,gold,Gold,2026-09-10T23:47:22.429Z,2026-09-10T23:47:22.505818+00:00,"{""client_ts"": ""2026-09-10T23:47:22.429Z"", ""element_id"": ""gold"", ""element_label"": ""Gold"", ""element_type"": ""badge_gif"", ""event_name"": ""shown"", ""gif"": ""/static/trader_bridge_app/vue/assets/gold.gif"", ""trader_id"": ""762774e2-b466-4ce2-8abe-40516ad3a99a""}",1789084042.513745
7b3d258b-4a12-4f9d-af1c-ad1a3fc8344a,a9323da3-2227-4386-aee6-f301e23076bc,HUMAN,shown,badge_unlock,bronze,Bronze,2026-09-10T23:47:27.023Z,2026-09-10T23:47:27.111145+00:00,"{""client_ts"": ""2026-09-10T23:47:27.023Z"", ""element_id"": ""bronze"", ""element_label"": ""Bronze"", ""element_type"": ""badge_unlock"", ""event_name"": ""shown"", ""total_trades_threshold"": 10, ""trader_id"": ""a9323da3-2227-4386-aee6-f301e23076bc""}",1789084047.11957
7b3d258b-4a12-4f9d-af1c-ad1a3fc8344a,a9323da3-2227-4386-aee6-f301e23076bc,HUMAN,shown,badge_modal,bronze,Bronze,2026-09-10T23:47:27.023Z,2026-09-10T23:47:27.174266+00:00,"{""client_ts"": ""2026-09-10T23:47:27.023Z"", ""element_id"": ""bronze"", ""element_label"": ""Bronze"", ""element_type"": ""badge_modal"", ""event_name"": ""shown"", ""message"": ""Level up! Doing well"", ""total_trades"": 10, ""trader_id"": ""a9323da3-2227-4386-aee6-f301e23076bc""}",1789084047.181801
7b3d258b-4a12-4f9d-af1c-ad1a3fc8344a,a9323da3-2227-4386-aee6-f301e23076bc,HUMAN,shown,badge_gif,bronze,Bronze,2026-09-10T23:47:27.023Z,2026-09-10T23:47:27.203728+00:00,"{""client_ts"": ""2026-09-10T23:47:27.023Z"", ""element_id"": ""bronze"", ""element_label"": ""Bronze"", ""element_type"": ""badge_gif"", ""event_name"": ""shown"", ""gif"": ""/static/trader_bridge_app/vue/assets/bronze.gif"", ""trader_id"": ""a9323da3-2227-4386-aee6-f301e23076bc""}",1789084047.211293
7b3d258b-4a12-4f9d-af1c-ad1a3fc8344a,a9323da3-2227-4386-aee6-f301e23076bc,HUMAN,shown,trend_alert,down-streak,down-streak,2026-09-10T23:47:27.216Z,2026-09-10T23:47:27.263986+00:00,"{""client_ts"": ""2026-09-10T23:47:27.216Z"", ""element_id"": ""down-streak"", ""element_label"": ""down-streak"", ""element_type"": ""trend_alert"", ""event_name"": ""shown"", ""message"": ""Price went down 3 times in the last 5 ticks!"", ""trader_id"": ""a9323da3-2227-4386-aee6-f301e23076bc""}",1789084047.272208
7b3d258b-4a12-4f9d-af1c-ad1a3fc8344a,aeb13d2b-7a22-4f18-9880-d6d104e91f2f,HUMAN,shown,trend_alert,down-streak,down-streak,2026-09-10T23:47:27.212Z,2026-09-10T23:47:27.277642+00:00,"{""client_ts"": ""2026-09-10T23:47:27.212Z"", ""element_id"": ""down-streak"", ""element_label"": ""down-streak"", ""element_type"": ""trend_alert"", ""event_name"": ""shown"", ""message"": ""Price went down 3 times in the last 5 ticks!"", ""trader_id"": ""aeb13d2b-7a22-4f18-9880-d6d104e91f2f""}",1789084047.287012
7b3d258b-4a12-4f9d-af1c-ad1a3fc8344a,bc951c28-c9e7-4d21-b631-b7153ded5747,HUMAN,shown,trend_alert,down-streak,down-streak,2026-09-10T23:47:27.207Z,2026-09-10T23:47:27.290577+00:00,"{""client_ts"": ""2026-09-10T23:47:27.207Z"", ""element_id"": ""down-streak"", ""element_label"": ""down-streak"", ""element_type"": ""trend_alert"", ""event_name"": ""shown"", ""message"": ""Price went down 3 times in the last 5 ticks!"", ""trader_id"": ""bc951c28-c9e7-4d21-b631-b7153ded5747""}",1789084047.297772
7b3d258b-4a12-4f9d-af1c-ad1a3fc8344a,8ae24871-ac2e-4566-b164-d561f4f8967d,HUMAN,shown,trend_alert,down-streak,down-streak,2026-09-10T23:47:27.201Z,2026-09-10T23:47:27.301026+00:00,"{""client_ts"": ""2026-09-10T23:47:27.201Z"", ""element_id"": ""down-streak"", ""element_label"": ""down-streak"", ""element_type"": ""trend_alert"", ""event_name"": ""shown"", ""message"": ""Price went down 3 times in the last 5 ticks!"", ""trader_id"": ""8ae24871-ac2e-4566-b164-d561f4f8967d""}",1789084047.307903
7b3d258b-4a12-4f9d-af1c-ad1a3fc8344a,762774e2-b466-4ce2-8abe-40516ad3a99a,HUMAN,shown,trend_alert,down-streak,down-streak,2026-09-10T23:47:27.217Z,2026-09-10T23:47:27.311789+00:00,"{""client_ts"": ""2026-09-10T23:47:27.217Z"", ""element_id"": ""down-streak"", ""element_label"": ""down-streak"", ""element_type"": ""trend_alert"", ""event_name"": ""shown"", ""message"": ""Price went down 3 times in the last 5 ticks!"", ""trader_id"": ""762774e2-b466-4ce2-8abe-40516ad3a99a""}",1789084047.318611
7b3d258b-4a12-4f9d-af1c-ad1a3fc8344a,37f1723e-8392-451b-9f82-b4b827848fc2,HUMAN,shown,trend_alert,down-streak,down-streak,2026-09-10T23:47:27.214Z,2026-09-10T23:47:27.324529+00:00,"{""client_ts"": ""2026-09-10T23:47:27.214Z"", ""element_id"": ""down-streak"", ""element_label"": ""down-streak"", ""element_type"": ""trend_alert"", ""event_name"": ""shown"", ""message"": ""Price went down 3 times in the last 5 ticks!"", ""trader_id"": ""37f1723e-8392-451b-9f82-b4b827848fc2""}",1789084047.333799
7b3d258b-4a12-4f9d-af1c-ad1a3fc8344a,aeb13d2b-7a22-4f18-9880-d6d104e91f2f,HUMAN,shown,trend_alert,up-streak,up-streak,2026-09-10T23:47:39.459Z,2026-09-10T23:47:40.279050+00:00,"{""client_ts"": ""2026-09-10T23:47:39.459Z"", ""element_id"": ""up-streak"", ""element_label"": ""up-streak"", ""element_type"": ""trend_alert"", ""event_name"": ""shown"", ""message"": ""Price went up 3 times in the last 5 ticks!"", ""trader_id"": ""aeb13d2b-7a22-4f18-9880-d6d104e91f2f""}",1789084060.286425
7b3d258b-4a12-4f9d-af1c-ad1a3fc8344a,a9323da3-2227-4386-aee6-f301e23076bc,HUMAN,shown,trend_alert,up-streak,up-streak,2026-09-10T23:47:39.725Z,2026-09-10T23:47:40.306723+00:00,"{""client_ts"": ""2026-09-10T23:47:39.725Z"", ""element_id"": ""up-streak"", ""element_label"": ""up-streak"", ""element_type"": ""trend_alert"", ""event_name"": ""shown"", ""message"": ""Price went up 3 times in the last 5 ticks!"", ""trader_id"": ""a9323da3-2227-4386-aee6-f301e23076bc""}",1789084060.313741
7b3d258b-4a12-4f9d-af1c-ad1a3fc8344a,bc951c28-c9e7-4d21-b631-b7153ded5747,HUMAN,shown,trend_alert,up-streak,up-streak,2026-09-10T23:47:39.716Z,2026-09-10T23:47:40.316722+00:00,"{""client_ts"": ""2026-09-10T23:47:39.716Z"", ""element_id"": ""up-streak"", ""element_label"": ""up-streak"", ""element_type"": ""trend_alert"", ""event_name"": ""shown"", ""message"": ""Price went up 3 times in the last 5 ticks!"", ""trader_id"": ""bc951c28-c9e7-4d21-b631-b7153ded5747""}",1789084060.324207
7b3d258b-4a12-4f9d-af1c-ad1a3fc8344a,8ae24871-ac2e-4566-b164-d561f4f8967d,HUMAN,shown,trend_alert,up-streak,up-streak,2026-09-10T23:47:39.709Z,2026-09-10T23:47:40.327159+00:00,"{""client_ts"": ""2026-09-10T23:47:39.709Z"", ""element_id"": ""up-streak"", ""element_label"": ""up-streak"", ""element_type"": ""trend_alert"", ""event_name"": ""shown"", ""message"": ""Price went up 3 times in the last 5 ticks!"", ""trader_id"": ""8ae24871-ac2e-4566-b164-d561f4f8967d""}",1789084060.336674
7b3d258b-4a12-4f9d-af1c-ad1a3fc8344a,37f1723e-8392-451b-9f82-b4b827848fc2,HUMAN,shown,trend_alert,up-streak,up-streak,2026-09-10T23:47:39.725Z,2026-09-10T23:47:40.396751+00:00,"{""client_ts"": ""2026-09-10T23:47:39.725Z"", ""element_id"": ""up-streak"", ""element_label"": ""up-streak"", ""element_type"": ""trend_alert"", ""event_name"": ""shown"", ""message"": ""Price went up 3 times in the last 5 ticks!"", ""trader_id"": ""37f1723e-8392-451b-9f82-b4b827848fc2""}",1789084060.414774
7b3d258b-4a12-4f9d-af1c-ad1a3fc8344a,762774e2-b466-4ce2-8abe-40516ad3a99a,HUMAN,shown,trend_alert,up-streak,up-streak,2026-09-10T23:47:39.730Z,2026-09-10T23:47:40.417756+00:00,"{""client_ts"": ""2026-09-10T23:47:39.730Z"", ""element_id"": ""up-streak"", ""element_label"": ""up-streak"", ""element_type"": ""trend_alert"", ""event_name"": ""shown"", ""message"": ""Price went up 3 times in the last 5 ticks!"", ""trader_id"": ""762774e2-b466-4ce2-8abe-40516ad3a99a""}",1789084060.425776
569e552c-bdc3-4225-9eac-8a5a85e95d21,2184bbcc-e8b9-4c8e-9d7b-c8bdee118476,HUMAN,shown,trend_alert,up-streak,up-streak,2026-09-10T23:47:42.210Z,2026-09-10T23:47:42.345609+00:00,"{""client_ts"": ""2026-09-10T23:47:42.210Z"", ""element_id"": ""up-streak"", ""element_label"": ""up-streak"", ""element_type"": ""trend_alert"", ""event_name"": ""shown"", ""message"": ""Price went up 3 times in the last 5 ticks!"", ""trader_id"": ""2184bbcc-e8b9-4c8e-9d7b-c8bdee118476""}",1789084062.352877
569e552c-bdc3-4225-9eac-8a5a85e95d21,2b88ec82-bcbd-4576-b378-a1ecf086f829,HUMAN,shown,trend_alert,up-streak,up-streak,2026-09-10T23:47:42.212Z,2026-09-10T23:47:42.355961+00:00,"{""client_ts"": ""2026-09-10T23:47:42.212Z"", ""element_id"": ""up-streak"", ""element_label"": ""up-streak"", ""element_type"": ""trend_alert"", ""event_name"": ""shown"", ""message"": ""Price went up 3 times in the last 5 ticks!"", ""trader_id"": ""2b88ec82-bcbd-4576-b378-a1ecf086f829""}",1789084062.362864
569e552c-bdc3-4225-9eac-8a5a85e95d21,6d5d9acb-8d79-4edf-a68c-cfb2dc35b92a,HUMAN,shown,trend_alert,up-streak,up-streak,2026-09-10T23:47:42.229Z,2026-09-10T23:47:42.366109+00:00,"{""client_ts"": ""2026-09-10T23:47:42.229Z"", ""element_id"": ""up-streak"", ""element_label"": ""up-streak"", ""element_type"": ""trend_alert"", ""event_name"": ""shown"", ""message"": ""Price went up 3 times in the last 5 ticks!"", ""trader_id"": ""6d5d9acb-8d79-4edf-a68c-cfb2dc35b92a""}",1789084062.373314
569e552c-bdc3-4225-9eac-8a5a85e95d21,0ede43b0-2226-437e-a4d6-d3fac6ea7df8,HUMAN,shown,trend_alert,up-streak,up-streak,2026-09-10T23:47:42.200Z,2026-09-10T23:47:42.391699+00:00,"{""client_ts"": ""2026-09-10T23:47:42.200Z"", ""element_id"": ""up-streak"", ""element_label"": ""up-streak"", ""element_type"": ""trend_alert"", ""event_name"": ""shown"", ""message"": ""Price went up 3 times in the last 5 ticks!"", ""trader_id"": ""0ede43b0-2226-437e-a4d6-d3fac6ea7df8""}",1789084062.399127
569e552c-bdc3-4225-9eac-8a5a85e95d21,fec04cce-92fe-4669-b66c-470e2aca1e3d,HUMAN,shown,trend_alert,up-streak,up-streak,2026-09-10T23:47:42.230Z,2026-09-10T23:47:42.402112+00:00,"{""client_ts"": ""2026-09-10T23:47:42.230Z"", ""element_id"": ""up-streak"", ""element_label"": ""up-streak"", ""element_type"": ""trend_alert"", ""event_name"": ""shown"", ""message"": ""Price went up 3 times in the last 5 ticks!"", ""trader_id"": ""fec04cce-92fe-4669-b66c-470e2aca1e3d""}",1789084062.408883
569e552c-bdc3-4225-9eac-8a5a85e95d21,dc44fbde-2ba0-4a45-8f54-1f35cac3dc6a,HUMAN,shown,trend_alert,up-streak,up-streak,2026-09-10T23:47:42.199Z,2026-09-10T23:47:42.412028+00:00,"{""client_ts"": ""2026-09-10T23:47:42.199Z"", ""element_id"": ""up-streak"", ""element_label"": ""up-streak"", ""element_type"": ""trend_alert"", ""event_name"": ""shown"", ""message"": ""Price went up 3 times in the last 5 ticks!"", ""trader_id"": ""dc44fbde-2ba0-4a45-8f54-1f35cac3dc6a""}",1789084062.418777
7b3d258b-4a12-4f9d-af1c-ad1a3fc8344a,aeb13d2b-7a22-4f18-9880-d6d104e91f2f,HUMAN,shown,badge_unlock,platinum,Platinum,2026-09-10T23:48:32.864Z,2026-09-10T23:48:32.919107+00:00,"{""client_ts"": ""2026-09-10T23:48:32.864Z"", ""element_id"": ""platinum"", ""element_label"": ""Platinum"", ""element_type"": ""badge_unlock"", ""event_name"": ""shown"", ""total_trades_threshold"": 50, ""trader_id"": ""aeb13d2b-7a22-4f18-9880-d6d104e91f2f""}",1789084112.927052
7b3d258b-4a12-4f9d-af1c-ad1a3fc8344a,aeb13d2b-7a22-4f18-9880-d6d104e91f2f,HUMAN,shown,badge_modal,platinum,Platinum,2026-09-10T23:48:32.864Z,2026-09-10T23:48:32.933778+00:00,"{""client_ts"": ""2026-09-10T23:48:32.864Z"", ""element_id"": ""platinum"", ""element_label"": ""Platinum"", ""element_type"": ""badge_modal"", ""event_name"": ""shown"", ""message"": ""You are definitely going places!"", ""total_trades"": 50, ""trader_id"": ""aeb13d2b-7a22-4f18-9880-d6d104e91f2f""}",1789084112.941983
7b3d258b-4a12-4f9d-af1c-ad1a3fc8344a,aeb13d2b-7a22-4f18-9880-d6d104e91f2f,HUMAN,shown,badge_gif,platinum,Platinum,2026-09-10T23:48:32.864Z,2026-09-10T23:48:32.949528+00:00,"{""client_ts"": ""2026-09-10T23:48:32.864Z"", ""element_id"": ""platinum"", ""element_label"": ""Platinum"", ""element_type"": ""badge_gif"", ""event_name"": ""shown"", ""gif"": ""/static/trader_bridge_app/vue/assets/platinum.gif"", ""trader_id"": ""aeb13d2b-7a22-4f18-9880-d6d104e91f2f""}",1789084112.957089
569e552c-bdc3-4225-9eac-8a5a85e95d21,dc44fbde-2ba0-4a45-8f54-1f35cac3dc6a,HUMAN,shown,badge_unlock,diamond,Diamond,2026-09-10T23:48:35.897Z,2026-09-10T23:48:35.974338+00:00,"{""client_ts"": ""2026-09-10T23:48:35.897Z"", ""element_id"": ""diamond"", ""element_label"": ""Diamond"", ""element_type"": ""badge_unlock"", ""event_name"": ""shown"", ""total_trades_threshold"": 60, ""trader_id"": ""dc44fbde-2ba0-4a45-8f54-1f35cac3dc6a""}",1789084116.026603
569e552c-bdc3-4225-9eac-8a5a85e95d21,dc44fbde-2ba0-4a45-8f54-1f35cac3dc6a,HUMAN,shown,badge_modal,diamond,Diamond,2026-09-10T23:48:35.897Z,2026-09-10T23:48:36.034829+00:00,"{""client_ts"": ""2026-09-10T23:48:35.897Z"", ""element_id"": ""diamond"", ""element_label"": ""Diamond"", ""element_type"": ""badge_modal"", ""event_name"": ""shown"", ""message"": ""The Wolf of Wall Street"", ""total_trades"": 60, ""trader_id"": ""dc44fbde-2ba0-4a45-8f54-1f35cac3dc6a""}",1789084116.044251
569e552c-bdc3-4225-9eac-8a5a85e95d21,dc44fbde-2ba0-4a45-8f54-1f35cac3dc6a,HUMAN,shown,badge_gif,diamond,Diamond,2026-09-10T23:48:35.897Z,2026-09-10T23:48:36.049897+00:00,"{""client_ts"": ""2026-09-10T23:48:35.897Z"", ""element_id"": ""diamond"", ""element_label"": ""Diamond"", ""element_type"": ""badge_gif"", ""event_name"": ""shown"", ""gif"": ""/static/trader_bridge_app/vue/assets/diamond.gif"", ""trader_id"": ""dc44fbde-2ba0-4a45-8f54-1f35cac3dc6a""}",1789084116.061733
7b3d258b-4a12-4f9d-af1c-ad1a3fc8344a,aeb13d2b-7a22-4f18-9880-d6d104e91f2f,HUMAN,shown,trend_alert,down-streak,down-streak,2026-09-10T23:48:36.309Z,2026-09-10T23:48:36.467165+00:00,"{""client_ts"": ""2026-09-10T23:48:36.309Z"", ""element_id"": ""down-streak"", ""element_label"": ""down-streak"", ""element_type"": ""trend_alert"", ""event_name"": ""shown"", ""message"": ""Price went down 3 times in the last 5 ticks!"", ""trader_id"": ""aeb13d2b-7a22-4f18-9880-d6d104e91f2f""}",1789084116.475107
7b3d258b-4a12-4f9d-af1c-ad1a3fc8344a,8ae24871-ac2e-4566-b164-d561f4f8967d,HUMAN,shown,trend_alert,down-streak,down-streak,2026-09-10T23:48:36.297Z,2026-09-10T23:48:36.478555+00:00,"{""client_ts"": ""2026-09-10T23:48:36.297Z"", ""element_id"": ""down-streak"", ""element_label"": ""down-streak"", ""element_type"": ""trend_alert"", ""event_name"": ""shown"", ""message"": ""Price went down 3 times in the last 5 ticks!"", ""trader_id"": ""8ae24871-ac2e-4566-b164-d561f4f8967d""}",1789084116.485935
7b3d258b-4a12-4f9d-af1c-ad1a3fc8344a,37f1723e-8392-451b-9f82-b4b827848fc2,HUMAN,shown,trend_alert,down-streak,down-streak,2026-09-10T23:48:36.313Z,2026-09-10T23:48:36.489224+00:00,"{""client_ts"": ""2026-09-10T23:48:36.313Z"", ""element_id"": ""down-streak"", ""element_label"": ""down-streak"", ""element_type"": ""trend_alert"", ""event_name"": ""shown"", ""message"": ""Price went down 3 times in the last 5 ticks!"", ""trader_id"": ""37f1723e-8392-451b-9f82-b4b827848fc2""}",1789084116.496584
7b3d258b-4a12-4f9d-af1c-ad1a3fc8344a,a9323da3-2227-4386-aee6-f301e23076bc,HUMAN,shown,trend_alert,down-streak,down-streak,2026-09-10T23:48:36.316Z,2026-09-10T23:48:36.501250+00:00,"{""client_ts"": ""2026-09-10T23:48:36.316Z"", ""element_id"": ""down-streak"", ""element_label"": ""down-streak"", ""element_type"": ""trend_alert"", ""event_name"": ""shown"", ""message"": ""Price went down 3 times in the last 5 ticks!"", ""trader_id"": ""a9323da3-2227-4386-aee6-f301e23076bc""}",1789084116.508862
7b3d258b-4a12-4f9d-af1c-ad1a3fc8344a,bc951c28-c9e7-4d21-b631-b7153ded5747,HUMAN,shown,trend_alert,down-streak,down-streak,2026-09-10T23:48:36.316Z,2026-09-10T23:48:36.513261+00:00,"{""client_ts"": ""2026-09-10T23:48:36.316Z"", ""element_id"": ""down-streak"", ""element_label"": ""down-streak"", ""element_type"": ""trend_alert"", ""event_name"": ""shown"", ""message"": ""Price went down 3 times in the last 5 ticks!"", ""trader_id"": ""bc951c28-c9e7-4d21-b631-b7153ded5747""}",1789084116.520892
7b3d258b-4a12-4f9d-af1c-ad1a3fc8344a,762774e2-b466-4ce2-8abe-40516ad3a99a,HUMAN,shown,trend_alert,down-streak,down-streak,2026-09-10T23:48:36.337Z,2026-09-10T23:48:36.524136+00:00,"{""client_ts"": ""2026-09-10T23:48:36.337Z"", ""element_id"": ""down-streak"", ""element_label"": ""down-streak"", ""element_type"": ""trend_alert"", ""event_name"": ""shown"", ""message"": ""Price went down 3 times in the last 5 ticks!"", ""trader_id"": ""762774e2-b466-4ce2-8abe-40516ad3a99a""}",1789084116.531678
7b3d258b-4a12-4f9d-af1c-ad1a3fc8344a,37f1723e-8392-451b-9f82-b4b827848fc2,HUMAN,shown,badge_unlock,platinum,Platinum,2026-09-10T23:48:39.509Z,2026-09-10T23:48:39.562051+00:00,"{""client_ts"": ""2026-09-10T23:48:39.509Z"", ""element_id"": ""platinum"", ""element_label"": ""Platinum"", ""element_type"": ""badge_unlock"", ""event_name"": ""shown"", ""total_trades_threshold"": 50, ""trader_id"": ""37f1723e-8392-451b-9f82-b4b827848fc2""}",1789084119.571279
7b3d258b-4a12-4f9d-af1c-ad1a3fc8344a,37f1723e-8392-451b-9f82-b4b827848fc2,HUMAN,shown,badge_modal,platinum,Platinum,2026-09-10T23:48:39.510Z,2026-09-10T23:48:39.578963+00:00,"{""client_ts"": ""2026-09-10T23:48:39.510Z"", ""element_id"": ""platinum"", ""element_label"": ""Platinum"", ""element_type"": ""badge_modal"", ""event_name"": ""shown"", ""message"": ""You are definitely going places!"", ""total_trades"": 50, ""trader_id"": ""37f1723e-8392-451b-9f82-b4b827848fc2""}",1789084119.587637
7b3d258b-4a12-4f9d-af1c-ad1a3fc8344a,37f1723e-8392-451b-9f82-b4b827848fc2,HUMAN,shown,badge_gif,platinum,Platinum,2026-09-10T23:48:39.510Z,2026-09-10T23:48:39.595147+00:00,"{""client_ts"": ""2026-09-10T23:48:39.510Z"", ""element_id"": ""platinum"", ""element_label"": ""Platinum"", ""element_type"": ""badge_gif"", ""event_name"": ""shown"", ""gif"": ""/static/trader_bridge_app/vue/assets/platinum.gif"", ""trader_id"": ""37f1723e-8392-451b-9f82-b4b827848fc2""}",1789084119.603549
7b3d258b-4a12-4f9d-af1c-ad1a3fc8344a,aeb13d2b-7a22-4f18-9880-d6d104e91f2f,HUMAN,shown,trend_alert,up-streak,up-streak,2026-09-10T23:48:43.641Z,2026-09-10T23:48:43.795409+00:00,"{""client_ts"": ""2026-09-10T23:48:43.641Z"", ""element_id"": ""up-streak"", ""element_label"": ""up-streak"", ""element_type"": ""trend_alert"", ""event_name"": ""shown"", ""message"": ""Price went up 3 times in the last 5 ticks!"", ""trader_id"": ""aeb13d2b-7a22-4f18-9880-d6d104e91f2f""}",1789084123.803857
7b3d258b-4a12-4f9d-af1c-ad1a3fc8344a,762774e2-b466-4ce2-8abe-40516ad3a99a,HUMAN,shown,trend_alert,up-streak,up-streak,2026-09-10T23:48:43.651Z,2026-09-10T23:48:43.810651+00:00,"{""client_ts"": ""2026-09-10T23:48:43.651Z"", ""element_id"": ""up-streak"", ""element_label"": ""up-streak"", ""element_type"": ""trend_alert"", ""event_name"": ""shown"", ""message"": ""Price went up 3 times in the last 5 ticks!"", ""trader_id"": ""762774e2-b466-4ce2-8abe-40516ad3a99a""}",1789084123.817888
7b3d258b-4a12-4f9d-af1c-ad1a3fc8344a,a9323da3-2227-4386-aee6-f301e23076bc,HUMAN,shown,trend_alert,up-streak,up-streak,2026-09-10T23:48:43.647Z,2026-09-10T23:48:43.821745+00:00,"{""client_ts"": ""2026-09-10T23:48:43.647Z"", ""element_id"": ""up-streak"", ""element_label"": ""up-streak"", ""element_type"": ""trend_alert"", ""event_name"": ""shown"", ""message"": ""Price went up 3 times in the last 5 ticks!"", ""trader_id"": ""a9323da3-2227-4386-aee6-f301e23076bc""}",1789084123.829106
7b3d258b-4a12-4f9d-af1c-ad1a3fc8344a,8ae24871-ac2e-4566-b164-d561f4f8967d,HUMAN,shown,trend_alert,up-streak,up-streak,2026-09-10T23:48:43.629Z,2026-09-10T23:48:43.841057+00:00,"{""client_ts"": ""2026-09-10T23:48:43.629Z"", ""element_id"": ""up-streak"", ""element_label"": ""up-streak"", ""element_type"": ""trend_alert"", ""event_name"": ""shown"", ""message"": ""Price went up 3 times in the last 5 ticks!"", ""trader_id"": ""8ae24871-ac2e-4566-b164-d561f4f8967d""}",1789084123.849997
7b3d258b-4a12-4f9d-af1c-ad1a3fc8344a,bc951c28-c9e7-4d21-b631-b7153ded5747,HUMAN,shown,trend_alert,up-streak,up-streak,2026-09-10T23:48:43.643Z,2026-09-10T23:48:43.854030+00:00,"{""client_ts"": ""2026-09-10T23:48:43.643Z"", ""element_id"": ""up-streak"", ""element_label"": ""up-streak"", ""element_type"": ""trend_alert"", ""event_name"": ""shown"", ""message"": ""Price went up 3 times in the last 5 ticks!"", ""trader_id"": ""bc951c28-c9e7-4d21-b631-b7153ded5747""}",1789084123.861279
7b3d258b-4a12-4f9d-af1c-ad1a3fc8344a,37f1723e-8392-451b-9f82-b4b827848fc2,HUMAN,shown,trend_alert,up-streak,up-streak,2026-09-10T23:48:43.646Z,2026-09-10T23:48:43.865888+00:00,"{""client_ts"": ""2026-09-10T23:48:43.646Z"", ""element_id"": ""up-streak"", ""element_label"": ""up-streak"", ""element_type"": ""trend_alert"", ""event_name"": ""shown"", ""message"": ""Price went up 3 times in the last 5 ticks!"", ""trader_id"": ""37f1723e-8392-451b-9f82-b4b827848fc2""}",1789084123.878833
a229ad47-38df-424f-9e8c-29015afe999a,71aadda4-b0cf-4134-8d29-b96bf237f6fa,HUMAN,shown,badge_unlock,silver,Silver,2026-09-10T23:48:51.112Z,2026-09-10T23:48:51.360656+00:00,"{""client_ts"": ""2026-09-10T23:48:51.112Z"", ""element_id"": ""silver"", ""element_label"": ""Silver"", ""element_type"": ""badge_unlock"", ""event_name"": ""shown"", ""total_trades_threshold"": 15, ""trader_id"": ""71aadda4-b0cf-4134-8d29-b96bf237f6fa""}",1789084131.367488
a229ad47-38df-424f-9e8c-29015afe999a,71aadda4-b0cf-4134-8d29-b96bf237f6fa,HUMAN,shown,badge_modal,silver,Silver,2026-09-10T23:48:51.113Z,2026-09-10T23:48:51.543613+00:00,"{""client_ts"": ""2026-09-10T23:48:51.113Z"", ""element_id"": ""silver"", ""element_label"": ""Silver"", ""element_type"": ""badge_modal"", ""event_name"": ""shown"", ""message"": ""You belong on the trading floor!"", ""total_trades"": 15, ""trader_id"": ""71aadda4-b0cf-4134-8d29-b96bf237f6fa""}",1789084131.551665
a229ad47-38df-424f-9e8c-29015afe999a,71aadda4-b0cf-4134-8d29-b96bf237f6fa,HUMAN,shown,badge_gif,silver,Silver,2026-09-10T23:48:51.113Z,2026-09-10T23:48:51.648120+00:00,"{""client_ts"": ""2026-09-10T23:48:51.113Z"", ""element_id"": ""silver"", ""element_label"": ""Silver"", ""element_type"": ""badge_gif"", ""event_name"": ""shown"", ""gif"": ""/static/trader_bridge_app/vue/assets/silver.gif"", ""trader_id"": ""71aadda4-b0cf-4134-8d29-b96bf237f6fa""}",1789084131.654996
7b3d258b-4a12-4f9d-af1c-ad1a3fc8344a,aeb13d2b-7a22-4f18-9880-d6d104e91f2f,HUMAN,shown,badge_unlock,diamond,Diamond,2026-09-10T23:48:55.875Z,2026-09-10T23:48:55.993240+00:00,"{""client_ts"": ""2026-09-10T23:48:55.875Z"", ""element_id"": ""diamond"", ""element_label"": ""Diamond"", ""element_type"": ""badge_unlock"", ""event_name"": ""shown"", ""total_trades_threshold"": 60, ""trader_id"": ""aeb13d2b-7a22-4f18-9880-d6d104e91f2f""}",1789084136.000732
7b3d258b-4a12-4f9d-af1c-ad1a3fc8344a,aeb13d2b-7a22-4f18-9880-d6d104e91f2f,HUMAN,shown,badge_modal,diamond,Diamond,2026-09-10T23:48:55.875Z,2026-09-10T23:48:56.068244+00:00,"{""client_ts"": ""2026-09-10T23:48:55.875Z"", ""element_id"": ""diamond"", ""element_label"": ""Diamond"", ""element_type"": ""badge_modal"", ""event_name"": ""shown"", ""message"": ""The Wolf of Wall Street"", ""total_trades"": 60, ""trader_id"": ""aeb13d2b-7a22-4f18-9880-d6d104e91f2f""}",1789084136.075345
7b3d258b-4a12-4f9d-af1c-ad1a3fc8344a,aeb13d2b-7a22-4f18-9880-d6d104e91f2f,HUMAN,shown,badge_gif,diamond,Diamond,2026-09-10T23:48:55.875Z,2026-09-10T23:48:56.157859+00:00,"{""client_ts"": ""2026-09-10T23:48:55.875Z"", ""element_id"": ""diamond"", ""element_label"": ""Diamond"", ""element_type"": ""badge_gif"", ""event_name"": ""shown"", ""gif"": ""/static/trader_bridge_app/vue/assets/diamond.gif"", ""trader_id"": ""aeb13d2b-7a22-4f18-9880-d6d104e91f2f""}",1789084136.165675
7b3d258b-4a12-4f9d-af1c-ad1a3fc8344a,a9323da3-2227-4386-aee6-f301e23076bc,HUMAN,shown,trend_alert,down-streak,down-streak,2026-09-10T23:49:00.558Z,2026-09-10T23:49:00.800648+00:00,"{""client_ts"": ""2026-09-10T23:49:00.558Z"", ""element_id"": ""down-streak"", ""element_label"": ""down-streak"", ""element_type"": ""trend_alert"", ""event_name"": ""shown"", ""message"": ""Price went down 3 times in the last 5 ticks!"", ""trader_id"": ""a9323da3-2227-4386-aee6-f301e23076bc""}",1789084140.808301
7b3d258b-4a12-4f9d-af1c-ad1a3fc8344a,bc951c28-c9e7-4d21-b631-b7153ded5747,HUMAN,shown,trend_alert,down-streak,down-streak,2026-09-10T23:49:00.561Z,2026-09-10T23:49:00.812084+00:00,"{""client_ts"": ""2026-09-10T23:49:00.561Z"", ""element_id"": ""down-streak"", ""element_label"": ""down-streak"", ""element_type"": ""trend_alert"", ""event_name"": ""shown"", ""message"": ""Price went down 3 times in the last 5 ticks!"", ""trader_id"": ""bc951c28-c9e7-4d21-b631-b7153ded5747""}",1789084140.819267
7b3d258b-4a12-4f9d-af1c-ad1a3fc8344a,aeb13d2b-7a22-4f18-9880-d6d104e91f2f,HUMAN,shown,trend_alert,down-streak,down-streak,2026-09-10T23:49:00.555Z,2026-09-10T23:49:00.823119+00:00,"{""client_ts"": ""2026-09-10T23:49:00.555Z"", ""element_id"": ""down-streak"", ""element_label"": ""down-streak"", ""element_type"": ""trend_alert"", ""event_name"": ""shown"", ""message"": ""Price went down 3 times in the last 5 ticks!"", ""trader_id"": ""aeb13d2b-7a22-4f18-9880-d6d104e91f2f""}",1789084140.831771
7b3d258b-4a12-4f9d-af1c-ad1a3fc8344a,8ae24871-ac2e-4566-b164-d561f4f8967d,HUMAN,shown,trend_alert,down-streak,down-streak,2026-09-10T23:49:00.542Z,2026-09-10T23:49:00.926228+00:00,"{""client_ts"": ""2026-09-10T23:49:00.542Z"", ""element_id"": ""down-streak"", ""element_label"": ""down-streak"", ""element_type"": ""trend_alert"", ""event_name"": ""shown"", ""message"": ""Price went down 3 times in the last 5 ticks!"", ""trader_id"": ""8ae24871-ac2e-4566-b164-d561f4f8967d""}",1789084140.937019
7b3d258b-4a12-4f9d-af1c-ad1a3fc8344a,37f1723e-8392-451b-9f82-b4b827848fc2,HUMAN,shown,trend_alert,down-streak,down-streak,2026-09-10T23:49:00.558Z,2026-09-10T23:49:00.940873+00:00,"{""client_ts"": ""2026-09-10T23:49:00.558Z"", ""element_id"": ""down-streak"", ""element_label"": ""down-streak"", ""element_type"": ""trend_alert"", ""event_name"": ""shown"", ""message"": ""Price went down 3 times in the last 5 ticks!"", ""trader_id"": ""37f1723e-8392-451b-9f82-b4b827848fc2""}",1789084140.949686
7b3d258b-4a12-4f9d-af1c-ad1a3fc8344a,762774e2-b466-4ce2-8abe-40516ad3a99a,HUMAN,shown,trend_alert,down-streak,down-streak,2026-09-10T23:49:00.564Z,2026-09-10T23:49:00.954171+00:00,"{""client_ts"": ""2026-09-10T23:49:00.564Z"", ""element_id"": ""down-streak"", ""element_label"": ""down-streak"", ""element_type"": ""trend_alert"", ""event_name"": ""shown"", ""message"": ""Price went down 3 times in the last 5 ticks!"", ""trader_id"": ""762774e2-b466-4ce2-8abe-40516ad3a99a""}",1789084140.961945
7b3d258b-4a12-4f9d-af1c-ad1a3fc8344a,bc951c28-c9e7-4d21-b631-b7153ded5747,HUMAN,shown,badge_unlock,silver,Silver,2026-09-10T23:49:03.751Z,2026-09-10T23:49:03.952899+00:00,"{""client_ts"": ""2026-09-10T23:49:03.751Z"", ""element_id"": ""silver"", ""element_label"": ""Silver"", ""element_type"": ""badge_unlock"", ""event_name"": ""shown"", ""total_trades_threshold"": 15, ""trader_id"": ""bc951c28-c9e7-4d21-b631-b7153ded5747""}",1789084143.961861
7b3d258b-4a12-4f9d-af1c-ad1a3fc8344a,bc951c28-c9e7-4d21-b631-b7153ded5747,HUMAN,shown,badge_modal,silver,Silver,2026-09-10T23:49:03.751Z,2026-09-10T23:49:03.970013+00:00,"{""client_ts"": ""2026-09-10T23:49:03.751Z"", ""element_id"": ""silver"", ""element_label"": ""Silver"", ""element_type"": ""badge_modal"", ""event_name"": ""shown"", ""message"": ""You belong on the trading floor!"", ""total_trades"": 15, ""trader_id"": ""bc951c28-c9e7-4d21-b631-b7153ded5747""}",1789084143.984909
7b3d258b-4a12-4f9d-af1c-ad1a3fc8344a,bc951c28-c9e7-4d21-b631-b7153ded5747,HUMAN,shown,badge_gif,silver,Silver,2026-09-10T23:49:03.751Z,2026-09-10T23:49:04.036671+00:00,"{""client_ts"": ""2026-09-10T23:49:03.751Z"", ""element_id"": ""silver"", ""element_label"": ""Silver"", ""element_type"": ""badge_gif"", ""event_name"": ""shown"", ""gif"": ""/static/trader_bridge_app/vue/assets/silver.gif"", ""trader_id"": ""bc951c28-c9e7-4d21-b631-b7153ded5747""}",1789084144.04585
7b3d258b-4a12-4f9d-af1c-ad1a3fc8344a,37f1723e-8392-451b-9f82-b4b827848fc2,HUMAN,shown,badge_unlock,diamond,Diamond,2026-09-10T23:49:06.314Z,2026-09-10T23:49:06.366691+00:00,"{""client_ts"": ""2026-09-10T23:49:06.314Z"", ""element_id"": ""diamond"", ""element_label"": ""Diamond"", ""element_type"": ""badge_unlock"", ""event_name"": ""shown"", ""total_trades_threshold"": 60, ""trader_id"": ""37f1723e-8392-451b-9f82-b4b827848fc2""}",1789084146.376217
7b3d258b-4a12-4f9d-af1c-ad1a3fc8344a,37f1723e-8392-451b-9f82-b4b827848fc2,HUMAN,shown,badge_modal,diamond,Diamond,2026-09-10T23:49:06.314Z,2026-09-10T23:49:06.383761+00:00,"{""client_ts"": ""2026-09-10T23:49:06.314Z"", ""element_id"": ""diamond"", ""element_label"": ""Diamond"", ""element_type"": ""badge_modal"", ""event_name"": ""shown"", ""message"": ""The Wolf of Wall Street"", ""total_trades"": 60, ""trader_id"": ""37f1723e-8392-451b-9f82-b4b827848fc2""}",1789084146.391776
7b3d258b-4a12-4f9d-af1c-ad1a3fc8344a,37f1723e-8392-451b-9f82-b4b827848fc2,HUMAN,shown,badge_gif,diamond,Diamond,2026-09-10T23:49:06.315Z,2026-09-10T23:49:06.400916+00:00,"{""client_ts"": ""2026-09-10T23:49:06.315Z"", ""element_id"": ""diamond"", ""element_label"": ""Diamond"", ""element_type"": ""badge_gif"", ""event_name"": ""shown"", ""gif"": ""/static/trader_bridge_app/vue/assets/diamond.gif"", ""trader_id"": ""37f1723e-8392-451b-9f82-b4b827848fc2""}",1789084146.412553
a229ad47-38df-424f-9e8c-29015afe999a,e8a6c6d7-29da-426c-99b9-c05a6136d710,HUMAN,shown,badge_unlock,bronze,Bronze,2026-09-10T23:49:07.545Z,2026-09-10T23:49:07.829857+00:00,"{""client_ts"": ""2026-09-10T23:49:07.545Z"", ""element_id"": ""bronze"", ""element_label"": ""Bronze"", ""element_type"": ""badge_unlock"", ""event_name"": ""shown"", ""total_trades_threshold"": 10, ""trader_id"": ""e8a6c6d7-29da-426c-99b9-c05a6136d710""}",1789084147.837704
a229ad47-38df-424f-9e8c-29015afe999a,e8a6c6d7-29da-426c-99b9-c05a6136d710,HUMAN,shown,badge_modal,bronze,Bronze,2026-09-10T23:49:07.546Z,2026-09-10T23:49:07.847566+00:00,"{""client_ts"": ""2026-09-10T23:49:07.546Z"", ""element_id"": ""bronze"", ""element_label"": ""Bronze"", ""element_type"": ""badge_modal"", ""event_name"": ""shown"", ""message"": ""Level up! Doing well"", ""total_trades"": 10, ""trader_id"": ""e8a6c6d7-29da-426c-99b9-c05a6136d710""}",1789084147.855605
a229ad47-38df-424f-9e8c-29015afe999a,e8a6c6d7-29da-426c-99b9-c05a6136d710,HUMAN,shown,badge_gif,bronze,Bronze,2026-09-10T23:49:07.546Z,2026-09-10T23:49:07.875006+00:00,"{""client_ts"": ""2026-09-10T23:49:07.546Z"", ""element_id"": ""bronze"", ""element_label"": ""Bronze"", ""element_type"": ""badge_gif"", ""event_name"": ""shown"", ""gif"": ""/static/trader_bridge_app/vue/assets/bronze.gif"", ""trader_id"": ""e8a6c6d7-29da-426c-99b9-c05a6136d710""}",1789084147.882949
569e552c-bdc3-4225-9eac-8a5a85e95d21,2b88ec82-bcbd-4576-b378-a1ecf086f829,HUMAN,shown,badge_unlock,diamond,Diamond,2026-09-10T23:49:11.144Z,2026-09-10T23:49:11.580550+00:00,"{""client_ts"": ""2026-09-10T23:49:11.144Z"", ""element_id"": ""diamond"", ""element_label"": ""Diamond"", ""element_type"": ""badge_unlock"", ""event_name"": ""shown"", ""total_trades_threshold"": 60, ""trader_id"": ""2b88ec82-bcbd-4576-b378-a1ecf086f829""}",1789084151.587852
569e552c-bdc3-4225-9eac-8a5a85e95d21,2b88ec82-bcbd-4576-b378-a1ecf086f829,HUMAN,shown,badge_modal,diamond,Diamond,2026-09-10T23:49:11.144Z,2026-09-10T23:49:11.743025+00:00,"{""client_ts"": ""2026-09-10T23:49:11.144Z"", ""element_id"": ""diamond"", ""element_label"": ""Diamond"", ""element_type"": ""badge_modal"", ""event_name"": ""shown"", ""message"": ""The Wolf of Wall Street"", ""total_trades"": 60, ""trader_id"": ""2b88ec82-bcbd-4576-b378-a1ecf086f829""}",1789084151.750796
569e552c-bdc3-4225-9eac-8a5a85e95d21,2b88ec82-bcbd-4576-b378-a1ecf086f829,HUMAN,shown,badge_gif,diamond,Diamond,2026-09-10T23:49:11.144Z,2026-09-10T23:49:11.961852+00:00,"{""client_ts"": ""2026-09-10T23:49:11.144Z"", ""element_id"": ""diamond"", ""element_label"": ""Diamond"", ""element_type"": ""badge_gif"", ""event_name"": ""shown"", ""gif"": ""/static/trader_bridge_app/vue/assets/diamond.gif"", ""trader_id"": ""2b88ec82-bcbd-4576-b378-a1ecf086f829""}",1789084151.97114
569e552c-bdc3-4225-9eac-8a5a85e95d21,fec04cce-92fe-4669-b66c-470e2aca1e3d,HUMAN,shown,badge_unlock,diamond,Diamond,2026-09-10T23:49:13.564Z,2026-09-10T23:49:13.846716+00:00,"{""client_ts"": ""2026-09-10T23:49:13.564Z"", ""element_id"": ""diamond"", ""element_label"": ""Diamond"", ""element_type"": ""badge_unlock"", ""event_name"": ""shown"", ""total_trades_threshold"": 60, ""trader_id"": ""fec04cce-92fe-4669-b66c-470e2aca1e3d""}",1789084153.85385
569e552c-bdc3-4225-9eac-8a5a85e95d21,fec04cce-92fe-4669-b66c-470e2aca1e3d,HUMAN,shown,badge_modal,diamond,Diamond,2026-09-10T23:49:13.564Z,2026-09-10T23:49:13.938332+00:00,"{""client_ts"": ""2026-09-10T23:49:13.564Z"", ""element_id"": ""diamond"", ""element_label"": ""Diamond"", ""element_type"": ""badge_modal"", ""event_name"": ""shown"", ""message"": ""The Wolf of Wall Street"", ""total_trades"": 60, ""trader_id"": ""fec04cce-92fe-4669-b66c-470e2aca1e3d""}",1789084153.948022
569e552c-bdc3-4225-9eac-8a5a85e95d21,fec04cce-92fe-4669-b66c-470e2aca1e3d,HUMAN,shown,badge_gif,diamond,Diamond,2026-09-10T23:49:13.564Z,2026-09-10T23:49:14.013922+00:00,"{""client_ts"": ""2026-09-10T23:49:13.564Z"", ""element_id"": ""diamond"", ""element_label"": ""Diamond"", ""element_type"": ""badge_gif"", ""event_name"": ""shown"", ""gif"": ""/static/trader_bridge_app/vue/assets/diamond.gif"", ""trader_id"": ""fec04cce-92fe-4669-b66c-470e2aca1e3d""}",1789084154.022338
7b3d258b-4a12-4f9d-af1c-ad1a3fc8344a,a9323da3-2227-4386-aee6-f301e23076bc,HUMAN,shown,trend_alert,up-streak,up-streak,2026-09-10T23:49:19.486Z,2026-09-10T23:49:19.584145+00:00,"{""client_ts"": ""2026-09-10T23:49:19.486Z"", ""element_id"": ""up-streak"", ""element_label"": ""up-streak"", ""element_type"": ""trend_alert"", ""event_name"": ""shown"", ""message"": ""Price went up 3 times in the last 5 ticks!"", ""trader_id"": ""a9323da3-2227-4386-aee6-f301e23076bc""}",1789084159.593744
7b3d258b-4a12-4f9d-af1c-ad1a3fc8344a,8ae24871-ac2e-4566-b164-d561f4f8967d,HUMAN,shown,trend_alert,up-streak,up-streak,2026-09-10T23:49:19.473Z,2026-09-10T23:49:19.598800+00:00,"{""client_ts"": ""2026-09-10T23:49:19.473Z"", ""element_id"": ""up-streak"", ""element_label"": ""up-streak"", ""element_type"": ""trend_alert"", ""event_name"": ""shown"", ""message"": ""Price went up 3 times in the last 5 ticks!"", ""trader_id"": ""8ae24871-ac2e-4566-b164-d561f4f8967d""}",1789084159.606889
7b3d258b-4a12-4f9d-af1c-ad1a3fc8344a,aeb13d2b-7a22-4f18-9880-d6d104e91f2f,HUMAN,shown,trend_alert,up-streak,up-streak,2026-09-10T23:49:19.482Z,2026-09-10T23:49:19.610735+00:00,"{""client_ts"": ""2026-09-10T23:49:19.482Z"", ""element_id"": ""up-streak"", ""element_label"": ""up-streak"", ""element_type"": ""trend_alert"", ""event_name"": ""shown"", ""message"": ""Price went up 3 times in the last 5 ticks!"", ""trader_id"": ""aeb13d2b-7a22-4f18-9880-d6d104e91f2f""}",1789084159.618061
7b3d258b-4a12-4f9d-af1c-ad1a3fc8344a,bc951c28-c9e7-4d21-b631-b7153ded5747,HUMAN,shown,trend_alert,up-streak,up-streak,2026-09-10T23:49:19.490Z,2026-09-10T23:49:19.624825+00:00,"{""client_ts"": ""2026-09-10T23:49:19.490Z"", ""element_id"": ""up-streak"", ""element_label"": ""up-streak"", ""element_type"": ""trend_alert"", ""event_name"": ""shown"", ""message"": ""Price went up 3 times in the last 5 ticks!"", ""trader_id"": ""bc951c28-c9e7-4d21-b631-b7153ded5747""}",1789084159.63265
7b3d258b-4a12-4f9d-af1c-ad1a3fc8344a,37f1723e-8392-451b-9f82-b4b827848fc2,HUMAN,shown,trend_alert,up-streak,up-streak,2026-09-10T23:49:19.485Z,2026-09-10T23:49:19.636480+00:00,"{""client_ts"": ""2026-09-10T23:49:19.485Z"", ""element_id"": ""up-streak"", ""element_label"": ""up-streak"", ""element_type"": ""trend_alert"", ""event_name"": ""shown"", ""message"": ""Price went up 3 times in the last 5 ticks!"", ""trader_id"": ""37f1723e-8392-451b-9f82-b4b827848fc2""}",1789084159.645819
7b3d258b-4a12-4f9d-af1c-ad1a3fc8344a,762774e2-b466-4ce2-8abe-40516ad3a99a,HUMAN,shown,trend_alert,up-streak,up-streak,2026-09-10T23:49:19.494Z,2026-09-10T23:49:19.649852+00:00,"{""client_ts"": ""2026-09-10T23:49:19.494Z"", ""element_id"": ""up-streak"", ""element_label"": ""up-streak"", ""element_type"": ""trend_alert"", ""event_name"": ""shown"", ""message"": ""Price went up 3 times in the last 5 ticks!"", ""trader_id"": ""762774e2-b466-4ce2-8abe-40516ad3a99a""}",1789084159.657801
a229ad47-38df-424f-9e8c-29015afe999a,52bbd479-e5b6-47d7-a659-699d45d00809,HUMAN,shown,badge_unlock,gold,Gold,2026-09-10T23:49:19.495Z,2026-09-10T23:49:19.663920+00:00,"{""client_ts"": ""2026-09-10T23:49:19.495Z"", ""element_id"": ""gold"", ""element_label"": ""Gold"", ""element_type"": ""badge_unlock"", ""event_name"": ""shown"", ""total_trades_threshold"": 35, ""trader_id"": ""52bbd479-e5b6-47d7-a659-699d45d00809""}",1789084159.671921
a229ad47-38df-424f-9e8c-29015afe999a,52bbd479-e5b6-47d7-a659-699d45d00809,HUMAN,shown,badge_modal,gold,Gold,2026-09-10T23:49:19.495Z,2026-09-10T23:49:19.680858+00:00,"{""client_ts"": ""2026-09-10T23:49:19.495Z"", ""element_id"": ""gold"", ""element_label"": ""Gold"", ""element_type"": ""badge_modal"", ""event_name"": ""shown"", ""message"": ""You are the money maker!"", ""total_trades"": 35, ""trader_id"": ""52bbd479-e5b6-47d7-a659-699d45d00809""}",1789084159.690652
a229ad47-38df-424f-9e8c-29015afe999a,52bbd479-e5b6-47d7-a659-699d45d00809,HUMAN,shown,badge_gif,gold,Gold,2026-09-10T23:49:19.495Z,2026-09-10T23:49:19.757054+00:00,"{""client_ts"": ""2026-09-10T23:49:19.495Z"", ""element_id"": ""gold"", ""element_label"": ""Gold"", ""element_type"": ""badge_gif"", ""event_name"": ""shown"", ""gif"": ""/static/trader_bridge_app/vue/assets/gold.gif"", ""trader_id"": ""52bbd479-e5b6-47d7-a659-699d45d00809""}",1789084159.766113
a229ad47-38df-424f-9e8c-29015afe999a,e8a6c6d7-29da-426c-99b9-c05a6136d710,HUMAN,shown,trend_alert,up-streak,up-streak,2026-09-10T23:49:19.934Z,2026-09-10T23:49:20.189835+00:00,"{""client_ts"": ""2026-09-10T23:49:19.934Z"", ""element_id"": ""up-streak"", ""element_label"": ""up-streak"", ""element_type"": ""trend_alert"", ""event_name"": ""shown"", ""message"": ""Price went up 3 times in the last 5 ticks!"", ""trader_id"": ""e8a6c6d7-29da-426c-99b9-c05a6136d710""}",1789084160.199398
a229ad47-38df-424f-9e8c-29015afe999a,1d56126f-bf8f-4436-825b-271721e7a05c,HUMAN,shown,trend_alert,up-streak,up-streak,2026-09-10T23:49:19.942Z,2026-09-10T23:49:20.205605+00:00,"{""client_ts"": ""2026-09-10T23:49:19.942Z"", ""element_id"": ""up-streak"", ""element_label"": ""up-streak"", ""element_type"": ""trend_alert"", ""event_name"": ""shown"", ""message"": ""Price went up 3 times in the last 5 ticks!"", ""trader_id"": ""1d56126f-bf8f-4436-825b-271721e7a05c""}",1789084160.215297
a229ad47-38df-424f-9e8c-29015afe999a,52bbd479-e5b6-47d7-a659-699d45d00809,HUMAN,shown,trend_alert,up-streak,up-streak,2026-09-10T23:49:19.986Z,2026-09-10T23:49:20.219144+00:00,"{""client_ts"": ""2026-09-10T23:49:19.986Z"", ""element_id"": ""up-streak"", ""element_label"": ""up-streak"", ""element_type"": ""trend_alert"", ""event_name"": ""shown"", ""message"": ""Price went up 3 times in the last 5 ticks!"", ""trader_id"": ""52bbd479-e5b6-47d7-a659-699d45d00809""}",1789084160.226466
a229ad47-38df-424f-9e8c-29015afe999a,129f53ed-1688-44c0-b8a7-dba126a8d4a4,HUMAN,shown,trend_alert,up-streak,up-streak,2026-09-10T23:49:20.013Z,2026-09-10T23:49:20.302603+00:00,"{""client_ts"": ""2026-09-10T23:49:20.013Z"", ""element_id"": ""up-streak"", ""element_label"": ""up-streak"", ""element_type"": ""trend_alert"", ""event_name"": ""shown"", ""message"": ""Price went up 3 times in the last 5 ticks!"", ""trader_id"": ""129f53ed-1688-44c0-b8a7-dba126a8d4a4""}",1789084160.310651
a229ad47-38df-424f-9e8c-29015afe999a,71aadda4-b0cf-4134-8d29-b96bf237f6fa,HUMAN,shown,trend_alert,up-streak,up-streak,2026-09-10T23:49:20.016Z,2026-09-10T23:49:20.314593+00:00,"{""client_ts"": ""2026-09-10T23:49:20.016Z"", ""element_id"": ""up-streak"", ""element_label"": ""up-streak"", ""element_type"": ""trend_alert"", ""event_name"": ""shown"", ""message"": ""Price went up 3 times in the last 5 ticks!"", ""trader_id"": ""71aadda4-b0cf-4134-8d29-b96bf237f6fa""}",1789084160.322599
a229ad47-38df-424f-9e8c-29015afe999a,573ef7bc-96a2-4198-8a8a-064ae31d5563,HUMAN,shown,trend_alert,up-streak,up-streak,2026-09-10T23:49:20.021Z,2026-09-10T23:49:20.326596+00:00,"{""client_ts"": ""2026-09-10T23:49:20.021Z"", ""element_id"": ""up-streak"", ""element_label"": ""up-streak"", ""element_type"": ""trend_alert"", ""event_name"": ""shown"", ""message"": ""Price went up 3 times in the last 5 ticks!"", ""trader_id"": ""573ef7bc-96a2-4198-8a8a-064ae31d5563""}",1789084160.334444
a229ad47-38df-424f-9e8c-29015afe999a,573ef7bc-96a2-4198-8a8a-064ae31d5563,HUMAN,shown,badge_unlock,gold,Gold,2026-09-10T23:49:29.671Z,2026-09-10T23:49:29.745887+00:00,"{""client_ts"": ""2026-09-10T23:49:29.671Z"", ""element_id"": ""gold"", ""element_label"": ""Gold"", ""element_type"": ""badge_unlock"", ""event_name"": ""shown"", ""total_trades_threshold"": 35, ""trader_id"": ""573ef7bc-96a2-4198-8a8a-064ae31d5563""}",1789084169.756423
a229ad47-38df-424f-9e8c-29015afe999a,573ef7bc-96a2-4198-8a8a-064ae31d5563,HUMAN,shown,badge_modal,gold,Gold,2026-09-10T23:49:29.672Z,2026-09-10T23:49:29.764926+00:00,"{""client_ts"": ""2026-09-10T23:49:29.672Z"", ""element_id"": ""gold"", ""element_label"": ""Gold"", ""element_type"": ""badge_modal"", ""event_name"": ""shown"", ""message"": ""You are the money maker!"", ""total_trades"": 35, ""trader_id"": ""573ef7bc-96a2-4198-8a8a-064ae31d5563""}",1789084169.772866
a229ad47-38df-424f-9e8c-29015afe999a,573ef7bc-96a2-4198-8a8a-064ae31d5563,HUMAN,shown,badge_gif,gold,Gold,2026-09-10T23:49:29.672Z,2026-09-10T23:49:29.780832+00:00,"{""client_ts"": ""2026-09-10T23:49:29.672Z"", ""element_id"": ""gold"", ""element_label"": ""Gold"", ""element_type"": ""badge_gif"", ""event_name"": ""shown"", ""gif"": ""/static/trader_bridge_app/vue/assets/gold.gif"", ""trader_id"": ""573ef7bc-96a2-4198-8a8a-064ae31d5563""}",1789084169.790186
a229ad47-38df-424f-9e8c-29015afe999a,e8a6c6d7-29da-426c-99b9-c05a6136d710,HUMAN,shown,trend_alert,up-streak,up-streak,2026-09-10T23:49:37.313Z,2026-09-10T23:49:37.399656+00:00,"{""client_ts"": ""2026-09-10T23:49:37.313Z"", ""element_id"": ""up-streak"", ""element_label"": ""up-streak"", ""element_type"": ""trend_alert"", ""event_name"": ""shown"", ""message"": ""Price went up 3 times in the last 5 ticks!"", ""trader_id"": ""e8a6c6d7-29da-426c-99b9-c05a6136d710""}",1789084177.407316
a229ad47-38df-424f-9e8c-29015afe999a,52bbd479-e5b6-47d7-a659-699d45d00809,HUMAN,shown,trend_alert,up-streak,up-streak,2026-09-10T23:49:37.346Z,2026-09-10T23:49:37.415327+00:00,"{""client_ts"": ""2026-09-10T23:49:37.346Z"", ""element_id"": ""up-streak"", ""element_label"": ""up-streak"", ""element_type"": ""trend_alert"", ""event_name"": ""shown"", ""message"": ""Price went up 3 times in the last 5 ticks!"", ""trader_id"": ""52bbd479-e5b6-47d7-a659-699d45d00809""}",1789084177.42323
a229ad47-38df-424f-9e8c-29015afe999a,1d56126f-bf8f-4436-825b-271721e7a05c,HUMAN,shown,trend_alert,up-streak,up-streak,2026-09-10T23:49:37.304Z,2026-09-10T23:49:37.428298+00:00,"{""client_ts"": ""2026-09-10T23:49:37.304Z"", ""element_id"": ""up-streak"", ""element_label"": ""up-streak"", ""element_type"": ""trend_alert"", ""event_name"": ""shown"", ""message"": ""Price went up 3 times in the last 5 ticks!"", ""trader_id"": ""1d56126f-bf8f-4436-825b-271721e7a05c""}",1789084177.437234
a229ad47-38df-424f-9e8c-29015afe999a,573ef7bc-96a2-4198-8a8a-064ae31d5563,HUMAN,shown,trend_alert,up-streak,up-streak,2026-09-10T23:49:37.337Z,2026-09-10T23:49:37.440727+00:00,"{""client_ts"": ""2026-09-10T23:49:37.337Z"", ""element_id"": ""up-streak"", ""element_label"": ""up-streak"", ""element_type"": ""trend_alert"", ""event_name"": ""shown"", ""message"": ""Price went up 3 times in the last 5 ticks!"", ""trader_id"": ""573ef7bc-96a2-4198-8a8a-064ae31d5563""}",1789084177.450372
a229ad47-38df-424f-9e8c-29015afe999a,71aadda4-b0cf-4134-8d29-b96bf237f6fa,HUMAN,shown,trend_alert,up-streak,up-streak,2026-09-10T23:49:37.348Z,2026-09-10T23:49:37.454265+00:00,"{""client_ts"": ""2026-09-10T23:49:37.348Z"", ""element_id"": ""up-streak"", ""element_label"": ""up-streak"", ""element_type"": ""trend_alert"", ""event_name"": ""shown"", ""message"": ""Price went up 3 times in the last 5 ticks!"", ""trader_id"": ""71aadda4-b0cf-4134-8d29-b96bf237f6fa""}",1789084177.464334
a229ad47-38df-424f-9e8c-29015afe999a,129f53ed-1688-44c0-b8a7-dba126a8d4a4,HUMAN,shown,trend_alert,up-streak,up-streak,2026-09-10T23:49:37.347Z,2026-09-10T23:49:37.469939+00:00,"{""client_ts"": ""2026-09-10T23:49:37.347Z"", ""element_id"": ""up-streak"", ""element_label"": ""up-streak"", ""element_type"": ""trend_alert"", ""event_name"": ""shown"", ""message"": ""Price went up 3 times in the last 5 ticks!"", ""trader_id"": ""129f53ed-1688-44c0-b8a7-dba126a8d4a4""}",1789084177.479683
a229ad47-38df-424f-9e8c-29015afe999a,52bbd479-e5b6-47d7-a659-699d45d00809,HUMAN,shown,badge_unlock,platinum,Platinum,2026-09-10T23:49:42.984Z,2026-09-10T23:49:43.173292+00:00,"{""client_ts"": ""2026-09-10T23:49:42.984Z"", ""element_id"": ""platinum"", ""element_label"": ""Platinum"", ""element_type"": ""badge_unlock"", ""event_name"": ""shown"", ""total_trades_threshold"": 50, ""trader_id"": ""52bbd479-e5b6-47d7-a659-699d45d00809""}",1789084183.181133
a229ad47-38df-424f-9e8c-29015afe999a,52bbd479-e5b6-47d7-a659-699d45d00809,HUMAN,shown,badge_modal,platinum,Platinum,2026-09-10T23:49:42.984Z,2026-09-10T23:49:43.251226+00:00,"{""client_ts"": ""2026-09-10T23:49:42.984Z"", ""element_id"": ""platinum"", ""element_label"": ""Platinum"", ""element_type"": ""badge_modal"", ""event_name"": ""shown"", ""message"": ""You are definitely going places!"", ""total_trades"": 50, ""trader_id"": ""52bbd479-e5b6-47d7-a659-699d45d00809""}",1789084183.261454
a229ad47-38df-424f-9e8c-29015afe999a,52bbd479-e5b6-47d7-a659-699d45d00809,HUMAN,shown,badge_gif,platinum,Platinum,2026-09-10T23:49:42.984Z,2026-09-10T23:49:43.356150+00:00,"{""client_ts"": ""2026-09-10T23:49:42.984Z"", ""element_id"": ""platinum"", ""element_label"": ""Platinum"", ""element_type"": ""badge_gif"", ""event_name"": ""shown"", ""gif"": ""/static/trader_bridge_app/vue/assets/platinum.gif"", ""trader_id"": ""52bbd479-e5b6-47d7-a659-699d45d00809""}",1789084183.365315
569e552c-bdc3-4225-9eac-8a5a85e95d21,2184bbcc-e8b9-4c8e-9d7b-c8bdee118476,HUMAN,shown,badge_unlock,diamond,Diamond,2026-09-10T23:49:56.644Z,2026-09-10T23:49:56.772692+00:00,"{""client_ts"": ""2026-09-10T23:49:56.644Z"", ""element_id"": ""diamond"", ""element_label"": ""Diamond"", ""element_type"": ""badge_unlock"", ""event_name"": ""shown"", ""total_trades_threshold"": 60, ""trader_id"": ""2184bbcc-e8b9-4c8e-9d7b-c8bdee118476""}",1789084196.783589
569e552c-bdc3-4225-9eac-8a5a85e95d21,2184bbcc-e8b9-4c8e-9d7b-c8bdee118476,HUMAN,shown,badge_modal,diamond,Diamond,2026-09-10T23:49:56.645Z,2026-09-10T23:49:56.789877+00:00,"{""client_ts"": ""2026-09-10T23:49:56.645Z"", ""element_id"": ""diamond"", ""element_label"": ""Diamond"", ""element_type"": ""badge_modal"", ""event_name"": ""shown"", ""message"": ""The Wolf of Wall Street"", ""total_trades"": 60, ""trader_id"": ""2184bbcc-e8b9-4c8e-9d7b-c8bdee118476""}",1789084196.798409
569e552c-bdc3-4225-9eac-8a5a85e95d21,2184bbcc-e8b9-4c8e-9d7b-c8bdee118476,HUMAN,shown,badge_gif,diamond,Diamond,2026-09-10T23:49:56.645Z,2026-09-10T23:49:56.804534+00:00,"{""client_ts"": ""2026-09-10T23:49:56.645Z"", ""element_id"": ""diamond"", ""element_label"": ""Diamond"", ""element_type"": ""badge_gif"", ""event_name"": ""shown"", ""gif"": ""/static/trader_bridge_app/vue/assets/diamond.gif"", ""trader_id"": ""2184bbcc-e8b9-4c8e-9d7b-c8bdee118476""}",1789084196.813885
7b3d258b-4a12-4f9d-af1c-ad1a3fc8344a,762774e2-b466-4ce2-8abe-40516ad3a99a,HUMAN,shown,badge_unlock,platinum,Platinum,2026-09-10T23:50:20.563Z,2026-09-10T23:50:20.646048+00:00,"{""client_ts"": ""2026-09-10T23:50:20.563Z"", ""element_id"": ""platinum"", ""element_label"": ""Platinum"", ""element_type"": ""badge_unlock"", ""event_name"": ""shown"", ""total_trades_threshold"": 50, ""trader_id"": ""762774e2-b466-4ce2-8abe-40516ad3a99a""}",1789084220.654676
7b3d258b-4a12-4f9d-af1c-ad1a3fc8344a,762774e2-b466-4ce2-8abe-40516ad3a99a,HUMAN,shown,badge_modal,platinum,Platinum,2026-09-10T23:50:20.563Z,2026-09-10T23:50:20.661023+00:00,"{""client_ts"": ""2026-09-10T23:50:20.563Z"", ""element_id"": ""platinum"", ""element_label"": ""Platinum"", ""element_type"": ""badge_modal"", ""event_name"": ""shown"", ""message"": ""You are definitely going places!"", ""total_trades"": 50, ""trader_id"": ""762774e2-b466-4ce2-8abe-40516ad3a99a""}",1789084220.668709
7b3d258b-4a12-4f9d-af1c-ad1a3fc8344a,762774e2-b466-4ce2-8abe-40516ad3a99a,HUMAN,shown,badge_gif,platinum,Platinum,2026-09-10T23:50:20.563Z,2026-09-10T23:50:20.728111+00:00,"{""client_ts"": ""2026-09-10T23:50:20.563Z"", ""element_id"": ""platinum"", ""element_label"": ""Platinum"", ""element_type"": ""badge_gif"", ""event_name"": ""shown"", ""gif"": ""/static/trader_bridge_app/vue/assets/platinum.gif"", ""trader_id"": ""762774e2-b466-4ce2-8abe-40516ad3a99a""}",1789084220.736234
7b3d258b-4a12-4f9d-af1c-ad1a3fc8344a,8ae24871-ac2e-4566-b164-d561f4f8967d,HUMAN,shown,badge_unlock,platinum,Platinum,2026-09-10T23:50:27.578Z,2026-09-10T23:50:28.145957+00:00,"{""client_ts"": ""2026-09-10T23:50:27.578Z"", ""element_id"": ""platinum"", ""element_label"": ""Platinum"", ""element_type"": ""badge_unlock"", ""event_name"": ""shown"", ""total_trades_threshold"": 50, ""trader_id"": ""8ae24871-ac2e-4566-b164-d561f4f8967d""}",1789084228.153786
7b3d258b-4a12-4f9d-af1c-ad1a3fc8344a,8ae24871-ac2e-4566-b164-d561f4f8967d,HUMAN,shown,badge_modal,platinum,Platinum,2026-09-10T23:50:27.578Z,2026-09-10T23:50:28.694554+00:00,"{""client_ts"": ""2026-09-10T23:50:27.578Z"", ""element_id"": ""platinum"", ""element_label"": ""Platinum"", ""element_type"": ""badge_modal"", ""event_name"": ""shown"", ""message"": ""You are definitely going places!"", ""total_trades"": 50, ""trader_id"": ""8ae24871-ac2e-4566-b164-d561f4f8967d""}",1789084228.702531
7b3d258b-4a12-4f9d-af1c-ad1a3fc8344a,8ae24871-ac2e-4566-b164-d561f4f8967d,HUMAN,shown,badge_gif,platinum,Platinum,2026-09-10T23:50:27.578Z,2026-09-10T23:50:28.913435+00:00,"{""client_ts"": ""2026-09-10T23:50:27.578Z"", ""element_id"": ""platinum"", ""element_label"": ""Platinum"", ""element_type"": ""badge_gif"", ""event_name"": ""shown"", ""gif"": ""/static/trader_bridge_app/vue/assets/platinum.gif"", ""trader_id"": ""8ae24871-ac2e-4566-b164-d561f4f8967d""}",1789084228.926398
7b3d258b-4a12-4f9d-af1c-ad1a3fc8344a,aeb13d2b-7a22-4f18-9880-d6d104e91f2f,HUMAN,shown,trend_alert,down-streak,down-streak,2026-09-10T23:50:29.088Z,2026-09-10T23:50:29.509954+00:00,"{""client_ts"": ""2026-09-10T23:50:29.088Z"", ""element_id"": ""down-streak"", ""element_label"": ""down-streak"", ""element_type"": ""trend_alert"", ""event_name"": ""shown"", ""message"": ""Price went down 3 times in the last 5 ticks!"", ""trader_id"": ""aeb13d2b-7a22-4f18-9880-d6d104e91f2f""}",1789084229.518014
7b3d258b-4a12-4f9d-af1c-ad1a3fc8344a,37f1723e-8392-451b-9f82-b4b827848fc2,HUMAN,shown,trend_alert,down-streak,down-streak,2026-09-10T23:50:29.089Z,2026-09-10T23:50:29.521745+00:00,"{""client_ts"": ""2026-09-10T23:50:29.089Z"", ""element_id"": ""down-streak"", ""element_label"": ""down-streak"", ""element_type"": ""trend_alert"", ""event_name"": ""shown"", ""message"": ""Price went down 3 times in the last 5 ticks!"", ""trader_id"": ""37f1723e-8392-451b-9f82-b4b827848fc2""}",1789084229.530203
7b3d258b-4a12-4f9d-af1c-ad1a3fc8344a,762774e2-b466-4ce2-8abe-40516ad3a99a,HUMAN,shown,trend_alert,down-streak,down-streak,2026-09-10T23:50:29.096Z,2026-09-10T23:50:29.535091+00:00,"{""client_ts"": ""2026-09-10T23:50:29.096Z"", ""element_id"": ""down-streak"", ""element_label"": ""down-streak"", ""element_type"": ""trend_alert"", ""event_name"": ""shown"", ""message"": ""Price went down 3 times in the last 5 ticks!"", ""trader_id"": ""762774e2-b466-4ce2-8abe-40516ad3a99a""}",1789084229.5426
7b3d258b-4a12-4f9d-af1c-ad1a3fc8344a,a9323da3-2227-4386-aee6-f301e23076bc,HUMAN,shown,trend_alert,down-streak,down-streak,2026-09-10T23:50:29.090Z,2026-09-10T23:50:29.614054+00:00,"{""client_ts"": ""2026-09-10T23:50:29.090Z"", ""element_id"": ""down-streak"", ""element_label"": ""down-streak"", ""element_type"": ""trend_alert"", ""event_name"": ""shown"", ""message"": ""Price went down 3 times in the last 5 ticks!"", ""trader_id"": ""a9323da3-2227-4386-aee6-f301e23076bc""}",1789084229.633411
7b3d258b-4a12-4f9d-af1c-ad1a3fc8344a,bc951c28-c9e7-4d21-b631-b7153ded5747,HUMAN,shown,trend_alert,down-streak,down-streak,2026-09-10T23:50:29.101Z,2026-09-10T23:50:29.638233+00:00,"{""client_ts"": ""2026-09-10T23:50:29.101Z"", ""element_id"": ""down-streak"", ""element_label"": ""down-streak"", ""element_type"": ""trend_alert"", ""event_name"": ""shown"", ""message"": ""Price went down 3 times in the last 5 ticks!"", ""trader_id"": ""bc951c28-c9e7-4d21-b631-b7153ded5747""}",1789084229.648704
7b3d258b-4a12-4f9d-af1c-ad1a3fc8344a,8ae24871-ac2e-4566-b164-d561f4f8967d,HUMAN,shown,trend_alert,down-streak,down-streak,2026-09-10T23:50:29.085Z,2026-09-10T23:50:29.655188+00:00,"{""client_ts"": ""2026-09-10T23:50:29.085Z"", ""element_id"": ""down-streak"", ""element_label"": ""down-streak"", ""element_type"": ""trend_alert"", ""event_name"": ""shown"", ""message"": ""Price went down 3 times in the last 5 ticks!"", ""trader_id"": ""8ae24871-ac2e-4566-b164-d561f4f8967d""}",1789084229.66398
7b3d258b-4a12-4f9d-af1c-ad1a3fc8344a,a9323da3-2227-4386-aee6-f301e23076bc,HUMAN,shown,trend_alert,up-streak,up-streak,2026-09-10T23:50:49.252Z,2026-09-10T23:50:49.595667+00:00,"{""client_ts"": ""2026-09-10T23:50:49.252Z"", ""element_id"": ""up-streak"", ""element_label"": ""up-streak"", ""element_type"": ""trend_alert"", ""event_name"": ""shown"", ""message"": ""Price went up 3 times in the last 5 ticks!"", ""trader_id"": ""a9323da3-2227-4386-aee6-f301e23076bc""}",1789084249.603813
7b3d258b-4a12-4f9d-af1c-ad1a3fc8344a,8ae24871-ac2e-4566-b164-d561f4f8967d,HUMAN,shown,trend_alert,up-streak,up-streak,2026-09-10T23:50:49.245Z,2026-09-10T23:50:49.607678+00:00,"{""client_ts"": ""2026-09-10T23:50:49.245Z"", ""element_id"": ""up-streak"", ""element_label"": ""up-streak"", ""element_type"": ""trend_alert"", ""event_name"": ""shown"", ""message"": ""Price went up 3 times in the last 5 ticks!"", ""trader_id"": ""8ae24871-ac2e-4566-b164-d561f4f8967d""}",1789084249.617642
7b3d258b-4a12-4f9d-af1c-ad1a3fc8344a,bc951c28-c9e7-4d21-b631-b7153ded5747,HUMAN,shown,trend_alert,up-streak,up-streak,2026-09-10T23:50:49.262Z,2026-09-10T23:50:49.621328+00:00,"{""client_ts"": ""2026-09-10T23:50:49.262Z"", ""element_id"": ""up-streak"", ""element_label"": ""up-streak"", ""element_type"": ""trend_alert"", ""event_name"": ""shown"", ""message"": ""Price went up 3 times in the last 5 ticks!"", ""trader_id"": ""bc951c28-c9e7-4d21-b631-b7153ded5747""}",1789084249.628643
7b3d258b-4a12-4f9d-af1c-ad1a3fc8344a,aeb13d2b-7a22-4f18-9880-d6d104e91f2f,HUMAN,shown,trend_alert,up-streak,up-streak,2026-09-10T23:50:49.250Z,2026-09-10T23:50:49.771579+00:00,"{""client_ts"": ""2026-09-10T23:50:49.250Z"", ""element_id"": ""up-streak"", ""element_label"": ""up-streak"", ""element_type"": ""trend_alert"", ""event_name"": ""shown"", ""message"": ""Price went up 3 times in the last 5 ticks!"", ""trader_id"": ""aeb13d2b-7a22-4f18-9880-d6d104e91f2f""}",1789084249.779207
7b3d258b-4a12-4f9d-af1c-ad1a3fc8344a,762774e2-b466-4ce2-8abe-40516ad3a99a,HUMAN,shown,trend_alert,up-streak,up-streak,2026-09-10T23:50:49.263Z,2026-09-10T23:50:49.782984+00:00,"{""client_ts"": ""2026-09-10T23:50:49.263Z"", ""element_id"": ""up-streak"", ""element_label"": ""up-streak"", ""element_type"": ""trend_alert"", ""event_name"": ""shown"", ""message"": ""Price went up 3 times in the last 5 ticks!"", ""trader_id"": ""762774e2-b466-4ce2-8abe-40516ad3a99a""}",1789084249.790544
7b3d258b-4a12-4f9d-af1c-ad1a3fc8344a,37f1723e-8392-451b-9f82-b4b827848fc2,HUMAN,shown,trend_alert,up-streak,up-streak,2026-09-10T23:50:49.250Z,2026-09-10T23:50:49.794066+00:00,"{""client_ts"": ""2026-09-10T23:50:49.250Z"", ""element_id"": ""up-streak"", ""element_label"": ""up-streak"", ""element_type"": ""trend_alert"", ""event_name"": ""shown"", ""message"": ""Price went up 3 times in the last 5 ticks!"", ""trader_id"": ""37f1723e-8392-451b-9f82-b4b827848fc2""}",1789084249.801244
7b3d258b-4a12-4f9d-af1c-ad1a3fc8344a,a9323da3-2227-4386-aee6-f301e23076bc,HUMAN,shown,trend_alert,up-streak,up-streak,2026-09-10T23:51:45.591Z,2026-09-10T23:51:46.151516+00:00,"{""client_ts"": ""2026-09-10T23:51:45.591Z"", ""element_id"": ""up-streak"", ""element_label"": ""up-streak"", ""element_type"": ""trend_alert"", ""event_name"": ""shown"", ""message"": ""Price went up 3 times in the last 5 ticks!"", ""trader_id"": ""a9323da3-2227-4386-aee6-f301e23076bc""}",1789084306.161692
7b3d258b-4a12-4f9d-af1c-ad1a3fc8344a,762774e2-b466-4ce2-8abe-40516ad3a99a,HUMAN,shown,trend_alert,up-streak,up-streak,2026-09-10T23:51:45.597Z,2026-09-10T23:51:46.165578+00:00,"{""client_ts"": ""2026-09-10T23:51:45.597Z"", ""element_id"": ""up-streak"", ""element_label"": ""up-streak"", ""element_type"": ""trend_alert"", ""event_name"": ""shown"", ""message"": ""Price went up 3 times in the last 5 ticks!"", ""trader_id"": ""762774e2-b466-4ce2-8abe-40516ad3a99a""}",1789084306.173138
7b3d258b-4a12-4f9d-af1c-ad1a3fc8344a,bc951c28-c9e7-4d21-b631-b7153ded5747,HUMAN,shown,trend_alert,up-streak,up-streak,2026-09-10T23:51:45.602Z,2026-09-10T23:51:46.176947+00:00,"{""client_ts"": ""2026-09-10T23:51:45.602Z"", ""element_id"": ""up-streak"", ""element_label"": ""up-streak"", ""element_type"": ""trend_alert"", ""event_name"": ""shown"", ""message"": ""Price went up 3 times in the last 5 ticks!"", ""trader_id"": ""bc951c28-c9e7-4d21-b631-b7153ded5747""}",1789084306.18556
7b3d258b-4a12-4f9d-af1c-ad1a3fc8344a,aeb13d2b-7a22-4f18-9880-d6d104e91f2f,HUMAN,shown,trend_alert,up-streak,up-streak,2026-09-10T23:51:45.588Z,2026-09-10T23:51:46.196697+00:00,"{""client_ts"": ""2026-09-10T23:51:45.588Z"", ""element_id"": ""up-streak"", ""element_label"": ""up-streak"", ""element_type"": ""trend_alert"", ""event_name"": ""shown"", ""message"": ""Price went up 3 times in the last 5 ticks!"", ""trader_id"": ""aeb13d2b-7a22-4f18-9880-d6d104e91f2f""}",1789084306.205495
7b3d258b-4a12-4f9d-af1c-ad1a3fc8344a,8ae24871-ac2e-4566-b164-d561f4f8967d,HUMAN,shown,trend_alert,up-streak,up-streak,2026-09-10T23:51:45.592Z,2026-09-10T23:51:46.209352+00:00,"{""client_ts"": ""2026-09-10T23:51:45.592Z"", ""element_id"": ""up-streak"", ""element_label"": ""up-streak"", ""element_type"": ""trend_alert"", ""event_name"": ""shown"", ""message"": ""Price went up 3 times in the last 5 ticks!"", ""trader_id"": ""8ae24871-ac2e-4566-b164-d561f4f8967d""}",1789084306.21635
7b3d258b-4a12-4f9d-af1c-ad1a3fc8344a,37f1723e-8392-451b-9f82-b4b827848fc2,HUMAN,shown,trend_alert,up-streak,up-streak,2026-09-10T23:51:45.593Z,2026-09-10T23:51:46.220055+00:00,"{""client_ts"": ""2026-09-10T23:51:45.593Z"", ""element_id"": ""up-streak"", ""element_label"": ""up-streak"", ""element_type"": ""trend_alert"", ""event_name"": ""shown"", ""message"": ""Price went up 3 times in the last 5 ticks!"", ""trader_id"": ""37f1723e-8392-451b-9f82-b4b827848fc2""}",1789084306.227536
7b3d258b-4a12-4f9d-af1c-ad1a3fc8344a,a9323da3-2227-4386-aee6-f301e23076bc,HUMAN,shown,badge_unlock,silver,Silver,2026-09-10T23:51:48.647Z,2026-09-10T23:51:49.073939+00:00,"{""client_ts"": ""2026-09-10T23:51:48.647Z"", ""element_id"": ""silver"", ""element_label"": ""Silver"", ""element_type"": ""badge_unlock"", ""event_name"": ""shown"", ""total_trades_threshold"": 15, ""trader_id"": ""a9323da3-2227-4386-aee6-f301e23076bc""}",1789084309.0813
7b3d258b-4a12-4f9d-af1c-ad1a3fc8344a,a9323da3-2227-4386-aee6-f301e23076bc,HUMAN,shown,badge_modal,silver,Silver,2026-09-10T23:51:48.647Z,2026-09-10T23:51:49.257904+00:00,"{""client_ts"": ""2026-09-10T23:51:48.647Z"", ""element_id"": ""silver"", ""element_label"": ""Silver"", ""element_type"": ""badge_modal"", ""event_name"": ""shown"", ""message"": ""You belong on the trading floor!"", ""total_trades"": 15, ""trader_id"": ""a9323da3-2227-4386-aee6-f301e23076bc""}",1789084309.265803
7b3d258b-4a12-4f9d-af1c-ad1a3fc8344a,a9323da3-2227-4386-aee6-f301e23076bc,HUMAN,shown,badge_gif,silver,Silver,2026-09-10T23:51:48.647Z,2026-09-10T23:51:49.292634+00:00,"{""client_ts"": ""2026-09-10T23:51:48.647Z"", ""element_id"": ""silver"", ""element_label"": ""Silver"", ""element_type"": ""badge_gif"", ""event_name"": ""shown"", ""gif"": ""/static/trader_bridge_app/vue/assets/silver.gif"", ""trader_id"": ""a9323da3-2227-4386-aee6-f301e23076bc""}",1789084309.302198
7b3d258b-4a12-4f9d-af1c-ad1a3fc8344a,762774e2-b466-4ce2-8abe-40516ad3a99a,HUMAN,shown,badge_unlock,diamond,Diamond,2026-09-10T23:51:49.687Z,2026-09-10T23:51:49.854470+00:00,"{""client_ts"": ""2026-09-10T23:51:49.687Z"", ""element_id"": ""diamond"", ""element_label"": ""Diamond"", ""element_type"": ""badge_unlock"", ""event_name"": ""shown"", ""total_trades_threshold"": 60, ""trader_id"": ""762774e2-b466-4ce2-8abe-40516ad3a99a""}",1789084309.862974
7b3d258b-4a12-4f9d-af1c-ad1a3fc8344a,762774e2-b466-4ce2-8abe-40516ad3a99a,HUMAN,shown,badge_modal,diamond,Diamond,2026-09-10T23:51:49.687Z,2026-09-10T23:51:49.985075+00:00,"{""client_ts"": ""2026-09-10T23:51:49.687Z"", ""element_id"": ""diamond"", ""element_label"": ""Diamond"", ""element_type"": ""badge_modal"", ""event_name"": ""shown"", ""message"": ""The Wolf of Wall Street"", ""total_trades"": 60, ""trader_id"": ""762774e2-b466-4ce2-8abe-40516ad3a99a""}",1789084309.992751
7b3d258b-4a12-4f9d-af1c-ad1a3fc8344a,762774e2-b466-4ce2-8abe-40516ad3a99a,HUMAN,shown,badge_gif,diamond,Diamond,2026-09-10T23:51:49.687Z,2026-09-10T23:51:50.088403+00:00,"{""client_ts"": ""2026-09-10T23:51:49.687Z"", ""element_id"": ""diamond"", ""element_label"": ""Diamond"", ""element_type"": ""badge_gif"", ""event_name"": ""shown"", ""gif"": ""/static/trader_bridge_app/vue/assets/diamond.gif"", ""trader_id"": ""762774e2-b466-4ce2-8abe-40516ad3a99a""}",1789084310.096643
a229ad47-38df-424f-9e8c-29015afe999a,573ef7bc-96a2-4198-8a8a-064ae31d5563,HUMAN,shown,badge_unlock,platinum,Platinum,2026-09-10T23:51:53.266Z,2026-09-10T23:51:53.368974+00:00,"{""client_ts"": ""2026-09-10T23:51:53.266Z"", ""element_id"": ""platinum"", ""element_label"": ""Platinum"", ""element_type"": ""badge_unlock"", ""event_name"": ""shown"", ""total_trades_threshold"": 50, ""trader_id"": ""573ef7bc-96a2-4198-8a8a-064ae31d5563""}",1789084313.3788
a229ad47-38df-424f-9e8c-29015afe999a,573ef7bc-96a2-4198-8a8a-064ae31d5563,HUMAN,shown,badge_modal,platinum,Platinum,2026-09-10T23:51:53.266Z,2026-09-10T23:51:53.388503+00:00,"{""client_ts"": ""2026-09-10T23:51:53.266Z"", ""element_id"": ""platinum"", ""element_label"": ""Platinum"", ""element_type"": ""badge_modal"", ""event_name"": ""shown"", ""message"": ""You are definitely going places!"", ""total_trades"": 50, ""trader_id"": ""573ef7bc-96a2-4198-8a8a-064ae31d5563""}",1789084313.396585
a229ad47-38df-424f-9e8c-29015afe999a,573ef7bc-96a2-4198-8a8a-064ae31d5563,HUMAN,shown,badge_gif,platinum,Platinum,2026-09-10T23:51:53.266Z,2026-09-10T23:51:53.558808+00:00,"{""client_ts"": ""2026-09-10T23:51:53.266Z"", ""element_id"": ""platinum"", ""element_label"": ""Platinum"", ""element_type"": ""badge_gif"", ""event_name"": ""shown"", ""gif"": ""/static/trader_bridge_app/vue/assets/platinum.gif"", ""trader_id"": ""573ef7bc-96a2-4198-8a8a-064ae31d5563""}",1789084313.567284
a229ad47-38df-424f-9e8c-29015afe999a,52bbd479-e5b6-47d7-a659-699d45d00809,HUMAN,shown,badge_unlock,diamond,Diamond,2026-09-10T23:51:56.105Z,2026-09-10T23:51:56.512038+00:00,"{""client_ts"": ""2026-09-10T23:51:56.105Z"", ""element_id"": ""diamond"", ""element_label"": ""Diamond"", ""element_type"": ""badge_unlock"", ""event_name"": ""shown"", ""total_trades_threshold"": 60, ""trader_id"": ""52bbd479-e5b6-47d7-a659-699d45d00809""}",1789084316.52025
a229ad47-38df-424f-9e8c-29015afe999a,52bbd479-e5b6-47d7-a659-699d45d00809,HUMAN,shown,badge_modal,diamond,Diamond,2026-09-10T23:51:56.105Z,2026-09-10T23:51:56.593934+00:00,"{""client_ts"": ""2026-09-10T23:51:56.105Z"", ""element_id"": ""diamond"", ""element_label"": ""Diamond"", ""element_type"": ""badge_modal"", ""event_name"": ""shown"", ""message"": ""The Wolf of Wall Street"", ""total_trades"": 60, ""trader_id"": ""52bbd479-e5b6-47d7-a659-699d45d00809""}",1789084316.601493
a229ad47-38df-424f-9e8c-29015afe999a,52bbd479-e5b6-47d7-a659-699d45d00809,HUMAN,shown,badge_gif,diamond,Diamond,2026-09-10T23:51:56.105Z,2026-09-10T23:51:56.675131+00:00,"{""client_ts"": ""2026-09-10T23:51:56.105Z"", ""element_id"": ""diamond"", ""element_label"": ""Diamond"", ""element_type"": ""badge_gif"", ""event_name"": ""shown"", ""gif"": ""/static/trader_bridge_app/vue/assets/diamond.gif"", ""trader_id"": ""52bbd479-e5b6-47d7-a659-699d45d00809""}",1789084316.683448
a229ad47-38df-424f-9e8c-29015afe999a,573ef7bc-96a2-4198-8a8a-064ae31d5563,HUMAN,shown,badge_unlock,diamond,Diamond,2026-09-10T23:52:02.186Z,2026-09-10T23:52:03.172481+00:00,"{""client_ts"": ""2026-09-10T23:52:02.186Z"", ""element_id"": ""diamond"", ""element_label"": ""Diamond"", ""element_type"": ""badge_unlock"", ""event_name"": ""shown"", ""total_trades_threshold"": 60, ""trader_id"": ""573ef7bc-96a2-4198-8a8a-064ae31d5563""}",1789084323.180096
a229ad47-38df-424f-9e8c-29015afe999a,573ef7bc-96a2-4198-8a8a-064ae31d5563,HUMAN,shown,badge_modal,diamond,Diamond,2026-09-10T23:52:02.187Z,2026-09-10T23:52:03.475875+00:00,"{""client_ts"": ""2026-09-10T23:52:02.187Z"", ""element_id"": ""diamond"", ""element_label"": ""Diamond"", ""element_type"": ""badge_modal"", ""event_name"": ""shown"", ""message"": ""The Wolf of Wall Street"", ""total_trades"": 60, ""trader_id"": ""573ef7bc-96a2-4198-8a8a-064ae31d5563""}",1789084323.484302
a229ad47-38df-424f-9e8c-29015afe999a,573ef7bc-96a2-4198-8a8a-064ae31d5563,HUMAN,shown,badge_gif,diamond,Diamond,2026-09-10T23:52:02.187Z,2026-09-10T23:52:03.545895+00:00,"{""client_ts"": ""2026-09-10T23:52:02.187Z"", ""element_id"": ""diamond"", ""element_label"": ""Diamond"", ""element_type"": ""badge_gif"", ""event_name"": ""shown"", ""gif"": ""/static/trader_bridge_app/vue/assets/diamond.gif"", ""trader_id"": ""573ef7bc-96a2-4198-8a8a-064ae31d5563""}",1789084323.553735
7b3d258b-4a12-4f9d-af1c-ad1a3fc8344a,762774e2-b466-4ce2-8abe-40516ad3a99a,HUMAN,shown,trend_alert,down-streak,down-streak,2026-09-10T23:52:05.929Z,2026-09-10T23:52:05.977860+00:00,"{""client_ts"": ""2026-09-10T23:52:05.929Z"", ""element_id"": ""down-streak"", ""element_label"": ""down-streak"", ""element_type"": ""trend_alert"", ""event_name"": ""shown"", ""message"": ""Price went down 3 times in the last 5 ticks!"", ""trader_id"": ""762774e2-b466-4ce2-8abe-40516ad3a99a""}",1789084325.987055
7b3d258b-4a12-4f9d-af1c-ad1a3fc8344a,a9323da3-2227-4386-aee6-f301e23076bc,HUMAN,shown,trend_alert,down-streak,down-streak,2026-09-10T23:52:05.927Z,2026-09-10T23:52:06.012348+00:00,"{""client_ts"": ""2026-09-10T23:52:05.927Z"", ""element_id"": ""down-streak"", ""element_label"": ""down-streak"", ""element_type"": ""trend_alert"", ""event_name"": ""shown"", ""message"": ""Price went down 3 times in the last 5 ticks!"", ""trader_id"": ""a9323da3-2227-4386-aee6-f301e23076bc""}",1789084326.029332
7b3d258b-4a12-4f9d-af1c-ad1a3fc8344a,aeb13d2b-7a22-4f18-9880-d6d104e91f2f,HUMAN,shown,trend_alert,down-streak,down-streak,2026-09-10T23:52:05.922Z,2026-09-10T23:52:06.047414+00:00,"{""client_ts"": ""2026-09-10T23:52:05.922Z"", ""element_id"": ""down-streak"", ""element_label"": ""down-streak"", ""element_type"": ""trend_alert"", ""event_name"": ""shown"", ""message"": ""Price went down 3 times in the last 5 ticks!"", ""trader_id"": ""aeb13d2b-7a22-4f18-9880-d6d104e91f2f""}",1789084326.060412
7b3d258b-4a12-4f9d-af1c-ad1a3fc8344a,8ae24871-ac2e-4566-b164-d561f4f8967d,HUMAN,shown,trend_alert,down-streak,down-streak,2026-09-10T23:52:05.926Z,2026-09-10T23:52:06.064315+00:00,"{""client_ts"": ""2026-09-10T23:52:05.926Z"", ""element_id"": ""down-streak"", ""element_label"": ""down-streak"", ""element_type"": ""trend_alert"", ""event_name"": ""shown"", ""message"": ""Price went down 3 times in the last 5 ticks!"", ""trader_id"": ""8ae24871-ac2e-4566-b164-d561f4f8967d""}",1789084326.07081
7b3d258b-4a12-4f9d-af1c-ad1a3fc8344a,37f1723e-8392-451b-9f82-b4b827848fc2,HUMAN,shown,trend_alert,down-streak,down-streak,2026-09-10T23:52:05.927Z,2026-09-10T23:52:06.079027+00:00,"{""client_ts"": ""2026-09-10T23:52:05.927Z"", ""element_id"": ""down-streak"", ""element_label"": ""down-streak"", ""element_type"": ""trend_alert"", ""event_name"": ""shown"", ""message"": ""Price went down 3 times in the last 5 ticks!"", ""trader_id"": ""37f1723e-8392-451b-9f82-b4b827848fc2""}",1789084326.088926
7b3d258b-4a12-4f9d-af1c-ad1a3fc8344a,bc951c28-c9e7-4d21-b631-b7153ded5747,HUMAN,shown,trend_alert,down-streak,down-streak,2026-09-10T23:52:05.940Z,2026-09-10T23:52:06.092647+00:00,"{""client_ts"": ""2026-09-10T23:52:05.940Z"", ""element_id"": ""down-streak"", ""element_label"": ""down-streak"", ""element_type"": ""trend_alert"", ""event_name"": ""shown"", ""message"": ""Price went down 3 times in the last 5 ticks!"", ""trader_id"": ""bc951c28-c9e7-4d21-b631-b7153ded5747""}",1789084326.099643
a229ad47-38df-424f-9e8c-29015afe999a,52bbd479-e5b6-47d7-a659-699d45d00809,HUMAN,shown,trend_alert,down-streak,down-streak,2026-09-10T23:52:07.583Z,2026-09-10T23:52:07.672827+00:00,"{""client_ts"": ""2026-09-10T23:52:07.583Z"", ""element_id"": ""down-streak"", ""element_label"": ""down-streak"", ""element_type"": ""trend_alert"", ""event_name"": ""shown"", ""message"": ""Price went down 3 times in the last 5 ticks!"", ""trader_id"": ""52bbd479-e5b6-47d7-a659-699d45d00809""}",1789084327.682834
a229ad47-38df-424f-9e8c-29015afe999a,e8a6c6d7-29da-426c-99b9-c05a6136d710,HUMAN,shown,trend_alert,down-streak,down-streak,2026-09-10T23:52:07.542Z,2026-09-10T23:52:07.686512+00:00,"{""client_ts"": ""2026-09-10T23:52:07.542Z"", ""element_id"": ""down-streak"", ""element_label"": ""down-streak"", ""element_type"": ""trend_alert"", ""event_name"": ""shown"", ""message"": ""Price went down 3 times in the last 5 ticks!"", ""trader_id"": ""e8a6c6d7-29da-426c-99b9-c05a6136d710""}",1789084327.693842
a229ad47-38df-424f-9e8c-29015afe999a,573ef7bc-96a2-4198-8a8a-064ae31d5563,HUMAN,shown,trend_alert,down-streak,down-streak,2026-09-10T23:52:07.570Z,2026-09-10T23:52:07.697664+00:00,"{""client_ts"": ""2026-09-10T23:52:07.570Z"", ""element_id"": ""down-streak"", ""element_label"": ""down-streak"", ""element_type"": ""trend_alert"", ""event_name"": ""shown"", ""message"": ""Price went down 3 times in the last 5 ticks!"", ""trader_id"": ""573ef7bc-96a2-4198-8a8a-064ae31d5563""}",1789084327.705297
a229ad47-38df-424f-9e8c-29015afe999a,71aadda4-b0cf-4134-8d29-b96bf237f6fa,HUMAN,shown,trend_alert,down-streak,down-streak,2026-09-10T23:52:07.574Z,2026-09-10T23:52:07.709387+00:00,"{""client_ts"": ""2026-09-10T23:52:07.574Z"", ""element_id"": ""down-streak"", ""element_label"": ""down-streak"", ""element_type"": ""trend_alert"", ""event_name"": ""shown"", ""message"": ""Price went down 3 times in the last 5 ticks!"", ""trader_id"": ""71aadda4-b0cf-4134-8d29-b96bf237f6fa""}",1789084327.716487
a229ad47-38df-424f-9e8c-29015afe999a,129f53ed-1688-44c0-b8a7-dba126a8d4a4,HUMAN,shown,trend_alert,down-streak,down-streak,2026-09-10T23:52:07.591Z,2026-09-10T23:52:07.720380+00:00,"{""client_ts"": ""2026-09-10T23:52:07.591Z"", ""element_id"": ""down-streak"", ""element_label"": ""down-streak"", ""element_type"": ""trend_alert"", ""event_name"": ""shown"", ""message"": ""Price went down 3 times in the last 5 ticks!"", ""trader_id"": ""129f53ed-1688-44c0-b8a7-dba126a8d4a4""}",1789084327.727505
a229ad47-38df-424f-9e8c-29015afe999a,1d56126f-bf8f-4436-825b-271721e7a05c,HUMAN,shown,trend_alert,down-streak,down-streak,2026-09-10T23:52:07.536Z,2026-09-10T23:52:07.731352+00:00,"{""client_ts"": ""2026-09-10T23:52:07.536Z"", ""element_id"": ""down-streak"", ""element_label"": ""down-streak"", ""element_type"": ""trend_alert"", ""event_name"": ""shown"", ""message"": ""Price went down 3 times in the last 5 ticks!"", ""trader_id"": ""1d56126f-bf8f-4436-825b-271721e7a05c""}",1789084327.73855
7b3d258b-4a12-4f9d-af1c-ad1a3fc8344a,762774e2-b466-4ce2-8abe-40516ad3a99a,HUMAN,shown,trend_alert,up-streak,up-streak,2026-09-10T23:52:08.670Z,2026-09-10T23:52:08.739887+00:00,"{""client_ts"": ""2026-09-10T23:52:08.670Z"", ""element_id"": ""up-streak"", ""element_label"": ""up-streak"", ""element_type"": ""trend_alert"", ""event_name"": ""shown"", ""message"": ""Price went up 3 times in the last 5 ticks!"", ""trader_id"": ""762774e2-b466-4ce2-8abe-40516ad3a99a""}",1789084328.750821
7b3d258b-4a12-4f9d-af1c-ad1a3fc8344a,aeb13d2b-7a22-4f18-9880-d6d104e91f2f,HUMAN,shown,trend_alert,up-streak,up-streak,2026-09-10T23:52:08.659Z,2026-09-10T23:52:08.754697+00:00,"{""client_ts"": ""2026-09-10T23:52:08.659Z"", ""element_id"": ""up-streak"", ""element_label"": ""up-streak"", ""element_type"": ""trend_alert"", ""event_name"": ""shown"", ""message"": ""Price went up 3 times in the last 5 ticks!"", ""trader_id"": ""aeb13d2b-7a22-4f18-9880-d6d104e91f2f""}",1789084328.76231
7b3d258b-4a12-4f9d-af1c-ad1a3fc8344a,8ae24871-ac2e-4566-b164-d561f4f8967d,HUMAN,shown,trend_alert,up-streak,up-streak,2026-09-10T23:52:08.668Z,2026-09-10T23:52:08.766598+00:00,"{""client_ts"": ""2026-09-10T23:52:08.668Z"", ""element_id"": ""up-streak"", ""element_label"": ""up-streak"", ""element_type"": ""trend_alert"", ""event_name"": ""shown"", ""message"": ""Price went up 3 times in the last 5 ticks!"", ""trader_id"": ""8ae24871-ac2e-4566-b164-d561f4f8967d""}",1789084328.774211
7b3d258b-4a12-4f9d-af1c-ad1a3fc8344a,a9323da3-2227-4386-aee6-f301e23076bc,HUMAN,shown,trend_alert,up-streak,up-streak,2026-09-10T23:52:08.665Z,2026-09-10T23:52:08.780587+00:00,"{""client_ts"": ""2026-09-10T23:52:08.665Z"", ""element_id"": ""up-streak"", ""element_label"": ""up-streak"", ""element_type"": ""trend_alert"", ""event_name"": ""shown"", ""message"": ""Price went up 3 times in the last 5 ticks!"", ""trader_id"": ""a9323da3-2227-4386-aee6-f301e23076bc""}",1789084328.787457
7b3d258b-4a12-4f9d-af1c-ad1a3fc8344a,bc951c28-c9e7-4d21-b631-b7153ded5747,HUMAN,shown,trend_alert,up-streak,up-streak,2026-09-10T23:52:08.674Z,2026-09-10T23:52:08.791055+00:00,"{""client_ts"": ""2026-09-10T23:52:08.674Z"", ""element_id"": ""up-streak"", ""element_label"": ""up-streak"", ""element_type"": ""trend_alert"", ""event_name"": ""shown"", ""message"": ""Price went up 3 times in the last 5 ticks!"", ""trader_id"": ""bc951c28-c9e7-4d21-b631-b7153ded5747""}",1789084328.798529
7b3d258b-4a12-4f9d-af1c-ad1a3fc8344a,37f1723e-8392-451b-9f82-b4b827848fc2,HUMAN,shown,trend_alert,up-streak,up-streak,2026-09-10T23:52:08.663Z,2026-09-10T23:52:08.802098+00:00,"{""client_ts"": ""2026-09-10T23:52:08.663Z"", ""element_id"": ""up-streak"", ""element_label"": ""up-streak"", ""element_type"": ""trend_alert"", ""event_name"": ""shown"", ""message"": ""Price went up 3 times in the last 5 ticks!"", ""trader_id"": ""37f1723e-8392-451b-9f82-b4b827848fc2""}",1789084328.808507
a229ad47-38df-424f-9e8c-29015afe999a,1d56126f-bf8f-4436-825b-271721e7a05c,HUMAN,shown,badge_unlock,bronze,Bronze,2026-09-10T23:52:10.272Z,2026-09-10T23:52:10.381465+00:00,"{""client_ts"": ""2026-09-10T23:52:10.272Z"", ""element_id"": ""bronze"", ""element_label"": ""Bronze"", ""element_type"": ""badge_unlock"", ""event_name"": ""shown"", ""total_trades_threshold"": 10, ""trader_id"": ""1d56126f-bf8f-4436-825b-271721e7a05c""}",1789084330.390278
a229ad47-38df-424f-9e8c-29015afe999a,1d56126f-bf8f-4436-825b-271721e7a05c,HUMAN,shown,badge_modal,bronze,Bronze,2026-09-10T23:52:10.272Z,2026-09-10T23:52:10.402475+00:00,"{""client_ts"": ""2026-09-10T23:52:10.272Z"", ""element_id"": ""bronze"", ""element_label"": ""Bronze"", ""element_type"": ""badge_modal"", ""event_name"": ""shown"", ""message"": ""Level up! Doing well"", ""total_trades"": 10, ""trader_id"": ""1d56126f-bf8f-4436-825b-271721e7a05c""}",1789084330.413889
a229ad47-38df-424f-9e8c-29015afe999a,1d56126f-bf8f-4436-825b-271721e7a05c,HUMAN,shown,badge_gif,bronze,Bronze,2026-09-10T23:52:10.272Z,2026-09-10T23:52:10.418853+00:00,"{""client_ts"": ""2026-09-10T23:52:10.272Z"", ""element_id"": ""bronze"", ""element_label"": ""Bronze"", ""element_type"": ""badge_gif"", ""event_name"": ""shown"", ""gif"": ""/static/trader_bridge_app/vue/assets/bronze.gif"", ""trader_id"": ""1d56126f-bf8f-4436-825b-271721e7a05c""}",1789084330.427102
7b3d258b-4a12-4f9d-af1c-ad1a3fc8344a,a9323da3-2227-4386-aee6-f301e23076bc,HUMAN,shown,trend_alert,down-streak,down-streak,2026-09-10T23:52:17.146Z,2026-09-10T23:52:17.358675+00:00,"{""client_ts"": ""2026-09-10T23:52:17.146Z"", ""element_id"": ""down-streak"", ""element_label"": ""down-streak"", ""element_type"": ""trend_alert"", ""event_name"": ""shown"", ""message"": ""Price went down 3 times in the last 5 ticks!"", ""trader_id"": ""a9323da3-2227-4386-aee6-f301e23076bc""}",1789084337.36945
7b3d258b-4a12-4f9d-af1c-ad1a3fc8344a,aeb13d2b-7a22-4f18-9880-d6d104e91f2f,HUMAN,shown,trend_alert,down-streak,down-streak,2026-09-10T23:52:17.141Z,2026-09-10T23:52:17.373514+00:00,"{""client_ts"": ""2026-09-10T23:52:17.141Z"", ""element_id"": ""down-streak"", ""element_label"": ""down-streak"", ""element_type"": ""trend_alert"", ""event_name"": ""shown"", ""message"": ""Price went down 3 times in the last 5 ticks!"", ""trader_id"": ""aeb13d2b-7a22-4f18-9880-d6d104e91f2f""}",1789084337.381363
7b3d258b-4a12-4f9d-af1c-ad1a3fc8344a,762774e2-b466-4ce2-8abe-40516ad3a99a,HUMAN,shown,trend_alert,down-streak,down-streak,2026-09-10T23:52:17.152Z,2026-09-10T23:52:17.385185+00:00,"{""client_ts"": ""2026-09-10T23:52:17.152Z"", ""element_id"": ""down-streak"", ""element_label"": ""down-streak"", ""element_type"": ""trend_alert"", ""event_name"": ""shown"", ""message"": ""Price went down 3 times in the last 5 ticks!"", ""trader_id"": ""762774e2-b466-4ce2-8abe-40516ad3a99a""}",1789084337.393105
7b3d258b-4a12-4f9d-af1c-ad1a3fc8344a,bc951c28-c9e7-4d21-b631-b7153ded5747,HUMAN,shown,trend_alert,down-streak,down-streak,2026-09-10T23:52:17.156Z,2026-09-10T23:52:17.447316+00:00,"{""client_ts"": ""2026-09-10T23:52:17.156Z"", ""element_id"": ""down-streak"", ""element_label"": ""down-streak"", ""element_type"": ""trend_alert"", ""event_name"": ""shown"", ""message"": ""Price went down 3 times in the last 5 ticks!"", ""trader_id"": ""bc951c28-c9e7-4d21-b631-b7153ded5747""}",1789084337.455288
7b3d258b-4a12-4f9d-af1c-ad1a3fc8344a,8ae24871-ac2e-4566-b164-d561f4f8967d,HUMAN,shown,trend_alert,down-streak,down-streak,2026-09-10T23:52:17.151Z,2026-09-10T23:52:17.460121+00:00,"{""client_ts"": ""2026-09-10T23:52:17.151Z"", ""element_id"": ""down-streak"", ""element_label"": ""down-streak"", ""element_type"": ""trend_alert"", ""event_name"": ""shown"", ""message"": ""Price went down 3 times in the last 5 ticks!"", ""trader_id"": ""8ae24871-ac2e-4566-b164-d561f4f8967d""}",1789084337.467368
7b3d258b-4a12-4f9d-af1c-ad1a3fc8344a,37f1723e-8392-451b-9f82-b4b827848fc2,HUMAN,shown,trend_alert,down-streak,down-streak,2026-09-10T23:52:17.146Z,2026-09-10T23:52:17.471107+00:00,"{""client_ts"": ""2026-09-10T23:52:17.146Z"", ""element_id"": ""down-streak"", ""element_label"": ""down-streak"", ""element_type"": ""trend_alert"", ""event_name"": ""shown"", ""message"": ""Price went down 3 times in the last 5 ticks!"", ""trader_id"": ""37f1723e-8392-451b-9f82-b4b827848fc2""}",1789084337.479114
7b3d258b-4a12-4f9d-af1c-ad1a3fc8344a,8ae24871-ac2e-4566-b164-d561f4f8967d,HUMAN,shown,badge_unlock,diamond,Diamond,2026-09-10T23:52:18.743Z,2026-09-10T23:52:19.020708+00:00,"{""client_ts"": ""2026-09-10T23:52:18.743Z"", ""element_id"": ""diamond"", ""element_label"": ""Diamond"", ""element_type"": ""badge_unlock"", ""event_name"": ""shown"", ""total_trades_threshold"": 60, ""trader_id"": ""8ae24871-ac2e-4566-b164-d561f4f8967d""}",1789084339.027966
7b3d258b-4a12-4f9d-af1c-ad1a3fc8344a,8ae24871-ac2e-4566-b164-d561f4f8967d,HUMAN,shown,badge_modal,diamond,Diamond,2026-09-10T23:52:18.743Z,2026-09-10T23:52:19.099846+00:00,"{""client_ts"": ""2026-09-10T23:52:18.743Z"", ""element_id"": ""diamond"", ""element_label"": ""Diamond"", ""element_type"": ""badge_modal"", ""event_name"": ""shown"", ""message"": ""The Wolf of Wall Street"", ""total_trades"": 60, ""trader_id"": ""8ae24871-ac2e-4566-b164-d561f4f8967d""}",1789084339.119281
7b3d258b-4a12-4f9d-af1c-ad1a3fc8344a,8ae24871-ac2e-4566-b164-d561f4f8967d,HUMAN,shown,badge_gif,diamond,Diamond,2026-09-10T23:52:18.743Z,2026-09-10T23:52:19.228267+00:00,"{""client_ts"": ""2026-09-10T23:52:18.743Z"", ""element_id"": ""diamond"", ""element_label"": ""Diamond"", ""element_type"": ""badge_gif"", ""event_name"": ""shown"", ""gif"": ""/static/trader_bridge_app/vue/assets/diamond.gif"", ""trader_id"": ""8ae24871-ac2e-4566-b164-d561f4f8967d""}",1789084339.236602
7b3d258b-4a12-4f9d-af1c-ad1a3fc8344a,762774e2-b466-4ce2-8abe-40516ad3a99a,HUMAN,shown,trend_alert,down-streak,down-streak,2026-09-10T23:52:19.375Z,2026-09-10T23:52:19.595542+00:00,"{""client_ts"": ""2026-09-10T23:52:19.375Z"", ""element_id"": ""down-streak"", ""element_label"": ""down-streak"", ""element_type"": ""trend_alert"", ""event_name"": ""shown"", ""message"": ""Price went down 3 times in the last 5 ticks!"", ""trader_id"": ""762774e2-b466-4ce2-8abe-40516ad3a99a""}",1789084339.603732
7b3d258b-4a12-4f9d-af1c-ad1a3fc8344a,a9323da3-2227-4386-aee6-f301e23076bc,HUMAN,shown,trend_alert,down-streak,down-streak,2026-09-10T23:52:19.372Z,2026-09-10T23:52:19.608642+00:00,"{""client_ts"": ""2026-09-10T23:52:19.372Z"", ""element_id"": ""down-streak"", ""element_label"": ""down-streak"", ""element_type"": ""trend_alert"", ""event_name"": ""shown"", ""message"": ""Price went down 3 times in the last 5 ticks!"", ""trader_id"": ""a9323da3-2227-4386-aee6-f301e23076bc""}",1789084339.615872
7b3d258b-4a12-4f9d-af1c-ad1a3fc8344a,aeb13d2b-7a22-4f18-9880-d6d104e91f2f,HUMAN,shown,trend_alert,down-streak,down-streak,2026-09-10T23:52:19.367Z,2026-09-10T23:52:19.619853+00:00,"{""client_ts"": ""2026-09-10T23:52:19.367Z"", ""element_id"": ""down-streak"", ""element_label"": ""down-streak"", ""element_type"": ""trend_alert"", ""event_name"": ""shown"", ""message"": ""Price went down 3 times in the last 5 ticks!"", ""trader_id"": ""aeb13d2b-7a22-4f18-9880-d6d104e91f2f""}",1789084339.628818
7b3d258b-4a12-4f9d-af1c-ad1a3fc8344a,8ae24871-ac2e-4566-b164-d561f4f8967d,HUMAN,shown,trend_alert,down-streak,down-streak,2026-09-10T23:52:19.376Z,2026-09-10T23:52:19.647835+00:00,"{""client_ts"": ""2026-09-10T23:52:19.376Z"", ""element_id"": ""down-streak"", ""element_label"": ""down-streak"", ""element_type"": ""trend_alert"", ""event_name"": ""shown"", ""message"": ""Price went down 3 times in the last 5 ticks!"", ""trader_id"": ""8ae24871-ac2e-4566-b164-d561f4f8967d""}",1789084339.655567
7b3d258b-4a12-4f9d-af1c-ad1a3fc8344a,bc951c28-c9e7-4d21-b631-b7153ded5747,HUMAN,shown,trend_alert,down-streak,down-streak,2026-09-10T23:52:19.383Z,2026-09-10T23:52:19.661297+00:00,"{""client_ts"": ""2026-09-10T23:52:19.383Z"", ""element_id"": ""down-streak"", ""element_label"": ""down-streak"", ""element_type"": ""trend_alert"", ""event_name"": ""shown"", ""message"": ""Price went down 3 times in the last 5 ticks!"", ""trader_id"": ""bc951c28-c9e7-4d21-b631-b7153ded5747""}",1789084339.668563
7b3d258b-4a12-4f9d-af1c-ad1a3fc8344a,37f1723e-8392-451b-9f82-b4b827848fc2,HUMAN,shown,trend_alert,down-streak,down-streak,2026-09-10T23:52:19.389Z,2026-09-10T23:52:19.675420+00:00,"{""client_ts"": ""2026-09-10T23:52:19.389Z"", ""element_id"": ""down-streak"", ""element_label"": ""down-streak"", ""element_type"": ""trend_alert"", ""event_name"": ""shown"", ""message"": ""Price went down 3 times in the last 5 ticks!"", ""trader_id"": ""37f1723e-8392-451b-9f82-b4b827848fc2""}",1789084339.683027
a229ad47-38df-424f-9e8c-29015afe999a,71aadda4-b0cf-4134-8d29-b96bf237f6fa,HUMAN,shown,badge_unlock,gold,Gold,2026-09-10T23:52:21.335Z,2026-09-10T23:52:21.490774+00:00,"{""client_ts"": ""2026-09-10T23:52:21.335Z"", ""element_id"": ""gold"", ""element_label"": ""Gold"", ""element_type"": ""badge_unlock"", ""event_name"": ""shown"", ""total_trades_threshold"": 35, ""trader_id"": ""71aadda4-b0cf-4134-8d29-b96bf237f6fa""}",1789084341.49854
a229ad47-38df-424f-9e8c-29015afe999a,71aadda4-b0cf-4134-8d29-b96bf237f6fa,HUMAN,shown,badge_modal,gold,Gold,2026-09-10T23:52:21.336Z,2026-09-10T23:52:21.520469+00:00,"{""client_ts"": ""2026-09-10T23:52:21.336Z"", ""element_id"": ""gold"", ""element_label"": ""Gold"", ""element_type"": ""badge_modal"", ""event_name"": ""shown"", ""message"": ""You are the money maker!"", ""total_trades"": 35, ""trader_id"": ""71aadda4-b0cf-4134-8d29-b96bf237f6fa""}",1789084341.528181
a229ad47-38df-424f-9e8c-29015afe999a,71aadda4-b0cf-4134-8d29-b96bf237f6fa,HUMAN,shown,badge_gif,gold,Gold,2026-09-10T23:52:21.336Z,2026-09-10T23:52:21.555753+00:00,"{""client_ts"": ""2026-09-10T23:52:21.336Z"", ""element_id"": ""gold"", ""element_label"": ""Gold"", ""element_type"": ""badge_gif"", ""event_name"": ""shown"", ""gif"": ""/static/trader_bridge_app/vue/assets/gold.gif"", ""trader_id"": ""71aadda4-b0cf-4134-8d29-b96bf237f6fa""}",1789084341.564814
a229ad47-38df-424f-9e8c-29015afe999a,e8a6c6d7-29da-426c-99b9-c05a6136d710,HUMAN,shown,badge_unlock,silver,Silver,2026-09-10T23:52:24.724Z,2026-09-10T23:52:25.085762+00:00,"{""client_ts"": ""2026-09-10T23:52:24.724Z"", ""element_id"": ""silver"", ""element_label"": ""Silver"", ""element_type"": ""badge_unlock"", ""event_name"": ""shown"", ""total_trades_threshold"": 15, ""trader_id"": ""e8a6c6d7-29da-426c-99b9-c05a6136d710""}",1789084345.09278
a229ad47-38df-424f-9e8c-29015afe999a,e8a6c6d7-29da-426c-99b9-c05a6136d710,HUMAN,shown,badge_modal,silver,Silver,2026-09-10T23:52:24.724Z,2026-09-10T23:52:25.128510+00:00,"{""client_ts"": ""2026-09-10T23:52:24.724Z"", ""element_id"": ""silver"", ""element_label"": ""Silver"", ""element_type"": ""badge_modal"", ""event_name"": ""shown"", ""message"": ""You belong on the trading floor!"", ""total_trades"": 15, ""trader_id"": ""e8a6c6d7-29da-426c-99b9-c05a6136d710""}",1789084345.136056
a229ad47-38df-424f-9e8c-29015afe999a,e8a6c6d7-29da-426c-99b9-c05a6136d710,HUMAN,shown,badge_gif,silver,Silver,2026-09-10T23:52:24.724Z,2026-09-10T23:52:25.211958+00:00,"{""client_ts"": ""2026-09-10T23:52:24.724Z"", ""element_id"": ""silver"", ""element_label"": ""Silver"", ""element_type"": ""badge_gif"", ""event_name"": ""shown"", ""gif"": ""/static/trader_bridge_app/vue/assets/silver.gif"", ""trader_id"": ""e8a6c6d7-29da-426c-99b9-c05a6136d710""}",1789084345.221299
7b3d258b-4a12-4f9d-af1c-ad1a3fc8344a,a9323da3-2227-4386-aee6-f301e23076bc,HUMAN,shown,trend_alert,up-streak,up-streak,2026-09-10T23:52:33.636Z,2026-09-10T23:52:33.690956+00:00,"{""client_ts"": ""2026-09-10T23:52:33.636Z"", ""element_id"": ""up-streak"", ""element_label"": ""up-streak"", ""element_type"": ""trend_alert"", ""event_name"": ""shown"", ""message"": ""Price went up 3 times in the last 5 ticks!"", ""trader_id"": ""a9323da3-2227-4386-aee6-f301e23076bc""}",1789084353.699117
7b3d258b-4a12-4f9d-af1c-ad1a3fc8344a,bc951c28-c9e7-4d21-b631-b7153ded5747,HUMAN,shown,trend_alert,up-streak,up-streak,2026-09-10T23:52:33.645Z,2026-09-10T23:52:33.704693+00:00,"{""client_ts"": ""2026-09-10T23:52:33.645Z"", ""element_id"": ""up-streak"", ""element_label"": ""up-streak"", ""element_type"": ""trend_alert"", ""event_name"": ""shown"", ""message"": ""Price went up 3 times in the last 5 ticks!"", ""trader_id"": ""bc951c28-c9e7-4d21-b631-b7153ded5747""}",1789084353.711973
7b3d258b-4a12-4f9d-af1c-ad1a3fc8344a,762774e2-b466-4ce2-8abe-40516ad3a99a,HUMAN,shown,trend_alert,up-streak,up-streak,2026-09-10T23:52:33.642Z,2026-09-10T23:52:33.715344+00:00,"{""client_ts"": ""2026-09-10T23:52:33.642Z"", ""element_id"": ""up-streak"", ""element_label"": ""up-streak"", ""element_type"": ""trend_alert"", ""event_name"": ""shown"", ""message"": ""Price went up 3 times in the last 5 ticks!"", ""trader_id"": ""762774e2-b466-4ce2-8abe-40516ad3a99a""}",1789084353.722545
7b3d258b-4a12-4f9d-af1c-ad1a3fc8344a,aeb13d2b-7a22-4f18-9880-d6d104e91f2f,HUMAN,shown,trend_alert,up-streak,up-streak,2026-09-10T23:52:33.631Z,2026-09-10T23:52:33.725810+00:00,"{""client_ts"": ""2026-09-10T23:52:33.631Z"", ""element_id"": ""up-streak"", ""element_label"": ""up-streak"", ""element_type"": ""trend_alert"", ""event_name"": ""shown"", ""message"": ""Price went up 3 times in the last 5 ticks!"", ""trader_id"": ""aeb13d2b-7a22-4f18-9880-d6d104e91f2f""}",1789084353.732522
7b3d258b-4a12-4f9d-af1c-ad1a3fc8344a,8ae24871-ac2e-4566-b164-d561f4f8967d,HUMAN,shown,trend_alert,up-streak,up-streak,2026-09-10T23:52:33.641Z,2026-09-10T23:52:33.736151+00:00,"{""client_ts"": ""2026-09-10T23:52:33.641Z"", ""element_id"": ""up-streak"", ""element_label"": ""up-streak"", ""element_type"": ""trend_alert"", ""event_name"": ""shown"", ""message"": ""Price went up 3 times in the last 5 ticks!"", ""trader_id"": ""8ae24871-ac2e-4566-b164-d561f4f8967d""}",1789084353.7458
7b3d258b-4a12-4f9d-af1c-ad1a3fc8344a,37f1723e-8392-451b-9f82-b4b827848fc2,HUMAN,shown,trend_alert,up-streak,up-streak,2026-09-10T23:52:33.635Z,2026-09-10T23:52:33.749055+00:00,"{""client_ts"": ""2026-09-10T23:52:33.635Z"", ""element_id"": ""up-streak"", ""element_label"": ""up-streak"", ""element_type"": ""trend_alert"", ""event_name"": ""shown"", ""message"": ""Price went up 3 times in the last 5 ticks!"", ""trader_id"": ""37f1723e-8392-451b-9f82-b4b827848fc2""}",1789084353.756479
24b999b2-fcb9-4304-a923-41f366998dad,2d5f7443-b06c-44da-896b-87f49555ca30,HUMAN,shown,trend_alert,up-streak,up-streak,2026-09-10T23:53:36.464Z,2026-09-10T23:53:36.515519+00:00,"{""client_ts"": ""2026-09-10T23:53:36.464Z"", ""element_id"": ""up-streak"", ""element_label"": ""up-streak"", ""element_type"": ""trend_alert"", ""event_name"": ""shown"", ""message"": ""Price went up 3 times in the last 5 ticks!"", ""trader_id"": ""2d5f7443-b06c-44da-896b-87f49555ca30""}",1789084416.526686
24b999b2-fcb9-4304-a923-41f366998dad,003c3411-c4ec-4d3c-9ae3-78a3e3c7d8df,HUMAN,shown,trend_alert,up-streak,up-streak,2026-09-10T23:53:36.434Z,2026-09-10T23:53:36.532733+00:00,"{""client_ts"": ""2026-09-10T23:53:36.434Z"", ""element_id"": ""up-streak"", ""element_label"": ""up-streak"", ""element_type"": ""trend_alert"", ""event_name"": ""shown"", ""message"": ""Price went up 3 times in the last 5 ticks!"", ""trader_id"": ""003c3411-c4ec-4d3c-9ae3-78a3e3c7d8df""}",1789084416.541258
24b999b2-fcb9-4304-a923-41f366998dad,780691e0-23fa-4614-8bba-e9be7f74977d,HUMAN,shown,trend_alert,up-streak,up-streak,2026-09-10T23:53:36.463Z,2026-09-10T23:53:36.546753+00:00,"{""client_ts"": ""2026-09-10T23:53:36.463Z"", ""element_id"": ""up-streak"", ""element_label"": ""up-streak"", ""element_type"": ""trend_alert"", ""event_name"": ""shown"", ""message"": ""Price went up 3 times in the last 5 ticks!"", ""trader_id"": ""780691e0-23fa-4614-8bba-e9be7f74977d""}",1789084416.55448
24b999b2-fcb9-4304-a923-41f366998dad,a2c8775b-1ae1-4fde-ac28-c87afc49dad3,HUMAN,shown,trend_alert,up-streak,up-streak,2026-09-10T23:53:36.463Z,2026-09-10T23:53:36.558019+00:00,"{""client_ts"": ""2026-09-10T23:53:36.463Z"", ""element_id"": ""up-streak"", ""element_label"": ""up-streak"", ""element_type"": ""trend_alert"", ""event_name"": ""shown"", ""message"": ""Price went up 3 times in the last 5 ticks!"", ""trader_id"": ""a2c8775b-1ae1-4fde-ac28-c87afc49dad3""}",1789084416.565794
24b999b2-fcb9-4304-a923-41f366998dad,938302d7-eb4b-4b56-b728-955547edbafb,HUMAN,shown,trend_alert,up-streak,up-streak,2026-09-10T23:53:36.466Z,2026-09-10T23:53:36.570692+00:00,"{""client_ts"": ""2026-09-10T23:53:36.466Z"", ""element_id"": ""up-streak"", ""element_label"": ""up-streak"", ""element_type"": ""trend_alert"", ""event_name"": ""shown"", ""message"": ""Price went up 3 times in the last 5 ticks!"", ""trader_id"": ""938302d7-eb4b-4b56-b728-955547edbafb""}",1789084416.57934
24b999b2-fcb9-4304-a923-41f366998dad,c244c4f3-087f-4071-a2a0-0d929c6c70b5,HUMAN,shown,trend_alert,up-streak,up-streak,2026-09-10T23:53:36.435Z,2026-09-10T23:53:36.582890+00:00,"{""client_ts"": ""2026-09-10T23:53:36.435Z"", ""element_id"": ""up-streak"", ""element_label"": ""up-streak"", ""element_type"": ""trend_alert"", ""event_name"": ""shown"", ""message"": ""Price went up 3 times in the last 5 ticks!"", ""trader_id"": ""c244c4f3-087f-4071-a2a0-0d929c6c70b5""}",1789084416.590608
7b3d258b-4a12-4f9d-af1c-ad1a3fc8344a,762774e2-b466-4ce2-8abe-40516ad3a99a,HUMAN,shown,trend_alert,up-streak,up-streak,2026-09-10T23:53:41.070Z,2026-09-10T23:53:41.125035+00:00,"{""client_ts"": ""2026-09-10T23:53:41.070Z"", ""element_id"": ""up-streak"", ""element_label"": ""up-streak"", ""element_type"": ""trend_alert"", ""event_name"": ""shown"", ""message"": ""Price went up 3 times in the last 5 ticks!"", ""trader_id"": ""762774e2-b466-4ce2-8abe-40516ad3a99a""}",1789084421.134152
7b3d258b-4a12-4f9d-af1c-ad1a3fc8344a,a9323da3-2227-4386-aee6-f301e23076bc,HUMAN,shown,trend_alert,up-streak,up-streak,2026-09-10T23:53:41.066Z,2026-09-10T23:53:41.138076+00:00,"{""client_ts"": ""2026-09-10T23:53:41.066Z"", ""element_id"": ""up-streak"", ""element_label"": ""up-streak"", ""element_type"": ""trend_alert"", ""event_name"": ""shown"", ""message"": ""Price went up 3 times in the last 5 ticks!"", ""trader_id"": ""a9323da3-2227-4386-aee6-f301e23076bc""}",1789084421.145793
7b3d258b-4a12-4f9d-af1c-ad1a3fc8344a,aeb13d2b-7a22-4f18-9880-d6d104e91f2f,HUMAN,shown,trend_alert,up-streak,up-streak,2026-09-10T23:53:41.060Z,2026-09-10T23:53:41.149590+00:00,"{""client_ts"": ""2026-09-10T23:53:41.060Z"", ""element_id"": ""up-streak"", ""element_label"": ""up-streak"", ""element_type"": ""trend_alert"", ""event_name"": ""shown"", ""message"": ""Price went up 3 times in the last 5 ticks!"", ""trader_id"": ""aeb13d2b-7a22-4f18-9880-d6d104e91f2f""}",1789084421.157542
7b3d258b-4a12-4f9d-af1c-ad1a3fc8344a,8ae24871-ac2e-4566-b164-d561f4f8967d,HUMAN,shown,trend_alert,up-streak,up-streak,2026-09-10T23:53:41.076Z,2026-09-10T23:53:41.162254+00:00,"{""client_ts"": ""2026-09-10T23:53:41.076Z"", ""element_id"": ""up-streak"", ""element_label"": ""up-streak"", ""element_type"": ""trend_alert"", ""event_name"": ""shown"", ""message"": ""Price went up 3 times in the last 5 ticks!"", ""trader_id"": ""8ae24871-ac2e-4566-b164-d561f4f8967d""}",1789084421.169811
7b3d258b-4a12-4f9d-af1c-ad1a3fc8344a,37f1723e-8392-451b-9f82-b4b827848fc2,HUMAN,shown,trend_alert,up-streak,up-streak,2026-09-10T23:53:41.066Z,2026-09-10T23:53:41.175749+00:00,"{""client_ts"": ""2026-09-10T23:53:41.066Z"", ""element_id"": ""up-streak"", ""element_label"": ""up-streak"", ""element_type"": ""trend_alert"", ""event_name"": ""shown"", ""message"": ""Price went up 3 times in the last 5 ticks!"", ""trader_id"": ""37f1723e-8392-451b-9f82-b4b827848fc2""}",1789084421.184173
7b3d258b-4a12-4f9d-af1c-ad1a3fc8344a,bc951c28-c9e7-4d21-b631-b7153ded5747,HUMAN,shown,trend_alert,up-streak,up-streak,2026-09-10T23:53:41.078Z,2026-09-10T23:53:41.188234+00:00,"{""client_ts"": ""2026-09-10T23:53:41.078Z"", ""element_id"": ""up-streak"", ""element_label"": ""up-streak"", ""element_type"": ""trend_alert"", ""event_name"": ""shown"", ""message"": ""Price went up 3 times in the last 5 ticks!"", ""trader_id"": ""bc951c28-c9e7-4d21-b631-b7153ded5747""}",1789084421.196339
24b999b2-fcb9-4304-a923-41f366998dad,a2c8775b-1ae1-4fde-ac28-c87afc49dad3,HUMAN,shown,trend_alert,down-streak,down-streak,2026-09-10T23:53:45.180Z,2026-09-10T23:53:45.369166+00:00,"{""client_ts"": ""2026-09-10T23:53:45.180Z"", ""element_id"": ""down-streak"", ""element_label"": ""down-streak"", ""element_type"": ""trend_alert"", ""event_name"": ""shown"", ""message"": ""Price went down 3 times in the last 5 ticks!"", ""trader_id"": ""a2c8775b-1ae1-4fde-ac28-c87afc49dad3""}",1789084425.377653
24b999b2-fcb9-4304-a923-41f366998dad,780691e0-23fa-4614-8bba-e9be7f74977d,HUMAN,shown,trend_alert,down-streak,down-streak,2026-09-10T23:53:45.181Z,2026-09-10T23:53:45.382460+00:00,"{""client_ts"": ""2026-09-10T23:53:45.181Z"", ""element_id"": ""down-streak"", ""element_label"": ""down-streak"", ""element_type"": ""trend_alert"", ""event_name"": ""shown"", ""message"": ""Price went down 3 times in the last 5 ticks!"", ""trader_id"": ""780691e0-23fa-4614-8bba-e9be7f74977d""}",1789084425.390541
24b999b2-fcb9-4304-a923-41f366998dad,003c3411-c4ec-4d3c-9ae3-78a3e3c7d8df,HUMAN,shown,trend_alert,down-streak,down-streak,2026-09-10T23:53:45.155Z,2026-09-10T23:53:45.394532+00:00,"{""client_ts"": ""2026-09-10T23:53:45.155Z"", ""element_id"": ""down-streak"", ""element_label"": ""down-streak"", ""element_type"": ""trend_alert"", ""event_name"": ""shown"", ""message"": ""Price went down 3 times in the last 5 ticks!"", ""trader_id"": ""003c3411-c4ec-4d3c-9ae3-78a3e3c7d8df""}",1789084425.403428
24b999b2-fcb9-4304-a923-41f366998dad,c244c4f3-087f-4071-a2a0-0d929c6c70b5,HUMAN,shown,trend_alert,down-streak,down-streak,2026-09-10T23:53:45.154Z,2026-09-10T23:53:45.426442+00:00,"{""client_ts"": ""2026-09-10T23:53:45.154Z"", ""element_id"": ""down-streak"", ""element_label"": ""down-streak"", ""element_type"": ""trend_alert"", ""event_name"": ""shown"", ""message"": ""Price went down 3 times in the last 5 ticks!"", ""trader_id"": ""c244c4f3-087f-4071-a2a0-0d929c6c70b5""}",1789084425.437725
24b999b2-fcb9-4304-a923-41f366998dad,2d5f7443-b06c-44da-896b-87f49555ca30,HUMAN,shown,trend_alert,down-streak,down-streak,2026-09-10T23:53:45.187Z,2026-09-10T23:53:45.441712+00:00,"{""client_ts"": ""2026-09-10T23:53:45.187Z"", ""element_id"": ""down-streak"", ""element_label"": ""down-streak"", ""element_type"": ""trend_alert"", ""event_name"": ""shown"", ""message"": ""Price went down 3 times in the last 5 ticks!"", ""trader_id"": ""2d5f7443-b06c-44da-896b-87f49555ca30""}",1789084425.449358
24b999b2-fcb9-4304-a923-41f366998dad,938302d7-eb4b-4b56-b728-955547edbafb,HUMAN,shown,trend_alert,down-streak,down-streak,2026-09-10T23:53:45.186Z,2026-09-10T23:53:45.453172+00:00,"{""client_ts"": ""2026-09-10T23:53:45.186Z"", ""element_id"": ""down-streak"", ""element_label"": ""down-streak"", ""element_type"": ""trend_alert"", ""event_name"": ""shown"", ""message"": ""Price went down 3 times in the last 5 ticks!"", ""trader_id"": ""938302d7-eb4b-4b56-b728-955547edbafb""}",1789084425.461792
7b3d258b-4a12-4f9d-af1c-ad1a3fc8344a,aeb13d2b-7a22-4f18-9880-d6d104e91f2f,HUMAN,shown,trend_alert,down-streak,down-streak,2026-09-10T23:53:55.941Z,2026-09-10T23:53:56.006299+00:00,"{""client_ts"": ""2026-09-10T23:53:55.941Z"", ""element_id"": ""down-streak"", ""element_label"": ""down-streak"", ""element_type"": ""trend_alert"", ""event_name"": ""shown"", ""message"": ""Price went down 3 times in the last 5 ticks!"", ""trader_id"": ""aeb13d2b-7a22-4f18-9880-d6d104e91f2f""}",1789084436.016104
7b3d258b-4a12-4f9d-af1c-ad1a3fc8344a,a9323da3-2227-4386-aee6-f301e23076bc,HUMAN,shown,trend_alert,down-streak,down-streak,2026-09-10T23:53:55.947Z,2026-09-10T23:53:56.021076+00:00,"{""client_ts"": ""2026-09-10T23:53:55.947Z"", ""element_id"": ""down-streak"", ""element_label"": ""down-streak"", ""element_type"": ""trend_alert"", ""event_name"": ""shown"", ""message"": ""Price went down 3 times in the last 5 ticks!"", ""trader_id"": ""a9323da3-2227-4386-aee6-f301e23076bc""}",1789084436.029069
7b3d258b-4a12-4f9d-af1c-ad1a3fc8344a,762774e2-b466-4ce2-8abe-40516ad3a99a,HUMAN,shown,trend_alert,down-streak,down-streak,2026-09-10T23:53:55.953Z,2026-09-10T23:53:56.033123+00:00,"{""client_ts"": ""2026-09-10T23:53:55.953Z"", ""element_id"": ""down-streak"", ""element_label"": ""down-streak"", ""element_type"": ""trend_alert"", ""event_name"": ""shown"", ""message"": ""Price went down 3 times in the last 5 ticks!"", ""trader_id"": ""762774e2-b466-4ce2-8abe-40516ad3a99a""}",1789084436.043001
7b3d258b-4a12-4f9d-af1c-ad1a3fc8344a,37f1723e-8392-451b-9f82-b4b827848fc2,HUMAN,shown,trend_alert,down-streak,down-streak,2026-09-10T23:53:55.966Z,2026-09-10T23:53:56.053793+00:00,"{""client_ts"": ""2026-09-10T23:53:55.966Z"", ""element_id"": ""down-streak"", ""element_label"": ""down-streak"", ""element_type"": ""trend_alert"", ""event_name"": ""shown"", ""message"": ""Price went down 3 times in the last 5 ticks!"", ""trader_id"": ""37f1723e-8392-451b-9f82-b4b827848fc2""}",1789084436.062237
7b3d258b-4a12-4f9d-af1c-ad1a3fc8344a,8ae24871-ac2e-4566-b164-d561f4f8967d,HUMAN,shown,trend_alert,down-streak,down-streak,2026-09-10T23:53:55.977Z,2026-09-10T23:53:56.079873+00:00,"{""client_ts"": ""2026-09-10T23:53:55.977Z"", ""element_id"": ""down-streak"", ""element_label"": ""down-streak"", ""element_type"": ""trend_alert"", ""event_name"": ""shown"", ""message"": ""Price went down 3 times in the last 5 ticks!"", ""trader_id"": ""8ae24871-ac2e-4566-b164-d561f4f8967d""}",1789084436.08799
7b3d258b-4a12-4f9d-af1c-ad1a3fc8344a,bc951c28-c9e7-4d21-b631-b7153ded5747,HUMAN,shown,trend_alert,down-streak,down-streak,2026-09-10T23:53:55.979Z,2026-09-10T23:53:56.091680+00:00,"{""client_ts"": ""2026-09-10T23:53:55.979Z"", ""element_id"": ""down-streak"", ""element_label"": ""down-streak"", ""element_type"": ""trend_alert"", ""event_name"": ""shown"", ""message"": ""Price went down 3 times in the last 5 ticks!"", ""trader_id"": ""bc951c28-c9e7-4d21-b631-b7153ded5747""}",1789084436.099231
7b3d258b-4a12-4f9d-af1c-ad1a3fc8344a,762774e2-b466-4ce2-8abe-40516ad3a99a,HUMAN,shown,trend_alert,up-streak,up-streak,2026-09-10T23:54:29.722Z,2026-09-10T23:54:29.779495+00:00,"{""client_ts"": ""2026-09-10T23:54:29.722Z"", ""element_id"": ""up-streak"", ""element_label"": ""up-streak"", ""element_type"": ""trend_alert"", ""event_name"": ""shown"", ""message"": ""Price went up 3 times in the last 5 ticks!"", ""trader_id"": ""762774e2-b466-4ce2-8abe-40516ad3a99a""}",1789084469.788462
7b3d258b-4a12-4f9d-af1c-ad1a3fc8344a,a9323da3-2227-4386-aee6-f301e23076bc,HUMAN,shown,trend_alert,up-streak,up-streak,2026-09-10T23:54:29.718Z,2026-09-10T23:54:29.792678+00:00,"{""client_ts"": ""2026-09-10T23:54:29.718Z"", ""element_id"": ""up-streak"", ""element_label"": ""up-streak"", ""element_type"": ""trend_alert"", ""event_name"": ""shown"", ""message"": ""Price went up 3 times in the last 5 ticks!"", ""trader_id"": ""a9323da3-2227-4386-aee6-f301e23076bc""}",1789084469.800173
7b3d258b-4a12-4f9d-af1c-ad1a3fc8344a,aeb13d2b-7a22-4f18-9880-d6d104e91f2f,HUMAN,shown,trend_alert,up-streak,up-streak,2026-09-10T23:54:29.714Z,2026-09-10T23:54:29.804243+00:00,"{""client_ts"": ""2026-09-10T23:54:29.714Z"", ""element_id"": ""up-streak"", ""element_label"": ""up-streak"", ""element_type"": ""trend_alert"", ""event_name"": ""shown"", ""message"": ""Price went up 3 times in the last 5 ticks!"", ""trader_id"": ""aeb13d2b-7a22-4f18-9880-d6d104e91f2f""}",1789084469.811879
7b3d258b-4a12-4f9d-af1c-ad1a3fc8344a,37f1723e-8392-451b-9f82-b4b827848fc2,HUMAN,shown,trend_alert,up-streak,up-streak,2026-09-10T23:54:29.716Z,2026-09-10T23:54:29.816242+00:00,"{""client_ts"": ""2026-09-10T23:54:29.716Z"", ""element_id"": ""up-streak"", ""element_label"": ""up-streak"", ""element_type"": ""trend_alert"", ""event_name"": ""shown"", ""message"": ""Price went up 3 times in the last 5 ticks!"", ""trader_id"": ""37f1723e-8392-451b-9f82-b4b827848fc2""}",1789084469.823864
7b3d258b-4a12-4f9d-af1c-ad1a3fc8344a,8ae24871-ac2e-4566-b164-d561f4f8967d,HUMAN,shown,trend_alert,up-streak,up-streak,2026-09-10T23:54:29.731Z,2026-09-10T23:54:29.828913+00:00,"{""client_ts"": ""2026-09-10T23:54:29.731Z"", ""element_id"": ""up-streak"", ""element_label"": ""up-streak"", ""element_type"": ""trend_alert"", ""event_name"": ""shown"", ""message"": ""Price went up 3 times in the last 5 ticks!"", ""trader_id"": ""8ae24871-ac2e-4566-b164-d561f4f8967d""}",1789084469.836476
7b3d258b-4a12-4f9d-af1c-ad1a3fc8344a,bc951c28-c9e7-4d21-b631-b7153ded5747,HUMAN,shown,trend_alert,up-streak,up-streak,2026-09-10T23:54:29.727Z,2026-09-10T23:54:29.840676+00:00,"{""client_ts"": ""2026-09-10T23:54:29.727Z"", ""element_id"": ""up-streak"", ""element_label"": ""up-streak"", ""element_type"": ""trend_alert"", ""event_name"": ""shown"", ""message"": ""Price went up 3 times in the last 5 ticks!"", ""trader_id"": ""bc951c28-c9e7-4d21-b631-b7153ded5747""}",1789084469.850455
7b3d258b-4a12-4f9d-af1c-ad1a3fc8344a,a9323da3-2227-4386-aee6-f301e23076bc,HUMAN,shown,trend_alert,down-streak,down-streak,2026-09-10T23:54:48.702Z,2026-09-10T23:54:48.993580+00:00,"{""client_ts"": ""2026-09-10T23:54:48.702Z"", ""element_id"": ""down-streak"", ""element_label"": ""down-streak"", ""element_type"": ""trend_alert"", ""event_name"": ""shown"", ""message"": ""Price went down 3 times in the last 5 ticks!"", ""trader_id"": ""a9323da3-2227-4386-aee6-f301e23076bc""}",1789084489.005182
7b3d258b-4a12-4f9d-af1c-ad1a3fc8344a,762774e2-b466-4ce2-8abe-40516ad3a99a,HUMAN,shown,trend_alert,down-streak,down-streak,2026-09-10T23:54:48.705Z,2026-09-10T23:54:49.008927+00:00,"{""client_ts"": ""2026-09-10T23:54:48.705Z"", ""element_id"": ""down-streak"", ""element_label"": ""down-streak"", ""element_type"": ""trend_alert"", ""event_name"": ""shown"", ""message"": ""Price went down 3 times in the last 5 ticks!"", ""trader_id"": ""762774e2-b466-4ce2-8abe-40516ad3a99a""}",1789084489.016199
7b3d258b-4a12-4f9d-af1c-ad1a3fc8344a,8ae24871-ac2e-4566-b164-d561f4f8967d,HUMAN,shown,trend_alert,down-streak,down-streak,2026-09-10T23:54:48.714Z,2026-09-10T23:54:49.020137+00:00,"{""client_ts"": ""2026-09-10T23:54:48.714Z"", ""element_id"": ""down-streak"", ""element_label"": ""down-streak"", ""element_type"": ""trend_alert"", ""event_name"": ""shown"", ""message"": ""Price went down 3 times in the last 5 ticks!"", ""trader_id"": ""8ae24871-ac2e-4566-b164-d561f4f8967d""}",1789084489.027822
7b3d258b-4a12-4f9d-af1c-ad1a3fc8344a,bc951c28-c9e7-4d21-b631-b7153ded5747,HUMAN,shown,trend_alert,down-streak,down-streak,2026-09-10T23:54:48.712Z,2026-09-10T23:54:49.177197+00:00,"{""client_ts"": ""2026-09-10T23:54:48.712Z"", ""element_id"": ""down-streak"", ""element_label"": ""down-streak"", ""element_type"": ""trend_alert"", ""event_name"": ""shown"", ""message"": ""Price went down 3 times in the last 5 ticks!"", ""trader_id"": ""bc951c28-c9e7-4d21-b631-b7153ded5747""}",1789084489.185938
7b3d258b-4a12-4f9d-af1c-ad1a3fc8344a,37f1723e-8392-451b-9f82-b4b827848fc2,HUMAN,shown,trend_alert,down-streak,down-streak,2026-09-10T23:54:48.701Z,2026-09-10T23:54:49.189720+00:00,"{""client_ts"": ""2026-09-10T23:54:48.701Z"", ""element_id"": ""down-streak"", ""element_label"": ""down-streak"", ""element_type"": ""trend_alert"", ""event_name"": ""shown"", ""message"": ""Price went down 3 times in the last 5 ticks!"", ""trader_id"": ""37f1723e-8392-451b-9f82-b4b827848fc2""}",1789084489.196821
7b3d258b-4a12-4f9d-af1c-ad1a3fc8344a,aeb13d2b-7a22-4f18-9880-d6d104e91f2f,HUMAN,shown,trend_alert,down-streak,down-streak,2026-09-10T23:54:48.700Z,2026-09-10T23:54:49.200474+00:00,"{""client_ts"": ""2026-09-10T23:54:48.700Z"", ""element_id"": ""down-streak"", ""element_label"": ""down-streak"", ""element_type"": ""trend_alert"", ""event_name"": ""shown"", ""message"": ""Price went down 3 times in the last 5 ticks!"", ""trader_id"": ""aeb13d2b-7a22-4f18-9880-d6d104e91f2f""}",1789084489.208777
24b999b2-fcb9-4304-a923-41f366998dad,003c3411-c4ec-4d3c-9ae3-78a3e3c7d8df,HUMAN,shown,badge_unlock,bronze,Bronze,2026-09-10T23:55:04.510Z,2026-09-10T23:55:04.867098+00:00,"{""client_ts"": ""2026-09-10T23:55:04.510Z"", ""element_id"": ""bronze"", ""element_label"": ""Bronze"", ""element_type"": ""badge_unlock"", ""event_name"": ""shown"", ""total_trades_threshold"": 10, ""trader_id"": ""003c3411-c4ec-4d3c-9ae3-78a3e3c7d8df""}",1789084504.876458
24b999b2-fcb9-4304-a923-41f366998dad,003c3411-c4ec-4d3c-9ae3-78a3e3c7d8df,HUMAN,shown,badge_modal,bronze,Bronze,2026-09-10T23:55:04.511Z,2026-09-10T23:55:05.187862+00:00,"{""client_ts"": ""2026-09-10T23:55:04.511Z"", ""element_id"": ""bronze"", ""element_label"": ""Bronze"", ""element_type"": ""badge_modal"", ""event_name"": ""shown"", ""message"": ""Level up! Doing well"", ""total_trades"": 10, ""trader_id"": ""003c3411-c4ec-4d3c-9ae3-78a3e3c7d8df""}",1789084505.195916
24b999b2-fcb9-4304-a923-41f366998dad,003c3411-c4ec-4d3c-9ae3-78a3e3c7d8df,HUMAN,shown,badge_gif,bronze,Bronze,2026-09-10T23:55:04.511Z,2026-09-10T23:55:05.518650+00:00,"{""client_ts"": ""2026-09-10T23:55:04.511Z"", ""element_id"": ""bronze"", ""element_label"": ""Bronze"", ""element_type"": ""badge_gif"", ""event_name"": ""shown"", ""gif"": ""/static/trader_bridge_app/vue/assets/bronze.gif"", ""trader_id"": ""003c3411-c4ec-4d3c-9ae3-78a3e3c7d8df""}",1789084505.526472
24b999b2-fcb9-4304-a923-41f366998dad,a2c8775b-1ae1-4fde-ac28-c87afc49dad3,HUMAN,shown,trend_alert,up-streak,up-streak,2026-09-10T23:55:05.197Z,2026-09-10T23:55:05.952537+00:00,"{""client_ts"": ""2026-09-10T23:55:05.197Z"", ""element_id"": ""up-streak"", ""element_label"": ""up-streak"", ""element_type"": ""trend_alert"", ""event_name"": ""shown"", ""message"": ""Price went up 3 times in the last 5 ticks!"", ""trader_id"": ""a2c8775b-1ae1-4fde-ac28-c87afc49dad3""}",1789084505.960614
24b999b2-fcb9-4304-a923-41f366998dad,2d5f7443-b06c-44da-896b-87f49555ca30,HUMAN,shown,trend_alert,up-streak,up-streak,2026-09-10T23:55:05.206Z,2026-09-10T23:55:05.964598+00:00,"{""client_ts"": ""2026-09-10T23:55:05.206Z"", ""element_id"": ""up-streak"", ""element_label"": ""up-streak"", ""element_type"": ""trend_alert"", ""event_name"": ""shown"", ""message"": ""Price went up 3 times in the last 5 ticks!"", ""trader_id"": ""2d5f7443-b06c-44da-896b-87f49555ca30""}",1789084505.977551
24b999b2-fcb9-4304-a923-41f366998dad,003c3411-c4ec-4d3c-9ae3-78a3e3c7d8df,HUMAN,shown,trend_alert,up-streak,up-streak,2026-09-10T23:55:05.182Z,2026-09-10T23:55:05.981462+00:00,"{""client_ts"": ""2026-09-10T23:55:05.182Z"", ""element_id"": ""up-streak"", ""element_label"": ""up-streak"", ""element_type"": ""trend_alert"", ""event_name"": ""shown"", ""message"": ""Price went up 3 times in the last 5 ticks!"", ""trader_id"": ""003c3411-c4ec-4d3c-9ae3-78a3e3c7d8df""}",1789084505.990397
24b999b2-fcb9-4304-a923-41f366998dad,c244c4f3-087f-4071-a2a0-0d929c6c70b5,HUMAN,shown,trend_alert,up-streak,up-streak,2026-09-10T23:55:05.179Z,2026-09-10T23:55:06.010843+00:00,"{""client_ts"": ""2026-09-10T23:55:05.179Z"", ""element_id"": ""up-streak"", ""element_label"": ""up-streak"", ""element_type"": ""trend_alert"", ""event_name"": ""shown"", ""message"": ""Price went up 3 times in the last 5 ticks!"", ""trader_id"": ""c244c4f3-087f-4071-a2a0-0d929c6c70b5""}",1789084506.021311
24b999b2-fcb9-4304-a923-41f366998dad,938302d7-eb4b-4b56-b728-955547edbafb,HUMAN,shown,trend_alert,up-streak,up-streak,2026-09-10T23:55:05.213Z,2026-09-10T23:55:06.025775+00:00,"{""client_ts"": ""2026-09-10T23:55:05.213Z"", ""element_id"": ""up-streak"", ""element_label"": ""up-streak"", ""element_type"": ""trend_alert"", ""event_name"": ""shown"", ""message"": ""Price went up 3 times in the last 5 ticks!"", ""trader_id"": ""938302d7-eb4b-4b56-b728-955547edbafb""}",1789084506.034012
24b999b2-fcb9-4304-a923-41f366998dad,780691e0-23fa-4614-8bba-e9be7f74977d,HUMAN,shown,trend_alert,up-streak,up-streak,2026-09-10T23:55:05.268Z,2026-09-10T23:55:06.038250+00:00,"{""client_ts"": ""2026-09-10T23:55:05.268Z"", ""element_id"": ""up-streak"", ""element_label"": ""up-streak"", ""element_type"": ""trend_alert"", ""event_name"": ""shown"", ""message"": ""Price went up 3 times in the last 5 ticks!"", ""trader_id"": ""780691e0-23fa-4614-8bba-e9be7f74977d""}",1789084506.047992
24b999b2-fcb9-4304-a923-41f366998dad,938302d7-eb4b-4b56-b728-955547edbafb,HUMAN,shown,badge_unlock,bronze,Bronze,2026-09-10T23:55:13.864Z,2026-09-10T23:55:14.294493+00:00,"{""client_ts"": ""2026-09-10T23:55:13.864Z"", ""element_id"": ""bronze"", ""element_label"": ""Bronze"", ""element_type"": ""badge_unlock"", ""event_name"": ""shown"", ""total_trades_threshold"": 10, ""trader_id"": ""938302d7-eb4b-4b56-b728-955547edbafb""}",1789084514.30331
24b999b2-fcb9-4304-a923-41f366998dad,938302d7-eb4b-4b56-b728-955547edbafb,HUMAN,shown,badge_modal,bronze,Bronze,2026-09-10T23:55:13.864Z,2026-09-10T23:55:14.501136+00:00,"{""client_ts"": ""2026-09-10T23:55:13.864Z"", ""element_id"": ""bronze"", ""element_label"": ""Bronze"", ""element_type"": ""badge_modal"", ""event_name"": ""shown"", ""message"": ""Level up! Doing well"", ""total_trades"": 10, ""trader_id"": ""938302d7-eb4b-4b56-b728-955547edbafb""}",1789084514.511821
24b999b2-fcb9-4304-a923-41f366998dad,938302d7-eb4b-4b56-b728-955547edbafb,HUMAN,shown,badge_gif,bronze,Bronze,2026-09-10T23:55:13.864Z,2026-09-10T23:55:14.844477+00:00,"{""client_ts"": ""2026-09-10T23:55:13.864Z"", ""element_id"": ""bronze"", ""element_label"": ""Bronze"", ""element_type"": ""badge_gif"", ""event_name"": ""shown"", ""gif"": ""/static/trader_bridge_app/vue/assets/bronze.gif"", ""trader_id"": ""938302d7-eb4b-4b56-b728-955547edbafb""}",1789084514.851695
24b999b2-fcb9-4304-a923-41f366998dad,938302d7-eb4b-4b56-b728-955547edbafb,HUMAN,shown,trend_alert,up-streak,up-streak,2026-09-10T23:55:14.512Z,2026-09-10T23:55:15.039881+00:00,"{""client_ts"": ""2026-09-10T23:55:14.512Z"", ""element_id"": ""up-streak"", ""element_label"": ""up-streak"", ""element_type"": ""trend_alert"", ""event_name"": ""shown"", ""message"": ""Price went up 3 times in the last 5 ticks!"", ""trader_id"": ""938302d7-eb4b-4b56-b728-955547edbafb""}",1789084515.047426
24b999b2-fcb9-4304-a923-41f366998dad,c244c4f3-087f-4071-a2a0-0d929c6c70b5,HUMAN,shown,trend_alert,up-streak,up-streak,2026-09-10T23:55:14.481Z,2026-09-10T23:55:15.051063+00:00,"{""client_ts"": ""2026-09-10T23:55:14.481Z"", ""element_id"": ""up-streak"", ""element_label"": ""up-streak"", ""element_type"": ""trend_alert"", ""event_name"": ""shown"", ""message"": ""Price went up 3 times in the last 5 ticks!"", ""trader_id"": ""c244c4f3-087f-4071-a2a0-0d929c6c70b5""}",1789084515.060885
24b999b2-fcb9-4304-a923-41f366998dad,003c3411-c4ec-4d3c-9ae3-78a3e3c7d8df,HUMAN,shown,trend_alert,up-streak,up-streak,2026-09-10T23:55:14.550Z,2026-09-10T23:55:15.143091+00:00,"{""client_ts"": ""2026-09-10T23:55:14.550Z"", ""element_id"": ""up-streak"", ""element_label"": ""up-streak"", ""element_type"": ""trend_alert"", ""event_name"": ""shown"", ""message"": ""Price went up 3 times in the last 5 ticks!"", ""trader_id"": ""003c3411-c4ec-4d3c-9ae3-78a3e3c7d8df""}",1789084515.152159
24b999b2-fcb9-4304-a923-41f366998dad,780691e0-23fa-4614-8bba-e9be7f74977d,HUMAN,shown,trend_alert,up-streak,up-streak,2026-09-10T23:55:14.587Z,2026-09-10T23:55:15.156021+00:00,"{""client_ts"": ""2026-09-10T23:55:14.587Z"", ""element_id"": ""up-streak"", ""element_label"": ""up-streak"", ""element_type"": ""trend_alert"", ""event_name"": ""shown"", ""message"": ""Price went up 3 times in the last 5 ticks!"", ""trader_id"": ""780691e0-23fa-4614-8bba-e9be7f74977d""}",1789084515.164862
24b999b2-fcb9-4304-a923-41f366998dad,2d5f7443-b06c-44da-896b-87f49555ca30,HUMAN,shown,trend_alert,up-streak,up-streak,2026-09-10T23:55:14.648Z,2026-09-10T23:55:15.169126+00:00,"{""client_ts"": ""2026-09-10T23:55:14.648Z"", ""element_id"": ""up-streak"", ""element_label"": ""up-streak"", ""element_type"": ""trend_alert"", ""event_name"": ""shown"", ""message"": ""Price went up 3 times in the last 5 ticks!"", ""trader_id"": ""2d5f7443-b06c-44da-896b-87f49555ca30""}",1789084515.176591
24b999b2-fcb9-4304-a923-41f366998dad,a2c8775b-1ae1-4fde-ac28-c87afc49dad3,HUMAN,shown,trend_alert,up-streak,up-streak,2026-09-10T23:55:14.507Z,2026-09-10T23:55:15.254808+00:00,"{""client_ts"": ""2026-09-10T23:55:14.507Z"", ""element_id"": ""up-streak"", ""element_label"": ""up-streak"", ""element_type"": ""trend_alert"", ""event_name"": ""shown"", ""message"": ""Price went up 3 times in the last 5 ticks!"", ""trader_id"": ""a2c8775b-1ae1-4fde-ac28-c87afc49dad3""}",1789084515.26271
7b3d258b-4a12-4f9d-af1c-ad1a3fc8344a,762774e2-b466-4ce2-8abe-40516ad3a99a,HUMAN,shown,trend_alert,up-streak,up-streak,2026-09-10T23:55:15.382Z,2026-09-10T23:55:15.624076+00:00,"{""client_ts"": ""2026-09-10T23:55:15.382Z"", ""element_id"": ""up-streak"", ""element_label"": ""up-streak"", ""element_type"": ""trend_alert"", ""event_name"": ""shown"", ""message"": ""Price went up 3 times in the last 5 ticks!"", ""trader_id"": ""762774e2-b466-4ce2-8abe-40516ad3a99a""}",1789084515.632259
7b3d258b-4a12-4f9d-af1c-ad1a3fc8344a,bc951c28-c9e7-4d21-b631-b7153ded5747,HUMAN,shown,trend_alert,up-streak,up-streak,2026-09-10T23:55:15.385Z,2026-09-10T23:55:15.636086+00:00,"{""client_ts"": ""2026-09-10T23:55:15.385Z"", ""element_id"": ""up-streak"", ""element_label"": ""up-streak"", ""element_type"": ""trend_alert"", ""event_name"": ""shown"", ""message"": ""Price went up 3 times in the last 5 ticks!"", ""trader_id"": ""bc951c28-c9e7-4d21-b631-b7153ded5747""}",1789084515.644006
7b3d258b-4a12-4f9d-af1c-ad1a3fc8344a,a9323da3-2227-4386-aee6-f301e23076bc,HUMAN,shown,trend_alert,up-streak,up-streak,2026-09-10T23:55:15.379Z,2026-09-10T23:55:15.648589+00:00,"{""client_ts"": ""2026-09-10T23:55:15.379Z"", ""element_id"": ""up-streak"", ""element_label"": ""up-streak"", ""element_type"": ""trend_alert"", ""event_name"": ""shown"", ""message"": ""Price went up 3 times in the last 5 ticks!"", ""trader_id"": ""a9323da3-2227-4386-aee6-f301e23076bc""}",1789084515.657026
7b3d258b-4a12-4f9d-af1c-ad1a3fc8344a,8ae24871-ac2e-4566-b164-d561f4f8967d,HUMAN,shown,trend_alert,up-streak,up-streak,2026-09-10T23:55:15.390Z,2026-09-10T23:55:15.676210+00:00,"{""client_ts"": ""2026-09-10T23:55:15.390Z"", ""element_id"": ""up-streak"", ""element_label"": ""up-streak"", ""element_type"": ""trend_alert"", ""event_name"": ""shown"", ""message"": ""Price went up 3 times in the last 5 ticks!"", ""trader_id"": ""8ae24871-ac2e-4566-b164-d561f4f8967d""}",1789084515.685177
7b3d258b-4a12-4f9d-af1c-ad1a3fc8344a,37f1723e-8392-451b-9f82-b4b827848fc2,HUMAN,shown,trend_alert,up-streak,up-streak,2026-09-10T23:55:15.376Z,2026-09-10T23:55:15.688836+00:00,"{""client_ts"": ""2026-09-10T23:55:15.376Z"", ""element_id"": ""up-streak"", ""element_label"": ""up-streak"", ""element_type"": ""trend_alert"", ""event_name"": ""shown"", ""message"": ""Price went up 3 times in the last 5 ticks!"", ""trader_id"": ""37f1723e-8392-451b-9f82-b4b827848fc2""}",1789084515.696169
7b3d258b-4a12-4f9d-af1c-ad1a3fc8344a,aeb13d2b-7a22-4f18-9880-d6d104e91f2f,HUMAN,shown,trend_alert,up-streak,up-streak,2026-09-10T23:55:15.374Z,2026-09-10T23:55:15.700344+00:00,"{""client_ts"": ""2026-09-10T23:55:15.374Z"", ""element_id"": ""up-streak"", ""element_label"": ""up-streak"", ""element_type"": ""trend_alert"", ""event_name"": ""shown"", ""message"": ""Price went up 3 times in the last 5 ticks!"", ""trader_id"": ""aeb13d2b-7a22-4f18-9880-d6d104e91f2f""}",1789084515.707314
24b999b2-fcb9-4304-a923-41f366998dad,780691e0-23fa-4614-8bba-e9be7f74977d,HUMAN,shown,badge_unlock,bronze,Bronze,2026-09-10T23:55:23.080Z,2026-09-10T23:55:23.535546+00:00,"{""client_ts"": ""2026-09-10T23:55:23.080Z"", ""element_id"": ""bronze"", ""element_label"": ""Bronze"", ""element_type"": ""badge_unlock"", ""event_name"": ""shown"", ""total_trades_threshold"": 10, ""trader_id"": ""780691e0-23fa-4614-8bba-e9be7f74977d""}",1789084523.542512
24b999b2-fcb9-4304-a923-41f366998dad,780691e0-23fa-4614-8bba-e9be7f74977d,HUMAN,shown,badge_modal,bronze,Bronze,2026-09-10T23:55:23.081Z,2026-09-10T23:55:23.680957+00:00,"{""client_ts"": ""2026-09-10T23:55:23.081Z"", ""element_id"": ""bronze"", ""element_label"": ""Bronze"", ""element_type"": ""badge_modal"", ""event_name"": ""shown"", ""message"": ""Level up! Doing well"", ""total_trades"": 10, ""trader_id"": ""780691e0-23fa-4614-8bba-e9be7f74977d""}",1789084523.68977
24b999b2-fcb9-4304-a923-41f366998dad,780691e0-23fa-4614-8bba-e9be7f74977d,HUMAN,shown,badge_gif,bronze,Bronze,2026-09-10T23:55:23.081Z,2026-09-10T23:55:23.795270+00:00,"{""client_ts"": ""2026-09-10T23:55:23.081Z"", ""element_id"": ""bronze"", ""element_label"": ""Bronze"", ""element_type"": ""badge_gif"", ""event_name"": ""shown"", ""gif"": ""/static/trader_bridge_app/vue/assets/bronze.gif"", ""trader_id"": ""780691e0-23fa-4614-8bba-e9be7f74977d""}",1789084523.802326
c37a19d1-3da8-40e7-97e2-5548f7a2b914,f92101ae-25b2-44a6-a0cc-63a443dd5248,HUMAN,shown,trend_alert,up-streak,up-streak,2026-09-10T23:55:38.521Z,2026-09-10T23:55:38.821857+00:00,"{""client_ts"": ""2026-09-10T23:55:38.521Z"", ""element_id"": ""up-streak"", ""element_label"": ""up-streak"", ""element_type"": ""trend_alert"", ""event_name"": ""shown"", ""message"": ""Price went up 3 times in the last 5 ticks!"", ""trader_id"": ""f92101ae-25b2-44a6-a0cc-63a443dd5248""}",1789084538.829603
c37a19d1-3da8-40e7-97e2-5548f7a2b914,c11b900e-41c7-4c49-9287-047825bc1421,HUMAN,shown,trend_alert,up-streak,up-streak,2026-09-10T23:55:38.513Z,2026-09-10T23:55:38.833441+00:00,"{""client_ts"": ""2026-09-10T23:55:38.513Z"", ""element_id"": ""up-streak"", ""element_label"": ""up-streak"", ""element_type"": ""trend_alert"", ""event_name"": ""shown"", ""message"": ""Price went up 3 times in the last 5 ticks!"", ""trader_id"": ""c11b900e-41c7-4c49-9287-047825bc1421""}",1789084538.840913
c37a19d1-3da8-40e7-97e2-5548f7a2b914,cb921b26-f05d-4d63-b193-514916440927,HUMAN,shown,trend_alert,up-streak,up-streak,2026-09-10T23:55:38.552Z,2026-09-10T23:55:38.907682+00:00,"{""client_ts"": ""2026-09-10T23:55:38.552Z"", ""element_id"": ""up-streak"", ""element_label"": ""up-streak"", ""element_type"": ""trend_alert"", ""event_name"": ""shown"", ""message"": ""Price went up 3 times in the last 5 ticks!"", ""trader_id"": ""cb921b26-f05d-4d63-b193-514916440927""}",1789084538.914919
c37a19d1-3da8-40e7-97e2-5548f7a2b914,aba8edfe-fe90-4b8d-a777-96c72d78592d,HUMAN,shown,trend_alert,up-streak,up-streak,2026-09-10T23:55:38.539Z,2026-09-10T23:55:44.879301+00:00,"{""client_ts"": ""2026-09-10T23:55:38.539Z"", ""element_id"": ""up-streak"", ""element_label"": ""up-streak"", ""element_type"": ""trend_alert"", ""event_name"": ""shown"", ""message"": ""Price went up 3 times in the last 5 ticks!"", ""trader_id"": ""aba8edfe-fe90-4b8d-a777-96c72d78592d""}",1789084544.892944
24b999b2-fcb9-4304-a923-41f366998dad,a2c8775b-1ae1-4fde-ac28-c87afc49dad3,HUMAN,shown,trend_alert,down-streak,down-streak,2026-09-10T23:55:48.783Z,2026-09-10T23:55:48.941132+00:00,"{""client_ts"": ""2026-09-10T23:55:48.783Z"", ""element_id"": ""down-streak"", ""element_label"": ""down-streak"", ""element_type"": ""trend_alert"", ""event_name"": ""shown"", ""message"": ""Price went down 3 times in the last 5 ticks!"", ""trader_id"": ""a2c8775b-1ae1-4fde-ac28-c87afc49dad3""}",1789084548.949241
24b999b2-fcb9-4304-a923-41f366998dad,2d5f7443-b06c-44da-896b-87f49555ca30,HUMAN,shown,trend_alert,down-streak,down-streak,2026-09-10T23:55:48.796Z,2026-09-10T23:55:48.952931+00:00,"{""client_ts"": ""2026-09-10T23:55:48.796Z"", ""element_id"": ""down-streak"", ""element_label"": ""down-streak"", ""element_type"": ""trend_alert"", ""event_name"": ""shown"", ""message"": ""Price went down 3 times in the last 5 ticks!"", ""trader_id"": ""2d5f7443-b06c-44da-896b-87f49555ca30""}",1789084548.962463
24b999b2-fcb9-4304-a923-41f366998dad,003c3411-c4ec-4d3c-9ae3-78a3e3c7d8df,HUMAN,shown,trend_alert,down-streak,down-streak,2026-09-10T23:55:48.761Z,2026-09-10T23:55:48.966163+00:00,"{""client_ts"": ""2026-09-10T23:55:48.761Z"", ""element_id"": ""down-streak"", ""element_label"": ""down-streak"", ""element_type"": ""trend_alert"", ""event_name"": ""shown"", ""message"": ""Price went down 3 times in the last 5 ticks!"", ""trader_id"": ""003c3411-c4ec-4d3c-9ae3-78a3e3c7d8df""}",1789084548.973664
24b999b2-fcb9-4304-a923-41f366998dad,780691e0-23fa-4614-8bba-e9be7f74977d,HUMAN,shown,trend_alert,down-streak,down-streak,2026-09-10T23:55:48.798Z,2026-09-10T23:55:48.981335+00:00,"{""client_ts"": ""2026-09-10T23:55:48.798Z"", ""element_id"": ""down-streak"", ""element_label"": ""down-streak"", ""element_type"": ""trend_alert"", ""event_name"": ""shown"", ""message"": ""Price went down 3 times in the last 5 ticks!"", ""trader_id"": ""780691e0-23fa-4614-8bba-e9be7f74977d""}",1789084548.989413
24b999b2-fcb9-4304-a923-41f366998dad,c244c4f3-087f-4071-a2a0-0d929c6c70b5,HUMAN,shown,trend_alert,down-streak,down-streak,2026-09-10T23:55:48.757Z,2026-09-10T23:55:48.993079+00:00,"{""client_ts"": ""2026-09-10T23:55:48.757Z"", ""element_id"": ""down-streak"", ""element_label"": ""down-streak"", ""element_type"": ""trend_alert"", ""event_name"": ""shown"", ""message"": ""Price went down 3 times in the last 5 ticks!"", ""trader_id"": ""c244c4f3-087f-4071-a2a0-0d929c6c70b5""}",1789084549.000358
24b999b2-fcb9-4304-a923-41f366998dad,938302d7-eb4b-4b56-b728-955547edbafb,HUMAN,shown,trend_alert,down-streak,down-streak,2026-09-10T23:55:48.793Z,2026-09-10T23:55:49.006147+00:00,"{""client_ts"": ""2026-09-10T23:55:48.793Z"", ""element_id"": ""down-streak"", ""element_label"": ""down-streak"", ""element_type"": ""trend_alert"", ""event_name"": ""shown"", ""message"": ""Price went down 3 times in the last 5 ticks!"", ""trader_id"": ""938302d7-eb4b-4b56-b728-955547edbafb""}",1789084549.016429
7b3d258b-4a12-4f9d-af1c-ad1a3fc8344a,762774e2-b466-4ce2-8abe-40516ad3a99a,HUMAN,shown,trend_alert,up-streak,up-streak,2026-09-10T23:56:06.333Z,2026-09-10T23:56:06.387929+00:00,"{""client_ts"": ""2026-09-10T23:56:06.333Z"", ""element_id"": ""up-streak"", ""element_label"": ""up-streak"", ""element_type"": ""trend_alert"", ""event_name"": ""shown"", ""message"": ""Price went up 3 times in the last 5 ticks!"", ""trader_id"": ""762774e2-b466-4ce2-8abe-40516ad3a99a""}",1789084566.398276
7b3d258b-4a12-4f9d-af1c-ad1a3fc8344a,a9323da3-2227-4386-aee6-f301e23076bc,HUMAN,shown,trend_alert,up-streak,up-streak,2026-09-10T23:56:06.333Z,2026-09-10T23:56:06.404612+00:00,"{""client_ts"": ""2026-09-10T23:56:06.333Z"", ""element_id"": ""up-streak"", ""element_label"": ""up-streak"", ""element_type"": ""trend_alert"", ""event_name"": ""shown"", ""message"": ""Price went up 3 times in the last 5 ticks!"", ""trader_id"": ""a9323da3-2227-4386-aee6-f301e23076bc""}",1789084566.417293
7b3d258b-4a12-4f9d-af1c-ad1a3fc8344a,aeb13d2b-7a22-4f18-9880-d6d104e91f2f,HUMAN,shown,trend_alert,up-streak,up-streak,2026-09-10T23:56:06.331Z,2026-09-10T23:56:06.421178+00:00,"{""client_ts"": ""2026-09-10T23:56:06.331Z"", ""element_id"": ""up-streak"", ""element_label"": ""up-streak"", ""element_type"": ""trend_alert"", ""event_name"": ""shown"", ""message"": ""Price went up 3 times in the last 5 ticks!"", ""trader_id"": ""aeb13d2b-7a22-4f18-9880-d6d104e91f2f""}",1789084566.428704
7b3d258b-4a12-4f9d-af1c-ad1a3fc8344a,8ae24871-ac2e-4566-b164-d561f4f8967d,HUMAN,shown,trend_alert,up-streak,up-streak,2026-09-10T23:56:06.342Z,2026-09-10T23:56:06.433660+00:00,"{""client_ts"": ""2026-09-10T23:56:06.342Z"", ""element_id"": ""up-streak"", ""element_label"": ""up-streak"", ""element_type"": ""trend_alert"", ""event_name"": ""shown"", ""message"": ""Price went up 3 times in the last 5 ticks!"", ""trader_id"": ""8ae24871-ac2e-4566-b164-d561f4f8967d""}",1789084566.441637
7b3d258b-4a12-4f9d-af1c-ad1a3fc8344a,37f1723e-8392-451b-9f82-b4b827848fc2,HUMAN,shown,trend_alert,up-streak,up-streak,2026-09-10T23:56:06.329Z,2026-09-10T23:56:06.447785+00:00,"{""client_ts"": ""2026-09-10T23:56:06.329Z"", ""element_id"": ""up-streak"", ""element_label"": ""up-streak"", ""element_type"": ""trend_alert"", ""event_name"": ""shown"", ""message"": ""Price went up 3 times in the last 5 ticks!"", ""trader_id"": ""37f1723e-8392-451b-9f82-b4b827848fc2""}",1789084566.456124
7b3d258b-4a12-4f9d-af1c-ad1a3fc8344a,bc951c28-c9e7-4d21-b631-b7153ded5747,HUMAN,shown,trend_alert,up-streak,up-streak,2026-09-10T23:56:06.340Z,2026-09-10T23:56:06.460458+00:00,"{""client_ts"": ""2026-09-10T23:56:06.340Z"", ""element_id"": ""up-streak"", ""element_label"": ""up-streak"", ""element_type"": ""trend_alert"", ""event_name"": ""shown"", ""message"": ""Price went up 3 times in the last 5 ticks!"", ""trader_id"": ""bc951c28-c9e7-4d21-b631-b7153ded5747""}",1789084566.46838
7b3d258b-4a12-4f9d-af1c-ad1a3fc8344a,bc951c28-c9e7-4d21-b631-b7153ded5747,HUMAN,shown,badge_unlock,gold,Gold,2026-09-10T23:56:26.629Z,2026-09-10T23:56:26.684102+00:00,"{""client_ts"": ""2026-09-10T23:56:26.629Z"", ""element_id"": ""gold"", ""element_label"": ""Gold"", ""element_type"": ""badge_unlock"", ""event_name"": ""shown"", ""total_trades_threshold"": 35, ""trader_id"": ""bc951c28-c9e7-4d21-b631-b7153ded5747""}",1789084586.692005
7b3d258b-4a12-4f9d-af1c-ad1a3fc8344a,bc951c28-c9e7-4d21-b631-b7153ded5747,HUMAN,shown,badge_modal,gold,Gold,2026-09-10T23:56:26.629Z,2026-09-10T23:56:26.700804+00:00,"{""client_ts"": ""2026-09-10T23:56:26.629Z"", ""element_id"": ""gold"", ""element_label"": ""Gold"", ""element_type"": ""badge_modal"", ""event_name"": ""shown"", ""message"": ""You are the money maker!"", ""total_trades"": 35, ""trader_id"": ""bc951c28-c9e7-4d21-b631-b7153ded5747""}",1789084586.708381
7b3d258b-4a12-4f9d-af1c-ad1a3fc8344a,bc951c28-c9e7-4d21-b631-b7153ded5747,HUMAN,shown,badge_gif,gold,Gold,2026-09-10T23:56:26.629Z,2026-09-10T23:56:26.715791+00:00,"{""client_ts"": ""2026-09-10T23:56:26.629Z"", ""element_id"": ""gold"", ""element_label"": ""Gold"", ""element_type"": ""badge_gif"", ""event_name"": ""shown"", ""gif"": ""/static/trader_bridge_app/vue/assets/gold.gif"", ""trader_id"": ""bc951c28-c9e7-4d21-b631-b7153ded5747""}",1789084586.724649
7b3d258b-4a12-4f9d-af1c-ad1a3fc8344a,762774e2-b466-4ce2-8abe-40516ad3a99a,HUMAN,shown,trend_alert,up-streak,up-streak,2026-09-10T23:56:40.339Z,2026-09-10T23:56:40.603264+00:00,"{""client_ts"": ""2026-09-10T23:56:40.339Z"", ""element_id"": ""up-streak"", ""element_label"": ""up-streak"", ""element_type"": ""trend_alert"", ""event_name"": ""shown"", ""message"": ""Price went up 3 times in the last 5 ticks!"", ""trader_id"": ""762774e2-b466-4ce2-8abe-40516ad3a99a""}",1789084600.61046
7b3d258b-4a12-4f9d-af1c-ad1a3fc8344a,a9323da3-2227-4386-aee6-f301e23076bc,HUMAN,shown,trend_alert,up-streak,up-streak,2026-09-10T23:56:40.449Z,2026-09-10T23:56:40.700421+00:00,"{""client_ts"": ""2026-09-10T23:56:40.449Z"", ""element_id"": ""up-streak"", ""element_label"": ""up-streak"", ""element_type"": ""trend_alert"", ""event_name"": ""shown"", ""message"": ""Price went up 3 times in the last 5 ticks!"", ""trader_id"": ""a9323da3-2227-4386-aee6-f301e23076bc""}",1789084600.707894
7b3d258b-4a12-4f9d-af1c-ad1a3fc8344a,8ae24871-ac2e-4566-b164-d561f4f8967d,HUMAN,shown,trend_alert,up-streak,up-streak,2026-09-10T23:56:40.455Z,2026-09-10T23:56:40.714935+00:00,"{""client_ts"": ""2026-09-10T23:56:40.455Z"", ""element_id"": ""up-streak"", ""element_label"": ""up-streak"", ""element_type"": ""trend_alert"", ""event_name"": ""shown"", ""message"": ""Price went up 3 times in the last 5 ticks!"", ""trader_id"": ""8ae24871-ac2e-4566-b164-d561f4f8967d""}",1789084600.722577
7b3d258b-4a12-4f9d-af1c-ad1a3fc8344a,37f1723e-8392-451b-9f82-b4b827848fc2,HUMAN,shown,trend_alert,up-streak,up-streak,2026-09-10T23:56:40.441Z,2026-09-10T23:56:40.726330+00:00,"{""client_ts"": ""2026-09-10T23:56:40.441Z"", ""element_id"": ""up-streak"", ""element_label"": ""up-streak"", ""element_type"": ""trend_alert"", ""event_name"": ""shown"", ""message"": ""Price went up 3 times in the last 5 ticks!"", ""trader_id"": ""37f1723e-8392-451b-9f82-b4b827848fc2""}",1789084600.733742
7b3d258b-4a12-4f9d-af1c-ad1a3fc8344a,bc951c28-c9e7-4d21-b631-b7153ded5747,HUMAN,shown,trend_alert,up-streak,up-streak,2026-09-10T23:56:40.453Z,2026-09-10T23:56:40.738427+00:00,"{""client_ts"": ""2026-09-10T23:56:40.453Z"", ""element_id"": ""up-streak"", ""element_label"": ""up-streak"", ""element_type"": ""trend_alert"", ""event_name"": ""shown"", ""message"": ""Price went up 3 times in the last 5 ticks!"", ""trader_id"": ""bc951c28-c9e7-4d21-b631-b7153ded5747""}",1789084600.750346
7b3d258b-4a12-4f9d-af1c-ad1a3fc8344a,aeb13d2b-7a22-4f18-9880-d6d104e91f2f,HUMAN,shown,trend_alert,up-streak,up-streak,2026-09-10T23:56:40.456Z,2026-09-10T23:56:40.754957+00:00,"{""client_ts"": ""2026-09-10T23:56:40.456Z"", ""element_id"": ""up-streak"", ""element_label"": ""up-streak"", ""element_type"": ""trend_alert"", ""event_name"": ""shown"", ""message"": ""Price went up 3 times in the last 5 ticks!"", ""trader_id"": ""aeb13d2b-7a22-4f18-9880-d6d104e91f2f""}",1789084600.763258
24b999b2-fcb9-4304-a923-41f366998dad,a2c8775b-1ae1-4fde-ac28-c87afc49dad3,HUMAN,shown,badge_unlock,bronze,Bronze,2026-09-10T23:56:48.411Z,2026-09-10T23:56:49.048398+00:00,"{""client_ts"": ""2026-09-10T23:56:48.411Z"", ""element_id"": ""bronze"", ""element_label"": ""Bronze"", ""element_type"": ""badge_unlock"", ""event_name"": ""shown"", ""total_trades_threshold"": 10, ""trader_id"": ""a2c8775b-1ae1-4fde-ac28-c87afc49dad3""}",1789084609.05634
24b999b2-fcb9-4304-a923-41f366998dad,a2c8775b-1ae1-4fde-ac28-c87afc49dad3,HUMAN,shown,badge_modal,bronze,Bronze,2026-09-10T23:56:48.411Z,2026-09-10T23:56:49.288199+00:00,"{""client_ts"": ""2026-09-10T23:56:48.411Z"", ""element_id"": ""bronze"", ""element_label"": ""Bronze"", ""element_type"": ""badge_modal"", ""event_name"": ""shown"", ""message"": ""Level up! Doing well"", ""total_trades"": 10, ""trader_id"": ""a2c8775b-1ae1-4fde-ac28-c87afc49dad3""}",1789084609.295796
24b999b2-fcb9-4304-a923-41f366998dad,a2c8775b-1ae1-4fde-ac28-c87afc49dad3,HUMAN,shown,badge_gif,bronze,Bronze,2026-09-10T23:56:48.411Z,2026-09-10T23:56:49.537074+00:00,"{""client_ts"": ""2026-09-10T23:56:48.411Z"", ""element_id"": ""bronze"", ""element_label"": ""Bronze"", ""element_type"": ""badge_gif"", ""event_name"": ""shown"", ""gif"": ""/static/trader_bridge_app/vue/assets/bronze.gif"", ""trader_id"": ""a2c8775b-1ae1-4fde-ac28-c87afc49dad3""}",1789084609.547878
24b999b2-fcb9-4304-a923-41f366998dad,a2c8775b-1ae1-4fde-ac28-c87afc49dad3,HUMAN,shown,trend_alert,down-streak,down-streak,2026-09-10T23:56:49.955Z,2026-09-10T23:56:50.556389+00:00,"{""client_ts"": ""2026-09-10T23:56:49.955Z"", ""element_id"": ""down-streak"", ""element_label"": ""down-streak"", ""element_type"": ""trend_alert"", ""event_name"": ""shown"", ""message"": ""Price went down 3 times in the last 5 ticks!"", ""trader_id"": ""a2c8775b-1ae1-4fde-ac28-c87afc49dad3""}",1789084610.565359
24b999b2-fcb9-4304-a923-41f366998dad,2d5f7443-b06c-44da-896b-87f49555ca30,HUMAN,shown,trend_alert,down-streak,down-streak,2026-09-10T23:56:49.966Z,2026-09-10T23:56:50.569151+00:00,"{""client_ts"": ""2026-09-10T23:56:49.966Z"", ""element_id"": ""down-streak"", ""element_label"": ""down-streak"", ""element_type"": ""trend_alert"", ""event_name"": ""shown"", ""message"": ""Price went down 3 times in the last 5 ticks!"", ""trader_id"": ""2d5f7443-b06c-44da-896b-87f49555ca30""}",1789084610.578608
24b999b2-fcb9-4304-a923-41f366998dad,c244c4f3-087f-4071-a2a0-0d929c6c70b5,HUMAN,shown,trend_alert,down-streak,down-streak,2026-09-10T23:56:49.929Z,2026-09-10T23:56:50.582351+00:00,"{""client_ts"": ""2026-09-10T23:56:49.929Z"", ""element_id"": ""down-streak"", ""element_label"": ""down-streak"", ""element_type"": ""trend_alert"", ""event_name"": ""shown"", ""message"": ""Price went down 3 times in the last 5 ticks!"", ""trader_id"": ""c244c4f3-087f-4071-a2a0-0d929c6c70b5""}",1789084610.589728
24b999b2-fcb9-4304-a923-41f366998dad,780691e0-23fa-4614-8bba-e9be7f74977d,HUMAN,shown,trend_alert,down-streak,down-streak,2026-09-10T23:56:50.085Z,2026-09-10T23:56:50.688832+00:00,"{""client_ts"": ""2026-09-10T23:56:50.085Z"", ""element_id"": ""down-streak"", ""element_label"": ""down-streak"", ""element_type"": ""trend_alert"", ""event_name"": ""shown"", ""message"": ""Price went down 3 times in the last 5 ticks!"", ""trader_id"": ""780691e0-23fa-4614-8bba-e9be7f74977d""}",1789084610.696613
24b999b2-fcb9-4304-a923-41f366998dad,938302d7-eb4b-4b56-b728-955547edbafb,HUMAN,shown,trend_alert,down-streak,down-streak,2026-09-10T23:56:50.078Z,2026-09-10T23:56:50.700454+00:00,"{""client_ts"": ""2026-09-10T23:56:50.078Z"", ""element_id"": ""down-streak"", ""element_label"": ""down-streak"", ""element_type"": ""trend_alert"", ""event_name"": ""shown"", ""message"": ""Price went down 3 times in the last 5 ticks!"", ""trader_id"": ""938302d7-eb4b-4b56-b728-955547edbafb""}",1789084610.70833
24b999b2-fcb9-4304-a923-41f366998dad,003c3411-c4ec-4d3c-9ae3-78a3e3c7d8df,HUMAN,shown,trend_alert,down-streak,down-streak,2026-09-10T23:56:50.051Z,2026-09-10T23:56:50.712112+00:00,"{""client_ts"": ""2026-09-10T23:56:50.051Z"", ""element_id"": ""down-streak"", ""element_label"": ""down-streak"", ""element_type"": ""trend_alert"", ""event_name"": ""shown"", ""message"": ""Price went down 3 times in the last 5 ticks!"", ""trader_id"": ""003c3411-c4ec-4d3c-9ae3-78a3e3c7d8df""}",1789084610.719743
24b999b2-fcb9-4304-a923-41f366998dad,003c3411-c4ec-4d3c-9ae3-78a3e3c7d8df,HUMAN,shown,badge_unlock,silver,Silver,2026-09-10T23:56:53.506Z,2026-09-10T23:56:53.771131+00:00,"{""client_ts"": ""2026-09-10T23:56:53.506Z"", ""element_id"": ""silver"", ""element_label"": ""Silver"", ""element_type"": ""badge_unlock"", ""event_name"": ""shown"", ""total_trades_threshold"": 15, ""trader_id"": ""003c3411-c4ec-4d3c-9ae3-78a3e3c7d8df""}",1789084613.778531
24b999b2-fcb9-4304-a923-41f366998dad,003c3411-c4ec-4d3c-9ae3-78a3e3c7d8df,HUMAN,shown,badge_modal,silver,Silver,2026-09-10T23:56:53.506Z,2026-09-10T23:56:53.870651+00:00,"{""client_ts"": ""2026-09-10T23:56:53.506Z"", ""element_id"": ""silver"", ""element_label"": ""Silver"", ""element_type"": ""badge_modal"", ""event_name"": ""shown"", ""message"": ""You belong on the trading floor!"", ""total_trades"": 15, ""trader_id"": ""003c3411-c4ec-4d3c-9ae3-78a3e3c7d8df""}",1789084613.878473
24b999b2-fcb9-4304-a923-41f366998dad,780691e0-23fa-4614-8bba-e9be7f74977d,HUMAN,shown,badge_unlock,silver,Silver,2026-09-10T23:56:53.651Z,2026-09-10T23:56:53.882438+00:00,"{""client_ts"": ""2026-09-10T23:56:53.651Z"", ""element_id"": ""silver"", ""element_label"": ""Silver"", ""element_type"": ""badge_unlock"", ""event_name"": ""shown"", ""total_trades_threshold"": 15, ""trader_id"": ""780691e0-23fa-4614-8bba-e9be7f74977d""}",1789084613.890326
24b999b2-fcb9-4304-a923-41f366998dad,003c3411-c4ec-4d3c-9ae3-78a3e3c7d8df,HUMAN,shown,badge_gif,silver,Silver,2026-09-10T23:56:53.506Z,2026-09-10T23:56:53.966310+00:00,"{""client_ts"": ""2026-09-10T23:56:53.506Z"", ""element_id"": ""silver"", ""element_label"": ""Silver"", ""element_type"": ""badge_gif"", ""event_name"": ""shown"", ""gif"": ""/static/trader_bridge_app/vue/assets/silver.gif"", ""trader_id"": ""003c3411-c4ec-4d3c-9ae3-78a3e3c7d8df""}",1789084613.976114
24b999b2-fcb9-4304-a923-41f366998dad,780691e0-23fa-4614-8bba-e9be7f74977d,HUMAN,shown,badge_modal,silver,Silver,2026-09-10T23:56:53.651Z,2026-09-10T23:56:53.980017+00:00,"{""client_ts"": ""2026-09-10T23:56:53.651Z"", ""element_id"": ""silver"", ""element_label"": ""Silver"", ""element_type"": ""badge_modal"", ""event_name"": ""shown"", ""message"": ""You belong on the trading floor!"", ""total_trades"": 15, ""trader_id"": ""780691e0-23fa-4614-8bba-e9be7f74977d""}",1789084613.987457
24b999b2-fcb9-4304-a923-41f366998dad,780691e0-23fa-4614-8bba-e9be7f74977d,HUMAN,shown,badge_gif,silver,Silver,2026-09-10T23:56:53.651Z,2026-09-10T23:56:54.139944+00:00,"{""client_ts"": ""2026-09-10T23:56:53.651Z"", ""element_id"": ""silver"", ""element_label"": ""Silver"", ""element_type"": ""badge_gif"", ""event_name"": ""shown"", ""gif"": ""/static/trader_bridge_app/vue/assets/silver.gif"", ""trader_id"": ""780691e0-23fa-4614-8bba-e9be7f74977d""}",1789084614.14779
24b999b2-fcb9-4304-a923-41f366998dad,938302d7-eb4b-4b56-b728-955547edbafb,HUMAN,shown,badge_unlock,silver,Silver,2026-09-10T23:56:56.365Z,2026-09-10T23:56:56.467026+00:00,"{""client_ts"": ""2026-09-10T23:56:56.365Z"", ""element_id"": ""silver"", ""element_label"": ""Silver"", ""element_type"": ""badge_unlock"", ""event_name"": ""shown"", ""total_trades_threshold"": 15, ""trader_id"": ""938302d7-eb4b-4b56-b728-955547edbafb""}",1789084616.475927
24b999b2-fcb9-4304-a923-41f366998dad,938302d7-eb4b-4b56-b728-955547edbafb,HUMAN,shown,badge_modal,silver,Silver,2026-09-10T23:56:56.365Z,2026-09-10T23:56:56.487468+00:00,"{""client_ts"": ""2026-09-10T23:56:56.365Z"", ""element_id"": ""silver"", ""element_label"": ""Silver"", ""element_type"": ""badge_modal"", ""event_name"": ""shown"", ""message"": ""You belong on the trading floor!"", ""total_trades"": 15, ""trader_id"": ""938302d7-eb4b-4b56-b728-955547edbafb""}",1789084616.495588
24b999b2-fcb9-4304-a923-41f366998dad,938302d7-eb4b-4b56-b728-955547edbafb,HUMAN,shown,badge_gif,silver,Silver,2026-09-10T23:56:56.365Z,2026-09-10T23:56:56.504642+00:00,"{""client_ts"": ""2026-09-10T23:56:56.365Z"", ""element_id"": ""silver"", ""element_label"": ""Silver"", ""element_type"": ""badge_gif"", ""event_name"": ""shown"", ""gif"": ""/static/trader_bridge_app/vue/assets/silver.gif"", ""trader_id"": ""938302d7-eb4b-4b56-b728-955547edbafb""}",1789084616.512579
24b999b2-fcb9-4304-a923-41f366998dad,2d5f7443-b06c-44da-896b-87f49555ca30,HUMAN,shown,trend_alert,up-streak,up-streak,2026-09-10T23:57:07.721Z,2026-09-10T23:57:08.083147+00:00,"{""client_ts"": ""2026-09-10T23:57:07.721Z"", ""element_id"": ""up-streak"", ""element_label"": ""up-streak"", ""element_type"": ""trend_alert"", ""event_name"": ""shown"", ""message"": ""Price went up 3 times in the last 5 ticks!"", ""trader_id"": ""2d5f7443-b06c-44da-896b-87f49555ca30""}",1789084628.097591
24b999b2-fcb9-4304-a923-41f366998dad,003c3411-c4ec-4d3c-9ae3-78a3e3c7d8df,HUMAN,shown,trend_alert,up-streak,up-streak,2026-09-10T23:57:07.687Z,2026-09-10T23:57:08.102854+00:00,"{""client_ts"": ""2026-09-10T23:57:07.687Z"", ""element_id"": ""up-streak"", ""element_label"": ""up-streak"", ""element_type"": ""trend_alert"", ""event_name"": ""shown"", ""message"": ""Price went up 3 times in the last 5 ticks!"", ""trader_id"": ""003c3411-c4ec-4d3c-9ae3-78a3e3c7d8df""}",1789084628.111772
24b999b2-fcb9-4304-a923-41f366998dad,a2c8775b-1ae1-4fde-ac28-c87afc49dad3,HUMAN,shown,trend_alert,up-streak,up-streak,2026-09-10T23:57:07.711Z,2026-09-10T23:57:08.116003+00:00,"{""client_ts"": ""2026-09-10T23:57:07.711Z"", ""element_id"": ""up-streak"", ""element_label"": ""up-streak"", ""element_type"": ""trend_alert"", ""event_name"": ""shown"", ""message"": ""Price went up 3 times in the last 5 ticks!"", ""trader_id"": ""a2c8775b-1ae1-4fde-ac28-c87afc49dad3""}",1789084628.126092
24b999b2-fcb9-4304-a923-41f366998dad,780691e0-23fa-4614-8bba-e9be7f74977d,HUMAN,shown,trend_alert,up-streak,up-streak,2026-09-10T23:57:07.724Z,2026-09-10T23:57:08.146981+00:00,"{""client_ts"": ""2026-09-10T23:57:07.724Z"", ""element_id"": ""up-streak"", ""element_label"": ""up-streak"", ""element_type"": ""trend_alert"", ""event_name"": ""shown"", ""message"": ""Price went up 3 times in the last 5 ticks!"", ""trader_id"": ""780691e0-23fa-4614-8bba-e9be7f74977d""}",1789084628.158684
24b999b2-fcb9-4304-a923-41f366998dad,938302d7-eb4b-4b56-b728-955547edbafb,HUMAN,shown,trend_alert,up-streak,up-streak,2026-09-10T23:57:07.716Z,2026-09-10T23:57:08.163130+00:00,"{""client_ts"": ""2026-09-10T23:57:07.716Z"", ""element_id"": ""up-streak"", ""element_label"": ""up-streak"", ""element_type"": ""trend_alert"", ""event_name"": ""shown"", ""message"": ""Price went up 3 times in the last 5 ticks!"", ""trader_id"": ""938302d7-eb4b-4b56-b728-955547edbafb""}",1789084628.170577
24b999b2-fcb9-4304-a923-41f366998dad,c244c4f3-087f-4071-a2a0-0d929c6c70b5,HUMAN,shown,trend_alert,up-streak,up-streak,2026-09-10T23:57:07.683Z,2026-09-10T23:57:08.174162+00:00,"{""client_ts"": ""2026-09-10T23:57:07.683Z"", ""element_id"": ""up-streak"", ""element_label"": ""up-streak"", ""element_type"": ""trend_alert"", ""event_name"": ""shown"", ""message"": ""Price went up 3 times in the last 5 ticks!"", ""trader_id"": ""c244c4f3-087f-4071-a2a0-0d929c6c70b5""}",1789084628.185546
c37a19d1-3da8-40e7-97e2-5548f7a2b914,74c01899-253f-4aa9-8a9d-3032636eac68,HUMAN,shown,badge_unlock,bronze,Bronze,2026-09-10T23:57:12.314Z,2026-09-10T23:57:12.443604+00:00,"{""client_ts"": ""2026-09-10T23:57:12.314Z"", ""element_id"": ""bronze"", ""element_label"": ""Bronze"", ""element_type"": ""badge_unlock"", ""event_name"": ""shown"", ""total_trades_threshold"": 10, ""trader_id"": ""74c01899-253f-4aa9-8a9d-3032636eac68""}",1789084632.451214
c37a19d1-3da8-40e7-97e2-5548f7a2b914,74c01899-253f-4aa9-8a9d-3032636eac68,HUMAN,shown,badge_modal,bronze,Bronze,2026-09-10T23:57:12.314Z,2026-09-10T23:57:12.578913+00:00,"{""client_ts"": ""2026-09-10T23:57:12.314Z"", ""element_id"": ""bronze"", ""element_label"": ""Bronze"", ""element_type"": ""badge_modal"", ""event_name"": ""shown"", ""message"": ""Level up! Doing well"", ""total_trades"": 10, ""trader_id"": ""74c01899-253f-4aa9-8a9d-3032636eac68""}",1789084632.587598
c37a19d1-3da8-40e7-97e2-5548f7a2b914,74c01899-253f-4aa9-8a9d-3032636eac68,HUMAN,shown,badge_gif,bronze,Bronze,2026-09-10T23:57:12.314Z,2026-09-10T23:57:12.656365+00:00,"{""client_ts"": ""2026-09-10T23:57:12.314Z"", ""element_id"": ""bronze"", ""element_label"": ""Bronze"", ""element_type"": ""badge_gif"", ""event_name"": ""shown"", ""gif"": ""/static/trader_bridge_app/vue/assets/bronze.gif"", ""trader_id"": ""74c01899-253f-4aa9-8a9d-3032636eac68""}",1789084632.665494
c37a19d1-3da8-40e7-97e2-5548f7a2b914,74c01899-253f-4aa9-8a9d-3032636eac68,HUMAN,shown,badge_unlock,silver,Silver,2026-09-10T23:57:19.939Z,2026-09-10T23:57:20.143230+00:00,"{""client_ts"": ""2026-09-10T23:57:19.939Z"", ""element_id"": ""silver"", ""element_label"": ""Silver"", ""element_type"": ""badge_unlock"", ""event_name"": ""shown"", ""total_trades_threshold"": 15, ""trader_id"": ""74c01899-253f-4aa9-8a9d-3032636eac68""}",1789084640.151086
c37a19d1-3da8-40e7-97e2-5548f7a2b914,74c01899-253f-4aa9-8a9d-3032636eac68,HUMAN,shown,badge_modal,silver,Silver,2026-09-10T23:57:19.939Z,2026-09-10T23:57:20.172822+00:00,"{""client_ts"": ""2026-09-10T23:57:19.939Z"", ""element_id"": ""silver"", ""element_label"": ""Silver"", ""element_type"": ""badge_modal"", ""event_name"": ""shown"", ""message"": ""You belong on the trading floor!"", ""total_trades"": 15, ""trader_id"": ""74c01899-253f-4aa9-8a9d-3032636eac68""}",1789084640.182677
c37a19d1-3da8-40e7-97e2-5548f7a2b914,74c01899-253f-4aa9-8a9d-3032636eac68,HUMAN,shown,badge_gif,silver,Silver,2026-09-10T23:57:19.939Z,2026-09-10T23:57:20.207169+00:00,"{""client_ts"": ""2026-09-10T23:57:19.939Z"", ""element_id"": ""silver"", ""element_label"": ""Silver"", ""element_type"": ""badge_gif"", ""event_name"": ""shown"", ""gif"": ""/static/trader_bridge_app/vue/assets/silver.gif"", ""trader_id"": ""74c01899-253f-4aa9-8a9d-3032636eac68""}",1789084640.215989
24b999b2-fcb9-4304-a923-41f366998dad,c244c4f3-087f-4071-a2a0-0d929c6c70b5,HUMAN,shown,trend_alert,down-streak,down-streak,2026-09-10T23:57:20.845Z,2026-09-10T23:57:20.962233+00:00,"{""client_ts"": ""2026-09-10T23:57:20.845Z"", ""element_id"": ""down-streak"", ""element_label"": ""down-streak"", ""element_type"": ""trend_alert"", ""event_name"": ""shown"", ""message"": ""Price went down 3 times in the last 5 ticks!"", ""trader_id"": ""c244c4f3-087f-4071-a2a0-0d929c6c70b5""}",1789084640.97036
24b999b2-fcb9-4304-a923-41f366998dad,780691e0-23fa-4614-8bba-e9be7f74977d,HUMAN,shown,trend_alert,down-streak,down-streak,2026-09-10T23:57:20.886Z,2026-09-10T23:57:20.974193+00:00,"{""client_ts"": ""2026-09-10T23:57:20.886Z"", ""element_id"": ""down-streak"", ""element_label"": ""down-streak"", ""element_type"": ""trend_alert"", ""event_name"": ""shown"", ""message"": ""Price went down 3 times in the last 5 ticks!"", ""trader_id"": ""780691e0-23fa-4614-8bba-e9be7f74977d""}",1789084640.981464
24b999b2-fcb9-4304-a923-41f366998dad,003c3411-c4ec-4d3c-9ae3-78a3e3c7d8df,HUMAN,shown,trend_alert,down-streak,down-streak,2026-09-10T23:57:20.852Z,2026-09-10T23:57:20.985028+00:00,"{""client_ts"": ""2026-09-10T23:57:20.852Z"", ""element_id"": ""down-streak"", ""element_label"": ""down-streak"", ""element_type"": ""trend_alert"", ""event_name"": ""shown"", ""message"": ""Price went down 3 times in the last 5 ticks!"", ""trader_id"": ""003c3411-c4ec-4d3c-9ae3-78a3e3c7d8df""}",1789084640.995884
24b999b2-fcb9-4304-a923-41f366998dad,2d5f7443-b06c-44da-896b-87f49555ca30,HUMAN,shown,trend_alert,down-streak,down-streak,2026-09-10T23:57:20.885Z,2026-09-10T23:57:21.000147+00:00,"{""client_ts"": ""2026-09-10T23:57:20.885Z"", ""element_id"": ""down-streak"", ""element_label"": ""down-streak"", ""element_type"": ""trend_alert"", ""event_name"": ""shown"", ""message"": ""Price went down 3 times in the last 5 ticks!"", ""trader_id"": ""2d5f7443-b06c-44da-896b-87f49555ca30""}",1789084641.008372
24b999b2-fcb9-4304-a923-41f366998dad,938302d7-eb4b-4b56-b728-955547edbafb,HUMAN,shown,trend_alert,down-streak,down-streak,2026-09-10T23:57:20.880Z,2026-09-10T23:57:21.012232+00:00,"{""client_ts"": ""2026-09-10T23:57:20.880Z"", ""element_id"": ""down-streak"", ""element_label"": ""down-streak"", ""element_type"": ""trend_alert"", ""event_name"": ""shown"", ""message"": ""Price went down 3 times in the last 5 ticks!"", ""trader_id"": ""938302d7-eb4b-4b56-b728-955547edbafb""}",1789084641.019875
24b999b2-fcb9-4304-a923-41f366998dad,a2c8775b-1ae1-4fde-ac28-c87afc49dad3,HUMAN,shown,trend_alert,down-streak,down-streak,2026-09-10T23:57:20.875Z,2026-09-10T23:57:21.024366+00:00,"{""client_ts"": ""2026-09-10T23:57:20.875Z"", ""element_id"": ""down-streak"", ""element_label"": ""down-streak"", ""element_type"": ""trend_alert"", ""event_name"": ""shown"", ""message"": ""Price went down 3 times in the last 5 ticks!"", ""trader_id"": ""a2c8775b-1ae1-4fde-ac28-c87afc49dad3""}",1789084641.031951
c37a19d1-3da8-40e7-97e2-5548f7a2b914,aba8edfe-fe90-4b8d-a777-96c72d78592d,HUMAN,shown,trend_alert,up-streak,up-streak,2026-09-10T23:57:23.642Z,2026-09-10T23:57:23.693801+00:00,"{""client_ts"": ""2026-09-10T23:57:23.642Z"", ""element_id"": ""up-streak"", ""element_label"": ""up-streak"", ""element_type"": ""trend_alert"", ""event_name"": ""shown"", ""message"": ""Price went up 3 times in the last 5 ticks!"", ""trader_id"": ""aba8edfe-fe90-4b8d-a777-96c72d78592d""}",1789084643.701754
c37a19d1-3da8-40e7-97e2-5548f7a2b914,c11b900e-41c7-4c49-9287-047825bc1421,HUMAN,shown,trend_alert,up-streak,up-streak,2026-09-10T23:57:23.617Z,2026-09-10T23:57:23.706394+00:00,"{""client_ts"": ""2026-09-10T23:57:23.617Z"", ""element_id"": ""up-streak"", ""element_label"": ""up-streak"", ""element_type"": ""trend_alert"", ""event_name"": ""shown"", ""message"": ""Price went up 3 times in the last 5 ticks!"", ""trader_id"": ""c11b900e-41c7-4c49-9287-047825bc1421""}",1789084643.714055
c37a19d1-3da8-40e7-97e2-5548f7a2b914,f92101ae-25b2-44a6-a0cc-63a443dd5248,HUMAN,shown,trend_alert,up-streak,up-streak,2026-09-10T23:57:23.626Z,2026-09-10T23:57:23.719821+00:00,"{""client_ts"": ""2026-09-10T23:57:23.626Z"", ""element_id"": ""up-streak"", ""element_label"": ""up-streak"", ""element_type"": ""trend_alert"", ""event_name"": ""shown"", ""message"": ""Price went up 3 times in the last 5 ticks!"", ""trader_id"": ""f92101ae-25b2-44a6-a0cc-63a443dd5248""}",1789084643.72942
c37a19d1-3da8-40e7-97e2-5548f7a2b914,74c01899-253f-4aa9-8a9d-3032636eac68,HUMAN,shown,trend_alert,up-streak,up-streak,2026-09-10T23:57:23.635Z,2026-09-10T23:57:23.735216+00:00,"{""client_ts"": ""2026-09-10T23:57:23.635Z"", ""element_id"": ""up-streak"", ""element_label"": ""up-streak"", ""element_type"": ""trend_alert"", ""event_name"": ""shown"", ""message"": ""Price went up 3 times in the last 5 ticks!"", ""trader_id"": ""74c01899-253f-4aa9-8a9d-3032636eac68""}",1789084643.743821
c37a19d1-3da8-40e7-97e2-5548f7a2b914,cb921b26-f05d-4d63-b193-514916440927,HUMAN,shown,trend_alert,up-streak,up-streak,2026-09-10T23:57:23.644Z,2026-09-10T23:57:23.748405+00:00,"{""client_ts"": ""2026-09-10T23:57:23.644Z"", ""element_id"": ""up-streak"", ""element_label"": ""up-streak"", ""element_type"": ""trend_alert"", ""event_name"": ""shown"", ""message"": ""Price went up 3 times in the last 5 ticks!"", ""trader_id"": ""cb921b26-f05d-4d63-b193-514916440927""}",1789084643.756513
c37a19d1-3da8-40e7-97e2-5548f7a2b914,c11b900e-41c7-4c49-9287-047825bc1421,HUMAN,shown,badge_unlock,bronze,Bronze,2026-09-10T23:57:25.070Z,2026-09-10T23:57:25.247416+00:00,"{""client_ts"": ""2026-09-10T23:57:25.070Z"", ""element_id"": ""bronze"", ""element_label"": ""Bronze"", ""element_type"": ""badge_unlock"", ""event_name"": ""shown"", ""total_trades_threshold"": 10, ""trader_id"": ""c11b900e-41c7-4c49-9287-047825bc1421""}",1789084645.255951
c37a19d1-3da8-40e7-97e2-5548f7a2b914,c11b900e-41c7-4c49-9287-047825bc1421,HUMAN,shown,badge_modal,bronze,Bronze,2026-09-10T23:57:25.070Z,2026-09-10T23:57:25.261024+00:00,"{""client_ts"": ""2026-09-10T23:57:25.070Z"", ""element_id"": ""bronze"", ""element_label"": ""Bronze"", ""element_type"": ""badge_modal"", ""event_name"": ""shown"", ""message"": ""Level up! Doing well"", ""total_trades"": 10, ""trader_id"": ""c11b900e-41c7-4c49-9287-047825bc1421""}",1789084645.269833
c37a19d1-3da8-40e7-97e2-5548f7a2b914,c11b900e-41c7-4c49-9287-047825bc1421,HUMAN,shown,badge_gif,bronze,Bronze,2026-09-10T23:57:25.070Z,2026-09-10T23:57:25.274673+00:00,"{""client_ts"": ""2026-09-10T23:57:25.070Z"", ""element_id"": ""bronze"", ""element_label"": ""Bronze"", ""element_type"": ""badge_gif"", ""event_name"": ""shown"", ""gif"": ""/static/trader_bridge_app/vue/assets/bronze.gif"", ""trader_id"": ""c11b900e-41c7-4c49-9287-047825bc1421""}",1789084645.282808
c37a19d1-3da8-40e7-97e2-5548f7a2b914,c11b900e-41c7-4c49-9287-047825bc1421,HUMAN,shown,trend_alert,up-streak,up-streak,2026-09-10T23:57:26.060Z,2026-09-10T23:57:26.204168+00:00,"{""client_ts"": ""2026-09-10T23:57:26.060Z"", ""element_id"": ""up-streak"", ""element_label"": ""up-streak"", ""element_type"": ""trend_alert"", ""event_name"": ""shown"", ""message"": ""Price went up 3 times in the last 5 ticks!"", ""trader_id"": ""c11b900e-41c7-4c49-9287-047825bc1421""}",1789084646.211782
c37a19d1-3da8-40e7-97e2-5548f7a2b914,74c01899-253f-4aa9-8a9d-3032636eac68,HUMAN,shown,trend_alert,up-streak,up-streak,2026-09-10T23:57:26.083Z,2026-09-10T23:57:26.215645+00:00,"{""client_ts"": ""2026-09-10T23:57:26.083Z"", ""element_id"": ""up-streak"", ""element_label"": ""up-streak"", ""element_type"": ""trend_alert"", ""event_name"": ""shown"", ""message"": ""Price went up 3 times in the last 5 ticks!"", ""trader_id"": ""74c01899-253f-4aa9-8a9d-3032636eac68""}",1789084646.225253
c37a19d1-3da8-40e7-97e2-5548f7a2b914,cb921b26-f05d-4d63-b193-514916440927,HUMAN,shown,trend_alert,up-streak,up-streak,2026-09-10T23:57:26.090Z,2026-09-10T23:57:26.228855+00:00,"{""client_ts"": ""2026-09-10T23:57:26.090Z"", ""element_id"": ""up-streak"", ""element_label"": ""up-streak"", ""element_type"": ""trend_alert"", ""event_name"": ""shown"", ""message"": ""Price went up 3 times in the last 5 ticks!"", ""trader_id"": ""cb921b26-f05d-4d63-b193-514916440927""}",1789084646.236307
c37a19d1-3da8-40e7-97e2-5548f7a2b914,aba8edfe-fe90-4b8d-a777-96c72d78592d,HUMAN,shown,trend_alert,up-streak,up-streak,2026-09-10T23:57:26.101Z,2026-09-10T23:57:26.241553+00:00,"{""client_ts"": ""2026-09-10T23:57:26.101Z"", ""element_id"": ""up-streak"", ""element_label"": ""up-streak"", ""element_type"": ""trend_alert"", ""event_name"": ""shown"", ""message"": ""Price went up 3 times in the last 5 ticks!"", ""trader_id"": ""aba8edfe-fe90-4b8d-a777-96c72d78592d""}",1789084646.251943
c37a19d1-3da8-40e7-97e2-5548f7a2b914,f92101ae-25b2-44a6-a0cc-63a443dd5248,HUMAN,shown,trend_alert,up-streak,up-streak,2026-09-10T23:57:26.069Z,2026-09-10T23:57:26.255679+00:00,"{""client_ts"": ""2026-09-10T23:57:26.069Z"", ""element_id"": ""up-streak"", ""element_label"": ""up-streak"", ""element_type"": ""trend_alert"", ""event_name"": ""shown"", ""message"": ""Price went up 3 times in the last 5 ticks!"", ""trader_id"": ""f92101ae-25b2-44a6-a0cc-63a443dd5248""}",1789084646.263406
c37a19d1-3da8-40e7-97e2-5548f7a2b914,c11b900e-41c7-4c49-9287-047825bc1421,HUMAN,shown,badge_unlock,silver,Silver,2026-09-10T23:57:30.612Z,2026-09-10T23:57:30.866029+00:00,"{""client_ts"": ""2026-09-10T23:57:30.612Z"", ""element_id"": ""silver"", ""element_label"": ""Silver"", ""element_type"": ""badge_unlock"", ""event_name"": ""shown"", ""total_trades_threshold"": 15, ""trader_id"": ""c11b900e-41c7-4c49-9287-047825bc1421""}",1789084650.873833
c37a19d1-3da8-40e7-97e2-5548f7a2b914,c11b900e-41c7-4c49-9287-047825bc1421,HUMAN,shown,badge_modal,silver,Silver,2026-09-10T23:57:30.612Z,2026-09-10T23:57:30.879174+00:00,"{""client_ts"": ""2026-09-10T23:57:30.612Z"", ""element_id"": ""silver"", ""element_label"": ""Silver"", ""element_type"": ""badge_modal"", ""event_name"": ""shown"", ""message"": ""You belong on the trading floor!"", ""total_trades"": 15, ""trader_id"": ""c11b900e-41c7-4c49-9287-047825bc1421""}",1789084650.887258
c37a19d1-3da8-40e7-97e2-5548f7a2b914,c11b900e-41c7-4c49-9287-047825bc1421,HUMAN,shown,badge_gif,silver,Silver,2026-09-10T23:57:30.613Z,2026-09-10T23:57:30.892887+00:00,"{""client_ts"": ""2026-09-10T23:57:30.613Z"", ""element_id"": ""silver"", ""element_label"": ""Silver"", ""element_type"": ""badge_gif"", ""event_name"": ""shown"", ""gif"": ""/static/trader_bridge_app/vue/assets/silver.gif"", ""trader_id"": ""c11b900e-41c7-4c49-9287-047825bc1421""}",1789084650.900766
c37a19d1-3da8-40e7-97e2-5548f7a2b914,aba8edfe-fe90-4b8d-a777-96c72d78592d,HUMAN,shown,badge_unlock,bronze,Bronze,2026-09-10T23:58:14.152Z,2026-09-10T23:58:14.563466+00:00,"{""client_ts"": ""2026-09-10T23:58:14.152Z"", ""element_id"": ""bronze"", ""element_label"": ""Bronze"", ""element_type"": ""badge_unlock"", ""event_name"": ""shown"", ""total_trades_threshold"": 10, ""trader_id"": ""aba8edfe-fe90-4b8d-a777-96c72d78592d""}",1789084694.572353
c37a19d1-3da8-40e7-97e2-5548f7a2b914,aba8edfe-fe90-4b8d-a777-96c72d78592d,HUMAN,shown,badge_modal,bronze,Bronze,2026-09-10T23:58:14.152Z,2026-09-10T23:58:14.742801+00:00,"{""client_ts"": ""2026-09-10T23:58:14.152Z"", ""element_id"": ""bronze"", ""element_label"": ""Bronze"", ""element_type"": ""badge_modal"", ""event_name"": ""shown"", ""message"": ""Level up! Doing well"", ""total_trades"": 10, ""trader_id"": ""aba8edfe-fe90-4b8d-a777-96c72d78592d""}",1789084694.751117
c37a19d1-3da8-40e7-97e2-5548f7a2b914,aba8edfe-fe90-4b8d-a777-96c72d78592d,HUMAN,shown,badge_gif,bronze,Bronze,2026-09-10T23:58:14.152Z,2026-09-10T23:58:14.830836+00:00,"{""client_ts"": ""2026-09-10T23:58:14.152Z"", ""element_id"": ""bronze"", ""element_label"": ""Bronze"", ""element_type"": ""badge_gif"", ""event_name"": ""shown"", ""gif"": ""/static/trader_bridge_app/vue/assets/bronze.gif"", ""trader_id"": ""aba8edfe-fe90-4b8d-a777-96c72d78592d""}",1789084694.839339
c37a19d1-3da8-40e7-97e2-5548f7a2b914,cb921b26-f05d-4d63-b193-514916440927,HUMAN,shown,badge_unlock,bronze,Bronze,2026-09-10T23:58:29.505Z,2026-09-10T23:58:29.612383+00:00,"{""client_ts"": ""2026-09-10T23:58:29.505Z"", ""element_id"": ""bronze"", ""element_label"": ""Bronze"", ""element_type"": ""badge_unlock"", ""event_name"": ""shown"", ""total_trades_threshold"": 10, ""trader_id"": ""cb921b26-f05d-4d63-b193-514916440927""}",1789084709.619888
c37a19d1-3da8-40e7-97e2-5548f7a2b914,aba8edfe-fe90-4b8d-a777-96c72d78592d,HUMAN,shown,badge_unlock,silver,Silver,2026-09-10T23:58:29.526Z,2026-09-10T23:58:29.623774+00:00,"{""client_ts"": ""2026-09-10T23:58:29.526Z"", ""element_id"": ""silver"", ""element_label"": ""Silver"", ""element_type"": ""badge_unlock"", ""event_name"": ""shown"", ""total_trades_threshold"": 15, ""trader_id"": ""aba8edfe-fe90-4b8d-a777-96c72d78592d""}",1789084709.631508
c37a19d1-3da8-40e7-97e2-5548f7a2b914,aba8edfe-fe90-4b8d-a777-96c72d78592d,HUMAN,shown,badge_modal,silver,Silver,2026-09-10T23:58:29.526Z,2026-09-10T23:58:29.640018+00:00,"{""client_ts"": ""2026-09-10T23:58:29.526Z"", ""element_id"": ""silver"", ""element_label"": ""Silver"", ""element_type"": ""badge_modal"", ""event_name"": ""shown"", ""message"": ""You belong on the trading floor!"", ""total_trades"": 15, ""trader_id"": ""aba8edfe-fe90-4b8d-a777-96c72d78592d""}",1789084709.648474
c37a19d1-3da8-40e7-97e2-5548f7a2b914,cb921b26-f05d-4d63-b193-514916440927,HUMAN,shown,badge_modal,bronze,Bronze,2026-09-10T23:58:29.505Z,2026-09-10T23:58:29.652329+00:00,"{""client_ts"": ""2026-09-10T23:58:29.505Z"", ""element_id"": ""bronze"", ""element_label"": ""Bronze"", ""element_type"": ""badge_modal"", ""event_name"": ""shown"", ""message"": ""Level up! Doing well"", ""total_trades"": 10, ""trader_id"": ""cb921b26-f05d-4d63-b193-514916440927""}",1789084709.660163
c37a19d1-3da8-40e7-97e2-5548f7a2b914,aba8edfe-fe90-4b8d-a777-96c72d78592d,HUMAN,shown,badge_gif,silver,Silver,2026-09-10T23:58:29.526Z,2026-09-10T23:58:29.668755+00:00,"{""client_ts"": ""2026-09-10T23:58:29.526Z"", ""element_id"": ""silver"", ""element_label"": ""Silver"", ""element_type"": ""badge_gif"", ""event_name"": ""shown"", ""gif"": ""/static/trader_bridge_app/vue/assets/silver.gif"", ""trader_id"": ""aba8edfe-fe90-4b8d-a777-96c72d78592d""}",1789084709.679857
c37a19d1-3da8-40e7-97e2-5548f7a2b914,cb921b26-f05d-4d63-b193-514916440927,HUMAN,shown,badge_gif,bronze,Bronze,2026-09-10T23:58:29.505Z,2026-09-10T23:58:29.684468+00:00,"{""client_ts"": ""2026-09-10T23:58:29.505Z"", ""element_id"": ""bronze"", ""element_label"": ""Bronze"", ""element_type"": ""badge_gif"", ""event_name"": ""shown"", ""gif"": ""/static/trader_bridge_app/vue/assets/bronze.gif"", ""trader_id"": ""cb921b26-f05d-4d63-b193-514916440927""}",1789084709.691864
24b999b2-fcb9-4304-a923-41f366998dad,2d5f7443-b06c-44da-896b-87f49555ca30,HUMAN,shown,trend_alert,up-streak,up-streak,2026-09-10T23:58:33.761Z,2026-09-10T23:58:33.811544+00:00,"{""client_ts"": ""2026-09-10T23:58:33.761Z"", ""element_id"": ""up-streak"", ""element_label"": ""up-streak"", ""element_type"": ""trend_alert"", ""event_name"": ""shown"", ""message"": ""Price went up 3 times in the last 5 ticks!"", ""trader_id"": ""2d5f7443-b06c-44da-896b-87f49555ca30""}",1789084713.819575
24b999b2-fcb9-4304-a923-41f366998dad,a2c8775b-1ae1-4fde-ac28-c87afc49dad3,HUMAN,shown,trend_alert,up-streak,up-streak,2026-09-10T23:58:33.751Z,2026-09-10T23:58:33.823637+00:00,"{""client_ts"": ""2026-09-10T23:58:33.751Z"", ""element_id"": ""up-streak"", ""element_label"": ""up-streak"", ""element_type"": ""trend_alert"", ""event_name"": ""shown"", ""message"": ""Price went up 3 times in the last 5 ticks!"", ""trader_id"": ""a2c8775b-1ae1-4fde-ac28-c87afc49dad3""}",1789084713.831156
24b999b2-fcb9-4304-a923-41f366998dad,938302d7-eb4b-4b56-b728-955547edbafb,HUMAN,shown,trend_alert,up-streak,up-streak,2026-09-10T23:58:33.756Z,2026-09-10T23:58:33.836980+00:00,"{""client_ts"": ""2026-09-10T23:58:33.756Z"", ""element_id"": ""up-streak"", ""element_label"": ""up-streak"", ""element_type"": ""trend_alert"", ""event_name"": ""shown"", ""message"": ""Price went up 3 times in the last 5 ticks!"", ""trader_id"": ""938302d7-eb4b-4b56-b728-955547edbafb""}",1789084713.844893
24b999b2-fcb9-4304-a923-41f366998dad,780691e0-23fa-4614-8bba-e9be7f74977d,HUMAN,shown,trend_alert,up-streak,up-streak,2026-09-10T23:58:33.764Z,2026-09-10T23:58:33.848804+00:00,"{""client_ts"": ""2026-09-10T23:58:33.764Z"", ""element_id"": ""up-streak"", ""element_label"": ""up-streak"", ""element_type"": ""trend_alert"", ""event_name"": ""shown"", ""message"": ""Price went up 3 times in the last 5 ticks!"", ""trader_id"": ""780691e0-23fa-4614-8bba-e9be7f74977d""}",1789084713.857023
24b999b2-fcb9-4304-a923-41f366998dad,c244c4f3-087f-4071-a2a0-0d929c6c70b5,HUMAN,shown,trend_alert,up-streak,up-streak,2026-09-10T23:58:33.724Z,2026-09-10T23:58:33.860876+00:00,"{""client_ts"": ""2026-09-10T23:58:33.724Z"", ""element_id"": ""up-streak"", ""element_label"": ""up-streak"", ""element_type"": ""trend_alert"", ""event_name"": ""shown"", ""message"": ""Price went up 3 times in the last 5 ticks!"", ""trader_id"": ""c244c4f3-087f-4071-a2a0-0d929c6c70b5""}",1789084713.868854
24b999b2-fcb9-4304-a923-41f366998dad,003c3411-c4ec-4d3c-9ae3-78a3e3c7d8df,HUMAN,shown,trend_alert,up-streak,up-streak,2026-09-10T23:58:33.737Z,2026-09-10T23:58:33.874358+00:00,"{""client_ts"": ""2026-09-10T23:58:33.737Z"", ""element_id"": ""up-streak"", ""element_label"": ""up-streak"", ""element_type"": ""trend_alert"", ""event_name"": ""shown"", ""message"": ""Price went up 3 times in the last 5 ticks!"", ""trader_id"": ""003c3411-c4ec-4d3c-9ae3-78a3e3c7d8df""}",1789084713.882778
24b999b2-fcb9-4304-a923-41f366998dad,c244c4f3-087f-4071-a2a0-0d929c6c70b5,HUMAN,shown,trend_alert,down-streak,down-streak,2026-09-10T23:58:40.583Z,2026-09-10T23:58:40.673161+00:00,"{""client_ts"": ""2026-09-10T23:58:40.583Z"", ""element_id"": ""down-streak"", ""element_label"": ""down-streak"", ""element_type"": ""trend_alert"", ""event_name"": ""shown"", ""message"": ""Price went down 3 times in the last 5 ticks!"", ""trader_id"": ""c244c4f3-087f-4071-a2a0-0d929c6c70b5""}",1789084720.681225
24b999b2-fcb9-4304-a923-41f366998dad,2d5f7443-b06c-44da-896b-87f49555ca30,HUMAN,shown,trend_alert,down-streak,down-streak,2026-09-10T23:58:40.623Z,2026-09-10T23:58:40.685165+00:00,"{""client_ts"": ""2026-09-10T23:58:40.623Z"", ""element_id"": ""down-streak"", ""element_label"": ""down-streak"", ""element_type"": ""trend_alert"", ""event_name"": ""shown"", ""message"": ""Price went down 3 times in the last 5 ticks!"", ""trader_id"": ""2d5f7443-b06c-44da-896b-87f49555ca30""}",1789084720.693676
24b999b2-fcb9-4304-a923-41f366998dad,938302d7-eb4b-4b56-b728-955547edbafb,HUMAN,shown,trend_alert,down-streak,down-streak,2026-09-10T23:58:40.617Z,2026-09-10T23:58:40.699254+00:00,"{""client_ts"": ""2026-09-10T23:58:40.617Z"", ""element_id"": ""down-streak"", ""element_label"": ""down-streak"", ""element_type"": ""trend_alert"", ""event_name"": ""shown"", ""message"": ""Price went down 3 times in the last 5 ticks!"", ""trader_id"": ""938302d7-eb4b-4b56-b728-955547edbafb""}",1789084720.707438
24b999b2-fcb9-4304-a923-41f366998dad,780691e0-23fa-4614-8bba-e9be7f74977d,HUMAN,shown,trend_alert,down-streak,down-streak,2026-09-10T23:58:40.625Z,2026-09-10T23:58:40.712855+00:00,"{""client_ts"": ""2026-09-10T23:58:40.625Z"", ""element_id"": ""down-streak"", ""element_label"": ""down-streak"", ""element_type"": ""trend_alert"", ""event_name"": ""shown"", ""message"": ""Price went down 3 times in the last 5 ticks!"", ""trader_id"": ""780691e0-23fa-4614-8bba-e9be7f74977d""}",1789084720.720222
24b999b2-fcb9-4304-a923-41f366998dad,a2c8775b-1ae1-4fde-ac28-c87afc49dad3,HUMAN,shown,trend_alert,down-streak,down-streak,2026-09-10T23:58:40.616Z,2026-09-10T23:58:40.723944+00:00,"{""client_ts"": ""2026-09-10T23:58:40.616Z"", ""element_id"": ""down-streak"", ""element_label"": ""down-streak"", ""element_type"": ""trend_alert"", ""event_name"": ""shown"", ""message"": ""Price went down 3 times in the last 5 ticks!"", ""trader_id"": ""a2c8775b-1ae1-4fde-ac28-c87afc49dad3""}",1789084720.733126
24b999b2-fcb9-4304-a923-41f366998dad,003c3411-c4ec-4d3c-9ae3-78a3e3c7d8df,HUMAN,shown,trend_alert,down-streak,down-streak,2026-09-10T23:58:40.615Z,2026-09-10T23:58:40.742830+00:00,"{""client_ts"": ""2026-09-10T23:58:40.615Z"", ""element_id"": ""down-streak"", ""element_label"": ""down-streak"", ""element_type"": ""trend_alert"", ""event_name"": ""shown"", ""message"": ""Price went down 3 times in the last 5 ticks!"", ""trader_id"": ""003c3411-c4ec-4d3c-9ae3-78a3e3c7d8df""}",1789084720.75029
24b999b2-fcb9-4304-a923-41f366998dad,2d5f7443-b06c-44da-896b-87f49555ca30,HUMAN,shown,trend_alert,down-streak,down-streak,2026-09-10T23:58:47.316Z,2026-09-10T23:58:47.417248+00:00,"{""client_ts"": ""2026-09-10T23:58:47.316Z"", ""element_id"": ""down-streak"", ""element_label"": ""down-streak"", ""element_type"": ""trend_alert"", ""event_name"": ""shown"", ""message"": ""Price went down 3 times in the last 5 ticks!"", ""trader_id"": ""2d5f7443-b06c-44da-896b-87f49555ca30""}",1789084727.425176
24b999b2-fcb9-4304-a923-41f366998dad,a2c8775b-1ae1-4fde-ac28-c87afc49dad3,HUMAN,shown,trend_alert,down-streak,down-streak,2026-09-10T23:58:47.306Z,2026-09-10T23:58:47.429458+00:00,"{""client_ts"": ""2026-09-10T23:58:47.306Z"", ""element_id"": ""down-streak"", ""element_label"": ""down-streak"", ""element_type"": ""trend_alert"", ""event_name"": ""shown"", ""message"": ""Price went down 3 times in the last 5 ticks!"", ""trader_id"": ""a2c8775b-1ae1-4fde-ac28-c87afc49dad3""}",1789084727.439493
24b999b2-fcb9-4304-a923-41f366998dad,780691e0-23fa-4614-8bba-e9be7f74977d,HUMAN,shown,trend_alert,down-streak,down-streak,2026-09-10T23:58:47.320Z,2026-09-10T23:58:47.443817+00:00,"{""client_ts"": ""2026-09-10T23:58:47.320Z"", ""element_id"": ""down-streak"", ""element_label"": ""down-streak"", ""element_type"": ""trend_alert"", ""event_name"": ""shown"", ""message"": ""Price went down 3 times in the last 5 ticks!"", ""trader_id"": ""780691e0-23fa-4614-8bba-e9be7f74977d""}",1789084727.45123
24b999b2-fcb9-4304-a923-41f366998dad,c244c4f3-087f-4071-a2a0-0d929c6c70b5,HUMAN,shown,trend_alert,down-streak,down-streak,2026-09-10T23:58:47.276Z,2026-09-10T23:58:47.518816+00:00,"{""client_ts"": ""2026-09-10T23:58:47.276Z"", ""element_id"": ""down-streak"", ""element_label"": ""down-streak"", ""element_type"": ""trend_alert"", ""event_name"": ""shown"", ""message"": ""Price went down 3 times in the last 5 ticks!"", ""trader_id"": ""c244c4f3-087f-4071-a2a0-0d929c6c70b5""}",1789084727.52656
24b999b2-fcb9-4304-a923-41f366998dad,003c3411-c4ec-4d3c-9ae3-78a3e3c7d8df,HUMAN,shown,trend_alert,down-streak,down-streak,2026-09-10T23:58:47.291Z,2026-09-10T23:58:47.530494+00:00,"{""client_ts"": ""2026-09-10T23:58:47.291Z"", ""element_id"": ""down-streak"", ""element_label"": ""down-streak"", ""element_type"": ""trend_alert"", ""event_name"": ""shown"", ""message"": ""Price went down 3 times in the last 5 ticks!"", ""trader_id"": ""003c3411-c4ec-4d3c-9ae3-78a3e3c7d8df""}",1789084727.538327
24b999b2-fcb9-4304-a923-41f366998dad,938302d7-eb4b-4b56-b728-955547edbafb,HUMAN,shown,trend_alert,down-streak,down-streak,2026-09-10T23:58:47.314Z,2026-09-10T23:58:47.542799+00:00,"{""client_ts"": ""2026-09-10T23:58:47.314Z"", ""element_id"": ""down-streak"", ""element_label"": ""down-streak"", ""element_type"": ""trend_alert"", ""event_name"": ""shown"", ""message"": ""Price went down 3 times in the last 5 ticks!"", ""trader_id"": ""938302d7-eb4b-4b56-b728-955547edbafb""}",1789084727.550946
24b999b2-fcb9-4304-a923-41f366998dad,a2c8775b-1ae1-4fde-ac28-c87afc49dad3,HUMAN,shown,badge_unlock,silver,Silver,2026-09-10T23:58:49.241Z,2026-09-10T23:58:49.380239+00:00,"{""client_ts"": ""2026-09-10T23:58:49.241Z"", ""element_id"": ""silver"", ""element_label"": ""Silver"", ""element_type"": ""badge_unlock"", ""event_name"": ""shown"", ""total_trades_threshold"": 15, ""trader_id"": ""a2c8775b-1ae1-4fde-ac28-c87afc49dad3""}",1789084729.387961
24b999b2-fcb9-4304-a923-41f366998dad,a2c8775b-1ae1-4fde-ac28-c87afc49dad3,HUMAN,shown,badge_modal,silver,Silver,2026-09-10T23:58:49.242Z,2026-09-10T23:58:49.393513+00:00,"{""client_ts"": ""2026-09-10T23:58:49.242Z"", ""element_id"": ""silver"", ""element_label"": ""Silver"", ""element_type"": ""badge_modal"", ""event_name"": ""shown"", ""message"": ""You belong on the trading floor!"", ""total_trades"": 15, ""trader_id"": ""a2c8775b-1ae1-4fde-ac28-c87afc49dad3""}",1789084729.403213
24b999b2-fcb9-4304-a923-41f366998dad,a2c8775b-1ae1-4fde-ac28-c87afc49dad3,HUMAN,shown,badge_gif,silver,Silver,2026-09-10T23:58:49.242Z,2026-09-10T23:58:49.410938+00:00,"{""client_ts"": ""2026-09-10T23:58:49.242Z"", ""element_id"": ""silver"", ""element_label"": ""Silver"", ""element_type"": ""badge_gif"", ""event_name"": ""shown"", ""gif"": ""/static/trader_bridge_app/vue/assets/silver.gif"", ""trader_id"": ""a2c8775b-1ae1-4fde-ac28-c87afc49dad3""}",1789084729.418872
7b3d258b-4a12-4f9d-af1c-ad1a3fc8344a,a9323da3-2227-4386-aee6-f301e23076bc,HUMAN,shown,trend_alert,down-streak,down-streak,2026-09-10T23:59:00.964Z,2026-09-10T23:59:01.822080+00:00,"{""client_ts"": ""2026-09-10T23:59:00.964Z"", ""element_id"": ""down-streak"", ""element_label"": ""down-streak"", ""element_type"": ""trend_alert"", ""event_name"": ""shown"", ""message"": ""Price went down 3 times in the last 5 ticks!"", ""trader_id"": ""a9323da3-2227-4386-aee6-f301e23076bc""}",1789084741.873331
7b3d258b-4a12-4f9d-af1c-ad1a3fc8344a,aeb13d2b-7a22-4f18-9880-d6d104e91f2f,HUMAN,shown,trend_alert,down-streak,down-streak,2026-09-10T23:59:00.971Z,2026-09-10T23:59:01.884747+00:00,"{""client_ts"": ""2026-09-10T23:59:00.971Z"", ""element_id"": ""down-streak"", ""element_label"": ""down-streak"", ""element_type"": ""trend_alert"", ""event_name"": ""shown"", ""message"": ""Price went down 3 times in the last 5 ticks!"", ""trader_id"": ""aeb13d2b-7a22-4f18-9880-d6d104e91f2f""}",1789084741.908826
7b3d258b-4a12-4f9d-af1c-ad1a3fc8344a,762774e2-b466-4ce2-8abe-40516ad3a99a,HUMAN,shown,trend_alert,down-streak,down-streak,2026-09-10T23:59:00.958Z,2026-09-10T23:59:01.913798+00:00,"{""client_ts"": ""2026-09-10T23:59:00.958Z"", ""element_id"": ""down-streak"", ""element_label"": ""down-streak"", ""element_type"": ""trend_alert"", ""event_name"": ""shown"", ""message"": ""Price went down 3 times in the last 5 ticks!"", ""trader_id"": ""762774e2-b466-4ce2-8abe-40516ad3a99a""}",1789084741.927329
7b3d258b-4a12-4f9d-af1c-ad1a3fc8344a,37f1723e-8392-451b-9f82-b4b827848fc2,HUMAN,shown,trend_alert,down-streak,down-streak,2026-09-10T23:59:00.962Z,2026-09-10T23:59:01.975615+00:00,"{""client_ts"": ""2026-09-10T23:59:00.962Z"", ""element_id"": ""down-streak"", ""element_label"": ""down-streak"", ""element_type"": ""trend_alert"", ""event_name"": ""shown"", ""message"": ""Price went down 3 times in the last 5 ticks!"", ""trader_id"": ""37f1723e-8392-451b-9f82-b4b827848fc2""}",1789084741.998892
7b3d258b-4a12-4f9d-af1c-ad1a3fc8344a,8ae24871-ac2e-4566-b164-d561f4f8967d,HUMAN,shown,trend_alert,down-streak,down-streak,2026-09-10T23:59:00.963Z,2026-09-10T23:59:02.004131+00:00,"{""client_ts"": ""2026-09-10T23:59:00.963Z"", ""element_id"": ""down-streak"", ""element_label"": ""down-streak"", ""element_type"": ""trend_alert"", ""event_name"": ""shown"", ""message"": ""Price went down 3 times in the last 5 ticks!"", ""trader_id"": ""8ae24871-ac2e-4566-b164-d561f4f8967d""}",1789084742.062837
7b3d258b-4a12-4f9d-af1c-ad1a3fc8344a,bc951c28-c9e7-4d21-b631-b7153ded5747,HUMAN,shown,trend_alert,down-streak,down-streak,2026-09-10T23:59:00.960Z,2026-09-10T23:59:02.074516+00:00,"{""client_ts"": ""2026-09-10T23:59:00.960Z"", ""element_id"": ""down-streak"", ""element_label"": ""down-streak"", ""element_type"": ""trend_alert"", ""event_name"": ""shown"", ""message"": ""Price went down 3 times in the last 5 ticks!"", ""trader_id"": ""bc951c28-c9e7-4d21-b631-b7153ded5747""}",1789084742.110536
24b999b2-fcb9-4304-a923-41f366998dad,2d5f7443-b06c-44da-896b-87f49555ca30,HUMAN,shown,badge_unlock,bronze,Bronze,2026-09-10T23:59:09.553Z,2026-09-10T23:59:09.605086+00:00,"{""client_ts"": ""2026-09-10T23:59:09.553Z"", ""element_id"": ""bronze"", ""element_label"": ""Bronze"", ""element_type"": ""badge_unlock"", ""event_name"": ""shown"", ""total_trades_threshold"": 10, ""trader_id"": ""2d5f7443-b06c-44da-896b-87f49555ca30""}",1789084749.613168
24b999b2-fcb9-4304-a923-41f366998dad,2d5f7443-b06c-44da-896b-87f49555ca30,HUMAN,shown,badge_modal,bronze,Bronze,2026-09-10T23:59:09.553Z,2026-09-10T23:59:09.617982+00:00,"{""client_ts"": ""2026-09-10T23:59:09.553Z"", ""element_id"": ""bronze"", ""element_label"": ""Bronze"", ""element_type"": ""badge_modal"", ""event_name"": ""shown"", ""message"": ""Level up! Doing well"", ""total_trades"": 10, ""trader_id"": ""2d5f7443-b06c-44da-896b-87f49555ca30""}",1789084749.627887
24b999b2-fcb9-4304-a923-41f366998dad,2d5f7443-b06c-44da-896b-87f49555ca30,HUMAN,shown,badge_gif,bronze,Bronze,2026-09-10T23:59:09.553Z,2026-09-10T23:59:09.632567+00:00,"{""client_ts"": ""2026-09-10T23:59:09.553Z"", ""element_id"": ""bronze"", ""element_label"": ""Bronze"", ""element_type"": ""badge_gif"", ""event_name"": ""shown"", ""gif"": ""/static/trader_bridge_app/vue/assets/bronze.gif"", ""trader_id"": ""2d5f7443-b06c-44da-896b-87f49555ca30""}",1789084749.639905
24b999b2-fcb9-4304-a923-41f366998dad,a2c8775b-1ae1-4fde-ac28-c87afc49dad3,HUMAN,shown,trend_alert,up-streak,up-streak,2026-09-10T23:59:12.036Z,2026-09-10T23:59:12.096574+00:00,"{""client_ts"": ""2026-09-10T23:59:12.036Z"", ""element_id"": ""up-streak"", ""element_label"": ""up-streak"", ""element_type"": ""trend_alert"", ""event_name"": ""shown"", ""message"": ""Price went up 3 times in the last 5 ticks!"", ""trader_id"": ""a2c8775b-1ae1-4fde-ac28-c87afc49dad3""}",1789084752.104534
24b999b2-fcb9-4304-a923-41f366998dad,2d5f7443-b06c-44da-896b-87f49555ca30,HUMAN,shown,trend_alert,up-streak,up-streak,2026-09-10T23:59:12.045Z,2026-09-10T23:59:12.108484+00:00,"{""client_ts"": ""2026-09-10T23:59:12.045Z"", ""element_id"": ""up-streak"", ""element_label"": ""up-streak"", ""element_type"": ""trend_alert"", ""event_name"": ""shown"", ""message"": ""Price went up 3 times in the last 5 ticks!"", ""trader_id"": ""2d5f7443-b06c-44da-896b-87f49555ca30""}",1789084752.124128
24b999b2-fcb9-4304-a923-41f366998dad,938302d7-eb4b-4b56-b728-955547edbafb,HUMAN,shown,trend_alert,up-streak,up-streak,2026-09-10T23:59:12.040Z,2026-09-10T23:59:12.132544+00:00,"{""client_ts"": ""2026-09-10T23:59:12.040Z"", ""element_id"": ""up-streak"", ""element_label"": ""up-streak"", ""element_type"": ""trend_alert"", ""event_name"": ""shown"", ""message"": ""Price went up 3 times in the last 5 ticks!"", ""trader_id"": ""938302d7-eb4b-4b56-b728-955547edbafb""}",1789084752.141792
24b999b2-fcb9-4304-a923-41f366998dad,c244c4f3-087f-4071-a2a0-0d929c6c70b5,HUMAN,shown,trend_alert,up-streak,up-streak,2026-09-10T23:59:12.008Z,2026-09-10T23:59:12.145705+00:00,"{""client_ts"": ""2026-09-10T23:59:12.008Z"", ""element_id"": ""up-streak"", ""element_label"": ""up-streak"", ""element_type"": ""trend_alert"", ""event_name"": ""shown"", ""message"": ""Price went up 3 times in the last 5 ticks!"", ""trader_id"": ""c244c4f3-087f-4071-a2a0-0d929c6c70b5""}",1789084752.153313
24b999b2-fcb9-4304-a923-41f366998dad,003c3411-c4ec-4d3c-9ae3-78a3e3c7d8df,HUMAN,shown,trend_alert,up-streak,up-streak,2026-09-10T23:59:12.022Z,2026-09-10T23:59:12.157238+00:00,"{""client_ts"": ""2026-09-10T23:59:12.022Z"", ""element_id"": ""up-streak"", ""element_label"": ""up-streak"", ""element_type"": ""trend_alert"", ""event_name"": ""shown"", ""message"": ""Price went up 3 times in the last 5 ticks!"", ""trader_id"": ""003c3411-c4ec-4d3c-9ae3-78a3e3c7d8df""}",1789084752.164908
24b999b2-fcb9-4304-a923-41f366998dad,780691e0-23fa-4614-8bba-e9be7f74977d,HUMAN,shown,trend_alert,up-streak,up-streak,2026-09-10T23:59:12.048Z,2026-09-10T23:59:12.168950+00:00,"{""client_ts"": ""2026-09-10T23:59:12.048Z"", ""element_id"": ""up-streak"", ""element_label"": ""up-streak"", ""element_type"": ""trend_alert"", ""event_name"": ""shown"", ""message"": ""Price went up 3 times in the last 5 ticks!"", ""trader_id"": ""780691e0-23fa-4614-8bba-e9be7f74977d""}",1789084752.176562
c37a19d1-3da8-40e7-97e2-5548f7a2b914,901fa291-0d92-429b-bbbd-77bbf582f43d,HUMAN,shown,trend_alert,up-streak,up-streak,2026-09-10T23:59:31.935Z,2026-09-10T23:59:32.046223+00:00,"{""client_ts"": ""2026-09-10T23:59:31.935Z"", ""element_id"": ""up-streak"", ""element_label"": ""up-streak"", ""element_type"": ""trend_alert"", ""event_name"": ""shown"", ""message"": ""Price went up 3 times in the last 5 ticks!"", ""trader_id"": ""901fa291-0d92-429b-bbbd-77bbf582f43d""}",1789084772.054888
c37a19d1-3da8-40e7-97e2-5548f7a2b914,c11b900e-41c7-4c49-9287-047825bc1421,HUMAN,shown,trend_alert,up-streak,up-streak,2026-09-10T23:59:31.967Z,2026-09-10T23:59:32.061843+00:00,"{""client_ts"": ""2026-09-10T23:59:31.967Z"", ""element_id"": ""up-streak"", ""element_label"": ""up-streak"", ""element_type"": ""trend_alert"", ""event_name"": ""shown"", ""message"": ""Price went up 3 times in the last 5 ticks!"", ""trader_id"": ""c11b900e-41c7-4c49-9287-047825bc1421""}",1789084772.071742
c37a19d1-3da8-40e7-97e2-5548f7a2b914,aba8edfe-fe90-4b8d-a777-96c72d78592d,HUMAN,shown,trend_alert,up-streak,up-streak,2026-09-10T23:59:31.993Z,2026-09-10T23:59:32.076519+00:00,"{""client_ts"": ""2026-09-10T23:59:31.993Z"", ""element_id"": ""up-streak"", ""element_label"": ""up-streak"", ""element_type"": ""trend_alert"", ""event_name"": ""shown"", ""message"": ""Price went up 3 times in the last 5 ticks!"", ""trader_id"": ""aba8edfe-fe90-4b8d-a777-96c72d78592d""}",1789084772.085173
c37a19d1-3da8-40e7-97e2-5548f7a2b914,f92101ae-25b2-44a6-a0cc-63a443dd5248,HUMAN,shown,trend_alert,up-streak,up-streak,2026-09-10T23:59:31.975Z,2026-09-10T23:59:32.089186+00:00,"{""client_ts"": ""2026-09-10T23:59:31.975Z"", ""element_id"": ""up-streak"", ""element_label"": ""up-streak"", ""element_type"": ""trend_alert"", ""event_name"": ""shown"", ""message"": ""Price went up 3 times in the last 5 ticks!"", ""trader_id"": ""f92101ae-25b2-44a6-a0cc-63a443dd5248""}",1789084772.098698
c37a19d1-3da8-40e7-97e2-5548f7a2b914,cb921b26-f05d-4d63-b193-514916440927,HUMAN,shown,trend_alert,up-streak,up-streak,2026-09-10T23:59:31.993Z,2026-09-10T23:59:32.218437+00:00,"{""client_ts"": ""2026-09-10T23:59:31.993Z"", ""element_id"": ""up-streak"", ""element_label"": ""up-streak"", ""element_type"": ""trend_alert"", ""event_name"": ""shown"", ""message"": ""Price went up 3 times in the last 5 ticks!"", ""trader_id"": ""cb921b26-f05d-4d63-b193-514916440927""}",1789084772.227124
c37a19d1-3da8-40e7-97e2-5548f7a2b914,74c01899-253f-4aa9-8a9d-3032636eac68,HUMAN,shown,trend_alert,up-streak,up-streak,2026-09-10T23:59:31.987Z,2026-09-10T23:59:32.230448+00:00,"{""client_ts"": ""2026-09-10T23:59:31.987Z"", ""element_id"": ""up-streak"", ""element_label"": ""up-streak"", ""element_type"": ""trend_alert"", ""event_name"": ""shown"", ""message"": ""Price went up 3 times in the last 5 ticks!"", ""trader_id"": ""74c01899-253f-4aa9-8a9d-3032636eac68""}",1789084772.23984
7b3d258b-4a12-4f9d-af1c-ad1a3fc8344a,762774e2-b466-4ce2-8abe-40516ad3a99a,HUMAN,shown,trend_alert,down-streak,down-streak,2026-09-10T23:59:45.732Z,2026-09-10T23:59:45.869762+00:00,"{""client_ts"": ""2026-09-10T23:59:45.732Z"", ""element_id"": ""down-streak"", ""element_label"": ""down-streak"", ""element_type"": ""trend_alert"", ""event_name"": ""shown"", ""message"": ""Price went down 3 times in the last 5 ticks!"", ""trader_id"": ""762774e2-b466-4ce2-8abe-40516ad3a99a""}",1789084785.878949
7b3d258b-4a12-4f9d-af1c-ad1a3fc8344a,aeb13d2b-7a22-4f18-9880-d6d104e91f2f,HUMAN,shown,trend_alert,down-streak,down-streak,2026-09-10T23:59:45.751Z,2026-09-10T23:59:45.884644+00:00,"{""client_ts"": ""2026-09-10T23:59:45.751Z"", ""element_id"": ""down-streak"", ""element_label"": ""down-streak"", ""element_type"": ""trend_alert"", ""event_name"": ""shown"", ""message"": ""Price went down 3 times in the last 5 ticks!"", ""trader_id"": ""aeb13d2b-7a22-4f18-9880-d6d104e91f2f""}",1789084785.902799
7b3d258b-4a12-4f9d-af1c-ad1a3fc8344a,a9323da3-2227-4386-aee6-f301e23076bc,HUMAN,shown,trend_alert,down-streak,down-streak,2026-09-10T23:59:45.741Z,2026-09-10T23:59:45.915228+00:00,"{""client_ts"": ""2026-09-10T23:59:45.741Z"", ""element_id"": ""down-streak"", ""element_label"": ""down-streak"", ""element_type"": ""trend_alert"", ""event_name"": ""shown"", ""message"": ""Price went down 3 times in the last 5 ticks!"", ""trader_id"": ""a9323da3-2227-4386-aee6-f301e23076bc""}",1789084785.927008
7b3d258b-4a12-4f9d-af1c-ad1a3fc8344a,bc951c28-c9e7-4d21-b631-b7153ded5747,HUMAN,shown,trend_alert,down-streak,down-streak,2026-09-10T23:59:45.736Z,2026-09-10T23:59:45.931534+00:00,"{""client_ts"": ""2026-09-10T23:59:45.736Z"", ""element_id"": ""down-streak"", ""element_label"": ""down-streak"", ""element_type"": ""trend_alert"", ""event_name"": ""shown"", ""message"": ""Price went down 3 times in the last 5 ticks!"", ""trader_id"": ""bc951c28-c9e7-4d21-b631-b7153ded5747""}",1789084785.941268
7b3d258b-4a12-4f9d-af1c-ad1a3fc8344a,37f1723e-8392-451b-9f82-b4b827848fc2,HUMAN,shown,trend_alert,down-streak,down-streak,2026-09-10T23:59:45.739Z,2026-09-10T23:59:45.944931+00:00,"{""client_ts"": ""2026-09-10T23:59:45.739Z"", ""element_id"": ""down-streak"", ""element_label"": ""down-streak"", ""element_type"": ""trend_alert"", ""event_name"": ""shown"", ""message"": ""Price went down 3 times in the last 5 ticks!"", ""trader_id"": ""37f1723e-8392-451b-9f82-b4b827848fc2""}",1789084785.953706
7b3d258b-4a12-4f9d-af1c-ad1a3fc8344a,8ae24871-ac2e-4566-b164-d561f4f8967d,HUMAN,shown,trend_alert,down-streak,down-streak,2026-09-10T23:59:45.739Z,2026-09-10T23:59:45.958801+00:00,"{""client_ts"": ""2026-09-10T23:59:45.739Z"", ""element_id"": ""down-streak"", ""element_label"": ""down-streak"", ""element_type"": ""trend_alert"", ""event_name"": ""shown"", ""message"": ""Price went down 3 times in the last 5 ticks!"", ""trader_id"": ""8ae24871-ac2e-4566-b164-d561f4f8967d""}",1789084785.966303
24b999b2-fcb9-4304-a923-41f366998dad,780691e0-23fa-4614-8bba-e9be7f74977d,HUMAN,shown,trend_alert,up-streak,up-streak,2026-09-11T00:00:29.160Z,2026-09-11T00:00:29.332229+00:00,"{""client_ts"": ""2026-09-11T00:00:29.160Z"", ""element_id"": ""up-streak"", ""element_label"": ""up-streak"", ""element_type"": ""trend_alert"", ""event_name"": ""shown"", ""message"": ""Price went up 3 times in the last 5 ticks!"", ""trader_id"": ""780691e0-23fa-4614-8bba-e9be7f74977d""}",1789084829.341555
24b999b2-fcb9-4304-a923-41f366998dad,003c3411-c4ec-4d3c-9ae3-78a3e3c7d8df,HUMAN,shown,trend_alert,up-streak,up-streak,2026-09-11T00:00:29.139Z,2026-09-11T00:00:29.345478+00:00,"{""client_ts"": ""2026-09-11T00:00:29.139Z"", ""element_id"": ""up-streak"", ""element_label"": ""up-streak"", ""element_type"": ""trend_alert"", ""event_name"": ""shown"", ""message"": ""Price went up 3 times in the last 5 ticks!"", ""trader_id"": ""003c3411-c4ec-4d3c-9ae3-78a3e3c7d8df""}",1789084829.353589
24b999b2-fcb9-4304-a923-41f366998dad,2d5f7443-b06c-44da-896b-87f49555ca30,HUMAN,shown,trend_alert,up-streak,up-streak,2026-09-11T00:00:29.160Z,2026-09-11T00:00:29.357441+00:00,"{""client_ts"": ""2026-09-11T00:00:29.160Z"", ""element_id"": ""up-streak"", ""element_label"": ""up-streak"", ""element_type"": ""trend_alert"", ""event_name"": ""shown"", ""message"": ""Price went up 3 times in the last 5 ticks!"", ""trader_id"": ""2d5f7443-b06c-44da-896b-87f49555ca30""}",1789084829.365226
24b999b2-fcb9-4304-a923-41f366998dad,938302d7-eb4b-4b56-b728-955547edbafb,HUMAN,shown,trend_alert,up-streak,up-streak,2026-09-11T00:00:29.156Z,2026-09-11T00:00:29.370105+00:00,"{""client_ts"": ""2026-09-11T00:00:29.156Z"", ""element_id"": ""up-streak"", ""element_label"": ""up-streak"", ""element_type"": ""trend_alert"", ""event_name"": ""shown"", ""message"": ""Price went up 3 times in the last 5 ticks!"", ""trader_id"": ""938302d7-eb4b-4b56-b728-955547edbafb""}",1789084829.379787
24b999b2-fcb9-4304-a923-41f366998dad,c244c4f3-087f-4071-a2a0-0d929c6c70b5,HUMAN,shown,trend_alert,up-streak,up-streak,2026-09-11T00:00:29.127Z,2026-09-11T00:00:29.400568+00:00,"{""client_ts"": ""2026-09-11T00:00:29.127Z"", ""element_id"": ""up-streak"", ""element_label"": ""up-streak"", ""element_type"": ""trend_alert"", ""event_name"": ""shown"", ""message"": ""Price went up 3 times in the last 5 ticks!"", ""trader_id"": ""c244c4f3-087f-4071-a2a0-0d929c6c70b5""}",1789084829.408855
24b999b2-fcb9-4304-a923-41f366998dad,a2c8775b-1ae1-4fde-ac28-c87afc49dad3,HUMAN,shown,trend_alert,up-streak,up-streak,2026-09-11T00:00:29.158Z,2026-09-11T00:00:29.412864+00:00,"{""client_ts"": ""2026-09-11T00:00:29.158Z"", ""element_id"": ""up-streak"", ""element_label"": ""up-streak"", ""element_type"": ""trend_alert"", ""event_name"": ""shown"", ""message"": ""Price went up 3 times in the last 5 ticks!"", ""trader_id"": ""a2c8775b-1ae1-4fde-ac28-c87afc49dad3""}",1789084829.422567
7b3d258b-4a12-4f9d-af1c-ad1a3fc8344a,a9323da3-2227-4386-aee6-f301e23076bc,HUMAN,shown,trend_alert,down-streak,down-streak,2026-09-11T00:00:31.484Z,2026-09-11T00:00:31.572292+00:00,"{""client_ts"": ""2026-09-11T00:00:31.484Z"", ""element_id"": ""down-streak"", ""element_label"": ""down-streak"", ""element_type"": ""trend_alert"", ""event_name"": ""shown"", ""message"": ""Price went down 3 times in the last 5 ticks!"", ""trader_id"": ""a9323da3-2227-4386-aee6-f301e23076bc""}",1789084831.660082
7b3d258b-4a12-4f9d-af1c-ad1a3fc8344a,8ae24871-ac2e-4566-b164-d561f4f8967d,HUMAN,shown,trend_alert,down-streak,down-streak,2026-09-11T00:00:31.480Z,2026-09-11T00:00:31.666455+00:00,"{""client_ts"": ""2026-09-11T00:00:31.480Z"", ""element_id"": ""down-streak"", ""element_label"": ""down-streak"", ""element_type"": ""trend_alert"", ""event_name"": ""shown"", ""message"": ""Price went down 3 times in the last 5 ticks!"", ""trader_id"": ""8ae24871-ac2e-4566-b164-d561f4f8967d""}",1789084831.673981
7b3d258b-4a12-4f9d-af1c-ad1a3fc8344a,aeb13d2b-7a22-4f18-9880-d6d104e91f2f,HUMAN,shown,trend_alert,down-streak,down-streak,2026-09-11T00:00:31.491Z,2026-09-11T00:00:31.678652+00:00,"{""client_ts"": ""2026-09-11T00:00:31.491Z"", ""element_id"": ""down-streak"", ""element_label"": ""down-streak"", ""element_type"": ""trend_alert"", ""event_name"": ""shown"", ""message"": ""Price went down 3 times in the last 5 ticks!"", ""trader_id"": ""aeb13d2b-7a22-4f18-9880-d6d104e91f2f""}",1789084831.688943
7b3d258b-4a12-4f9d-af1c-ad1a3fc8344a,bc951c28-c9e7-4d21-b631-b7153ded5747,HUMAN,shown,trend_alert,down-streak,down-streak,2026-09-11T00:00:31.478Z,2026-09-11T00:00:31.696956+00:00,"{""client_ts"": ""2026-09-11T00:00:31.478Z"", ""element_id"": ""down-streak"", ""element_label"": ""down-streak"", ""element_type"": ""trend_alert"", ""event_name"": ""shown"", ""message"": ""Price went down 3 times in the last 5 ticks!"", ""trader_id"": ""bc951c28-c9e7-4d21-b631-b7153ded5747""}",1789084831.705373
7b3d258b-4a12-4f9d-af1c-ad1a3fc8344a,762774e2-b466-4ce2-8abe-40516ad3a99a,HUMAN,shown,trend_alert,down-streak,down-streak,2026-09-11T00:00:31.481Z,2026-09-11T00:00:31.709115+00:00,"{""client_ts"": ""2026-09-11T00:00:31.481Z"", ""element_id"": ""down-streak"", ""element_label"": ""down-streak"", ""element_type"": ""trend_alert"", ""event_name"": ""shown"", ""message"": ""Price went down 3 times in the last 5 ticks!"", ""trader_id"": ""762774e2-b466-4ce2-8abe-40516ad3a99a""}",1789084831.735543
7b3d258b-4a12-4f9d-af1c-ad1a3fc8344a,a9323da3-2227-4386-aee6-f301e23076bc,HUMAN,shown,badge_unlock,gold,Gold,2026-09-11T00:00:35.580Z,2026-09-11T00:00:35.991499+00:00,"{""client_ts"": ""2026-09-11T00:00:35.580Z"", ""element_id"": ""gold"", ""element_label"": ""Gold"", ""element_type"": ""badge_unlock"", ""event_name"": ""shown"", ""total_trades_threshold"": 35, ""trader_id"": ""a9323da3-2227-4386-aee6-f301e23076bc""}",1789084835.999341
7b3d258b-4a12-4f9d-af1c-ad1a3fc8344a,a9323da3-2227-4386-aee6-f301e23076bc,HUMAN,shown,badge_modal,gold,Gold,2026-09-11T00:00:35.580Z,2026-09-11T00:00:36.044810+00:00,"{""client_ts"": ""2026-09-11T00:00:35.580Z"", ""element_id"": ""gold"", ""element_label"": ""Gold"", ""element_type"": ""badge_modal"", ""event_name"": ""shown"", ""message"": ""You are the money maker!"", ""total_trades"": 35, ""trader_id"": ""a9323da3-2227-4386-aee6-f301e23076bc""}",1789084836.053141
7b3d258b-4a12-4f9d-af1c-ad1a3fc8344a,a9323da3-2227-4386-aee6-f301e23076bc,HUMAN,shown,badge_gif,gold,Gold,2026-09-11T00:00:35.580Z,2026-09-11T00:00:36.099411+00:00,"{""client_ts"": ""2026-09-11T00:00:35.580Z"", ""element_id"": ""gold"", ""element_label"": ""Gold"", ""element_type"": ""badge_gif"", ""event_name"": ""shown"", ""gif"": ""/static/trader_bridge_app/vue/assets/gold.gif"", ""trader_id"": ""a9323da3-2227-4386-aee6-f301e23076bc""}",1789084836.169548
24b999b2-fcb9-4304-a923-41f366998dad,c244c4f3-087f-4071-a2a0-0d929c6c70b5,HUMAN,shown,trend_alert,down-streak,down-streak,2026-09-11T00:00:52.453Z,2026-09-11T00:00:53.501705+00:00,"{""client_ts"": ""2026-09-11T00:00:52.453Z"", ""element_id"": ""down-streak"", ""element_label"": ""down-streak"", ""element_type"": ""trend_alert"", ""event_name"": ""shown"", ""message"": ""Price went down 3 times in the last 5 ticks!"", ""trader_id"": ""c244c4f3-087f-4071-a2a0-0d929c6c70b5""}",1789084853.514425
24b999b2-fcb9-4304-a923-41f366998dad,a2c8775b-1ae1-4fde-ac28-c87afc49dad3,HUMAN,shown,trend_alert,down-streak,down-streak,2026-09-11T00:00:52.484Z,2026-09-11T00:00:53.532391+00:00,"{""client_ts"": ""2026-09-11T00:00:52.484Z"", ""element_id"": ""down-streak"", ""element_label"": ""down-streak"", ""element_type"": ""trend_alert"", ""event_name"": ""shown"", ""message"": ""Price went down 3 times in the last 5 ticks!"", ""trader_id"": ""a2c8775b-1ae1-4fde-ac28-c87afc49dad3""}",1789084853.550387
24b999b2-fcb9-4304-a923-41f366998dad,2d5f7443-b06c-44da-896b-87f49555ca30,HUMAN,shown,trend_alert,down-streak,down-streak,2026-09-11T00:00:52.488Z,2026-09-11T00:00:53.631236+00:00,"{""client_ts"": ""2026-09-11T00:00:52.488Z"", ""element_id"": ""down-streak"", ""element_label"": ""down-streak"", ""element_type"": ""trend_alert"", ""event_name"": ""shown"", ""message"": ""Price went down 3 times in the last 5 ticks!"", ""trader_id"": ""2d5f7443-b06c-44da-896b-87f49555ca30""}",1789084853.692187
24b999b2-fcb9-4304-a923-41f366998dad,780691e0-23fa-4614-8bba-e9be7f74977d,HUMAN,shown,trend_alert,down-streak,down-streak,2026-09-11T00:00:52.596Z,2026-09-11T00:00:53.832021+00:00,"{""client_ts"": ""2026-09-11T00:00:52.596Z"", ""element_id"": ""down-streak"", ""element_label"": ""down-streak"", ""element_type"": ""trend_alert"", ""event_name"": ""shown"", ""message"": ""Price went down 3 times in the last 5 ticks!"", ""trader_id"": ""780691e0-23fa-4614-8bba-e9be7f74977d""}",1789084853.839873
24b999b2-fcb9-4304-a923-41f366998dad,003c3411-c4ec-4d3c-9ae3-78a3e3c7d8df,HUMAN,shown,trend_alert,down-streak,down-streak,2026-09-11T00:00:52.576Z,2026-09-11T00:00:53.844374+00:00,"{""client_ts"": ""2026-09-11T00:00:52.576Z"", ""element_id"": ""down-streak"", ""element_label"": ""down-streak"", ""element_type"": ""trend_alert"", ""event_name"": ""shown"", ""message"": ""Price went down 3 times in the last 5 ticks!"", ""trader_id"": ""003c3411-c4ec-4d3c-9ae3-78a3e3c7d8df""}",1789084853.852448
24b999b2-fcb9-4304-a923-41f366998dad,938302d7-eb4b-4b56-b728-955547edbafb,HUMAN,shown,trend_alert,down-streak,down-streak,2026-09-11T00:00:52.593Z,2026-09-11T00:00:53.856271+00:00,"{""client_ts"": ""2026-09-11T00:00:52.593Z"", ""element_id"": ""down-streak"", ""element_label"": ""down-streak"", ""element_type"": ""trend_alert"", ""event_name"": ""shown"", ""message"": ""Price went down 3 times in the last 5 ticks!"", ""trader_id"": ""938302d7-eb4b-4b56-b728-955547edbafb""}",1789084853.865747
7b3d258b-4a12-4f9d-af1c-ad1a3fc8344a,a9323da3-2227-4386-aee6-f301e23076bc,HUMAN,shown,trend_alert,down-streak,down-streak,2026-09-11T00:00:53.838Z,2026-09-11T00:00:54.860869+00:00,"{""client_ts"": ""2026-09-11T00:00:53.838Z"", ""element_id"": ""down-streak"", ""element_label"": ""down-streak"", ""element_type"": ""trend_alert"", ""event_name"": ""shown"", ""message"": ""Price went down 3 times in the last 5 ticks!"", ""trader_id"": ""a9323da3-2227-4386-aee6-f301e23076bc""}",1789084854.873149
7b3d258b-4a12-4f9d-af1c-ad1a3fc8344a,8ae24871-ac2e-4566-b164-d561f4f8967d,HUMAN,shown,trend_alert,down-streak,down-streak,2026-09-11T00:00:53.832Z,2026-09-11T00:00:54.880070+00:00,"{""client_ts"": ""2026-09-11T00:00:53.832Z"", ""element_id"": ""down-streak"", ""element_label"": ""down-streak"", ""element_type"": ""trend_alert"", ""event_name"": ""shown"", ""message"": ""Price went down 3 times in the last 5 ticks!"", ""trader_id"": ""8ae24871-ac2e-4566-b164-d561f4f8967d""}",1789084854.888108
7b3d258b-4a12-4f9d-af1c-ad1a3fc8344a,762774e2-b466-4ce2-8abe-40516ad3a99a,HUMAN,shown,trend_alert,down-streak,down-streak,2026-09-11T00:00:53.833Z,2026-09-11T00:00:54.924235+00:00,"{""client_ts"": ""2026-09-11T00:00:53.833Z"", ""element_id"": ""down-streak"", ""element_label"": ""down-streak"", ""element_type"": ""trend_alert"", ""event_name"": ""shown"", ""message"": ""Price went down 3 times in the last 5 ticks!"", ""trader_id"": ""762774e2-b466-4ce2-8abe-40516ad3a99a""}",1789084854.982304
7b3d258b-4a12-4f9d-af1c-ad1a3fc8344a,bc951c28-c9e7-4d21-b631-b7153ded5747,HUMAN,shown,trend_alert,down-streak,down-streak,2026-09-11T00:00:53.830Z,2026-09-11T00:00:55.025734+00:00,"{""client_ts"": ""2026-09-11T00:00:53.830Z"", ""element_id"": ""down-streak"", ""element_label"": ""down-streak"", ""element_type"": ""trend_alert"", ""event_name"": ""shown"", ""message"": ""Price went down 3 times in the last 5 ticks!"", ""trader_id"": ""bc951c28-c9e7-4d21-b631-b7153ded5747""}",1789084855.040755
7b3d258b-4a12-4f9d-af1c-ad1a3fc8344a,aeb13d2b-7a22-4f18-9880-d6d104e91f2f,HUMAN,shown,trend_alert,down-streak,down-streak,2026-09-11T00:00:53.846Z,2026-09-11T00:00:55.139149+00:00,"{""client_ts"": ""2026-09-11T00:00:53.846Z"", ""element_id"": ""down-streak"", ""element_label"": ""down-streak"", ""element_type"": ""trend_alert"", ""event_name"": ""shown"", ""message"": ""Price went down 3 times in the last 5 ticks!"", ""trader_id"": ""aeb13d2b-7a22-4f18-9880-d6d104e91f2f""}",1789084855.148331
7b3d258b-4a12-4f9d-af1c-ad1a3fc8344a,37f1723e-8392-451b-9f82-b4b827848fc2,HUMAN,shown,trend_alert,down-streak,down-streak,2026-09-11T00:00:53.840Z,2026-09-11T00:00:55.153183+00:00,"{""client_ts"": ""2026-09-11T00:00:53.840Z"", ""element_id"": ""down-streak"", ""element_label"": ""down-streak"", ""element_type"": ""trend_alert"", ""event_name"": ""shown"", ""message"": ""Price went down 3 times in the last 5 ticks!"", ""trader_id"": ""37f1723e-8392-451b-9f82-b4b827848fc2""}",1789084855.16203
7b3d258b-4a12-4f9d-af1c-ad1a3fc8344a,a9323da3-2227-4386-aee6-f301e23076bc,HUMAN,shown,trend_alert,down-streak,down-streak,2026-09-11T00:01:18.650Z,2026-09-11T00:01:18.941265+00:00,"{""client_ts"": ""2026-09-11T00:01:18.650Z"", ""element_id"": ""down-streak"", ""element_label"": ""down-streak"", ""element_type"": ""trend_alert"", ""event_name"": ""shown"", ""message"": ""Price went down 3 times in the last 5 ticks!"", ""trader_id"": ""a9323da3-2227-4386-aee6-f301e23076bc""}",1789084878.950211
7b3d258b-4a12-4f9d-af1c-ad1a3fc8344a,37f1723e-8392-451b-9f82-b4b827848fc2,HUMAN,shown,trend_alert,down-streak,down-streak,2026-09-11T00:01:18.655Z,2026-09-11T00:01:18.954640+00:00,"{""client_ts"": ""2026-09-11T00:01:18.655Z"", ""element_id"": ""down-streak"", ""element_label"": ""down-streak"", ""element_type"": ""trend_alert"", ""event_name"": ""shown"", ""message"": ""Price went down 3 times in the last 5 ticks!"", ""trader_id"": ""37f1723e-8392-451b-9f82-b4b827848fc2""}",1789084878.962435
7b3d258b-4a12-4f9d-af1c-ad1a3fc8344a,a9323da3-2227-4386-aee6-f301e23076bc,HUMAN,shown,trend_alert,up-streak,up-streak,2026-09-11T00:01:22.396Z,2026-09-11T00:01:22.451277+00:00,"{""client_ts"": ""2026-09-11T00:01:22.396Z"", ""element_id"": ""up-streak"", ""element_label"": ""up-streak"", ""element_type"": ""trend_alert"", ""event_name"": ""shown"", ""message"": ""Price went up 3 times in the last 5 ticks!"", ""trader_id"": ""a9323da3-2227-4386-aee6-f301e23076bc""}",1789084882.46295
7b3d258b-4a12-4f9d-af1c-ad1a3fc8344a,37f1723e-8392-451b-9f82-b4b827848fc2,HUMAN,shown,trend_alert,up-streak,up-streak,2026-09-11T00:01:22.400Z,2026-09-11T00:01:22.469527+00:00,"{""client_ts"": ""2026-09-11T00:01:22.400Z"", ""element_id"": ""up-streak"", ""element_label"": ""up-streak"", ""element_type"": ""trend_alert"", ""event_name"": ""shown"", ""message"": ""Price went up 3 times in the last 5 ticks!"", ""trader_id"": ""37f1723e-8392-451b-9f82-b4b827848fc2""}",1789084882.478551
24b999b2-fcb9-4304-a923-41f366998dad,a2c8775b-1ae1-4fde-ac28-c87afc49dad3,HUMAN,shown,trend_alert,up-streak,up-streak,2026-09-11T00:02:06.103Z,2026-09-11T00:02:06.199271+00:00,"{""client_ts"": ""2026-09-11T00:02:06.103Z"", ""element_id"": ""up-streak"", ""element_label"": ""up-streak"", ""element_type"": ""trend_alert"", ""event_name"": ""shown"", ""message"": ""Price went up 3 times in the last 5 ticks!"", ""trader_id"": ""a2c8775b-1ae1-4fde-ac28-c87afc49dad3""}",1789084926.206878
24b999b2-fcb9-4304-a923-41f366998dad,2d5f7443-b06c-44da-896b-87f49555ca30,HUMAN,shown,trend_alert,up-streak,up-streak,2026-09-11T00:02:06.105Z,2026-09-11T00:02:06.210520+00:00,"{""client_ts"": ""2026-09-11T00:02:06.105Z"", ""element_id"": ""up-streak"", ""element_label"": ""up-streak"", ""element_type"": ""trend_alert"", ""event_name"": ""shown"", ""message"": ""Price went up 3 times in the last 5 ticks!"", ""trader_id"": ""2d5f7443-b06c-44da-896b-87f49555ca30""}",1789084926.22091
24b999b2-fcb9-4304-a923-41f366998dad,003c3411-c4ec-4d3c-9ae3-78a3e3c7d8df,HUMAN,shown,trend_alert,up-streak,up-streak,2026-09-11T00:02:06.090Z,2026-09-11T00:02:06.224685+00:00,"{""client_ts"": ""2026-09-11T00:02:06.090Z"", ""element_id"": ""up-streak"", ""element_label"": ""up-streak"", ""element_type"": ""trend_alert"", ""event_name"": ""shown"", ""message"": ""Price went up 3 times in the last 5 ticks!"", ""trader_id"": ""003c3411-c4ec-4d3c-9ae3-78a3e3c7d8df""}",1789084926.235239
24b999b2-fcb9-4304-a923-41f366998dad,780691e0-23fa-4614-8bba-e9be7f74977d,HUMAN,shown,trend_alert,up-streak,up-streak,2026-09-11T00:02:06.108Z,2026-09-11T00:02:06.239498+00:00,"{""client_ts"": ""2026-09-11T00:02:06.108Z"", ""element_id"": ""up-streak"", ""element_label"": ""up-streak"", ""element_type"": ""trend_alert"", ""event_name"": ""shown"", ""message"": ""Price went up 3 times in the last 5 ticks!"", ""trader_id"": ""780691e0-23fa-4614-8bba-e9be7f74977d""}",1789084926.247908
24b999b2-fcb9-4304-a923-41f366998dad,c244c4f3-087f-4071-a2a0-0d929c6c70b5,HUMAN,shown,trend_alert,up-streak,up-streak,2026-09-11T00:02:06.080Z,2026-09-11T00:02:06.251796+00:00,"{""client_ts"": ""2026-09-11T00:02:06.080Z"", ""element_id"": ""up-streak"", ""element_label"": ""up-streak"", ""element_type"": ""trend_alert"", ""event_name"": ""shown"", ""message"": ""Price went up 3 times in the last 5 ticks!"", ""trader_id"": ""c244c4f3-087f-4071-a2a0-0d929c6c70b5""}",1789084926.259402
24b999b2-fcb9-4304-a923-41f366998dad,938302d7-eb4b-4b56-b728-955547edbafb,HUMAN,shown,trend_alert,up-streak,up-streak,2026-09-11T00:02:06.108Z,2026-09-11T00:02:06.263091+00:00,"{""client_ts"": ""2026-09-11T00:02:06.108Z"", ""element_id"": ""up-streak"", ""element_label"": ""up-streak"", ""element_type"": ""trend_alert"", ""event_name"": ""shown"", ""message"": ""Price went up 3 times in the last 5 ticks!"", ""trader_id"": ""938302d7-eb4b-4b56-b728-955547edbafb""}",1789084926.270356
24b999b2-fcb9-4304-a923-41f366998dad,2d5f7443-b06c-44da-896b-87f49555ca30,HUMAN,shown,badge_unlock,silver,Silver,2026-09-11T00:02:07.176Z,2026-09-11T00:02:07.293551+00:00,"{""client_ts"": ""2026-09-11T00:02:07.176Z"", ""element_id"": ""silver"", ""element_label"": ""Silver"", ""element_type"": ""badge_unlock"", ""event_name"": ""shown"", ""total_trades_threshold"": 15, ""trader_id"": ""2d5f7443-b06c-44da-896b-87f49555ca30""}",1789084927.301249
24b999b2-fcb9-4304-a923-41f366998dad,2d5f7443-b06c-44da-896b-87f49555ca30,HUMAN,shown,badge_modal,silver,Silver,2026-09-11T00:02:07.176Z,2026-09-11T00:02:07.306576+00:00,"{""client_ts"": ""2026-09-11T00:02:07.176Z"", ""element_id"": ""silver"", ""element_label"": ""Silver"", ""element_type"": ""badge_modal"", ""event_name"": ""shown"", ""message"": ""You belong on the trading floor!"", ""total_trades"": 15, ""trader_id"": ""2d5f7443-b06c-44da-896b-87f49555ca30""}",1789084927.316603
24b999b2-fcb9-4304-a923-41f366998dad,2d5f7443-b06c-44da-896b-87f49555ca30,HUMAN,shown,badge_gif,silver,Silver,2026-09-11T00:02:07.176Z,2026-09-11T00:02:07.322898+00:00,"{""client_ts"": ""2026-09-11T00:02:07.176Z"", ""element_id"": ""silver"", ""element_label"": ""Silver"", ""element_type"": ""badge_gif"", ""event_name"": ""shown"", ""gif"": ""/static/trader_bridge_app/vue/assets/silver.gif"", ""trader_id"": ""2d5f7443-b06c-44da-896b-87f49555ca30""}",1789084927.331448
24b999b2-fcb9-4304-a923-41f366998dad,2d5f7443-b06c-44da-896b-87f49555ca30,HUMAN,shown,trend_alert,down-streak,down-streak,2026-09-11T00:02:25.685Z,2026-09-11T00:02:25.830245+00:00,"{""client_ts"": ""2026-09-11T00:02:25.685Z"", ""element_id"": ""down-streak"", ""element_label"": ""down-streak"", ""element_type"": ""trend_alert"", ""event_name"": ""shown"", ""message"": ""Price went down 3 times in the last 5 ticks!"", ""trader_id"": ""2d5f7443-b06c-44da-896b-87f49555ca30""}",1789084945.839447
24b999b2-fcb9-4304-a923-41f366998dad,780691e0-23fa-4614-8bba-e9be7f74977d,HUMAN,shown,trend_alert,down-streak,down-streak,2026-09-11T00:02:25.686Z,2026-09-11T00:02:25.848579+00:00,"{""client_ts"": ""2026-09-11T00:02:25.686Z"", ""element_id"": ""down-streak"", ""element_label"": ""down-streak"", ""element_type"": ""trend_alert"", ""event_name"": ""shown"", ""message"": ""Price went down 3 times in the last 5 ticks!"", ""trader_id"": ""780691e0-23fa-4614-8bba-e9be7f74977d""}",1789084945.861372
24b999b2-fcb9-4304-a923-41f366998dad,a2c8775b-1ae1-4fde-ac28-c87afc49dad3,HUMAN,shown,trend_alert,down-streak,down-streak,2026-09-11T00:02:25.688Z,2026-09-11T00:02:25.865644+00:00,"{""client_ts"": ""2026-09-11T00:02:25.688Z"", ""element_id"": ""down-streak"", ""element_label"": ""down-streak"", ""element_type"": ""trend_alert"", ""event_name"": ""shown"", ""message"": ""Price went down 3 times in the last 5 ticks!"", ""trader_id"": ""a2c8775b-1ae1-4fde-ac28-c87afc49dad3""}",1789084945.873528
24b999b2-fcb9-4304-a923-41f366998dad,938302d7-eb4b-4b56-b728-955547edbafb,HUMAN,shown,trend_alert,down-streak,down-streak,2026-09-11T00:02:25.688Z,2026-09-11T00:02:25.878536+00:00,"{""client_ts"": ""2026-09-11T00:02:25.688Z"", ""element_id"": ""down-streak"", ""element_label"": ""down-streak"", ""element_type"": ""trend_alert"", ""event_name"": ""shown"", ""message"": ""Price went down 3 times in the last 5 ticks!"", ""trader_id"": ""938302d7-eb4b-4b56-b728-955547edbafb""}",1789084945.886519
24b999b2-fcb9-4304-a923-41f366998dad,c244c4f3-087f-4071-a2a0-0d929c6c70b5,HUMAN,shown,trend_alert,down-streak,down-streak,2026-09-11T00:02:25.666Z,2026-09-11T00:02:25.890364+00:00,"{""client_ts"": ""2026-09-11T00:02:25.666Z"", ""element_id"": ""down-streak"", ""element_label"": ""down-streak"", ""element_type"": ""trend_alert"", ""event_name"": ""shown"", ""message"": ""Price went down 3 times in the last 5 ticks!"", ""trader_id"": ""c244c4f3-087f-4071-a2a0-0d929c6c70b5""}",1789084945.897776
24b999b2-fcb9-4304-a923-41f366998dad,003c3411-c4ec-4d3c-9ae3-78a3e3c7d8df,HUMAN,shown,trend_alert,down-streak,down-streak,2026-09-11T00:02:25.672Z,2026-09-11T00:02:25.901449+00:00,"{""client_ts"": ""2026-09-11T00:02:25.672Z"", ""element_id"": ""down-streak"", ""element_label"": ""down-streak"", ""element_type"": ""trend_alert"", ""event_name"": ""shown"", ""message"": ""Price went down 3 times in the last 5 ticks!"", ""trader_id"": ""003c3411-c4ec-4d3c-9ae3-78a3e3c7d8df""}",1789084945.908641
24b999b2-fcb9-4304-a923-41f366998dad,780691e0-23fa-4614-8bba-e9be7f74977d,HUMAN,shown,trend_alert,up-streak,up-streak,2026-09-11T00:02:30.132Z,2026-09-11T00:02:30.189150+00:00,"{""client_ts"": ""2026-09-11T00:02:30.132Z"", ""element_id"": ""up-streak"", ""element_label"": ""up-streak"", ""element_type"": ""trend_alert"", ""event_name"": ""shown"", ""message"": ""Price went up 3 times in the last 5 ticks!"", ""trader_id"": ""780691e0-23fa-4614-8bba-e9be7f74977d""}",1789084950.19779
24b999b2-fcb9-4304-a923-41f366998dad,a2c8775b-1ae1-4fde-ac28-c87afc49dad3,HUMAN,shown,trend_alert,up-streak,up-streak,2026-09-11T00:02:30.135Z,2026-09-11T00:02:30.204304+00:00,"{""client_ts"": ""2026-09-11T00:02:30.135Z"", ""element_id"": ""up-streak"", ""element_label"": ""up-streak"", ""element_type"": ""trend_alert"", ""event_name"": ""shown"", ""message"": ""Price went up 3 times in the last 5 ticks!"", ""trader_id"": ""a2c8775b-1ae1-4fde-ac28-c87afc49dad3""}",1789084950.213278
24b999b2-fcb9-4304-a923-41f366998dad,003c3411-c4ec-4d3c-9ae3-78a3e3c7d8df,HUMAN,shown,trend_alert,up-streak,up-streak,2026-09-11T00:02:30.118Z,2026-09-11T00:02:30.216958+00:00,"{""client_ts"": ""2026-09-11T00:02:30.118Z"", ""element_id"": ""up-streak"", ""element_label"": ""up-streak"", ""element_type"": ""trend_alert"", ""event_name"": ""shown"", ""message"": ""Price went up 3 times in the last 5 ticks!"", ""trader_id"": ""003c3411-c4ec-4d3c-9ae3-78a3e3c7d8df""}",1789084950.224364
24b999b2-fcb9-4304-a923-41f366998dad,c244c4f3-087f-4071-a2a0-0d929c6c70b5,HUMAN,shown,trend_alert,up-streak,up-streak,2026-09-11T00:02:30.112Z,2026-09-11T00:02:30.232121+00:00,"{""client_ts"": ""2026-09-11T00:02:30.112Z"", ""element_id"": ""up-streak"", ""element_label"": ""up-streak"", ""element_type"": ""trend_alert"", ""event_name"": ""shown"", ""message"": ""Price went up 3 times in the last 5 ticks!"", ""trader_id"": ""c244c4f3-087f-4071-a2a0-0d929c6c70b5""}",1789084950.239612
24b999b2-fcb9-4304-a923-41f366998dad,938302d7-eb4b-4b56-b728-955547edbafb,HUMAN,shown,trend_alert,up-streak,up-streak,2026-09-11T00:02:30.137Z,2026-09-11T00:02:30.243365+00:00,"{""client_ts"": ""2026-09-11T00:02:30.137Z"", ""element_id"": ""up-streak"", ""element_label"": ""up-streak"", ""element_type"": ""trend_alert"", ""event_name"": ""shown"", ""message"": ""Price went up 3 times in the last 5 ticks!"", ""trader_id"": ""938302d7-eb4b-4b56-b728-955547edbafb""}",1789084950.251006
24b999b2-fcb9-4304-a923-41f366998dad,2d5f7443-b06c-44da-896b-87f49555ca30,HUMAN,shown,trend_alert,up-streak,up-streak,2026-09-11T00:02:30.135Z,2026-09-11T00:02:30.255013+00:00,"{""client_ts"": ""2026-09-11T00:02:30.135Z"", ""element_id"": ""up-streak"", ""element_label"": ""up-streak"", ""element_type"": ""trend_alert"", ""event_name"": ""shown"", ""message"": ""Price went up 3 times in the last 5 ticks!"", ""trader_id"": ""2d5f7443-b06c-44da-896b-87f49555ca30""}",1789084950.263292
049c3a29-2e35-4c9e-b1ee-32442d8510e1,8743e64f-c9a4-4f8a-b5a3-89f9f130f2aa,HUMAN,shown,trend_alert,down-streak,down-streak,2026-09-11T00:02:40.725Z,2026-09-11T00:02:40.787246+00:00,"{""client_ts"": ""2026-09-11T00:02:40.725Z"", ""element_id"": ""down-streak"", ""element_label"": ""down-streak"", ""element_type"": ""trend_alert"", ""event_name"": ""shown"", ""message"": ""Price went down 3 times in the last 5 ticks!"", ""trader_id"": ""8743e64f-c9a4-4f8a-b5a3-89f9f130f2aa""}",1789084960.795209
049c3a29-2e35-4c9e-b1ee-32442d8510e1,ab2ca6f6-98d2-4898-80c5-d4833fb874be,HUMAN,shown,trend_alert,down-streak,down-streak,2026-09-11T00:02:40.723Z,2026-09-11T00:02:40.807051+00:00,"{""client_ts"": ""2026-09-11T00:02:40.723Z"", ""element_id"": ""down-streak"", ""element_label"": ""down-streak"", ""element_type"": ""trend_alert"", ""event_name"": ""shown"", ""message"": ""Price went down 3 times in the last 5 ticks!"", ""trader_id"": ""ab2ca6f6-98d2-4898-80c5-d4833fb874be""}",1789084960.823219
049c3a29-2e35-4c9e-b1ee-32442d8510e1,64998d2d-498a-4e64-99d7-6a9d7940577e,HUMAN,shown,trend_alert,down-streak,down-streak,2026-09-11T00:02:40.729Z,2026-09-11T00:02:40.826435+00:00,"{""client_ts"": ""2026-09-11T00:02:40.729Z"", ""element_id"": ""down-streak"", ""element_label"": ""down-streak"", ""element_type"": ""trend_alert"", ""event_name"": ""shown"", ""message"": ""Price went down 3 times in the last 5 ticks!"", ""trader_id"": ""64998d2d-498a-4e64-99d7-6a9d7940577e""}",1789084960.834245
049c3a29-2e35-4c9e-b1ee-32442d8510e1,093f2af1-de87-45a7-a6b1-a1bc10d10a57,HUMAN,shown,trend_alert,down-streak,down-streak,2026-09-11T00:02:40.740Z,2026-09-11T00:02:40.837421+00:00,"{""client_ts"": ""2026-09-11T00:02:40.740Z"", ""element_id"": ""down-streak"", ""element_label"": ""down-streak"", ""element_type"": ""trend_alert"", ""event_name"": ""shown"", ""message"": ""Price went down 3 times in the last 5 ticks!"", ""trader_id"": ""093f2af1-de87-45a7-a6b1-a1bc10d10a57""}",1789084960.844513
049c3a29-2e35-4c9e-b1ee-32442d8510e1,73fe5556-d77f-4bf9-ba8e-833298d43f8a,HUMAN,shown,trend_alert,down-streak,down-streak,2026-09-11T00:02:40.743Z,2026-09-11T00:02:40.848459+00:00,"{""client_ts"": ""2026-09-11T00:02:40.743Z"", ""element_id"": ""down-streak"", ""element_label"": ""down-streak"", ""element_type"": ""trend_alert"", ""event_name"": ""shown"", ""message"": ""Price went down 3 times in the last 5 ticks!"", ""trader_id"": ""73fe5556-d77f-4bf9-ba8e-833298d43f8a""}",1789084960.85724
049c3a29-2e35-4c9e-b1ee-32442d8510e1,81a977dc-433d-4415-94c7-ebaad5de679b,HUMAN,shown,trend_alert,down-streak,down-streak,2026-09-11T00:02:40.740Z,2026-09-11T00:02:40.862798+00:00,"{""client_ts"": ""2026-09-11T00:02:40.740Z"", ""element_id"": ""down-streak"", ""element_label"": ""down-streak"", ""element_type"": ""trend_alert"", ""event_name"": ""shown"", ""message"": ""Price went down 3 times in the last 5 ticks!"", ""trader_id"": ""81a977dc-433d-4415-94c7-ebaad5de679b""}",1789084960.870661
049c3a29-2e35-4c9e-b1ee-32442d8510e1,64998d2d-498a-4e64-99d7-6a9d7940577e,HUMAN,shown,trend_alert,up-streak,up-streak,2026-09-11T00:02:50.262Z,2026-09-11T00:02:50.318778+00:00,"{""client_ts"": ""2026-09-11T00:02:50.262Z"", ""element_id"": ""up-streak"", ""element_label"": ""up-streak"", ""element_type"": ""trend_alert"", ""event_name"": ""shown"", ""message"": ""Price went up 3 times in the last 5 ticks!"", ""trader_id"": ""64998d2d-498a-4e64-99d7-6a9d7940577e""}",1789084970.32855
049c3a29-2e35-4c9e-b1ee-32442d8510e1,81a977dc-433d-4415-94c7-ebaad5de679b,HUMAN,shown,trend_alert,up-streak,up-streak,2026-09-11T00:02:50.267Z,2026-09-11T00:02:50.334062+00:00,"{""client_ts"": ""2026-09-11T00:02:50.267Z"", ""element_id"": ""up-streak"", ""element_label"": ""up-streak"", ""element_type"": ""trend_alert"", ""event_name"": ""shown"", ""message"": ""Price went up 3 times in the last 5 ticks!"", ""trader_id"": ""81a977dc-433d-4415-94c7-ebaad5de679b""}",1789084970.343486
049c3a29-2e35-4c9e-b1ee-32442d8510e1,093f2af1-de87-45a7-a6b1-a1bc10d10a57,HUMAN,shown,trend_alert,up-streak,up-streak,2026-09-11T00:02:50.270Z,2026-09-11T00:02:50.348101+00:00,"{""client_ts"": ""2026-09-11T00:02:50.270Z"", ""element_id"": ""up-streak"", ""element_label"": ""up-streak"", ""element_type"": ""trend_alert"", ""event_name"": ""shown"", ""message"": ""Price went up 3 times in the last 5 ticks!"", ""trader_id"": ""093f2af1-de87-45a7-a6b1-a1bc10d10a57""}",1789084970.357693
049c3a29-2e35-4c9e-b1ee-32442d8510e1,8743e64f-c9a4-4f8a-b5a3-89f9f130f2aa,HUMAN,shown,trend_alert,up-streak,up-streak,2026-09-11T00:02:50.258Z,2026-09-11T00:02:50.361765+00:00,"{""client_ts"": ""2026-09-11T00:02:50.258Z"", ""element_id"": ""up-streak"", ""element_label"": ""up-streak"", ""element_type"": ""trend_alert"", ""event_name"": ""shown"", ""message"": ""Price went up 3 times in the last 5 ticks!"", ""trader_id"": ""8743e64f-c9a4-4f8a-b5a3-89f9f130f2aa""}",1789084970.369713
049c3a29-2e35-4c9e-b1ee-32442d8510e1,73fe5556-d77f-4bf9-ba8e-833298d43f8a,HUMAN,shown,trend_alert,up-streak,up-streak,2026-09-11T00:02:50.273Z,2026-09-11T00:02:50.373548+00:00,"{""client_ts"": ""2026-09-11T00:02:50.273Z"", ""element_id"": ""up-streak"", ""element_label"": ""up-streak"", ""element_type"": ""trend_alert"", ""event_name"": ""shown"", ""message"": ""Price went up 3 times in the last 5 ticks!"", ""trader_id"": ""73fe5556-d77f-4bf9-ba8e-833298d43f8a""}",1789084970.385045
049c3a29-2e35-4c9e-b1ee-32442d8510e1,ab2ca6f6-98d2-4898-80c5-d4833fb874be,HUMAN,shown,trend_alert,up-streak,up-streak,2026-09-11T00:02:50.255Z,2026-09-11T00:02:50.389944+00:00,"{""client_ts"": ""2026-09-11T00:02:50.255Z"", ""element_id"": ""up-streak"", ""element_label"": ""up-streak"", ""element_type"": ""trend_alert"", ""event_name"": ""shown"", ""message"": ""Price went up 3 times in the last 5 ticks!"", ""trader_id"": ""ab2ca6f6-98d2-4898-80c5-d4833fb874be""}",1789084970.397802
c37a19d1-3da8-40e7-97e2-5548f7a2b914,74c01899-253f-4aa9-8a9d-3032636eac68,HUMAN,shown,badge_unlock,gold,Gold,2026-09-11T00:02:54.677Z,2026-09-11T00:02:54.745295+00:00,"{""client_ts"": ""2026-09-11T00:02:54.677Z"", ""element_id"": ""gold"", ""element_label"": ""Gold"", ""element_type"": ""badge_unlock"", ""event_name"": ""shown"", ""total_trades_threshold"": 35, ""trader_id"": ""74c01899-253f-4aa9-8a9d-3032636eac68""}",1789084974.753986
c37a19d1-3da8-40e7-97e2-5548f7a2b914,74c01899-253f-4aa9-8a9d-3032636eac68,HUMAN,shown,badge_modal,gold,Gold,2026-09-11T00:02:54.677Z,2026-09-11T00:02:54.761781+00:00,"{""client_ts"": ""2026-09-11T00:02:54.677Z"", ""element_id"": ""gold"", ""element_label"": ""Gold"", ""element_type"": ""badge_modal"", ""event_name"": ""shown"", ""message"": ""You are the money maker!"", ""total_trades"": 35, ""trader_id"": ""74c01899-253f-4aa9-8a9d-3032636eac68""}",1789084974.769807
c37a19d1-3da8-40e7-97e2-5548f7a2b914,74c01899-253f-4aa9-8a9d-3032636eac68,HUMAN,shown,badge_gif,gold,Gold,2026-09-11T00:02:54.678Z,2026-09-11T00:02:54.777726+00:00,"{""client_ts"": ""2026-09-11T00:02:54.678Z"", ""element_id"": ""gold"", ""element_label"": ""Gold"", ""element_type"": ""badge_gif"", ""event_name"": ""shown"", ""gif"": ""/static/trader_bridge_app/vue/assets/gold.gif"", ""trader_id"": ""74c01899-253f-4aa9-8a9d-3032636eac68""}",1789084974.785684
24b999b2-fcb9-4304-a923-41f366998dad,2d5f7443-b06c-44da-896b-87f49555ca30,HUMAN,shown,trend_alert,down-streak,down-streak,2026-09-11T00:02:57.350Z,2026-09-11T00:02:57.406119+00:00,"{""client_ts"": ""2026-09-11T00:02:57.350Z"", ""element_id"": ""down-streak"", ""element_label"": ""down-streak"", ""element_type"": ""trend_alert"", ""event_name"": ""shown"", ""message"": ""Price went down 3 times in the last 5 ticks!"", ""trader_id"": ""2d5f7443-b06c-44da-896b-87f49555ca30""}",1789084977.426164
049c3a29-2e35-4c9e-b1ee-32442d8510e1,093f2af1-de87-45a7-a6b1-a1bc10d10a57,HUMAN,shown,badge_unlock,bronze,Bronze,2026-09-11T00:02:59.918Z,2026-09-11T00:03:00.146166+00:00,"{""client_ts"": ""2026-09-11T00:02:59.918Z"", ""element_id"": ""bronze"", ""element_label"": ""Bronze"", ""element_type"": ""badge_unlock"", ""event_name"": ""shown"", ""total_trades_threshold"": 10, ""trader_id"": ""093f2af1-de87-45a7-a6b1-a1bc10d10a57""}",1789084980.169482
049c3a29-2e35-4c9e-b1ee-32442d8510e1,093f2af1-de87-45a7-a6b1-a1bc10d10a57,HUMAN,shown,badge_modal,bronze,Bronze,2026-09-11T00:02:59.918Z,2026-09-11T00:03:00.181440+00:00,"{""client_ts"": ""2026-09-11T00:02:59.918Z"", ""element_id"": ""bronze"", ""element_label"": ""Bronze"", ""element_type"": ""badge_modal"", ""event_name"": ""shown"", ""message"": ""Level up! Doing well"", ""total_trades"": 10, ""trader_id"": ""093f2af1-de87-45a7-a6b1-a1bc10d10a57""}",1789084980.198743
049c3a29-2e35-4c9e-b1ee-32442d8510e1,093f2af1-de87-45a7-a6b1-a1bc10d10a57,HUMAN,shown,badge_gif,bronze,Bronze,2026-09-11T00:02:59.919Z,2026-09-11T00:03:00.209985+00:00,"{""client_ts"": ""2026-09-11T00:02:59.919Z"", ""element_id"": ""bronze"", ""element_label"": ""Bronze"", ""element_type"": ""badge_gif"", ""event_name"": ""shown"", ""gif"": ""/static/trader_bridge_app/vue/assets/bronze.gif"", ""trader_id"": ""093f2af1-de87-45a7-a6b1-a1bc10d10a57""}",1789084980.225357
c37a19d1-3da8-40e7-97e2-5548f7a2b914,aba8edfe-fe90-4b8d-a777-96c72d78592d,HUMAN,shown,badge_unlock,gold,Gold,2026-09-11T00:03:09.008Z,2026-09-11T00:03:09.106083+00:00,"{""client_ts"": ""2026-09-11T00:03:09.008Z"", ""element_id"": ""gold"", ""element_label"": ""Gold"", ""element_type"": ""badge_unlock"", ""event_name"": ""shown"", ""total_trades_threshold"": 35, ""trader_id"": ""aba8edfe-fe90-4b8d-a777-96c72d78592d""}",1789084989.114252
c37a19d1-3da8-40e7-97e2-5548f7a2b914,aba8edfe-fe90-4b8d-a777-96c72d78592d,HUMAN,shown,badge_modal,gold,Gold,2026-09-11T00:03:09.009Z,2026-09-11T00:03:09.124248+00:00,"{""client_ts"": ""2026-09-11T00:03:09.009Z"", ""element_id"": ""gold"", ""element_label"": ""Gold"", ""element_type"": ""badge_modal"", ""event_name"": ""shown"", ""message"": ""You are the money maker!"", ""total_trades"": 35, ""trader_id"": ""aba8edfe-fe90-4b8d-a777-96c72d78592d""}",1789084989.133694
c37a19d1-3da8-40e7-97e2-5548f7a2b914,aba8edfe-fe90-4b8d-a777-96c72d78592d,HUMAN,shown,badge_gif,gold,Gold,2026-09-11T00:03:09.009Z,2026-09-11T00:03:09.143964+00:00,"{""client_ts"": ""2026-09-11T00:03:09.009Z"", ""element_id"": ""gold"", ""element_label"": ""Gold"", ""element_type"": ""badge_gif"", ""event_name"": ""shown"", ""gif"": ""/static/trader_bridge_app/vue/assets/gold.gif"", ""trader_id"": ""aba8edfe-fe90-4b8d-a777-96c72d78592d""}",1789084989.15594
049c3a29-2e35-4c9e-b1ee-32442d8510e1,81a977dc-433d-4415-94c7-ebaad5de679b,HUMAN,shown,trend_alert,down-streak,down-streak,2026-09-11T00:03:17.912Z,2026-09-11T00:03:17.968010+00:00,"{""client_ts"": ""2026-09-11T00:03:17.912Z"", ""element_id"": ""down-streak"", ""element_label"": ""down-streak"", ""element_type"": ""trend_alert"", ""event_name"": ""shown"", ""message"": ""Price went down 3 times in the last 5 ticks!"", ""trader_id"": ""81a977dc-433d-4415-94c7-ebaad5de679b""}",1789084997.977316
049c3a29-2e35-4c9e-b1ee-32442d8510e1,73fe5556-d77f-4bf9-ba8e-833298d43f8a,HUMAN,shown,trend_alert,down-streak,down-streak,2026-09-11T00:03:17.918Z,2026-09-11T00:03:17.981161+00:00,"{""client_ts"": ""2026-09-11T00:03:17.918Z"", ""element_id"": ""down-streak"", ""element_label"": ""down-streak"", ""element_type"": ""trend_alert"", ""event_name"": ""shown"", ""message"": ""Price went down 3 times in the last 5 ticks!"", ""trader_id"": ""73fe5556-d77f-4bf9-ba8e-833298d43f8a""}",1789084997.988587
049c3a29-2e35-4c9e-b1ee-32442d8510e1,093f2af1-de87-45a7-a6b1-a1bc10d10a57,HUMAN,shown,trend_alert,down-streak,down-streak,2026-09-11T00:03:17.917Z,2026-09-11T00:03:17.993286+00:00,"{""client_ts"": ""2026-09-11T00:03:17.917Z"", ""element_id"": ""down-streak"", ""element_label"": ""down-streak"", ""element_type"": ""trend_alert"", ""event_name"": ""shown"", ""message"": ""Price went down 3 times in the last 5 ticks!"", ""trader_id"": ""093f2af1-de87-45a7-a6b1-a1bc10d10a57""}",1789084998.000565
049c3a29-2e35-4c9e-b1ee-32442d8510e1,ab2ca6f6-98d2-4898-80c5-d4833fb874be,HUMAN,shown,trend_alert,down-streak,down-streak,2026-09-11T00:03:17.905Z,2026-09-11T00:03:18.004532+00:00,"{""client_ts"": ""2026-09-11T00:03:17.905Z"", ""element_id"": ""down-streak"", ""element_label"": ""down-streak"", ""element_type"": ""trend_alert"", ""event_name"": ""shown"", ""message"": ""Price went down 3 times in the last 5 ticks!"", ""trader_id"": ""ab2ca6f6-98d2-4898-80c5-d4833fb874be""}",1789084998.012186
049c3a29-2e35-4c9e-b1ee-32442d8510e1,ab2ca6f6-98d2-4898-80c5-d4833fb874be,HUMAN,shown,trend_alert,up-streak,up-streak,2026-09-11T00:03:23.968Z,2026-09-11T00:03:24.144917+00:00,"{""client_ts"": ""2026-09-11T00:03:23.968Z"", ""element_id"": ""up-streak"", ""element_label"": ""up-streak"", ""element_type"": ""trend_alert"", ""event_name"": ""shown"", ""message"": ""Price went up 3 times in the last 5 ticks!"", ""trader_id"": ""ab2ca6f6-98d2-4898-80c5-d4833fb874be""}",1789085004.15249
049c3a29-2e35-4c9e-b1ee-32442d8510e1,81a977dc-433d-4415-94c7-ebaad5de679b,HUMAN,shown,trend_alert,up-streak,up-streak,2026-09-11T00:03:23.979Z,2026-09-11T00:03:24.159579+00:00,"{""client_ts"": ""2026-09-11T00:03:23.979Z"", ""element_id"": ""up-streak"", ""element_label"": ""up-streak"", ""element_type"": ""trend_alert"", ""event_name"": ""shown"", ""message"": ""Price went up 3 times in the last 5 ticks!"", ""trader_id"": ""81a977dc-433d-4415-94c7-ebaad5de679b""}",1789085004.1679
049c3a29-2e35-4c9e-b1ee-32442d8510e1,64998d2d-498a-4e64-99d7-6a9d7940577e,HUMAN,shown,trend_alert,up-streak,up-streak,2026-09-11T00:03:23.975Z,2026-09-11T00:03:24.171710+00:00,"{""client_ts"": ""2026-09-11T00:03:23.975Z"", ""element_id"": ""up-streak"", ""element_label"": ""up-streak"", ""element_type"": ""trend_alert"", ""event_name"": ""shown"", ""message"": ""Price went up 3 times in the last 5 ticks!"", ""trader_id"": ""64998d2d-498a-4e64-99d7-6a9d7940577e""}",1789085004.181323
049c3a29-2e35-4c9e-b1ee-32442d8510e1,73fe5556-d77f-4bf9-ba8e-833298d43f8a,HUMAN,shown,trend_alert,up-streak,up-streak,2026-09-11T00:03:23.984Z,2026-09-11T00:03:24.185024+00:00,"{""client_ts"": ""2026-09-11T00:03:23.984Z"", ""element_id"": ""up-streak"", ""element_label"": ""up-streak"", ""element_type"": ""trend_alert"", ""event_name"": ""shown"", ""message"": ""Price went up 3 times in the last 5 ticks!"", ""trader_id"": ""73fe5556-d77f-4bf9-ba8e-833298d43f8a""}",1789085004.19281
049c3a29-2e35-4c9e-b1ee-32442d8510e1,093f2af1-de87-45a7-a6b1-a1bc10d10a57,HUMAN,shown,trend_alert,up-streak,up-streak,2026-09-11T00:03:23.983Z,2026-09-11T00:03:24.200514+00:00,"{""client_ts"": ""2026-09-11T00:03:23.983Z"", ""element_id"": ""up-streak"", ""element_label"": ""up-streak"", ""element_type"": ""trend_alert"", ""event_name"": ""shown"", ""message"": ""Price went up 3 times in the last 5 ticks!"", ""trader_id"": ""093f2af1-de87-45a7-a6b1-a1bc10d10a57""}",1789085004.210757
049c3a29-2e35-4c9e-b1ee-32442d8510e1,093f2af1-de87-45a7-a6b1-a1bc10d10a57,HUMAN,shown,badge_unlock,silver,Silver,2026-09-11T00:03:37.218Z,2026-09-11T00:03:37.268913+00:00,"{""client_ts"": ""2026-09-11T00:03:37.218Z"", ""element_id"": ""silver"", ""element_label"": ""Silver"", ""element_type"": ""badge_unlock"", ""event_name"": ""shown"", ""total_trades_threshold"": 15, ""trader_id"": ""093f2af1-de87-45a7-a6b1-a1bc10d10a57""}",1789085017.28178
049c3a29-2e35-4c9e-b1ee-32442d8510e1,093f2af1-de87-45a7-a6b1-a1bc10d10a57,HUMAN,shown,badge_modal,silver,Silver,2026-09-11T00:03:37.218Z,2026-09-11T00:03:37.287088+00:00,"{""client_ts"": ""2026-09-11T00:03:37.218Z"", ""element_id"": ""silver"", ""element_label"": ""Silver"", ""element_type"": ""badge_modal"", ""event_name"": ""shown"", ""message"": ""You belong on the trading floor!"", ""total_trades"": 15, ""trader_id"": ""093f2af1-de87-45a7-a6b1-a1bc10d10a57""}",1789085017.29453
049c3a29-2e35-4c9e-b1ee-32442d8510e1,093f2af1-de87-45a7-a6b1-a1bc10d10a57,HUMAN,shown,badge_gif,silver,Silver,2026-09-11T00:03:37.218Z,2026-09-11T00:03:37.299112+00:00,"{""client_ts"": ""2026-09-11T00:03:37.218Z"", ""element_id"": ""silver"", ""element_label"": ""Silver"", ""element_type"": ""badge_gif"", ""event_name"": ""shown"", ""gif"": ""/static/trader_bridge_app/vue/assets/silver.gif"", ""trader_id"": ""093f2af1-de87-45a7-a6b1-a1bc10d10a57""}",1789085017.30969
049c3a29-2e35-4c9e-b1ee-32442d8510e1,81a977dc-433d-4415-94c7-ebaad5de679b,HUMAN,shown,badge_unlock,bronze,Bronze,2026-09-11T00:03:40.170Z,2026-09-11T00:03:40.317272+00:00,"{""client_ts"": ""2026-09-11T00:03:40.170Z"", ""element_id"": ""bronze"", ""element_label"": ""Bronze"", ""element_type"": ""badge_unlock"", ""event_name"": ""shown"", ""total_trades_threshold"": 10, ""trader_id"": ""81a977dc-433d-4415-94c7-ebaad5de679b""}",1789085020.324993
049c3a29-2e35-4c9e-b1ee-32442d8510e1,81a977dc-433d-4415-94c7-ebaad5de679b,HUMAN,shown,badge_modal,bronze,Bronze,2026-09-11T00:03:40.170Z,2026-09-11T00:03:40.464925+00:00,"{""client_ts"": ""2026-09-11T00:03:40.170Z"", ""element_id"": ""bronze"", ""element_label"": ""Bronze"", ""element_type"": ""badge_modal"", ""event_name"": ""shown"", ""message"": ""Level up! Doing well"", ""total_trades"": 10, ""trader_id"": ""81a977dc-433d-4415-94c7-ebaad5de679b""}",1789085020.47247
049c3a29-2e35-4c9e-b1ee-32442d8510e1,81a977dc-433d-4415-94c7-ebaad5de679b,HUMAN,shown,badge_gif,bronze,Bronze,2026-09-11T00:03:40.170Z,2026-09-11T00:03:40.522044+00:00,"{""client_ts"": ""2026-09-11T00:03:40.170Z"", ""element_id"": ""bronze"", ""element_label"": ""Bronze"", ""element_type"": ""badge_gif"", ""event_name"": ""shown"", ""gif"": ""/static/trader_bridge_app/vue/assets/bronze.gif"", ""trader_id"": ""81a977dc-433d-4415-94c7-ebaad5de679b""}",1789085020.53466
049c3a29-2e35-4c9e-b1ee-32442d8510e1,64998d2d-498a-4e64-99d7-6a9d7940577e,HUMAN,shown,badge_unlock,bronze,Bronze,2026-09-11T00:03:40.983Z,2026-09-11T00:03:41.060430+00:00,"{""client_ts"": ""2026-09-11T00:03:40.983Z"", ""element_id"": ""bronze"", ""element_label"": ""Bronze"", ""element_type"": ""badge_unlock"", ""event_name"": ""shown"", ""total_trades_threshold"": 10, ""trader_id"": ""64998d2d-498a-4e64-99d7-6a9d7940577e""}",1789085021.070226
049c3a29-2e35-4c9e-b1ee-32442d8510e1,64998d2d-498a-4e64-99d7-6a9d7940577e,HUMAN,shown,badge_modal,bronze,Bronze,2026-09-11T00:03:40.983Z,2026-09-11T00:03:41.076799+00:00,"{""client_ts"": ""2026-09-11T00:03:40.983Z"", ""element_id"": ""bronze"", ""element_label"": ""Bronze"", ""element_type"": ""badge_modal"", ""event_name"": ""shown"", ""message"": ""Level up! Doing well"", ""total_trades"": 10, ""trader_id"": ""64998d2d-498a-4e64-99d7-6a9d7940577e""}",1789085021.084907
049c3a29-2e35-4c9e-b1ee-32442d8510e1,64998d2d-498a-4e64-99d7-6a9d7940577e,HUMAN,shown,badge_gif,bronze,Bronze,2026-09-11T00:03:40.983Z,2026-09-11T00:03:41.092517+00:00,"{""client_ts"": ""2026-09-11T00:03:40.983Z"", ""element_id"": ""bronze"", ""element_label"": ""Bronze"", ""element_type"": ""badge_gif"", ""event_name"": ""shown"", ""gif"": ""/static/trader_bridge_app/vue/assets/bronze.gif"", ""trader_id"": ""64998d2d-498a-4e64-99d7-6a9d7940577e""}",1789085021.104217
049c3a29-2e35-4c9e-b1ee-32442d8510e1,64998d2d-498a-4e64-99d7-6a9d7940577e,HUMAN,shown,trend_alert,up-streak,up-streak,2026-09-11T00:03:41.084Z,2026-09-11T00:03:41.149573+00:00,"{""client_ts"": ""2026-09-11T00:03:41.084Z"", ""element_id"": ""up-streak"", ""element_label"": ""up-streak"", ""element_type"": ""trend_alert"", ""event_name"": ""shown"", ""message"": ""Price went up 3 times in the last 5 ticks!"", ""trader_id"": ""64998d2d-498a-4e64-99d7-6a9d7940577e""}",1789085021.193334
049c3a29-2e35-4c9e-b1ee-32442d8510e1,8743e64f-c9a4-4f8a-b5a3-89f9f130f2aa,HUMAN,shown,trend_alert,up-streak,up-streak,2026-09-11T00:03:41.083Z,2026-09-11T00:03:41.199800+00:00,"{""client_ts"": ""2026-09-11T00:03:41.083Z"", ""element_id"": ""up-streak"", ""element_label"": ""up-streak"", ""element_type"": ""trend_alert"", ""event_name"": ""shown"", ""message"": ""Price went up 3 times in the last 5 ticks!"", ""trader_id"": ""8743e64f-c9a4-4f8a-b5a3-89f9f130f2aa""}",1789085021.211539
049c3a29-2e35-4c9e-b1ee-32442d8510e1,81a977dc-433d-4415-94c7-ebaad5de679b,HUMAN,shown,trend_alert,up-streak,up-streak,2026-09-11T00:03:41.100Z,2026-09-11T00:03:41.215693+00:00,"{""client_ts"": ""2026-09-11T00:03:41.100Z"", ""element_id"": ""up-streak"", ""element_label"": ""up-streak"", ""element_type"": ""trend_alert"", ""event_name"": ""shown"", ""message"": ""Price went up 3 times in the last 5 ticks!"", ""trader_id"": ""81a977dc-433d-4415-94c7-ebaad5de679b""}",1789085021.225363
049c3a29-2e35-4c9e-b1ee-32442d8510e1,ab2ca6f6-98d2-4898-80c5-d4833fb874be,HUMAN,shown,trend_alert,up-streak,up-streak,2026-09-11T00:03:41.090Z,2026-09-11T00:03:41.230487+00:00,"{""client_ts"": ""2026-09-11T00:03:41.090Z"", ""element_id"": ""up-streak"", ""element_label"": ""up-streak"", ""element_type"": ""trend_alert"", ""event_name"": ""shown"", ""message"": ""Price went up 3 times in the last 5 ticks!"", ""trader_id"": ""ab2ca6f6-98d2-4898-80c5-d4833fb874be""}",1789085021.241781
049c3a29-2e35-4c9e-b1ee-32442d8510e1,73fe5556-d77f-4bf9-ba8e-833298d43f8a,HUMAN,shown,trend_alert,up-streak,up-streak,2026-09-11T00:03:41.106Z,2026-09-11T00:03:41.245838+00:00,"{""client_ts"": ""2026-09-11T00:03:41.106Z"", ""element_id"": ""up-streak"", ""element_label"": ""up-streak"", ""element_type"": ""trend_alert"", ""event_name"": ""shown"", ""message"": ""Price went up 3 times in the last 5 ticks!"", ""trader_id"": ""73fe5556-d77f-4bf9-ba8e-833298d43f8a""}",1789085021.253718
049c3a29-2e35-4c9e-b1ee-32442d8510e1,093f2af1-de87-45a7-a6b1-a1bc10d10a57,HUMAN,shown,trend_alert,up-streak,up-streak,2026-09-11T00:03:41.118Z,2026-09-11T00:03:41.259162+00:00,"{""client_ts"": ""2026-09-11T00:03:41.118Z"", ""element_id"": ""up-streak"", ""element_label"": ""up-streak"", ""element_type"": ""trend_alert"", ""event_name"": ""shown"", ""message"": ""Price went up 3 times in the last 5 ticks!"", ""trader_id"": ""093f2af1-de87-45a7-a6b1-a1bc10d10a57""}",1789085021.267574
24b999b2-fcb9-4304-a923-41f366998dad,003c3411-c4ec-4d3c-9ae3-78a3e3c7d8df,HUMAN,shown,badge_unlock,gold,Gold,2026-09-11T00:03:44.050Z,2026-09-11T00:03:44.229480+00:00,"{""client_ts"": ""2026-09-11T00:03:44.050Z"", ""element_id"": ""gold"", ""element_label"": ""Gold"", ""element_type"": ""badge_unlock"", ""event_name"": ""shown"", ""total_trades_threshold"": 35, ""trader_id"": ""003c3411-c4ec-4d3c-9ae3-78a3e3c7d8df""}",1789085024.237233
24b999b2-fcb9-4304-a923-41f366998dad,003c3411-c4ec-4d3c-9ae3-78a3e3c7d8df,HUMAN,shown,badge_modal,gold,Gold,2026-09-11T00:03:44.051Z,2026-09-11T00:03:44.242586+00:00,"{""client_ts"": ""2026-09-11T00:03:44.051Z"", ""element_id"": ""gold"", ""element_label"": ""Gold"", ""element_type"": ""badge_modal"", ""event_name"": ""shown"", ""message"": ""You are the money maker!"", ""total_trades"": 35, ""trader_id"": ""003c3411-c4ec-4d3c-9ae3-78a3e3c7d8df""}",1789085024.250155
24b999b2-fcb9-4304-a923-41f366998dad,003c3411-c4ec-4d3c-9ae3-78a3e3c7d8df,HUMAN,shown,badge_gif,gold,Gold,2026-09-11T00:03:44.051Z,2026-09-11T00:03:44.261578+00:00,"{""client_ts"": ""2026-09-11T00:03:44.051Z"", ""element_id"": ""gold"", ""element_label"": ""Gold"", ""element_type"": ""badge_gif"", ""event_name"": ""shown"", ""gif"": ""/static/trader_bridge_app/vue/assets/gold.gif"", ""trader_id"": ""003c3411-c4ec-4d3c-9ae3-78a3e3c7d8df""}",1789085024.269653
c37a19d1-3da8-40e7-97e2-5548f7a2b914,c11b900e-41c7-4c49-9287-047825bc1421,HUMAN,shown,trend_alert,down-streak,down-streak,2026-09-11T00:03:44.873Z,2026-09-11T00:03:44.956835+00:00,"{""client_ts"": ""2026-09-11T00:03:44.873Z"", ""element_id"": ""down-streak"", ""element_label"": ""down-streak"", ""element_type"": ""trend_alert"", ""event_name"": ""shown"", ""message"": ""Price went down 3 times in the last 5 ticks!"", ""trader_id"": ""c11b900e-41c7-4c49-9287-047825bc1421""}",1789085024.964752
c37a19d1-3da8-40e7-97e2-5548f7a2b914,901fa291-0d92-429b-bbbd-77bbf582f43d,HUMAN,shown,trend_alert,down-streak,down-streak,2026-09-11T00:03:44.843Z,2026-09-11T00:03:44.969129+00:00,"{""client_ts"": ""2026-09-11T00:03:44.843Z"", ""element_id"": ""down-streak"", ""element_label"": ""down-streak"", ""element_type"": ""trend_alert"", ""event_name"": ""shown"", ""message"": ""Price went down 3 times in the last 5 ticks!"", ""trader_id"": ""901fa291-0d92-429b-bbbd-77bbf582f43d""}",1789085024.976903
c37a19d1-3da8-40e7-97e2-5548f7a2b914,f92101ae-25b2-44a6-a0cc-63a443dd5248,HUMAN,shown,trend_alert,down-streak,down-streak,2026-09-11T00:03:44.900Z,2026-09-11T00:03:44.982107+00:00,"{""client_ts"": ""2026-09-11T00:03:44.900Z"", ""element_id"": ""down-streak"", ""element_label"": ""down-streak"", ""element_type"": ""trend_alert"", ""event_name"": ""shown"", ""message"": ""Price went down 3 times in the last 5 ticks!"", ""trader_id"": ""f92101ae-25b2-44a6-a0cc-63a443dd5248""}",1789085024.990249
c37a19d1-3da8-40e7-97e2-5548f7a2b914,aba8edfe-fe90-4b8d-a777-96c72d78592d,HUMAN,shown,trend_alert,down-streak,down-streak,2026-09-11T00:03:44.899Z,2026-09-11T00:03:44.993947+00:00,"{""client_ts"": ""2026-09-11T00:03:44.899Z"", ""element_id"": ""down-streak"", ""element_label"": ""down-streak"", ""element_type"": ""trend_alert"", ""event_name"": ""shown"", ""message"": ""Price went down 3 times in the last 5 ticks!"", ""trader_id"": ""aba8edfe-fe90-4b8d-a777-96c72d78592d""}",1789085025.001457
c37a19d1-3da8-40e7-97e2-5548f7a2b914,cb921b26-f05d-4d63-b193-514916440927,HUMAN,shown,trend_alert,down-streak,down-streak,2026-09-11T00:03:44.897Z,2026-09-11T00:03:45.005334+00:00,"{""client_ts"": ""2026-09-11T00:03:44.897Z"", ""element_id"": ""down-streak"", ""element_label"": ""down-streak"", ""element_type"": ""trend_alert"", ""event_name"": ""shown"", ""message"": ""Price went down 3 times in the last 5 ticks!"", ""trader_id"": ""cb921b26-f05d-4d63-b193-514916440927""}",1789085025.013341
c37a19d1-3da8-40e7-97e2-5548f7a2b914,74c01899-253f-4aa9-8a9d-3032636eac68,HUMAN,shown,trend_alert,down-streak,down-streak,2026-09-11T00:03:44.898Z,2026-09-11T00:03:45.021347+00:00,"{""client_ts"": ""2026-09-11T00:03:44.898Z"", ""element_id"": ""down-streak"", ""element_label"": ""down-streak"", ""element_type"": ""trend_alert"", ""event_name"": ""shown"", ""message"": ""Price went down 3 times in the last 5 ticks!"", ""trader_id"": ""74c01899-253f-4aa9-8a9d-3032636eac68""}",1789085025.03006
24b999b2-fcb9-4304-a923-41f366998dad,a2c8775b-1ae1-4fde-ac28-c87afc49dad3,HUMAN,shown,trend_alert,up-streak,up-streak,2026-09-11T00:03:47.351Z,2026-09-11T00:03:47.461164+00:00,"{""client_ts"": ""2026-09-11T00:03:47.351Z"", ""element_id"": ""up-streak"", ""element_label"": ""up-streak"", ""element_type"": ""trend_alert"", ""event_name"": ""shown"", ""message"": ""Price went up 3 times in the last 5 ticks!"", ""trader_id"": ""a2c8775b-1ae1-4fde-ac28-c87afc49dad3""}",1789085027.48182
24b999b2-fcb9-4304-a923-41f366998dad,003c3411-c4ec-4d3c-9ae3-78a3e3c7d8df,HUMAN,shown,trend_alert,up-streak,up-streak,2026-09-11T00:03:47.333Z,2026-09-11T00:03:47.487045+00:00,"{""client_ts"": ""2026-09-11T00:03:47.333Z"", ""element_id"": ""up-streak"", ""element_label"": ""up-streak"", ""element_type"": ""trend_alert"", ""event_name"": ""shown"", ""message"": ""Price went up 3 times in the last 5 ticks!"", ""trader_id"": ""003c3411-c4ec-4d3c-9ae3-78a3e3c7d8df""}",1789085027.498047
24b999b2-fcb9-4304-a923-41f366998dad,938302d7-eb4b-4b56-b728-955547edbafb,HUMAN,shown,trend_alert,up-streak,up-streak,2026-09-11T00:03:47.352Z,2026-09-11T00:03:47.502161+00:00,"{""client_ts"": ""2026-09-11T00:03:47.352Z"", ""element_id"": ""up-streak"", ""element_label"": ""up-streak"", ""element_type"": ""trend_alert"", ""event_name"": ""shown"", ""message"": ""Price went up 3 times in the last 5 ticks!"", ""trader_id"": ""938302d7-eb4b-4b56-b728-955547edbafb""}",1789085027.509708
24b999b2-fcb9-4304-a923-41f366998dad,2d5f7443-b06c-44da-896b-87f49555ca30,HUMAN,shown,trend_alert,up-streak,up-streak,2026-09-11T00:03:47.349Z,2026-09-11T00:03:47.515802+00:00,"{""client_ts"": ""2026-09-11T00:03:47.349Z"", ""element_id"": ""up-streak"", ""element_label"": ""up-streak"", ""element_type"": ""trend_alert"", ""event_name"": ""shown"", ""message"": ""Price went up 3 times in the last 5 ticks!"", ""trader_id"": ""2d5f7443-b06c-44da-896b-87f49555ca30""}",1789085027.523165
24b999b2-fcb9-4304-a923-41f366998dad,780691e0-23fa-4614-8bba-e9be7f74977d,HUMAN,shown,trend_alert,up-streak,up-streak,2026-09-11T00:03:47.349Z,2026-09-11T00:03:47.528123+00:00,"{""client_ts"": ""2026-09-11T00:03:47.349Z"", ""element_id"": ""up-streak"", ""element_label"": ""up-streak"", ""element_type"": ""trend_alert"", ""event_name"": ""shown"", ""message"": ""Price went up 3 times in the last 5 ticks!"", ""trader_id"": ""780691e0-23fa-4614-8bba-e9be7f74977d""}",1789085027.535583
24b999b2-fcb9-4304-a923-41f366998dad,c244c4f3-087f-4071-a2a0-0d929c6c70b5,HUMAN,shown,trend_alert,up-streak,up-streak,2026-09-11T00:03:47.332Z,2026-09-11T00:03:47.539559+00:00,"{""client_ts"": ""2026-09-11T00:03:47.332Z"", ""element_id"": ""up-streak"", ""element_label"": ""up-streak"", ""element_type"": ""trend_alert"", ""event_name"": ""shown"", ""message"": ""Price went up 3 times in the last 5 ticks!"", ""trader_id"": ""c244c4f3-087f-4071-a2a0-0d929c6c70b5""}",1789085027.547025
049c3a29-2e35-4c9e-b1ee-32442d8510e1,81a977dc-433d-4415-94c7-ebaad5de679b,HUMAN,shown,trend_alert,down-streak,down-streak,2026-09-11T00:03:48.059Z,2026-09-11T00:03:48.283078+00:00,"{""client_ts"": ""2026-09-11T00:03:48.059Z"", ""element_id"": ""down-streak"", ""element_label"": ""down-streak"", ""element_type"": ""trend_alert"", ""event_name"": ""shown"", ""message"": ""Price went down 3 times in the last 5 ticks!"", ""trader_id"": ""81a977dc-433d-4415-94c7-ebaad5de679b""}",1789085028.2908
049c3a29-2e35-4c9e-b1ee-32442d8510e1,093f2af1-de87-45a7-a6b1-a1bc10d10a57,HUMAN,shown,trend_alert,down-streak,down-streak,2026-09-11T00:03:48.061Z,2026-09-11T00:03:48.294766+00:00,"{""client_ts"": ""2026-09-11T00:03:48.061Z"", ""element_id"": ""down-streak"", ""element_label"": ""down-streak"", ""element_type"": ""trend_alert"", ""event_name"": ""shown"", ""message"": ""Price went down 3 times in the last 5 ticks!"", ""trader_id"": ""093f2af1-de87-45a7-a6b1-a1bc10d10a57""}",1789085028.302847
049c3a29-2e35-4c9e-b1ee-32442d8510e1,64998d2d-498a-4e64-99d7-6a9d7940577e,HUMAN,shown,trend_alert,down-streak,down-streak,2026-09-11T00:03:48.057Z,2026-09-11T00:03:48.306745+00:00,"{""client_ts"": ""2026-09-11T00:03:48.057Z"", ""element_id"": ""down-streak"", ""element_label"": ""down-streak"", ""element_type"": ""trend_alert"", ""event_name"": ""shown"", ""message"": ""Price went down 3 times in the last 5 ticks!"", ""trader_id"": ""64998d2d-498a-4e64-99d7-6a9d7940577e""}",1789085028.314488
049c3a29-2e35-4c9e-b1ee-32442d8510e1,ab2ca6f6-98d2-4898-80c5-d4833fb874be,HUMAN,shown,trend_alert,down-streak,down-streak,2026-09-11T00:03:48.050Z,2026-09-11T00:03:48.320544+00:00,"{""client_ts"": ""2026-09-11T00:03:48.050Z"", ""element_id"": ""down-streak"", ""element_label"": ""down-streak"", ""element_type"": ""trend_alert"", ""event_name"": ""shown"", ""message"": ""Price went down 3 times in the last 5 ticks!"", ""trader_id"": ""ab2ca6f6-98d2-4898-80c5-d4833fb874be""}",1789085028.330056
049c3a29-2e35-4c9e-b1ee-32442d8510e1,73fe5556-d77f-4bf9-ba8e-833298d43f8a,HUMAN,shown,trend_alert,down-streak,down-streak,2026-09-11T00:03:48.065Z,2026-09-11T00:03:48.333849+00:00,"{""client_ts"": ""2026-09-11T00:03:48.065Z"", ""element_id"": ""down-streak"", ""element_label"": ""down-streak"", ""element_type"": ""trend_alert"", ""event_name"": ""shown"", ""message"": ""Price went down 3 times in the last 5 ticks!"", ""trader_id"": ""73fe5556-d77f-4bf9-ba8e-833298d43f8a""}",1789085028.341996
049c3a29-2e35-4c9e-b1ee-32442d8510e1,8743e64f-c9a4-4f8a-b5a3-89f9f130f2aa,HUMAN,shown,trend_alert,down-streak,down-streak,2026-09-11T00:03:48.050Z,2026-09-11T00:03:48.345738+00:00,"{""client_ts"": ""2026-09-11T00:03:48.050Z"", ""element_id"": ""down-streak"", ""element_label"": ""down-streak"", ""element_type"": ""trend_alert"", ""event_name"": ""shown"", ""message"": ""Price went down 3 times in the last 5 ticks!"", ""trader_id"": ""8743e64f-c9a4-4f8a-b5a3-89f9f130f2aa""}",1789085028.357188
24b999b2-fcb9-4304-a923-41f366998dad,938302d7-eb4b-4b56-b728-955547edbafb,HUMAN,shown,badge_unlock,gold,Gold,2026-09-11T00:03:48.141Z,2026-09-11T00:03:48.424409+00:00,"{""client_ts"": ""2026-09-11T00:03:48.141Z"", ""element_id"": ""gold"", ""element_label"": ""Gold"", ""element_type"": ""badge_unlock"", ""event_name"": ""shown"", ""total_trades_threshold"": 35, ""trader_id"": ""938302d7-eb4b-4b56-b728-955547edbafb""}",1789085028.435105
24b999b2-fcb9-4304-a923-41f366998dad,938302d7-eb4b-4b56-b728-955547edbafb,HUMAN,shown,badge_modal,gold,Gold,2026-09-11T00:03:48.141Z,2026-09-11T00:03:48.498643+00:00,"{""client_ts"": ""2026-09-11T00:03:48.141Z"", ""element_id"": ""gold"", ""element_label"": ""Gold"", ""element_type"": ""badge_modal"", ""event_name"": ""shown"", ""message"": ""You are the money maker!"", ""total_trades"": 35, ""trader_id"": ""938302d7-eb4b-4b56-b728-955547edbafb""}",1789085028.511853
24b999b2-fcb9-4304-a923-41f366998dad,938302d7-eb4b-4b56-b728-955547edbafb,HUMAN,shown,badge_gif,gold,Gold,2026-09-11T00:03:48.142Z,2026-09-11T00:03:48.631903+00:00,"{""client_ts"": ""2026-09-11T00:03:48.142Z"", ""element_id"": ""gold"", ""element_label"": ""Gold"", ""element_type"": ""badge_gif"", ""event_name"": ""shown"", ""gif"": ""/static/trader_bridge_app/vue/assets/gold.gif"", ""trader_id"": ""938302d7-eb4b-4b56-b728-955547edbafb""}",1789085028.639591
24b999b2-fcb9-4304-a923-41f366998dad,a2c8775b-1ae1-4fde-ac28-c87afc49dad3,HUMAN,shown,badge_unlock,gold,Gold,2026-09-11T00:03:50.545Z,2026-09-11T00:03:50.597351+00:00,"{""client_ts"": ""2026-09-11T00:03:50.545Z"", ""element_id"": ""gold"", ""element_label"": ""Gold"", ""element_type"": ""badge_unlock"", ""event_name"": ""shown"", ""total_trades_threshold"": 35, ""trader_id"": ""a2c8775b-1ae1-4fde-ac28-c87afc49dad3""}",1789085030.606793
24b999b2-fcb9-4304-a923-41f366998dad,a2c8775b-1ae1-4fde-ac28-c87afc49dad3,HUMAN,shown,badge_modal,gold,Gold,2026-09-11T00:03:50.545Z,2026-09-11T00:03:50.628043+00:00,"{""client_ts"": ""2026-09-11T00:03:50.545Z"", ""element_id"": ""gold"", ""element_label"": ""Gold"", ""element_type"": ""badge_modal"", ""event_name"": ""shown"", ""message"": ""You are the money maker!"", ""total_trades"": 35, ""trader_id"": ""a2c8775b-1ae1-4fde-ac28-c87afc49dad3""}",1789085030.636197
24b999b2-fcb9-4304-a923-41f366998dad,a2c8775b-1ae1-4fde-ac28-c87afc49dad3,HUMAN,shown,badge_gif,gold,Gold,2026-09-11T00:03:50.545Z,2026-09-11T00:03:50.640986+00:00,"{""client_ts"": ""2026-09-11T00:03:50.545Z"", ""element_id"": ""gold"", ""element_label"": ""Gold"", ""element_type"": ""badge_gif"", ""event_name"": ""shown"", ""gif"": ""/static/trader_bridge_app/vue/assets/gold.gif"", ""trader_id"": ""a2c8775b-1ae1-4fde-ac28-c87afc49dad3""}",1789085030.648524
24b999b2-fcb9-4304-a923-41f366998dad,780691e0-23fa-4614-8bba-e9be7f74977d,HUMAN,shown,badge_unlock,gold,Gold,2026-09-11T00:03:58.921Z,2026-09-11T00:03:59.041727+00:00,"{""client_ts"": ""2026-09-11T00:03:58.921Z"", ""element_id"": ""gold"", ""element_label"": ""Gold"", ""element_type"": ""badge_unlock"", ""event_name"": ""shown"", ""total_trades_threshold"": 35, ""trader_id"": ""780691e0-23fa-4614-8bba-e9be7f74977d""}",1789085039.049863
24b999b2-fcb9-4304-a923-41f366998dad,780691e0-23fa-4614-8bba-e9be7f74977d,HUMAN,shown,badge_modal,gold,Gold,2026-09-11T00:03:58.921Z,2026-09-11T00:03:59.055377+00:00,"{""client_ts"": ""2026-09-11T00:03:58.921Z"", ""element_id"": ""gold"", ""element_label"": ""Gold"", ""element_type"": ""badge_modal"", ""event_name"": ""shown"", ""message"": ""You are the money maker!"", ""total_trades"": 35, ""trader_id"": ""780691e0-23fa-4614-8bba-e9be7f74977d""}",1789085039.064054
24b999b2-fcb9-4304-a923-41f366998dad,780691e0-23fa-4614-8bba-e9be7f74977d,HUMAN,shown,badge_gif,gold,Gold,2026-09-11T00:03:58.921Z,2026-09-11T00:03:59.070197+00:00,"{""client_ts"": ""2026-09-11T00:03:58.921Z"", ""element_id"": ""gold"", ""element_label"": ""Gold"", ""element_type"": ""badge_gif"", ""event_name"": ""shown"", ""gif"": ""/static/trader_bridge_app/vue/assets/gold.gif"", ""trader_id"": ""780691e0-23fa-4614-8bba-e9be7f74977d""}",1789085039.079353
049c3a29-2e35-4c9e-b1ee-32442d8510e1,64998d2d-498a-4e64-99d7-6a9d7940577e,HUMAN,shown,trend_alert,up-streak,up-streak,2026-09-11T00:03:59.503Z,2026-09-11T00:03:59.607472+00:00,"{""client_ts"": ""2026-09-11T00:03:59.503Z"", ""element_id"": ""up-streak"", ""element_label"": ""up-streak"", ""element_type"": ""trend_alert"", ""event_name"": ""shown"", ""message"": ""Price went up 3 times in the last 5 ticks!"", ""trader_id"": ""64998d2d-498a-4e64-99d7-6a9d7940577e""}",1789085039.615549
049c3a29-2e35-4c9e-b1ee-32442d8510e1,8743e64f-c9a4-4f8a-b5a3-89f9f130f2aa,HUMAN,shown,trend_alert,up-streak,up-streak,2026-09-11T00:03:59.494Z,2026-09-11T00:03:59.619244+00:00,"{""client_ts"": ""2026-09-11T00:03:59.494Z"", ""element_id"": ""up-streak"", ""element_label"": ""up-streak"", ""element_type"": ""trend_alert"", ""event_name"": ""shown"", ""message"": ""Price went up 3 times in the last 5 ticks!"", ""trader_id"": ""8743e64f-c9a4-4f8a-b5a3-89f9f130f2aa""}",1789085039.626214
049c3a29-2e35-4c9e-b1ee-32442d8510e1,81a977dc-433d-4415-94c7-ebaad5de679b,HUMAN,shown,trend_alert,up-streak,up-streak,2026-09-11T00:03:59.506Z,2026-09-11T00:03:59.631808+00:00,"{""client_ts"": ""2026-09-11T00:03:59.506Z"", ""element_id"": ""up-streak"", ""element_label"": ""up-streak"", ""element_type"": ""trend_alert"", ""event_name"": ""shown"", ""message"": ""Price went up 3 times in the last 5 ticks!"", ""trader_id"": ""81a977dc-433d-4415-94c7-ebaad5de679b""}",1789085039.639085
049c3a29-2e35-4c9e-b1ee-32442d8510e1,093f2af1-de87-45a7-a6b1-a1bc10d10a57,HUMAN,shown,trend_alert,up-streak,up-streak,2026-09-11T00:03:59.508Z,2026-09-11T00:03:59.643209+00:00,"{""client_ts"": ""2026-09-11T00:03:59.508Z"", ""element_id"": ""up-streak"", ""element_label"": ""up-streak"", ""element_type"": ""trend_alert"", ""event_name"": ""shown"", ""message"": ""Price went up 3 times in the last 5 ticks!"", ""trader_id"": ""093f2af1-de87-45a7-a6b1-a1bc10d10a57""}",1789085039.650091
049c3a29-2e35-4c9e-b1ee-32442d8510e1,73fe5556-d77f-4bf9-ba8e-833298d43f8a,HUMAN,shown,trend_alert,up-streak,up-streak,2026-09-11T00:03:59.511Z,2026-09-11T00:03:59.653599+00:00,"{""client_ts"": ""2026-09-11T00:03:59.511Z"", ""element_id"": ""up-streak"", ""element_label"": ""up-streak"", ""element_type"": ""trend_alert"", ""event_name"": ""shown"", ""message"": ""Price went up 3 times in the last 5 ticks!"", ""trader_id"": ""73fe5556-d77f-4bf9-ba8e-833298d43f8a""}",1789085039.663206
049c3a29-2e35-4c9e-b1ee-32442d8510e1,ab2ca6f6-98d2-4898-80c5-d4833fb874be,HUMAN,shown,trend_alert,up-streak,up-streak,2026-09-11T00:03:59.501Z,2026-09-11T00:03:59.667076+00:00,"{""client_ts"": ""2026-09-11T00:03:59.501Z"", ""element_id"": ""up-streak"", ""element_label"": ""up-streak"", ""element_type"": ""trend_alert"", ""event_name"": ""shown"", ""message"": ""Price went up 3 times in the last 5 ticks!"", ""trader_id"": ""ab2ca6f6-98d2-4898-80c5-d4833fb874be""}",1789085039.676111
049c3a29-2e35-4c9e-b1ee-32442d8510e1,81a977dc-433d-4415-94c7-ebaad5de679b,HUMAN,shown,badge_unlock,silver,Silver,2026-09-11T00:04:02.469Z,2026-09-11T00:04:02.596331+00:00,"{""client_ts"": ""2026-09-11T00:04:02.469Z"", ""element_id"": ""silver"", ""element_label"": ""Silver"", ""element_type"": ""badge_unlock"", ""event_name"": ""shown"", ""total_trades_threshold"": 15, ""trader_id"": ""81a977dc-433d-4415-94c7-ebaad5de679b""}",1789085042.605007
049c3a29-2e35-4c9e-b1ee-32442d8510e1,81a977dc-433d-4415-94c7-ebaad5de679b,HUMAN,shown,badge_modal,silver,Silver,2026-09-11T00:04:02.469Z,2026-09-11T00:04:02.615888+00:00,"{""client_ts"": ""2026-09-11T00:04:02.469Z"", ""element_id"": ""silver"", ""element_label"": ""Silver"", ""element_type"": ""badge_modal"", ""event_name"": ""shown"", ""message"": ""You belong on the trading floor!"", ""total_trades"": 15, ""trader_id"": ""81a977dc-433d-4415-94c7-ebaad5de679b""}",1789085042.626284
049c3a29-2e35-4c9e-b1ee-32442d8510e1,81a977dc-433d-4415-94c7-ebaad5de679b,HUMAN,shown,badge_gif,silver,Silver,2026-09-11T00:04:02.469Z,2026-09-11T00:04:02.636839+00:00,"{""client_ts"": ""2026-09-11T00:04:02.469Z"", ""element_id"": ""silver"", ""element_label"": ""Silver"", ""element_type"": ""badge_gif"", ""event_name"": ""shown"", ""gif"": ""/static/trader_bridge_app/vue/assets/silver.gif"", ""trader_id"": ""81a977dc-433d-4415-94c7-ebaad5de679b""}",1789085042.645112
c37a19d1-3da8-40e7-97e2-5548f7a2b914,cb921b26-f05d-4d63-b193-514916440927,HUMAN,shown,badge_unlock,silver,Silver,2026-09-11T00:04:05.567Z,2026-09-11T00:04:05.627196+00:00,"{""client_ts"": ""2026-09-11T00:04:05.567Z"", ""element_id"": ""silver"", ""element_label"": ""Silver"", ""element_type"": ""badge_unlock"", ""event_name"": ""shown"", ""total_trades_threshold"": 15, ""trader_id"": ""cb921b26-f05d-4d63-b193-514916440927""}",1789085045.644814
c37a19d1-3da8-40e7-97e2-5548f7a2b914,cb921b26-f05d-4d63-b193-514916440927,HUMAN,shown,badge_modal,silver,Silver,2026-09-11T00:04:05.567Z,2026-09-11T00:04:05.655016+00:00,"{""client_ts"": ""2026-09-11T00:04:05.567Z"", ""element_id"": ""silver"", ""element_label"": ""Silver"", ""element_type"": ""badge_modal"", ""event_name"": ""shown"", ""message"": ""You belong on the trading floor!"", ""total_trades"": 15, ""trader_id"": ""cb921b26-f05d-4d63-b193-514916440927""}",1789085045.669588
c37a19d1-3da8-40e7-97e2-5548f7a2b914,cb921b26-f05d-4d63-b193-514916440927,HUMAN,shown,badge_gif,silver,Silver,2026-09-11T00:04:05.567Z,2026-09-11T00:04:05.679752+00:00,"{""client_ts"": ""2026-09-11T00:04:05.567Z"", ""element_id"": ""silver"", ""element_label"": ""Silver"", ""element_type"": ""badge_gif"", ""event_name"": ""shown"", ""gif"": ""/static/trader_bridge_app/vue/assets/silver.gif"", ""trader_id"": ""cb921b26-f05d-4d63-b193-514916440927""}",1789085045.695444
049c3a29-2e35-4c9e-b1ee-32442d8510e1,64998d2d-498a-4e64-99d7-6a9d7940577e,HUMAN,shown,badge_unlock,silver,Silver,2026-09-11T00:04:17.251Z,2026-09-11T00:04:17.308484+00:00,"{""client_ts"": ""2026-09-11T00:04:17.251Z"", ""element_id"": ""silver"", ""element_label"": ""Silver"", ""element_type"": ""badge_unlock"", ""event_name"": ""shown"", ""total_trades_threshold"": 15, ""trader_id"": ""64998d2d-498a-4e64-99d7-6a9d7940577e""}",1789085057.317587
049c3a29-2e35-4c9e-b1ee-32442d8510e1,64998d2d-498a-4e64-99d7-6a9d7940577e,HUMAN,shown,badge_modal,silver,Silver,2026-09-11T00:04:17.251Z,2026-09-11T00:04:17.326316+00:00,"{""client_ts"": ""2026-09-11T00:04:17.251Z"", ""element_id"": ""silver"", ""element_label"": ""Silver"", ""element_type"": ""badge_modal"", ""event_name"": ""shown"", ""message"": ""You belong on the trading floor!"", ""total_trades"": 15, ""trader_id"": ""64998d2d-498a-4e64-99d7-6a9d7940577e""}",1789085057.337117
049c3a29-2e35-4c9e-b1ee-32442d8510e1,64998d2d-498a-4e64-99d7-6a9d7940577e,HUMAN,shown,badge_gif,silver,Silver,2026-09-11T00:04:17.251Z,2026-09-11T00:04:17.342764+00:00,"{""client_ts"": ""2026-09-11T00:04:17.251Z"", ""element_id"": ""silver"", ""element_label"": ""Silver"", ""element_type"": ""badge_gif"", ""event_name"": ""shown"", ""gif"": ""/static/trader_bridge_app/vue/assets/silver.gif"", ""trader_id"": ""64998d2d-498a-4e64-99d7-6a9d7940577e""}",1789085057.353838
c37a19d1-3da8-40e7-97e2-5548f7a2b914,aba8edfe-fe90-4b8d-a777-96c72d78592d,HUMAN,shown,trend_alert,up-streak,up-streak,2026-09-11T00:04:37.688Z,2026-09-11T00:04:37.749958+00:00,"{""client_ts"": ""2026-09-11T00:04:37.688Z"", ""element_id"": ""up-streak"", ""element_label"": ""up-streak"", ""element_type"": ""trend_alert"", ""event_name"": ""shown"", ""message"": ""Price went up 3 times in the last 5 ticks!"", ""trader_id"": ""aba8edfe-fe90-4b8d-a777-96c72d78592d""}",1789085077.75907
c37a19d1-3da8-40e7-97e2-5548f7a2b914,901fa291-0d92-429b-bbbd-77bbf582f43d,HUMAN,shown,trend_alert,up-streak,up-streak,2026-09-11T00:04:37.635Z,2026-09-11T00:04:37.765804+00:00,"{""client_ts"": ""2026-09-11T00:04:37.635Z"", ""element_id"": ""up-streak"", ""element_label"": ""up-streak"", ""element_type"": ""trend_alert"", ""event_name"": ""shown"", ""message"": ""Price went up 3 times in the last 5 ticks!"", ""trader_id"": ""901fa291-0d92-429b-bbbd-77bbf582f43d""}",1789085077.773639
c37a19d1-3da8-40e7-97e2-5548f7a2b914,cb921b26-f05d-4d63-b193-514916440927,HUMAN,shown,trend_alert,up-streak,up-streak,2026-09-11T00:04:37.690Z,2026-09-11T00:04:37.777940+00:00,"{""client_ts"": ""2026-09-11T00:04:37.690Z"", ""element_id"": ""up-streak"", ""element_label"": ""up-streak"", ""element_type"": ""trend_alert"", ""event_name"": ""shown"", ""message"": ""Price went up 3 times in the last 5 ticks!"", ""trader_id"": ""cb921b26-f05d-4d63-b193-514916440927""}",1789085077.787419
c37a19d1-3da8-40e7-97e2-5548f7a2b914,f92101ae-25b2-44a6-a0cc-63a443dd5248,HUMAN,shown,trend_alert,up-streak,up-streak,2026-09-11T00:04:37.699Z,2026-09-11T00:04:37.790804+00:00,"{""client_ts"": ""2026-09-11T00:04:37.699Z"", ""element_id"": ""up-streak"", ""element_label"": ""up-streak"", ""element_type"": ""trend_alert"", ""event_name"": ""shown"", ""message"": ""Price went up 3 times in the last 5 ticks!"", ""trader_id"": ""f92101ae-25b2-44a6-a0cc-63a443dd5248""}",1789085077.798756
c37a19d1-3da8-40e7-97e2-5548f7a2b914,74c01899-253f-4aa9-8a9d-3032636eac68,HUMAN,shown,trend_alert,up-streak,up-streak,2026-09-11T00:04:37.687Z,2026-09-11T00:04:37.806560+00:00,"{""client_ts"": ""2026-09-11T00:04:37.687Z"", ""element_id"": ""up-streak"", ""element_label"": ""up-streak"", ""element_type"": ""trend_alert"", ""event_name"": ""shown"", ""message"": ""Price went up 3 times in the last 5 ticks!"", ""trader_id"": ""74c01899-253f-4aa9-8a9d-3032636eac68""}",1789085077.816466
c37a19d1-3da8-40e7-97e2-5548f7a2b914,c11b900e-41c7-4c49-9287-047825bc1421,HUMAN,shown,trend_alert,up-streak,up-streak,2026-09-11T00:04:37.669Z,2026-09-11T00:04:37.822339+00:00,"{""client_ts"": ""2026-09-11T00:04:37.669Z"", ""element_id"": ""up-streak"", ""element_label"": ""up-streak"", ""element_type"": ""trend_alert"", ""event_name"": ""shown"", ""message"": ""Price went up 3 times in the last 5 ticks!"", ""trader_id"": ""c11b900e-41c7-4c49-9287-047825bc1421""}",1789085077.829867
049c3a29-2e35-4c9e-b1ee-32442d8510e1,8743e64f-c9a4-4f8a-b5a3-89f9f130f2aa,HUMAN,shown,trend_alert,up-streak,up-streak,2026-09-11T00:04:47.307Z,2026-09-11T00:04:47.374132+00:00,"{""client_ts"": ""2026-09-11T00:04:47.307Z"", ""element_id"": ""up-streak"", ""element_label"": ""up-streak"", ""element_type"": ""trend_alert"", ""event_name"": ""shown"", ""message"": ""Price went up 3 times in the last 5 ticks!"", ""trader_id"": ""8743e64f-c9a4-4f8a-b5a3-89f9f130f2aa""}",1789085087.383694
049c3a29-2e35-4c9e-b1ee-32442d8510e1,64998d2d-498a-4e64-99d7-6a9d7940577e,HUMAN,shown,trend_alert,up-streak,up-streak,2026-09-11T00:04:47.318Z,2026-09-11T00:04:47.387651+00:00,"{""client_ts"": ""2026-09-11T00:04:47.318Z"", ""element_id"": ""up-streak"", ""element_label"": ""up-streak"", ""element_type"": ""trend_alert"", ""event_name"": ""shown"", ""message"": ""Price went up 3 times in the last 5 ticks!"", ""trader_id"": ""64998d2d-498a-4e64-99d7-6a9d7940577e""}",1789085087.395503
049c3a29-2e35-4c9e-b1ee-32442d8510e1,ab2ca6f6-98d2-4898-80c5-d4833fb874be,HUMAN,shown,trend_alert,up-streak,up-streak,2026-09-11T00:04:47.311Z,2026-09-11T00:04:47.399929+00:00,"{""client_ts"": ""2026-09-11T00:04:47.311Z"", ""element_id"": ""up-streak"", ""element_label"": ""up-streak"", ""element_type"": ""trend_alert"", ""event_name"": ""shown"", ""message"": ""Price went up 3 times in the last 5 ticks!"", ""trader_id"": ""ab2ca6f6-98d2-4898-80c5-d4833fb874be""}",1789085087.40799
049c3a29-2e35-4c9e-b1ee-32442d8510e1,093f2af1-de87-45a7-a6b1-a1bc10d10a57,HUMAN,shown,trend_alert,up-streak,up-streak,2026-09-11T00:04:47.319Z,2026-09-11T00:04:47.415851+00:00,"{""client_ts"": ""2026-09-11T00:04:47.319Z"", ""element_id"": ""up-streak"", ""element_label"": ""up-streak"", ""element_type"": ""trend_alert"", ""event_name"": ""shown"", ""message"": ""Price went up 3 times in the last 5 ticks!"", ""trader_id"": ""093f2af1-de87-45a7-a6b1-a1bc10d10a57""}",1789085087.424014
049c3a29-2e35-4c9e-b1ee-32442d8510e1,8743e64f-c9a4-4f8a-b5a3-89f9f130f2aa,HUMAN,shown,badge_unlock,bronze,Bronze,2026-09-11T00:04:48.217Z,2026-09-11T00:04:48.520752+00:00,"{""client_ts"": ""2026-09-11T00:04:48.217Z"", ""element_id"": ""bronze"", ""element_label"": ""Bronze"", ""element_type"": ""badge_unlock"", ""event_name"": ""shown"", ""total_trades_threshold"": 10, ""trader_id"": ""8743e64f-c9a4-4f8a-b5a3-89f9f130f2aa""}",1789085088.529206
049c3a29-2e35-4c9e-b1ee-32442d8510e1,8743e64f-c9a4-4f8a-b5a3-89f9f130f2aa,HUMAN,shown,badge_modal,bronze,Bronze,2026-09-11T00:04:48.217Z,2026-09-11T00:04:48.640495+00:00,"{""client_ts"": ""2026-09-11T00:04:48.217Z"", ""element_id"": ""bronze"", ""element_label"": ""Bronze"", ""element_type"": ""badge_modal"", ""event_name"": ""shown"", ""message"": ""Level up! Doing well"", ""total_trades"": 10, ""trader_id"": ""8743e64f-c9a4-4f8a-b5a3-89f9f130f2aa""}",1789085088.649376
049c3a29-2e35-4c9e-b1ee-32442d8510e1,093f2af1-de87-45a7-a6b1-a1bc10d10a57,HUMAN,shown,badge_unlock,gold,Gold,2026-09-11T00:04:48.368Z,2026-09-11T00:04:48.656153+00:00,"{""client_ts"": ""2026-09-11T00:04:48.368Z"", ""element_id"": ""gold"", ""element_label"": ""Gold"", ""element_type"": ""badge_unlock"", ""event_name"": ""shown"", ""total_trades_threshold"": 35, ""trader_id"": ""093f2af1-de87-45a7-a6b1-a1bc10d10a57""}",1789085088.663803
049c3a29-2e35-4c9e-b1ee-32442d8510e1,8743e64f-c9a4-4f8a-b5a3-89f9f130f2aa,HUMAN,shown,badge_gif,bronze,Bronze,2026-09-11T00:04:48.217Z,2026-09-11T00:04:48.688201+00:00,"{""client_ts"": ""2026-09-11T00:04:48.217Z"", ""element_id"": ""bronze"", ""element_label"": ""Bronze"", ""element_type"": ""badge_gif"", ""event_name"": ""shown"", ""gif"": ""/static/trader_bridge_app/vue/assets/bronze.gif"", ""trader_id"": ""8743e64f-c9a4-4f8a-b5a3-89f9f130f2aa""}",1789085088.69686
049c3a29-2e35-4c9e-b1ee-32442d8510e1,093f2af1-de87-45a7-a6b1-a1bc10d10a57,HUMAN,shown,badge_modal,gold,Gold,2026-09-11T00:04:48.368Z,2026-09-11T00:04:48.700730+00:00,"{""client_ts"": ""2026-09-11T00:04:48.368Z"", ""element_id"": ""gold"", ""element_label"": ""Gold"", ""element_type"": ""badge_modal"", ""event_name"": ""shown"", ""message"": ""You are the money maker!"", ""total_trades"": 35, ""trader_id"": ""093f2af1-de87-45a7-a6b1-a1bc10d10a57""}",1789085088.710513
049c3a29-2e35-4c9e-b1ee-32442d8510e1,093f2af1-de87-45a7-a6b1-a1bc10d10a57,HUMAN,shown,badge_gif,gold,Gold,2026-09-11T00:04:48.368Z,2026-09-11T00:04:48.771355+00:00,"{""client_ts"": ""2026-09-11T00:04:48.368Z"", ""element_id"": ""gold"", ""element_label"": ""Gold"", ""element_type"": ""badge_gif"", ""event_name"": ""shown"", ""gif"": ""/static/trader_bridge_app/vue/assets/gold.gif"", ""trader_id"": ""093f2af1-de87-45a7-a6b1-a1bc10d10a57""}",1789085088.779793
049c3a29-2e35-4c9e-b1ee-32442d8510e1,64998d2d-498a-4e64-99d7-6a9d7940577e,HUMAN,shown,trend_alert,down-streak,down-streak,2026-09-11T00:05:00.558Z,2026-09-11T00:05:00.617802+00:00,"{""client_ts"": ""2026-09-11T00:05:00.558Z"", ""element_id"": ""down-streak"", ""element_label"": ""down-streak"", ""element_type"": ""trend_alert"", ""event_name"": ""shown"", ""message"": ""Price went down 3 times in the last 5 ticks!"", ""trader_id"": ""64998d2d-498a-4e64-99d7-6a9d7940577e""}",1789085100.628149
049c3a29-2e35-4c9e-b1ee-32442d8510e1,ab2ca6f6-98d2-4898-80c5-d4833fb874be,HUMAN,shown,trend_alert,down-streak,down-streak,2026-09-11T00:05:00.555Z,2026-09-11T00:05:00.634595+00:00,"{""client_ts"": ""2026-09-11T00:05:00.555Z"", ""element_id"": ""down-streak"", ""element_label"": ""down-streak"", ""element_type"": ""trend_alert"", ""event_name"": ""shown"", ""message"": ""Price went down 3 times in the last 5 ticks!"", ""trader_id"": ""ab2ca6f6-98d2-4898-80c5-d4833fb874be""}",1789085100.642335
049c3a29-2e35-4c9e-b1ee-32442d8510e1,8743e64f-c9a4-4f8a-b5a3-89f9f130f2aa,HUMAN,shown,trend_alert,down-streak,down-streak,2026-09-11T00:05:00.550Z,2026-09-11T00:05:00.646203+00:00,"{""client_ts"": ""2026-09-11T00:05:00.550Z"", ""element_id"": ""down-streak"", ""element_label"": ""down-streak"", ""element_type"": ""trend_alert"", ""event_name"": ""shown"", ""message"": ""Price went down 3 times in the last 5 ticks!"", ""trader_id"": ""8743e64f-c9a4-4f8a-b5a3-89f9f130f2aa""}",1789085100.656342
049c3a29-2e35-4c9e-b1ee-32442d8510e1,81a977dc-433d-4415-94c7-ebaad5de679b,HUMAN,shown,trend_alert,down-streak,down-streak,2026-09-11T00:05:00.561Z,2026-09-11T00:05:00.661973+00:00,"{""client_ts"": ""2026-09-11T00:05:00.561Z"", ""element_id"": ""down-streak"", ""element_label"": ""down-streak"", ""element_type"": ""trend_alert"", ""event_name"": ""shown"", ""message"": ""Price went down 3 times in the last 5 ticks!"", ""trader_id"": ""81a977dc-433d-4415-94c7-ebaad5de679b""}",1789085100.669825
049c3a29-2e35-4c9e-b1ee-32442d8510e1,73fe5556-d77f-4bf9-ba8e-833298d43f8a,HUMAN,shown,trend_alert,down-streak,down-streak,2026-09-11T00:05:00.566Z,2026-09-11T00:05:00.673764+00:00,"{""client_ts"": ""2026-09-11T00:05:00.566Z"", ""element_id"": ""down-streak"", ""element_label"": ""down-streak"", ""element_type"": ""trend_alert"", ""event_name"": ""shown"", ""message"": ""Price went down 3 times in the last 5 ticks!"", ""trader_id"": ""73fe5556-d77f-4bf9-ba8e-833298d43f8a""}",1789085100.681231
049c3a29-2e35-4c9e-b1ee-32442d8510e1,093f2af1-de87-45a7-a6b1-a1bc10d10a57,HUMAN,shown,trend_alert,down-streak,down-streak,2026-09-11T00:05:00.564Z,2026-09-11T00:05:00.685125+00:00,"{""client_ts"": ""2026-09-11T00:05:00.564Z"", ""element_id"": ""down-streak"", ""element_label"": ""down-streak"", ""element_type"": ""trend_alert"", ""event_name"": ""shown"", ""message"": ""Price went down 3 times in the last 5 ticks!"", ""trader_id"": ""093f2af1-de87-45a7-a6b1-a1bc10d10a57""}",1789085100.692546
049c3a29-2e35-4c9e-b1ee-32442d8510e1,8743e64f-c9a4-4f8a-b5a3-89f9f130f2aa,HUMAN,shown,badge_unlock,silver,Silver,2026-09-11T00:05:02.859Z,2026-09-11T00:05:03.105036+00:00,"{""client_ts"": ""2026-09-11T00:05:02.859Z"", ""element_id"": ""silver"", ""element_label"": ""Silver"", ""element_type"": ""badge_unlock"", ""event_name"": ""shown"", ""total_trades_threshold"": 15, ""trader_id"": ""8743e64f-c9a4-4f8a-b5a3-89f9f130f2aa""}",1789085103.118569
049c3a29-2e35-4c9e-b1ee-32442d8510e1,8743e64f-c9a4-4f8a-b5a3-89f9f130f2aa,HUMAN,shown,badge_modal,silver,Silver,2026-09-11T00:05:02.859Z,2026-09-11T00:05:03.143984+00:00,"{""client_ts"": ""2026-09-11T00:05:02.859Z"", ""element_id"": ""silver"", ""element_label"": ""Silver"", ""element_type"": ""badge_modal"", ""event_name"": ""shown"", ""message"": ""You belong on the trading floor!"", ""total_trades"": 15, ""trader_id"": ""8743e64f-c9a4-4f8a-b5a3-89f9f130f2aa""}",1789085103.156345
049c3a29-2e35-4c9e-b1ee-32442d8510e1,8743e64f-c9a4-4f8a-b5a3-89f9f130f2aa,HUMAN,shown,badge_gif,silver,Silver,2026-09-11T00:05:02.859Z,2026-09-11T00:05:03.178180+00:00,"{""client_ts"": ""2026-09-11T00:05:02.859Z"", ""element_id"": ""silver"", ""element_label"": ""Silver"", ""element_type"": ""badge_gif"", ""event_name"": ""shown"", ""gif"": ""/static/trader_bridge_app/vue/assets/silver.gif"", ""trader_id"": ""8743e64f-c9a4-4f8a-b5a3-89f9f130f2aa""}",1789085103.186891
049c3a29-2e35-4c9e-b1ee-32442d8510e1,ab2ca6f6-98d2-4898-80c5-d4833fb874be,HUMAN,shown,badge_unlock,bronze,Bronze,2026-09-11T00:05:03.183Z,2026-09-11T00:05:03.244274+00:00,"{""client_ts"": ""2026-09-11T00:05:03.183Z"", ""element_id"": ""bronze"", ""element_label"": ""Bronze"", ""element_type"": ""badge_unlock"", ""event_name"": ""shown"", ""total_trades_threshold"": 10, ""trader_id"": ""ab2ca6f6-98d2-4898-80c5-d4833fb874be""}",1789085103.255712
049c3a29-2e35-4c9e-b1ee-32442d8510e1,ab2ca6f6-98d2-4898-80c5-d4833fb874be,HUMAN,shown,badge_modal,bronze,Bronze,2026-09-11T00:05:03.183Z,2026-09-11T00:05:03.260853+00:00,"{""client_ts"": ""2026-09-11T00:05:03.183Z"", ""element_id"": ""bronze"", ""element_label"": ""Bronze"", ""element_type"": ""badge_modal"", ""event_name"": ""shown"", ""message"": ""Level up! Doing well"", ""total_trades"": 10, ""trader_id"": ""ab2ca6f6-98d2-4898-80c5-d4833fb874be""}",1789085103.268529
049c3a29-2e35-4c9e-b1ee-32442d8510e1,ab2ca6f6-98d2-4898-80c5-d4833fb874be,HUMAN,shown,badge_gif,bronze,Bronze,2026-09-11T00:05:03.183Z,2026-09-11T00:05:03.273081+00:00,"{""client_ts"": ""2026-09-11T00:05:03.183Z"", ""element_id"": ""bronze"", ""element_label"": ""Bronze"", ""element_type"": ""badge_gif"", ""event_name"": ""shown"", ""gif"": ""/static/trader_bridge_app/vue/assets/bronze.gif"", ""trader_id"": ""ab2ca6f6-98d2-4898-80c5-d4833fb874be""}",1789085103.284171
24b999b2-fcb9-4304-a923-41f366998dad,2d5f7443-b06c-44da-896b-87f49555ca30,HUMAN,shown,trend_alert,up-streak,up-streak,2026-09-11T00:05:18.798Z,2026-09-11T00:05:18.904560+00:00,"{""client_ts"": ""2026-09-11T00:05:18.798Z"", ""element_id"": ""up-streak"", ""element_label"": ""up-streak"", ""element_type"": ""trend_alert"", ""event_name"": ""shown"", ""message"": ""Price went up 3 times in the last 5 ticks!"", ""trader_id"": ""2d5f7443-b06c-44da-896b-87f49555ca30""}",1789085118.911899
24b999b2-fcb9-4304-a923-41f366998dad,780691e0-23fa-4614-8bba-e9be7f74977d,HUMAN,shown,trend_alert,up-streak,up-streak,2026-09-11T00:05:18.798Z,2026-09-11T00:05:18.915542+00:00,"{""client_ts"": ""2026-09-11T00:05:18.798Z"", ""element_id"": ""up-streak"", ""element_label"": ""up-streak"", ""element_type"": ""trend_alert"", ""event_name"": ""shown"", ""message"": ""Price went up 3 times in the last 5 ticks!"", ""trader_id"": ""780691e0-23fa-4614-8bba-e9be7f74977d""}",1789085118.923904
24b999b2-fcb9-4304-a923-41f366998dad,a2c8775b-1ae1-4fde-ac28-c87afc49dad3,HUMAN,shown,trend_alert,up-streak,up-streak,2026-09-11T00:05:18.805Z,2026-09-11T00:05:18.927534+00:00,"{""client_ts"": ""2026-09-11T00:05:18.805Z"", ""element_id"": ""up-streak"", ""element_label"": ""up-streak"", ""element_type"": ""trend_alert"", ""event_name"": ""shown"", ""message"": ""Price went up 3 times in the last 5 ticks!"", ""trader_id"": ""a2c8775b-1ae1-4fde-ac28-c87afc49dad3""}",1789085118.934664
049c3a29-2e35-4c9e-b1ee-32442d8510e1,64998d2d-498a-4e64-99d7-6a9d7940577e,HUMAN,shown,trend_alert,up-streak,up-streak,2026-09-11T00:05:24.535Z,2026-09-11T00:05:24.639383+00:00,"{""client_ts"": ""2026-09-11T00:05:24.535Z"", ""element_id"": ""up-streak"", ""element_label"": ""up-streak"", ""element_type"": ""trend_alert"", ""event_name"": ""shown"", ""message"": ""Price went up 3 times in the last 5 ticks!"", ""trader_id"": ""64998d2d-498a-4e64-99d7-6a9d7940577e""}",1789085124.649749
049c3a29-2e35-4c9e-b1ee-32442d8510e1,8743e64f-c9a4-4f8a-b5a3-89f9f130f2aa,HUMAN,shown,trend_alert,up-streak,up-streak,2026-09-11T00:05:24.525Z,2026-09-11T00:05:24.653517+00:00,"{""client_ts"": ""2026-09-11T00:05:24.525Z"", ""element_id"": ""up-streak"", ""element_label"": ""up-streak"", ""element_type"": ""trend_alert"", ""event_name"": ""shown"", ""message"": ""Price went up 3 times in the last 5 ticks!"", ""trader_id"": ""8743e64f-c9a4-4f8a-b5a3-89f9f130f2aa""}",1789085124.66057
049c3a29-2e35-4c9e-b1ee-32442d8510e1,ab2ca6f6-98d2-4898-80c5-d4833fb874be,HUMAN,shown,trend_alert,up-streak,up-streak,2026-09-11T00:05:24.531Z,2026-09-11T00:05:24.664276+00:00,"{""client_ts"": ""2026-09-11T00:05:24.531Z"", ""element_id"": ""up-streak"", ""element_label"": ""up-streak"", ""element_type"": ""trend_alert"", ""event_name"": ""shown"", ""message"": ""Price went up 3 times in the last 5 ticks!"", ""trader_id"": ""ab2ca6f6-98d2-4898-80c5-d4833fb874be""}",1789085124.67135
049c3a29-2e35-4c9e-b1ee-32442d8510e1,81a977dc-433d-4415-94c7-ebaad5de679b,HUMAN,shown,trend_alert,up-streak,up-streak,2026-09-11T00:05:24.538Z,2026-09-11T00:05:24.676671+00:00,"{""client_ts"": ""2026-09-11T00:05:24.538Z"", ""element_id"": ""up-streak"", ""element_label"": ""up-streak"", ""element_type"": ""trend_alert"", ""event_name"": ""shown"", ""message"": ""Price went up 3 times in the last 5 ticks!"", ""trader_id"": ""81a977dc-433d-4415-94c7-ebaad5de679b""}",1789085124.68481
049c3a29-2e35-4c9e-b1ee-32442d8510e1,093f2af1-de87-45a7-a6b1-a1bc10d10a57,HUMAN,shown,trend_alert,up-streak,up-streak,2026-09-11T00:05:24.541Z,2026-09-11T00:05:24.688658+00:00,"{""client_ts"": ""2026-09-11T00:05:24.541Z"", ""element_id"": ""up-streak"", ""element_label"": ""up-streak"", ""element_type"": ""trend_alert"", ""event_name"": ""shown"", ""message"": ""Price went up 3 times in the last 5 ticks!"", ""trader_id"": ""093f2af1-de87-45a7-a6b1-a1bc10d10a57""}",1789085124.696017
049c3a29-2e35-4c9e-b1ee-32442d8510e1,73fe5556-d77f-4bf9-ba8e-833298d43f8a,HUMAN,shown,trend_alert,up-streak,up-streak,2026-09-11T00:05:24.541Z,2026-09-11T00:05:24.699826+00:00,"{""client_ts"": ""2026-09-11T00:05:24.541Z"", ""element_id"": ""up-streak"", ""element_label"": ""up-streak"", ""element_type"": ""trend_alert"", ""event_name"": ""shown"", ""message"": ""Price went up 3 times in the last 5 ticks!"", ""trader_id"": ""73fe5556-d77f-4bf9-ba8e-833298d43f8a""}",1789085124.709207
049c3a29-2e35-4c9e-b1ee-32442d8510e1,093f2af1-de87-45a7-a6b1-a1bc10d10a57,HUMAN,shown,badge_unlock,platinum,Platinum,2026-09-11T00:05:36.323Z,2026-09-11T00:05:36.381136+00:00,"{""client_ts"": ""2026-09-11T00:05:36.323Z"", ""element_id"": ""platinum"", ""element_label"": ""Platinum"", ""element_type"": ""badge_unlock"", ""event_name"": ""shown"", ""total_trades_threshold"": 50, ""trader_id"": ""093f2af1-de87-45a7-a6b1-a1bc10d10a57""}",1789085136.39352
049c3a29-2e35-4c9e-b1ee-32442d8510e1,093f2af1-de87-45a7-a6b1-a1bc10d10a57,HUMAN,shown,badge_modal,platinum,Platinum,2026-09-11T00:05:36.323Z,2026-09-11T00:05:36.398790+00:00,"{""client_ts"": ""2026-09-11T00:05:36.323Z"", ""element_id"": ""platinum"", ""element_label"": ""Platinum"", ""element_type"": ""badge_modal"", ""event_name"": ""shown"", ""message"": ""You are definitely going places!"", ""total_trades"": 50, ""trader_id"": ""093f2af1-de87-45a7-a6b1-a1bc10d10a57""}",1789085136.407959
049c3a29-2e35-4c9e-b1ee-32442d8510e1,093f2af1-de87-45a7-a6b1-a1bc10d10a57,HUMAN,shown,badge_gif,platinum,Platinum,2026-09-11T00:05:36.323Z,2026-09-11T00:05:36.414207+00:00,"{""client_ts"": ""2026-09-11T00:05:36.323Z"", ""element_id"": ""platinum"", ""element_label"": ""Platinum"", ""element_type"": ""badge_gif"", ""event_name"": ""shown"", ""gif"": ""/static/trader_bridge_app/vue/assets/platinum.gif"", ""trader_id"": ""093f2af1-de87-45a7-a6b1-a1bc10d10a57""}",1789085136.422685
c37a19d1-3da8-40e7-97e2-5548f7a2b914,aba8edfe-fe90-4b8d-a777-96c72d78592d,HUMAN,shown,trend_alert,down-streak,down-streak,2026-09-11T00:05:52.476Z,2026-09-11T00:05:52.545084+00:00,"{""client_ts"": ""2026-09-11T00:05:52.476Z"", ""element_id"": ""down-streak"", ""element_label"": ""down-streak"", ""element_type"": ""trend_alert"", ""event_name"": ""shown"", ""message"": ""Price went down 3 times in the last 5 ticks!"", ""trader_id"": ""aba8edfe-fe90-4b8d-a777-96c72d78592d""}",1789085152.552923
c37a19d1-3da8-40e7-97e2-5548f7a2b914,74c01899-253f-4aa9-8a9d-3032636eac68,HUMAN,shown,trend_alert,down-streak,down-streak,2026-09-11T00:05:52.490Z,2026-09-11T00:05:52.563468+00:00,"{""client_ts"": ""2026-09-11T00:05:52.490Z"", ""element_id"": ""down-streak"", ""element_label"": ""down-streak"", ""element_type"": ""trend_alert"", ""event_name"": ""shown"", ""message"": ""Price went down 3 times in the last 5 ticks!"", ""trader_id"": ""74c01899-253f-4aa9-8a9d-3032636eac68""}",1789085152.573098
c37a19d1-3da8-40e7-97e2-5548f7a2b914,901fa291-0d92-429b-bbbd-77bbf582f43d,HUMAN,shown,trend_alert,down-streak,down-streak,2026-09-11T00:05:52.437Z,2026-09-11T00:05:52.578800+00:00,"{""client_ts"": ""2026-09-11T00:05:52.437Z"", ""element_id"": ""down-streak"", ""element_label"": ""down-streak"", ""element_type"": ""trend_alert"", ""event_name"": ""shown"", ""message"": ""Price went down 3 times in the last 5 ticks!"", ""trader_id"": ""901fa291-0d92-429b-bbbd-77bbf582f43d""}",1789085152.586767
c37a19d1-3da8-40e7-97e2-5548f7a2b914,c11b900e-41c7-4c49-9287-047825bc1421,HUMAN,shown,trend_alert,down-streak,down-streak,2026-09-11T00:05:52.468Z,2026-09-11T00:05:52.590228+00:00,"{""client_ts"": ""2026-09-11T00:05:52.468Z"", ""element_id"": ""down-streak"", ""element_label"": ""down-streak"", ""element_type"": ""trend_alert"", ""event_name"": ""shown"", ""message"": ""Price went down 3 times in the last 5 ticks!"", ""trader_id"": ""c11b900e-41c7-4c49-9287-047825bc1421""}",1789085152.59839
c37a19d1-3da8-40e7-97e2-5548f7a2b914,cb921b26-f05d-4d63-b193-514916440927,HUMAN,shown,trend_alert,down-streak,down-streak,2026-09-11T00:05:52.499Z,2026-09-11T00:05:52.602723+00:00,"{""client_ts"": ""2026-09-11T00:05:52.499Z"", ""element_id"": ""down-streak"", ""element_label"": ""down-streak"", ""element_type"": ""trend_alert"", ""event_name"": ""shown"", ""message"": ""Price went down 3 times in the last 5 ticks!"", ""trader_id"": ""cb921b26-f05d-4d63-b193-514916440927""}",1789085152.610439
c37a19d1-3da8-40e7-97e2-5548f7a2b914,74c01899-253f-4aa9-8a9d-3032636eac68,HUMAN,shown,badge_unlock,platinum,Platinum,2026-09-11T00:05:56.732Z,2026-09-11T00:05:56.797134+00:00,"{""client_ts"": ""2026-09-11T00:05:56.732Z"", ""element_id"": ""platinum"", ""element_label"": ""Platinum"", ""element_type"": ""badge_unlock"", ""event_name"": ""shown"", ""total_trades_threshold"": 50, ""trader_id"": ""74c01899-253f-4aa9-8a9d-3032636eac68""}",1789085156.805931
c37a19d1-3da8-40e7-97e2-5548f7a2b914,74c01899-253f-4aa9-8a9d-3032636eac68,HUMAN,shown,badge_modal,platinum,Platinum,2026-09-11T00:05:56.732Z,2026-09-11T00:05:56.814142+00:00,"{""client_ts"": ""2026-09-11T00:05:56.732Z"", ""element_id"": ""platinum"", ""element_label"": ""Platinum"", ""element_type"": ""badge_modal"", ""event_name"": ""shown"", ""message"": ""You are definitely going places!"", ""total_trades"": 50, ""trader_id"": ""74c01899-253f-4aa9-8a9d-3032636eac68""}",1789085156.822249
c37a19d1-3da8-40e7-97e2-5548f7a2b914,74c01899-253f-4aa9-8a9d-3032636eac68,HUMAN,shown,badge_gif,platinum,Platinum,2026-09-11T00:05:56.732Z,2026-09-11T00:05:56.830175+00:00,"{""client_ts"": ""2026-09-11T00:05:56.732Z"", ""element_id"": ""platinum"", ""element_label"": ""Platinum"", ""element_type"": ""badge_gif"", ""event_name"": ""shown"", ""gif"": ""/static/trader_bridge_app/vue/assets/platinum.gif"", ""trader_id"": ""74c01899-253f-4aa9-8a9d-3032636eac68""}",1789085156.838188
c37a19d1-3da8-40e7-97e2-5548f7a2b914,c11b900e-41c7-4c49-9287-047825bc1421,HUMAN,shown,trend_alert,down-streak,down-streak,2026-09-11T00:06:04.259Z,2026-09-11T00:06:04.571563+00:00,"{""client_ts"": ""2026-09-11T00:06:04.259Z"", ""element_id"": ""down-streak"", ""element_label"": ""down-streak"", ""element_type"": ""trend_alert"", ""event_name"": ""shown"", ""message"": ""Price went down 3 times in the last 5 ticks!"", ""trader_id"": ""c11b900e-41c7-4c49-9287-047825bc1421""}",1789085164.579738
c37a19d1-3da8-40e7-97e2-5548f7a2b914,aba8edfe-fe90-4b8d-a777-96c72d78592d,HUMAN,shown,trend_alert,down-streak,down-streak,2026-09-11T00:06:04.283Z,2026-09-11T00:06:04.583728+00:00,"{""client_ts"": ""2026-09-11T00:06:04.283Z"", ""element_id"": ""down-streak"", ""element_label"": ""down-streak"", ""element_type"": ""trend_alert"", ""event_name"": ""shown"", ""message"": ""Price went down 3 times in the last 5 ticks!"", ""trader_id"": ""aba8edfe-fe90-4b8d-a777-96c72d78592d""}",1789085164.593545
c37a19d1-3da8-40e7-97e2-5548f7a2b914,cb921b26-f05d-4d63-b193-514916440927,HUMAN,shown,trend_alert,down-streak,down-streak,2026-09-11T00:06:04.334Z,2026-09-11T00:06:04.614216+00:00,"{""client_ts"": ""2026-09-11T00:06:04.334Z"", ""element_id"": ""down-streak"", ""element_label"": ""down-streak"", ""element_type"": ""trend_alert"", ""event_name"": ""shown"", ""message"": ""Price went down 3 times in the last 5 ticks!"", ""trader_id"": ""cb921b26-f05d-4d63-b193-514916440927""}",1789085164.622845
c37a19d1-3da8-40e7-97e2-5548f7a2b914,901fa291-0d92-429b-bbbd-77bbf582f43d,HUMAN,shown,trend_alert,down-streak,down-streak,2026-09-11T00:06:04.273Z,2026-09-11T00:06:04.629007+00:00,"{""client_ts"": ""2026-09-11T00:06:04.273Z"", ""element_id"": ""down-streak"", ""element_label"": ""down-streak"", ""element_type"": ""trend_alert"", ""event_name"": ""shown"", ""message"": ""Price went down 3 times in the last 5 ticks!"", ""trader_id"": ""901fa291-0d92-429b-bbbd-77bbf582f43d""}",1789085164.638342
c37a19d1-3da8-40e7-97e2-5548f7a2b914,74c01899-253f-4aa9-8a9d-3032636eac68,HUMAN,shown,trend_alert,down-streak,down-streak,2026-09-11T00:06:04.368Z,2026-09-11T00:06:04.642142+00:00,"{""client_ts"": ""2026-09-11T00:06:04.368Z"", ""element_id"": ""down-streak"", ""element_label"": ""down-streak"", ""element_type"": ""trend_alert"", ""event_name"": ""shown"", ""message"": ""Price went down 3 times in the last 5 ticks!"", ""trader_id"": ""74c01899-253f-4aa9-8a9d-3032636eac68""}",1789085164.651022
24b999b2-fcb9-4304-a923-41f366998dad,2d5f7443-b06c-44da-896b-87f49555ca30,HUMAN,shown,trend_alert,up-streak,up-streak,2026-09-11T00:06:04.685Z,2026-09-11T00:06:04.748069+00:00,"{""client_ts"": ""2026-09-11T00:06:04.685Z"", ""element_id"": ""up-streak"", ""element_label"": ""up-streak"", ""element_type"": ""trend_alert"", ""event_name"": ""shown"", ""message"": ""Price went up 3 times in the last 5 ticks!"", ""trader_id"": ""2d5f7443-b06c-44da-896b-87f49555ca30""}",1789085164.757661
24b999b2-fcb9-4304-a923-41f366998dad,c244c4f3-087f-4071-a2a0-0d929c6c70b5,HUMAN,shown,trend_alert,up-streak,up-streak,2026-09-11T00:06:04.681Z,2026-09-11T00:06:04.818152+00:00,"{""client_ts"": ""2026-09-11T00:06:04.681Z"", ""element_id"": ""up-streak"", ""element_label"": ""up-streak"", ""element_type"": ""trend_alert"", ""event_name"": ""shown"", ""message"": ""Price went up 3 times in the last 5 ticks!"", ""trader_id"": ""c244c4f3-087f-4071-a2a0-0d929c6c70b5""}",1789085164.828137
24b999b2-fcb9-4304-a923-41f366998dad,780691e0-23fa-4614-8bba-e9be7f74977d,HUMAN,shown,trend_alert,up-streak,up-streak,2026-09-11T00:06:04.688Z,2026-09-11T00:06:04.831875+00:00,"{""client_ts"": ""2026-09-11T00:06:04.688Z"", ""element_id"": ""up-streak"", ""element_label"": ""up-streak"", ""element_type"": ""trend_alert"", ""event_name"": ""shown"", ""message"": ""Price went up 3 times in the last 5 ticks!"", ""trader_id"": ""780691e0-23fa-4614-8bba-e9be7f74977d""}",1789085164.83981
24b999b2-fcb9-4304-a923-41f366998dad,938302d7-eb4b-4b56-b728-955547edbafb,HUMAN,shown,trend_alert,up-streak,up-streak,2026-09-11T00:06:04.700Z,2026-09-11T00:06:04.845263+00:00,"{""client_ts"": ""2026-09-11T00:06:04.700Z"", ""element_id"": ""up-streak"", ""element_label"": ""up-streak"", ""element_type"": ""trend_alert"", ""event_name"": ""shown"", ""message"": ""Price went up 3 times in the last 5 ticks!"", ""trader_id"": ""938302d7-eb4b-4b56-b728-955547edbafb""}",1789085164.853788
24b999b2-fcb9-4304-a923-41f366998dad,a2c8775b-1ae1-4fde-ac28-c87afc49dad3,HUMAN,shown,trend_alert,up-streak,up-streak,2026-09-11T00:06:04.699Z,2026-09-11T00:06:04.857518+00:00,"{""client_ts"": ""2026-09-11T00:06:04.699Z"", ""element_id"": ""up-streak"", ""element_label"": ""up-streak"", ""element_type"": ""trend_alert"", ""event_name"": ""shown"", ""message"": ""Price went up 3 times in the last 5 ticks!"", ""trader_id"": ""a2c8775b-1ae1-4fde-ac28-c87afc49dad3""}",1789085164.86487
24b999b2-fcb9-4304-a923-41f366998dad,003c3411-c4ec-4d3c-9ae3-78a3e3c7d8df,HUMAN,shown,trend_alert,up-streak,up-streak,2026-09-11T00:06:04.681Z,2026-09-11T00:06:04.868648+00:00,"{""client_ts"": ""2026-09-11T00:06:04.681Z"", ""element_id"": ""up-streak"", ""element_label"": ""up-streak"", ""element_type"": ""trend_alert"", ""event_name"": ""shown"", ""message"": ""Price went up 3 times in the last 5 ticks!"", ""trader_id"": ""003c3411-c4ec-4d3c-9ae3-78a3e3c7d8df""}",1789085164.876165
c37a19d1-3da8-40e7-97e2-5548f7a2b914,aba8edfe-fe90-4b8d-a777-96c72d78592d,HUMAN,shown,badge_unlock,platinum,Platinum,2026-09-11T00:06:08.650Z,2026-09-11T00:06:08.779722+00:00,"{""client_ts"": ""2026-09-11T00:06:08.650Z"", ""element_id"": ""platinum"", ""element_label"": ""Platinum"", ""element_type"": ""badge_unlock"", ""event_name"": ""shown"", ""total_trades_threshold"": 50, ""trader_id"": ""aba8edfe-fe90-4b8d-a777-96c72d78592d""}",1789085168.789213
c37a19d1-3da8-40e7-97e2-5548f7a2b914,aba8edfe-fe90-4b8d-a777-96c72d78592d,HUMAN,shown,badge_modal,platinum,Platinum,2026-09-11T00:06:08.650Z,2026-09-11T00:06:08.795481+00:00,"{""client_ts"": ""2026-09-11T00:06:08.650Z"", ""element_id"": ""platinum"", ""element_label"": ""Platinum"", ""element_type"": ""badge_modal"", ""event_name"": ""shown"", ""message"": ""You are definitely going places!"", ""total_trades"": 50, ""trader_id"": ""aba8edfe-fe90-4b8d-a777-96c72d78592d""}",1789085168.803529
c37a19d1-3da8-40e7-97e2-5548f7a2b914,aba8edfe-fe90-4b8d-a777-96c72d78592d,HUMAN,shown,badge_gif,platinum,Platinum,2026-09-11T00:06:08.651Z,2026-09-11T00:06:08.816897+00:00,"{""client_ts"": ""2026-09-11T00:06:08.651Z"", ""element_id"": ""platinum"", ""element_label"": ""Platinum"", ""element_type"": ""badge_gif"", ""event_name"": ""shown"", ""gif"": ""/static/trader_bridge_app/vue/assets/platinum.gif"", ""trader_id"": ""aba8edfe-fe90-4b8d-a777-96c72d78592d""}",1789085168.825676
24b999b2-fcb9-4304-a923-41f366998dad,a2c8775b-1ae1-4fde-ac28-c87afc49dad3,HUMAN,shown,trend_alert,down-streak,down-streak,2026-09-11T00:06:09.575Z,2026-09-11T00:06:09.629916+00:00,"{""client_ts"": ""2026-09-11T00:06:09.575Z"", ""element_id"": ""down-streak"", ""element_label"": ""down-streak"", ""element_type"": ""trend_alert"", ""event_name"": ""shown"", ""message"": ""Price went down 3 times in the last 5 ticks!"", ""trader_id"": ""a2c8775b-1ae1-4fde-ac28-c87afc49dad3""}",1789085169.639471
24b999b2-fcb9-4304-a923-41f366998dad,2d5f7443-b06c-44da-896b-87f49555ca30,HUMAN,shown,trend_alert,down-streak,down-streak,2026-09-11T00:06:09.569Z,2026-09-11T00:06:09.646519+00:00,"{""client_ts"": ""2026-09-11T00:06:09.569Z"", ""element_id"": ""down-streak"", ""element_label"": ""down-streak"", ""element_type"": ""trend_alert"", ""event_name"": ""shown"", ""message"": ""Price went down 3 times in the last 5 ticks!"", ""trader_id"": ""2d5f7443-b06c-44da-896b-87f49555ca30""}",1789085169.656777
24b999b2-fcb9-4304-a923-41f366998dad,c244c4f3-087f-4071-a2a0-0d929c6c70b5,HUMAN,shown,trend_alert,down-streak,down-streak,2026-09-11T00:06:09.564Z,2026-09-11T00:06:09.660900+00:00,"{""client_ts"": ""2026-09-11T00:06:09.564Z"", ""element_id"": ""down-streak"", ""element_label"": ""down-streak"", ""element_type"": ""trend_alert"", ""event_name"": ""shown"", ""message"": ""Price went down 3 times in the last 5 ticks!"", ""trader_id"": ""c244c4f3-087f-4071-a2a0-0d929c6c70b5""}",1789085169.668782
24b999b2-fcb9-4304-a923-41f366998dad,780691e0-23fa-4614-8bba-e9be7f74977d,HUMAN,shown,trend_alert,down-streak,down-streak,2026-09-11T00:06:09.570Z,2026-09-11T00:06:09.672753+00:00,"{""client_ts"": ""2026-09-11T00:06:09.570Z"", ""element_id"": ""down-streak"", ""element_label"": ""down-streak"", ""element_type"": ""trend_alert"", ""event_name"": ""shown"", ""message"": ""Price went down 3 times in the last 5 ticks!"", ""trader_id"": ""780691e0-23fa-4614-8bba-e9be7f74977d""}",1789085169.680444
24b999b2-fcb9-4304-a923-41f366998dad,938302d7-eb4b-4b56-b728-955547edbafb,HUMAN,shown,trend_alert,down-streak,down-streak,2026-09-11T00:06:09.581Z,2026-09-11T00:06:09.686211+00:00,"{""client_ts"": ""2026-09-11T00:06:09.581Z"", ""element_id"": ""down-streak"", ""element_label"": ""down-streak"", ""element_type"": ""trend_alert"", ""event_name"": ""shown"", ""message"": ""Price went down 3 times in the last 5 ticks!"", ""trader_id"": ""938302d7-eb4b-4b56-b728-955547edbafb""}",1789085169.694717
24b999b2-fcb9-4304-a923-41f366998dad,003c3411-c4ec-4d3c-9ae3-78a3e3c7d8df,HUMAN,shown,trend_alert,down-streak,down-streak,2026-09-11T00:06:09.562Z,2026-09-11T00:06:09.699599+00:00,"{""client_ts"": ""2026-09-11T00:06:09.562Z"", ""element_id"": ""down-streak"", ""element_label"": ""down-streak"", ""element_type"": ""trend_alert"", ""event_name"": ""shown"", ""message"": ""Price went down 3 times in the last 5 ticks!"", ""trader_id"": ""003c3411-c4ec-4d3c-9ae3-78a3e3c7d8df""}",1789085169.711452
049c3a29-2e35-4c9e-b1ee-32442d8510e1,64998d2d-498a-4e64-99d7-6a9d7940577e,HUMAN,shown,trend_alert,up-streak,up-streak,2026-09-11T00:06:33.881Z,2026-09-11T00:06:33.937995+00:00,"{""client_ts"": ""2026-09-11T00:06:33.881Z"", ""element_id"": ""up-streak"", ""element_label"": ""up-streak"", ""element_type"": ""trend_alert"", ""event_name"": ""shown"", ""message"": ""Price went up 3 times in the last 5 ticks!"", ""trader_id"": ""64998d2d-498a-4e64-99d7-6a9d7940577e""}",1789085193.946328
049c3a29-2e35-4c9e-b1ee-32442d8510e1,ab2ca6f6-98d2-4898-80c5-d4833fb874be,HUMAN,shown,trend_alert,up-streak,up-streak,2026-09-11T00:06:33.880Z,2026-09-11T00:06:33.950980+00:00,"{""client_ts"": ""2026-09-11T00:06:33.880Z"", ""element_id"": ""up-streak"", ""element_label"": ""up-streak"", ""element_type"": ""trend_alert"", ""event_name"": ""shown"", ""message"": ""Price went up 3 times in the last 5 ticks!"", ""trader_id"": ""ab2ca6f6-98d2-4898-80c5-d4833fb874be""}",1789085193.959132
049c3a29-2e35-4c9e-b1ee-32442d8510e1,81a977dc-433d-4415-94c7-ebaad5de679b,HUMAN,shown,trend_alert,up-streak,up-streak,2026-09-11T00:06:33.883Z,2026-09-11T00:06:33.963340+00:00,"{""client_ts"": ""2026-09-11T00:06:33.883Z"", ""element_id"": ""up-streak"", ""element_label"": ""up-streak"", ""element_type"": ""trend_alert"", ""event_name"": ""shown"", ""message"": ""Price went up 3 times in the last 5 ticks!"", ""trader_id"": ""81a977dc-433d-4415-94c7-ebaad5de679b""}",1789085193.972423
049c3a29-2e35-4c9e-b1ee-32442d8510e1,8743e64f-c9a4-4f8a-b5a3-89f9f130f2aa,HUMAN,shown,trend_alert,up-streak,up-streak,2026-09-11T00:06:33.873Z,2026-09-11T00:06:33.975503+00:00,"{""client_ts"": ""2026-09-11T00:06:33.873Z"", ""element_id"": ""up-streak"", ""element_label"": ""up-streak"", ""element_type"": ""trend_alert"", ""event_name"": ""shown"", ""message"": ""Price went up 3 times in the last 5 ticks!"", ""trader_id"": ""8743e64f-c9a4-4f8a-b5a3-89f9f130f2aa""}",1789085193.986463
049c3a29-2e35-4c9e-b1ee-32442d8510e1,73fe5556-d77f-4bf9-ba8e-833298d43f8a,HUMAN,shown,trend_alert,up-streak,up-streak,2026-09-11T00:06:33.887Z,2026-09-11T00:06:33.990281+00:00,"{""client_ts"": ""2026-09-11T00:06:33.887Z"", ""element_id"": ""up-streak"", ""element_label"": ""up-streak"", ""element_type"": ""trend_alert"", ""event_name"": ""shown"", ""message"": ""Price went up 3 times in the last 5 ticks!"", ""trader_id"": ""73fe5556-d77f-4bf9-ba8e-833298d43f8a""}",1789085193.998025
049c3a29-2e35-4c9e-b1ee-32442d8510e1,093f2af1-de87-45a7-a6b1-a1bc10d10a57,HUMAN,shown,trend_alert,up-streak,up-streak,2026-09-11T00:06:33.884Z,2026-09-11T00:06:34.002506+00:00,"{""client_ts"": ""2026-09-11T00:06:33.884Z"", ""element_id"": ""up-streak"", ""element_label"": ""up-streak"", ""element_type"": ""trend_alert"", ""event_name"": ""shown"", ""message"": ""Price went up 3 times in the last 5 ticks!"", ""trader_id"": ""093f2af1-de87-45a7-a6b1-a1bc10d10a57""}",1789085194.01126
049c3a29-2e35-4c9e-b1ee-32442d8510e1,73fe5556-d77f-4bf9-ba8e-833298d43f8a,HUMAN,shown,badge_unlock,bronze,Bronze,2026-09-11T00:06:36.581Z,2026-09-11T00:06:36.634601+00:00,"{""client_ts"": ""2026-09-11T00:06:36.581Z"", ""element_id"": ""bronze"", ""element_label"": ""Bronze"", ""element_type"": ""badge_unlock"", ""event_name"": ""shown"", ""total_trades_threshold"": 10, ""trader_id"": ""73fe5556-d77f-4bf9-ba8e-833298d43f8a""}",1789085196.643192
049c3a29-2e35-4c9e-b1ee-32442d8510e1,73fe5556-d77f-4bf9-ba8e-833298d43f8a,HUMAN,shown,badge_modal,bronze,Bronze,2026-09-11T00:06:36.581Z,2026-09-11T00:06:36.647547+00:00,"{""client_ts"": ""2026-09-11T00:06:36.581Z"", ""element_id"": ""bronze"", ""element_label"": ""Bronze"", ""element_type"": ""badge_modal"", ""event_name"": ""shown"", ""message"": ""Level up! Doing well"", ""total_trades"": 10, ""trader_id"": ""73fe5556-d77f-4bf9-ba8e-833298d43f8a""}",1789085196.655263
049c3a29-2e35-4c9e-b1ee-32442d8510e1,73fe5556-d77f-4bf9-ba8e-833298d43f8a,HUMAN,shown,badge_gif,bronze,Bronze,2026-09-11T00:06:36.581Z,2026-09-11T00:06:36.659769+00:00,"{""client_ts"": ""2026-09-11T00:06:36.581Z"", ""element_id"": ""bronze"", ""element_label"": ""Bronze"", ""element_type"": ""badge_gif"", ""event_name"": ""shown"", ""gif"": ""/static/trader_bridge_app/vue/assets/bronze.gif"", ""trader_id"": ""73fe5556-d77f-4bf9-ba8e-833298d43f8a""}",1789085196.669216
049c3a29-2e35-4c9e-b1ee-32442d8510e1,093f2af1-de87-45a7-a6b1-a1bc10d10a57,HUMAN,shown,badge_unlock,diamond,Diamond,2026-09-11T00:06:48.136Z,2026-09-11T00:06:48.193613+00:00,"{""client_ts"": ""2026-09-11T00:06:48.136Z"", ""element_id"": ""diamond"", ""element_label"": ""Diamond"", ""element_type"": ""badge_unlock"", ""event_name"": ""shown"", ""total_trades_threshold"": 60, ""trader_id"": ""093f2af1-de87-45a7-a6b1-a1bc10d10a57""}",1789085208.20385
049c3a29-2e35-4c9e-b1ee-32442d8510e1,093f2af1-de87-45a7-a6b1-a1bc10d10a57,HUMAN,shown,badge_modal,diamond,Diamond,2026-09-11T00:06:48.136Z,2026-09-11T00:06:48.209086+00:00,"{""client_ts"": ""2026-09-11T00:06:48.136Z"", ""element_id"": ""diamond"", ""element_label"": ""Diamond"", ""element_type"": ""badge_modal"", ""event_name"": ""shown"", ""message"": ""The Wolf of Wall Street"", ""total_trades"": 60, ""trader_id"": ""093f2af1-de87-45a7-a6b1-a1bc10d10a57""}",1789085208.218682
049c3a29-2e35-4c9e-b1ee-32442d8510e1,093f2af1-de87-45a7-a6b1-a1bc10d10a57,HUMAN,shown,badge_gif,diamond,Diamond,2026-09-11T00:06:48.136Z,2026-09-11T00:06:48.225102+00:00,"{""client_ts"": ""2026-09-11T00:06:48.136Z"", ""element_id"": ""diamond"", ""element_label"": ""Diamond"", ""element_type"": ""badge_gif"", ""event_name"": ""shown"", ""gif"": ""/static/trader_bridge_app/vue/assets/diamond.gif"", ""trader_id"": ""093f2af1-de87-45a7-a6b1-a1bc10d10a57""}",1789085208.233814
049c3a29-2e35-4c9e-b1ee-32442d8510e1,8743e64f-c9a4-4f8a-b5a3-89f9f130f2aa,HUMAN,shown,trend_alert,down-streak,down-streak,2026-09-11T00:06:48.150Z,2026-09-11T00:06:48.239137+00:00,"{""client_ts"": ""2026-09-11T00:06:48.150Z"", ""element_id"": ""down-streak"", ""element_label"": ""down-streak"", ""element_type"": ""trend_alert"", ""event_name"": ""shown"", ""message"": ""Price went down 3 times in the last 5 ticks!"", ""trader_id"": ""8743e64f-c9a4-4f8a-b5a3-89f9f130f2aa""}",1789085208.246803
049c3a29-2e35-4c9e-b1ee-32442d8510e1,093f2af1-de87-45a7-a6b1-a1bc10d10a57,HUMAN,shown,trend_alert,down-streak,down-streak,2026-09-11T00:06:48.164Z,2026-09-11T00:06:48.251793+00:00,"{""client_ts"": ""2026-09-11T00:06:48.164Z"", ""element_id"": ""down-streak"", ""element_label"": ""down-streak"", ""element_type"": ""trend_alert"", ""event_name"": ""shown"", ""message"": ""Price went down 3 times in the last 5 ticks!"", ""trader_id"": ""093f2af1-de87-45a7-a6b1-a1bc10d10a57""}",1789085208.259761
049c3a29-2e35-4c9e-b1ee-32442d8510e1,81a977dc-433d-4415-94c7-ebaad5de679b,HUMAN,shown,trend_alert,down-streak,down-streak,2026-09-11T00:06:48.162Z,2026-09-11T00:06:48.267799+00:00,"{""client_ts"": ""2026-09-11T00:06:48.162Z"", ""element_id"": ""down-streak"", ""element_label"": ""down-streak"", ""element_type"": ""trend_alert"", ""event_name"": ""shown"", ""message"": ""Price went down 3 times in the last 5 ticks!"", ""trader_id"": ""81a977dc-433d-4415-94c7-ebaad5de679b""}",1789085208.276883
049c3a29-2e35-4c9e-b1ee-32442d8510e1,64998d2d-498a-4e64-99d7-6a9d7940577e,HUMAN,shown,trend_alert,down-streak,down-streak,2026-09-11T00:06:48.162Z,2026-09-11T00:06:48.280986+00:00,"{""client_ts"": ""2026-09-11T00:06:48.162Z"", ""element_id"": ""down-streak"", ""element_label"": ""down-streak"", ""element_type"": ""trend_alert"", ""event_name"": ""shown"", ""message"": ""Price went down 3 times in the last 5 ticks!"", ""trader_id"": ""64998d2d-498a-4e64-99d7-6a9d7940577e""}",1789085208.28982
049c3a29-2e35-4c9e-b1ee-32442d8510e1,ab2ca6f6-98d2-4898-80c5-d4833fb874be,HUMAN,shown,trend_alert,down-streak,down-streak,2026-09-11T00:06:48.161Z,2026-09-11T00:06:48.293768+00:00,"{""client_ts"": ""2026-09-11T00:06:48.161Z"", ""element_id"": ""down-streak"", ""element_label"": ""down-streak"", ""element_type"": ""trend_alert"", ""event_name"": ""shown"", ""message"": ""Price went down 3 times in the last 5 ticks!"", ""trader_id"": ""ab2ca6f6-98d2-4898-80c5-d4833fb874be""}",1789085208.302492
049c3a29-2e35-4c9e-b1ee-32442d8510e1,73fe5556-d77f-4bf9-ba8e-833298d43f8a,HUMAN,shown,trend_alert,down-streak,down-streak,2026-09-11T00:06:48.166Z,2026-09-11T00:06:48.308750+00:00,"{""client_ts"": ""2026-09-11T00:06:48.166Z"", ""element_id"": ""down-streak"", ""element_label"": ""down-streak"", ""element_type"": ""trend_alert"", ""event_name"": ""shown"", ""message"": ""Price went down 3 times in the last 5 ticks!"", ""trader_id"": ""73fe5556-d77f-4bf9-ba8e-833298d43f8a""}",1789085208.31689
049c3a29-2e35-4c9e-b1ee-32442d8510e1,64998d2d-498a-4e64-99d7-6a9d7940577e,HUMAN,shown,trend_alert,up-streak,up-streak,2026-09-11T00:06:51.882Z,2026-09-11T00:06:51.954301+00:00,"{""client_ts"": ""2026-09-11T00:06:51.882Z"", ""element_id"": ""up-streak"", ""element_label"": ""up-streak"", ""element_type"": ""trend_alert"", ""event_name"": ""shown"", ""message"": ""Price went up 3 times in the last 5 ticks!"", ""trader_id"": ""64998d2d-498a-4e64-99d7-6a9d7940577e""}",1789085211.962428
049c3a29-2e35-4c9e-b1ee-32442d8510e1,8743e64f-c9a4-4f8a-b5a3-89f9f130f2aa,HUMAN,shown,trend_alert,up-streak,up-streak,2026-09-11T00:06:51.871Z,2026-09-11T00:06:51.968391+00:00,"{""client_ts"": ""2026-09-11T00:06:51.871Z"", ""element_id"": ""up-streak"", ""element_label"": ""up-streak"", ""element_type"": ""trend_alert"", ""event_name"": ""shown"", ""message"": ""Price went up 3 times in the last 5 ticks!"", ""trader_id"": ""8743e64f-c9a4-4f8a-b5a3-89f9f130f2aa""}",1789085211.976508
049c3a29-2e35-4c9e-b1ee-32442d8510e1,81a977dc-433d-4415-94c7-ebaad5de679b,HUMAN,shown,trend_alert,up-streak,up-streak,2026-09-11T00:06:51.884Z,2026-09-11T00:06:51.980559+00:00,"{""client_ts"": ""2026-09-11T00:06:51.884Z"", ""element_id"": ""up-streak"", ""element_label"": ""up-streak"", ""element_type"": ""trend_alert"", ""event_name"": ""shown"", ""message"": ""Price went up 3 times in the last 5 ticks!"", ""trader_id"": ""81a977dc-433d-4415-94c7-ebaad5de679b""}",1789085211.988209
049c3a29-2e35-4c9e-b1ee-32442d8510e1,73fe5556-d77f-4bf9-ba8e-833298d43f8a,HUMAN,shown,trend_alert,up-streak,up-streak,2026-09-11T00:06:51.887Z,2026-09-11T00:06:51.991997+00:00,"{""client_ts"": ""2026-09-11T00:06:51.887Z"", ""element_id"": ""up-streak"", ""element_label"": ""up-streak"", ""element_type"": ""trend_alert"", ""event_name"": ""shown"", ""message"": ""Price went up 3 times in the last 5 ticks!"", ""trader_id"": ""73fe5556-d77f-4bf9-ba8e-833298d43f8a""}",1789085211.999199
049c3a29-2e35-4c9e-b1ee-32442d8510e1,ab2ca6f6-98d2-4898-80c5-d4833fb874be,HUMAN,shown,trend_alert,up-streak,up-streak,2026-09-11T00:06:51.885Z,2026-09-11T00:06:52.003545+00:00,"{""client_ts"": ""2026-09-11T00:06:51.885Z"", ""element_id"": ""up-streak"", ""element_label"": ""up-streak"", ""element_type"": ""trend_alert"", ""event_name"": ""shown"", ""message"": ""Price went up 3 times in the last 5 ticks!"", ""trader_id"": ""ab2ca6f6-98d2-4898-80c5-d4833fb874be""}",1789085212.014527
049c3a29-2e35-4c9e-b1ee-32442d8510e1,093f2af1-de87-45a7-a6b1-a1bc10d10a57,HUMAN,shown,trend_alert,up-streak,up-streak,2026-09-11T00:06:51.885Z,2026-09-11T00:06:52.018606+00:00,"{""client_ts"": ""2026-09-11T00:06:51.885Z"", ""element_id"": ""up-streak"", ""element_label"": ""up-streak"", ""element_type"": ""trend_alert"", ""event_name"": ""shown"", ""message"": ""Price went up 3 times in the last 5 ticks!"", ""trader_id"": ""093f2af1-de87-45a7-a6b1-a1bc10d10a57""}",1789085212.02837
24b999b2-fcb9-4304-a923-41f366998dad,938302d7-eb4b-4b56-b728-955547edbafb,HUMAN,shown,badge_unlock,platinum,Platinum,2026-09-11T00:07:03.132Z,2026-09-11T00:07:03.185021+00:00,"{""client_ts"": ""2026-09-11T00:07:03.132Z"", ""element_id"": ""platinum"", ""element_label"": ""Platinum"", ""element_type"": ""badge_unlock"", ""event_name"": ""shown"", ""total_trades_threshold"": 50, ""trader_id"": ""938302d7-eb4b-4b56-b728-955547edbafb""}",1789085223.194373
24b999b2-fcb9-4304-a923-41f366998dad,938302d7-eb4b-4b56-b728-955547edbafb,HUMAN,shown,badge_modal,platinum,Platinum,2026-09-11T00:07:03.132Z,2026-09-11T00:07:03.200845+00:00,"{""client_ts"": ""2026-09-11T00:07:03.132Z"", ""element_id"": ""platinum"", ""element_label"": ""Platinum"", ""element_type"": ""badge_modal"", ""event_name"": ""shown"", ""message"": ""You are definitely going places!"", ""total_trades"": 50, ""trader_id"": ""938302d7-eb4b-4b56-b728-955547edbafb""}",1789085223.210679
24b999b2-fcb9-4304-a923-41f366998dad,938302d7-eb4b-4b56-b728-955547edbafb,HUMAN,shown,badge_gif,platinum,Platinum,2026-09-11T00:07:03.132Z,2026-09-11T00:07:03.215334+00:00,"{""client_ts"": ""2026-09-11T00:07:03.132Z"", ""element_id"": ""platinum"", ""element_label"": ""Platinum"", ""element_type"": ""badge_gif"", ""event_name"": ""shown"", ""gif"": ""/static/trader_bridge_app/vue/assets/platinum.gif"", ""trader_id"": ""938302d7-eb4b-4b56-b728-955547edbafb""}",1789085223.226606
c37a19d1-3da8-40e7-97e2-5548f7a2b914,74c01899-253f-4aa9-8a9d-3032636eac68,HUMAN,shown,badge_unlock,diamond,Diamond,2026-09-11T00:07:04.724Z,2026-09-11T00:07:04.820700+00:00,"{""client_ts"": ""2026-09-11T00:07:04.724Z"", ""element_id"": ""diamond"", ""element_label"": ""Diamond"", ""element_type"": ""badge_unlock"", ""event_name"": ""shown"", ""total_trades_threshold"": 60, ""trader_id"": ""74c01899-253f-4aa9-8a9d-3032636eac68""}",1789085224.829407
c37a19d1-3da8-40e7-97e2-5548f7a2b914,74c01899-253f-4aa9-8a9d-3032636eac68,HUMAN,shown,badge_modal,diamond,Diamond,2026-09-11T00:07:04.724Z,2026-09-11T00:07:04.855583+00:00,"{""client_ts"": ""2026-09-11T00:07:04.724Z"", ""element_id"": ""diamond"", ""element_label"": ""Diamond"", ""element_type"": ""badge_modal"", ""event_name"": ""shown"", ""message"": ""The Wolf of Wall Street"", ""total_trades"": 60, ""trader_id"": ""74c01899-253f-4aa9-8a9d-3032636eac68""}",1789085224.864747
c37a19d1-3da8-40e7-97e2-5548f7a2b914,74c01899-253f-4aa9-8a9d-3032636eac68,HUMAN,shown,badge_gif,diamond,Diamond,2026-09-11T00:07:04.724Z,2026-09-11T00:07:04.874384+00:00,"{""client_ts"": ""2026-09-11T00:07:04.724Z"", ""element_id"": ""diamond"", ""element_label"": ""Diamond"", ""element_type"": ""badge_gif"", ""event_name"": ""shown"", ""gif"": ""/static/trader_bridge_app/vue/assets/diamond.gif"", ""trader_id"": ""74c01899-253f-4aa9-8a9d-3032636eac68""}",1789085224.88212
c37a19d1-3da8-40e7-97e2-5548f7a2b914,c11b900e-41c7-4c49-9287-047825bc1421,HUMAN,shown,trend_alert,down-streak,down-streak,2026-09-11T00:07:06.300Z,2026-09-11T00:07:06.415429+00:00,"{""client_ts"": ""2026-09-11T00:07:06.300Z"", ""element_id"": ""down-streak"", ""element_label"": ""down-streak"", ""element_type"": ""trend_alert"", ""event_name"": ""shown"", ""message"": ""Price went down 3 times in the last 5 ticks!"", ""trader_id"": ""c11b900e-41c7-4c49-9287-047825bc1421""}",1789085226.424103
c37a19d1-3da8-40e7-97e2-5548f7a2b914,74c01899-253f-4aa9-8a9d-3032636eac68,HUMAN,shown,trend_alert,down-streak,down-streak,2026-09-11T00:07:06.331Z,2026-09-11T00:07:06.428128+00:00,"{""client_ts"": ""2026-09-11T00:07:06.331Z"", ""element_id"": ""down-streak"", ""element_label"": ""down-streak"", ""element_type"": ""trend_alert"", ""event_name"": ""shown"", ""message"": ""Price went down 3 times in the last 5 ticks!"", ""trader_id"": ""74c01899-253f-4aa9-8a9d-3032636eac68""}",1789085226.436582
c37a19d1-3da8-40e7-97e2-5548f7a2b914,aba8edfe-fe90-4b8d-a777-96c72d78592d,HUMAN,shown,trend_alert,down-streak,down-streak,2026-09-11T00:07:06.325Z,2026-09-11T00:07:06.440733+00:00,"{""client_ts"": ""2026-09-11T00:07:06.325Z"", ""element_id"": ""down-streak"", ""element_label"": ""down-streak"", ""element_type"": ""trend_alert"", ""event_name"": ""shown"", ""message"": ""Price went down 3 times in the last 5 ticks!"", ""trader_id"": ""aba8edfe-fe90-4b8d-a777-96c72d78592d""}",1789085226.448832
c37a19d1-3da8-40e7-97e2-5548f7a2b914,cb921b26-f05d-4d63-b193-514916440927,HUMAN,shown,trend_alert,down-streak,down-streak,2026-09-11T00:07:06.338Z,2026-09-11T00:07:06.453043+00:00,"{""client_ts"": ""2026-09-11T00:07:06.338Z"", ""element_id"": ""down-streak"", ""element_label"": ""down-streak"", ""element_type"": ""trend_alert"", ""event_name"": ""shown"", ""message"": ""Price went down 3 times in the last 5 ticks!"", ""trader_id"": ""cb921b26-f05d-4d63-b193-514916440927""}",1789085226.461194
c37a19d1-3da8-40e7-97e2-5548f7a2b914,f92101ae-25b2-44a6-a0cc-63a443dd5248,HUMAN,shown,trend_alert,down-streak,down-streak,2026-09-11T00:07:06.337Z,2026-09-11T00:07:06.465796+00:00,"{""client_ts"": ""2026-09-11T00:07:06.337Z"", ""element_id"": ""down-streak"", ""element_label"": ""down-streak"", ""element_type"": ""trend_alert"", ""event_name"": ""shown"", ""message"": ""Price went down 3 times in the last 5 ticks!"", ""trader_id"": ""f92101ae-25b2-44a6-a0cc-63a443dd5248""}",1789085226.474906
c37a19d1-3da8-40e7-97e2-5548f7a2b914,901fa291-0d92-429b-bbbd-77bbf582f43d,HUMAN,shown,trend_alert,down-streak,down-streak,2026-09-11T00:07:06.272Z,2026-09-11T00:07:06.478774+00:00,"{""client_ts"": ""2026-09-11T00:07:06.272Z"", ""element_id"": ""down-streak"", ""element_label"": ""down-streak"", ""element_type"": ""trend_alert"", ""event_name"": ""shown"", ""message"": ""Price went down 3 times in the last 5 ticks!"", ""trader_id"": ""901fa291-0d92-429b-bbbd-77bbf582f43d""}",1789085226.487617
c37a19d1-3da8-40e7-97e2-5548f7a2b914,f92101ae-25b2-44a6-a0cc-63a443dd5248,HUMAN,shown,badge_unlock,bronze,Bronze,2026-09-11T00:07:07.284Z,2026-09-11T00:07:07.554840+00:00,"{""client_ts"": ""2026-09-11T00:07:07.284Z"", ""element_id"": ""bronze"", ""element_label"": ""Bronze"", ""element_type"": ""badge_unlock"", ""event_name"": ""shown"", ""total_trades_threshold"": 10, ""trader_id"": ""f92101ae-25b2-44a6-a0cc-63a443dd5248""}",1789085227.56233
c37a19d1-3da8-40e7-97e2-5548f7a2b914,f92101ae-25b2-44a6-a0cc-63a443dd5248,HUMAN,shown,badge_modal,bronze,Bronze,2026-09-11T00:07:07.284Z,2026-09-11T00:07:07.609236+00:00,"{""client_ts"": ""2026-09-11T00:07:07.284Z"", ""element_id"": ""bronze"", ""element_label"": ""Bronze"", ""element_type"": ""badge_modal"", ""event_name"": ""shown"", ""message"": ""Level up! Doing well"", ""total_trades"": 10, ""trader_id"": ""f92101ae-25b2-44a6-a0cc-63a443dd5248""}",1789085227.626793
c37a19d1-3da8-40e7-97e2-5548f7a2b914,f92101ae-25b2-44a6-a0cc-63a443dd5248,HUMAN,shown,badge_gif,bronze,Bronze,2026-09-11T00:07:07.284Z,2026-09-11T00:07:07.728982+00:00,"{""client_ts"": ""2026-09-11T00:07:07.284Z"", ""element_id"": ""bronze"", ""element_label"": ""Bronze"", ""element_type"": ""badge_gif"", ""event_name"": ""shown"", ""gif"": ""/static/trader_bridge_app/vue/assets/bronze.gif"", ""trader_id"": ""f92101ae-25b2-44a6-a0cc-63a443dd5248""}",1789085227.736978
c37a19d1-3da8-40e7-97e2-5548f7a2b914,c11b900e-41c7-4c49-9287-047825bc1421,HUMAN,shown,badge_unlock,gold,Gold,2026-09-11T00:07:09.285Z,2026-09-11T00:07:09.493680+00:00,"{""client_ts"": ""2026-09-11T00:07:09.285Z"", ""element_id"": ""gold"", ""element_label"": ""Gold"", ""element_type"": ""badge_unlock"", ""event_name"": ""shown"", ""total_trades_threshold"": 35, ""trader_id"": ""c11b900e-41c7-4c49-9287-047825bc1421""}",1789085229.50132
c37a19d1-3da8-40e7-97e2-5548f7a2b914,c11b900e-41c7-4c49-9287-047825bc1421,HUMAN,shown,badge_modal,gold,Gold,2026-09-11T00:07:09.286Z,2026-09-11T00:07:09.710424+00:00,"{""client_ts"": ""2026-09-11T00:07:09.286Z"", ""element_id"": ""gold"", ""element_label"": ""Gold"", ""element_type"": ""badge_modal"", ""event_name"": ""shown"", ""message"": ""You are the money maker!"", ""total_trades"": 35, ""trader_id"": ""c11b900e-41c7-4c49-9287-047825bc1421""}",1789085229.717675
c37a19d1-3da8-40e7-97e2-5548f7a2b914,aba8edfe-fe90-4b8d-a777-96c72d78592d,HUMAN,shown,badge_unlock,diamond,Diamond,2026-09-11T00:07:09.477Z,2026-09-11T00:07:09.740292+00:00,"{""client_ts"": ""2026-09-11T00:07:09.477Z"", ""element_id"": ""diamond"", ""element_label"": ""Diamond"", ""element_type"": ""badge_unlock"", ""event_name"": ""shown"", ""total_trades_threshold"": 60, ""trader_id"": ""aba8edfe-fe90-4b8d-a777-96c72d78592d""}",1789085229.749148
c37a19d1-3da8-40e7-97e2-5548f7a2b914,c11b900e-41c7-4c49-9287-047825bc1421,HUMAN,shown,badge_gif,gold,Gold,2026-09-11T00:07:09.286Z,2026-09-11T00:07:09.753079+00:00,"{""client_ts"": ""2026-09-11T00:07:09.286Z"", ""element_id"": ""gold"", ""element_label"": ""Gold"", ""element_type"": ""badge_gif"", ""event_name"": ""shown"", ""gif"": ""/static/trader_bridge_app/vue/assets/gold.gif"", ""trader_id"": ""c11b900e-41c7-4c49-9287-047825bc1421""}",1789085229.760306
c37a19d1-3da8-40e7-97e2-5548f7a2b914,aba8edfe-fe90-4b8d-a777-96c72d78592d,HUMAN,shown,badge_modal,diamond,Diamond,2026-09-11T00:07:09.477Z,2026-09-11T00:07:09.781805+00:00,"{""client_ts"": ""2026-09-11T00:07:09.477Z"", ""element_id"": ""diamond"", ""element_label"": ""Diamond"", ""element_type"": ""badge_modal"", ""event_name"": ""shown"", ""message"": ""The Wolf of Wall Street"", ""total_trades"": 60, ""trader_id"": ""aba8edfe-fe90-4b8d-a777-96c72d78592d""}",1789085229.789727
c37a19d1-3da8-40e7-97e2-5548f7a2b914,aba8edfe-fe90-4b8d-a777-96c72d78592d,HUMAN,shown,badge_gif,diamond,Diamond,2026-09-11T00:07:09.477Z,2026-09-11T00:07:09.816419+00:00,"{""client_ts"": ""2026-09-11T00:07:09.477Z"", ""element_id"": ""diamond"", ""element_label"": ""Diamond"", ""element_type"": ""badge_gif"", ""event_name"": ""shown"", ""gif"": ""/static/trader_bridge_app/vue/assets/diamond.gif"", ""trader_id"": ""aba8edfe-fe90-4b8d-a777-96c72d78592d""}",1789085229.824696
c37a19d1-3da8-40e7-97e2-5548f7a2b914,aba8edfe-fe90-4b8d-a777-96c72d78592d,HUMAN,shown,trend_alert,down-streak,down-streak,2026-09-11T00:07:16.003Z,2026-09-11T00:07:16.119659+00:00,"{""client_ts"": ""2026-09-11T00:07:16.003Z"", ""element_id"": ""down-streak"", ""element_label"": ""down-streak"", ""element_type"": ""trend_alert"", ""event_name"": ""shown"", ""message"": ""Price went down 3 times in the last 5 ticks!"", ""trader_id"": ""aba8edfe-fe90-4b8d-a777-96c72d78592d""}",1789085236.127124
c37a19d1-3da8-40e7-97e2-5548f7a2b914,c11b900e-41c7-4c49-9287-047825bc1421,HUMAN,shown,trend_alert,down-streak,down-streak,2026-09-11T00:07:15.981Z,2026-09-11T00:07:16.130690+00:00,"{""client_ts"": ""2026-09-11T00:07:15.981Z"", ""element_id"": ""down-streak"", ""element_label"": ""down-streak"", ""element_type"": ""trend_alert"", ""event_name"": ""shown"", ""message"": ""Price went down 3 times in the last 5 ticks!"", ""trader_id"": ""c11b900e-41c7-4c49-9287-047825bc1421""}",1789085236.137673
c37a19d1-3da8-40e7-97e2-5548f7a2b914,901fa291-0d92-429b-bbbd-77bbf582f43d,HUMAN,shown,trend_alert,down-streak,down-streak,2026-09-11T00:07:15.950Z,2026-09-11T00:07:16.141326+00:00,"{""client_ts"": ""2026-09-11T00:07:15.950Z"", ""element_id"": ""down-streak"", ""element_label"": ""down-streak"", ""element_type"": ""trend_alert"", ""event_name"": ""shown"", ""message"": ""Price went down 3 times in the last 5 ticks!"", ""trader_id"": ""901fa291-0d92-429b-bbbd-77bbf582f43d""}",1789085236.148431
c37a19d1-3da8-40e7-97e2-5548f7a2b914,f92101ae-25b2-44a6-a0cc-63a443dd5248,HUMAN,shown,trend_alert,down-streak,down-streak,2026-09-11T00:07:16.017Z,2026-09-11T00:07:16.152799+00:00,"{""client_ts"": ""2026-09-11T00:07:16.017Z"", ""element_id"": ""down-streak"", ""element_label"": ""down-streak"", ""element_type"": ""trend_alert"", ""event_name"": ""shown"", ""message"": ""Price went down 3 times in the last 5 ticks!"", ""trader_id"": ""f92101ae-25b2-44a6-a0cc-63a443dd5248""}",1789085236.160818
c37a19d1-3da8-40e7-97e2-5548f7a2b914,cb921b26-f05d-4d63-b193-514916440927,HUMAN,shown,trend_alert,down-streak,down-streak,2026-09-11T00:07:16.017Z,2026-09-11T00:07:16.164912+00:00,"{""client_ts"": ""2026-09-11T00:07:16.017Z"", ""element_id"": ""down-streak"", ""element_label"": ""down-streak"", ""element_type"": ""trend_alert"", ""event_name"": ""shown"", ""message"": ""Price went down 3 times in the last 5 ticks!"", ""trader_id"": ""cb921b26-f05d-4d63-b193-514916440927""}",1789085236.17251
c37a19d1-3da8-40e7-97e2-5548f7a2b914,74c01899-253f-4aa9-8a9d-3032636eac68,HUMAN,shown,trend_alert,down-streak,down-streak,2026-09-11T00:07:16.012Z,2026-09-11T00:07:16.176400+00:00,"{""client_ts"": ""2026-09-11T00:07:16.012Z"", ""element_id"": ""down-streak"", ""element_label"": ""down-streak"", ""element_type"": ""trend_alert"", ""event_name"": ""shown"", ""message"": ""Price went down 3 times in the last 5 ticks!"", ""trader_id"": ""74c01899-253f-4aa9-8a9d-3032636eac68""}",1789085236.184072
24b999b2-fcb9-4304-a923-41f366998dad,a2c8775b-1ae1-4fde-ac28-c87afc49dad3,HUMAN,shown,badge_unlock,platinum,Platinum,2026-09-11T00:07:26.116Z,2026-09-11T00:07:26.294570+00:00,"{""client_ts"": ""2026-09-11T00:07:26.116Z"", ""element_id"": ""platinum"", ""element_label"": ""Platinum"", ""element_type"": ""badge_unlock"", ""event_name"": ""shown"", ""total_trades_threshold"": 50, ""trader_id"": ""a2c8775b-1ae1-4fde-ac28-c87afc49dad3""}",1789085246.303204
24b999b2-fcb9-4304-a923-41f366998dad,a2c8775b-1ae1-4fde-ac28-c87afc49dad3,HUMAN,shown,badge_modal,platinum,Platinum,2026-09-11T00:07:26.116Z,2026-09-11T00:07:26.319419+00:00,"{""client_ts"": ""2026-09-11T00:07:26.116Z"", ""element_id"": ""platinum"", ""element_label"": ""Platinum"", ""element_type"": ""badge_modal"", ""event_name"": ""shown"", ""message"": ""You are definitely going places!"", ""total_trades"": 50, ""trader_id"": ""a2c8775b-1ae1-4fde-ac28-c87afc49dad3""}",1789085246.34036
24b999b2-fcb9-4304-a923-41f366998dad,a2c8775b-1ae1-4fde-ac28-c87afc49dad3,HUMAN,shown,badge_gif,platinum,Platinum,2026-09-11T00:07:26.117Z,2026-09-11T00:07:26.352750+00:00,"{""client_ts"": ""2026-09-11T00:07:26.117Z"", ""element_id"": ""platinum"", ""element_label"": ""Platinum"", ""element_type"": ""badge_gif"", ""event_name"": ""shown"", ""gif"": ""/static/trader_bridge_app/vue/assets/platinum.gif"", ""trader_id"": ""a2c8775b-1ae1-4fde-ac28-c87afc49dad3""}",1789085246.369813
24b999b2-fcb9-4304-a923-41f366998dad,003c3411-c4ec-4d3c-9ae3-78a3e3c7d8df,HUMAN,shown,badge_unlock,platinum,Platinum,2026-09-11T00:07:29.968Z,2026-09-11T00:07:30.111575+00:00,"{""client_ts"": ""2026-09-11T00:07:29.968Z"", ""element_id"": ""platinum"", ""element_label"": ""Platinum"", ""element_type"": ""badge_unlock"", ""event_name"": ""shown"", ""total_trades_threshold"": 50, ""trader_id"": ""003c3411-c4ec-4d3c-9ae3-78a3e3c7d8df""}",1789085250.135172
24b999b2-fcb9-4304-a923-41f366998dad,003c3411-c4ec-4d3c-9ae3-78a3e3c7d8df,HUMAN,shown,badge_modal,platinum,Platinum,2026-09-11T00:07:29.968Z,2026-09-11T00:07:30.142548+00:00,"{""client_ts"": ""2026-09-11T00:07:29.968Z"", ""element_id"": ""platinum"", ""element_label"": ""Platinum"", ""element_type"": ""badge_modal"", ""event_name"": ""shown"", ""message"": ""You are definitely going places!"", ""total_trades"": 50, ""trader_id"": ""003c3411-c4ec-4d3c-9ae3-78a3e3c7d8df""}",1789085250.150535
24b999b2-fcb9-4304-a923-41f366998dad,003c3411-c4ec-4d3c-9ae3-78a3e3c7d8df,HUMAN,shown,badge_gif,platinum,Platinum,2026-09-11T00:07:29.968Z,2026-09-11T00:07:30.158447+00:00,"{""client_ts"": ""2026-09-11T00:07:29.968Z"", ""element_id"": ""platinum"", ""element_label"": ""Platinum"", ""element_type"": ""badge_gif"", ""event_name"": ""shown"", ""gif"": ""/static/trader_bridge_app/vue/assets/platinum.gif"", ""trader_id"": ""003c3411-c4ec-4d3c-9ae3-78a3e3c7d8df""}",1789085250.166964
049c3a29-2e35-4c9e-b1ee-32442d8510e1,64998d2d-498a-4e64-99d7-6a9d7940577e,HUMAN,shown,trend_alert,up-streak,up-streak,2026-09-11T00:07:44.665Z,2026-09-11T00:07:44.896094+00:00,"{""client_ts"": ""2026-09-11T00:07:44.665Z"", ""element_id"": ""up-streak"", ""element_label"": ""up-streak"", ""element_type"": ""trend_alert"", ""event_name"": ""shown"", ""message"": ""Price went up 3 times in the last 5 ticks!"", ""trader_id"": ""64998d2d-498a-4e64-99d7-6a9d7940577e""}",1789085264.90399
049c3a29-2e35-4c9e-b1ee-32442d8510e1,ab2ca6f6-98d2-4898-80c5-d4833fb874be,HUMAN,shown,trend_alert,up-streak,up-streak,2026-09-11T00:07:44.665Z,2026-09-11T00:07:44.914343+00:00,"{""client_ts"": ""2026-09-11T00:07:44.665Z"", ""element_id"": ""up-streak"", ""element_label"": ""up-streak"", ""element_type"": ""trend_alert"", ""event_name"": ""shown"", ""message"": ""Price went up 3 times in the last 5 ticks!"", ""trader_id"": ""ab2ca6f6-98d2-4898-80c5-d4833fb874be""}",1789085264.92209
049c3a29-2e35-4c9e-b1ee-32442d8510e1,73fe5556-d77f-4bf9-ba8e-833298d43f8a,HUMAN,shown,trend_alert,up-streak,up-streak,2026-09-11T00:07:44.668Z,2026-09-11T00:07:44.925769+00:00,"{""client_ts"": ""2026-09-11T00:07:44.668Z"", ""element_id"": ""up-streak"", ""element_label"": ""up-streak"", ""element_type"": ""trend_alert"", ""event_name"": ""shown"", ""message"": ""Price went up 3 times in the last 5 ticks!"", ""trader_id"": ""73fe5556-d77f-4bf9-ba8e-833298d43f8a""}",1789085264.933261
049c3a29-2e35-4c9e-b1ee-32442d8510e1,8743e64f-c9a4-4f8a-b5a3-89f9f130f2aa,HUMAN,shown,trend_alert,up-streak,up-streak,2026-09-11T00:07:44.656Z,2026-09-11T00:07:44.936999+00:00,"{""client_ts"": ""2026-09-11T00:07:44.656Z"", ""element_id"": ""up-streak"", ""element_label"": ""up-streak"", ""element_type"": ""trend_alert"", ""event_name"": ""shown"", ""message"": ""Price went up 3 times in the last 5 ticks!"", ""trader_id"": ""8743e64f-c9a4-4f8a-b5a3-89f9f130f2aa""}",1789085264.944153
049c3a29-2e35-4c9e-b1ee-32442d8510e1,81a977dc-433d-4415-94c7-ebaad5de679b,HUMAN,shown,trend_alert,up-streak,up-streak,2026-09-11T00:07:44.665Z,2026-09-11T00:07:44.998678+00:00,"{""client_ts"": ""2026-09-11T00:07:44.665Z"", ""element_id"": ""up-streak"", ""element_label"": ""up-streak"", ""element_type"": ""trend_alert"", ""event_name"": ""shown"", ""message"": ""Price went up 3 times in the last 5 ticks!"", ""trader_id"": ""81a977dc-433d-4415-94c7-ebaad5de679b""}",1789085265.006589
049c3a29-2e35-4c9e-b1ee-32442d8510e1,ab2ca6f6-98d2-4898-80c5-d4833fb874be,HUMAN,shown,badge_unlock,silver,Silver,2026-09-11T00:07:48.311Z,2026-09-11T00:07:48.635913+00:00,"{""client_ts"": ""2026-09-11T00:07:48.311Z"", ""element_id"": ""silver"", ""element_label"": ""Silver"", ""element_type"": ""badge_unlock"", ""event_name"": ""shown"", ""total_trades_threshold"": 15, ""trader_id"": ""ab2ca6f6-98d2-4898-80c5-d4833fb874be""}",1789085268.648332
049c3a29-2e35-4c9e-b1ee-32442d8510e1,ab2ca6f6-98d2-4898-80c5-d4833fb874be,HUMAN,shown,badge_modal,silver,Silver,2026-09-11T00:07:48.311Z,2026-09-11T00:07:48.744309+00:00,"{""client_ts"": ""2026-09-11T00:07:48.311Z"", ""element_id"": ""silver"", ""element_label"": ""Silver"", ""element_type"": ""badge_modal"", ""event_name"": ""shown"", ""message"": ""You belong on the trading floor!"", ""total_trades"": 15, ""trader_id"": ""ab2ca6f6-98d2-4898-80c5-d4833fb874be""}",1789085268.760234
049c3a29-2e35-4c9e-b1ee-32442d8510e1,ab2ca6f6-98d2-4898-80c5-d4833fb874be,HUMAN,shown,badge_gif,silver,Silver,2026-09-11T00:07:48.311Z,2026-09-11T00:07:48.807678+00:00,"{""client_ts"": ""2026-09-11T00:07:48.311Z"", ""element_id"": ""silver"", ""element_label"": ""Silver"", ""element_type"": ""badge_gif"", ""event_name"": ""shown"", ""gif"": ""/static/trader_bridge_app/vue/assets/silver.gif"", ""trader_id"": ""ab2ca6f6-98d2-4898-80c5-d4833fb874be""}",1789085268.815233
049c3a29-2e35-4c9e-b1ee-32442d8510e1,64998d2d-498a-4e64-99d7-6a9d7940577e,HUMAN,shown,trend_alert,up-streak,up-streak,2026-09-11T00:07:51.046Z,2026-09-11T00:07:51.101781+00:00,"{""client_ts"": ""2026-09-11T00:07:51.046Z"", ""element_id"": ""up-streak"", ""element_label"": ""up-streak"", ""element_type"": ""trend_alert"", ""event_name"": ""shown"", ""message"": ""Price went up 3 times in the last 5 ticks!"", ""trader_id"": ""64998d2d-498a-4e64-99d7-6a9d7940577e""}",1789085271.167567
049c3a29-2e35-4c9e-b1ee-32442d8510e1,8743e64f-c9a4-4f8a-b5a3-89f9f130f2aa,HUMAN,shown,trend_alert,up-streak,up-streak,2026-09-11T00:07:51.036Z,2026-09-11T00:07:51.173716+00:00,"{""client_ts"": ""2026-09-11T00:07:51.036Z"", ""element_id"": ""up-streak"", ""element_label"": ""up-streak"", ""element_type"": ""trend_alert"", ""event_name"": ""shown"", ""message"": ""Price went up 3 times in the last 5 ticks!"", ""trader_id"": ""8743e64f-c9a4-4f8a-b5a3-89f9f130f2aa""}",1789085271.190042
049c3a29-2e35-4c9e-b1ee-32442d8510e1,81a977dc-433d-4415-94c7-ebaad5de679b,HUMAN,shown,trend_alert,up-streak,up-streak,2026-09-11T00:07:51.046Z,2026-09-11T00:07:51.195428+00:00,"{""client_ts"": ""2026-09-11T00:07:51.046Z"", ""element_id"": ""up-streak"", ""element_label"": ""up-streak"", ""element_type"": ""trend_alert"", ""event_name"": ""shown"", ""message"": ""Price went up 3 times in the last 5 ticks!"", ""trader_id"": ""81a977dc-433d-4415-94c7-ebaad5de679b""}",1789085271.203301
049c3a29-2e35-4c9e-b1ee-32442d8510e1,093f2af1-de87-45a7-a6b1-a1bc10d10a57,HUMAN,shown,trend_alert,up-streak,up-streak,2026-09-11T00:07:51.045Z,2026-09-11T00:07:51.207096+00:00,"{""client_ts"": ""2026-09-11T00:07:51.045Z"", ""element_id"": ""up-streak"", ""element_label"": ""up-streak"", ""element_type"": ""trend_alert"", ""event_name"": ""shown"", ""message"": ""Price went up 3 times in the last 5 ticks!"", ""trader_id"": ""093f2af1-de87-45a7-a6b1-a1bc10d10a57""}",1789085271.215311
049c3a29-2e35-4c9e-b1ee-32442d8510e1,ab2ca6f6-98d2-4898-80c5-d4833fb874be,HUMAN,shown,trend_alert,up-streak,up-streak,2026-09-11T00:07:51.046Z,2026-09-11T00:07:51.222942+00:00,"{""client_ts"": ""2026-09-11T00:07:51.046Z"", ""element_id"": ""up-streak"", ""element_label"": ""up-streak"", ""element_type"": ""trend_alert"", ""event_name"": ""shown"", ""message"": ""Price went up 3 times in the last 5 ticks!"", ""trader_id"": ""ab2ca6f6-98d2-4898-80c5-d4833fb874be""}",1789085271.233083
049c3a29-2e35-4c9e-b1ee-32442d8510e1,73fe5556-d77f-4bf9-ba8e-833298d43f8a,HUMAN,shown,trend_alert,up-streak,up-streak,2026-09-11T00:07:51.050Z,2026-09-11T00:07:51.237258+00:00,"{""client_ts"": ""2026-09-11T00:07:51.050Z"", ""element_id"": ""up-streak"", ""element_label"": ""up-streak"", ""element_type"": ""trend_alert"", ""event_name"": ""shown"", ""message"": ""Price went up 3 times in the last 5 ticks!"", ""trader_id"": ""73fe5556-d77f-4bf9-ba8e-833298d43f8a""}",1789085271.244793
049c3a29-2e35-4c9e-b1ee-32442d8510e1,73fe5556-d77f-4bf9-ba8e-833298d43f8a,HUMAN,shown,badge_unlock,silver,Silver,2026-09-11T00:08:08.432Z,2026-09-11T00:08:08.488152+00:00,"{""client_ts"": ""2026-09-11T00:08:08.432Z"", ""element_id"": ""silver"", ""element_label"": ""Silver"", ""element_type"": ""badge_unlock"", ""event_name"": ""shown"", ""total_trades_threshold"": 15, ""trader_id"": ""73fe5556-d77f-4bf9-ba8e-833298d43f8a""}",1789085288.499885
049c3a29-2e35-4c9e-b1ee-32442d8510e1,73fe5556-d77f-4bf9-ba8e-833298d43f8a,HUMAN,shown,badge_modal,silver,Silver,2026-09-11T00:08:08.433Z,2026-09-11T00:08:08.508811+00:00,"{""client_ts"": ""2026-09-11T00:08:08.433Z"", ""element_id"": ""silver"", ""element_label"": ""Silver"", ""element_type"": ""badge_modal"", ""event_name"": ""shown"", ""message"": ""You belong on the trading floor!"", ""total_trades"": 15, ""trader_id"": ""73fe5556-d77f-4bf9-ba8e-833298d43f8a""}",1789085288.531324
049c3a29-2e35-4c9e-b1ee-32442d8510e1,73fe5556-d77f-4bf9-ba8e-833298d43f8a,HUMAN,shown,badge_gif,silver,Silver,2026-09-11T00:08:08.433Z,2026-09-11T00:08:08.535723+00:00,"{""client_ts"": ""2026-09-11T00:08:08.433Z"", ""element_id"": ""silver"", ""element_label"": ""Silver"", ""element_type"": ""badge_gif"", ""event_name"": ""shown"", ""gif"": ""/static/trader_bridge_app/vue/assets/silver.gif"", ""trader_id"": ""73fe5556-d77f-4bf9-ba8e-833298d43f8a""}",1789085288.546913
049c3a29-2e35-4c9e-b1ee-32442d8510e1,64998d2d-498a-4e64-99d7-6a9d7940577e,HUMAN,shown,trend_alert,up-streak,up-streak,2026-09-11T00:08:14.094Z,2026-09-11T00:08:14.152040+00:00,"{""client_ts"": ""2026-09-11T00:08:14.094Z"", ""element_id"": ""up-streak"", ""element_label"": ""up-streak"", ""element_type"": ""trend_alert"", ""event_name"": ""shown"", ""message"": ""Price went up 3 times in the last 5 ticks!"", ""trader_id"": ""64998d2d-498a-4e64-99d7-6a9d7940577e""}",1789085294.160946
049c3a29-2e35-4c9e-b1ee-32442d8510e1,81a977dc-433d-4415-94c7-ebaad5de679b,HUMAN,shown,trend_alert,up-streak,up-streak,2026-09-11T00:08:14.094Z,2026-09-11T00:08:14.164925+00:00,"{""client_ts"": ""2026-09-11T00:08:14.094Z"", ""element_id"": ""up-streak"", ""element_label"": ""up-streak"", ""element_type"": ""trend_alert"", ""event_name"": ""shown"", ""message"": ""Price went up 3 times in the last 5 ticks!"", ""trader_id"": ""81a977dc-433d-4415-94c7-ebaad5de679b""}",1789085294.172498
049c3a29-2e35-4c9e-b1ee-32442d8510e1,8743e64f-c9a4-4f8a-b5a3-89f9f130f2aa,HUMAN,shown,trend_alert,up-streak,up-streak,2026-09-11T00:08:14.090Z,2026-09-11T00:08:14.177557+00:00,"{""client_ts"": ""2026-09-11T00:08:14.090Z"", ""element_id"": ""up-streak"", ""element_label"": ""up-streak"", ""element_type"": ""trend_alert"", ""event_name"": ""shown"", ""message"": ""Price went up 3 times in the last 5 ticks!"", ""trader_id"": ""8743e64f-c9a4-4f8a-b5a3-89f9f130f2aa""}",1789085294.188438
049c3a29-2e35-4c9e-b1ee-32442d8510e1,ab2ca6f6-98d2-4898-80c5-d4833fb874be,HUMAN,shown,trend_alert,up-streak,up-streak,2026-09-11T00:08:14.096Z,2026-09-11T00:08:14.192808+00:00,"{""client_ts"": ""2026-09-11T00:08:14.096Z"", ""element_id"": ""up-streak"", ""element_label"": ""up-streak"", ""element_type"": ""trend_alert"", ""event_name"": ""shown"", ""message"": ""Price went up 3 times in the last 5 ticks!"", ""trader_id"": ""ab2ca6f6-98d2-4898-80c5-d4833fb874be""}",1789085294.201669
049c3a29-2e35-4c9e-b1ee-32442d8510e1,73fe5556-d77f-4bf9-ba8e-833298d43f8a,HUMAN,shown,trend_alert,up-streak,up-streak,2026-09-11T00:08:14.117Z,2026-09-11T00:08:14.212309+00:00,"{""client_ts"": ""2026-09-11T00:08:14.117Z"", ""element_id"": ""up-streak"", ""element_label"": ""up-streak"", ""element_type"": ""trend_alert"", ""event_name"": ""shown"", ""message"": ""Price went up 3 times in the last 5 ticks!"", ""trader_id"": ""73fe5556-d77f-4bf9-ba8e-833298d43f8a""}",1789085294.220978
049c3a29-2e35-4c9e-b1ee-32442d8510e1,093f2af1-de87-45a7-a6b1-a1bc10d10a57,HUMAN,shown,trend_alert,up-streak,up-streak,2026-09-11T00:08:14.119Z,2026-09-11T00:08:14.225417+00:00,"{""client_ts"": ""2026-09-11T00:08:14.119Z"", ""element_id"": ""up-streak"", ""element_label"": ""up-streak"", ""element_type"": ""trend_alert"", ""event_name"": ""shown"", ""message"": ""Price went up 3 times in the last 5 ticks!"", ""trader_id"": ""093f2af1-de87-45a7-a6b1-a1bc10d10a57""}",1789085294.234888
c37a19d1-3da8-40e7-97e2-5548f7a2b914,f92101ae-25b2-44a6-a0cc-63a443dd5248,HUMAN,shown,badge_unlock,silver,Silver,2026-09-11T00:08:24.776Z,2026-09-11T00:08:24.840915+00:00,"{""client_ts"": ""2026-09-11T00:08:24.776Z"", ""element_id"": ""silver"", ""element_label"": ""Silver"", ""element_type"": ""badge_unlock"", ""event_name"": ""shown"", ""total_trades_threshold"": 15, ""trader_id"": ""f92101ae-25b2-44a6-a0cc-63a443dd5248""}",1789085304.849107
c37a19d1-3da8-40e7-97e2-5548f7a2b914,f92101ae-25b2-44a6-a0cc-63a443dd5248,HUMAN,shown,badge_modal,silver,Silver,2026-09-11T00:08:24.776Z,2026-09-11T00:08:24.857234+00:00,"{""client_ts"": ""2026-09-11T00:08:24.776Z"", ""element_id"": ""silver"", ""element_label"": ""Silver"", ""element_type"": ""badge_modal"", ""event_name"": ""shown"", ""message"": ""You belong on the trading floor!"", ""total_trades"": 15, ""trader_id"": ""f92101ae-25b2-44a6-a0cc-63a443dd5248""}",1789085304.865655
c37a19d1-3da8-40e7-97e2-5548f7a2b914,f92101ae-25b2-44a6-a0cc-63a443dd5248,HUMAN,shown,badge_gif,silver,Silver,2026-09-11T00:08:24.777Z,2026-09-11T00:08:24.873945+00:00,"{""client_ts"": ""2026-09-11T00:08:24.777Z"", ""element_id"": ""silver"", ""element_label"": ""Silver"", ""element_type"": ""badge_gif"", ""event_name"": ""shown"", ""gif"": ""/static/trader_bridge_app/vue/assets/silver.gif"", ""trader_id"": ""f92101ae-25b2-44a6-a0cc-63a443dd5248""}",1789085304.881738
c37a19d1-3da8-40e7-97e2-5548f7a2b914,f92101ae-25b2-44a6-a0cc-63a443dd5248,HUMAN,shown,trend_alert,up-streak,up-streak,2026-09-11T00:08:27.732Z,2026-09-11T00:08:27.787992+00:00,"{""client_ts"": ""2026-09-11T00:08:27.732Z"", ""element_id"": ""up-streak"", ""element_label"": ""up-streak"", ""element_type"": ""trend_alert"", ""event_name"": ""shown"", ""message"": ""Price went up 3 times in the last 5 ticks!"", ""trader_id"": ""f92101ae-25b2-44a6-a0cc-63a443dd5248""}",1789085307.798663
c37a19d1-3da8-40e7-97e2-5548f7a2b914,901fa291-0d92-429b-bbbd-77bbf582f43d,HUMAN,shown,trend_alert,up-streak,up-streak,2026-09-11T00:08:27.667Z,2026-09-11T00:08:27.804259+00:00,"{""client_ts"": ""2026-09-11T00:08:27.667Z"", ""element_id"": ""up-streak"", ""element_label"": ""up-streak"", ""element_type"": ""trend_alert"", ""event_name"": ""shown"", ""message"": ""Price went up 3 times in the last 5 ticks!"", ""trader_id"": ""901fa291-0d92-429b-bbbd-77bbf582f43d""}",1789085307.812245
c37a19d1-3da8-40e7-97e2-5548f7a2b914,74c01899-253f-4aa9-8a9d-3032636eac68,HUMAN,shown,trend_alert,up-streak,up-streak,2026-09-11T00:08:27.728Z,2026-09-11T00:08:27.817823+00:00,"{""client_ts"": ""2026-09-11T00:08:27.728Z"", ""element_id"": ""up-streak"", ""element_label"": ""up-streak"", ""element_type"": ""trend_alert"", ""event_name"": ""shown"", ""message"": ""Price went up 3 times in the last 5 ticks!"", ""trader_id"": ""74c01899-253f-4aa9-8a9d-3032636eac68""}",1789085307.826471
c37a19d1-3da8-40e7-97e2-5548f7a2b914,aba8edfe-fe90-4b8d-a777-96c72d78592d,HUMAN,shown,trend_alert,up-streak,up-streak,2026-09-11T00:08:27.721Z,2026-09-11T00:08:27.830575+00:00,"{""client_ts"": ""2026-09-11T00:08:27.721Z"", ""element_id"": ""up-streak"", ""element_label"": ""up-streak"", ""element_type"": ""trend_alert"", ""event_name"": ""shown"", ""message"": ""Price went up 3 times in the last 5 ticks!"", ""trader_id"": ""aba8edfe-fe90-4b8d-a777-96c72d78592d""}",1789085307.838565
c37a19d1-3da8-40e7-97e2-5548f7a2b914,cb921b26-f05d-4d63-b193-514916440927,HUMAN,shown,trend_alert,up-streak,up-streak,2026-09-11T00:08:27.738Z,2026-09-11T00:08:27.846609+00:00,"{""client_ts"": ""2026-09-11T00:08:27.738Z"", ""element_id"": ""up-streak"", ""element_label"": ""up-streak"", ""element_type"": ""trend_alert"", ""event_name"": ""shown"", ""message"": ""Price went up 3 times in the last 5 ticks!"", ""trader_id"": ""cb921b26-f05d-4d63-b193-514916440927""}",1789085307.855366
c37a19d1-3da8-40e7-97e2-5548f7a2b914,901fa291-0d92-429b-bbbd-77bbf582f43d,HUMAN,shown,badge_unlock,bronze,Bronze,2026-09-11T00:08:30.114Z,2026-09-11T00:08:30.236969+00:00,"{""client_ts"": ""2026-09-11T00:08:30.114Z"", ""element_id"": ""bronze"", ""element_label"": ""Bronze"", ""element_type"": ""badge_unlock"", ""event_name"": ""shown"", ""total_trades_threshold"": 10, ""trader_id"": ""901fa291-0d92-429b-bbbd-77bbf582f43d""}",1789085310.24604
c37a19d1-3da8-40e7-97e2-5548f7a2b914,901fa291-0d92-429b-bbbd-77bbf582f43d,HUMAN,shown,badge_modal,bronze,Bronze,2026-09-11T00:08:30.115Z,2026-09-11T00:08:30.253750+00:00,"{""client_ts"": ""2026-09-11T00:08:30.115Z"", ""element_id"": ""bronze"", ""element_label"": ""Bronze"", ""element_type"": ""badge_modal"", ""event_name"": ""shown"", ""message"": ""Level up! Doing well"", ""total_trades"": 10, ""trader_id"": ""901fa291-0d92-429b-bbbd-77bbf582f43d""}",1789085310.262011
c37a19d1-3da8-40e7-97e2-5548f7a2b914,901fa291-0d92-429b-bbbd-77bbf582f43d,HUMAN,shown,badge_gif,bronze,Bronze,2026-09-11T00:08:30.115Z,2026-09-11T00:08:30.270704+00:00,"{""client_ts"": ""2026-09-11T00:08:30.115Z"", ""element_id"": ""bronze"", ""element_label"": ""Bronze"", ""element_type"": ""badge_gif"", ""event_name"": ""shown"", ""gif"": ""/static/trader_bridge_app/vue/assets/bronze.gif"", ""trader_id"": ""901fa291-0d92-429b-bbbd-77bbf582f43d""}",1789085310.27947
24b999b2-fcb9-4304-a923-41f366998dad,780691e0-23fa-4614-8bba-e9be7f74977d,HUMAN,shown,trend_alert,down-streak,down-streak,2026-09-11T00:08:38.444Z,2026-09-11T00:08:38.507616+00:00,"{""client_ts"": ""2026-09-11T00:08:38.444Z"", ""element_id"": ""down-streak"", ""element_label"": ""down-streak"", ""element_type"": ""trend_alert"", ""event_name"": ""shown"", ""message"": ""Price went down 3 times in the last 5 ticks!"", ""trader_id"": ""780691e0-23fa-4614-8bba-e9be7f74977d""}",1789085318.515911
24b999b2-fcb9-4304-a923-41f366998dad,a2c8775b-1ae1-4fde-ac28-c87afc49dad3,HUMAN,shown,trend_alert,down-streak,down-streak,2026-09-11T00:08:38.452Z,2026-09-11T00:08:38.521172+00:00,"{""client_ts"": ""2026-09-11T00:08:38.452Z"", ""element_id"": ""down-streak"", ""element_label"": ""down-streak"", ""element_type"": ""trend_alert"", ""event_name"": ""shown"", ""message"": ""Price went down 3 times in the last 5 ticks!"", ""trader_id"": ""a2c8775b-1ae1-4fde-ac28-c87afc49dad3""}",1789085318.531175
24b999b2-fcb9-4304-a923-41f366998dad,c244c4f3-087f-4071-a2a0-0d929c6c70b5,HUMAN,shown,trend_alert,down-streak,down-streak,2026-09-11T00:08:38.442Z,2026-09-11T00:08:38.535170+00:00,"{""client_ts"": ""2026-09-11T00:08:38.442Z"", ""element_id"": ""down-streak"", ""element_label"": ""down-streak"", ""element_type"": ""trend_alert"", ""event_name"": ""shown"", ""message"": ""Price went down 3 times in the last 5 ticks!"", ""trader_id"": ""c244c4f3-087f-4071-a2a0-0d929c6c70b5""}",1789085318.542587
24b999b2-fcb9-4304-a923-41f366998dad,2d5f7443-b06c-44da-896b-87f49555ca30,HUMAN,shown,trend_alert,down-streak,down-streak,2026-09-11T00:08:38.449Z,2026-09-11T00:08:38.547286+00:00,"{""client_ts"": ""2026-09-11T00:08:38.449Z"", ""element_id"": ""down-streak"", ""element_label"": ""down-streak"", ""element_type"": ""trend_alert"", ""event_name"": ""shown"", ""message"": ""Price went down 3 times in the last 5 ticks!"", ""trader_id"": ""2d5f7443-b06c-44da-896b-87f49555ca30""}",1789085318.554711
24b999b2-fcb9-4304-a923-41f366998dad,003c3411-c4ec-4d3c-9ae3-78a3e3c7d8df,HUMAN,shown,trend_alert,down-streak,down-streak,2026-09-11T00:08:38.434Z,2026-09-11T00:08:38.559806+00:00,"{""client_ts"": ""2026-09-11T00:08:38.434Z"", ""element_id"": ""down-streak"", ""element_label"": ""down-streak"", ""element_type"": ""trend_alert"", ""event_name"": ""shown"", ""message"": ""Price went down 3 times in the last 5 ticks!"", ""trader_id"": ""003c3411-c4ec-4d3c-9ae3-78a3e3c7d8df""}",1789085318.567818
24b999b2-fcb9-4304-a923-41f366998dad,938302d7-eb4b-4b56-b728-955547edbafb,HUMAN,shown,trend_alert,down-streak,down-streak,2026-09-11T00:08:38.458Z,2026-09-11T00:08:38.571478+00:00,"{""client_ts"": ""2026-09-11T00:08:38.458Z"", ""element_id"": ""down-streak"", ""element_label"": ""down-streak"", ""element_type"": ""trend_alert"", ""event_name"": ""shown"", ""message"": ""Price went down 3 times in the last 5 ticks!"", ""trader_id"": ""938302d7-eb4b-4b56-b728-955547edbafb""}",1789085318.581141
24b999b2-fcb9-4304-a923-41f366998dad,a2c8775b-1ae1-4fde-ac28-c87afc49dad3,HUMAN,shown,trend_alert,up-streak,up-streak,2026-09-11T00:08:52.538Z,2026-09-11T00:08:52.594657+00:00,"{""client_ts"": ""2026-09-11T00:08:52.538Z"", ""element_id"": ""up-streak"", ""element_label"": ""up-streak"", ""element_type"": ""trend_alert"", ""event_name"": ""shown"", ""message"": ""Price went up 3 times in the last 5 ticks!"", ""trader_id"": ""a2c8775b-1ae1-4fde-ac28-c87afc49dad3""}",1789085332.605804
24b999b2-fcb9-4304-a923-41f366998dad,780691e0-23fa-4614-8bba-e9be7f74977d,HUMAN,shown,trend_alert,up-streak,up-streak,2026-09-11T00:08:52.531Z,2026-09-11T00:08:52.611138+00:00,"{""client_ts"": ""2026-09-11T00:08:52.531Z"", ""element_id"": ""up-streak"", ""element_label"": ""up-streak"", ""element_type"": ""trend_alert"", ""event_name"": ""shown"", ""message"": ""Price went up 3 times in the last 5 ticks!"", ""trader_id"": ""780691e0-23fa-4614-8bba-e9be7f74977d""}",1789085332.621139
24b999b2-fcb9-4304-a923-41f366998dad,2d5f7443-b06c-44da-896b-87f49555ca30,HUMAN,shown,trend_alert,up-streak,up-streak,2026-09-11T00:08:52.538Z,2026-09-11T00:08:52.626181+00:00,"{""client_ts"": ""2026-09-11T00:08:52.538Z"", ""element_id"": ""up-streak"", ""element_label"": ""up-streak"", ""element_type"": ""trend_alert"", ""event_name"": ""shown"", ""message"": ""Price went up 3 times in the last 5 ticks!"", ""trader_id"": ""2d5f7443-b06c-44da-896b-87f49555ca30""}",1789085332.637412
24b999b2-fcb9-4304-a923-41f366998dad,938302d7-eb4b-4b56-b728-955547edbafb,HUMAN,shown,trend_alert,up-streak,up-streak,2026-09-11T00:08:52.542Z,2026-09-11T00:08:52.642413+00:00,"{""client_ts"": ""2026-09-11T00:08:52.542Z"", ""element_id"": ""up-streak"", ""element_label"": ""up-streak"", ""element_type"": ""trend_alert"", ""event_name"": ""shown"", ""message"": ""Price went up 3 times in the last 5 ticks!"", ""trader_id"": ""938302d7-eb4b-4b56-b728-955547edbafb""}",1789085332.655639
24b999b2-fcb9-4304-a923-41f366998dad,c244c4f3-087f-4071-a2a0-0d929c6c70b5,HUMAN,shown,trend_alert,up-streak,up-streak,2026-09-11T00:08:52.529Z,2026-09-11T00:08:52.661760+00:00,"{""client_ts"": ""2026-09-11T00:08:52.529Z"", ""element_id"": ""up-streak"", ""element_label"": ""up-streak"", ""element_type"": ""trend_alert"", ""event_name"": ""shown"", ""message"": ""Price went up 3 times in the last 5 ticks!"", ""trader_id"": ""c244c4f3-087f-4071-a2a0-0d929c6c70b5""}",1789085332.670529
24b999b2-fcb9-4304-a923-41f366998dad,003c3411-c4ec-4d3c-9ae3-78a3e3c7d8df,HUMAN,shown,trend_alert,up-streak,up-streak,2026-09-11T00:08:52.519Z,2026-09-11T00:08:52.676968+00:00,"{""client_ts"": ""2026-09-11T00:08:52.519Z"", ""element_id"": ""up-streak"", ""element_label"": ""up-streak"", ""element_type"": ""trend_alert"", ""event_name"": ""shown"", ""message"": ""Price went up 3 times in the last 5 ticks!"", ""trader_id"": ""003c3411-c4ec-4d3c-9ae3-78a3e3c7d8df""}",1789085332.693937
c37a19d1-3da8-40e7-97e2-5548f7a2b914,c11b900e-41c7-4c49-9287-047825bc1421,HUMAN,shown,trend_alert,up-streak,up-streak,2026-09-11T00:08:59.267Z,2026-09-11T00:08:59.358351+00:00,"{""client_ts"": ""2026-09-11T00:08:59.267Z"", ""element_id"": ""up-streak"", ""element_label"": ""up-streak"", ""element_type"": ""trend_alert"", ""event_name"": ""shown"", ""message"": ""Price went up 3 times in the last 5 ticks!"", ""trader_id"": ""c11b900e-41c7-4c49-9287-047825bc1421""}",1789085339.366931
c37a19d1-3da8-40e7-97e2-5548f7a2b914,aba8edfe-fe90-4b8d-a777-96c72d78592d,HUMAN,shown,trend_alert,up-streak,up-streak,2026-09-11T00:08:59.294Z,2026-09-11T00:08:59.374030+00:00,"{""client_ts"": ""2026-09-11T00:08:59.294Z"", ""element_id"": ""up-streak"", ""element_label"": ""up-streak"", ""element_type"": ""trend_alert"", ""event_name"": ""shown"", ""message"": ""Price went up 3 times in the last 5 ticks!"", ""trader_id"": ""aba8edfe-fe90-4b8d-a777-96c72d78592d""}",1789085339.386813
c37a19d1-3da8-40e7-97e2-5548f7a2b914,901fa291-0d92-429b-bbbd-77bbf582f43d,HUMAN,shown,trend_alert,up-streak,up-streak,2026-09-11T00:08:59.239Z,2026-09-11T00:08:59.397667+00:00,"{""client_ts"": ""2026-09-11T00:08:59.239Z"", ""element_id"": ""up-streak"", ""element_label"": ""up-streak"", ""element_type"": ""trend_alert"", ""event_name"": ""shown"", ""message"": ""Price went up 3 times in the last 5 ticks!"", ""trader_id"": ""901fa291-0d92-429b-bbbd-77bbf582f43d""}",1789085339.407317
c37a19d1-3da8-40e7-97e2-5548f7a2b914,f92101ae-25b2-44a6-a0cc-63a443dd5248,HUMAN,shown,trend_alert,up-streak,up-streak,2026-09-11T00:08:59.304Z,2026-09-11T00:08:59.411111+00:00,"{""client_ts"": ""2026-09-11T00:08:59.304Z"", ""element_id"": ""up-streak"", ""element_label"": ""up-streak"", ""element_type"": ""trend_alert"", ""event_name"": ""shown"", ""message"": ""Price went up 3 times in the last 5 ticks!"", ""trader_id"": ""f92101ae-25b2-44a6-a0cc-63a443dd5248""}",1789085339.420552
c37a19d1-3da8-40e7-97e2-5548f7a2b914,74c01899-253f-4aa9-8a9d-3032636eac68,HUMAN,shown,trend_alert,up-streak,up-streak,2026-09-11T00:08:59.302Z,2026-09-11T00:08:59.428544+00:00,"{""client_ts"": ""2026-09-11T00:08:59.302Z"", ""element_id"": ""up-streak"", ""element_label"": ""up-streak"", ""element_type"": ""trend_alert"", ""event_name"": ""shown"", ""message"": ""Price went up 3 times in the last 5 ticks!"", ""trader_id"": ""74c01899-253f-4aa9-8a9d-3032636eac68""}",1789085339.436456
c37a19d1-3da8-40e7-97e2-5548f7a2b914,cb921b26-f05d-4d63-b193-514916440927,HUMAN,shown,trend_alert,up-streak,up-streak,2026-09-11T00:08:59.312Z,2026-09-11T00:08:59.442870+00:00,"{""client_ts"": ""2026-09-11T00:08:59.312Z"", ""element_id"": ""up-streak"", ""element_label"": ""up-streak"", ""element_type"": ""trend_alert"", ""event_name"": ""shown"", ""message"": ""Price went up 3 times in the last 5 ticks!"", ""trader_id"": ""cb921b26-f05d-4d63-b193-514916440927""}",1789085339.451225
049c3a29-2e35-4c9e-b1ee-32442d8510e1,8743e64f-c9a4-4f8a-b5a3-89f9f130f2aa,HUMAN,shown,trend_alert,up-streak,up-streak,2026-09-11T00:09:14.961Z,2026-09-11T00:09:15.045334+00:00,"{""client_ts"": ""2026-09-11T00:09:14.961Z"", ""element_id"": ""up-streak"", ""element_label"": ""up-streak"", ""element_type"": ""trend_alert"", ""event_name"": ""shown"", ""message"": ""Price went up 3 times in the last 5 ticks!"", ""trader_id"": ""8743e64f-c9a4-4f8a-b5a3-89f9f130f2aa""}",1789085355.074506
049c3a29-2e35-4c9e-b1ee-32442d8510e1,64998d2d-498a-4e64-99d7-6a9d7940577e,HUMAN,shown,trend_alert,up-streak,up-streak,2026-09-11T00:09:14.965Z,2026-09-11T00:09:15.102002+00:00,"{""client_ts"": ""2026-09-11T00:09:14.965Z"", ""element_id"": ""up-streak"", ""element_label"": ""up-streak"", ""element_type"": ""trend_alert"", ""event_name"": ""shown"", ""message"": ""Price went up 3 times in the last 5 ticks!"", ""trader_id"": ""64998d2d-498a-4e64-99d7-6a9d7940577e""}",1789085355.109867
049c3a29-2e35-4c9e-b1ee-32442d8510e1,81a977dc-433d-4415-94c7-ebaad5de679b,HUMAN,shown,trend_alert,up-streak,up-streak,2026-09-11T00:09:15.018Z,2026-09-11T00:09:15.125849+00:00,"{""client_ts"": ""2026-09-11T00:09:15.018Z"", ""element_id"": ""up-streak"", ""element_label"": ""up-streak"", ""element_type"": ""trend_alert"", ""event_name"": ""shown"", ""message"": ""Price went up 3 times in the last 5 ticks!"", ""trader_id"": ""81a977dc-433d-4415-94c7-ebaad5de679b""}",1789085355.150883
049c3a29-2e35-4c9e-b1ee-32442d8510e1,ab2ca6f6-98d2-4898-80c5-d4833fb874be,HUMAN,shown,trend_alert,up-streak,up-streak,2026-09-11T00:09:15.020Z,2026-09-11T00:09:15.157172+00:00,"{""client_ts"": ""2026-09-11T00:09:15.020Z"", ""element_id"": ""up-streak"", ""element_label"": ""up-streak"", ""element_type"": ""trend_alert"", ""event_name"": ""shown"", ""message"": ""Price went up 3 times in the last 5 ticks!"", ""trader_id"": ""ab2ca6f6-98d2-4898-80c5-d4833fb874be""}",1789085355.167702
049c3a29-2e35-4c9e-b1ee-32442d8510e1,093f2af1-de87-45a7-a6b1-a1bc10d10a57,HUMAN,shown,trend_alert,up-streak,up-streak,2026-09-11T00:09:15.017Z,2026-09-11T00:09:15.174073+00:00,"{""client_ts"": ""2026-09-11T00:09:15.017Z"", ""element_id"": ""up-streak"", ""element_label"": ""up-streak"", ""element_type"": ""trend_alert"", ""event_name"": ""shown"", ""message"": ""Price went up 3 times in the last 5 ticks!"", ""trader_id"": ""093f2af1-de87-45a7-a6b1-a1bc10d10a57""}",1789085355.188947
049c3a29-2e35-4c9e-b1ee-32442d8510e1,73fe5556-d77f-4bf9-ba8e-833298d43f8a,HUMAN,shown,trend_alert,up-streak,up-streak,2026-09-11T00:09:15.021Z,2026-09-11T00:09:15.193223+00:00,"{""client_ts"": ""2026-09-11T00:09:15.021Z"", ""element_id"": ""up-streak"", ""element_label"": ""up-streak"", ""element_type"": ""trend_alert"", ""event_name"": ""shown"", ""message"": ""Price went up 3 times in the last 5 ticks!"", ""trader_id"": ""73fe5556-d77f-4bf9-ba8e-833298d43f8a""}",1789085355.20079
24b999b2-fcb9-4304-a923-41f366998dad,2d5f7443-b06c-44da-896b-87f49555ca30,HUMAN,shown,trend_alert,up-streak,up-streak,2026-09-11T00:09:16.829Z,2026-09-11T00:09:17.149313+00:00,"{""client_ts"": ""2026-09-11T00:09:16.829Z"", ""element_id"": ""up-streak"", ""element_label"": ""up-streak"", ""element_type"": ""trend_alert"", ""event_name"": ""shown"", ""message"": ""Price went up 3 times in the last 5 ticks!"", ""trader_id"": ""2d5f7443-b06c-44da-896b-87f49555ca30""}",1789085357.159219
24b999b2-fcb9-4304-a923-41f366998dad,003c3411-c4ec-4d3c-9ae3-78a3e3c7d8df,HUMAN,shown,trend_alert,up-streak,up-streak,2026-09-11T00:09:16.812Z,2026-09-11T00:09:17.162936+00:00,"{""client_ts"": ""2026-09-11T00:09:16.812Z"", ""element_id"": ""up-streak"", ""element_label"": ""up-streak"", ""element_type"": ""trend_alert"", ""event_name"": ""shown"", ""message"": ""Price went up 3 times in the last 5 ticks!"", ""trader_id"": ""003c3411-c4ec-4d3c-9ae3-78a3e3c7d8df""}",1789085357.170353
24b999b2-fcb9-4304-a923-41f366998dad,780691e0-23fa-4614-8bba-e9be7f74977d,HUMAN,shown,trend_alert,up-streak,up-streak,2026-09-11T00:09:16.829Z,2026-09-11T00:09:17.175589+00:00,"{""client_ts"": ""2026-09-11T00:09:16.829Z"", ""element_id"": ""up-streak"", ""element_label"": ""up-streak"", ""element_type"": ""trend_alert"", ""event_name"": ""shown"", ""message"": ""Price went up 3 times in the last 5 ticks!"", ""trader_id"": ""780691e0-23fa-4614-8bba-e9be7f74977d""}",1789085357.185156
24b999b2-fcb9-4304-a923-41f366998dad,938302d7-eb4b-4b56-b728-955547edbafb,HUMAN,shown,trend_alert,up-streak,up-streak,2026-09-11T00:09:16.839Z,2026-09-11T00:09:17.188716+00:00,"{""client_ts"": ""2026-09-11T00:09:16.839Z"", ""element_id"": ""up-streak"", ""element_label"": ""up-streak"", ""element_type"": ""trend_alert"", ""event_name"": ""shown"", ""message"": ""Price went up 3 times in the last 5 ticks!"", ""trader_id"": ""938302d7-eb4b-4b56-b728-955547edbafb""}",1789085357.19598
24b999b2-fcb9-4304-a923-41f366998dad,c244c4f3-087f-4071-a2a0-0d929c6c70b5,HUMAN,shown,trend_alert,up-streak,up-streak,2026-09-11T00:09:16.824Z,2026-09-11T00:09:17.199594+00:00,"{""client_ts"": ""2026-09-11T00:09:16.824Z"", ""element_id"": ""up-streak"", ""element_label"": ""up-streak"", ""element_type"": ""trend_alert"", ""event_name"": ""shown"", ""message"": ""Price went up 3 times in the last 5 ticks!"", ""trader_id"": ""c244c4f3-087f-4071-a2a0-0d929c6c70b5""}",1789085357.207187
24b999b2-fcb9-4304-a923-41f366998dad,a2c8775b-1ae1-4fde-ac28-c87afc49dad3,HUMAN,shown,trend_alert,up-streak,up-streak,2026-09-11T00:09:16.835Z,2026-09-11T00:09:17.238202+00:00,"{""client_ts"": ""2026-09-11T00:09:16.835Z"", ""element_id"": ""up-streak"", ""element_label"": ""up-streak"", ""element_type"": ""trend_alert"", ""event_name"": ""shown"", ""message"": ""Price went up 3 times in the last 5 ticks!"", ""trader_id"": ""a2c8775b-1ae1-4fde-ac28-c87afc49dad3""}",1789085357.2465
049c3a29-2e35-4c9e-b1ee-32442d8510e1,81a977dc-433d-4415-94c7-ebaad5de679b,HUMAN,shown,badge_unlock,gold,Gold,2026-09-11T00:09:51.897Z,2026-09-11T00:09:51.982928+00:00,"{""client_ts"": ""2026-09-11T00:09:51.897Z"", ""element_id"": ""gold"", ""element_label"": ""Gold"", ""element_type"": ""badge_unlock"", ""event_name"": ""shown"", ""total_trades_threshold"": 35, ""trader_id"": ""81a977dc-433d-4415-94c7-ebaad5de679b""}",1789085391.990835
049c3a29-2e35-4c9e-b1ee-32442d8510e1,81a977dc-433d-4415-94c7-ebaad5de679b,HUMAN,shown,badge_modal,gold,Gold,2026-09-11T00:09:51.897Z,2026-09-11T00:09:51.998749+00:00,"{""client_ts"": ""2026-09-11T00:09:51.897Z"", ""element_id"": ""gold"", ""element_label"": ""Gold"", ""element_type"": ""badge_modal"", ""event_name"": ""shown"", ""message"": ""You are the money maker!"", ""total_trades"": 35, ""trader_id"": ""81a977dc-433d-4415-94c7-ebaad5de679b""}",1789085392.007091
049c3a29-2e35-4c9e-b1ee-32442d8510e1,81a977dc-433d-4415-94c7-ebaad5de679b,HUMAN,shown,badge_gif,gold,Gold,2026-09-11T00:09:51.897Z,2026-09-11T00:09:52.020661+00:00,"{""client_ts"": ""2026-09-11T00:09:51.897Z"", ""element_id"": ""gold"", ""element_label"": ""Gold"", ""element_type"": ""badge_gif"", ""event_name"": ""shown"", ""gif"": ""/static/trader_bridge_app/vue/assets/gold.gif"", ""trader_id"": ""81a977dc-433d-4415-94c7-ebaad5de679b""}",1789085392.031153
24b999b2-fcb9-4304-a923-41f366998dad,003c3411-c4ec-4d3c-9ae3-78a3e3c7d8df,HUMAN,shown,badge_unlock,diamond,Diamond,2026-09-11T00:09:57.899Z,2026-09-11T00:09:58.083178+00:00,"{""client_ts"": ""2026-09-11T00:09:57.899Z"", ""element_id"": ""diamond"", ""element_label"": ""Diamond"", ""element_type"": ""badge_unlock"", ""event_name"": ""shown"", ""total_trades_threshold"": 60, ""trader_id"": ""003c3411-c4ec-4d3c-9ae3-78a3e3c7d8df""}",1789085398.091349
24b999b2-fcb9-4304-a923-41f366998dad,003c3411-c4ec-4d3c-9ae3-78a3e3c7d8df,HUMAN,shown,badge_modal,diamond,Diamond,2026-09-11T00:09:57.899Z,2026-09-11T00:09:58.099352+00:00,"{""client_ts"": ""2026-09-11T00:09:57.899Z"", ""element_id"": ""diamond"", ""element_label"": ""Diamond"", ""element_type"": ""badge_modal"", ""event_name"": ""shown"", ""message"": ""The Wolf of Wall Street"", ""total_trades"": 60, ""trader_id"": ""003c3411-c4ec-4d3c-9ae3-78a3e3c7d8df""}",1789085398.107785
24b999b2-fcb9-4304-a923-41f366998dad,003c3411-c4ec-4d3c-9ae3-78a3e3c7d8df,HUMAN,shown,badge_gif,diamond,Diamond,2026-09-11T00:09:57.900Z,2026-09-11T00:09:58.131096+00:00,"{""client_ts"": ""2026-09-11T00:09:57.900Z"", ""element_id"": ""diamond"", ""element_label"": ""Diamond"", ""element_type"": ""badge_gif"", ""event_name"": ""shown"", ""gif"": ""/static/trader_bridge_app/vue/assets/diamond.gif"", ""trader_id"": ""003c3411-c4ec-4d3c-9ae3-78a3e3c7d8df""}",1789085398.138823
24b999b2-fcb9-4304-a923-41f366998dad,a2c8775b-1ae1-4fde-ac28-c87afc49dad3,HUMAN,shown,badge_unlock,diamond,Diamond,2026-09-11T00:10:03.556Z,2026-09-11T00:10:03.760684+00:00,"{""client_ts"": ""2026-09-11T00:10:03.556Z"", ""element_id"": ""diamond"", ""element_label"": ""Diamond"", ""element_type"": ""badge_unlock"", ""event_name"": ""shown"", ""total_trades_threshold"": 60, ""trader_id"": ""a2c8775b-1ae1-4fde-ac28-c87afc49dad3""}",1789085403.786436
24b999b2-fcb9-4304-a923-41f366998dad,a2c8775b-1ae1-4fde-ac28-c87afc49dad3,HUMAN,shown,badge_modal,diamond,Diamond,2026-09-11T00:10:03.556Z,2026-09-11T00:10:03.804312+00:00,"{""client_ts"": ""2026-09-11T00:10:03.556Z"", ""element_id"": ""diamond"", ""element_label"": ""Diamond"", ""element_type"": ""badge_modal"", ""event_name"": ""shown"", ""message"": ""The Wolf of Wall Street"", ""total_trades"": 60, ""trader_id"": ""a2c8775b-1ae1-4fde-ac28-c87afc49dad3""}",1789085403.816081
24b999b2-fcb9-4304-a923-41f366998dad,a2c8775b-1ae1-4fde-ac28-c87afc49dad3,HUMAN,shown,badge_gif,diamond,Diamond,2026-09-11T00:10:03.556Z,2026-09-11T00:10:03.824829+00:00,"{""client_ts"": ""2026-09-11T00:10:03.556Z"", ""element_id"": ""diamond"", ""element_label"": ""Diamond"", ""element_type"": ""badge_gif"", ""event_name"": ""shown"", ""gif"": ""/static/trader_bridge_app/vue/assets/diamond.gif"", ""trader_id"": ""a2c8775b-1ae1-4fde-ac28-c87afc49dad3""}",1789085403.834316
24b999b2-fcb9-4304-a923-41f366998dad,a2c8775b-1ae1-4fde-ac28-c87afc49dad3,HUMAN,shown,trend_alert,up-streak,up-streak,2026-09-11T00:10:10.881Z,2026-09-11T00:10:10.937733+00:00,"{""client_ts"": ""2026-09-11T00:10:10.881Z"", ""element_id"": ""up-streak"", ""element_label"": ""up-streak"", ""element_type"": ""trend_alert"", ""event_name"": ""shown"", ""message"": ""Price went up 3 times in the last 5 ticks!"", ""trader_id"": ""a2c8775b-1ae1-4fde-ac28-c87afc49dad3""}",1789085410.946381
24b999b2-fcb9-4304-a923-41f366998dad,2d5f7443-b06c-44da-896b-87f49555ca30,HUMAN,shown,trend_alert,up-streak,up-streak,2026-09-11T00:10:10.883Z,2026-09-11T00:10:10.952248+00:00,"{""client_ts"": ""2026-09-11T00:10:10.883Z"", ""element_id"": ""up-streak"", ""element_label"": ""up-streak"", ""element_type"": ""trend_alert"", ""event_name"": ""shown"", ""message"": ""Price went up 3 times in the last 5 ticks!"", ""trader_id"": ""2d5f7443-b06c-44da-896b-87f49555ca30""}",1789085410.95987
24b999b2-fcb9-4304-a923-41f366998dad,938302d7-eb4b-4b56-b728-955547edbafb,HUMAN,shown,trend_alert,up-streak,up-streak,2026-09-11T00:10:10.887Z,2026-09-11T00:10:10.963892+00:00,"{""client_ts"": ""2026-09-11T00:10:10.887Z"", ""element_id"": ""up-streak"", ""element_label"": ""up-streak"", ""element_type"": ""trend_alert"", ""event_name"": ""shown"", ""message"": ""Price went up 3 times in the last 5 ticks!"", ""trader_id"": ""938302d7-eb4b-4b56-b728-955547edbafb""}",1789085410.97195
24b999b2-fcb9-4304-a923-41f366998dad,780691e0-23fa-4614-8bba-e9be7f74977d,HUMAN,shown,trend_alert,up-streak,up-streak,2026-09-11T00:10:10.881Z,2026-09-11T00:10:10.975844+00:00,"{""client_ts"": ""2026-09-11T00:10:10.881Z"", ""element_id"": ""up-streak"", ""element_label"": ""up-streak"", ""element_type"": ""trend_alert"", ""event_name"": ""shown"", ""message"": ""Price went up 3 times in the last 5 ticks!"", ""trader_id"": ""780691e0-23fa-4614-8bba-e9be7f74977d""}",1789085410.983966
24b999b2-fcb9-4304-a923-41f366998dad,003c3411-c4ec-4d3c-9ae3-78a3e3c7d8df,HUMAN,shown,trend_alert,up-streak,up-streak,2026-09-11T00:10:10.863Z,2026-09-11T00:10:10.988089+00:00,"{""client_ts"": ""2026-09-11T00:10:10.863Z"", ""element_id"": ""up-streak"", ""element_label"": ""up-streak"", ""element_type"": ""trend_alert"", ""event_name"": ""shown"", ""message"": ""Price went up 3 times in the last 5 ticks!"", ""trader_id"": ""003c3411-c4ec-4d3c-9ae3-78a3e3c7d8df""}",1789085410.996001
24b999b2-fcb9-4304-a923-41f366998dad,2d5f7443-b06c-44da-896b-87f49555ca30,HUMAN,shown,trend_alert,up-streak,up-streak,2026-09-11T00:10:16.751Z,2026-09-11T00:10:16.806933+00:00,"{""client_ts"": ""2026-09-11T00:10:16.751Z"", ""element_id"": ""up-streak"", ""element_label"": ""up-streak"", ""element_type"": ""trend_alert"", ""event_name"": ""shown"", ""message"": ""Price went up 3 times in the last 5 ticks!"", ""trader_id"": ""2d5f7443-b06c-44da-896b-87f49555ca30""}",1789085416.817329
24b999b2-fcb9-4304-a923-41f366998dad,780691e0-23fa-4614-8bba-e9be7f74977d,HUMAN,shown,trend_alert,up-streak,up-streak,2026-09-11T00:10:16.749Z,2026-09-11T00:10:16.826028+00:00,"{""client_ts"": ""2026-09-11T00:10:16.749Z"", ""element_id"": ""up-streak"", ""element_label"": ""up-streak"", ""element_type"": ""trend_alert"", ""event_name"": ""shown"", ""message"": ""Price went up 3 times in the last 5 ticks!"", ""trader_id"": ""780691e0-23fa-4614-8bba-e9be7f74977d""}",1789085416.841342
24b999b2-fcb9-4304-a923-41f366998dad,a2c8775b-1ae1-4fde-ac28-c87afc49dad3,HUMAN,shown,trend_alert,up-streak,up-streak,2026-09-11T00:10:16.751Z,2026-09-11T00:10:16.845481+00:00,"{""client_ts"": ""2026-09-11T00:10:16.751Z"", ""element_id"": ""up-streak"", ""element_label"": ""up-streak"", ""element_type"": ""trend_alert"", ""event_name"": ""shown"", ""message"": ""Price went up 3 times in the last 5 ticks!"", ""trader_id"": ""a2c8775b-1ae1-4fde-ac28-c87afc49dad3""}",1789085416.857352
24b999b2-fcb9-4304-a923-41f366998dad,003c3411-c4ec-4d3c-9ae3-78a3e3c7d8df,HUMAN,shown,trend_alert,up-streak,up-streak,2026-09-11T00:10:16.732Z,2026-09-11T00:10:16.861068+00:00,"{""client_ts"": ""2026-09-11T00:10:16.732Z"", ""element_id"": ""up-streak"", ""element_label"": ""up-streak"", ""element_type"": ""trend_alert"", ""event_name"": ""shown"", ""message"": ""Price went up 3 times in the last 5 ticks!"", ""trader_id"": ""003c3411-c4ec-4d3c-9ae3-78a3e3c7d8df""}",1789085416.868792
24b999b2-fcb9-4304-a923-41f366998dad,938302d7-eb4b-4b56-b728-955547edbafb,HUMAN,shown,trend_alert,up-streak,up-streak,2026-09-11T00:10:16.757Z,2026-09-11T00:10:16.872690+00:00,"{""client_ts"": ""2026-09-11T00:10:16.757Z"", ""element_id"": ""up-streak"", ""element_label"": ""up-streak"", ""element_type"": ""trend_alert"", ""event_name"": ""shown"", ""message"": ""Price went up 3 times in the last 5 ticks!"", ""trader_id"": ""938302d7-eb4b-4b56-b728-955547edbafb""}",1789085416.88114
c37a19d1-3da8-40e7-97e2-5548f7a2b914,c11b900e-41c7-4c49-9287-047825bc1421,HUMAN,shown,trend_alert,down-streak,down-streak,2026-09-11T00:10:21.990Z,2026-09-11T00:10:22.076784+00:00,"{""client_ts"": ""2026-09-11T00:10:21.990Z"", ""element_id"": ""down-streak"", ""element_label"": ""down-streak"", ""element_type"": ""trend_alert"", ""event_name"": ""shown"", ""message"": ""Price went down 3 times in the last 5 ticks!"", ""trader_id"": ""c11b900e-41c7-4c49-9287-047825bc1421""}",1789085422.085374
c37a19d1-3da8-40e7-97e2-5548f7a2b914,74c01899-253f-4aa9-8a9d-3032636eac68,HUMAN,shown,trend_alert,down-streak,down-streak,2026-09-11T00:10:22.015Z,2026-09-11T00:10:22.090790+00:00,"{""client_ts"": ""2026-09-11T00:10:22.015Z"", ""element_id"": ""down-streak"", ""element_label"": ""down-streak"", ""element_type"": ""trend_alert"", ""event_name"": ""shown"", ""message"": ""Price went down 3 times in the last 5 ticks!"", ""trader_id"": ""74c01899-253f-4aa9-8a9d-3032636eac68""}",1789085422.099984
c37a19d1-3da8-40e7-97e2-5548f7a2b914,aba8edfe-fe90-4b8d-a777-96c72d78592d,HUMAN,shown,trend_alert,down-streak,down-streak,2026-09-11T00:10:22.011Z,2026-09-11T00:10:22.103906+00:00,"{""client_ts"": ""2026-09-11T00:10:22.011Z"", ""element_id"": ""down-streak"", ""element_label"": ""down-streak"", ""element_type"": ""trend_alert"", ""event_name"": ""shown"", ""message"": ""Price went down 3 times in the last 5 ticks!"", ""trader_id"": ""aba8edfe-fe90-4b8d-a777-96c72d78592d""}",1789085422.118816
c37a19d1-3da8-40e7-97e2-5548f7a2b914,901fa291-0d92-429b-bbbd-77bbf582f43d,HUMAN,shown,trend_alert,down-streak,down-streak,2026-09-11T00:10:21.951Z,2026-09-11T00:10:22.131475+00:00,"{""client_ts"": ""2026-09-11T00:10:21.951Z"", ""element_id"": ""down-streak"", ""element_label"": ""down-streak"", ""element_type"": ""trend_alert"", ""event_name"": ""shown"", ""message"": ""Price went down 3 times in the last 5 ticks!"", ""trader_id"": ""901fa291-0d92-429b-bbbd-77bbf582f43d""}",1789085422.139538
c37a19d1-3da8-40e7-97e2-5548f7a2b914,cb921b26-f05d-4d63-b193-514916440927,HUMAN,shown,trend_alert,down-streak,down-streak,2026-09-11T00:10:22.023Z,2026-09-11T00:10:22.143057+00:00,"{""client_ts"": ""2026-09-11T00:10:22.023Z"", ""element_id"": ""down-streak"", ""element_label"": ""down-streak"", ""element_type"": ""trend_alert"", ""event_name"": ""shown"", ""message"": ""Price went down 3 times in the last 5 ticks!"", ""trader_id"": ""cb921b26-f05d-4d63-b193-514916440927""}",1789085422.149901
c37a19d1-3da8-40e7-97e2-5548f7a2b914,f92101ae-25b2-44a6-a0cc-63a443dd5248,HUMAN,shown,trend_alert,down-streak,down-streak,2026-09-11T00:10:22.021Z,2026-09-11T00:10:22.159807+00:00,"{""client_ts"": ""2026-09-11T00:10:22.021Z"", ""element_id"": ""down-streak"", ""element_label"": ""down-streak"", ""element_type"": ""trend_alert"", ""event_name"": ""shown"", ""message"": ""Price went down 3 times in the last 5 ticks!"", ""trader_id"": ""f92101ae-25b2-44a6-a0cc-63a443dd5248""}",1789085422.168571
24b999b2-fcb9-4304-a923-41f366998dad,938302d7-eb4b-4b56-b728-955547edbafb,HUMAN,shown,badge_unlock,diamond,Diamond,2026-09-11T00:10:22.837Z,2026-09-11T00:10:22.890306+00:00,"{""client_ts"": ""2026-09-11T00:10:22.837Z"", ""element_id"": ""diamond"", ""element_label"": ""Diamond"", ""element_type"": ""badge_unlock"", ""event_name"": ""shown"", ""total_trades_threshold"": 60, ""trader_id"": ""938302d7-eb4b-4b56-b728-955547edbafb""}",1789085422.898802
24b999b2-fcb9-4304-a923-41f366998dad,938302d7-eb4b-4b56-b728-955547edbafb,HUMAN,shown,badge_modal,diamond,Diamond,2026-09-11T00:10:22.837Z,2026-09-11T00:10:22.903650+00:00,"{""client_ts"": ""2026-09-11T00:10:22.837Z"", ""element_id"": ""diamond"", ""element_label"": ""Diamond"", ""element_type"": ""badge_modal"", ""event_name"": ""shown"", ""message"": ""The Wolf of Wall Street"", ""total_trades"": 60, ""trader_id"": ""938302d7-eb4b-4b56-b728-955547edbafb""}",1789085422.911243
24b999b2-fcb9-4304-a923-41f366998dad,938302d7-eb4b-4b56-b728-955547edbafb,HUMAN,shown,badge_gif,diamond,Diamond,2026-09-11T00:10:22.837Z,2026-09-11T00:10:22.916203+00:00,"{""client_ts"": ""2026-09-11T00:10:22.837Z"", ""element_id"": ""diamond"", ""element_label"": ""Diamond"", ""element_type"": ""badge_gif"", ""event_name"": ""shown"", ""gif"": ""/static/trader_bridge_app/vue/assets/diamond.gif"", ""trader_id"": ""938302d7-eb4b-4b56-b728-955547edbafb""}",1789085422.923406
24b999b2-fcb9-4304-a923-41f366998dad,2d5f7443-b06c-44da-896b-87f49555ca30,HUMAN,shown,badge_unlock,gold,Gold,2026-09-11T00:10:28.076Z,2026-09-11T00:10:28.138924+00:00,"{""client_ts"": ""2026-09-11T00:10:28.076Z"", ""element_id"": ""gold"", ""element_label"": ""Gold"", ""element_type"": ""badge_unlock"", ""event_name"": ""shown"", ""total_trades_threshold"": 35, ""trader_id"": ""2d5f7443-b06c-44da-896b-87f49555ca30""}",1789085428.148252
24b999b2-fcb9-4304-a923-41f366998dad,2d5f7443-b06c-44da-896b-87f49555ca30,HUMAN,shown,badge_modal,gold,Gold,2026-09-11T00:10:28.077Z,2026-09-11T00:10:28.162052+00:00,"{""client_ts"": ""2026-09-11T00:10:28.077Z"", ""element_id"": ""gold"", ""element_label"": ""Gold"", ""element_type"": ""badge_modal"", ""event_name"": ""shown"", ""message"": ""You are the money maker!"", ""total_trades"": 35, ""trader_id"": ""2d5f7443-b06c-44da-896b-87f49555ca30""}",1789085428.171307
24b999b2-fcb9-4304-a923-41f366998dad,2d5f7443-b06c-44da-896b-87f49555ca30,HUMAN,shown,badge_gif,gold,Gold,2026-09-11T00:10:28.077Z,2026-09-11T00:10:28.177934+00:00,"{""client_ts"": ""2026-09-11T00:10:28.077Z"", ""element_id"": ""gold"", ""element_label"": ""Gold"", ""element_type"": ""badge_gif"", ""event_name"": ""shown"", ""gif"": ""/static/trader_bridge_app/vue/assets/gold.gif"", ""trader_id"": ""2d5f7443-b06c-44da-896b-87f49555ca30""}",1789085428.186295
049c3a29-2e35-4c9e-b1ee-32442d8510e1,8743e64f-c9a4-4f8a-b5a3-89f9f130f2aa,HUMAN,shown,trend_alert,down-streak,down-streak,2026-09-11T00:10:32.741Z,2026-09-11T00:10:32.866924+00:00,"{""client_ts"": ""2026-09-11T00:10:32.741Z"", ""element_id"": ""down-streak"", ""element_label"": ""down-streak"", ""element_type"": ""trend_alert"", ""event_name"": ""shown"", ""message"": ""Price went down 3 times in the last 5 ticks!"", ""trader_id"": ""8743e64f-c9a4-4f8a-b5a3-89f9f130f2aa""}",1789085432.875004
049c3a29-2e35-4c9e-b1ee-32442d8510e1,64998d2d-498a-4e64-99d7-6a9d7940577e,HUMAN,shown,trend_alert,down-streak,down-streak,2026-09-11T00:10:32.743Z,2026-09-11T00:10:32.878387+00:00,"{""client_ts"": ""2026-09-11T00:10:32.743Z"", ""element_id"": ""down-streak"", ""element_label"": ""down-streak"", ""element_type"": ""trend_alert"", ""event_name"": ""shown"", ""message"": ""Price went down 3 times in the last 5 ticks!"", ""trader_id"": ""64998d2d-498a-4e64-99d7-6a9d7940577e""}",1789085432.885832
049c3a29-2e35-4c9e-b1ee-32442d8510e1,81a977dc-433d-4415-94c7-ebaad5de679b,HUMAN,shown,trend_alert,down-streak,down-streak,2026-09-11T00:10:32.744Z,2026-09-11T00:10:32.889139+00:00,"{""client_ts"": ""2026-09-11T00:10:32.744Z"", ""element_id"": ""down-streak"", ""element_label"": ""down-streak"", ""element_type"": ""trend_alert"", ""event_name"": ""shown"", ""message"": ""Price went down 3 times in the last 5 ticks!"", ""trader_id"": ""81a977dc-433d-4415-94c7-ebaad5de679b""}",1789085432.896371
049c3a29-2e35-4c9e-b1ee-32442d8510e1,ab2ca6f6-98d2-4898-80c5-d4833fb874be,HUMAN,shown,trend_alert,down-streak,down-streak,2026-09-11T00:10:32.746Z,2026-09-11T00:10:32.904750+00:00,"{""client_ts"": ""2026-09-11T00:10:32.746Z"", ""element_id"": ""down-streak"", ""element_label"": ""down-streak"", ""element_type"": ""trend_alert"", ""event_name"": ""shown"", ""message"": ""Price went down 3 times in the last 5 ticks!"", ""trader_id"": ""ab2ca6f6-98d2-4898-80c5-d4833fb874be""}",1789085432.913258
049c3a29-2e35-4c9e-b1ee-32442d8510e1,093f2af1-de87-45a7-a6b1-a1bc10d10a57,HUMAN,shown,trend_alert,down-streak,down-streak,2026-09-11T00:10:32.752Z,2026-09-11T00:10:32.916568+00:00,"{""client_ts"": ""2026-09-11T00:10:32.752Z"", ""element_id"": ""down-streak"", ""element_label"": ""down-streak"", ""element_type"": ""trend_alert"", ""event_name"": ""shown"", ""message"": ""Price went down 3 times in the last 5 ticks!"", ""trader_id"": ""093f2af1-de87-45a7-a6b1-a1bc10d10a57""}",1789085432.924049
049c3a29-2e35-4c9e-b1ee-32442d8510e1,73fe5556-d77f-4bf9-ba8e-833298d43f8a,HUMAN,shown,trend_alert,down-streak,down-streak,2026-09-11T00:10:32.756Z,2026-09-11T00:10:32.927427+00:00,"{""client_ts"": ""2026-09-11T00:10:32.756Z"", ""element_id"": ""down-streak"", ""element_label"": ""down-streak"", ""element_type"": ""trend_alert"", ""event_name"": ""shown"", ""message"": ""Price went down 3 times in the last 5 ticks!"", ""trader_id"": ""73fe5556-d77f-4bf9-ba8e-833298d43f8a""}",1789085432.935023
049c3a29-2e35-4c9e-b1ee-32442d8510e1,8743e64f-c9a4-4f8a-b5a3-89f9f130f2aa,HUMAN,shown,trend_alert,up-streak,up-streak,2026-09-11T00:10:42.132Z,2026-09-11T00:10:42.228852+00:00,"{""client_ts"": ""2026-09-11T00:10:42.132Z"", ""element_id"": ""up-streak"", ""element_label"": ""up-streak"", ""element_type"": ""trend_alert"", ""event_name"": ""shown"", ""message"": ""Price went up 3 times in the last 5 ticks!"", ""trader_id"": ""8743e64f-c9a4-4f8a-b5a3-89f9f130f2aa""}",1789085442.236742
049c3a29-2e35-4c9e-b1ee-32442d8510e1,093f2af1-de87-45a7-a6b1-a1bc10d10a57,HUMAN,shown,trend_alert,up-streak,up-streak,2026-09-11T00:10:42.130Z,2026-09-11T00:10:42.241753+00:00,"{""client_ts"": ""2026-09-11T00:10:42.130Z"", ""element_id"": ""up-streak"", ""element_label"": ""up-streak"", ""element_type"": ""trend_alert"", ""event_name"": ""shown"", ""message"": ""Price went up 3 times in the last 5 ticks!"", ""trader_id"": ""093f2af1-de87-45a7-a6b1-a1bc10d10a57""}",1789085442.249503
049c3a29-2e35-4c9e-b1ee-32442d8510e1,ab2ca6f6-98d2-4898-80c5-d4833fb874be,HUMAN,shown,trend_alert,up-streak,up-streak,2026-09-11T00:10:42.134Z,2026-09-11T00:10:42.252476+00:00,"{""client_ts"": ""2026-09-11T00:10:42.134Z"", ""element_id"": ""up-streak"", ""element_label"": ""up-streak"", ""element_type"": ""trend_alert"", ""event_name"": ""shown"", ""message"": ""Price went up 3 times in the last 5 ticks!"", ""trader_id"": ""ab2ca6f6-98d2-4898-80c5-d4833fb874be""}",1789085442.259588
049c3a29-2e35-4c9e-b1ee-32442d8510e1,81a977dc-433d-4415-94c7-ebaad5de679b,HUMAN,shown,trend_alert,up-streak,up-streak,2026-09-11T00:10:42.133Z,2026-09-11T00:10:42.262608+00:00,"{""client_ts"": ""2026-09-11T00:10:42.133Z"", ""element_id"": ""up-streak"", ""element_label"": ""up-streak"", ""element_type"": ""trend_alert"", ""event_name"": ""shown"", ""message"": ""Price went up 3 times in the last 5 ticks!"", ""trader_id"": ""81a977dc-433d-4415-94c7-ebaad5de679b""}",1789085442.269868
049c3a29-2e35-4c9e-b1ee-32442d8510e1,73fe5556-d77f-4bf9-ba8e-833298d43f8a,HUMAN,shown,trend_alert,up-streak,up-streak,2026-09-11T00:10:42.133Z,2026-09-11T00:10:42.273124+00:00,"{""client_ts"": ""2026-09-11T00:10:42.133Z"", ""element_id"": ""up-streak"", ""element_label"": ""up-streak"", ""element_type"": ""trend_alert"", ""event_name"": ""shown"", ""message"": ""Price went up 3 times in the last 5 ticks!"", ""trader_id"": ""73fe5556-d77f-4bf9-ba8e-833298d43f8a""}",1789085442.280863
049c3a29-2e35-4c9e-b1ee-32442d8510e1,64998d2d-498a-4e64-99d7-6a9d7940577e,HUMAN,shown,trend_alert,up-streak,up-streak,2026-09-11T00:10:42.135Z,2026-09-11T00:10:42.284138+00:00,"{""client_ts"": ""2026-09-11T00:10:42.135Z"", ""element_id"": ""up-streak"", ""element_label"": ""up-streak"", ""element_type"": ""trend_alert"", ""event_name"": ""shown"", ""message"": ""Price went up 3 times in the last 5 ticks!"", ""trader_id"": ""64998d2d-498a-4e64-99d7-6a9d7940577e""}",1789085442.296308
049c3a29-2e35-4c9e-b1ee-32442d8510e1,8743e64f-c9a4-4f8a-b5a3-89f9f130f2aa,HUMAN,shown,trend_alert,down-streak,down-streak,2026-09-11T00:10:56.867Z,2026-09-11T00:10:56.941715+00:00,"{""client_ts"": ""2026-09-11T00:10:56.867Z"", ""element_id"": ""down-streak"", ""element_label"": ""down-streak"", ""element_type"": ""trend_alert"", ""event_name"": ""shown"", ""message"": ""Price went down 3 times in the last 5 ticks!"", ""trader_id"": ""8743e64f-c9a4-4f8a-b5a3-89f9f130f2aa""}",1789085456.949248
049c3a29-2e35-4c9e-b1ee-32442d8510e1,64998d2d-498a-4e64-99d7-6a9d7940577e,HUMAN,shown,trend_alert,down-streak,down-streak,2026-09-11T00:10:56.870Z,2026-09-11T00:10:56.956526+00:00,"{""client_ts"": ""2026-09-11T00:10:56.870Z"", ""element_id"": ""down-streak"", ""element_label"": ""down-streak"", ""element_type"": ""trend_alert"", ""event_name"": ""shown"", ""message"": ""Price went down 3 times in the last 5 ticks!"", ""trader_id"": ""64998d2d-498a-4e64-99d7-6a9d7940577e""}",1789085456.964786
049c3a29-2e35-4c9e-b1ee-32442d8510e1,81a977dc-433d-4415-94c7-ebaad5de679b,HUMAN,shown,trend_alert,down-streak,down-streak,2026-09-11T00:10:56.869Z,2026-09-11T00:10:56.968039+00:00,"{""client_ts"": ""2026-09-11T00:10:56.869Z"", ""element_id"": ""down-streak"", ""element_label"": ""down-streak"", ""element_type"": ""trend_alert"", ""event_name"": ""shown"", ""message"": ""Price went down 3 times in the last 5 ticks!"", ""trader_id"": ""81a977dc-433d-4415-94c7-ebaad5de679b""}",1789085456.976331
049c3a29-2e35-4c9e-b1ee-32442d8510e1,ab2ca6f6-98d2-4898-80c5-d4833fb874be,HUMAN,shown,trend_alert,down-streak,down-streak,2026-09-11T00:10:56.872Z,2026-09-11T00:10:56.983809+00:00,"{""client_ts"": ""2026-09-11T00:10:56.872Z"", ""element_id"": ""down-streak"", ""element_label"": ""down-streak"", ""element_type"": ""trend_alert"", ""event_name"": ""shown"", ""message"": ""Price went down 3 times in the last 5 ticks!"", ""trader_id"": ""ab2ca6f6-98d2-4898-80c5-d4833fb874be""}",1789085456.994691
049c3a29-2e35-4c9e-b1ee-32442d8510e1,093f2af1-de87-45a7-a6b1-a1bc10d10a57,HUMAN,shown,trend_alert,down-streak,down-streak,2026-09-11T00:10:56.866Z,2026-09-11T00:10:57.005272+00:00,"{""client_ts"": ""2026-09-11T00:10:56.866Z"", ""element_id"": ""down-streak"", ""element_label"": ""down-streak"", ""element_type"": ""trend_alert"", ""event_name"": ""shown"", ""message"": ""Price went down 3 times in the last 5 ticks!"", ""trader_id"": ""093f2af1-de87-45a7-a6b1-a1bc10d10a57""}",1789085457.017586
049c3a29-2e35-4c9e-b1ee-32442d8510e1,73fe5556-d77f-4bf9-ba8e-833298d43f8a,HUMAN,shown,trend_alert,down-streak,down-streak,2026-09-11T00:10:56.871Z,2026-09-11T00:10:57.020774+00:00,"{""client_ts"": ""2026-09-11T00:10:56.871Z"", ""element_id"": ""down-streak"", ""element_label"": ""down-streak"", ""element_type"": ""trend_alert"", ""event_name"": ""shown"", ""message"": ""Price went down 3 times in the last 5 ticks!"", ""trader_id"": ""73fe5556-d77f-4bf9-ba8e-833298d43f8a""}",1789085457.030602
049c3a29-2e35-4c9e-b1ee-32442d8510e1,64998d2d-498a-4e64-99d7-6a9d7940577e,HUMAN,shown,trend_alert,down-streak,down-streak,2026-09-11T00:11:01.476Z,2026-09-11T00:11:03.280808+00:00,"{""client_ts"": ""2026-09-11T00:11:01.476Z"", ""element_id"": ""down-streak"", ""element_label"": ""down-streak"", ""element_type"": ""trend_alert"", ""event_name"": ""shown"", ""message"": ""Price went down 3 times in the last 5 ticks!"", ""trader_id"": ""64998d2d-498a-4e64-99d7-6a9d7940577e""}",1789085463.320174
049c3a29-2e35-4c9e-b1ee-32442d8510e1,8743e64f-c9a4-4f8a-b5a3-89f9f130f2aa,HUMAN,shown,trend_alert,down-streak,down-streak,2026-09-11T00:11:01.953Z,2026-09-11T00:11:03.327518+00:00,"{""client_ts"": ""2026-09-11T00:11:01.953Z"", ""element_id"": ""down-streak"", ""element_label"": ""down-streak"", ""element_type"": ""trend_alert"", ""event_name"": ""shown"", ""message"": ""Price went down 3 times in the last 5 ticks!"", ""trader_id"": ""8743e64f-c9a4-4f8a-b5a3-89f9f130f2aa""}",1789085463.356362
049c3a29-2e35-4c9e-b1ee-32442d8510e1,ab2ca6f6-98d2-4898-80c5-d4833fb874be,HUMAN,shown,trend_alert,down-streak,down-streak,2026-09-11T00:11:01.957Z,2026-09-11T00:11:03.361081+00:00,"{""client_ts"": ""2026-09-11T00:11:01.957Z"", ""element_id"": ""down-streak"", ""element_label"": ""down-streak"", ""element_type"": ""trend_alert"", ""event_name"": ""shown"", ""message"": ""Price went down 3 times in the last 5 ticks!"", ""trader_id"": ""ab2ca6f6-98d2-4898-80c5-d4833fb874be""}",1789085463.375925
049c3a29-2e35-4c9e-b1ee-32442d8510e1,81a977dc-433d-4415-94c7-ebaad5de679b,HUMAN,shown,trend_alert,down-streak,down-streak,2026-09-11T00:11:01.955Z,2026-09-11T00:11:03.393356+00:00,"{""client_ts"": ""2026-09-11T00:11:01.955Z"", ""element_id"": ""down-streak"", ""element_label"": ""down-streak"", ""element_type"": ""trend_alert"", ""event_name"": ""shown"", ""message"": ""Price went down 3 times in the last 5 ticks!"", ""trader_id"": ""81a977dc-433d-4415-94c7-ebaad5de679b""}",1789085463.427189
049c3a29-2e35-4c9e-b1ee-32442d8510e1,73fe5556-d77f-4bf9-ba8e-833298d43f8a,HUMAN,shown,trend_alert,down-streak,down-streak,2026-09-11T00:11:01.987Z,2026-09-11T00:11:03.676904+00:00,"{""client_ts"": ""2026-09-11T00:11:01.987Z"", ""element_id"": ""down-streak"", ""element_label"": ""down-streak"", ""element_type"": ""trend_alert"", ""event_name"": ""shown"", ""message"": ""Price went down 3 times in the last 5 ticks!"", ""trader_id"": ""73fe5556-d77f-4bf9-ba8e-833298d43f8a""}",1789085463.707707
049c3a29-2e35-4c9e-b1ee-32442d8510e1,093f2af1-de87-45a7-a6b1-a1bc10d10a57,HUMAN,shown,trend_alert,down-streak,down-streak,2026-09-11T00:11:01.985Z,2026-09-11T00:11:04.179613+00:00,"{""client_ts"": ""2026-09-11T00:11:01.985Z"", ""element_id"": ""down-streak"", ""element_label"": ""down-streak"", ""element_type"": ""trend_alert"", ""event_name"": ""shown"", ""message"": ""Price went down 3 times in the last 5 ticks!"", ""trader_id"": ""093f2af1-de87-45a7-a6b1-a1bc10d10a57""}",1789085464.261889
049c3a29-2e35-4c9e-b1ee-32442d8510e1,8743e64f-c9a4-4f8a-b5a3-89f9f130f2aa,HUMAN,shown,badge_unlock,gold,Gold,2026-09-11T00:11:03.391Z,2026-09-11T00:11:04.406300+00:00,"{""client_ts"": ""2026-09-11T00:11:03.391Z"", ""element_id"": ""gold"", ""element_label"": ""Gold"", ""element_type"": ""badge_unlock"", ""event_name"": ""shown"", ""total_trades_threshold"": 35, ""trader_id"": ""8743e64f-c9a4-4f8a-b5a3-89f9f130f2aa""}",1789085464.41524
049c3a29-2e35-4c9e-b1ee-32442d8510e1,8743e64f-c9a4-4f8a-b5a3-89f9f130f2aa,HUMAN,shown,badge_modal,gold,Gold,2026-09-11T00:11:03.392Z,2026-09-11T00:11:04.797946+00:00,"{""client_ts"": ""2026-09-11T00:11:03.392Z"", ""element_id"": ""gold"", ""element_label"": ""Gold"", ""element_type"": ""badge_modal"", ""event_name"": ""shown"", ""message"": ""You are the money maker!"", ""total_trades"": 35, ""trader_id"": ""8743e64f-c9a4-4f8a-b5a3-89f9f130f2aa""}",1789085464.811894
049c3a29-2e35-4c9e-b1ee-32442d8510e1,8743e64f-c9a4-4f8a-b5a3-89f9f130f2aa,HUMAN,shown,badge_gif,gold,Gold,2026-09-11T00:11:03.392Z,2026-09-11T00:11:05.154524+00:00,"{""client_ts"": ""2026-09-11T00:11:03.392Z"", ""element_id"": ""gold"", ""element_label"": ""Gold"", ""element_type"": ""badge_gif"", ""event_name"": ""shown"", ""gif"": ""/static/trader_bridge_app/vue/assets/gold.gif"", ""trader_id"": ""8743e64f-c9a4-4f8a-b5a3-89f9f130f2aa""}",1789085465.165481
049c3a29-2e35-4c9e-b1ee-32442d8510e1,64998d2d-498a-4e64-99d7-6a9d7940577e,HUMAN,shown,badge_unlock,gold,Gold,2026-09-11T00:11:09.491Z,2026-09-11T00:11:10.095973+00:00,"{""client_ts"": ""2026-09-11T00:11:09.491Z"", ""element_id"": ""gold"", ""element_label"": ""Gold"", ""element_type"": ""badge_unlock"", ""event_name"": ""shown"", ""total_trades_threshold"": 35, ""trader_id"": ""64998d2d-498a-4e64-99d7-6a9d7940577e""}",1789085470.107024
049c3a29-2e35-4c9e-b1ee-32442d8510e1,64998d2d-498a-4e64-99d7-6a9d7940577e,HUMAN,shown,badge_modal,gold,Gold,2026-09-11T00:11:09.492Z,2026-09-11T00:11:10.323365+00:00,"{""client_ts"": ""2026-09-11T00:11:09.492Z"", ""element_id"": ""gold"", ""element_label"": ""Gold"", ""element_type"": ""badge_modal"", ""event_name"": ""shown"", ""message"": ""You are the money maker!"", ""total_trades"": 35, ""trader_id"": ""64998d2d-498a-4e64-99d7-6a9d7940577e""}",1789085470.331779
049c3a29-2e35-4c9e-b1ee-32442d8510e1,64998d2d-498a-4e64-99d7-6a9d7940577e,HUMAN,shown,badge_gif,gold,Gold,2026-09-11T00:11:09.492Z,2026-09-11T00:11:10.626381+00:00,"{""client_ts"": ""2026-09-11T00:11:09.492Z"", ""element_id"": ""gold"", ""element_label"": ""Gold"", ""element_type"": ""badge_gif"", ""event_name"": ""shown"", ""gif"": ""/static/trader_bridge_app/vue/assets/gold.gif"", ""trader_id"": ""64998d2d-498a-4e64-99d7-6a9d7940577e""}",1789085470.637744
049c3a29-2e35-4c9e-b1ee-32442d8510e1,ab2ca6f6-98d2-4898-80c5-d4833fb874be,HUMAN,shown,trend_alert,up-streak,up-streak,2026-09-11T00:11:12.542Z,2026-09-11T00:11:12.808048+00:00,"{""client_ts"": ""2026-09-11T00:11:12.542Z"", ""element_id"": ""up-streak"", ""element_label"": ""up-streak"", ""element_type"": ""trend_alert"", ""event_name"": ""shown"", ""message"": ""Price went up 3 times in the last 5 ticks!"", ""trader_id"": ""ab2ca6f6-98d2-4898-80c5-d4833fb874be""}",1789085472.81758
049c3a29-2e35-4c9e-b1ee-32442d8510e1,8743e64f-c9a4-4f8a-b5a3-89f9f130f2aa,HUMAN,shown,trend_alert,up-streak,up-streak,2026-09-11T00:11:12.669Z,2026-09-11T00:11:13.300098+00:00,"{""client_ts"": ""2026-09-11T00:11:12.669Z"", ""element_id"": ""up-streak"", ""element_label"": ""up-streak"", ""element_type"": ""trend_alert"", ""event_name"": ""shown"", ""message"": ""Price went up 3 times in the last 5 ticks!"", ""trader_id"": ""8743e64f-c9a4-4f8a-b5a3-89f9f130f2aa""}",1789085473.3078
049c3a29-2e35-4c9e-b1ee-32442d8510e1,73fe5556-d77f-4bf9-ba8e-833298d43f8a,HUMAN,shown,trend_alert,up-streak,up-streak,2026-09-11T00:11:12.669Z,2026-09-11T00:11:13.311522+00:00,"{""client_ts"": ""2026-09-11T00:11:12.669Z"", ""element_id"": ""up-streak"", ""element_label"": ""up-streak"", ""element_type"": ""trend_alert"", ""event_name"": ""shown"", ""message"": ""Price went up 3 times in the last 5 ticks!"", ""trader_id"": ""73fe5556-d77f-4bf9-ba8e-833298d43f8a""}",1789085473.319062
049c3a29-2e35-4c9e-b1ee-32442d8510e1,81a977dc-433d-4415-94c7-ebaad5de679b,HUMAN,shown,trend_alert,up-streak,up-streak,2026-09-11T00:11:12.668Z,2026-09-11T00:11:13.322832+00:00,"{""client_ts"": ""2026-09-11T00:11:12.668Z"", ""element_id"": ""up-streak"", ""element_label"": ""up-streak"", ""element_type"": ""trend_alert"", ""event_name"": ""shown"", ""message"": ""Price went up 3 times in the last 5 ticks!"", ""trader_id"": ""81a977dc-433d-4415-94c7-ebaad5de679b""}",1789085473.33009
049c3a29-2e35-4c9e-b1ee-32442d8510e1,093f2af1-de87-45a7-a6b1-a1bc10d10a57,HUMAN,shown,trend_alert,up-streak,up-streak,2026-09-11T00:11:12.665Z,2026-09-11T00:11:13.594762+00:00,"{""client_ts"": ""2026-09-11T00:11:12.665Z"", ""element_id"": ""up-streak"", ""element_label"": ""up-streak"", ""element_type"": ""trend_alert"", ""event_name"": ""shown"", ""message"": ""Price went up 3 times in the last 5 ticks!"", ""trader_id"": ""093f2af1-de87-45a7-a6b1-a1bc10d10a57""}",1789085473.604805
049c3a29-2e35-4c9e-b1ee-32442d8510e1,64998d2d-498a-4e64-99d7-6a9d7940577e,HUMAN,shown,trend_alert,up-streak,up-streak,2026-09-11T00:11:12.670Z,2026-09-11T00:11:13.608593+00:00,"{""client_ts"": ""2026-09-11T00:11:12.670Z"", ""element_id"": ""up-streak"", ""element_label"": ""up-streak"", ""element_type"": ""trend_alert"", ""event_name"": ""shown"", ""message"": ""Price went up 3 times in the last 5 ticks!"", ""trader_id"": ""64998d2d-498a-4e64-99d7-6a9d7940577e""}",1789085473.616244
049c3a29-2e35-4c9e-b1ee-32442d8510e1,093f2af1-de87-45a7-a6b1-a1bc10d10a57,HUMAN,shown,trend_alert,down-streak,down-streak,2026-09-11T00:11:18.382Z,2026-09-11T00:11:19.122888+00:00,"{""client_ts"": ""2026-09-11T00:11:18.382Z"", ""element_id"": ""down-streak"", ""element_label"": ""down-streak"", ""element_type"": ""trend_alert"", ""event_name"": ""shown"", ""message"": ""Price went down 3 times in the last 5 ticks!"", ""trader_id"": ""093f2af1-de87-45a7-a6b1-a1bc10d10a57""}",1789085479.131267
049c3a29-2e35-4c9e-b1ee-32442d8510e1,8743e64f-c9a4-4f8a-b5a3-89f9f130f2aa,HUMAN,shown,trend_alert,down-streak,down-streak,2026-09-11T00:11:18.383Z,2026-09-11T00:11:19.136331+00:00,"{""client_ts"": ""2026-09-11T00:11:18.383Z"", ""element_id"": ""down-streak"", ""element_label"": ""down-streak"", ""element_type"": ""trend_alert"", ""event_name"": ""shown"", ""message"": ""Price went down 3 times in the last 5 ticks!"", ""trader_id"": ""8743e64f-c9a4-4f8a-b5a3-89f9f130f2aa""}",1789085479.143871
049c3a29-2e35-4c9e-b1ee-32442d8510e1,ab2ca6f6-98d2-4898-80c5-d4833fb874be,HUMAN,shown,trend_alert,down-streak,down-streak,2026-09-11T00:11:18.386Z,2026-09-11T00:11:19.147805+00:00,"{""client_ts"": ""2026-09-11T00:11:18.386Z"", ""element_id"": ""down-streak"", ""element_label"": ""down-streak"", ""element_type"": ""trend_alert"", ""event_name"": ""shown"", ""message"": ""Price went down 3 times in the last 5 ticks!"", ""trader_id"": ""ab2ca6f6-98d2-4898-80c5-d4833fb874be""}",1789085479.155991
049c3a29-2e35-4c9e-b1ee-32442d8510e1,64998d2d-498a-4e64-99d7-6a9d7940577e,HUMAN,shown,trend_alert,down-streak,down-streak,2026-09-11T00:11:18.384Z,2026-09-11T00:11:19.378778+00:00,"{""client_ts"": ""2026-09-11T00:11:18.384Z"", ""element_id"": ""down-streak"", ""element_label"": ""down-streak"", ""element_type"": ""trend_alert"", ""event_name"": ""shown"", ""message"": ""Price went down 3 times in the last 5 ticks!"", ""trader_id"": ""64998d2d-498a-4e64-99d7-6a9d7940577e""}",1789085479.386375
049c3a29-2e35-4c9e-b1ee-32442d8510e1,81a977dc-433d-4415-94c7-ebaad5de679b,HUMAN,shown,trend_alert,down-streak,down-streak,2026-09-11T00:11:18.384Z,2026-09-11T00:11:19.390292+00:00,"{""client_ts"": ""2026-09-11T00:11:18.384Z"", ""element_id"": ""down-streak"", ""element_label"": ""down-streak"", ""element_type"": ""trend_alert"", ""event_name"": ""shown"", ""message"": ""Price went down 3 times in the last 5 ticks!"", ""trader_id"": ""81a977dc-433d-4415-94c7-ebaad5de679b""}",1789085479.397413
049c3a29-2e35-4c9e-b1ee-32442d8510e1,73fe5556-d77f-4bf9-ba8e-833298d43f8a,HUMAN,shown,trend_alert,down-streak,down-streak,2026-09-11T00:11:18.387Z,2026-09-11T00:11:19.403819+00:00,"{""client_ts"": ""2026-09-11T00:11:18.387Z"", ""element_id"": ""down-streak"", ""element_label"": ""down-streak"", ""element_type"": ""trend_alert"", ""event_name"": ""shown"", ""message"": ""Price went down 3 times in the last 5 ticks!"", ""trader_id"": ""73fe5556-d77f-4bf9-ba8e-833298d43f8a""}",1789085479.41279
24b999b2-fcb9-4304-a923-41f366998dad,003c3411-c4ec-4d3c-9ae3-78a3e3c7d8df,HUMAN,shown,trend_alert,up-streak,up-streak,2026-09-11T00:11:43.646Z,2026-09-11T00:11:43.731360+00:00,"{""client_ts"": ""2026-09-11T00:11:43.646Z"", ""element_id"": ""up-streak"", ""element_label"": ""up-streak"", ""element_type"": ""trend_alert"", ""event_name"": ""shown"", ""message"": ""Price went up 3 times in the last 5 ticks!"", ""trader_id"": ""003c3411-c4ec-4d3c-9ae3-78a3e3c7d8df""}",1789085503.745886
24b999b2-fcb9-4304-a923-41f366998dad,2d5f7443-b06c-44da-896b-87f49555ca30,HUMAN,shown,trend_alert,up-streak,up-streak,2026-09-11T00:11:43.668Z,2026-09-11T00:11:43.749720+00:00,"{""client_ts"": ""2026-09-11T00:11:43.668Z"", ""element_id"": ""up-streak"", ""element_label"": ""up-streak"", ""element_type"": ""trend_alert"", ""event_name"": ""shown"", ""message"": ""Price went up 3 times in the last 5 ticks!"", ""trader_id"": ""2d5f7443-b06c-44da-896b-87f49555ca30""}",1789085503.761323
24b999b2-fcb9-4304-a923-41f366998dad,c244c4f3-087f-4071-a2a0-0d929c6c70b5,HUMAN,shown,trend_alert,up-streak,up-streak,2026-09-11T00:11:43.661Z,2026-09-11T00:11:43.775364+00:00,"{""client_ts"": ""2026-09-11T00:11:43.661Z"", ""element_id"": ""up-streak"", ""element_label"": ""up-streak"", ""element_type"": ""trend_alert"", ""event_name"": ""shown"", ""message"": ""Price went up 3 times in the last 5 ticks!"", ""trader_id"": ""c244c4f3-087f-4071-a2a0-0d929c6c70b5""}",1789085503.786376
24b999b2-fcb9-4304-a923-41f366998dad,780691e0-23fa-4614-8bba-e9be7f74977d,HUMAN,shown,trend_alert,up-streak,up-streak,2026-09-11T00:11:43.670Z,2026-09-11T00:11:43.790153+00:00,"{""client_ts"": ""2026-09-11T00:11:43.670Z"", ""element_id"": ""up-streak"", ""element_label"": ""up-streak"", ""element_type"": ""trend_alert"", ""event_name"": ""shown"", ""message"": ""Price went up 3 times in the last 5 ticks!"", ""trader_id"": ""780691e0-23fa-4614-8bba-e9be7f74977d""}",1789085503.798105
24b999b2-fcb9-4304-a923-41f366998dad,938302d7-eb4b-4b56-b728-955547edbafb,HUMAN,shown,trend_alert,up-streak,up-streak,2026-09-11T00:11:43.674Z,2026-09-11T00:11:43.804115+00:00,"{""client_ts"": ""2026-09-11T00:11:43.674Z"", ""element_id"": ""up-streak"", ""element_label"": ""up-streak"", ""element_type"": ""trend_alert"", ""event_name"": ""shown"", ""message"": ""Price went up 3 times in the last 5 ticks!"", ""trader_id"": ""938302d7-eb4b-4b56-b728-955547edbafb""}",1789085503.812536
24b999b2-fcb9-4304-a923-41f366998dad,780691e0-23fa-4614-8bba-e9be7f74977d,HUMAN,shown,badge_unlock,platinum,Platinum,2026-09-11T00:11:53.019Z,2026-09-11T00:11:53.227335+00:00,"{""client_ts"": ""2026-09-11T00:11:53.019Z"", ""element_id"": ""platinum"", ""element_label"": ""Platinum"", ""element_type"": ""badge_unlock"", ""event_name"": ""shown"", ""total_trades_threshold"": 50, ""trader_id"": ""780691e0-23fa-4614-8bba-e9be7f74977d""}",1789085513.236667
24b999b2-fcb9-4304-a923-41f366998dad,780691e0-23fa-4614-8bba-e9be7f74977d,HUMAN,shown,badge_modal,platinum,Platinum,2026-09-11T00:11:53.019Z,2026-09-11T00:11:53.258616+00:00,"{""client_ts"": ""2026-09-11T00:11:53.019Z"", ""element_id"": ""platinum"", ""element_label"": ""Platinum"", ""element_type"": ""badge_modal"", ""event_name"": ""shown"", ""message"": ""You are definitely going places!"", ""total_trades"": 50, ""trader_id"": ""780691e0-23fa-4614-8bba-e9be7f74977d""}",1789085513.268027
24b999b2-fcb9-4304-a923-41f366998dad,780691e0-23fa-4614-8bba-e9be7f74977d,HUMAN,shown,badge_gif,platinum,Platinum,2026-09-11T00:11:53.019Z,2026-09-11T00:11:53.374114+00:00,"{""client_ts"": ""2026-09-11T00:11:53.019Z"", ""element_id"": ""platinum"", ""element_label"": ""Platinum"", ""element_type"": ""badge_gif"", ""event_name"": ""shown"", ""gif"": ""/static/trader_bridge_app/vue/assets/platinum.gif"", ""trader_id"": ""780691e0-23fa-4614-8bba-e9be7f74977d""}",1789085513.381886
24b999b2-fcb9-4304-a923-41f366998dad,2d5f7443-b06c-44da-896b-87f49555ca30,HUMAN,shown,trend_alert,up-streak,up-streak,2026-09-11T00:11:53.411Z,2026-09-11T00:11:53.466851+00:00,"{""client_ts"": ""2026-09-11T00:11:53.411Z"", ""element_id"": ""up-streak"", ""element_label"": ""up-streak"", ""element_type"": ""trend_alert"", ""event_name"": ""shown"", ""message"": ""Price went up 3 times in the last 5 ticks!"", ""trader_id"": ""2d5f7443-b06c-44da-896b-87f49555ca30""}",1789085513.474987
24b999b2-fcb9-4304-a923-41f366998dad,a2c8775b-1ae1-4fde-ac28-c87afc49dad3,HUMAN,shown,trend_alert,up-streak,up-streak,2026-09-11T00:11:53.408Z,2026-09-11T00:11:53.478835+00:00,"{""client_ts"": ""2026-09-11T00:11:53.408Z"", ""element_id"": ""up-streak"", ""element_label"": ""up-streak"", ""element_type"": ""trend_alert"", ""event_name"": ""shown"", ""message"": ""Price went up 3 times in the last 5 ticks!"", ""trader_id"": ""a2c8775b-1ae1-4fde-ac28-c87afc49dad3""}",1789085513.486305
24b999b2-fcb9-4304-a923-41f366998dad,780691e0-23fa-4614-8bba-e9be7f74977d,HUMAN,shown,trend_alert,up-streak,up-streak,2026-09-11T00:11:53.409Z,2026-09-11T00:11:53.493292+00:00,"{""client_ts"": ""2026-09-11T00:11:53.409Z"", ""element_id"": ""up-streak"", ""element_label"": ""up-streak"", ""element_type"": ""trend_alert"", ""event_name"": ""shown"", ""message"": ""Price went up 3 times in the last 5 ticks!"", ""trader_id"": ""780691e0-23fa-4614-8bba-e9be7f74977d""}",1789085513.500691
24b999b2-fcb9-4304-a923-41f366998dad,c244c4f3-087f-4071-a2a0-0d929c6c70b5,HUMAN,shown,trend_alert,up-streak,up-streak,2026-09-11T00:11:53.400Z,2026-09-11T00:11:53.505918+00:00,"{""client_ts"": ""2026-09-11T00:11:53.400Z"", ""element_id"": ""up-streak"", ""element_label"": ""up-streak"", ""element_type"": ""trend_alert"", ""event_name"": ""shown"", ""message"": ""Price went up 3 times in the last 5 ticks!"", ""trader_id"": ""c244c4f3-087f-4071-a2a0-0d929c6c70b5""}",1789085513.513498
24b999b2-fcb9-4304-a923-41f366998dad,003c3411-c4ec-4d3c-9ae3-78a3e3c7d8df,HUMAN,shown,trend_alert,up-streak,up-streak,2026-09-11T00:11:53.390Z,2026-09-11T00:11:53.517252+00:00,"{""client_ts"": ""2026-09-11T00:11:53.390Z"", ""element_id"": ""up-streak"", ""element_label"": ""up-streak"", ""element_type"": ""trend_alert"", ""event_name"": ""shown"", ""message"": ""Price went up 3 times in the last 5 ticks!"", ""trader_id"": ""003c3411-c4ec-4d3c-9ae3-78a3e3c7d8df""}",1789085513.524532
24b999b2-fcb9-4304-a923-41f366998dad,938302d7-eb4b-4b56-b728-955547edbafb,HUMAN,shown,trend_alert,up-streak,up-streak,2026-09-11T00:11:53.416Z,2026-09-11T00:11:53.528840+00:00,"{""client_ts"": ""2026-09-11T00:11:53.416Z"", ""element_id"": ""up-streak"", ""element_label"": ""up-streak"", ""element_type"": ""trend_alert"", ""event_name"": ""shown"", ""message"": ""Price went up 3 times in the last 5 ticks!"", ""trader_id"": ""938302d7-eb4b-4b56-b728-955547edbafb""}",1789085513.540136
049c3a29-2e35-4c9e-b1ee-32442d8510e1,64998d2d-498a-4e64-99d7-6a9d7940577e,HUMAN,shown,trend_alert,up-streak,up-streak,2026-09-11T00:12:14.281Z,2026-09-11T00:12:14.360602+00:00,"{""client_ts"": ""2026-09-11T00:12:14.281Z"", ""element_id"": ""up-streak"", ""element_label"": ""up-streak"", ""element_type"": ""trend_alert"", ""event_name"": ""shown"", ""message"": ""Price went up 3 times in the last 5 ticks!"", ""trader_id"": ""64998d2d-498a-4e64-99d7-6a9d7940577e""}",1789085534.372523
049c3a29-2e35-4c9e-b1ee-32442d8510e1,8743e64f-c9a4-4f8a-b5a3-89f9f130f2aa,HUMAN,shown,trend_alert,up-streak,up-streak,2026-09-11T00:12:14.281Z,2026-09-11T00:12:14.376518+00:00,"{""client_ts"": ""2026-09-11T00:12:14.281Z"", ""element_id"": ""up-streak"", ""element_label"": ""up-streak"", ""element_type"": ""trend_alert"", ""event_name"": ""shown"", ""message"": ""Price went up 3 times in the last 5 ticks!"", ""trader_id"": ""8743e64f-c9a4-4f8a-b5a3-89f9f130f2aa""}",1789085534.391454
049c3a29-2e35-4c9e-b1ee-32442d8510e1,ab2ca6f6-98d2-4898-80c5-d4833fb874be,HUMAN,shown,trend_alert,up-streak,up-streak,2026-09-11T00:12:14.285Z,2026-09-11T00:12:14.396330+00:00,"{""client_ts"": ""2026-09-11T00:12:14.285Z"", ""element_id"": ""up-streak"", ""element_label"": ""up-streak"", ""element_type"": ""trend_alert"", ""event_name"": ""shown"", ""message"": ""Price went up 3 times in the last 5 ticks!"", ""trader_id"": ""ab2ca6f6-98d2-4898-80c5-d4833fb874be""}",1789085534.406928
049c3a29-2e35-4c9e-b1ee-32442d8510e1,73fe5556-d77f-4bf9-ba8e-833298d43f8a,HUMAN,shown,trend_alert,up-streak,up-streak,2026-09-11T00:12:14.283Z,2026-09-11T00:12:14.423960+00:00,"{""client_ts"": ""2026-09-11T00:12:14.283Z"", ""element_id"": ""up-streak"", ""element_label"": ""up-streak"", ""element_type"": ""trend_alert"", ""event_name"": ""shown"", ""message"": ""Price went up 3 times in the last 5 ticks!"", ""trader_id"": ""73fe5556-d77f-4bf9-ba8e-833298d43f8a""}",1789085534.460258
049c3a29-2e35-4c9e-b1ee-32442d8510e1,093f2af1-de87-45a7-a6b1-a1bc10d10a57,HUMAN,shown,trend_alert,up-streak,up-streak,2026-09-11T00:12:14.280Z,2026-09-11T00:12:14.465908+00:00,"{""client_ts"": ""2026-09-11T00:12:14.280Z"", ""element_id"": ""up-streak"", ""element_label"": ""up-streak"", ""element_type"": ""trend_alert"", ""event_name"": ""shown"", ""message"": ""Price went up 3 times in the last 5 ticks!"", ""trader_id"": ""093f2af1-de87-45a7-a6b1-a1bc10d10a57""}",1789085534.478003
049c3a29-2e35-4c9e-b1ee-32442d8510e1,81a977dc-433d-4415-94c7-ebaad5de679b,HUMAN,shown,trend_alert,up-streak,up-streak,2026-09-11T00:12:14.285Z,2026-09-11T00:12:14.481752+00:00,"{""client_ts"": ""2026-09-11T00:12:14.285Z"", ""element_id"": ""up-streak"", ""element_label"": ""up-streak"", ""element_type"": ""trend_alert"", ""event_name"": ""shown"", ""message"": ""Price went up 3 times in the last 5 ticks!"", ""trader_id"": ""81a977dc-433d-4415-94c7-ebaad5de679b""}",1789085534.490486
049c3a29-2e35-4c9e-b1ee-32442d8510e1,64998d2d-498a-4e64-99d7-6a9d7940577e,HUMAN,shown,trend_alert,down-streak,down-streak,2026-09-11T00:12:15.111Z,2026-09-11T00:12:15.198088+00:00,"{""client_ts"": ""2026-09-11T00:12:15.111Z"", ""element_id"": ""down-streak"", ""element_label"": ""down-streak"", ""element_type"": ""trend_alert"", ""event_name"": ""shown"", ""message"": ""Price went down 3 times in the last 5 ticks!"", ""trader_id"": ""64998d2d-498a-4e64-99d7-6a9d7940577e""}",1789085535.206824
049c3a29-2e35-4c9e-b1ee-32442d8510e1,73fe5556-d77f-4bf9-ba8e-833298d43f8a,HUMAN,shown,trend_alert,down-streak,down-streak,2026-09-11T00:12:15.110Z,2026-09-11T00:12:15.211098+00:00,"{""client_ts"": ""2026-09-11T00:12:15.110Z"", ""element_id"": ""down-streak"", ""element_label"": ""down-streak"", ""element_type"": ""trend_alert"", ""event_name"": ""shown"", ""message"": ""Price went down 3 times in the last 5 ticks!"", ""trader_id"": ""73fe5556-d77f-4bf9-ba8e-833298d43f8a""}",1789085535.219969
049c3a29-2e35-4c9e-b1ee-32442d8510e1,8743e64f-c9a4-4f8a-b5a3-89f9f130f2aa,HUMAN,shown,trend_alert,down-streak,down-streak,2026-09-11T00:12:15.113Z,2026-09-11T00:12:15.224508+00:00,"{""client_ts"": ""2026-09-11T00:12:15.113Z"", ""element_id"": ""down-streak"", ""element_label"": ""down-streak"", ""element_type"": ""trend_alert"", ""event_name"": ""shown"", ""message"": ""Price went down 3 times in the last 5 ticks!"", ""trader_id"": ""8743e64f-c9a4-4f8a-b5a3-89f9f130f2aa""}",1789085535.236509
049c3a29-2e35-4c9e-b1ee-32442d8510e1,093f2af1-de87-45a7-a6b1-a1bc10d10a57,HUMAN,shown,trend_alert,down-streak,down-streak,2026-09-11T00:12:15.109Z,2026-09-11T00:12:15.245608+00:00,"{""client_ts"": ""2026-09-11T00:12:15.109Z"", ""element_id"": ""down-streak"", ""element_label"": ""down-streak"", ""element_type"": ""trend_alert"", ""event_name"": ""shown"", ""message"": ""Price went down 3 times in the last 5 ticks!"", ""trader_id"": ""093f2af1-de87-45a7-a6b1-a1bc10d10a57""}",1789085535.253344
049c3a29-2e35-4c9e-b1ee-32442d8510e1,81a977dc-433d-4415-94c7-ebaad5de679b,HUMAN,shown,trend_alert,down-streak,down-streak,2026-09-11T00:12:15.113Z,2026-09-11T00:12:15.257160+00:00,"{""client_ts"": ""2026-09-11T00:12:15.113Z"", ""element_id"": ""down-streak"", ""element_label"": ""down-streak"", ""element_type"": ""trend_alert"", ""event_name"": ""shown"", ""message"": ""Price went down 3 times in the last 5 ticks!"", ""trader_id"": ""81a977dc-433d-4415-94c7-ebaad5de679b""}",1789085535.26679
049c3a29-2e35-4c9e-b1ee-32442d8510e1,ab2ca6f6-98d2-4898-80c5-d4833fb874be,HUMAN,shown,trend_alert,down-streak,down-streak,2026-09-11T00:12:15.117Z,2026-09-11T00:12:15.271566+00:00,"{""client_ts"": ""2026-09-11T00:12:15.117Z"", ""element_id"": ""down-streak"", ""element_label"": ""down-streak"", ""element_type"": ""trend_alert"", ""event_name"": ""shown"", ""message"": ""Price went down 3 times in the last 5 ticks!"", ""trader_id"": ""ab2ca6f6-98d2-4898-80c5-d4833fb874be""}",1789085535.278367
049c3a29-2e35-4c9e-b1ee-32442d8510e1,64998d2d-498a-4e64-99d7-6a9d7940577e,HUMAN,shown,trend_alert,up-streak,up-streak,2026-09-11T00:12:21.075Z,2026-09-11T00:12:21.195182+00:00,"{""client_ts"": ""2026-09-11T00:12:21.075Z"", ""element_id"": ""up-streak"", ""element_label"": ""up-streak"", ""element_type"": ""trend_alert"", ""event_name"": ""shown"", ""message"": ""Price went up 3 times in the last 5 ticks!"", ""trader_id"": ""64998d2d-498a-4e64-99d7-6a9d7940577e""}",1789085541.202581
049c3a29-2e35-4c9e-b1ee-32442d8510e1,8743e64f-c9a4-4f8a-b5a3-89f9f130f2aa,HUMAN,shown,trend_alert,up-streak,up-streak,2026-09-11T00:12:21.075Z,2026-09-11T00:12:21.206371+00:00,"{""client_ts"": ""2026-09-11T00:12:21.075Z"", ""element_id"": ""up-streak"", ""element_label"": ""up-streak"", ""element_type"": ""trend_alert"", ""event_name"": ""shown"", ""message"": ""Price went up 3 times in the last 5 ticks!"", ""trader_id"": ""8743e64f-c9a4-4f8a-b5a3-89f9f130f2aa""}",1789085541.216071
049c3a29-2e35-4c9e-b1ee-32442d8510e1,73fe5556-d77f-4bf9-ba8e-833298d43f8a,HUMAN,shown,trend_alert,up-streak,up-streak,2026-09-11T00:12:21.074Z,2026-09-11T00:12:21.219754+00:00,"{""client_ts"": ""2026-09-11T00:12:21.074Z"", ""element_id"": ""up-streak"", ""element_label"": ""up-streak"", ""element_type"": ""trend_alert"", ""event_name"": ""shown"", ""message"": ""Price went up 3 times in the last 5 ticks!"", ""trader_id"": ""73fe5556-d77f-4bf9-ba8e-833298d43f8a""}",1789085541.227268
049c3a29-2e35-4c9e-b1ee-32442d8510e1,ab2ca6f6-98d2-4898-80c5-d4833fb874be,HUMAN,shown,trend_alert,up-streak,up-streak,2026-09-11T00:12:21.078Z,2026-09-11T00:12:21.231897+00:00,"{""client_ts"": ""2026-09-11T00:12:21.078Z"", ""element_id"": ""up-streak"", ""element_label"": ""up-streak"", ""element_type"": ""trend_alert"", ""event_name"": ""shown"", ""message"": ""Price went up 3 times in the last 5 ticks!"", ""trader_id"": ""ab2ca6f6-98d2-4898-80c5-d4833fb874be""}",1789085541.24424
049c3a29-2e35-4c9e-b1ee-32442d8510e1,093f2af1-de87-45a7-a6b1-a1bc10d10a57,HUMAN,shown,trend_alert,up-streak,up-streak,2026-09-11T00:12:21.076Z,2026-09-11T00:12:21.248500+00:00,"{""client_ts"": ""2026-09-11T00:12:21.076Z"", ""element_id"": ""up-streak"", ""element_label"": ""up-streak"", ""element_type"": ""trend_alert"", ""event_name"": ""shown"", ""message"": ""Price went up 3 times in the last 5 ticks!"", ""trader_id"": ""093f2af1-de87-45a7-a6b1-a1bc10d10a57""}",1789085541.256157
049c3a29-2e35-4c9e-b1ee-32442d8510e1,81a977dc-433d-4415-94c7-ebaad5de679b,HUMAN,shown,trend_alert,up-streak,up-streak,2026-09-11T00:12:21.075Z,2026-09-11T00:12:21.262597+00:00,"{""client_ts"": ""2026-09-11T00:12:21.075Z"", ""element_id"": ""up-streak"", ""element_label"": ""up-streak"", ""element_type"": ""trend_alert"", ""event_name"": ""shown"", ""message"": ""Price went up 3 times in the last 5 ticks!"", ""trader_id"": ""81a977dc-433d-4415-94c7-ebaad5de679b""}",1789085541.270313
049c3a29-2e35-4c9e-b1ee-32442d8510e1,64998d2d-498a-4e64-99d7-6a9d7940577e,HUMAN,shown,trend_alert,down-streak,down-streak,2026-09-11T00:12:21.290Z,2026-09-11T00:12:21.351074+00:00,"{""client_ts"": ""2026-09-11T00:12:21.290Z"", ""element_id"": ""down-streak"", ""element_label"": ""down-streak"", ""element_type"": ""trend_alert"", ""event_name"": ""shown"", ""message"": ""Price went down 3 times in the last 5 ticks!"", ""trader_id"": ""64998d2d-498a-4e64-99d7-6a9d7940577e""}",1789085541.360039
049c3a29-2e35-4c9e-b1ee-32442d8510e1,73fe5556-d77f-4bf9-ba8e-833298d43f8a,HUMAN,shown,trend_alert,down-streak,down-streak,2026-09-11T00:12:21.290Z,2026-09-11T00:12:21.364324+00:00,"{""client_ts"": ""2026-09-11T00:12:21.290Z"", ""element_id"": ""down-streak"", ""element_label"": ""down-streak"", ""element_type"": ""trend_alert"", ""event_name"": ""shown"", ""message"": ""Price went down 3 times in the last 5 ticks!"", ""trader_id"": ""73fe5556-d77f-4bf9-ba8e-833298d43f8a""}",1789085541.372896
049c3a29-2e35-4c9e-b1ee-32442d8510e1,8743e64f-c9a4-4f8a-b5a3-89f9f130f2aa,HUMAN,shown,trend_alert,down-streak,down-streak,2026-09-11T00:12:21.291Z,2026-09-11T00:12:21.378125+00:00,"{""client_ts"": ""2026-09-11T00:12:21.291Z"", ""element_id"": ""down-streak"", ""element_label"": ""down-streak"", ""element_type"": ""trend_alert"", ""event_name"": ""shown"", ""message"": ""Price went down 3 times in the last 5 ticks!"", ""trader_id"": ""8743e64f-c9a4-4f8a-b5a3-89f9f130f2aa""}",1789085541.385803
049c3a29-2e35-4c9e-b1ee-32442d8510e1,81a977dc-433d-4415-94c7-ebaad5de679b,HUMAN,shown,trend_alert,down-streak,down-streak,2026-09-11T00:12:21.290Z,2026-09-11T00:12:21.391610+00:00,"{""client_ts"": ""2026-09-11T00:12:21.290Z"", ""element_id"": ""down-streak"", ""element_label"": ""down-streak"", ""element_type"": ""trend_alert"", ""event_name"": ""shown"", ""message"": ""Price went down 3 times in the last 5 ticks!"", ""trader_id"": ""81a977dc-433d-4415-94c7-ebaad5de679b""}",1789085541.399765
049c3a29-2e35-4c9e-b1ee-32442d8510e1,ab2ca6f6-98d2-4898-80c5-d4833fb874be,HUMAN,shown,trend_alert,down-streak,down-streak,2026-09-11T00:12:21.293Z,2026-09-11T00:12:21.403460+00:00,"{""client_ts"": ""2026-09-11T00:12:21.293Z"", ""element_id"": ""down-streak"", ""element_label"": ""down-streak"", ""element_type"": ""trend_alert"", ""event_name"": ""shown"", ""message"": ""Price went down 3 times in the last 5 ticks!"", ""trader_id"": ""ab2ca6f6-98d2-4898-80c5-d4833fb874be""}",1789085541.412597
049c3a29-2e35-4c9e-b1ee-32442d8510e1,093f2af1-de87-45a7-a6b1-a1bc10d10a57,HUMAN,shown,trend_alert,down-streak,down-streak,2026-09-11T00:12:21.291Z,2026-09-11T00:12:21.418027+00:00,"{""client_ts"": ""2026-09-11T00:12:21.291Z"", ""element_id"": ""down-streak"", ""element_label"": ""down-streak"", ""element_type"": ""trend_alert"", ""event_name"": ""shown"", ""message"": ""Price went down 3 times in the last 5 ticks!"", ""trader_id"": ""093f2af1-de87-45a7-a6b1-a1bc10d10a57""}",1789085541.42574
049c3a29-2e35-4c9e-b1ee-32442d8510e1,ab2ca6f6-98d2-4898-80c5-d4833fb874be,HUMAN,shown,trend_alert,down-streak,down-streak,2026-09-11T00:12:26.088Z,2026-09-11T00:12:26.153199+00:00,"{""client_ts"": ""2026-09-11T00:12:26.088Z"", ""element_id"": ""down-streak"", ""element_label"": ""down-streak"", ""element_type"": ""trend_alert"", ""event_name"": ""shown"", ""message"": ""Price went down 3 times in the last 5 ticks!"", ""trader_id"": ""ab2ca6f6-98d2-4898-80c5-d4833fb874be""}",1789085546.161573
049c3a29-2e35-4c9e-b1ee-32442d8510e1,64998d2d-498a-4e64-99d7-6a9d7940577e,HUMAN,shown,trend_alert,down-streak,down-streak,2026-09-11T00:12:26.086Z,2026-09-11T00:12:26.165286+00:00,"{""client_ts"": ""2026-09-11T00:12:26.086Z"", ""element_id"": ""down-streak"", ""element_label"": ""down-streak"", ""element_type"": ""trend_alert"", ""event_name"": ""shown"", ""message"": ""Price went down 3 times in the last 5 ticks!"", ""trader_id"": ""64998d2d-498a-4e64-99d7-6a9d7940577e""}",1789085546.172637
049c3a29-2e35-4c9e-b1ee-32442d8510e1,8743e64f-c9a4-4f8a-b5a3-89f9f130f2aa,HUMAN,shown,trend_alert,down-streak,down-streak,2026-09-11T00:12:26.088Z,2026-09-11T00:12:26.176381+00:00,"{""client_ts"": ""2026-09-11T00:12:26.088Z"", ""element_id"": ""down-streak"", ""element_label"": ""down-streak"", ""element_type"": ""trend_alert"", ""event_name"": ""shown"", ""message"": ""Price went down 3 times in the last 5 ticks!"", ""trader_id"": ""8743e64f-c9a4-4f8a-b5a3-89f9f130f2aa""}",1789085546.183776
049c3a29-2e35-4c9e-b1ee-32442d8510e1,81a977dc-433d-4415-94c7-ebaad5de679b,HUMAN,shown,trend_alert,down-streak,down-streak,2026-09-11T00:12:26.087Z,2026-09-11T00:12:26.188828+00:00,"{""client_ts"": ""2026-09-11T00:12:26.087Z"", ""element_id"": ""down-streak"", ""element_label"": ""down-streak"", ""element_type"": ""trend_alert"", ""event_name"": ""shown"", ""message"": ""Price went down 3 times in the last 5 ticks!"", ""trader_id"": ""81a977dc-433d-4415-94c7-ebaad5de679b""}",1789085546.196463
049c3a29-2e35-4c9e-b1ee-32442d8510e1,093f2af1-de87-45a7-a6b1-a1bc10d10a57,HUMAN,shown,trend_alert,down-streak,down-streak,2026-09-11T00:12:26.093Z,2026-09-11T00:12:26.201001+00:00,"{""client_ts"": ""2026-09-11T00:12:26.093Z"", ""element_id"": ""down-streak"", ""element_label"": ""down-streak"", ""element_type"": ""trend_alert"", ""event_name"": ""shown"", ""message"": ""Price went down 3 times in the last 5 ticks!"", ""trader_id"": ""093f2af1-de87-45a7-a6b1-a1bc10d10a57""}",1789085546.209329
049c3a29-2e35-4c9e-b1ee-32442d8510e1,73fe5556-d77f-4bf9-ba8e-833298d43f8a,HUMAN,shown,trend_alert,down-streak,down-streak,2026-09-11T00:12:26.100Z,2026-09-11T00:12:26.213734+00:00,"{""client_ts"": ""2026-09-11T00:12:26.100Z"", ""element_id"": ""down-streak"", ""element_label"": ""down-streak"", ""element_type"": ""trend_alert"", ""event_name"": ""shown"", ""message"": ""Price went down 3 times in the last 5 ticks!"", ""trader_id"": ""73fe5556-d77f-4bf9-ba8e-833298d43f8a""}",1789085546.221287
049c3a29-2e35-4c9e-b1ee-32442d8510e1,81a977dc-433d-4415-94c7-ebaad5de679b,HUMAN,shown,badge_unlock,platinum,Platinum,2026-09-11T00:12:27.803Z,2026-09-11T00:12:27.916921+00:00,"{""client_ts"": ""2026-09-11T00:12:27.803Z"", ""element_id"": ""platinum"", ""element_label"": ""Platinum"", ""element_type"": ""badge_unlock"", ""event_name"": ""shown"", ""total_trades_threshold"": 50, ""trader_id"": ""81a977dc-433d-4415-94c7-ebaad5de679b""}",1789085547.925337
049c3a29-2e35-4c9e-b1ee-32442d8510e1,81a977dc-433d-4415-94c7-ebaad5de679b,HUMAN,shown,badge_modal,platinum,Platinum,2026-09-11T00:12:27.804Z,2026-09-11T00:12:27.945334+00:00,"{""client_ts"": ""2026-09-11T00:12:27.804Z"", ""element_id"": ""platinum"", ""element_label"": ""Platinum"", ""element_type"": ""badge_modal"", ""event_name"": ""shown"", ""message"": ""You are definitely going places!"", ""total_trades"": 50, ""trader_id"": ""81a977dc-433d-4415-94c7-ebaad5de679b""}",1789085547.95371
049c3a29-2e35-4c9e-b1ee-32442d8510e1,81a977dc-433d-4415-94c7-ebaad5de679b,HUMAN,shown,badge_gif,platinum,Platinum,2026-09-11T00:12:27.804Z,2026-09-11T00:12:27.962281+00:00,"{""client_ts"": ""2026-09-11T00:12:27.804Z"", ""element_id"": ""platinum"", ""element_label"": ""Platinum"", ""element_type"": ""badge_gif"", ""event_name"": ""shown"", ""gif"": ""/static/trader_bridge_app/vue/assets/platinum.gif"", ""trader_id"": ""81a977dc-433d-4415-94c7-ebaad5de679b""}",1789085547.970412
049c3a29-2e35-4c9e-b1ee-32442d8510e1,8743e64f-c9a4-4f8a-b5a3-89f9f130f2aa,HUMAN,shown,trend_alert,down-streak,down-streak,2026-09-11T00:12:28.830Z,2026-09-11T00:12:28.893865+00:00,"{""client_ts"": ""2026-09-11T00:12:28.830Z"", ""element_id"": ""down-streak"", ""element_label"": ""down-streak"", ""element_type"": ""trend_alert"", ""event_name"": ""shown"", ""message"": ""Price went down 3 times in the last 5 ticks!"", ""trader_id"": ""8743e64f-c9a4-4f8a-b5a3-89f9f130f2aa""}",1789085548.903204
049c3a29-2e35-4c9e-b1ee-32442d8510e1,64998d2d-498a-4e64-99d7-6a9d7940577e,HUMAN,shown,trend_alert,down-streak,down-streak,2026-09-11T00:12:28.829Z,2026-09-11T00:12:28.907179+00:00,"{""client_ts"": ""2026-09-11T00:12:28.829Z"", ""element_id"": ""down-streak"", ""element_label"": ""down-streak"", ""element_type"": ""trend_alert"", ""event_name"": ""shown"", ""message"": ""Price went down 3 times in the last 5 ticks!"", ""trader_id"": ""64998d2d-498a-4e64-99d7-6a9d7940577e""}",1789085548.914521
049c3a29-2e35-4c9e-b1ee-32442d8510e1,73fe5556-d77f-4bf9-ba8e-833298d43f8a,HUMAN,shown,trend_alert,down-streak,down-streak,2026-09-11T00:12:28.829Z,2026-09-11T00:12:28.918502+00:00,"{""client_ts"": ""2026-09-11T00:12:28.829Z"", ""element_id"": ""down-streak"", ""element_label"": ""down-streak"", ""element_type"": ""trend_alert"", ""event_name"": ""shown"", ""message"": ""Price went down 3 times in the last 5 ticks!"", ""trader_id"": ""73fe5556-d77f-4bf9-ba8e-833298d43f8a""}",1789085548.925807
049c3a29-2e35-4c9e-b1ee-32442d8510e1,093f2af1-de87-45a7-a6b1-a1bc10d10a57,HUMAN,shown,trend_alert,down-streak,down-streak,2026-09-11T00:12:28.830Z,2026-09-11T00:12:28.929823+00:00,"{""client_ts"": ""2026-09-11T00:12:28.830Z"", ""element_id"": ""down-streak"", ""element_label"": ""down-streak"", ""element_type"": ""trend_alert"", ""event_name"": ""shown"", ""message"": ""Price went down 3 times in the last 5 ticks!"", ""trader_id"": ""093f2af1-de87-45a7-a6b1-a1bc10d10a57""}",1789085548.939276
049c3a29-2e35-4c9e-b1ee-32442d8510e1,ab2ca6f6-98d2-4898-80c5-d4833fb874be,HUMAN,shown,trend_alert,down-streak,down-streak,2026-09-11T00:12:28.833Z,2026-09-11T00:12:28.943075+00:00,"{""client_ts"": ""2026-09-11T00:12:28.833Z"", ""element_id"": ""down-streak"", ""element_label"": ""down-streak"", ""element_type"": ""trend_alert"", ""event_name"": ""shown"", ""message"": ""Price went down 3 times in the last 5 ticks!"", ""trader_id"": ""ab2ca6f6-98d2-4898-80c5-d4833fb874be""}",1789085548.950509
049c3a29-2e35-4c9e-b1ee-32442d8510e1,81a977dc-433d-4415-94c7-ebaad5de679b,HUMAN,shown,trend_alert,down-streak,down-streak,2026-09-11T00:12:28.833Z,2026-09-11T00:12:28.954078+00:00,"{""client_ts"": ""2026-09-11T00:12:28.833Z"", ""element_id"": ""down-streak"", ""element_label"": ""down-streak"", ""element_type"": ""trend_alert"", ""event_name"": ""shown"", ""message"": ""Price went down 3 times in the last 5 ticks!"", ""trader_id"": ""81a977dc-433d-4415-94c7-ebaad5de679b""}",1789085548.961388
c37a19d1-3da8-40e7-97e2-5548f7a2b914,aba8edfe-fe90-4b8d-a777-96c72d78592d,HUMAN,shown,trend_alert,down-streak,down-streak,2026-09-11T00:12:44.794Z,2026-09-11T00:12:44.912246+00:00,"{""client_ts"": ""2026-09-11T00:12:44.794Z"", ""element_id"": ""down-streak"", ""element_label"": ""down-streak"", ""element_type"": ""trend_alert"", ""event_name"": ""shown"", ""message"": ""Price went down 3 times in the last 5 ticks!"", ""trader_id"": ""aba8edfe-fe90-4b8d-a777-96c72d78592d""}",1789085564.920948
c37a19d1-3da8-40e7-97e2-5548f7a2b914,c11b900e-41c7-4c49-9287-047825bc1421,HUMAN,shown,trend_alert,down-streak,down-streak,2026-09-11T00:12:44.776Z,2026-09-11T00:12:44.924864+00:00,"{""client_ts"": ""2026-09-11T00:12:44.776Z"", ""element_id"": ""down-streak"", ""element_label"": ""down-streak"", ""element_type"": ""trend_alert"", ""event_name"": ""shown"", ""message"": ""Price went down 3 times in the last 5 ticks!"", ""trader_id"": ""c11b900e-41c7-4c49-9287-047825bc1421""}",1789085564.932785
c37a19d1-3da8-40e7-97e2-5548f7a2b914,cb921b26-f05d-4d63-b193-514916440927,HUMAN,shown,trend_alert,down-streak,down-streak,2026-09-11T00:12:44.805Z,2026-09-11T00:12:44.936607+00:00,"{""client_ts"": ""2026-09-11T00:12:44.805Z"", ""element_id"": ""down-streak"", ""element_label"": ""down-streak"", ""element_type"": ""trend_alert"", ""event_name"": ""shown"", ""message"": ""Price went down 3 times in the last 5 ticks!"", ""trader_id"": ""cb921b26-f05d-4d63-b193-514916440927""}",1789085564.94454
c37a19d1-3da8-40e7-97e2-5548f7a2b914,74c01899-253f-4aa9-8a9d-3032636eac68,HUMAN,shown,trend_alert,down-streak,down-streak,2026-09-11T00:12:44.795Z,2026-09-11T00:12:44.951616+00:00,"{""client_ts"": ""2026-09-11T00:12:44.795Z"", ""element_id"": ""down-streak"", ""element_label"": ""down-streak"", ""element_type"": ""trend_alert"", ""event_name"": ""shown"", ""message"": ""Price went down 3 times in the last 5 ticks!"", ""trader_id"": ""74c01899-253f-4aa9-8a9d-3032636eac68""}",1789085564.959104
c37a19d1-3da8-40e7-97e2-5548f7a2b914,901fa291-0d92-429b-bbbd-77bbf582f43d,HUMAN,shown,trend_alert,down-streak,down-streak,2026-09-11T00:12:44.733Z,2026-09-11T00:12:44.963469+00:00,"{""client_ts"": ""2026-09-11T00:12:44.733Z"", ""element_id"": ""down-streak"", ""element_label"": ""down-streak"", ""element_type"": ""trend_alert"", ""event_name"": ""shown"", ""message"": ""Price went down 3 times in the last 5 ticks!"", ""trader_id"": ""901fa291-0d92-429b-bbbd-77bbf582f43d""}",1789085564.971281
c37a19d1-3da8-40e7-97e2-5548f7a2b914,f92101ae-25b2-44a6-a0cc-63a443dd5248,HUMAN,shown,trend_alert,down-streak,down-streak,2026-09-11T00:12:44.798Z,2026-09-11T00:12:44.977012+00:00,"{""client_ts"": ""2026-09-11T00:12:44.798Z"", ""element_id"": ""down-streak"", ""element_label"": ""down-streak"", ""element_type"": ""trend_alert"", ""event_name"": ""shown"", ""message"": ""Price went down 3 times in the last 5 ticks!"", ""trader_id"": ""f92101ae-25b2-44a6-a0cc-63a443dd5248""}",1789085564.984707
049c3a29-2e35-4c9e-b1ee-32442d8510e1,73fe5556-d77f-4bf9-ba8e-833298d43f8a,HUMAN,shown,badge_unlock,gold,Gold,2026-09-11T00:13:03.529Z,2026-09-11T00:13:03.593363+00:00,"{""client_ts"": ""2026-09-11T00:13:03.529Z"", ""element_id"": ""gold"", ""element_label"": ""Gold"", ""element_type"": ""badge_unlock"", ""event_name"": ""shown"", ""total_trades_threshold"": 35, ""trader_id"": ""73fe5556-d77f-4bf9-ba8e-833298d43f8a""}",1789085583.602726
049c3a29-2e35-4c9e-b1ee-32442d8510e1,73fe5556-d77f-4bf9-ba8e-833298d43f8a,HUMAN,shown,badge_modal,gold,Gold,2026-09-11T00:13:03.529Z,2026-09-11T00:13:03.607992+00:00,"{""client_ts"": ""2026-09-11T00:13:03.529Z"", ""element_id"": ""gold"", ""element_label"": ""Gold"", ""element_type"": ""badge_modal"", ""event_name"": ""shown"", ""message"": ""You are the money maker!"", ""total_trades"": 35, ""trader_id"": ""73fe5556-d77f-4bf9-ba8e-833298d43f8a""}",1789085583.619666
049c3a29-2e35-4c9e-b1ee-32442d8510e1,73fe5556-d77f-4bf9-ba8e-833298d43f8a,HUMAN,shown,badge_gif,gold,Gold,2026-09-11T00:13:03.529Z,2026-09-11T00:13:03.624701+00:00,"{""client_ts"": ""2026-09-11T00:13:03.529Z"", ""element_id"": ""gold"", ""element_label"": ""Gold"", ""element_type"": ""badge_gif"", ""event_name"": ""shown"", ""gif"": ""/static/trader_bridge_app/vue/assets/gold.gif"", ""trader_id"": ""73fe5556-d77f-4bf9-ba8e-833298d43f8a""}",1789085583.63253
c37a19d1-3da8-40e7-97e2-5548f7a2b914,c11b900e-41c7-4c49-9287-047825bc1421,HUMAN,shown,badge_unlock,platinum,Platinum,2026-09-11T00:13:06.843Z,2026-09-11T00:13:06.924795+00:00,"{""client_ts"": ""2026-09-11T00:13:06.843Z"", ""element_id"": ""platinum"", ""element_label"": ""Platinum"", ""element_type"": ""badge_unlock"", ""event_name"": ""shown"", ""total_trades_threshold"": 50, ""trader_id"": ""c11b900e-41c7-4c49-9287-047825bc1421""}",1789085586.933223
c37a19d1-3da8-40e7-97e2-5548f7a2b914,c11b900e-41c7-4c49-9287-047825bc1421,HUMAN,shown,badge_modal,platinum,Platinum,2026-09-11T00:13:06.843Z,2026-09-11T00:13:06.938247+00:00,"{""client_ts"": ""2026-09-11T00:13:06.843Z"", ""element_id"": ""platinum"", ""element_label"": ""Platinum"", ""element_type"": ""badge_modal"", ""event_name"": ""shown"", ""message"": ""You are definitely going places!"", ""total_trades"": 50, ""trader_id"": ""c11b900e-41c7-4c49-9287-047825bc1421""}",1789085586.945791
c37a19d1-3da8-40e7-97e2-5548f7a2b914,c11b900e-41c7-4c49-9287-047825bc1421,HUMAN,shown,badge_gif,platinum,Platinum,2026-09-11T00:13:06.843Z,2026-09-11T00:13:06.951167+00:00,"{""client_ts"": ""2026-09-11T00:13:06.843Z"", ""element_id"": ""platinum"", ""element_label"": ""Platinum"", ""element_type"": ""badge_gif"", ""event_name"": ""shown"", ""gif"": ""/static/trader_bridge_app/vue/assets/platinum.gif"", ""trader_id"": ""c11b900e-41c7-4c49-9287-047825bc1421""}",1789085586.959928
c37a19d1-3da8-40e7-97e2-5548f7a2b914,901fa291-0d92-429b-bbbd-77bbf582f43d,HUMAN,shown,badge_unlock,silver,Silver,2026-09-11T00:13:07.778Z,2026-09-11T00:13:07.907212+00:00,"{""client_ts"": ""2026-09-11T00:13:07.778Z"", ""element_id"": ""silver"", ""element_label"": ""Silver"", ""element_type"": ""badge_unlock"", ""event_name"": ""shown"", ""total_trades_threshold"": 15, ""trader_id"": ""901fa291-0d92-429b-bbbd-77bbf582f43d""}",1789085587.918986
c37a19d1-3da8-40e7-97e2-5548f7a2b914,901fa291-0d92-429b-bbbd-77bbf582f43d,HUMAN,shown,badge_modal,silver,Silver,2026-09-11T00:13:07.779Z,2026-09-11T00:13:07.926964+00:00,"{""client_ts"": ""2026-09-11T00:13:07.779Z"", ""element_id"": ""silver"", ""element_label"": ""Silver"", ""element_type"": ""badge_modal"", ""event_name"": ""shown"", ""message"": ""You belong on the trading floor!"", ""total_trades"": 15, ""trader_id"": ""901fa291-0d92-429b-bbbd-77bbf582f43d""}",1789085587.936851
c37a19d1-3da8-40e7-97e2-5548f7a2b914,901fa291-0d92-429b-bbbd-77bbf582f43d,HUMAN,shown,badge_gif,silver,Silver,2026-09-11T00:13:07.779Z,2026-09-11T00:13:07.945008+00:00,"{""client_ts"": ""2026-09-11T00:13:07.779Z"", ""element_id"": ""silver"", ""element_label"": ""Silver"", ""element_type"": ""badge_gif"", ""event_name"": ""shown"", ""gif"": ""/static/trader_bridge_app/vue/assets/silver.gif"", ""trader_id"": ""901fa291-0d92-429b-bbbd-77bbf582f43d""}",1789085587.953104
c37a19d1-3da8-40e7-97e2-5548f7a2b914,aba8edfe-fe90-4b8d-a777-96c72d78592d,HUMAN,shown,trend_alert,up-streak,up-streak,2026-09-11T00:13:16.604Z,2026-09-11T00:13:16.664114+00:00,"{""client_ts"": ""2026-09-11T00:13:16.604Z"", ""element_id"": ""up-streak"", ""element_label"": ""up-streak"", ""element_type"": ""trend_alert"", ""event_name"": ""shown"", ""message"": ""Price went up 3 times in the last 5 ticks!"", ""trader_id"": ""aba8edfe-fe90-4b8d-a777-96c72d78592d""}",1789085596.672275
c37a19d1-3da8-40e7-97e2-5548f7a2b914,901fa291-0d92-429b-bbbd-77bbf582f43d,HUMAN,shown,trend_alert,up-streak,up-streak,2026-09-11T00:13:16.537Z,2026-09-11T00:13:16.678175+00:00,"{""client_ts"": ""2026-09-11T00:13:16.537Z"", ""element_id"": ""up-streak"", ""element_label"": ""up-streak"", ""element_type"": ""trend_alert"", ""event_name"": ""shown"", ""message"": ""Price went up 3 times in the last 5 ticks!"", ""trader_id"": ""901fa291-0d92-429b-bbbd-77bbf582f43d""}",1789085596.688495
c37a19d1-3da8-40e7-97e2-5548f7a2b914,f92101ae-25b2-44a6-a0cc-63a443dd5248,HUMAN,shown,trend_alert,up-streak,up-streak,2026-09-11T00:13:16.601Z,2026-09-11T00:13:16.692370+00:00,"{""client_ts"": ""2026-09-11T00:13:16.601Z"", ""element_id"": ""up-streak"", ""element_label"": ""up-streak"", ""element_type"": ""trend_alert"", ""event_name"": ""shown"", ""message"": ""Price went up 3 times in the last 5 ticks!"", ""trader_id"": ""f92101ae-25b2-44a6-a0cc-63a443dd5248""}",1789085596.700137
c37a19d1-3da8-40e7-97e2-5548f7a2b914,cb921b26-f05d-4d63-b193-514916440927,HUMAN,shown,trend_alert,up-streak,up-streak,2026-09-11T00:13:16.612Z,2026-09-11T00:13:16.704481+00:00,"{""client_ts"": ""2026-09-11T00:13:16.612Z"", ""element_id"": ""up-streak"", ""element_label"": ""up-streak"", ""element_type"": ""trend_alert"", ""event_name"": ""shown"", ""message"": ""Price went up 3 times in the last 5 ticks!"", ""trader_id"": ""cb921b26-f05d-4d63-b193-514916440927""}",1789085596.712279
c37a19d1-3da8-40e7-97e2-5548f7a2b914,c11b900e-41c7-4c49-9287-047825bc1421,HUMAN,shown,trend_alert,up-streak,up-streak,2026-09-11T00:13:16.585Z,2026-09-11T00:13:16.716506+00:00,"{""client_ts"": ""2026-09-11T00:13:16.585Z"", ""element_id"": ""up-streak"", ""element_label"": ""up-streak"", ""element_type"": ""trend_alert"", ""event_name"": ""shown"", ""message"": ""Price went up 3 times in the last 5 ticks!"", ""trader_id"": ""c11b900e-41c7-4c49-9287-047825bc1421""}",1789085596.724438
c37a19d1-3da8-40e7-97e2-5548f7a2b914,74c01899-253f-4aa9-8a9d-3032636eac68,HUMAN,shown,trend_alert,up-streak,up-streak,2026-09-11T00:13:16.607Z,2026-09-11T00:13:16.729786+00:00,"{""client_ts"": ""2026-09-11T00:13:16.607Z"", ""element_id"": ""up-streak"", ""element_label"": ""up-streak"", ""element_type"": ""trend_alert"", ""event_name"": ""shown"", ""message"": ""Price went up 3 times in the last 5 ticks!"", ""trader_id"": ""74c01899-253f-4aa9-8a9d-3032636eac68""}",1789085596.737373
24b999b2-fcb9-4304-a923-41f366998dad,a2c8775b-1ae1-4fde-ac28-c87afc49dad3,HUMAN,shown,trend_alert,down-streak,down-streak,2026-09-11T00:13:20.736Z,2026-09-11T00:13:20.833933+00:00,"{""client_ts"": ""2026-09-11T00:13:20.736Z"", ""element_id"": ""down-streak"", ""element_label"": ""down-streak"", ""element_type"": ""trend_alert"", ""event_name"": ""shown"", ""message"": ""Price went down 3 times in the last 5 ticks!"", ""trader_id"": ""a2c8775b-1ae1-4fde-ac28-c87afc49dad3""}",1789085600.846267
24b999b2-fcb9-4304-a923-41f366998dad,780691e0-23fa-4614-8bba-e9be7f74977d,HUMAN,shown,trend_alert,down-streak,down-streak,2026-09-11T00:13:20.742Z,2026-09-11T00:13:20.850244+00:00,"{""client_ts"": ""2026-09-11T00:13:20.742Z"", ""element_id"": ""down-streak"", ""element_label"": ""down-streak"", ""element_type"": ""trend_alert"", ""event_name"": ""shown"", ""message"": ""Price went down 3 times in the last 5 ticks!"", ""trader_id"": ""780691e0-23fa-4614-8bba-e9be7f74977d""}",1789085600.858141
24b999b2-fcb9-4304-a923-41f366998dad,003c3411-c4ec-4d3c-9ae3-78a3e3c7d8df,HUMAN,shown,trend_alert,down-streak,down-streak,2026-09-11T00:13:20.719Z,2026-09-11T00:13:20.862216+00:00,"{""client_ts"": ""2026-09-11T00:13:20.719Z"", ""element_id"": ""down-streak"", ""element_label"": ""down-streak"", ""element_type"": ""trend_alert"", ""event_name"": ""shown"", ""message"": ""Price went down 3 times in the last 5 ticks!"", ""trader_id"": ""003c3411-c4ec-4d3c-9ae3-78a3e3c7d8df""}",1789085600.869811
24b999b2-fcb9-4304-a923-41f366998dad,2d5f7443-b06c-44da-896b-87f49555ca30,HUMAN,shown,trend_alert,down-streak,down-streak,2026-09-11T00:13:20.743Z,2026-09-11T00:13:20.873988+00:00,"{""client_ts"": ""2026-09-11T00:13:20.743Z"", ""element_id"": ""down-streak"", ""element_label"": ""down-streak"", ""element_type"": ""trend_alert"", ""event_name"": ""shown"", ""message"": ""Price went down 3 times in the last 5 ticks!"", ""trader_id"": ""2d5f7443-b06c-44da-896b-87f49555ca30""}",1789085600.881218
24b999b2-fcb9-4304-a923-41f366998dad,c244c4f3-087f-4071-a2a0-0d929c6c70b5,HUMAN,shown,trend_alert,down-streak,down-streak,2026-09-11T00:13:20.733Z,2026-09-11T00:13:20.884839+00:00,"{""client_ts"": ""2026-09-11T00:13:20.733Z"", ""element_id"": ""down-streak"", ""element_label"": ""down-streak"", ""element_type"": ""trend_alert"", ""event_name"": ""shown"", ""message"": ""Price went down 3 times in the last 5 ticks!"", ""trader_id"": ""c244c4f3-087f-4071-a2a0-0d929c6c70b5""}",1789085600.89186
049c3a29-2e35-4c9e-b1ee-32442d8510e1,64998d2d-498a-4e64-99d7-6a9d7940577e,HUMAN,shown,trend_alert,up-streak,up-streak,2026-09-11T00:13:34.363Z,2026-09-11T00:13:34.424817+00:00,"{""client_ts"": ""2026-09-11T00:13:34.363Z"", ""element_id"": ""up-streak"", ""element_label"": ""up-streak"", ""element_type"": ""trend_alert"", ""event_name"": ""shown"", ""message"": ""Price went up 3 times in the last 5 ticks!"", ""trader_id"": ""64998d2d-498a-4e64-99d7-6a9d7940577e""}",1789085614.433191
049c3a29-2e35-4c9e-b1ee-32442d8510e1,8743e64f-c9a4-4f8a-b5a3-89f9f130f2aa,HUMAN,shown,trend_alert,up-streak,up-streak,2026-09-11T00:13:34.365Z,2026-09-11T00:13:34.439054+00:00,"{""client_ts"": ""2026-09-11T00:13:34.365Z"", ""element_id"": ""up-streak"", ""element_label"": ""up-streak"", ""element_type"": ""trend_alert"", ""event_name"": ""shown"", ""message"": ""Price went up 3 times in the last 5 ticks!"", ""trader_id"": ""8743e64f-c9a4-4f8a-b5a3-89f9f130f2aa""}",1789085614.447218
049c3a29-2e35-4c9e-b1ee-32442d8510e1,093f2af1-de87-45a7-a6b1-a1bc10d10a57,HUMAN,shown,trend_alert,up-streak,up-streak,2026-09-11T00:13:34.367Z,2026-09-11T00:13:34.450538+00:00,"{""client_ts"": ""2026-09-11T00:13:34.367Z"", ""element_id"": ""up-streak"", ""element_label"": ""up-streak"", ""element_type"": ""trend_alert"", ""event_name"": ""shown"", ""message"": ""Price went up 3 times in the last 5 ticks!"", ""trader_id"": ""093f2af1-de87-45a7-a6b1-a1bc10d10a57""}",1789085614.458848
049c3a29-2e35-4c9e-b1ee-32442d8510e1,73fe5556-d77f-4bf9-ba8e-833298d43f8a,HUMAN,shown,trend_alert,up-streak,up-streak,2026-09-11T00:13:34.363Z,2026-09-11T00:13:34.462791+00:00,"{""client_ts"": ""2026-09-11T00:13:34.363Z"", ""element_id"": ""up-streak"", ""element_label"": ""up-streak"", ""element_type"": ""trend_alert"", ""event_name"": ""shown"", ""message"": ""Price went up 3 times in the last 5 ticks!"", ""trader_id"": ""73fe5556-d77f-4bf9-ba8e-833298d43f8a""}",1789085614.47026
049c3a29-2e35-4c9e-b1ee-32442d8510e1,ab2ca6f6-98d2-4898-80c5-d4833fb874be,HUMAN,shown,trend_alert,up-streak,up-streak,2026-09-11T00:13:34.367Z,2026-09-11T00:13:34.473500+00:00,"{""client_ts"": ""2026-09-11T00:13:34.367Z"", ""element_id"": ""up-streak"", ""element_label"": ""up-streak"", ""element_type"": ""trend_alert"", ""event_name"": ""shown"", ""message"": ""Price went up 3 times in the last 5 ticks!"", ""trader_id"": ""ab2ca6f6-98d2-4898-80c5-d4833fb874be""}",1789085614.480562
049c3a29-2e35-4c9e-b1ee-32442d8510e1,81a977dc-433d-4415-94c7-ebaad5de679b,HUMAN,shown,trend_alert,up-streak,up-streak,2026-09-11T00:13:34.372Z,2026-09-11T00:13:34.484722+00:00,"{""client_ts"": ""2026-09-11T00:13:34.372Z"", ""element_id"": ""up-streak"", ""element_label"": ""up-streak"", ""element_type"": ""trend_alert"", ""event_name"": ""shown"", ""message"": ""Price went up 3 times in the last 5 ticks!"", ""trader_id"": ""81a977dc-433d-4415-94c7-ebaad5de679b""}",1789085614.492486
049c3a29-2e35-4c9e-b1ee-32442d8510e1,64998d2d-498a-4e64-99d7-6a9d7940577e,HUMAN,shown,trend_alert,up-streak,up-streak,2026-09-11T00:13:39.329Z,2026-09-11T00:13:39.390762+00:00,"{""client_ts"": ""2026-09-11T00:13:39.329Z"", ""element_id"": ""up-streak"", ""element_label"": ""up-streak"", ""element_type"": ""trend_alert"", ""event_name"": ""shown"", ""message"": ""Price went up 3 times in the last 5 ticks!"", ""trader_id"": ""64998d2d-498a-4e64-99d7-6a9d7940577e""}",1789085619.415322
049c3a29-2e35-4c9e-b1ee-32442d8510e1,73fe5556-d77f-4bf9-ba8e-833298d43f8a,HUMAN,shown,trend_alert,up-streak,up-streak,2026-09-11T00:13:39.329Z,2026-09-11T00:13:39.426678+00:00,"{""client_ts"": ""2026-09-11T00:13:39.329Z"", ""element_id"": ""up-streak"", ""element_label"": ""up-streak"", ""element_type"": ""trend_alert"", ""event_name"": ""shown"", ""message"": ""Price went up 3 times in the last 5 ticks!"", ""trader_id"": ""73fe5556-d77f-4bf9-ba8e-833298d43f8a""}",1789085619.43524
049c3a29-2e35-4c9e-b1ee-32442d8510e1,ab2ca6f6-98d2-4898-80c5-d4833fb874be,HUMAN,shown,trend_alert,up-streak,up-streak,2026-09-11T00:13:39.332Z,2026-09-11T00:13:39.439028+00:00,"{""client_ts"": ""2026-09-11T00:13:39.332Z"", ""element_id"": ""up-streak"", ""element_label"": ""up-streak"", ""element_type"": ""trend_alert"", ""event_name"": ""shown"", ""message"": ""Price went up 3 times in the last 5 ticks!"", ""trader_id"": ""ab2ca6f6-98d2-4898-80c5-d4833fb874be""}",1789085619.448448
049c3a29-2e35-4c9e-b1ee-32442d8510e1,8743e64f-c9a4-4f8a-b5a3-89f9f130f2aa,HUMAN,shown,trend_alert,up-streak,up-streak,2026-09-11T00:13:39.333Z,2026-09-11T00:13:39.452132+00:00,"{""client_ts"": ""2026-09-11T00:13:39.333Z"", ""element_id"": ""up-streak"", ""element_label"": ""up-streak"", ""element_type"": ""trend_alert"", ""event_name"": ""shown"", ""message"": ""Price went up 3 times in the last 5 ticks!"", ""trader_id"": ""8743e64f-c9a4-4f8a-b5a3-89f9f130f2aa""}",1789085619.458922
049c3a29-2e35-4c9e-b1ee-32442d8510e1,093f2af1-de87-45a7-a6b1-a1bc10d10a57,HUMAN,shown,trend_alert,up-streak,up-streak,2026-09-11T00:13:39.334Z,2026-09-11T00:13:39.462746+00:00,"{""client_ts"": ""2026-09-11T00:13:39.334Z"", ""element_id"": ""up-streak"", ""element_label"": ""up-streak"", ""element_type"": ""trend_alert"", ""event_name"": ""shown"", ""message"": ""Price went up 3 times in the last 5 ticks!"", ""trader_id"": ""093f2af1-de87-45a7-a6b1-a1bc10d10a57""}",1789085619.469748
049c3a29-2e35-4c9e-b1ee-32442d8510e1,81a977dc-433d-4415-94c7-ebaad5de679b,HUMAN,shown,trend_alert,up-streak,up-streak,2026-09-11T00:13:39.336Z,2026-09-11T00:13:39.473578+00:00,"{""client_ts"": ""2026-09-11T00:13:39.336Z"", ""element_id"": ""up-streak"", ""element_label"": ""up-streak"", ""element_type"": ""trend_alert"", ""event_name"": ""shown"", ""message"": ""Price went up 3 times in the last 5 ticks!"", ""trader_id"": ""81a977dc-433d-4415-94c7-ebaad5de679b""}",1789085619.480821
049c3a29-2e35-4c9e-b1ee-32442d8510e1,64998d2d-498a-4e64-99d7-6a9d7940577e,HUMAN,shown,badge_unlock,platinum,Platinum,2026-09-11T00:13:39.958Z,2026-09-11T00:13:40.141323+00:00,"{""client_ts"": ""2026-09-11T00:13:39.958Z"", ""element_id"": ""platinum"", ""element_label"": ""Platinum"", ""element_type"": ""badge_unlock"", ""event_name"": ""shown"", ""total_trades_threshold"": 50, ""trader_id"": ""64998d2d-498a-4e64-99d7-6a9d7940577e""}",1789085620.171939
049c3a29-2e35-4c9e-b1ee-32442d8510e1,64998d2d-498a-4e64-99d7-6a9d7940577e,HUMAN,shown,badge_modal,platinum,Platinum,2026-09-11T00:13:39.958Z,2026-09-11T00:13:40.202498+00:00,"{""client_ts"": ""2026-09-11T00:13:39.958Z"", ""element_id"": ""platinum"", ""element_label"": ""Platinum"", ""element_type"": ""badge_modal"", ""event_name"": ""shown"", ""message"": ""You are definitely going places!"", ""total_trades"": 50, ""trader_id"": ""64998d2d-498a-4e64-99d7-6a9d7940577e""}",1789085620.247589
049c3a29-2e35-4c9e-b1ee-32442d8510e1,64998d2d-498a-4e64-99d7-6a9d7940577e,HUMAN,shown,badge_gif,platinum,Platinum,2026-09-11T00:13:39.958Z,2026-09-11T00:13:40.288299+00:00,"{""client_ts"": ""2026-09-11T00:13:39.958Z"", ""element_id"": ""platinum"", ""element_label"": ""Platinum"", ""element_type"": ""badge_gif"", ""event_name"": ""shown"", ""gif"": ""/static/trader_bridge_app/vue/assets/platinum.gif"", ""trader_id"": ""64998d2d-498a-4e64-99d7-6a9d7940577e""}",1789085620.335992
c37a19d1-3da8-40e7-97e2-5548f7a2b914,74c01899-253f-4aa9-8a9d-3032636eac68,HUMAN,shown,trend_alert,down-streak,down-streak,2026-09-11T00:14:08.571Z,2026-09-11T00:14:08.634904+00:00,"{""client_ts"": ""2026-09-11T00:14:08.571Z"", ""element_id"": ""down-streak"", ""element_label"": ""down-streak"", ""element_type"": ""trend_alert"", ""event_name"": ""shown"", ""message"": ""Price went down 3 times in the last 5 ticks!"", ""trader_id"": ""74c01899-253f-4aa9-8a9d-3032636eac68""}",1789085648.645847
c37a19d1-3da8-40e7-97e2-5548f7a2b914,cb921b26-f05d-4d63-b193-514916440927,HUMAN,shown,trend_alert,down-streak,down-streak,2026-09-11T00:14:08.584Z,2026-09-11T00:14:08.653159+00:00,"{""client_ts"": ""2026-09-11T00:14:08.584Z"", ""element_id"": ""down-streak"", ""element_label"": ""down-streak"", ""element_type"": ""trend_alert"", ""event_name"": ""shown"", ""message"": ""Price went down 3 times in the last 5 ticks!"", ""trader_id"": ""cb921b26-f05d-4d63-b193-514916440927""}",1789085648.661798
c37a19d1-3da8-40e7-97e2-5548f7a2b914,901fa291-0d92-429b-bbbd-77bbf582f43d,HUMAN,shown,trend_alert,down-streak,down-streak,2026-09-11T00:14:08.508Z,2026-09-11T00:14:08.665908+00:00,"{""client_ts"": ""2026-09-11T00:14:08.508Z"", ""element_id"": ""down-streak"", ""element_label"": ""down-streak"", ""element_type"": ""trend_alert"", ""event_name"": ""shown"", ""message"": ""Price went down 3 times in the last 5 ticks!"", ""trader_id"": ""901fa291-0d92-429b-bbbd-77bbf582f43d""}",1789085648.673791
c37a19d1-3da8-40e7-97e2-5548f7a2b914,c11b900e-41c7-4c49-9287-047825bc1421,HUMAN,shown,trend_alert,down-streak,down-streak,2026-09-11T00:14:08.557Z,2026-09-11T00:14:08.677588+00:00,"{""client_ts"": ""2026-09-11T00:14:08.557Z"", ""element_id"": ""down-streak"", ""element_label"": ""down-streak"", ""element_type"": ""trend_alert"", ""event_name"": ""shown"", ""message"": ""Price went down 3 times in the last 5 ticks!"", ""trader_id"": ""c11b900e-41c7-4c49-9287-047825bc1421""}",1789085648.687839
c37a19d1-3da8-40e7-97e2-5548f7a2b914,aba8edfe-fe90-4b8d-a777-96c72d78592d,HUMAN,shown,trend_alert,down-streak,down-streak,2026-09-11T00:14:08.577Z,2026-09-11T00:14:08.692017+00:00,"{""client_ts"": ""2026-09-11T00:14:08.577Z"", ""element_id"": ""down-streak"", ""element_label"": ""down-streak"", ""element_type"": ""trend_alert"", ""event_name"": ""shown"", ""message"": ""Price went down 3 times in the last 5 ticks!"", ""trader_id"": ""aba8edfe-fe90-4b8d-a777-96c72d78592d""}",1789085648.699827
049c3a29-2e35-4c9e-b1ee-32442d8510e1,8743e64f-c9a4-4f8a-b5a3-89f9f130f2aa,HUMAN,shown,trend_alert,down-streak,down-streak,2026-09-11T00:14:16.972Z,2026-09-11T00:14:17.037032+00:00,"{""client_ts"": ""2026-09-11T00:14:16.972Z"", ""element_id"": ""down-streak"", ""element_label"": ""down-streak"", ""element_type"": ""trend_alert"", ""event_name"": ""shown"", ""message"": ""Price went down 3 times in the last 5 ticks!"", ""trader_id"": ""8743e64f-c9a4-4f8a-b5a3-89f9f130f2aa""}",1789085657.045881
049c3a29-2e35-4c9e-b1ee-32442d8510e1,64998d2d-498a-4e64-99d7-6a9d7940577e,HUMAN,shown,trend_alert,down-streak,down-streak,2026-09-11T00:14:16.970Z,2026-09-11T00:14:17.049917+00:00,"{""client_ts"": ""2026-09-11T00:14:16.970Z"", ""element_id"": ""down-streak"", ""element_label"": ""down-streak"", ""element_type"": ""trend_alert"", ""event_name"": ""shown"", ""message"": ""Price went down 3 times in the last 5 ticks!"", ""trader_id"": ""64998d2d-498a-4e64-99d7-6a9d7940577e""}",1789085657.057445
049c3a29-2e35-4c9e-b1ee-32442d8510e1,ab2ca6f6-98d2-4898-80c5-d4833fb874be,HUMAN,shown,trend_alert,down-streak,down-streak,2026-09-11T00:14:16.973Z,2026-09-11T00:14:17.061306+00:00,"{""client_ts"": ""2026-09-11T00:14:16.973Z"", ""element_id"": ""down-streak"", ""element_label"": ""down-streak"", ""element_type"": ""trend_alert"", ""event_name"": ""shown"", ""message"": ""Price went down 3 times in the last 5 ticks!"", ""trader_id"": ""ab2ca6f6-98d2-4898-80c5-d4833fb874be""}",1789085657.070478
049c3a29-2e35-4c9e-b1ee-32442d8510e1,81a977dc-433d-4415-94c7-ebaad5de679b,HUMAN,shown,trend_alert,down-streak,down-streak,2026-09-11T00:14:16.975Z,2026-09-11T00:14:17.074640+00:00,"{""client_ts"": ""2026-09-11T00:14:16.975Z"", ""element_id"": ""down-streak"", ""element_label"": ""down-streak"", ""element_type"": ""trend_alert"", ""event_name"": ""shown"", ""message"": ""Price went down 3 times in the last 5 ticks!"", ""trader_id"": ""81a977dc-433d-4415-94c7-ebaad5de679b""}",1789085657.082206
049c3a29-2e35-4c9e-b1ee-32442d8510e1,73fe5556-d77f-4bf9-ba8e-833298d43f8a,HUMAN,shown,trend_alert,down-streak,down-streak,2026-09-11T00:14:16.971Z,2026-09-11T00:14:17.086024+00:00,"{""client_ts"": ""2026-09-11T00:14:16.971Z"", ""element_id"": ""down-streak"", ""element_label"": ""down-streak"", ""element_type"": ""trend_alert"", ""event_name"": ""shown"", ""message"": ""Price went down 3 times in the last 5 ticks!"", ""trader_id"": ""73fe5556-d77f-4bf9-ba8e-833298d43f8a""}",1789085657.09504
049c3a29-2e35-4c9e-b1ee-32442d8510e1,093f2af1-de87-45a7-a6b1-a1bc10d10a57,HUMAN,shown,trend_alert,down-streak,down-streak,2026-09-11T00:14:16.975Z,2026-09-11T00:14:17.101922+00:00,"{""client_ts"": ""2026-09-11T00:14:16.975Z"", ""element_id"": ""down-streak"", ""element_label"": ""down-streak"", ""element_type"": ""trend_alert"", ""event_name"": ""shown"", ""message"": ""Price went down 3 times in the last 5 ticks!"", ""trader_id"": ""093f2af1-de87-45a7-a6b1-a1bc10d10a57""}",1789085657.109558
c37a19d1-3da8-40e7-97e2-5548f7a2b914,c11b900e-41c7-4c49-9287-047825bc1421,HUMAN,shown,trend_alert,down-streak,down-streak,2026-09-11T00:14:25.607Z,2026-09-11T00:14:25.686406+00:00,"{""client_ts"": ""2026-09-11T00:14:25.607Z"", ""element_id"": ""down-streak"", ""element_label"": ""down-streak"", ""element_type"": ""trend_alert"", ""event_name"": ""shown"", ""message"": ""Price went down 3 times in the last 5 ticks!"", ""trader_id"": ""c11b900e-41c7-4c49-9287-047825bc1421""}",1789085665.69654
c37a19d1-3da8-40e7-97e2-5548f7a2b914,901fa291-0d92-429b-bbbd-77bbf582f43d,HUMAN,shown,trend_alert,down-streak,down-streak,2026-09-11T00:14:25.557Z,2026-09-11T00:14:25.701337+00:00,"{""client_ts"": ""2026-09-11T00:14:25.557Z"", ""element_id"": ""down-streak"", ""element_label"": ""down-streak"", ""element_type"": ""trend_alert"", ""event_name"": ""shown"", ""message"": ""Price went down 3 times in the last 5 ticks!"", ""trader_id"": ""901fa291-0d92-429b-bbbd-77bbf582f43d""}",1789085665.709274
c37a19d1-3da8-40e7-97e2-5548f7a2b914,aba8edfe-fe90-4b8d-a777-96c72d78592d,HUMAN,shown,trend_alert,down-streak,down-streak,2026-09-11T00:14:25.626Z,2026-09-11T00:14:25.714287+00:00,"{""client_ts"": ""2026-09-11T00:14:25.626Z"", ""element_id"": ""down-streak"", ""element_label"": ""down-streak"", ""element_type"": ""trend_alert"", ""event_name"": ""shown"", ""message"": ""Price went down 3 times in the last 5 ticks!"", ""trader_id"": ""aba8edfe-fe90-4b8d-a777-96c72d78592d""}",1789085665.721982
c37a19d1-3da8-40e7-97e2-5548f7a2b914,cb921b26-f05d-4d63-b193-514916440927,HUMAN,shown,trend_alert,down-streak,down-streak,2026-09-11T00:14:25.637Z,2026-09-11T00:14:25.730471+00:00,"{""client_ts"": ""2026-09-11T00:14:25.637Z"", ""element_id"": ""down-streak"", ""element_label"": ""down-streak"", ""element_type"": ""trend_alert"", ""event_name"": ""shown"", ""message"": ""Price went down 3 times in the last 5 ticks!"", ""trader_id"": ""cb921b26-f05d-4d63-b193-514916440927""}",1789085665.739396
c37a19d1-3da8-40e7-97e2-5548f7a2b914,74c01899-253f-4aa9-8a9d-3032636eac68,HUMAN,shown,trend_alert,down-streak,down-streak,2026-09-11T00:14:25.626Z,2026-09-11T00:14:25.743208+00:00,"{""client_ts"": ""2026-09-11T00:14:25.626Z"", ""element_id"": ""down-streak"", ""element_label"": ""down-streak"", ""element_type"": ""trend_alert"", ""event_name"": ""shown"", ""message"": ""Price went down 3 times in the last 5 ticks!"", ""trader_id"": ""74c01899-253f-4aa9-8a9d-3032636eac68""}",1789085665.750783
c37a19d1-3da8-40e7-97e2-5548f7a2b914,c11b900e-41c7-4c49-9287-047825bc1421,HUMAN,shown,badge_unlock,diamond,Diamond,2026-09-11T00:14:28.830Z,2026-09-11T00:14:28.953048+00:00,"{""client_ts"": ""2026-09-11T00:14:28.830Z"", ""element_id"": ""diamond"", ""element_label"": ""Diamond"", ""element_type"": ""badge_unlock"", ""event_name"": ""shown"", ""total_trades_threshold"": 60, ""trader_id"": ""c11b900e-41c7-4c49-9287-047825bc1421""}",1789085668.960689
c37a19d1-3da8-40e7-97e2-5548f7a2b914,c11b900e-41c7-4c49-9287-047825bc1421,HUMAN,shown,badge_modal,diamond,Diamond,2026-09-11T00:14:28.830Z,2026-09-11T00:14:29.077655+00:00,"{""client_ts"": ""2026-09-11T00:14:28.830Z"", ""element_id"": ""diamond"", ""element_label"": ""Diamond"", ""element_type"": ""badge_modal"", ""event_name"": ""shown"", ""message"": ""The Wolf of Wall Street"", ""total_trades"": 60, ""trader_id"": ""c11b900e-41c7-4c49-9287-047825bc1421""}",1789085669.085407
c37a19d1-3da8-40e7-97e2-5548f7a2b914,c11b900e-41c7-4c49-9287-047825bc1421,HUMAN,shown,badge_gif,diamond,Diamond,2026-09-11T00:14:28.830Z,2026-09-11T00:14:29.093927+00:00,"{""client_ts"": ""2026-09-11T00:14:28.830Z"", ""element_id"": ""diamond"", ""element_label"": ""Diamond"", ""element_type"": ""badge_gif"", ""event_name"": ""shown"", ""gif"": ""/static/trader_bridge_app/vue/assets/diamond.gif"", ""trader_id"": ""c11b900e-41c7-4c49-9287-047825bc1421""}",1789085669.101294
c37a19d1-3da8-40e7-97e2-5548f7a2b914,aba8edfe-fe90-4b8d-a777-96c72d78592d,HUMAN,shown,trend_alert,down-streak,down-streak,2026-09-11T00:14:33.804Z,2026-09-11T00:14:33.913242+00:00,"{""client_ts"": ""2026-09-11T00:14:33.804Z"", ""element_id"": ""down-streak"", ""element_label"": ""down-streak"", ""element_type"": ""trend_alert"", ""event_name"": ""shown"", ""message"": ""Price went down 3 times in the last 5 ticks!"", ""trader_id"": ""aba8edfe-fe90-4b8d-a777-96c72d78592d""}",1789085673.924465
c37a19d1-3da8-40e7-97e2-5548f7a2b914,cb921b26-f05d-4d63-b193-514916440927,HUMAN,shown,trend_alert,down-streak,down-streak,2026-09-11T00:14:33.812Z,2026-09-11T00:14:33.928207+00:00,"{""client_ts"": ""2026-09-11T00:14:33.812Z"", ""element_id"": ""down-streak"", ""element_label"": ""down-streak"", ""element_type"": ""trend_alert"", ""event_name"": ""shown"", ""message"": ""Price went down 3 times in the last 5 ticks!"", ""trader_id"": ""cb921b26-f05d-4d63-b193-514916440927""}",1789085673.935742
c37a19d1-3da8-40e7-97e2-5548f7a2b914,f92101ae-25b2-44a6-a0cc-63a443dd5248,HUMAN,shown,trend_alert,down-streak,down-streak,2026-09-11T00:14:33.800Z,2026-09-11T00:14:33.939115+00:00,"{""client_ts"": ""2026-09-11T00:14:33.800Z"", ""element_id"": ""down-streak"", ""element_label"": ""down-streak"", ""element_type"": ""trend_alert"", ""event_name"": ""shown"", ""message"": ""Price went down 3 times in the last 5 ticks!"", ""trader_id"": ""f92101ae-25b2-44a6-a0cc-63a443dd5248""}",1789085673.946481
c37a19d1-3da8-40e7-97e2-5548f7a2b914,901fa291-0d92-429b-bbbd-77bbf582f43d,HUMAN,shown,trend_alert,down-streak,down-streak,2026-09-11T00:14:33.737Z,2026-09-11T00:14:34.067270+00:00,"{""client_ts"": ""2026-09-11T00:14:33.737Z"", ""element_id"": ""down-streak"", ""element_label"": ""down-streak"", ""element_type"": ""trend_alert"", ""event_name"": ""shown"", ""message"": ""Price went down 3 times in the last 5 ticks!"", ""trader_id"": ""901fa291-0d92-429b-bbbd-77bbf582f43d""}",1789085674.074553
c37a19d1-3da8-40e7-97e2-5548f7a2b914,74c01899-253f-4aa9-8a9d-3032636eac68,HUMAN,shown,trend_alert,down-streak,down-streak,2026-09-11T00:14:33.804Z,2026-09-11T00:14:34.077957+00:00,"{""client_ts"": ""2026-09-11T00:14:33.804Z"", ""element_id"": ""down-streak"", ""element_label"": ""down-streak"", ""element_type"": ""trend_alert"", ""event_name"": ""shown"", ""message"": ""Price went down 3 times in the last 5 ticks!"", ""trader_id"": ""74c01899-253f-4aa9-8a9d-3032636eac68""}",1789085674.085139
c37a19d1-3da8-40e7-97e2-5548f7a2b914,c11b900e-41c7-4c49-9287-047825bc1421,HUMAN,shown,trend_alert,down-streak,down-streak,2026-09-11T00:14:33.791Z,2026-09-11T00:14:34.088192+00:00,"{""client_ts"": ""2026-09-11T00:14:33.791Z"", ""element_id"": ""down-streak"", ""element_label"": ""down-streak"", ""element_type"": ""trend_alert"", ""event_name"": ""shown"", ""message"": ""Price went down 3 times in the last 5 ticks!"", ""trader_id"": ""c11b900e-41c7-4c49-9287-047825bc1421""}",1789085674.09554
c37a19d1-3da8-40e7-97e2-5548f7a2b914,aba8edfe-fe90-4b8d-a777-96c72d78592d,HUMAN,shown,trend_alert,down-streak,down-streak,2026-09-11T00:14:35.698Z,2026-09-11T00:14:35.762118+00:00,"{""client_ts"": ""2026-09-11T00:14:35.698Z"", ""element_id"": ""down-streak"", ""element_label"": ""down-streak"", ""element_type"": ""trend_alert"", ""event_name"": ""shown"", ""message"": ""Price went down 3 times in the last 5 ticks!"", ""trader_id"": ""aba8edfe-fe90-4b8d-a777-96c72d78592d""}",1789085675.770301
c37a19d1-3da8-40e7-97e2-5548f7a2b914,c11b900e-41c7-4c49-9287-047825bc1421,HUMAN,shown,trend_alert,down-streak,down-streak,2026-09-11T00:14:35.683Z,2026-09-11T00:14:35.773612+00:00,"{""client_ts"": ""2026-09-11T00:14:35.683Z"", ""element_id"": ""down-streak"", ""element_label"": ""down-streak"", ""element_type"": ""trend_alert"", ""event_name"": ""shown"", ""message"": ""Price went down 3 times in the last 5 ticks!"", ""trader_id"": ""c11b900e-41c7-4c49-9287-047825bc1421""}",1789085675.781262
c37a19d1-3da8-40e7-97e2-5548f7a2b914,74c01899-253f-4aa9-8a9d-3032636eac68,HUMAN,shown,trend_alert,down-streak,down-streak,2026-09-11T00:14:35.696Z,2026-09-11T00:14:35.786305+00:00,"{""client_ts"": ""2026-09-11T00:14:35.696Z"", ""element_id"": ""down-streak"", ""element_label"": ""down-streak"", ""element_type"": ""trend_alert"", ""event_name"": ""shown"", ""message"": ""Price went down 3 times in the last 5 ticks!"", ""trader_id"": ""74c01899-253f-4aa9-8a9d-3032636eac68""}",1789085675.79641
c37a19d1-3da8-40e7-97e2-5548f7a2b914,901fa291-0d92-429b-bbbd-77bbf582f43d,HUMAN,shown,trend_alert,down-streak,down-streak,2026-09-11T00:14:35.632Z,2026-09-11T00:14:35.799887+00:00,"{""client_ts"": ""2026-09-11T00:14:35.632Z"", ""element_id"": ""down-streak"", ""element_label"": ""down-streak"", ""element_type"": ""trend_alert"", ""event_name"": ""shown"", ""message"": ""Price went down 3 times in the last 5 ticks!"", ""trader_id"": ""901fa291-0d92-429b-bbbd-77bbf582f43d""}",1789085675.807337
c37a19d1-3da8-40e7-97e2-5548f7a2b914,cb921b26-f05d-4d63-b193-514916440927,HUMAN,shown,trend_alert,down-streak,down-streak,2026-09-11T00:14:35.708Z,2026-09-11T00:14:35.810702+00:00,"{""client_ts"": ""2026-09-11T00:14:35.708Z"", ""element_id"": ""down-streak"", ""element_label"": ""down-streak"", ""element_type"": ""trend_alert"", ""event_name"": ""shown"", ""message"": ""Price went down 3 times in the last 5 ticks!"", ""trader_id"": ""cb921b26-f05d-4d63-b193-514916440927""}",1789085675.818249
c37a19d1-3da8-40e7-97e2-5548f7a2b914,f92101ae-25b2-44a6-a0cc-63a443dd5248,HUMAN,shown,trend_alert,down-streak,down-streak,2026-09-11T00:14:35.699Z,2026-09-11T00:14:35.822532+00:00,"{""client_ts"": ""2026-09-11T00:14:35.699Z"", ""element_id"": ""down-streak"", ""element_label"": ""down-streak"", ""element_type"": ""trend_alert"", ""event_name"": ""shown"", ""message"": ""Price went down 3 times in the last 5 ticks!"", ""trader_id"": ""f92101ae-25b2-44a6-a0cc-63a443dd5248""}",1789085675.830235
049c3a29-2e35-4c9e-b1ee-32442d8510e1,8743e64f-c9a4-4f8a-b5a3-89f9f130f2aa,HUMAN,shown,trend_alert,up-streak,up-streak,2026-09-11T00:14:52.776Z,2026-09-11T00:14:52.836075+00:00,"{""client_ts"": ""2026-09-11T00:14:52.776Z"", ""element_id"": ""up-streak"", ""element_label"": ""up-streak"", ""element_type"": ""trend_alert"", ""event_name"": ""shown"", ""message"": ""Price went up 3 times in the last 5 ticks!"", ""trader_id"": ""8743e64f-c9a4-4f8a-b5a3-89f9f130f2aa""}",1789085692.844812
049c3a29-2e35-4c9e-b1ee-32442d8510e1,64998d2d-498a-4e64-99d7-6a9d7940577e,HUMAN,shown,trend_alert,up-streak,up-streak,2026-09-11T00:14:52.775Z,2026-09-11T00:14:52.850785+00:00,"{""client_ts"": ""2026-09-11T00:14:52.775Z"", ""element_id"": ""up-streak"", ""element_label"": ""up-streak"", ""element_type"": ""trend_alert"", ""event_name"": ""shown"", ""message"": ""Price went up 3 times in the last 5 ticks!"", ""trader_id"": ""64998d2d-498a-4e64-99d7-6a9d7940577e""}",1789085692.858438
049c3a29-2e35-4c9e-b1ee-32442d8510e1,093f2af1-de87-45a7-a6b1-a1bc10d10a57,HUMAN,shown,trend_alert,up-streak,up-streak,2026-09-11T00:14:52.781Z,2026-09-11T00:14:52.862225+00:00,"{""client_ts"": ""2026-09-11T00:14:52.781Z"", ""element_id"": ""up-streak"", ""element_label"": ""up-streak"", ""element_type"": ""trend_alert"", ""event_name"": ""shown"", ""message"": ""Price went up 3 times in the last 5 ticks!"", ""trader_id"": ""093f2af1-de87-45a7-a6b1-a1bc10d10a57""}",1789085692.869227
049c3a29-2e35-4c9e-b1ee-32442d8510e1,81a977dc-433d-4415-94c7-ebaad5de679b,HUMAN,shown,trend_alert,up-streak,up-streak,2026-09-11T00:14:52.783Z,2026-09-11T00:14:52.872894+00:00,"{""client_ts"": ""2026-09-11T00:14:52.783Z"", ""element_id"": ""up-streak"", ""element_label"": ""up-streak"", ""element_type"": ""trend_alert"", ""event_name"": ""shown"", ""message"": ""Price went up 3 times in the last 5 ticks!"", ""trader_id"": ""81a977dc-433d-4415-94c7-ebaad5de679b""}",1789085692.879966
049c3a29-2e35-4c9e-b1ee-32442d8510e1,73fe5556-d77f-4bf9-ba8e-833298d43f8a,HUMAN,shown,trend_alert,up-streak,up-streak,2026-09-11T00:14:52.777Z,2026-09-11T00:14:52.889121+00:00,"{""client_ts"": ""2026-09-11T00:14:52.777Z"", ""element_id"": ""up-streak"", ""element_label"": ""up-streak"", ""element_type"": ""trend_alert"", ""event_name"": ""shown"", ""message"": ""Price went up 3 times in the last 5 ticks!"", ""trader_id"": ""73fe5556-d77f-4bf9-ba8e-833298d43f8a""}",1789085692.896676
049c3a29-2e35-4c9e-b1ee-32442d8510e1,ab2ca6f6-98d2-4898-80c5-d4833fb874be,HUMAN,shown,trend_alert,up-streak,up-streak,2026-09-11T00:14:52.780Z,2026-09-11T00:14:52.900447+00:00,"{""client_ts"": ""2026-09-11T00:14:52.780Z"", ""element_id"": ""up-streak"", ""element_label"": ""up-streak"", ""element_type"": ""trend_alert"", ""event_name"": ""shown"", ""message"": ""Price went up 3 times in the last 5 ticks!"", ""trader_id"": ""ab2ca6f6-98d2-4898-80c5-d4833fb874be""}",1789085692.908712
049c3a29-2e35-4c9e-b1ee-32442d8510e1,81a977dc-433d-4415-94c7-ebaad5de679b,HUMAN,shown,badge_unlock,diamond,Diamond,2026-09-11T00:14:53.524Z,2026-09-11T00:14:53.581145+00:00,"{""client_ts"": ""2026-09-11T00:14:53.524Z"", ""element_id"": ""diamond"", ""element_label"": ""Diamond"", ""element_type"": ""badge_unlock"", ""event_name"": ""shown"", ""total_trades_threshold"": 60, ""trader_id"": ""81a977dc-433d-4415-94c7-ebaad5de679b""}",1789085693.58923
049c3a29-2e35-4c9e-b1ee-32442d8510e1,81a977dc-433d-4415-94c7-ebaad5de679b,HUMAN,shown,badge_modal,diamond,Diamond,2026-09-11T00:14:53.524Z,2026-09-11T00:14:53.595783+00:00,"{""client_ts"": ""2026-09-11T00:14:53.524Z"", ""element_id"": ""diamond"", ""element_label"": ""Diamond"", ""element_type"": ""badge_modal"", ""event_name"": ""shown"", ""message"": ""The Wolf of Wall Street"", ""total_trades"": 60, ""trader_id"": ""81a977dc-433d-4415-94c7-ebaad5de679b""}",1789085693.603681
049c3a29-2e35-4c9e-b1ee-32442d8510e1,81a977dc-433d-4415-94c7-ebaad5de679b,HUMAN,shown,badge_gif,diamond,Diamond,2026-09-11T00:14:53.524Z,2026-09-11T00:14:53.608486+00:00,"{""client_ts"": ""2026-09-11T00:14:53.524Z"", ""element_id"": ""diamond"", ""element_label"": ""Diamond"", ""element_type"": ""badge_gif"", ""event_name"": ""shown"", ""gif"": ""/static/trader_bridge_app/vue/assets/diamond.gif"", ""trader_id"": ""81a977dc-433d-4415-94c7-ebaad5de679b""}",1789085693.616268
049c3a29-2e35-4c9e-b1ee-32442d8510e1,8743e64f-c9a4-4f8a-b5a3-89f9f130f2aa,HUMAN,shown,badge_unlock,platinum,Platinum,2026-09-11T00:15:05.869Z,2026-09-11T00:15:05.937598+00:00,"{""client_ts"": ""2026-09-11T00:15:05.869Z"", ""element_id"": ""platinum"", ""element_label"": ""Platinum"", ""element_type"": ""badge_unlock"", ""event_name"": ""shown"", ""total_trades_threshold"": 50, ""trader_id"": ""8743e64f-c9a4-4f8a-b5a3-89f9f130f2aa""}",1789085705.974751
049c3a29-2e35-4c9e-b1ee-32442d8510e1,8743e64f-c9a4-4f8a-b5a3-89f9f130f2aa,HUMAN,shown,badge_modal,platinum,Platinum,2026-09-11T00:15:05.869Z,2026-09-11T00:15:05.980846+00:00,"{""client_ts"": ""2026-09-11T00:15:05.869Z"", ""element_id"": ""platinum"", ""element_label"": ""Platinum"", ""element_type"": ""badge_modal"", ""event_name"": ""shown"", ""message"": ""You are definitely going places!"", ""total_trades"": 50, ""trader_id"": ""8743e64f-c9a4-4f8a-b5a3-89f9f130f2aa""}",1789085705.991146
049c3a29-2e35-4c9e-b1ee-32442d8510e1,8743e64f-c9a4-4f8a-b5a3-89f9f130f2aa,HUMAN,shown,badge_gif,platinum,Platinum,2026-09-11T00:15:05.869Z,2026-09-11T00:15:05.997686+00:00,"{""client_ts"": ""2026-09-11T00:15:05.869Z"", ""element_id"": ""platinum"", ""element_label"": ""Platinum"", ""element_type"": ""badge_gif"", ""event_name"": ""shown"", ""gif"": ""/static/trader_bridge_app/vue/assets/platinum.gif"", ""trader_id"": ""8743e64f-c9a4-4f8a-b5a3-89f9f130f2aa""}",1789085706.015002
049c3a29-2e35-4c9e-b1ee-32442d8510e1,64998d2d-498a-4e64-99d7-6a9d7940577e,HUMAN,shown,badge_unlock,diamond,Diamond,2026-09-11T00:15:29.103Z,2026-09-11T00:15:29.165097+00:00,"{""client_ts"": ""2026-09-11T00:15:29.103Z"", ""element_id"": ""diamond"", ""element_label"": ""Diamond"", ""element_type"": ""badge_unlock"", ""event_name"": ""shown"", ""total_trades_threshold"": 60, ""trader_id"": ""64998d2d-498a-4e64-99d7-6a9d7940577e""}",1789085729.204751
049c3a29-2e35-4c9e-b1ee-32442d8510e1,64998d2d-498a-4e64-99d7-6a9d7940577e,HUMAN,shown,badge_modal,diamond,Diamond,2026-09-11T00:15:29.103Z,2026-09-11T00:15:29.212325+00:00,"{""client_ts"": ""2026-09-11T00:15:29.103Z"", ""element_id"": ""diamond"", ""element_label"": ""Diamond"", ""element_type"": ""badge_modal"", ""event_name"": ""shown"", ""message"": ""The Wolf of Wall Street"", ""total_trades"": 60, ""trader_id"": ""64998d2d-498a-4e64-99d7-6a9d7940577e""}",1789085729.222569
049c3a29-2e35-4c9e-b1ee-32442d8510e1,64998d2d-498a-4e64-99d7-6a9d7940577e,HUMAN,shown,badge_gif,diamond,Diamond,2026-09-11T00:15:29.103Z,2026-09-11T00:15:29.229792+00:00,"{""client_ts"": ""2026-09-11T00:15:29.103Z"", ""element_id"": ""diamond"", ""element_label"": ""Diamond"", ""element_type"": ""badge_gif"", ""event_name"": ""shown"", ""gif"": ""/static/trader_bridge_app/vue/assets/diamond.gif"", ""trader_id"": ""64998d2d-498a-4e64-99d7-6a9d7940577e""}",1789085729.237913
049c3a29-2e35-4c9e-b1ee-32442d8510e1,64998d2d-498a-4e64-99d7-6a9d7940577e,HUMAN,shown,trend_alert,down-streak,down-streak,2026-09-11T00:15:44.165Z,2026-09-11T00:15:44.228595+00:00,"{""client_ts"": ""2026-09-11T00:15:44.165Z"", ""element_id"": ""down-streak"", ""element_label"": ""down-streak"", ""element_type"": ""trend_alert"", ""event_name"": ""shown"", ""message"": ""Price went down 3 times in the last 5 ticks!"", ""trader_id"": ""64998d2d-498a-4e64-99d7-6a9d7940577e""}",1789085744.237497
049c3a29-2e35-4c9e-b1ee-32442d8510e1,8743e64f-c9a4-4f8a-b5a3-89f9f130f2aa,HUMAN,shown,trend_alert,down-streak,down-streak,2026-09-11T00:15:44.169Z,2026-09-11T00:15:44.243882+00:00,"{""client_ts"": ""2026-09-11T00:15:44.169Z"", ""element_id"": ""down-streak"", ""element_label"": ""down-streak"", ""element_type"": ""trend_alert"", ""event_name"": ""shown"", ""message"": ""Price went down 3 times in the last 5 ticks!"", ""trader_id"": ""8743e64f-c9a4-4f8a-b5a3-89f9f130f2aa""}",1789085744.252547
049c3a29-2e35-4c9e-b1ee-32442d8510e1,81a977dc-433d-4415-94c7-ebaad5de679b,HUMAN,shown,trend_alert,down-streak,down-streak,2026-09-11T00:15:44.176Z,2026-09-11T00:15:44.256613+00:00,"{""client_ts"": ""2026-09-11T00:15:44.176Z"", ""element_id"": ""down-streak"", ""element_label"": ""down-streak"", ""element_type"": ""trend_alert"", ""event_name"": ""shown"", ""message"": ""Price went down 3 times in the last 5 ticks!"", ""trader_id"": ""81a977dc-433d-4415-94c7-ebaad5de679b""}",1789085744.264507
049c3a29-2e35-4c9e-b1ee-32442d8510e1,093f2af1-de87-45a7-a6b1-a1bc10d10a57,HUMAN,shown,trend_alert,down-streak,down-streak,2026-09-11T00:15:44.176Z,2026-09-11T00:15:44.268580+00:00,"{""client_ts"": ""2026-09-11T00:15:44.176Z"", ""element_id"": ""down-streak"", ""element_label"": ""down-streak"", ""element_type"": ""trend_alert"", ""event_name"": ""shown"", ""message"": ""Price went down 3 times in the last 5 ticks!"", ""trader_id"": ""093f2af1-de87-45a7-a6b1-a1bc10d10a57""}",1789085744.276259
049c3a29-2e35-4c9e-b1ee-32442d8510e1,73fe5556-d77f-4bf9-ba8e-833298d43f8a,HUMAN,shown,trend_alert,down-streak,down-streak,2026-09-11T00:15:44.171Z,2026-09-11T00:15:44.281331+00:00,"{""client_ts"": ""2026-09-11T00:15:44.171Z"", ""element_id"": ""down-streak"", ""element_label"": ""down-streak"", ""element_type"": ""trend_alert"", ""event_name"": ""shown"", ""message"": ""Price went down 3 times in the last 5 ticks!"", ""trader_id"": ""73fe5556-d77f-4bf9-ba8e-833298d43f8a""}",1789085744.28941
049c3a29-2e35-4c9e-b1ee-32442d8510e1,ab2ca6f6-98d2-4898-80c5-d4833fb874be,HUMAN,shown,trend_alert,down-streak,down-streak,2026-09-11T00:15:44.170Z,2026-09-11T00:15:44.294049+00:00,"{""client_ts"": ""2026-09-11T00:15:44.170Z"", ""element_id"": ""down-streak"", ""element_label"": ""down-streak"", ""element_type"": ""trend_alert"", ""event_name"": ""shown"", ""message"": ""Price went down 3 times in the last 5 ticks!"", ""trader_id"": ""ab2ca6f6-98d2-4898-80c5-d4833fb874be""}",1789085744.302539
049c3a29-2e35-4c9e-b1ee-32442d8510e1,64998d2d-498a-4e64-99d7-6a9d7940577e,HUMAN,shown,trend_alert,up-streak,up-streak,2026-09-11T00:15:45.276Z,2026-09-11T00:15:45.441277+00:00,"{""client_ts"": ""2026-09-11T00:15:45.276Z"", ""element_id"": ""up-streak"", ""element_label"": ""up-streak"", ""element_type"": ""trend_alert"", ""event_name"": ""shown"", ""message"": ""Price went up 3 times in the last 5 ticks!"", ""trader_id"": ""64998d2d-498a-4e64-99d7-6a9d7940577e""}",1789085745.452718
049c3a29-2e35-4c9e-b1ee-32442d8510e1,8743e64f-c9a4-4f8a-b5a3-89f9f130f2aa,HUMAN,shown,trend_alert,up-streak,up-streak,2026-09-11T00:15:45.280Z,2026-09-11T00:15:45.456806+00:00,"{""client_ts"": ""2026-09-11T00:15:45.280Z"", ""element_id"": ""up-streak"", ""element_label"": ""up-streak"", ""element_type"": ""trend_alert"", ""event_name"": ""shown"", ""message"": ""Price went up 3 times in the last 5 ticks!"", ""trader_id"": ""8743e64f-c9a4-4f8a-b5a3-89f9f130f2aa""}",1789085745.465848
049c3a29-2e35-4c9e-b1ee-32442d8510e1,81a977dc-433d-4415-94c7-ebaad5de679b,HUMAN,shown,trend_alert,up-streak,up-streak,2026-09-11T00:15:45.286Z,2026-09-11T00:15:45.469844+00:00,"{""client_ts"": ""2026-09-11T00:15:45.286Z"", ""element_id"": ""up-streak"", ""element_label"": ""up-streak"", ""element_type"": ""trend_alert"", ""event_name"": ""shown"", ""message"": ""Price went up 3 times in the last 5 ticks!"", ""trader_id"": ""81a977dc-433d-4415-94c7-ebaad5de679b""}",1789085745.477757
049c3a29-2e35-4c9e-b1ee-32442d8510e1,093f2af1-de87-45a7-a6b1-a1bc10d10a57,HUMAN,shown,trend_alert,up-streak,up-streak,2026-09-11T00:15:45.286Z,2026-09-11T00:15:45.482274+00:00,"{""client_ts"": ""2026-09-11T00:15:45.286Z"", ""element_id"": ""up-streak"", ""element_label"": ""up-streak"", ""element_type"": ""trend_alert"", ""event_name"": ""shown"", ""message"": ""Price went up 3 times in the last 5 ticks!"", ""trader_id"": ""093f2af1-de87-45a7-a6b1-a1bc10d10a57""}",1789085745.490393
049c3a29-2e35-4c9e-b1ee-32442d8510e1,73fe5556-d77f-4bf9-ba8e-833298d43f8a,HUMAN,shown,trend_alert,up-streak,up-streak,2026-09-11T00:15:45.280Z,2026-09-11T00:15:45.494236+00:00,"{""client_ts"": ""2026-09-11T00:15:45.280Z"", ""element_id"": ""up-streak"", ""element_label"": ""up-streak"", ""element_type"": ""trend_alert"", ""event_name"": ""shown"", ""message"": ""Price went up 3 times in the last 5 ticks!"", ""trader_id"": ""73fe5556-d77f-4bf9-ba8e-833298d43f8a""}",1789085745.501678
049c3a29-2e35-4c9e-b1ee-32442d8510e1,ab2ca6f6-98d2-4898-80c5-d4833fb874be,HUMAN,shown,trend_alert,up-streak,up-streak,2026-09-11T00:15:45.282Z,2026-09-11T00:15:45.505984+00:00,"{""client_ts"": ""2026-09-11T00:15:45.282Z"", ""element_id"": ""up-streak"", ""element_label"": ""up-streak"", ""element_type"": ""trend_alert"", ""event_name"": ""shown"", ""message"": ""Price went up 3 times in the last 5 ticks!"", ""trader_id"": ""ab2ca6f6-98d2-4898-80c5-d4833fb874be""}",1789085745.513862
049c3a29-2e35-4c9e-b1ee-32442d8510e1,8743e64f-c9a4-4f8a-b5a3-89f9f130f2aa,HUMAN,shown,trend_alert,down-streak,down-streak,2026-09-11T00:16:30.226Z,2026-09-11T00:16:30.288830+00:00,"{""client_ts"": ""2026-09-11T00:16:30.226Z"", ""element_id"": ""down-streak"", ""element_label"": ""down-streak"", ""element_type"": ""trend_alert"", ""event_name"": ""shown"", ""message"": ""Price went down 3 times in the last 5 ticks!"", ""trader_id"": ""8743e64f-c9a4-4f8a-b5a3-89f9f130f2aa""}",1789085790.298818
049c3a29-2e35-4c9e-b1ee-32442d8510e1,64998d2d-498a-4e64-99d7-6a9d7940577e,HUMAN,shown,trend_alert,down-streak,down-streak,2026-09-11T00:16:30.223Z,2026-09-11T00:16:30.302422+00:00,"{""client_ts"": ""2026-09-11T00:16:30.223Z"", ""element_id"": ""down-streak"", ""element_label"": ""down-streak"", ""element_type"": ""trend_alert"", ""event_name"": ""shown"", ""message"": ""Price went down 3 times in the last 5 ticks!"", ""trader_id"": ""64998d2d-498a-4e64-99d7-6a9d7940577e""}",1789085790.311303
049c3a29-2e35-4c9e-b1ee-32442d8510e1,ab2ca6f6-98d2-4898-80c5-d4833fb874be,HUMAN,shown,trend_alert,down-streak,down-streak,2026-09-11T00:16:30.225Z,2026-09-11T00:16:30.315440+00:00,"{""client_ts"": ""2026-09-11T00:16:30.225Z"", ""element_id"": ""down-streak"", ""element_label"": ""down-streak"", ""element_type"": ""trend_alert"", ""event_name"": ""shown"", ""message"": ""Price went down 3 times in the last 5 ticks!"", ""trader_id"": ""ab2ca6f6-98d2-4898-80c5-d4833fb874be""}",1789085790.323294
049c3a29-2e35-4c9e-b1ee-32442d8510e1,81a977dc-433d-4415-94c7-ebaad5de679b,HUMAN,shown,trend_alert,down-streak,down-streak,2026-09-11T00:16:30.237Z,2026-09-11T00:16:30.329473+00:00,"{""client_ts"": ""2026-09-11T00:16:30.237Z"", ""element_id"": ""down-streak"", ""element_label"": ""down-streak"", ""element_type"": ""trend_alert"", ""event_name"": ""shown"", ""message"": ""Price went down 3 times in the last 5 ticks!"", ""trader_id"": ""81a977dc-433d-4415-94c7-ebaad5de679b""}",1789085790.337716
049c3a29-2e35-4c9e-b1ee-32442d8510e1,093f2af1-de87-45a7-a6b1-a1bc10d10a57,HUMAN,shown,trend_alert,down-streak,down-streak,2026-09-11T00:16:30.236Z,2026-09-11T00:16:30.341559+00:00,"{""client_ts"": ""2026-09-11T00:16:30.236Z"", ""element_id"": ""down-streak"", ""element_label"": ""down-streak"", ""element_type"": ""trend_alert"", ""event_name"": ""shown"", ""message"": ""Price went down 3 times in the last 5 ticks!"", ""trader_id"": ""093f2af1-de87-45a7-a6b1-a1bc10d10a57""}",1789085790.348717
049c3a29-2e35-4c9e-b1ee-32442d8510e1,73fe5556-d77f-4bf9-ba8e-833298d43f8a,HUMAN,shown,trend_alert,down-streak,down-streak,2026-09-11T00:16:30.230Z,2026-09-11T00:16:30.352386+00:00,"{""client_ts"": ""2026-09-11T00:16:30.230Z"", ""element_id"": ""down-streak"", ""element_label"": ""down-streak"", ""element_type"": ""trend_alert"", ""event_name"": ""shown"", ""message"": ""Price went down 3 times in the last 5 ticks!"", ""trader_id"": ""73fe5556-d77f-4bf9-ba8e-833298d43f8a""}",1789085790.361917
049c3a29-2e35-4c9e-b1ee-32442d8510e1,64998d2d-498a-4e64-99d7-6a9d7940577e,HUMAN,shown,trend_alert,up-streak,up-streak,2026-09-11T00:16:31.324Z,2026-09-11T00:16:31.388806+00:00,"{""client_ts"": ""2026-09-11T00:16:31.324Z"", ""element_id"": ""up-streak"", ""element_label"": ""up-streak"", ""element_type"": ""trend_alert"", ""event_name"": ""shown"", ""message"": ""Price went up 3 times in the last 5 ticks!"", ""trader_id"": ""64998d2d-498a-4e64-99d7-6a9d7940577e""}",1789085791.397999
049c3a29-2e35-4c9e-b1ee-32442d8510e1,ab2ca6f6-98d2-4898-80c5-d4833fb874be,HUMAN,shown,trend_alert,up-streak,up-streak,2026-09-11T00:16:31.326Z,2026-09-11T00:16:31.403769+00:00,"{""client_ts"": ""2026-09-11T00:16:31.326Z"", ""element_id"": ""up-streak"", ""element_label"": ""up-streak"", ""element_type"": ""trend_alert"", ""event_name"": ""shown"", ""message"": ""Price went up 3 times in the last 5 ticks!"", ""trader_id"": ""ab2ca6f6-98d2-4898-80c5-d4833fb874be""}",1789085791.413822
049c3a29-2e35-4c9e-b1ee-32442d8510e1,73fe5556-d77f-4bf9-ba8e-833298d43f8a,HUMAN,shown,trend_alert,up-streak,up-streak,2026-09-11T00:16:31.330Z,2026-09-11T00:16:31.421345+00:00,"{""client_ts"": ""2026-09-11T00:16:31.330Z"", ""element_id"": ""up-streak"", ""element_label"": ""up-streak"", ""element_type"": ""trend_alert"", ""event_name"": ""shown"", ""message"": ""Price went up 3 times in the last 5 ticks!"", ""trader_id"": ""73fe5556-d77f-4bf9-ba8e-833298d43f8a""}",1789085791.429094
049c3a29-2e35-4c9e-b1ee-32442d8510e1,81a977dc-433d-4415-94c7-ebaad5de679b,HUMAN,shown,trend_alert,up-streak,up-streak,2026-09-11T00:16:31.337Z,2026-09-11T00:16:31.432885+00:00,"{""client_ts"": ""2026-09-11T00:16:31.337Z"", ""element_id"": ""up-streak"", ""element_label"": ""up-streak"", ""element_type"": ""trend_alert"", ""event_name"": ""shown"", ""message"": ""Price went up 3 times in the last 5 ticks!"", ""trader_id"": ""81a977dc-433d-4415-94c7-ebaad5de679b""}",1789085791.442148
049c3a29-2e35-4c9e-b1ee-32442d8510e1,8743e64f-c9a4-4f8a-b5a3-89f9f130f2aa,HUMAN,shown,trend_alert,up-streak,up-streak,2026-09-11T00:16:31.330Z,2026-09-11T00:16:31.447914+00:00,"{""client_ts"": ""2026-09-11T00:16:31.330Z"", ""element_id"": ""up-streak"", ""element_label"": ""up-streak"", ""element_type"": ""trend_alert"", ""event_name"": ""shown"", ""message"": ""Price went up 3 times in the last 5 ticks!"", ""trader_id"": ""8743e64f-c9a4-4f8a-b5a3-89f9f130f2aa""}",1789085791.457702
049c3a29-2e35-4c9e-b1ee-32442d8510e1,093f2af1-de87-45a7-a6b1-a1bc10d10a57,HUMAN,shown,trend_alert,up-streak,up-streak,2026-09-11T00:16:31.336Z,2026-09-11T00:16:31.461478+00:00,"{""client_ts"": ""2026-09-11T00:16:31.336Z"", ""element_id"": ""up-streak"", ""element_label"": ""up-streak"", ""element_type"": ""trend_alert"", ""event_name"": ""shown"", ""message"": ""Price went up 3 times in the last 5 ticks!"", ""trader_id"": ""093f2af1-de87-45a7-a6b1-a1bc10d10a57""}",1789085791.46986
049c3a29-2e35-4c9e-b1ee-32442d8510e1,64998d2d-498a-4e64-99d7-6a9d7940577e,HUMAN,shown,trend_alert,up-streak,up-streak,2026-09-11T00:16:33.758Z,2026-09-11T00:16:33.937956+00:00,"{""client_ts"": ""2026-09-11T00:16:33.758Z"", ""element_id"": ""up-streak"", ""element_label"": ""up-streak"", ""element_type"": ""trend_alert"", ""event_name"": ""shown"", ""message"": ""Price went up 3 times in the last 5 ticks!"", ""trader_id"": ""64998d2d-498a-4e64-99d7-6a9d7940577e""}",1789085793.947363
049c3a29-2e35-4c9e-b1ee-32442d8510e1,8743e64f-c9a4-4f8a-b5a3-89f9f130f2aa,HUMAN,shown,trend_alert,up-streak,up-streak,2026-09-11T00:16:33.761Z,2026-09-11T00:16:33.951905+00:00,"{""client_ts"": ""2026-09-11T00:16:33.761Z"", ""element_id"": ""up-streak"", ""element_label"": ""up-streak"", ""element_type"": ""trend_alert"", ""event_name"": ""shown"", ""message"": ""Price went up 3 times in the last 5 ticks!"", ""trader_id"": ""8743e64f-c9a4-4f8a-b5a3-89f9f130f2aa""}",1789085793.960318
049c3a29-2e35-4c9e-b1ee-32442d8510e1,81a977dc-433d-4415-94c7-ebaad5de679b,HUMAN,shown,trend_alert,up-streak,up-streak,2026-09-11T00:16:33.774Z,2026-09-11T00:16:33.963661+00:00,"{""client_ts"": ""2026-09-11T00:16:33.774Z"", ""element_id"": ""up-streak"", ""element_label"": ""up-streak"", ""element_type"": ""trend_alert"", ""event_name"": ""shown"", ""message"": ""Price went up 3 times in the last 5 ticks!"", ""trader_id"": ""81a977dc-433d-4415-94c7-ebaad5de679b""}",1789085793.971114
049c3a29-2e35-4c9e-b1ee-32442d8510e1,093f2af1-de87-45a7-a6b1-a1bc10d10a57,HUMAN,shown,trend_alert,up-streak,up-streak,2026-09-11T00:16:33.772Z,2026-09-11T00:16:33.976026+00:00,"{""client_ts"": ""2026-09-11T00:16:33.772Z"", ""element_id"": ""up-streak"", ""element_label"": ""up-streak"", ""element_type"": ""trend_alert"", ""event_name"": ""shown"", ""message"": ""Price went up 3 times in the last 5 ticks!"", ""trader_id"": ""093f2af1-de87-45a7-a6b1-a1bc10d10a57""}",1789085793.985598
049c3a29-2e35-4c9e-b1ee-32442d8510e1,ab2ca6f6-98d2-4898-80c5-d4833fb874be,HUMAN,shown,trend_alert,up-streak,up-streak,2026-09-11T00:16:33.764Z,2026-09-11T00:16:33.988968+00:00,"{""client_ts"": ""2026-09-11T00:16:33.764Z"", ""element_id"": ""up-streak"", ""element_label"": ""up-streak"", ""element_type"": ""trend_alert"", ""event_name"": ""shown"", ""message"": ""Price went up 3 times in the last 5 ticks!"", ""trader_id"": ""ab2ca6f6-98d2-4898-80c5-d4833fb874be""}",1789085793.996535
049c3a29-2e35-4c9e-b1ee-32442d8510e1,73fe5556-d77f-4bf9-ba8e-833298d43f8a,HUMAN,shown,trend_alert,up-streak,up-streak,2026-09-11T00:16:33.769Z,2026-09-11T00:16:33.999921+00:00,"{""client_ts"": ""2026-09-11T00:16:33.769Z"", ""element_id"": ""up-streak"", ""element_label"": ""up-streak"", ""element_type"": ""trend_alert"", ""event_name"": ""shown"", ""message"": ""Price went up 3 times in the last 5 ticks!"", ""trader_id"": ""73fe5556-d77f-4bf9-ba8e-833298d43f8a""}",1789085794.007547
049c3a29-2e35-4c9e-b1ee-32442d8510e1,64998d2d-498a-4e64-99d7-6a9d7940577e,HUMAN,shown,trend_alert,down-streak,down-streak,2026-09-11T00:16:38.487Z,2026-09-11T00:16:38.556555+00:00,"{""client_ts"": ""2026-09-11T00:16:38.487Z"", ""element_id"": ""down-streak"", ""element_label"": ""down-streak"", ""element_type"": ""trend_alert"", ""event_name"": ""shown"", ""message"": ""Price went down 3 times in the last 5 ticks!"", ""trader_id"": ""64998d2d-498a-4e64-99d7-6a9d7940577e""}",1789085798.564582
049c3a29-2e35-4c9e-b1ee-32442d8510e1,8743e64f-c9a4-4f8a-b5a3-89f9f130f2aa,HUMAN,shown,trend_alert,down-streak,down-streak,2026-09-11T00:16:38.491Z,2026-09-11T00:16:38.568384+00:00,"{""client_ts"": ""2026-09-11T00:16:38.491Z"", ""element_id"": ""down-streak"", ""element_label"": ""down-streak"", ""element_type"": ""trend_alert"", ""event_name"": ""shown"", ""message"": ""Price went down 3 times in the last 5 ticks!"", ""trader_id"": ""8743e64f-c9a4-4f8a-b5a3-89f9f130f2aa""}",1789085798.575823
049c3a29-2e35-4c9e-b1ee-32442d8510e1,ab2ca6f6-98d2-4898-80c5-d4833fb874be,HUMAN,shown,trend_alert,down-streak,down-streak,2026-09-11T00:16:38.489Z,2026-09-11T00:16:38.581413+00:00,"{""client_ts"": ""2026-09-11T00:16:38.489Z"", ""element_id"": ""down-streak"", ""element_label"": ""down-streak"", ""element_type"": ""trend_alert"", ""event_name"": ""shown"", ""message"": ""Price went down 3 times in the last 5 ticks!"", ""trader_id"": ""ab2ca6f6-98d2-4898-80c5-d4833fb874be""}",1789085798.588779
049c3a29-2e35-4c9e-b1ee-32442d8510e1,81a977dc-433d-4415-94c7-ebaad5de679b,HUMAN,shown,trend_alert,down-streak,down-streak,2026-09-11T00:16:38.500Z,2026-09-11T00:16:38.592459+00:00,"{""client_ts"": ""2026-09-11T00:16:38.500Z"", ""element_id"": ""down-streak"", ""element_label"": ""down-streak"", ""element_type"": ""trend_alert"", ""event_name"": ""shown"", ""message"": ""Price went down 3 times in the last 5 ticks!"", ""trader_id"": ""81a977dc-433d-4415-94c7-ebaad5de679b""}",1789085798.602268
049c3a29-2e35-4c9e-b1ee-32442d8510e1,73fe5556-d77f-4bf9-ba8e-833298d43f8a,HUMAN,shown,trend_alert,down-streak,down-streak,2026-09-11T00:16:38.494Z,2026-09-11T00:16:38.606135+00:00,"{""client_ts"": ""2026-09-11T00:16:38.494Z"", ""element_id"": ""down-streak"", ""element_label"": ""down-streak"", ""element_type"": ""trend_alert"", ""event_name"": ""shown"", ""message"": ""Price went down 3 times in the last 5 ticks!"", ""trader_id"": ""73fe5556-d77f-4bf9-ba8e-833298d43f8a""}",1789085798.613265
049c3a29-2e35-4c9e-b1ee-32442d8510e1,093f2af1-de87-45a7-a6b1-a1bc10d10a57,HUMAN,shown,trend_alert,down-streak,down-streak,2026-09-11T00:16:38.503Z,2026-09-11T00:16:38.618220+00:00,"{""client_ts"": ""2026-09-11T00:16:38.503Z"", ""element_id"": ""down-streak"", ""element_label"": ""down-streak"", ""element_type"": ""trend_alert"", ""event_name"": ""shown"", ""message"": ""Price went down 3 times in the last 5 ticks!"", ""trader_id"": ""093f2af1-de87-45a7-a6b1-a1bc10d10a57""}",1789085798.626417
049c3a29-2e35-4c9e-b1ee-32442d8510e1,64998d2d-498a-4e64-99d7-6a9d7940577e,HUMAN,shown,trend_alert,up-streak,up-streak,2026-09-11T00:16:50.067Z,2026-09-11T00:16:50.230338+00:00,"{""client_ts"": ""2026-09-11T00:16:50.067Z"", ""element_id"": ""up-streak"", ""element_label"": ""up-streak"", ""element_type"": ""trend_alert"", ""event_name"": ""shown"", ""message"": ""Price went up 3 times in the last 5 ticks!"", ""trader_id"": ""64998d2d-498a-4e64-99d7-6a9d7940577e""}",1789085810.238777
049c3a29-2e35-4c9e-b1ee-32442d8510e1,8743e64f-c9a4-4f8a-b5a3-89f9f130f2aa,HUMAN,shown,trend_alert,up-streak,up-streak,2026-09-11T00:16:50.070Z,2026-09-11T00:16:50.242855+00:00,"{""client_ts"": ""2026-09-11T00:16:50.070Z"", ""element_id"": ""up-streak"", ""element_label"": ""up-streak"", ""element_type"": ""trend_alert"", ""event_name"": ""shown"", ""message"": ""Price went up 3 times in the last 5 ticks!"", ""trader_id"": ""8743e64f-c9a4-4f8a-b5a3-89f9f130f2aa""}",1789085810.250719
049c3a29-2e35-4c9e-b1ee-32442d8510e1,81a977dc-433d-4415-94c7-ebaad5de679b,HUMAN,shown,trend_alert,up-streak,up-streak,2026-09-11T00:16:50.080Z,2026-09-11T00:16:50.254663+00:00,"{""client_ts"": ""2026-09-11T00:16:50.080Z"", ""element_id"": ""up-streak"", ""element_label"": ""up-streak"", ""element_type"": ""trend_alert"", ""event_name"": ""shown"", ""message"": ""Price went up 3 times in the last 5 ticks!"", ""trader_id"": ""81a977dc-433d-4415-94c7-ebaad5de679b""}",1789085810.262752
049c3a29-2e35-4c9e-b1ee-32442d8510e1,093f2af1-de87-45a7-a6b1-a1bc10d10a57,HUMAN,shown,trend_alert,up-streak,up-streak,2026-09-11T00:16:50.079Z,2026-09-11T00:16:50.267169+00:00,"{""client_ts"": ""2026-09-11T00:16:50.079Z"", ""element_id"": ""up-streak"", ""element_label"": ""up-streak"", ""element_type"": ""trend_alert"", ""event_name"": ""shown"", ""message"": ""Price went up 3 times in the last 5 ticks!"", ""trader_id"": ""093f2af1-de87-45a7-a6b1-a1bc10d10a57""}",1789085810.274823
049c3a29-2e35-4c9e-b1ee-32442d8510e1,ab2ca6f6-98d2-4898-80c5-d4833fb874be,HUMAN,shown,trend_alert,up-streak,up-streak,2026-09-11T00:16:50.069Z,2026-09-11T00:16:50.278795+00:00,"{""client_ts"": ""2026-09-11T00:16:50.069Z"", ""element_id"": ""up-streak"", ""element_label"": ""up-streak"", ""element_type"": ""trend_alert"", ""event_name"": ""shown"", ""message"": ""Price went up 3 times in the last 5 ticks!"", ""trader_id"": ""ab2ca6f6-98d2-4898-80c5-d4833fb874be""}",1789085810.287805
049c3a29-2e35-4c9e-b1ee-32442d8510e1,73fe5556-d77f-4bf9-ba8e-833298d43f8a,HUMAN,shown,trend_alert,up-streak,up-streak,2026-09-11T00:16:50.074Z,2026-09-11T00:16:50.291706+00:00,"{""client_ts"": ""2026-09-11T00:16:50.074Z"", ""element_id"": ""up-streak"", ""element_label"": ""up-streak"", ""element_type"": ""trend_alert"", ""event_name"": ""shown"", ""message"": ""Price went up 3 times in the last 5 ticks!"", ""trader_id"": ""73fe5556-d77f-4bf9-ba8e-833298d43f8a""}",1789085810.299605
049c3a29-2e35-4c9e-b1ee-32442d8510e1,73fe5556-d77f-4bf9-ba8e-833298d43f8a,HUMAN,shown,badge_unlock,platinum,Platinum,2026-09-11T00:16:51.983Z,2026-09-11T00:16:52.079160+00:00,"{""client_ts"": ""2026-09-11T00:16:51.983Z"", ""element_id"": ""platinum"", ""element_label"": ""Platinum"", ""element_type"": ""badge_unlock"", ""event_name"": ""shown"", ""total_trades_threshold"": 50, ""trader_id"": ""73fe5556-d77f-4bf9-ba8e-833298d43f8a""}",1789085812.087296
049c3a29-2e35-4c9e-b1ee-32442d8510e1,73fe5556-d77f-4bf9-ba8e-833298d43f8a,HUMAN,shown,badge_modal,platinum,Platinum,2026-09-11T00:16:51.984Z,2026-09-11T00:16:52.095826+00:00,"{""client_ts"": ""2026-09-11T00:16:51.984Z"", ""element_id"": ""platinum"", ""element_label"": ""Platinum"", ""element_type"": ""badge_modal"", ""event_name"": ""shown"", ""message"": ""You are definitely going places!"", ""total_trades"": 50, ""trader_id"": ""73fe5556-d77f-4bf9-ba8e-833298d43f8a""}",1789085812.104409
049c3a29-2e35-4c9e-b1ee-32442d8510e1,73fe5556-d77f-4bf9-ba8e-833298d43f8a,HUMAN,shown,badge_gif,platinum,Platinum,2026-09-11T00:16:51.984Z,2026-09-11T00:16:52.109542+00:00,"{""client_ts"": ""2026-09-11T00:16:51.984Z"", ""element_id"": ""platinum"", ""element_label"": ""Platinum"", ""element_type"": ""badge_gif"", ""event_name"": ""shown"", ""gif"": ""/static/trader_bridge_app/vue/assets/platinum.gif"", ""trader_id"": ""73fe5556-d77f-4bf9-ba8e-833298d43f8a""}",1789085812.117821
049c3a29-2e35-4c9e-b1ee-32442d8510e1,8743e64f-c9a4-4f8a-b5a3-89f9f130f2aa,HUMAN,shown,badge_unlock,diamond,Diamond,2026-09-11T00:17:03.685Z,2026-09-11T00:17:03.755149+00:00,"{""client_ts"": ""2026-09-11T00:17:03.685Z"", ""element_id"": ""diamond"", ""element_label"": ""Diamond"", ""element_type"": ""badge_unlock"", ""event_name"": ""shown"", ""total_trades_threshold"": 60, ""trader_id"": ""8743e64f-c9a4-4f8a-b5a3-89f9f130f2aa""}",1789085823.770684
049c3a29-2e35-4c9e-b1ee-32442d8510e1,8743e64f-c9a4-4f8a-b5a3-89f9f130f2aa,HUMAN,shown,badge_modal,diamond,Diamond,2026-09-11T00:17:03.685Z,2026-09-11T00:17:03.775810+00:00,"{""client_ts"": ""2026-09-11T00:17:03.685Z"", ""element_id"": ""diamond"", ""element_label"": ""Diamond"", ""element_type"": ""badge_modal"", ""event_name"": ""shown"", ""message"": ""The Wolf of Wall Street"", ""total_trades"": 60, ""trader_id"": ""8743e64f-c9a4-4f8a-b5a3-89f9f130f2aa""}",1789085823.786606
049c3a29-2e35-4c9e-b1ee-32442d8510e1,8743e64f-c9a4-4f8a-b5a3-89f9f130f2aa,HUMAN,shown,badge_gif,diamond,Diamond,2026-09-11T00:17:03.685Z,2026-09-11T00:17:03.791290+00:00,"{""client_ts"": ""2026-09-11T00:17:03.685Z"", ""element_id"": ""diamond"", ""element_label"": ""Diamond"", ""element_type"": ""badge_gif"", ""event_name"": ""shown"", ""gif"": ""/static/trader_bridge_app/vue/assets/diamond.gif"", ""trader_id"": ""8743e64f-c9a4-4f8a-b5a3-89f9f130f2aa""}",1789085823.798818
049c3a29-2e35-4c9e-b1ee-32442d8510e1,8743e64f-c9a4-4f8a-b5a3-89f9f130f2aa,HUMAN,shown,trend_alert,up-streak,up-streak,2026-09-11T00:17:17.240Z,2026-09-11T00:17:17.301260+00:00,"{""client_ts"": ""2026-09-11T00:17:17.240Z"", ""element_id"": ""up-streak"", ""element_label"": ""up-streak"", ""element_type"": ""trend_alert"", ""event_name"": ""shown"", ""message"": ""Price went up 3 times in the last 5 ticks!"", ""trader_id"": ""8743e64f-c9a4-4f8a-b5a3-89f9f130f2aa""}",1789085837.309873
049c3a29-2e35-4c9e-b1ee-32442d8510e1,ab2ca6f6-98d2-4898-80c5-d4833fb874be,HUMAN,shown,trend_alert,up-streak,up-streak,2026-09-11T00:17:17.239Z,2026-09-11T00:17:17.316082+00:00,"{""client_ts"": ""2026-09-11T00:17:17.239Z"", ""element_id"": ""up-streak"", ""element_label"": ""up-streak"", ""element_type"": ""trend_alert"", ""event_name"": ""shown"", ""message"": ""Price went up 3 times in the last 5 ticks!"", ""trader_id"": ""ab2ca6f6-98d2-4898-80c5-d4833fb874be""}",1789085837.327496
049c3a29-2e35-4c9e-b1ee-32442d8510e1,64998d2d-498a-4e64-99d7-6a9d7940577e,HUMAN,shown,trend_alert,up-streak,up-streak,2026-09-11T00:17:17.238Z,2026-09-11T00:17:17.331882+00:00,"{""client_ts"": ""2026-09-11T00:17:17.238Z"", ""element_id"": ""up-streak"", ""element_label"": ""up-streak"", ""element_type"": ""trend_alert"", ""event_name"": ""shown"", ""message"": ""Price went up 3 times in the last 5 ticks!"", ""trader_id"": ""64998d2d-498a-4e64-99d7-6a9d7940577e""}",1789085837.341694
049c3a29-2e35-4c9e-b1ee-32442d8510e1,093f2af1-de87-45a7-a6b1-a1bc10d10a57,HUMAN,shown,trend_alert,up-streak,up-streak,2026-09-11T00:17:17.250Z,2026-09-11T00:17:17.347087+00:00,"{""client_ts"": ""2026-09-11T00:17:17.250Z"", ""element_id"": ""up-streak"", ""element_label"": ""up-streak"", ""element_type"": ""trend_alert"", ""event_name"": ""shown"", ""message"": ""Price went up 3 times in the last 5 ticks!"", ""trader_id"": ""093f2af1-de87-45a7-a6b1-a1bc10d10a57""}",1789085837.355903
049c3a29-2e35-4c9e-b1ee-32442d8510e1,81a977dc-433d-4415-94c7-ebaad5de679b,HUMAN,shown,trend_alert,up-streak,up-streak,2026-09-11T00:17:17.253Z,2026-09-11T00:17:17.359754+00:00,"{""client_ts"": ""2026-09-11T00:17:17.253Z"", ""element_id"": ""up-streak"", ""element_label"": ""up-streak"", ""element_type"": ""trend_alert"", ""event_name"": ""shown"", ""message"": ""Price went up 3 times in the last 5 ticks!"", ""trader_id"": ""81a977dc-433d-4415-94c7-ebaad5de679b""}",1789085837.367504
049c3a29-2e35-4c9e-b1ee-32442d8510e1,64998d2d-498a-4e64-99d7-6a9d7940577e,HUMAN,shown,trend_alert,up-streak,up-streak,2026-09-11T00:17:51.085Z,2026-09-11T00:17:51.148889+00:00,"{""client_ts"": ""2026-09-11T00:17:51.085Z"", ""element_id"": ""up-streak"", ""element_label"": ""up-streak"", ""element_type"": ""trend_alert"", ""event_name"": ""shown"", ""message"": ""Price went up 3 times in the last 5 ticks!"", ""trader_id"": ""64998d2d-498a-4e64-99d7-6a9d7940577e""}",1789085871.161027
049c3a29-2e35-4c9e-b1ee-32442d8510e1,ab2ca6f6-98d2-4898-80c5-d4833fb874be,HUMAN,shown,trend_alert,up-streak,up-streak,2026-09-11T00:17:51.084Z,2026-09-11T00:17:51.164903+00:00,"{""client_ts"": ""2026-09-11T00:17:51.084Z"", ""element_id"": ""up-streak"", ""element_label"": ""up-streak"", ""element_type"": ""trend_alert"", ""event_name"": ""shown"", ""message"": ""Price went up 3 times in the last 5 ticks!"", ""trader_id"": ""ab2ca6f6-98d2-4898-80c5-d4833fb874be""}",1789085871.1725
049c3a29-2e35-4c9e-b1ee-32442d8510e1,81a977dc-433d-4415-94c7-ebaad5de679b,HUMAN,shown,trend_alert,up-streak,up-streak,2026-09-11T00:17:51.095Z,2026-09-11T00:17:51.177208+00:00,"{""client_ts"": ""2026-09-11T00:17:51.095Z"", ""element_id"": ""up-streak"", ""element_label"": ""up-streak"", ""element_type"": ""trend_alert"", ""event_name"": ""shown"", ""message"": ""Price went up 3 times in the last 5 ticks!"", ""trader_id"": ""81a977dc-433d-4415-94c7-ebaad5de679b""}",1789085871.185099
049c3a29-2e35-4c9e-b1ee-32442d8510e1,8743e64f-c9a4-4f8a-b5a3-89f9f130f2aa,HUMAN,shown,trend_alert,up-streak,up-streak,2026-09-11T00:17:51.086Z,2026-09-11T00:17:51.190836+00:00,"{""client_ts"": ""2026-09-11T00:17:51.086Z"", ""element_id"": ""up-streak"", ""element_label"": ""up-streak"", ""element_type"": ""trend_alert"", ""event_name"": ""shown"", ""message"": ""Price went up 3 times in the last 5 ticks!"", ""trader_id"": ""8743e64f-c9a4-4f8a-b5a3-89f9f130f2aa""}",1789085871.198999
049c3a29-2e35-4c9e-b1ee-32442d8510e1,093f2af1-de87-45a7-a6b1-a1bc10d10a57,HUMAN,shown,trend_alert,up-streak,up-streak,2026-09-11T00:17:51.095Z,2026-09-11T00:17:51.204226+00:00,"{""client_ts"": ""2026-09-11T00:17:51.095Z"", ""element_id"": ""up-streak"", ""element_label"": ""up-streak"", ""element_type"": ""trend_alert"", ""event_name"": ""shown"", ""message"": ""Price went up 3 times in the last 5 ticks!"", ""trader_id"": ""093f2af1-de87-45a7-a6b1-a1bc10d10a57""}",1789085871.211824
049c3a29-2e35-4c9e-b1ee-32442d8510e1,73fe5556-d77f-4bf9-ba8e-833298d43f8a,HUMAN,shown,trend_alert,up-streak,up-streak,2026-09-11T00:17:51.092Z,2026-09-11T00:17:51.215773+00:00,"{""client_ts"": ""2026-09-11T00:17:51.092Z"", ""element_id"": ""up-streak"", ""element_label"": ""up-streak"", ""element_type"": ""trend_alert"", ""event_name"": ""shown"", ""message"": ""Price went up 3 times in the last 5 ticks!"", ""trader_id"": ""73fe5556-d77f-4bf9-ba8e-833298d43f8a""}",1789085871.224317
049c3a29-2e35-4c9e-b1ee-32442d8510e1,8743e64f-c9a4-4f8a-b5a3-89f9f130f2aa,HUMAN,shown,trend_alert,up-streak,up-streak,2026-09-11T00:17:53.898Z,2026-09-11T00:17:53.961484+00:00,"{""client_ts"": ""2026-09-11T00:17:53.898Z"", ""element_id"": ""up-streak"", ""element_label"": ""up-streak"", ""element_type"": ""trend_alert"", ""event_name"": ""shown"", ""message"": ""Price went up 3 times in the last 5 ticks!"", ""trader_id"": ""8743e64f-c9a4-4f8a-b5a3-89f9f130f2aa""}",1789085873.969282
049c3a29-2e35-4c9e-b1ee-32442d8510e1,81a977dc-433d-4415-94c7-ebaad5de679b,HUMAN,shown,trend_alert,up-streak,up-streak,2026-09-11T00:17:53.909Z,2026-09-11T00:17:53.975087+00:00,"{""client_ts"": ""2026-09-11T00:17:53.909Z"", ""element_id"": ""up-streak"", ""element_label"": ""up-streak"", ""element_type"": ""trend_alert"", ""event_name"": ""shown"", ""message"": ""Price went up 3 times in the last 5 ticks!"", ""trader_id"": ""81a977dc-433d-4415-94c7-ebaad5de679b""}",1789085873.983838
049c3a29-2e35-4c9e-b1ee-32442d8510e1,ab2ca6f6-98d2-4898-80c5-d4833fb874be,HUMAN,shown,trend_alert,up-streak,up-streak,2026-09-11T00:17:53.899Z,2026-09-11T00:17:53.988135+00:00,"{""client_ts"": ""2026-09-11T00:17:53.899Z"", ""element_id"": ""up-streak"", ""element_label"": ""up-streak"", ""element_type"": ""trend_alert"", ""event_name"": ""shown"", ""message"": ""Price went up 3 times in the last 5 ticks!"", ""trader_id"": ""ab2ca6f6-98d2-4898-80c5-d4833fb874be""}",1789085873.996051
049c3a29-2e35-4c9e-b1ee-32442d8510e1,093f2af1-de87-45a7-a6b1-a1bc10d10a57,HUMAN,shown,trend_alert,up-streak,up-streak,2026-09-11T00:17:53.908Z,2026-09-11T00:17:53.999891+00:00,"{""client_ts"": ""2026-09-11T00:17:53.908Z"", ""element_id"": ""up-streak"", ""element_label"": ""up-streak"", ""element_type"": ""trend_alert"", ""event_name"": ""shown"", ""message"": ""Price went up 3 times in the last 5 ticks!"", ""trader_id"": ""093f2af1-de87-45a7-a6b1-a1bc10d10a57""}",1789085874.007152
049c3a29-2e35-4c9e-b1ee-32442d8510e1,64998d2d-498a-4e64-99d7-6a9d7940577e,HUMAN,shown,trend_alert,up-streak,up-streak,2026-09-11T00:17:53.902Z,2026-09-11T00:17:54.011421+00:00,"{""client_ts"": ""2026-09-11T00:17:53.902Z"", ""element_id"": ""up-streak"", ""element_label"": ""up-streak"", ""element_type"": ""trend_alert"", ""event_name"": ""shown"", ""message"": ""Price went up 3 times in the last 5 ticks!"", ""trader_id"": ""64998d2d-498a-4e64-99d7-6a9d7940577e""}",1789085874.019241
049c3a29-2e35-4c9e-b1ee-32442d8510e1,73fe5556-d77f-4bf9-ba8e-833298d43f8a,HUMAN,shown,trend_alert,up-streak,up-streak,2026-09-11T00:17:53.907Z,2026-09-11T00:17:54.023887+00:00,"{""client_ts"": ""2026-09-11T00:17:53.907Z"", ""element_id"": ""up-streak"", ""element_label"": ""up-streak"", ""element_type"": ""trend_alert"", ""event_name"": ""shown"", ""message"": ""Price went up 3 times in the last 5 ticks!"", ""trader_id"": ""73fe5556-d77f-4bf9-ba8e-833298d43f8a""}",1789085874.032094
049c3a29-2e35-4c9e-b1ee-32442d8510e1,8743e64f-c9a4-4f8a-b5a3-89f9f130f2aa,HUMAN,shown,trend_alert,down-streak,down-streak,2026-09-11T00:17:57.908Z,2026-09-11T00:17:57.975530+00:00,"{""client_ts"": ""2026-09-11T00:17:57.908Z"", ""element_id"": ""down-streak"", ""element_label"": ""down-streak"", ""element_type"": ""trend_alert"", ""event_name"": ""shown"", ""message"": ""Price went down 3 times in the last 5 ticks!"", ""trader_id"": ""8743e64f-c9a4-4f8a-b5a3-89f9f130f2aa""}",1789085877.985847
049c3a29-2e35-4c9e-b1ee-32442d8510e1,093f2af1-de87-45a7-a6b1-a1bc10d10a57,HUMAN,shown,trend_alert,down-streak,down-streak,2026-09-11T00:17:57.915Z,2026-09-11T00:17:57.989684+00:00,"{""client_ts"": ""2026-09-11T00:17:57.915Z"", ""element_id"": ""down-streak"", ""element_label"": ""down-streak"", ""element_type"": ""trend_alert"", ""event_name"": ""shown"", ""message"": ""Price went down 3 times in the last 5 ticks!"", ""trader_id"": ""093f2af1-de87-45a7-a6b1-a1bc10d10a57""}",1789085877.997178
049c3a29-2e35-4c9e-b1ee-32442d8510e1,73fe5556-d77f-4bf9-ba8e-833298d43f8a,HUMAN,shown,trend_alert,down-streak,down-streak,2026-09-11T00:17:57.914Z,2026-09-11T00:17:58.001745+00:00,"{""client_ts"": ""2026-09-11T00:17:57.914Z"", ""element_id"": ""down-streak"", ""element_label"": ""down-streak"", ""element_type"": ""trend_alert"", ""event_name"": ""shown"", ""message"": ""Price went down 3 times in the last 5 ticks!"", ""trader_id"": ""73fe5556-d77f-4bf9-ba8e-833298d43f8a""}",1789085878.009858
049c3a29-2e35-4c9e-b1ee-32442d8510e1,64998d2d-498a-4e64-99d7-6a9d7940577e,HUMAN,shown,trend_alert,down-streak,down-streak,2026-09-11T00:17:57.910Z,2026-09-11T00:17:58.014808+00:00,"{""client_ts"": ""2026-09-11T00:17:57.910Z"", ""element_id"": ""down-streak"", ""element_label"": ""down-streak"", ""element_type"": ""trend_alert"", ""event_name"": ""shown"", ""message"": ""Price went down 3 times in the last 5 ticks!"", ""trader_id"": ""64998d2d-498a-4e64-99d7-6a9d7940577e""}",1789085878.022516
049c3a29-2e35-4c9e-b1ee-32442d8510e1,ab2ca6f6-98d2-4898-80c5-d4833fb874be,HUMAN,shown,trend_alert,down-streak,down-streak,2026-09-11T00:17:57.907Z,2026-09-11T00:17:58.026281+00:00,"{""client_ts"": ""2026-09-11T00:17:57.907Z"", ""element_id"": ""down-streak"", ""element_label"": ""down-streak"", ""element_type"": ""trend_alert"", ""event_name"": ""shown"", ""message"": ""Price went down 3 times in the last 5 ticks!"", ""trader_id"": ""ab2ca6f6-98d2-4898-80c5-d4833fb874be""}",1789085878.034766
049c3a29-2e35-4c9e-b1ee-32442d8510e1,81a977dc-433d-4415-94c7-ebaad5de679b,HUMAN,shown,trend_alert,down-streak,down-streak,2026-09-11T00:17:57.919Z,2026-09-11T00:17:58.038563+00:00,"{""client_ts"": ""2026-09-11T00:17:57.919Z"", ""element_id"": ""down-streak"", ""element_label"": ""down-streak"", ""element_type"": ""trend_alert"", ""event_name"": ""shown"", ""message"": ""Price went down 3 times in the last 5 ticks!"", ""trader_id"": ""81a977dc-433d-4415-94c7-ebaad5de679b""}",1789085878.045727
049c3a29-2e35-4c9e-b1ee-32442d8510e1,8743e64f-c9a4-4f8a-b5a3-89f9f130f2aa,HUMAN,shown,trend_alert,up-streak,up-streak,2026-09-11T00:17:57.969Z,2026-09-11T00:17:58.059661+00:00,"{""client_ts"": ""2026-09-11T00:17:57.969Z"", ""element_id"": ""up-streak"", ""element_label"": ""up-streak"", ""element_type"": ""trend_alert"", ""event_name"": ""shown"", ""message"": ""Price went up 3 times in the last 5 ticks!"", ""trader_id"": ""8743e64f-c9a4-4f8a-b5a3-89f9f130f2aa""}",1789085878.067827
049c3a29-2e35-4c9e-b1ee-32442d8510e1,64998d2d-498a-4e64-99d7-6a9d7940577e,HUMAN,shown,trend_alert,up-streak,up-streak,2026-09-11T00:17:57.968Z,2026-09-11T00:17:58.071647+00:00,"{""client_ts"": ""2026-09-11T00:17:57.968Z"", ""element_id"": ""up-streak"", ""element_label"": ""up-streak"", ""element_type"": ""trend_alert"", ""event_name"": ""shown"", ""message"": ""Price went up 3 times in the last 5 ticks!"", ""trader_id"": ""64998d2d-498a-4e64-99d7-6a9d7940577e""}",1789085878.079076
049c3a29-2e35-4c9e-b1ee-32442d8510e1,ab2ca6f6-98d2-4898-80c5-d4833fb874be,HUMAN,shown,trend_alert,up-streak,up-streak,2026-09-11T00:17:57.970Z,2026-09-11T00:17:58.082982+00:00,"{""client_ts"": ""2026-09-11T00:17:57.970Z"", ""element_id"": ""up-streak"", ""element_label"": ""up-streak"", ""element_type"": ""trend_alert"", ""event_name"": ""shown"", ""message"": ""Price went up 3 times in the last 5 ticks!"", ""trader_id"": ""ab2ca6f6-98d2-4898-80c5-d4833fb874be""}",1789085878.097793
049c3a29-2e35-4c9e-b1ee-32442d8510e1,81a977dc-433d-4415-94c7-ebaad5de679b,HUMAN,shown,trend_alert,up-streak,up-streak,2026-09-11T00:17:57.982Z,2026-09-11T00:17:58.102179+00:00,"{""client_ts"": ""2026-09-11T00:17:57.982Z"", ""element_id"": ""up-streak"", ""element_label"": ""up-streak"", ""element_type"": ""trend_alert"", ""event_name"": ""shown"", ""message"": ""Price went up 3 times in the last 5 ticks!"", ""trader_id"": ""81a977dc-433d-4415-94c7-ebaad5de679b""}",1789085878.109943
049c3a29-2e35-4c9e-b1ee-32442d8510e1,093f2af1-de87-45a7-a6b1-a1bc10d10a57,HUMAN,shown,trend_alert,up-streak,up-streak,2026-09-11T00:17:57.980Z,2026-09-11T00:17:58.113808+00:00,"{""client_ts"": ""2026-09-11T00:17:57.980Z"", ""element_id"": ""up-streak"", ""element_label"": ""up-streak"", ""element_type"": ""trend_alert"", ""event_name"": ""shown"", ""message"": ""Price went up 3 times in the last 5 ticks!"", ""trader_id"": ""093f2af1-de87-45a7-a6b1-a1bc10d10a57""}",1789085878.121231
049c3a29-2e35-4c9e-b1ee-32442d8510e1,73fe5556-d77f-4bf9-ba8e-833298d43f8a,HUMAN,shown,trend_alert,up-streak,up-streak,2026-09-11T00:17:57.980Z,2026-09-11T00:17:58.124911+00:00,"{""client_ts"": ""2026-09-11T00:17:57.980Z"", ""element_id"": ""up-streak"", ""element_label"": ""up-streak"", ""element_type"": ""trend_alert"", ""event_name"": ""shown"", ""message"": ""Price went up 3 times in the last 5 ticks!"", ""trader_id"": ""73fe5556-d77f-4bf9-ba8e-833298d43f8a""}",1789085878.132227
049c3a29-2e35-4c9e-b1ee-32442d8510e1,73fe5556-d77f-4bf9-ba8e-833298d43f8a,HUMAN,shown,badge_unlock,diamond,Diamond,2026-09-11T00:18:02.823Z,2026-09-11T00:18:02.909104+00:00,"{""client_ts"": ""2026-09-11T00:18:02.823Z"", ""element_id"": ""diamond"", ""element_label"": ""Diamond"", ""element_type"": ""badge_unlock"", ""event_name"": ""shown"", ""total_trades_threshold"": 60, ""trader_id"": ""73fe5556-d77f-4bf9-ba8e-833298d43f8a""}",1789085882.932664
049c3a29-2e35-4c9e-b1ee-32442d8510e1,73fe5556-d77f-4bf9-ba8e-833298d43f8a,HUMAN,shown,badge_modal,diamond,Diamond,2026-09-11T00:18:02.823Z,2026-09-11T00:18:02.946799+00:00,"{""client_ts"": ""2026-09-11T00:18:02.823Z"", ""element_id"": ""diamond"", ""element_label"": ""Diamond"", ""element_type"": ""badge_modal"", ""event_name"": ""shown"", ""message"": ""The Wolf of Wall Street"", ""total_trades"": 60, ""trader_id"": ""73fe5556-d77f-4bf9-ba8e-833298d43f8a""}",1789085882.982804
049c3a29-2e35-4c9e-b1ee-32442d8510e1,73fe5556-d77f-4bf9-ba8e-833298d43f8a,HUMAN,shown,badge_gif,diamond,Diamond,2026-09-11T00:18:02.823Z,2026-09-11T00:18:02.996666+00:00,"{""client_ts"": ""2026-09-11T00:18:02.823Z"", ""element_id"": ""diamond"", ""element_label"": ""Diamond"", ""element_type"": ""badge_gif"", ""event_name"": ""shown"", ""gif"": ""/static/trader_bridge_app/vue/assets/diamond.gif"", ""trader_id"": ""73fe5556-d77f-4bf9-ba8e-833298d43f8a""}",1789085883.021987
049c3a29-2e35-4c9e-b1ee-32442d8510e1,8743e64f-c9a4-4f8a-b5a3-89f9f130f2aa,HUMAN,shown,trend_alert,up-streak,up-streak,2026-09-11T00:18:04.059Z,2026-09-11T00:18:04.125092+00:00,"{""client_ts"": ""2026-09-11T00:18:04.059Z"", ""element_id"": ""up-streak"", ""element_label"": ""up-streak"", ""element_type"": ""trend_alert"", ""event_name"": ""shown"", ""message"": ""Price went up 3 times in the last 5 ticks!"", ""trader_id"": ""8743e64f-c9a4-4f8a-b5a3-89f9f130f2aa""}",1789085884.135281
049c3a29-2e35-4c9e-b1ee-32442d8510e1,64998d2d-498a-4e64-99d7-6a9d7940577e,HUMAN,shown,trend_alert,up-streak,up-streak,2026-09-11T00:18:04.061Z,2026-09-11T00:18:04.139426+00:00,"{""client_ts"": ""2026-09-11T00:18:04.061Z"", ""element_id"": ""up-streak"", ""element_label"": ""up-streak"", ""element_type"": ""trend_alert"", ""event_name"": ""shown"", ""message"": ""Price went up 3 times in the last 5 ticks!"", ""trader_id"": ""64998d2d-498a-4e64-99d7-6a9d7940577e""}",1789085884.147302
049c3a29-2e35-4c9e-b1ee-32442d8510e1,81a977dc-433d-4415-94c7-ebaad5de679b,HUMAN,shown,trend_alert,up-streak,up-streak,2026-09-11T00:18:04.071Z,2026-09-11T00:18:04.153809+00:00,"{""client_ts"": ""2026-09-11T00:18:04.071Z"", ""element_id"": ""up-streak"", ""element_label"": ""up-streak"", ""element_type"": ""trend_alert"", ""event_name"": ""shown"", ""message"": ""Price went up 3 times in the last 5 ticks!"", ""trader_id"": ""81a977dc-433d-4415-94c7-ebaad5de679b""}",1789085884.162205
049c3a29-2e35-4c9e-b1ee-32442d8510e1,73fe5556-d77f-4bf9-ba8e-833298d43f8a,HUMAN,shown,trend_alert,up-streak,up-streak,2026-09-11T00:18:04.069Z,2026-09-11T00:18:04.166012+00:00,"{""client_ts"": ""2026-09-11T00:18:04.069Z"", ""element_id"": ""up-streak"", ""element_label"": ""up-streak"", ""element_type"": ""trend_alert"", ""event_name"": ""shown"", ""message"": ""Price went up 3 times in the last 5 ticks!"", ""trader_id"": ""73fe5556-d77f-4bf9-ba8e-833298d43f8a""}",1789085884.173789
049c3a29-2e35-4c9e-b1ee-32442d8510e1,093f2af1-de87-45a7-a6b1-a1bc10d10a57,HUMAN,shown,trend_alert,up-streak,up-streak,2026-09-11T00:18:04.072Z,2026-09-11T00:18:04.178563+00:00,"{""client_ts"": ""2026-09-11T00:18:04.072Z"", ""element_id"": ""up-streak"", ""element_label"": ""up-streak"", ""element_type"": ""trend_alert"", ""event_name"": ""shown"", ""message"": ""Price went up 3 times in the last 5 ticks!"", ""trader_id"": ""093f2af1-de87-45a7-a6b1-a1bc10d10a57""}",1789085884.18849
049c3a29-2e35-4c9e-b1ee-32442d8510e1,ab2ca6f6-98d2-4898-80c5-d4833fb874be,HUMAN,shown,trend_alert,up-streak,up-streak,2026-09-11T00:18:04.062Z,2026-09-11T00:18:04.192568+00:00,"{""client_ts"": ""2026-09-11T00:18:04.062Z"", ""element_id"": ""up-streak"", ""element_label"": ""up-streak"", ""element_type"": ""trend_alert"", ""event_name"": ""shown"", ""message"": ""Price went up 3 times in the last 5 ticks!"", ""trader_id"": ""ab2ca6f6-98d2-4898-80c5-d4833fb874be""}",1789085884.200794
049c3a29-2e35-4c9e-b1ee-32442d8510e1,8743e64f-c9a4-4f8a-b5a3-89f9f130f2aa,HUMAN,shown,trend_alert,up-streak,up-streak,2026-09-11T00:18:10.193Z,2026-09-11T00:18:10.256523+00:00,"{""client_ts"": ""2026-09-11T00:18:10.193Z"", ""element_id"": ""up-streak"", ""element_label"": ""up-streak"", ""element_type"": ""trend_alert"", ""event_name"": ""shown"", ""message"": ""Price went up 3 times in the last 5 ticks!"", ""trader_id"": ""8743e64f-c9a4-4f8a-b5a3-89f9f130f2aa""}",1789085890.265078
049c3a29-2e35-4c9e-b1ee-32442d8510e1,81a977dc-433d-4415-94c7-ebaad5de679b,HUMAN,shown,trend_alert,up-streak,up-streak,2026-09-11T00:18:10.203Z,2026-09-11T00:18:10.271793+00:00,"{""client_ts"": ""2026-09-11T00:18:10.203Z"", ""element_id"": ""up-streak"", ""element_label"": ""up-streak"", ""element_type"": ""trend_alert"", ""event_name"": ""shown"", ""message"": ""Price went up 3 times in the last 5 ticks!"", ""trader_id"": ""81a977dc-433d-4415-94c7-ebaad5de679b""}",1789085890.279603
049c3a29-2e35-4c9e-b1ee-32442d8510e1,64998d2d-498a-4e64-99d7-6a9d7940577e,HUMAN,shown,trend_alert,up-streak,up-streak,2026-09-11T00:18:10.194Z,2026-09-11T00:18:10.284166+00:00,"{""client_ts"": ""2026-09-11T00:18:10.194Z"", ""element_id"": ""up-streak"", ""element_label"": ""up-streak"", ""element_type"": ""trend_alert"", ""event_name"": ""shown"", ""message"": ""Price went up 3 times in the last 5 ticks!"", ""trader_id"": ""64998d2d-498a-4e64-99d7-6a9d7940577e""}",1789085890.294658
049c3a29-2e35-4c9e-b1ee-32442d8510e1,73fe5556-d77f-4bf9-ba8e-833298d43f8a,HUMAN,shown,trend_alert,up-streak,up-streak,2026-09-11T00:18:10.201Z,2026-09-11T00:18:10.298842+00:00,"{""client_ts"": ""2026-09-11T00:18:10.201Z"", ""element_id"": ""up-streak"", ""element_label"": ""up-streak"", ""element_type"": ""trend_alert"", ""event_name"": ""shown"", ""message"": ""Price went up 3 times in the last 5 ticks!"", ""trader_id"": ""73fe5556-d77f-4bf9-ba8e-833298d43f8a""}",1789085890.306507
049c3a29-2e35-4c9e-b1ee-32442d8510e1,ab2ca6f6-98d2-4898-80c5-d4833fb874be,HUMAN,shown,trend_alert,up-streak,up-streak,2026-09-11T00:18:10.193Z,2026-09-11T00:18:10.310551+00:00,"{""client_ts"": ""2026-09-11T00:18:10.193Z"", ""element_id"": ""up-streak"", ""element_label"": ""up-streak"", ""element_type"": ""trend_alert"", ""event_name"": ""shown"", ""message"": ""Price went up 3 times in the last 5 ticks!"", ""trader_id"": ""ab2ca6f6-98d2-4898-80c5-d4833fb874be""}",1789085890.317887
049c3a29-2e35-4c9e-b1ee-32442d8510e1,093f2af1-de87-45a7-a6b1-a1bc10d10a57,HUMAN,shown,trend_alert,up-streak,up-streak,2026-09-11T00:18:10.204Z,2026-09-11T00:18:10.324318+00:00,"{""client_ts"": ""2026-09-11T00:18:10.204Z"", ""element_id"": ""up-streak"", ""element_label"": ""up-streak"", ""element_type"": ""trend_alert"", ""event_name"": ""shown"", ""message"": ""Price went up 3 times in the last 5 ticks!"", ""trader_id"": ""093f2af1-de87-45a7-a6b1-a1bc10d10a57""}",1789085890.331828
049c3a29-2e35-4c9e-b1ee-32442d8510e1,81a977dc-433d-4415-94c7-ebaad5de679b,HUMAN,shown,trend_alert,down-streak,down-streak,2026-09-11T00:19:13.104Z,2026-09-11T00:19:13.158912+00:00,"{""client_ts"": ""2026-09-11T00:19:13.104Z"", ""element_id"": ""down-streak"", ""element_label"": ""down-streak"", ""element_type"": ""trend_alert"", ""event_name"": ""shown"", ""message"": ""Price went down 3 times in the last 5 ticks!"", ""trader_id"": ""81a977dc-433d-4415-94c7-ebaad5de679b""}",1789085953.169003
049c3a29-2e35-4c9e-b1ee-32442d8510e1,ab2ca6f6-98d2-4898-80c5-d4833fb874be,HUMAN,shown,trend_alert,down-streak,down-streak,2026-09-11T00:19:13.091Z,2026-09-11T00:19:13.172903+00:00,"{""client_ts"": ""2026-09-11T00:19:13.091Z"", ""element_id"": ""down-streak"", ""element_label"": ""down-streak"", ""element_type"": ""trend_alert"", ""event_name"": ""shown"", ""message"": ""Price went down 3 times in the last 5 ticks!"", ""trader_id"": ""ab2ca6f6-98d2-4898-80c5-d4833fb874be""}",1789085953.183425
049c3a29-2e35-4c9e-b1ee-32442d8510e1,64998d2d-498a-4e64-99d7-6a9d7940577e,HUMAN,shown,trend_alert,down-streak,down-streak,2026-09-11T00:19:13.097Z,2026-09-11T00:19:13.187747+00:00,"{""client_ts"": ""2026-09-11T00:19:13.097Z"", ""element_id"": ""down-streak"", ""element_label"": ""down-streak"", ""element_type"": ""trend_alert"", ""event_name"": ""shown"", ""message"": ""Price went down 3 times in the last 5 ticks!"", ""trader_id"": ""64998d2d-498a-4e64-99d7-6a9d7940577e""}",1789085953.19564
049c3a29-2e35-4c9e-b1ee-32442d8510e1,73fe5556-d77f-4bf9-ba8e-833298d43f8a,HUMAN,shown,trend_alert,down-streak,down-streak,2026-09-11T00:19:13.104Z,2026-09-11T00:19:13.201686+00:00,"{""client_ts"": ""2026-09-11T00:19:13.104Z"", ""element_id"": ""down-streak"", ""element_label"": ""down-streak"", ""element_type"": ""trend_alert"", ""event_name"": ""shown"", ""message"": ""Price went down 3 times in the last 5 ticks!"", ""trader_id"": ""73fe5556-d77f-4bf9-ba8e-833298d43f8a""}",1789085953.210249
049c3a29-2e35-4c9e-b1ee-32442d8510e1,8743e64f-c9a4-4f8a-b5a3-89f9f130f2aa,HUMAN,shown,trend_alert,down-streak,down-streak,2026-09-11T00:19:31.976Z,2026-09-11T00:19:32.043570+00:00,"{""client_ts"": ""2026-09-11T00:19:31.976Z"", ""element_id"": ""down-streak"", ""element_label"": ""down-streak"", ""element_type"": ""trend_alert"", ""event_name"": ""shown"", ""message"": ""Price went down 3 times in the last 5 ticks!"", ""trader_id"": ""8743e64f-c9a4-4f8a-b5a3-89f9f130f2aa""}",1789085972.051393
049c3a29-2e35-4c9e-b1ee-32442d8510e1,64998d2d-498a-4e64-99d7-6a9d7940577e,HUMAN,shown,trend_alert,down-streak,down-streak,2026-09-11T00:19:31.980Z,2026-09-11T00:19:32.055817+00:00,"{""client_ts"": ""2026-09-11T00:19:31.980Z"", ""element_id"": ""down-streak"", ""element_label"": ""down-streak"", ""element_type"": ""trend_alert"", ""event_name"": ""shown"", ""message"": ""Price went down 3 times in the last 5 ticks!"", ""trader_id"": ""64998d2d-498a-4e64-99d7-6a9d7940577e""}",1789085972.063386
049c3a29-2e35-4c9e-b1ee-32442d8510e1,73fe5556-d77f-4bf9-ba8e-833298d43f8a,HUMAN,shown,trend_alert,down-streak,down-streak,2026-09-11T00:19:31.986Z,2026-09-11T00:19:32.067168+00:00,"{""client_ts"": ""2026-09-11T00:19:31.986Z"", ""element_id"": ""down-streak"", ""element_label"": ""down-streak"", ""element_type"": ""trend_alert"", ""event_name"": ""shown"", ""message"": ""Price went down 3 times in the last 5 ticks!"", ""trader_id"": ""73fe5556-d77f-4bf9-ba8e-833298d43f8a""}",1789085972.074552
049c3a29-2e35-4c9e-b1ee-32442d8510e1,81a977dc-433d-4415-94c7-ebaad5de679b,HUMAN,shown,trend_alert,down-streak,down-streak,2026-09-11T00:19:31.991Z,2026-09-11T00:19:32.079653+00:00,"{""client_ts"": ""2026-09-11T00:19:31.991Z"", ""element_id"": ""down-streak"", ""element_label"": ""down-streak"", ""element_type"": ""trend_alert"", ""event_name"": ""shown"", ""message"": ""Price went down 3 times in the last 5 ticks!"", ""trader_id"": ""81a977dc-433d-4415-94c7-ebaad5de679b""}",1789085972.087532
049c3a29-2e35-4c9e-b1ee-32442d8510e1,093f2af1-de87-45a7-a6b1-a1bc10d10a57,HUMAN,shown,trend_alert,down-streak,down-streak,2026-09-11T00:19:31.991Z,2026-09-11T00:19:32.091246+00:00,"{""client_ts"": ""2026-09-11T00:19:31.991Z"", ""element_id"": ""down-streak"", ""element_label"": ""down-streak"", ""element_type"": ""trend_alert"", ""event_name"": ""shown"", ""message"": ""Price went down 3 times in the last 5 ticks!"", ""trader_id"": ""093f2af1-de87-45a7-a6b1-a1bc10d10a57""}",1789085972.099131
049c3a29-2e35-4c9e-b1ee-32442d8510e1,ab2ca6f6-98d2-4898-80c5-d4833fb874be,HUMAN,shown,trend_alert,down-streak,down-streak,2026-09-11T00:19:31.980Z,2026-09-11T00:19:32.103541+00:00,"{""client_ts"": ""2026-09-11T00:19:31.980Z"", ""element_id"": ""down-streak"", ""element_label"": ""down-streak"", ""element_type"": ""trend_alert"", ""event_name"": ""shown"", ""message"": ""Price went down 3 times in the last 5 ticks!"", ""trader_id"": ""ab2ca6f6-98d2-4898-80c5-d4833fb874be""}",1789085972.111616
049c3a29-2e35-4c9e-b1ee-32442d8510e1,8743e64f-c9a4-4f8a-b5a3-89f9f130f2aa,HUMAN,shown,trend_alert,down-streak,down-streak,2026-09-11T00:19:44.710Z,2026-09-11T00:19:44.779893+00:00,"{""client_ts"": ""2026-09-11T00:19:44.710Z"", ""element_id"": ""down-streak"", ""element_label"": ""down-streak"", ""element_type"": ""trend_alert"", ""event_name"": ""shown"", ""message"": ""Price went down 3 times in the last 5 ticks!"", ""trader_id"": ""8743e64f-c9a4-4f8a-b5a3-89f9f130f2aa""}",1789085984.789173
049c3a29-2e35-4c9e-b1ee-32442d8510e1,64998d2d-498a-4e64-99d7-6a9d7940577e,HUMAN,shown,trend_alert,down-streak,down-streak,2026-09-11T00:19:44.717Z,2026-09-11T00:19:44.796039+00:00,"{""client_ts"": ""2026-09-11T00:19:44.717Z"", ""element_id"": ""down-streak"", ""element_label"": ""down-streak"", ""element_type"": ""trend_alert"", ""event_name"": ""shown"", ""message"": ""Price went down 3 times in the last 5 ticks!"", ""trader_id"": ""64998d2d-498a-4e64-99d7-6a9d7940577e""}",1789085984.809781
049c3a29-2e35-4c9e-b1ee-32442d8510e1,81a977dc-433d-4415-94c7-ebaad5de679b,HUMAN,shown,trend_alert,down-streak,down-streak,2026-09-11T00:19:44.723Z,2026-09-11T00:19:44.812970+00:00,"{""client_ts"": ""2026-09-11T00:19:44.723Z"", ""element_id"": ""down-streak"", ""element_label"": ""down-streak"", ""element_type"": ""trend_alert"", ""event_name"": ""shown"", ""message"": ""Price went down 3 times in the last 5 ticks!"", ""trader_id"": ""81a977dc-433d-4415-94c7-ebaad5de679b""}",1789085984.821115
049c3a29-2e35-4c9e-b1ee-32442d8510e1,ab2ca6f6-98d2-4898-80c5-d4833fb874be,HUMAN,shown,trend_alert,down-streak,down-streak,2026-09-11T00:19:44.709Z,2026-09-11T00:19:44.824764+00:00,"{""client_ts"": ""2026-09-11T00:19:44.709Z"", ""element_id"": ""down-streak"", ""element_label"": ""down-streak"", ""element_type"": ""trend_alert"", ""event_name"": ""shown"", ""message"": ""Price went down 3 times in the last 5 ticks!"", ""trader_id"": ""ab2ca6f6-98d2-4898-80c5-d4833fb874be""}",1789085984.836549
049c3a29-2e35-4c9e-b1ee-32442d8510e1,73fe5556-d77f-4bf9-ba8e-833298d43f8a,HUMAN,shown,trend_alert,down-streak,down-streak,2026-09-11T00:19:44.721Z,2026-09-11T00:19:44.840751+00:00,"{""client_ts"": ""2026-09-11T00:19:44.721Z"", ""element_id"": ""down-streak"", ""element_label"": ""down-streak"", ""element_type"": ""trend_alert"", ""event_name"": ""shown"", ""message"": ""Price went down 3 times in the last 5 ticks!"", ""trader_id"": ""73fe5556-d77f-4bf9-ba8e-833298d43f8a""}",1789085984.847903
049c3a29-2e35-4c9e-b1ee-32442d8510e1,093f2af1-de87-45a7-a6b1-a1bc10d10a57,HUMAN,shown,trend_alert,down-streak,down-streak,2026-09-11T00:19:44.725Z,2026-09-11T00:19:44.851090+00:00,"{""client_ts"": ""2026-09-11T00:19:44.725Z"", ""element_id"": ""down-streak"", ""element_label"": ""down-streak"", ""element_type"": ""trend_alert"", ""event_name"": ""shown"", ""message"": ""Price went down 3 times in the last 5 ticks!"", ""trader_id"": ""093f2af1-de87-45a7-a6b1-a1bc10d10a57""}",1789085984.859319
049c3a29-2e35-4c9e-b1ee-32442d8510e1,093f2af1-de87-45a7-a6b1-a1bc10d10a57,HUMAN,shown,trend_alert,up-streak,up-streak,2026-09-11T00:20:46.830Z,2026-09-11T00:20:46.936580+00:00,"{""client_ts"": ""2026-09-11T00:20:46.830Z"", ""element_id"": ""up-streak"", ""element_label"": ""up-streak"", ""element_type"": ""trend_alert"", ""event_name"": ""shown"", ""message"": ""Price went up 3 times in the last 5 ticks!"", ""trader_id"": ""093f2af1-de87-45a7-a6b1-a1bc10d10a57""}",1789086046.944644
049c3a29-2e35-4c9e-b1ee-32442d8510e1,64998d2d-498a-4e64-99d7-6a9d7940577e,HUMAN,shown,trend_alert,up-streak,up-streak,2026-09-11T00:20:46.829Z,2026-09-11T00:20:46.948950+00:00,"{""client_ts"": ""2026-09-11T00:20:46.829Z"", ""element_id"": ""up-streak"", ""element_label"": ""up-streak"", ""element_type"": ""trend_alert"", ""event_name"": ""shown"", ""message"": ""Price went up 3 times in the last 5 ticks!"", ""trader_id"": ""64998d2d-498a-4e64-99d7-6a9d7940577e""}",1789086046.956398
049c3a29-2e35-4c9e-b1ee-32442d8510e1,ab2ca6f6-98d2-4898-80c5-d4833fb874be,HUMAN,shown,trend_alert,up-streak,up-streak,2026-09-11T00:20:46.821Z,2026-09-11T00:20:46.959767+00:00,"{""client_ts"": ""2026-09-11T00:20:46.821Z"", ""element_id"": ""up-streak"", ""element_label"": ""up-streak"", ""element_type"": ""trend_alert"", ""event_name"": ""shown"", ""message"": ""Price went up 3 times in the last 5 ticks!"", ""trader_id"": ""ab2ca6f6-98d2-4898-80c5-d4833fb874be""}",1789086046.967777
049c3a29-2e35-4c9e-b1ee-32442d8510e1,81a977dc-433d-4415-94c7-ebaad5de679b,HUMAN,shown,trend_alert,up-streak,up-streak,2026-09-11T00:20:46.833Z,2026-09-11T00:20:46.971478+00:00,"{""client_ts"": ""2026-09-11T00:20:46.833Z"", ""element_id"": ""up-streak"", ""element_label"": ""up-streak"", ""element_type"": ""trend_alert"", ""event_name"": ""shown"", ""message"": ""Price went up 3 times in the last 5 ticks!"", ""trader_id"": ""81a977dc-433d-4415-94c7-ebaad5de679b""}",1789086046.979042
049c3a29-2e35-4c9e-b1ee-32442d8510e1,73fe5556-d77f-4bf9-ba8e-833298d43f8a,HUMAN,shown,trend_alert,up-streak,up-streak,2026-09-11T00:20:46.830Z,2026-09-11T00:20:46.983074+00:00,"{""client_ts"": ""2026-09-11T00:20:46.830Z"", ""element_id"": ""up-streak"", ""element_label"": ""up-streak"", ""element_type"": ""trend_alert"", ""event_name"": ""shown"", ""message"": ""Price went up 3 times in the last 5 ticks!"", ""trader_id"": ""73fe5556-d77f-4bf9-ba8e-833298d43f8a""}",1789086046.991832
049c3a29-2e35-4c9e-b1ee-32442d8510e1,8743e64f-c9a4-4f8a-b5a3-89f9f130f2aa,HUMAN,shown,trend_alert,up-streak,up-streak,2026-09-11T00:20:46.840Z,2026-09-11T00:20:47.015197+00:00,"{""client_ts"": ""2026-09-11T00:20:46.840Z"", ""element_id"": ""up-streak"", ""element_label"": ""up-streak"", ""element_type"": ""trend_alert"", ""event_name"": ""shown"", ""message"": ""Price went up 3 times in the last 5 ticks!"", ""trader_id"": ""8743e64f-c9a4-4f8a-b5a3-89f9f130f2aa""}",1789086047.071613
049c3a29-2e35-4c9e-b1ee-32442d8510e1,8743e64f-c9a4-4f8a-b5a3-89f9f130f2aa,HUMAN,shown,trend_alert,down-streak,down-streak,2026-09-11T00:21:07.447Z,2026-09-11T00:21:07.514699+00:00,"{""client_ts"": ""2026-09-11T00:21:07.447Z"", ""element_id"": ""down-streak"", ""element_label"": ""down-streak"", ""element_type"": ""trend_alert"", ""event_name"": ""shown"", ""message"": ""Price went down 3 times in the last 5 ticks!"", ""trader_id"": ""8743e64f-c9a4-4f8a-b5a3-89f9f130f2aa""}",1789086067.529255
049c3a29-2e35-4c9e-b1ee-32442d8510e1,81a977dc-433d-4415-94c7-ebaad5de679b,HUMAN,shown,trend_alert,down-streak,down-streak,2026-09-11T00:21:07.460Z,2026-09-11T00:21:07.535348+00:00,"{""client_ts"": ""2026-09-11T00:21:07.460Z"", ""element_id"": ""down-streak"", ""element_label"": ""down-streak"", ""element_type"": ""trend_alert"", ""event_name"": ""shown"", ""message"": ""Price went down 3 times in the last 5 ticks!"", ""trader_id"": ""81a977dc-433d-4415-94c7-ebaad5de679b""}",1789086067.567199
049c3a29-2e35-4c9e-b1ee-32442d8510e1,64998d2d-498a-4e64-99d7-6a9d7940577e,HUMAN,shown,trend_alert,down-streak,down-streak,2026-09-11T00:21:07.458Z,2026-09-11T00:21:07.573737+00:00,"{""client_ts"": ""2026-09-11T00:21:07.458Z"", ""element_id"": ""down-streak"", ""element_label"": ""down-streak"", ""element_type"": ""trend_alert"", ""event_name"": ""shown"", ""message"": ""Price went down 3 times in the last 5 ticks!"", ""trader_id"": ""64998d2d-498a-4e64-99d7-6a9d7940577e""}",1789086067.581243
049c3a29-2e35-4c9e-b1ee-32442d8510e1,ab2ca6f6-98d2-4898-80c5-d4833fb874be,HUMAN,shown,trend_alert,down-streak,down-streak,2026-09-11T00:21:07.452Z,2026-09-11T00:21:07.587836+00:00,"{""client_ts"": ""2026-09-11T00:21:07.452Z"", ""element_id"": ""down-streak"", ""element_label"": ""down-streak"", ""element_type"": ""trend_alert"", ""event_name"": ""shown"", ""message"": ""Price went down 3 times in the last 5 ticks!"", ""trader_id"": ""ab2ca6f6-98d2-4898-80c5-d4833fb874be""}",1789086067.597165
049c3a29-2e35-4c9e-b1ee-32442d8510e1,093f2af1-de87-45a7-a6b1-a1bc10d10a57,HUMAN,shown,trend_alert,down-streak,down-streak,2026-09-11T00:21:07.463Z,2026-09-11T00:21:07.603973+00:00,"{""client_ts"": ""2026-09-11T00:21:07.463Z"", ""element_id"": ""down-streak"", ""element_label"": ""down-streak"", ""element_type"": ""trend_alert"", ""event_name"": ""shown"", ""message"": ""Price went down 3 times in the last 5 ticks!"", ""trader_id"": ""093f2af1-de87-45a7-a6b1-a1bc10d10a57""}",1789086067.611679
049c3a29-2e35-4c9e-b1ee-32442d8510e1,73fe5556-d77f-4bf9-ba8e-833298d43f8a,HUMAN,shown,trend_alert,down-streak,down-streak,2026-09-11T00:21:07.465Z,2026-09-11T00:21:07.616180+00:00,"{""client_ts"": ""2026-09-11T00:21:07.465Z"", ""element_id"": ""down-streak"", ""element_label"": ""down-streak"", ""element_type"": ""trend_alert"", ""event_name"": ""shown"", ""message"": ""Price went down 3 times in the last 5 ticks!"", ""trader_id"": ""73fe5556-d77f-4bf9-ba8e-833298d43f8a""}",1789086067.628113
049c3a29-2e35-4c9e-b1ee-32442d8510e1,ab2ca6f6-98d2-4898-80c5-d4833fb874be,HUMAN,shown,badge_unlock,gold,Gold,2026-09-11T00:21:19.144Z,2026-09-11T00:21:19.209185+00:00,"{""client_ts"": ""2026-09-11T00:21:19.144Z"", ""element_id"": ""gold"", ""element_label"": ""Gold"", ""element_type"": ""badge_unlock"", ""event_name"": ""shown"", ""total_trades_threshold"": 35, ""trader_id"": ""ab2ca6f6-98d2-4898-80c5-d4833fb874be""}",1789086079.220038
049c3a29-2e35-4c9e-b1ee-32442d8510e1,ab2ca6f6-98d2-4898-80c5-d4833fb874be,HUMAN,shown,badge_modal,gold,Gold,2026-09-11T00:21:19.145Z,2026-09-11T00:21:19.224970+00:00,"{""client_ts"": ""2026-09-11T00:21:19.145Z"", ""element_id"": ""gold"", ""element_label"": ""Gold"", ""element_type"": ""badge_modal"", ""event_name"": ""shown"", ""message"": ""You are the money maker!"", ""total_trades"": 35, ""trader_id"": ""ab2ca6f6-98d2-4898-80c5-d4833fb874be""}",1789086079.233112
049c3a29-2e35-4c9e-b1ee-32442d8510e1,ab2ca6f6-98d2-4898-80c5-d4833fb874be,HUMAN,shown,badge_gif,gold,Gold,2026-09-11T00:21:19.145Z,2026-09-11T00:21:19.238780+00:00,"{""client_ts"": ""2026-09-11T00:21:19.145Z"", ""element_id"": ""gold"", ""element_label"": ""Gold"", ""element_type"": ""badge_gif"", ""event_name"": ""shown"", ""gif"": ""/static/trader_bridge_app/vue/assets/gold.gif"", ""trader_id"": ""ab2ca6f6-98d2-4898-80c5-d4833fb874be""}",1789086079.247783
049c3a29-2e35-4c9e-b1ee-32442d8510e1,64998d2d-498a-4e64-99d7-6a9d7940577e,HUMAN,shown,trend_alert,down-streak,down-streak,2026-09-11T00:21:23.927Z,2026-09-11T00:21:23.984965+00:00,"{""client_ts"": ""2026-09-11T00:21:23.927Z"", ""element_id"": ""down-streak"", ""element_label"": ""down-streak"", ""element_type"": ""trend_alert"", ""event_name"": ""shown"", ""message"": ""Price went down 3 times in the last 5 ticks!"", ""trader_id"": ""64998d2d-498a-4e64-99d7-6a9d7940577e""}",1789086083.992786
049c3a29-2e35-4c9e-b1ee-32442d8510e1,ab2ca6f6-98d2-4898-80c5-d4833fb874be,HUMAN,shown,trend_alert,down-streak,down-streak,2026-09-11T00:21:23.922Z,2026-09-11T00:21:23.998484+00:00,"{""client_ts"": ""2026-09-11T00:21:23.922Z"", ""element_id"": ""down-streak"", ""element_label"": ""down-streak"", ""element_type"": ""trend_alert"", ""event_name"": ""shown"", ""message"": ""Price went down 3 times in the last 5 ticks!"", ""trader_id"": ""ab2ca6f6-98d2-4898-80c5-d4833fb874be""}",1789086084.007711
049c3a29-2e35-4c9e-b1ee-32442d8510e1,73fe5556-d77f-4bf9-ba8e-833298d43f8a,HUMAN,shown,trend_alert,down-streak,down-streak,2026-09-11T00:21:23.930Z,2026-09-11T00:21:24.011711+00:00,"{""client_ts"": ""2026-09-11T00:21:23.930Z"", ""element_id"": ""down-streak"", ""element_label"": ""down-streak"", ""element_type"": ""trend_alert"", ""event_name"": ""shown"", ""message"": ""Price went down 3 times in the last 5 ticks!"", ""trader_id"": ""73fe5556-d77f-4bf9-ba8e-833298d43f8a""}",1789086084.020869
049c3a29-2e35-4c9e-b1ee-32442d8510e1,8743e64f-c9a4-4f8a-b5a3-89f9f130f2aa,HUMAN,shown,trend_alert,down-streak,down-streak,2026-09-11T00:21:23.919Z,2026-09-11T00:21:24.024661+00:00,"{""client_ts"": ""2026-09-11T00:21:23.919Z"", ""element_id"": ""down-streak"", ""element_label"": ""down-streak"", ""element_type"": ""trend_alert"", ""event_name"": ""shown"", ""message"": ""Price went down 3 times in the last 5 ticks!"", ""trader_id"": ""8743e64f-c9a4-4f8a-b5a3-89f9f130f2aa""}",1789086084.032022
049c3a29-2e35-4c9e-b1ee-32442d8510e1,81a977dc-433d-4415-94c7-ebaad5de679b,HUMAN,shown,trend_alert,down-streak,down-streak,2026-09-11T00:21:23.934Z,2026-09-11T00:21:24.036718+00:00,"{""client_ts"": ""2026-09-11T00:21:23.934Z"", ""element_id"": ""down-streak"", ""element_label"": ""down-streak"", ""element_type"": ""trend_alert"", ""event_name"": ""shown"", ""message"": ""Price went down 3 times in the last 5 ticks!"", ""trader_id"": ""81a977dc-433d-4415-94c7-ebaad5de679b""}",1789086084.044688
049c3a29-2e35-4c9e-b1ee-32442d8510e1,093f2af1-de87-45a7-a6b1-a1bc10d10a57,HUMAN,shown,trend_alert,down-streak,down-streak,2026-09-11T00:21:23.936Z,2026-09-11T00:21:24.050359+00:00,"{""client_ts"": ""2026-09-11T00:21:23.936Z"", ""element_id"": ""down-streak"", ""element_label"": ""down-streak"", ""element_type"": ""trend_alert"", ""event_name"": ""shown"", ""message"": ""Price went down 3 times in the last 5 ticks!"", ""trader_id"": ""093f2af1-de87-45a7-a6b1-a1bc10d10a57""}",1789086084.057819
049c3a29-2e35-4c9e-b1ee-32442d8510e1,64998d2d-498a-4e64-99d7-6a9d7940577e,HUMAN,shown,trend_alert,down-streak,down-streak,2026-09-11T00:22:11.925Z,2026-09-11T00:22:11.980109+00:00,"{""client_ts"": ""2026-09-11T00:22:11.925Z"", ""element_id"": ""down-streak"", ""element_label"": ""down-streak"", ""element_type"": ""trend_alert"", ""event_name"": ""shown"", ""message"": ""Price went down 3 times in the last 5 ticks!"", ""trader_id"": ""64998d2d-498a-4e64-99d7-6a9d7940577e""}",1789086131.988374
049c3a29-2e35-4c9e-b1ee-32442d8510e1,ab2ca6f6-98d2-4898-80c5-d4833fb874be,HUMAN,shown,trend_alert,down-streak,down-streak,2026-09-11T00:22:11.919Z,2026-09-11T00:22:11.993154+00:00,"{""client_ts"": ""2026-09-11T00:22:11.919Z"", ""element_id"": ""down-streak"", ""element_label"": ""down-streak"", ""element_type"": ""trend_alert"", ""event_name"": ""shown"", ""message"": ""Price went down 3 times in the last 5 ticks!"", ""trader_id"": ""ab2ca6f6-98d2-4898-80c5-d4833fb874be""}",1789086132.000869
049c3a29-2e35-4c9e-b1ee-32442d8510e1,8743e64f-c9a4-4f8a-b5a3-89f9f130f2aa,HUMAN,shown,trend_alert,down-streak,down-streak,2026-09-11T00:22:11.916Z,2026-09-11T00:22:12.012355+00:00,"{""client_ts"": ""2026-09-11T00:22:11.916Z"", ""element_id"": ""down-streak"", ""element_label"": ""down-streak"", ""element_type"": ""trend_alert"", ""event_name"": ""shown"", ""message"": ""Price went down 3 times in the last 5 ticks!"", ""trader_id"": ""8743e64f-c9a4-4f8a-b5a3-89f9f130f2aa""}",1789086132.022354
049c3a29-2e35-4c9e-b1ee-32442d8510e1,093f2af1-de87-45a7-a6b1-a1bc10d10a57,HUMAN,shown,trend_alert,down-streak,down-streak,2026-09-11T00:22:11.954Z,2026-09-11T00:22:12.026002+00:00,"{""client_ts"": ""2026-09-11T00:22:11.954Z"", ""element_id"": ""down-streak"", ""element_label"": ""down-streak"", ""element_type"": ""trend_alert"", ""event_name"": ""shown"", ""message"": ""Price went down 3 times in the last 5 ticks!"", ""trader_id"": ""093f2af1-de87-45a7-a6b1-a1bc10d10a57""}",1789086132.033383
049c3a29-2e35-4c9e-b1ee-32442d8510e1,73fe5556-d77f-4bf9-ba8e-833298d43f8a,HUMAN,shown,trend_alert,down-streak,down-streak,2026-09-11T00:22:11.957Z,2026-09-11T00:22:12.041484+00:00,"{""client_ts"": ""2026-09-11T00:22:11.957Z"", ""element_id"": ""down-streak"", ""element_label"": ""down-streak"", ""element_type"": ""trend_alert"", ""event_name"": ""shown"", ""message"": ""Price went down 3 times in the last 5 ticks!"", ""trader_id"": ""73fe5556-d77f-4bf9-ba8e-833298d43f8a""}",1789086132.050017
049c3a29-2e35-4c9e-b1ee-32442d8510e1,81a977dc-433d-4415-94c7-ebaad5de679b,HUMAN,shown,trend_alert,down-streak,down-streak,2026-09-11T00:22:11.962Z,2026-09-11T00:22:12.053998+00:00,"{""client_ts"": ""2026-09-11T00:22:11.962Z"", ""element_id"": ""down-streak"", ""element_label"": ""down-streak"", ""element_type"": ""trend_alert"", ""event_name"": ""shown"", ""message"": ""Price went down 3 times in the last 5 ticks!"", ""trader_id"": ""81a977dc-433d-4415-94c7-ebaad5de679b""}",1789086132.061598
049c3a29-2e35-4c9e-b1ee-32442d8510e1,093f2af1-de87-45a7-a6b1-a1bc10d10a57,HUMAN,shown,trend_alert,down-streak,down-streak,2026-09-11T00:22:15.247Z,2026-09-11T00:22:15.305778+00:00,"{""client_ts"": ""2026-09-11T00:22:15.247Z"", ""element_id"": ""down-streak"", ""element_label"": ""down-streak"", ""element_type"": ""trend_alert"", ""event_name"": ""shown"", ""message"": ""Price went down 3 times in the last 5 ticks!"", ""trader_id"": ""093f2af1-de87-45a7-a6b1-a1bc10d10a57""}",1789086135.3139
049c3a29-2e35-4c9e-b1ee-32442d8510e1,73fe5556-d77f-4bf9-ba8e-833298d43f8a,HUMAN,shown,trend_alert,down-streak,down-streak,2026-09-11T00:22:15.247Z,2026-09-11T00:22:15.318550+00:00,"{""client_ts"": ""2026-09-11T00:22:15.247Z"", ""element_id"": ""down-streak"", ""element_label"": ""down-streak"", ""element_type"": ""trend_alert"", ""event_name"": ""shown"", ""message"": ""Price went down 3 times in the last 5 ticks!"", ""trader_id"": ""73fe5556-d77f-4bf9-ba8e-833298d43f8a""}",1789086135.327488
049c3a29-2e35-4c9e-b1ee-32442d8510e1,ab2ca6f6-98d2-4898-80c5-d4833fb874be,HUMAN,shown,trend_alert,down-streak,down-streak,2026-09-11T00:22:15.243Z,2026-09-11T00:22:15.333497+00:00,"{""client_ts"": ""2026-09-11T00:22:15.243Z"", ""element_id"": ""down-streak"", ""element_label"": ""down-streak"", ""element_type"": ""trend_alert"", ""event_name"": ""shown"", ""message"": ""Price went down 3 times in the last 5 ticks!"", ""trader_id"": ""ab2ca6f6-98d2-4898-80c5-d4833fb874be""}",1789086135.342075
049c3a29-2e35-4c9e-b1ee-32442d8510e1,81a977dc-433d-4415-94c7-ebaad5de679b,HUMAN,shown,trend_alert,down-streak,down-streak,2026-09-11T00:22:15.251Z,2026-09-11T00:22:15.346100+00:00,"{""client_ts"": ""2026-09-11T00:22:15.251Z"", ""element_id"": ""down-streak"", ""element_label"": ""down-streak"", ""element_type"": ""trend_alert"", ""event_name"": ""shown"", ""message"": ""Price went down 3 times in the last 5 ticks!"", ""trader_id"": ""81a977dc-433d-4415-94c7-ebaad5de679b""}",1789086135.354007
049c3a29-2e35-4c9e-b1ee-32442d8510e1,64998d2d-498a-4e64-99d7-6a9d7940577e,HUMAN,shown,trend_alert,down-streak,down-streak,2026-09-11T00:22:15.250Z,2026-09-11T00:22:15.357914+00:00,"{""client_ts"": ""2026-09-11T00:22:15.250Z"", ""element_id"": ""down-streak"", ""element_label"": ""down-streak"", ""element_type"": ""trend_alert"", ""event_name"": ""shown"", ""message"": ""Price went down 3 times in the last 5 ticks!"", ""trader_id"": ""64998d2d-498a-4e64-99d7-6a9d7940577e""}",1789086135.365959
049c3a29-2e35-4c9e-b1ee-32442d8510e1,8743e64f-c9a4-4f8a-b5a3-89f9f130f2aa,HUMAN,shown,trend_alert,down-streak,down-streak,2026-09-11T00:22:15.238Z,2026-09-11T00:22:15.370058+00:00,"{""client_ts"": ""2026-09-11T00:22:15.238Z"", ""element_id"": ""down-streak"", ""element_label"": ""down-streak"", ""element_type"": ""trend_alert"", ""event_name"": ""shown"", ""message"": ""Price went down 3 times in the last 5 ticks!"", ""trader_id"": ""8743e64f-c9a4-4f8a-b5a3-89f9f130f2aa""}",1789086135.382854
049c3a29-2e35-4c9e-b1ee-32442d8510e1,8743e64f-c9a4-4f8a-b5a3-89f9f130f2aa,HUMAN,shown,trend_alert,up-streak,up-streak,2026-09-11T00:22:24.021Z,2026-09-11T00:22:24.089843+00:00,"{""client_ts"": ""2026-09-11T00:22:24.021Z"", ""element_id"": ""up-streak"", ""element_label"": ""up-streak"", ""element_type"": ""trend_alert"", ""event_name"": ""shown"", ""message"": ""Price went up 3 times in the last 5 ticks!"", ""trader_id"": ""8743e64f-c9a4-4f8a-b5a3-89f9f130f2aa""}",1789086144.09848
049c3a29-2e35-4c9e-b1ee-32442d8510e1,64998d2d-498a-4e64-99d7-6a9d7940577e,HUMAN,shown,trend_alert,up-streak,up-streak,2026-09-11T00:22:24.034Z,2026-09-11T00:22:24.104457+00:00,"{""client_ts"": ""2026-09-11T00:22:24.034Z"", ""element_id"": ""up-streak"", ""element_label"": ""up-streak"", ""element_type"": ""trend_alert"", ""event_name"": ""shown"", ""message"": ""Price went up 3 times in the last 5 ticks!"", ""trader_id"": ""64998d2d-498a-4e64-99d7-6a9d7940577e""}",1789086144.113791
049c3a29-2e35-4c9e-b1ee-32442d8510e1,81a977dc-433d-4415-94c7-ebaad5de679b,HUMAN,shown,trend_alert,up-streak,up-streak,2026-09-11T00:22:24.035Z,2026-09-11T00:22:24.118220+00:00,"{""client_ts"": ""2026-09-11T00:22:24.035Z"", ""element_id"": ""up-streak"", ""element_label"": ""up-streak"", ""element_type"": ""trend_alert"", ""event_name"": ""shown"", ""message"": ""Price went up 3 times in the last 5 ticks!"", ""trader_id"": ""81a977dc-433d-4415-94c7-ebaad5de679b""}",1789086144.126811
049c3a29-2e35-4c9e-b1ee-32442d8510e1,ab2ca6f6-98d2-4898-80c5-d4833fb874be,HUMAN,shown,trend_alert,up-streak,up-streak,2026-09-11T00:22:24.029Z,2026-09-11T00:22:24.130994+00:00,"{""client_ts"": ""2026-09-11T00:22:24.029Z"", ""element_id"": ""up-streak"", ""element_label"": ""up-streak"", ""element_type"": ""trend_alert"", ""event_name"": ""shown"", ""message"": ""Price went up 3 times in the last 5 ticks!"", ""trader_id"": ""ab2ca6f6-98d2-4898-80c5-d4833fb874be""}",1789086144.140009
049c3a29-2e35-4c9e-b1ee-32442d8510e1,093f2af1-de87-45a7-a6b1-a1bc10d10a57,HUMAN,shown,trend_alert,up-streak,up-streak,2026-09-11T00:22:24.035Z,2026-09-11T00:22:24.144194+00:00,"{""client_ts"": ""2026-09-11T00:22:24.035Z"", ""element_id"": ""up-streak"", ""element_label"": ""up-streak"", ""element_type"": ""trend_alert"", ""event_name"": ""shown"", ""message"": ""Price went up 3 times in the last 5 ticks!"", ""trader_id"": ""093f2af1-de87-45a7-a6b1-a1bc10d10a57""}",1789086144.152226
049c3a29-2e35-4c9e-b1ee-32442d8510e1,73fe5556-d77f-4bf9-ba8e-833298d43f8a,HUMAN,shown,trend_alert,up-streak,up-streak,2026-09-11T00:22:24.034Z,2026-09-11T00:22:24.156049+00:00,"{""client_ts"": ""2026-09-11T00:22:24.034Z"", ""element_id"": ""up-streak"", ""element_label"": ""up-streak"", ""element_type"": ""trend_alert"", ""event_name"": ""shown"", ""message"": ""Price went up 3 times in the last 5 ticks!"", ""trader_id"": ""73fe5556-d77f-4bf9-ba8e-833298d43f8a""}",1789086144.163799
