session_code,participant_id_in_session,participant_code,page_index,app_name,page_name,epoch_time_completed,round_number,timeout_happened,is_wait_page
yp9emivj,7,5h2wf022,16,trader_bridge_app,ResumeTradingSession,1787753461,2,0,1
q2uzwrke,1,92eypnyh,0,,InitializeParticipant,1787758105,1,0,0
q2uzwrke,2,4p4bxdks,0,,InitializeParticipant,1787758105,1,0,0
q2uzwrke,3,1y1fmxh4,0,,InitializeParticipant,1787758105,1,0,0
q2uzwrke,4,yyhl1m0v,0,,InitializeParticipant,1787758105,1,0,0
q2uzwrke,5,edxyk9dw,0,,InitializeParticipant,1787758105,1,0,0
q2uzwrke,6,rwcm4r8f,0,,InitializeParticipant,1787758105,1,0,0
q2uzwrke,7,7g7d2gpm,0,,InitializeParticipant,1787758105,1,0,0
q2uzwrke,8,mtbht5gb,0,,InitializeParticipant,1787758105,1,0,0
q2uzwrke,9,ev19ndvk,0,,InitializeParticipant,1787758105,1,0,0
q2uzwrke,10,brk7umva,0,,InitializeParticipant,1787758105,1,0,0
q2uzwrke,11,5bn07pj6,0,,InitializeParticipant,1787758105,1,0,0
q2uzwrke,12,mrmdneuj,0,,InitializeParticipant,1787758105,1,0,0
q2uzwrke,13,f3mphw9o,0,,InitializeParticipant,1787758105,1,0,0
q2uzwrke,14,cyg00ds2,0,,InitializeParticipant,1787758105,1,0,0
q2uzwrke,15,uqq53dhb,0,,InitializeParticipant,1787758105,1,0,0
q2uzwrke,16,g8furig5,0,,InitializeParticipant,1787758105,1,0,0
q2uzwrke,17,9rjegrhf,0,,InitializeParticipant,1787758105,1,0,0
q2uzwrke,18,wqftgkbl,0,,InitializeParticipant,1787758105,1,0,0
q2uzwrke,19,apzj4yol,0,,InitializeParticipant,1787758105,1,0,0
q2uzwrke,20,snchrzvy,0,,InitializeParticipant,1787758105,1,0,0
q2uzwrke,22,9mbxlv2t,0,,InitializeParticipant,1787758105,1,0,0
q2uzwrke,21,f91zrrno,0,,InitializeParticipant,1787758105,1,0,0
q2uzwrke,23,7o8xvt2o,0,,InitializeParticipant,1787758105,1,0,0
q2uzwrke,24,zhzlqg1e,0,,InitializeParticipant,1787758105,1,0,0
q2uzwrke,25,pudy6lk1,0,,InitializeParticipant,1787758105,1,0,0
q2uzwrke,26,grusydd1,0,,InitializeParticipant,1787758105,1,0,0
q2uzwrke,27,wkkj7ya7,0,,InitializeParticipant,1787758105,1,0,0
q2uzwrke,28,e1gm0pyc,0,,InitializeParticipant,1787758105,1,0,0
q2uzwrke,29,6geodwqp,0,,InitializeParticipant,1787758105,1,0,0
q2uzwrke,30,u1o2yo0d,0,,InitializeParticipant,1787758105,1,0,0
q2uzwrke,31,yobjlrr4,0,,InitializeParticipant,1787758105,1,0,0
q2uzwrke,32,1mrh7feb,0,,InitializeParticipant,1787758105,1,0,0
q2uzwrke,33,9h22z7kz,0,,InitializeParticipant,1787758105,1,0,0
q2uzwrke,34,qxqa9r8o,0,,InitializeParticipant,1787758106,1,0,0
q2uzwrke,11,5bn07pj6,1,intro,Consent,1787758112,1,0,0
q2uzwrke,6,rwcm4r8f,1,intro,Consent,1787758112,1,0,0
q2uzwrke,15,uqq53dhb,1,intro,Consent,1787758113,1,0,0
q2uzwrke,2,4p4bxdks,1,intro,Consent,1787758113,1,0,0
q2uzwrke,34,qxqa9r8o,1,intro,Consent,1787758113,1,0,0
q2uzwrke,28,e1gm0pyc,1,intro,Consent,1787758113,1,0,0
q2uzwrke,22,9mbxlv2t,1,intro,Consent,1787758113,1,0,0
q2uzwrke,24,zhzlqg1e,1,intro,Consent,1787758113,1,0,0
q2uzwrke,14,cyg00ds2,1,intro,Consent,1787758113,1,0,0
q2uzwrke,21,f91zrrno,1,intro,Consent,1787758114,1,0,0
q2uzwrke,29,6geodwqp,1,intro,Consent,1787758114,1,0,0
q2uzwrke,27,wkkj7ya7,1,intro,Consent,1787758114,1,0,0
q2uzwrke,33,9h22z7kz,1,intro,Consent,1787758115,1,0,0
q2uzwrke,5,edxyk9dw,1,intro,Consent,1787758115,1,0,0
q2uzwrke,32,1mrh7feb,1,intro,Consent,1787758115,1,0,0
q2uzwrke,12,mrmdneuj,1,intro,Consent,1787758115,1,0,0
q2uzwrke,11,5bn07pj6,2,intro,Instructions,1787758115,1,0,0
q2uzwrke,19,apzj4yol,1,intro,Consent,1787758116,1,0,0
q2uzwrke,23,7o8xvt2o,1,intro,Consent,1787758116,1,0,0
q2uzwrke,20,snchrzvy,1,intro,Consent,1787758116,1,0,0
q2uzwrke,30,u1o2yo0d,1,intro,Consent,1787758116,1,0,0
q2uzwrke,25,pudy6lk1,1,intro,Consent,1787758116,1,0,0
q2uzwrke,26,grusydd1,1,intro,Consent,1787758116,1,0,0
q2uzwrke,10,brk7umva,1,intro,Consent,1787758116,1,0,0
q2uzwrke,7,7g7d2gpm,1,intro,Consent,1787758117,1,0,0
q2uzwrke,3,1y1fmxh4,1,intro,Consent,1787758117,1,0,0
q2uzwrke,27,wkkj7ya7,2,intro,Instructions,1787758117,1,0,0
q2uzwrke,32,1mrh7feb,2,intro,Instructions,1787758118,1,0,0
q2uzwrke,12,mrmdneuj,2,intro,Instructions,1787758119,1,0,0
q2uzwrke,23,7o8xvt2o,2,intro,Instructions,1787758119,1,0,0
q2uzwrke,17,9rjegrhf,1,intro,Consent,1787758120,1,0,0
q2uzwrke,4,yyhl1m0v,1,intro,Consent,1787758122,1,0,0
q2uzwrke,8,mtbht5gb,1,intro,Consent,1787758123,1,0,0
q2uzwrke,7,7g7d2gpm,2,intro,Instructions,1787758123,1,0,0
q2uzwrke,18,wqftgkbl,1,intro,Consent,1787758123,1,0,0
q2uzwrke,24,zhzlqg1e,2,intro,Instructions,1787758125,1,0,0
q2uzwrke,33,9h22z7kz,2,intro,Instructions,1787758125,1,0,0
q2uzwrke,29,6geodwqp,2,intro,Instructions,1787758126,1,0,0
q2uzwrke,30,u1o2yo0d,2,intro,Instructions,1787758128,1,0,0
q2uzwrke,32,1mrh7feb,3,intro,InstructionsVideo,1787758128,1,0,0
q2uzwrke,1,92eypnyh,1,intro,Consent,1787758129,1,0,0
q2uzwrke,22,9mbxlv2t,2,intro,Instructions,1787758130,1,0,0
q2uzwrke,15,uqq53dhb,2,intro,Instructions,1787758131,1,0,0
q2uzwrke,8,mtbht5gb,2,intro,Instructions,1787758132,1,0,0
q2uzwrke,9,ev19ndvk,1,intro,Consent,1787758136,1,0,0
q2uzwrke,13,f3mphw9o,1,intro,Consent,1787758138,1,0,0
q2uzwrke,31,yobjlrr4,1,intro,Consent,1787758138,1,0,0
q2uzwrke,10,brk7umva,2,intro,Instructions,1787758140,1,0,0
q2uzwrke,6,rwcm4r8f,2,intro,Instructions,1787758141,1,0,0
q2uzwrke,9,ev19ndvk,2,intro,Instructions,1787758141,1,0,0
q2uzwrke,34,qxqa9r8o,2,intro,Instructions,1787758141,1,0,0
q2uzwrke,8,mtbht5gb,3,intro,InstructionsVideo,1787758141,1,0,0
q2uzwrke,2,4p4bxdks,2,intro,Instructions,1787758141,1,0,0
q2uzwrke,30,u1o2yo0d,3,intro,InstructionsVideo,1787758142,1,0,0
q2uzwrke,29,6geodwqp,3,intro,InstructionsVideo,1787758142,1,0,0
q2uzwrke,31,yobjlrr4,2,intro,Instructions,1787758143,1,0,0
q2uzwrke,16,g8furig5,1,intro,Consent,1787758143,1,0,0
q2uzwrke,28,e1gm0pyc,2,intro,Instructions,1787758143,1,0,0
q2uzwrke,12,mrmdneuj,3,intro,InstructionsVideo,1787758143,1,0,0
q2uzwrke,22,9mbxlv2t,3,intro,InstructionsVideo,1787758143,1,0,0
q2uzwrke,33,9h22z7kz,3,intro,InstructionsVideo,1787758143,1,0,0
q2uzwrke,11,5bn07pj6,3,intro,InstructionsVideo,1787758143,1,0,0
q2uzwrke,20,snchrzvy,2,intro,Instructions,1787758144,1,0,0
q2uzwrke,28,e1gm0pyc,3,intro,InstructionsVideo,1787758144,1,0,0
q2uzwrke,4,yyhl1m0v,2,intro,Instructions,1787758145,1,0,0
q2uzwrke,9,ev19ndvk,3,intro,InstructionsVideo,1787758145,1,0,0
q2uzwrke,31,yobjlrr4,3,intro,InstructionsVideo,1787758145,1,0,0
q2uzwrke,16,g8furig5,2,intro,Instructions,1787758145,1,0,0
q2uzwrke,15,uqq53dhb,3,intro,InstructionsVideo,1787758147,1,0,0
q2uzwrke,25,pudy6lk1,2,intro,Instructions,1787758148,1,0,0
q2uzwrke,16,g8furig5,3,intro,InstructionsVideo,1787758148,1,0,0
q2uzwrke,24,zhzlqg1e,3,intro,InstructionsVideo,1787758149,1,0,0
q2uzwrke,2,4p4bxdks,3,intro,InstructionsVideo,1787758150,1,0,0
q2uzwrke,19,apzj4yol,2,intro,Instructions,1787758150,1,0,0
q2uzwrke,25,pudy6lk1,3,intro,InstructionsVideo,1787758150,1,0,0
q2uzwrke,7,7g7d2gpm,3,intro,InstructionsVideo,1787758151,1,0,0
q2uzwrke,21,f91zrrno,2,intro,Instructions,1787758151,1,0,0
q2uzwrke,3,1y1fmxh4,2,intro,Instructions,1787758151,1,0,0
q2uzwrke,17,9rjegrhf,2,intro,Instructions,1787758152,1,0,0
q2uzwrke,21,f91zrrno,3,intro,InstructionsVideo,1787758153,1,0,0
q2uzwrke,17,9rjegrhf,3,intro,InstructionsVideo,1787758153,1,0,0
q2uzwrke,18,wqftgkbl,2,intro,Instructions,1787758153,1,0,0
q2uzwrke,3,1y1fmxh4,3,intro,InstructionsVideo,1787758155,1,0,0
q2uzwrke,14,cyg00ds2,2,intro,Instructions,1787758156,1,0,0
q2uzwrke,20,snchrzvy,3,intro,InstructionsVideo,1787758157,1,0,0
q2uzwrke,5,edxyk9dw,2,intro,Instructions,1787758157,1,0,0
q2uzwrke,5,edxyk9dw,3,intro,InstructionsVideo,1787758159,1,0,0
q2uzwrke,14,cyg00ds2,3,intro,InstructionsVideo,1787758160,1,0,0
q2uzwrke,6,rwcm4r8f,3,intro,InstructionsVideo,1787758160,1,0,0
q2uzwrke,23,7o8xvt2o,3,intro,InstructionsVideo,1787758163,1,0,0
q2uzwrke,13,f3mphw9o,2,intro,Instructions,1787758164,1,0,0
q2uzwrke,13,f3mphw9o,3,intro,InstructionsVideo,1787758166,1,0,0
q2uzwrke,4,yyhl1m0v,3,intro,InstructionsVideo,1787758167,1,0,0
q2uzwrke,1,92eypnyh,2,intro,Instructions,1787758167,1,0,0
q2uzwrke,18,wqftgkbl,3,intro,InstructionsVideo,1787758167,1,0,0
q2uzwrke,1,92eypnyh,3,intro,InstructionsVideo,1787758169,1,0,0
q2uzwrke,32,1mrh7feb,4,intro,comprehensionQuestions,1787758177,1,0,0
q2uzwrke,32,1mrh7feb,5,intro,selfAssessment,1787758184,1,0,0
q2uzwrke,26,grusydd1,2,intro,Instructions,1787758187,1,0,0
q2uzwrke,17,9rjegrhf,4,intro,comprehensionQuestions,1787758195,1,0,0
q2uzwrke,28,e1gm0pyc,4,intro,comprehensionQuestions,1787758196,1,0,0
q2uzwrke,17,9rjegrhf,5,intro,selfAssessment,1787758198,1,0,0
q2uzwrke,28,e1gm0pyc,5,intro,selfAssessment,1787758200,1,0,0
q2uzwrke,21,f91zrrno,4,intro,comprehensionQuestions,1787758206,1,0,0
q2uzwrke,34,qxqa9r8o,3,intro,InstructionsVideo,1787758207,1,0,0
q2uzwrke,11,5bn07pj6,4,intro,comprehensionQuestions,1787758209,1,0,0
q2uzwrke,21,f91zrrno,5,intro,selfAssessment,1787758210,1,0,0
q2uzwrke,11,5bn07pj6,5,intro,selfAssessment,1787758212,1,0,0
q2uzwrke,26,grusydd1,3,intro,InstructionsVideo,1787758215,1,0,0
q2uzwrke,7,7g7d2gpm,4,intro,comprehensionQuestions,1787758215,1,0,0
q2uzwrke,7,7g7d2gpm,5,intro,selfAssessment,1787758218,1,0,0
q2uzwrke,10,brk7umva,3,intro,InstructionsVideo,1787758221,1,0,0
q2uzwrke,12,mrmdneuj,4,intro,comprehensionQuestions,1787758222,1,0,0
q2uzwrke,5,edxyk9dw,4,intro,comprehensionQuestions,1787758224,1,0,0
q2uzwrke,12,mrmdneuj,5,intro,selfAssessment,1787758227,1,0,0
q2uzwrke,5,edxyk9dw,5,intro,selfAssessment,1787758229,1,0,0
q2uzwrke,24,zhzlqg1e,4,intro,comprehensionQuestions,1787758230,1,0,0
q2uzwrke,9,ev19ndvk,4,intro,comprehensionQuestions,1787758232,1,0,0
q2uzwrke,19,apzj4yol,3,intro,InstructionsVideo,1787758235,1,0,0
q2uzwrke,24,zhzlqg1e,5,intro,selfAssessment,1787758235,1,0,0
q2uzwrke,9,ev19ndvk,5,intro,selfAssessment,1787758237,1,0,0
q2uzwrke,33,9h22z7kz,4,intro,comprehensionQuestions,1787758243,1,0,0
q2uzwrke,23,7o8xvt2o,4,intro,comprehensionQuestions,1787758245,1,0,0
q2uzwrke,33,9h22z7kz,5,intro,selfAssessment,1787758248,1,0,0
q2uzwrke,23,7o8xvt2o,5,intro,selfAssessment,1787758253,1,0,0
q2uzwrke,6,rwcm4r8f,4,intro,comprehensionQuestions,1787758255,1,0,0
q2uzwrke,3,1y1fmxh4,4,intro,comprehensionQuestions,1787758258,1,0,0
q2uzwrke,6,rwcm4r8f,5,intro,selfAssessment,1787758259,1,0,0
q2uzwrke,29,6geodwqp,4,intro,comprehensionQuestions,1787758260,1,0,0
q2uzwrke,3,1y1fmxh4,5,intro,selfAssessment,1787758263,1,0,0
q2uzwrke,29,6geodwqp,5,intro,selfAssessment,1787758263,1,0,0
q2uzwrke,4,yyhl1m0v,4,intro,comprehensionQuestions,1787758264,1,0,0
q2uzwrke,31,yobjlrr4,4,intro,comprehensionQuestions,1787758266,1,0,0
q2uzwrke,4,yyhl1m0v,5,intro,selfAssessment,1787758267,1,0,0
q2uzwrke,27,wkkj7ya7,3,intro,InstructionsVideo,1787758270,1,0,0
q2uzwrke,31,yobjlrr4,5,intro,selfAssessment,1787758270,1,0,0
q2uzwrke,25,pudy6lk1,4,intro,comprehensionQuestions,1787758273,1,0,0
q2uzwrke,16,g8furig5,4,intro,comprehensionQuestions,1787758274,1,0,0
q2uzwrke,8,mtbht5gb,4,intro,comprehensionQuestions,1787758275,1,0,0
q2uzwrke,25,pudy6lk1,5,intro,selfAssessment,1787758276,1,0,0
q2uzwrke,16,g8furig5,5,intro,selfAssessment,1787758277,1,0,0
q2uzwrke,22,9mbxlv2t,4,intro,comprehensionQuestions,1787758277,1,0,0
q2uzwrke,8,mtbht5gb,5,intro,selfAssessment,1787758279,1,0,0
q2uzwrke,22,9mbxlv2t,5,intro,selfAssessment,1787758283,1,0,0
q2uzwrke,34,qxqa9r8o,4,intro,comprehensionQuestions,1787758286,1,0,0
q2uzwrke,34,qxqa9r8o,5,intro,selfAssessment,1787758288,1,0,0
q2uzwrke,31,yobjlrr4,6,trader_bridge_app,SyncTradingSession,1787758289,1,0,1
q2uzwrke,32,1mrh7feb,6,trader_bridge_app,SyncTradingSession,1787758289,1,0,1
q2uzwrke,33,9h22z7kz,6,trader_bridge_app,SyncTradingSession,1787758289,1,0,1
q2uzwrke,34,qxqa9r8o,6,trader_bridge_app,SyncTradingSession,1787758289,1,0,1
q2uzwrke,31,yobjlrr4,7,trader_bridge_app,ResumeTradingSession,1787758289,1,0,1
q2uzwrke,32,1mrh7feb,7,trader_bridge_app,ResumeTradingSession,1787758289,1,0,1
q2uzwrke,33,9h22z7kz,7,trader_bridge_app,ResumeTradingSession,1787758289,1,0,1
q2uzwrke,34,qxqa9r8o,7,trader_bridge_app,ResumeTradingSession,1787758289,1,0,1
q2uzwrke,30,u1o2yo0d,4,intro,comprehensionQuestions,1787758294,1,0,0
q2uzwrke,30,u1o2yo0d,5,intro,selfAssessment,1787758302,1,0,0
q2uzwrke,15,uqq53dhb,4,intro,comprehensionQuestions,1787758310,1,0,0
q2uzwrke,10,brk7umva,4,intro,comprehensionQuestions,1787758312,1,0,0
q2uzwrke,20,snchrzvy,4,intro,comprehensionQuestions,1787758319,1,0,0
q2uzwrke,2,4p4bxdks,4,intro,comprehensionQuestions,1787758319,1,0,0
q2uzwrke,10,brk7umva,5,intro,selfAssessment,1787758320,1,0,0
q2uzwrke,7,7g7d2gpm,6,trader_bridge_app,SyncTradingSession,1787758320,1,0,1
q2uzwrke,8,mtbht5gb,6,trader_bridge_app,SyncTradingSession,1787758320,1,0,1
q2uzwrke,9,ev19ndvk,6,trader_bridge_app,SyncTradingSession,1787758320,1,0,1
q2uzwrke,10,brk7umva,6,trader_bridge_app,SyncTradingSession,1787758320,1,0,1
q2uzwrke,11,5bn07pj6,6,trader_bridge_app,SyncTradingSession,1787758320,1,0,1
q2uzwrke,12,mrmdneuj,6,trader_bridge_app,SyncTradingSession,1787758320,1,0,1
q2uzwrke,7,7g7d2gpm,7,trader_bridge_app,ResumeTradingSession,1787758320,1,0,1
q2uzwrke,8,mtbht5gb,7,trader_bridge_app,ResumeTradingSession,1787758320,1,0,1
q2uzwrke,9,ev19ndvk,7,trader_bridge_app,ResumeTradingSession,1787758320,1,0,1
q2uzwrke,10,brk7umva,7,trader_bridge_app,ResumeTradingSession,1787758320,1,0,1
q2uzwrke,11,5bn07pj6,7,trader_bridge_app,ResumeTradingSession,1787758320,1,0,1
q2uzwrke,12,mrmdneuj,7,trader_bridge_app,ResumeTradingSession,1787758320,1,0,1
q2uzwrke,15,uqq53dhb,5,intro,selfAssessment,1787758321,1,0,0
q2uzwrke,2,4p4bxdks,5,intro,selfAssessment,1787758322,1,0,0
q2uzwrke,20,snchrzvy,5,intro,selfAssessment,1787758324,1,0,0
q2uzwrke,18,wqftgkbl,4,intro,comprehensionQuestions,1787758324,1,0,0
q2uzwrke,14,cyg00ds2,4,intro,comprehensionQuestions,1787758326,1,0,0
q2uzwrke,18,wqftgkbl,5,intro,selfAssessment,1787758331,1,0,0
q2uzwrke,14,cyg00ds2,5,intro,selfAssessment,1787758335,1,0,0
q2uzwrke,33,9h22z7kz,9,trader_bridge_app,TradePage,1787758350,1,0,0
q2uzwrke,32,1mrh7feb,9,trader_bridge_app,TradePage,1787758350,1,0,0
q2uzwrke,31,yobjlrr4,9,trader_bridge_app,TradePage,1787758350,1,0,0
q2uzwrke,34,qxqa9r8o,9,trader_bridge_app,TradePage,1787758351,1,0,0
q2uzwrke,31,yobjlrr4,10,trader_bridge_app,PauseTradingSession,1787758351,1,0,1
q2uzwrke,32,1mrh7feb,10,trader_bridge_app,PauseTradingSession,1787758351,1,0,1
q2uzwrke,33,9h22z7kz,10,trader_bridge_app,PauseTradingSession,1787758351,1,0,1
q2uzwrke,34,qxqa9r8o,10,trader_bridge_app,PauseTradingSession,1787758351,1,0,1
q2uzwrke,26,grusydd1,4,intro,comprehensionQuestions,1787758354,1,0,0
q2uzwrke,34,qxqa9r8o,12,trader_bridge_app,DayBreak,1787758359,1,0,0
q2uzwrke,33,9h22z7kz,12,trader_bridge_app,DayBreak,1787758362,1,0,0
q2uzwrke,26,grusydd1,5,intro,selfAssessment,1787758363,1,0,0
q2uzwrke,32,1mrh7feb,12,trader_bridge_app,DayBreak,1787758363,1,0,0
q2uzwrke,13,f3mphw9o,4,intro,comprehensionQuestions,1787758366,1,0,0
q2uzwrke,27,wkkj7ya7,4,intro,comprehensionQuestions,1787758369,1,0,0
q2uzwrke,31,yobjlrr4,12,trader_bridge_app,DayBreak,1787758369,1,0,0
q2uzwrke,31,yobjlrr4,16,trader_bridge_app,ResumeTradingSession,1787758369,2,0,1
q2uzwrke,32,1mrh7feb,16,trader_bridge_app,ResumeTradingSession,1787758369,2,0,1
q2uzwrke,33,9h22z7kz,16,trader_bridge_app,ResumeTradingSession,1787758369,2,0,1
q2uzwrke,34,qxqa9r8o,16,trader_bridge_app,ResumeTradingSession,1787758369,2,0,1
q2uzwrke,13,f3mphw9o,5,intro,selfAssessment,1787758371,1,0,0
q2uzwrke,17,9rjegrhf,6,trader_bridge_app,SyncTradingSession,1787758371,1,0,1
q2uzwrke,18,wqftgkbl,6,trader_bridge_app,SyncTradingSession,1787758371,1,0,1
q2uzwrke,13,f3mphw9o,6,trader_bridge_app,SyncTradingSession,1787758371,1,0,1
q2uzwrke,14,cyg00ds2,6,trader_bridge_app,SyncTradingSession,1787758371,1,0,1
q2uzwrke,15,uqq53dhb,6,trader_bridge_app,SyncTradingSession,1787758371,1,0,1
q2uzwrke,16,g8furig5,6,trader_bridge_app,SyncTradingSession,1787758371,1,0,1
q2uzwrke,17,9rjegrhf,7,trader_bridge_app,ResumeTradingSession,1787758371,1,0,1
q2uzwrke,18,wqftgkbl,7,trader_bridge_app,ResumeTradingSession,1787758371,1,0,1
q2uzwrke,13,f3mphw9o,7,trader_bridge_app,ResumeTradingSession,1787758371,1,0,1
q2uzwrke,14,cyg00ds2,7,trader_bridge_app,ResumeTradingSession,1787758371,1,0,1
q2uzwrke,15,uqq53dhb,7,trader_bridge_app,ResumeTradingSession,1787758371,1,0,1
q2uzwrke,16,g8furig5,7,trader_bridge_app,ResumeTradingSession,1787758371,1,0,1
q2uzwrke,27,wkkj7ya7,5,intro,selfAssessment,1787758372,1,0,0
q2uzwrke,30,u1o2yo0d,6,trader_bridge_app,SyncTradingSession,1787758372,1,0,1
q2uzwrke,25,pudy6lk1,6,trader_bridge_app,SyncTradingSession,1787758372,1,0,1
q2uzwrke,26,grusydd1,6,trader_bridge_app,SyncTradingSession,1787758372,1,0,1
q2uzwrke,27,wkkj7ya7,6,trader_bridge_app,SyncTradingSession,1787758372,1,0,1
q2uzwrke,28,e1gm0pyc,6,trader_bridge_app,SyncTradingSession,1787758372,1,0,1
q2uzwrke,29,6geodwqp,6,trader_bridge_app,SyncTradingSession,1787758372,1,0,1
q2uzwrke,30,u1o2yo0d,7,trader_bridge_app,ResumeTradingSession,1787758373,1,0,1
q2uzwrke,25,pudy6lk1,7,trader_bridge_app,ResumeTradingSession,1787758373,1,0,1
q2uzwrke,26,grusydd1,7,trader_bridge_app,ResumeTradingSession,1787758373,1,0,1
q2uzwrke,27,wkkj7ya7,7,trader_bridge_app,ResumeTradingSession,1787758373,1,0,1
q2uzwrke,28,e1gm0pyc,7,trader_bridge_app,ResumeTradingSession,1787758373,1,0,1
q2uzwrke,29,6geodwqp,7,trader_bridge_app,ResumeTradingSession,1787758373,1,0,1
q2uzwrke,11,5bn07pj6,9,trader_bridge_app,TradePage,1787758381,1,0,0
q2uzwrke,9,ev19ndvk,9,trader_bridge_app,TradePage,1787758382,1,0,0
q2uzwrke,7,7g7d2gpm,9,trader_bridge_app,TradePage,1787758382,1,0,0
q2uzwrke,8,mtbht5gb,9,trader_bridge_app,TradePage,1787758382,1,0,0
q2uzwrke,12,mrmdneuj,9,trader_bridge_app,TradePage,1787758382,1,0,0
q2uzwrke,10,brk7umva,9,trader_bridge_app,TradePage,1787758382,1,0,0
q2uzwrke,12,mrmdneuj,10,trader_bridge_app,PauseTradingSession,1787758382,1,0,1
q2uzwrke,7,7g7d2gpm,10,trader_bridge_app,PauseTradingSession,1787758382,1,0,1
q2uzwrke,8,mtbht5gb,10,trader_bridge_app,PauseTradingSession,1787758382,1,0,1
q2uzwrke,9,ev19ndvk,10,trader_bridge_app,PauseTradingSession,1787758382,1,0,1
q2uzwrke,10,brk7umva,10,trader_bridge_app,PauseTradingSession,1787758382,1,0,1
q2uzwrke,11,5bn07pj6,10,trader_bridge_app,PauseTradingSession,1787758382,1,0,1
q2uzwrke,1,92eypnyh,4,intro,comprehensionQuestions,1787758391,1,0,0
q2uzwrke,19,apzj4yol,4,intro,comprehensionQuestions,1787758392,1,0,0
q2uzwrke,1,92eypnyh,5,intro,selfAssessment,1787758395,1,0,0
q2uzwrke,1,92eypnyh,6,trader_bridge_app,SyncTradingSession,1787758395,1,0,1
q2uzwrke,2,4p4bxdks,6,trader_bridge_app,SyncTradingSession,1787758395,1,0,1
q2uzwrke,3,1y1fmxh4,6,trader_bridge_app,SyncTradingSession,1787758395,1,0,1
q2uzwrke,4,yyhl1m0v,6,trader_bridge_app,SyncTradingSession,1787758395,1,0,1
q2uzwrke,5,edxyk9dw,6,trader_bridge_app,SyncTradingSession,1787758395,1,0,1
q2uzwrke,6,rwcm4r8f,6,trader_bridge_app,SyncTradingSession,1787758395,1,0,1
q2uzwrke,19,apzj4yol,5,intro,selfAssessment,1787758395,1,0,0
q2uzwrke,24,zhzlqg1e,6,trader_bridge_app,SyncTradingSession,1787758395,1,0,1
q2uzwrke,19,apzj4yol,6,trader_bridge_app,SyncTradingSession,1787758395,1,0,1
q2uzwrke,20,snchrzvy,6,trader_bridge_app,SyncTradingSession,1787758395,1,0,1
q2uzwrke,21,f91zrrno,6,trader_bridge_app,SyncTradingSession,1787758395,1,0,1
q2uzwrke,22,9mbxlv2t,6,trader_bridge_app,SyncTradingSession,1787758395,1,0,1
q2uzwrke,23,7o8xvt2o,6,trader_bridge_app,SyncTradingSession,1787758395,1,0,1
q2uzwrke,1,92eypnyh,7,trader_bridge_app,ResumeTradingSession,1787758396,1,0,1
q2uzwrke,2,4p4bxdks,7,trader_bridge_app,ResumeTradingSession,1787758396,1,0,1
q2uzwrke,3,1y1fmxh4,7,trader_bridge_app,ResumeTradingSession,1787758396,1,0,1
q2uzwrke,4,yyhl1m0v,7,trader_bridge_app,ResumeTradingSession,1787758396,1,0,1
q2uzwrke,5,edxyk9dw,7,trader_bridge_app,ResumeTradingSession,1787758396,1,0,1
q2uzwrke,6,rwcm4r8f,7,trader_bridge_app,ResumeTradingSession,1787758396,1,0,1
q2uzwrke,24,zhzlqg1e,7,trader_bridge_app,ResumeTradingSession,1787758396,1,0,1
q2uzwrke,19,apzj4yol,7,trader_bridge_app,ResumeTradingSession,1787758396,1,0,1
q2uzwrke,20,snchrzvy,7,trader_bridge_app,ResumeTradingSession,1787758396,1,0,1
q2uzwrke,21,f91zrrno,7,trader_bridge_app,ResumeTradingSession,1787758396,1,0,1
q2uzwrke,22,9mbxlv2t,7,trader_bridge_app,ResumeTradingSession,1787758396,1,0,1
q2uzwrke,23,7o8xvt2o,7,trader_bridge_app,ResumeTradingSession,1787758396,1,0,1
q2uzwrke,10,brk7umva,12,trader_bridge_app,DayBreak,1787758398,1,0,0
q2uzwrke,12,mrmdneuj,12,trader_bridge_app,DayBreak,1787758400,1,0,0
q2uzwrke,7,7g7d2gpm,12,trader_bridge_app,DayBreak,1787758403,1,1,0
q2uzwrke,8,mtbht5gb,12,trader_bridge_app,DayBreak,1787758403,1,1,0
q2uzwrke,9,ev19ndvk,12,trader_bridge_app,DayBreak,1787758403,1,1,0
q2uzwrke,11,5bn07pj6,12,trader_bridge_app,DayBreak,1787758403,1,1,0
q2uzwrke,7,7g7d2gpm,16,trader_bridge_app,ResumeTradingSession,1787758403,2,0,1
q2uzwrke,8,mtbht5gb,16,trader_bridge_app,ResumeTradingSession,1787758403,2,0,1
q2uzwrke,9,ev19ndvk,16,trader_bridge_app,ResumeTradingSession,1787758403,2,0,1
q2uzwrke,10,brk7umva,16,trader_bridge_app,ResumeTradingSession,1787758403,2,0,1
q2uzwrke,11,5bn07pj6,16,trader_bridge_app,ResumeTradingSession,1787758403,2,0,1
q2uzwrke,12,mrmdneuj,16,trader_bridge_app,ResumeTradingSession,1787758403,2,0,1
q2uzwrke,33,9h22z7kz,18,trader_bridge_app,TradePage,1787758430,2,0,0
q2uzwrke,31,yobjlrr4,18,trader_bridge_app,TradePage,1787758430,2,0,0
q2uzwrke,32,1mrh7feb,18,trader_bridge_app,TradePage,1787758430,2,0,0
q2uzwrke,34,qxqa9r8o,18,trader_bridge_app,TradePage,1787758430,2,0,0
q2uzwrke,31,yobjlrr4,19,trader_bridge_app,PauseTradingSession,1787758430,2,0,1
q2uzwrke,32,1mrh7feb,19,trader_bridge_app,PauseTradingSession,1787758430,2,0,1
q2uzwrke,33,9h22z7kz,19,trader_bridge_app,PauseTradingSession,1787758430,2,0,1
q2uzwrke,34,qxqa9r8o,19,trader_bridge_app,PauseTradingSession,1787758430,2,0,1
q2uzwrke,16,g8furig5,9,trader_bridge_app,TradePage,1787758432,1,0,0
q2uzwrke,15,uqq53dhb,9,trader_bridge_app,TradePage,1787758433,1,0,0
q2uzwrke,17,9rjegrhf,9,trader_bridge_app,TradePage,1787758433,1,0,0
q2uzwrke,13,f3mphw9o,9,trader_bridge_app,TradePage,1787758433,1,0,0
q2uzwrke,18,wqftgkbl,9,trader_bridge_app,TradePage,1787758433,1,0,0
q2uzwrke,14,cyg00ds2,9,trader_bridge_app,TradePage,1787758433,1,0,0
q2uzwrke,17,9rjegrhf,10,trader_bridge_app,PauseTradingSession,1787758433,1,0,1
q2uzwrke,18,wqftgkbl,10,trader_bridge_app,PauseTradingSession,1787758433,1,0,1
q2uzwrke,13,f3mphw9o,10,trader_bridge_app,PauseTradingSession,1787758433,1,0,1
q2uzwrke,14,cyg00ds2,10,trader_bridge_app,PauseTradingSession,1787758433,1,0,1
q2uzwrke,15,uqq53dhb,10,trader_bridge_app,PauseTradingSession,1787758433,1,0,1
q2uzwrke,16,g8furig5,10,trader_bridge_app,PauseTradingSession,1787758433,1,0,1
q2uzwrke,31,yobjlrr4,21,trader_bridge_app,DayBreak,1787758434,2,0,0
q2uzwrke,32,1mrh7feb,21,trader_bridge_app,DayBreak,1787758435,2,0,0
q2uzwrke,28,e1gm0pyc,9,trader_bridge_app,TradePage,1787758435,1,0,0
q2uzwrke,25,pudy6lk1,9,trader_bridge_app,TradePage,1787758435,1,0,0
q2uzwrke,29,6geodwqp,9,trader_bridge_app,TradePage,1787758435,1,0,0
q2uzwrke,30,u1o2yo0d,9,trader_bridge_app,TradePage,1787758435,1,0,0
q2uzwrke,27,wkkj7ya7,9,trader_bridge_app,TradePage,1787758435,1,0,0
q2uzwrke,26,grusydd1,9,trader_bridge_app,TradePage,1787758435,1,0,0
q2uzwrke,30,u1o2yo0d,10,trader_bridge_app,PauseTradingSession,1787758435,1,0,1
q2uzwrke,25,pudy6lk1,10,trader_bridge_app,PauseTradingSession,1787758435,1,0,1
q2uzwrke,26,grusydd1,10,trader_bridge_app,PauseTradingSession,1787758435,1,0,1
q2uzwrke,27,wkkj7ya7,10,trader_bridge_app,PauseTradingSession,1787758435,1,0,1
q2uzwrke,28,e1gm0pyc,10,trader_bridge_app,PauseTradingSession,1787758435,1,0,1
q2uzwrke,29,6geodwqp,10,trader_bridge_app,PauseTradingSession,1787758435,1,0,1
q2uzwrke,34,qxqa9r8o,21,trader_bridge_app,DayBreak,1787758435,2,0,0
q2uzwrke,27,wkkj7ya7,12,trader_bridge_app,DayBreak,1787758441,1,0,0
q2uzwrke,33,9h22z7kz,21,trader_bridge_app,DayBreak,1787758441,2,0,0
q2uzwrke,31,yobjlrr4,25,trader_bridge_app,ResumeTradingSession,1787758441,3,0,1
q2uzwrke,32,1mrh7feb,25,trader_bridge_app,ResumeTradingSession,1787758441,3,0,1
q2uzwrke,33,9h22z7kz,25,trader_bridge_app,ResumeTradingSession,1787758441,3,0,1
q2uzwrke,34,qxqa9r8o,25,trader_bridge_app,ResumeTradingSession,1787758441,3,0,1
q2uzwrke,13,f3mphw9o,12,trader_bridge_app,DayBreak,1787758441,1,0,0
q2uzwrke,18,wqftgkbl,12,trader_bridge_app,DayBreak,1787758442,1,0,0
q2uzwrke,26,grusydd1,12,trader_bridge_app,DayBreak,1787758443,1,0,0
q2uzwrke,29,6geodwqp,12,trader_bridge_app,DayBreak,1787758444,1,0,0
q2uzwrke,16,g8furig5,12,trader_bridge_app,DayBreak,1787758444,1,0,0
q2uzwrke,15,uqq53dhb,12,trader_bridge_app,DayBreak,1787758444,1,0,0
q2uzwrke,25,pudy6lk1,12,trader_bridge_app,DayBreak,1787758446,1,0,0
q2uzwrke,28,e1gm0pyc,12,trader_bridge_app,DayBreak,1787758446,1,0,0
q2uzwrke,17,9rjegrhf,12,trader_bridge_app,DayBreak,1787758447,1,0,0
q2uzwrke,30,u1o2yo0d,12,trader_bridge_app,DayBreak,1787758452,1,0,0
q2uzwrke,30,u1o2yo0d,16,trader_bridge_app,ResumeTradingSession,1787758452,2,0,1
q2uzwrke,25,pudy6lk1,16,trader_bridge_app,ResumeTradingSession,1787758452,2,0,1
q2uzwrke,26,grusydd1,16,trader_bridge_app,ResumeTradingSession,1787758452,2,0,1
q2uzwrke,27,wkkj7ya7,16,trader_bridge_app,ResumeTradingSession,1787758452,2,0,1
q2uzwrke,28,e1gm0pyc,16,trader_bridge_app,ResumeTradingSession,1787758452,2,0,1
q2uzwrke,29,6geodwqp,16,trader_bridge_app,ResumeTradingSession,1787758452,2,0,1
q2uzwrke,14,cyg00ds2,12,trader_bridge_app,DayBreak,1787758454,1,1,0
q2uzwrke,13,f3mphw9o,16,trader_bridge_app,ResumeTradingSession,1787758454,2,0,1
q2uzwrke,14,cyg00ds2,16,trader_bridge_app,ResumeTradingSession,1787758454,2,0,1
q2uzwrke,15,uqq53dhb,16,trader_bridge_app,ResumeTradingSession,1787758454,2,0,1
q2uzwrke,16,g8furig5,16,trader_bridge_app,ResumeTradingSession,1787758454,2,0,1
q2uzwrke,17,9rjegrhf,16,trader_bridge_app,ResumeTradingSession,1787758454,2,0,1
q2uzwrke,18,wqftgkbl,16,trader_bridge_app,ResumeTradingSession,1787758454,2,0,1
q2uzwrke,6,rwcm4r8f,9,trader_bridge_app,TradePage,1787758457,1,0,0
q2uzwrke,5,edxyk9dw,9,trader_bridge_app,TradePage,1787758457,1,0,0
q2uzwrke,2,4p4bxdks,9,trader_bridge_app,TradePage,1787758457,1,0,0
q2uzwrke,4,yyhl1m0v,9,trader_bridge_app,TradePage,1787758457,1,0,0
q2uzwrke,3,1y1fmxh4,9,trader_bridge_app,TradePage,1787758457,1,0,0
q2uzwrke,1,92eypnyh,9,trader_bridge_app,TradePage,1787758457,1,0,0
q2uzwrke,1,92eypnyh,10,trader_bridge_app,PauseTradingSession,1787758457,1,0,1
q2uzwrke,2,4p4bxdks,10,trader_bridge_app,PauseTradingSession,1787758457,1,0,1
q2uzwrke,3,1y1fmxh4,10,trader_bridge_app,PauseTradingSession,1787758457,1,0,1
q2uzwrke,4,yyhl1m0v,10,trader_bridge_app,PauseTradingSession,1787758457,1,0,1
q2uzwrke,5,edxyk9dw,10,trader_bridge_app,PauseTradingSession,1787758457,1,0,1
q2uzwrke,6,rwcm4r8f,10,trader_bridge_app,PauseTradingSession,1787758457,1,0,1
q2uzwrke,24,zhzlqg1e,9,trader_bridge_app,TradePage,1787758457,1,0,0
q2uzwrke,22,9mbxlv2t,9,trader_bridge_app,TradePage,1787758458,1,0,0
q2uzwrke,20,snchrzvy,9,trader_bridge_app,TradePage,1787758458,1,0,0
q2uzwrke,21,f91zrrno,9,trader_bridge_app,TradePage,1787758458,1,0,0
q2uzwrke,23,7o8xvt2o,9,trader_bridge_app,TradePage,1787758458,1,0,0
q2uzwrke,19,apzj4yol,9,trader_bridge_app,TradePage,1787758458,1,0,0
q2uzwrke,23,7o8xvt2o,10,trader_bridge_app,PauseTradingSession,1787758458,1,0,1
q2uzwrke,24,zhzlqg1e,10,trader_bridge_app,PauseTradingSession,1787758458,1,0,1
q2uzwrke,19,apzj4yol,10,trader_bridge_app,PauseTradingSession,1787758458,1,0,1
q2uzwrke,20,snchrzvy,10,trader_bridge_app,PauseTradingSession,1787758458,1,0,1
q2uzwrke,21,f91zrrno,10,trader_bridge_app,PauseTradingSession,1787758458,1,0,1
q2uzwrke,22,9mbxlv2t,10,trader_bridge_app,PauseTradingSession,1787758458,1,0,1
q2uzwrke,7,7g7d2gpm,18,trader_bridge_app,TradePage,1787758464,2,0,0
q2uzwrke,8,mtbht5gb,18,trader_bridge_app,TradePage,1787758464,2,0,0
q2uzwrke,11,5bn07pj6,18,trader_bridge_app,TradePage,1787758464,2,0,0
q2uzwrke,9,ev19ndvk,18,trader_bridge_app,TradePage,1787758464,2,0,0
q2uzwrke,23,7o8xvt2o,12,trader_bridge_app,DayBreak,1787758464,1,0,0
q2uzwrke,10,brk7umva,18,trader_bridge_app,TradePage,1787758464,2,0,0
q2uzwrke,12,mrmdneuj,18,trader_bridge_app,TradePage,1787758464,2,0,0
q2uzwrke,7,7g7d2gpm,19,trader_bridge_app,PauseTradingSession,1787758464,2,0,1
q2uzwrke,8,mtbht5gb,19,trader_bridge_app,PauseTradingSession,1787758464,2,0,1
q2uzwrke,9,ev19ndvk,19,trader_bridge_app,PauseTradingSession,1787758464,2,0,1
q2uzwrke,10,brk7umva,19,trader_bridge_app,PauseTradingSession,1787758464,2,0,1
q2uzwrke,11,5bn07pj6,19,trader_bridge_app,PauseTradingSession,1787758464,2,0,1
q2uzwrke,12,mrmdneuj,19,trader_bridge_app,PauseTradingSession,1787758464,2,0,1
q2uzwrke,22,9mbxlv2t,12,trader_bridge_app,DayBreak,1787758465,1,0,0
q2uzwrke,1,92eypnyh,12,trader_bridge_app,DayBreak,1787758466,1,0,0
q2uzwrke,19,apzj4yol,12,trader_bridge_app,DayBreak,1787758467,1,0,0
q2uzwrke,21,f91zrrno,12,trader_bridge_app,DayBreak,1787758467,1,0,0
q2uzwrke,3,1y1fmxh4,12,trader_bridge_app,DayBreak,1787758469,1,0,0
q2uzwrke,24,zhzlqg1e,12,trader_bridge_app,DayBreak,1787758469,1,0,0
q2uzwrke,12,mrmdneuj,21,trader_bridge_app,DayBreak,1787758470,2,0,0
q2uzwrke,9,ev19ndvk,21,trader_bridge_app,DayBreak,1787758472,2,0,0
q2uzwrke,2,4p4bxdks,12,trader_bridge_app,DayBreak,1787758475,1,0,0
q2uzwrke,11,5bn07pj6,21,trader_bridge_app,DayBreak,1787758476,2,0,0
q2uzwrke,6,rwcm4r8f,12,trader_bridge_app,DayBreak,1787758477,1,0,0
q2uzwrke,5,edxyk9dw,12,trader_bridge_app,DayBreak,1787758478,1,0,0
q2uzwrke,4,yyhl1m0v,12,trader_bridge_app,DayBreak,1787758478,1,1,0
q2uzwrke,6,rwcm4r8f,16,trader_bridge_app,ResumeTradingSession,1787758478,2,0,1
q2uzwrke,1,92eypnyh,16,trader_bridge_app,ResumeTradingSession,1787758478,2,0,1
q2uzwrke,2,4p4bxdks,16,trader_bridge_app,ResumeTradingSession,1787758478,2,0,1
q2uzwrke,3,1y1fmxh4,16,trader_bridge_app,ResumeTradingSession,1787758478,2,0,1
q2uzwrke,4,yyhl1m0v,16,trader_bridge_app,ResumeTradingSession,1787758478,2,0,1
q2uzwrke,5,edxyk9dw,16,trader_bridge_app,ResumeTradingSession,1787758478,2,0,1
q2uzwrke,20,snchrzvy,12,trader_bridge_app,DayBreak,1787758479,1,1,0
q2uzwrke,19,apzj4yol,16,trader_bridge_app,ResumeTradingSession,1787758479,2,0,1
q2uzwrke,20,snchrzvy,16,trader_bridge_app,ResumeTradingSession,1787758479,2,0,1
q2uzwrke,21,f91zrrno,16,trader_bridge_app,ResumeTradingSession,1787758479,2,0,1
q2uzwrke,22,9mbxlv2t,16,trader_bridge_app,ResumeTradingSession,1787758479,2,0,1
q2uzwrke,23,7o8xvt2o,16,trader_bridge_app,ResumeTradingSession,1787758479,2,0,1
q2uzwrke,24,zhzlqg1e,16,trader_bridge_app,ResumeTradingSession,1787758479,2,0,1
q2uzwrke,10,brk7umva,21,trader_bridge_app,DayBreak,1787758485,2,1,0
q2uzwrke,7,7g7d2gpm,21,trader_bridge_app,DayBreak,1787758485,2,1,0
q2uzwrke,8,mtbht5gb,21,trader_bridge_app,DayBreak,1787758485,2,1,0
q2uzwrke,7,7g7d2gpm,25,trader_bridge_app,ResumeTradingSession,1787758485,3,0,1
q2uzwrke,8,mtbht5gb,25,trader_bridge_app,ResumeTradingSession,1787758485,3,0,1
q2uzwrke,9,ev19ndvk,25,trader_bridge_app,ResumeTradingSession,1787758485,3,0,1
q2uzwrke,10,brk7umva,25,trader_bridge_app,ResumeTradingSession,1787758485,3,0,1
q2uzwrke,11,5bn07pj6,25,trader_bridge_app,ResumeTradingSession,1787758485,3,0,1
q2uzwrke,12,mrmdneuj,25,trader_bridge_app,ResumeTradingSession,1787758485,3,0,1
q2uzwrke,33,9h22z7kz,27,trader_bridge_app,TradePage,1787758502,3,0,0
q2uzwrke,31,yobjlrr4,27,trader_bridge_app,TradePage,1787758502,3,0,0
q2uzwrke,32,1mrh7feb,27,trader_bridge_app,TradePage,1787758502,3,0,0
q2uzwrke,34,qxqa9r8o,27,trader_bridge_app,TradePage,1787758502,3,0,0
q2uzwrke,31,yobjlrr4,29,trader_bridge_app,FinalizeTradingSession,1787758503,3,0,1
q2uzwrke,32,1mrh7feb,29,trader_bridge_app,FinalizeTradingSession,1787758503,3,0,1
q2uzwrke,33,9h22z7kz,29,trader_bridge_app,FinalizeTradingSession,1787758503,3,0,1
q2uzwrke,34,qxqa9r8o,29,trader_bridge_app,FinalizeTradingSession,1787758503,3,0,1
q2uzwrke,34,qxqa9r8o,30,trader_bridge_app,DayBreak,1787758508,3,0,0
q2uzwrke,34,qxqa9r8o,32,trader_bridge_app,MarketTransition,1787758511,3,0,0
q2uzwrke,32,1mrh7feb,30,trader_bridge_app,DayBreak,1787758512,3,0,0
q2uzwrke,30,u1o2yo0d,18,trader_bridge_app,TradePage,1787758513,2,0,0
q2uzwrke,28,e1gm0pyc,18,trader_bridge_app,TradePage,1787758513,2,0,0
q2uzwrke,29,6geodwqp,18,trader_bridge_app,TradePage,1787758513,2,0,0
q2uzwrke,27,wkkj7ya7,18,trader_bridge_app,TradePage,1787758513,2,0,0
q2uzwrke,26,grusydd1,18,trader_bridge_app,TradePage,1787758513,2,0,0
q2uzwrke,25,pudy6lk1,18,trader_bridge_app,TradePage,1787758513,2,0,0
q2uzwrke,30,u1o2yo0d,19,trader_bridge_app,PauseTradingSession,1787758513,2,0,1
q2uzwrke,25,pudy6lk1,19,trader_bridge_app,PauseTradingSession,1787758513,2,0,1
q2uzwrke,26,grusydd1,19,trader_bridge_app,PauseTradingSession,1787758513,2,0,1
q2uzwrke,27,wkkj7ya7,19,trader_bridge_app,PauseTradingSession,1787758513,2,0,1
q2uzwrke,28,e1gm0pyc,19,trader_bridge_app,PauseTradingSession,1787758513,2,0,1
q2uzwrke,29,6geodwqp,19,trader_bridge_app,PauseTradingSession,1787758513,2,0,1
q2uzwrke,33,9h22z7kz,30,trader_bridge_app,DayBreak,1787758513,3,0,0
q2uzwrke,14,cyg00ds2,18,trader_bridge_app,TradePage,1787758515,2,0,0
q2uzwrke,13,f3mphw9o,18,trader_bridge_app,TradePage,1787758515,2,0,0
q2uzwrke,15,uqq53dhb,18,trader_bridge_app,TradePage,1787758515,2,0,0
q2uzwrke,16,g8furig5,18,trader_bridge_app,TradePage,1787758515,2,0,0
q2uzwrke,17,9rjegrhf,18,trader_bridge_app,TradePage,1787758515,2,0,0
q2uzwrke,18,wqftgkbl,18,trader_bridge_app,TradePage,1787758515,2,0,0
q2uzwrke,13,f3mphw9o,19,trader_bridge_app,PauseTradingSession,1787758515,2,0,1
q2uzwrke,14,cyg00ds2,19,trader_bridge_app,PauseTradingSession,1787758515,2,0,1
q2uzwrke,15,uqq53dhb,19,trader_bridge_app,PauseTradingSession,1787758515,2,0,1
q2uzwrke,16,g8furig5,19,trader_bridge_app,PauseTradingSession,1787758515,2,0,1
q2uzwrke,17,9rjegrhf,19,trader_bridge_app,PauseTradingSession,1787758515,2,0,1
q2uzwrke,18,wqftgkbl,19,trader_bridge_app,PauseTradingSession,1787758515,2,0,1
q2uzwrke,27,wkkj7ya7,21,trader_bridge_app,DayBreak,1787758518,2,0,0
q2uzwrke,28,e1gm0pyc,21,trader_bridge_app,DayBreak,1787758520,2,0,0
q2uzwrke,25,pudy6lk1,21,trader_bridge_app,DayBreak,1787758520,2,0,0
q2uzwrke,32,1mrh7feb,32,trader_bridge_app,MarketTransition,1787758521,3,0,0
q2uzwrke,33,9h22z7kz,32,trader_bridge_app,MarketTransition,1787758521,3,0,0
q2uzwrke,29,6geodwqp,21,trader_bridge_app,DayBreak,1787758521,2,0,0
q2uzwrke,31,yobjlrr4,30,trader_bridge_app,DayBreak,1787758523,3,1,0
q2uzwrke,14,cyg00ds2,21,trader_bridge_app,DayBreak,1787758524,2,0,0
q2uzwrke,15,uqq53dhb,21,trader_bridge_app,DayBreak,1787758524,2,0,0
q2uzwrke,13,f3mphw9o,21,trader_bridge_app,DayBreak,1787758525,2,0,0
q2uzwrke,30,u1o2yo0d,21,trader_bridge_app,DayBreak,1787758525,2,0,0
q2uzwrke,17,9rjegrhf,21,trader_bridge_app,DayBreak,1787758526,2,0,0
q2uzwrke,26,grusydd1,21,trader_bridge_app,DayBreak,1787758529,2,0,0
q2uzwrke,16,g8furig5,21,trader_bridge_app,DayBreak,1787758529,2,0,0
q2uzwrke,29,6geodwqp,25,trader_bridge_app,ResumeTradingSession,1787758529,3,0,1
q2uzwrke,30,u1o2yo0d,25,trader_bridge_app,ResumeTradingSession,1787758529,3,0,1
q2uzwrke,25,pudy6lk1,25,trader_bridge_app,ResumeTradingSession,1787758529,3,0,1
q2uzwrke,26,grusydd1,25,trader_bridge_app,ResumeTradingSession,1787758529,3,0,1
q2uzwrke,27,wkkj7ya7,25,trader_bridge_app,ResumeTradingSession,1787758529,3,0,1
q2uzwrke,28,e1gm0pyc,25,trader_bridge_app,ResumeTradingSession,1787758529,3,0,1
q2uzwrke,18,wqftgkbl,21,trader_bridge_app,DayBreak,1787758531,2,0,0
q2uzwrke,18,wqftgkbl,25,trader_bridge_app,ResumeTradingSession,1787758531,3,0,1
q2uzwrke,13,f3mphw9o,25,trader_bridge_app,ResumeTradingSession,1787758531,3,0,1
q2uzwrke,14,cyg00ds2,25,trader_bridge_app,ResumeTradingSession,1787758531,3,0,1
q2uzwrke,15,uqq53dhb,25,trader_bridge_app,ResumeTradingSession,1787758531,3,0,1
q2uzwrke,16,g8furig5,25,trader_bridge_app,ResumeTradingSession,1787758531,3,0,1
q2uzwrke,17,9rjegrhf,25,trader_bridge_app,ResumeTradingSession,1787758531,3,0,1
q2uzwrke,31,yobjlrr4,32,trader_bridge_app,MarketTransition,1787758537,3,0,0
q2uzwrke,31,yobjlrr4,33,trader_bridge_app,SyncTradingSession,1787758537,4,0,1
q2uzwrke,32,1mrh7feb,33,trader_bridge_app,SyncTradingSession,1787758537,4,0,1
q2uzwrke,33,9h22z7kz,33,trader_bridge_app,SyncTradingSession,1787758537,4,0,1
q2uzwrke,34,qxqa9r8o,33,trader_bridge_app,SyncTradingSession,1787758537,4,0,1
q2uzwrke,31,yobjlrr4,34,trader_bridge_app,ResumeTradingSession,1787758538,4,0,1
q2uzwrke,32,1mrh7feb,34,trader_bridge_app,ResumeTradingSession,1787758538,4,0,1
q2uzwrke,33,9h22z7kz,34,trader_bridge_app,ResumeTradingSession,1787758538,4,0,1
q2uzwrke,34,qxqa9r8o,34,trader_bridge_app,ResumeTradingSession,1787758538,4,0,1
q2uzwrke,4,yyhl1m0v,18,trader_bridge_app,TradePage,1787758539,2,0,0
q2uzwrke,1,92eypnyh,18,trader_bridge_app,TradePage,1787758539,2,0,0
q2uzwrke,5,edxyk9dw,18,trader_bridge_app,TradePage,1787758539,2,0,0
q2uzwrke,2,4p4bxdks,18,trader_bridge_app,TradePage,1787758539,2,0,0
q2uzwrke,6,rwcm4r8f,18,trader_bridge_app,TradePage,1787758539,2,0,0
q2uzwrke,3,1y1fmxh4,18,trader_bridge_app,TradePage,1787758540,2,0,0
q2uzwrke,4,yyhl1m0v,19,trader_bridge_app,PauseTradingSession,1787758540,2,0,1
q2uzwrke,5,edxyk9dw,19,trader_bridge_app,PauseTradingSession,1787758540,2,0,1
q2uzwrke,6,rwcm4r8f,19,trader_bridge_app,PauseTradingSession,1787758540,2,0,1
q2uzwrke,1,92eypnyh,19,trader_bridge_app,PauseTradingSession,1787758540,2,0,1
q2uzwrke,2,4p4bxdks,19,trader_bridge_app,PauseTradingSession,1787758540,2,0,1
q2uzwrke,3,1y1fmxh4,19,trader_bridge_app,PauseTradingSession,1787758540,2,0,1
q2uzwrke,20,snchrzvy,18,trader_bridge_app,TradePage,1787758540,2,0,0
q2uzwrke,22,9mbxlv2t,18,trader_bridge_app,TradePage,1787758540,2,0,0
q2uzwrke,23,7o8xvt2o,18,trader_bridge_app,TradePage,1787758540,2,0,0
q2uzwrke,24,zhzlqg1e,18,trader_bridge_app,TradePage,1787758541,2,0,0
q2uzwrke,21,f91zrrno,18,trader_bridge_app,TradePage,1787758541,2,0,0
q2uzwrke,19,apzj4yol,18,trader_bridge_app,TradePage,1787758541,2,0,0
q2uzwrke,22,9mbxlv2t,19,trader_bridge_app,PauseTradingSession,1787758541,2,0,1
q2uzwrke,19,apzj4yol,19,trader_bridge_app,PauseTradingSession,1787758541,2,0,1
q2uzwrke,20,snchrzvy,19,trader_bridge_app,PauseTradingSession,1787758541,2,0,1
q2uzwrke,21,f91zrrno,19,trader_bridge_app,PauseTradingSession,1787758541,2,0,1
q2uzwrke,23,7o8xvt2o,19,trader_bridge_app,PauseTradingSession,1787758541,2,0,1
q2uzwrke,24,zhzlqg1e,19,trader_bridge_app,PauseTradingSession,1787758541,2,0,1
q2uzwrke,5,edxyk9dw,21,trader_bridge_app,DayBreak,1787758544,2,0,0
q2uzwrke,3,1y1fmxh4,21,trader_bridge_app,DayBreak,1787758544,2,0,0
q2uzwrke,7,7g7d2gpm,27,trader_bridge_app,TradePage,1787758546,3,0,0
q2uzwrke,8,mtbht5gb,27,trader_bridge_app,TradePage,1787758546,3,0,0
q2uzwrke,11,5bn07pj6,27,trader_bridge_app,TradePage,1787758546,3,0,0
q2uzwrke,12,mrmdneuj,27,trader_bridge_app,TradePage,1787758546,3,0,0
q2uzwrke,9,ev19ndvk,27,trader_bridge_app,TradePage,1787758546,3,0,0
q2uzwrke,10,brk7umva,27,trader_bridge_app,TradePage,1787758546,3,0,0
q2uzwrke,7,7g7d2gpm,29,trader_bridge_app,FinalizeTradingSession,1787758546,3,0,1
q2uzwrke,8,mtbht5gb,29,trader_bridge_app,FinalizeTradingSession,1787758546,3,0,1
q2uzwrke,9,ev19ndvk,29,trader_bridge_app,FinalizeTradingSession,1787758546,3,0,1
q2uzwrke,10,brk7umva,29,trader_bridge_app,FinalizeTradingSession,1787758546,3,0,1
q2uzwrke,11,5bn07pj6,29,trader_bridge_app,FinalizeTradingSession,1787758546,3,0,1
q2uzwrke,12,mrmdneuj,29,trader_bridge_app,FinalizeTradingSession,1787758546,3,0,1
q2uzwrke,6,rwcm4r8f,21,trader_bridge_app,DayBreak,1787758547,2,0,0
q2uzwrke,23,7o8xvt2o,21,trader_bridge_app,DayBreak,1787758548,2,0,0
q2uzwrke,21,f91zrrno,21,trader_bridge_app,DayBreak,1787758549,2,0,0
q2uzwrke,20,snchrzvy,21,trader_bridge_app,DayBreak,1787758550,2,0,0
q2uzwrke,19,apzj4yol,21,trader_bridge_app,DayBreak,1787758550,2,0,0
q2uzwrke,12,mrmdneuj,30,trader_bridge_app,DayBreak,1787758552,3,0,0
q2uzwrke,22,9mbxlv2t,21,trader_bridge_app,DayBreak,1787758552,2,0,0
q2uzwrke,24,zhzlqg1e,21,trader_bridge_app,DayBreak,1787758552,2,0,0
q2uzwrke,19,apzj4yol,25,trader_bridge_app,ResumeTradingSession,1787758553,3,0,1
q2uzwrke,20,snchrzvy,25,trader_bridge_app,ResumeTradingSession,1787758553,3,0,1
q2uzwrke,21,f91zrrno,25,trader_bridge_app,ResumeTradingSession,1787758553,3,0,1
q2uzwrke,22,9mbxlv2t,25,trader_bridge_app,ResumeTradingSession,1787758553,3,0,1
q2uzwrke,23,7o8xvt2o,25,trader_bridge_app,ResumeTradingSession,1787758553,3,0,1
q2uzwrke,24,zhzlqg1e,25,trader_bridge_app,ResumeTradingSession,1787758553,3,0,1
q2uzwrke,4,yyhl1m0v,21,trader_bridge_app,DayBreak,1787758555,2,0,0
q2uzwrke,1,92eypnyh,21,trader_bridge_app,DayBreak,1787758555,2,0,0
q2uzwrke,12,mrmdneuj,32,trader_bridge_app,MarketTransition,1787758556,3,0,0
q2uzwrke,2,4p4bxdks,21,trader_bridge_app,DayBreak,1787758557,2,0,0
q2uzwrke,6,rwcm4r8f,25,trader_bridge_app,ResumeTradingSession,1787758557,3,0,1
q2uzwrke,1,92eypnyh,25,trader_bridge_app,ResumeTradingSession,1787758557,3,0,1
q2uzwrke,2,4p4bxdks,25,trader_bridge_app,ResumeTradingSession,1787758557,3,0,1
q2uzwrke,3,1y1fmxh4,25,trader_bridge_app,ResumeTradingSession,1787758557,3,0,1
q2uzwrke,4,yyhl1m0v,25,trader_bridge_app,ResumeTradingSession,1787758557,3,0,1
q2uzwrke,5,edxyk9dw,25,trader_bridge_app,ResumeTradingSession,1787758557,3,0,1
q2uzwrke,7,7g7d2gpm,30,trader_bridge_app,DayBreak,1787758561,3,0,0
q2uzwrke,8,mtbht5gb,30,trader_bridge_app,DayBreak,1787758567,3,1,0
q2uzwrke,11,5bn07pj6,30,trader_bridge_app,DayBreak,1787758567,3,1,0
q2uzwrke,10,brk7umva,30,trader_bridge_app,DayBreak,1787758567,3,1,0
q2uzwrke,9,ev19ndvk,30,trader_bridge_app,DayBreak,1787758567,3,1,0
q2uzwrke,7,7g7d2gpm,32,trader_bridge_app,MarketTransition,1787758571,3,0,0
q2uzwrke,9,ev19ndvk,32,trader_bridge_app,MarketTransition,1787758574,3,0,0
q2uzwrke,8,mtbht5gb,32,trader_bridge_app,MarketTransition,1787758576,3,0,0
q2uzwrke,11,5bn07pj6,32,trader_bridge_app,MarketTransition,1787758578,3,0,0
q2uzwrke,26,grusydd1,27,trader_bridge_app,TradePage,1787758590,3,0,0
q2uzwrke,30,u1o2yo0d,27,trader_bridge_app,TradePage,1787758590,3,0,0
q2uzwrke,28,e1gm0pyc,27,trader_bridge_app,TradePage,1787758590,3,0,0
q2uzwrke,27,wkkj7ya7,27,trader_bridge_app,TradePage,1787758590,3,0,0
q2uzwrke,29,6geodwqp,27,trader_bridge_app,TradePage,1787758590,3,0,0
q2uzwrke,25,pudy6lk1,27,trader_bridge_app,TradePage,1787758590,3,0,0
q2uzwrke,28,e1gm0pyc,29,trader_bridge_app,FinalizeTradingSession,1787758590,3,0,1
q2uzwrke,29,6geodwqp,29,trader_bridge_app,FinalizeTradingSession,1787758590,3,0,1
q2uzwrke,30,u1o2yo0d,29,trader_bridge_app,FinalizeTradingSession,1787758590,3,0,1
q2uzwrke,25,pudy6lk1,29,trader_bridge_app,FinalizeTradingSession,1787758590,3,0,1
q2uzwrke,26,grusydd1,29,trader_bridge_app,FinalizeTradingSession,1787758590,3,0,1
q2uzwrke,27,wkkj7ya7,29,trader_bridge_app,FinalizeTradingSession,1787758590,3,0,1
q2uzwrke,18,wqftgkbl,27,trader_bridge_app,TradePage,1787758592,3,0,0
q2uzwrke,13,f3mphw9o,27,trader_bridge_app,TradePage,1787758592,3,0,0
q2uzwrke,16,g8furig5,27,trader_bridge_app,TradePage,1787758592,3,0,0
q2uzwrke,15,uqq53dhb,27,trader_bridge_app,TradePage,1787758592,3,0,0
q2uzwrke,14,cyg00ds2,27,trader_bridge_app,TradePage,1787758592,3,0,0
q2uzwrke,17,9rjegrhf,27,trader_bridge_app,TradePage,1787758592,3,0,0
q2uzwrke,17,9rjegrhf,29,trader_bridge_app,FinalizeTradingSession,1787758593,3,0,1
q2uzwrke,18,wqftgkbl,29,trader_bridge_app,FinalizeTradingSession,1787758593,3,0,1
q2uzwrke,13,f3mphw9o,29,trader_bridge_app,FinalizeTradingSession,1787758593,3,0,1
q2uzwrke,14,cyg00ds2,29,trader_bridge_app,FinalizeTradingSession,1787758593,3,0,1
q2uzwrke,15,uqq53dhb,29,trader_bridge_app,FinalizeTradingSession,1787758593,3,0,1
q2uzwrke,16,g8furig5,29,trader_bridge_app,FinalizeTradingSession,1787758593,3,0,1
q2uzwrke,27,wkkj7ya7,30,trader_bridge_app,DayBreak,1787758595,3,0,0
q2uzwrke,29,6geodwqp,30,trader_bridge_app,DayBreak,1787758595,3,0,0
q2uzwrke,26,grusydd1,30,trader_bridge_app,DayBreak,1787758595,3,0,0
q2uzwrke,10,brk7umva,32,trader_bridge_app,MarketTransition,1787758598,3,0,0
q2uzwrke,29,6geodwqp,32,trader_bridge_app,MarketTransition,1787758598,3,0,0
q2uzwrke,7,7g7d2gpm,33,trader_bridge_app,SyncTradingSession,1787758599,4,0,1
q2uzwrke,8,mtbht5gb,33,trader_bridge_app,SyncTradingSession,1787758599,4,0,1
q2uzwrke,9,ev19ndvk,33,trader_bridge_app,SyncTradingSession,1787758599,4,0,1
q2uzwrke,10,brk7umva,33,trader_bridge_app,SyncTradingSession,1787758599,4,0,1
q2uzwrke,11,5bn07pj6,33,trader_bridge_app,SyncTradingSession,1787758599,4,0,1
q2uzwrke,12,mrmdneuj,33,trader_bridge_app,SyncTradingSession,1787758599,4,0,1
q2uzwrke,32,1mrh7feb,36,trader_bridge_app,TradePage,1787758599,4,0,0
q2uzwrke,33,9h22z7kz,36,trader_bridge_app,TradePage,1787758599,4,0,0
q2uzwrke,31,yobjlrr4,36,trader_bridge_app,TradePage,1787758599,4,0,0
q2uzwrke,7,7g7d2gpm,34,trader_bridge_app,ResumeTradingSession,1787758599,4,0,1
q2uzwrke,8,mtbht5gb,34,trader_bridge_app,ResumeTradingSession,1787758599,4,0,1
q2uzwrke,9,ev19ndvk,34,trader_bridge_app,ResumeTradingSession,1787758599,4,0,1
q2uzwrke,10,brk7umva,34,trader_bridge_app,ResumeTradingSession,1787758599,4,0,1
q2uzwrke,11,5bn07pj6,34,trader_bridge_app,ResumeTradingSession,1787758599,4,0,1
q2uzwrke,12,mrmdneuj,34,trader_bridge_app,ResumeTradingSession,1787758599,4,0,1
q2uzwrke,34,qxqa9r8o,36,trader_bridge_app,TradePage,1787758599,4,0,0
q2uzwrke,31,yobjlrr4,37,trader_bridge_app,PauseTradingSession,1787758599,4,0,1
q2uzwrke,32,1mrh7feb,37,trader_bridge_app,PauseTradingSession,1787758599,4,0,1
q2uzwrke,33,9h22z7kz,37,trader_bridge_app,PauseTradingSession,1787758599,4,0,1
q2uzwrke,34,qxqa9r8o,37,trader_bridge_app,PauseTradingSession,1787758599,4,0,1
q2uzwrke,30,u1o2yo0d,30,trader_bridge_app,DayBreak,1787758599,3,0,0
q2uzwrke,25,pudy6lk1,30,trader_bridge_app,DayBreak,1787758600,3,0,0
q2uzwrke,28,e1gm0pyc,30,trader_bridge_app,DayBreak,1787758601,3,0,0
q2uzwrke,27,wkkj7ya7,32,trader_bridge_app,MarketTransition,1787758602,3,0,0
q2uzwrke,32,1mrh7feb,39,trader_bridge_app,DayBreak,1787758602,4,0,0
q2uzwrke,15,uqq53dhb,30,trader_bridge_app,DayBreak,1787758602,3,0,0
q2uzwrke,13,f3mphw9o,30,trader_bridge_app,DayBreak,1787758603,3,0,0
q2uzwrke,26,grusydd1,32,trader_bridge_app,MarketTransition,1787758603,3,0,0
q2uzwrke,17,9rjegrhf,30,trader_bridge_app,DayBreak,1787758603,3,0,0
q2uzwrke,14,cyg00ds2,30,trader_bridge_app,DayBreak,1787758604,3,0,0
q2uzwrke,18,wqftgkbl,30,trader_bridge_app,DayBreak,1787758604,3,0,0
q2uzwrke,34,qxqa9r8o,39,trader_bridge_app,DayBreak,1787758605,4,0,0
q2uzwrke,16,g8furig5,30,trader_bridge_app,DayBreak,1787758606,3,0,0
q2uzwrke,33,9h22z7kz,39,trader_bridge_app,DayBreak,1787758606,4,0,0
q2uzwrke,30,u1o2yo0d,32,trader_bridge_app,MarketTransition,1787758607,3,0,0
q2uzwrke,28,e1gm0pyc,32,trader_bridge_app,MarketTransition,1787758608,3,0,0
q2uzwrke,13,f3mphw9o,32,trader_bridge_app,MarketTransition,1787758610,3,0,0
q2uzwrke,25,pudy6lk1,32,trader_bridge_app,MarketTransition,1787758610,3,0,0
q2uzwrke,26,grusydd1,33,trader_bridge_app,SyncTradingSession,1787758611,4,0,1
q2uzwrke,27,wkkj7ya7,33,trader_bridge_app,SyncTradingSession,1787758611,4,0,1
q2uzwrke,28,e1gm0pyc,33,trader_bridge_app,SyncTradingSession,1787758611,4,0,1
q2uzwrke,29,6geodwqp,33,trader_bridge_app,SyncTradingSession,1787758611,4,0,1
q2uzwrke,30,u1o2yo0d,33,trader_bridge_app,SyncTradingSession,1787758611,4,0,1
q2uzwrke,25,pudy6lk1,33,trader_bridge_app,SyncTradingSession,1787758611,4,0,1
q2uzwrke,26,grusydd1,34,trader_bridge_app,ResumeTradingSession,1787758611,4,0,1
q2uzwrke,27,wkkj7ya7,34,trader_bridge_app,ResumeTradingSession,1787758611,4,0,1
q2uzwrke,28,e1gm0pyc,34,trader_bridge_app,ResumeTradingSession,1787758611,4,0,1
q2uzwrke,29,6geodwqp,34,trader_bridge_app,ResumeTradingSession,1787758611,4,0,1
q2uzwrke,30,u1o2yo0d,34,trader_bridge_app,ResumeTradingSession,1787758611,4,0,1
q2uzwrke,25,pudy6lk1,34,trader_bridge_app,ResumeTradingSession,1787758611,4,0,1
q2uzwrke,16,g8furig5,32,trader_bridge_app,MarketTransition,1787758612,3,0,0
q2uzwrke,17,9rjegrhf,32,trader_bridge_app,MarketTransition,1787758613,3,0,0
q2uzwrke,24,zhzlqg1e,27,trader_bridge_app,TradePage,1787758614,3,0,0
q2uzwrke,20,snchrzvy,27,trader_bridge_app,TradePage,1787758614,3,0,0
q2uzwrke,23,7o8xvt2o,27,trader_bridge_app,TradePage,1787758614,3,0,0
q2uzwrke,19,apzj4yol,27,trader_bridge_app,TradePage,1787758614,3,0,0
q2uzwrke,21,f91zrrno,27,trader_bridge_app,TradePage,1787758614,3,0,0
q2uzwrke,22,9mbxlv2t,27,trader_bridge_app,TradePage,1787758614,3,0,0
q2uzwrke,19,apzj4yol,29,trader_bridge_app,FinalizeTradingSession,1787758614,3,0,1
q2uzwrke,20,snchrzvy,29,trader_bridge_app,FinalizeTradingSession,1787758614,3,0,1
q2uzwrke,21,f91zrrno,29,trader_bridge_app,FinalizeTradingSession,1787758614,3,0,1
q2uzwrke,22,9mbxlv2t,29,trader_bridge_app,FinalizeTradingSession,1787758614,3,0,1
q2uzwrke,23,7o8xvt2o,29,trader_bridge_app,FinalizeTradingSession,1787758614,3,0,1
q2uzwrke,24,zhzlqg1e,29,trader_bridge_app,FinalizeTradingSession,1787758614,3,0,1
q2uzwrke,18,wqftgkbl,32,trader_bridge_app,MarketTransition,1787758615,3,0,0
q2uzwrke,15,uqq53dhb,32,trader_bridge_app,MarketTransition,1787758615,3,0,0
q2uzwrke,2,4p4bxdks,27,trader_bridge_app,TradePage,1787758618,3,0,0
q2uzwrke,6,rwcm4r8f,27,trader_bridge_app,TradePage,1787758618,3,0,0
q2uzwrke,4,yyhl1m0v,27,trader_bridge_app,TradePage,1787758618,3,0,0
q2uzwrke,3,1y1fmxh4,27,trader_bridge_app,TradePage,1787758619,3,0,0
q2uzwrke,5,edxyk9dw,27,trader_bridge_app,TradePage,1787758619,3,0,0
q2uzwrke,1,92eypnyh,27,trader_bridge_app,TradePage,1787758619,3,0,0
q2uzwrke,14,cyg00ds2,32,trader_bridge_app,MarketTransition,1787758619,3,0,0
q2uzwrke,2,4p4bxdks,29,trader_bridge_app,FinalizeTradingSession,1787758619,3,0,1
q2uzwrke,3,1y1fmxh4,29,trader_bridge_app,FinalizeTradingSession,1787758619,3,0,1
q2uzwrke,4,yyhl1m0v,29,trader_bridge_app,FinalizeTradingSession,1787758619,3,0,1
q2uzwrke,5,edxyk9dw,29,trader_bridge_app,FinalizeTradingSession,1787758619,3,0,1
q2uzwrke,6,rwcm4r8f,29,trader_bridge_app,FinalizeTradingSession,1787758619,3,0,1
q2uzwrke,1,92eypnyh,29,trader_bridge_app,FinalizeTradingSession,1787758619,3,0,1
q2uzwrke,13,f3mphw9o,33,trader_bridge_app,SyncTradingSession,1787758619,4,0,1
q2uzwrke,14,cyg00ds2,33,trader_bridge_app,SyncTradingSession,1787758619,4,0,1
q2uzwrke,15,uqq53dhb,33,trader_bridge_app,SyncTradingSession,1787758619,4,0,1
q2uzwrke,16,g8furig5,33,trader_bridge_app,SyncTradingSession,1787758619,4,0,1
q2uzwrke,17,9rjegrhf,33,trader_bridge_app,SyncTradingSession,1787758619,4,0,1
q2uzwrke,18,wqftgkbl,33,trader_bridge_app,SyncTradingSession,1787758619,4,0,1
q2uzwrke,13,f3mphw9o,34,trader_bridge_app,ResumeTradingSession,1787758620,4,0,1
q2uzwrke,14,cyg00ds2,34,trader_bridge_app,ResumeTradingSession,1787758620,4,0,1
q2uzwrke,15,uqq53dhb,34,trader_bridge_app,ResumeTradingSession,1787758620,4,0,1
q2uzwrke,16,g8furig5,34,trader_bridge_app,ResumeTradingSession,1787758620,4,0,1
q2uzwrke,17,9rjegrhf,34,trader_bridge_app,ResumeTradingSession,1787758620,4,0,1
q2uzwrke,18,wqftgkbl,34,trader_bridge_app,ResumeTradingSession,1787758620,4,0,1
q2uzwrke,31,yobjlrr4,39,trader_bridge_app,DayBreak,1787758620,4,1,0
q2uzwrke,31,yobjlrr4,43,trader_bridge_app,ResumeTradingSession,1787758620,5,0,1
q2uzwrke,32,1mrh7feb,43,trader_bridge_app,ResumeTradingSession,1787758620,5,0,1
q2uzwrke,33,9h22z7kz,43,trader_bridge_app,ResumeTradingSession,1787758620,5,0,1
q2uzwrke,34,qxqa9r8o,43,trader_bridge_app,ResumeTradingSession,1787758620,5,0,1
q2uzwrke,23,7o8xvt2o,30,trader_bridge_app,DayBreak,1787758622,3,0,0
q2uzwrke,22,9mbxlv2t,30,trader_bridge_app,DayBreak,1787758623,3,0,0
q2uzwrke,21,f91zrrno,30,trader_bridge_app,DayBreak,1787758623,3,0,0
q2uzwrke,19,apzj4yol,30,trader_bridge_app,DayBreak,1787758623,3,0,0
q2uzwrke,6,rwcm4r8f,30,trader_bridge_app,DayBreak,1787758624,3,0,0
q2uzwrke,20,snchrzvy,30,trader_bridge_app,DayBreak,1787758625,3,0,0
q2uzwrke,1,92eypnyh,30,trader_bridge_app,DayBreak,1787758626,3,0,0
q2uzwrke,3,1y1fmxh4,30,trader_bridge_app,DayBreak,1787758626,3,0,0
q2uzwrke,5,edxyk9dw,30,trader_bridge_app,DayBreak,1787758627,3,0,0
q2uzwrke,23,7o8xvt2o,32,trader_bridge_app,MarketTransition,1787758627,3,0,0
q2uzwrke,24,zhzlqg1e,30,trader_bridge_app,DayBreak,1787758628,3,0,0
q2uzwrke,19,apzj4yol,32,trader_bridge_app,MarketTransition,1787758628,3,0,0
q2uzwrke,6,rwcm4r8f,32,trader_bridge_app,MarketTransition,1787758628,3,0,0
q2uzwrke,21,f91zrrno,32,trader_bridge_app,MarketTransition,1787758629,3,0,0
q2uzwrke,20,snchrzvy,32,trader_bridge_app,MarketTransition,1787758631,3,0,0
q2uzwrke,22,9mbxlv2t,32,trader_bridge_app,MarketTransition,1787758631,3,0,0
q2uzwrke,24,zhzlqg1e,32,trader_bridge_app,MarketTransition,1787758633,3,0,0
q2uzwrke,19,apzj4yol,33,trader_bridge_app,SyncTradingSession,1787758633,4,0,1
q2uzwrke,20,snchrzvy,33,trader_bridge_app,SyncTradingSession,1787758633,4,0,1
q2uzwrke,21,f91zrrno,33,trader_bridge_app,SyncTradingSession,1787758633,4,0,1
q2uzwrke,22,9mbxlv2t,33,trader_bridge_app,SyncTradingSession,1787758633,4,0,1
q2uzwrke,23,7o8xvt2o,33,trader_bridge_app,SyncTradingSession,1787758633,4,0,1
q2uzwrke,24,zhzlqg1e,33,trader_bridge_app,SyncTradingSession,1787758633,4,0,1
q2uzwrke,3,1y1fmxh4,32,trader_bridge_app,MarketTransition,1787758633,3,0,0
q2uzwrke,19,apzj4yol,34,trader_bridge_app,ResumeTradingSession,1787758633,4,0,1
q2uzwrke,20,snchrzvy,34,trader_bridge_app,ResumeTradingSession,1787758633,4,0,1
q2uzwrke,21,f91zrrno,34,trader_bridge_app,ResumeTradingSession,1787758633,4,0,1
q2uzwrke,22,9mbxlv2t,34,trader_bridge_app,ResumeTradingSession,1787758633,4,0,1
q2uzwrke,23,7o8xvt2o,34,trader_bridge_app,ResumeTradingSession,1787758633,4,0,1
q2uzwrke,24,zhzlqg1e,34,trader_bridge_app,ResumeTradingSession,1787758633,4,0,1
q2uzwrke,1,92eypnyh,32,trader_bridge_app,MarketTransition,1787758634,3,0,0
q2uzwrke,4,yyhl1m0v,30,trader_bridge_app,DayBreak,1787758635,3,0,0
q2uzwrke,5,edxyk9dw,32,trader_bridge_app,MarketTransition,1787758638,3,0,0
q2uzwrke,2,4p4bxdks,30,trader_bridge_app,DayBreak,1787758640,3,1,0
q2uzwrke,4,yyhl1m0v,32,trader_bridge_app,MarketTransition,1787758650,3,0,0
q2uzwrke,2,4p4bxdks,32,trader_bridge_app,MarketTransition,1787758652,3,0,0
q2uzwrke,1,92eypnyh,33,trader_bridge_app,SyncTradingSession,1787758652,4,0,1
q2uzwrke,2,4p4bxdks,33,trader_bridge_app,SyncTradingSession,1787758652,4,0,1
q2uzwrke,3,1y1fmxh4,33,trader_bridge_app,SyncTradingSession,1787758652,4,0,1
q2uzwrke,4,yyhl1m0v,33,trader_bridge_app,SyncTradingSession,1787758652,4,0,1
q2uzwrke,5,edxyk9dw,33,trader_bridge_app,SyncTradingSession,1787758652,4,0,1
q2uzwrke,6,rwcm4r8f,33,trader_bridge_app,SyncTradingSession,1787758652,4,0,1
q2uzwrke,1,92eypnyh,34,trader_bridge_app,ResumeTradingSession,1787758652,4,0,1
q2uzwrke,2,4p4bxdks,34,trader_bridge_app,ResumeTradingSession,1787758652,4,0,1
q2uzwrke,3,1y1fmxh4,34,trader_bridge_app,ResumeTradingSession,1787758652,4,0,1
q2uzwrke,4,yyhl1m0v,34,trader_bridge_app,ResumeTradingSession,1787758652,4,0,1
q2uzwrke,5,edxyk9dw,34,trader_bridge_app,ResumeTradingSession,1787758652,4,0,1
q2uzwrke,6,rwcm4r8f,34,trader_bridge_app,ResumeTradingSession,1787758652,4,0,1
q2uzwrke,11,5bn07pj6,36,trader_bridge_app,TradePage,1787758660,4,0,0
q2uzwrke,7,7g7d2gpm,36,trader_bridge_app,TradePage,1787758660,4,0,0
q2uzwrke,9,ev19ndvk,36,trader_bridge_app,TradePage,1787758660,4,0,0
q2uzwrke,12,mrmdneuj,36,trader_bridge_app,TradePage,1787758660,4,0,0
q2uzwrke,8,mtbht5gb,36,trader_bridge_app,TradePage,1787758660,4,0,0
q2uzwrke,10,brk7umva,36,trader_bridge_app,TradePage,1787758660,4,0,0
q2uzwrke,12,mrmdneuj,37,trader_bridge_app,PauseTradingSession,1787758661,4,0,1
q2uzwrke,7,7g7d2gpm,37,trader_bridge_app,PauseTradingSession,1787758661,4,0,1
q2uzwrke,8,mtbht5gb,37,trader_bridge_app,PauseTradingSession,1787758661,4,0,1
q2uzwrke,9,ev19ndvk,37,trader_bridge_app,PauseTradingSession,1787758661,4,0,1
q2uzwrke,10,brk7umva,37,trader_bridge_app,PauseTradingSession,1787758661,4,0,1
q2uzwrke,11,5bn07pj6,37,trader_bridge_app,PauseTradingSession,1787758661,4,0,1
q2uzwrke,12,mrmdneuj,39,trader_bridge_app,DayBreak,1787758665,4,0,0
q2uzwrke,11,5bn07pj6,39,trader_bridge_app,DayBreak,1787758669,4,0,0
q2uzwrke,8,mtbht5gb,39,trader_bridge_app,DayBreak,1787758670,4,0,0
q2uzwrke,7,7g7d2gpm,39,trader_bridge_app,DayBreak,1787758670,4,0,0
q2uzwrke,30,u1o2yo0d,36,trader_bridge_app,TradePage,1787758672,4,0,0
q2uzwrke,28,e1gm0pyc,36,trader_bridge_app,TradePage,1787758672,4,0,0
q2uzwrke,27,wkkj7ya7,36,trader_bridge_app,TradePage,1787758672,4,0,0
q2uzwrke,26,grusydd1,36,trader_bridge_app,TradePage,1787758672,4,0,0
q2uzwrke,29,6geodwqp,36,trader_bridge_app,TradePage,1787758672,4,0,0
q2uzwrke,25,pudy6lk1,36,trader_bridge_app,TradePage,1787758672,4,0,0
q2uzwrke,25,pudy6lk1,37,trader_bridge_app,PauseTradingSession,1787758672,4,0,1
q2uzwrke,26,grusydd1,37,trader_bridge_app,PauseTradingSession,1787758672,4,0,1
q2uzwrke,27,wkkj7ya7,37,trader_bridge_app,PauseTradingSession,1787758672,4,0,1
q2uzwrke,28,e1gm0pyc,37,trader_bridge_app,PauseTradingSession,1787758672,4,0,1
q2uzwrke,29,6geodwqp,37,trader_bridge_app,PauseTradingSession,1787758672,4,0,1
q2uzwrke,30,u1o2yo0d,37,trader_bridge_app,PauseTradingSession,1787758672,4,0,1
q2uzwrke,10,brk7umva,39,trader_bridge_app,DayBreak,1787758673,4,0,0
q2uzwrke,27,wkkj7ya7,39,trader_bridge_app,DayBreak,1787758676,4,0,0
q2uzwrke,28,e1gm0pyc,39,trader_bridge_app,DayBreak,1787758677,4,0,0
q2uzwrke,29,6geodwqp,39,trader_bridge_app,DayBreak,1787758678,4,0,0
q2uzwrke,26,grusydd1,39,trader_bridge_app,DayBreak,1787758678,4,0,0
q2uzwrke,30,u1o2yo0d,39,trader_bridge_app,DayBreak,1787758679,4,0,0
q2uzwrke,25,pudy6lk1,39,trader_bridge_app,DayBreak,1787758679,4,0,0
q2uzwrke,25,pudy6lk1,43,trader_bridge_app,ResumeTradingSession,1787758679,5,0,1
q2uzwrke,26,grusydd1,43,trader_bridge_app,ResumeTradingSession,1787758679,5,0,1
q2uzwrke,27,wkkj7ya7,43,trader_bridge_app,ResumeTradingSession,1787758679,5,0,1
q2uzwrke,28,e1gm0pyc,43,trader_bridge_app,ResumeTradingSession,1787758679,5,0,1
q2uzwrke,29,6geodwqp,43,trader_bridge_app,ResumeTradingSession,1787758679,5,0,1
q2uzwrke,30,u1o2yo0d,43,trader_bridge_app,ResumeTradingSession,1787758679,5,0,1
q2uzwrke,14,cyg00ds2,36,trader_bridge_app,TradePage,1787758680,4,0,0
q2uzwrke,13,f3mphw9o,36,trader_bridge_app,TradePage,1787758681,4,0,0
q2uzwrke,18,wqftgkbl,36,trader_bridge_app,TradePage,1787758681,4,0,0
q2uzwrke,15,uqq53dhb,36,trader_bridge_app,TradePage,1787758681,4,0,0
q2uzwrke,17,9rjegrhf,36,trader_bridge_app,TradePage,1787758681,4,0,0
q2uzwrke,16,g8furig5,36,trader_bridge_app,TradePage,1787758681,4,0,0
q2uzwrke,13,f3mphw9o,37,trader_bridge_app,PauseTradingSession,1787758681,4,0,1
q2uzwrke,14,cyg00ds2,37,trader_bridge_app,PauseTradingSession,1787758681,4,0,1
q2uzwrke,15,uqq53dhb,37,trader_bridge_app,PauseTradingSession,1787758681,4,0,1
q2uzwrke,16,g8furig5,37,trader_bridge_app,PauseTradingSession,1787758681,4,0,1
q2uzwrke,17,9rjegrhf,37,trader_bridge_app,PauseTradingSession,1787758681,4,0,1
q2uzwrke,18,wqftgkbl,37,trader_bridge_app,PauseTradingSession,1787758681,4,0,1
q2uzwrke,9,ev19ndvk,39,trader_bridge_app,DayBreak,1787758681,4,1,0
q2uzwrke,31,yobjlrr4,45,trader_bridge_app,TradePage,1787758681,5,0,0
q2uzwrke,7,7g7d2gpm,43,trader_bridge_app,ResumeTradingSession,1787758682,5,0,1
q2uzwrke,8,mtbht5gb,43,trader_bridge_app,ResumeTradingSession,1787758682,5,0,1
q2uzwrke,9,ev19ndvk,43,trader_bridge_app,ResumeTradingSession,1787758682,5,0,1
q2uzwrke,10,brk7umva,43,trader_bridge_app,ResumeTradingSession,1787758682,5,0,1
q2uzwrke,11,5bn07pj6,43,trader_bridge_app,ResumeTradingSession,1787758682,5,0,1
q2uzwrke,12,mrmdneuj,43,trader_bridge_app,ResumeTradingSession,1787758682,5,0,1
q2uzwrke,33,9h22z7kz,45,trader_bridge_app,TradePage,1787758682,5,0,0
q2uzwrke,32,1mrh7feb,45,trader_bridge_app,TradePage,1787758682,5,0,0
q2uzwrke,34,qxqa9r8o,45,trader_bridge_app,TradePage,1787758682,5,0,0
q2uzwrke,31,yobjlrr4,46,trader_bridge_app,PauseTradingSession,1787758683,5,0,1
q2uzwrke,32,1mrh7feb,46,trader_bridge_app,PauseTradingSession,1787758683,5,0,1
q2uzwrke,33,9h22z7kz,46,trader_bridge_app,PauseTradingSession,1787758683,5,0,1
q2uzwrke,34,qxqa9r8o,46,trader_bridge_app,PauseTradingSession,1787758683,5,0,1
q2uzwrke,34,qxqa9r8o,48,trader_bridge_app,DayBreak,1787758687,5,0,0
q2uzwrke,18,wqftgkbl,39,trader_bridge_app,DayBreak,1787758687,4,0,0
q2uzwrke,31,yobjlrr4,48,trader_bridge_app,DayBreak,1787758687,5,0,0
q2uzwrke,13,f3mphw9o,39,trader_bridge_app,DayBreak,1787758688,4,0,0
q2uzwrke,14,cyg00ds2,39,trader_bridge_app,DayBreak,1787758688,4,0,0
q2uzwrke,17,9rjegrhf,39,trader_bridge_app,DayBreak,1787758688,4,0,0
q2uzwrke,16,g8furig5,39,trader_bridge_app,DayBreak,1787758688,4,0,0
q2uzwrke,33,9h22z7kz,48,trader_bridge_app,DayBreak,1787758689,5,0,0
q2uzwrke,15,uqq53dhb,39,trader_bridge_app,DayBreak,1787758690,4,0,0
q2uzwrke,13,f3mphw9o,43,trader_bridge_app,ResumeTradingSession,1787758691,5,0,1
q2uzwrke,14,cyg00ds2,43,trader_bridge_app,ResumeTradingSession,1787758691,5,0,1
q2uzwrke,15,uqq53dhb,43,trader_bridge_app,ResumeTradingSession,1787758691,5,0,1
q2uzwrke,16,g8furig5,43,trader_bridge_app,ResumeTradingSession,1787758691,5,0,1
q2uzwrke,17,9rjegrhf,43,trader_bridge_app,ResumeTradingSession,1787758691,5,0,1
q2uzwrke,18,wqftgkbl,43,trader_bridge_app,ResumeTradingSession,1787758691,5,0,1
q2uzwrke,20,snchrzvy,36,trader_bridge_app,TradePage,1787758694,4,0,0
q2uzwrke,19,apzj4yol,36,trader_bridge_app,TradePage,1787758694,4,0,0
q2uzwrke,32,1mrh7feb,48,trader_bridge_app,DayBreak,1787758694,5,0,0
q2uzwrke,22,9mbxlv2t,36,trader_bridge_app,TradePage,1787758694,4,0,0
q2uzwrke,31,yobjlrr4,52,trader_bridge_app,ResumeTradingSession,1787758694,6,0,1
q2uzwrke,32,1mrh7feb,52,trader_bridge_app,ResumeTradingSession,1787758694,6,0,1
q2uzwrke,33,9h22z7kz,52,trader_bridge_app,ResumeTradingSession,1787758694,6,0,1
q2uzwrke,34,qxqa9r8o,52,trader_bridge_app,ResumeTradingSession,1787758694,6,0,1
q2uzwrke,23,7o8xvt2o,36,trader_bridge_app,TradePage,1787758694,4,0,0
q2uzwrke,21,f91zrrno,36,trader_bridge_app,TradePage,1787758694,4,0,0
q2uzwrke,24,zhzlqg1e,36,trader_bridge_app,TradePage,1787758694,4,0,0
q2uzwrke,19,apzj4yol,37,trader_bridge_app,PauseTradingSession,1787758695,4,0,1
q2uzwrke,20,snchrzvy,37,trader_bridge_app,PauseTradingSession,1787758695,4,0,1
q2uzwrke,21,f91zrrno,37,trader_bridge_app,PauseTradingSession,1787758695,4,0,1
q2uzwrke,22,9mbxlv2t,37,trader_bridge_app,PauseTradingSession,1787758695,4,0,1
q2uzwrke,23,7o8xvt2o,37,trader_bridge_app,PauseTradingSession,1787758695,4,0,1
q2uzwrke,24,zhzlqg1e,37,trader_bridge_app,PauseTradingSession,1787758695,4,0,1
q2uzwrke,23,7o8xvt2o,39,trader_bridge_app,DayBreak,1787758698,4,0,0
q2uzwrke,24,zhzlqg1e,39,trader_bridge_app,DayBreak,1787758700,4,0,0
q2uzwrke,22,9mbxlv2t,39,trader_bridge_app,DayBreak,1787758700,4,0,0
q2uzwrke,20,snchrzvy,39,trader_bridge_app,DayBreak,1787758700,4,0,0
q2uzwrke,21,f91zrrno,39,trader_bridge_app,DayBreak,1787758701,4,0,0
q2uzwrke,19,apzj4yol,39,trader_bridge_app,DayBreak,1787758703,4,0,0
q2uzwrke,19,apzj4yol,43,trader_bridge_app,ResumeTradingSession,1787758703,5,0,1
q2uzwrke,20,snchrzvy,43,trader_bridge_app,ResumeTradingSession,1787758703,5,0,1
q2uzwrke,21,f91zrrno,43,trader_bridge_app,ResumeTradingSession,1787758703,5,0,1
q2uzwrke,22,9mbxlv2t,43,trader_bridge_app,ResumeTradingSession,1787758703,5,0,1
q2uzwrke,23,7o8xvt2o,43,trader_bridge_app,ResumeTradingSession,1787758703,5,0,1
q2uzwrke,24,zhzlqg1e,43,trader_bridge_app,ResumeTradingSession,1787758703,5,0,1
q2uzwrke,3,1y1fmxh4,36,trader_bridge_app,TradePage,1787758713,4,0,0
q2uzwrke,1,92eypnyh,36,trader_bridge_app,TradePage,1787758713,4,0,0
q2uzwrke,4,yyhl1m0v,36,trader_bridge_app,TradePage,1787758713,4,0,0
q2uzwrke,6,rwcm4r8f,36,trader_bridge_app,TradePage,1787758713,4,0,0
q2uzwrke,5,edxyk9dw,36,trader_bridge_app,TradePage,1787758713,4,0,0
q2uzwrke,2,4p4bxdks,36,trader_bridge_app,TradePage,1787758713,4,0,0
q2uzwrke,1,92eypnyh,37,trader_bridge_app,PauseTradingSession,1787758714,4,0,1
q2uzwrke,2,4p4bxdks,37,trader_bridge_app,PauseTradingSession,1787758714,4,0,1
q2uzwrke,3,1y1fmxh4,37,trader_bridge_app,PauseTradingSession,1787758714,4,0,1
q2uzwrke,4,yyhl1m0v,37,trader_bridge_app,PauseTradingSession,1787758714,4,0,1
q2uzwrke,5,edxyk9dw,37,trader_bridge_app,PauseTradingSession,1787758714,4,0,1
q2uzwrke,6,rwcm4r8f,37,trader_bridge_app,PauseTradingSession,1787758714,4,0,1
q2uzwrke,3,1y1fmxh4,39,trader_bridge_app,DayBreak,1787758717,4,0,0
q2uzwrke,5,edxyk9dw,39,trader_bridge_app,DayBreak,1787758717,4,0,0
q2uzwrke,6,rwcm4r8f,39,trader_bridge_app,DayBreak,1787758718,4,0,0
q2uzwrke,1,92eypnyh,39,trader_bridge_app,DayBreak,1787758720,4,0,0
q2uzwrke,2,4p4bxdks,39,trader_bridge_app,DayBreak,1787758722,4,0,0
q2uzwrke,4,yyhl1m0v,39,trader_bridge_app,DayBreak,1787758723,4,0,0
q2uzwrke,3,1y1fmxh4,43,trader_bridge_app,ResumeTradingSession,1787758724,5,0,1
q2uzwrke,4,yyhl1m0v,43,trader_bridge_app,ResumeTradingSession,1787758724,5,0,1
q2uzwrke,5,edxyk9dw,43,trader_bridge_app,ResumeTradingSession,1787758724,5,0,1
q2uzwrke,6,rwcm4r8f,43,trader_bridge_app,ResumeTradingSession,1787758724,5,0,1
q2uzwrke,1,92eypnyh,43,trader_bridge_app,ResumeTradingSession,1787758724,5,0,1
q2uzwrke,2,4p4bxdks,43,trader_bridge_app,ResumeTradingSession,1787758724,5,0,1
q2uzwrke,25,pudy6lk1,45,trader_bridge_app,TradePage,1787758740,5,0,0
q2uzwrke,28,e1gm0pyc,45,trader_bridge_app,TradePage,1787758740,5,0,0
q2uzwrke,27,wkkj7ya7,45,trader_bridge_app,TradePage,1787758740,5,0,0
q2uzwrke,29,6geodwqp,45,trader_bridge_app,TradePage,1787758740,5,0,0
q2uzwrke,30,u1o2yo0d,45,trader_bridge_app,TradePage,1787758740,5,0,0
q2uzwrke,26,grusydd1,45,trader_bridge_app,TradePage,1787758740,5,0,0
q2uzwrke,28,e1gm0pyc,46,trader_bridge_app,PauseTradingSession,1787758743,5,0,1
q2uzwrke,29,6geodwqp,46,trader_bridge_app,PauseTradingSession,1787758743,5,0,1
q2uzwrke,30,u1o2yo0d,46,trader_bridge_app,PauseTradingSession,1787758743,5,0,1
q2uzwrke,25,pudy6lk1,46,trader_bridge_app,PauseTradingSession,1787758743,5,0,1
q2uzwrke,26,grusydd1,46,trader_bridge_app,PauseTradingSession,1787758743,5,0,1
q2uzwrke,27,wkkj7ya7,46,trader_bridge_app,PauseTradingSession,1787758743,5,0,1
q2uzwrke,9,ev19ndvk,45,trader_bridge_app,TradePage,1787758743,5,0,0
q2uzwrke,7,7g7d2gpm,45,trader_bridge_app,TradePage,1787758743,5,0,0
q2uzwrke,10,brk7umva,45,trader_bridge_app,TradePage,1787758744,5,0,0
q2uzwrke,12,mrmdneuj,45,trader_bridge_app,TradePage,1787758744,5,0,0
q2uzwrke,11,5bn07pj6,45,trader_bridge_app,TradePage,1787758744,5,0,0
q2uzwrke,8,mtbht5gb,45,trader_bridge_app,TradePage,1787758744,5,0,0
q2uzwrke,7,7g7d2gpm,46,trader_bridge_app,PauseTradingSession,1787758744,5,0,1
q2uzwrke,8,mtbht5gb,46,trader_bridge_app,PauseTradingSession,1787758744,5,0,1
q2uzwrke,9,ev19ndvk,46,trader_bridge_app,PauseTradingSession,1787758744,5,0,1
q2uzwrke,10,brk7umva,46,trader_bridge_app,PauseTradingSession,1787758744,5,0,1
q2uzwrke,11,5bn07pj6,46,trader_bridge_app,PauseTradingSession,1787758744,5,0,1
q2uzwrke,12,mrmdneuj,46,trader_bridge_app,PauseTradingSession,1787758744,5,0,1
q2uzwrke,29,6geodwqp,48,trader_bridge_app,DayBreak,1787758746,5,0,0
q2uzwrke,26,grusydd1,48,trader_bridge_app,DayBreak,1787758746,5,0,0
q2uzwrke,27,wkkj7ya7,48,trader_bridge_app,DayBreak,1787758747,5,0,0
q2uzwrke,28,e1gm0pyc,48,trader_bridge_app,DayBreak,1787758748,5,0,0
q2uzwrke,25,pudy6lk1,48,trader_bridge_app,DayBreak,1787758750,5,0,0
q2uzwrke,15,uqq53dhb,45,trader_bridge_app,TradePage,1787758752,5,0,0
q2uzwrke,14,cyg00ds2,45,trader_bridge_app,TradePage,1787758752,5,0,0
q2uzwrke,16,g8furig5,45,trader_bridge_app,TradePage,1787758752,5,0,0
q2uzwrke,13,f3mphw9o,45,trader_bridge_app,TradePage,1787758752,5,0,0
q2uzwrke,17,9rjegrhf,45,trader_bridge_app,TradePage,1787758752,5,0,0
q2uzwrke,18,wqftgkbl,45,trader_bridge_app,TradePage,1787758752,5,0,0
q2uzwrke,13,f3mphw9o,46,trader_bridge_app,PauseTradingSession,1787758752,5,0,1
q2uzwrke,14,cyg00ds2,46,trader_bridge_app,PauseTradingSession,1787758752,5,0,1
q2uzwrke,15,uqq53dhb,46,trader_bridge_app,PauseTradingSession,1787758752,5,0,1
q2uzwrke,16,g8furig5,46,trader_bridge_app,PauseTradingSession,1787758752,5,0,1
q2uzwrke,17,9rjegrhf,46,trader_bridge_app,PauseTradingSession,1787758752,5,0,1
q2uzwrke,18,wqftgkbl,46,trader_bridge_app,PauseTradingSession,1787758752,5,0,1
q2uzwrke,7,7g7d2gpm,48,trader_bridge_app,DayBreak,1787758753,5,0,0
q2uzwrke,9,ev19ndvk,48,trader_bridge_app,DayBreak,1787758753,5,0,0
q2uzwrke,32,1mrh7feb,54,trader_bridge_app,TradePage,1787758755,6,0,0
q2uzwrke,31,yobjlrr4,54,trader_bridge_app,TradePage,1787758755,6,0,0
q2uzwrke,33,9h22z7kz,54,trader_bridge_app,TradePage,1787758755,6,0,0
q2uzwrke,34,qxqa9r8o,54,trader_bridge_app,TradePage,1787758756,6,0,0
q2uzwrke,31,yobjlrr4,55,trader_bridge_app,PauseTradingSession,1787758756,6,0,1
q2uzwrke,32,1mrh7feb,55,trader_bridge_app,PauseTradingSession,1787758756,6,0,1
q2uzwrke,33,9h22z7kz,55,trader_bridge_app,PauseTradingSession,1787758756,6,0,1
q2uzwrke,34,qxqa9r8o,55,trader_bridge_app,PauseTradingSession,1787758756,6,0,1
q2uzwrke,13,f3mphw9o,48,trader_bridge_app,DayBreak,1787758757,5,0,0
q2uzwrke,14,cyg00ds2,48,trader_bridge_app,DayBreak,1787758758,5,0,0
q2uzwrke,16,g8furig5,48,trader_bridge_app,DayBreak,1787758759,5,0,0
q2uzwrke,30,u1o2yo0d,48,trader_bridge_app,DayBreak,1787758760,5,0,0
q2uzwrke,30,u1o2yo0d,52,trader_bridge_app,ResumeTradingSession,1787758761,6,0,1
q2uzwrke,25,pudy6lk1,52,trader_bridge_app,ResumeTradingSession,1787758761,6,0,1
q2uzwrke,26,grusydd1,52,trader_bridge_app,ResumeTradingSession,1787758761,6,0,1
q2uzwrke,27,wkkj7ya7,52,trader_bridge_app,ResumeTradingSession,1787758761,6,0,1
q2uzwrke,28,e1gm0pyc,52,trader_bridge_app,ResumeTradingSession,1787758761,6,0,1
q2uzwrke,29,6geodwqp,52,trader_bridge_app,ResumeTradingSession,1787758761,6,0,1
q2uzwrke,8,mtbht5gb,48,trader_bridge_app,DayBreak,1787758762,5,0,0
q2uzwrke,15,uqq53dhb,48,trader_bridge_app,DayBreak,1787758763,5,0,0
q2uzwrke,18,wqftgkbl,48,trader_bridge_app,DayBreak,1787758764,5,0,0
q2uzwrke,12,mrmdneuj,48,trader_bridge_app,DayBreak,1787758764,5,0,0
q2uzwrke,19,apzj4yol,45,trader_bridge_app,TradePage,1787758764,5,0,0
q2uzwrke,24,zhzlqg1e,45,trader_bridge_app,TradePage,1787758764,5,0,0
q2uzwrke,23,7o8xvt2o,45,trader_bridge_app,TradePage,1787758764,5,0,0
q2uzwrke,20,snchrzvy,45,trader_bridge_app,TradePage,1787758764,5,0,0
q2uzwrke,22,9mbxlv2t,45,trader_bridge_app,TradePage,1787758764,5,0,0
q2uzwrke,17,9rjegrhf,48,trader_bridge_app,DayBreak,1787758764,5,0,0
q2uzwrke,21,f91zrrno,45,trader_bridge_app,TradePage,1787758765,5,0,0
q2uzwrke,20,snchrzvy,46,trader_bridge_app,PauseTradingSession,1787758765,5,0,1
q2uzwrke,19,apzj4yol,46,trader_bridge_app,PauseTradingSession,1787758765,5,0,1
q2uzwrke,22,9mbxlv2t,46,trader_bridge_app,PauseTradingSession,1787758765,5,0,1
q2uzwrke,23,7o8xvt2o,46,trader_bridge_app,PauseTradingSession,1787758765,5,0,1
q2uzwrke,24,zhzlqg1e,46,trader_bridge_app,PauseTradingSession,1787758765,5,0,1
q2uzwrke,21,f91zrrno,46,trader_bridge_app,PauseTradingSession,1787758765,5,0,1
q2uzwrke,13,f3mphw9o,52,trader_bridge_app,ResumeTradingSession,1787758765,6,0,1
q2uzwrke,14,cyg00ds2,52,trader_bridge_app,ResumeTradingSession,1787758765,6,0,1
q2uzwrke,15,uqq53dhb,52,trader_bridge_app,ResumeTradingSession,1787758765,6,0,1
q2uzwrke,16,g8furig5,52,trader_bridge_app,ResumeTradingSession,1787758765,6,0,1
q2uzwrke,17,9rjegrhf,52,trader_bridge_app,ResumeTradingSession,1787758765,6,0,1
q2uzwrke,18,wqftgkbl,52,trader_bridge_app,ResumeTradingSession,1787758765,6,0,1
q2uzwrke,10,brk7umva,48,trader_bridge_app,DayBreak,1787758765,5,1,0
q2uzwrke,11,5bn07pj6,48,trader_bridge_app,DayBreak,1787758765,5,1,0
q2uzwrke,7,7g7d2gpm,52,trader_bridge_app,ResumeTradingSession,1787758766,6,0,1
q2uzwrke,8,mtbht5gb,52,trader_bridge_app,ResumeTradingSession,1787758766,6,0,1
q2uzwrke,9,ev19ndvk,52,trader_bridge_app,ResumeTradingSession,1787758766,6,0,1
q2uzwrke,10,brk7umva,52,trader_bridge_app,ResumeTradingSession,1787758766,6,0,1
q2uzwrke,11,5bn07pj6,52,trader_bridge_app,ResumeTradingSession,1787758766,6,0,1
q2uzwrke,12,mrmdneuj,52,trader_bridge_app,ResumeTradingSession,1787758766,6,0,1
q2uzwrke,23,7o8xvt2o,48,trader_bridge_app,DayBreak,1787758768,5,0,0
q2uzwrke,34,qxqa9r8o,57,trader_bridge_app,DayBreak,1787758769,6,0,0
q2uzwrke,21,f91zrrno,48,trader_bridge_app,DayBreak,1787758771,5,0,0
q2uzwrke,24,zhzlqg1e,48,trader_bridge_app,DayBreak,1787758772,5,0,0
q2uzwrke,19,apzj4yol,48,trader_bridge_app,DayBreak,1787758772,5,0,0
q2uzwrke,20,snchrzvy,48,trader_bridge_app,DayBreak,1787758772,5,0,0
q2uzwrke,22,9mbxlv2t,48,trader_bridge_app,DayBreak,1787758774,5,0,0
q2uzwrke,19,apzj4yol,52,trader_bridge_app,ResumeTradingSession,1787758775,6,0,1
q2uzwrke,20,snchrzvy,52,trader_bridge_app,ResumeTradingSession,1787758775,6,0,1
q2uzwrke,24,zhzlqg1e,52,trader_bridge_app,ResumeTradingSession,1787758775,6,0,1
q2uzwrke,21,f91zrrno,52,trader_bridge_app,ResumeTradingSession,1787758775,6,0,1
q2uzwrke,22,9mbxlv2t,52,trader_bridge_app,ResumeTradingSession,1787758775,6,0,1
q2uzwrke,23,7o8xvt2o,52,trader_bridge_app,ResumeTradingSession,1787758775,6,0,1
q2uzwrke,33,9h22z7kz,57,trader_bridge_app,DayBreak,1787758777,6,1,0
q2uzwrke,32,1mrh7feb,57,trader_bridge_app,DayBreak,1787758777,6,1,0
q2uzwrke,31,yobjlrr4,57,trader_bridge_app,DayBreak,1787758777,6,1,0
q2uzwrke,33,9h22z7kz,61,trader_bridge_app,ResumeTradingSession,1787758777,7,0,1
q2uzwrke,34,qxqa9r8o,61,trader_bridge_app,ResumeTradingSession,1787758777,7,0,1
q2uzwrke,31,yobjlrr4,61,trader_bridge_app,ResumeTradingSession,1787758777,7,0,1
q2uzwrke,32,1mrh7feb,61,trader_bridge_app,ResumeTradingSession,1787758777,7,0,1
q2uzwrke,4,yyhl1m0v,45,trader_bridge_app,TradePage,1787758785,5,0,0
q2uzwrke,6,rwcm4r8f,45,trader_bridge_app,TradePage,1787758785,5,0,0
q2uzwrke,1,92eypnyh,45,trader_bridge_app,TradePage,1787758785,5,0,0
q2uzwrke,5,edxyk9dw,45,trader_bridge_app,TradePage,1787758785,5,0,0
q2uzwrke,2,4p4bxdks,45,trader_bridge_app,TradePage,1787758785,5,0,0
q2uzwrke,3,1y1fmxh4,45,trader_bridge_app,TradePage,1787758785,5,0,0
q2uzwrke,1,92eypnyh,46,trader_bridge_app,PauseTradingSession,1787758785,5,0,1
q2uzwrke,2,4p4bxdks,46,trader_bridge_app,PauseTradingSession,1787758785,5,0,1
q2uzwrke,3,1y1fmxh4,46,trader_bridge_app,PauseTradingSession,1787758785,5,0,1
q2uzwrke,4,yyhl1m0v,46,trader_bridge_app,PauseTradingSession,1787758785,5,0,1
q2uzwrke,5,edxyk9dw,46,trader_bridge_app,PauseTradingSession,1787758785,5,0,1
q2uzwrke,6,rwcm4r8f,46,trader_bridge_app,PauseTradingSession,1787758785,5,0,1
q2uzwrke,3,1y1fmxh4,48,trader_bridge_app,DayBreak,1787758788,5,0,0
q2uzwrke,5,edxyk9dw,48,trader_bridge_app,DayBreak,1787758789,5,0,0
q2uzwrke,1,92eypnyh,48,trader_bridge_app,DayBreak,1787758790,5,0,0
q2uzwrke,6,rwcm4r8f,48,trader_bridge_app,DayBreak,1787758791,5,0,0
q2uzwrke,4,yyhl1m0v,48,trader_bridge_app,DayBreak,1787758795,5,0,0
q2uzwrke,2,4p4bxdks,48,trader_bridge_app,DayBreak,1787758806,5,1,0
q2uzwrke,1,92eypnyh,52,trader_bridge_app,ResumeTradingSession,1787758806,6,0,1
q2uzwrke,2,4p4bxdks,52,trader_bridge_app,ResumeTradingSession,1787758806,6,0,1
q2uzwrke,3,1y1fmxh4,52,trader_bridge_app,ResumeTradingSession,1787758806,6,0,1
q2uzwrke,4,yyhl1m0v,52,trader_bridge_app,ResumeTradingSession,1787758806,6,0,1
q2uzwrke,5,edxyk9dw,52,trader_bridge_app,ResumeTradingSession,1787758806,6,0,1
q2uzwrke,6,rwcm4r8f,52,trader_bridge_app,ResumeTradingSession,1787758806,6,0,1
q2uzwrke,30,u1o2yo0d,54,trader_bridge_app,TradePage,1787758822,6,0,0
q2uzwrke,27,wkkj7ya7,54,trader_bridge_app,TradePage,1787758822,6,0,0
q2uzwrke,28,e1gm0pyc,54,trader_bridge_app,TradePage,1787758822,6,0,0
q2uzwrke,29,6geodwqp,54,trader_bridge_app,TradePage,1787758822,6,0,0
q2uzwrke,26,grusydd1,54,trader_bridge_app,TradePage,1787758822,6,0,0
q2uzwrke,25,pudy6lk1,54,trader_bridge_app,TradePage,1787758822,6,0,0
q2uzwrke,29,6geodwqp,55,trader_bridge_app,PauseTradingSession,1787758823,6,0,1
q2uzwrke,30,u1o2yo0d,55,trader_bridge_app,PauseTradingSession,1787758823,6,0,1
q2uzwrke,25,pudy6lk1,55,trader_bridge_app,PauseTradingSession,1787758823,6,0,1
q2uzwrke,26,grusydd1,55,trader_bridge_app,PauseTradingSession,1787758823,6,0,1
q2uzwrke,27,wkkj7ya7,55,trader_bridge_app,PauseTradingSession,1787758823,6,0,1
q2uzwrke,28,e1gm0pyc,55,trader_bridge_app,PauseTradingSession,1787758823,6,0,1
q2uzwrke,17,9rjegrhf,54,trader_bridge_app,TradePage,1787758826,6,0,0
q2uzwrke,13,f3mphw9o,54,trader_bridge_app,TradePage,1787758827,6,0,0
q2uzwrke,15,uqq53dhb,54,trader_bridge_app,TradePage,1787758827,6,0,0
q2uzwrke,16,g8furig5,54,trader_bridge_app,TradePage,1787758827,6,0,0
q2uzwrke,18,wqftgkbl,54,trader_bridge_app,TradePage,1787758827,6,0,0
q2uzwrke,14,cyg00ds2,54,trader_bridge_app,TradePage,1787758827,6,0,0
q2uzwrke,13,f3mphw9o,55,trader_bridge_app,PauseTradingSession,1787758827,6,0,1
q2uzwrke,14,cyg00ds2,55,trader_bridge_app,PauseTradingSession,1787758827,6,0,1
q2uzwrke,15,uqq53dhb,55,trader_bridge_app,PauseTradingSession,1787758827,6,0,1
q2uzwrke,16,g8furig5,55,trader_bridge_app,PauseTradingSession,1787758827,6,0,1
q2uzwrke,17,9rjegrhf,55,trader_bridge_app,PauseTradingSession,1787758827,6,0,1
q2uzwrke,18,wqftgkbl,55,trader_bridge_app,PauseTradingSession,1787758827,6,0,1
q2uzwrke,10,brk7umva,54,trader_bridge_app,TradePage,1787758828,6,0,0
q2uzwrke,11,5bn07pj6,54,trader_bridge_app,TradePage,1787758828,6,0,0
q2uzwrke,12,mrmdneuj,54,trader_bridge_app,TradePage,1787758828,6,0,0
q2uzwrke,8,mtbht5gb,54,trader_bridge_app,TradePage,1787758828,6,0,0
q2uzwrke,7,7g7d2gpm,54,trader_bridge_app,TradePage,1787758828,6,0,0
q2uzwrke,9,ev19ndvk,54,trader_bridge_app,TradePage,1787758828,6,0,0
q2uzwrke,7,7g7d2gpm,55,trader_bridge_app,PauseTradingSession,1787758829,6,0,1
q2uzwrke,8,mtbht5gb,55,trader_bridge_app,PauseTradingSession,1787758829,6,0,1
q2uzwrke,9,ev19ndvk,55,trader_bridge_app,PauseTradingSession,1787758829,6,0,1
q2uzwrke,10,brk7umva,55,trader_bridge_app,PauseTradingSession,1787758829,6,0,1
q2uzwrke,11,5bn07pj6,55,trader_bridge_app,PauseTradingSession,1787758829,6,0,1
q2uzwrke,12,mrmdneuj,55,trader_bridge_app,PauseTradingSession,1787758829,6,0,1
q2uzwrke,22,9mbxlv2t,54,trader_bridge_app,TradePage,1787758836,6,0,0
q2uzwrke,20,snchrzvy,54,trader_bridge_app,TradePage,1787758836,6,0,0
q2uzwrke,24,zhzlqg1e,54,trader_bridge_app,TradePage,1787758836,6,0,0
q2uzwrke,19,apzj4yol,54,trader_bridge_app,TradePage,1787758836,6,0,0
q2uzwrke,23,7o8xvt2o,54,trader_bridge_app,TradePage,1787758836,6,0,0
q2uzwrke,21,f91zrrno,54,trader_bridge_app,TradePage,1787758836,6,0,0
q2uzwrke,21,f91zrrno,55,trader_bridge_app,PauseTradingSession,1787758837,6,0,1
q2uzwrke,22,9mbxlv2t,55,trader_bridge_app,PauseTradingSession,1787758837,6,0,1
q2uzwrke,23,7o8xvt2o,55,trader_bridge_app,PauseTradingSession,1787758837,6,0,1
q2uzwrke,24,zhzlqg1e,55,trader_bridge_app,PauseTradingSession,1787758837,6,0,1
q2uzwrke,19,apzj4yol,55,trader_bridge_app,PauseTradingSession,1787758837,6,0,1
q2uzwrke,20,snchrzvy,55,trader_bridge_app,PauseTradingSession,1787758837,6,0,1
q2uzwrke,25,pudy6lk1,57,trader_bridge_app,DayBreak,1787758837,6,0,0
q2uzwrke,33,9h22z7kz,63,trader_bridge_app,TradePage,1787758838,7,0,0
q2uzwrke,32,1mrh7feb,63,trader_bridge_app,TradePage,1787758838,7,0,0
q2uzwrke,31,yobjlrr4,63,trader_bridge_app,TradePage,1787758838,7,0,0
q2uzwrke,34,qxqa9r8o,63,trader_bridge_app,TradePage,1787758838,7,0,0
q2uzwrke,31,yobjlrr4,64,trader_bridge_app,PauseTradingSession,1787758839,7,0,1
q2uzwrke,32,1mrh7feb,64,trader_bridge_app,PauseTradingSession,1787758839,7,0,1
q2uzwrke,33,9h22z7kz,64,trader_bridge_app,PauseTradingSession,1787758839,7,0,1
q2uzwrke,34,qxqa9r8o,64,trader_bridge_app,PauseTradingSession,1787758839,7,0,1
q2uzwrke,29,6geodwqp,57,trader_bridge_app,DayBreak,1787758841,6,0,0
q2uzwrke,34,qxqa9r8o,66,trader_bridge_app,DayBreak,1787758843,7,0,0
q2uzwrke,16,g8furig5,57,trader_bridge_app,DayBreak,1787758843,6,0,0
q2uzwrke,13,f3mphw9o,57,trader_bridge_app,DayBreak,1787758843,6,0,0
q2uzwrke,27,wkkj7ya7,57,trader_bridge_app,DayBreak,1787758843,6,1,0
q2uzwrke,26,grusydd1,57,trader_bridge_app,DayBreak,1787758844,6,1,0
q2uzwrke,28,e1gm0pyc,57,trader_bridge_app,DayBreak,1787758844,6,1,0
q2uzwrke,30,u1o2yo0d,57,trader_bridge_app,DayBreak,1787758844,6,1,0
q2uzwrke,25,pudy6lk1,61,trader_bridge_app,ResumeTradingSession,1787758844,7,0,1
q2uzwrke,26,grusydd1,61,trader_bridge_app,ResumeTradingSession,1787758844,7,0,1
q2uzwrke,27,wkkj7ya7,61,trader_bridge_app,ResumeTradingSession,1787758844,7,0,1
q2uzwrke,28,e1gm0pyc,61,trader_bridge_app,ResumeTradingSession,1787758844,7,0,1
q2uzwrke,30,u1o2yo0d,61,trader_bridge_app,ResumeTradingSession,1787758844,7,0,1
q2uzwrke,29,6geodwqp,61,trader_bridge_app,ResumeTradingSession,1787758844,7,0,1
q2uzwrke,14,cyg00ds2,57,trader_bridge_app,DayBreak,1787758844,6,0,0
q2uzwrke,11,5bn07pj6,57,trader_bridge_app,DayBreak,1787758845,6,0,0
q2uzwrke,32,1mrh7feb,66,trader_bridge_app,DayBreak,1787758845,7,0,0
q2uzwrke,15,uqq53dhb,57,trader_bridge_app,DayBreak,1787758845,6,0,0
q2uzwrke,23,7o8xvt2o,57,trader_bridge_app,DayBreak,1787758848,6,0,0
q2uzwrke,10,brk7umva,57,trader_bridge_app,DayBreak,1787758848,6,0,0
q2uzwrke,31,yobjlrr4,66,trader_bridge_app,DayBreak,1787758848,7,0,0
q2uzwrke,18,wqftgkbl,57,trader_bridge_app,DayBreak,1787758849,6,1,0
q2uzwrke,17,9rjegrhf,57,trader_bridge_app,DayBreak,1787758849,6,1,0
q2uzwrke,13,f3mphw9o,61,trader_bridge_app,ResumeTradingSession,1787758849,7,0,1
q2uzwrke,14,cyg00ds2,61,trader_bridge_app,ResumeTradingSession,1787758849,7,0,1
q2uzwrke,15,uqq53dhb,61,trader_bridge_app,ResumeTradingSession,1787758849,7,0,1
q2uzwrke,16,g8furig5,61,trader_bridge_app,ResumeTradingSession,1787758849,7,0,1
q2uzwrke,17,9rjegrhf,61,trader_bridge_app,ResumeTradingSession,1787758849,7,0,1
q2uzwrke,18,wqftgkbl,61,trader_bridge_app,ResumeTradingSession,1787758849,7,0,1
q2uzwrke,7,7g7d2gpm,57,trader_bridge_app,DayBreak,1787758850,6,1,0
q2uzwrke,12,mrmdneuj,57,trader_bridge_app,DayBreak,1787758851,6,1,0
q2uzwrke,8,mtbht5gb,57,trader_bridge_app,DayBreak,1787758851,6,1,0
q2uzwrke,9,ev19ndvk,57,trader_bridge_app,DayBreak,1787758851,6,1,0
q2uzwrke,7,7g7d2gpm,61,trader_bridge_app,ResumeTradingSession,1787758851,7,0,1
q2uzwrke,8,mtbht5gb,61,trader_bridge_app,ResumeTradingSession,1787758851,7,0,1
q2uzwrke,9,ev19ndvk,61,trader_bridge_app,ResumeTradingSession,1787758851,7,0,1
q2uzwrke,10,brk7umva,61,trader_bridge_app,ResumeTradingSession,1787758851,7,0,1
q2uzwrke,11,5bn07pj6,61,trader_bridge_app,ResumeTradingSession,1787758851,7,0,1
q2uzwrke,12,mrmdneuj,61,trader_bridge_app,ResumeTradingSession,1787758851,7,0,1
q2uzwrke,21,f91zrrno,57,trader_bridge_app,DayBreak,1787758851,6,0,0
q2uzwrke,33,9h22z7kz,66,trader_bridge_app,DayBreak,1787758853,7,0,0
q2uzwrke,22,9mbxlv2t,57,trader_bridge_app,DayBreak,1787758853,6,0,0
q2uzwrke,31,yobjlrr4,70,trader_bridge_app,ResumeTradingSession,1787758854,8,0,1
q2uzwrke,32,1mrh7feb,70,trader_bridge_app,ResumeTradingSession,1787758854,8,0,1
q2uzwrke,33,9h22z7kz,70,trader_bridge_app,ResumeTradingSession,1787758854,8,0,1
q2uzwrke,34,qxqa9r8o,70,trader_bridge_app,ResumeTradingSession,1787758854,8,0,1
q2uzwrke,20,snchrzvy,57,trader_bridge_app,DayBreak,1787758854,6,0,0
q2uzwrke,24,zhzlqg1e,57,trader_bridge_app,DayBreak,1787758857,6,0,0
q2uzwrke,19,apzj4yol,57,trader_bridge_app,DayBreak,1787758857,6,1,0
q2uzwrke,19,apzj4yol,61,trader_bridge_app,ResumeTradingSession,1787758858,7,0,1
q2uzwrke,20,snchrzvy,61,trader_bridge_app,ResumeTradingSession,1787758858,7,0,1
q2uzwrke,21,f91zrrno,61,trader_bridge_app,ResumeTradingSession,1787758858,7,0,1
q2uzwrke,22,9mbxlv2t,61,trader_bridge_app,ResumeTradingSession,1787758858,7,0,1
q2uzwrke,23,7o8xvt2o,61,trader_bridge_app,ResumeTradingSession,1787758858,7,0,1
q2uzwrke,24,zhzlqg1e,61,trader_bridge_app,ResumeTradingSession,1787758858,7,0,1
q2uzwrke,2,4p4bxdks,54,trader_bridge_app,TradePage,1787758867,6,0,0
q2uzwrke,1,92eypnyh,54,trader_bridge_app,TradePage,1787758867,6,0,0
q2uzwrke,3,1y1fmxh4,54,trader_bridge_app,TradePage,1787758867,6,0,0
q2uzwrke,5,edxyk9dw,54,trader_bridge_app,TradePage,1787758868,6,0,0
q2uzwrke,6,rwcm4r8f,54,trader_bridge_app,TradePage,1787758868,6,0,0
q2uzwrke,4,yyhl1m0v,54,trader_bridge_app,TradePage,1787758868,6,0,0
q2uzwrke,1,92eypnyh,55,trader_bridge_app,PauseTradingSession,1787758868,6,0,1
q2uzwrke,2,4p4bxdks,55,trader_bridge_app,PauseTradingSession,1787758868,6,0,1
q2uzwrke,3,1y1fmxh4,55,trader_bridge_app,PauseTradingSession,1787758868,6,0,1
q2uzwrke,4,yyhl1m0v,55,trader_bridge_app,PauseTradingSession,1787758868,6,0,1
q2uzwrke,5,edxyk9dw,55,trader_bridge_app,PauseTradingSession,1787758868,6,0,1
q2uzwrke,6,rwcm4r8f,55,trader_bridge_app,PauseTradingSession,1787758868,6,0,1
q2uzwrke,2,4p4bxdks,57,trader_bridge_app,DayBreak,1787758886,6,0,0
q2uzwrke,3,1y1fmxh4,57,trader_bridge_app,DayBreak,1787758889,6,1,0
q2uzwrke,1,92eypnyh,57,trader_bridge_app,DayBreak,1787758889,6,1,0
q2uzwrke,5,edxyk9dw,57,trader_bridge_app,DayBreak,1787758889,6,1,0
q2uzwrke,6,rwcm4r8f,57,trader_bridge_app,DayBreak,1787758889,6,1,0
q2uzwrke,4,yyhl1m0v,57,trader_bridge_app,DayBreak,1787758889,6,1,0
q2uzwrke,1,92eypnyh,61,trader_bridge_app,ResumeTradingSession,1787758889,7,0,1
q2uzwrke,2,4p4bxdks,61,trader_bridge_app,ResumeTradingSession,1787758889,7,0,1
q2uzwrke,3,1y1fmxh4,61,trader_bridge_app,ResumeTradingSession,1787758889,7,0,1
q2uzwrke,6,rwcm4r8f,61,trader_bridge_app,ResumeTradingSession,1787758889,7,0,1
q2uzwrke,4,yyhl1m0v,61,trader_bridge_app,ResumeTradingSession,1787758889,7,0,1
q2uzwrke,5,edxyk9dw,61,trader_bridge_app,ResumeTradingSession,1787758889,7,0,1
q2uzwrke,27,wkkj7ya7,63,trader_bridge_app,TradePage,1787758905,7,0,0
q2uzwrke,26,grusydd1,63,trader_bridge_app,TradePage,1787758905,7,0,0
q2uzwrke,28,e1gm0pyc,63,trader_bridge_app,TradePage,1787758905,7,0,0
q2uzwrke,30,u1o2yo0d,63,trader_bridge_app,TradePage,1787758905,7,0,0
q2uzwrke,25,pudy6lk1,63,trader_bridge_app,TradePage,1787758905,7,0,0
q2uzwrke,29,6geodwqp,63,trader_bridge_app,TradePage,1787758905,7,0,0
q2uzwrke,29,6geodwqp,64,trader_bridge_app,PauseTradingSession,1787758906,7,0,1
q2uzwrke,30,u1o2yo0d,64,trader_bridge_app,PauseTradingSession,1787758906,7,0,1
q2uzwrke,25,pudy6lk1,64,trader_bridge_app,PauseTradingSession,1787758906,7,0,1
q2uzwrke,26,grusydd1,64,trader_bridge_app,PauseTradingSession,1787758906,7,0,1
q2uzwrke,27,wkkj7ya7,64,trader_bridge_app,PauseTradingSession,1787758906,7,0,1
q2uzwrke,28,e1gm0pyc,64,trader_bridge_app,PauseTradingSession,1787758906,7,0,1
q2uzwrke,25,pudy6lk1,66,trader_bridge_app,DayBreak,1787758909,7,0,0
q2uzwrke,18,wqftgkbl,63,trader_bridge_app,TradePage,1787758910,7,0,0
q2uzwrke,17,9rjegrhf,63,trader_bridge_app,TradePage,1787758910,7,0,0
q2uzwrke,15,uqq53dhb,63,trader_bridge_app,TradePage,1787758910,7,0,0
q2uzwrke,16,g8furig5,63,trader_bridge_app,TradePage,1787758910,7,0,0
q2uzwrke,14,cyg00ds2,63,trader_bridge_app,TradePage,1787758910,7,0,0
q2uzwrke,13,f3mphw9o,63,trader_bridge_app,TradePage,1787758910,7,0,0
q2uzwrke,18,wqftgkbl,64,trader_bridge_app,PauseTradingSession,1787758911,7,0,1
q2uzwrke,13,f3mphw9o,64,trader_bridge_app,PauseTradingSession,1787758911,7,0,1
q2uzwrke,14,cyg00ds2,64,trader_bridge_app,PauseTradingSession,1787758911,7,0,1
q2uzwrke,15,uqq53dhb,64,trader_bridge_app,PauseTradingSession,1787758911,7,0,1
q2uzwrke,16,g8furig5,64,trader_bridge_app,PauseTradingSession,1787758911,7,0,1
q2uzwrke,17,9rjegrhf,64,trader_bridge_app,PauseTradingSession,1787758911,7,0,1
q2uzwrke,26,grusydd1,66,trader_bridge_app,DayBreak,1787758911,7,0,0
q2uzwrke,29,6geodwqp,66,trader_bridge_app,DayBreak,1787758911,7,0,0
q2uzwrke,30,u1o2yo0d,66,trader_bridge_app,DayBreak,1787758912,7,0,0
q2uzwrke,27,wkkj7ya7,66,trader_bridge_app,DayBreak,1787758912,7,0,0
q2uzwrke,7,7g7d2gpm,63,trader_bridge_app,TradePage,1787758912,7,0,0
q2uzwrke,12,mrmdneuj,63,trader_bridge_app,TradePage,1787758912,7,0,0
q2uzwrke,8,mtbht5gb,63,trader_bridge_app,TradePage,1787758912,7,0,0
q2uzwrke,9,ev19ndvk,63,trader_bridge_app,TradePage,1787758912,7,0,0
q2uzwrke,10,brk7umva,63,trader_bridge_app,TradePage,1787758913,7,0,0
q2uzwrke,11,5bn07pj6,63,trader_bridge_app,TradePage,1787758913,7,0,0
q2uzwrke,7,7g7d2gpm,64,trader_bridge_app,PauseTradingSession,1787758913,7,0,1
q2uzwrke,8,mtbht5gb,64,trader_bridge_app,PauseTradingSession,1787758913,7,0,1
q2uzwrke,9,ev19ndvk,64,trader_bridge_app,PauseTradingSession,1787758913,7,0,1
q2uzwrke,10,brk7umva,64,trader_bridge_app,PauseTradingSession,1787758913,7,0,1
q2uzwrke,11,5bn07pj6,64,trader_bridge_app,PauseTradingSession,1787758913,7,0,1
q2uzwrke,12,mrmdneuj,64,trader_bridge_app,PauseTradingSession,1787758913,7,0,1
q2uzwrke,33,9h22z7kz,72,trader_bridge_app,TradePage,1787758915,8,0,0
q2uzwrke,31,yobjlrr4,72,trader_bridge_app,TradePage,1787758915,8,0,0
q2uzwrke,32,1mrh7feb,72,trader_bridge_app,TradePage,1787758915,8,0,0
q2uzwrke,34,qxqa9r8o,72,trader_bridge_app,TradePage,1787758916,8,0,0
q2uzwrke,31,yobjlrr4,73,trader_bridge_app,PauseTradingSession,1787758916,8,0,1
q2uzwrke,32,1mrh7feb,73,trader_bridge_app,PauseTradingSession,1787758916,8,0,1
q2uzwrke,33,9h22z7kz,73,trader_bridge_app,PauseTradingSession,1787758916,8,0,1
q2uzwrke,34,qxqa9r8o,73,trader_bridge_app,PauseTradingSession,1787758916,8,0,1
q2uzwrke,18,wqftgkbl,66,trader_bridge_app,DayBreak,1787758916,7,0,0
q2uzwrke,15,uqq53dhb,66,trader_bridge_app,DayBreak,1787758917,7,0,0
q2uzwrke,14,cyg00ds2,66,trader_bridge_app,DayBreak,1787758917,7,0,0
q2uzwrke,19,apzj4yol,63,trader_bridge_app,TradePage,1787758919,7,0,0
q2uzwrke,16,g8furig5,66,trader_bridge_app,DayBreak,1787758919,7,0,0
q2uzwrke,20,snchrzvy,63,trader_bridge_app,TradePage,1787758919,7,0,0
q2uzwrke,24,zhzlqg1e,63,trader_bridge_app,TradePage,1787758919,7,0,0
q2uzwrke,22,9mbxlv2t,63,trader_bridge_app,TradePage,1787758920,7,0,0
q2uzwrke,34,qxqa9r8o,75,trader_bridge_app,DayBreak,1787758920,8,0,0
q2uzwrke,21,f91zrrno,63,trader_bridge_app,TradePage,1787758920,7,0,0
q2uzwrke,23,7o8xvt2o,63,trader_bridge_app,TradePage,1787758920,7,0,0
q2uzwrke,11,5bn07pj6,66,trader_bridge_app,DayBreak,1787758920,7,0,0
q2uzwrke,23,7o8xvt2o,64,trader_bridge_app,PauseTradingSession,1787758920,7,0,1
q2uzwrke,24,zhzlqg1e,64,trader_bridge_app,PauseTradingSession,1787758920,7,0,1
q2uzwrke,19,apzj4yol,64,trader_bridge_app,PauseTradingSession,1787758920,7,0,1
q2uzwrke,20,snchrzvy,64,trader_bridge_app,PauseTradingSession,1787758920,7,0,1
q2uzwrke,21,f91zrrno,64,trader_bridge_app,PauseTradingSession,1787758920,7,0,1
q2uzwrke,22,9mbxlv2t,64,trader_bridge_app,PauseTradingSession,1787758920,7,0,1
q2uzwrke,12,mrmdneuj,66,trader_bridge_app,DayBreak,1787758921,7,0,0
q2uzwrke,13,f3mphw9o,66,trader_bridge_app,DayBreak,1787758921,7,0,0
q2uzwrke,7,7g7d2gpm,66,trader_bridge_app,DayBreak,1787758922,7,0,0
q2uzwrke,9,ev19ndvk,66,trader_bridge_app,DayBreak,1787758923,7,0,0
q2uzwrke,32,1mrh7feb,75,trader_bridge_app,DayBreak,1787758924,8,0,0
q2uzwrke,22,9mbxlv2t,66,trader_bridge_app,DayBreak,1787758924,7,0,0
q2uzwrke,17,9rjegrhf,66,trader_bridge_app,DayBreak,1787758924,7,0,0
q2uzwrke,20,snchrzvy,66,trader_bridge_app,DayBreak,1787758925,7,0,0
q2uzwrke,13,f3mphw9o,70,trader_bridge_app,ResumeTradingSession,1787758925,8,0,1
q2uzwrke,15,uqq53dhb,70,trader_bridge_app,ResumeTradingSession,1787758925,8,0,1
q2uzwrke,16,g8furig5,70,trader_bridge_app,ResumeTradingSession,1787758925,8,0,1
q2uzwrke,17,9rjegrhf,70,trader_bridge_app,ResumeTradingSession,1787758925,8,0,1
q2uzwrke,18,wqftgkbl,70,trader_bridge_app,ResumeTradingSession,1787758925,8,0,1
q2uzwrke,14,cyg00ds2,70,trader_bridge_app,ResumeTradingSession,1787758925,8,0,1
q2uzwrke,23,7o8xvt2o,66,trader_bridge_app,DayBreak,1787758925,7,0,0
q2uzwrke,28,e1gm0pyc,66,trader_bridge_app,DayBreak,1787758926,7,0,0
q2uzwrke,25,pudy6lk1,70,trader_bridge_app,ResumeTradingSession,1787758926,8,0,1
q2uzwrke,26,grusydd1,70,trader_bridge_app,ResumeTradingSession,1787758926,8,0,1
q2uzwrke,27,wkkj7ya7,70,trader_bridge_app,ResumeTradingSession,1787758926,8,0,1
q2uzwrke,28,e1gm0pyc,70,trader_bridge_app,ResumeTradingSession,1787758926,8,0,1
q2uzwrke,29,6geodwqp,70,trader_bridge_app,ResumeTradingSession,1787758926,8,0,1
q2uzwrke,30,u1o2yo0d,70,trader_bridge_app,ResumeTradingSession,1787758926,8,0,1
q2uzwrke,31,yobjlrr4,75,trader_bridge_app,DayBreak,1787758927,8,0,0
q2uzwrke,33,9h22z7kz,75,trader_bridge_app,DayBreak,1787758928,8,0,0
q2uzwrke,32,1mrh7feb,79,trader_bridge_app,ResumeTradingSession,1787758928,9,0,1
q2uzwrke,31,yobjlrr4,79,trader_bridge_app,ResumeTradingSession,1787758928,9,0,1
q2uzwrke,33,9h22z7kz,79,trader_bridge_app,ResumeTradingSession,1787758928,9,0,1
q2uzwrke,34,qxqa9r8o,79,trader_bridge_app,ResumeTradingSession,1787758928,9,0,1
q2uzwrke,19,apzj4yol,66,trader_bridge_app,DayBreak,1787758928,7,0,0
q2uzwrke,24,zhzlqg1e,66,trader_bridge_app,DayBreak,1787758928,7,0,0
q2uzwrke,8,mtbht5gb,66,trader_bridge_app,DayBreak,1787758929,7,0,0
q2uzwrke,21,f91zrrno,66,trader_bridge_app,DayBreak,1787758931,7,0,0
q2uzwrke,19,apzj4yol,70,trader_bridge_app,ResumeTradingSession,1787758932,8,0,1
q2uzwrke,20,snchrzvy,70,trader_bridge_app,ResumeTradingSession,1787758932,8,0,1
q2uzwrke,21,f91zrrno,70,trader_bridge_app,ResumeTradingSession,1787758932,8,0,1
q2uzwrke,22,9mbxlv2t,70,trader_bridge_app,ResumeTradingSession,1787758932,8,0,1
q2uzwrke,23,7o8xvt2o,70,trader_bridge_app,ResumeTradingSession,1787758932,8,0,1
q2uzwrke,24,zhzlqg1e,70,trader_bridge_app,ResumeTradingSession,1787758932,8,0,1
q2uzwrke,10,brk7umva,66,trader_bridge_app,DayBreak,1787758934,7,0,0
q2uzwrke,7,7g7d2gpm,70,trader_bridge_app,ResumeTradingSession,1787758934,8,0,1
q2uzwrke,8,mtbht5gb,70,trader_bridge_app,ResumeTradingSession,1787758934,8,0,1
q2uzwrke,9,ev19ndvk,70,trader_bridge_app,ResumeTradingSession,1787758934,8,0,1
q2uzwrke,10,brk7umva,70,trader_bridge_app,ResumeTradingSession,1787758934,8,0,1
q2uzwrke,11,5bn07pj6,70,trader_bridge_app,ResumeTradingSession,1787758934,8,0,1
q2uzwrke,12,mrmdneuj,70,trader_bridge_app,ResumeTradingSession,1787758934,8,0,1
q2uzwrke,3,1y1fmxh4,63,trader_bridge_app,TradePage,1787758950,7,0,0
q2uzwrke,1,92eypnyh,63,trader_bridge_app,TradePage,1787758950,7,0,0
q2uzwrke,5,edxyk9dw,63,trader_bridge_app,TradePage,1787758950,7,0,0
q2uzwrke,6,rwcm4r8f,63,trader_bridge_app,TradePage,1787758950,7,0,0
q2uzwrke,4,yyhl1m0v,63,trader_bridge_app,TradePage,1787758950,7,0,0
q2uzwrke,2,4p4bxdks,63,trader_bridge_app,TradePage,1787758951,7,0,0
q2uzwrke,1,92eypnyh,64,trader_bridge_app,PauseTradingSession,1787758951,7,0,1
q2uzwrke,2,4p4bxdks,64,trader_bridge_app,PauseTradingSession,1787758951,7,0,1
q2uzwrke,3,1y1fmxh4,64,trader_bridge_app,PauseTradingSession,1787758951,7,0,1
q2uzwrke,4,yyhl1m0v,64,trader_bridge_app,PauseTradingSession,1787758951,7,0,1
q2uzwrke,5,edxyk9dw,64,trader_bridge_app,PauseTradingSession,1787758951,7,0,1
q2uzwrke,6,rwcm4r8f,64,trader_bridge_app,PauseTradingSession,1787758951,7,0,1
q2uzwrke,3,1y1fmxh4,66,trader_bridge_app,DayBreak,1787758955,7,0,0
q2uzwrke,6,rwcm4r8f,66,trader_bridge_app,DayBreak,1787758956,7,0,0
q2uzwrke,5,edxyk9dw,66,trader_bridge_app,DayBreak,1787758958,7,0,0
q2uzwrke,4,yyhl1m0v,66,trader_bridge_app,DayBreak,1787758959,7,0,0
q2uzwrke,1,92eypnyh,66,trader_bridge_app,DayBreak,1787758966,7,0,0
q2uzwrke,2,4p4bxdks,66,trader_bridge_app,DayBreak,1787758972,7,1,0
q2uzwrke,1,92eypnyh,70,trader_bridge_app,ResumeTradingSession,1787758972,8,0,1
q2uzwrke,2,4p4bxdks,70,trader_bridge_app,ResumeTradingSession,1787758972,8,0,1
q2uzwrke,3,1y1fmxh4,70,trader_bridge_app,ResumeTradingSession,1787758972,8,0,1
q2uzwrke,4,yyhl1m0v,70,trader_bridge_app,ResumeTradingSession,1787758972,8,0,1
q2uzwrke,5,edxyk9dw,70,trader_bridge_app,ResumeTradingSession,1787758972,8,0,1
q2uzwrke,6,rwcm4r8f,70,trader_bridge_app,ResumeTradingSession,1787758972,8,0,1
q2uzwrke,17,9rjegrhf,72,trader_bridge_app,TradePage,1787758986,8,0,0
q2uzwrke,15,uqq53dhb,72,trader_bridge_app,TradePage,1787758986,8,0,0
q2uzwrke,16,g8furig5,72,trader_bridge_app,TradePage,1787758986,8,0,0
q2uzwrke,18,wqftgkbl,72,trader_bridge_app,TradePage,1787758986,8,0,0
q2uzwrke,14,cyg00ds2,72,trader_bridge_app,TradePage,1787758986,8,0,0
q2uzwrke,13,f3mphw9o,72,trader_bridge_app,TradePage,1787758986,8,0,0
q2uzwrke,13,f3mphw9o,73,trader_bridge_app,PauseTradingSession,1787758986,8,0,1
q2uzwrke,14,cyg00ds2,73,trader_bridge_app,PauseTradingSession,1787758986,8,0,1
q2uzwrke,15,uqq53dhb,73,trader_bridge_app,PauseTradingSession,1787758986,8,0,1
q2uzwrke,16,g8furig5,73,trader_bridge_app,PauseTradingSession,1787758986,8,0,1
q2uzwrke,17,9rjegrhf,73,trader_bridge_app,PauseTradingSession,1787758986,8,0,1
q2uzwrke,18,wqftgkbl,73,trader_bridge_app,PauseTradingSession,1787758986,8,0,1
q2uzwrke,28,e1gm0pyc,72,trader_bridge_app,TradePage,1787758987,8,0,0
q2uzwrke,25,pudy6lk1,72,trader_bridge_app,TradePage,1787758987,8,0,0
q2uzwrke,26,grusydd1,72,trader_bridge_app,TradePage,1787758987,8,0,0
q2uzwrke,30,u1o2yo0d,72,trader_bridge_app,TradePage,1787758988,8,0,0
q2uzwrke,29,6geodwqp,72,trader_bridge_app,TradePage,1787758988,8,0,0
q2uzwrke,27,wkkj7ya7,72,trader_bridge_app,TradePage,1787758988,8,0,0
q2uzwrke,25,pudy6lk1,73,trader_bridge_app,PauseTradingSession,1787758988,8,0,1
q2uzwrke,26,grusydd1,73,trader_bridge_app,PauseTradingSession,1787758988,8,0,1
q2uzwrke,27,wkkj7ya7,73,trader_bridge_app,PauseTradingSession,1787758988,8,0,1
q2uzwrke,28,e1gm0pyc,73,trader_bridge_app,PauseTradingSession,1787758988,8,0,1
q2uzwrke,29,6geodwqp,73,trader_bridge_app,PauseTradingSession,1787758988,8,0,1
q2uzwrke,30,u1o2yo0d,73,trader_bridge_app,PauseTradingSession,1787758988,8,0,1
q2uzwrke,33,9h22z7kz,81,trader_bridge_app,TradePage,1787758989,9,0,0
q2uzwrke,32,1mrh7feb,81,trader_bridge_app,TradePage,1787758989,9,0,0
q2uzwrke,31,yobjlrr4,81,trader_bridge_app,TradePage,1787758989,9,0,0
q2uzwrke,34,qxqa9r8o,81,trader_bridge_app,TradePage,1787758989,9,0,0
q2uzwrke,31,yobjlrr4,82,trader_bridge_app,PauseTradingSession,1787758990,9,0,1
q2uzwrke,32,1mrh7feb,82,trader_bridge_app,PauseTradingSession,1787758990,9,0,1
q2uzwrke,33,9h22z7kz,82,trader_bridge_app,PauseTradingSession,1787758990,9,0,1
q2uzwrke,34,qxqa9r8o,82,trader_bridge_app,PauseTradingSession,1787758990,9,0,1
q2uzwrke,29,6geodwqp,75,trader_bridge_app,DayBreak,1787758990,8,0,0
q2uzwrke,26,grusydd1,75,trader_bridge_app,DayBreak,1787758992,8,0,0
q2uzwrke,17,9rjegrhf,75,trader_bridge_app,DayBreak,1787758992,8,0,0
q2uzwrke,25,pudy6lk1,75,trader_bridge_app,DayBreak,1787758993,8,0,0
q2uzwrke,21,f91zrrno,72,trader_bridge_app,TradePage,1787758993,8,0,0
q2uzwrke,20,snchrzvy,72,trader_bridge_app,TradePage,1787758993,8,0,0
q2uzwrke,22,9mbxlv2t,72,trader_bridge_app,TradePage,1787758993,8,0,0
q2uzwrke,24,zhzlqg1e,72,trader_bridge_app,TradePage,1787758993,8,0,0
q2uzwrke,19,apzj4yol,72,trader_bridge_app,TradePage,1787758993,8,0,0
q2uzwrke,23,7o8xvt2o,72,trader_bridge_app,TradePage,1787758993,8,0,0
q2uzwrke,15,uqq53dhb,75,trader_bridge_app,DayBreak,1787758993,8,0,0
q2uzwrke,20,snchrzvy,73,trader_bridge_app,PauseTradingSession,1787758993,8,0,1
q2uzwrke,19,apzj4yol,73,trader_bridge_app,PauseTradingSession,1787758993,8,0,1
q2uzwrke,21,f91zrrno,73,trader_bridge_app,PauseTradingSession,1787758993,8,0,1
q2uzwrke,22,9mbxlv2t,73,trader_bridge_app,PauseTradingSession,1787758993,8,0,1
q2uzwrke,23,7o8xvt2o,73,trader_bridge_app,PauseTradingSession,1787758993,8,0,1
q2uzwrke,24,zhzlqg1e,73,trader_bridge_app,PauseTradingSession,1787758993,8,0,1
q2uzwrke,30,u1o2yo0d,75,trader_bridge_app,DayBreak,1787758994,8,0,0
q2uzwrke,16,g8furig5,75,trader_bridge_app,DayBreak,1787758994,8,0,0
q2uzwrke,27,wkkj7ya7,75,trader_bridge_app,DayBreak,1787758994,8,0,0
q2uzwrke,14,cyg00ds2,75,trader_bridge_app,DayBreak,1787758994,8,0,0
q2uzwrke,28,e1gm0pyc,75,trader_bridge_app,DayBreak,1787758994,8,0,0
q2uzwrke,25,pudy6lk1,79,trader_bridge_app,ResumeTradingSession,1787758994,9,0,1
q2uzwrke,26,grusydd1,79,trader_bridge_app,ResumeTradingSession,1787758994,9,0,1
q2uzwrke,27,wkkj7ya7,79,trader_bridge_app,ResumeTradingSession,1787758994,9,0,1
q2uzwrke,28,e1gm0pyc,79,trader_bridge_app,ResumeTradingSession,1787758994,9,0,1
q2uzwrke,29,6geodwqp,79,trader_bridge_app,ResumeTradingSession,1787758994,9,0,1
q2uzwrke,30,u1o2yo0d,79,trader_bridge_app,ResumeTradingSession,1787758994,9,0,1
q2uzwrke,10,brk7umva,72,trader_bridge_app,TradePage,1787758995,8,0,0
q2uzwrke,11,5bn07pj6,72,trader_bridge_app,TradePage,1787758995,8,0,0
q2uzwrke,8,mtbht5gb,72,trader_bridge_app,TradePage,1787758995,8,0,0
q2uzwrke,7,7g7d2gpm,72,trader_bridge_app,TradePage,1787758995,8,0,0
q2uzwrke,9,ev19ndvk,72,trader_bridge_app,TradePage,1787758995,8,0,0
q2uzwrke,12,mrmdneuj,72,trader_bridge_app,TradePage,1787758995,8,0,0
q2uzwrke,10,brk7umva,73,trader_bridge_app,PauseTradingSession,1787758996,8,0,1
q2uzwrke,7,7g7d2gpm,73,trader_bridge_app,PauseTradingSession,1787758996,8,0,1
q2uzwrke,8,mtbht5gb,73,trader_bridge_app,PauseTradingSession,1787758996,8,0,1
q2uzwrke,9,ev19ndvk,73,trader_bridge_app,PauseTradingSession,1787758996,8,0,1
q2uzwrke,11,5bn07pj6,73,trader_bridge_app,PauseTradingSession,1787758996,8,0,1
q2uzwrke,12,mrmdneuj,73,trader_bridge_app,PauseTradingSession,1787758996,8,0,1
q2uzwrke,18,wqftgkbl,75,trader_bridge_app,DayBreak,1787758996,8,0,0
q2uzwrke,23,7o8xvt2o,75,trader_bridge_app,DayBreak,1787758998,8,0,0
q2uzwrke,34,qxqa9r8o,84,trader_bridge_app,DayBreak,1787758999,9,0,0
q2uzwrke,22,9mbxlv2t,75,trader_bridge_app,DayBreak,1787758999,8,0,0
q2uzwrke,11,5bn07pj6,75,trader_bridge_app,DayBreak,1787759000,8,0,0
q2uzwrke,19,apzj4yol,75,trader_bridge_app,DayBreak,1787759000,8,0,0
q2uzwrke,20,snchrzvy,75,trader_bridge_app,DayBreak,1787759001,8,0,0
q2uzwrke,31,yobjlrr4,84,trader_bridge_app,DayBreak,1787759001,9,0,0
q2uzwrke,21,f91zrrno,75,trader_bridge_app,DayBreak,1787759001,8,0,0
q2uzwrke,12,mrmdneuj,75,trader_bridge_app,DayBreak,1787759001,8,0,0
q2uzwrke,24,zhzlqg1e,75,trader_bridge_app,DayBreak,1787759002,8,0,0
q2uzwrke,24,zhzlqg1e,79,trader_bridge_app,ResumeTradingSession,1787759002,9,0,1
q2uzwrke,19,apzj4yol,79,trader_bridge_app,ResumeTradingSession,1787759002,9,0,1
q2uzwrke,20,snchrzvy,79,trader_bridge_app,ResumeTradingSession,1787759002,9,0,1
q2uzwrke,21,f91zrrno,79,trader_bridge_app,ResumeTradingSession,1787759002,9,0,1
q2uzwrke,22,9mbxlv2t,79,trader_bridge_app,ResumeTradingSession,1787759002,9,0,1
q2uzwrke,23,7o8xvt2o,79,trader_bridge_app,ResumeTradingSession,1787759002,9,0,1
q2uzwrke,33,9h22z7kz,84,trader_bridge_app,DayBreak,1787759003,9,0,0
q2uzwrke,13,f3mphw9o,75,trader_bridge_app,DayBreak,1787759004,8,0,0
q2uzwrke,13,f3mphw9o,79,trader_bridge_app,ResumeTradingSession,1787759004,9,0,1
q2uzwrke,14,cyg00ds2,79,trader_bridge_app,ResumeTradingSession,1787759004,9,0,1
q2uzwrke,15,uqq53dhb,79,trader_bridge_app,ResumeTradingSession,1787759004,9,0,1
q2uzwrke,16,g8furig5,79,trader_bridge_app,ResumeTradingSession,1787759004,9,0,1
q2uzwrke,17,9rjegrhf,79,trader_bridge_app,ResumeTradingSession,1787759004,9,0,1
q2uzwrke,18,wqftgkbl,79,trader_bridge_app,ResumeTradingSession,1787759004,9,0,1
q2uzwrke,7,7g7d2gpm,75,trader_bridge_app,DayBreak,1787759005,8,0,0
q2uzwrke,32,1mrh7feb,84,trader_bridge_app,DayBreak,1787759007,9,0,0
q2uzwrke,10,brk7umva,75,trader_bridge_app,DayBreak,1787759007,8,0,0
q2uzwrke,31,yobjlrr4,88,trader_bridge_app,ResumeTradingSession,1787759007,10,0,1
q2uzwrke,32,1mrh7feb,88,trader_bridge_app,ResumeTradingSession,1787759007,10,0,1
q2uzwrke,33,9h22z7kz,88,trader_bridge_app,ResumeTradingSession,1787759007,10,0,1
q2uzwrke,34,qxqa9r8o,88,trader_bridge_app,ResumeTradingSession,1787759007,10,0,1
q2uzwrke,8,mtbht5gb,75,trader_bridge_app,DayBreak,1787759010,8,0,0
q2uzwrke,9,ev19ndvk,75,trader_bridge_app,DayBreak,1787759017,8,1,0
q2uzwrke,7,7g7d2gpm,79,trader_bridge_app,ResumeTradingSession,1787759017,9,0,1
q2uzwrke,8,mtbht5gb,79,trader_bridge_app,ResumeTradingSession,1787759017,9,0,1
q2uzwrke,9,ev19ndvk,79,trader_bridge_app,ResumeTradingSession,1787759017,9,0,1
q2uzwrke,10,brk7umva,79,trader_bridge_app,ResumeTradingSession,1787759017,9,0,1
q2uzwrke,11,5bn07pj6,79,trader_bridge_app,ResumeTradingSession,1787759017,9,0,1
q2uzwrke,12,mrmdneuj,79,trader_bridge_app,ResumeTradingSession,1787759017,9,0,1
q2uzwrke,2,4p4bxdks,72,trader_bridge_app,TradePage,1787759033,8,0,0
q2uzwrke,1,92eypnyh,72,trader_bridge_app,TradePage,1787759033,8,0,0
q2uzwrke,4,yyhl1m0v,72,trader_bridge_app,TradePage,1787759033,8,0,0
q2uzwrke,3,1y1fmxh4,72,trader_bridge_app,TradePage,1787759033,8,0,0
q2uzwrke,6,rwcm4r8f,72,trader_bridge_app,TradePage,1787759033,8,0,0
q2uzwrke,5,edxyk9dw,72,trader_bridge_app,TradePage,1787759033,8,0,0
q2uzwrke,5,edxyk9dw,73,trader_bridge_app,PauseTradingSession,1787759034,8,0,1
q2uzwrke,6,rwcm4r8f,73,trader_bridge_app,PauseTradingSession,1787759034,8,0,1
q2uzwrke,1,92eypnyh,73,trader_bridge_app,PauseTradingSession,1787759034,8,0,1
q2uzwrke,2,4p4bxdks,73,trader_bridge_app,PauseTradingSession,1787759034,8,0,1
q2uzwrke,3,1y1fmxh4,73,trader_bridge_app,PauseTradingSession,1787759034,8,0,1
q2uzwrke,4,yyhl1m0v,73,trader_bridge_app,PauseTradingSession,1787759034,8,0,1
q2uzwrke,6,rwcm4r8f,75,trader_bridge_app,DayBreak,1787759038,8,0,0
q2uzwrke,3,1y1fmxh4,75,trader_bridge_app,DayBreak,1787759041,8,0,0
q2uzwrke,4,yyhl1m0v,75,trader_bridge_app,DayBreak,1787759047,8,0,0
q2uzwrke,1,92eypnyh,75,trader_bridge_app,DayBreak,1787759054,8,1,0
q2uzwrke,5,edxyk9dw,75,trader_bridge_app,DayBreak,1787759054,8,1,0
q2uzwrke,2,4p4bxdks,75,trader_bridge_app,DayBreak,1787759054,8,1,0
q2uzwrke,1,92eypnyh,79,trader_bridge_app,ResumeTradingSession,1787759055,9,0,1
q2uzwrke,2,4p4bxdks,79,trader_bridge_app,ResumeTradingSession,1787759055,9,0,1
q2uzwrke,3,1y1fmxh4,79,trader_bridge_app,ResumeTradingSession,1787759055,9,0,1
q2uzwrke,4,yyhl1m0v,79,trader_bridge_app,ResumeTradingSession,1787759055,9,0,1
q2uzwrke,5,edxyk9dw,79,trader_bridge_app,ResumeTradingSession,1787759055,9,0,1
q2uzwrke,6,rwcm4r8f,79,trader_bridge_app,ResumeTradingSession,1787759055,9,0,1
q2uzwrke,28,e1gm0pyc,81,trader_bridge_app,TradePage,1787759056,9,0,0
q2uzwrke,25,pudy6lk1,81,trader_bridge_app,TradePage,1787759056,9,0,0
q2uzwrke,30,u1o2yo0d,81,trader_bridge_app,TradePage,1787759056,9,0,0
q2uzwrke,26,grusydd1,81,trader_bridge_app,TradePage,1787759056,9,0,0
q2uzwrke,29,6geodwqp,81,trader_bridge_app,TradePage,1787759056,9,0,0
q2uzwrke,27,wkkj7ya7,81,trader_bridge_app,TradePage,1787759056,9,0,0
q2uzwrke,25,pudy6lk1,82,trader_bridge_app,PauseTradingSession,1787759056,9,0,1
q2uzwrke,26,grusydd1,82,trader_bridge_app,PauseTradingSession,1787759056,9,0,1
q2uzwrke,27,wkkj7ya7,82,trader_bridge_app,PauseTradingSession,1787759056,9,0,1
q2uzwrke,28,e1gm0pyc,82,trader_bridge_app,PauseTradingSession,1787759056,9,0,1
q2uzwrke,29,6geodwqp,82,trader_bridge_app,PauseTradingSession,1787759056,9,0,1
q2uzwrke,30,u1o2yo0d,82,trader_bridge_app,PauseTradingSession,1787759056,9,0,1
q2uzwrke,24,zhzlqg1e,81,trader_bridge_app,TradePage,1787759063,9,0,0
q2uzwrke,20,snchrzvy,81,trader_bridge_app,TradePage,1787759063,9,0,0
q2uzwrke,22,9mbxlv2t,81,trader_bridge_app,TradePage,1787759063,9,0,0
q2uzwrke,19,apzj4yol,81,trader_bridge_app,TradePage,1787759063,9,0,0
q2uzwrke,23,7o8xvt2o,81,trader_bridge_app,TradePage,1787759064,9,0,0
q2uzwrke,21,f91zrrno,81,trader_bridge_app,TradePage,1787759064,9,0,0
q2uzwrke,24,zhzlqg1e,82,trader_bridge_app,PauseTradingSession,1787759064,9,0,1
q2uzwrke,19,apzj4yol,82,trader_bridge_app,PauseTradingSession,1787759064,9,0,1
q2uzwrke,20,snchrzvy,82,trader_bridge_app,PauseTradingSession,1787759064,9,0,1
q2uzwrke,21,f91zrrno,82,trader_bridge_app,PauseTradingSession,1787759064,9,0,1
q2uzwrke,22,9mbxlv2t,82,trader_bridge_app,PauseTradingSession,1787759064,9,0,1
q2uzwrke,23,7o8xvt2o,82,trader_bridge_app,PauseTradingSession,1787759064,9,0,1
q2uzwrke,25,pudy6lk1,84,trader_bridge_app,DayBreak,1787759065,9,0,0
q2uzwrke,15,uqq53dhb,81,trader_bridge_app,TradePage,1787759065,9,0,0
q2uzwrke,13,f3mphw9o,81,trader_bridge_app,TradePage,1787759065,9,0,0
q2uzwrke,16,g8furig5,81,trader_bridge_app,TradePage,1787759065,9,0,0
q2uzwrke,17,9rjegrhf,81,trader_bridge_app,TradePage,1787759065,9,0,0
q2uzwrke,14,cyg00ds2,81,trader_bridge_app,TradePage,1787759065,9,0,0
q2uzwrke,18,wqftgkbl,81,trader_bridge_app,TradePage,1787759065,9,0,0
q2uzwrke,13,f3mphw9o,82,trader_bridge_app,PauseTradingSession,1787759066,9,0,1
q2uzwrke,14,cyg00ds2,82,trader_bridge_app,PauseTradingSession,1787759066,9,0,1
q2uzwrke,15,uqq53dhb,82,trader_bridge_app,PauseTradingSession,1787759066,9,0,1
q2uzwrke,16,g8furig5,82,trader_bridge_app,PauseTradingSession,1787759066,9,0,1
q2uzwrke,17,9rjegrhf,82,trader_bridge_app,PauseTradingSession,1787759066,9,0,1
q2uzwrke,18,wqftgkbl,82,trader_bridge_app,PauseTradingSession,1787759066,9,0,1
q2uzwrke,29,6geodwqp,84,trader_bridge_app,DayBreak,1787759067,9,0,0
q2uzwrke,27,wkkj7ya7,84,trader_bridge_app,DayBreak,1787759068,9,0,0
q2uzwrke,32,1mrh7feb,90,trader_bridge_app,TradePage,1787759068,10,0,0
q2uzwrke,33,9h22z7kz,90,trader_bridge_app,TradePage,1787759069,10,0,0
q2uzwrke,31,yobjlrr4,90,trader_bridge_app,TradePage,1787759069,10,0,0
q2uzwrke,34,qxqa9r8o,90,trader_bridge_app,TradePage,1787759069,10,0,0
q2uzwrke,31,yobjlrr4,91,trader_bridge_app,PauseTradingSession,1787759069,10,0,1
q2uzwrke,32,1mrh7feb,91,trader_bridge_app,PauseTradingSession,1787759069,10,0,1
q2uzwrke,33,9h22z7kz,91,trader_bridge_app,PauseTradingSession,1787759069,10,0,1
q2uzwrke,34,qxqa9r8o,91,trader_bridge_app,PauseTradingSession,1787759069,10,0,1
q2uzwrke,23,7o8xvt2o,84,trader_bridge_app,DayBreak,1787759071,9,0,0
q2uzwrke,21,f91zrrno,84,trader_bridge_app,DayBreak,1787759073,9,0,0
q2uzwrke,26,grusydd1,84,trader_bridge_app,DayBreak,1787759074,9,0,0
q2uzwrke,34,qxqa9r8o,93,trader_bridge_app,DayBreak,1787759075,10,0,0
q2uzwrke,22,9mbxlv2t,84,trader_bridge_app,DayBreak,1787759075,9,0,0
q2uzwrke,13,f3mphw9o,84,trader_bridge_app,DayBreak,1787759075,9,0,0
q2uzwrke,28,e1gm0pyc,84,trader_bridge_app,DayBreak,1787759075,9,0,0
q2uzwrke,24,zhzlqg1e,84,trader_bridge_app,DayBreak,1787759076,9,0,0
q2uzwrke,30,u1o2yo0d,84,trader_bridge_app,DayBreak,1787759077,9,0,0
q2uzwrke,25,pudy6lk1,88,trader_bridge_app,ResumeTradingSession,1787759078,10,0,1
q2uzwrke,26,grusydd1,88,trader_bridge_app,ResumeTradingSession,1787759078,10,0,1
q2uzwrke,30,u1o2yo0d,88,trader_bridge_app,ResumeTradingSession,1787759078,10,0,1
q2uzwrke,27,wkkj7ya7,88,trader_bridge_app,ResumeTradingSession,1787759078,10,0,1
q2uzwrke,28,e1gm0pyc,88,trader_bridge_app,ResumeTradingSession,1787759078,10,0,1
q2uzwrke,29,6geodwqp,88,trader_bridge_app,ResumeTradingSession,1787759078,10,0,1
q2uzwrke,9,ev19ndvk,81,trader_bridge_app,TradePage,1787759078,9,0,0
q2uzwrke,11,5bn07pj6,81,trader_bridge_app,TradePage,1787759078,9,0,0
q2uzwrke,10,brk7umva,81,trader_bridge_app,TradePage,1787759079,9,0,0
q2uzwrke,7,7g7d2gpm,81,trader_bridge_app,TradePage,1787759079,9,0,0
q2uzwrke,8,mtbht5gb,81,trader_bridge_app,TradePage,1787759079,9,0,0
q2uzwrke,12,mrmdneuj,81,trader_bridge_app,TradePage,1787759079,9,0,0
q2uzwrke,8,mtbht5gb,82,trader_bridge_app,PauseTradingSession,1787759079,9,0,1
q2uzwrke,9,ev19ndvk,82,trader_bridge_app,PauseTradingSession,1787759079,9,0,1
q2uzwrke,10,brk7umva,82,trader_bridge_app,PauseTradingSession,1787759079,9,0,1
q2uzwrke,11,5bn07pj6,82,trader_bridge_app,PauseTradingSession,1787759079,9,0,1
q2uzwrke,12,mrmdneuj,82,trader_bridge_app,PauseTradingSession,1787759079,9,0,1
q2uzwrke,7,7g7d2gpm,82,trader_bridge_app,PauseTradingSession,1787759079,9,0,1
q2uzwrke,32,1mrh7feb,93,trader_bridge_app,DayBreak,1787759079,10,0,0
q2uzwrke,16,g8furig5,84,trader_bridge_app,DayBreak,1787759080,9,0,0
q2uzwrke,20,snchrzvy,84,trader_bridge_app,DayBreak,1787759080,9,0,0
q2uzwrke,15,uqq53dhb,84,trader_bridge_app,DayBreak,1787759081,9,0,0
q2uzwrke,19,apzj4yol,84,trader_bridge_app,DayBreak,1787759082,9,0,0
q2uzwrke,19,apzj4yol,88,trader_bridge_app,ResumeTradingSession,1787759083,10,0,1
q2uzwrke,20,snchrzvy,88,trader_bridge_app,ResumeTradingSession,1787759083,10,0,1
q2uzwrke,21,f91zrrno,88,trader_bridge_app,ResumeTradingSession,1787759083,10,0,1
q2uzwrke,22,9mbxlv2t,88,trader_bridge_app,ResumeTradingSession,1787759083,10,0,1
q2uzwrke,23,7o8xvt2o,88,trader_bridge_app,ResumeTradingSession,1787759083,10,0,1
q2uzwrke,24,zhzlqg1e,88,trader_bridge_app,ResumeTradingSession,1787759083,10,0,1
q2uzwrke,17,9rjegrhf,84,trader_bridge_app,DayBreak,1787759083,9,0,0
q2uzwrke,18,wqftgkbl,84,trader_bridge_app,DayBreak,1787759085,9,0,0
q2uzwrke,14,cyg00ds2,84,trader_bridge_app,DayBreak,1787759086,9,0,0
q2uzwrke,13,f3mphw9o,88,trader_bridge_app,ResumeTradingSession,1787759086,10,0,1
q2uzwrke,14,cyg00ds2,88,trader_bridge_app,ResumeTradingSession,1787759086,10,0,1
q2uzwrke,15,uqq53dhb,88,trader_bridge_app,ResumeTradingSession,1787759086,10,0,1
q2uzwrke,16,g8furig5,88,trader_bridge_app,ResumeTradingSession,1787759086,10,0,1
q2uzwrke,17,9rjegrhf,88,trader_bridge_app,ResumeTradingSession,1787759086,10,0,1
q2uzwrke,18,wqftgkbl,88,trader_bridge_app,ResumeTradingSession,1787759086,10,0,1
q2uzwrke,33,9h22z7kz,93,trader_bridge_app,DayBreak,1787759090,10,1,0
q2uzwrke,31,yobjlrr4,93,trader_bridge_app,DayBreak,1787759090,10,1,0
q2uzwrke,31,yobjlrr4,97,trader_bridge_app,ResumeTradingSession,1787759090,11,0,1
q2uzwrke,32,1mrh7feb,97,trader_bridge_app,ResumeTradingSession,1787759090,11,0,1
q2uzwrke,33,9h22z7kz,97,trader_bridge_app,ResumeTradingSession,1787759090,11,0,1
q2uzwrke,34,qxqa9r8o,97,trader_bridge_app,ResumeTradingSession,1787759090,11,0,1
q2uzwrke,9,ev19ndvk,84,trader_bridge_app,DayBreak,1787759100,9,1,0
q2uzwrke,11,5bn07pj6,84,trader_bridge_app,DayBreak,1787759100,9,1,0
q2uzwrke,7,7g7d2gpm,84,trader_bridge_app,DayBreak,1787759100,9,1,0
q2uzwrke,10,brk7umva,84,trader_bridge_app,DayBreak,1787759100,9,1,0
q2uzwrke,8,mtbht5gb,84,trader_bridge_app,DayBreak,1787759100,9,1,0
q2uzwrke,12,mrmdneuj,84,trader_bridge_app,DayBreak,1787759100,9,1,0
q2uzwrke,7,7g7d2gpm,88,trader_bridge_app,ResumeTradingSession,1787759101,10,0,1
q2uzwrke,8,mtbht5gb,88,trader_bridge_app,ResumeTradingSession,1787759101,10,0,1
q2uzwrke,9,ev19ndvk,88,trader_bridge_app,ResumeTradingSession,1787759101,10,0,1
q2uzwrke,10,brk7umva,88,trader_bridge_app,ResumeTradingSession,1787759101,10,0,1
q2uzwrke,11,5bn07pj6,88,trader_bridge_app,ResumeTradingSession,1787759101,10,0,1
q2uzwrke,12,mrmdneuj,88,trader_bridge_app,ResumeTradingSession,1787759101,10,0,1
q2uzwrke,1,92eypnyh,81,trader_bridge_app,TradePage,1787759115,9,0,0
q2uzwrke,5,edxyk9dw,81,trader_bridge_app,TradePage,1787759116,9,0,0
q2uzwrke,2,4p4bxdks,81,trader_bridge_app,TradePage,1787759116,9,0,0
q2uzwrke,6,rwcm4r8f,81,trader_bridge_app,TradePage,1787759116,9,0,0
q2uzwrke,4,yyhl1m0v,81,trader_bridge_app,TradePage,1787759116,9,0,0
q2uzwrke,3,1y1fmxh4,81,trader_bridge_app,TradePage,1787759116,9,0,0
q2uzwrke,4,yyhl1m0v,82,trader_bridge_app,PauseTradingSession,1787759116,9,0,1
q2uzwrke,5,edxyk9dw,82,trader_bridge_app,PauseTradingSession,1787759116,9,0,1
q2uzwrke,6,rwcm4r8f,82,trader_bridge_app,PauseTradingSession,1787759116,9,0,1
q2uzwrke,1,92eypnyh,82,trader_bridge_app,PauseTradingSession,1787759116,9,0,1
q2uzwrke,2,4p4bxdks,82,trader_bridge_app,PauseTradingSession,1787759116,9,0,1
q2uzwrke,3,1y1fmxh4,82,trader_bridge_app,PauseTradingSession,1787759116,9,0,1
8o0qyfku,1,5ldlcszn,0,,InitializeParticipant,1787759517,1,0,0
8o0qyfku,2,q5e90cmj,0,,InitializeParticipant,1787759517,1,0,0
8o0qyfku,3,zp1owmpd,0,,InitializeParticipant,1787759517,1,0,0
8o0qyfku,4,yq2xbma3,0,,InitializeParticipant,1787759517,1,0,0
8o0qyfku,5,nmgjkj32,0,,InitializeParticipant,1787759517,1,0,0
8o0qyfku,6,cjmxcmcd,0,,InitializeParticipant,1787759517,1,0,0
8o0qyfku,7,00g81xoq,0,,InitializeParticipant,1787759517,1,0,0
8o0qyfku,8,3hlfki3e,0,,InitializeParticipant,1787759517,1,0,0
8o0qyfku,9,01xk5dk9,0,,InitializeParticipant,1787759517,1,0,0
8o0qyfku,10,etak4i29,0,,InitializeParticipant,1787759517,1,0,0
8o0qyfku,11,mrocn3qi,0,,InitializeParticipant,1787759517,1,0,0
8o0qyfku,12,a9rbe355,0,,InitializeParticipant,1787759518,1,0,0
8o0qyfku,13,e70ixf6a,0,,InitializeParticipant,1787759518,1,0,0
8o0qyfku,14,yvu0j0px,0,,InitializeParticipant,1787759518,1,0,0
8o0qyfku,15,8m72ygxx,0,,InitializeParticipant,1787759518,1,0,0
8o0qyfku,16,3mu21szb,0,,InitializeParticipant,1787759518,1,0,0
8o0qyfku,17,caoxz34q,0,,InitializeParticipant,1787759518,1,0,0
8o0qyfku,18,rdnkoe93,0,,InitializeParticipant,1787759518,1,0,0
8o0qyfku,19,9d6cveb5,0,,InitializeParticipant,1787759518,1,0,0
8o0qyfku,20,6swie1ys,0,,InitializeParticipant,1787759518,1,0,0
8o0qyfku,21,dltkzvxc,0,,InitializeParticipant,1787759518,1,0,0
8o0qyfku,22,weju7mc9,0,,InitializeParticipant,1787759518,1,0,0
8o0qyfku,23,dq2m7s6u,0,,InitializeParticipant,1787759518,1,0,0
8o0qyfku,24,dw5igqpq,0,,InitializeParticipant,1787759518,1,0,0
8o0qyfku,25,1j25lcg3,0,,InitializeParticipant,1787759518,1,0,0
8o0qyfku,26,icxcbb3j,0,,InitializeParticipant,1787759518,1,0,0
8o0qyfku,27,2dz5zxb2,0,,InitializeParticipant,1787759518,1,0,0
8o0qyfku,28,108ssdya,0,,InitializeParticipant,1787759518,1,0,0
8o0qyfku,29,sgu796fi,0,,InitializeParticipant,1787759518,1,0,0
8o0qyfku,30,w7s9esrf,0,,InitializeParticipant,1787759518,1,0,0
8o0qyfku,31,kavf29xw,0,,InitializeParticipant,1787759518,1,0,0
8o0qyfku,32,46nfbn7d,0,,InitializeParticipant,1787759518,1,0,0
8o0qyfku,33,cxkynnyi,0,,InitializeParticipant,1787759518,1,0,0
8o0qyfku,34,obh2xbv7,0,,InitializeParticipant,1787759518,1,0,0
8o0qyfku,4,yq2xbma3,1,intro,Consent,1787759521,1,0,0
8o0qyfku,1,5ldlcszn,1,intro,Consent,1787759522,1,0,0
8o0qyfku,33,cxkynnyi,1,intro,Consent,1787759523,1,0,0
8o0qyfku,34,obh2xbv7,1,intro,Consent,1787759523,1,0,0
8o0qyfku,30,w7s9esrf,1,intro,Consent,1787759523,1,0,0
8o0qyfku,17,caoxz34q,1,intro,Consent,1787759523,1,0,0
8o0qyfku,29,sgu796fi,1,intro,Consent,1787759523,1,0,0
8o0qyfku,26,icxcbb3j,1,intro,Consent,1787759523,1,0,0
8o0qyfku,6,cjmxcmcd,1,intro,Consent,1787759523,1,0,0
8o0qyfku,32,46nfbn7d,1,intro,Consent,1787759523,1,0,0
8o0qyfku,12,a9rbe355,1,intro,Consent,1787759523,1,0,0
8o0qyfku,21,dltkzvxc,1,intro,Consent,1787759523,1,0,0
8o0qyfku,10,etak4i29,1,intro,Consent,1787759523,1,0,0
8o0qyfku,14,yvu0j0px,1,intro,Consent,1787759524,1,0,0
8o0qyfku,25,1j25lcg3,1,intro,Consent,1787759524,1,0,0
8o0qyfku,2,q5e90cmj,1,intro,Consent,1787759524,1,0,0
8o0qyfku,4,yq2xbma3,2,intro,Instructions,1787759524,1,0,0
8o0qyfku,9,01xk5dk9,1,intro,Consent,1787759524,1,0,0
8o0qyfku,15,8m72ygxx,1,intro,Consent,1787759524,1,0,0
8o0qyfku,16,3mu21szb,1,intro,Consent,1787759524,1,0,0
8o0qyfku,1,5ldlcszn,2,intro,Instructions,1787759524,1,0,0
8o0qyfku,8,3hlfki3e,1,intro,Consent,1787759524,1,0,0
8o0qyfku,22,weju7mc9,1,intro,Consent,1787759524,1,0,0
8o0qyfku,31,kavf29xw,1,intro,Consent,1787759524,1,0,0
8o0qyfku,33,cxkynnyi,2,intro,Instructions,1787759525,1,0,0
8o0qyfku,19,9d6cveb5,1,intro,Consent,1787759525,1,0,0
8o0qyfku,23,dq2m7s6u,1,intro,Consent,1787759525,1,0,0
8o0qyfku,28,108ssdya,1,intro,Consent,1787759525,1,0,0
8o0qyfku,4,yq2xbma3,3,intro,InstructionsVideo,1787759525,1,0,0
8o0qyfku,24,dw5igqpq,1,intro,Consent,1787759525,1,0,0
8o0qyfku,30,w7s9esrf,2,intro,Instructions,1787759525,1,0,0
8o0qyfku,2,q5e90cmj,2,intro,Instructions,1787759525,1,0,0
8o0qyfku,12,a9rbe355,2,intro,Instructions,1787759525,1,0,0
8o0qyfku,1,5ldlcszn,3,intro,InstructionsVideo,1787759526,1,0,0
8o0qyfku,6,cjmxcmcd,2,intro,Instructions,1787759526,1,0,0
8o0qyfku,26,icxcbb3j,2,intro,Instructions,1787759526,1,0,0
8o0qyfku,25,1j25lcg3,2,intro,Instructions,1787759526,1,0,0
8o0qyfku,9,01xk5dk9,2,intro,Instructions,1787759526,1,0,0
8o0qyfku,14,yvu0j0px,2,intro,Instructions,1787759526,1,0,0
8o0qyfku,29,sgu796fi,2,intro,Instructions,1787759526,1,0,0
8o0qyfku,15,8m72ygxx,2,intro,Instructions,1787759526,1,0,0
8o0qyfku,2,q5e90cmj,3,intro,InstructionsVideo,1787759527,1,0,0
8o0qyfku,21,dltkzvxc,2,intro,Instructions,1787759527,1,0,0
8o0qyfku,19,9d6cveb5,2,intro,Instructions,1787759527,1,0,0
8o0qyfku,12,a9rbe355,3,intro,InstructionsVideo,1787759527,1,0,0
8o0qyfku,16,3mu21szb,2,intro,Instructions,1787759527,1,0,0
8o0qyfku,30,w7s9esrf,3,intro,InstructionsVideo,1787759527,1,0,0
8o0qyfku,31,kavf29xw,2,intro,Instructions,1787759527,1,0,0
8o0qyfku,8,3hlfki3e,2,intro,Instructions,1787759527,1,0,0
8o0qyfku,26,icxcbb3j,3,intro,InstructionsVideo,1787759527,1,0,0
8o0qyfku,9,01xk5dk9,3,intro,InstructionsVideo,1787759527,1,0,0
8o0qyfku,25,1j25lcg3,3,intro,InstructionsVideo,1787759527,1,0,0
8o0qyfku,29,sgu796fi,3,intro,InstructionsVideo,1787759527,1,0,0
8o0qyfku,6,cjmxcmcd,3,intro,InstructionsVideo,1787759527,1,0,0
8o0qyfku,28,108ssdya,2,intro,Instructions,1787759528,1,0,0
8o0qyfku,14,yvu0j0px,3,intro,InstructionsVideo,1787759528,1,0,0
8o0qyfku,15,8m72ygxx,3,intro,InstructionsVideo,1787759528,1,0,0
8o0qyfku,19,9d6cveb5,3,intro,InstructionsVideo,1787759528,1,0,0
8o0qyfku,21,dltkzvxc,3,intro,InstructionsVideo,1787759528,1,0,0
8o0qyfku,34,obh2xbv7,2,intro,Instructions,1787759528,1,0,0
8o0qyfku,16,3mu21szb,3,intro,InstructionsVideo,1787759529,1,0,0
8o0qyfku,31,kavf29xw,3,intro,InstructionsVideo,1787759529,1,0,0
8o0qyfku,8,3hlfki3e,3,intro,InstructionsVideo,1787759529,1,0,0
8o0qyfku,28,108ssdya,3,intro,InstructionsVideo,1787759529,1,0,0
8o0qyfku,32,46nfbn7d,2,intro,Instructions,1787759529,1,0,0
8o0qyfku,27,2dz5zxb2,1,intro,Consent,1787759529,1,0,0
8o0qyfku,5,nmgjkj32,1,intro,Consent,1787759530,1,0,0
8o0qyfku,34,obh2xbv7,3,intro,InstructionsVideo,1787759530,1,0,0
8o0qyfku,11,mrocn3qi,1,intro,Consent,1787759530,1,0,0
8o0qyfku,18,rdnkoe93,1,intro,Consent,1787759531,1,0,0
8o0qyfku,32,46nfbn7d,3,intro,InstructionsVideo,1787759531,1,0,0
8o0qyfku,22,weju7mc9,2,intro,Instructions,1787759532,1,0,0
8o0qyfku,11,mrocn3qi,2,intro,Instructions,1787759533,1,0,0
8o0qyfku,10,etak4i29,2,intro,Instructions,1787759533,1,0,0
8o0qyfku,5,nmgjkj32,2,intro,Instructions,1787759533,1,0,0
8o0qyfku,22,weju7mc9,3,intro,InstructionsVideo,1787759533,1,0,0
8o0qyfku,11,mrocn3qi,3,intro,InstructionsVideo,1787759534,1,0,0
8o0qyfku,7,00g81xoq,1,intro,Consent,1787759535,1,0,0
8o0qyfku,5,nmgjkj32,3,intro,InstructionsVideo,1787759535,1,0,0
8o0qyfku,18,rdnkoe93,2,intro,Instructions,1787759535,1,0,0
8o0qyfku,10,etak4i29,3,intro,InstructionsVideo,1787759535,1,0,0
8o0qyfku,3,zp1owmpd,1,intro,Consent,1787759535,1,0,0
8o0qyfku,23,dq2m7s6u,2,intro,Instructions,1787759536,1,0,0
8o0qyfku,18,rdnkoe93,3,intro,InstructionsVideo,1787759536,1,0,0
8o0qyfku,7,00g81xoq,2,intro,Instructions,1787759536,1,0,0
8o0qyfku,23,dq2m7s6u,3,intro,InstructionsVideo,1787759538,1,0,0
8o0qyfku,7,00g81xoq,3,intro,InstructionsVideo,1787759538,1,0,0
8o0qyfku,3,zp1owmpd,2,intro,Instructions,1787759538,1,0,0
8o0qyfku,3,zp1owmpd,3,intro,InstructionsVideo,1787759539,1,0,0
8o0qyfku,1,5ldlcszn,4,intro,comprehensionQuestions,1787759541,1,0,0
8o0qyfku,15,8m72ygxx,4,intro,comprehensionQuestions,1787759543,1,0,0
8o0qyfku,24,dw5igqpq,2,intro,Instructions,1787759544,1,0,0
8o0qyfku,12,a9rbe355,4,intro,comprehensionQuestions,1787759544,1,0,0
8o0qyfku,9,01xk5dk9,4,intro,comprehensionQuestions,1787759545,1,0,0
8o0qyfku,25,1j25lcg3,4,intro,comprehensionQuestions,1787759545,1,0,0
8o0qyfku,1,5ldlcszn,5,intro,selfAssessment,1787759546,1,0,0
8o0qyfku,15,8m72ygxx,5,intro,selfAssessment,1787759546,1,0,0
8o0qyfku,6,cjmxcmcd,4,intro,comprehensionQuestions,1787759546,1,0,0
8o0qyfku,19,9d6cveb5,4,intro,comprehensionQuestions,1787759546,1,0,0
8o0qyfku,12,a9rbe355,5,intro,selfAssessment,1787759546,1,0,0
8o0qyfku,4,yq2xbma3,4,intro,comprehensionQuestions,1787759547,1,0,0
8o0qyfku,27,2dz5zxb2,2,intro,Instructions,1787759547,1,0,0
8o0qyfku,9,01xk5dk9,5,intro,selfAssessment,1787759547,1,0,0
8o0qyfku,25,1j25lcg3,5,intro,selfAssessment,1787759547,1,0,0
8o0qyfku,34,obh2xbv7,4,intro,comprehensionQuestions,1787759548,1,0,0
8o0qyfku,13,e70ixf6a,1,intro,Consent,1787759548,1,0,0
8o0qyfku,19,9d6cveb5,5,intro,selfAssessment,1787759548,1,0,0
8o0qyfku,6,cjmxcmcd,5,intro,selfAssessment,1787759549,1,0,0
8o0qyfku,4,yq2xbma3,5,intro,selfAssessment,1787759549,1,0,0
8o0qyfku,34,obh2xbv7,5,intro,selfAssessment,1787759550,1,0,0
8o0qyfku,33,cxkynnyi,3,intro,InstructionsVideo,1787759551,1,0,0
8o0qyfku,27,2dz5zxb2,3,intro,InstructionsVideo,1787759552,1,0,0
8o0qyfku,8,3hlfki3e,4,intro,comprehensionQuestions,1787759553,1,0,0
8o0qyfku,14,yvu0j0px,4,intro,comprehensionQuestions,1787759553,1,0,0
8o0qyfku,20,6swie1ys,1,intro,Consent,1787759554,1,0,0
8o0qyfku,7,00g81xoq,4,intro,comprehensionQuestions,1787759555,1,0,0
8o0qyfku,2,q5e90cmj,4,intro,comprehensionQuestions,1787759556,1,0,0
8o0qyfku,14,yvu0j0px,5,intro,selfAssessment,1787759556,1,0,0
8o0qyfku,8,3hlfki3e,5,intro,selfAssessment,1787759557,1,0,0
8o0qyfku,13,e70ixf6a,2,intro,Instructions,1787759557,1,0,0
8o0qyfku,20,6swie1ys,2,intro,Instructions,1787759557,1,0,0
8o0qyfku,18,rdnkoe93,4,intro,comprehensionQuestions,1787759557,1,0,0
8o0qyfku,7,00g81xoq,5,intro,selfAssessment,1787759558,1,0,0
8o0qyfku,2,q5e90cmj,5,intro,selfAssessment,1787759558,1,0,0
8o0qyfku,31,kavf29xw,4,intro,comprehensionQuestions,1787759558,1,0,0
8o0qyfku,13,e70ixf6a,3,intro,InstructionsVideo,1787759558,1,0,0
8o0qyfku,21,dltkzvxc,4,intro,comprehensionQuestions,1787759559,1,0,0
8o0qyfku,20,6swie1ys,3,intro,InstructionsVideo,1787759559,1,0,0
8o0qyfku,31,kavf29xw,5,intro,selfAssessment,1787759560,1,0,0
8o0qyfku,18,rdnkoe93,5,intro,selfAssessment,1787759560,1,0,0
8o0qyfku,32,46nfbn7d,4,intro,comprehensionQuestions,1787759560,1,0,0
8o0qyfku,10,etak4i29,4,intro,comprehensionQuestions,1787759560,1,0,0
8o0qyfku,21,dltkzvxc,5,intro,selfAssessment,1787759561,1,0,0
8o0qyfku,11,mrocn3qi,4,intro,comprehensionQuestions,1787759561,1,0,0
8o0qyfku,24,dw5igqpq,3,intro,InstructionsVideo,1787759561,1,0,0
8o0qyfku,3,zp1owmpd,4,intro,comprehensionQuestions,1787759562,1,0,0
8o0qyfku,10,etak4i29,5,intro,selfAssessment,1787759562,1,0,0
8o0qyfku,32,46nfbn7d,5,intro,selfAssessment,1787759563,1,0,0
8o0qyfku,28,108ssdya,4,intro,comprehensionQuestions,1787759563,1,0,0
8o0qyfku,23,dq2m7s6u,4,intro,comprehensionQuestions,1787759563,1,0,0
8o0qyfku,11,mrocn3qi,5,intro,selfAssessment,1787759563,1,0,0
8o0qyfku,12,a9rbe355,6,trader_bridge_app,SyncTradingSession,1787759563,1,0,1
8o0qyfku,7,00g81xoq,6,trader_bridge_app,SyncTradingSession,1787759563,1,0,1
8o0qyfku,8,3hlfki3e,6,trader_bridge_app,SyncTradingSession,1787759563,1,0,1
8o0qyfku,9,01xk5dk9,6,trader_bridge_app,SyncTradingSession,1787759563,1,0,1
8o0qyfku,10,etak4i29,6,trader_bridge_app,SyncTradingSession,1787759563,1,0,1
8o0qyfku,11,mrocn3qi,6,trader_bridge_app,SyncTradingSession,1787759563,1,0,1
8o0qyfku,12,a9rbe355,7,trader_bridge_app,ResumeTradingSession,1787759563,1,0,1
8o0qyfku,7,00g81xoq,7,trader_bridge_app,ResumeTradingSession,1787759563,1,0,1
8o0qyfku,8,3hlfki3e,7,trader_bridge_app,ResumeTradingSession,1787759563,1,0,1
8o0qyfku,9,01xk5dk9,7,trader_bridge_app,ResumeTradingSession,1787759563,1,0,1
8o0qyfku,10,etak4i29,7,trader_bridge_app,ResumeTradingSession,1787759563,1,0,1
8o0qyfku,11,mrocn3qi,7,trader_bridge_app,ResumeTradingSession,1787759563,1,0,1
8o0qyfku,30,w7s9esrf,4,intro,comprehensionQuestions,1787759564,1,0,0
8o0qyfku,3,zp1owmpd,5,intro,selfAssessment,1787759564,1,0,0
8o0qyfku,17,caoxz34q,2,intro,Instructions,1787759565,1,0,0
8o0qyfku,29,sgu796fi,4,intro,comprehensionQuestions,1787759566,1,0,0
8o0qyfku,26,icxcbb3j,4,intro,comprehensionQuestions,1787759566,1,0,0
8o0qyfku,23,dq2m7s6u,5,intro,selfAssessment,1787759566,1,0,0
8o0qyfku,17,caoxz34q,3,intro,InstructionsVideo,1787759567,1,0,0
8o0qyfku,30,w7s9esrf,5,intro,selfAssessment,1787759567,1,0,0
8o0qyfku,16,3mu21szb,4,intro,comprehensionQuestions,1787759567,1,0,0
8o0qyfku,28,108ssdya,5,intro,selfAssessment,1787759567,1,0,0
8o0qyfku,29,sgu796fi,5,intro,selfAssessment,1787759568,1,0,0
8o0qyfku,26,icxcbb3j,5,intro,selfAssessment,1787759569,1,0,0
8o0qyfku,24,dw5igqpq,4,intro,comprehensionQuestions,1787759571,1,0,0
8o0qyfku,16,3mu21szb,5,intro,selfAssessment,1787759571,1,0,0
8o0qyfku,5,nmgjkj32,4,intro,comprehensionQuestions,1787759573,1,0,0
8o0qyfku,24,dw5igqpq,5,intro,selfAssessment,1787759574,1,0,0
8o0qyfku,33,cxkynnyi,4,intro,comprehensionQuestions,1787759575,1,0,0
8o0qyfku,20,6swie1ys,4,intro,comprehensionQuestions,1787759575,1,0,0
8o0qyfku,5,nmgjkj32,5,intro,selfAssessment,1787759576,1,0,0
8o0qyfku,1,5ldlcszn,6,trader_bridge_app,SyncTradingSession,1787759576,1,0,1
8o0qyfku,2,q5e90cmj,6,trader_bridge_app,SyncTradingSession,1787759576,1,0,1
8o0qyfku,3,zp1owmpd,6,trader_bridge_app,SyncTradingSession,1787759576,1,0,1
8o0qyfku,4,yq2xbma3,6,trader_bridge_app,SyncTradingSession,1787759576,1,0,1
8o0qyfku,5,nmgjkj32,6,trader_bridge_app,SyncTradingSession,1787759576,1,0,1
8o0qyfku,6,cjmxcmcd,6,trader_bridge_app,SyncTradingSession,1787759576,1,0,1
8o0qyfku,1,5ldlcszn,7,trader_bridge_app,ResumeTradingSession,1787759577,1,0,1
8o0qyfku,2,q5e90cmj,7,trader_bridge_app,ResumeTradingSession,1787759577,1,0,1
8o0qyfku,3,zp1owmpd,7,trader_bridge_app,ResumeTradingSession,1787759577,1,0,1
8o0qyfku,4,yq2xbma3,7,trader_bridge_app,ResumeTradingSession,1787759577,1,0,1
8o0qyfku,5,nmgjkj32,7,trader_bridge_app,ResumeTradingSession,1787759577,1,0,1
8o0qyfku,6,cjmxcmcd,7,trader_bridge_app,ResumeTradingSession,1787759577,1,0,1
8o0qyfku,33,cxkynnyi,5,intro,selfAssessment,1787759577,1,0,0
8o0qyfku,31,kavf29xw,6,trader_bridge_app,SyncTradingSession,1787759577,1,0,1
8o0qyfku,32,46nfbn7d,6,trader_bridge_app,SyncTradingSession,1787759577,1,0,1
8o0qyfku,33,cxkynnyi,6,trader_bridge_app,SyncTradingSession,1787759577,1,0,1
8o0qyfku,34,obh2xbv7,6,trader_bridge_app,SyncTradingSession,1787759577,1,0,1
8o0qyfku,31,kavf29xw,7,trader_bridge_app,ResumeTradingSession,1787759577,1,0,1
8o0qyfku,32,46nfbn7d,7,trader_bridge_app,ResumeTradingSession,1787759577,1,0,1
8o0qyfku,33,cxkynnyi,7,trader_bridge_app,ResumeTradingSession,1787759577,1,0,1
8o0qyfku,34,obh2xbv7,7,trader_bridge_app,ResumeTradingSession,1787759577,1,0,1
8o0qyfku,20,6swie1ys,5,intro,selfAssessment,1787759578,1,0,0
8o0qyfku,27,2dz5zxb2,4,intro,comprehensionQuestions,1787759578,1,0,0
8o0qyfku,27,2dz5zxb2,5,intro,selfAssessment,1787759581,1,0,0
8o0qyfku,29,sgu796fi,6,trader_bridge_app,SyncTradingSession,1787759582,1,0,1
8o0qyfku,30,w7s9esrf,6,trader_bridge_app,SyncTradingSession,1787759582,1,0,1
8o0qyfku,25,1j25lcg3,6,trader_bridge_app,SyncTradingSession,1787759582,1,0,1
8o0qyfku,26,icxcbb3j,6,trader_bridge_app,SyncTradingSession,1787759582,1,0,1
8o0qyfku,27,2dz5zxb2,6,trader_bridge_app,SyncTradingSession,1787759582,1,0,1
8o0qyfku,28,108ssdya,6,trader_bridge_app,SyncTradingSession,1787759582,1,0,1
8o0qyfku,29,sgu796fi,7,trader_bridge_app,ResumeTradingSession,1787759582,1,0,1
8o0qyfku,30,w7s9esrf,7,trader_bridge_app,ResumeTradingSession,1787759582,1,0,1
8o0qyfku,25,1j25lcg3,7,trader_bridge_app,ResumeTradingSession,1787759582,1,0,1
8o0qyfku,26,icxcbb3j,7,trader_bridge_app,ResumeTradingSession,1787759582,1,0,1
8o0qyfku,27,2dz5zxb2,7,trader_bridge_app,ResumeTradingSession,1787759582,1,0,1
8o0qyfku,28,108ssdya,7,trader_bridge_app,ResumeTradingSession,1787759582,1,0,1
8o0qyfku,22,weju7mc9,4,intro,comprehensionQuestions,1787759592,1,0,0
8o0qyfku,13,e70ixf6a,4,intro,comprehensionQuestions,1787759592,1,0,0
8o0qyfku,22,weju7mc9,5,intro,selfAssessment,1787759594,1,0,0
8o0qyfku,23,dq2m7s6u,6,trader_bridge_app,SyncTradingSession,1787759595,1,0,1
8o0qyfku,24,dw5igqpq,6,trader_bridge_app,SyncTradingSession,1787759595,1,0,1
8o0qyfku,19,9d6cveb5,6,trader_bridge_app,SyncTradingSession,1787759595,1,0,1
8o0qyfku,20,6swie1ys,6,trader_bridge_app,SyncTradingSession,1787759595,1,0,1
8o0qyfku,21,dltkzvxc,6,trader_bridge_app,SyncTradingSession,1787759595,1,0,1
8o0qyfku,22,weju7mc9,6,trader_bridge_app,SyncTradingSession,1787759595,1,0,1
8o0qyfku,17,caoxz34q,4,intro,comprehensionQuestions,1787759595,1,0,0
8o0qyfku,23,dq2m7s6u,7,trader_bridge_app,ResumeTradingSession,1787759595,1,0,1
8o0qyfku,24,dw5igqpq,7,trader_bridge_app,ResumeTradingSession,1787759595,1,0,1
8o0qyfku,19,9d6cveb5,7,trader_bridge_app,ResumeTradingSession,1787759595,1,0,1
8o0qyfku,20,6swie1ys,7,trader_bridge_app,ResumeTradingSession,1787759595,1,0,1
8o0qyfku,21,dltkzvxc,7,trader_bridge_app,ResumeTradingSession,1787759595,1,0,1
8o0qyfku,22,weju7mc9,7,trader_bridge_app,ResumeTradingSession,1787759595,1,0,1
8o0qyfku,13,e70ixf6a,5,intro,selfAssessment,1787759595,1,0,0
8o0qyfku,17,caoxz34q,5,intro,selfAssessment,1787759599,1,0,0
8o0qyfku,18,rdnkoe93,6,trader_bridge_app,SyncTradingSession,1787759599,1,0,1
8o0qyfku,13,e70ixf6a,6,trader_bridge_app,SyncTradingSession,1787759599,1,0,1
8o0qyfku,14,yvu0j0px,6,trader_bridge_app,SyncTradingSession,1787759599,1,0,1
8o0qyfku,15,8m72ygxx,6,trader_bridge_app,SyncTradingSession,1787759599,1,0,1
8o0qyfku,16,3mu21szb,6,trader_bridge_app,SyncTradingSession,1787759599,1,0,1
8o0qyfku,17,caoxz34q,6,trader_bridge_app,SyncTradingSession,1787759599,1,0,1
8o0qyfku,18,rdnkoe93,7,trader_bridge_app,ResumeTradingSession,1787759600,1,0,1
8o0qyfku,13,e70ixf6a,7,trader_bridge_app,ResumeTradingSession,1787759600,1,0,1
8o0qyfku,14,yvu0j0px,7,trader_bridge_app,ResumeTradingSession,1787759600,1,0,1
8o0qyfku,15,8m72ygxx,7,trader_bridge_app,ResumeTradingSession,1787759600,1,0,1
8o0qyfku,16,3mu21szb,7,trader_bridge_app,ResumeTradingSession,1787759600,1,0,1
8o0qyfku,17,caoxz34q,7,trader_bridge_app,ResumeTradingSession,1787759600,1,0,1
8o0qyfku,11,mrocn3qi,9,trader_bridge_app,TradePage,1787759624,1,0,0
8o0qyfku,9,01xk5dk9,9,trader_bridge_app,TradePage,1787759624,1,0,0
8o0qyfku,8,3hlfki3e,9,trader_bridge_app,TradePage,1787759624,1,0,0
8o0qyfku,10,etak4i29,9,trader_bridge_app,TradePage,1787759624,1,0,0
8o0qyfku,7,00g81xoq,9,trader_bridge_app,TradePage,1787759625,1,0,0
8o0qyfku,12,a9rbe355,9,trader_bridge_app,TradePage,1787759625,1,0,0
8o0qyfku,12,a9rbe355,10,trader_bridge_app,PauseTradingSession,1787759625,1,0,1
8o0qyfku,7,00g81xoq,10,trader_bridge_app,PauseTradingSession,1787759625,1,0,1
8o0qyfku,8,3hlfki3e,10,trader_bridge_app,PauseTradingSession,1787759625,1,0,1
8o0qyfku,9,01xk5dk9,10,trader_bridge_app,PauseTradingSession,1787759625,1,0,1
8o0qyfku,10,etak4i29,10,trader_bridge_app,PauseTradingSession,1787759625,1,0,1
8o0qyfku,11,mrocn3qi,10,trader_bridge_app,PauseTradingSession,1787759625,1,0,1
8o0qyfku,9,01xk5dk9,12,trader_bridge_app,DayBreak,1787759628,1,0,0
8o0qyfku,12,a9rbe355,12,trader_bridge_app,DayBreak,1787759630,1,0,0
8o0qyfku,8,3hlfki3e,12,trader_bridge_app,DayBreak,1787759632,1,0,0
8o0qyfku,10,etak4i29,12,trader_bridge_app,DayBreak,1787759634,1,0,0
8o0qyfku,11,mrocn3qi,12,trader_bridge_app,DayBreak,1787759635,1,0,0
8o0qyfku,7,00g81xoq,12,trader_bridge_app,DayBreak,1787759635,1,0,0
8o0qyfku,7,00g81xoq,16,trader_bridge_app,ResumeTradingSession,1787759635,2,0,1
8o0qyfku,8,3hlfki3e,16,trader_bridge_app,ResumeTradingSession,1787759635,2,0,1
8o0qyfku,9,01xk5dk9,16,trader_bridge_app,ResumeTradingSession,1787759635,2,0,1
8o0qyfku,10,etak4i29,16,trader_bridge_app,ResumeTradingSession,1787759635,2,0,1
8o0qyfku,11,mrocn3qi,16,trader_bridge_app,ResumeTradingSession,1787759635,2,0,1
8o0qyfku,12,a9rbe355,16,trader_bridge_app,ResumeTradingSession,1787759635,2,0,1
8o0qyfku,1,5ldlcszn,9,trader_bridge_app,TradePage,1787759638,1,0,0
8o0qyfku,3,zp1owmpd,9,trader_bridge_app,TradePage,1787759638,1,0,0
8o0qyfku,6,cjmxcmcd,9,trader_bridge_app,TradePage,1787759638,1,0,0
8o0qyfku,2,q5e90cmj,9,trader_bridge_app,TradePage,1787759638,1,0,0
8o0qyfku,4,yq2xbma3,9,trader_bridge_app,TradePage,1787759638,1,0,0
8o0qyfku,5,nmgjkj32,9,trader_bridge_app,TradePage,1787759638,1,0,0
8o0qyfku,1,5ldlcszn,10,trader_bridge_app,PauseTradingSession,1787759638,1,0,1
8o0qyfku,2,q5e90cmj,10,trader_bridge_app,PauseTradingSession,1787759638,1,0,1
8o0qyfku,3,zp1owmpd,10,trader_bridge_app,PauseTradingSession,1787759638,1,0,1
8o0qyfku,4,yq2xbma3,10,trader_bridge_app,PauseTradingSession,1787759638,1,0,1
8o0qyfku,5,nmgjkj32,10,trader_bridge_app,PauseTradingSession,1787759638,1,0,1
8o0qyfku,6,cjmxcmcd,10,trader_bridge_app,PauseTradingSession,1787759638,1,0,1
8o0qyfku,33,cxkynnyi,9,trader_bridge_app,TradePage,1787759639,1,0,0
8o0qyfku,32,46nfbn7d,9,trader_bridge_app,TradePage,1787759639,1,0,0
8o0qyfku,31,kavf29xw,9,trader_bridge_app,TradePage,1787759639,1,0,0
8o0qyfku,34,obh2xbv7,9,trader_bridge_app,TradePage,1787759639,1,0,0
8o0qyfku,31,kavf29xw,10,trader_bridge_app,PauseTradingSession,1787759639,1,0,1
8o0qyfku,32,46nfbn7d,10,trader_bridge_app,PauseTradingSession,1787759639,1,0,1
8o0qyfku,33,cxkynnyi,10,trader_bridge_app,PauseTradingSession,1787759639,1,0,1
8o0qyfku,34,obh2xbv7,10,trader_bridge_app,PauseTradingSession,1787759639,1,0,1
8o0qyfku,3,zp1owmpd,12,trader_bridge_app,DayBreak,1787759642,1,0,0
8o0qyfku,29,sgu796fi,9,trader_bridge_app,TradePage,1787759643,1,0,0
8o0qyfku,28,108ssdya,9,trader_bridge_app,TradePage,1787759643,1,0,0
8o0qyfku,30,w7s9esrf,9,trader_bridge_app,TradePage,1787759643,1,0,0
8o0qyfku,25,1j25lcg3,9,trader_bridge_app,TradePage,1787759643,1,0,0
8o0qyfku,26,icxcbb3j,9,trader_bridge_app,TradePage,1787759643,1,0,0
8o0qyfku,34,obh2xbv7,12,trader_bridge_app,DayBreak,1787759643,1,0,0
8o0qyfku,27,2dz5zxb2,9,trader_bridge_app,TradePage,1787759644,1,0,0
8o0qyfku,29,sgu796fi,10,trader_bridge_app,PauseTradingSession,1787759644,1,0,1
8o0qyfku,30,w7s9esrf,10,trader_bridge_app,PauseTradingSession,1787759644,1,0,1
8o0qyfku,25,1j25lcg3,10,trader_bridge_app,PauseTradingSession,1787759644,1,0,1
8o0qyfku,26,icxcbb3j,10,trader_bridge_app,PauseTradingSession,1787759644,1,0,1
8o0qyfku,27,2dz5zxb2,10,trader_bridge_app,PauseTradingSession,1787759644,1,0,1
8o0qyfku,28,108ssdya,10,trader_bridge_app,PauseTradingSession,1787759644,1,0,1
8o0qyfku,1,5ldlcszn,12,trader_bridge_app,DayBreak,1787759644,1,0,0
8o0qyfku,31,kavf29xw,12,trader_bridge_app,DayBreak,1787759644,1,0,0
8o0qyfku,4,yq2xbma3,12,trader_bridge_app,DayBreak,1787759646,1,0,0
8o0qyfku,6,cjmxcmcd,12,trader_bridge_app,DayBreak,1787759646,1,0,0
8o0qyfku,27,2dz5zxb2,12,trader_bridge_app,DayBreak,1787759647,1,0,0
8o0qyfku,33,cxkynnyi,12,trader_bridge_app,DayBreak,1787759647,1,0,0
8o0qyfku,25,1j25lcg3,12,trader_bridge_app,DayBreak,1787759648,1,0,0
8o0qyfku,32,46nfbn7d,12,trader_bridge_app,DayBreak,1787759650,1,0,0
8o0qyfku,31,kavf29xw,16,trader_bridge_app,ResumeTradingSession,1787759650,2,0,1
8o0qyfku,32,46nfbn7d,16,trader_bridge_app,ResumeTradingSession,1787759650,2,0,1
8o0qyfku,33,cxkynnyi,16,trader_bridge_app,ResumeTradingSession,1787759650,2,0,1
8o0qyfku,34,obh2xbv7,16,trader_bridge_app,ResumeTradingSession,1787759650,2,0,1
8o0qyfku,30,w7s9esrf,12,trader_bridge_app,DayBreak,1787759653,1,0,0
8o0qyfku,26,icxcbb3j,12,trader_bridge_app,DayBreak,1787759655,1,0,0
8o0qyfku,28,108ssdya,12,trader_bridge_app,DayBreak,1787759655,1,0,0
8o0qyfku,21,dltkzvxc,9,trader_bridge_app,TradePage,1787759656,1,0,0
8o0qyfku,19,9d6cveb5,9,trader_bridge_app,TradePage,1787759656,1,0,0
8o0qyfku,20,6swie1ys,9,trader_bridge_app,TradePage,1787759656,1,0,0
8o0qyfku,24,dw5igqpq,9,trader_bridge_app,TradePage,1787759657,1,0,0
8o0qyfku,23,dq2m7s6u,9,trader_bridge_app,TradePage,1787759657,1,0,0
8o0qyfku,22,weju7mc9,9,trader_bridge_app,TradePage,1787759657,1,0,0
8o0qyfku,23,dq2m7s6u,10,trader_bridge_app,PauseTradingSession,1787759657,1,0,1
8o0qyfku,24,dw5igqpq,10,trader_bridge_app,PauseTradingSession,1787759657,1,0,1
8o0qyfku,22,weju7mc9,10,trader_bridge_app,PauseTradingSession,1787759657,1,0,1
8o0qyfku,19,9d6cveb5,10,trader_bridge_app,PauseTradingSession,1787759657,1,0,1
8o0qyfku,20,6swie1ys,10,trader_bridge_app,PauseTradingSession,1787759657,1,0,1
8o0qyfku,21,dltkzvxc,10,trader_bridge_app,PauseTradingSession,1787759657,1,0,1
8o0qyfku,2,q5e90cmj,12,trader_bridge_app,DayBreak,1787759659,1,1,0
8o0qyfku,5,nmgjkj32,12,trader_bridge_app,DayBreak,1787759659,1,1,0
8o0qyfku,1,5ldlcszn,16,trader_bridge_app,ResumeTradingSession,1787759660,2,0,1
8o0qyfku,2,q5e90cmj,16,trader_bridge_app,ResumeTradingSession,1787759660,2,0,1
8o0qyfku,3,zp1owmpd,16,trader_bridge_app,ResumeTradingSession,1787759660,2,0,1
8o0qyfku,4,yq2xbma3,16,trader_bridge_app,ResumeTradingSession,1787759660,2,0,1
8o0qyfku,5,nmgjkj32,16,trader_bridge_app,ResumeTradingSession,1787759660,2,0,1
8o0qyfku,6,cjmxcmcd,16,trader_bridge_app,ResumeTradingSession,1787759660,2,0,1
8o0qyfku,19,9d6cveb5,12,trader_bridge_app,DayBreak,1787759660,1,0,0
8o0qyfku,18,rdnkoe93,9,trader_bridge_app,TradePage,1787759661,1,0,0
8o0qyfku,13,e70ixf6a,9,trader_bridge_app,TradePage,1787759661,1,0,0
8o0qyfku,16,3mu21szb,9,trader_bridge_app,TradePage,1787759661,1,0,0
8o0qyfku,15,8m72ygxx,9,trader_bridge_app,TradePage,1787759661,1,0,0
8o0qyfku,14,yvu0j0px,9,trader_bridge_app,TradePage,1787759661,1,0,0
8o0qyfku,17,caoxz34q,9,trader_bridge_app,TradePage,1787759661,1,0,0
8o0qyfku,18,rdnkoe93,10,trader_bridge_app,PauseTradingSession,1787759662,1,0,1
8o0qyfku,17,caoxz34q,10,trader_bridge_app,PauseTradingSession,1787759662,1,0,1
8o0qyfku,13,e70ixf6a,10,trader_bridge_app,PauseTradingSession,1787759662,1,0,1
8o0qyfku,14,yvu0j0px,10,trader_bridge_app,PauseTradingSession,1787759662,1,0,1
8o0qyfku,15,8m72ygxx,10,trader_bridge_app,PauseTradingSession,1787759662,1,0,1
8o0qyfku,16,3mu21szb,10,trader_bridge_app,PauseTradingSession,1787759662,1,0,1
8o0qyfku,22,weju7mc9,12,trader_bridge_app,DayBreak,1787759662,1,0,0
8o0qyfku,20,6swie1ys,12,trader_bridge_app,DayBreak,1787759662,1,0,0
8o0qyfku,29,sgu796fi,12,trader_bridge_app,DayBreak,1787759662,1,0,0
8o0qyfku,30,w7s9esrf,16,trader_bridge_app,ResumeTradingSession,1787759663,2,0,1
8o0qyfku,25,1j25lcg3,16,trader_bridge_app,ResumeTradingSession,1787759663,2,0,1
8o0qyfku,26,icxcbb3j,16,trader_bridge_app,ResumeTradingSession,1787759663,2,0,1
8o0qyfku,27,2dz5zxb2,16,trader_bridge_app,ResumeTradingSession,1787759663,2,0,1
8o0qyfku,28,108ssdya,16,trader_bridge_app,ResumeTradingSession,1787759663,2,0,1
8o0qyfku,29,sgu796fi,16,trader_bridge_app,ResumeTradingSession,1787759663,2,0,1
8o0qyfku,21,dltkzvxc,12,trader_bridge_app,DayBreak,1787759663,1,0,0
8o0qyfku,23,dq2m7s6u,12,trader_bridge_app,DayBreak,1787759664,1,0,0
8o0qyfku,14,yvu0j0px,12,trader_bridge_app,DayBreak,1787759664,1,0,0
8o0qyfku,24,dw5igqpq,12,trader_bridge_app,DayBreak,1787759666,1,0,0
8o0qyfku,19,9d6cveb5,16,trader_bridge_app,ResumeTradingSession,1787759666,2,0,1
8o0qyfku,20,6swie1ys,16,trader_bridge_app,ResumeTradingSession,1787759666,2,0,1
8o0qyfku,21,dltkzvxc,16,trader_bridge_app,ResumeTradingSession,1787759666,2,0,1
8o0qyfku,22,weju7mc9,16,trader_bridge_app,ResumeTradingSession,1787759666,2,0,1
8o0qyfku,23,dq2m7s6u,16,trader_bridge_app,ResumeTradingSession,1787759666,2,0,1
8o0qyfku,24,dw5igqpq,16,trader_bridge_app,ResumeTradingSession,1787759666,2,0,1
8o0qyfku,16,3mu21szb,12,trader_bridge_app,DayBreak,1787759666,1,0,0
8o0qyfku,17,caoxz34q,12,trader_bridge_app,DayBreak,1787759667,1,0,0
8o0qyfku,18,rdnkoe93,12,trader_bridge_app,DayBreak,1787759667,1,0,0
8o0qyfku,15,8m72ygxx,12,trader_bridge_app,DayBreak,1787759667,1,0,0
8o0qyfku,13,e70ixf6a,12,trader_bridge_app,DayBreak,1787759669,1,0,0
8o0qyfku,13,e70ixf6a,16,trader_bridge_app,ResumeTradingSession,1787759670,2,0,1
8o0qyfku,14,yvu0j0px,16,trader_bridge_app,ResumeTradingSession,1787759670,2,0,1
8o0qyfku,15,8m72ygxx,16,trader_bridge_app,ResumeTradingSession,1787759670,2,0,1
8o0qyfku,16,3mu21szb,16,trader_bridge_app,ResumeTradingSession,1787759670,2,0,1
8o0qyfku,17,caoxz34q,16,trader_bridge_app,ResumeTradingSession,1787759670,2,0,1
8o0qyfku,18,rdnkoe93,16,trader_bridge_app,ResumeTradingSession,1787759670,2,0,1
8o0qyfku,7,00g81xoq,18,trader_bridge_app,TradePage,1787759696,2,0,0
8o0qyfku,11,mrocn3qi,18,trader_bridge_app,TradePage,1787759696,2,0,0
8o0qyfku,8,3hlfki3e,18,trader_bridge_app,TradePage,1787759696,2,0,0
8o0qyfku,10,etak4i29,18,trader_bridge_app,TradePage,1787759696,2,0,0
8o0qyfku,12,a9rbe355,18,trader_bridge_app,TradePage,1787759696,2,0,0
8o0qyfku,9,01xk5dk9,18,trader_bridge_app,TradePage,1787759697,2,0,0
8o0qyfku,7,00g81xoq,19,trader_bridge_app,PauseTradingSession,1787759697,2,0,1
8o0qyfku,8,3hlfki3e,19,trader_bridge_app,PauseTradingSession,1787759697,2,0,1
8o0qyfku,9,01xk5dk9,19,trader_bridge_app,PauseTradingSession,1787759697,2,0,1
8o0qyfku,10,etak4i29,19,trader_bridge_app,PauseTradingSession,1787759697,2,0,1
8o0qyfku,11,mrocn3qi,19,trader_bridge_app,PauseTradingSession,1787759697,2,0,1
8o0qyfku,12,a9rbe355,19,trader_bridge_app,PauseTradingSession,1787759697,2,0,1
8o0qyfku,9,01xk5dk9,21,trader_bridge_app,DayBreak,1787759700,2,0,0
8o0qyfku,8,3hlfki3e,21,trader_bridge_app,DayBreak,1787759701,2,0,0
8o0qyfku,10,etak4i29,21,trader_bridge_app,DayBreak,1787759704,2,0,0
8o0qyfku,12,a9rbe355,21,trader_bridge_app,DayBreak,1787759705,2,0,0
8o0qyfku,11,mrocn3qi,21,trader_bridge_app,DayBreak,1787759707,2,0,0
8o0qyfku,7,00g81xoq,21,trader_bridge_app,DayBreak,1787759708,2,0,0
8o0qyfku,7,00g81xoq,25,trader_bridge_app,ResumeTradingSession,1787759708,3,0,1
8o0qyfku,8,3hlfki3e,25,trader_bridge_app,ResumeTradingSession,1787759708,3,0,1
8o0qyfku,9,01xk5dk9,25,trader_bridge_app,ResumeTradingSession,1787759708,3,0,1
8o0qyfku,10,etak4i29,25,trader_bridge_app,ResumeTradingSession,1787759708,3,0,1
8o0qyfku,11,mrocn3qi,25,trader_bridge_app,ResumeTradingSession,1787759708,3,0,1
8o0qyfku,12,a9rbe355,25,trader_bridge_app,ResumeTradingSession,1787759708,3,0,1
8o0qyfku,32,46nfbn7d,18,trader_bridge_app,TradePage,1787759711,2,0,0
8o0qyfku,33,cxkynnyi,18,trader_bridge_app,TradePage,1787759711,2,0,0
8o0qyfku,34,obh2xbv7,18,trader_bridge_app,TradePage,1787759711,2,0,0
8o0qyfku,31,kavf29xw,18,trader_bridge_app,TradePage,1787759711,2,0,0
8o0qyfku,31,kavf29xw,19,trader_bridge_app,PauseTradingSession,1787759712,2,0,1
8o0qyfku,32,46nfbn7d,19,trader_bridge_app,PauseTradingSession,1787759712,2,0,1
8o0qyfku,33,cxkynnyi,19,trader_bridge_app,PauseTradingSession,1787759712,2,0,1
8o0qyfku,34,obh2xbv7,19,trader_bridge_app,PauseTradingSession,1787759712,2,0,1
8o0qyfku,34,obh2xbv7,21,trader_bridge_app,DayBreak,1787759715,2,0,0
8o0qyfku,31,kavf29xw,21,trader_bridge_app,DayBreak,1787759715,2,0,0
8o0qyfku,33,cxkynnyi,21,trader_bridge_app,DayBreak,1787759716,2,0,0
8o0qyfku,32,46nfbn7d,21,trader_bridge_app,DayBreak,1787759719,2,0,0
8o0qyfku,31,kavf29xw,25,trader_bridge_app,ResumeTradingSession,1787759719,3,0,1
8o0qyfku,32,46nfbn7d,25,trader_bridge_app,ResumeTradingSession,1787759719,3,0,1
8o0qyfku,33,cxkynnyi,25,trader_bridge_app,ResumeTradingSession,1787759719,3,0,1
8o0qyfku,34,obh2xbv7,25,trader_bridge_app,ResumeTradingSession,1787759719,3,0,1
8o0qyfku,2,q5e90cmj,18,trader_bridge_app,TradePage,1787759721,2,0,0
8o0qyfku,1,5ldlcszn,18,trader_bridge_app,TradePage,1787759721,2,0,0
8o0qyfku,5,nmgjkj32,18,trader_bridge_app,TradePage,1787759721,2,0,0
8o0qyfku,6,cjmxcmcd,18,trader_bridge_app,TradePage,1787759721,2,0,0
8o0qyfku,3,zp1owmpd,18,trader_bridge_app,TradePage,1787759721,2,0,0
8o0qyfku,4,yq2xbma3,18,trader_bridge_app,TradePage,1787759721,2,0,0
8o0qyfku,1,5ldlcszn,19,trader_bridge_app,PauseTradingSession,1787759721,2,0,1
8o0qyfku,2,q5e90cmj,19,trader_bridge_app,PauseTradingSession,1787759721,2,0,1
8o0qyfku,3,zp1owmpd,19,trader_bridge_app,PauseTradingSession,1787759721,2,0,1
8o0qyfku,4,yq2xbma3,19,trader_bridge_app,PauseTradingSession,1787759721,2,0,1
8o0qyfku,5,nmgjkj32,19,trader_bridge_app,PauseTradingSession,1787759721,2,0,1
8o0qyfku,6,cjmxcmcd,19,trader_bridge_app,PauseTradingSession,1787759721,2,0,1
8o0qyfku,29,sgu796fi,18,trader_bridge_app,TradePage,1787759724,2,0,0
8o0qyfku,25,1j25lcg3,18,trader_bridge_app,TradePage,1787759724,2,0,0
8o0qyfku,28,108ssdya,18,trader_bridge_app,TradePage,1787759724,2,0,0
8o0qyfku,27,2dz5zxb2,18,trader_bridge_app,TradePage,1787759724,2,0,0
8o0qyfku,30,w7s9esrf,18,trader_bridge_app,TradePage,1787759724,2,0,0
8o0qyfku,26,icxcbb3j,18,trader_bridge_app,TradePage,1787759724,2,0,0
8o0qyfku,29,sgu796fi,19,trader_bridge_app,PauseTradingSession,1787759724,2,0,1
8o0qyfku,30,w7s9esrf,19,trader_bridge_app,PauseTradingSession,1787759724,2,0,1
8o0qyfku,25,1j25lcg3,19,trader_bridge_app,PauseTradingSession,1787759724,2,0,1
8o0qyfku,26,icxcbb3j,19,trader_bridge_app,PauseTradingSession,1787759724,2,0,1
8o0qyfku,27,2dz5zxb2,19,trader_bridge_app,PauseTradingSession,1787759724,2,0,1
8o0qyfku,28,108ssdya,19,trader_bridge_app,PauseTradingSession,1787759724,2,0,1
8o0qyfku,1,5ldlcszn,21,trader_bridge_app,DayBreak,1787759725,2,0,0
8o0qyfku,4,yq2xbma3,21,trader_bridge_app,DayBreak,1787759726,2,0,0
8o0qyfku,24,dw5igqpq,18,trader_bridge_app,TradePage,1787759727,2,0,0
8o0qyfku,21,dltkzvxc,18,trader_bridge_app,TradePage,1787759727,2,0,0
8o0qyfku,23,dq2m7s6u,18,trader_bridge_app,TradePage,1787759727,2,0,0
8o0qyfku,20,6swie1ys,18,trader_bridge_app,TradePage,1787759727,2,0,0
8o0qyfku,19,9d6cveb5,18,trader_bridge_app,TradePage,1787759727,2,0,0
8o0qyfku,22,weju7mc9,18,trader_bridge_app,TradePage,1787759727,2,0,0
8o0qyfku,19,9d6cveb5,19,trader_bridge_app,PauseTradingSession,1787759727,2,0,1
8o0qyfku,20,6swie1ys,19,trader_bridge_app,PauseTradingSession,1787759727,2,0,1
8o0qyfku,21,dltkzvxc,19,trader_bridge_app,PauseTradingSession,1787759727,2,0,1
8o0qyfku,22,weju7mc9,19,trader_bridge_app,PauseTradingSession,1787759727,2,0,1
8o0qyfku,23,dq2m7s6u,19,trader_bridge_app,PauseTradingSession,1787759727,2,0,1
8o0qyfku,24,dw5igqpq,19,trader_bridge_app,PauseTradingSession,1787759727,2,0,1
8o0qyfku,2,q5e90cmj,21,trader_bridge_app,DayBreak,1787759727,2,0,0
8o0qyfku,27,2dz5zxb2,21,trader_bridge_app,DayBreak,1787759728,2,0,0
8o0qyfku,3,zp1owmpd,21,trader_bridge_app,DayBreak,1787759728,2,0,0
8o0qyfku,6,cjmxcmcd,21,trader_bridge_app,DayBreak,1787759728,2,0,0
8o0qyfku,28,108ssdya,21,trader_bridge_app,DayBreak,1787759728,2,0,0
8o0qyfku,25,1j25lcg3,21,trader_bridge_app,DayBreak,1787759730,2,0,0
8o0qyfku,13,e70ixf6a,18,trader_bridge_app,TradePage,1787759730,2,0,0
8o0qyfku,16,3mu21szb,18,trader_bridge_app,TradePage,1787759730,2,0,0
8o0qyfku,18,rdnkoe93,18,trader_bridge_app,TradePage,1787759731,2,0,0
8o0qyfku,29,sgu796fi,21,trader_bridge_app,DayBreak,1787759731,2,0,0
8o0qyfku,15,8m72ygxx,18,trader_bridge_app,TradePage,1787759731,2,0,0
8o0qyfku,22,weju7mc9,21,trader_bridge_app,DayBreak,1787759731,2,0,0
8o0qyfku,17,caoxz34q,18,trader_bridge_app,TradePage,1787759731,2,0,0
8o0qyfku,20,6swie1ys,21,trader_bridge_app,DayBreak,1787759731,2,0,0
8o0qyfku,14,yvu0j0px,18,trader_bridge_app,TradePage,1787759731,2,0,0
8o0qyfku,23,dq2m7s6u,21,trader_bridge_app,DayBreak,1787759731,2,0,0
8o0qyfku,13,e70ixf6a,19,trader_bridge_app,PauseTradingSession,1787759732,2,0,1
8o0qyfku,14,yvu0j0px,19,trader_bridge_app,PauseTradingSession,1787759732,2,0,1
8o0qyfku,15,8m72ygxx,19,trader_bridge_app,PauseTradingSession,1787759732,2,0,1
8o0qyfku,16,3mu21szb,19,trader_bridge_app,PauseTradingSession,1787759732,2,0,1
8o0qyfku,17,caoxz34q,19,trader_bridge_app,PauseTradingSession,1787759732,2,0,1
8o0qyfku,18,rdnkoe93,19,trader_bridge_app,PauseTradingSession,1787759732,2,0,1
8o0qyfku,30,w7s9esrf,21,trader_bridge_app,DayBreak,1787759732,2,0,0
8o0qyfku,24,dw5igqpq,21,trader_bridge_app,DayBreak,1787759732,2,0,0
8o0qyfku,26,icxcbb3j,21,trader_bridge_app,DayBreak,1787759732,2,0,0
8o0qyfku,19,9d6cveb5,21,trader_bridge_app,DayBreak,1787759732,2,0,0
8o0qyfku,25,1j25lcg3,25,trader_bridge_app,ResumeTradingSession,1787759733,3,0,1
8o0qyfku,26,icxcbb3j,25,trader_bridge_app,ResumeTradingSession,1787759733,3,0,1
8o0qyfku,27,2dz5zxb2,25,trader_bridge_app,ResumeTradingSession,1787759733,3,0,1
8o0qyfku,28,108ssdya,25,trader_bridge_app,ResumeTradingSession,1787759733,3,0,1
8o0qyfku,29,sgu796fi,25,trader_bridge_app,ResumeTradingSession,1787759733,3,0,1
8o0qyfku,30,w7s9esrf,25,trader_bridge_app,ResumeTradingSession,1787759733,3,0,1
8o0qyfku,21,dltkzvxc,21,trader_bridge_app,DayBreak,1787759733,2,0,0
8o0qyfku,19,9d6cveb5,25,trader_bridge_app,ResumeTradingSession,1787759734,3,0,1
8o0qyfku,20,6swie1ys,25,trader_bridge_app,ResumeTradingSession,1787759734,3,0,1
8o0qyfku,21,dltkzvxc,25,trader_bridge_app,ResumeTradingSession,1787759734,3,0,1
8o0qyfku,22,weju7mc9,25,trader_bridge_app,ResumeTradingSession,1787759734,3,0,1
8o0qyfku,23,dq2m7s6u,25,trader_bridge_app,ResumeTradingSession,1787759734,3,0,1
8o0qyfku,24,dw5igqpq,25,trader_bridge_app,ResumeTradingSession,1787759734,3,0,1
8o0qyfku,16,3mu21szb,21,trader_bridge_app,DayBreak,1787759736,2,0,0
8o0qyfku,13,e70ixf6a,21,trader_bridge_app,DayBreak,1787759736,2,0,0
8o0qyfku,14,yvu0j0px,21,trader_bridge_app,DayBreak,1787759738,2,0,0
8o0qyfku,18,rdnkoe93,21,trader_bridge_app,DayBreak,1787759740,2,0,0
8o0qyfku,17,caoxz34q,21,trader_bridge_app,DayBreak,1787759740,2,0,0
8o0qyfku,5,nmgjkj32,21,trader_bridge_app,DayBreak,1787759742,2,1,0
8o0qyfku,1,5ldlcszn,25,trader_bridge_app,ResumeTradingSession,1787759742,3,0,1
8o0qyfku,2,q5e90cmj,25,trader_bridge_app,ResumeTradingSession,1787759742,3,0,1
8o0qyfku,3,zp1owmpd,25,trader_bridge_app,ResumeTradingSession,1787759742,3,0,1
8o0qyfku,4,yq2xbma3,25,trader_bridge_app,ResumeTradingSession,1787759742,3,0,1
8o0qyfku,5,nmgjkj32,25,trader_bridge_app,ResumeTradingSession,1787759742,3,0,1
8o0qyfku,6,cjmxcmcd,25,trader_bridge_app,ResumeTradingSession,1787759742,3,0,1
8o0qyfku,15,8m72ygxx,21,trader_bridge_app,DayBreak,1787759744,2,0,0
8o0qyfku,18,rdnkoe93,25,trader_bridge_app,ResumeTradingSession,1787759744,3,0,1
8o0qyfku,13,e70ixf6a,25,trader_bridge_app,ResumeTradingSession,1787759744,3,0,1
8o0qyfku,14,yvu0j0px,25,trader_bridge_app,ResumeTradingSession,1787759744,3,0,1
8o0qyfku,15,8m72ygxx,25,trader_bridge_app,ResumeTradingSession,1787759744,3,0,1
8o0qyfku,16,3mu21szb,25,trader_bridge_app,ResumeTradingSession,1787759744,3,0,1
8o0qyfku,17,caoxz34q,25,trader_bridge_app,ResumeTradingSession,1787759744,3,0,1
8o0qyfku,7,00g81xoq,27,trader_bridge_app,TradePage,1787759769,3,0,0
8o0qyfku,11,mrocn3qi,27,trader_bridge_app,TradePage,1787759769,3,0,0
8o0qyfku,12,a9rbe355,27,trader_bridge_app,TradePage,1787759770,3,0,0
8o0qyfku,10,etak4i29,27,trader_bridge_app,TradePage,1787759770,3,0,0
8o0qyfku,8,3hlfki3e,27,trader_bridge_app,TradePage,1787759770,3,0,0
8o0qyfku,9,01xk5dk9,27,trader_bridge_app,TradePage,1787759770,3,0,0
8o0qyfku,7,00g81xoq,29,trader_bridge_app,FinalizeTradingSession,1787759770,3,0,1
8o0qyfku,8,3hlfki3e,29,trader_bridge_app,FinalizeTradingSession,1787759770,3,0,1
8o0qyfku,9,01xk5dk9,29,trader_bridge_app,FinalizeTradingSession,1787759770,3,0,1
8o0qyfku,10,etak4i29,29,trader_bridge_app,FinalizeTradingSession,1787759770,3,0,1
8o0qyfku,11,mrocn3qi,29,trader_bridge_app,FinalizeTradingSession,1787759770,3,0,1
8o0qyfku,12,a9rbe355,29,trader_bridge_app,FinalizeTradingSession,1787759770,3,0,1
8o0qyfku,8,3hlfki3e,30,trader_bridge_app,DayBreak,1787759776,3,0,0
8o0qyfku,8,3hlfki3e,32,trader_bridge_app,MarketTransition,1787759778,3,0,0
8o0qyfku,9,01xk5dk9,30,trader_bridge_app,DayBreak,1787759779,3,0,0
8o0qyfku,7,00g81xoq,30,trader_bridge_app,DayBreak,1787759779,3,0,0
8o0qyfku,32,46nfbn7d,27,trader_bridge_app,TradePage,1787759780,3,0,0
8o0qyfku,33,cxkynnyi,27,trader_bridge_app,TradePage,1787759780,3,0,0
8o0qyfku,31,kavf29xw,27,trader_bridge_app,TradePage,1787759780,3,0,0
8o0qyfku,34,obh2xbv7,27,trader_bridge_app,TradePage,1787759780,3,0,0
8o0qyfku,9,01xk5dk9,32,trader_bridge_app,MarketTransition,1787759780,3,0,0
8o0qyfku,31,kavf29xw,29,trader_bridge_app,FinalizeTradingSession,1787759780,3,0,1
8o0qyfku,32,46nfbn7d,29,trader_bridge_app,FinalizeTradingSession,1787759780,3,0,1
8o0qyfku,33,cxkynnyi,29,trader_bridge_app,FinalizeTradingSession,1787759780,3,0,1
8o0qyfku,34,obh2xbv7,29,trader_bridge_app,FinalizeTradingSession,1787759780,3,0,1
8o0qyfku,12,a9rbe355,30,trader_bridge_app,DayBreak,1787759782,3,0,0
8o0qyfku,34,obh2xbv7,30,trader_bridge_app,DayBreak,1787759783,3,0,0
8o0qyfku,11,mrocn3qi,30,trader_bridge_app,DayBreak,1787759784,3,0,0
8o0qyfku,31,kavf29xw,30,trader_bridge_app,DayBreak,1787759784,3,0,0
8o0qyfku,7,00g81xoq,32,trader_bridge_app,MarketTransition,1787759785,3,0,0
8o0qyfku,33,cxkynnyi,30,trader_bridge_app,DayBreak,1787759785,3,0,0
8o0qyfku,34,obh2xbv7,32,trader_bridge_app,MarketTransition,1787759785,3,0,0
8o0qyfku,31,kavf29xw,32,trader_bridge_app,MarketTransition,1787759786,3,0,0
8o0qyfku,33,cxkynnyi,32,trader_bridge_app,MarketTransition,1787759789,3,0,0
8o0qyfku,12,a9rbe355,32,trader_bridge_app,MarketTransition,1787759789,3,0,0
8o0qyfku,10,etak4i29,30,trader_bridge_app,DayBreak,1787759791,3,1,0
8o0qyfku,32,46nfbn7d,30,trader_bridge_app,DayBreak,1787759791,3,0,0
8o0qyfku,26,icxcbb3j,27,trader_bridge_app,TradePage,1787759794,3,0,0
8o0qyfku,29,sgu796fi,27,trader_bridge_app,TradePage,1787759794,3,0,0
8o0qyfku,27,2dz5zxb2,27,trader_bridge_app,TradePage,1787759794,3,0,0
8o0qyfku,28,108ssdya,27,trader_bridge_app,TradePage,1787759794,3,0,0
8o0qyfku,25,1j25lcg3,27,trader_bridge_app,TradePage,1787759794,3,0,0
8o0qyfku,30,w7s9esrf,27,trader_bridge_app,TradePage,1787759794,3,0,0
8o0qyfku,29,sgu796fi,29,trader_bridge_app,FinalizeTradingSession,1787759794,3,0,1
8o0qyfku,30,w7s9esrf,29,trader_bridge_app,FinalizeTradingSession,1787759794,3,0,1
8o0qyfku,25,1j25lcg3,29,trader_bridge_app,FinalizeTradingSession,1787759794,3,0,1
8o0qyfku,26,icxcbb3j,29,trader_bridge_app,FinalizeTradingSession,1787759794,3,0,1
8o0qyfku,27,2dz5zxb2,29,trader_bridge_app,FinalizeTradingSession,1787759794,3,0,1
8o0qyfku,28,108ssdya,29,trader_bridge_app,FinalizeTradingSession,1787759794,3,0,1
8o0qyfku,32,46nfbn7d,32,trader_bridge_app,MarketTransition,1787759795,3,0,0
8o0qyfku,34,obh2xbv7,33,trader_bridge_app,SyncTradingSession,1787759795,4,0,1
8o0qyfku,31,kavf29xw,33,trader_bridge_app,SyncTradingSession,1787759795,4,0,1
8o0qyfku,32,46nfbn7d,33,trader_bridge_app,SyncTradingSession,1787759795,4,0,1
8o0qyfku,33,cxkynnyi,33,trader_bridge_app,SyncTradingSession,1787759795,4,0,1
8o0qyfku,21,dltkzvxc,27,trader_bridge_app,TradePage,1787759795,3,0,0
8o0qyfku,34,obh2xbv7,34,trader_bridge_app,ResumeTradingSession,1787759795,4,0,1
8o0qyfku,31,kavf29xw,34,trader_bridge_app,ResumeTradingSession,1787759795,4,0,1
8o0qyfku,32,46nfbn7d,34,trader_bridge_app,ResumeTradingSession,1787759795,4,0,1
8o0qyfku,33,cxkynnyi,34,trader_bridge_app,ResumeTradingSession,1787759795,4,0,1
8o0qyfku,23,dq2m7s6u,27,trader_bridge_app,TradePage,1787759795,3,0,0
8o0qyfku,19,9d6cveb5,27,trader_bridge_app,TradePage,1787759796,3,0,0
8o0qyfku,20,6swie1ys,27,trader_bridge_app,TradePage,1787759796,3,0,0
8o0qyfku,24,dw5igqpq,27,trader_bridge_app,TradePage,1787759796,3,0,0
8o0qyfku,22,weju7mc9,27,trader_bridge_app,TradePage,1787759796,3,0,0
8o0qyfku,19,9d6cveb5,29,trader_bridge_app,FinalizeTradingSession,1787759796,3,0,1
8o0qyfku,20,6swie1ys,29,trader_bridge_app,FinalizeTradingSession,1787759796,3,0,1
8o0qyfku,21,dltkzvxc,29,trader_bridge_app,FinalizeTradingSession,1787759796,3,0,1
8o0qyfku,22,weju7mc9,29,trader_bridge_app,FinalizeTradingSession,1787759796,3,0,1
8o0qyfku,23,dq2m7s6u,29,trader_bridge_app,FinalizeTradingSession,1787759796,3,0,1
8o0qyfku,24,dw5igqpq,29,trader_bridge_app,FinalizeTradingSession,1787759796,3,0,1
8o0qyfku,11,mrocn3qi,32,trader_bridge_app,MarketTransition,1787759796,3,0,0
8o0qyfku,10,etak4i29,32,trader_bridge_app,MarketTransition,1787759797,3,0,0
8o0qyfku,7,00g81xoq,33,trader_bridge_app,SyncTradingSession,1787759797,4,0,1
8o0qyfku,8,3hlfki3e,33,trader_bridge_app,SyncTradingSession,1787759797,4,0,1
8o0qyfku,9,01xk5dk9,33,trader_bridge_app,SyncTradingSession,1787759797,4,0,1
8o0qyfku,10,etak4i29,33,trader_bridge_app,SyncTradingSession,1787759797,4,0,1
8o0qyfku,11,mrocn3qi,33,trader_bridge_app,SyncTradingSession,1787759797,4,0,1
8o0qyfku,12,a9rbe355,33,trader_bridge_app,SyncTradingSession,1787759797,4,0,1
8o0qyfku,7,00g81xoq,34,trader_bridge_app,ResumeTradingSession,1787759797,4,0,1
8o0qyfku,8,3hlfki3e,34,trader_bridge_app,ResumeTradingSession,1787759797,4,0,1
8o0qyfku,9,01xk5dk9,34,trader_bridge_app,ResumeTradingSession,1787759797,4,0,1
8o0qyfku,10,etak4i29,34,trader_bridge_app,ResumeTradingSession,1787759797,4,0,1
8o0qyfku,11,mrocn3qi,34,trader_bridge_app,ResumeTradingSession,1787759797,4,0,1
8o0qyfku,12,a9rbe355,34,trader_bridge_app,ResumeTradingSession,1787759797,4,0,1
8o0qyfku,27,2dz5zxb2,30,trader_bridge_app,DayBreak,1787759798,3,0,0
8o0qyfku,28,108ssdya,30,trader_bridge_app,DayBreak,1787759798,3,0,0
8o0qyfku,27,2dz5zxb2,32,trader_bridge_app,MarketTransition,1787759799,3,0,0
8o0qyfku,28,108ssdya,32,trader_bridge_app,MarketTransition,1787759800,3,0,0
8o0qyfku,19,9d6cveb5,30,trader_bridge_app,DayBreak,1787759800,3,0,0
8o0qyfku,30,w7s9esrf,30,trader_bridge_app,DayBreak,1787759801,3,0,0
8o0qyfku,24,dw5igqpq,30,trader_bridge_app,DayBreak,1787759801,3,0,0
8o0qyfku,19,9d6cveb5,32,trader_bridge_app,MarketTransition,1787759802,3,0,0
8o0qyfku,22,weju7mc9,30,trader_bridge_app,DayBreak,1787759802,3,0,0
8o0qyfku,30,w7s9esrf,32,trader_bridge_app,MarketTransition,1787759802,3,0,0
8o0qyfku,20,6swie1ys,30,trader_bridge_app,DayBreak,1787759803,3,0,0
8o0qyfku,24,dw5igqpq,32,trader_bridge_app,MarketTransition,1787759803,3,0,0
8o0qyfku,5,nmgjkj32,27,trader_bridge_app,TradePage,1787759803,3,0,0
8o0qyfku,25,1j25lcg3,30,trader_bridge_app,DayBreak,1787759803,3,0,0
8o0qyfku,1,5ldlcszn,27,trader_bridge_app,TradePage,1787759803,3,0,0
8o0qyfku,3,zp1owmpd,27,trader_bridge_app,TradePage,1787759803,3,0,0
8o0qyfku,2,q5e90cmj,27,trader_bridge_app,TradePage,1787759803,3,0,0
8o0qyfku,6,cjmxcmcd,27,trader_bridge_app,TradePage,1787759803,3,0,0
8o0qyfku,4,yq2xbma3,27,trader_bridge_app,TradePage,1787759803,3,0,0
8o0qyfku,1,5ldlcszn,29,trader_bridge_app,FinalizeTradingSession,1787759804,3,0,1
8o0qyfku,2,q5e90cmj,29,trader_bridge_app,FinalizeTradingSession,1787759804,3,0,1
8o0qyfku,3,zp1owmpd,29,trader_bridge_app,FinalizeTradingSession,1787759804,3,0,1
8o0qyfku,4,yq2xbma3,29,trader_bridge_app,FinalizeTradingSession,1787759804,3,0,1
8o0qyfku,5,nmgjkj32,29,trader_bridge_app,FinalizeTradingSession,1787759804,3,0,1
8o0qyfku,6,cjmxcmcd,29,trader_bridge_app,FinalizeTradingSession,1787759804,3,0,1
8o0qyfku,26,icxcbb3j,30,trader_bridge_app,DayBreak,1787759804,3,0,0
8o0qyfku,22,weju7mc9,32,trader_bridge_app,MarketTransition,1787759805,3,0,0
8o0qyfku,15,8m72ygxx,27,trader_bridge_app,TradePage,1787759805,3,0,0
8o0qyfku,16,3mu21szb,27,trader_bridge_app,TradePage,1787759805,3,0,0
8o0qyfku,18,rdnkoe93,27,trader_bridge_app,TradePage,1787759805,3,0,0
8o0qyfku,17,caoxz34q,27,trader_bridge_app,TradePage,1787759805,3,0,0
8o0qyfku,13,e70ixf6a,27,trader_bridge_app,TradePage,1787759805,3,0,0
8o0qyfku,14,yvu0j0px,27,trader_bridge_app,TradePage,1787759806,3,0,0
8o0qyfku,18,rdnkoe93,29,trader_bridge_app,FinalizeTradingSession,1787759806,3,0,1
8o0qyfku,13,e70ixf6a,29,trader_bridge_app,FinalizeTradingSession,1787759806,3,0,1
8o0qyfku,14,yvu0j0px,29,trader_bridge_app,FinalizeTradingSession,1787759806,3,0,1
8o0qyfku,15,8m72ygxx,29,trader_bridge_app,FinalizeTradingSession,1787759806,3,0,1
8o0qyfku,16,3mu21szb,29,trader_bridge_app,FinalizeTradingSession,1787759806,3,0,1
8o0qyfku,17,caoxz34q,29,trader_bridge_app,FinalizeTradingSession,1787759806,3,0,1
8o0qyfku,26,icxcbb3j,32,trader_bridge_app,MarketTransition,1787759806,3,0,0
8o0qyfku,20,6swie1ys,32,trader_bridge_app,MarketTransition,1787759806,3,0,0
8o0qyfku,23,dq2m7s6u,30,trader_bridge_app,DayBreak,1787759807,3,0,0
8o0qyfku,29,sgu796fi,30,trader_bridge_app,DayBreak,1787759807,3,0,0
8o0qyfku,21,dltkzvxc,30,trader_bridge_app,DayBreak,1787759808,3,0,0
8o0qyfku,25,1j25lcg3,32,trader_bridge_app,MarketTransition,1787759809,3,0,0
8o0qyfku,16,3mu21szb,30,trader_bridge_app,DayBreak,1787759809,3,0,0
8o0qyfku,21,dltkzvxc,32,trader_bridge_app,MarketTransition,1787759810,3,0,0
8o0qyfku,1,5ldlcszn,30,trader_bridge_app,DayBreak,1787759812,3,0,0
8o0qyfku,16,3mu21szb,32,trader_bridge_app,MarketTransition,1787759812,3,0,0
8o0qyfku,29,sgu796fi,32,trader_bridge_app,MarketTransition,1787759812,3,0,0
8o0qyfku,25,1j25lcg3,33,trader_bridge_app,SyncTradingSession,1787759813,4,0,1
8o0qyfku,26,icxcbb3j,33,trader_bridge_app,SyncTradingSession,1787759813,4,0,1
8o0qyfku,27,2dz5zxb2,33,trader_bridge_app,SyncTradingSession,1787759813,4,0,1
8o0qyfku,28,108ssdya,33,trader_bridge_app,SyncTradingSession,1787759813,4,0,1
8o0qyfku,29,sgu796fi,33,trader_bridge_app,SyncTradingSession,1787759813,4,0,1
8o0qyfku,30,w7s9esrf,33,trader_bridge_app,SyncTradingSession,1787759813,4,0,1
8o0qyfku,3,zp1owmpd,30,trader_bridge_app,DayBreak,1787759813,3,0,0
8o0qyfku,15,8m72ygxx,30,trader_bridge_app,DayBreak,1787759813,3,0,0
8o0qyfku,25,1j25lcg3,34,trader_bridge_app,ResumeTradingSession,1787759813,4,0,1
8o0qyfku,26,icxcbb3j,34,trader_bridge_app,ResumeTradingSession,1787759813,4,0,1
8o0qyfku,27,2dz5zxb2,34,trader_bridge_app,ResumeTradingSession,1787759813,4,0,1
8o0qyfku,28,108ssdya,34,trader_bridge_app,ResumeTradingSession,1787759813,4,0,1
8o0qyfku,29,sgu796fi,34,trader_bridge_app,ResumeTradingSession,1787759813,4,0,1
8o0qyfku,30,w7s9esrf,34,trader_bridge_app,ResumeTradingSession,1787759813,4,0,1
8o0qyfku,14,yvu0j0px,30,trader_bridge_app,DayBreak,1787759814,3,0,0
8o0qyfku,1,5ldlcszn,32,trader_bridge_app,MarketTransition,1787759814,3,0,0
8o0qyfku,2,q5e90cmj,30,trader_bridge_app,DayBreak,1787759814,3,0,0
8o0qyfku,18,rdnkoe93,30,trader_bridge_app,DayBreak,1787759814,3,0,0
8o0qyfku,23,dq2m7s6u,32,trader_bridge_app,MarketTransition,1787759815,3,0,0
8o0qyfku,24,dw5igqpq,33,trader_bridge_app,SyncTradingSession,1787759815,4,0,1
8o0qyfku,19,9d6cveb5,33,trader_bridge_app,SyncTradingSession,1787759815,4,0,1
8o0qyfku,20,6swie1ys,33,trader_bridge_app,SyncTradingSession,1787759815,4,0,1
8o0qyfku,21,dltkzvxc,33,trader_bridge_app,SyncTradingSession,1787759815,4,0,1
8o0qyfku,22,weju7mc9,33,trader_bridge_app,SyncTradingSession,1787759815,4,0,1
8o0qyfku,23,dq2m7s6u,33,trader_bridge_app,SyncTradingSession,1787759815,4,0,1
8o0qyfku,15,8m72ygxx,32,trader_bridge_app,MarketTransition,1787759815,3,0,0
8o0qyfku,24,dw5igqpq,34,trader_bridge_app,ResumeTradingSession,1787759815,4,0,1
8o0qyfku,19,9d6cveb5,34,trader_bridge_app,ResumeTradingSession,1787759815,4,0,1
8o0qyfku,20,6swie1ys,34,trader_bridge_app,ResumeTradingSession,1787759815,4,0,1
8o0qyfku,21,dltkzvxc,34,trader_bridge_app,ResumeTradingSession,1787759815,4,0,1
8o0qyfku,22,weju7mc9,34,trader_bridge_app,ResumeTradingSession,1787759815,4,0,1
8o0qyfku,23,dq2m7s6u,34,trader_bridge_app,ResumeTradingSession,1787759815,4,0,1
8o0qyfku,17,caoxz34q,30,trader_bridge_app,DayBreak,1787759815,3,0,0
8o0qyfku,4,yq2xbma3,30,trader_bridge_app,DayBreak,1787759816,3,0,0
8o0qyfku,14,yvu0j0px,32,trader_bridge_app,MarketTransition,1787759816,3,0,0
8o0qyfku,13,e70ixf6a,30,trader_bridge_app,DayBreak,1787759816,3,0,0
8o0qyfku,18,rdnkoe93,32,trader_bridge_app,MarketTransition,1787759816,3,0,0
8o0qyfku,17,caoxz34q,32,trader_bridge_app,MarketTransition,1787759817,3,0,0
8o0qyfku,4,yq2xbma3,32,trader_bridge_app,MarketTransition,1787759818,3,0,0
8o0qyfku,3,zp1owmpd,32,trader_bridge_app,MarketTransition,1787759818,3,0,0
8o0qyfku,2,q5e90cmj,32,trader_bridge_app,MarketTransition,1787759820,3,0,0
8o0qyfku,13,e70ixf6a,32,trader_bridge_app,MarketTransition,1787759821,3,0,0
8o0qyfku,13,e70ixf6a,33,trader_bridge_app,SyncTradingSession,1787759822,4,0,1
8o0qyfku,14,yvu0j0px,33,trader_bridge_app,SyncTradingSession,1787759822,4,0,1
8o0qyfku,15,8m72ygxx,33,trader_bridge_app,SyncTradingSession,1787759822,4,0,1
8o0qyfku,16,3mu21szb,33,trader_bridge_app,SyncTradingSession,1787759822,4,0,1
8o0qyfku,17,caoxz34q,33,trader_bridge_app,SyncTradingSession,1787759822,4,0,1
8o0qyfku,18,rdnkoe93,33,trader_bridge_app,SyncTradingSession,1787759822,4,0,1
8o0qyfku,13,e70ixf6a,34,trader_bridge_app,ResumeTradingSession,1787759822,4,0,1
8o0qyfku,14,yvu0j0px,34,trader_bridge_app,ResumeTradingSession,1787759822,4,0,1
8o0qyfku,15,8m72ygxx,34,trader_bridge_app,ResumeTradingSession,1787759822,4,0,1
8o0qyfku,16,3mu21szb,34,trader_bridge_app,ResumeTradingSession,1787759822,4,0,1
8o0qyfku,17,caoxz34q,34,trader_bridge_app,ResumeTradingSession,1787759822,4,0,1
8o0qyfku,18,rdnkoe93,34,trader_bridge_app,ResumeTradingSession,1787759822,4,0,1
8o0qyfku,6,cjmxcmcd,30,trader_bridge_app,DayBreak,1787759823,3,0,0
8o0qyfku,5,nmgjkj32,30,trader_bridge_app,DayBreak,1787759825,3,1,0
8o0qyfku,6,cjmxcmcd,32,trader_bridge_app,MarketTransition,1787759825,3,0,0
8o0qyfku,5,nmgjkj32,32,trader_bridge_app,MarketTransition,1787759836,3,0,0
8o0qyfku,1,5ldlcszn,33,trader_bridge_app,SyncTradingSession,1787759836,4,0,1
8o0qyfku,2,q5e90cmj,33,trader_bridge_app,SyncTradingSession,1787759836,4,0,1
8o0qyfku,3,zp1owmpd,33,trader_bridge_app,SyncTradingSession,1787759836,4,0,1
8o0qyfku,4,yq2xbma3,33,trader_bridge_app,SyncTradingSession,1787759836,4,0,1
8o0qyfku,5,nmgjkj32,33,trader_bridge_app,SyncTradingSession,1787759836,4,0,1
8o0qyfku,6,cjmxcmcd,33,trader_bridge_app,SyncTradingSession,1787759836,4,0,1
8o0qyfku,1,5ldlcszn,34,trader_bridge_app,ResumeTradingSession,1787759837,4,0,1
8o0qyfku,2,q5e90cmj,34,trader_bridge_app,ResumeTradingSession,1787759837,4,0,1
8o0qyfku,3,zp1owmpd,34,trader_bridge_app,ResumeTradingSession,1787759837,4,0,1
8o0qyfku,4,yq2xbma3,34,trader_bridge_app,ResumeTradingSession,1787759837,4,0,1
8o0qyfku,5,nmgjkj32,34,trader_bridge_app,ResumeTradingSession,1787759837,4,0,1
8o0qyfku,6,cjmxcmcd,34,trader_bridge_app,ResumeTradingSession,1787759837,4,0,1
8o0qyfku,32,46nfbn7d,36,trader_bridge_app,TradePage,1787759857,4,0,0
8o0qyfku,33,cxkynnyi,36,trader_bridge_app,TradePage,1787759857,4,0,0
8o0qyfku,34,obh2xbv7,36,trader_bridge_app,TradePage,1787759857,4,0,0
8o0qyfku,31,kavf29xw,36,trader_bridge_app,TradePage,1787759857,4,0,0
8o0qyfku,34,obh2xbv7,37,trader_bridge_app,PauseTradingSession,1787759857,4,0,1
8o0qyfku,31,kavf29xw,37,trader_bridge_app,PauseTradingSession,1787759857,4,0,1
8o0qyfku,32,46nfbn7d,37,trader_bridge_app,PauseTradingSession,1787759857,4,0,1
8o0qyfku,33,cxkynnyi,37,trader_bridge_app,PauseTradingSession,1787759857,4,0,1
8o0qyfku,9,01xk5dk9,36,trader_bridge_app,TradePage,1787759858,4,0,0
8o0qyfku,12,a9rbe355,36,trader_bridge_app,TradePage,1787759858,4,0,0
8o0qyfku,7,00g81xoq,36,trader_bridge_app,TradePage,1787759858,4,0,0
8o0qyfku,8,3hlfki3e,36,trader_bridge_app,TradePage,1787759859,4,0,0
8o0qyfku,11,mrocn3qi,36,trader_bridge_app,TradePage,1787759859,4,0,0
8o0qyfku,10,etak4i29,36,trader_bridge_app,TradePage,1787759859,4,0,0
8o0qyfku,7,00g81xoq,37,trader_bridge_app,PauseTradingSession,1787759860,4,0,1
8o0qyfku,8,3hlfki3e,37,trader_bridge_app,PauseTradingSession,1787759860,4,0,1
8o0qyfku,9,01xk5dk9,37,trader_bridge_app,PauseTradingSession,1787759860,4,0,1
8o0qyfku,10,etak4i29,37,trader_bridge_app,PauseTradingSession,1787759860,4,0,1
8o0qyfku,12,a9rbe355,37,trader_bridge_app,PauseTradingSession,1787759860,4,0,1
8o0qyfku,11,mrocn3qi,37,trader_bridge_app,PauseTradingSession,1787759860,4,0,1
8o0qyfku,33,cxkynnyi,39,trader_bridge_app,DayBreak,1787759860,4,0,0
8o0qyfku,34,obh2xbv7,39,trader_bridge_app,DayBreak,1787759860,4,0,0
8o0qyfku,32,46nfbn7d,39,trader_bridge_app,DayBreak,1787759862,4,0,0
8o0qyfku,31,kavf29xw,39,trader_bridge_app,DayBreak,1787759862,4,0,0
8o0qyfku,34,obh2xbv7,43,trader_bridge_app,ResumeTradingSession,1787759863,5,0,1
8o0qyfku,31,kavf29xw,43,trader_bridge_app,ResumeTradingSession,1787759863,5,0,1
8o0qyfku,32,46nfbn7d,43,trader_bridge_app,ResumeTradingSession,1787759863,5,0,1
8o0qyfku,33,cxkynnyi,43,trader_bridge_app,ResumeTradingSession,1787759863,5,0,1
8o0qyfku,8,3hlfki3e,39,trader_bridge_app,DayBreak,1787759864,4,0,0
8o0qyfku,9,01xk5dk9,39,trader_bridge_app,DayBreak,1787759864,4,0,0
8o0qyfku,12,a9rbe355,39,trader_bridge_app,DayBreak,1787759865,4,0,0
8o0qyfku,10,etak4i29,39,trader_bridge_app,DayBreak,1787759866,4,0,0
8o0qyfku,11,mrocn3qi,39,trader_bridge_app,DayBreak,1787759868,4,0,0
8o0qyfku,7,00g81xoq,39,trader_bridge_app,DayBreak,1787759869,4,0,0
8o0qyfku,7,00g81xoq,43,trader_bridge_app,ResumeTradingSession,1787759869,5,0,1
8o0qyfku,8,3hlfki3e,43,trader_bridge_app,ResumeTradingSession,1787759869,5,0,1
8o0qyfku,9,01xk5dk9,43,trader_bridge_app,ResumeTradingSession,1787759869,5,0,1
8o0qyfku,10,etak4i29,43,trader_bridge_app,ResumeTradingSession,1787759869,5,0,1
8o0qyfku,11,mrocn3qi,43,trader_bridge_app,ResumeTradingSession,1787759869,5,0,1
8o0qyfku,12,a9rbe355,43,trader_bridge_app,ResumeTradingSession,1787759869,5,0,1
8o0qyfku,26,icxcbb3j,36,trader_bridge_app,TradePage,1787759874,4,0,0
8o0qyfku,28,108ssdya,36,trader_bridge_app,TradePage,1787759874,4,0,0
8o0qyfku,25,1j25lcg3,36,trader_bridge_app,TradePage,1787759874,4,0,0
8o0qyfku,27,2dz5zxb2,36,trader_bridge_app,TradePage,1787759874,4,0,0
8o0qyfku,30,w7s9esrf,36,trader_bridge_app,TradePage,1787759874,4,0,0
8o0qyfku,29,sgu796fi,36,trader_bridge_app,TradePage,1787759874,4,0,0
8o0qyfku,29,sgu796fi,37,trader_bridge_app,PauseTradingSession,1787759875,4,0,1
8o0qyfku,30,w7s9esrf,37,trader_bridge_app,PauseTradingSession,1787759875,4,0,1
8o0qyfku,25,1j25lcg3,37,trader_bridge_app,PauseTradingSession,1787759875,4,0,1
8o0qyfku,26,icxcbb3j,37,trader_bridge_app,PauseTradingSession,1787759875,4,0,1
8o0qyfku,27,2dz5zxb2,37,trader_bridge_app,PauseTradingSession,1787759875,4,0,1
8o0qyfku,28,108ssdya,37,trader_bridge_app,PauseTradingSession,1787759875,4,0,1
8o0qyfku,20,6swie1ys,36,trader_bridge_app,TradePage,1787759876,4,0,0
8o0qyfku,21,dltkzvxc,36,trader_bridge_app,TradePage,1787759876,4,0,0
8o0qyfku,19,9d6cveb5,36,trader_bridge_app,TradePage,1787759876,4,0,0
8o0qyfku,22,weju7mc9,36,trader_bridge_app,TradePage,1787759876,4,0,0
8o0qyfku,24,dw5igqpq,36,trader_bridge_app,TradePage,1787759876,4,0,0
8o0qyfku,23,dq2m7s6u,36,trader_bridge_app,TradePage,1787759877,4,0,0
8o0qyfku,24,dw5igqpq,37,trader_bridge_app,PauseTradingSession,1787759877,4,0,1
8o0qyfku,19,9d6cveb5,37,trader_bridge_app,PauseTradingSession,1787759877,4,0,1
8o0qyfku,20,6swie1ys,37,trader_bridge_app,PauseTradingSession,1787759877,4,0,1
8o0qyfku,21,dltkzvxc,37,trader_bridge_app,PauseTradingSession,1787759877,4,0,1
8o0qyfku,22,weju7mc9,37,trader_bridge_app,PauseTradingSession,1787759877,4,0,1
8o0qyfku,23,dq2m7s6u,37,trader_bridge_app,PauseTradingSession,1787759877,4,0,1
8o0qyfku,27,2dz5zxb2,39,trader_bridge_app,DayBreak,1787759877,4,0,0
8o0qyfku,28,108ssdya,39,trader_bridge_app,DayBreak,1787759878,4,0,0
8o0qyfku,29,sgu796fi,39,trader_bridge_app,DayBreak,1787759879,4,0,0
8o0qyfku,20,6swie1ys,39,trader_bridge_app,DayBreak,1787759879,4,0,0
8o0qyfku,25,1j25lcg3,39,trader_bridge_app,DayBreak,1787759880,4,0,0
8o0qyfku,22,weju7mc9,39,trader_bridge_app,DayBreak,1787759881,4,0,0
8o0qyfku,24,dw5igqpq,39,trader_bridge_app,DayBreak,1787759881,4,0,0
8o0qyfku,26,icxcbb3j,39,trader_bridge_app,DayBreak,1787759881,4,0,0
8o0qyfku,19,9d6cveb5,39,trader_bridge_app,DayBreak,1787759883,4,0,0
8o0qyfku,13,e70ixf6a,36,trader_bridge_app,TradePage,1787759883,4,0,0
8o0qyfku,17,caoxz34q,36,trader_bridge_app,TradePage,1787759883,4,0,0
8o0qyfku,16,3mu21szb,36,trader_bridge_app,TradePage,1787759883,4,0,0
8o0qyfku,15,8m72ygxx,36,trader_bridge_app,TradePage,1787759883,4,0,0
8o0qyfku,18,rdnkoe93,36,trader_bridge_app,TradePage,1787759883,4,0,0
8o0qyfku,14,yvu0j0px,36,trader_bridge_app,TradePage,1787759883,4,0,0
8o0qyfku,13,e70ixf6a,37,trader_bridge_app,PauseTradingSession,1787759884,4,0,1
8o0qyfku,14,yvu0j0px,37,trader_bridge_app,PauseTradingSession,1787759884,4,0,1
8o0qyfku,15,8m72ygxx,37,trader_bridge_app,PauseTradingSession,1787759884,4,0,1
8o0qyfku,16,3mu21szb,37,trader_bridge_app,PauseTradingSession,1787759884,4,0,1
8o0qyfku,17,caoxz34q,37,trader_bridge_app,PauseTradingSession,1787759884,4,0,1
8o0qyfku,18,rdnkoe93,37,trader_bridge_app,PauseTradingSession,1787759884,4,0,1
8o0qyfku,30,w7s9esrf,39,trader_bridge_app,DayBreak,1787759885,4,0,0
8o0qyfku,28,108ssdya,43,trader_bridge_app,ResumeTradingSession,1787759885,5,0,1
8o0qyfku,29,sgu796fi,43,trader_bridge_app,ResumeTradingSession,1787759885,5,0,1
8o0qyfku,30,w7s9esrf,43,trader_bridge_app,ResumeTradingSession,1787759885,5,0,1
8o0qyfku,25,1j25lcg3,43,trader_bridge_app,ResumeTradingSession,1787759885,5,0,1
8o0qyfku,26,icxcbb3j,43,trader_bridge_app,ResumeTradingSession,1787759885,5,0,1
8o0qyfku,27,2dz5zxb2,43,trader_bridge_app,ResumeTradingSession,1787759885,5,0,1
8o0qyfku,23,dq2m7s6u,39,trader_bridge_app,DayBreak,1787759887,4,0,0
8o0qyfku,21,dltkzvxc,39,trader_bridge_app,DayBreak,1787759888,4,0,0
8o0qyfku,16,3mu21szb,39,trader_bridge_app,DayBreak,1787759888,4,0,0
8o0qyfku,19,9d6cveb5,43,trader_bridge_app,ResumeTradingSession,1787759888,5,0,1
8o0qyfku,20,6swie1ys,43,trader_bridge_app,ResumeTradingSession,1787759888,5,0,1
8o0qyfku,21,dltkzvxc,43,trader_bridge_app,ResumeTradingSession,1787759888,5,0,1
8o0qyfku,22,weju7mc9,43,trader_bridge_app,ResumeTradingSession,1787759888,5,0,1
8o0qyfku,23,dq2m7s6u,43,trader_bridge_app,ResumeTradingSession,1787759888,5,0,1
8o0qyfku,24,dw5igqpq,43,trader_bridge_app,ResumeTradingSession,1787759888,5,0,1
8o0qyfku,13,e70ixf6a,39,trader_bridge_app,DayBreak,1787759888,4,0,0
8o0qyfku,18,rdnkoe93,39,trader_bridge_app,DayBreak,1787759889,4,0,0
8o0qyfku,15,8m72ygxx,39,trader_bridge_app,DayBreak,1787759889,4,0,0
8o0qyfku,14,yvu0j0px,39,trader_bridge_app,DayBreak,1787759890,4,0,0
8o0qyfku,17,caoxz34q,39,trader_bridge_app,DayBreak,1787759896,4,0,0
8o0qyfku,13,e70ixf6a,43,trader_bridge_app,ResumeTradingSession,1787759896,5,0,1
8o0qyfku,14,yvu0j0px,43,trader_bridge_app,ResumeTradingSession,1787759896,5,0,1
8o0qyfku,15,8m72ygxx,43,trader_bridge_app,ResumeTradingSession,1787759896,5,0,1
8o0qyfku,16,3mu21szb,43,trader_bridge_app,ResumeTradingSession,1787759896,5,0,1
8o0qyfku,17,caoxz34q,43,trader_bridge_app,ResumeTradingSession,1787759896,5,0,1
8o0qyfku,18,rdnkoe93,43,trader_bridge_app,ResumeTradingSession,1787759896,5,0,1
8o0qyfku,1,5ldlcszn,36,trader_bridge_app,TradePage,1787759897,4,0,0
8o0qyfku,2,q5e90cmj,36,trader_bridge_app,TradePage,1787759897,4,0,0
8o0qyfku,3,zp1owmpd,36,trader_bridge_app,TradePage,1787759897,4,0,0
8o0qyfku,6,cjmxcmcd,36,trader_bridge_app,TradePage,1787759898,4,0,0
8o0qyfku,4,yq2xbma3,36,trader_bridge_app,TradePage,1787759898,4,0,0
8o0qyfku,5,nmgjkj32,36,trader_bridge_app,TradePage,1787759898,4,0,0
8o0qyfku,1,5ldlcszn,37,trader_bridge_app,PauseTradingSession,1787759898,4,0,1
8o0qyfku,2,q5e90cmj,37,trader_bridge_app,PauseTradingSession,1787759898,4,0,1
8o0qyfku,3,zp1owmpd,37,trader_bridge_app,PauseTradingSession,1787759898,4,0,1
8o0qyfku,4,yq2xbma3,37,trader_bridge_app,PauseTradingSession,1787759898,4,0,1
8o0qyfku,5,nmgjkj32,37,trader_bridge_app,PauseTradingSession,1787759898,4,0,1
8o0qyfku,6,cjmxcmcd,37,trader_bridge_app,PauseTradingSession,1787759898,4,0,1
8o0qyfku,1,5ldlcszn,39,trader_bridge_app,DayBreak,1787759902,4,0,0
8o0qyfku,6,cjmxcmcd,39,trader_bridge_app,DayBreak,1787759903,4,0,0
8o0qyfku,3,zp1owmpd,39,trader_bridge_app,DayBreak,1787759904,4,0,0
8o0qyfku,4,yq2xbma3,39,trader_bridge_app,DayBreak,1787759906,4,0,0
8o0qyfku,2,q5e90cmj,39,trader_bridge_app,DayBreak,1787759908,4,0,0
8o0qyfku,5,nmgjkj32,39,trader_bridge_app,DayBreak,1787759919,4,1,0
8o0qyfku,5,nmgjkj32,43,trader_bridge_app,ResumeTradingSession,1787759919,5,0,1
8o0qyfku,6,cjmxcmcd,43,trader_bridge_app,ResumeTradingSession,1787759919,5,0,1
8o0qyfku,1,5ldlcszn,43,trader_bridge_app,ResumeTradingSession,1787759919,5,0,1
8o0qyfku,2,q5e90cmj,43,trader_bridge_app,ResumeTradingSession,1787759919,5,0,1
8o0qyfku,3,zp1owmpd,43,trader_bridge_app,ResumeTradingSession,1787759919,5,0,1
8o0qyfku,4,yq2xbma3,43,trader_bridge_app,ResumeTradingSession,1787759919,5,0,1
8o0qyfku,31,kavf29xw,45,trader_bridge_app,TradePage,1787759923,5,0,0
8o0qyfku,32,46nfbn7d,45,trader_bridge_app,TradePage,1787759924,5,0,0
8o0qyfku,33,cxkynnyi,45,trader_bridge_app,TradePage,1787759924,5,0,0
8o0qyfku,34,obh2xbv7,45,trader_bridge_app,TradePage,1787759924,5,0,0
8o0qyfku,34,obh2xbv7,46,trader_bridge_app,PauseTradingSession,1787759925,5,0,1
8o0qyfku,31,kavf29xw,46,trader_bridge_app,PauseTradingSession,1787759925,5,0,1
8o0qyfku,32,46nfbn7d,46,trader_bridge_app,PauseTradingSession,1787759925,5,0,1
8o0qyfku,33,cxkynnyi,46,trader_bridge_app,PauseTradingSession,1787759925,5,0,1
8o0qyfku,34,obh2xbv7,48,trader_bridge_app,DayBreak,1787759927,5,0,0
8o0qyfku,33,cxkynnyi,48,trader_bridge_app,DayBreak,1787759927,5,0,0
8o0qyfku,31,kavf29xw,48,trader_bridge_app,DayBreak,1787759929,5,0,0
8o0qyfku,32,46nfbn7d,48,trader_bridge_app,DayBreak,1787759930,5,0,0
8o0qyfku,31,kavf29xw,52,trader_bridge_app,ResumeTradingSession,1787759930,6,0,1
8o0qyfku,32,46nfbn7d,52,trader_bridge_app,ResumeTradingSession,1787759930,6,0,1
8o0qyfku,33,cxkynnyi,52,trader_bridge_app,ResumeTradingSession,1787759930,6,0,1
8o0qyfku,34,obh2xbv7,52,trader_bridge_app,ResumeTradingSession,1787759930,6,0,1
8o0qyfku,7,00g81xoq,45,trader_bridge_app,TradePage,1787759930,5,0,0
8o0qyfku,11,mrocn3qi,45,trader_bridge_app,TradePage,1787759931,5,0,0
8o0qyfku,10,etak4i29,45,trader_bridge_app,TradePage,1787759931,5,0,0
8o0qyfku,12,a9rbe355,45,trader_bridge_app,TradePage,1787759931,5,0,0
8o0qyfku,9,01xk5dk9,45,trader_bridge_app,TradePage,1787759931,5,0,0
8o0qyfku,8,3hlfki3e,45,trader_bridge_app,TradePage,1787759931,5,0,0
8o0qyfku,7,00g81xoq,46,trader_bridge_app,PauseTradingSession,1787759931,5,0,1
8o0qyfku,8,3hlfki3e,46,trader_bridge_app,PauseTradingSession,1787759931,5,0,1
8o0qyfku,9,01xk5dk9,46,trader_bridge_app,PauseTradingSession,1787759931,5,0,1
8o0qyfku,10,etak4i29,46,trader_bridge_app,PauseTradingSession,1787759931,5,0,1
8o0qyfku,11,mrocn3qi,46,trader_bridge_app,PauseTradingSession,1787759931,5,0,1
8o0qyfku,12,a9rbe355,46,trader_bridge_app,PauseTradingSession,1787759931,5,0,1
8o0qyfku,8,3hlfki3e,48,trader_bridge_app,DayBreak,1787759935,5,0,0
8o0qyfku,10,etak4i29,48,trader_bridge_app,DayBreak,1787759936,5,0,0
8o0qyfku,9,01xk5dk9,48,trader_bridge_app,DayBreak,1787759936,5,0,0
8o0qyfku,11,mrocn3qi,48,trader_bridge_app,DayBreak,1787759938,5,0,0
8o0qyfku,7,00g81xoq,48,trader_bridge_app,DayBreak,1787759939,5,0,0
8o0qyfku,12,a9rbe355,48,trader_bridge_app,DayBreak,1787759944,5,0,0
8o0qyfku,12,a9rbe355,52,trader_bridge_app,ResumeTradingSession,1787759944,6,0,1
8o0qyfku,7,00g81xoq,52,trader_bridge_app,ResumeTradingSession,1787759944,6,0,1
8o0qyfku,8,3hlfki3e,52,trader_bridge_app,ResumeTradingSession,1787759944,6,0,1
8o0qyfku,9,01xk5dk9,52,trader_bridge_app,ResumeTradingSession,1787759944,6,0,1
8o0qyfku,10,etak4i29,52,trader_bridge_app,ResumeTradingSession,1787759944,6,0,1
8o0qyfku,11,mrocn3qi,52,trader_bridge_app,ResumeTradingSession,1787759944,6,0,1
8o0qyfku,30,w7s9esrf,45,trader_bridge_app,TradePage,1787759946,5,0,0
8o0qyfku,29,sgu796fi,45,trader_bridge_app,TradePage,1787759946,5,0,0
8o0qyfku,26,icxcbb3j,45,trader_bridge_app,TradePage,1787759946,5,0,0
8o0qyfku,27,2dz5zxb2,45,trader_bridge_app,TradePage,1787759946,5,0,0
8o0qyfku,28,108ssdya,45,trader_bridge_app,TradePage,1787759946,5,0,0
8o0qyfku,25,1j25lcg3,45,trader_bridge_app,TradePage,1787759946,5,0,0
8o0qyfku,28,108ssdya,46,trader_bridge_app,PauseTradingSession,1787759947,5,0,1
8o0qyfku,29,sgu796fi,46,trader_bridge_app,PauseTradingSession,1787759947,5,0,1
8o0qyfku,30,w7s9esrf,46,trader_bridge_app,PauseTradingSession,1787759947,5,0,1
8o0qyfku,25,1j25lcg3,46,trader_bridge_app,PauseTradingSession,1787759947,5,0,1
8o0qyfku,26,icxcbb3j,46,trader_bridge_app,PauseTradingSession,1787759947,5,0,1
8o0qyfku,27,2dz5zxb2,46,trader_bridge_app,PauseTradingSession,1787759947,5,0,1
8o0qyfku,21,dltkzvxc,45,trader_bridge_app,TradePage,1787759949,5,0,0
8o0qyfku,20,6swie1ys,45,trader_bridge_app,TradePage,1787759949,5,0,0
8o0qyfku,23,dq2m7s6u,45,trader_bridge_app,TradePage,1787759949,5,0,0
8o0qyfku,24,dw5igqpq,45,trader_bridge_app,TradePage,1787759949,5,0,0
8o0qyfku,19,9d6cveb5,45,trader_bridge_app,TradePage,1787759949,5,0,0
8o0qyfku,22,weju7mc9,45,trader_bridge_app,TradePage,1787759949,5,0,0
8o0qyfku,19,9d6cveb5,46,trader_bridge_app,PauseTradingSession,1787759949,5,0,1
8o0qyfku,20,6swie1ys,46,trader_bridge_app,PauseTradingSession,1787759949,5,0,1
8o0qyfku,21,dltkzvxc,46,trader_bridge_app,PauseTradingSession,1787759949,5,0,1
8o0qyfku,22,weju7mc9,46,trader_bridge_app,PauseTradingSession,1787759949,5,0,1
8o0qyfku,23,dq2m7s6u,46,trader_bridge_app,PauseTradingSession,1787759949,5,0,1
8o0qyfku,24,dw5igqpq,46,trader_bridge_app,PauseTradingSession,1787759949,5,0,1
8o0qyfku,25,1j25lcg3,48,trader_bridge_app,DayBreak,1787759950,5,0,0
8o0qyfku,29,sgu796fi,48,trader_bridge_app,DayBreak,1787759951,5,0,0
8o0qyfku,27,2dz5zxb2,48,trader_bridge_app,DayBreak,1787759951,5,0,0
8o0qyfku,19,9d6cveb5,48,trader_bridge_app,DayBreak,1787759952,5,0,0
8o0qyfku,22,weju7mc9,48,trader_bridge_app,DayBreak,1787759954,5,0,0
8o0qyfku,24,dw5igqpq,48,trader_bridge_app,DayBreak,1787759955,5,0,0
8o0qyfku,26,icxcbb3j,48,trader_bridge_app,DayBreak,1787759955,5,0,0
8o0qyfku,17,caoxz34q,45,trader_bridge_app,TradePage,1787759957,5,0,0
8o0qyfku,20,6swie1ys,48,trader_bridge_app,DayBreak,1787759957,5,0,0
8o0qyfku,18,rdnkoe93,45,trader_bridge_app,TradePage,1787759957,5,0,0
8o0qyfku,16,3mu21szb,45,trader_bridge_app,TradePage,1787759957,5,0,0
8o0qyfku,15,8m72ygxx,45,trader_bridge_app,TradePage,1787759957,5,0,0
8o0qyfku,14,yvu0j0px,45,trader_bridge_app,TradePage,1787759957,5,0,0
8o0qyfku,13,e70ixf6a,45,trader_bridge_app,TradePage,1787759957,5,0,0
8o0qyfku,13,e70ixf6a,46,trader_bridge_app,PauseTradingSession,1787759957,5,0,1
8o0qyfku,14,yvu0j0px,46,trader_bridge_app,PauseTradingSession,1787759957,5,0,1
8o0qyfku,15,8m72ygxx,46,trader_bridge_app,PauseTradingSession,1787759957,5,0,1
8o0qyfku,16,3mu21szb,46,trader_bridge_app,PauseTradingSession,1787759957,5,0,1
8o0qyfku,17,caoxz34q,46,trader_bridge_app,PauseTradingSession,1787759957,5,0,1
8o0qyfku,18,rdnkoe93,46,trader_bridge_app,PauseTradingSession,1787759957,5,0,1
8o0qyfku,28,108ssdya,48,trader_bridge_app,DayBreak,1787759958,5,0,0
8o0qyfku,23,dq2m7s6u,48,trader_bridge_app,DayBreak,1787759959,5,0,0
8o0qyfku,21,dltkzvxc,48,trader_bridge_app,DayBreak,1787759960,5,0,0
8o0qyfku,19,9d6cveb5,52,trader_bridge_app,ResumeTradingSession,1787759960,6,0,1
8o0qyfku,20,6swie1ys,52,trader_bridge_app,ResumeTradingSession,1787759960,6,0,1
8o0qyfku,21,dltkzvxc,52,trader_bridge_app,ResumeTradingSession,1787759960,6,0,1
8o0qyfku,22,weju7mc9,52,trader_bridge_app,ResumeTradingSession,1787759960,6,0,1
8o0qyfku,23,dq2m7s6u,52,trader_bridge_app,ResumeTradingSession,1787759960,6,0,1
8o0qyfku,24,dw5igqpq,52,trader_bridge_app,ResumeTradingSession,1787759960,6,0,1
8o0qyfku,16,3mu21szb,48,trader_bridge_app,DayBreak,1787759961,5,0,0
8o0qyfku,13,e70ixf6a,48,trader_bridge_app,DayBreak,1787759963,5,0,0
8o0qyfku,18,rdnkoe93,48,trader_bridge_app,DayBreak,1787759964,5,0,0
8o0qyfku,30,w7s9esrf,48,trader_bridge_app,DayBreak,1787759964,5,0,0
8o0qyfku,28,108ssdya,52,trader_bridge_app,ResumeTradingSession,1787759964,6,0,1
8o0qyfku,29,sgu796fi,52,trader_bridge_app,ResumeTradingSession,1787759964,6,0,1
8o0qyfku,30,w7s9esrf,52,trader_bridge_app,ResumeTradingSession,1787759964,6,0,1
8o0qyfku,25,1j25lcg3,52,trader_bridge_app,ResumeTradingSession,1787759964,6,0,1
8o0qyfku,26,icxcbb3j,52,trader_bridge_app,ResumeTradingSession,1787759964,6,0,1
8o0qyfku,27,2dz5zxb2,52,trader_bridge_app,ResumeTradingSession,1787759964,6,0,1
8o0qyfku,14,yvu0j0px,48,trader_bridge_app,DayBreak,1787759966,5,0,0
8o0qyfku,15,8m72ygxx,48,trader_bridge_app,DayBreak,1787759973,5,0,0
8o0qyfku,17,caoxz34q,48,trader_bridge_app,DayBreak,1787759975,5,0,0
8o0qyfku,18,rdnkoe93,52,trader_bridge_app,ResumeTradingSession,1787759976,6,0,1
8o0qyfku,13,e70ixf6a,52,trader_bridge_app,ResumeTradingSession,1787759976,6,0,1
8o0qyfku,14,yvu0j0px,52,trader_bridge_app,ResumeTradingSession,1787759976,6,0,1
8o0qyfku,15,8m72ygxx,52,trader_bridge_app,ResumeTradingSession,1787759976,6,0,1
8o0qyfku,16,3mu21szb,52,trader_bridge_app,ResumeTradingSession,1787759976,6,0,1
8o0qyfku,17,caoxz34q,52,trader_bridge_app,ResumeTradingSession,1787759976,6,0,1
8o0qyfku,5,nmgjkj32,45,trader_bridge_app,TradePage,1787759980,5,0,0
8o0qyfku,3,zp1owmpd,45,trader_bridge_app,TradePage,1787759980,5,0,0
8o0qyfku,1,5ldlcszn,45,trader_bridge_app,TradePage,1787759980,5,0,0
8o0qyfku,2,q5e90cmj,45,trader_bridge_app,TradePage,1787759980,5,0,0
8o0qyfku,6,cjmxcmcd,45,trader_bridge_app,TradePage,1787759980,5,0,0
8o0qyfku,4,yq2xbma3,45,trader_bridge_app,TradePage,1787759980,5,0,0
8o0qyfku,5,nmgjkj32,46,trader_bridge_app,PauseTradingSession,1787759981,5,0,1
8o0qyfku,6,cjmxcmcd,46,trader_bridge_app,PauseTradingSession,1787759981,5,0,1
8o0qyfku,1,5ldlcszn,46,trader_bridge_app,PauseTradingSession,1787759981,5,0,1
8o0qyfku,2,q5e90cmj,46,trader_bridge_app,PauseTradingSession,1787759981,5,0,1
8o0qyfku,3,zp1owmpd,46,trader_bridge_app,PauseTradingSession,1787759981,5,0,1
8o0qyfku,4,yq2xbma3,46,trader_bridge_app,PauseTradingSession,1787759981,5,0,1
8o0qyfku,3,zp1owmpd,48,trader_bridge_app,DayBreak,1787759984,5,0,0
8o0qyfku,1,5ldlcszn,48,trader_bridge_app,DayBreak,1787759984,5,0,0
8o0qyfku,2,q5e90cmj,48,trader_bridge_app,DayBreak,1787759985,5,0,0
8o0qyfku,6,cjmxcmcd,48,trader_bridge_app,DayBreak,1787759986,5,0,0
8o0qyfku,4,yq2xbma3,48,trader_bridge_app,DayBreak,1787759986,5,0,0
8o0qyfku,32,46nfbn7d,54,trader_bridge_app,TradePage,1787759991,6,0,0
8o0qyfku,33,cxkynnyi,54,trader_bridge_app,TradePage,1787759991,6,0,0
8o0qyfku,34,obh2xbv7,54,trader_bridge_app,TradePage,1787759991,6,0,0
8o0qyfku,31,kavf29xw,54,trader_bridge_app,TradePage,1787759991,6,0,0
8o0qyfku,31,kavf29xw,55,trader_bridge_app,PauseTradingSession,1787759992,6,0,1
8o0qyfku,32,46nfbn7d,55,trader_bridge_app,PauseTradingSession,1787759992,6,0,1
8o0qyfku,33,cxkynnyi,55,trader_bridge_app,PauseTradingSession,1787759992,6,0,1
8o0qyfku,34,obh2xbv7,55,trader_bridge_app,PauseTradingSession,1787759992,6,0,1
8o0qyfku,34,obh2xbv7,57,trader_bridge_app,DayBreak,1787760000,6,0,0
8o0qyfku,5,nmgjkj32,48,trader_bridge_app,DayBreak,1787760002,5,1,0
8o0qyfku,1,5ldlcszn,52,trader_bridge_app,ResumeTradingSession,1787760002,6,0,1
8o0qyfku,2,q5e90cmj,52,trader_bridge_app,ResumeTradingSession,1787760002,6,0,1
8o0qyfku,3,zp1owmpd,52,trader_bridge_app,ResumeTradingSession,1787760002,6,0,1
8o0qyfku,4,yq2xbma3,52,trader_bridge_app,ResumeTradingSession,1787760002,6,0,1
8o0qyfku,6,cjmxcmcd,52,trader_bridge_app,ResumeTradingSession,1787760002,6,0,1
8o0qyfku,5,nmgjkj32,52,trader_bridge_app,ResumeTradingSession,1787760002,6,0,1
8o0qyfku,33,cxkynnyi,57,trader_bridge_app,DayBreak,1787760004,6,0,0
8o0qyfku,12,a9rbe355,54,trader_bridge_app,TradePage,1787760005,6,0,0
8o0qyfku,11,mrocn3qi,54,trader_bridge_app,TradePage,1787760005,6,0,0
8o0qyfku,7,00g81xoq,54,trader_bridge_app,TradePage,1787760006,6,0,0
8o0qyfku,9,01xk5dk9,54,trader_bridge_app,TradePage,1787760006,6,0,0
8o0qyfku,8,3hlfki3e,54,trader_bridge_app,TradePage,1787760006,6,0,0
8o0qyfku,10,etak4i29,54,trader_bridge_app,TradePage,1787760006,6,0,0
8o0qyfku,11,mrocn3qi,55,trader_bridge_app,PauseTradingSession,1787760006,6,0,1
8o0qyfku,12,a9rbe355,55,trader_bridge_app,PauseTradingSession,1787760006,6,0,1
8o0qyfku,7,00g81xoq,55,trader_bridge_app,PauseTradingSession,1787760006,6,0,1
8o0qyfku,8,3hlfki3e,55,trader_bridge_app,PauseTradingSession,1787760006,6,0,1
8o0qyfku,9,01xk5dk9,55,trader_bridge_app,PauseTradingSession,1787760006,6,0,1
8o0qyfku,10,etak4i29,55,trader_bridge_app,PauseTradingSession,1787760006,6,0,1
8o0qyfku,32,46nfbn7d,57,trader_bridge_app,DayBreak,1787760007,6,0,0
8o0qyfku,31,kavf29xw,57,trader_bridge_app,DayBreak,1787760011,6,0,0
8o0qyfku,31,kavf29xw,61,trader_bridge_app,ResumeTradingSession,1787760011,7,0,1
8o0qyfku,32,46nfbn7d,61,trader_bridge_app,ResumeTradingSession,1787760011,7,0,1
8o0qyfku,33,cxkynnyi,61,trader_bridge_app,ResumeTradingSession,1787760011,7,0,1
8o0qyfku,34,obh2xbv7,61,trader_bridge_app,ResumeTradingSession,1787760011,7,0,1
8o0qyfku,11,mrocn3qi,57,trader_bridge_app,DayBreak,1787760015,6,0,0
8o0qyfku,9,01xk5dk9,57,trader_bridge_app,DayBreak,1787760016,6,0,0
8o0qyfku,12,a9rbe355,57,trader_bridge_app,DayBreak,1787760018,6,0,0
8o0qyfku,8,3hlfki3e,57,trader_bridge_app,DayBreak,1787760018,6,0,0
8o0qyfku,21,dltkzvxc,54,trader_bridge_app,TradePage,1787760021,6,0,0
8o0qyfku,23,dq2m7s6u,54,trader_bridge_app,TradePage,1787760021,6,0,0
8o0qyfku,20,6swie1ys,54,trader_bridge_app,TradePage,1787760021,6,0,0
8o0qyfku,19,9d6cveb5,54,trader_bridge_app,TradePage,1787760021,6,0,0
8o0qyfku,24,dw5igqpq,54,trader_bridge_app,TradePage,1787760021,6,0,0
8o0qyfku,22,weju7mc9,54,trader_bridge_app,TradePage,1787760021,6,0,0
8o0qyfku,23,dq2m7s6u,55,trader_bridge_app,PauseTradingSession,1787760022,6,0,1
8o0qyfku,19,9d6cveb5,55,trader_bridge_app,PauseTradingSession,1787760022,6,0,1
8o0qyfku,20,6swie1ys,55,trader_bridge_app,PauseTradingSession,1787760022,6,0,1
8o0qyfku,21,dltkzvxc,55,trader_bridge_app,PauseTradingSession,1787760022,6,0,1
8o0qyfku,22,weju7mc9,55,trader_bridge_app,PauseTradingSession,1787760022,6,0,1
8o0qyfku,24,dw5igqpq,55,trader_bridge_app,PauseTradingSession,1787760022,6,0,1
8o0qyfku,10,etak4i29,57,trader_bridge_app,DayBreak,1787760022,6,0,0
8o0qyfku,30,w7s9esrf,54,trader_bridge_app,TradePage,1787760025,6,0,0
8o0qyfku,29,sgu796fi,54,trader_bridge_app,TradePage,1787760025,6,0,0
8o0qyfku,25,1j25lcg3,54,trader_bridge_app,TradePage,1787760025,6,0,0
8o0qyfku,28,108ssdya,54,trader_bridge_app,TradePage,1787760026,6,0,0
8o0qyfku,27,2dz5zxb2,54,trader_bridge_app,TradePage,1787760026,6,0,0
8o0qyfku,26,icxcbb3j,54,trader_bridge_app,TradePage,1787760026,6,0,0
8o0qyfku,25,1j25lcg3,55,trader_bridge_app,PauseTradingSession,1787760026,6,0,1
8o0qyfku,26,icxcbb3j,55,trader_bridge_app,PauseTradingSession,1787760026,6,0,1
8o0qyfku,27,2dz5zxb2,55,trader_bridge_app,PauseTradingSession,1787760026,6,0,1
8o0qyfku,28,108ssdya,55,trader_bridge_app,PauseTradingSession,1787760026,6,0,1
8o0qyfku,29,sgu796fi,55,trader_bridge_app,PauseTradingSession,1787760026,6,0,1
8o0qyfku,30,w7s9esrf,55,trader_bridge_app,PauseTradingSession,1787760026,6,0,1
8o0qyfku,7,00g81xoq,57,trader_bridge_app,DayBreak,1787760027,6,1,0
8o0qyfku,7,00g81xoq,61,trader_bridge_app,ResumeTradingSession,1787760028,7,0,1
8o0qyfku,8,3hlfki3e,61,trader_bridge_app,ResumeTradingSession,1787760028,7,0,1
8o0qyfku,9,01xk5dk9,61,trader_bridge_app,ResumeTradingSession,1787760028,7,0,1
8o0qyfku,10,etak4i29,61,trader_bridge_app,ResumeTradingSession,1787760028,7,0,1
8o0qyfku,11,mrocn3qi,61,trader_bridge_app,ResumeTradingSession,1787760028,7,0,1
8o0qyfku,12,a9rbe355,61,trader_bridge_app,ResumeTradingSession,1787760028,7,0,1
8o0qyfku,24,dw5igqpq,57,trader_bridge_app,DayBreak,1787760035,6,0,0
8o0qyfku,20,6swie1ys,57,trader_bridge_app,DayBreak,1787760035,6,0,0
8o0qyfku,17,caoxz34q,54,trader_bridge_app,TradePage,1787760037,6,0,0
8o0qyfku,16,3mu21szb,54,trader_bridge_app,TradePage,1787760037,6,0,0
8o0qyfku,15,8m72ygxx,54,trader_bridge_app,TradePage,1787760037,6,0,0
8o0qyfku,18,rdnkoe93,54,trader_bridge_app,TradePage,1787760037,6,0,0
8o0qyfku,25,1j25lcg3,57,trader_bridge_app,DayBreak,1787760037,6,0,0
8o0qyfku,13,e70ixf6a,54,trader_bridge_app,TradePage,1787760037,6,0,0
8o0qyfku,14,yvu0j0px,54,trader_bridge_app,TradePage,1787760037,6,0,0
8o0qyfku,18,rdnkoe93,55,trader_bridge_app,PauseTradingSession,1787760038,6,0,1
8o0qyfku,16,3mu21szb,55,trader_bridge_app,PauseTradingSession,1787760038,6,0,1
8o0qyfku,17,caoxz34q,55,trader_bridge_app,PauseTradingSession,1787760038,6,0,1
8o0qyfku,13,e70ixf6a,55,trader_bridge_app,PauseTradingSession,1787760038,6,0,1
8o0qyfku,14,yvu0j0px,55,trader_bridge_app,PauseTradingSession,1787760038,6,0,1
8o0qyfku,15,8m72ygxx,55,trader_bridge_app,PauseTradingSession,1787760038,6,0,1
8o0qyfku,29,sgu796fi,57,trader_bridge_app,DayBreak,1787760040,6,0,0
8o0qyfku,19,9d6cveb5,57,trader_bridge_app,DayBreak,1787760040,6,0,0
8o0qyfku,21,dltkzvxc,57,trader_bridge_app,DayBreak,1787760040,6,0,0
8o0qyfku,22,weju7mc9,57,trader_bridge_app,DayBreak,1787760040,6,0,0
8o0qyfku,23,dq2m7s6u,57,trader_bridge_app,DayBreak,1787760040,6,0,0
8o0qyfku,19,9d6cveb5,61,trader_bridge_app,ResumeTradingSession,1787760041,7,0,1
8o0qyfku,20,6swie1ys,61,trader_bridge_app,ResumeTradingSession,1787760041,7,0,1
8o0qyfku,21,dltkzvxc,61,trader_bridge_app,ResumeTradingSession,1787760041,7,0,1
8o0qyfku,22,weju7mc9,61,trader_bridge_app,ResumeTradingSession,1787760041,7,0,1
8o0qyfku,23,dq2m7s6u,61,trader_bridge_app,ResumeTradingSession,1787760041,7,0,1
8o0qyfku,24,dw5igqpq,61,trader_bridge_app,ResumeTradingSession,1787760041,7,0,1
8o0qyfku,30,w7s9esrf,57,trader_bridge_app,DayBreak,1787760045,6,0,0
8o0qyfku,28,108ssdya,57,trader_bridge_app,DayBreak,1787760047,6,1,0
8o0qyfku,27,2dz5zxb2,57,trader_bridge_app,DayBreak,1787760047,6,1,0
8o0qyfku,26,icxcbb3j,57,trader_bridge_app,DayBreak,1787760047,6,1,0
8o0qyfku,29,sgu796fi,61,trader_bridge_app,ResumeTradingSession,1787760048,7,0,1
8o0qyfku,30,w7s9esrf,61,trader_bridge_app,ResumeTradingSession,1787760048,7,0,1
8o0qyfku,25,1j25lcg3,61,trader_bridge_app,ResumeTradingSession,1787760048,7,0,1
8o0qyfku,26,icxcbb3j,61,trader_bridge_app,ResumeTradingSession,1787760048,7,0,1
8o0qyfku,27,2dz5zxb2,61,trader_bridge_app,ResumeTradingSession,1787760048,7,0,1
8o0qyfku,28,108ssdya,61,trader_bridge_app,ResumeTradingSession,1787760048,7,0,1
8o0qyfku,14,yvu0j0px,57,trader_bridge_app,DayBreak,1787760049,6,0,0
8o0qyfku,16,3mu21szb,57,trader_bridge_app,DayBreak,1787760050,6,0,0
8o0qyfku,13,e70ixf6a,57,trader_bridge_app,DayBreak,1787760051,6,0,0
8o0qyfku,15,8m72ygxx,57,trader_bridge_app,DayBreak,1787760053,6,0,0
8o0qyfku,18,rdnkoe93,57,trader_bridge_app,DayBreak,1787760058,6,0,0
8o0qyfku,17,caoxz34q,57,trader_bridge_app,DayBreak,1787760062,6,1,0
8o0qyfku,13,e70ixf6a,61,trader_bridge_app,ResumeTradingSession,1787760062,7,0,1
8o0qyfku,14,yvu0j0px,61,trader_bridge_app,ResumeTradingSession,1787760062,7,0,1
8o0qyfku,15,8m72ygxx,61,trader_bridge_app,ResumeTradingSession,1787760062,7,0,1
8o0qyfku,16,3mu21szb,61,trader_bridge_app,ResumeTradingSession,1787760062,7,0,1
8o0qyfku,17,caoxz34q,61,trader_bridge_app,ResumeTradingSession,1787760062,7,0,1
8o0qyfku,18,rdnkoe93,61,trader_bridge_app,ResumeTradingSession,1787760062,7,0,1
8o0qyfku,5,nmgjkj32,54,trader_bridge_app,TradePage,1787760064,6,0,0
8o0qyfku,1,5ldlcszn,54,trader_bridge_app,TradePage,1787760064,6,0,0
8o0qyfku,2,q5e90cmj,54,trader_bridge_app,TradePage,1787760064,6,0,0
8o0qyfku,3,zp1owmpd,54,trader_bridge_app,TradePage,1787760064,6,0,0
8o0qyfku,6,cjmxcmcd,54,trader_bridge_app,TradePage,1787760064,6,0,0
8o0qyfku,4,yq2xbma3,54,trader_bridge_app,TradePage,1787760064,6,0,0
8o0qyfku,1,5ldlcszn,55,trader_bridge_app,PauseTradingSession,1787760065,6,0,1
8o0qyfku,2,q5e90cmj,55,trader_bridge_app,PauseTradingSession,1787760065,6,0,1
8o0qyfku,3,zp1owmpd,55,trader_bridge_app,PauseTradingSession,1787760065,6,0,1
8o0qyfku,4,yq2xbma3,55,trader_bridge_app,PauseTradingSession,1787760065,6,0,1
8o0qyfku,5,nmgjkj32,55,trader_bridge_app,PauseTradingSession,1787760065,6,0,1
8o0qyfku,6,cjmxcmcd,55,trader_bridge_app,PauseTradingSession,1787760065,6,0,1
8o0qyfku,31,kavf29xw,63,trader_bridge_app,TradePage,1787760074,7,0,0
8o0qyfku,32,46nfbn7d,63,trader_bridge_app,TradePage,1787760075,7,0,0
8o0qyfku,33,cxkynnyi,63,trader_bridge_app,TradePage,1787760075,7,0,0
8o0qyfku,4,yq2xbma3,57,trader_bridge_app,DayBreak,1787760075,6,0,0
8o0qyfku,34,obh2xbv7,63,trader_bridge_app,TradePage,1787760077,7,0,0
8o0qyfku,31,kavf29xw,64,trader_bridge_app,PauseTradingSession,1787760078,7,0,1
8o0qyfku,32,46nfbn7d,64,trader_bridge_app,PauseTradingSession,1787760078,7,0,1
8o0qyfku,33,cxkynnyi,64,trader_bridge_app,PauseTradingSession,1787760078,7,0,1
8o0qyfku,34,obh2xbv7,64,trader_bridge_app,PauseTradingSession,1787760078,7,0,1
8o0qyfku,1,5ldlcszn,57,trader_bridge_app,DayBreak,1787760078,6,0,0
8o0qyfku,6,cjmxcmcd,57,trader_bridge_app,DayBreak,1787760079,6,0,0
8o0qyfku,34,obh2xbv7,66,trader_bridge_app,DayBreak,1787760080,7,0,0
8o0qyfku,2,q5e90cmj,57,trader_bridge_app,DayBreak,1787760083,6,0,0
8o0qyfku,5,nmgjkj32,57,trader_bridge_app,DayBreak,1787760085,6,0,0
8o0qyfku,3,zp1owmpd,57,trader_bridge_app,DayBreak,1787760087,6,1,0
8o0qyfku,4,yq2xbma3,61,trader_bridge_app,ResumeTradingSession,1787760088,7,0,1
8o0qyfku,5,nmgjkj32,61,trader_bridge_app,ResumeTradingSession,1787760088,7,0,1
8o0qyfku,6,cjmxcmcd,61,trader_bridge_app,ResumeTradingSession,1787760088,7,0,1
8o0qyfku,1,5ldlcszn,61,trader_bridge_app,ResumeTradingSession,1787760088,7,0,1
8o0qyfku,2,q5e90cmj,61,trader_bridge_app,ResumeTradingSession,1787760088,7,0,1
8o0qyfku,3,zp1owmpd,61,trader_bridge_app,ResumeTradingSession,1787760088,7,0,1
8o0qyfku,12,a9rbe355,63,trader_bridge_app,TradePage,1787760094,7,0,0
8o0qyfku,7,00g81xoq,63,trader_bridge_app,TradePage,1787760094,7,0,0
8o0qyfku,9,01xk5dk9,63,trader_bridge_app,TradePage,1787760095,7,0,0
8o0qyfku,11,mrocn3qi,63,trader_bridge_app,TradePage,1787760095,7,0,0
8o0qyfku,10,etak4i29,63,trader_bridge_app,TradePage,1787760095,7,0,0
8o0qyfku,8,3hlfki3e,63,trader_bridge_app,TradePage,1787760095,7,0,0
8o0qyfku,7,00g81xoq,64,trader_bridge_app,PauseTradingSession,1787760096,7,0,1
8o0qyfku,9,01xk5dk9,64,trader_bridge_app,PauseTradingSession,1787760096,7,0,1
8o0qyfku,10,etak4i29,64,trader_bridge_app,PauseTradingSession,1787760096,7,0,1
8o0qyfku,11,mrocn3qi,64,trader_bridge_app,PauseTradingSession,1787760096,7,0,1
8o0qyfku,12,a9rbe355,64,trader_bridge_app,PauseTradingSession,1787760096,7,0,1
8o0qyfku,8,3hlfki3e,64,trader_bridge_app,PauseTradingSession,1787760096,7,0,1
8o0qyfku,31,kavf29xw,66,trader_bridge_app,DayBreak,1787760101,7,0,0
8o0qyfku,10,etak4i29,66,trader_bridge_app,DayBreak,1787760102,7,0,0
8o0qyfku,9,01xk5dk9,66,trader_bridge_app,DayBreak,1787760103,7,0,0
8o0qyfku,33,cxkynnyi,66,trader_bridge_app,DayBreak,1787760103,7,0,0
8o0qyfku,8,3hlfki3e,66,trader_bridge_app,DayBreak,1787760105,7,0,0
8o0qyfku,11,mrocn3qi,66,trader_bridge_app,DayBreak,1787760105,7,0,0
8o0qyfku,7,00g81xoq,66,trader_bridge_app,DayBreak,1787760105,7,0,0
8o0qyfku,19,9d6cveb5,63,trader_bridge_app,TradePage,1787760105,7,0,0
8o0qyfku,21,dltkzvxc,63,trader_bridge_app,TradePage,1787760106,7,0,0
8o0qyfku,22,weju7mc9,63,trader_bridge_app,TradePage,1787760107,7,0,0
8o0qyfku,23,dq2m7s6u,63,trader_bridge_app,TradePage,1787760107,7,0,0
8o0qyfku,20,6swie1ys,63,trader_bridge_app,TradePage,1787760107,7,0,0
8o0qyfku,24,dw5igqpq,63,trader_bridge_app,TradePage,1787760108,7,0,0
8o0qyfku,19,9d6cveb5,64,trader_bridge_app,PauseTradingSession,1787760109,7,0,1
8o0qyfku,20,6swie1ys,64,trader_bridge_app,PauseTradingSession,1787760109,7,0,1
8o0qyfku,21,dltkzvxc,64,trader_bridge_app,PauseTradingSession,1787760109,7,0,1
8o0qyfku,22,weju7mc9,64,trader_bridge_app,PauseTradingSession,1787760109,7,0,1
8o0qyfku,23,dq2m7s6u,64,trader_bridge_app,PauseTradingSession,1787760109,7,0,1
8o0qyfku,24,dw5igqpq,64,trader_bridge_app,PauseTradingSession,1787760109,7,0,1
8o0qyfku,32,46nfbn7d,66,trader_bridge_app,DayBreak,1787760111,7,1,0
8o0qyfku,31,kavf29xw,70,trader_bridge_app,ResumeTradingSession,1787760111,8,0,1
8o0qyfku,32,46nfbn7d,70,trader_bridge_app,ResumeTradingSession,1787760111,8,0,1
8o0qyfku,33,cxkynnyi,70,trader_bridge_app,ResumeTradingSession,1787760111,8,0,1
8o0qyfku,34,obh2xbv7,70,trader_bridge_app,ResumeTradingSession,1787760111,8,0,1
8o0qyfku,12,a9rbe355,66,trader_bridge_app,DayBreak,1787760112,7,0,0
8o0qyfku,7,00g81xoq,70,trader_bridge_app,ResumeTradingSession,1787760113,8,0,1
8o0qyfku,8,3hlfki3e,70,trader_bridge_app,ResumeTradingSession,1787760113,8,0,1
8o0qyfku,9,01xk5dk9,70,trader_bridge_app,ResumeTradingSession,1787760113,8,0,1
8o0qyfku,10,etak4i29,70,trader_bridge_app,ResumeTradingSession,1787760113,8,0,1
8o0qyfku,11,mrocn3qi,70,trader_bridge_app,ResumeTradingSession,1787760113,8,0,1
8o0qyfku,12,a9rbe355,70,trader_bridge_app,ResumeTradingSession,1787760113,8,0,1
8o0qyfku,20,6swie1ys,66,trader_bridge_app,DayBreak,1787760114,7,0,0
8o0qyfku,28,108ssdya,63,trader_bridge_app,TradePage,1787760114,7,0,0
8o0qyfku,26,icxcbb3j,63,trader_bridge_app,TradePage,1787760114,7,0,0
8o0qyfku,30,w7s9esrf,63,trader_bridge_app,TradePage,1787760114,7,0,0
8o0qyfku,27,2dz5zxb2,63,trader_bridge_app,TradePage,1787760114,7,0,0
8o0qyfku,24,dw5igqpq,66,trader_bridge_app,DayBreak,1787760115,7,0,0
8o0qyfku,29,sgu796fi,63,trader_bridge_app,TradePage,1787760115,7,0,0
8o0qyfku,25,1j25lcg3,63,trader_bridge_app,TradePage,1787760115,7,0,0
8o0qyfku,29,sgu796fi,64,trader_bridge_app,PauseTradingSession,1787760116,7,0,1
8o0qyfku,30,w7s9esrf,64,trader_bridge_app,PauseTradingSession,1787760116,7,0,1
8o0qyfku,25,1j25lcg3,64,trader_bridge_app,PauseTradingSession,1787760116,7,0,1
8o0qyfku,26,icxcbb3j,64,trader_bridge_app,PauseTradingSession,1787760116,7,0,1
8o0qyfku,27,2dz5zxb2,64,trader_bridge_app,PauseTradingSession,1787760116,7,0,1
8o0qyfku,28,108ssdya,64,trader_bridge_app,PauseTradingSession,1787760116,7,0,1
8o0qyfku,25,1j25lcg3,66,trader_bridge_app,DayBreak,1787760121,7,0,0
8o0qyfku,29,sgu796fi,66,trader_bridge_app,DayBreak,1787760122,7,0,0
8o0qyfku,18,rdnkoe93,63,trader_bridge_app,TradePage,1787760129,7,0,0
8o0qyfku,15,8m72ygxx,63,trader_bridge_app,TradePage,1787760129,7,0,0
8o0qyfku,16,3mu21szb,63,trader_bridge_app,TradePage,1787760129,7,0,0
8o0qyfku,13,e70ixf6a,63,trader_bridge_app,TradePage,1787760129,7,0,0
8o0qyfku,14,yvu0j0px,63,trader_bridge_app,TradePage,1787760130,7,0,0
8o0qyfku,17,caoxz34q,63,trader_bridge_app,TradePage,1787760130,7,0,0
8o0qyfku,13,e70ixf6a,64,trader_bridge_app,PauseTradingSession,1787760130,7,0,1
8o0qyfku,14,yvu0j0px,64,trader_bridge_app,PauseTradingSession,1787760130,7,0,1
8o0qyfku,15,8m72ygxx,64,trader_bridge_app,PauseTradingSession,1787760130,7,0,1
8o0qyfku,16,3mu21szb,64,trader_bridge_app,PauseTradingSession,1787760130,7,0,1
8o0qyfku,17,caoxz34q,64,trader_bridge_app,PauseTradingSession,1787760130,7,0,1
8o0qyfku,18,rdnkoe93,64,trader_bridge_app,PauseTradingSession,1787760130,7,0,1
8o0qyfku,16,3mu21szb,66,trader_bridge_app,DayBreak,1787760134,7,0,0
8o0qyfku,17,caoxz34q,66,trader_bridge_app,DayBreak,1787760136,7,0,0
8o0qyfku,15,8m72ygxx,66,trader_bridge_app,DayBreak,1787760138,7,0,0
8o0qyfku,14,yvu0j0px,66,trader_bridge_app,DayBreak,1787760138,7,0,0
8o0qyfku,22,weju7mc9,66,trader_bridge_app,DayBreak,1787760140,7,0,0
8o0qyfku,13,e70ixf6a,66,trader_bridge_app,DayBreak,1787760141,7,0,0
8o0qyfku,23,dq2m7s6u,66,trader_bridge_app,DayBreak,1787760141,7,1,0
8o0qyfku,19,9d6cveb5,66,trader_bridge_app,DayBreak,1787760142,7,1,0
8o0qyfku,21,dltkzvxc,66,trader_bridge_app,DayBreak,1787760143,7,1,0
8o0qyfku,19,9d6cveb5,70,trader_bridge_app,ResumeTradingSession,1787760144,8,0,1
8o0qyfku,20,6swie1ys,70,trader_bridge_app,ResumeTradingSession,1787760144,8,0,1
8o0qyfku,21,dltkzvxc,70,trader_bridge_app,ResumeTradingSession,1787760144,8,0,1
8o0qyfku,22,weju7mc9,70,trader_bridge_app,ResumeTradingSession,1787760144,8,0,1
8o0qyfku,23,dq2m7s6u,70,trader_bridge_app,ResumeTradingSession,1787760144,8,0,1
8o0qyfku,24,dw5igqpq,70,trader_bridge_app,ResumeTradingSession,1787760144,8,0,1
8o0qyfku,27,2dz5zxb2,66,trader_bridge_app,DayBreak,1787760147,7,0,0
8o0qyfku,18,rdnkoe93,66,trader_bridge_app,DayBreak,1787760147,7,0,0
8o0qyfku,13,e70ixf6a,70,trader_bridge_app,ResumeTradingSession,1787760148,8,0,1
8o0qyfku,14,yvu0j0px,70,trader_bridge_app,ResumeTradingSession,1787760148,8,0,1
8o0qyfku,15,8m72ygxx,70,trader_bridge_app,ResumeTradingSession,1787760148,8,0,1
8o0qyfku,16,3mu21szb,70,trader_bridge_app,ResumeTradingSession,1787760148,8,0,1
8o0qyfku,17,caoxz34q,70,trader_bridge_app,ResumeTradingSession,1787760148,8,0,1
8o0qyfku,18,rdnkoe93,70,trader_bridge_app,ResumeTradingSession,1787760148,8,0,1
8o0qyfku,30,w7s9esrf,66,trader_bridge_app,DayBreak,1787760148,7,0,0
8o0qyfku,26,icxcbb3j,66,trader_bridge_app,DayBreak,1787760148,7,0,0
8o0qyfku,3,zp1owmpd,63,trader_bridge_app,TradePage,1787760149,7,0,0
8o0qyfku,28,108ssdya,66,trader_bridge_app,DayBreak,1787760149,7,1,0
8o0qyfku,25,1j25lcg3,70,trader_bridge_app,ResumeTradingSession,1787760149,8,0,1
8o0qyfku,26,icxcbb3j,70,trader_bridge_app,ResumeTradingSession,1787760149,8,0,1
8o0qyfku,27,2dz5zxb2,70,trader_bridge_app,ResumeTradingSession,1787760149,8,0,1
8o0qyfku,28,108ssdya,70,trader_bridge_app,ResumeTradingSession,1787760149,8,0,1
8o0qyfku,29,sgu796fi,70,trader_bridge_app,ResumeTradingSession,1787760149,8,0,1
8o0qyfku,30,w7s9esrf,70,trader_bridge_app,ResumeTradingSession,1787760149,8,0,1
8o0qyfku,2,q5e90cmj,63,trader_bridge_app,TradePage,1787760158,7,0,0
8o0qyfku,1,5ldlcszn,63,trader_bridge_app,TradePage,1787760159,7,0,0
8o0qyfku,6,cjmxcmcd,63,trader_bridge_app,TradePage,1787760159,7,0,0
8o0qyfku,5,nmgjkj32,63,trader_bridge_app,TradePage,1787760160,7,0,0
8o0qyfku,4,yq2xbma3,63,trader_bridge_app,TradePage,1787760160,7,0,0
8o0qyfku,4,yq2xbma3,64,trader_bridge_app,PauseTradingSession,1787760160,7,0,1
8o0qyfku,5,nmgjkj32,64,trader_bridge_app,PauseTradingSession,1787760160,7,0,1
8o0qyfku,6,cjmxcmcd,64,trader_bridge_app,PauseTradingSession,1787760160,7,0,1
8o0qyfku,1,5ldlcszn,64,trader_bridge_app,PauseTradingSession,1787760160,7,0,1
8o0qyfku,2,q5e90cmj,64,trader_bridge_app,PauseTradingSession,1787760160,7,0,1
8o0qyfku,3,zp1owmpd,64,trader_bridge_app,PauseTradingSession,1787760160,7,0,1
8o0qyfku,1,5ldlcszn,66,trader_bridge_app,DayBreak,1787760164,7,0,0
8o0qyfku,4,yq2xbma3,66,trader_bridge_app,DayBreak,1787760168,7,0,0
8o0qyfku,2,q5e90cmj,66,trader_bridge_app,DayBreak,1787760169,7,0,0
8o0qyfku,6,cjmxcmcd,66,trader_bridge_app,DayBreak,1787760169,7,0,0
8o0qyfku,3,zp1owmpd,66,trader_bridge_app,DayBreak,1787760171,7,0,0
8o0qyfku,32,46nfbn7d,72,trader_bridge_app,TradePage,1787760172,8,0,0
8o0qyfku,33,cxkynnyi,72,trader_bridge_app,TradePage,1787760172,8,0,0
8o0qyfku,31,kavf29xw,72,trader_bridge_app,TradePage,1787760172,8,0,0
8o0qyfku,34,obh2xbv7,72,trader_bridge_app,TradePage,1787760172,8,0,0
8o0qyfku,31,kavf29xw,73,trader_bridge_app,PauseTradingSession,1787760173,8,0,1
8o0qyfku,32,46nfbn7d,73,trader_bridge_app,PauseTradingSession,1787760173,8,0,1
8o0qyfku,33,cxkynnyi,73,trader_bridge_app,PauseTradingSession,1787760173,8,0,1
8o0qyfku,34,obh2xbv7,73,trader_bridge_app,PauseTradingSession,1787760173,8,0,1
8o0qyfku,12,a9rbe355,72,trader_bridge_app,TradePage,1787760174,8,0,0
8o0qyfku,34,obh2xbv7,75,trader_bridge_app,DayBreak,1787760175,8,0,0
8o0qyfku,31,kavf29xw,75,trader_bridge_app,DayBreak,1787760177,8,0,0
8o0qyfku,32,46nfbn7d,75,trader_bridge_app,DayBreak,1787760178,8,0,0
8o0qyfku,33,cxkynnyi,75,trader_bridge_app,DayBreak,1787760179,8,0,0
8o0qyfku,31,kavf29xw,79,trader_bridge_app,ResumeTradingSession,1787760179,9,0,1
8o0qyfku,32,46nfbn7d,79,trader_bridge_app,ResumeTradingSession,1787760179,9,0,1
8o0qyfku,33,cxkynnyi,79,trader_bridge_app,ResumeTradingSession,1787760179,9,0,1
8o0qyfku,34,obh2xbv7,79,trader_bridge_app,ResumeTradingSession,1787760179,9,0,1
8o0qyfku,5,nmgjkj32,66,trader_bridge_app,DayBreak,1787760181,7,1,0
8o0qyfku,1,5ldlcszn,70,trader_bridge_app,ResumeTradingSession,1787760182,8,0,1
8o0qyfku,2,q5e90cmj,70,trader_bridge_app,ResumeTradingSession,1787760182,8,0,1
8o0qyfku,3,zp1owmpd,70,trader_bridge_app,ResumeTradingSession,1787760182,8,0,1
8o0qyfku,4,yq2xbma3,70,trader_bridge_app,ResumeTradingSession,1787760182,8,0,1
8o0qyfku,5,nmgjkj32,70,trader_bridge_app,ResumeTradingSession,1787760182,8,0,1
8o0qyfku,6,cjmxcmcd,70,trader_bridge_app,ResumeTradingSession,1787760182,8,0,1
8o0qyfku,10,etak4i29,72,trader_bridge_app,TradePage,1787760185,8,0,0
8o0qyfku,8,3hlfki3e,72,trader_bridge_app,TradePage,1787760185,8,0,0
8o0qyfku,7,00g81xoq,72,trader_bridge_app,TradePage,1787760185,8,0,0
8o0qyfku,11,mrocn3qi,72,trader_bridge_app,TradePage,1787760186,8,0,0
8o0qyfku,9,01xk5dk9,72,trader_bridge_app,TradePage,1787760186,8,0,0
8o0qyfku,7,00g81xoq,73,trader_bridge_app,PauseTradingSession,1787760186,8,0,1
8o0qyfku,8,3hlfki3e,73,trader_bridge_app,PauseTradingSession,1787760186,8,0,1
8o0qyfku,9,01xk5dk9,73,trader_bridge_app,PauseTradingSession,1787760186,8,0,1
8o0qyfku,10,etak4i29,73,trader_bridge_app,PauseTradingSession,1787760186,8,0,1
8o0qyfku,11,mrocn3qi,73,trader_bridge_app,PauseTradingSession,1787760186,8,0,1
8o0qyfku,12,a9rbe355,73,trader_bridge_app,PauseTradingSession,1787760186,8,0,1
8o0qyfku,9,01xk5dk9,75,trader_bridge_app,DayBreak,1787760190,8,0,0
8o0qyfku,8,3hlfki3e,75,trader_bridge_app,DayBreak,1787760190,8,0,0
8o0qyfku,11,mrocn3qi,75,trader_bridge_app,DayBreak,1787760191,8,0,0
8o0qyfku,10,etak4i29,75,trader_bridge_app,DayBreak,1787760191,8,0,0
8o0qyfku,12,a9rbe355,75,trader_bridge_app,DayBreak,1787760195,8,0,0
8o0qyfku,7,00g81xoq,75,trader_bridge_app,DayBreak,1787760201,8,0,0
8o0qyfku,7,00g81xoq,79,trader_bridge_app,ResumeTradingSession,1787760201,9,0,1
8o0qyfku,8,3hlfki3e,79,trader_bridge_app,ResumeTradingSession,1787760201,9,0,1
8o0qyfku,9,01xk5dk9,79,trader_bridge_app,ResumeTradingSession,1787760201,9,0,1
8o0qyfku,10,etak4i29,79,trader_bridge_app,ResumeTradingSession,1787760201,9,0,1
8o0qyfku,11,mrocn3qi,79,trader_bridge_app,ResumeTradingSession,1787760201,9,0,1
8o0qyfku,12,a9rbe355,79,trader_bridge_app,ResumeTradingSession,1787760201,9,0,1
8o0qyfku,21,dltkzvxc,72,trader_bridge_app,TradePage,1787760205,8,0,0
8o0qyfku,19,9d6cveb5,72,trader_bridge_app,TradePage,1787760205,8,0,0
8o0qyfku,22,weju7mc9,72,trader_bridge_app,TradePage,1787760205,8,0,0
8o0qyfku,23,dq2m7s6u,72,trader_bridge_app,TradePage,1787760205,8,0,0
8o0qyfku,24,dw5igqpq,72,trader_bridge_app,TradePage,1787760206,8,0,0
8o0qyfku,20,6swie1ys,72,trader_bridge_app,TradePage,1787760207,8,0,0
8o0qyfku,19,9d6cveb5,73,trader_bridge_app,PauseTradingSession,1787760208,8,0,1
8o0qyfku,20,6swie1ys,73,trader_bridge_app,PauseTradingSession,1787760208,8,0,1
8o0qyfku,21,dltkzvxc,73,trader_bridge_app,PauseTradingSession,1787760208,8,0,1
8o0qyfku,22,weju7mc9,73,trader_bridge_app,PauseTradingSession,1787760208,8,0,1
8o0qyfku,24,dw5igqpq,73,trader_bridge_app,PauseTradingSession,1787760208,8,0,1
8o0qyfku,23,dq2m7s6u,73,trader_bridge_app,PauseTradingSession,1787760208,8,0,1
8o0qyfku,18,rdnkoe93,72,trader_bridge_app,TradePage,1787760208,8,0,0
8o0qyfku,16,3mu21szb,72,trader_bridge_app,TradePage,1787760208,8,0,0
8o0qyfku,17,caoxz34q,72,trader_bridge_app,TradePage,1787760209,8,0,0
8o0qyfku,15,8m72ygxx,72,trader_bridge_app,TradePage,1787760209,8,0,0
8o0qyfku,13,e70ixf6a,72,trader_bridge_app,TradePage,1787760209,8,0,0
8o0qyfku,14,yvu0j0px,72,trader_bridge_app,TradePage,1787760209,8,0,0
8o0qyfku,13,e70ixf6a,73,trader_bridge_app,PauseTradingSession,1787760209,8,0,1
8o0qyfku,14,yvu0j0px,73,trader_bridge_app,PauseTradingSession,1787760209,8,0,1
8o0qyfku,15,8m72ygxx,73,trader_bridge_app,PauseTradingSession,1787760209,8,0,1
8o0qyfku,16,3mu21szb,73,trader_bridge_app,PauseTradingSession,1787760209,8,0,1
8o0qyfku,17,caoxz34q,73,trader_bridge_app,PauseTradingSession,1787760209,8,0,1
8o0qyfku,18,rdnkoe93,73,trader_bridge_app,PauseTradingSession,1787760209,8,0,1
8o0qyfku,28,108ssdya,72,trader_bridge_app,TradePage,1787760211,8,0,0
8o0qyfku,30,w7s9esrf,72,trader_bridge_app,TradePage,1787760211,8,0,0
8o0qyfku,27,2dz5zxb2,72,trader_bridge_app,TradePage,1787760211,8,0,0
8o0qyfku,25,1j25lcg3,72,trader_bridge_app,TradePage,1787760211,8,0,0
8o0qyfku,29,sgu796fi,72,trader_bridge_app,TradePage,1787760211,8,0,0
8o0qyfku,26,icxcbb3j,72,trader_bridge_app,TradePage,1787760211,8,0,0
8o0qyfku,25,1j25lcg3,73,trader_bridge_app,PauseTradingSession,1787760211,8,0,1
8o0qyfku,26,icxcbb3j,73,trader_bridge_app,PauseTradingSession,1787760211,8,0,1
8o0qyfku,27,2dz5zxb2,73,trader_bridge_app,PauseTradingSession,1787760211,8,0,1
8o0qyfku,28,108ssdya,73,trader_bridge_app,PauseTradingSession,1787760211,8,0,1
8o0qyfku,29,sgu796fi,73,trader_bridge_app,PauseTradingSession,1787760211,8,0,1
8o0qyfku,30,w7s9esrf,73,trader_bridge_app,PauseTradingSession,1787760211,8,0,1
8o0qyfku,21,dltkzvxc,75,trader_bridge_app,DayBreak,1787760211,8,0,0
8o0qyfku,20,6swie1ys,75,trader_bridge_app,DayBreak,1787760212,8,0,0
8o0qyfku,14,yvu0j0px,75,trader_bridge_app,DayBreak,1787760212,8,0,0
8o0qyfku,22,weju7mc9,75,trader_bridge_app,DayBreak,1787760212,8,0,0
8o0qyfku,16,3mu21szb,75,trader_bridge_app,DayBreak,1787760214,8,0,0
8o0qyfku,29,sgu796fi,75,trader_bridge_app,DayBreak,1787760214,8,0,0
8o0qyfku,24,dw5igqpq,75,trader_bridge_app,DayBreak,1787760214,8,0,0
8o0qyfku,27,2dz5zxb2,75,trader_bridge_app,DayBreak,1787760215,8,0,0
8o0qyfku,23,dq2m7s6u,75,trader_bridge_app,DayBreak,1787760215,8,0,0
8o0qyfku,25,1j25lcg3,75,trader_bridge_app,DayBreak,1787760215,8,0,0
8o0qyfku,18,rdnkoe93,75,trader_bridge_app,DayBreak,1787760215,8,0,0
8o0qyfku,13,e70ixf6a,75,trader_bridge_app,DayBreak,1787760216,8,0,0
8o0qyfku,26,icxcbb3j,75,trader_bridge_app,DayBreak,1787760217,8,0,0
8o0qyfku,15,8m72ygxx,75,trader_bridge_app,DayBreak,1787760217,8,0,0
8o0qyfku,30,w7s9esrf,75,trader_bridge_app,DayBreak,1787760218,8,0,0
8o0qyfku,17,caoxz34q,75,trader_bridge_app,DayBreak,1787760219,8,0,0
8o0qyfku,13,e70ixf6a,79,trader_bridge_app,ResumeTradingSession,1787760219,9,0,1
8o0qyfku,14,yvu0j0px,79,trader_bridge_app,ResumeTradingSession,1787760219,9,0,1
8o0qyfku,15,8m72ygxx,79,trader_bridge_app,ResumeTradingSession,1787760219,9,0,1
8o0qyfku,16,3mu21szb,79,trader_bridge_app,ResumeTradingSession,1787760219,9,0,1
8o0qyfku,17,caoxz34q,79,trader_bridge_app,ResumeTradingSession,1787760219,9,0,1
8o0qyfku,18,rdnkoe93,79,trader_bridge_app,ResumeTradingSession,1787760219,9,0,1
8o0qyfku,28,108ssdya,75,trader_bridge_app,DayBreak,1787760220,8,0,0
8o0qyfku,25,1j25lcg3,79,trader_bridge_app,ResumeTradingSession,1787760220,9,0,1
8o0qyfku,26,icxcbb3j,79,trader_bridge_app,ResumeTradingSession,1787760220,9,0,1
8o0qyfku,27,2dz5zxb2,79,trader_bridge_app,ResumeTradingSession,1787760220,9,0,1
8o0qyfku,28,108ssdya,79,trader_bridge_app,ResumeTradingSession,1787760220,9,0,1
8o0qyfku,29,sgu796fi,79,trader_bridge_app,ResumeTradingSession,1787760220,9,0,1
8o0qyfku,30,w7s9esrf,79,trader_bridge_app,ResumeTradingSession,1787760220,9,0,1
8o0qyfku,19,9d6cveb5,75,trader_bridge_app,DayBreak,1787760223,8,0,0
8o0qyfku,19,9d6cveb5,79,trader_bridge_app,ResumeTradingSession,1787760223,9,0,1
8o0qyfku,20,6swie1ys,79,trader_bridge_app,ResumeTradingSession,1787760223,9,0,1
8o0qyfku,21,dltkzvxc,79,trader_bridge_app,ResumeTradingSession,1787760223,9,0,1
8o0qyfku,22,weju7mc9,79,trader_bridge_app,ResumeTradingSession,1787760223,9,0,1
8o0qyfku,23,dq2m7s6u,79,trader_bridge_app,ResumeTradingSession,1787760223,9,0,1
8o0qyfku,24,dw5igqpq,79,trader_bridge_app,ResumeTradingSession,1787760223,9,0,1
8o0qyfku,33,cxkynnyi,81,trader_bridge_app,TradePage,1787760240,9,0,0
8o0qyfku,31,kavf29xw,81,trader_bridge_app,TradePage,1787760240,9,0,0
8o0qyfku,32,46nfbn7d,81,trader_bridge_app,TradePage,1787760241,9,0,0
8o0qyfku,34,obh2xbv7,81,trader_bridge_app,TradePage,1787760241,9,0,0
8o0qyfku,31,kavf29xw,82,trader_bridge_app,PauseTradingSession,1787760241,9,0,1
8o0qyfku,32,46nfbn7d,82,trader_bridge_app,PauseTradingSession,1787760241,9,0,1
8o0qyfku,33,cxkynnyi,82,trader_bridge_app,PauseTradingSession,1787760241,9,0,1
8o0qyfku,34,obh2xbv7,82,trader_bridge_app,PauseTradingSession,1787760241,9,0,1
8o0qyfku,2,q5e90cmj,72,trader_bridge_app,TradePage,1787760243,8,0,0
8o0qyfku,5,nmgjkj32,72,trader_bridge_app,TradePage,1787760243,8,0,0
8o0qyfku,1,5ldlcszn,72,trader_bridge_app,TradePage,1787760243,8,0,0
8o0qyfku,3,zp1owmpd,72,trader_bridge_app,TradePage,1787760243,8,0,0
8o0qyfku,6,cjmxcmcd,72,trader_bridge_app,TradePage,1787760243,8,0,0
8o0qyfku,4,yq2xbma3,72,trader_bridge_app,TradePage,1787760243,8,0,0
8o0qyfku,1,5ldlcszn,73,trader_bridge_app,PauseTradingSession,1787760244,8,0,1
8o0qyfku,2,q5e90cmj,73,trader_bridge_app,PauseTradingSession,1787760244,8,0,1
8o0qyfku,3,zp1owmpd,73,trader_bridge_app,PauseTradingSession,1787760244,8,0,1
8o0qyfku,4,yq2xbma3,73,trader_bridge_app,PauseTradingSession,1787760244,8,0,1
8o0qyfku,5,nmgjkj32,73,trader_bridge_app,PauseTradingSession,1787760244,8,0,1
8o0qyfku,6,cjmxcmcd,73,trader_bridge_app,PauseTradingSession,1787760244,8,0,1
8o0qyfku,3,zp1owmpd,75,trader_bridge_app,DayBreak,1787760246,8,0,0
8o0qyfku,2,q5e90cmj,75,trader_bridge_app,DayBreak,1787760248,8,0,0
8o0qyfku,4,yq2xbma3,75,trader_bridge_app,DayBreak,1787760250,8,0,0
8o0qyfku,1,5ldlcszn,75,trader_bridge_app,DayBreak,1787760251,8,0,0
8o0qyfku,34,obh2xbv7,84,trader_bridge_app,DayBreak,1787760253,9,0,0
8o0qyfku,31,kavf29xw,84,trader_bridge_app,DayBreak,1787760253,9,0,0
8o0qyfku,32,46nfbn7d,84,trader_bridge_app,DayBreak,1787760257,9,0,0
8o0qyfku,6,cjmxcmcd,75,trader_bridge_app,DayBreak,1787760258,8,0,0
8o0qyfku,7,00g81xoq,81,trader_bridge_app,TradePage,1787760262,9,0,0
8o0qyfku,11,mrocn3qi,81,trader_bridge_app,TradePage,1787760262,9,0,0
8o0qyfku,8,3hlfki3e,81,trader_bridge_app,TradePage,1787760262,9,0,0
8o0qyfku,12,a9rbe355,81,trader_bridge_app,TradePage,1787760262,9,0,0
8o0qyfku,33,cxkynnyi,84,trader_bridge_app,DayBreak,1787760262,9,1,0
8o0qyfku,9,01xk5dk9,81,trader_bridge_app,TradePage,1787760262,9,0,0
8o0qyfku,33,cxkynnyi,88,trader_bridge_app,ResumeTradingSession,1787760262,10,0,1
8o0qyfku,34,obh2xbv7,88,trader_bridge_app,ResumeTradingSession,1787760262,10,0,1
8o0qyfku,31,kavf29xw,88,trader_bridge_app,ResumeTradingSession,1787760262,10,0,1
8o0qyfku,32,46nfbn7d,88,trader_bridge_app,ResumeTradingSession,1787760262,10,0,1
8o0qyfku,10,etak4i29,81,trader_bridge_app,TradePage,1787760262,9,0,0
8o0qyfku,7,00g81xoq,82,trader_bridge_app,PauseTradingSession,1787760263,9,0,1
8o0qyfku,8,3hlfki3e,82,trader_bridge_app,PauseTradingSession,1787760263,9,0,1
8o0qyfku,9,01xk5dk9,82,trader_bridge_app,PauseTradingSession,1787760263,9,0,1
8o0qyfku,10,etak4i29,82,trader_bridge_app,PauseTradingSession,1787760263,9,0,1
8o0qyfku,11,mrocn3qi,82,trader_bridge_app,PauseTradingSession,1787760263,9,0,1
8o0qyfku,12,a9rbe355,82,trader_bridge_app,PauseTradingSession,1787760263,9,0,1
8o0qyfku,5,nmgjkj32,75,trader_bridge_app,DayBreak,1787760265,8,1,0
8o0qyfku,1,5ldlcszn,79,trader_bridge_app,ResumeTradingSession,1787760265,9,0,1
8o0qyfku,2,q5e90cmj,79,trader_bridge_app,ResumeTradingSession,1787760265,9,0,1
8o0qyfku,3,zp1owmpd,79,trader_bridge_app,ResumeTradingSession,1787760265,9,0,1
8o0qyfku,4,yq2xbma3,79,trader_bridge_app,ResumeTradingSession,1787760265,9,0,1
8o0qyfku,5,nmgjkj32,79,trader_bridge_app,ResumeTradingSession,1787760265,9,0,1
8o0qyfku,6,cjmxcmcd,79,trader_bridge_app,ResumeTradingSession,1787760265,9,0,1
8o0qyfku,11,mrocn3qi,84,trader_bridge_app,DayBreak,1787760272,9,0,0
8o0qyfku,8,3hlfki3e,84,trader_bridge_app,DayBreak,1787760273,9,0,0
8o0qyfku,7,00g81xoq,84,trader_bridge_app,DayBreak,1787760274,9,0,0
8o0qyfku,9,01xk5dk9,84,trader_bridge_app,DayBreak,1787760275,9,0,0
8o0qyfku,12,a9rbe355,84,trader_bridge_app,DayBreak,1787760278,9,0,0
8o0qyfku,10,etak4i29,84,trader_bridge_app,DayBreak,1787760278,9,0,0
8o0qyfku,7,00g81xoq,88,trader_bridge_app,ResumeTradingSession,1787760278,10,0,1
8o0qyfku,8,3hlfki3e,88,trader_bridge_app,ResumeTradingSession,1787760278,10,0,1
8o0qyfku,9,01xk5dk9,88,trader_bridge_app,ResumeTradingSession,1787760278,10,0,1
8o0qyfku,10,etak4i29,88,trader_bridge_app,ResumeTradingSession,1787760278,10,0,1
8o0qyfku,11,mrocn3qi,88,trader_bridge_app,ResumeTradingSession,1787760278,10,0,1
8o0qyfku,12,a9rbe355,88,trader_bridge_app,ResumeTradingSession,1787760278,10,0,1
8o0qyfku,17,caoxz34q,81,trader_bridge_app,TradePage,1787760280,9,0,0
8o0qyfku,16,3mu21szb,81,trader_bridge_app,TradePage,1787760280,9,0,0
8o0qyfku,18,rdnkoe93,81,trader_bridge_app,TradePage,1787760280,9,0,0
8o0qyfku,13,e70ixf6a,81,trader_bridge_app,TradePage,1787760280,9,0,0
8o0qyfku,15,8m72ygxx,81,trader_bridge_app,TradePage,1787760280,9,0,0
8o0qyfku,14,yvu0j0px,81,trader_bridge_app,TradePage,1787760280,9,0,0
8o0qyfku,13,e70ixf6a,82,trader_bridge_app,PauseTradingSession,1787760281,9,0,1
8o0qyfku,14,yvu0j0px,82,trader_bridge_app,PauseTradingSession,1787760281,9,0,1
8o0qyfku,15,8m72ygxx,82,trader_bridge_app,PauseTradingSession,1787760281,9,0,1
8o0qyfku,16,3mu21szb,82,trader_bridge_app,PauseTradingSession,1787760281,9,0,1
8o0qyfku,17,caoxz34q,82,trader_bridge_app,PauseTradingSession,1787760281,9,0,1
8o0qyfku,18,rdnkoe93,82,trader_bridge_app,PauseTradingSession,1787760281,9,0,1
8o0qyfku,28,108ssdya,81,trader_bridge_app,TradePage,1787760281,9,0,0
8o0qyfku,26,icxcbb3j,81,trader_bridge_app,TradePage,1787760282,9,0,0
8o0qyfku,30,w7s9esrf,81,trader_bridge_app,TradePage,1787760282,9,0,0
8o0qyfku,29,sgu796fi,81,trader_bridge_app,TradePage,1787760282,9,0,0
8o0qyfku,27,2dz5zxb2,81,trader_bridge_app,TradePage,1787760282,9,0,0
8o0qyfku,25,1j25lcg3,81,trader_bridge_app,TradePage,1787760282,9,0,0
8o0qyfku,25,1j25lcg3,82,trader_bridge_app,PauseTradingSession,1787760282,9,0,1
8o0qyfku,26,icxcbb3j,82,trader_bridge_app,PauseTradingSession,1787760282,9,0,1
8o0qyfku,27,2dz5zxb2,82,trader_bridge_app,PauseTradingSession,1787760282,9,0,1
8o0qyfku,28,108ssdya,82,trader_bridge_app,PauseTradingSession,1787760282,9,0,1
8o0qyfku,29,sgu796fi,82,trader_bridge_app,PauseTradingSession,1787760282,9,0,1
8o0qyfku,30,w7s9esrf,82,trader_bridge_app,PauseTradingSession,1787760282,9,0,1
8o0qyfku,19,9d6cveb5,81,trader_bridge_app,TradePage,1787760284,9,0,0
8o0qyfku,20,6swie1ys,81,trader_bridge_app,TradePage,1787760284,9,0,0
8o0qyfku,24,dw5igqpq,81,trader_bridge_app,TradePage,1787760284,9,0,0
8o0qyfku,23,dq2m7s6u,81,trader_bridge_app,TradePage,1787760284,9,0,0
8o0qyfku,21,dltkzvxc,81,trader_bridge_app,TradePage,1787760284,9,0,0
8o0qyfku,22,weju7mc9,81,trader_bridge_app,TradePage,1787760284,9,0,0
8o0qyfku,19,9d6cveb5,82,trader_bridge_app,PauseTradingSession,1787760285,9,0,1
8o0qyfku,20,6swie1ys,82,trader_bridge_app,PauseTradingSession,1787760285,9,0,1
8o0qyfku,21,dltkzvxc,82,trader_bridge_app,PauseTradingSession,1787760285,9,0,1
8o0qyfku,22,weju7mc9,82,trader_bridge_app,PauseTradingSession,1787760285,9,0,1
8o0qyfku,23,dq2m7s6u,82,trader_bridge_app,PauseTradingSession,1787760285,9,0,1
8o0qyfku,24,dw5igqpq,82,trader_bridge_app,PauseTradingSession,1787760285,9,0,1
8o0qyfku,15,8m72ygxx,84,trader_bridge_app,DayBreak,1787760290,9,0,0
8o0qyfku,18,rdnkoe93,84,trader_bridge_app,DayBreak,1787760290,9,0,0
8o0qyfku,14,yvu0j0px,84,trader_bridge_app,DayBreak,1787760292,9,0,0
8o0qyfku,27,2dz5zxb2,84,trader_bridge_app,DayBreak,1787760293,9,0,0
8o0qyfku,17,caoxz34q,84,trader_bridge_app,DayBreak,1787760293,9,0,0
8o0qyfku,26,icxcbb3j,84,trader_bridge_app,DayBreak,1787760293,9,0,0
8o0qyfku,13,e70ixf6a,84,trader_bridge_app,DayBreak,1787760294,9,0,0
8o0qyfku,23,dq2m7s6u,84,trader_bridge_app,DayBreak,1787760294,9,0,0
8o0qyfku,16,3mu21szb,84,trader_bridge_app,DayBreak,1787760295,9,0,0
8o0qyfku,21,dltkzvxc,84,trader_bridge_app,DayBreak,1787760295,9,0,0
8o0qyfku,13,e70ixf6a,88,trader_bridge_app,ResumeTradingSession,1787760296,10,0,1
8o0qyfku,14,yvu0j0px,88,trader_bridge_app,ResumeTradingSession,1787760296,10,0,1
8o0qyfku,15,8m72ygxx,88,trader_bridge_app,ResumeTradingSession,1787760296,10,0,1
8o0qyfku,16,3mu21szb,88,trader_bridge_app,ResumeTradingSession,1787760296,10,0,1
8o0qyfku,17,caoxz34q,88,trader_bridge_app,ResumeTradingSession,1787760296,10,0,1
8o0qyfku,18,rdnkoe93,88,trader_bridge_app,ResumeTradingSession,1787760296,10,0,1
8o0qyfku,24,dw5igqpq,84,trader_bridge_app,DayBreak,1787760296,9,0,0
8o0qyfku,22,weju7mc9,84,trader_bridge_app,DayBreak,1787760297,9,0,0
8o0qyfku,25,1j25lcg3,84,trader_bridge_app,DayBreak,1787760297,9,0,0
8o0qyfku,19,9d6cveb5,84,trader_bridge_app,DayBreak,1787760298,9,0,0
8o0qyfku,20,6swie1ys,84,trader_bridge_app,DayBreak,1787760301,9,0,0
8o0qyfku,28,108ssdya,84,trader_bridge_app,DayBreak,1787760301,9,0,0
8o0qyfku,19,9d6cveb5,88,trader_bridge_app,ResumeTradingSession,1787760302,10,0,1
8o0qyfku,20,6swie1ys,88,trader_bridge_app,ResumeTradingSession,1787760302,10,0,1
8o0qyfku,21,dltkzvxc,88,trader_bridge_app,ResumeTradingSession,1787760302,10,0,1
8o0qyfku,22,weju7mc9,88,trader_bridge_app,ResumeTradingSession,1787760302,10,0,1
8o0qyfku,23,dq2m7s6u,88,trader_bridge_app,ResumeTradingSession,1787760302,10,0,1
8o0qyfku,24,dw5igqpq,88,trader_bridge_app,ResumeTradingSession,1787760302,10,0,1
8o0qyfku,30,w7s9esrf,84,trader_bridge_app,DayBreak,1787760303,9,1,0
8o0qyfku,29,sgu796fi,84,trader_bridge_app,DayBreak,1787760303,9,1,0
8o0qyfku,25,1j25lcg3,88,trader_bridge_app,ResumeTradingSession,1787760304,10,0,1
8o0qyfku,26,icxcbb3j,88,trader_bridge_app,ResumeTradingSession,1787760304,10,0,1
8o0qyfku,27,2dz5zxb2,88,trader_bridge_app,ResumeTradingSession,1787760304,10,0,1
8o0qyfku,29,sgu796fi,88,trader_bridge_app,ResumeTradingSession,1787760304,10,0,1
8o0qyfku,30,w7s9esrf,88,trader_bridge_app,ResumeTradingSession,1787760304,10,0,1
8o0qyfku,28,108ssdya,88,trader_bridge_app,ResumeTradingSession,1787760304,10,0,1
8o0qyfku,33,cxkynnyi,90,trader_bridge_app,TradePage,1787760323,10,0,0
8o0qyfku,32,46nfbn7d,90,trader_bridge_app,TradePage,1787760324,10,0,0
8o0qyfku,31,kavf29xw,90,trader_bridge_app,TradePage,1787760324,10,0,0
8o0qyfku,34,obh2xbv7,90,trader_bridge_app,TradePage,1787760324,10,0,0
8o0qyfku,31,kavf29xw,91,trader_bridge_app,PauseTradingSession,1787760325,10,0,1
8o0qyfku,32,46nfbn7d,91,trader_bridge_app,PauseTradingSession,1787760325,10,0,1
8o0qyfku,33,cxkynnyi,91,trader_bridge_app,PauseTradingSession,1787760325,10,0,1
8o0qyfku,34,obh2xbv7,91,trader_bridge_app,PauseTradingSession,1787760325,10,0,1
8o0qyfku,5,nmgjkj32,81,trader_bridge_app,TradePage,1787760326,9,0,0
8o0qyfku,1,5ldlcszn,81,trader_bridge_app,TradePage,1787760326,9,0,0
8o0qyfku,2,q5e90cmj,81,trader_bridge_app,TradePage,1787760326,9,0,0
8o0qyfku,3,zp1owmpd,81,trader_bridge_app,TradePage,1787760326,9,0,0
8o0qyfku,6,cjmxcmcd,81,trader_bridge_app,TradePage,1787760326,9,0,0
8o0qyfku,4,yq2xbma3,81,trader_bridge_app,TradePage,1787760326,9,0,0
8o0qyfku,6,cjmxcmcd,82,trader_bridge_app,PauseTradingSession,1787760327,9,0,1
8o0qyfku,1,5ldlcszn,82,trader_bridge_app,PauseTradingSession,1787760327,9,0,1
8o0qyfku,2,q5e90cmj,82,trader_bridge_app,PauseTradingSession,1787760327,9,0,1
8o0qyfku,3,zp1owmpd,82,trader_bridge_app,PauseTradingSession,1787760327,9,0,1
8o0qyfku,4,yq2xbma3,82,trader_bridge_app,PauseTradingSession,1787760327,9,0,1
8o0qyfku,5,nmgjkj32,82,trader_bridge_app,PauseTradingSession,1787760327,9,0,1
8o0qyfku,31,kavf29xw,93,trader_bridge_app,DayBreak,1787760328,10,0,0
8o0qyfku,34,obh2xbv7,93,trader_bridge_app,DayBreak,1787760328,10,0,0
8o0qyfku,33,cxkynnyi,93,trader_bridge_app,DayBreak,1787760328,10,0,0
8o0qyfku,32,46nfbn7d,93,trader_bridge_app,DayBreak,1787760331,10,0,0
8o0qyfku,31,kavf29xw,97,trader_bridge_app,ResumeTradingSession,1787760331,11,0,1
8o0qyfku,32,46nfbn7d,97,trader_bridge_app,ResumeTradingSession,1787760331,11,0,1
8o0qyfku,33,cxkynnyi,97,trader_bridge_app,ResumeTradingSession,1787760331,11,0,1
8o0qyfku,34,obh2xbv7,97,trader_bridge_app,ResumeTradingSession,1787760331,11,0,1
8o0qyfku,4,yq2xbma3,84,trader_bridge_app,DayBreak,1787760335,9,0,0
8o0qyfku,1,5ldlcszn,84,trader_bridge_app,DayBreak,1787760336,9,0,0
8o0qyfku,6,cjmxcmcd,84,trader_bridge_app,DayBreak,1787760337,9,0,0
8o0qyfku,2,q5e90cmj,84,trader_bridge_app,DayBreak,1787760337,9,0,0
8o0qyfku,10,etak4i29,90,trader_bridge_app,TradePage,1787760339,10,0,0
8o0qyfku,12,a9rbe355,90,trader_bridge_app,TradePage,1787760339,10,0,0
8o0qyfku,11,mrocn3qi,90,trader_bridge_app,TradePage,1787760339,10,0,0
8o0qyfku,7,00g81xoq,90,trader_bridge_app,TradePage,1787760339,10,0,0
8o0qyfku,9,01xk5dk9,90,trader_bridge_app,TradePage,1787760339,10,0,0
8o0qyfku,8,3hlfki3e,90,trader_bridge_app,TradePage,1787760339,10,0,0
8o0qyfku,7,00g81xoq,91,trader_bridge_app,PauseTradingSession,1787760339,10,0,1
8o0qyfku,8,3hlfki3e,91,trader_bridge_app,PauseTradingSession,1787760339,10,0,1
8o0qyfku,9,01xk5dk9,91,trader_bridge_app,PauseTradingSession,1787760339,10,0,1
8o0qyfku,10,etak4i29,91,trader_bridge_app,PauseTradingSession,1787760339,10,0,1
8o0qyfku,11,mrocn3qi,91,trader_bridge_app,PauseTradingSession,1787760339,10,0,1
8o0qyfku,12,a9rbe355,91,trader_bridge_app,PauseTradingSession,1787760339,10,0,1
8o0qyfku,3,zp1owmpd,84,trader_bridge_app,DayBreak,1787760342,9,0,0
8o0qyfku,10,etak4i29,93,trader_bridge_app,DayBreak,1787760343,10,0,0
8o0qyfku,9,01xk5dk9,93,trader_bridge_app,DayBreak,1787760343,10,0,0
8o0qyfku,11,mrocn3qi,93,trader_bridge_app,DayBreak,1787760344,10,0,0
8o0qyfku,8,3hlfki3e,93,trader_bridge_app,DayBreak,1787760344,10,0,0
8o0qyfku,12,a9rbe355,93,trader_bridge_app,DayBreak,1787760347,10,0,0
8o0qyfku,5,nmgjkj32,84,trader_bridge_app,DayBreak,1787760347,9,1,0
8o0qyfku,1,5ldlcszn,88,trader_bridge_app,ResumeTradingSession,1787760348,10,0,1
8o0qyfku,2,q5e90cmj,88,trader_bridge_app,ResumeTradingSession,1787760348,10,0,1
8o0qyfku,3,zp1owmpd,88,trader_bridge_app,ResumeTradingSession,1787760348,10,0,1
8o0qyfku,4,yq2xbma3,88,trader_bridge_app,ResumeTradingSession,1787760348,10,0,1
8o0qyfku,5,nmgjkj32,88,trader_bridge_app,ResumeTradingSession,1787760348,10,0,1
8o0qyfku,6,cjmxcmcd,88,trader_bridge_app,ResumeTradingSession,1787760348,10,0,1
8o0qyfku,7,00g81xoq,93,trader_bridge_app,DayBreak,1787760348,10,0,0
8o0qyfku,7,00g81xoq,97,trader_bridge_app,ResumeTradingSession,1787760348,11,0,1
8o0qyfku,8,3hlfki3e,97,trader_bridge_app,ResumeTradingSession,1787760348,11,0,1
8o0qyfku,9,01xk5dk9,97,trader_bridge_app,ResumeTradingSession,1787760348,11,0,1
8o0qyfku,10,etak4i29,97,trader_bridge_app,ResumeTradingSession,1787760348,11,0,1
8o0qyfku,11,mrocn3qi,97,trader_bridge_app,ResumeTradingSession,1787760348,11,0,1
8o0qyfku,12,a9rbe355,97,trader_bridge_app,ResumeTradingSession,1787760348,11,0,1
8o0qyfku,16,3mu21szb,90,trader_bridge_app,TradePage,1787760356,10,0,0
8o0qyfku,18,rdnkoe93,90,trader_bridge_app,TradePage,1787760357,10,0,0
8o0qyfku,13,e70ixf6a,90,trader_bridge_app,TradePage,1787760357,10,0,0
8o0qyfku,17,caoxz34q,90,trader_bridge_app,TradePage,1787760357,10,0,0
8o0qyfku,14,yvu0j0px,90,trader_bridge_app,TradePage,1787760357,10,0,0
8o0qyfku,15,8m72ygxx,90,trader_bridge_app,TradePage,1787760357,10,0,0
8o0qyfku,13,e70ixf6a,91,trader_bridge_app,PauseTradingSession,1787760357,10,0,1
8o0qyfku,14,yvu0j0px,91,trader_bridge_app,PauseTradingSession,1787760357,10,0,1
8o0qyfku,15,8m72ygxx,91,trader_bridge_app,PauseTradingSession,1787760357,10,0,1
8o0qyfku,16,3mu21szb,91,trader_bridge_app,PauseTradingSession,1787760357,10,0,1
8o0qyfku,17,caoxz34q,91,trader_bridge_app,PauseTradingSession,1787760357,10,0,1
8o0qyfku,18,rdnkoe93,91,trader_bridge_app,PauseTradingSession,1787760357,10,0,1
8o0qyfku,16,3mu21szb,93,trader_bridge_app,DayBreak,1787760361,10,0,0
8o0qyfku,15,8m72ygxx,93,trader_bridge_app,DayBreak,1787760362,10,0,0
8o0qyfku,14,yvu0j0px,93,trader_bridge_app,DayBreak,1787760362,10,0,0
8o0qyfku,20,6swie1ys,90,trader_bridge_app,TradePage,1787760363,10,0,0
8o0qyfku,21,dltkzvxc,90,trader_bridge_app,TradePage,1787760363,10,0,0
8o0qyfku,23,dq2m7s6u,90,trader_bridge_app,TradePage,1787760363,10,0,0
8o0qyfku,19,9d6cveb5,90,trader_bridge_app,TradePage,1787760363,10,0,0
8o0qyfku,24,dw5igqpq,90,trader_bridge_app,TradePage,1787760364,10,0,0
8o0qyfku,22,weju7mc9,90,trader_bridge_app,TradePage,1787760364,10,0,0
8o0qyfku,22,weju7mc9,91,trader_bridge_app,PauseTradingSession,1787760364,10,0,1
8o0qyfku,23,dq2m7s6u,91,trader_bridge_app,PauseTradingSession,1787760364,10,0,1
8o0qyfku,19,9d6cveb5,91,trader_bridge_app,PauseTradingSession,1787760364,10,0,1
8o0qyfku,20,6swie1ys,91,trader_bridge_app,PauseTradingSession,1787760364,10,0,1
8o0qyfku,21,dltkzvxc,91,trader_bridge_app,PauseTradingSession,1787760364,10,0,1
8o0qyfku,24,dw5igqpq,91,trader_bridge_app,PauseTradingSession,1787760364,10,0,1
8o0qyfku,18,rdnkoe93,93,trader_bridge_app,DayBreak,1787760365,10,0,0
8o0qyfku,30,w7s9esrf,90,trader_bridge_app,TradePage,1787760365,10,0,0
8o0qyfku,29,sgu796fi,90,trader_bridge_app,TradePage,1787760365,10,0,0
8o0qyfku,28,108ssdya,90,trader_bridge_app,TradePage,1787760365,10,0,0
8o0qyfku,27,2dz5zxb2,90,trader_bridge_app,TradePage,1787760365,10,0,0
8o0qyfku,25,1j25lcg3,90,trader_bridge_app,TradePage,1787760365,10,0,0
8o0qyfku,26,icxcbb3j,90,trader_bridge_app,TradePage,1787760365,10,0,0
8o0qyfku,25,1j25lcg3,91,trader_bridge_app,PauseTradingSession,1787760366,10,0,1
8o0qyfku,26,icxcbb3j,91,trader_bridge_app,PauseTradingSession,1787760366,10,0,1
8o0qyfku,27,2dz5zxb2,91,trader_bridge_app,PauseTradingSession,1787760366,10,0,1
8o0qyfku,28,108ssdya,91,trader_bridge_app,PauseTradingSession,1787760366,10,0,1
8o0qyfku,29,sgu796fi,91,trader_bridge_app,PauseTradingSession,1787760366,10,0,1
8o0qyfku,30,w7s9esrf,91,trader_bridge_app,PauseTradingSession,1787760366,10,0,1
8o0qyfku,21,dltkzvxc,93,trader_bridge_app,DayBreak,1787760367,10,0,0
8o0qyfku,22,weju7mc9,93,trader_bridge_app,DayBreak,1787760368,10,0,0
8o0qyfku,27,2dz5zxb2,93,trader_bridge_app,DayBreak,1787760369,10,0,0
8o0qyfku,30,w7s9esrf,93,trader_bridge_app,DayBreak,1787760369,10,0,0
8o0qyfku,17,caoxz34q,93,trader_bridge_app,DayBreak,1787760370,10,0,0
8o0qyfku,20,6swie1ys,93,trader_bridge_app,DayBreak,1787760370,10,0,0
8o0qyfku,25,1j25lcg3,93,trader_bridge_app,DayBreak,1787760370,10,0,0
8o0qyfku,19,9d6cveb5,93,trader_bridge_app,DayBreak,1787760372,10,0,0
8o0qyfku,28,108ssdya,93,trader_bridge_app,DayBreak,1787760372,10,0,0
8o0qyfku,24,dw5igqpq,93,trader_bridge_app,DayBreak,1787760373,10,0,0
8o0qyfku,29,sgu796fi,93,trader_bridge_app,DayBreak,1787760375,10,0,0
8o0qyfku,13,e70ixf6a,93,trader_bridge_app,DayBreak,1787760378,10,1,0
8o0qyfku,13,e70ixf6a,97,trader_bridge_app,ResumeTradingSession,1787760378,11,0,1
8o0qyfku,14,yvu0j0px,97,trader_bridge_app,ResumeTradingSession,1787760378,11,0,1
8o0qyfku,15,8m72ygxx,97,trader_bridge_app,ResumeTradingSession,1787760378,11,0,1
8o0qyfku,16,3mu21szb,97,trader_bridge_app,ResumeTradingSession,1787760378,11,0,1
8o0qyfku,17,caoxz34q,97,trader_bridge_app,ResumeTradingSession,1787760378,11,0,1
8o0qyfku,18,rdnkoe93,97,trader_bridge_app,ResumeTradingSession,1787760378,11,0,1
8o0qyfku,26,icxcbb3j,93,trader_bridge_app,DayBreak,1787760382,10,0,0
8o0qyfku,25,1j25lcg3,97,trader_bridge_app,ResumeTradingSession,1787760382,11,0,1
8o0qyfku,26,icxcbb3j,97,trader_bridge_app,ResumeTradingSession,1787760382,11,0,1
8o0qyfku,27,2dz5zxb2,97,trader_bridge_app,ResumeTradingSession,1787760382,11,0,1
8o0qyfku,28,108ssdya,97,trader_bridge_app,ResumeTradingSession,1787760382,11,0,1
8o0qyfku,29,sgu796fi,97,trader_bridge_app,ResumeTradingSession,1787760382,11,0,1
8o0qyfku,30,w7s9esrf,97,trader_bridge_app,ResumeTradingSession,1787760382,11,0,1
8o0qyfku,23,dq2m7s6u,93,trader_bridge_app,DayBreak,1787760385,10,1,0
8o0qyfku,23,dq2m7s6u,97,trader_bridge_app,ResumeTradingSession,1787760385,11,0,1
8o0qyfku,24,dw5igqpq,97,trader_bridge_app,ResumeTradingSession,1787760385,11,0,1
8o0qyfku,19,9d6cveb5,97,trader_bridge_app,ResumeTradingSession,1787760385,11,0,1
8o0qyfku,20,6swie1ys,97,trader_bridge_app,ResumeTradingSession,1787760385,11,0,1
8o0qyfku,21,dltkzvxc,97,trader_bridge_app,ResumeTradingSession,1787760385,11,0,1
8o0qyfku,22,weju7mc9,97,trader_bridge_app,ResumeTradingSession,1787760385,11,0,1
8o0qyfku,32,46nfbn7d,99,trader_bridge_app,TradePage,1787760392,11,0,0
8o0qyfku,33,cxkynnyi,99,trader_bridge_app,TradePage,1787760392,11,0,0
8o0qyfku,34,obh2xbv7,99,trader_bridge_app,TradePage,1787760392,11,0,0
8o0qyfku,31,kavf29xw,99,trader_bridge_app,TradePage,1787760392,11,0,0
8o0qyfku,31,kavf29xw,100,trader_bridge_app,PauseTradingSession,1787760392,11,0,1
8o0qyfku,32,46nfbn7d,100,trader_bridge_app,PauseTradingSession,1787760392,11,0,1
8o0qyfku,33,cxkynnyi,100,trader_bridge_app,PauseTradingSession,1787760392,11,0,1
8o0qyfku,34,obh2xbv7,100,trader_bridge_app,PauseTradingSession,1787760392,11,0,1
8o0qyfku,34,obh2xbv7,102,trader_bridge_app,DayBreak,1787760395,11,0,0
8o0qyfku,33,cxkynnyi,102,trader_bridge_app,DayBreak,1787760395,11,0,0
8o0qyfku,32,46nfbn7d,102,trader_bridge_app,DayBreak,1787760396,11,0,0
8o0qyfku,31,kavf29xw,102,trader_bridge_app,DayBreak,1787760396,11,0,0
8o0qyfku,31,kavf29xw,106,trader_bridge_app,ResumeTradingSession,1787760397,12,0,1
8o0qyfku,32,46nfbn7d,106,trader_bridge_app,ResumeTradingSession,1787760397,12,0,1
8o0qyfku,33,cxkynnyi,106,trader_bridge_app,ResumeTradingSession,1787760397,12,0,1
8o0qyfku,34,obh2xbv7,106,trader_bridge_app,ResumeTradingSession,1787760397,12,0,1
8o0qyfku,5,nmgjkj32,90,trader_bridge_app,TradePage,1787760409,10,0,0
8o0qyfku,1,5ldlcszn,90,trader_bridge_app,TradePage,1787760409,10,0,0
8o0qyfku,2,q5e90cmj,90,trader_bridge_app,TradePage,1787760409,10,0,0
8o0qyfku,6,cjmxcmcd,90,trader_bridge_app,TradePage,1787760409,10,0,0
8o0qyfku,3,zp1owmpd,90,trader_bridge_app,TradePage,1787760409,10,0,0
8o0qyfku,4,yq2xbma3,90,trader_bridge_app,TradePage,1787760409,10,0,0
8o0qyfku,1,5ldlcszn,91,trader_bridge_app,PauseTradingSession,1787760409,10,0,1
8o0qyfku,2,q5e90cmj,91,trader_bridge_app,PauseTradingSession,1787760409,10,0,1
8o0qyfku,3,zp1owmpd,91,trader_bridge_app,PauseTradingSession,1787760409,10,0,1
8o0qyfku,4,yq2xbma3,91,trader_bridge_app,PauseTradingSession,1787760409,10,0,1
8o0qyfku,5,nmgjkj32,91,trader_bridge_app,PauseTradingSession,1787760409,10,0,1
8o0qyfku,6,cjmxcmcd,91,trader_bridge_app,PauseTradingSession,1787760409,10,0,1
8o0qyfku,7,00g81xoq,99,trader_bridge_app,TradePage,1787760410,11,0,0
8o0qyfku,11,mrocn3qi,99,trader_bridge_app,TradePage,1787760410,11,0,0
8o0qyfku,9,01xk5dk9,99,trader_bridge_app,TradePage,1787760410,11,0,0
8o0qyfku,8,3hlfki3e,99,trader_bridge_app,TradePage,1787760410,11,0,0
8o0qyfku,12,a9rbe355,99,trader_bridge_app,TradePage,1787760410,11,0,0
8o0qyfku,10,etak4i29,99,trader_bridge_app,TradePage,1787760410,11,0,0
8o0qyfku,7,00g81xoq,100,trader_bridge_app,PauseTradingSession,1787760410,11,0,1
8o0qyfku,8,3hlfki3e,100,trader_bridge_app,PauseTradingSession,1787760410,11,0,1
8o0qyfku,9,01xk5dk9,100,trader_bridge_app,PauseTradingSession,1787760410,11,0,1
8o0qyfku,10,etak4i29,100,trader_bridge_app,PauseTradingSession,1787760410,11,0,1
8o0qyfku,11,mrocn3qi,100,trader_bridge_app,PauseTradingSession,1787760410,11,0,1
8o0qyfku,12,a9rbe355,100,trader_bridge_app,PauseTradingSession,1787760410,11,0,1
8o0qyfku,2,q5e90cmj,93,trader_bridge_app,DayBreak,1787760414,10,0,0
8o0qyfku,9,01xk5dk9,102,trader_bridge_app,DayBreak,1787760414,11,0,0
8o0qyfku,8,3hlfki3e,102,trader_bridge_app,DayBreak,1787760415,11,0,0
8o0qyfku,11,mrocn3qi,102,trader_bridge_app,DayBreak,1787760416,11,0,0
8o0qyfku,10,etak4i29,102,trader_bridge_app,DayBreak,1787760416,11,0,0
8o0qyfku,6,cjmxcmcd,93,trader_bridge_app,DayBreak,1787760416,10,0,0
8o0qyfku,3,zp1owmpd,93,trader_bridge_app,DayBreak,1787760416,10,0,0
8o0qyfku,4,yq2xbma3,93,trader_bridge_app,DayBreak,1787760417,10,0,0
8o0qyfku,1,5ldlcszn,93,trader_bridge_app,DayBreak,1787760417,10,0,0
8o0qyfku,12,a9rbe355,102,trader_bridge_app,DayBreak,1787760420,11,0,0
8o0qyfku,7,00g81xoq,102,trader_bridge_app,DayBreak,1787760420,11,0,0
8o0qyfku,8,3hlfki3e,106,trader_bridge_app,ResumeTradingSession,1787760420,12,0,1
8o0qyfku,9,01xk5dk9,106,trader_bridge_app,ResumeTradingSession,1787760420,12,0,1
8o0qyfku,10,etak4i29,106,trader_bridge_app,ResumeTradingSession,1787760420,12,0,1
8o0qyfku,11,mrocn3qi,106,trader_bridge_app,ResumeTradingSession,1787760420,12,0,1
8o0qyfku,7,00g81xoq,106,trader_bridge_app,ResumeTradingSession,1787760420,12,0,1
8o0qyfku,12,a9rbe355,106,trader_bridge_app,ResumeTradingSession,1787760420,12,0,1
8o0qyfku,5,nmgjkj32,93,trader_bridge_app,DayBreak,1787760431,10,1,0
8o0qyfku,1,5ldlcszn,97,trader_bridge_app,ResumeTradingSession,1787760431,11,0,1
8o0qyfku,2,q5e90cmj,97,trader_bridge_app,ResumeTradingSession,1787760431,11,0,1
8o0qyfku,3,zp1owmpd,97,trader_bridge_app,ResumeTradingSession,1787760431,11,0,1
8o0qyfku,4,yq2xbma3,97,trader_bridge_app,ResumeTradingSession,1787760431,11,0,1
8o0qyfku,5,nmgjkj32,97,trader_bridge_app,ResumeTradingSession,1787760431,11,0,1
8o0qyfku,6,cjmxcmcd,97,trader_bridge_app,ResumeTradingSession,1787760431,11,0,1
8o0qyfku,13,e70ixf6a,99,trader_bridge_app,TradePage,1787760439,11,0,0
8o0qyfku,16,3mu21szb,99,trader_bridge_app,TradePage,1787760439,11,0,0
8o0qyfku,18,rdnkoe93,99,trader_bridge_app,TradePage,1787760439,11,0,0
8o0qyfku,17,caoxz34q,99,trader_bridge_app,TradePage,1787760439,11,0,0
8o0qyfku,15,8m72ygxx,99,trader_bridge_app,TradePage,1787760439,11,0,0
8o0qyfku,14,yvu0j0px,99,trader_bridge_app,TradePage,1787760440,11,0,0
8o0qyfku,13,e70ixf6a,100,trader_bridge_app,PauseTradingSession,1787760440,11,0,1
8o0qyfku,14,yvu0j0px,100,trader_bridge_app,PauseTradingSession,1787760440,11,0,1
8o0qyfku,15,8m72ygxx,100,trader_bridge_app,PauseTradingSession,1787760440,11,0,1
8o0qyfku,16,3mu21szb,100,trader_bridge_app,PauseTradingSession,1787760440,11,0,1
8o0qyfku,17,caoxz34q,100,trader_bridge_app,PauseTradingSession,1787760440,11,0,1
8o0qyfku,18,rdnkoe93,100,trader_bridge_app,PauseTradingSession,1787760440,11,0,1
8o0qyfku,13,e70ixf6a,102,trader_bridge_app,DayBreak,1787760442,11,0,0
8o0qyfku,14,yvu0j0px,102,trader_bridge_app,DayBreak,1787760443,11,0,0
8o0qyfku,26,icxcbb3j,99,trader_bridge_app,TradePage,1787760443,11,0,0
8o0qyfku,29,sgu796fi,99,trader_bridge_app,TradePage,1787760443,11,0,0
8o0qyfku,27,2dz5zxb2,99,trader_bridge_app,TradePage,1787760443,11,0,0
8o0qyfku,25,1j25lcg3,99,trader_bridge_app,TradePage,1787760443,11,0,0
8o0qyfku,28,108ssdya,99,trader_bridge_app,TradePage,1787760443,11,0,0
8o0qyfku,30,w7s9esrf,99,trader_bridge_app,TradePage,1787760443,11,0,0
8o0qyfku,25,1j25lcg3,100,trader_bridge_app,PauseTradingSession,1787760444,11,0,1
8o0qyfku,26,icxcbb3j,100,trader_bridge_app,PauseTradingSession,1787760444,11,0,1
8o0qyfku,27,2dz5zxb2,100,trader_bridge_app,PauseTradingSession,1787760444,11,0,1
8o0qyfku,28,108ssdya,100,trader_bridge_app,PauseTradingSession,1787760444,11,0,1
8o0qyfku,29,sgu796fi,100,trader_bridge_app,PauseTradingSession,1787760444,11,0,1
8o0qyfku,30,w7s9esrf,100,trader_bridge_app,PauseTradingSession,1787760444,11,0,1
8o0qyfku,17,caoxz34q,102,trader_bridge_app,DayBreak,1787760445,11,0,0
8o0qyfku,16,3mu21szb,102,trader_bridge_app,DayBreak,1787760445,11,0,0
8o0qyfku,23,dq2m7s6u,99,trader_bridge_app,TradePage,1787760446,11,0,0
8o0qyfku,20,6swie1ys,99,trader_bridge_app,TradePage,1787760446,11,0,0
8o0qyfku,21,dltkzvxc,99,trader_bridge_app,TradePage,1787760446,11,0,0
8o0qyfku,24,dw5igqpq,99,trader_bridge_app,TradePage,1787760446,11,0,0
8o0qyfku,22,weju7mc9,99,trader_bridge_app,TradePage,1787760446,11,0,0
8o0qyfku,19,9d6cveb5,99,trader_bridge_app,TradePage,1787760446,11,0,0
8o0qyfku,23,dq2m7s6u,100,trader_bridge_app,PauseTradingSession,1787760447,11,0,1
8o0qyfku,24,dw5igqpq,100,trader_bridge_app,PauseTradingSession,1787760447,11,0,1
8o0qyfku,19,9d6cveb5,100,trader_bridge_app,PauseTradingSession,1787760447,11,0,1
8o0qyfku,20,6swie1ys,100,trader_bridge_app,PauseTradingSession,1787760447,11,0,1
8o0qyfku,21,dltkzvxc,100,trader_bridge_app,PauseTradingSession,1787760447,11,0,1
8o0qyfku,22,weju7mc9,100,trader_bridge_app,PauseTradingSession,1787760447,11,0,1
8o0qyfku,18,rdnkoe93,102,trader_bridge_app,DayBreak,1787760447,11,0,0
8o0qyfku,27,2dz5zxb2,102,trader_bridge_app,DayBreak,1787760447,11,0,0
8o0qyfku,30,w7s9esrf,102,trader_bridge_app,DayBreak,1787760448,11,0,0
8o0qyfku,25,1j25lcg3,102,trader_bridge_app,DayBreak,1787760448,11,0,0
8o0qyfku,15,8m72ygxx,102,trader_bridge_app,DayBreak,1787760448,11,0,0
8o0qyfku,13,e70ixf6a,106,trader_bridge_app,ResumeTradingSession,1787760449,12,0,1
8o0qyfku,14,yvu0j0px,106,trader_bridge_app,ResumeTradingSession,1787760449,12,0,1
8o0qyfku,15,8m72ygxx,106,trader_bridge_app,ResumeTradingSession,1787760449,12,0,1
8o0qyfku,16,3mu21szb,106,trader_bridge_app,ResumeTradingSession,1787760449,12,0,1
8o0qyfku,17,caoxz34q,106,trader_bridge_app,ResumeTradingSession,1787760449,12,0,1
8o0qyfku,18,rdnkoe93,106,trader_bridge_app,ResumeTradingSession,1787760449,12,0,1
8o0qyfku,29,sgu796fi,102,trader_bridge_app,DayBreak,1787760449,11,0,0
8o0qyfku,21,dltkzvxc,102,trader_bridge_app,DayBreak,1787760450,11,0,0
8o0qyfku,22,weju7mc9,102,trader_bridge_app,DayBreak,1787760451,11,0,0
8o0qyfku,28,108ssdya,102,trader_bridge_app,DayBreak,1787760451,11,0,0
8o0qyfku,20,6swie1ys,102,trader_bridge_app,DayBreak,1787760452,11,0,0
8o0qyfku,24,dw5igqpq,102,trader_bridge_app,DayBreak,1787760453,11,0,0
8o0qyfku,19,9d6cveb5,102,trader_bridge_app,DayBreak,1787760455,11,0,0
8o0qyfku,26,icxcbb3j,102,trader_bridge_app,DayBreak,1787760456,11,0,0
8o0qyfku,25,1j25lcg3,106,trader_bridge_app,ResumeTradingSession,1787760456,12,0,1
8o0qyfku,26,icxcbb3j,106,trader_bridge_app,ResumeTradingSession,1787760456,12,0,1
8o0qyfku,27,2dz5zxb2,106,trader_bridge_app,ResumeTradingSession,1787760456,12,0,1
8o0qyfku,28,108ssdya,106,trader_bridge_app,ResumeTradingSession,1787760456,12,0,1
8o0qyfku,29,sgu796fi,106,trader_bridge_app,ResumeTradingSession,1787760456,12,0,1
8o0qyfku,30,w7s9esrf,106,trader_bridge_app,ResumeTradingSession,1787760456,12,0,1
8o0qyfku,32,46nfbn7d,108,trader_bridge_app,TradePage,1787760458,12,0,0
8o0qyfku,31,kavf29xw,108,trader_bridge_app,TradePage,1787760458,12,0,0
8o0qyfku,33,cxkynnyi,108,trader_bridge_app,TradePage,1787760458,12,0,0
8o0qyfku,34,obh2xbv7,108,trader_bridge_app,TradePage,1787760458,12,0,0
8o0qyfku,31,kavf29xw,109,trader_bridge_app,PauseTradingSession,1787760458,12,0,1
8o0qyfku,32,46nfbn7d,109,trader_bridge_app,PauseTradingSession,1787760458,12,0,1
8o0qyfku,33,cxkynnyi,109,trader_bridge_app,PauseTradingSession,1787760458,12,0,1
8o0qyfku,34,obh2xbv7,109,trader_bridge_app,PauseTradingSession,1787760458,12,0,1
8o0qyfku,23,dq2m7s6u,102,trader_bridge_app,DayBreak,1787760468,11,1,0
8o0qyfku,19,9d6cveb5,106,trader_bridge_app,ResumeTradingSession,1787760468,12,0,1
8o0qyfku,20,6swie1ys,106,trader_bridge_app,ResumeTradingSession,1787760468,12,0,1
8o0qyfku,21,dltkzvxc,106,trader_bridge_app,ResumeTradingSession,1787760468,12,0,1
8o0qyfku,22,weju7mc9,106,trader_bridge_app,ResumeTradingSession,1787760468,12,0,1
8o0qyfku,23,dq2m7s6u,106,trader_bridge_app,ResumeTradingSession,1787760468,12,0,1
8o0qyfku,24,dw5igqpq,106,trader_bridge_app,ResumeTradingSession,1787760468,12,0,1
8o0qyfku,33,cxkynnyi,111,trader_bridge_app,DayBreak,1787760469,12,0,0
8o0qyfku,31,kavf29xw,111,trader_bridge_app,DayBreak,1787760472,12,0,0
8o0qyfku,32,46nfbn7d,111,trader_bridge_app,DayBreak,1787760476,12,0,0
8o0qyfku,34,obh2xbv7,111,trader_bridge_app,DayBreak,1787760476,12,0,0
8o0qyfku,31,kavf29xw,115,trader_bridge_app,ResumeTradingSession,1787760476,13,0,1
8o0qyfku,32,46nfbn7d,115,trader_bridge_app,ResumeTradingSession,1787760476,13,0,1
8o0qyfku,33,cxkynnyi,115,trader_bridge_app,ResumeTradingSession,1787760476,13,0,1
8o0qyfku,34,obh2xbv7,115,trader_bridge_app,ResumeTradingSession,1787760476,13,0,1
8o0qyfku,7,00g81xoq,108,trader_bridge_app,TradePage,1787760481,12,0,0
8o0qyfku,11,mrocn3qi,108,trader_bridge_app,TradePage,1787760481,12,0,0
8o0qyfku,8,3hlfki3e,108,trader_bridge_app,TradePage,1787760481,12,0,0
8o0qyfku,12,a9rbe355,108,trader_bridge_app,TradePage,1787760482,12,0,0
8o0qyfku,10,etak4i29,108,trader_bridge_app,TradePage,1787760482,12,0,0
8o0qyfku,9,01xk5dk9,108,trader_bridge_app,TradePage,1787760482,12,0,0
8o0qyfku,7,00g81xoq,109,trader_bridge_app,PauseTradingSession,1787760482,12,0,1
8o0qyfku,8,3hlfki3e,109,trader_bridge_app,PauseTradingSession,1787760482,12,0,1
8o0qyfku,9,01xk5dk9,109,trader_bridge_app,PauseTradingSession,1787760482,12,0,1
8o0qyfku,10,etak4i29,109,trader_bridge_app,PauseTradingSession,1787760482,12,0,1
8o0qyfku,11,mrocn3qi,109,trader_bridge_app,PauseTradingSession,1787760482,12,0,1
8o0qyfku,12,a9rbe355,109,trader_bridge_app,PauseTradingSession,1787760482,12,0,1
8o0qyfku,8,3hlfki3e,111,trader_bridge_app,DayBreak,1787760490,12,0,0
8o0qyfku,11,mrocn3qi,111,trader_bridge_app,DayBreak,1787760490,12,0,0
8o0qyfku,5,nmgjkj32,99,trader_bridge_app,TradePage,1787760492,11,0,0
8o0qyfku,1,5ldlcszn,99,trader_bridge_app,TradePage,1787760492,11,0,0
8o0qyfku,2,q5e90cmj,99,trader_bridge_app,TradePage,1787760492,11,0,0
8o0qyfku,3,zp1owmpd,99,trader_bridge_app,TradePage,1787760492,11,0,0
8o0qyfku,6,cjmxcmcd,99,trader_bridge_app,TradePage,1787760492,11,0,0
8o0qyfku,4,yq2xbma3,99,trader_bridge_app,TradePage,1787760492,11,0,0
8o0qyfku,1,5ldlcszn,100,trader_bridge_app,PauseTradingSession,1787760493,11,0,1
8o0qyfku,2,q5e90cmj,100,trader_bridge_app,PauseTradingSession,1787760493,11,0,1
8o0qyfku,3,zp1owmpd,100,trader_bridge_app,PauseTradingSession,1787760493,11,0,1
8o0qyfku,4,yq2xbma3,100,trader_bridge_app,PauseTradingSession,1787760493,11,0,1
8o0qyfku,5,nmgjkj32,100,trader_bridge_app,PauseTradingSession,1787760493,11,0,1
8o0qyfku,6,cjmxcmcd,100,trader_bridge_app,PauseTradingSession,1787760493,11,0,1
8o0qyfku,9,01xk5dk9,111,trader_bridge_app,DayBreak,1787760493,12,0,0
8o0qyfku,7,00g81xoq,111,trader_bridge_app,DayBreak,1787760493,12,0,0
8o0qyfku,10,etak4i29,111,trader_bridge_app,DayBreak,1787760495,12,0,0
8o0qyfku,1,5ldlcszn,102,trader_bridge_app,DayBreak,1787760496,11,0,0
8o0qyfku,6,cjmxcmcd,102,trader_bridge_app,DayBreak,1787760497,11,0,0
8o0qyfku,12,a9rbe355,111,trader_bridge_app,DayBreak,1787760497,12,0,0
8o0qyfku,8,3hlfki3e,115,trader_bridge_app,ResumeTradingSession,1787760498,13,0,1
8o0qyfku,9,01xk5dk9,115,trader_bridge_app,ResumeTradingSession,1787760498,13,0,1
8o0qyfku,7,00g81xoq,115,trader_bridge_app,ResumeTradingSession,1787760498,13,0,1
8o0qyfku,10,etak4i29,115,trader_bridge_app,ResumeTradingSession,1787760498,13,0,1
8o0qyfku,11,mrocn3qi,115,trader_bridge_app,ResumeTradingSession,1787760498,13,0,1
8o0qyfku,12,a9rbe355,115,trader_bridge_app,ResumeTradingSession,1787760498,13,0,1
8o0qyfku,4,yq2xbma3,102,trader_bridge_app,DayBreak,1787760498,11,0,0
8o0qyfku,3,zp1owmpd,102,trader_bridge_app,DayBreak,1787760498,11,0,0
8o0qyfku,2,q5e90cmj,102,trader_bridge_app,DayBreak,1787760500,11,0,0
8o0qyfku,5,nmgjkj32,102,trader_bridge_app,DayBreak,1787760505,11,0,0
8o0qyfku,6,cjmxcmcd,106,trader_bridge_app,ResumeTradingSession,1787760505,12,0,1
8o0qyfku,1,5ldlcszn,106,trader_bridge_app,ResumeTradingSession,1787760505,12,0,1
8o0qyfku,2,q5e90cmj,106,trader_bridge_app,ResumeTradingSession,1787760505,12,0,1
8o0qyfku,3,zp1owmpd,106,trader_bridge_app,ResumeTradingSession,1787760505,12,0,1
8o0qyfku,4,yq2xbma3,106,trader_bridge_app,ResumeTradingSession,1787760505,12,0,1
8o0qyfku,5,nmgjkj32,106,trader_bridge_app,ResumeTradingSession,1787760505,12,0,1
8o0qyfku,15,8m72ygxx,108,trader_bridge_app,TradePage,1787760510,12,0,0
8o0qyfku,18,rdnkoe93,108,trader_bridge_app,TradePage,1787760510,12,0,0
8o0qyfku,16,3mu21szb,108,trader_bridge_app,TradePage,1787760510,12,0,0
8o0qyfku,17,caoxz34q,108,trader_bridge_app,TradePage,1787760510,12,0,0
8o0qyfku,14,yvu0j0px,108,trader_bridge_app,TradePage,1787760510,12,0,0
8o0qyfku,13,e70ixf6a,108,trader_bridge_app,TradePage,1787760510,12,0,0
8o0qyfku,13,e70ixf6a,109,trader_bridge_app,PauseTradingSession,1787760510,12,0,1
8o0qyfku,14,yvu0j0px,109,trader_bridge_app,PauseTradingSession,1787760510,12,0,1
8o0qyfku,15,8m72ygxx,109,trader_bridge_app,PauseTradingSession,1787760510,12,0,1
8o0qyfku,16,3mu21szb,109,trader_bridge_app,PauseTradingSession,1787760510,12,0,1
8o0qyfku,17,caoxz34q,109,trader_bridge_app,PauseTradingSession,1787760510,12,0,1
8o0qyfku,18,rdnkoe93,109,trader_bridge_app,PauseTradingSession,1787760510,12,0,1
8o0qyfku,26,icxcbb3j,108,trader_bridge_app,TradePage,1787760517,12,0,0
8o0qyfku,29,sgu796fi,108,trader_bridge_app,TradePage,1787760517,12,0,0
8o0qyfku,27,2dz5zxb2,108,trader_bridge_app,TradePage,1787760517,12,0,0
8o0qyfku,28,108ssdya,108,trader_bridge_app,TradePage,1787760517,12,0,0
8o0qyfku,25,1j25lcg3,108,trader_bridge_app,TradePage,1787760517,12,0,0
8o0qyfku,30,w7s9esrf,108,trader_bridge_app,TradePage,1787760517,12,0,0
8o0qyfku,25,1j25lcg3,109,trader_bridge_app,PauseTradingSession,1787760518,12,0,1
8o0qyfku,26,icxcbb3j,109,trader_bridge_app,PauseTradingSession,1787760518,12,0,1
8o0qyfku,27,2dz5zxb2,109,trader_bridge_app,PauseTradingSession,1787760518,12,0,1
8o0qyfku,28,108ssdya,109,trader_bridge_app,PauseTradingSession,1787760518,12,0,1
8o0qyfku,29,sgu796fi,109,trader_bridge_app,PauseTradingSession,1787760518,12,0,1
8o0qyfku,30,w7s9esrf,109,trader_bridge_app,PauseTradingSession,1787760518,12,0,1
8o0qyfku,14,yvu0j0px,111,trader_bridge_app,DayBreak,1787760520,12,0,0
8o0qyfku,13,e70ixf6a,111,trader_bridge_app,DayBreak,1787760520,12,0,0
8o0qyfku,17,caoxz34q,111,trader_bridge_app,DayBreak,1787760522,12,0,0
8o0qyfku,16,3mu21szb,111,trader_bridge_app,DayBreak,1787760523,12,0,0
8o0qyfku,25,1j25lcg3,111,trader_bridge_app,DayBreak,1787760525,12,0,0
8o0qyfku,15,8m72ygxx,111,trader_bridge_app,DayBreak,1787760525,12,0,0
8o0qyfku,29,sgu796fi,111,trader_bridge_app,DayBreak,1787760526,12,0,0
8o0qyfku,18,rdnkoe93,111,trader_bridge_app,DayBreak,1787760527,12,0,0
8o0qyfku,13,e70ixf6a,115,trader_bridge_app,ResumeTradingSession,1787760527,13,0,1
8o0qyfku,14,yvu0j0px,115,trader_bridge_app,ResumeTradingSession,1787760527,13,0,1
8o0qyfku,15,8m72ygxx,115,trader_bridge_app,ResumeTradingSession,1787760527,13,0,1
8o0qyfku,16,3mu21szb,115,trader_bridge_app,ResumeTradingSession,1787760527,13,0,1
8o0qyfku,17,caoxz34q,115,trader_bridge_app,ResumeTradingSession,1787760527,13,0,1
8o0qyfku,18,rdnkoe93,115,trader_bridge_app,ResumeTradingSession,1787760527,13,0,1
8o0qyfku,27,2dz5zxb2,111,trader_bridge_app,DayBreak,1787760528,12,0,0
8o0qyfku,23,dq2m7s6u,108,trader_bridge_app,TradePage,1787760529,12,0,0
8o0qyfku,19,9d6cveb5,108,trader_bridge_app,TradePage,1787760529,12,0,0
8o0qyfku,22,weju7mc9,108,trader_bridge_app,TradePage,1787760529,12,0,0
8o0qyfku,20,6swie1ys,108,trader_bridge_app,TradePage,1787760529,12,0,0
8o0qyfku,21,dltkzvxc,108,trader_bridge_app,TradePage,1787760529,12,0,0
8o0qyfku,24,dw5igqpq,108,trader_bridge_app,TradePage,1787760529,12,0,0
8o0qyfku,19,9d6cveb5,109,trader_bridge_app,PauseTradingSession,1787760529,12,0,1
8o0qyfku,20,6swie1ys,109,trader_bridge_app,PauseTradingSession,1787760529,12,0,1
8o0qyfku,21,dltkzvxc,109,trader_bridge_app,PauseTradingSession,1787760529,12,0,1
8o0qyfku,22,weju7mc9,109,trader_bridge_app,PauseTradingSession,1787760529,12,0,1
8o0qyfku,23,dq2m7s6u,109,trader_bridge_app,PauseTradingSession,1787760529,12,0,1
8o0qyfku,24,dw5igqpq,109,trader_bridge_app,PauseTradingSession,1787760529,12,0,1
8o0qyfku,26,icxcbb3j,111,trader_bridge_app,DayBreak,1787760530,12,0,0
8o0qyfku,28,108ssdya,111,trader_bridge_app,DayBreak,1787760533,12,0,0
8o0qyfku,32,46nfbn7d,117,trader_bridge_app,TradePage,1787760537,13,0,0
8o0qyfku,33,cxkynnyi,117,trader_bridge_app,TradePage,1787760537,13,0,0
8o0qyfku,31,kavf29xw,117,trader_bridge_app,TradePage,1787760537,13,0,0
8o0qyfku,34,obh2xbv7,117,trader_bridge_app,TradePage,1787760538,13,0,0
8o0qyfku,31,kavf29xw,118,trader_bridge_app,PauseTradingSession,1787760538,13,0,1
8o0qyfku,32,46nfbn7d,118,trader_bridge_app,PauseTradingSession,1787760538,13,0,1
8o0qyfku,33,cxkynnyi,118,trader_bridge_app,PauseTradingSession,1787760538,13,0,1
8o0qyfku,34,obh2xbv7,118,trader_bridge_app,PauseTradingSession,1787760538,13,0,1
8o0qyfku,30,w7s9esrf,111,trader_bridge_app,DayBreak,1787760538,12,0,0
8o0qyfku,24,dw5igqpq,111,trader_bridge_app,DayBreak,1787760538,12,0,0
8o0qyfku,28,108ssdya,115,trader_bridge_app,ResumeTradingSession,1787760538,13,0,1
8o0qyfku,29,sgu796fi,115,trader_bridge_app,ResumeTradingSession,1787760538,13,0,1
8o0qyfku,30,w7s9esrf,115,trader_bridge_app,ResumeTradingSession,1787760538,13,0,1
8o0qyfku,25,1j25lcg3,115,trader_bridge_app,ResumeTradingSession,1787760538,13,0,1
8o0qyfku,26,icxcbb3j,115,trader_bridge_app,ResumeTradingSession,1787760538,13,0,1
8o0qyfku,27,2dz5zxb2,115,trader_bridge_app,ResumeTradingSession,1787760538,13,0,1
8o0qyfku,21,dltkzvxc,111,trader_bridge_app,DayBreak,1787760540,12,0,0
8o0qyfku,33,cxkynnyi,120,trader_bridge_app,DayBreak,1787760540,13,0,0
8o0qyfku,31,kavf29xw,120,trader_bridge_app,DayBreak,1787760541,13,0,0
8o0qyfku,19,9d6cveb5,111,trader_bridge_app,DayBreak,1787760541,12,0,0
8o0qyfku,34,obh2xbv7,120,trader_bridge_app,DayBreak,1787760541,13,0,0
8o0qyfku,32,46nfbn7d,120,trader_bridge_app,DayBreak,1787760543,13,0,0
8o0qyfku,32,46nfbn7d,124,trader_bridge_app,ResumeTradingSession,1787760544,14,0,1
8o0qyfku,33,cxkynnyi,124,trader_bridge_app,ResumeTradingSession,1787760544,14,0,1
8o0qyfku,34,obh2xbv7,124,trader_bridge_app,ResumeTradingSession,1787760544,14,0,1
8o0qyfku,31,kavf29xw,124,trader_bridge_app,ResumeTradingSession,1787760544,14,0,1
8o0qyfku,22,weju7mc9,111,trader_bridge_app,DayBreak,1787760545,12,0,0
8o0qyfku,20,6swie1ys,111,trader_bridge_app,DayBreak,1787760547,12,0,0
8o0qyfku,23,dq2m7s6u,111,trader_bridge_app,DayBreak,1787760550,12,1,0
8o0qyfku,19,9d6cveb5,115,trader_bridge_app,ResumeTradingSession,1787760551,13,0,1
8o0qyfku,20,6swie1ys,115,trader_bridge_app,ResumeTradingSession,1787760551,13,0,1
8o0qyfku,21,dltkzvxc,115,trader_bridge_app,ResumeTradingSession,1787760551,13,0,1
8o0qyfku,22,weju7mc9,115,trader_bridge_app,ResumeTradingSession,1787760551,13,0,1
8o0qyfku,23,dq2m7s6u,115,trader_bridge_app,ResumeTradingSession,1787760551,13,0,1
8o0qyfku,24,dw5igqpq,115,trader_bridge_app,ResumeTradingSession,1787760551,13,0,1
8o0qyfku,12,a9rbe355,117,trader_bridge_app,TradePage,1787760559,13,0,0
8o0qyfku,11,mrocn3qi,117,trader_bridge_app,TradePage,1787760559,13,0,0
8o0qyfku,9,01xk5dk9,117,trader_bridge_app,TradePage,1787760559,13,0,0
8o0qyfku,7,00g81xoq,117,trader_bridge_app,TradePage,1787760559,13,0,0
8o0qyfku,10,etak4i29,117,trader_bridge_app,TradePage,1787760559,13,0,0
8o0qyfku,8,3hlfki3e,117,trader_bridge_app,TradePage,1787760559,13,0,0
8o0qyfku,10,etak4i29,118,trader_bridge_app,PauseTradingSession,1787760559,13,0,1
8o0qyfku,11,mrocn3qi,118,trader_bridge_app,PauseTradingSession,1787760559,13,0,1
8o0qyfku,12,a9rbe355,118,trader_bridge_app,PauseTradingSession,1787760559,13,0,1
8o0qyfku,7,00g81xoq,118,trader_bridge_app,PauseTradingSession,1787760559,13,0,1
8o0qyfku,8,3hlfki3e,118,trader_bridge_app,PauseTradingSession,1787760559,13,0,1
8o0qyfku,9,01xk5dk9,118,trader_bridge_app,PauseTradingSession,1787760559,13,0,1
8o0qyfku,9,01xk5dk9,120,trader_bridge_app,DayBreak,1787760563,13,0,0
8o0qyfku,8,3hlfki3e,120,trader_bridge_app,DayBreak,1787760563,13,0,0
8o0qyfku,11,mrocn3qi,120,trader_bridge_app,DayBreak,1787760564,13,0,0
8o0qyfku,7,00g81xoq,120,trader_bridge_app,DayBreak,1787760564,13,0,0
8o0qyfku,10,etak4i29,120,trader_bridge_app,DayBreak,1787760565,13,0,0
8o0qyfku,5,nmgjkj32,108,trader_bridge_app,TradePage,1787760566,12,0,0
8o0qyfku,1,5ldlcszn,108,trader_bridge_app,TradePage,1787760567,12,0,0
8o0qyfku,3,zp1owmpd,108,trader_bridge_app,TradePage,1787760567,12,0,0
8o0qyfku,6,cjmxcmcd,108,trader_bridge_app,TradePage,1787760567,12,0,0
8o0qyfku,2,q5e90cmj,108,trader_bridge_app,TradePage,1787760567,12,0,0
8o0qyfku,4,yq2xbma3,108,trader_bridge_app,TradePage,1787760567,12,0,0
8o0qyfku,6,cjmxcmcd,109,trader_bridge_app,PauseTradingSession,1787760567,12,0,1
8o0qyfku,1,5ldlcszn,109,trader_bridge_app,PauseTradingSession,1787760567,12,0,1
8o0qyfku,2,q5e90cmj,109,trader_bridge_app,PauseTradingSession,1787760567,12,0,1
8o0qyfku,3,zp1owmpd,109,trader_bridge_app,PauseTradingSession,1787760567,12,0,1
8o0qyfku,4,yq2xbma3,109,trader_bridge_app,PauseTradingSession,1787760567,12,0,1
8o0qyfku,5,nmgjkj32,109,trader_bridge_app,PauseTradingSession,1787760567,12,0,1
8o0qyfku,12,a9rbe355,120,trader_bridge_app,DayBreak,1787760572,13,0,0
8o0qyfku,7,00g81xoq,124,trader_bridge_app,ResumeTradingSession,1787760573,14,0,1
8o0qyfku,8,3hlfki3e,124,trader_bridge_app,ResumeTradingSession,1787760573,14,0,1
8o0qyfku,9,01xk5dk9,124,trader_bridge_app,ResumeTradingSession,1787760573,14,0,1
8o0qyfku,10,etak4i29,124,trader_bridge_app,ResumeTradingSession,1787760573,14,0,1
8o0qyfku,11,mrocn3qi,124,trader_bridge_app,ResumeTradingSession,1787760573,14,0,1
8o0qyfku,12,a9rbe355,124,trader_bridge_app,ResumeTradingSession,1787760573,14,0,1
8o0qyfku,4,yq2xbma3,111,trader_bridge_app,DayBreak,1787760576,12,0,0
8o0qyfku,1,5ldlcszn,111,trader_bridge_app,DayBreak,1787760577,12,0,0
8o0qyfku,5,nmgjkj32,111,trader_bridge_app,DayBreak,1787760581,12,0,0
8o0qyfku,2,q5e90cmj,111,trader_bridge_app,DayBreak,1787760582,12,0,0
8o0qyfku,3,zp1owmpd,111,trader_bridge_app,DayBreak,1787760585,12,0,0
8o0qyfku,6,cjmxcmcd,111,trader_bridge_app,DayBreak,1787760588,12,0,0
8o0qyfku,5,nmgjkj32,115,trader_bridge_app,ResumeTradingSession,1787760588,13,0,1
8o0qyfku,1,5ldlcszn,115,trader_bridge_app,ResumeTradingSession,1787760588,13,0,1
8o0qyfku,2,q5e90cmj,115,trader_bridge_app,ResumeTradingSession,1787760588,13,0,1
8o0qyfku,3,zp1owmpd,115,trader_bridge_app,ResumeTradingSession,1787760588,13,0,1
8o0qyfku,4,yq2xbma3,115,trader_bridge_app,ResumeTradingSession,1787760588,13,0,1
8o0qyfku,6,cjmxcmcd,115,trader_bridge_app,ResumeTradingSession,1787760588,13,0,1
8o0qyfku,18,rdnkoe93,117,trader_bridge_app,TradePage,1787760588,13,0,0
8o0qyfku,16,3mu21szb,117,trader_bridge_app,TradePage,1787760589,13,0,0
8o0qyfku,15,8m72ygxx,117,trader_bridge_app,TradePage,1787760589,13,0,0
8o0qyfku,13,e70ixf6a,117,trader_bridge_app,TradePage,1787760589,13,0,0
8o0qyfku,14,yvu0j0px,117,trader_bridge_app,TradePage,1787760589,13,0,0
8o0qyfku,17,caoxz34q,117,trader_bridge_app,TradePage,1787760589,13,0,0
8o0qyfku,16,3mu21szb,118,trader_bridge_app,PauseTradingSession,1787760589,13,0,1
8o0qyfku,17,caoxz34q,118,trader_bridge_app,PauseTradingSession,1787760589,13,0,1
8o0qyfku,13,e70ixf6a,118,trader_bridge_app,PauseTradingSession,1787760589,13,0,1
8o0qyfku,14,yvu0j0px,118,trader_bridge_app,PauseTradingSession,1787760589,13,0,1
8o0qyfku,15,8m72ygxx,118,trader_bridge_app,PauseTradingSession,1787760589,13,0,1
8o0qyfku,18,rdnkoe93,118,trader_bridge_app,PauseTradingSession,1787760589,13,0,1
8o0qyfku,14,yvu0j0px,120,trader_bridge_app,DayBreak,1787760592,13,0,0
8o0qyfku,13,e70ixf6a,120,trader_bridge_app,DayBreak,1787760596,13,0,0
8o0qyfku,15,8m72ygxx,120,trader_bridge_app,DayBreak,1787760596,13,0,0
8o0qyfku,17,caoxz34q,120,trader_bridge_app,DayBreak,1787760596,13,0,0
8o0qyfku,18,rdnkoe93,120,trader_bridge_app,DayBreak,1787760596,13,0,0
8o0qyfku,16,3mu21szb,120,trader_bridge_app,DayBreak,1787760597,13,0,0
8o0qyfku,16,3mu21szb,124,trader_bridge_app,ResumeTradingSession,1787760597,14,0,1
8o0qyfku,13,e70ixf6a,124,trader_bridge_app,ResumeTradingSession,1787760597,14,0,1
8o0qyfku,14,yvu0j0px,124,trader_bridge_app,ResumeTradingSession,1787760597,14,0,1
8o0qyfku,15,8m72ygxx,124,trader_bridge_app,ResumeTradingSession,1787760597,14,0,1
8o0qyfku,17,caoxz34q,124,trader_bridge_app,ResumeTradingSession,1787760597,14,0,1
8o0qyfku,18,rdnkoe93,124,trader_bridge_app,ResumeTradingSession,1787760597,14,0,1
8o0qyfku,30,w7s9esrf,117,trader_bridge_app,TradePage,1787760599,13,0,0
8o0qyfku,29,sgu796fi,117,trader_bridge_app,TradePage,1787760600,13,0,0
8o0qyfku,26,icxcbb3j,117,trader_bridge_app,TradePage,1787760600,13,0,0
8o0qyfku,28,108ssdya,117,trader_bridge_app,TradePage,1787760600,13,0,0
8o0qyfku,25,1j25lcg3,117,trader_bridge_app,TradePage,1787760600,13,0,0
8o0qyfku,27,2dz5zxb2,117,trader_bridge_app,TradePage,1787760600,13,0,0
8o0qyfku,27,2dz5zxb2,118,trader_bridge_app,PauseTradingSession,1787760600,13,0,1
8o0qyfku,25,1j25lcg3,118,trader_bridge_app,PauseTradingSession,1787760600,13,0,1
8o0qyfku,26,icxcbb3j,118,trader_bridge_app,PauseTradingSession,1787760600,13,0,1
8o0qyfku,28,108ssdya,118,trader_bridge_app,PauseTradingSession,1787760600,13,0,1
8o0qyfku,29,sgu796fi,118,trader_bridge_app,PauseTradingSession,1787760600,13,0,1
8o0qyfku,30,w7s9esrf,118,trader_bridge_app,PauseTradingSession,1787760600,13,0,1
8o0qyfku,27,2dz5zxb2,120,trader_bridge_app,DayBreak,1787760603,13,0,0
8o0qyfku,30,w7s9esrf,120,trader_bridge_app,DayBreak,1787760604,13,0,0
8o0qyfku,25,1j25lcg3,120,trader_bridge_app,DayBreak,1787760604,13,0,0
8o0qyfku,29,sgu796fi,120,trader_bridge_app,DayBreak,1787760604,13,0,0
8o0qyfku,32,46nfbn7d,126,trader_bridge_app,TradePage,1787760604,14,0,0
8o0qyfku,34,obh2xbv7,126,trader_bridge_app,TradePage,1787760605,14,0,0
8o0qyfku,31,kavf29xw,126,trader_bridge_app,TradePage,1787760605,14,0,0
8o0qyfku,33,cxkynnyi,126,trader_bridge_app,TradePage,1787760605,14,0,0
8o0qyfku,31,kavf29xw,127,trader_bridge_app,PauseTradingSession,1787760605,14,0,1
8o0qyfku,32,46nfbn7d,127,trader_bridge_app,PauseTradingSession,1787760605,14,0,1
8o0qyfku,33,cxkynnyi,127,trader_bridge_app,PauseTradingSession,1787760605,14,0,1
8o0qyfku,34,obh2xbv7,127,trader_bridge_app,PauseTradingSession,1787760605,14,0,1
8o0qyfku,28,108ssdya,120,trader_bridge_app,DayBreak,1787760605,13,0,0
8o0qyfku,34,obh2xbv7,129,trader_bridge_app,DayBreak,1787760608,14,0,0
8o0qyfku,31,kavf29xw,129,trader_bridge_app,DayBreak,1787760608,14,0,0
8o0qyfku,33,cxkynnyi,129,trader_bridge_app,DayBreak,1787760609,14,0,0
8o0qyfku,32,46nfbn7d,129,trader_bridge_app,DayBreak,1787760611,14,0,0
8o0qyfku,31,kavf29xw,133,trader_bridge_app,ResumeTradingSession,1787760611,15,0,1
8o0qyfku,32,46nfbn7d,133,trader_bridge_app,ResumeTradingSession,1787760611,15,0,1
8o0qyfku,33,cxkynnyi,133,trader_bridge_app,ResumeTradingSession,1787760611,15,0,1
8o0qyfku,34,obh2xbv7,133,trader_bridge_app,ResumeTradingSession,1787760611,15,0,1
8o0qyfku,23,dq2m7s6u,117,trader_bridge_app,TradePage,1787760611,13,0,0
8o0qyfku,20,6swie1ys,117,trader_bridge_app,TradePage,1787760612,13,0,0
8o0qyfku,24,dw5igqpq,117,trader_bridge_app,TradePage,1787760612,13,0,0
8o0qyfku,19,9d6cveb5,117,trader_bridge_app,TradePage,1787760612,13,0,0
8o0qyfku,21,dltkzvxc,117,trader_bridge_app,TradePage,1787760612,13,0,0
8o0qyfku,22,weju7mc9,117,trader_bridge_app,TradePage,1787760612,13,0,0
8o0qyfku,19,9d6cveb5,118,trader_bridge_app,PauseTradingSession,1787760612,13,0,1
8o0qyfku,20,6swie1ys,118,trader_bridge_app,PauseTradingSession,1787760612,13,0,1
8o0qyfku,21,dltkzvxc,118,trader_bridge_app,PauseTradingSession,1787760612,13,0,1
8o0qyfku,22,weju7mc9,118,trader_bridge_app,PauseTradingSession,1787760612,13,0,1
8o0qyfku,23,dq2m7s6u,118,trader_bridge_app,PauseTradingSession,1787760612,13,0,1
8o0qyfku,24,dw5igqpq,118,trader_bridge_app,PauseTradingSession,1787760612,13,0,1
8o0qyfku,24,dw5igqpq,120,trader_bridge_app,DayBreak,1787760617,13,0,0
8o0qyfku,21,dltkzvxc,120,trader_bridge_app,DayBreak,1787760617,13,0,0
8o0qyfku,22,weju7mc9,120,trader_bridge_app,DayBreak,1787760617,13,0,0
8o0qyfku,20,6swie1ys,120,trader_bridge_app,DayBreak,1787760618,13,0,0
8o0qyfku,19,9d6cveb5,120,trader_bridge_app,DayBreak,1787760619,13,0,0
8o0qyfku,26,icxcbb3j,120,trader_bridge_app,DayBreak,1787760621,13,1,0
8o0qyfku,25,1j25lcg3,124,trader_bridge_app,ResumeTradingSession,1787760621,14,0,1
8o0qyfku,26,icxcbb3j,124,trader_bridge_app,ResumeTradingSession,1787760621,14,0,1
8o0qyfku,27,2dz5zxb2,124,trader_bridge_app,ResumeTradingSession,1787760621,14,0,1
8o0qyfku,28,108ssdya,124,trader_bridge_app,ResumeTradingSession,1787760621,14,0,1
8o0qyfku,29,sgu796fi,124,trader_bridge_app,ResumeTradingSession,1787760621,14,0,1
8o0qyfku,30,w7s9esrf,124,trader_bridge_app,ResumeTradingSession,1787760621,14,0,1
8o0qyfku,23,dq2m7s6u,120,trader_bridge_app,DayBreak,1787760629,13,0,0
8o0qyfku,19,9d6cveb5,124,trader_bridge_app,ResumeTradingSession,1787760630,14,0,1
8o0qyfku,20,6swie1ys,124,trader_bridge_app,ResumeTradingSession,1787760630,14,0,1
8o0qyfku,21,dltkzvxc,124,trader_bridge_app,ResumeTradingSession,1787760630,14,0,1
8o0qyfku,22,weju7mc9,124,trader_bridge_app,ResumeTradingSession,1787760630,14,0,1
8o0qyfku,23,dq2m7s6u,124,trader_bridge_app,ResumeTradingSession,1787760630,14,0,1
8o0qyfku,24,dw5igqpq,124,trader_bridge_app,ResumeTradingSession,1787760630,14,0,1
8o0qyfku,12,a9rbe355,126,trader_bridge_app,TradePage,1787760633,14,0,0
8o0qyfku,11,mrocn3qi,126,trader_bridge_app,TradePage,1787760634,14,0,0
8o0qyfku,7,00g81xoq,126,trader_bridge_app,TradePage,1787760634,14,0,0
8o0qyfku,9,01xk5dk9,126,trader_bridge_app,TradePage,1787760634,14,0,0
8o0qyfku,10,etak4i29,126,trader_bridge_app,TradePage,1787760634,14,0,0
8o0qyfku,8,3hlfki3e,126,trader_bridge_app,TradePage,1787760634,14,0,0
8o0qyfku,7,00g81xoq,127,trader_bridge_app,PauseTradingSession,1787760634,14,0,1
8o0qyfku,8,3hlfki3e,127,trader_bridge_app,PauseTradingSession,1787760634,14,0,1
8o0qyfku,9,01xk5dk9,127,trader_bridge_app,PauseTradingSession,1787760634,14,0,1
8o0qyfku,10,etak4i29,127,trader_bridge_app,PauseTradingSession,1787760634,14,0,1
8o0qyfku,11,mrocn3qi,127,trader_bridge_app,PauseTradingSession,1787760634,14,0,1
8o0qyfku,12,a9rbe355,127,trader_bridge_app,PauseTradingSession,1787760634,14,0,1
8o0qyfku,9,01xk5dk9,129,trader_bridge_app,DayBreak,1787760637,14,0,0
8o0qyfku,8,3hlfki3e,129,trader_bridge_app,DayBreak,1787760637,14,0,0
8o0qyfku,10,etak4i29,129,trader_bridge_app,DayBreak,1787760639,14,0,0
8o0qyfku,11,mrocn3qi,129,trader_bridge_app,DayBreak,1787760640,14,0,0
8o0qyfku,7,00g81xoq,129,trader_bridge_app,DayBreak,1787760643,14,0,0
8o0qyfku,6,cjmxcmcd,117,trader_bridge_app,TradePage,1787760649,13,0,0
8o0qyfku,1,5ldlcszn,117,trader_bridge_app,TradePage,1787760649,13,0,0
8o0qyfku,3,zp1owmpd,117,trader_bridge_app,TradePage,1787760650,13,0,0
8o0qyfku,2,q5e90cmj,117,trader_bridge_app,TradePage,1787760650,13,0,0
8o0qyfku,5,nmgjkj32,117,trader_bridge_app,TradePage,1787760650,13,0,0
8o0qyfku,4,yq2xbma3,117,trader_bridge_app,TradePage,1787760650,13,0,0
8o0qyfku,5,nmgjkj32,118,trader_bridge_app,PauseTradingSession,1787760650,13,0,1
8o0qyfku,1,5ldlcszn,118,trader_bridge_app,PauseTradingSession,1787760650,13,0,1
8o0qyfku,2,q5e90cmj,118,trader_bridge_app,PauseTradingSession,1787760650,13,0,1
8o0qyfku,3,zp1owmpd,118,trader_bridge_app,PauseTradingSession,1787760650,13,0,1
8o0qyfku,4,yq2xbma3,118,trader_bridge_app,PauseTradingSession,1787760650,13,0,1
8o0qyfku,6,cjmxcmcd,118,trader_bridge_app,PauseTradingSession,1787760650,13,0,1
8o0qyfku,4,yq2xbma3,120,trader_bridge_app,DayBreak,1787760654,13,0,0
8o0qyfku,3,zp1owmpd,120,trader_bridge_app,DayBreak,1787760654,13,0,0
8o0qyfku,12,a9rbe355,129,trader_bridge_app,DayBreak,1787760655,14,1,0
8o0qyfku,7,00g81xoq,133,trader_bridge_app,ResumeTradingSession,1787760655,15,0,1
8o0qyfku,8,3hlfki3e,133,trader_bridge_app,ResumeTradingSession,1787760655,15,0,1
8o0qyfku,9,01xk5dk9,133,trader_bridge_app,ResumeTradingSession,1787760655,15,0,1
8o0qyfku,10,etak4i29,133,trader_bridge_app,ResumeTradingSession,1787760655,15,0,1
8o0qyfku,11,mrocn3qi,133,trader_bridge_app,ResumeTradingSession,1787760655,15,0,1
8o0qyfku,12,a9rbe355,133,trader_bridge_app,ResumeTradingSession,1787760655,15,0,1
8o0qyfku,1,5ldlcszn,120,trader_bridge_app,DayBreak,1787760657,13,0,0
8o0qyfku,2,q5e90cmj,120,trader_bridge_app,DayBreak,1787760657,13,0,0
8o0qyfku,16,3mu21szb,126,trader_bridge_app,TradePage,1787760658,14,0,0
8o0qyfku,18,rdnkoe93,126,trader_bridge_app,TradePage,1787760658,14,0,0
8o0qyfku,17,caoxz34q,126,trader_bridge_app,TradePage,1787760658,14,0,0
8o0qyfku,13,e70ixf6a,126,trader_bridge_app,TradePage,1787760658,14,0,0
8o0qyfku,15,8m72ygxx,126,trader_bridge_app,TradePage,1787760658,14,0,0
8o0qyfku,14,yvu0j0px,126,trader_bridge_app,TradePage,1787760658,14,0,0
8o0qyfku,13,e70ixf6a,127,trader_bridge_app,PauseTradingSession,1787760659,14,0,1
8o0qyfku,14,yvu0j0px,127,trader_bridge_app,PauseTradingSession,1787760659,14,0,1
8o0qyfku,15,8m72ygxx,127,trader_bridge_app,PauseTradingSession,1787760659,14,0,1
8o0qyfku,16,3mu21szb,127,trader_bridge_app,PauseTradingSession,1787760659,14,0,1
8o0qyfku,17,caoxz34q,127,trader_bridge_app,PauseTradingSession,1787760659,14,0,1
8o0qyfku,18,rdnkoe93,127,trader_bridge_app,PauseTradingSession,1787760659,14,0,1
8o0qyfku,18,rdnkoe93,129,trader_bridge_app,DayBreak,1787760662,14,0,0
8o0qyfku,15,8m72ygxx,129,trader_bridge_app,DayBreak,1787760662,14,0,0
8o0qyfku,14,yvu0j0px,129,trader_bridge_app,DayBreak,1787760663,14,0,0
8o0qyfku,13,e70ixf6a,129,trader_bridge_app,DayBreak,1787760663,14,0,0
8o0qyfku,6,cjmxcmcd,120,trader_bridge_app,DayBreak,1787760663,13,0,0
8o0qyfku,17,caoxz34q,129,trader_bridge_app,DayBreak,1787760664,14,0,0
8o0qyfku,16,3mu21szb,129,trader_bridge_app,DayBreak,1787760668,14,0,0
8o0qyfku,14,yvu0j0px,133,trader_bridge_app,ResumeTradingSession,1787760668,15,0,1
8o0qyfku,13,e70ixf6a,133,trader_bridge_app,ResumeTradingSession,1787760668,15,0,1
8o0qyfku,15,8m72ygxx,133,trader_bridge_app,ResumeTradingSession,1787760668,15,0,1
8o0qyfku,16,3mu21szb,133,trader_bridge_app,ResumeTradingSession,1787760668,15,0,1
8o0qyfku,17,caoxz34q,133,trader_bridge_app,ResumeTradingSession,1787760668,15,0,1
8o0qyfku,18,rdnkoe93,133,trader_bridge_app,ResumeTradingSession,1787760668,15,0,1
8o0qyfku,5,nmgjkj32,120,trader_bridge_app,DayBreak,1787760671,13,1,0
8o0qyfku,1,5ldlcszn,124,trader_bridge_app,ResumeTradingSession,1787760671,14,0,1
8o0qyfku,2,q5e90cmj,124,trader_bridge_app,ResumeTradingSession,1787760671,14,0,1
8o0qyfku,3,zp1owmpd,124,trader_bridge_app,ResumeTradingSession,1787760671,14,0,1
8o0qyfku,4,yq2xbma3,124,trader_bridge_app,ResumeTradingSession,1787760671,14,0,1
8o0qyfku,5,nmgjkj32,124,trader_bridge_app,ResumeTradingSession,1787760671,14,0,1
8o0qyfku,6,cjmxcmcd,124,trader_bridge_app,ResumeTradingSession,1787760671,14,0,1
8o0qyfku,32,46nfbn7d,135,trader_bridge_app,TradePage,1787760673,15,0,0
8o0qyfku,33,cxkynnyi,135,trader_bridge_app,TradePage,1787760673,15,0,0
8o0qyfku,31,kavf29xw,135,trader_bridge_app,TradePage,1787760673,15,0,0
8o0qyfku,34,obh2xbv7,135,trader_bridge_app,TradePage,1787760673,15,0,0
8o0qyfku,31,kavf29xw,136,trader_bridge_app,PauseTradingSession,1787760674,15,0,1
8o0qyfku,32,46nfbn7d,136,trader_bridge_app,PauseTradingSession,1787760674,15,0,1
8o0qyfku,33,cxkynnyi,136,trader_bridge_app,PauseTradingSession,1787760674,15,0,1
8o0qyfku,34,obh2xbv7,136,trader_bridge_app,PauseTradingSession,1787760674,15,0,1
8o0qyfku,31,kavf29xw,138,trader_bridge_app,DayBreak,1787760681,15,0,0
8o0qyfku,33,cxkynnyi,138,trader_bridge_app,DayBreak,1787760682,15,0,0
8o0qyfku,26,icxcbb3j,126,trader_bridge_app,TradePage,1787760682,14,0,0
8o0qyfku,28,108ssdya,126,trader_bridge_app,TradePage,1787760683,14,0,0
8o0qyfku,27,2dz5zxb2,126,trader_bridge_app,TradePage,1787760683,14,0,0
8o0qyfku,29,sgu796fi,126,trader_bridge_app,TradePage,1787760683,14,0,0
8o0qyfku,30,w7s9esrf,126,trader_bridge_app,TradePage,1787760683,14,0,0
8o0qyfku,25,1j25lcg3,126,trader_bridge_app,TradePage,1787760683,14,0,0
8o0qyfku,29,sgu796fi,127,trader_bridge_app,PauseTradingSession,1787760683,14,0,1
8o0qyfku,30,w7s9esrf,127,trader_bridge_app,PauseTradingSession,1787760683,14,0,1
8o0qyfku,25,1j25lcg3,127,trader_bridge_app,PauseTradingSession,1787760683,14,0,1
8o0qyfku,26,icxcbb3j,127,trader_bridge_app,PauseTradingSession,1787760683,14,0,1
8o0qyfku,27,2dz5zxb2,127,trader_bridge_app,PauseTradingSession,1787760683,14,0,1
8o0qyfku,28,108ssdya,127,trader_bridge_app,PauseTradingSession,1787760683,14,0,1
8o0qyfku,34,obh2xbv7,138,trader_bridge_app,DayBreak,1787760685,15,0,0
8o0qyfku,27,2dz5zxb2,129,trader_bridge_app,DayBreak,1787760686,14,0,0
8o0qyfku,29,sgu796fi,129,trader_bridge_app,DayBreak,1787760686,14,0,0
8o0qyfku,30,w7s9esrf,129,trader_bridge_app,DayBreak,1787760687,14,0,0
8o0qyfku,28,108ssdya,129,trader_bridge_app,DayBreak,1787760688,14,0,0
8o0qyfku,25,1j25lcg3,129,trader_bridge_app,DayBreak,1787760689,14,0,0
8o0qyfku,23,dq2m7s6u,126,trader_bridge_app,TradePage,1787760691,14,0,0
8o0qyfku,19,9d6cveb5,126,trader_bridge_app,TradePage,1787760691,14,0,0
8o0qyfku,20,6swie1ys,126,trader_bridge_app,TradePage,1787760691,14,0,0
8o0qyfku,21,dltkzvxc,126,trader_bridge_app,TradePage,1787760691,14,0,0
8o0qyfku,24,dw5igqpq,126,trader_bridge_app,TradePage,1787760691,14,0,0
8o0qyfku,22,weju7mc9,126,trader_bridge_app,TradePage,1787760691,14,0,0
8o0qyfku,19,9d6cveb5,127,trader_bridge_app,PauseTradingSession,1787760692,14,0,1
8o0qyfku,20,6swie1ys,127,trader_bridge_app,PauseTradingSession,1787760692,14,0,1
8o0qyfku,21,dltkzvxc,127,trader_bridge_app,PauseTradingSession,1787760692,14,0,1
8o0qyfku,22,weju7mc9,127,trader_bridge_app,PauseTradingSession,1787760692,14,0,1
8o0qyfku,23,dq2m7s6u,127,trader_bridge_app,PauseTradingSession,1787760692,14,0,1
8o0qyfku,24,dw5igqpq,127,trader_bridge_app,PauseTradingSession,1787760692,14,0,1
8o0qyfku,22,weju7mc9,129,trader_bridge_app,DayBreak,1787760694,14,0,0
8o0qyfku,32,46nfbn7d,138,trader_bridge_app,DayBreak,1787760695,15,1,0
8o0qyfku,31,kavf29xw,142,trader_bridge_app,ResumeTradingSession,1787760695,16,0,1
8o0qyfku,32,46nfbn7d,142,trader_bridge_app,ResumeTradingSession,1787760695,16,0,1
8o0qyfku,33,cxkynnyi,142,trader_bridge_app,ResumeTradingSession,1787760695,16,0,1
8o0qyfku,34,obh2xbv7,142,trader_bridge_app,ResumeTradingSession,1787760695,16,0,1
8o0qyfku,24,dw5igqpq,129,trader_bridge_app,DayBreak,1787760695,14,0,0
8o0qyfku,20,6swie1ys,129,trader_bridge_app,DayBreak,1787760696,14,0,0
8o0qyfku,26,icxcbb3j,129,trader_bridge_app,DayBreak,1787760698,14,0,0
8o0qyfku,25,1j25lcg3,133,trader_bridge_app,ResumeTradingSession,1787760698,15,0,1
8o0qyfku,26,icxcbb3j,133,trader_bridge_app,ResumeTradingSession,1787760698,15,0,1
8o0qyfku,27,2dz5zxb2,133,trader_bridge_app,ResumeTradingSession,1787760698,15,0,1
8o0qyfku,28,108ssdya,133,trader_bridge_app,ResumeTradingSession,1787760698,15,0,1
8o0qyfku,29,sgu796fi,133,trader_bridge_app,ResumeTradingSession,1787760698,15,0,1
8o0qyfku,30,w7s9esrf,133,trader_bridge_app,ResumeTradingSession,1787760698,15,0,1
8o0qyfku,23,dq2m7s6u,129,trader_bridge_app,DayBreak,1787760704,14,0,0
8o0qyfku,19,9d6cveb5,129,trader_bridge_app,DayBreak,1787760707,14,0,0
8o0qyfku,21,dltkzvxc,129,trader_bridge_app,DayBreak,1787760708,14,0,0
8o0qyfku,19,9d6cveb5,133,trader_bridge_app,ResumeTradingSession,1787760708,15,0,1
8o0qyfku,20,6swie1ys,133,trader_bridge_app,ResumeTradingSession,1787760708,15,0,1
8o0qyfku,21,dltkzvxc,133,trader_bridge_app,ResumeTradingSession,1787760708,15,0,1
8o0qyfku,22,weju7mc9,133,trader_bridge_app,ResumeTradingSession,1787760708,15,0,1
8o0qyfku,23,dq2m7s6u,133,trader_bridge_app,ResumeTradingSession,1787760708,15,0,1
8o0qyfku,24,dw5igqpq,133,trader_bridge_app,ResumeTradingSession,1787760708,15,0,1
8o0qyfku,10,etak4i29,135,trader_bridge_app,TradePage,1787760716,15,0,0
8o0qyfku,12,a9rbe355,135,trader_bridge_app,TradePage,1787760716,15,0,0
8o0qyfku,11,mrocn3qi,135,trader_bridge_app,TradePage,1787760716,15,0,0
8o0qyfku,9,01xk5dk9,135,trader_bridge_app,TradePage,1787760717,15,0,0
8o0qyfku,7,00g81xoq,135,trader_bridge_app,TradePage,1787760717,15,0,0
8o0qyfku,8,3hlfki3e,135,trader_bridge_app,TradePage,1787760717,15,0,0
8o0qyfku,7,00g81xoq,136,trader_bridge_app,PauseTradingSession,1787760717,15,0,1
8o0qyfku,8,3hlfki3e,136,trader_bridge_app,PauseTradingSession,1787760717,15,0,1
8o0qyfku,9,01xk5dk9,136,trader_bridge_app,PauseTradingSession,1787760717,15,0,1
8o0qyfku,10,etak4i29,136,trader_bridge_app,PauseTradingSession,1787760717,15,0,1
8o0qyfku,11,mrocn3qi,136,trader_bridge_app,PauseTradingSession,1787760717,15,0,1
8o0qyfku,12,a9rbe355,136,trader_bridge_app,PauseTradingSession,1787760717,15,0,1
8o0qyfku,7,00g81xoq,138,trader_bridge_app,DayBreak,1787760723,15,0,0
8o0qyfku,11,mrocn3qi,138,trader_bridge_app,DayBreak,1787760725,15,0,0
8o0qyfku,8,3hlfki3e,138,trader_bridge_app,DayBreak,1787760726,15,0,0
8o0qyfku,10,etak4i29,138,trader_bridge_app,DayBreak,1787760726,15,0,0
8o0qyfku,16,3mu21szb,135,trader_bridge_app,TradePage,1787760729,15,0,0
8o0qyfku,18,rdnkoe93,135,trader_bridge_app,TradePage,1787760729,15,0,0
8o0qyfku,17,caoxz34q,135,trader_bridge_app,TradePage,1787760730,15,0,0
8o0qyfku,14,yvu0j0px,135,trader_bridge_app,TradePage,1787760730,15,0,0
8o0qyfku,13,e70ixf6a,135,trader_bridge_app,TradePage,1787760730,15,0,0
8o0qyfku,15,8m72ygxx,135,trader_bridge_app,TradePage,1787760730,15,0,0
8o0qyfku,18,rdnkoe93,136,trader_bridge_app,PauseTradingSession,1787760730,15,0,1
8o0qyfku,13,e70ixf6a,136,trader_bridge_app,PauseTradingSession,1787760730,15,0,1
8o0qyfku,14,yvu0j0px,136,trader_bridge_app,PauseTradingSession,1787760730,15,0,1
8o0qyfku,15,8m72ygxx,136,trader_bridge_app,PauseTradingSession,1787760730,15,0,1
8o0qyfku,16,3mu21szb,136,trader_bridge_app,PauseTradingSession,1787760730,15,0,1
8o0qyfku,17,caoxz34q,136,trader_bridge_app,PauseTradingSession,1787760730,15,0,1
8o0qyfku,5,nmgjkj32,126,trader_bridge_app,TradePage,1787760732,14,0,0
8o0qyfku,1,5ldlcszn,126,trader_bridge_app,TradePage,1787760733,14,0,0
8o0qyfku,2,q5e90cmj,126,trader_bridge_app,TradePage,1787760733,14,0,0
8o0qyfku,6,cjmxcmcd,126,trader_bridge_app,TradePage,1787760733,14,0,0
8o0qyfku,3,zp1owmpd,126,trader_bridge_app,TradePage,1787760733,14,0,0
8o0qyfku,4,yq2xbma3,126,trader_bridge_app,TradePage,1787760734,14,0,0
8o0qyfku,1,5ldlcszn,127,trader_bridge_app,PauseTradingSession,1787760734,14,0,1
8o0qyfku,2,q5e90cmj,127,trader_bridge_app,PauseTradingSession,1787760734,14,0,1
8o0qyfku,3,zp1owmpd,127,trader_bridge_app,PauseTradingSession,1787760734,14,0,1
8o0qyfku,4,yq2xbma3,127,trader_bridge_app,PauseTradingSession,1787760734,14,0,1
8o0qyfku,5,nmgjkj32,127,trader_bridge_app,PauseTradingSession,1787760734,14,0,1
8o0qyfku,6,cjmxcmcd,127,trader_bridge_app,PauseTradingSession,1787760734,14,0,1
8o0qyfku,12,a9rbe355,138,trader_bridge_app,DayBreak,1787760734,15,0,0
8o0qyfku,9,01xk5dk9,138,trader_bridge_app,DayBreak,1787760735,15,0,0
8o0qyfku,7,00g81xoq,142,trader_bridge_app,ResumeTradingSession,1787760735,16,0,1
8o0qyfku,8,3hlfki3e,142,trader_bridge_app,ResumeTradingSession,1787760735,16,0,1
8o0qyfku,9,01xk5dk9,142,trader_bridge_app,ResumeTradingSession,1787760735,16,0,1
8o0qyfku,10,etak4i29,142,trader_bridge_app,ResumeTradingSession,1787760735,16,0,1
8o0qyfku,11,mrocn3qi,142,trader_bridge_app,ResumeTradingSession,1787760735,16,0,1
8o0qyfku,12,a9rbe355,142,trader_bridge_app,ResumeTradingSession,1787760735,16,0,1
8o0qyfku,15,8m72ygxx,138,trader_bridge_app,DayBreak,1787760736,15,0,0
8o0qyfku,13,e70ixf6a,138,trader_bridge_app,DayBreak,1787760738,15,0,0
8o0qyfku,14,yvu0j0px,138,trader_bridge_app,DayBreak,1787760740,15,0,0
8o0qyfku,1,5ldlcszn,129,trader_bridge_app,DayBreak,1787760740,14,0,0
8o0qyfku,3,zp1owmpd,129,trader_bridge_app,DayBreak,1787760740,14,0,0
8o0qyfku,4,yq2xbma3,129,trader_bridge_app,DayBreak,1787760741,14,0,0
8o0qyfku,16,3mu21szb,138,trader_bridge_app,DayBreak,1787760741,15,0,0
8o0qyfku,2,q5e90cmj,129,trader_bridge_app,DayBreak,1787760741,14,0,0
8o0qyfku,6,cjmxcmcd,129,trader_bridge_app,DayBreak,1787760742,14,0,0
8o0qyfku,18,rdnkoe93,138,trader_bridge_app,DayBreak,1787760743,15,0,0
8o0qyfku,17,caoxz34q,138,trader_bridge_app,DayBreak,1787760745,15,0,0
8o0qyfku,16,3mu21szb,142,trader_bridge_app,ResumeTradingSession,1787760746,16,0,1
8o0qyfku,17,caoxz34q,142,trader_bridge_app,ResumeTradingSession,1787760746,16,0,1
8o0qyfku,18,rdnkoe93,142,trader_bridge_app,ResumeTradingSession,1787760746,16,0,1
8o0qyfku,13,e70ixf6a,142,trader_bridge_app,ResumeTradingSession,1787760746,16,0,1
8o0qyfku,14,yvu0j0px,142,trader_bridge_app,ResumeTradingSession,1787760746,16,0,1
8o0qyfku,15,8m72ygxx,142,trader_bridge_app,ResumeTradingSession,1787760746,16,0,1
8o0qyfku,5,nmgjkj32,129,trader_bridge_app,DayBreak,1787760756,14,1,0
8o0qyfku,32,46nfbn7d,144,trader_bridge_app,TradePage,1787760756,16,0,0
8o0qyfku,1,5ldlcszn,133,trader_bridge_app,ResumeTradingSession,1787760756,15,0,1
8o0qyfku,2,q5e90cmj,133,trader_bridge_app,ResumeTradingSession,1787760756,15,0,1
8o0qyfku,3,zp1owmpd,133,trader_bridge_app,ResumeTradingSession,1787760756,15,0,1
8o0qyfku,4,yq2xbma3,133,trader_bridge_app,ResumeTradingSession,1787760756,15,0,1
8o0qyfku,5,nmgjkj32,133,trader_bridge_app,ResumeTradingSession,1787760756,15,0,1
8o0qyfku,6,cjmxcmcd,133,trader_bridge_app,ResumeTradingSession,1787760756,15,0,1
8o0qyfku,31,kavf29xw,144,trader_bridge_app,TradePage,1787760756,16,0,0
8o0qyfku,33,cxkynnyi,144,trader_bridge_app,TradePage,1787760756,16,0,0
8o0qyfku,34,obh2xbv7,144,trader_bridge_app,TradePage,1787760757,16,0,0
8o0qyfku,31,kavf29xw,145,trader_bridge_app,PauseTradingSession,1787760757,16,0,1
8o0qyfku,32,46nfbn7d,145,trader_bridge_app,PauseTradingSession,1787760757,16,0,1
8o0qyfku,33,cxkynnyi,145,trader_bridge_app,PauseTradingSession,1787760757,16,0,1
8o0qyfku,34,obh2xbv7,145,trader_bridge_app,PauseTradingSession,1787760757,16,0,1
8o0qyfku,26,icxcbb3j,135,trader_bridge_app,TradePage,1787760759,15,0,0
8o0qyfku,28,108ssdya,135,trader_bridge_app,TradePage,1787760759,15,0,0
8o0qyfku,25,1j25lcg3,135,trader_bridge_app,TradePage,1787760759,15,0,0
8o0qyfku,30,w7s9esrf,135,trader_bridge_app,TradePage,1787760760,15,0,0
8o0qyfku,29,sgu796fi,135,trader_bridge_app,TradePage,1787760760,15,0,0
8o0qyfku,27,2dz5zxb2,135,trader_bridge_app,TradePage,1787760760,15,0,0
8o0qyfku,25,1j25lcg3,136,trader_bridge_app,PauseTradingSession,1787760760,15,0,1
8o0qyfku,26,icxcbb3j,136,trader_bridge_app,PauseTradingSession,1787760760,15,0,1
8o0qyfku,27,2dz5zxb2,136,trader_bridge_app,PauseTradingSession,1787760760,15,0,1
8o0qyfku,28,108ssdya,136,trader_bridge_app,PauseTradingSession,1787760760,15,0,1
8o0qyfku,29,sgu796fi,136,trader_bridge_app,PauseTradingSession,1787760760,15,0,1
8o0qyfku,30,w7s9esrf,136,trader_bridge_app,PauseTradingSession,1787760760,15,0,1
8o0qyfku,33,cxkynnyi,147,trader_bridge_app,DayBreak,1787760760,16,0,0
8o0qyfku,34,obh2xbv7,147,trader_bridge_app,DayBreak,1787760761,16,0,0
8o0qyfku,31,kavf29xw,147,trader_bridge_app,DayBreak,1787760761,16,0,0
8o0qyfku,32,46nfbn7d,147,trader_bridge_app,DayBreak,1787760764,16,0,0
8o0qyfku,31,kavf29xw,151,trader_bridge_app,ResumeTradingSession,1787760764,17,0,1
8o0qyfku,32,46nfbn7d,151,trader_bridge_app,ResumeTradingSession,1787760764,17,0,1
8o0qyfku,33,cxkynnyi,151,trader_bridge_app,ResumeTradingSession,1787760764,17,0,1
8o0qyfku,34,obh2xbv7,151,trader_bridge_app,ResumeTradingSession,1787760764,17,0,1
8o0qyfku,27,2dz5zxb2,138,trader_bridge_app,DayBreak,1787760767,15,0,0
8o0qyfku,21,dltkzvxc,135,trader_bridge_app,TradePage,1787760769,15,0,0
8o0qyfku,20,6swie1ys,135,trader_bridge_app,TradePage,1787760769,15,0,0
8o0qyfku,23,dq2m7s6u,135,trader_bridge_app,TradePage,1787760769,15,0,0
8o0qyfku,19,9d6cveb5,135,trader_bridge_app,TradePage,1787760769,15,0,0
8o0qyfku,24,dw5igqpq,135,trader_bridge_app,TradePage,1787760769,15,0,0
8o0qyfku,22,weju7mc9,135,trader_bridge_app,TradePage,1787760770,15,0,0
8o0qyfku,23,dq2m7s6u,136,trader_bridge_app,PauseTradingSession,1787760770,15,0,1
8o0qyfku,19,9d6cveb5,136,trader_bridge_app,PauseTradingSession,1787760770,15,0,1
8o0qyfku,20,6swie1ys,136,trader_bridge_app,PauseTradingSession,1787760770,15,0,1
8o0qyfku,21,dltkzvxc,136,trader_bridge_app,PauseTradingSession,1787760770,15,0,1
8o0qyfku,22,weju7mc9,136,trader_bridge_app,PauseTradingSession,1787760770,15,0,1
8o0qyfku,24,dw5igqpq,136,trader_bridge_app,PauseTradingSession,1787760770,15,0,1
8o0qyfku,25,1j25lcg3,138,trader_bridge_app,DayBreak,1787760770,15,0,0
8o0qyfku,26,icxcbb3j,138,trader_bridge_app,DayBreak,1787760771,15,0,0
8o0qyfku,29,sgu796fi,138,trader_bridge_app,DayBreak,1787760771,15,0,0
8o0qyfku,28,108ssdya,138,trader_bridge_app,DayBreak,1787760773,15,0,0
8o0qyfku,30,w7s9esrf,138,trader_bridge_app,DayBreak,1787760777,15,0,0
8o0qyfku,25,1j25lcg3,142,trader_bridge_app,ResumeTradingSession,1787760777,16,0,1
8o0qyfku,26,icxcbb3j,142,trader_bridge_app,ResumeTradingSession,1787760777,16,0,1
8o0qyfku,27,2dz5zxb2,142,trader_bridge_app,ResumeTradingSession,1787760777,16,0,1
8o0qyfku,28,108ssdya,142,trader_bridge_app,ResumeTradingSession,1787760777,16,0,1
8o0qyfku,29,sgu796fi,142,trader_bridge_app,ResumeTradingSession,1787760777,16,0,1
8o0qyfku,30,w7s9esrf,142,trader_bridge_app,ResumeTradingSession,1787760777,16,0,1
8o0qyfku,24,dw5igqpq,138,trader_bridge_app,DayBreak,1787760778,15,0,0
8o0qyfku,21,dltkzvxc,138,trader_bridge_app,DayBreak,1787760780,15,0,0
8o0qyfku,20,6swie1ys,138,trader_bridge_app,DayBreak,1787760780,15,0,0
8o0qyfku,19,9d6cveb5,138,trader_bridge_app,DayBreak,1787760788,15,0,0
8o0qyfku,22,weju7mc9,138,trader_bridge_app,DayBreak,1787760789,15,0,0
8o0qyfku,23,dq2m7s6u,138,trader_bridge_app,DayBreak,1787760789,15,0,0
8o0qyfku,21,dltkzvxc,142,trader_bridge_app,ResumeTradingSession,1787760789,16,0,1
8o0qyfku,19,9d6cveb5,142,trader_bridge_app,ResumeTradingSession,1787760789,16,0,1
8o0qyfku,20,6swie1ys,142,trader_bridge_app,ResumeTradingSession,1787760789,16,0,1
8o0qyfku,22,weju7mc9,142,trader_bridge_app,ResumeTradingSession,1787760789,16,0,1
8o0qyfku,23,dq2m7s6u,142,trader_bridge_app,ResumeTradingSession,1787760789,16,0,1
8o0qyfku,24,dw5igqpq,142,trader_bridge_app,ResumeTradingSession,1787760789,16,0,1
8o0qyfku,12,a9rbe355,144,trader_bridge_app,TradePage,1787760796,16,0,0
8o0qyfku,9,01xk5dk9,144,trader_bridge_app,TradePage,1787760796,16,0,0
8o0qyfku,11,mrocn3qi,144,trader_bridge_app,TradePage,1787760796,16,0,0
8o0qyfku,7,00g81xoq,144,trader_bridge_app,TradePage,1787760797,16,0,0
8o0qyfku,10,etak4i29,144,trader_bridge_app,TradePage,1787760797,16,0,0
8o0qyfku,8,3hlfki3e,144,trader_bridge_app,TradePage,1787760797,16,0,0
8o0qyfku,7,00g81xoq,145,trader_bridge_app,PauseTradingSession,1787760797,16,0,1
8o0qyfku,8,3hlfki3e,145,trader_bridge_app,PauseTradingSession,1787760797,16,0,1
8o0qyfku,9,01xk5dk9,145,trader_bridge_app,PauseTradingSession,1787760797,16,0,1
8o0qyfku,10,etak4i29,145,trader_bridge_app,PauseTradingSession,1787760797,16,0,1
8o0qyfku,11,mrocn3qi,145,trader_bridge_app,PauseTradingSession,1787760797,16,0,1
8o0qyfku,12,a9rbe355,145,trader_bridge_app,PauseTradingSession,1787760797,16,0,1
8o0qyfku,9,01xk5dk9,147,trader_bridge_app,DayBreak,1787760800,16,0,0
8o0qyfku,10,etak4i29,147,trader_bridge_app,DayBreak,1787760801,16,0,0
8o0qyfku,8,3hlfki3e,147,trader_bridge_app,DayBreak,1787760801,16,0,0
8o0qyfku,11,mrocn3qi,147,trader_bridge_app,DayBreak,1787760803,16,0,0
8o0qyfku,7,00g81xoq,147,trader_bridge_app,DayBreak,1787760805,16,0,0
8o0qyfku,17,caoxz34q,144,trader_bridge_app,TradePage,1787760807,16,0,0
8o0qyfku,15,8m72ygxx,144,trader_bridge_app,TradePage,1787760807,16,0,0
8o0qyfku,16,3mu21szb,144,trader_bridge_app,TradePage,1787760807,16,0,0
8o0qyfku,18,rdnkoe93,144,trader_bridge_app,TradePage,1787760807,16,0,0
8o0qyfku,13,e70ixf6a,144,trader_bridge_app,TradePage,1787760807,16,0,0
8o0qyfku,14,yvu0j0px,144,trader_bridge_app,TradePage,1787760807,16,0,0
8o0qyfku,13,e70ixf6a,145,trader_bridge_app,PauseTradingSession,1787760807,16,0,1
8o0qyfku,14,yvu0j0px,145,trader_bridge_app,PauseTradingSession,1787760807,16,0,1
8o0qyfku,15,8m72ygxx,145,trader_bridge_app,PauseTradingSession,1787760807,16,0,1
8o0qyfku,16,3mu21szb,145,trader_bridge_app,PauseTradingSession,1787760807,16,0,1
8o0qyfku,17,caoxz34q,145,trader_bridge_app,PauseTradingSession,1787760807,16,0,1
8o0qyfku,18,rdnkoe93,145,trader_bridge_app,PauseTradingSession,1787760807,16,0,1
8o0qyfku,12,a9rbe355,147,trader_bridge_app,DayBreak,1787760810,16,0,0
8o0qyfku,7,00g81xoq,151,trader_bridge_app,ResumeTradingSession,1787760810,17,0,1
8o0qyfku,8,3hlfki3e,151,trader_bridge_app,ResumeTradingSession,1787760810,17,0,1
8o0qyfku,9,01xk5dk9,151,trader_bridge_app,ResumeTradingSession,1787760810,17,0,1
8o0qyfku,10,etak4i29,151,trader_bridge_app,ResumeTradingSession,1787760810,17,0,1
8o0qyfku,11,mrocn3qi,151,trader_bridge_app,ResumeTradingSession,1787760810,17,0,1
8o0qyfku,12,a9rbe355,151,trader_bridge_app,ResumeTradingSession,1787760810,17,0,1
8o0qyfku,13,e70ixf6a,147,trader_bridge_app,DayBreak,1787760811,16,0,0
8o0qyfku,17,caoxz34q,147,trader_bridge_app,DayBreak,1787760811,16,0,0
8o0qyfku,16,3mu21szb,147,trader_bridge_app,DayBreak,1787760812,16,0,0
8o0qyfku,15,8m72ygxx,147,trader_bridge_app,DayBreak,1787760813,16,0,0
8o0qyfku,14,yvu0j0px,147,trader_bridge_app,DayBreak,1787760813,16,0,0
8o0qyfku,18,rdnkoe93,147,trader_bridge_app,DayBreak,1787760816,16,0,0
8o0qyfku,13,e70ixf6a,151,trader_bridge_app,ResumeTradingSession,1787760816,17,0,1
8o0qyfku,14,yvu0j0px,151,trader_bridge_app,ResumeTradingSession,1787760816,17,0,1
8o0qyfku,15,8m72ygxx,151,trader_bridge_app,ResumeTradingSession,1787760816,17,0,1
8o0qyfku,16,3mu21szb,151,trader_bridge_app,ResumeTradingSession,1787760816,17,0,1
8o0qyfku,17,caoxz34q,151,trader_bridge_app,ResumeTradingSession,1787760816,17,0,1
8o0qyfku,18,rdnkoe93,151,trader_bridge_app,ResumeTradingSession,1787760816,17,0,1
8o0qyfku,5,nmgjkj32,135,trader_bridge_app,TradePage,1787760817,15,0,0
8o0qyfku,2,q5e90cmj,135,trader_bridge_app,TradePage,1787760817,15,0,0
8o0qyfku,3,zp1owmpd,135,trader_bridge_app,TradePage,1787760817,15,0,0
8o0qyfku,6,cjmxcmcd,135,trader_bridge_app,TradePage,1787760818,15,0,0
8o0qyfku,4,yq2xbma3,135,trader_bridge_app,TradePage,1787760818,15,0,0
8o0qyfku,1,5ldlcszn,135,trader_bridge_app,TradePage,1787760818,15,0,0
8o0qyfku,6,cjmxcmcd,136,trader_bridge_app,PauseTradingSession,1787760818,15,0,1
8o0qyfku,1,5ldlcszn,136,trader_bridge_app,PauseTradingSession,1787760818,15,0,1
8o0qyfku,2,q5e90cmj,136,trader_bridge_app,PauseTradingSession,1787760818,15,0,1
8o0qyfku,3,zp1owmpd,136,trader_bridge_app,PauseTradingSession,1787760818,15,0,1
8o0qyfku,4,yq2xbma3,136,trader_bridge_app,PauseTradingSession,1787760818,15,0,1
8o0qyfku,5,nmgjkj32,136,trader_bridge_app,PauseTradingSession,1787760818,15,0,1
8o0qyfku,32,46nfbn7d,153,trader_bridge_app,TradePage,1787760825,17,0,0
8o0qyfku,31,kavf29xw,153,trader_bridge_app,TradePage,1787760825,17,0,0
8o0qyfku,33,cxkynnyi,153,trader_bridge_app,TradePage,1787760826,17,0,0
8o0qyfku,34,obh2xbv7,153,trader_bridge_app,TradePage,1787760827,17,0,0
8o0qyfku,31,kavf29xw,154,trader_bridge_app,PauseTradingSession,1787760827,17,0,1
8o0qyfku,32,46nfbn7d,154,trader_bridge_app,PauseTradingSession,1787760827,17,0,1
8o0qyfku,33,cxkynnyi,154,trader_bridge_app,PauseTradingSession,1787760827,17,0,1
8o0qyfku,34,obh2xbv7,154,trader_bridge_app,PauseTradingSession,1787760827,17,0,1
8o0qyfku,4,yq2xbma3,138,trader_bridge_app,DayBreak,1787760828,15,0,0
8o0qyfku,3,zp1owmpd,138,trader_bridge_app,DayBreak,1787760828,15,0,0
8o0qyfku,34,obh2xbv7,156,trader_bridge_app,DayBreak,1787760830,17,0,0
8o0qyfku,31,kavf29xw,156,trader_bridge_app,DayBreak,1787760830,17,0,0
8o0qyfku,33,cxkynnyi,156,trader_bridge_app,DayBreak,1787760830,17,0,0
8o0qyfku,32,46nfbn7d,156,trader_bridge_app,DayBreak,1787760832,17,0,0
8o0qyfku,31,kavf29xw,160,trader_bridge_app,ResumeTradingSession,1787760832,18,0,1
8o0qyfku,32,46nfbn7d,160,trader_bridge_app,ResumeTradingSession,1787760832,18,0,1
8o0qyfku,33,cxkynnyi,160,trader_bridge_app,ResumeTradingSession,1787760832,18,0,1
8o0qyfku,34,obh2xbv7,160,trader_bridge_app,ResumeTradingSession,1787760832,18,0,1
8o0qyfku,1,5ldlcszn,138,trader_bridge_app,DayBreak,1787760834,15,0,0
8o0qyfku,5,nmgjkj32,138,trader_bridge_app,DayBreak,1787760835,15,0,0
8o0qyfku,2,q5e90cmj,138,trader_bridge_app,DayBreak,1787760835,15,0,0
8o0qyfku,6,cjmxcmcd,138,trader_bridge_app,DayBreak,1787760836,15,0,0
8o0qyfku,1,5ldlcszn,142,trader_bridge_app,ResumeTradingSession,1787760837,16,0,1
8o0qyfku,2,q5e90cmj,142,trader_bridge_app,ResumeTradingSession,1787760837,16,0,1
8o0qyfku,3,zp1owmpd,142,trader_bridge_app,ResumeTradingSession,1787760837,16,0,1
8o0qyfku,4,yq2xbma3,142,trader_bridge_app,ResumeTradingSession,1787760837,16,0,1
8o0qyfku,5,nmgjkj32,142,trader_bridge_app,ResumeTradingSession,1787760837,16,0,1
8o0qyfku,6,cjmxcmcd,142,trader_bridge_app,ResumeTradingSession,1787760837,16,0,1
8o0qyfku,25,1j25lcg3,144,trader_bridge_app,TradePage,1787760839,16,0,0
8o0qyfku,30,w7s9esrf,144,trader_bridge_app,TradePage,1787760839,16,0,0
8o0qyfku,29,sgu796fi,144,trader_bridge_app,TradePage,1787760839,16,0,0
8o0qyfku,28,108ssdya,144,trader_bridge_app,TradePage,1787760839,16,0,0
8o0qyfku,26,icxcbb3j,144,trader_bridge_app,TradePage,1787760839,16,0,0
8o0qyfku,27,2dz5zxb2,144,trader_bridge_app,TradePage,1787760839,16,0,0
8o0qyfku,25,1j25lcg3,145,trader_bridge_app,PauseTradingSession,1787760839,16,0,1
8o0qyfku,26,icxcbb3j,145,trader_bridge_app,PauseTradingSession,1787760839,16,0,1
8o0qyfku,27,2dz5zxb2,145,trader_bridge_app,PauseTradingSession,1787760839,16,0,1
8o0qyfku,28,108ssdya,145,trader_bridge_app,PauseTradingSession,1787760839,16,0,1
8o0qyfku,29,sgu796fi,145,trader_bridge_app,PauseTradingSession,1787760839,16,0,1
8o0qyfku,30,w7s9esrf,145,trader_bridge_app,PauseTradingSession,1787760839,16,0,1
8o0qyfku,27,2dz5zxb2,147,trader_bridge_app,DayBreak,1787760842,16,0,0
8o0qyfku,25,1j25lcg3,147,trader_bridge_app,DayBreak,1787760844,16,0,0
8o0qyfku,30,w7s9esrf,147,trader_bridge_app,DayBreak,1787760844,16,0,0
8o0qyfku,29,sgu796fi,147,trader_bridge_app,DayBreak,1787760845,16,0,0
8o0qyfku,28,108ssdya,147,trader_bridge_app,DayBreak,1787760848,16,0,0
8o0qyfku,26,icxcbb3j,147,trader_bridge_app,DayBreak,1787760848,16,0,0
8o0qyfku,26,icxcbb3j,151,trader_bridge_app,ResumeTradingSession,1787760848,17,0,1
8o0qyfku,27,2dz5zxb2,151,trader_bridge_app,ResumeTradingSession,1787760848,17,0,1
8o0qyfku,28,108ssdya,151,trader_bridge_app,ResumeTradingSession,1787760848,17,0,1
8o0qyfku,29,sgu796fi,151,trader_bridge_app,ResumeTradingSession,1787760848,17,0,1
8o0qyfku,30,w7s9esrf,151,trader_bridge_app,ResumeTradingSession,1787760848,17,0,1
8o0qyfku,25,1j25lcg3,151,trader_bridge_app,ResumeTradingSession,1787760848,17,0,1
8o0qyfku,22,weju7mc9,144,trader_bridge_app,TradePage,1787760850,16,0,0
8o0qyfku,23,dq2m7s6u,144,trader_bridge_app,TradePage,1787760850,16,0,0
8o0qyfku,21,dltkzvxc,144,trader_bridge_app,TradePage,1787760850,16,0,0
8o0qyfku,19,9d6cveb5,144,trader_bridge_app,TradePage,1787760851,16,0,0
8o0qyfku,24,dw5igqpq,144,trader_bridge_app,TradePage,1787760851,16,0,0
8o0qyfku,20,6swie1ys,144,trader_bridge_app,TradePage,1787760851,16,0,0
8o0qyfku,19,9d6cveb5,145,trader_bridge_app,PauseTradingSession,1787760851,16,0,1
8o0qyfku,20,6swie1ys,145,trader_bridge_app,PauseTradingSession,1787760851,16,0,1
8o0qyfku,21,dltkzvxc,145,trader_bridge_app,PauseTradingSession,1787760851,16,0,1
8o0qyfku,22,weju7mc9,145,trader_bridge_app,PauseTradingSession,1787760851,16,0,1
8o0qyfku,23,dq2m7s6u,145,trader_bridge_app,PauseTradingSession,1787760851,16,0,1
8o0qyfku,24,dw5igqpq,145,trader_bridge_app,PauseTradingSession,1787760851,16,0,1
8o0qyfku,20,6swie1ys,147,trader_bridge_app,DayBreak,1787760855,16,0,0
8o0qyfku,24,dw5igqpq,147,trader_bridge_app,DayBreak,1787760855,16,0,0
8o0qyfku,21,dltkzvxc,147,trader_bridge_app,DayBreak,1787760857,16,0,0
8o0qyfku,22,weju7mc9,147,trader_bridge_app,DayBreak,1787760858,16,0,0
8o0qyfku,19,9d6cveb5,147,trader_bridge_app,DayBreak,1787760859,16,0,0
8o0qyfku,23,dq2m7s6u,147,trader_bridge_app,DayBreak,1787760869,16,0,0
8o0qyfku,20,6swie1ys,151,trader_bridge_app,ResumeTradingSession,1787760869,17,0,1
8o0qyfku,19,9d6cveb5,151,trader_bridge_app,ResumeTradingSession,1787760869,17,0,1
8o0qyfku,21,dltkzvxc,151,trader_bridge_app,ResumeTradingSession,1787760869,17,0,1
8o0qyfku,22,weju7mc9,151,trader_bridge_app,ResumeTradingSession,1787760869,17,0,1
8o0qyfku,23,dq2m7s6u,151,trader_bridge_app,ResumeTradingSession,1787760869,17,0,1
8o0qyfku,24,dw5igqpq,151,trader_bridge_app,ResumeTradingSession,1787760869,17,0,1
8o0qyfku,12,a9rbe355,153,trader_bridge_app,TradePage,1787760871,17,0,0
8o0qyfku,7,00g81xoq,153,trader_bridge_app,TradePage,1787760871,17,0,0
8o0qyfku,8,3hlfki3e,153,trader_bridge_app,TradePage,1787760871,17,0,0
8o0qyfku,9,01xk5dk9,153,trader_bridge_app,TradePage,1787760871,17,0,0
8o0qyfku,10,etak4i29,153,trader_bridge_app,TradePage,1787760871,17,0,0
8o0qyfku,11,mrocn3qi,153,trader_bridge_app,TradePage,1787760871,17,0,0
8o0qyfku,7,00g81xoq,154,trader_bridge_app,PauseTradingSession,1787760872,17,0,1
8o0qyfku,8,3hlfki3e,154,trader_bridge_app,PauseTradingSession,1787760872,17,0,1
8o0qyfku,9,01xk5dk9,154,trader_bridge_app,PauseTradingSession,1787760872,17,0,1
8o0qyfku,10,etak4i29,154,trader_bridge_app,PauseTradingSession,1787760872,17,0,1
8o0qyfku,11,mrocn3qi,154,trader_bridge_app,PauseTradingSession,1787760872,17,0,1
8o0qyfku,12,a9rbe355,154,trader_bridge_app,PauseTradingSession,1787760872,17,0,1
8o0qyfku,11,mrocn3qi,156,trader_bridge_app,DayBreak,1787760874,17,0,0
8o0qyfku,9,01xk5dk9,156,trader_bridge_app,DayBreak,1787760875,17,0,0
8o0qyfku,18,rdnkoe93,153,trader_bridge_app,TradePage,1787760877,17,0,0
8o0qyfku,8,3hlfki3e,156,trader_bridge_app,DayBreak,1787760877,17,0,0
8o0qyfku,16,3mu21szb,153,trader_bridge_app,TradePage,1787760877,17,0,0
8o0qyfku,14,yvu0j0px,153,trader_bridge_app,TradePage,1787760877,17,0,0
8o0qyfku,17,caoxz34q,153,trader_bridge_app,TradePage,1787760878,17,0,0
8o0qyfku,15,8m72ygxx,153,trader_bridge_app,TradePage,1787760878,17,0,0
8o0qyfku,13,e70ixf6a,153,trader_bridge_app,TradePage,1787760878,17,0,0
8o0qyfku,13,e70ixf6a,154,trader_bridge_app,PauseTradingSession,1787760878,17,0,1
8o0qyfku,14,yvu0j0px,154,trader_bridge_app,PauseTradingSession,1787760878,17,0,1
8o0qyfku,15,8m72ygxx,154,trader_bridge_app,PauseTradingSession,1787760878,17,0,1
8o0qyfku,16,3mu21szb,154,trader_bridge_app,PauseTradingSession,1787760878,17,0,1
8o0qyfku,17,caoxz34q,154,trader_bridge_app,PauseTradingSession,1787760878,17,0,1
8o0qyfku,18,rdnkoe93,154,trader_bridge_app,PauseTradingSession,1787760878,17,0,1
8o0qyfku,10,etak4i29,156,trader_bridge_app,DayBreak,1787760881,17,0,0
8o0qyfku,12,a9rbe355,156,trader_bridge_app,DayBreak,1787760881,17,0,0
8o0qyfku,17,caoxz34q,156,trader_bridge_app,DayBreak,1787760882,17,0,0
8o0qyfku,16,3mu21szb,156,trader_bridge_app,DayBreak,1787760882,17,0,0
8o0qyfku,15,8m72ygxx,156,trader_bridge_app,DayBreak,1787760883,17,0,0
8o0qyfku,18,rdnkoe93,156,trader_bridge_app,DayBreak,1787760883,17,0,0
8o0qyfku,13,e70ixf6a,156,trader_bridge_app,DayBreak,1787760883,17,0,0
8o0qyfku,14,yvu0j0px,156,trader_bridge_app,DayBreak,1787760885,17,0,0
8o0qyfku,13,e70ixf6a,160,trader_bridge_app,ResumeTradingSession,1787760885,18,0,1
8o0qyfku,14,yvu0j0px,160,trader_bridge_app,ResumeTradingSession,1787760885,18,0,1
8o0qyfku,15,8m72ygxx,160,trader_bridge_app,ResumeTradingSession,1787760885,18,0,1
8o0qyfku,16,3mu21szb,160,trader_bridge_app,ResumeTradingSession,1787760885,18,0,1
8o0qyfku,17,caoxz34q,160,trader_bridge_app,ResumeTradingSession,1787760885,18,0,1
8o0qyfku,18,rdnkoe93,160,trader_bridge_app,ResumeTradingSession,1787760885,18,0,1
8o0qyfku,7,00g81xoq,156,trader_bridge_app,DayBreak,1787760893,17,1,0
8o0qyfku,7,00g81xoq,160,trader_bridge_app,ResumeTradingSession,1787760893,18,0,1
8o0qyfku,8,3hlfki3e,160,trader_bridge_app,ResumeTradingSession,1787760893,18,0,1
8o0qyfku,9,01xk5dk9,160,trader_bridge_app,ResumeTradingSession,1787760893,18,0,1
8o0qyfku,10,etak4i29,160,trader_bridge_app,ResumeTradingSession,1787760893,18,0,1
8o0qyfku,11,mrocn3qi,160,trader_bridge_app,ResumeTradingSession,1787760893,18,0,1
8o0qyfku,12,a9rbe355,160,trader_bridge_app,ResumeTradingSession,1787760893,18,0,1
8o0qyfku,32,46nfbn7d,162,trader_bridge_app,TradePage,1787760893,18,0,0
8o0qyfku,31,kavf29xw,162,trader_bridge_app,TradePage,1787760893,18,0,0
8o0qyfku,33,cxkynnyi,162,trader_bridge_app,TradePage,1787760894,18,0,0
8o0qyfku,34,obh2xbv7,162,trader_bridge_app,TradePage,1787760894,18,0,0
8o0qyfku,31,kavf29xw,164,trader_bridge_app,FinalizeTradingSession,1787760894,18,0,1
8o0qyfku,32,46nfbn7d,164,trader_bridge_app,FinalizeTradingSession,1787760894,18,0,1
8o0qyfku,33,cxkynnyi,164,trader_bridge_app,FinalizeTradingSession,1787760894,18,0,1
8o0qyfku,34,obh2xbv7,164,trader_bridge_app,FinalizeTradingSession,1787760894,18,0,1
8o0qyfku,33,cxkynnyi,165,trader_bridge_app,DayBreak,1787760897,18,0,0
8o0qyfku,6,cjmxcmcd,144,trader_bridge_app,TradePage,1787760898,16,0,0
8o0qyfku,1,5ldlcszn,144,trader_bridge_app,TradePage,1787760898,16,0,0
8o0qyfku,5,nmgjkj32,144,trader_bridge_app,TradePage,1787760898,16,0,0
8o0qyfku,2,q5e90cmj,144,trader_bridge_app,TradePage,1787760898,16,0,0
8o0qyfku,3,zp1owmpd,144,trader_bridge_app,TradePage,1787760898,16,0,0
8o0qyfku,4,yq2xbma3,144,trader_bridge_app,TradePage,1787760898,16,0,0
8o0qyfku,1,5ldlcszn,145,trader_bridge_app,PauseTradingSession,1787760898,16,0,1
8o0qyfku,2,q5e90cmj,145,trader_bridge_app,PauseTradingSession,1787760898,16,0,1
8o0qyfku,3,zp1owmpd,145,trader_bridge_app,PauseTradingSession,1787760898,16,0,1
8o0qyfku,4,yq2xbma3,145,trader_bridge_app,PauseTradingSession,1787760898,16,0,1
8o0qyfku,5,nmgjkj32,145,trader_bridge_app,PauseTradingSession,1787760898,16,0,1
8o0qyfku,6,cjmxcmcd,145,trader_bridge_app,PauseTradingSession,1787760898,16,0,1
8o0qyfku,32,46nfbn7d,165,trader_bridge_app,DayBreak,1787760899,18,0,0
8o0qyfku,34,obh2xbv7,165,trader_bridge_app,DayBreak,1787760899,18,0,0
8o0qyfku,31,kavf29xw,165,trader_bridge_app,DayBreak,1787760900,18,0,0
8o0qyfku,32,46nfbn7d,168,trader_bridge_app,SyncTradingSession,1787760900,19,0,1
8o0qyfku,33,cxkynnyi,168,trader_bridge_app,SyncTradingSession,1787760900,19,0,1
8o0qyfku,34,obh2xbv7,168,trader_bridge_app,SyncTradingSession,1787760900,19,0,1
8o0qyfku,31,kavf29xw,168,trader_bridge_app,SyncTradingSession,1787760900,19,0,1
8o0qyfku,32,46nfbn7d,169,trader_bridge_app,ResumeTradingSession,1787760900,19,0,1
8o0qyfku,33,cxkynnyi,169,trader_bridge_app,ResumeTradingSession,1787760900,19,0,1
8o0qyfku,34,obh2xbv7,169,trader_bridge_app,ResumeTradingSession,1787760900,19,0,1
8o0qyfku,31,kavf29xw,169,trader_bridge_app,ResumeTradingSession,1787760900,19,0,1
8o0qyfku,2,q5e90cmj,147,trader_bridge_app,DayBreak,1787760904,16,0,0
8o0qyfku,1,5ldlcszn,147,trader_bridge_app,DayBreak,1787760905,16,0,0
8o0qyfku,6,cjmxcmcd,147,trader_bridge_app,DayBreak,1787760906,16,0,0
8o0qyfku,4,yq2xbma3,147,trader_bridge_app,DayBreak,1787760907,16,0,0
8o0qyfku,3,zp1owmpd,147,trader_bridge_app,DayBreak,1787760908,16,0,0
8o0qyfku,28,108ssdya,153,trader_bridge_app,TradePage,1787760909,17,0,0
8o0qyfku,26,icxcbb3j,153,trader_bridge_app,TradePage,1787760909,17,0,0
8o0qyfku,27,2dz5zxb2,153,trader_bridge_app,TradePage,1787760909,17,0,0
8o0qyfku,25,1j25lcg3,153,trader_bridge_app,TradePage,1787760909,17,0,0
8o0qyfku,30,w7s9esrf,153,trader_bridge_app,TradePage,1787760909,17,0,0
8o0qyfku,29,sgu796fi,153,trader_bridge_app,TradePage,1787760909,17,0,0
8o0qyfku,27,2dz5zxb2,154,trader_bridge_app,PauseTradingSession,1787760910,17,0,1
8o0qyfku,28,108ssdya,154,trader_bridge_app,PauseTradingSession,1787760910,17,0,1
8o0qyfku,29,sgu796fi,154,trader_bridge_app,PauseTradingSession,1787760910,17,0,1
8o0qyfku,30,w7s9esrf,154,trader_bridge_app,PauseTradingSession,1787760910,17,0,1
8o0qyfku,25,1j25lcg3,154,trader_bridge_app,PauseTradingSession,1787760910,17,0,1
8o0qyfku,26,icxcbb3j,154,trader_bridge_app,PauseTradingSession,1787760910,17,0,1
8o0qyfku,30,w7s9esrf,156,trader_bridge_app,DayBreak,1787760912,17,0,0
8o0qyfku,29,sgu796fi,156,trader_bridge_app,DayBreak,1787760913,17,0,0
8o0qyfku,27,2dz5zxb2,156,trader_bridge_app,DayBreak,1787760913,17,0,0
8o0qyfku,25,1j25lcg3,156,trader_bridge_app,DayBreak,1787760914,17,0,0
8o0qyfku,28,108ssdya,156,trader_bridge_app,DayBreak,1787760914,17,0,0
8o0qyfku,26,icxcbb3j,156,trader_bridge_app,DayBreak,1787760919,17,0,0
8o0qyfku,25,1j25lcg3,160,trader_bridge_app,ResumeTradingSession,1787760919,18,0,1
8o0qyfku,26,icxcbb3j,160,trader_bridge_app,ResumeTradingSession,1787760919,18,0,1
8o0qyfku,27,2dz5zxb2,160,trader_bridge_app,ResumeTradingSession,1787760919,18,0,1
8o0qyfku,28,108ssdya,160,trader_bridge_app,ResumeTradingSession,1787760919,18,0,1
8o0qyfku,29,sgu796fi,160,trader_bridge_app,ResumeTradingSession,1787760919,18,0,1
8o0qyfku,30,w7s9esrf,160,trader_bridge_app,ResumeTradingSession,1787760919,18,0,1
8o0qyfku,5,nmgjkj32,147,trader_bridge_app,DayBreak,1787760920,16,1,0
8o0qyfku,1,5ldlcszn,151,trader_bridge_app,ResumeTradingSession,1787760920,17,0,1
8o0qyfku,2,q5e90cmj,151,trader_bridge_app,ResumeTradingSession,1787760920,17,0,1
8o0qyfku,3,zp1owmpd,151,trader_bridge_app,ResumeTradingSession,1787760920,17,0,1
8o0qyfku,4,yq2xbma3,151,trader_bridge_app,ResumeTradingSession,1787760920,17,0,1
8o0qyfku,5,nmgjkj32,151,trader_bridge_app,ResumeTradingSession,1787760920,17,0,1
8o0qyfku,6,cjmxcmcd,151,trader_bridge_app,ResumeTradingSession,1787760920,17,0,1
8o0qyfku,23,dq2m7s6u,153,trader_bridge_app,TradePage,1787760930,17,0,0
8o0qyfku,20,6swie1ys,153,trader_bridge_app,TradePage,1787760930,17,0,0
8o0qyfku,24,dw5igqpq,153,trader_bridge_app,TradePage,1787760930,17,0,0
8o0qyfku,21,dltkzvxc,153,trader_bridge_app,TradePage,1787760930,17,0,0
8o0qyfku,19,9d6cveb5,153,trader_bridge_app,TradePage,1787760930,17,0,0
8o0qyfku,22,weju7mc9,153,trader_bridge_app,TradePage,1787760930,17,0,0
8o0qyfku,19,9d6cveb5,154,trader_bridge_app,PauseTradingSession,1787760930,17,0,1
8o0qyfku,20,6swie1ys,154,trader_bridge_app,PauseTradingSession,1787760930,17,0,1
8o0qyfku,21,dltkzvxc,154,trader_bridge_app,PauseTradingSession,1787760930,17,0,1
8o0qyfku,22,weju7mc9,154,trader_bridge_app,PauseTradingSession,1787760930,17,0,1
8o0qyfku,23,dq2m7s6u,154,trader_bridge_app,PauseTradingSession,1787760930,17,0,1
8o0qyfku,24,dw5igqpq,154,trader_bridge_app,PauseTradingSession,1787760930,17,0,1
8o0qyfku,24,dw5igqpq,156,trader_bridge_app,DayBreak,1787760933,17,0,0
8o0qyfku,21,dltkzvxc,156,trader_bridge_app,DayBreak,1787760934,17,0,0
8o0qyfku,20,6swie1ys,156,trader_bridge_app,DayBreak,1787760934,17,0,0
8o0qyfku,22,weju7mc9,156,trader_bridge_app,DayBreak,1787760935,17,0,0
8o0qyfku,23,dq2m7s6u,156,trader_bridge_app,DayBreak,1787760942,17,0,0
8o0qyfku,14,yvu0j0px,162,trader_bridge_app,TradePage,1787760946,18,0,0
8o0qyfku,16,3mu21szb,162,trader_bridge_app,TradePage,1787760946,18,0,0
8o0qyfku,18,rdnkoe93,162,trader_bridge_app,TradePage,1787760946,18,0,0
8o0qyfku,15,8m72ygxx,162,trader_bridge_app,TradePage,1787760947,18,0,0
8o0qyfku,13,e70ixf6a,162,trader_bridge_app,TradePage,1787760947,18,0,0
8o0qyfku,17,caoxz34q,162,trader_bridge_app,TradePage,1787760947,18,0,0
8o0qyfku,13,e70ixf6a,164,trader_bridge_app,FinalizeTradingSession,1787760947,18,0,1
8o0qyfku,14,yvu0j0px,164,trader_bridge_app,FinalizeTradingSession,1787760947,18,0,1
8o0qyfku,15,8m72ygxx,164,trader_bridge_app,FinalizeTradingSession,1787760947,18,0,1
8o0qyfku,16,3mu21szb,164,trader_bridge_app,FinalizeTradingSession,1787760947,18,0,1
8o0qyfku,17,caoxz34q,164,trader_bridge_app,FinalizeTradingSession,1787760947,18,0,1
8o0qyfku,18,rdnkoe93,164,trader_bridge_app,FinalizeTradingSession,1787760947,18,0,1
8o0qyfku,19,9d6cveb5,156,trader_bridge_app,DayBreak,1787760949,17,0,0
8o0qyfku,19,9d6cveb5,160,trader_bridge_app,ResumeTradingSession,1787760949,18,0,1
8o0qyfku,20,6swie1ys,160,trader_bridge_app,ResumeTradingSession,1787760949,18,0,1
8o0qyfku,21,dltkzvxc,160,trader_bridge_app,ResumeTradingSession,1787760949,18,0,1
8o0qyfku,22,weju7mc9,160,trader_bridge_app,ResumeTradingSession,1787760949,18,0,1
8o0qyfku,23,dq2m7s6u,160,trader_bridge_app,ResumeTradingSession,1787760949,18,0,1
8o0qyfku,24,dw5igqpq,160,trader_bridge_app,ResumeTradingSession,1787760949,18,0,1
8o0qyfku,14,yvu0j0px,165,trader_bridge_app,DayBreak,1787760951,18,0,0
8o0qyfku,18,rdnkoe93,165,trader_bridge_app,DayBreak,1787760953,18,0,0
8o0qyfku,7,00g81xoq,162,trader_bridge_app,TradePage,1787760954,18,0,0
8o0qyfku,9,01xk5dk9,162,trader_bridge_app,TradePage,1787760954,18,0,0
8o0qyfku,13,e70ixf6a,165,trader_bridge_app,DayBreak,1787760954,18,0,0
8o0qyfku,11,mrocn3qi,162,trader_bridge_app,TradePage,1787760954,18,0,0
8o0qyfku,10,etak4i29,162,trader_bridge_app,TradePage,1787760954,18,0,0
8o0qyfku,12,a9rbe355,162,trader_bridge_app,TradePage,1787760954,18,0,0
8o0qyfku,8,3hlfki3e,162,trader_bridge_app,TradePage,1787760954,18,0,0
8o0qyfku,7,00g81xoq,164,trader_bridge_app,FinalizeTradingSession,1787760955,18,0,1
8o0qyfku,8,3hlfki3e,164,trader_bridge_app,FinalizeTradingSession,1787760955,18,0,1
8o0qyfku,9,01xk5dk9,164,trader_bridge_app,FinalizeTradingSession,1787760955,18,0,1
8o0qyfku,10,etak4i29,164,trader_bridge_app,FinalizeTradingSession,1787760955,18,0,1
8o0qyfku,11,mrocn3qi,164,trader_bridge_app,FinalizeTradingSession,1787760955,18,0,1
8o0qyfku,12,a9rbe355,164,trader_bridge_app,FinalizeTradingSession,1787760955,18,0,1
8o0qyfku,17,caoxz34q,165,trader_bridge_app,DayBreak,1787760957,18,0,0
8o0qyfku,11,mrocn3qi,165,trader_bridge_app,DayBreak,1787760958,18,0,0
8o0qyfku,9,01xk5dk9,165,trader_bridge_app,DayBreak,1787760958,18,0,0
8o0qyfku,16,3mu21szb,165,trader_bridge_app,DayBreak,1787760958,18,0,0
8o0qyfku,15,8m72ygxx,165,trader_bridge_app,DayBreak,1787760959,18,0,0
8o0qyfku,13,e70ixf6a,168,trader_bridge_app,SyncTradingSession,1787760959,19,0,1
8o0qyfku,14,yvu0j0px,168,trader_bridge_app,SyncTradingSession,1787760959,19,0,1
8o0qyfku,15,8m72ygxx,168,trader_bridge_app,SyncTradingSession,1787760959,19,0,1
8o0qyfku,16,3mu21szb,168,trader_bridge_app,SyncTradingSession,1787760959,19,0,1
8o0qyfku,17,caoxz34q,168,trader_bridge_app,SyncTradingSession,1787760959,19,0,1
8o0qyfku,18,rdnkoe93,168,trader_bridge_app,SyncTradingSession,1787760959,19,0,1
8o0qyfku,13,e70ixf6a,169,trader_bridge_app,ResumeTradingSession,1787760959,19,0,1
8o0qyfku,14,yvu0j0px,169,trader_bridge_app,ResumeTradingSession,1787760959,19,0,1
8o0qyfku,15,8m72ygxx,169,trader_bridge_app,ResumeTradingSession,1787760959,19,0,1
8o0qyfku,16,3mu21szb,169,trader_bridge_app,ResumeTradingSession,1787760959,19,0,1
8o0qyfku,17,caoxz34q,169,trader_bridge_app,ResumeTradingSession,1787760959,19,0,1
8o0qyfku,18,rdnkoe93,169,trader_bridge_app,ResumeTradingSession,1787760959,19,0,1
8o0qyfku,31,kavf29xw,171,trader_bridge_app,TradePage,1787760962,19,0,0
8o0qyfku,32,46nfbn7d,171,trader_bridge_app,TradePage,1787760962,19,0,0
8o0qyfku,7,00g81xoq,165,trader_bridge_app,DayBreak,1787760962,18,0,0
8o0qyfku,33,cxkynnyi,171,trader_bridge_app,TradePage,1787760962,19,0,0
8o0qyfku,34,obh2xbv7,171,trader_bridge_app,TradePage,1787760962,19,0,0
8o0qyfku,31,kavf29xw,172,trader_bridge_app,PauseTradingSession,1787760962,19,0,1
8o0qyfku,32,46nfbn7d,172,trader_bridge_app,PauseTradingSession,1787760962,19,0,1
8o0qyfku,33,cxkynnyi,172,trader_bridge_app,PauseTradingSession,1787760962,19,0,1
8o0qyfku,34,obh2xbv7,172,trader_bridge_app,PauseTradingSession,1787760962,19,0,1
8o0qyfku,10,etak4i29,165,trader_bridge_app,DayBreak,1787760963,18,0,0
8o0qyfku,34,obh2xbv7,174,trader_bridge_app,DayBreak,1787760964,19,0,0
8o0qyfku,33,cxkynnyi,174,trader_bridge_app,DayBreak,1787760965,19,0,0
8o0qyfku,31,kavf29xw,174,trader_bridge_app,DayBreak,1787760966,19,0,0
8o0qyfku,8,3hlfki3e,165,trader_bridge_app,DayBreak,1787760967,18,0,0
8o0qyfku,32,46nfbn7d,174,trader_bridge_app,DayBreak,1787760973,19,0,0
8o0qyfku,31,kavf29xw,178,trader_bridge_app,ResumeTradingSession,1787760973,20,0,1
8o0qyfku,32,46nfbn7d,178,trader_bridge_app,ResumeTradingSession,1787760973,20,0,1
8o0qyfku,33,cxkynnyi,178,trader_bridge_app,ResumeTradingSession,1787760973,20,0,1
8o0qyfku,34,obh2xbv7,178,trader_bridge_app,ResumeTradingSession,1787760973,20,0,1
8o0qyfku,12,a9rbe355,165,trader_bridge_app,DayBreak,1787760975,18,1,0
8o0qyfku,7,00g81xoq,168,trader_bridge_app,SyncTradingSession,1787760976,19,0,1
8o0qyfku,8,3hlfki3e,168,trader_bridge_app,SyncTradingSession,1787760976,19,0,1
8o0qyfku,9,01xk5dk9,168,trader_bridge_app,SyncTradingSession,1787760976,19,0,1
8o0qyfku,10,etak4i29,168,trader_bridge_app,SyncTradingSession,1787760976,19,0,1
8o0qyfku,11,mrocn3qi,168,trader_bridge_app,SyncTradingSession,1787760976,19,0,1
8o0qyfku,12,a9rbe355,168,trader_bridge_app,SyncTradingSession,1787760976,19,0,1
8o0qyfku,7,00g81xoq,169,trader_bridge_app,ResumeTradingSession,1787760976,19,0,1
8o0qyfku,8,3hlfki3e,169,trader_bridge_app,ResumeTradingSession,1787760976,19,0,1
8o0qyfku,9,01xk5dk9,169,trader_bridge_app,ResumeTradingSession,1787760976,19,0,1
8o0qyfku,10,etak4i29,169,trader_bridge_app,ResumeTradingSession,1787760976,19,0,1
8o0qyfku,11,mrocn3qi,169,trader_bridge_app,ResumeTradingSession,1787760976,19,0,1
8o0qyfku,12,a9rbe355,169,trader_bridge_app,ResumeTradingSession,1787760976,19,0,1
8o0qyfku,26,icxcbb3j,162,trader_bridge_app,TradePage,1787760980,18,0,0
8o0qyfku,25,1j25lcg3,162,trader_bridge_app,TradePage,1787760980,18,0,0
8o0qyfku,28,108ssdya,162,trader_bridge_app,TradePage,1787760980,18,0,0
8o0qyfku,27,2dz5zxb2,162,trader_bridge_app,TradePage,1787760980,18,0,0
8o0qyfku,29,sgu796fi,162,trader_bridge_app,TradePage,1787760980,18,0,0
8o0qyfku,30,w7s9esrf,162,trader_bridge_app,TradePage,1787760981,18,0,0
8o0qyfku,30,w7s9esrf,164,trader_bridge_app,FinalizeTradingSession,1787760981,18,0,1
8o0qyfku,25,1j25lcg3,164,trader_bridge_app,FinalizeTradingSession,1787760981,18,0,1
8o0qyfku,26,icxcbb3j,164,trader_bridge_app,FinalizeTradingSession,1787760981,18,0,1
8o0qyfku,27,2dz5zxb2,164,trader_bridge_app,FinalizeTradingSession,1787760981,18,0,1
8o0qyfku,28,108ssdya,164,trader_bridge_app,FinalizeTradingSession,1787760981,18,0,1
8o0qyfku,29,sgu796fi,164,trader_bridge_app,FinalizeTradingSession,1787760981,18,0,1
8o0qyfku,5,nmgjkj32,153,trader_bridge_app,TradePage,1787760981,17,0,0
8o0qyfku,1,5ldlcszn,153,trader_bridge_app,TradePage,1787760981,17,0,0
8o0qyfku,2,q5e90cmj,153,trader_bridge_app,TradePage,1787760982,17,0,0
8o0qyfku,3,zp1owmpd,153,trader_bridge_app,TradePage,1787760982,17,0,0
8o0qyfku,6,cjmxcmcd,153,trader_bridge_app,TradePage,1787760982,17,0,0
8o0qyfku,4,yq2xbma3,153,trader_bridge_app,TradePage,1787760982,17,0,0
8o0qyfku,5,nmgjkj32,154,trader_bridge_app,PauseTradingSession,1787760982,17,0,1
8o0qyfku,6,cjmxcmcd,154,trader_bridge_app,PauseTradingSession,1787760982,17,0,1
8o0qyfku,1,5ldlcszn,154,trader_bridge_app,PauseTradingSession,1787760982,17,0,1
8o0qyfku,2,q5e90cmj,154,trader_bridge_app,PauseTradingSession,1787760982,17,0,1
8o0qyfku,3,zp1owmpd,154,trader_bridge_app,PauseTradingSession,1787760982,17,0,1
8o0qyfku,4,yq2xbma3,154,trader_bridge_app,PauseTradingSession,1787760982,17,0,1
8o0qyfku,27,2dz5zxb2,165,trader_bridge_app,DayBreak,1787760986,18,0,0
8o0qyfku,2,q5e90cmj,156,trader_bridge_app,DayBreak,1787760986,17,0,0
8o0qyfku,4,yq2xbma3,156,trader_bridge_app,DayBreak,1787760987,17,0,0
8o0qyfku,1,5ldlcszn,156,trader_bridge_app,DayBreak,1787760987,17,0,0
8o0qyfku,29,sgu796fi,165,trader_bridge_app,DayBreak,1787760987,18,0,0
8o0qyfku,6,cjmxcmcd,156,trader_bridge_app,DayBreak,1787760990,17,0,0
8o0qyfku,30,w7s9esrf,165,trader_bridge_app,DayBreak,1787760991,18,0,0
8o0qyfku,25,1j25lcg3,165,trader_bridge_app,DayBreak,1787760992,18,0,0
8o0qyfku,3,zp1owmpd,156,trader_bridge_app,DayBreak,1787760992,17,0,0
8o0qyfku,28,108ssdya,165,trader_bridge_app,DayBreak,1787760996,18,0,0
8o0qyfku,26,icxcbb3j,165,trader_bridge_app,DayBreak,1787761001,18,0,0
8o0qyfku,25,1j25lcg3,168,trader_bridge_app,SyncTradingSession,1787761002,19,0,1
8o0qyfku,26,icxcbb3j,168,trader_bridge_app,SyncTradingSession,1787761002,19,0,1
8o0qyfku,27,2dz5zxb2,168,trader_bridge_app,SyncTradingSession,1787761002,19,0,1
8o0qyfku,28,108ssdya,168,trader_bridge_app,SyncTradingSession,1787761002,19,0,1
8o0qyfku,29,sgu796fi,168,trader_bridge_app,SyncTradingSession,1787761002,19,0,1
8o0qyfku,30,w7s9esrf,168,trader_bridge_app,SyncTradingSession,1787761002,19,0,1
8o0qyfku,25,1j25lcg3,169,trader_bridge_app,ResumeTradingSession,1787761002,19,0,1
8o0qyfku,26,icxcbb3j,169,trader_bridge_app,ResumeTradingSession,1787761002,19,0,1
8o0qyfku,27,2dz5zxb2,169,trader_bridge_app,ResumeTradingSession,1787761002,19,0,1
8o0qyfku,28,108ssdya,169,trader_bridge_app,ResumeTradingSession,1787761002,19,0,1
8o0qyfku,29,sgu796fi,169,trader_bridge_app,ResumeTradingSession,1787761002,19,0,1
8o0qyfku,30,w7s9esrf,169,trader_bridge_app,ResumeTradingSession,1787761002,19,0,1
8o0qyfku,5,nmgjkj32,156,trader_bridge_app,DayBreak,1787761003,17,1,0
8o0qyfku,1,5ldlcszn,160,trader_bridge_app,ResumeTradingSession,1787761004,18,0,1
8o0qyfku,2,q5e90cmj,160,trader_bridge_app,ResumeTradingSession,1787761004,18,0,1
8o0qyfku,3,zp1owmpd,160,trader_bridge_app,ResumeTradingSession,1787761004,18,0,1
8o0qyfku,4,yq2xbma3,160,trader_bridge_app,ResumeTradingSession,1787761004,18,0,1
8o0qyfku,5,nmgjkj32,160,trader_bridge_app,ResumeTradingSession,1787761004,18,0,1
8o0qyfku,6,cjmxcmcd,160,trader_bridge_app,ResumeTradingSession,1787761004,18,0,1
8o0qyfku,19,9d6cveb5,162,trader_bridge_app,TradePage,1787761010,18,0,0
8o0qyfku,23,dq2m7s6u,162,trader_bridge_app,TradePage,1787761010,18,0,0
8o0qyfku,20,6swie1ys,162,trader_bridge_app,TradePage,1787761010,18,0,0
8o0qyfku,21,dltkzvxc,162,trader_bridge_app,TradePage,1787761010,18,0,0
8o0qyfku,22,weju7mc9,162,trader_bridge_app,TradePage,1787761010,18,0,0
8o0qyfku,24,dw5igqpq,162,trader_bridge_app,TradePage,1787761010,18,0,0
8o0qyfku,24,dw5igqpq,164,trader_bridge_app,FinalizeTradingSession,1787761011,18,0,1
8o0qyfku,19,9d6cveb5,164,trader_bridge_app,FinalizeTradingSession,1787761011,18,0,1
8o0qyfku,20,6swie1ys,164,trader_bridge_app,FinalizeTradingSession,1787761011,18,0,1
8o0qyfku,21,dltkzvxc,164,trader_bridge_app,FinalizeTradingSession,1787761011,18,0,1
8o0qyfku,22,weju7mc9,164,trader_bridge_app,FinalizeTradingSession,1787761011,18,0,1
8o0qyfku,23,dq2m7s6u,164,trader_bridge_app,FinalizeTradingSession,1787761011,18,0,1
8o0qyfku,24,dw5igqpq,165,trader_bridge_app,DayBreak,1787761013,18,0,0
8o0qyfku,20,6swie1ys,165,trader_bridge_app,DayBreak,1787761015,18,0,0
8o0qyfku,22,weju7mc9,165,trader_bridge_app,DayBreak,1787761016,18,0,0
8o0qyfku,21,dltkzvxc,165,trader_bridge_app,DayBreak,1787761018,18,0,0
8o0qyfku,18,rdnkoe93,171,trader_bridge_app,TradePage,1787761020,19,0,0
8o0qyfku,15,8m72ygxx,171,trader_bridge_app,TradePage,1787761020,19,0,0
8o0qyfku,13,e70ixf6a,171,trader_bridge_app,TradePage,1787761020,19,0,0
8o0qyfku,16,3mu21szb,171,trader_bridge_app,TradePage,1787761021,19,0,0
8o0qyfku,17,caoxz34q,171,trader_bridge_app,TradePage,1787761021,19,0,0
8o0qyfku,14,yvu0j0px,171,trader_bridge_app,TradePage,1787761021,19,0,0
8o0qyfku,13,e70ixf6a,172,trader_bridge_app,PauseTradingSession,1787761022,19,0,1
8o0qyfku,14,yvu0j0px,172,trader_bridge_app,PauseTradingSession,1787761022,19,0,1
8o0qyfku,15,8m72ygxx,172,trader_bridge_app,PauseTradingSession,1787761022,19,0,1
8o0qyfku,16,3mu21szb,172,trader_bridge_app,PauseTradingSession,1787761022,19,0,1
8o0qyfku,17,caoxz34q,172,trader_bridge_app,PauseTradingSession,1787761022,19,0,1
8o0qyfku,18,rdnkoe93,172,trader_bridge_app,PauseTradingSession,1787761022,19,0,1
8o0qyfku,15,8m72ygxx,174,trader_bridge_app,DayBreak,1787761026,19,0,0
8o0qyfku,14,yvu0j0px,174,trader_bridge_app,DayBreak,1787761026,19,0,0
8o0qyfku,16,3mu21szb,174,trader_bridge_app,DayBreak,1787761026,19,0,0
8o0qyfku,18,rdnkoe93,174,trader_bridge_app,DayBreak,1787761027,19,0,0
8o0qyfku,13,e70ixf6a,174,trader_bridge_app,DayBreak,1787761028,19,0,0
8o0qyfku,19,9d6cveb5,165,trader_bridge_app,DayBreak,1787761031,18,1,0
8o0qyfku,23,dq2m7s6u,165,trader_bridge_app,DayBreak,1787761031,18,1,0
8o0qyfku,19,9d6cveb5,168,trader_bridge_app,SyncTradingSession,1787761032,19,0,1
8o0qyfku,20,6swie1ys,168,trader_bridge_app,SyncTradingSession,1787761032,19,0,1
8o0qyfku,21,dltkzvxc,168,trader_bridge_app,SyncTradingSession,1787761032,19,0,1
8o0qyfku,22,weju7mc9,168,trader_bridge_app,SyncTradingSession,1787761032,19,0,1
8o0qyfku,23,dq2m7s6u,168,trader_bridge_app,SyncTradingSession,1787761032,19,0,1
8o0qyfku,24,dw5igqpq,168,trader_bridge_app,SyncTradingSession,1787761032,19,0,1
8o0qyfku,19,9d6cveb5,169,trader_bridge_app,ResumeTradingSession,1787761032,19,0,1
8o0qyfku,20,6swie1ys,169,trader_bridge_app,ResumeTradingSession,1787761032,19,0,1
8o0qyfku,21,dltkzvxc,169,trader_bridge_app,ResumeTradingSession,1787761032,19,0,1
8o0qyfku,22,weju7mc9,169,trader_bridge_app,ResumeTradingSession,1787761032,19,0,1
8o0qyfku,23,dq2m7s6u,169,trader_bridge_app,ResumeTradingSession,1787761032,19,0,1
8o0qyfku,24,dw5igqpq,169,trader_bridge_app,ResumeTradingSession,1787761032,19,0,1
8o0qyfku,32,46nfbn7d,180,trader_bridge_app,TradePage,1787761034,20,0,0
8o0qyfku,31,kavf29xw,180,trader_bridge_app,TradePage,1787761034,20,0,0
8o0qyfku,33,cxkynnyi,180,trader_bridge_app,TradePage,1787761034,20,0,0
8o0qyfku,34,obh2xbv7,180,trader_bridge_app,TradePage,1787761034,20,0,0
8o0qyfku,31,kavf29xw,181,trader_bridge_app,PauseTradingSession,1787761034,20,0,1
8o0qyfku,32,46nfbn7d,181,trader_bridge_app,PauseTradingSession,1787761034,20,0,1
8o0qyfku,33,cxkynnyi,181,trader_bridge_app,PauseTradingSession,1787761034,20,0,1
8o0qyfku,34,obh2xbv7,181,trader_bridge_app,PauseTradingSession,1787761034,20,0,1
8o0qyfku,31,kavf29xw,183,trader_bridge_app,DayBreak,1787761036,20,0,0
8o0qyfku,34,obh2xbv7,183,trader_bridge_app,DayBreak,1787761037,20,0,0
8o0qyfku,17,caoxz34q,174,trader_bridge_app,DayBreak,1787761037,19,0,0
8o0qyfku,11,mrocn3qi,171,trader_bridge_app,TradePage,1787761037,19,0,0
8o0qyfku,13,e70ixf6a,178,trader_bridge_app,ResumeTradingSession,1787761037,20,0,1
8o0qyfku,14,yvu0j0px,178,trader_bridge_app,ResumeTradingSession,1787761037,20,0,1
8o0qyfku,15,8m72ygxx,178,trader_bridge_app,ResumeTradingSession,1787761037,20,0,1
8o0qyfku,16,3mu21szb,178,trader_bridge_app,ResumeTradingSession,1787761037,20,0,1
8o0qyfku,17,caoxz34q,178,trader_bridge_app,ResumeTradingSession,1787761037,20,0,1
8o0qyfku,18,rdnkoe93,178,trader_bridge_app,ResumeTradingSession,1787761037,20,0,1
8o0qyfku,8,3hlfki3e,171,trader_bridge_app,TradePage,1787761037,19,0,0
8o0qyfku,7,00g81xoq,171,trader_bridge_app,TradePage,1787761037,19,0,0
8o0qyfku,9,01xk5dk9,171,trader_bridge_app,TradePage,1787761037,19,0,0
8o0qyfku,10,etak4i29,171,trader_bridge_app,TradePage,1787761037,19,0,0
8o0qyfku,12,a9rbe355,171,trader_bridge_app,TradePage,1787761038,19,0,0
8o0qyfku,11,mrocn3qi,172,trader_bridge_app,PauseTradingSession,1787761038,19,0,1
8o0qyfku,12,a9rbe355,172,trader_bridge_app,PauseTradingSession,1787761038,19,0,1
8o0qyfku,7,00g81xoq,172,trader_bridge_app,PauseTradingSession,1787761038,19,0,1
8o0qyfku,8,3hlfki3e,172,trader_bridge_app,PauseTradingSession,1787761038,19,0,1
8o0qyfku,9,01xk5dk9,172,trader_bridge_app,PauseTradingSession,1787761038,19,0,1
8o0qyfku,10,etak4i29,172,trader_bridge_app,PauseTradingSession,1787761038,19,0,1
8o0qyfku,33,cxkynnyi,183,trader_bridge_app,DayBreak,1787761038,20,0,0
8o0qyfku,9,01xk5dk9,174,trader_bridge_app,DayBreak,1787761041,19,0,0
8o0qyfku,8,3hlfki3e,174,trader_bridge_app,DayBreak,1787761042,19,0,0
8o0qyfku,10,etak4i29,174,trader_bridge_app,DayBreak,1787761042,19,0,0
8o0qyfku,11,mrocn3qi,174,trader_bridge_app,DayBreak,1787761042,19,0,0
8o0qyfku,7,00g81xoq,174,trader_bridge_app,DayBreak,1787761043,19,0,0
8o0qyfku,12,a9rbe355,174,trader_bridge_app,DayBreak,1787761045,19,0,0
8o0qyfku,7,00g81xoq,178,trader_bridge_app,ResumeTradingSession,1787761045,20,0,1
8o0qyfku,8,3hlfki3e,178,trader_bridge_app,ResumeTradingSession,1787761045,20,0,1
8o0qyfku,9,01xk5dk9,178,trader_bridge_app,ResumeTradingSession,1787761045,20,0,1
8o0qyfku,10,etak4i29,178,trader_bridge_app,ResumeTradingSession,1787761045,20,0,1
8o0qyfku,11,mrocn3qi,178,trader_bridge_app,ResumeTradingSession,1787761045,20,0,1
8o0qyfku,12,a9rbe355,178,trader_bridge_app,ResumeTradingSession,1787761045,20,0,1
8o0qyfku,32,46nfbn7d,183,trader_bridge_app,DayBreak,1787761054,20,0,0
8o0qyfku,34,obh2xbv7,187,trader_bridge_app,ResumeTradingSession,1787761054,21,0,1
8o0qyfku,31,kavf29xw,187,trader_bridge_app,ResumeTradingSession,1787761054,21,0,1
8o0qyfku,32,46nfbn7d,187,trader_bridge_app,ResumeTradingSession,1787761054,21,0,1
8o0qyfku,33,cxkynnyi,187,trader_bridge_app,ResumeTradingSession,1787761054,21,0,1
8o0qyfku,28,108ssdya,171,trader_bridge_app,TradePage,1787761063,19,0,0
8o0qyfku,29,sgu796fi,171,trader_bridge_app,TradePage,1787761063,19,0,0
8o0qyfku,30,w7s9esrf,171,trader_bridge_app,TradePage,1787761063,19,0,0
8o0qyfku,25,1j25lcg3,171,trader_bridge_app,TradePage,1787761063,19,0,0
8o0qyfku,27,2dz5zxb2,171,trader_bridge_app,TradePage,1787761063,19,0,0
8o0qyfku,26,icxcbb3j,171,trader_bridge_app,TradePage,1787761063,19,0,0
8o0qyfku,25,1j25lcg3,172,trader_bridge_app,PauseTradingSession,1787761064,19,0,1
8o0qyfku,26,icxcbb3j,172,trader_bridge_app,PauseTradingSession,1787761064,19,0,1
8o0qyfku,27,2dz5zxb2,172,trader_bridge_app,PauseTradingSession,1787761064,19,0,1
8o0qyfku,28,108ssdya,172,trader_bridge_app,PauseTradingSession,1787761064,19,0,1
8o0qyfku,29,sgu796fi,172,trader_bridge_app,PauseTradingSession,1787761064,19,0,1
8o0qyfku,30,w7s9esrf,172,trader_bridge_app,PauseTradingSession,1787761064,19,0,1
8o0qyfku,5,nmgjkj32,162,trader_bridge_app,TradePage,1787761065,18,0,0
8o0qyfku,1,5ldlcszn,162,trader_bridge_app,TradePage,1787761065,18,0,0
8o0qyfku,2,q5e90cmj,162,trader_bridge_app,TradePage,1787761065,18,0,0
8o0qyfku,3,zp1owmpd,162,trader_bridge_app,TradePage,1787761065,18,0,0
8o0qyfku,6,cjmxcmcd,162,trader_bridge_app,TradePage,1787761065,18,0,0
8o0qyfku,4,yq2xbma3,162,trader_bridge_app,TradePage,1787761065,18,0,0
8o0qyfku,1,5ldlcszn,164,trader_bridge_app,FinalizeTradingSession,1787761066,18,0,1
8o0qyfku,2,q5e90cmj,164,trader_bridge_app,FinalizeTradingSession,1787761066,18,0,1
8o0qyfku,4,yq2xbma3,164,trader_bridge_app,FinalizeTradingSession,1787761066,18,0,1
8o0qyfku,5,nmgjkj32,164,trader_bridge_app,FinalizeTradingSession,1787761066,18,0,1
8o0qyfku,6,cjmxcmcd,164,trader_bridge_app,FinalizeTradingSession,1787761066,18,0,1
8o0qyfku,3,zp1owmpd,164,trader_bridge_app,FinalizeTradingSession,1787761066,18,0,1
8o0qyfku,28,108ssdya,174,trader_bridge_app,DayBreak,1787761066,19,0,0
8o0qyfku,27,2dz5zxb2,174,trader_bridge_app,DayBreak,1787761066,19,0,0
8o0qyfku,25,1j25lcg3,174,trader_bridge_app,DayBreak,1787761067,19,0,0
8o0qyfku,30,w7s9esrf,174,trader_bridge_app,DayBreak,1787761067,19,0,0
8o0qyfku,29,sgu796fi,174,trader_bridge_app,DayBreak,1787761071,19,0,0
8o0qyfku,6,cjmxcmcd,165,trader_bridge_app,DayBreak,1787761072,18,0,0
8o0qyfku,4,yq2xbma3,165,trader_bridge_app,DayBreak,1787761074,18,0,0
8o0qyfku,3,zp1owmpd,165,trader_bridge_app,DayBreak,1787761076,18,0,0
8o0qyfku,1,5ldlcszn,165,trader_bridge_app,DayBreak,1787761077,18,0,0
8o0qyfku,26,icxcbb3j,174,trader_bridge_app,DayBreak,1787761077,19,0,0
8o0qyfku,25,1j25lcg3,178,trader_bridge_app,ResumeTradingSession,1787761077,20,0,1
8o0qyfku,26,icxcbb3j,178,trader_bridge_app,ResumeTradingSession,1787761077,20,0,1
8o0qyfku,27,2dz5zxb2,178,trader_bridge_app,ResumeTradingSession,1787761077,20,0,1
8o0qyfku,28,108ssdya,178,trader_bridge_app,ResumeTradingSession,1787761077,20,0,1
8o0qyfku,29,sgu796fi,178,trader_bridge_app,ResumeTradingSession,1787761077,20,0,1
8o0qyfku,30,w7s9esrf,178,trader_bridge_app,ResumeTradingSession,1787761077,20,0,1
8o0qyfku,5,nmgjkj32,165,trader_bridge_app,DayBreak,1787761080,18,0,0
8o0qyfku,2,q5e90cmj,165,trader_bridge_app,DayBreak,1787761081,18,0,0
8o0qyfku,1,5ldlcszn,168,trader_bridge_app,SyncTradingSession,1787761082,19,0,1
8o0qyfku,2,q5e90cmj,168,trader_bridge_app,SyncTradingSession,1787761082,19,0,1
8o0qyfku,3,zp1owmpd,168,trader_bridge_app,SyncTradingSession,1787761082,19,0,1
8o0qyfku,4,yq2xbma3,168,trader_bridge_app,SyncTradingSession,1787761082,19,0,1
8o0qyfku,5,nmgjkj32,168,trader_bridge_app,SyncTradingSession,1787761082,19,0,1
8o0qyfku,6,cjmxcmcd,168,trader_bridge_app,SyncTradingSession,1787761082,19,0,1
8o0qyfku,1,5ldlcszn,169,trader_bridge_app,ResumeTradingSession,1787761083,19,0,1
8o0qyfku,2,q5e90cmj,169,trader_bridge_app,ResumeTradingSession,1787761083,19,0,1
8o0qyfku,3,zp1owmpd,169,trader_bridge_app,ResumeTradingSession,1787761083,19,0,1
8o0qyfku,4,yq2xbma3,169,trader_bridge_app,ResumeTradingSession,1787761083,19,0,1
8o0qyfku,5,nmgjkj32,169,trader_bridge_app,ResumeTradingSession,1787761083,19,0,1
8o0qyfku,6,cjmxcmcd,169,trader_bridge_app,ResumeTradingSession,1787761083,19,0,1
8o0qyfku,19,9d6cveb5,171,trader_bridge_app,TradePage,1787761093,19,0,0
8o0qyfku,23,dq2m7s6u,171,trader_bridge_app,TradePage,1787761093,19,0,0
8o0qyfku,20,6swie1ys,171,trader_bridge_app,TradePage,1787761093,19,0,0
8o0qyfku,24,dw5igqpq,171,trader_bridge_app,TradePage,1787761093,19,0,0
8o0qyfku,22,weju7mc9,171,trader_bridge_app,TradePage,1787761093,19,0,0
8o0qyfku,21,dltkzvxc,171,trader_bridge_app,TradePage,1787761093,19,0,0
8o0qyfku,20,6swie1ys,172,trader_bridge_app,PauseTradingSession,1787761093,19,0,1
8o0qyfku,21,dltkzvxc,172,trader_bridge_app,PauseTradingSession,1787761093,19,0,1
8o0qyfku,22,weju7mc9,172,trader_bridge_app,PauseTradingSession,1787761093,19,0,1
8o0qyfku,23,dq2m7s6u,172,trader_bridge_app,PauseTradingSession,1787761093,19,0,1
8o0qyfku,24,dw5igqpq,172,trader_bridge_app,PauseTradingSession,1787761093,19,0,1
8o0qyfku,19,9d6cveb5,172,trader_bridge_app,PauseTradingSession,1787761093,19,0,1
8o0qyfku,22,weju7mc9,174,trader_bridge_app,DayBreak,1787761096,19,0,0
8o0qyfku,20,6swie1ys,174,trader_bridge_app,DayBreak,1787761097,19,0,0
8o0qyfku,21,dltkzvxc,174,trader_bridge_app,DayBreak,1787761097,19,0,0
8o0qyfku,17,caoxz34q,180,trader_bridge_app,TradePage,1787761098,20,0,0
8o0qyfku,24,dw5igqpq,174,trader_bridge_app,DayBreak,1787761099,19,0,0
8o0qyfku,18,rdnkoe93,180,trader_bridge_app,TradePage,1787761099,20,0,0
8o0qyfku,16,3mu21szb,180,trader_bridge_app,TradePage,1787761099,20,0,0
8o0qyfku,15,8m72ygxx,180,trader_bridge_app,TradePage,1787761099,20,0,0
8o0qyfku,13,e70ixf6a,180,trader_bridge_app,TradePage,1787761099,20,0,0
8o0qyfku,14,yvu0j0px,180,trader_bridge_app,TradePage,1787761099,20,0,0
8o0qyfku,17,caoxz34q,181,trader_bridge_app,PauseTradingSession,1787761099,20,0,1
8o0qyfku,18,rdnkoe93,181,trader_bridge_app,PauseTradingSession,1787761099,20,0,1
8o0qyfku,13,e70ixf6a,181,trader_bridge_app,PauseTradingSession,1787761099,20,0,1
8o0qyfku,14,yvu0j0px,181,trader_bridge_app,PauseTradingSession,1787761099,20,0,1
8o0qyfku,15,8m72ygxx,181,trader_bridge_app,PauseTradingSession,1787761099,20,0,1
8o0qyfku,16,3mu21szb,181,trader_bridge_app,PauseTradingSession,1787761099,20,0,1
8o0qyfku,23,dq2m7s6u,174,trader_bridge_app,DayBreak,1787761101,19,0,0
8o0qyfku,14,yvu0j0px,183,trader_bridge_app,DayBreak,1787761103,20,0,0
8o0qyfku,17,caoxz34q,183,trader_bridge_app,DayBreak,1787761104,20,0,0
8o0qyfku,16,3mu21szb,183,trader_bridge_app,DayBreak,1787761104,20,0,0
8o0qyfku,18,rdnkoe93,183,trader_bridge_app,DayBreak,1787761105,20,0,0
8o0qyfku,12,a9rbe355,180,trader_bridge_app,TradePage,1787761106,20,0,0
8o0qyfku,9,01xk5dk9,180,trader_bridge_app,TradePage,1787761106,20,0,0
8o0qyfku,11,mrocn3qi,180,trader_bridge_app,TradePage,1787761106,20,0,0
8o0qyfku,7,00g81xoq,180,trader_bridge_app,TradePage,1787761106,20,0,0
8o0qyfku,10,etak4i29,180,trader_bridge_app,TradePage,1787761107,20,0,0
8o0qyfku,8,3hlfki3e,180,trader_bridge_app,TradePage,1787761107,20,0,0
8o0qyfku,7,00g81xoq,181,trader_bridge_app,PauseTradingSession,1787761107,20,0,1
8o0qyfku,8,3hlfki3e,181,trader_bridge_app,PauseTradingSession,1787761107,20,0,1
8o0qyfku,9,01xk5dk9,181,trader_bridge_app,PauseTradingSession,1787761107,20,0,1
8o0qyfku,10,etak4i29,181,trader_bridge_app,PauseTradingSession,1787761107,20,0,1
8o0qyfku,11,mrocn3qi,181,trader_bridge_app,PauseTradingSession,1787761107,20,0,1
8o0qyfku,12,a9rbe355,181,trader_bridge_app,PauseTradingSession,1787761107,20,0,1
8o0qyfku,15,8m72ygxx,183,trader_bridge_app,DayBreak,1787761109,20,0,0
8o0qyfku,13,e70ixf6a,183,trader_bridge_app,DayBreak,1787761110,20,0,0
8o0qyfku,13,e70ixf6a,187,trader_bridge_app,ResumeTradingSession,1787761110,21,0,1
8o0qyfku,14,yvu0j0px,187,trader_bridge_app,ResumeTradingSession,1787761110,21,0,1
8o0qyfku,15,8m72ygxx,187,trader_bridge_app,ResumeTradingSession,1787761110,21,0,1
8o0qyfku,16,3mu21szb,187,trader_bridge_app,ResumeTradingSession,1787761110,21,0,1
8o0qyfku,17,caoxz34q,187,trader_bridge_app,ResumeTradingSession,1787761110,21,0,1
8o0qyfku,18,rdnkoe93,187,trader_bridge_app,ResumeTradingSession,1787761110,21,0,1
8o0qyfku,9,01xk5dk9,183,trader_bridge_app,DayBreak,1787761110,20,0,0
8o0qyfku,11,mrocn3qi,183,trader_bridge_app,DayBreak,1787761110,20,0,0
8o0qyfku,8,3hlfki3e,183,trader_bridge_app,DayBreak,1787761111,20,0,0
8o0qyfku,10,etak4i29,183,trader_bridge_app,DayBreak,1787761112,20,0,0
8o0qyfku,12,a9rbe355,183,trader_bridge_app,DayBreak,1787761112,20,0,0
8o0qyfku,7,00g81xoq,183,trader_bridge_app,DayBreak,1787761113,20,0,0
8o0qyfku,7,00g81xoq,187,trader_bridge_app,ResumeTradingSession,1787761113,21,0,1
8o0qyfku,8,3hlfki3e,187,trader_bridge_app,ResumeTradingSession,1787761113,21,0,1
8o0qyfku,9,01xk5dk9,187,trader_bridge_app,ResumeTradingSession,1787761113,21,0,1
8o0qyfku,10,etak4i29,187,trader_bridge_app,ResumeTradingSession,1787761113,21,0,1
8o0qyfku,11,mrocn3qi,187,trader_bridge_app,ResumeTradingSession,1787761113,21,0,1
8o0qyfku,12,a9rbe355,187,trader_bridge_app,ResumeTradingSession,1787761113,21,0,1
8o0qyfku,19,9d6cveb5,174,trader_bridge_app,DayBreak,1787761115,19,1,0
8o0qyfku,19,9d6cveb5,178,trader_bridge_app,ResumeTradingSession,1787761115,20,0,1
8o0qyfku,20,6swie1ys,178,trader_bridge_app,ResumeTradingSession,1787761115,20,0,1
8o0qyfku,22,weju7mc9,178,trader_bridge_app,ResumeTradingSession,1787761115,20,0,1
8o0qyfku,23,dq2m7s6u,178,trader_bridge_app,ResumeTradingSession,1787761115,20,0,1
8o0qyfku,24,dw5igqpq,178,trader_bridge_app,ResumeTradingSession,1787761115,20,0,1
8o0qyfku,21,dltkzvxc,178,trader_bridge_app,ResumeTradingSession,1787761115,20,0,1
8o0qyfku,32,46nfbn7d,189,trader_bridge_app,TradePage,1787761115,21,0,0
8o0qyfku,33,cxkynnyi,189,trader_bridge_app,TradePage,1787761115,21,0,0
8o0qyfku,31,kavf29xw,189,trader_bridge_app,TradePage,1787761116,21,0,0
8o0qyfku,34,obh2xbv7,189,trader_bridge_app,TradePage,1787761116,21,0,0
8o0qyfku,31,kavf29xw,190,trader_bridge_app,PauseTradingSession,1787761116,21,0,1
8o0qyfku,32,46nfbn7d,190,trader_bridge_app,PauseTradingSession,1787761116,21,0,1
8o0qyfku,33,cxkynnyi,190,trader_bridge_app,PauseTradingSession,1787761116,21,0,1
8o0qyfku,34,obh2xbv7,190,trader_bridge_app,PauseTradingSession,1787761116,21,0,1
8o0qyfku,34,obh2xbv7,192,trader_bridge_app,DayBreak,1787761124,21,0,0
8o0qyfku,33,cxkynnyi,192,trader_bridge_app,DayBreak,1787761125,21,0,0
8o0qyfku,31,kavf29xw,192,trader_bridge_app,DayBreak,1787761126,21,0,0
8o0qyfku,32,46nfbn7d,192,trader_bridge_app,DayBreak,1787761137,21,1,0
8o0qyfku,31,kavf29xw,196,trader_bridge_app,ResumeTradingSession,1787761137,22,0,1
8o0qyfku,32,46nfbn7d,196,trader_bridge_app,ResumeTradingSession,1787761137,22,0,1
8o0qyfku,33,cxkynnyi,196,trader_bridge_app,ResumeTradingSession,1787761137,22,0,1
8o0qyfku,34,obh2xbv7,196,trader_bridge_app,ResumeTradingSession,1787761137,22,0,1
8o0qyfku,26,icxcbb3j,180,trader_bridge_app,TradePage,1787761138,20,0,0
8o0qyfku,28,108ssdya,180,trader_bridge_app,TradePage,1787761138,20,0,0
8o0qyfku,29,sgu796fi,180,trader_bridge_app,TradePage,1787761138,20,0,0
8o0qyfku,27,2dz5zxb2,180,trader_bridge_app,TradePage,1787761138,20,0,0
8o0qyfku,25,1j25lcg3,180,trader_bridge_app,TradePage,1787761138,20,0,0
8o0qyfku,30,w7s9esrf,180,trader_bridge_app,TradePage,1787761138,20,0,0
8o0qyfku,25,1j25lcg3,181,trader_bridge_app,PauseTradingSession,1787761139,20,0,1
8o0qyfku,26,icxcbb3j,181,trader_bridge_app,PauseTradingSession,1787761139,20,0,1
8o0qyfku,27,2dz5zxb2,181,trader_bridge_app,PauseTradingSession,1787761139,20,0,1
8o0qyfku,28,108ssdya,181,trader_bridge_app,PauseTradingSession,1787761139,20,0,1
8o0qyfku,29,sgu796fi,181,trader_bridge_app,PauseTradingSession,1787761139,20,0,1
8o0qyfku,30,w7s9esrf,181,trader_bridge_app,PauseTradingSession,1787761139,20,0,1
8o0qyfku,27,2dz5zxb2,183,trader_bridge_app,DayBreak,1787761142,20,0,0
8o0qyfku,28,108ssdya,183,trader_bridge_app,DayBreak,1787761142,20,0,0
8o0qyfku,25,1j25lcg3,183,trader_bridge_app,DayBreak,1787761143,20,0,0
8o0qyfku,30,w7s9esrf,183,trader_bridge_app,DayBreak,1787761143,20,0,0
8o0qyfku,29,sgu796fi,183,trader_bridge_app,DayBreak,1787761144,20,0,0
8o0qyfku,1,5ldlcszn,171,trader_bridge_app,TradePage,1787761144,19,0,0
8o0qyfku,5,nmgjkj32,171,trader_bridge_app,TradePage,1787761144,19,0,0
8o0qyfku,3,zp1owmpd,171,trader_bridge_app,TradePage,1787761144,19,0,0
8o0qyfku,6,cjmxcmcd,171,trader_bridge_app,TradePage,1787761144,19,0,0
8o0qyfku,4,yq2xbma3,171,trader_bridge_app,TradePage,1787761144,19,0,0
8o0qyfku,2,q5e90cmj,171,trader_bridge_app,TradePage,1787761144,19,0,0
8o0qyfku,1,5ldlcszn,172,trader_bridge_app,PauseTradingSession,1787761144,19,0,1
8o0qyfku,2,q5e90cmj,172,trader_bridge_app,PauseTradingSession,1787761144,19,0,1
8o0qyfku,3,zp1owmpd,172,trader_bridge_app,PauseTradingSession,1787761144,19,0,1
8o0qyfku,4,yq2xbma3,172,trader_bridge_app,PauseTradingSession,1787761144,19,0,1
8o0qyfku,5,nmgjkj32,172,trader_bridge_app,PauseTradingSession,1787761144,19,0,1
8o0qyfku,6,cjmxcmcd,172,trader_bridge_app,PauseTradingSession,1787761144,19,0,1
8o0qyfku,26,icxcbb3j,183,trader_bridge_app,DayBreak,1787761145,20,0,0
8o0qyfku,25,1j25lcg3,187,trader_bridge_app,ResumeTradingSession,1787761145,21,0,1
8o0qyfku,26,icxcbb3j,187,trader_bridge_app,ResumeTradingSession,1787761145,21,0,1
8o0qyfku,27,2dz5zxb2,187,trader_bridge_app,ResumeTradingSession,1787761145,21,0,1
8o0qyfku,28,108ssdya,187,trader_bridge_app,ResumeTradingSession,1787761145,21,0,1
8o0qyfku,29,sgu796fi,187,trader_bridge_app,ResumeTradingSession,1787761145,21,0,1
8o0qyfku,30,w7s9esrf,187,trader_bridge_app,ResumeTradingSession,1787761145,21,0,1
8o0qyfku,3,zp1owmpd,174,trader_bridge_app,DayBreak,1787761148,19,0,0
8o0qyfku,1,5ldlcszn,174,trader_bridge_app,DayBreak,1787761148,19,0,0
8o0qyfku,4,yq2xbma3,174,trader_bridge_app,DayBreak,1787761149,19,0,0
8o0qyfku,6,cjmxcmcd,174,trader_bridge_app,DayBreak,1787761150,19,0,0
8o0qyfku,2,q5e90cmj,174,trader_bridge_app,DayBreak,1787761165,19,1,0
8o0qyfku,5,nmgjkj32,174,trader_bridge_app,DayBreak,1787761165,19,1,0
8o0qyfku,1,5ldlcszn,178,trader_bridge_app,ResumeTradingSession,1787761165,20,0,1
8o0qyfku,2,q5e90cmj,178,trader_bridge_app,ResumeTradingSession,1787761165,20,0,1
8o0qyfku,3,zp1owmpd,178,trader_bridge_app,ResumeTradingSession,1787761165,20,0,1
8o0qyfku,4,yq2xbma3,178,trader_bridge_app,ResumeTradingSession,1787761165,20,0,1
8o0qyfku,5,nmgjkj32,178,trader_bridge_app,ResumeTradingSession,1787761165,20,0,1
8o0qyfku,6,cjmxcmcd,178,trader_bridge_app,ResumeTradingSession,1787761165,20,0,1
8o0qyfku,13,e70ixf6a,189,trader_bridge_app,TradePage,1787761171,21,0,0
8o0qyfku,16,3mu21szb,189,trader_bridge_app,TradePage,1787761171,21,0,0
8o0qyfku,14,yvu0j0px,189,trader_bridge_app,TradePage,1787761171,21,0,0
8o0qyfku,18,rdnkoe93,189,trader_bridge_app,TradePage,1787761171,21,0,0
8o0qyfku,17,caoxz34q,189,trader_bridge_app,TradePage,1787761171,21,0,0
8o0qyfku,15,8m72ygxx,189,trader_bridge_app,TradePage,1787761171,21,0,0
8o0qyfku,13,e70ixf6a,190,trader_bridge_app,PauseTradingSession,1787761172,21,0,1
8o0qyfku,14,yvu0j0px,190,trader_bridge_app,PauseTradingSession,1787761172,21,0,1
8o0qyfku,15,8m72ygxx,190,trader_bridge_app,PauseTradingSession,1787761172,21,0,1
8o0qyfku,16,3mu21szb,190,trader_bridge_app,PauseTradingSession,1787761172,21,0,1
8o0qyfku,17,caoxz34q,190,trader_bridge_app,PauseTradingSession,1787761172,21,0,1
8o0qyfku,18,rdnkoe93,190,trader_bridge_app,PauseTradingSession,1787761172,21,0,1
8o0qyfku,7,00g81xoq,189,trader_bridge_app,TradePage,1787761174,21,0,0
8o0qyfku,10,etak4i29,189,trader_bridge_app,TradePage,1787761174,21,0,0
8o0qyfku,11,mrocn3qi,189,trader_bridge_app,TradePage,1787761174,21,0,0
8o0qyfku,9,01xk5dk9,189,trader_bridge_app,TradePage,1787761174,21,0,0
8o0qyfku,12,a9rbe355,189,trader_bridge_app,TradePage,1787761174,21,0,0
8o0qyfku,8,3hlfki3e,189,trader_bridge_app,TradePage,1787761174,21,0,0
8o0qyfku,12,a9rbe355,190,trader_bridge_app,PauseTradingSession,1787761175,21,0,1
8o0qyfku,7,00g81xoq,190,trader_bridge_app,PauseTradingSession,1787761175,21,0,1
8o0qyfku,8,3hlfki3e,190,trader_bridge_app,PauseTradingSession,1787761175,21,0,1
8o0qyfku,9,01xk5dk9,190,trader_bridge_app,PauseTradingSession,1787761175,21,0,1
8o0qyfku,10,etak4i29,190,trader_bridge_app,PauseTradingSession,1787761175,21,0,1
8o0qyfku,11,mrocn3qi,190,trader_bridge_app,PauseTradingSession,1787761175,21,0,1
8o0qyfku,19,9d6cveb5,180,trader_bridge_app,TradePage,1787761176,20,0,0
8o0qyfku,23,dq2m7s6u,180,trader_bridge_app,TradePage,1787761176,20,0,0
8o0qyfku,20,6swie1ys,180,trader_bridge_app,TradePage,1787761176,20,0,0
8o0qyfku,21,dltkzvxc,180,trader_bridge_app,TradePage,1787761176,20,0,0
8o0qyfku,24,dw5igqpq,180,trader_bridge_app,TradePage,1787761176,20,0,0
8o0qyfku,22,weju7mc9,180,trader_bridge_app,TradePage,1787761176,20,0,0
8o0qyfku,19,9d6cveb5,181,trader_bridge_app,PauseTradingSession,1787761177,20,0,1
8o0qyfku,20,6swie1ys,181,trader_bridge_app,PauseTradingSession,1787761177,20,0,1
8o0qyfku,21,dltkzvxc,181,trader_bridge_app,PauseTradingSession,1787761177,20,0,1
8o0qyfku,22,weju7mc9,181,trader_bridge_app,PauseTradingSession,1787761177,20,0,1
8o0qyfku,23,dq2m7s6u,181,trader_bridge_app,PauseTradingSession,1787761177,20,0,1
8o0qyfku,24,dw5igqpq,181,trader_bridge_app,PauseTradingSession,1787761177,20,0,1
8o0qyfku,14,yvu0j0px,192,trader_bridge_app,DayBreak,1787761179,21,0,0
8o0qyfku,24,dw5igqpq,183,trader_bridge_app,DayBreak,1787761180,20,0,0
8o0qyfku,20,6swie1ys,183,trader_bridge_app,DayBreak,1787761180,20,0,0
8o0qyfku,21,dltkzvxc,183,trader_bridge_app,DayBreak,1787761180,20,0,0
8o0qyfku,22,weju7mc9,183,trader_bridge_app,DayBreak,1787761180,20,0,0
8o0qyfku,16,3mu21szb,192,trader_bridge_app,DayBreak,1787761183,21,0,0
8o0qyfku,8,3hlfki3e,192,trader_bridge_app,DayBreak,1787761183,21,0,0
8o0qyfku,15,8m72ygxx,192,trader_bridge_app,DayBreak,1787761184,21,0,0
8o0qyfku,9,01xk5dk9,192,trader_bridge_app,DayBreak,1787761184,21,0,0
8o0qyfku,11,mrocn3qi,192,trader_bridge_app,DayBreak,1787761185,21,0,0
8o0qyfku,18,rdnkoe93,192,trader_bridge_app,DayBreak,1787761185,21,0,0
8o0qyfku,10,etak4i29,192,trader_bridge_app,DayBreak,1787761186,21,0,0
8o0qyfku,17,caoxz34q,192,trader_bridge_app,DayBreak,1787761186,21,0,0
8o0qyfku,7,00g81xoq,192,trader_bridge_app,DayBreak,1787761188,21,0,0
8o0qyfku,13,e70ixf6a,192,trader_bridge_app,DayBreak,1787761190,21,0,0
8o0qyfku,13,e70ixf6a,196,trader_bridge_app,ResumeTradingSession,1787761190,22,0,1
8o0qyfku,14,yvu0j0px,196,trader_bridge_app,ResumeTradingSession,1787761190,22,0,1
8o0qyfku,15,8m72ygxx,196,trader_bridge_app,ResumeTradingSession,1787761190,22,0,1
8o0qyfku,16,3mu21szb,196,trader_bridge_app,ResumeTradingSession,1787761190,22,0,1
8o0qyfku,17,caoxz34q,196,trader_bridge_app,ResumeTradingSession,1787761190,22,0,1
8o0qyfku,18,rdnkoe93,196,trader_bridge_app,ResumeTradingSession,1787761190,22,0,1
8o0qyfku,12,a9rbe355,192,trader_bridge_app,DayBreak,1787761193,21,0,0
8o0qyfku,7,00g81xoq,196,trader_bridge_app,ResumeTradingSession,1787761193,22,0,1
8o0qyfku,8,3hlfki3e,196,trader_bridge_app,ResumeTradingSession,1787761193,22,0,1
8o0qyfku,9,01xk5dk9,196,trader_bridge_app,ResumeTradingSession,1787761193,22,0,1
8o0qyfku,10,etak4i29,196,trader_bridge_app,ResumeTradingSession,1787761193,22,0,1
8o0qyfku,11,mrocn3qi,196,trader_bridge_app,ResumeTradingSession,1787761193,22,0,1
8o0qyfku,12,a9rbe355,196,trader_bridge_app,ResumeTradingSession,1787761193,22,0,1
8o0qyfku,19,9d6cveb5,183,trader_bridge_app,DayBreak,1787761197,20,1,0
8o0qyfku,23,dq2m7s6u,183,trader_bridge_app,DayBreak,1787761197,20,1,0
8o0qyfku,20,6swie1ys,187,trader_bridge_app,ResumeTradingSession,1787761198,21,0,1
8o0qyfku,19,9d6cveb5,187,trader_bridge_app,ResumeTradingSession,1787761198,21,0,1
8o0qyfku,21,dltkzvxc,187,trader_bridge_app,ResumeTradingSession,1787761198,21,0,1
8o0qyfku,22,weju7mc9,187,trader_bridge_app,ResumeTradingSession,1787761198,21,0,1
8o0qyfku,23,dq2m7s6u,187,trader_bridge_app,ResumeTradingSession,1787761198,21,0,1
8o0qyfku,24,dw5igqpq,187,trader_bridge_app,ResumeTradingSession,1787761198,21,0,1
8o0qyfku,32,46nfbn7d,198,trader_bridge_app,TradePage,1787761198,22,0,0
8o0qyfku,31,kavf29xw,198,trader_bridge_app,TradePage,1787761198,22,0,0
8o0qyfku,33,cxkynnyi,198,trader_bridge_app,TradePage,1787761198,22,0,0
8o0qyfku,34,obh2xbv7,198,trader_bridge_app,TradePage,1787761198,22,0,0
8o0qyfku,31,kavf29xw,199,trader_bridge_app,PauseTradingSession,1787761199,22,0,1
8o0qyfku,32,46nfbn7d,199,trader_bridge_app,PauseTradingSession,1787761199,22,0,1
8o0qyfku,33,cxkynnyi,199,trader_bridge_app,PauseTradingSession,1787761199,22,0,1
8o0qyfku,34,obh2xbv7,199,trader_bridge_app,PauseTradingSession,1787761199,22,0,1
8o0qyfku,31,kavf29xw,201,trader_bridge_app,DayBreak,1787761202,22,0,0
8o0qyfku,34,obh2xbv7,201,trader_bridge_app,DayBreak,1787761202,22,0,0
8o0qyfku,33,cxkynnyi,201,trader_bridge_app,DayBreak,1787761202,22,0,0
8o0qyfku,32,46nfbn7d,201,trader_bridge_app,DayBreak,1787761203,22,0,0
8o0qyfku,31,kavf29xw,205,trader_bridge_app,ResumeTradingSession,1787761203,23,0,1
8o0qyfku,32,46nfbn7d,205,trader_bridge_app,ResumeTradingSession,1787761203,23,0,1
8o0qyfku,33,cxkynnyi,205,trader_bridge_app,ResumeTradingSession,1787761203,23,0,1
8o0qyfku,34,obh2xbv7,205,trader_bridge_app,ResumeTradingSession,1787761203,23,0,1
8o0qyfku,26,icxcbb3j,189,trader_bridge_app,TradePage,1787761206,21,0,0
8o0qyfku,25,1j25lcg3,189,trader_bridge_app,TradePage,1787761206,21,0,0
8o0qyfku,27,2dz5zxb2,189,trader_bridge_app,TradePage,1787761206,21,0,0
8o0qyfku,29,sgu796fi,189,trader_bridge_app,TradePage,1787761207,21,0,0
8o0qyfku,30,w7s9esrf,189,trader_bridge_app,TradePage,1787761207,21,0,0
8o0qyfku,28,108ssdya,189,trader_bridge_app,TradePage,1787761207,21,0,0
8o0qyfku,25,1j25lcg3,190,trader_bridge_app,PauseTradingSession,1787761207,21,0,1
8o0qyfku,26,icxcbb3j,190,trader_bridge_app,PauseTradingSession,1787761207,21,0,1
8o0qyfku,27,2dz5zxb2,190,trader_bridge_app,PauseTradingSession,1787761207,21,0,1
8o0qyfku,28,108ssdya,190,trader_bridge_app,PauseTradingSession,1787761207,21,0,1
8o0qyfku,29,sgu796fi,190,trader_bridge_app,PauseTradingSession,1787761207,21,0,1
8o0qyfku,30,w7s9esrf,190,trader_bridge_app,PauseTradingSession,1787761207,21,0,1
8o0qyfku,28,108ssdya,192,trader_bridge_app,DayBreak,1787761217,21,0,0
8o0qyfku,26,icxcbb3j,192,trader_bridge_app,DayBreak,1787761219,21,0,0
8o0qyfku,27,2dz5zxb2,192,trader_bridge_app,DayBreak,1787761219,21,0,0
8o0qyfku,29,sgu796fi,192,trader_bridge_app,DayBreak,1787761220,21,0,0
8o0qyfku,25,1j25lcg3,192,trader_bridge_app,DayBreak,1787761223,21,0,0
8o0qyfku,30,w7s9esrf,192,trader_bridge_app,DayBreak,1787761225,21,0,0
8o0qyfku,29,sgu796fi,196,trader_bridge_app,ResumeTradingSession,1787761226,22,0,1
8o0qyfku,30,w7s9esrf,196,trader_bridge_app,ResumeTradingSession,1787761226,22,0,1
8o0qyfku,25,1j25lcg3,196,trader_bridge_app,ResumeTradingSession,1787761226,22,0,1
8o0qyfku,26,icxcbb3j,196,trader_bridge_app,ResumeTradingSession,1787761226,22,0,1
8o0qyfku,27,2dz5zxb2,196,trader_bridge_app,ResumeTradingSession,1787761226,22,0,1
8o0qyfku,28,108ssdya,196,trader_bridge_app,ResumeTradingSession,1787761226,22,0,1
8o0qyfku,2,q5e90cmj,180,trader_bridge_app,TradePage,1787761227,20,0,0
8o0qyfku,5,nmgjkj32,180,trader_bridge_app,TradePage,1787761227,20,0,0
8o0qyfku,3,zp1owmpd,180,trader_bridge_app,TradePage,1787761227,20,0,0
8o0qyfku,1,5ldlcszn,180,trader_bridge_app,TradePage,1787761227,20,0,0
8o0qyfku,6,cjmxcmcd,180,trader_bridge_app,TradePage,1787761227,20,0,0
8o0qyfku,4,yq2xbma3,180,trader_bridge_app,TradePage,1787761227,20,0,0
8o0qyfku,4,yq2xbma3,181,trader_bridge_app,PauseTradingSession,1787761228,20,0,1
8o0qyfku,5,nmgjkj32,181,trader_bridge_app,PauseTradingSession,1787761228,20,0,1
8o0qyfku,6,cjmxcmcd,181,trader_bridge_app,PauseTradingSession,1787761228,20,0,1
8o0qyfku,1,5ldlcszn,181,trader_bridge_app,PauseTradingSession,1787761228,20,0,1
8o0qyfku,2,q5e90cmj,181,trader_bridge_app,PauseTradingSession,1787761228,20,0,1
8o0qyfku,3,zp1owmpd,181,trader_bridge_app,PauseTradingSession,1787761228,20,0,1
8o0qyfku,2,q5e90cmj,183,trader_bridge_app,DayBreak,1787761231,20,0,0
8o0qyfku,3,zp1owmpd,183,trader_bridge_app,DayBreak,1787761233,20,0,0
8o0qyfku,4,yq2xbma3,183,trader_bridge_app,DayBreak,1787761235,20,0,0
8o0qyfku,6,cjmxcmcd,183,trader_bridge_app,DayBreak,1787761235,20,0,0
8o0qyfku,1,5ldlcszn,183,trader_bridge_app,DayBreak,1787761236,20,0,0
8o0qyfku,5,nmgjkj32,183,trader_bridge_app,DayBreak,1787761237,20,0,0
8o0qyfku,1,5ldlcszn,187,trader_bridge_app,ResumeTradingSession,1787761237,21,0,1
8o0qyfku,2,q5e90cmj,187,trader_bridge_app,ResumeTradingSession,1787761237,21,0,1
8o0qyfku,3,zp1owmpd,187,trader_bridge_app,ResumeTradingSession,1787761237,21,0,1
8o0qyfku,4,yq2xbma3,187,trader_bridge_app,ResumeTradingSession,1787761237,21,0,1
8o0qyfku,5,nmgjkj32,187,trader_bridge_app,ResumeTradingSession,1787761237,21,0,1
8o0qyfku,6,cjmxcmcd,187,trader_bridge_app,ResumeTradingSession,1787761237,21,0,1
8o0qyfku,13,e70ixf6a,198,trader_bridge_app,TradePage,1787761251,22,0,0
8o0qyfku,16,3mu21szb,198,trader_bridge_app,TradePage,1787761251,22,0,0
8o0qyfku,14,yvu0j0px,198,trader_bridge_app,TradePage,1787761251,22,0,0
8o0qyfku,17,caoxz34q,198,trader_bridge_app,TradePage,1787761252,22,0,0
8o0qyfku,15,8m72ygxx,198,trader_bridge_app,TradePage,1787761252,22,0,0
8o0qyfku,18,rdnkoe93,198,trader_bridge_app,TradePage,1787761252,22,0,0
8o0qyfku,13,e70ixf6a,199,trader_bridge_app,PauseTradingSession,1787761252,22,0,1
8o0qyfku,14,yvu0j0px,199,trader_bridge_app,PauseTradingSession,1787761252,22,0,1
8o0qyfku,15,8m72ygxx,199,trader_bridge_app,PauseTradingSession,1787761252,22,0,1
8o0qyfku,16,3mu21szb,199,trader_bridge_app,PauseTradingSession,1787761252,22,0,1
8o0qyfku,17,caoxz34q,199,trader_bridge_app,PauseTradingSession,1787761252,22,0,1
8o0qyfku,18,rdnkoe93,199,trader_bridge_app,PauseTradingSession,1787761252,22,0,1
8o0qyfku,12,a9rbe355,198,trader_bridge_app,TradePage,1787761254,22,0,0
8o0qyfku,7,00g81xoq,198,trader_bridge_app,TradePage,1787761254,22,0,0
8o0qyfku,10,etak4i29,198,trader_bridge_app,TradePage,1787761254,22,0,0
8o0qyfku,9,01xk5dk9,198,trader_bridge_app,TradePage,1787761254,22,0,0
8o0qyfku,8,3hlfki3e,198,trader_bridge_app,TradePage,1787761254,22,0,0
8o0qyfku,11,mrocn3qi,198,trader_bridge_app,TradePage,1787761254,22,0,0
8o0qyfku,11,mrocn3qi,199,trader_bridge_app,PauseTradingSession,1787761255,22,0,1
8o0qyfku,12,a9rbe355,199,trader_bridge_app,PauseTradingSession,1787761255,22,0,1
8o0qyfku,7,00g81xoq,199,trader_bridge_app,PauseTradingSession,1787761255,22,0,1
8o0qyfku,8,3hlfki3e,199,trader_bridge_app,PauseTradingSession,1787761255,22,0,1
8o0qyfku,9,01xk5dk9,199,trader_bridge_app,PauseTradingSession,1787761255,22,0,1
8o0qyfku,10,etak4i29,199,trader_bridge_app,PauseTradingSession,1787761255,22,0,1
8o0qyfku,14,yvu0j0px,201,trader_bridge_app,DayBreak,1787761256,22,0,0
8o0qyfku,18,rdnkoe93,201,trader_bridge_app,DayBreak,1787761257,22,0,0
8o0qyfku,13,e70ixf6a,201,trader_bridge_app,DayBreak,1787761258,22,0,0
8o0qyfku,15,8m72ygxx,201,trader_bridge_app,DayBreak,1787761259,22,0,0
8o0qyfku,23,dq2m7s6u,189,trader_bridge_app,TradePage,1787761259,21,0,0
8o0qyfku,24,dw5igqpq,189,trader_bridge_app,TradePage,1787761259,21,0,0
8o0qyfku,9,01xk5dk9,201,trader_bridge_app,DayBreak,1787761259,22,0,0
8o0qyfku,20,6swie1ys,189,trader_bridge_app,TradePage,1787761259,21,0,0
8o0qyfku,22,weju7mc9,189,trader_bridge_app,TradePage,1787761259,21,0,0
8o0qyfku,16,3mu21szb,201,trader_bridge_app,DayBreak,1787761259,22,0,0
8o0qyfku,21,dltkzvxc,189,trader_bridge_app,TradePage,1787761259,21,0,0
8o0qyfku,19,9d6cveb5,189,trader_bridge_app,TradePage,1787761260,21,0,0
8o0qyfku,19,9d6cveb5,190,trader_bridge_app,PauseTradingSession,1787761260,21,0,1
8o0qyfku,20,6swie1ys,190,trader_bridge_app,PauseTradingSession,1787761260,21,0,1
8o0qyfku,21,dltkzvxc,190,trader_bridge_app,PauseTradingSession,1787761260,21,0,1
8o0qyfku,22,weju7mc9,190,trader_bridge_app,PauseTradingSession,1787761260,21,0,1
8o0qyfku,23,dq2m7s6u,190,trader_bridge_app,PauseTradingSession,1787761260,21,0,1
8o0qyfku,24,dw5igqpq,190,trader_bridge_app,PauseTradingSession,1787761260,21,0,1
8o0qyfku,8,3hlfki3e,201,trader_bridge_app,DayBreak,1787761260,22,0,0
8o0qyfku,11,mrocn3qi,201,trader_bridge_app,DayBreak,1787761260,22,0,0
8o0qyfku,32,46nfbn7d,207,trader_bridge_app,TradePage,1787761264,23,0,0
8o0qyfku,31,kavf29xw,207,trader_bridge_app,TradePage,1787761264,23,0,0
8o0qyfku,33,cxkynnyi,207,trader_bridge_app,TradePage,1787761264,23,0,0
8o0qyfku,34,obh2xbv7,207,trader_bridge_app,TradePage,1787761264,23,0,0
8o0qyfku,31,kavf29xw,208,trader_bridge_app,PauseTradingSession,1787761265,23,0,1
8o0qyfku,32,46nfbn7d,208,trader_bridge_app,PauseTradingSession,1787761265,23,0,1
8o0qyfku,33,cxkynnyi,208,trader_bridge_app,PauseTradingSession,1787761265,23,0,1
8o0qyfku,34,obh2xbv7,208,trader_bridge_app,PauseTradingSession,1787761265,23,0,1
8o0qyfku,12,a9rbe355,201,trader_bridge_app,DayBreak,1787761265,22,0,0
8o0qyfku,17,caoxz34q,201,trader_bridge_app,DayBreak,1787761266,22,0,0
8o0qyfku,13,e70ixf6a,205,trader_bridge_app,ResumeTradingSession,1787761266,23,0,1
8o0qyfku,14,yvu0j0px,205,trader_bridge_app,ResumeTradingSession,1787761266,23,0,1
8o0qyfku,15,8m72ygxx,205,trader_bridge_app,ResumeTradingSession,1787761266,23,0,1
8o0qyfku,16,3mu21szb,205,trader_bridge_app,ResumeTradingSession,1787761266,23,0,1
8o0qyfku,17,caoxz34q,205,trader_bridge_app,ResumeTradingSession,1787761266,23,0,1
8o0qyfku,18,rdnkoe93,205,trader_bridge_app,ResumeTradingSession,1787761266,23,0,1
8o0qyfku,10,etak4i29,201,trader_bridge_app,DayBreak,1787761267,22,0,0
8o0qyfku,33,cxkynnyi,210,trader_bridge_app,DayBreak,1787761268,23,0,0
8o0qyfku,34,obh2xbv7,210,trader_bridge_app,DayBreak,1787761268,23,0,0
8o0qyfku,31,kavf29xw,210,trader_bridge_app,DayBreak,1787761268,23,0,0
8o0qyfku,21,dltkzvxc,192,trader_bridge_app,DayBreak,1787761270,21,0,0
8o0qyfku,32,46nfbn7d,210,trader_bridge_app,DayBreak,1787761272,23,0,0
8o0qyfku,33,cxkynnyi,214,trader_bridge_app,ResumeTradingSession,1787761272,24,0,1
8o0qyfku,34,obh2xbv7,214,trader_bridge_app,ResumeTradingSession,1787761272,24,0,1
8o0qyfku,31,kavf29xw,214,trader_bridge_app,ResumeTradingSession,1787761272,24,0,1
8o0qyfku,32,46nfbn7d,214,trader_bridge_app,ResumeTradingSession,1787761272,24,0,1
8o0qyfku,24,dw5igqpq,192,trader_bridge_app,DayBreak,1787761272,21,0,0
8o0qyfku,20,6swie1ys,192,trader_bridge_app,DayBreak,1787761275,21,0,0
8o0qyfku,7,00g81xoq,201,trader_bridge_app,DayBreak,1787761276,22,1,0
8o0qyfku,7,00g81xoq,205,trader_bridge_app,ResumeTradingSession,1787761276,23,0,1
8o0qyfku,8,3hlfki3e,205,trader_bridge_app,ResumeTradingSession,1787761276,23,0,1
8o0qyfku,9,01xk5dk9,205,trader_bridge_app,ResumeTradingSession,1787761276,23,0,1
8o0qyfku,10,etak4i29,205,trader_bridge_app,ResumeTradingSession,1787761276,23,0,1
8o0qyfku,11,mrocn3qi,205,trader_bridge_app,ResumeTradingSession,1787761276,23,0,1
8o0qyfku,12,a9rbe355,205,trader_bridge_app,ResumeTradingSession,1787761276,23,0,1
8o0qyfku,22,weju7mc9,192,trader_bridge_app,DayBreak,1787761276,21,0,0
8o0qyfku,23,dq2m7s6u,192,trader_bridge_app,DayBreak,1787761281,21,1,0
8o0qyfku,19,9d6cveb5,192,trader_bridge_app,DayBreak,1787761282,21,1,0
8o0qyfku,19,9d6cveb5,196,trader_bridge_app,ResumeTradingSession,1787761282,22,0,1
8o0qyfku,20,6swie1ys,196,trader_bridge_app,ResumeTradingSession,1787761282,22,0,1
8o0qyfku,21,dltkzvxc,196,trader_bridge_app,ResumeTradingSession,1787761282,22,0,1
8o0qyfku,22,weju7mc9,196,trader_bridge_app,ResumeTradingSession,1787761282,22,0,1
8o0qyfku,23,dq2m7s6u,196,trader_bridge_app,ResumeTradingSession,1787761282,22,0,1
8o0qyfku,24,dw5igqpq,196,trader_bridge_app,ResumeTradingSession,1787761282,22,0,1
8o0qyfku,30,w7s9esrf,198,trader_bridge_app,TradePage,1787761287,22,0,0
8o0qyfku,25,1j25lcg3,198,trader_bridge_app,TradePage,1787761287,22,0,0
8o0qyfku,28,108ssdya,198,trader_bridge_app,TradePage,1787761287,22,0,0
8o0qyfku,29,sgu796fi,198,trader_bridge_app,TradePage,1787761287,22,0,0
8o0qyfku,27,2dz5zxb2,198,trader_bridge_app,TradePage,1787761287,22,0,0
8o0qyfku,26,icxcbb3j,198,trader_bridge_app,TradePage,1787761287,22,0,0
8o0qyfku,27,2dz5zxb2,199,trader_bridge_app,PauseTradingSession,1787761288,22,0,1
8o0qyfku,28,108ssdya,199,trader_bridge_app,PauseTradingSession,1787761288,22,0,1
8o0qyfku,29,sgu796fi,199,trader_bridge_app,PauseTradingSession,1787761288,22,0,1
8o0qyfku,30,w7s9esrf,199,trader_bridge_app,PauseTradingSession,1787761288,22,0,1
8o0qyfku,25,1j25lcg3,199,trader_bridge_app,PauseTradingSession,1787761288,22,0,1
8o0qyfku,26,icxcbb3j,199,trader_bridge_app,PauseTradingSession,1787761288,22,0,1
8o0qyfku,27,2dz5zxb2,201,trader_bridge_app,DayBreak,1787761290,22,0,0
8o0qyfku,28,108ssdya,201,trader_bridge_app,DayBreak,1787761291,22,0,0
8o0qyfku,30,w7s9esrf,201,trader_bridge_app,DayBreak,1787761294,22,0,0
8o0qyfku,26,icxcbb3j,201,trader_bridge_app,DayBreak,1787761294,22,0,0
8o0qyfku,29,sgu796fi,201,trader_bridge_app,DayBreak,1787761296,22,0,0
8o0qyfku,25,1j25lcg3,201,trader_bridge_app,DayBreak,1787761297,22,0,0
8o0qyfku,25,1j25lcg3,205,trader_bridge_app,ResumeTradingSession,1787761297,23,0,1
8o0qyfku,26,icxcbb3j,205,trader_bridge_app,ResumeTradingSession,1787761297,23,0,1
8o0qyfku,27,2dz5zxb2,205,trader_bridge_app,ResumeTradingSession,1787761297,23,0,1
8o0qyfku,28,108ssdya,205,trader_bridge_app,ResumeTradingSession,1787761297,23,0,1
8o0qyfku,29,sgu796fi,205,trader_bridge_app,ResumeTradingSession,1787761297,23,0,1
8o0qyfku,30,w7s9esrf,205,trader_bridge_app,ResumeTradingSession,1787761297,23,0,1
8o0qyfku,5,nmgjkj32,189,trader_bridge_app,TradePage,1787761299,21,0,0
8o0qyfku,1,5ldlcszn,189,trader_bridge_app,TradePage,1787761299,21,0,0
8o0qyfku,2,q5e90cmj,189,trader_bridge_app,TradePage,1787761299,21,0,0
8o0qyfku,6,cjmxcmcd,189,trader_bridge_app,TradePage,1787761299,21,0,0
8o0qyfku,3,zp1owmpd,189,trader_bridge_app,TradePage,1787761299,21,0,0
8o0qyfku,4,yq2xbma3,189,trader_bridge_app,TradePage,1787761299,21,0,0
8o0qyfku,6,cjmxcmcd,190,trader_bridge_app,PauseTradingSession,1787761299,21,0,1
8o0qyfku,1,5ldlcszn,190,trader_bridge_app,PauseTradingSession,1787761299,21,0,1
8o0qyfku,2,q5e90cmj,190,trader_bridge_app,PauseTradingSession,1787761299,21,0,1
8o0qyfku,3,zp1owmpd,190,trader_bridge_app,PauseTradingSession,1787761299,21,0,1
8o0qyfku,4,yq2xbma3,190,trader_bridge_app,PauseTradingSession,1787761299,21,0,1
8o0qyfku,5,nmgjkj32,190,trader_bridge_app,PauseTradingSession,1787761299,21,0,1
8o0qyfku,4,yq2xbma3,192,trader_bridge_app,DayBreak,1787761309,21,0,0
8o0qyfku,1,5ldlcszn,192,trader_bridge_app,DayBreak,1787761310,21,0,0
8o0qyfku,5,nmgjkj32,192,trader_bridge_app,DayBreak,1787761311,21,0,0
8o0qyfku,2,q5e90cmj,192,trader_bridge_app,DayBreak,1787761313,21,0,0
8o0qyfku,6,cjmxcmcd,192,trader_bridge_app,DayBreak,1787761316,21,0,0
8o0qyfku,3,zp1owmpd,192,trader_bridge_app,DayBreak,1787761320,21,1,0
8o0qyfku,2,q5e90cmj,196,trader_bridge_app,ResumeTradingSession,1787761321,22,0,1
8o0qyfku,3,zp1owmpd,196,trader_bridge_app,ResumeTradingSession,1787761321,22,0,1
8o0qyfku,4,yq2xbma3,196,trader_bridge_app,ResumeTradingSession,1787761321,22,0,1
8o0qyfku,5,nmgjkj32,196,trader_bridge_app,ResumeTradingSession,1787761321,22,0,1
8o0qyfku,6,cjmxcmcd,196,trader_bridge_app,ResumeTradingSession,1787761321,22,0,1
8o0qyfku,1,5ldlcszn,196,trader_bridge_app,ResumeTradingSession,1787761321,22,0,1
8o0qyfku,17,caoxz34q,207,trader_bridge_app,TradePage,1787761327,23,0,0
8o0qyfku,14,yvu0j0px,207,trader_bridge_app,TradePage,1787761327,23,0,0
8o0qyfku,13,e70ixf6a,207,trader_bridge_app,TradePage,1787761327,23,0,0
8o0qyfku,16,3mu21szb,207,trader_bridge_app,TradePage,1787761327,23,0,0
8o0qyfku,18,rdnkoe93,207,trader_bridge_app,TradePage,1787761327,23,0,0
8o0qyfku,15,8m72ygxx,207,trader_bridge_app,TradePage,1787761327,23,0,0
8o0qyfku,13,e70ixf6a,208,trader_bridge_app,PauseTradingSession,1787761328,23,0,1
8o0qyfku,14,yvu0j0px,208,trader_bridge_app,PauseTradingSession,1787761328,23,0,1
8o0qyfku,15,8m72ygxx,208,trader_bridge_app,PauseTradingSession,1787761328,23,0,1
8o0qyfku,16,3mu21szb,208,trader_bridge_app,PauseTradingSession,1787761328,23,0,1
8o0qyfku,17,caoxz34q,208,trader_bridge_app,PauseTradingSession,1787761328,23,0,1
8o0qyfku,18,rdnkoe93,208,trader_bridge_app,PauseTradingSession,1787761328,23,0,1
8o0qyfku,14,yvu0j0px,210,trader_bridge_app,DayBreak,1787761332,23,0,0
8o0qyfku,18,rdnkoe93,210,trader_bridge_app,DayBreak,1787761332,23,0,0
8o0qyfku,17,caoxz34q,210,trader_bridge_app,DayBreak,1787761333,23,0,0
8o0qyfku,32,46nfbn7d,216,trader_bridge_app,TradePage,1787761333,24,0,0
8o0qyfku,31,kavf29xw,216,trader_bridge_app,TradePage,1787761333,24,0,0
8o0qyfku,33,cxkynnyi,216,trader_bridge_app,TradePage,1787761333,24,0,0
8o0qyfku,16,3mu21szb,210,trader_bridge_app,DayBreak,1787761333,23,0,0
8o0qyfku,34,obh2xbv7,216,trader_bridge_app,TradePage,1787761333,24,0,0
8o0qyfku,34,obh2xbv7,217,trader_bridge_app,PauseTradingSession,1787761333,24,0,1
8o0qyfku,31,kavf29xw,217,trader_bridge_app,PauseTradingSession,1787761333,24,0,1
8o0qyfku,32,46nfbn7d,217,trader_bridge_app,PauseTradingSession,1787761333,24,0,1
8o0qyfku,33,cxkynnyi,217,trader_bridge_app,PauseTradingSession,1787761333,24,0,1
8o0qyfku,13,e70ixf6a,210,trader_bridge_app,DayBreak,1787761334,23,0,0
8o0qyfku,7,00g81xoq,207,trader_bridge_app,TradePage,1787761337,23,0,0
8o0qyfku,11,mrocn3qi,207,trader_bridge_app,TradePage,1787761337,23,0,0
8o0qyfku,8,3hlfki3e,207,trader_bridge_app,TradePage,1787761338,23,0,0
8o0qyfku,12,a9rbe355,207,trader_bridge_app,TradePage,1787761338,23,0,0
8o0qyfku,9,01xk5dk9,207,trader_bridge_app,TradePage,1787761338,23,0,0
8o0qyfku,10,etak4i29,207,trader_bridge_app,TradePage,1787761338,23,0,0
8o0qyfku,7,00g81xoq,208,trader_bridge_app,PauseTradingSession,1787761338,23,0,1
8o0qyfku,8,3hlfki3e,208,trader_bridge_app,PauseTradingSession,1787761338,23,0,1
8o0qyfku,9,01xk5dk9,208,trader_bridge_app,PauseTradingSession,1787761338,23,0,1
8o0qyfku,10,etak4i29,208,trader_bridge_app,PauseTradingSession,1787761338,23,0,1
8o0qyfku,11,mrocn3qi,208,trader_bridge_app,PauseTradingSession,1787761338,23,0,1
8o0qyfku,12,a9rbe355,208,trader_bridge_app,PauseTradingSession,1787761338,23,0,1
8o0qyfku,31,kavf29xw,219,trader_bridge_app,DayBreak,1787761340,24,0,0
8o0qyfku,8,3hlfki3e,210,trader_bridge_app,DayBreak,1787761341,23,0,0
8o0qyfku,11,mrocn3qi,210,trader_bridge_app,DayBreak,1787761341,23,0,0
8o0qyfku,9,01xk5dk9,210,trader_bridge_app,DayBreak,1787761342,23,0,0
8o0qyfku,10,etak4i29,210,trader_bridge_app,DayBreak,1787761343,23,0,0
8o0qyfku,19,9d6cveb5,198,trader_bridge_app,TradePage,1787761343,22,0,0
8o0qyfku,33,cxkynnyi,219,trader_bridge_app,DayBreak,1787761343,24,0,0
8o0qyfku,23,dq2m7s6u,198,trader_bridge_app,TradePage,1787761343,22,0,0
8o0qyfku,20,6swie1ys,198,trader_bridge_app,TradePage,1787761343,22,0,0
8o0qyfku,21,dltkzvxc,198,trader_bridge_app,TradePage,1787761344,22,0,0
8o0qyfku,22,weju7mc9,198,trader_bridge_app,TradePage,1787761344,22,0,0
8o0qyfku,24,dw5igqpq,198,trader_bridge_app,TradePage,1787761344,22,0,0
8o0qyfku,19,9d6cveb5,199,trader_bridge_app,PauseTradingSession,1787761344,22,0,1
8o0qyfku,20,6swie1ys,199,trader_bridge_app,PauseTradingSession,1787761344,22,0,1
8o0qyfku,21,dltkzvxc,199,trader_bridge_app,PauseTradingSession,1787761344,22,0,1
8o0qyfku,22,weju7mc9,199,trader_bridge_app,PauseTradingSession,1787761344,22,0,1
8o0qyfku,23,dq2m7s6u,199,trader_bridge_app,PauseTradingSession,1787761344,22,0,1
8o0qyfku,24,dw5igqpq,199,trader_bridge_app,PauseTradingSession,1787761344,22,0,1
8o0qyfku,34,obh2xbv7,219,trader_bridge_app,DayBreak,1787761346,24,0,0
8o0qyfku,24,dw5igqpq,201,trader_bridge_app,DayBreak,1787761347,22,0,0
8o0qyfku,19,9d6cveb5,201,trader_bridge_app,DayBreak,1787761347,22,0,0
8o0qyfku,21,dltkzvxc,201,trader_bridge_app,DayBreak,1787761348,22,0,0
8o0qyfku,20,6swie1ys,201,trader_bridge_app,DayBreak,1787761348,22,0,0
8o0qyfku,7,00g81xoq,210,trader_bridge_app,DayBreak,1787761349,23,0,0
8o0qyfku,12,a9rbe355,210,trader_bridge_app,DayBreak,1787761349,23,0,0
8o0qyfku,15,8m72ygxx,210,trader_bridge_app,DayBreak,1787761349,23,1,0
8o0qyfku,7,00g81xoq,214,trader_bridge_app,ResumeTradingSession,1787761349,24,0,1
8o0qyfku,8,3hlfki3e,214,trader_bridge_app,ResumeTradingSession,1787761349,24,0,1
8o0qyfku,9,01xk5dk9,214,trader_bridge_app,ResumeTradingSession,1787761349,24,0,1
8o0qyfku,10,etak4i29,214,trader_bridge_app,ResumeTradingSession,1787761349,24,0,1
8o0qyfku,11,mrocn3qi,214,trader_bridge_app,ResumeTradingSession,1787761349,24,0,1
8o0qyfku,12,a9rbe355,214,trader_bridge_app,ResumeTradingSession,1787761349,24,0,1
8o0qyfku,13,e70ixf6a,214,trader_bridge_app,ResumeTradingSession,1787761349,24,0,1
8o0qyfku,14,yvu0j0px,214,trader_bridge_app,ResumeTradingSession,1787761349,24,0,1
8o0qyfku,15,8m72ygxx,214,trader_bridge_app,ResumeTradingSession,1787761349,24,0,1
8o0qyfku,16,3mu21szb,214,trader_bridge_app,ResumeTradingSession,1787761349,24,0,1
8o0qyfku,17,caoxz34q,214,trader_bridge_app,ResumeTradingSession,1787761349,24,0,1
8o0qyfku,18,rdnkoe93,214,trader_bridge_app,ResumeTradingSession,1787761349,24,0,1
8o0qyfku,22,weju7mc9,201,trader_bridge_app,DayBreak,1787761349,22,0,0
8o0qyfku,32,46nfbn7d,219,trader_bridge_app,DayBreak,1787761354,24,1,0
8o0qyfku,31,kavf29xw,223,trader_bridge_app,ResumeTradingSession,1787761354,25,0,1
8o0qyfku,32,46nfbn7d,223,trader_bridge_app,ResumeTradingSession,1787761354,25,0,1
8o0qyfku,33,cxkynnyi,223,trader_bridge_app,ResumeTradingSession,1787761354,25,0,1
8o0qyfku,34,obh2xbv7,223,trader_bridge_app,ResumeTradingSession,1787761354,25,0,1
8o0qyfku,25,1j25lcg3,207,trader_bridge_app,TradePage,1787761358,23,0,0
8o0qyfku,30,w7s9esrf,207,trader_bridge_app,TradePage,1787761358,23,0,0
8o0qyfku,29,sgu796fi,207,trader_bridge_app,TradePage,1787761358,23,0,0
8o0qyfku,28,108ssdya,207,trader_bridge_app,TradePage,1787761358,23,0,0
8o0qyfku,26,icxcbb3j,207,trader_bridge_app,TradePage,1787761359,23,0,0
8o0qyfku,27,2dz5zxb2,207,trader_bridge_app,TradePage,1787761359,23,0,0
8o0qyfku,25,1j25lcg3,208,trader_bridge_app,PauseTradingSession,1787761359,23,0,1
8o0qyfku,26,icxcbb3j,208,trader_bridge_app,PauseTradingSession,1787761359,23,0,1
8o0qyfku,27,2dz5zxb2,208,trader_bridge_app,PauseTradingSession,1787761359,23,0,1
8o0qyfku,29,sgu796fi,208,trader_bridge_app,PauseTradingSession,1787761359,23,0,1
8o0qyfku,28,108ssdya,208,trader_bridge_app,PauseTradingSession,1787761359,23,0,1
8o0qyfku,30,w7s9esrf,208,trader_bridge_app,PauseTradingSession,1787761359,23,0,1
8o0qyfku,28,108ssdya,210,trader_bridge_app,DayBreak,1787761361,23,0,0
8o0qyfku,27,2dz5zxb2,210,trader_bridge_app,DayBreak,1787761362,23,0,0
8o0qyfku,30,w7s9esrf,210,trader_bridge_app,DayBreak,1787761363,23,0,0
8o0qyfku,26,icxcbb3j,210,trader_bridge_app,DayBreak,1787761364,23,0,0
8o0qyfku,23,dq2m7s6u,201,trader_bridge_app,DayBreak,1787761365,22,1,0
8o0qyfku,19,9d6cveb5,205,trader_bridge_app,ResumeTradingSession,1787761365,23,0,1
8o0qyfku,20,6swie1ys,205,trader_bridge_app,ResumeTradingSession,1787761365,23,0,1
8o0qyfku,21,dltkzvxc,205,trader_bridge_app,ResumeTradingSession,1787761365,23,0,1
8o0qyfku,22,weju7mc9,205,trader_bridge_app,ResumeTradingSession,1787761365,23,0,1
8o0qyfku,23,dq2m7s6u,205,trader_bridge_app,ResumeTradingSession,1787761365,23,0,1
8o0qyfku,24,dw5igqpq,205,trader_bridge_app,ResumeTradingSession,1787761365,23,0,1
8o0qyfku,25,1j25lcg3,210,trader_bridge_app,DayBreak,1787761366,23,0,0
8o0qyfku,29,sgu796fi,210,trader_bridge_app,DayBreak,1787761366,23,0,0
8o0qyfku,25,1j25lcg3,214,trader_bridge_app,ResumeTradingSession,1787761367,24,0,1
8o0qyfku,26,icxcbb3j,214,trader_bridge_app,ResumeTradingSession,1787761367,24,0,1
8o0qyfku,27,2dz5zxb2,214,trader_bridge_app,ResumeTradingSession,1787761367,24,0,1
8o0qyfku,28,108ssdya,214,trader_bridge_app,ResumeTradingSession,1787761367,24,0,1
8o0qyfku,29,sgu796fi,214,trader_bridge_app,ResumeTradingSession,1787761367,24,0,1
8o0qyfku,30,w7s9esrf,214,trader_bridge_app,ResumeTradingSession,1787761367,24,0,1
8o0qyfku,3,zp1owmpd,198,trader_bridge_app,TradePage,1787761382,22,0,0
8o0qyfku,2,q5e90cmj,198,trader_bridge_app,TradePage,1787761382,22,0,0
8o0qyfku,1,5ldlcszn,198,trader_bridge_app,TradePage,1787761382,22,0,0
8o0qyfku,5,nmgjkj32,198,trader_bridge_app,TradePage,1787761382,22,0,0
8o0qyfku,6,cjmxcmcd,198,trader_bridge_app,TradePage,1787761382,22,0,0
8o0qyfku,4,yq2xbma3,198,trader_bridge_app,TradePage,1787761382,22,0,0
8o0qyfku,1,5ldlcszn,199,trader_bridge_app,PauseTradingSession,1787761383,22,0,1
8o0qyfku,2,q5e90cmj,199,trader_bridge_app,PauseTradingSession,1787761383,22,0,1
8o0qyfku,3,zp1owmpd,199,trader_bridge_app,PauseTradingSession,1787761383,22,0,1
8o0qyfku,4,yq2xbma3,199,trader_bridge_app,PauseTradingSession,1787761383,22,0,1
8o0qyfku,5,nmgjkj32,199,trader_bridge_app,PauseTradingSession,1787761383,22,0,1
8o0qyfku,6,cjmxcmcd,199,trader_bridge_app,PauseTradingSession,1787761383,22,0,1
8o0qyfku,4,yq2xbma3,201,trader_bridge_app,DayBreak,1787761386,22,0,0
8o0qyfku,3,zp1owmpd,201,trader_bridge_app,DayBreak,1787761387,22,0,0
8o0qyfku,1,5ldlcszn,201,trader_bridge_app,DayBreak,1787761388,22,0,0
8o0qyfku,6,cjmxcmcd,201,trader_bridge_app,DayBreak,1787761389,22,0,0
8o0qyfku,2,q5e90cmj,201,trader_bridge_app,DayBreak,1787761392,22,0,0
8o0qyfku,5,nmgjkj32,201,trader_bridge_app,DayBreak,1787761404,22,1,0
8o0qyfku,1,5ldlcszn,205,trader_bridge_app,ResumeTradingSession,1787761404,23,0,1
8o0qyfku,2,q5e90cmj,205,trader_bridge_app,ResumeTradingSession,1787761404,23,0,1
8o0qyfku,3,zp1owmpd,205,trader_bridge_app,ResumeTradingSession,1787761404,23,0,1
8o0qyfku,4,yq2xbma3,205,trader_bridge_app,ResumeTradingSession,1787761404,23,0,1
8o0qyfku,5,nmgjkj32,205,trader_bridge_app,ResumeTradingSession,1787761404,23,0,1
8o0qyfku,6,cjmxcmcd,205,trader_bridge_app,ResumeTradingSession,1787761404,23,0,1
8o0qyfku,7,00g81xoq,216,trader_bridge_app,TradePage,1787761410,24,0,0
8o0qyfku,12,a9rbe355,216,trader_bridge_app,TradePage,1787761410,24,0,0
8o0qyfku,9,01xk5dk9,216,trader_bridge_app,TradePage,1787761410,24,0,0
8o0qyfku,15,8m72ygxx,216,trader_bridge_app,TradePage,1787761411,24,0,0
8o0qyfku,11,mrocn3qi,216,trader_bridge_app,TradePage,1787761411,24,0,0
8o0qyfku,10,etak4i29,216,trader_bridge_app,TradePage,1787761411,24,0,0
8o0qyfku,8,3hlfki3e,216,trader_bridge_app,TradePage,1787761411,24,0,0
8o0qyfku,18,rdnkoe93,216,trader_bridge_app,TradePage,1787761411,24,0,0
8o0qyfku,16,3mu21szb,216,trader_bridge_app,TradePage,1787761411,24,0,0
8o0qyfku,13,e70ixf6a,216,trader_bridge_app,TradePage,1787761411,24,0,0
8o0qyfku,14,yvu0j0px,216,trader_bridge_app,TradePage,1787761411,24,0,0
8o0qyfku,17,caoxz34q,216,trader_bridge_app,TradePage,1787761411,24,0,0
8o0qyfku,7,00g81xoq,217,trader_bridge_app,PauseTradingSession,1787761411,24,0,1
8o0qyfku,8,3hlfki3e,217,trader_bridge_app,PauseTradingSession,1787761411,24,0,1
8o0qyfku,9,01xk5dk9,217,trader_bridge_app,PauseTradingSession,1787761411,24,0,1
8o0qyfku,10,etak4i29,217,trader_bridge_app,PauseTradingSession,1787761411,24,0,1
8o0qyfku,11,mrocn3qi,217,trader_bridge_app,PauseTradingSession,1787761411,24,0,1
8o0qyfku,12,a9rbe355,217,trader_bridge_app,PauseTradingSession,1787761411,24,0,1
8o0qyfku,13,e70ixf6a,217,trader_bridge_app,PauseTradingSession,1787761412,24,0,1
8o0qyfku,14,yvu0j0px,217,trader_bridge_app,PauseTradingSession,1787761412,24,0,1
8o0qyfku,15,8m72ygxx,217,trader_bridge_app,PauseTradingSession,1787761412,24,0,1
8o0qyfku,16,3mu21szb,217,trader_bridge_app,PauseTradingSession,1787761412,24,0,1
8o0qyfku,17,caoxz34q,217,trader_bridge_app,PauseTradingSession,1787761412,24,0,1
8o0qyfku,18,rdnkoe93,217,trader_bridge_app,PauseTradingSession,1787761412,24,0,1
8o0qyfku,32,46nfbn7d,225,trader_bridge_app,TradePage,1787761415,25,0,0
8o0qyfku,31,kavf29xw,225,trader_bridge_app,TradePage,1787761415,25,0,0
8o0qyfku,33,cxkynnyi,225,trader_bridge_app,TradePage,1787761415,25,0,0
8o0qyfku,34,obh2xbv7,225,trader_bridge_app,TradePage,1787761415,25,0,0
8o0qyfku,31,kavf29xw,226,trader_bridge_app,PauseTradingSession,1787761416,25,0,1
8o0qyfku,32,46nfbn7d,226,trader_bridge_app,PauseTradingSession,1787761416,25,0,1
8o0qyfku,33,cxkynnyi,226,trader_bridge_app,PauseTradingSession,1787761416,25,0,1
8o0qyfku,34,obh2xbv7,226,trader_bridge_app,PauseTradingSession,1787761416,25,0,1
8o0qyfku,34,obh2xbv7,228,trader_bridge_app,DayBreak,1787761418,25,0,0
8o0qyfku,33,cxkynnyi,228,trader_bridge_app,DayBreak,1787761419,25,0,0
8o0qyfku,17,caoxz34q,219,trader_bridge_app,DayBreak,1787761419,24,0,0
8o0qyfku,31,kavf29xw,228,trader_bridge_app,DayBreak,1787761419,25,0,0
8o0qyfku,15,8m72ygxx,219,trader_bridge_app,DayBreak,1787761420,24,0,0
8o0qyfku,14,yvu0j0px,219,trader_bridge_app,DayBreak,1787761421,24,0,0
8o0qyfku,32,46nfbn7d,228,trader_bridge_app,DayBreak,1787761421,25,0,0
8o0qyfku,31,kavf29xw,232,trader_bridge_app,ResumeTradingSession,1787761421,26,0,1
8o0qyfku,32,46nfbn7d,232,trader_bridge_app,ResumeTradingSession,1787761421,26,0,1
8o0qyfku,33,cxkynnyi,232,trader_bridge_app,ResumeTradingSession,1787761421,26,0,1
8o0qyfku,34,obh2xbv7,232,trader_bridge_app,ResumeTradingSession,1787761421,26,0,1
8o0qyfku,10,etak4i29,219,trader_bridge_app,DayBreak,1787761422,24,0,0
8o0qyfku,9,01xk5dk9,219,trader_bridge_app,DayBreak,1787761423,24,0,0
8o0qyfku,8,3hlfki3e,219,trader_bridge_app,DayBreak,1787761424,24,0,0
8o0qyfku,13,e70ixf6a,219,trader_bridge_app,DayBreak,1787761425,24,0,0
8o0qyfku,11,mrocn3qi,219,trader_bridge_app,DayBreak,1787761425,24,0,0
8o0qyfku,23,dq2m7s6u,207,trader_bridge_app,TradePage,1787761426,23,0,0
8o0qyfku,20,6swie1ys,207,trader_bridge_app,TradePage,1787761427,23,0,0
8o0qyfku,24,dw5igqpq,207,trader_bridge_app,TradePage,1787761427,23,0,0
8o0qyfku,22,weju7mc9,207,trader_bridge_app,TradePage,1787761427,23,0,0
8o0qyfku,19,9d6cveb5,207,trader_bridge_app,TradePage,1787761427,23,0,0
8o0qyfku,21,dltkzvxc,207,trader_bridge_app,TradePage,1787761427,23,0,0
8o0qyfku,19,9d6cveb5,208,trader_bridge_app,PauseTradingSession,1787761427,23,0,1
8o0qyfku,20,6swie1ys,208,trader_bridge_app,PauseTradingSession,1787761427,23,0,1
8o0qyfku,21,dltkzvxc,208,trader_bridge_app,PauseTradingSession,1787761427,23,0,1
8o0qyfku,22,weju7mc9,208,trader_bridge_app,PauseTradingSession,1787761427,23,0,1
8o0qyfku,23,dq2m7s6u,208,trader_bridge_app,PauseTradingSession,1787761427,23,0,1
8o0qyfku,24,dw5igqpq,208,trader_bridge_app,PauseTradingSession,1787761427,23,0,1
8o0qyfku,12,a9rbe355,219,trader_bridge_app,DayBreak,1787761427,24,0,0
8o0qyfku,18,rdnkoe93,219,trader_bridge_app,DayBreak,1787761427,24,0,0
8o0qyfku,29,sgu796fi,216,trader_bridge_app,TradePage,1787761428,24,0,0
8o0qyfku,26,icxcbb3j,216,trader_bridge_app,TradePage,1787761428,24,0,0
8o0qyfku,30,w7s9esrf,216,trader_bridge_app,TradePage,1787761428,24,0,0
8o0qyfku,27,2dz5zxb2,216,trader_bridge_app,TradePage,1787761428,24,0,0
8o0qyfku,25,1j25lcg3,216,trader_bridge_app,TradePage,1787761428,24,0,0
8o0qyfku,28,108ssdya,216,trader_bridge_app,TradePage,1787761428,24,0,0
8o0qyfku,25,1j25lcg3,217,trader_bridge_app,PauseTradingSession,1787761429,24,0,1
8o0qyfku,26,icxcbb3j,217,trader_bridge_app,PauseTradingSession,1787761429,24,0,1
8o0qyfku,27,2dz5zxb2,217,trader_bridge_app,PauseTradingSession,1787761429,24,0,1
8o0qyfku,28,108ssdya,217,trader_bridge_app,PauseTradingSession,1787761429,24,0,1
8o0qyfku,29,sgu796fi,217,trader_bridge_app,PauseTradingSession,1787761429,24,0,1
8o0qyfku,30,w7s9esrf,217,trader_bridge_app,PauseTradingSession,1787761429,24,0,1
8o0qyfku,16,3mu21szb,219,trader_bridge_app,DayBreak,1787761429,24,0,0
8o0qyfku,13,e70ixf6a,223,trader_bridge_app,ResumeTradingSession,1787761429,25,0,1
8o0qyfku,14,yvu0j0px,223,trader_bridge_app,ResumeTradingSession,1787761429,25,0,1
8o0qyfku,15,8m72ygxx,223,trader_bridge_app,ResumeTradingSession,1787761429,25,0,1
8o0qyfku,16,3mu21szb,223,trader_bridge_app,ResumeTradingSession,1787761429,25,0,1
8o0qyfku,17,caoxz34q,223,trader_bridge_app,ResumeTradingSession,1787761429,25,0,1
8o0qyfku,18,rdnkoe93,223,trader_bridge_app,ResumeTradingSession,1787761429,25,0,1
8o0qyfku,24,dw5igqpq,210,trader_bridge_app,DayBreak,1787761431,23,0,0
8o0qyfku,21,dltkzvxc,210,trader_bridge_app,DayBreak,1787761432,23,0,0
8o0qyfku,22,weju7mc9,210,trader_bridge_app,DayBreak,1787761432,23,0,0
8o0qyfku,20,6swie1ys,210,trader_bridge_app,DayBreak,1787761432,23,0,0
8o0qyfku,7,00g81xoq,219,trader_bridge_app,DayBreak,1787761433,24,1,0
8o0qyfku,7,00g81xoq,223,trader_bridge_app,ResumeTradingSession,1787761433,25,0,1
8o0qyfku,8,3hlfki3e,223,trader_bridge_app,ResumeTradingSession,1787761433,25,0,1
8o0qyfku,9,01xk5dk9,223,trader_bridge_app,ResumeTradingSession,1787761433,25,0,1
8o0qyfku,10,etak4i29,223,trader_bridge_app,ResumeTradingSession,1787761433,25,0,1
8o0qyfku,11,mrocn3qi,223,trader_bridge_app,ResumeTradingSession,1787761433,25,0,1
8o0qyfku,12,a9rbe355,223,trader_bridge_app,ResumeTradingSession,1787761433,25,0,1
8o0qyfku,25,1j25lcg3,219,trader_bridge_app,DayBreak,1787761437,24,0,0
8o0qyfku,28,108ssdya,219,trader_bridge_app,DayBreak,1787761438,24,0,0
8o0qyfku,27,2dz5zxb2,219,trader_bridge_app,DayBreak,1787761440,24,0,0
8o0qyfku,26,icxcbb3j,219,trader_bridge_app,DayBreak,1787761442,24,0,0
8o0qyfku,29,sgu796fi,219,trader_bridge_app,DayBreak,1787761442,24,0,0
8o0qyfku,19,9d6cveb5,210,trader_bridge_app,DayBreak,1787761443,23,0,0
8o0qyfku,23,dq2m7s6u,210,trader_bridge_app,DayBreak,1787761448,23,1,0
8o0qyfku,19,9d6cveb5,214,trader_bridge_app,ResumeTradingSession,1787761448,24,0,1
8o0qyfku,20,6swie1ys,214,trader_bridge_app,ResumeTradingSession,1787761448,24,0,1
8o0qyfku,21,dltkzvxc,214,trader_bridge_app,ResumeTradingSession,1787761448,24,0,1
8o0qyfku,22,weju7mc9,214,trader_bridge_app,ResumeTradingSession,1787761448,24,0,1
8o0qyfku,23,dq2m7s6u,214,trader_bridge_app,ResumeTradingSession,1787761448,24,0,1
8o0qyfku,24,dw5igqpq,214,trader_bridge_app,ResumeTradingSession,1787761448,24,0,1
8o0qyfku,30,w7s9esrf,219,trader_bridge_app,DayBreak,1787761450,24,1,0
8o0qyfku,25,1j25lcg3,223,trader_bridge_app,ResumeTradingSession,1787761450,25,0,1
8o0qyfku,26,icxcbb3j,223,trader_bridge_app,ResumeTradingSession,1787761450,25,0,1
8o0qyfku,27,2dz5zxb2,223,trader_bridge_app,ResumeTradingSession,1787761450,25,0,1
8o0qyfku,28,108ssdya,223,trader_bridge_app,ResumeTradingSession,1787761450,25,0,1
8o0qyfku,29,sgu796fi,223,trader_bridge_app,ResumeTradingSession,1787761450,25,0,1
8o0qyfku,30,w7s9esrf,223,trader_bridge_app,ResumeTradingSession,1787761450,25,0,1
8o0qyfku,5,nmgjkj32,207,trader_bridge_app,TradePage,1787761465,23,0,0
8o0qyfku,1,5ldlcszn,207,trader_bridge_app,TradePage,1787761465,23,0,0
8o0qyfku,3,zp1owmpd,207,trader_bridge_app,TradePage,1787761465,23,0,0
8o0qyfku,6,cjmxcmcd,207,trader_bridge_app,TradePage,1787761465,23,0,0
8o0qyfku,2,q5e90cmj,207,trader_bridge_app,TradePage,1787761465,23,0,0
8o0qyfku,4,yq2xbma3,207,trader_bridge_app,TradePage,1787761465,23,0,0
8o0qyfku,3,zp1owmpd,208,trader_bridge_app,PauseTradingSession,1787761466,23,0,1
8o0qyfku,4,yq2xbma3,208,trader_bridge_app,PauseTradingSession,1787761466,23,0,1
8o0qyfku,5,nmgjkj32,208,trader_bridge_app,PauseTradingSession,1787761466,23,0,1
8o0qyfku,6,cjmxcmcd,208,trader_bridge_app,PauseTradingSession,1787761466,23,0,1
8o0qyfku,1,5ldlcszn,208,trader_bridge_app,PauseTradingSession,1787761466,23,0,1
8o0qyfku,2,q5e90cmj,208,trader_bridge_app,PauseTradingSession,1787761466,23,0,1
8o0qyfku,4,yq2xbma3,210,trader_bridge_app,DayBreak,1787761470,23,0,0
8o0qyfku,1,5ldlcszn,210,trader_bridge_app,DayBreak,1787761471,23,0,0
8o0qyfku,6,cjmxcmcd,210,trader_bridge_app,DayBreak,1787761471,23,0,0
8o0qyfku,3,zp1owmpd,210,trader_bridge_app,DayBreak,1787761473,23,0,0
8o0qyfku,2,q5e90cmj,210,trader_bridge_app,DayBreak,1787761477,23,0,0
8o0qyfku,32,46nfbn7d,234,trader_bridge_app,TradePage,1787761482,26,0,0
8o0qyfku,33,cxkynnyi,234,trader_bridge_app,TradePage,1787761482,26,0,0
8o0qyfku,31,kavf29xw,234,trader_bridge_app,TradePage,1787761482,26,0,0
8o0qyfku,34,obh2xbv7,234,trader_bridge_app,TradePage,1787761483,26,0,0
8o0qyfku,31,kavf29xw,235,trader_bridge_app,PauseTradingSession,1787761483,26,0,1
8o0qyfku,32,46nfbn7d,235,trader_bridge_app,PauseTradingSession,1787761483,26,0,1
8o0qyfku,33,cxkynnyi,235,trader_bridge_app,PauseTradingSession,1787761483,26,0,1
8o0qyfku,34,obh2xbv7,235,trader_bridge_app,PauseTradingSession,1787761483,26,0,1
8o0qyfku,33,cxkynnyi,237,trader_bridge_app,DayBreak,1787761486,26,0,0
8o0qyfku,32,46nfbn7d,237,trader_bridge_app,DayBreak,1787761486,26,0,0
8o0qyfku,31,kavf29xw,237,trader_bridge_app,DayBreak,1787761487,26,0,0
8o0qyfku,5,nmgjkj32,210,trader_bridge_app,DayBreak,1787761487,23,1,0
8o0qyfku,2,q5e90cmj,214,trader_bridge_app,ResumeTradingSession,1787761487,24,0,1
8o0qyfku,1,5ldlcszn,214,trader_bridge_app,ResumeTradingSession,1787761487,24,0,1
8o0qyfku,3,zp1owmpd,214,trader_bridge_app,ResumeTradingSession,1787761487,24,0,1
8o0qyfku,4,yq2xbma3,214,trader_bridge_app,ResumeTradingSession,1787761487,24,0,1
8o0qyfku,5,nmgjkj32,214,trader_bridge_app,ResumeTradingSession,1787761487,24,0,1
8o0qyfku,6,cjmxcmcd,214,trader_bridge_app,ResumeTradingSession,1787761487,24,0,1
8o0qyfku,34,obh2xbv7,237,trader_bridge_app,DayBreak,1787761489,26,0,0
8o0qyfku,31,kavf29xw,241,trader_bridge_app,ResumeTradingSession,1787761489,27,0,1
8o0qyfku,32,46nfbn7d,241,trader_bridge_app,ResumeTradingSession,1787761489,27,0,1
8o0qyfku,33,cxkynnyi,241,trader_bridge_app,ResumeTradingSession,1787761489,27,0,1
8o0qyfku,34,obh2xbv7,241,trader_bridge_app,ResumeTradingSession,1787761489,27,0,1
8o0qyfku,16,3mu21szb,225,trader_bridge_app,TradePage,1787761491,25,0,0
8o0qyfku,18,rdnkoe93,225,trader_bridge_app,TradePage,1787761491,25,0,0
8o0qyfku,15,8m72ygxx,225,trader_bridge_app,TradePage,1787761491,25,0,0
8o0qyfku,13,e70ixf6a,225,trader_bridge_app,TradePage,1787761491,25,0,0
8o0qyfku,17,caoxz34q,225,trader_bridge_app,TradePage,1787761491,25,0,0
8o0qyfku,14,yvu0j0px,225,trader_bridge_app,TradePage,1787761491,25,0,0
8o0qyfku,13,e70ixf6a,226,trader_bridge_app,PauseTradingSession,1787761491,25,0,1
8o0qyfku,14,yvu0j0px,226,trader_bridge_app,PauseTradingSession,1787761491,25,0,1
8o0qyfku,15,8m72ygxx,226,trader_bridge_app,PauseTradingSession,1787761491,25,0,1
8o0qyfku,16,3mu21szb,226,trader_bridge_app,PauseTradingSession,1787761491,25,0,1
8o0qyfku,17,caoxz34q,226,trader_bridge_app,PauseTradingSession,1787761491,25,0,1
8o0qyfku,18,rdnkoe93,226,trader_bridge_app,PauseTradingSession,1787761491,25,0,1
8o0qyfku,7,00g81xoq,225,trader_bridge_app,TradePage,1787761494,25,0,0
8o0qyfku,11,mrocn3qi,225,trader_bridge_app,TradePage,1787761494,25,0,0
8o0qyfku,10,etak4i29,225,trader_bridge_app,TradePage,1787761494,25,0,0
8o0qyfku,9,01xk5dk9,225,trader_bridge_app,TradePage,1787761494,25,0,0
8o0qyfku,12,a9rbe355,225,trader_bridge_app,TradePage,1787761494,25,0,0
8o0qyfku,8,3hlfki3e,225,trader_bridge_app,TradePage,1787761494,25,0,0
8o0qyfku,12,a9rbe355,226,trader_bridge_app,PauseTradingSession,1787761494,25,0,1
8o0qyfku,7,00g81xoq,226,trader_bridge_app,PauseTradingSession,1787761494,25,0,1
8o0qyfku,8,3hlfki3e,226,trader_bridge_app,PauseTradingSession,1787761494,25,0,1
8o0qyfku,9,01xk5dk9,226,trader_bridge_app,PauseTradingSession,1787761494,25,0,1
8o0qyfku,10,etak4i29,226,trader_bridge_app,PauseTradingSession,1787761494,25,0,1
8o0qyfku,11,mrocn3qi,226,trader_bridge_app,PauseTradingSession,1787761494,25,0,1
8o0qyfku,17,caoxz34q,228,trader_bridge_app,DayBreak,1787761495,25,0,0
8o0qyfku,16,3mu21szb,228,trader_bridge_app,DayBreak,1787761495,25,0,0
8o0qyfku,13,e70ixf6a,228,trader_bridge_app,DayBreak,1787761495,25,0,0
8o0qyfku,11,mrocn3qi,228,trader_bridge_app,DayBreak,1787761497,25,0,0
8o0qyfku,14,yvu0j0px,228,trader_bridge_app,DayBreak,1787761497,25,0,0
8o0qyfku,15,8m72ygxx,228,trader_bridge_app,DayBreak,1787761497,25,0,0
8o0qyfku,18,rdnkoe93,228,trader_bridge_app,DayBreak,1787761497,25,0,0
8o0qyfku,13,e70ixf6a,232,trader_bridge_app,ResumeTradingSession,1787761497,26,0,1
8o0qyfku,14,yvu0j0px,232,trader_bridge_app,ResumeTradingSession,1787761497,26,0,1
8o0qyfku,15,8m72ygxx,232,trader_bridge_app,ResumeTradingSession,1787761497,26,0,1
8o0qyfku,16,3mu21szb,232,trader_bridge_app,ResumeTradingSession,1787761497,26,0,1
8o0qyfku,17,caoxz34q,232,trader_bridge_app,ResumeTradingSession,1787761497,26,0,1
8o0qyfku,18,rdnkoe93,232,trader_bridge_app,ResumeTradingSession,1787761497,26,0,1
8o0qyfku,9,01xk5dk9,228,trader_bridge_app,DayBreak,1787761498,25,0,0
8o0qyfku,10,etak4i29,228,trader_bridge_app,DayBreak,1787761502,25,0,0
8o0qyfku,7,00g81xoq,228,trader_bridge_app,DayBreak,1787761502,25,0,0
8o0qyfku,12,a9rbe355,228,trader_bridge_app,DayBreak,1787761506,25,0,0
8o0qyfku,23,dq2m7s6u,216,trader_bridge_app,TradePage,1787761509,24,0,0
8o0qyfku,20,6swie1ys,216,trader_bridge_app,TradePage,1787761509,24,0,0
8o0qyfku,19,9d6cveb5,216,trader_bridge_app,TradePage,1787761509,24,0,0
8o0qyfku,22,weju7mc9,216,trader_bridge_app,TradePage,1787761509,24,0,0
8o0qyfku,21,dltkzvxc,216,trader_bridge_app,TradePage,1787761510,24,0,0
8o0qyfku,24,dw5igqpq,216,trader_bridge_app,TradePage,1787761510,24,0,0
8o0qyfku,19,9d6cveb5,217,trader_bridge_app,PauseTradingSession,1787761510,24,0,1
8o0qyfku,20,6swie1ys,217,trader_bridge_app,PauseTradingSession,1787761510,24,0,1
8o0qyfku,21,dltkzvxc,217,trader_bridge_app,PauseTradingSession,1787761510,24,0,1
8o0qyfku,22,weju7mc9,217,trader_bridge_app,PauseTradingSession,1787761510,24,0,1
8o0qyfku,23,dq2m7s6u,217,trader_bridge_app,PauseTradingSession,1787761510,24,0,1
8o0qyfku,24,dw5igqpq,217,trader_bridge_app,PauseTradingSession,1787761510,24,0,1
8o0qyfku,8,3hlfki3e,228,trader_bridge_app,DayBreak,1787761510,25,0,0
8o0qyfku,7,00g81xoq,232,trader_bridge_app,ResumeTradingSession,1787761511,26,0,1
8o0qyfku,8,3hlfki3e,232,trader_bridge_app,ResumeTradingSession,1787761511,26,0,1
8o0qyfku,9,01xk5dk9,232,trader_bridge_app,ResumeTradingSession,1787761511,26,0,1
8o0qyfku,10,etak4i29,232,trader_bridge_app,ResumeTradingSession,1787761511,26,0,1
8o0qyfku,11,mrocn3qi,232,trader_bridge_app,ResumeTradingSession,1787761511,26,0,1
8o0qyfku,12,a9rbe355,232,trader_bridge_app,ResumeTradingSession,1787761511,26,0,1
8o0qyfku,30,w7s9esrf,225,trader_bridge_app,TradePage,1787761511,25,0,0
8o0qyfku,29,sgu796fi,225,trader_bridge_app,TradePage,1787761511,25,0,0
8o0qyfku,25,1j25lcg3,225,trader_bridge_app,TradePage,1787761512,25,0,0
8o0qyfku,28,108ssdya,225,trader_bridge_app,TradePage,1787761512,25,0,0
8o0qyfku,26,icxcbb3j,225,trader_bridge_app,TradePage,1787761512,25,0,0
8o0qyfku,27,2dz5zxb2,225,trader_bridge_app,TradePage,1787761512,25,0,0
8o0qyfku,26,icxcbb3j,226,trader_bridge_app,PauseTradingSession,1787761512,25,0,1
8o0qyfku,27,2dz5zxb2,226,trader_bridge_app,PauseTradingSession,1787761512,25,0,1
8o0qyfku,28,108ssdya,226,trader_bridge_app,PauseTradingSession,1787761512,25,0,1
8o0qyfku,29,sgu796fi,226,trader_bridge_app,PauseTradingSession,1787761512,25,0,1
8o0qyfku,30,w7s9esrf,226,trader_bridge_app,PauseTradingSession,1787761512,25,0,1
8o0qyfku,25,1j25lcg3,226,trader_bridge_app,PauseTradingSession,1787761512,25,0,1
8o0qyfku,30,w7s9esrf,228,trader_bridge_app,DayBreak,1787761515,25,0,0
8o0qyfku,28,108ssdya,228,trader_bridge_app,DayBreak,1787761516,25,0,0
8o0qyfku,25,1j25lcg3,228,trader_bridge_app,DayBreak,1787761517,25,0,0
8o0qyfku,29,sgu796fi,228,trader_bridge_app,DayBreak,1787761517,25,0,0
8o0qyfku,27,2dz5zxb2,228,trader_bridge_app,DayBreak,1787761517,25,0,0
8o0qyfku,24,dw5igqpq,219,trader_bridge_app,DayBreak,1787761517,24,0,0
8o0qyfku,21,dltkzvxc,219,trader_bridge_app,DayBreak,1787761520,24,0,0
8o0qyfku,26,icxcbb3j,228,trader_bridge_app,DayBreak,1787761523,25,0,0
8o0qyfku,25,1j25lcg3,232,trader_bridge_app,ResumeTradingSession,1787761523,26,0,1
8o0qyfku,26,icxcbb3j,232,trader_bridge_app,ResumeTradingSession,1787761523,26,0,1
8o0qyfku,27,2dz5zxb2,232,trader_bridge_app,ResumeTradingSession,1787761523,26,0,1
8o0qyfku,28,108ssdya,232,trader_bridge_app,ResumeTradingSession,1787761523,26,0,1
8o0qyfku,29,sgu796fi,232,trader_bridge_app,ResumeTradingSession,1787761523,26,0,1
8o0qyfku,30,w7s9esrf,232,trader_bridge_app,ResumeTradingSession,1787761523,26,0,1
8o0qyfku,20,6swie1ys,219,trader_bridge_app,DayBreak,1787761527,24,0,0
8o0qyfku,22,weju7mc9,219,trader_bridge_app,DayBreak,1787761528,24,0,0
8o0qyfku,19,9d6cveb5,219,trader_bridge_app,DayBreak,1787761531,24,1,0
8o0qyfku,23,dq2m7s6u,219,trader_bridge_app,DayBreak,1787761531,24,1,0
8o0qyfku,22,weju7mc9,223,trader_bridge_app,ResumeTradingSession,1787761532,25,0,1
8o0qyfku,23,dq2m7s6u,223,trader_bridge_app,ResumeTradingSession,1787761532,25,0,1
8o0qyfku,24,dw5igqpq,223,trader_bridge_app,ResumeTradingSession,1787761532,25,0,1
8o0qyfku,19,9d6cveb5,223,trader_bridge_app,ResumeTradingSession,1787761532,25,0,1
8o0qyfku,20,6swie1ys,223,trader_bridge_app,ResumeTradingSession,1787761532,25,0,1
8o0qyfku,21,dltkzvxc,223,trader_bridge_app,ResumeTradingSession,1787761532,25,0,1
8o0qyfku,5,nmgjkj32,216,trader_bridge_app,TradePage,1787761548,24,0,0
8o0qyfku,2,q5e90cmj,216,trader_bridge_app,TradePage,1787761548,24,0,0
8o0qyfku,1,5ldlcszn,216,trader_bridge_app,TradePage,1787761548,24,0,0
8o0qyfku,6,cjmxcmcd,216,trader_bridge_app,TradePage,1787761548,24,0,0
8o0qyfku,3,zp1owmpd,216,trader_bridge_app,TradePage,1787761548,24,0,0
8o0qyfku,4,yq2xbma3,216,trader_bridge_app,TradePage,1787761548,24,0,0
8o0qyfku,6,cjmxcmcd,217,trader_bridge_app,PauseTradingSession,1787761548,24,0,1
8o0qyfku,1,5ldlcszn,217,trader_bridge_app,PauseTradingSession,1787761548,24,0,1
8o0qyfku,2,q5e90cmj,217,trader_bridge_app,PauseTradingSession,1787761548,24,0,1
8o0qyfku,3,zp1owmpd,217,trader_bridge_app,PauseTradingSession,1787761548,24,0,1
8o0qyfku,4,yq2xbma3,217,trader_bridge_app,PauseTradingSession,1787761548,24,0,1
8o0qyfku,5,nmgjkj32,217,trader_bridge_app,PauseTradingSession,1787761548,24,0,1
8o0qyfku,31,kavf29xw,243,trader_bridge_app,TradePage,1787761550,27,0,0
8o0qyfku,32,46nfbn7d,243,trader_bridge_app,TradePage,1787761550,27,0,0
8o0qyfku,33,cxkynnyi,243,trader_bridge_app,TradePage,1787761550,27,0,0
8o0qyfku,34,obh2xbv7,243,trader_bridge_app,TradePage,1787761550,27,0,0
8o0qyfku,31,kavf29xw,244,trader_bridge_app,PauseTradingSession,1787761550,27,0,1
8o0qyfku,32,46nfbn7d,244,trader_bridge_app,PauseTradingSession,1787761550,27,0,1
8o0qyfku,33,cxkynnyi,244,trader_bridge_app,PauseTradingSession,1787761550,27,0,1
8o0qyfku,34,obh2xbv7,244,trader_bridge_app,PauseTradingSession,1787761550,27,0,1
8o0qyfku,31,kavf29xw,246,trader_bridge_app,DayBreak,1787761556,27,0,0
8o0qyfku,3,zp1owmpd,219,trader_bridge_app,DayBreak,1787761558,24,0,0
8o0qyfku,18,rdnkoe93,234,trader_bridge_app,TradePage,1787761558,26,0,0
8o0qyfku,15,8m72ygxx,234,trader_bridge_app,TradePage,1787761558,26,0,0
8o0qyfku,16,3mu21szb,234,trader_bridge_app,TradePage,1787761558,26,0,0
8o0qyfku,17,caoxz34q,234,trader_bridge_app,TradePage,1787761558,26,0,0
8o0qyfku,13,e70ixf6a,234,trader_bridge_app,TradePage,1787761559,26,0,0
8o0qyfku,14,yvu0j0px,234,trader_bridge_app,TradePage,1787761559,26,0,0
8o0qyfku,13,e70ixf6a,235,trader_bridge_app,PauseTradingSession,1787761559,26,0,1
8o0qyfku,14,yvu0j0px,235,trader_bridge_app,PauseTradingSession,1787761559,26,0,1
8o0qyfku,15,8m72ygxx,235,trader_bridge_app,PauseTradingSession,1787761559,26,0,1
8o0qyfku,16,3mu21szb,235,trader_bridge_app,PauseTradingSession,1787761559,26,0,1
8o0qyfku,17,caoxz34q,235,trader_bridge_app,PauseTradingSession,1787761559,26,0,1
8o0qyfku,18,rdnkoe93,235,trader_bridge_app,PauseTradingSession,1787761559,26,0,1
8o0qyfku,4,yq2xbma3,219,trader_bridge_app,DayBreak,1787761559,24,0,0
8o0qyfku,1,5ldlcszn,219,trader_bridge_app,DayBreak,1787761559,24,0,0
8o0qyfku,6,cjmxcmcd,219,trader_bridge_app,DayBreak,1787761560,24,0,0
8o0qyfku,34,obh2xbv7,246,trader_bridge_app,DayBreak,1787761560,27,0,0
8o0qyfku,14,yvu0j0px,237,trader_bridge_app,DayBreak,1787761562,26,0,0
8o0qyfku,32,46nfbn7d,246,trader_bridge_app,DayBreak,1787761563,27,0,0
8o0qyfku,13,e70ixf6a,237,trader_bridge_app,DayBreak,1787761563,26,0,0
8o0qyfku,5,nmgjkj32,219,trader_bridge_app,DayBreak,1787761563,24,0,0
8o0qyfku,17,caoxz34q,237,trader_bridge_app,DayBreak,1787761564,26,0,0
8o0qyfku,33,cxkynnyi,246,trader_bridge_app,DayBreak,1787761564,27,0,0
8o0qyfku,31,kavf29xw,250,trader_bridge_app,ResumeTradingSession,1787761564,28,0,1
8o0qyfku,32,46nfbn7d,250,trader_bridge_app,ResumeTradingSession,1787761564,28,0,1
8o0qyfku,33,cxkynnyi,250,trader_bridge_app,ResumeTradingSession,1787761564,28,0,1
8o0qyfku,34,obh2xbv7,250,trader_bridge_app,ResumeTradingSession,1787761564,28,0,1
8o0qyfku,16,3mu21szb,237,trader_bridge_app,DayBreak,1787761565,26,0,0
8o0qyfku,2,q5e90cmj,219,trader_bridge_app,DayBreak,1787761565,24,0,0
8o0qyfku,5,nmgjkj32,223,trader_bridge_app,ResumeTradingSession,1787761566,25,0,1
8o0qyfku,6,cjmxcmcd,223,trader_bridge_app,ResumeTradingSession,1787761566,25,0,1
8o0qyfku,1,5ldlcszn,223,trader_bridge_app,ResumeTradingSession,1787761566,25,0,1
8o0qyfku,2,q5e90cmj,223,trader_bridge_app,ResumeTradingSession,1787761566,25,0,1
8o0qyfku,3,zp1owmpd,223,trader_bridge_app,ResumeTradingSession,1787761566,25,0,1
8o0qyfku,4,yq2xbma3,223,trader_bridge_app,ResumeTradingSession,1787761566,25,0,1
8o0qyfku,18,rdnkoe93,237,trader_bridge_app,DayBreak,1787761566,26,0,0
8o0qyfku,15,8m72ygxx,237,trader_bridge_app,DayBreak,1787761567,26,0,0
8o0qyfku,13,e70ixf6a,241,trader_bridge_app,ResumeTradingSession,1787761567,27,0,1
8o0qyfku,14,yvu0j0px,241,trader_bridge_app,ResumeTradingSession,1787761567,27,0,1
8o0qyfku,15,8m72ygxx,241,trader_bridge_app,ResumeTradingSession,1787761567,27,0,1
8o0qyfku,16,3mu21szb,241,trader_bridge_app,ResumeTradingSession,1787761567,27,0,1
8o0qyfku,17,caoxz34q,241,trader_bridge_app,ResumeTradingSession,1787761567,27,0,1
8o0qyfku,18,rdnkoe93,241,trader_bridge_app,ResumeTradingSession,1787761567,27,0,1
8o0qyfku,8,3hlfki3e,234,trader_bridge_app,TradePage,1787761572,26,0,0
8o0qyfku,12,a9rbe355,234,trader_bridge_app,TradePage,1787761572,26,0,0
8o0qyfku,11,mrocn3qi,234,trader_bridge_app,TradePage,1787761572,26,0,0
8o0qyfku,10,etak4i29,234,trader_bridge_app,TradePage,1787761572,26,0,0
8o0qyfku,9,01xk5dk9,234,trader_bridge_app,TradePage,1787761572,26,0,0
8o0qyfku,7,00g81xoq,234,trader_bridge_app,TradePage,1787761572,26,0,0
8o0qyfku,7,00g81xoq,235,trader_bridge_app,PauseTradingSession,1787761573,26,0,1
8o0qyfku,8,3hlfki3e,235,trader_bridge_app,PauseTradingSession,1787761573,26,0,1
8o0qyfku,9,01xk5dk9,235,trader_bridge_app,PauseTradingSession,1787761573,26,0,1
8o0qyfku,10,etak4i29,235,trader_bridge_app,PauseTradingSession,1787761573,26,0,1
8o0qyfku,11,mrocn3qi,235,trader_bridge_app,PauseTradingSession,1787761573,26,0,1
8o0qyfku,12,a9rbe355,235,trader_bridge_app,PauseTradingSession,1787761573,26,0,1
8o0qyfku,11,mrocn3qi,237,trader_bridge_app,DayBreak,1787761575,26,0,0
8o0qyfku,9,01xk5dk9,237,trader_bridge_app,DayBreak,1787761575,26,0,0
8o0qyfku,8,3hlfki3e,237,trader_bridge_app,DayBreak,1787761576,26,0,0
8o0qyfku,10,etak4i29,237,trader_bridge_app,DayBreak,1787761578,26,0,0
8o0qyfku,7,00g81xoq,237,trader_bridge_app,DayBreak,1787761579,26,0,0
8o0qyfku,26,icxcbb3j,234,trader_bridge_app,TradePage,1787761584,26,0,0
8o0qyfku,30,w7s9esrf,234,trader_bridge_app,TradePage,1787761584,26,0,0
8o0qyfku,29,sgu796fi,234,trader_bridge_app,TradePage,1787761584,26,0,0
8o0qyfku,28,108ssdya,234,trader_bridge_app,TradePage,1787761584,26,0,0
8o0qyfku,27,2dz5zxb2,234,trader_bridge_app,TradePage,1787761584,26,0,0
8o0qyfku,25,1j25lcg3,234,trader_bridge_app,TradePage,1787761584,26,0,0
8o0qyfku,28,108ssdya,235,trader_bridge_app,PauseTradingSession,1787761585,26,0,1
8o0qyfku,29,sgu796fi,235,trader_bridge_app,PauseTradingSession,1787761585,26,0,1
8o0qyfku,30,w7s9esrf,235,trader_bridge_app,PauseTradingSession,1787761585,26,0,1
8o0qyfku,25,1j25lcg3,235,trader_bridge_app,PauseTradingSession,1787761585,26,0,1
8o0qyfku,26,icxcbb3j,235,trader_bridge_app,PauseTradingSession,1787761585,26,0,1
8o0qyfku,27,2dz5zxb2,235,trader_bridge_app,PauseTradingSession,1787761585,26,0,1
8o0qyfku,25,1j25lcg3,237,trader_bridge_app,DayBreak,1787761587,26,0,0
8o0qyfku,27,2dz5zxb2,237,trader_bridge_app,DayBreak,1787761587,26,0,0
8o0qyfku,12,a9rbe355,237,trader_bridge_app,DayBreak,1787761587,26,0,0
8o0qyfku,7,00g81xoq,241,trader_bridge_app,ResumeTradingSession,1787761587,27,0,1
8o0qyfku,8,3hlfki3e,241,trader_bridge_app,ResumeTradingSession,1787761587,27,0,1
8o0qyfku,9,01xk5dk9,241,trader_bridge_app,ResumeTradingSession,1787761587,27,0,1
8o0qyfku,10,etak4i29,241,trader_bridge_app,ResumeTradingSession,1787761587,27,0,1
8o0qyfku,11,mrocn3qi,241,trader_bridge_app,ResumeTradingSession,1787761587,27,0,1
8o0qyfku,12,a9rbe355,241,trader_bridge_app,ResumeTradingSession,1787761587,27,0,1
8o0qyfku,30,w7s9esrf,237,trader_bridge_app,DayBreak,1787761587,26,0,0
8o0qyfku,28,108ssdya,237,trader_bridge_app,DayBreak,1787761587,26,0,0
8o0qyfku,29,sgu796fi,237,trader_bridge_app,DayBreak,1787761588,26,0,0
8o0qyfku,26,icxcbb3j,237,trader_bridge_app,DayBreak,1787761590,26,0,0
8o0qyfku,25,1j25lcg3,241,trader_bridge_app,ResumeTradingSession,1787761590,27,0,1
8o0qyfku,26,icxcbb3j,241,trader_bridge_app,ResumeTradingSession,1787761590,27,0,1
8o0qyfku,27,2dz5zxb2,241,trader_bridge_app,ResumeTradingSession,1787761590,27,0,1
8o0qyfku,28,108ssdya,241,trader_bridge_app,ResumeTradingSession,1787761590,27,0,1
8o0qyfku,29,sgu796fi,241,trader_bridge_app,ResumeTradingSession,1787761590,27,0,1
8o0qyfku,30,w7s9esrf,241,trader_bridge_app,ResumeTradingSession,1787761590,27,0,1
8o0qyfku,23,dq2m7s6u,225,trader_bridge_app,TradePage,1787761593,25,0,0
8o0qyfku,19,9d6cveb5,225,trader_bridge_app,TradePage,1787761593,25,0,0
8o0qyfku,20,6swie1ys,225,trader_bridge_app,TradePage,1787761593,25,0,0
8o0qyfku,21,dltkzvxc,225,trader_bridge_app,TradePage,1787761593,25,0,0
8o0qyfku,22,weju7mc9,225,trader_bridge_app,TradePage,1787761593,25,0,0
8o0qyfku,24,dw5igqpq,225,trader_bridge_app,TradePage,1787761593,25,0,0
8o0qyfku,19,9d6cveb5,226,trader_bridge_app,PauseTradingSession,1787761594,25,0,1
8o0qyfku,20,6swie1ys,226,trader_bridge_app,PauseTradingSession,1787761594,25,0,1
8o0qyfku,21,dltkzvxc,226,trader_bridge_app,PauseTradingSession,1787761594,25,0,1
8o0qyfku,24,dw5igqpq,226,trader_bridge_app,PauseTradingSession,1787761594,25,0,1
8o0qyfku,22,weju7mc9,226,trader_bridge_app,PauseTradingSession,1787761594,25,0,1
8o0qyfku,23,dq2m7s6u,226,trader_bridge_app,PauseTradingSession,1787761594,25,0,1
8o0qyfku,24,dw5igqpq,228,trader_bridge_app,DayBreak,1787761596,25,0,0
8o0qyfku,20,6swie1ys,228,trader_bridge_app,DayBreak,1787761597,25,0,0
8o0qyfku,22,weju7mc9,228,trader_bridge_app,DayBreak,1787761598,25,0,0
8o0qyfku,21,dltkzvxc,228,trader_bridge_app,DayBreak,1787761601,25,0,0
8o0qyfku,23,dq2m7s6u,228,trader_bridge_app,DayBreak,1787761614,25,1,0
8o0qyfku,19,9d6cveb5,228,trader_bridge_app,DayBreak,1787761614,25,1,0
8o0qyfku,20,6swie1ys,232,trader_bridge_app,ResumeTradingSession,1787761615,26,0,1
8o0qyfku,19,9d6cveb5,232,trader_bridge_app,ResumeTradingSession,1787761615,26,0,1
8o0qyfku,21,dltkzvxc,232,trader_bridge_app,ResumeTradingSession,1787761615,26,0,1
8o0qyfku,22,weju7mc9,232,trader_bridge_app,ResumeTradingSession,1787761615,26,0,1
8o0qyfku,23,dq2m7s6u,232,trader_bridge_app,ResumeTradingSession,1787761615,26,0,1
8o0qyfku,24,dw5igqpq,232,trader_bridge_app,ResumeTradingSession,1787761615,26,0,1
8o0qyfku,33,cxkynnyi,252,trader_bridge_app,TradePage,1787761625,28,0,0
8o0qyfku,32,46nfbn7d,252,trader_bridge_app,TradePage,1787761625,28,0,0
8o0qyfku,31,kavf29xw,252,trader_bridge_app,TradePage,1787761625,28,0,0
8o0qyfku,34,obh2xbv7,252,trader_bridge_app,TradePage,1787761626,28,0,0
8o0qyfku,31,kavf29xw,253,trader_bridge_app,PauseTradingSession,1787761626,28,0,1
8o0qyfku,32,46nfbn7d,253,trader_bridge_app,PauseTradingSession,1787761626,28,0,1
8o0qyfku,33,cxkynnyi,253,trader_bridge_app,PauseTradingSession,1787761626,28,0,1
8o0qyfku,34,obh2xbv7,253,trader_bridge_app,PauseTradingSession,1787761626,28,0,1
8o0qyfku,2,q5e90cmj,225,trader_bridge_app,TradePage,1787761627,25,0,0
8o0qyfku,5,nmgjkj32,225,trader_bridge_app,TradePage,1787761627,25,0,0
8o0qyfku,1,5ldlcszn,225,trader_bridge_app,TradePage,1787761627,25,0,0
8o0qyfku,3,zp1owmpd,225,trader_bridge_app,TradePage,1787761627,25,0,0
8o0qyfku,6,cjmxcmcd,225,trader_bridge_app,TradePage,1787761627,25,0,0
8o0qyfku,4,yq2xbma3,225,trader_bridge_app,TradePage,1787761627,25,0,0
8o0qyfku,6,cjmxcmcd,226,trader_bridge_app,PauseTradingSession,1787761627,25,0,1
8o0qyfku,5,nmgjkj32,226,trader_bridge_app,PauseTradingSession,1787761627,25,0,1
8o0qyfku,2,q5e90cmj,226,trader_bridge_app,PauseTradingSession,1787761627,25,0,1
8o0qyfku,3,zp1owmpd,226,trader_bridge_app,PauseTradingSession,1787761627,25,0,1
8o0qyfku,4,yq2xbma3,226,trader_bridge_app,PauseTradingSession,1787761627,25,0,1
8o0qyfku,1,5ldlcszn,226,trader_bridge_app,PauseTradingSession,1787761627,25,0,1
8o0qyfku,17,caoxz34q,243,trader_bridge_app,TradePage,1787761628,27,0,0
8o0qyfku,15,8m72ygxx,243,trader_bridge_app,TradePage,1787761628,27,0,0
8o0qyfku,18,rdnkoe93,243,trader_bridge_app,TradePage,1787761628,27,0,0
8o0qyfku,16,3mu21szb,243,trader_bridge_app,TradePage,1787761629,27,0,0
8o0qyfku,13,e70ixf6a,243,trader_bridge_app,TradePage,1787761629,27,0,0
8o0qyfku,14,yvu0j0px,243,trader_bridge_app,TradePage,1787761629,27,0,0
8o0qyfku,13,e70ixf6a,244,trader_bridge_app,PauseTradingSession,1787761629,27,0,1
8o0qyfku,14,yvu0j0px,244,trader_bridge_app,PauseTradingSession,1787761629,27,0,1
8o0qyfku,15,8m72ygxx,244,trader_bridge_app,PauseTradingSession,1787761629,27,0,1
8o0qyfku,16,3mu21szb,244,trader_bridge_app,PauseTradingSession,1787761629,27,0,1
8o0qyfku,17,caoxz34q,244,trader_bridge_app,PauseTradingSession,1787761629,27,0,1
8o0qyfku,18,rdnkoe93,244,trader_bridge_app,PauseTradingSession,1787761629,27,0,1
8o0qyfku,34,obh2xbv7,255,trader_bridge_app,DayBreak,1787761629,28,0,0
8o0qyfku,31,kavf29xw,255,trader_bridge_app,DayBreak,1787761629,28,0,0
8o0qyfku,1,5ldlcszn,228,trader_bridge_app,DayBreak,1787761630,25,0,0
8o0qyfku,4,yq2xbma3,228,trader_bridge_app,DayBreak,1787761631,25,0,0
8o0qyfku,3,zp1owmpd,228,trader_bridge_app,DayBreak,1787761632,25,0,0
8o0qyfku,6,cjmxcmcd,228,trader_bridge_app,DayBreak,1787761632,25,0,0
8o0qyfku,32,46nfbn7d,255,trader_bridge_app,DayBreak,1787761634,28,0,0
8o0qyfku,15,8m72ygxx,246,trader_bridge_app,DayBreak,1787761635,27,0,0
8o0qyfku,33,cxkynnyi,255,trader_bridge_app,DayBreak,1787761637,28,0,0
8o0qyfku,31,kavf29xw,259,trader_bridge_app,ResumeTradingSession,1787761637,29,0,1
8o0qyfku,32,46nfbn7d,259,trader_bridge_app,ResumeTradingSession,1787761637,29,0,1
8o0qyfku,33,cxkynnyi,259,trader_bridge_app,ResumeTradingSession,1787761637,29,0,1
8o0qyfku,34,obh2xbv7,259,trader_bridge_app,ResumeTradingSession,1787761637,29,0,1
8o0qyfku,13,e70ixf6a,246,trader_bridge_app,DayBreak,1787761637,27,0,0
8o0qyfku,2,q5e90cmj,228,trader_bridge_app,DayBreak,1787761638,25,0,0
8o0qyfku,18,rdnkoe93,246,trader_bridge_app,DayBreak,1787761640,27,0,0
8o0qyfku,14,yvu0j0px,246,trader_bridge_app,DayBreak,1787761642,27,0,0
8o0qyfku,16,3mu21szb,246,trader_bridge_app,DayBreak,1787761644,27,0,0
8o0qyfku,17,caoxz34q,246,trader_bridge_app,DayBreak,1787761647,27,0,0
8o0qyfku,14,yvu0j0px,250,trader_bridge_app,ResumeTradingSession,1787761648,28,0,1
8o0qyfku,15,8m72ygxx,250,trader_bridge_app,ResumeTradingSession,1787761648,28,0,1
8o0qyfku,16,3mu21szb,250,trader_bridge_app,ResumeTradingSession,1787761648,28,0,1
8o0qyfku,17,caoxz34q,250,trader_bridge_app,ResumeTradingSession,1787761648,28,0,1
8o0qyfku,13,e70ixf6a,250,trader_bridge_app,ResumeTradingSession,1787761648,28,0,1
8o0qyfku,18,rdnkoe93,250,trader_bridge_app,ResumeTradingSession,1787761648,28,0,1
8o0qyfku,12,a9rbe355,243,trader_bridge_app,TradePage,1787761648,27,0,0
8o0qyfku,5,nmgjkj32,228,trader_bridge_app,DayBreak,1787761648,25,1,0
8o0qyfku,7,00g81xoq,243,trader_bridge_app,TradePage,1787761649,27,0,0
8o0qyfku,9,01xk5dk9,243,trader_bridge_app,TradePage,1787761649,27,0,0
8o0qyfku,1,5ldlcszn,232,trader_bridge_app,ResumeTradingSession,1787761649,26,0,1
8o0qyfku,2,q5e90cmj,232,trader_bridge_app,ResumeTradingSession,1787761649,26,0,1
8o0qyfku,3,zp1owmpd,232,trader_bridge_app,ResumeTradingSession,1787761649,26,0,1
8o0qyfku,4,yq2xbma3,232,trader_bridge_app,ResumeTradingSession,1787761649,26,0,1
8o0qyfku,5,nmgjkj32,232,trader_bridge_app,ResumeTradingSession,1787761649,26,0,1
8o0qyfku,6,cjmxcmcd,232,trader_bridge_app,ResumeTradingSession,1787761649,26,0,1
8o0qyfku,10,etak4i29,243,trader_bridge_app,TradePage,1787761649,27,0,0
8o0qyfku,8,3hlfki3e,243,trader_bridge_app,TradePage,1787761649,27,0,0
8o0qyfku,11,mrocn3qi,243,trader_bridge_app,TradePage,1787761649,27,0,0
8o0qyfku,7,00g81xoq,244,trader_bridge_app,PauseTradingSession,1787761650,27,0,1
8o0qyfku,8,3hlfki3e,244,trader_bridge_app,PauseTradingSession,1787761650,27,0,1
8o0qyfku,9,01xk5dk9,244,trader_bridge_app,PauseTradingSession,1787761650,27,0,1
8o0qyfku,10,etak4i29,244,trader_bridge_app,PauseTradingSession,1787761650,27,0,1
8o0qyfku,11,mrocn3qi,244,trader_bridge_app,PauseTradingSession,1787761650,27,0,1
8o0qyfku,12,a9rbe355,244,trader_bridge_app,PauseTradingSession,1787761650,27,0,1
8o0qyfku,26,icxcbb3j,243,trader_bridge_app,TradePage,1787761652,27,0,0
8o0qyfku,29,sgu796fi,243,trader_bridge_app,TradePage,1787761652,27,0,0
8o0qyfku,28,108ssdya,243,trader_bridge_app,TradePage,1787761652,27,0,0
8o0qyfku,30,w7s9esrf,243,trader_bridge_app,TradePage,1787761652,27,0,0
8o0qyfku,27,2dz5zxb2,243,trader_bridge_app,TradePage,1787761652,27,0,0
8o0qyfku,25,1j25lcg3,243,trader_bridge_app,TradePage,1787761652,27,0,0
8o0qyfku,25,1j25lcg3,244,trader_bridge_app,PauseTradingSession,1787761653,27,0,1
8o0qyfku,26,icxcbb3j,244,trader_bridge_app,PauseTradingSession,1787761653,27,0,1
8o0qyfku,27,2dz5zxb2,244,trader_bridge_app,PauseTradingSession,1787761653,27,0,1
8o0qyfku,28,108ssdya,244,trader_bridge_app,PauseTradingSession,1787761653,27,0,1
8o0qyfku,29,sgu796fi,244,trader_bridge_app,PauseTradingSession,1787761653,27,0,1
8o0qyfku,30,w7s9esrf,244,trader_bridge_app,PauseTradingSession,1787761653,27,0,1
8o0qyfku,7,00g81xoq,246,trader_bridge_app,DayBreak,1787761658,27,0,0
8o0qyfku,10,etak4i29,246,trader_bridge_app,DayBreak,1787761659,27,0,0
8o0qyfku,8,3hlfki3e,246,trader_bridge_app,DayBreak,1787761662,27,0,0
8o0qyfku,11,mrocn3qi,246,trader_bridge_app,DayBreak,1787761662,27,0,0
8o0qyfku,27,2dz5zxb2,246,trader_bridge_app,DayBreak,1787761663,27,0,0
8o0qyfku,28,108ssdya,246,trader_bridge_app,DayBreak,1787761666,27,0,0
8o0qyfku,26,icxcbb3j,246,trader_bridge_app,DayBreak,1787761667,27,0,0
8o0qyfku,25,1j25lcg3,246,trader_bridge_app,DayBreak,1787761668,27,0,0
8o0qyfku,12,a9rbe355,246,trader_bridge_app,DayBreak,1787761669,27,0,0
8o0qyfku,9,01xk5dk9,246,trader_bridge_app,DayBreak,1787761672,27,1,0
8o0qyfku,7,00g81xoq,250,trader_bridge_app,ResumeTradingSession,1787761672,28,0,1
8o0qyfku,8,3hlfki3e,250,trader_bridge_app,ResumeTradingSession,1787761672,28,0,1
8o0qyfku,9,01xk5dk9,250,trader_bridge_app,ResumeTradingSession,1787761672,28,0,1
8o0qyfku,10,etak4i29,250,trader_bridge_app,ResumeTradingSession,1787761672,28,0,1
8o0qyfku,11,mrocn3qi,250,trader_bridge_app,ResumeTradingSession,1787761672,28,0,1
8o0qyfku,12,a9rbe355,250,trader_bridge_app,ResumeTradingSession,1787761672,28,0,1
8o0qyfku,29,sgu796fi,246,trader_bridge_app,DayBreak,1787761674,27,1,0
8o0qyfku,30,w7s9esrf,246,trader_bridge_app,DayBreak,1787761674,27,1,0
8o0qyfku,25,1j25lcg3,250,trader_bridge_app,ResumeTradingSession,1787761674,28,0,1
8o0qyfku,26,icxcbb3j,250,trader_bridge_app,ResumeTradingSession,1787761674,28,0,1
8o0qyfku,27,2dz5zxb2,250,trader_bridge_app,ResumeTradingSession,1787761674,28,0,1
8o0qyfku,28,108ssdya,250,trader_bridge_app,ResumeTradingSession,1787761674,28,0,1
8o0qyfku,29,sgu796fi,250,trader_bridge_app,ResumeTradingSession,1787761674,28,0,1
8o0qyfku,30,w7s9esrf,250,trader_bridge_app,ResumeTradingSession,1787761674,28,0,1
8o0qyfku,23,dq2m7s6u,234,trader_bridge_app,TradePage,1787761676,26,0,0
8o0qyfku,19,9d6cveb5,234,trader_bridge_app,TradePage,1787761676,26,0,0
8o0qyfku,22,weju7mc9,234,trader_bridge_app,TradePage,1787761676,26,0,0
8o0qyfku,21,dltkzvxc,234,trader_bridge_app,TradePage,1787761676,26,0,0
8o0qyfku,20,6swie1ys,234,trader_bridge_app,TradePage,1787761676,26,0,0
8o0qyfku,24,dw5igqpq,234,trader_bridge_app,TradePage,1787761676,26,0,0
8o0qyfku,19,9d6cveb5,235,trader_bridge_app,PauseTradingSession,1787761677,26,0,1
8o0qyfku,20,6swie1ys,235,trader_bridge_app,PauseTradingSession,1787761677,26,0,1
8o0qyfku,21,dltkzvxc,235,trader_bridge_app,PauseTradingSession,1787761677,26,0,1
8o0qyfku,22,weju7mc9,235,trader_bridge_app,PauseTradingSession,1787761677,26,0,1
8o0qyfku,23,dq2m7s6u,235,trader_bridge_app,PauseTradingSession,1787761677,26,0,1
8o0qyfku,24,dw5igqpq,235,trader_bridge_app,PauseTradingSession,1787761677,26,0,1
8o0qyfku,22,weju7mc9,237,trader_bridge_app,DayBreak,1787761680,26,0,0
8o0qyfku,21,dltkzvxc,237,trader_bridge_app,DayBreak,1787761681,26,0,0
8o0qyfku,19,9d6cveb5,237,trader_bridge_app,DayBreak,1787761681,26,0,0
8o0qyfku,24,dw5igqpq,237,trader_bridge_app,DayBreak,1787761682,26,0,0
8o0qyfku,20,6swie1ys,237,trader_bridge_app,DayBreak,1787761682,26,0,0
8o0qyfku,23,dq2m7s6u,237,trader_bridge_app,DayBreak,1787761690,26,0,0
8o0qyfku,20,6swie1ys,241,trader_bridge_app,ResumeTradingSession,1787761690,27,0,1
8o0qyfku,21,dltkzvxc,241,trader_bridge_app,ResumeTradingSession,1787761690,27,0,1
8o0qyfku,22,weju7mc9,241,trader_bridge_app,ResumeTradingSession,1787761690,27,0,1
8o0qyfku,19,9d6cveb5,241,trader_bridge_app,ResumeTradingSession,1787761690,27,0,1
8o0qyfku,23,dq2m7s6u,241,trader_bridge_app,ResumeTradingSession,1787761690,27,0,1
8o0qyfku,24,dw5igqpq,241,trader_bridge_app,ResumeTradingSession,1787761690,27,0,1
8o0qyfku,33,cxkynnyi,261,trader_bridge_app,TradePage,1787761698,29,0,0
8o0qyfku,32,46nfbn7d,261,trader_bridge_app,TradePage,1787761698,29,0,0
8o0qyfku,31,kavf29xw,261,trader_bridge_app,TradePage,1787761698,29,0,0
8o0qyfku,34,obh2xbv7,261,trader_bridge_app,TradePage,1787761698,29,0,0
8o0qyfku,31,kavf29xw,262,trader_bridge_app,PauseTradingSession,1787761698,29,0,1
8o0qyfku,32,46nfbn7d,262,trader_bridge_app,PauseTradingSession,1787761698,29,0,1
8o0qyfku,33,cxkynnyi,262,trader_bridge_app,PauseTradingSession,1787761698,29,0,1
8o0qyfku,34,obh2xbv7,262,trader_bridge_app,PauseTradingSession,1787761698,29,0,1
8o0qyfku,34,obh2xbv7,264,trader_bridge_app,DayBreak,1787761701,29,0,0
8o0qyfku,33,cxkynnyi,264,trader_bridge_app,DayBreak,1787761701,29,0,0
8o0qyfku,31,kavf29xw,264,trader_bridge_app,DayBreak,1787761701,29,0,0
8o0qyfku,32,46nfbn7d,264,trader_bridge_app,DayBreak,1787761702,29,0,0
8o0qyfku,31,kavf29xw,268,trader_bridge_app,ResumeTradingSession,1787761702,30,0,1
8o0qyfku,32,46nfbn7d,268,trader_bridge_app,ResumeTradingSession,1787761702,30,0,1
8o0qyfku,33,cxkynnyi,268,trader_bridge_app,ResumeTradingSession,1787761702,30,0,1
8o0qyfku,34,obh2xbv7,268,trader_bridge_app,ResumeTradingSession,1787761702,30,0,1
8o0qyfku,17,caoxz34q,252,trader_bridge_app,TradePage,1787761709,28,0,0
8o0qyfku,16,3mu21szb,252,trader_bridge_app,TradePage,1787761709,28,0,0
8o0qyfku,15,8m72ygxx,252,trader_bridge_app,TradePage,1787761709,28,0,0
8o0qyfku,18,rdnkoe93,252,trader_bridge_app,TradePage,1787761709,28,0,0
8o0qyfku,14,yvu0j0px,252,trader_bridge_app,TradePage,1787761709,28,0,0
8o0qyfku,13,e70ixf6a,252,trader_bridge_app,TradePage,1787761709,28,0,0
8o0qyfku,18,rdnkoe93,253,trader_bridge_app,PauseTradingSession,1787761709,28,0,1
8o0qyfku,13,e70ixf6a,253,trader_bridge_app,PauseTradingSession,1787761709,28,0,1
8o0qyfku,14,yvu0j0px,253,trader_bridge_app,PauseTradingSession,1787761709,28,0,1
8o0qyfku,15,8m72ygxx,253,trader_bridge_app,PauseTradingSession,1787761709,28,0,1
8o0qyfku,16,3mu21szb,253,trader_bridge_app,PauseTradingSession,1787761709,28,0,1
8o0qyfku,17,caoxz34q,253,trader_bridge_app,PauseTradingSession,1787761709,28,0,1
8o0qyfku,5,nmgjkj32,234,trader_bridge_app,TradePage,1787761710,26,0,0
8o0qyfku,3,zp1owmpd,234,trader_bridge_app,TradePage,1787761711,26,0,0
8o0qyfku,1,5ldlcszn,234,trader_bridge_app,TradePage,1787761711,26,0,0
8o0qyfku,6,cjmxcmcd,234,trader_bridge_app,TradePage,1787761711,26,0,0
8o0qyfku,2,q5e90cmj,234,trader_bridge_app,TradePage,1787761711,26,0,0
8o0qyfku,4,yq2xbma3,234,trader_bridge_app,TradePage,1787761711,26,0,0
8o0qyfku,1,5ldlcszn,235,trader_bridge_app,PauseTradingSession,1787761711,26,0,1
8o0qyfku,2,q5e90cmj,235,trader_bridge_app,PauseTradingSession,1787761711,26,0,1
8o0qyfku,3,zp1owmpd,235,trader_bridge_app,PauseTradingSession,1787761711,26,0,1
8o0qyfku,4,yq2xbma3,235,trader_bridge_app,PauseTradingSession,1787761711,26,0,1
8o0qyfku,5,nmgjkj32,235,trader_bridge_app,PauseTradingSession,1787761711,26,0,1
8o0qyfku,6,cjmxcmcd,235,trader_bridge_app,PauseTradingSession,1787761711,26,0,1
8o0qyfku,15,8m72ygxx,255,trader_bridge_app,DayBreak,1787761713,28,0,0
8o0qyfku,3,zp1owmpd,237,trader_bridge_app,DayBreak,1787761714,26,0,0
8o0qyfku,14,yvu0j0px,255,trader_bridge_app,DayBreak,1787761715,28,0,0
8o0qyfku,18,rdnkoe93,255,trader_bridge_app,DayBreak,1787761716,28,0,0
8o0qyfku,4,yq2xbma3,237,trader_bridge_app,DayBreak,1787761717,26,0,0
8o0qyfku,1,5ldlcszn,237,trader_bridge_app,DayBreak,1787761717,26,0,0
8o0qyfku,13,e70ixf6a,255,trader_bridge_app,DayBreak,1787761719,28,0,0
8o0qyfku,6,cjmxcmcd,237,trader_bridge_app,DayBreak,1787761721,26,0,0
8o0qyfku,16,3mu21szb,255,trader_bridge_app,DayBreak,1787761722,28,0,0
8o0qyfku,17,caoxz34q,255,trader_bridge_app,DayBreak,1787761729,28,0,0
8o0qyfku,13,e70ixf6a,259,trader_bridge_app,ResumeTradingSession,1787761729,29,0,1
8o0qyfku,14,yvu0j0px,259,trader_bridge_app,ResumeTradingSession,1787761729,29,0,1
8o0qyfku,15,8m72ygxx,259,trader_bridge_app,ResumeTradingSession,1787761729,29,0,1
8o0qyfku,16,3mu21szb,259,trader_bridge_app,ResumeTradingSession,1787761729,29,0,1
8o0qyfku,17,caoxz34q,259,trader_bridge_app,ResumeTradingSession,1787761729,29,0,1
8o0qyfku,18,rdnkoe93,259,trader_bridge_app,ResumeTradingSession,1787761729,29,0,1
8o0qyfku,5,nmgjkj32,237,trader_bridge_app,DayBreak,1787761732,26,1,0
8o0qyfku,2,q5e90cmj,237,trader_bridge_app,DayBreak,1787761732,26,1,0
8o0qyfku,1,5ldlcszn,241,trader_bridge_app,ResumeTradingSession,1787761733,27,0,1
8o0qyfku,2,q5e90cmj,241,trader_bridge_app,ResumeTradingSession,1787761733,27,0,1
8o0qyfku,3,zp1owmpd,241,trader_bridge_app,ResumeTradingSession,1787761733,27,0,1
8o0qyfku,4,yq2xbma3,241,trader_bridge_app,ResumeTradingSession,1787761733,27,0,1
8o0qyfku,5,nmgjkj32,241,trader_bridge_app,ResumeTradingSession,1787761733,27,0,1
8o0qyfku,6,cjmxcmcd,241,trader_bridge_app,ResumeTradingSession,1787761733,27,0,1
8o0qyfku,9,01xk5dk9,252,trader_bridge_app,TradePage,1787761733,28,0,0
8o0qyfku,7,00g81xoq,252,trader_bridge_app,TradePage,1787761733,28,0,0
8o0qyfku,10,etak4i29,252,trader_bridge_app,TradePage,1787761733,28,0,0
8o0qyfku,12,a9rbe355,252,trader_bridge_app,TradePage,1787761733,28,0,0
8o0qyfku,11,mrocn3qi,252,trader_bridge_app,TradePage,1787761733,28,0,0
8o0qyfku,8,3hlfki3e,252,trader_bridge_app,TradePage,1787761734,28,0,0
8o0qyfku,7,00g81xoq,253,trader_bridge_app,PauseTradingSession,1787761734,28,0,1
8o0qyfku,8,3hlfki3e,253,trader_bridge_app,PauseTradingSession,1787761734,28,0,1
8o0qyfku,9,01xk5dk9,253,trader_bridge_app,PauseTradingSession,1787761734,28,0,1
8o0qyfku,10,etak4i29,253,trader_bridge_app,PauseTradingSession,1787761734,28,0,1
8o0qyfku,11,mrocn3qi,253,trader_bridge_app,PauseTradingSession,1787761734,28,0,1
8o0qyfku,12,a9rbe355,253,trader_bridge_app,PauseTradingSession,1787761734,28,0,1
8o0qyfku,30,w7s9esrf,252,trader_bridge_app,TradePage,1787761735,28,0,0
8o0qyfku,25,1j25lcg3,252,trader_bridge_app,TradePage,1787761735,28,0,0
8o0qyfku,28,108ssdya,252,trader_bridge_app,TradePage,1787761736,28,0,0
8o0qyfku,26,icxcbb3j,252,trader_bridge_app,TradePage,1787761736,28,0,0
8o0qyfku,29,sgu796fi,252,trader_bridge_app,TradePage,1787761736,28,0,0
8o0qyfku,27,2dz5zxb2,252,trader_bridge_app,TradePage,1787761736,28,0,0
8o0qyfku,27,2dz5zxb2,253,trader_bridge_app,PauseTradingSession,1787761736,28,0,1
8o0qyfku,28,108ssdya,253,trader_bridge_app,PauseTradingSession,1787761736,28,0,1
8o0qyfku,29,sgu796fi,253,trader_bridge_app,PauseTradingSession,1787761736,28,0,1
8o0qyfku,30,w7s9esrf,253,trader_bridge_app,PauseTradingSession,1787761736,28,0,1
8o0qyfku,25,1j25lcg3,253,trader_bridge_app,PauseTradingSession,1787761736,28,0,1
8o0qyfku,26,icxcbb3j,253,trader_bridge_app,PauseTradingSession,1787761736,28,0,1
8o0qyfku,9,01xk5dk9,255,trader_bridge_app,DayBreak,1787761737,28,0,0
8o0qyfku,10,etak4i29,255,trader_bridge_app,DayBreak,1787761738,28,0,0
8o0qyfku,29,sgu796fi,255,trader_bridge_app,DayBreak,1787761738,28,0,0
8o0qyfku,11,mrocn3qi,255,trader_bridge_app,DayBreak,1787761738,28,0,0
8o0qyfku,27,2dz5zxb2,255,trader_bridge_app,DayBreak,1787761739,28,0,0
8o0qyfku,30,w7s9esrf,255,trader_bridge_app,DayBreak,1787761739,28,0,0
8o0qyfku,28,108ssdya,255,trader_bridge_app,DayBreak,1787761740,28,0,0
8o0qyfku,25,1j25lcg3,255,trader_bridge_app,DayBreak,1787761741,28,0,0
8o0qyfku,8,3hlfki3e,255,trader_bridge_app,DayBreak,1787761741,28,0,0
8o0qyfku,7,00g81xoq,255,trader_bridge_app,DayBreak,1787761743,28,0,0
8o0qyfku,26,icxcbb3j,255,trader_bridge_app,DayBreak,1787761744,28,0,0
8o0qyfku,25,1j25lcg3,259,trader_bridge_app,ResumeTradingSession,1787761745,29,0,1
8o0qyfku,26,icxcbb3j,259,trader_bridge_app,ResumeTradingSession,1787761745,29,0,1
8o0qyfku,27,2dz5zxb2,259,trader_bridge_app,ResumeTradingSession,1787761745,29,0,1
8o0qyfku,28,108ssdya,259,trader_bridge_app,ResumeTradingSession,1787761745,29,0,1
8o0qyfku,29,sgu796fi,259,trader_bridge_app,ResumeTradingSession,1787761745,29,0,1
8o0qyfku,30,w7s9esrf,259,trader_bridge_app,ResumeTradingSession,1787761745,29,0,1
8o0qyfku,12,a9rbe355,255,trader_bridge_app,DayBreak,1787761749,28,0,0
8o0qyfku,7,00g81xoq,259,trader_bridge_app,ResumeTradingSession,1787761749,29,0,1
8o0qyfku,8,3hlfki3e,259,trader_bridge_app,ResumeTradingSession,1787761749,29,0,1
8o0qyfku,9,01xk5dk9,259,trader_bridge_app,ResumeTradingSession,1787761749,29,0,1
8o0qyfku,10,etak4i29,259,trader_bridge_app,ResumeTradingSession,1787761749,29,0,1
8o0qyfku,11,mrocn3qi,259,trader_bridge_app,ResumeTradingSession,1787761749,29,0,1
8o0qyfku,12,a9rbe355,259,trader_bridge_app,ResumeTradingSession,1787761749,29,0,1
8o0qyfku,23,dq2m7s6u,243,trader_bridge_app,TradePage,1787761751,27,0,0
8o0qyfku,20,6swie1ys,243,trader_bridge_app,TradePage,1787761751,27,0,0
8o0qyfku,19,9d6cveb5,243,trader_bridge_app,TradePage,1787761751,27,0,0
8o0qyfku,21,dltkzvxc,243,trader_bridge_app,TradePage,1787761751,27,0,0
8o0qyfku,24,dw5igqpq,243,trader_bridge_app,TradePage,1787761751,27,0,0
8o0qyfku,22,weju7mc9,243,trader_bridge_app,TradePage,1787761751,27,0,0
8o0qyfku,19,9d6cveb5,244,trader_bridge_app,PauseTradingSession,1787761752,27,0,1
8o0qyfku,20,6swie1ys,244,trader_bridge_app,PauseTradingSession,1787761752,27,0,1
8o0qyfku,21,dltkzvxc,244,trader_bridge_app,PauseTradingSession,1787761752,27,0,1
8o0qyfku,22,weju7mc9,244,trader_bridge_app,PauseTradingSession,1787761752,27,0,1
8o0qyfku,23,dq2m7s6u,244,trader_bridge_app,PauseTradingSession,1787761752,27,0,1
8o0qyfku,24,dw5igqpq,244,trader_bridge_app,PauseTradingSession,1787761752,27,0,1
8o0qyfku,32,46nfbn7d,270,trader_bridge_app,TradePage,1787761763,30,0,0
8o0qyfku,33,cxkynnyi,270,trader_bridge_app,TradePage,1787761763,30,0,0
8o0qyfku,31,kavf29xw,270,trader_bridge_app,TradePage,1787761763,30,0,0
8o0qyfku,34,obh2xbv7,270,trader_bridge_app,TradePage,1787761763,30,0,0
8o0qyfku,31,kavf29xw,271,trader_bridge_app,PauseTradingSession,1787761764,30,0,1
8o0qyfku,32,46nfbn7d,271,trader_bridge_app,PauseTradingSession,1787761764,30,0,1
8o0qyfku,33,cxkynnyi,271,trader_bridge_app,PauseTradingSession,1787761764,30,0,1
8o0qyfku,34,obh2xbv7,271,trader_bridge_app,PauseTradingSession,1787761764,30,0,1
8o0qyfku,24,dw5igqpq,246,trader_bridge_app,DayBreak,1787761764,27,0,0
8o0qyfku,21,dltkzvxc,246,trader_bridge_app,DayBreak,1787761765,27,0,0
8o0qyfku,23,dq2m7s6u,246,trader_bridge_app,DayBreak,1787761765,27,0,0
8o0qyfku,31,kavf29xw,273,trader_bridge_app,DayBreak,1787761771,30,0,0
8o0qyfku,22,weju7mc9,246,trader_bridge_app,DayBreak,1787761773,27,1,0
8o0qyfku,20,6swie1ys,246,trader_bridge_app,DayBreak,1787761773,27,1,0
8o0qyfku,19,9d6cveb5,246,trader_bridge_app,DayBreak,1787761773,27,1,0
8o0qyfku,19,9d6cveb5,250,trader_bridge_app,ResumeTradingSession,1787761773,28,0,1
8o0qyfku,20,6swie1ys,250,trader_bridge_app,ResumeTradingSession,1787761773,28,0,1
8o0qyfku,21,dltkzvxc,250,trader_bridge_app,ResumeTradingSession,1787761773,28,0,1
8o0qyfku,22,weju7mc9,250,trader_bridge_app,ResumeTradingSession,1787761773,28,0,1
8o0qyfku,23,dq2m7s6u,250,trader_bridge_app,ResumeTradingSession,1787761773,28,0,1
8o0qyfku,24,dw5igqpq,250,trader_bridge_app,ResumeTradingSession,1787761773,28,0,1
8o0qyfku,33,cxkynnyi,273,trader_bridge_app,DayBreak,1787761775,30,0,0
8o0qyfku,34,obh2xbv7,273,trader_bridge_app,DayBreak,1787761776,30,0,0
8o0qyfku,32,46nfbn7d,273,trader_bridge_app,DayBreak,1787761778,30,0,0
8o0qyfku,31,kavf29xw,277,trader_bridge_app,ResumeTradingSession,1787761778,31,0,1
8o0qyfku,32,46nfbn7d,277,trader_bridge_app,ResumeTradingSession,1787761778,31,0,1
8o0qyfku,33,cxkynnyi,277,trader_bridge_app,ResumeTradingSession,1787761778,31,0,1
8o0qyfku,34,obh2xbv7,277,trader_bridge_app,ResumeTradingSession,1787761778,31,0,1
8o0qyfku,17,caoxz34q,261,trader_bridge_app,TradePage,1787761790,29,0,0
8o0qyfku,18,rdnkoe93,261,trader_bridge_app,TradePage,1787761790,29,0,0
8o0qyfku,13,e70ixf6a,261,trader_bridge_app,TradePage,1787761790,29,0,0
8o0qyfku,16,3mu21szb,261,trader_bridge_app,TradePage,1787761790,29,0,0
8o0qyfku,15,8m72ygxx,261,trader_bridge_app,TradePage,1787761790,29,0,0
8o0qyfku,14,yvu0j0px,261,trader_bridge_app,TradePage,1787761790,29,0,0
8o0qyfku,13,e70ixf6a,262,trader_bridge_app,PauseTradingSession,1787761791,29,0,1
8o0qyfku,14,yvu0j0px,262,trader_bridge_app,PauseTradingSession,1787761791,29,0,1
8o0qyfku,15,8m72ygxx,262,trader_bridge_app,PauseTradingSession,1787761791,29,0,1
8o0qyfku,16,3mu21szb,262,trader_bridge_app,PauseTradingSession,1787761791,29,0,1
8o0qyfku,17,caoxz34q,262,trader_bridge_app,PauseTradingSession,1787761791,29,0,1
8o0qyfku,18,rdnkoe93,262,trader_bridge_app,PauseTradingSession,1787761791,29,0,1
8o0qyfku,14,yvu0j0px,264,trader_bridge_app,DayBreak,1787761793,29,0,0
8o0qyfku,5,nmgjkj32,243,trader_bridge_app,TradePage,1787761794,27,0,0
8o0qyfku,2,q5e90cmj,243,trader_bridge_app,TradePage,1787761794,27,0,0
8o0qyfku,3,zp1owmpd,243,trader_bridge_app,TradePage,1787761794,27,0,0
8o0qyfku,4,yq2xbma3,243,trader_bridge_app,TradePage,1787761794,27,0,0
8o0qyfku,6,cjmxcmcd,243,trader_bridge_app,TradePage,1787761794,27,0,0
8o0qyfku,1,5ldlcszn,243,trader_bridge_app,TradePage,1787761794,27,0,0
8o0qyfku,2,q5e90cmj,244,trader_bridge_app,PauseTradingSession,1787761795,27,0,1
8o0qyfku,3,zp1owmpd,244,trader_bridge_app,PauseTradingSession,1787761795,27,0,1
8o0qyfku,1,5ldlcszn,244,trader_bridge_app,PauseTradingSession,1787761795,27,0,1
8o0qyfku,4,yq2xbma3,244,trader_bridge_app,PauseTradingSession,1787761795,27,0,1
8o0qyfku,5,nmgjkj32,244,trader_bridge_app,PauseTradingSession,1787761795,27,0,1
8o0qyfku,6,cjmxcmcd,244,trader_bridge_app,PauseTradingSession,1787761795,27,0,1
8o0qyfku,18,rdnkoe93,264,trader_bridge_app,DayBreak,1787761795,29,0,0
8o0qyfku,15,8m72ygxx,264,trader_bridge_app,DayBreak,1787761795,29,0,0
8o0qyfku,17,caoxz34q,264,trader_bridge_app,DayBreak,1787761795,29,0,0
8o0qyfku,13,e70ixf6a,264,trader_bridge_app,DayBreak,1787761796,29,0,0
8o0qyfku,16,3mu21szb,264,trader_bridge_app,DayBreak,1787761800,29,0,0
8o0qyfku,13,e70ixf6a,268,trader_bridge_app,ResumeTradingSession,1787761800,30,0,1
8o0qyfku,14,yvu0j0px,268,trader_bridge_app,ResumeTradingSession,1787761800,30,0,1
8o0qyfku,15,8m72ygxx,268,trader_bridge_app,ResumeTradingSession,1787761800,30,0,1
8o0qyfku,16,3mu21szb,268,trader_bridge_app,ResumeTradingSession,1787761800,30,0,1
8o0qyfku,17,caoxz34q,268,trader_bridge_app,ResumeTradingSession,1787761800,30,0,1
8o0qyfku,18,rdnkoe93,268,trader_bridge_app,ResumeTradingSession,1787761800,30,0,1
8o0qyfku,1,5ldlcszn,246,trader_bridge_app,DayBreak,1787761803,27,0,0
8o0qyfku,5,nmgjkj32,246,trader_bridge_app,DayBreak,1787761805,27,0,0
8o0qyfku,26,icxcbb3j,261,trader_bridge_app,TradePage,1787761806,29,0,0
8o0qyfku,29,sgu796fi,261,trader_bridge_app,TradePage,1787761806,29,0,0
8o0qyfku,28,108ssdya,261,trader_bridge_app,TradePage,1787761806,29,0,0
8o0qyfku,25,1j25lcg3,261,trader_bridge_app,TradePage,1787761806,29,0,0
8o0qyfku,27,2dz5zxb2,261,trader_bridge_app,TradePage,1787761806,29,0,0
8o0qyfku,30,w7s9esrf,261,trader_bridge_app,TradePage,1787761806,29,0,0
8o0qyfku,25,1j25lcg3,262,trader_bridge_app,PauseTradingSession,1787761806,29,0,1
8o0qyfku,28,108ssdya,262,trader_bridge_app,PauseTradingSession,1787761806,29,0,1
8o0qyfku,29,sgu796fi,262,trader_bridge_app,PauseTradingSession,1787761806,29,0,1
8o0qyfku,30,w7s9esrf,262,trader_bridge_app,PauseTradingSession,1787761806,29,0,1
8o0qyfku,26,icxcbb3j,262,trader_bridge_app,PauseTradingSession,1787761806,29,0,1
8o0qyfku,27,2dz5zxb2,262,trader_bridge_app,PauseTradingSession,1787761806,29,0,1
8o0qyfku,4,yq2xbma3,246,trader_bridge_app,DayBreak,1787761806,27,0,0
8o0qyfku,27,2dz5zxb2,264,trader_bridge_app,DayBreak,1787761809,29,0,0
8o0qyfku,2,q5e90cmj,246,trader_bridge_app,DayBreak,1787761809,27,0,0
8o0qyfku,12,a9rbe355,261,trader_bridge_app,TradePage,1787761810,29,0,0
8o0qyfku,10,etak4i29,261,trader_bridge_app,TradePage,1787761810,29,0,0
8o0qyfku,9,01xk5dk9,261,trader_bridge_app,TradePage,1787761810,29,0,0
8o0qyfku,11,mrocn3qi,261,trader_bridge_app,TradePage,1787761810,29,0,0
8o0qyfku,7,00g81xoq,261,trader_bridge_app,TradePage,1787761810,29,0,0
8o0qyfku,8,3hlfki3e,261,trader_bridge_app,TradePage,1787761810,29,0,0
8o0qyfku,7,00g81xoq,262,trader_bridge_app,PauseTradingSession,1787761811,29,0,1
8o0qyfku,8,3hlfki3e,262,trader_bridge_app,PauseTradingSession,1787761811,29,0,1
8o0qyfku,9,01xk5dk9,262,trader_bridge_app,PauseTradingSession,1787761811,29,0,1
8o0qyfku,10,etak4i29,262,trader_bridge_app,PauseTradingSession,1787761811,29,0,1
8o0qyfku,11,mrocn3qi,262,trader_bridge_app,PauseTradingSession,1787761811,29,0,1
8o0qyfku,12,a9rbe355,262,trader_bridge_app,PauseTradingSession,1787761811,29,0,1
8o0qyfku,28,108ssdya,264,trader_bridge_app,DayBreak,1787761811,29,0,0
8o0qyfku,3,zp1owmpd,246,trader_bridge_app,DayBreak,1787761811,27,0,0
8o0qyfku,6,cjmxcmcd,246,trader_bridge_app,DayBreak,1787761811,27,0,0
8o0qyfku,2,q5e90cmj,250,trader_bridge_app,ResumeTradingSession,1787761812,28,0,1
8o0qyfku,3,zp1owmpd,250,trader_bridge_app,ResumeTradingSession,1787761812,28,0,1
8o0qyfku,4,yq2xbma3,250,trader_bridge_app,ResumeTradingSession,1787761812,28,0,1
8o0qyfku,5,nmgjkj32,250,trader_bridge_app,ResumeTradingSession,1787761812,28,0,1
8o0qyfku,6,cjmxcmcd,250,trader_bridge_app,ResumeTradingSession,1787761812,28,0,1
8o0qyfku,1,5ldlcszn,250,trader_bridge_app,ResumeTradingSession,1787761812,28,0,1
8o0qyfku,25,1j25lcg3,264,trader_bridge_app,DayBreak,1787761812,29,0,0
8o0qyfku,11,mrocn3qi,264,trader_bridge_app,DayBreak,1787761813,29,0,0
8o0qyfku,10,etak4i29,264,trader_bridge_app,DayBreak,1787761815,29,0,0
8o0qyfku,8,3hlfki3e,264,trader_bridge_app,DayBreak,1787761816,29,0,0
8o0qyfku,29,sgu796fi,264,trader_bridge_app,DayBreak,1787761816,29,0,0
8o0qyfku,9,01xk5dk9,264,trader_bridge_app,DayBreak,1787761817,29,0,0
8o0qyfku,30,w7s9esrf,264,trader_bridge_app,DayBreak,1787761818,29,0,0
8o0qyfku,26,icxcbb3j,264,trader_bridge_app,DayBreak,1787761821,29,0,0
8o0qyfku,26,icxcbb3j,268,trader_bridge_app,ResumeTradingSession,1787761821,30,0,1
8o0qyfku,27,2dz5zxb2,268,trader_bridge_app,ResumeTradingSession,1787761821,30,0,1
8o0qyfku,28,108ssdya,268,trader_bridge_app,ResumeTradingSession,1787761821,30,0,1
8o0qyfku,29,sgu796fi,268,trader_bridge_app,ResumeTradingSession,1787761821,30,0,1
8o0qyfku,30,w7s9esrf,268,trader_bridge_app,ResumeTradingSession,1787761821,30,0,1
8o0qyfku,25,1j25lcg3,268,trader_bridge_app,ResumeTradingSession,1787761821,30,0,1
8o0qyfku,12,a9rbe355,264,trader_bridge_app,DayBreak,1787761823,29,0,0
8o0qyfku,7,00g81xoq,264,trader_bridge_app,DayBreak,1787761832,29,1,0
8o0qyfku,7,00g81xoq,268,trader_bridge_app,ResumeTradingSession,1787761832,30,0,1
8o0qyfku,8,3hlfki3e,268,trader_bridge_app,ResumeTradingSession,1787761832,30,0,1
8o0qyfku,9,01xk5dk9,268,trader_bridge_app,ResumeTradingSession,1787761832,30,0,1
8o0qyfku,10,etak4i29,268,trader_bridge_app,ResumeTradingSession,1787761832,30,0,1
8o0qyfku,11,mrocn3qi,268,trader_bridge_app,ResumeTradingSession,1787761832,30,0,1
8o0qyfku,12,a9rbe355,268,trader_bridge_app,ResumeTradingSession,1787761832,30,0,1
8o0qyfku,22,weju7mc9,252,trader_bridge_app,TradePage,1787761834,28,0,0
8o0qyfku,20,6swie1ys,252,trader_bridge_app,TradePage,1787761834,28,0,0
8o0qyfku,19,9d6cveb5,252,trader_bridge_app,TradePage,1787761834,28,0,0
8o0qyfku,23,dq2m7s6u,252,trader_bridge_app,TradePage,1787761834,28,0,0
8o0qyfku,21,dltkzvxc,252,trader_bridge_app,TradePage,1787761834,28,0,0
8o0qyfku,24,dw5igqpq,252,trader_bridge_app,TradePage,1787761834,28,0,0
8o0qyfku,20,6swie1ys,253,trader_bridge_app,PauseTradingSession,1787761835,28,0,1
8o0qyfku,21,dltkzvxc,253,trader_bridge_app,PauseTradingSession,1787761835,28,0,1
8o0qyfku,22,weju7mc9,253,trader_bridge_app,PauseTradingSession,1787761835,28,0,1
8o0qyfku,23,dq2m7s6u,253,trader_bridge_app,PauseTradingSession,1787761835,28,0,1
8o0qyfku,24,dw5igqpq,253,trader_bridge_app,PauseTradingSession,1787761835,28,0,1
8o0qyfku,19,9d6cveb5,253,trader_bridge_app,PauseTradingSession,1787761835,28,0,1
8o0qyfku,21,dltkzvxc,255,trader_bridge_app,DayBreak,1787761837,28,0,0
8o0qyfku,20,6swie1ys,255,trader_bridge_app,DayBreak,1787761839,28,0,0
8o0qyfku,32,46nfbn7d,279,trader_bridge_app,TradePage,1787761840,31,0,0
8o0qyfku,33,cxkynnyi,279,trader_bridge_app,TradePage,1787761840,31,0,0
8o0qyfku,31,kavf29xw,279,trader_bridge_app,TradePage,1787761840,31,0,0
8o0qyfku,34,obh2xbv7,279,trader_bridge_app,TradePage,1787761840,31,0,0
8o0qyfku,34,obh2xbv7,280,trader_bridge_app,PauseTradingSession,1787761841,31,0,1
8o0qyfku,31,kavf29xw,280,trader_bridge_app,PauseTradingSession,1787761841,31,0,1
8o0qyfku,32,46nfbn7d,280,trader_bridge_app,PauseTradingSession,1787761841,31,0,1
8o0qyfku,33,cxkynnyi,280,trader_bridge_app,PauseTradingSession,1787761841,31,0,1
8o0qyfku,24,dw5igqpq,255,trader_bridge_app,DayBreak,1787761841,28,0,0
8o0qyfku,22,weju7mc9,255,trader_bridge_app,DayBreak,1787761841,28,0,0
8o0qyfku,19,9d6cveb5,255,trader_bridge_app,DayBreak,1787761842,28,0,0
8o0qyfku,34,obh2xbv7,282,trader_bridge_app,DayBreak,1787761844,31,0,0
8o0qyfku,31,kavf29xw,282,trader_bridge_app,DayBreak,1787761844,31,0,0
8o0qyfku,33,cxkynnyi,282,trader_bridge_app,DayBreak,1787761844,31,0,0
8o0qyfku,32,46nfbn7d,282,trader_bridge_app,DayBreak,1787761845,31,0,0
8o0qyfku,31,kavf29xw,286,trader_bridge_app,ResumeTradingSession,1787761845,32,0,1
8o0qyfku,32,46nfbn7d,286,trader_bridge_app,ResumeTradingSession,1787761845,32,0,1
8o0qyfku,33,cxkynnyi,286,trader_bridge_app,ResumeTradingSession,1787761845,32,0,1
8o0qyfku,34,obh2xbv7,286,trader_bridge_app,ResumeTradingSession,1787761845,32,0,1
8o0qyfku,23,dq2m7s6u,255,trader_bridge_app,DayBreak,1787761847,28,0,0
8o0qyfku,19,9d6cveb5,259,trader_bridge_app,ResumeTradingSession,1787761847,29,0,1
8o0qyfku,20,6swie1ys,259,trader_bridge_app,ResumeTradingSession,1787761847,29,0,1
8o0qyfku,21,dltkzvxc,259,trader_bridge_app,ResumeTradingSession,1787761847,29,0,1
8o0qyfku,22,weju7mc9,259,trader_bridge_app,ResumeTradingSession,1787761847,29,0,1
8o0qyfku,23,dq2m7s6u,259,trader_bridge_app,ResumeTradingSession,1787761847,29,0,1
8o0qyfku,24,dw5igqpq,259,trader_bridge_app,ResumeTradingSession,1787761847,29,0,1
8o0qyfku,16,3mu21szb,270,trader_bridge_app,TradePage,1787761862,30,0,0
8o0qyfku,15,8m72ygxx,270,trader_bridge_app,TradePage,1787761862,30,0,0
8o0qyfku,13,e70ixf6a,270,trader_bridge_app,TradePage,1787761862,30,0,0
8o0qyfku,17,caoxz34q,270,trader_bridge_app,TradePage,1787761862,30,0,0
8o0qyfku,18,rdnkoe93,270,trader_bridge_app,TradePage,1787761862,30,0,0
8o0qyfku,14,yvu0j0px,270,trader_bridge_app,TradePage,1787761862,30,0,0
8o0qyfku,13,e70ixf6a,271,trader_bridge_app,PauseTradingSession,1787761863,30,0,1
8o0qyfku,14,yvu0j0px,271,trader_bridge_app,PauseTradingSession,1787761863,30,0,1
8o0qyfku,15,8m72ygxx,271,trader_bridge_app,PauseTradingSession,1787761863,30,0,1
8o0qyfku,16,3mu21szb,271,trader_bridge_app,PauseTradingSession,1787761863,30,0,1
8o0qyfku,17,caoxz34q,271,trader_bridge_app,PauseTradingSession,1787761863,30,0,1
8o0qyfku,18,rdnkoe93,271,trader_bridge_app,PauseTradingSession,1787761863,30,0,1
8o0qyfku,17,caoxz34q,273,trader_bridge_app,DayBreak,1787761869,30,0,0
8o0qyfku,15,8m72ygxx,273,trader_bridge_app,DayBreak,1787761871,30,0,0
8o0qyfku,3,zp1owmpd,252,trader_bridge_app,TradePage,1787761873,28,0,0
8o0qyfku,6,cjmxcmcd,252,trader_bridge_app,TradePage,1787761873,28,0,0
8o0qyfku,2,q5e90cmj,252,trader_bridge_app,TradePage,1787761873,28,0,0
8o0qyfku,4,yq2xbma3,252,trader_bridge_app,TradePage,1787761873,28,0,0
8o0qyfku,1,5ldlcszn,252,trader_bridge_app,TradePage,1787761873,28,0,0
8o0qyfku,5,nmgjkj32,252,trader_bridge_app,TradePage,1787761873,28,0,0
8o0qyfku,1,5ldlcszn,253,trader_bridge_app,PauseTradingSession,1787761874,28,0,1
8o0qyfku,2,q5e90cmj,253,trader_bridge_app,PauseTradingSession,1787761874,28,0,1
8o0qyfku,3,zp1owmpd,253,trader_bridge_app,PauseTradingSession,1787761874,28,0,1
8o0qyfku,4,yq2xbma3,253,trader_bridge_app,PauseTradingSession,1787761874,28,0,1
8o0qyfku,5,nmgjkj32,253,trader_bridge_app,PauseTradingSession,1787761874,28,0,1
8o0qyfku,6,cjmxcmcd,253,trader_bridge_app,PauseTradingSession,1787761874,28,0,1
8o0qyfku,13,e70ixf6a,273,trader_bridge_app,DayBreak,1787761874,30,0,0
8o0qyfku,16,3mu21szb,273,trader_bridge_app,DayBreak,1787761874,30,0,0
8o0qyfku,18,rdnkoe93,273,trader_bridge_app,DayBreak,1787761875,30,0,0
8o0qyfku,14,yvu0j0px,273,trader_bridge_app,DayBreak,1787761876,30,0,0
8o0qyfku,13,e70ixf6a,277,trader_bridge_app,ResumeTradingSession,1787761876,31,0,1
8o0qyfku,14,yvu0j0px,277,trader_bridge_app,ResumeTradingSession,1787761876,31,0,1
8o0qyfku,15,8m72ygxx,277,trader_bridge_app,ResumeTradingSession,1787761876,31,0,1
8o0qyfku,16,3mu21szb,277,trader_bridge_app,ResumeTradingSession,1787761876,31,0,1
8o0qyfku,17,caoxz34q,277,trader_bridge_app,ResumeTradingSession,1787761876,31,0,1
8o0qyfku,18,rdnkoe93,277,trader_bridge_app,ResumeTradingSession,1787761876,31,0,1
8o0qyfku,3,zp1owmpd,255,trader_bridge_app,DayBreak,1787761877,28,0,0
8o0qyfku,4,yq2xbma3,255,trader_bridge_app,DayBreak,1787761878,28,0,0
8o0qyfku,1,5ldlcszn,255,trader_bridge_app,DayBreak,1787761878,28,0,0
8o0qyfku,6,cjmxcmcd,255,trader_bridge_app,DayBreak,1787761879,28,0,0
8o0qyfku,26,icxcbb3j,270,trader_bridge_app,TradePage,1787761882,30,0,0
8o0qyfku,29,sgu796fi,270,trader_bridge_app,TradePage,1787761882,30,0,0
8o0qyfku,27,2dz5zxb2,270,trader_bridge_app,TradePage,1787761882,30,0,0
8o0qyfku,30,w7s9esrf,270,trader_bridge_app,TradePage,1787761882,30,0,0
8o0qyfku,25,1j25lcg3,270,trader_bridge_app,TradePage,1787761883,30,0,0
8o0qyfku,28,108ssdya,270,trader_bridge_app,TradePage,1787761883,30,0,0
8o0qyfku,25,1j25lcg3,271,trader_bridge_app,PauseTradingSession,1787761883,30,0,1
8o0qyfku,26,icxcbb3j,271,trader_bridge_app,PauseTradingSession,1787761883,30,0,1
8o0qyfku,27,2dz5zxb2,271,trader_bridge_app,PauseTradingSession,1787761883,30,0,1
8o0qyfku,28,108ssdya,271,trader_bridge_app,PauseTradingSession,1787761883,30,0,1
8o0qyfku,29,sgu796fi,271,trader_bridge_app,PauseTradingSession,1787761883,30,0,1
8o0qyfku,30,w7s9esrf,271,trader_bridge_app,PauseTradingSession,1787761883,30,0,1
8o0qyfku,2,q5e90cmj,255,trader_bridge_app,DayBreak,1787761889,28,0,0
8o0qyfku,26,icxcbb3j,273,trader_bridge_app,DayBreak,1787761892,30,0,0
8o0qyfku,9,01xk5dk9,270,trader_bridge_app,TradePage,1787761893,30,0,0
8o0qyfku,11,mrocn3qi,270,trader_bridge_app,TradePage,1787761893,30,0,0
8o0qyfku,12,a9rbe355,270,trader_bridge_app,TradePage,1787761893,30,0,0
8o0qyfku,8,3hlfki3e,270,trader_bridge_app,TradePage,1787761893,30,0,0
8o0qyfku,10,etak4i29,270,trader_bridge_app,TradePage,1787761893,30,0,0
8o0qyfku,27,2dz5zxb2,273,trader_bridge_app,DayBreak,1787761893,30,0,0
8o0qyfku,7,00g81xoq,270,trader_bridge_app,TradePage,1787761894,30,0,0
8o0qyfku,7,00g81xoq,271,trader_bridge_app,PauseTradingSession,1787761894,30,0,1
8o0qyfku,8,3hlfki3e,271,trader_bridge_app,PauseTradingSession,1787761894,30,0,1
8o0qyfku,9,01xk5dk9,271,trader_bridge_app,PauseTradingSession,1787761894,30,0,1
8o0qyfku,10,etak4i29,271,trader_bridge_app,PauseTradingSession,1787761894,30,0,1
8o0qyfku,11,mrocn3qi,271,trader_bridge_app,PauseTradingSession,1787761894,30,0,1
8o0qyfku,12,a9rbe355,271,trader_bridge_app,PauseTradingSession,1787761894,30,0,1
8o0qyfku,5,nmgjkj32,255,trader_bridge_app,DayBreak,1787761895,28,1,0
8o0qyfku,1,5ldlcszn,259,trader_bridge_app,ResumeTradingSession,1787761895,29,0,1
8o0qyfku,2,q5e90cmj,259,trader_bridge_app,ResumeTradingSession,1787761895,29,0,1
8o0qyfku,3,zp1owmpd,259,trader_bridge_app,ResumeTradingSession,1787761895,29,0,1
8o0qyfku,4,yq2xbma3,259,trader_bridge_app,ResumeTradingSession,1787761895,29,0,1
8o0qyfku,5,nmgjkj32,259,trader_bridge_app,ResumeTradingSession,1787761895,29,0,1
8o0qyfku,6,cjmxcmcd,259,trader_bridge_app,ResumeTradingSession,1787761895,29,0,1
8o0qyfku,25,1j25lcg3,273,trader_bridge_app,DayBreak,1787761896,30,0,0
8o0qyfku,28,108ssdya,273,trader_bridge_app,DayBreak,1787761897,30,0,0
8o0qyfku,29,sgu796fi,273,trader_bridge_app,DayBreak,1787761898,30,0,0
8o0qyfku,30,w7s9esrf,273,trader_bridge_app,DayBreak,1787761900,30,0,0
8o0qyfku,25,1j25lcg3,277,trader_bridge_app,ResumeTradingSession,1787761900,31,0,1
8o0qyfku,26,icxcbb3j,277,trader_bridge_app,ResumeTradingSession,1787761900,31,0,1
8o0qyfku,27,2dz5zxb2,277,trader_bridge_app,ResumeTradingSession,1787761900,31,0,1
8o0qyfku,28,108ssdya,277,trader_bridge_app,ResumeTradingSession,1787761900,31,0,1
8o0qyfku,29,sgu796fi,277,trader_bridge_app,ResumeTradingSession,1787761900,31,0,1
8o0qyfku,30,w7s9esrf,277,trader_bridge_app,ResumeTradingSession,1787761900,31,0,1
8o0qyfku,10,etak4i29,273,trader_bridge_app,DayBreak,1787761902,30,0,0
8o0qyfku,11,mrocn3qi,273,trader_bridge_app,DayBreak,1787761905,30,0,0
8o0qyfku,32,46nfbn7d,288,trader_bridge_app,TradePage,1787761906,32,0,0
8o0qyfku,34,obh2xbv7,288,trader_bridge_app,TradePage,1787761907,32,0,0
8o0qyfku,33,cxkynnyi,288,trader_bridge_app,TradePage,1787761907,32,0,0
8o0qyfku,31,kavf29xw,288,trader_bridge_app,TradePage,1787761907,32,0,0
8o0qyfku,31,kavf29xw,289,trader_bridge_app,PauseTradingSession,1787761907,32,0,1
8o0qyfku,32,46nfbn7d,289,trader_bridge_app,PauseTradingSession,1787761907,32,0,1
8o0qyfku,33,cxkynnyi,289,trader_bridge_app,PauseTradingSession,1787761907,32,0,1
8o0qyfku,34,obh2xbv7,289,trader_bridge_app,PauseTradingSession,1787761907,32,0,1
8o0qyfku,7,00g81xoq,273,trader_bridge_app,DayBreak,1787761907,30,0,0
8o0qyfku,23,dq2m7s6u,261,trader_bridge_app,TradePage,1787761909,29,0,0
8o0qyfku,21,dltkzvxc,261,trader_bridge_app,TradePage,1787761909,29,0,0
8o0qyfku,24,dw5igqpq,261,trader_bridge_app,TradePage,1787761909,29,0,0
8o0qyfku,20,6swie1ys,261,trader_bridge_app,TradePage,1787761909,29,0,0
8o0qyfku,8,3hlfki3e,273,trader_bridge_app,DayBreak,1787761909,30,0,0
8o0qyfku,19,9d6cveb5,261,trader_bridge_app,TradePage,1787761909,29,0,0
8o0qyfku,22,weju7mc9,261,trader_bridge_app,TradePage,1787761909,29,0,0
8o0qyfku,19,9d6cveb5,262,trader_bridge_app,PauseTradingSession,1787761910,29,0,1
8o0qyfku,20,6swie1ys,262,trader_bridge_app,PauseTradingSession,1787761910,29,0,1
8o0qyfku,21,dltkzvxc,262,trader_bridge_app,PauseTradingSession,1787761910,29,0,1
8o0qyfku,22,weju7mc9,262,trader_bridge_app,PauseTradingSession,1787761910,29,0,1
8o0qyfku,23,dq2m7s6u,262,trader_bridge_app,PauseTradingSession,1787761910,29,0,1
8o0qyfku,24,dw5igqpq,262,trader_bridge_app,PauseTradingSession,1787761910,29,0,1
8o0qyfku,34,obh2xbv7,291,trader_bridge_app,DayBreak,1787761910,32,0,0
8o0qyfku,33,cxkynnyi,291,trader_bridge_app,DayBreak,1787761910,32,0,0
8o0qyfku,21,dltkzvxc,264,trader_bridge_app,DayBreak,1787761913,29,0,0
8o0qyfku,20,6swie1ys,264,trader_bridge_app,DayBreak,1787761913,29,0,0
8o0qyfku,24,dw5igqpq,264,trader_bridge_app,DayBreak,1787761913,29,0,0
8o0qyfku,32,46nfbn7d,291,trader_bridge_app,DayBreak,1787761914,32,0,0
8o0qyfku,22,weju7mc9,264,trader_bridge_app,DayBreak,1787761914,29,0,0
8o0qyfku,9,01xk5dk9,273,trader_bridge_app,DayBreak,1787761915,30,1,0
8o0qyfku,12,a9rbe355,273,trader_bridge_app,DayBreak,1787761915,30,1,0
8o0qyfku,7,00g81xoq,277,trader_bridge_app,ResumeTradingSession,1787761915,31,0,1
8o0qyfku,8,3hlfki3e,277,trader_bridge_app,ResumeTradingSession,1787761915,31,0,1
8o0qyfku,9,01xk5dk9,277,trader_bridge_app,ResumeTradingSession,1787761915,31,0,1
8o0qyfku,10,etak4i29,277,trader_bridge_app,ResumeTradingSession,1787761915,31,0,1
8o0qyfku,11,mrocn3qi,277,trader_bridge_app,ResumeTradingSession,1787761915,31,0,1
8o0qyfku,12,a9rbe355,277,trader_bridge_app,ResumeTradingSession,1787761915,31,0,1
8o0qyfku,31,kavf29xw,291,trader_bridge_app,DayBreak,1787761923,32,0,0
8o0qyfku,31,kavf29xw,295,trader_bridge_app,ResumeTradingSession,1787761923,33,0,1
8o0qyfku,32,46nfbn7d,295,trader_bridge_app,ResumeTradingSession,1787761923,33,0,1
8o0qyfku,33,cxkynnyi,295,trader_bridge_app,ResumeTradingSession,1787761923,33,0,1
8o0qyfku,34,obh2xbv7,295,trader_bridge_app,ResumeTradingSession,1787761923,33,0,1
8o0qyfku,19,9d6cveb5,264,trader_bridge_app,DayBreak,1787761924,29,0,0
8o0qyfku,23,dq2m7s6u,264,trader_bridge_app,DayBreak,1787761930,29,1,0
8o0qyfku,19,9d6cveb5,268,trader_bridge_app,ResumeTradingSession,1787761931,30,0,1
8o0qyfku,20,6swie1ys,268,trader_bridge_app,ResumeTradingSession,1787761931,30,0,1
8o0qyfku,21,dltkzvxc,268,trader_bridge_app,ResumeTradingSession,1787761931,30,0,1
8o0qyfku,22,weju7mc9,268,trader_bridge_app,ResumeTradingSession,1787761931,30,0,1
8o0qyfku,23,dq2m7s6u,268,trader_bridge_app,ResumeTradingSession,1787761931,30,0,1
8o0qyfku,24,dw5igqpq,268,trader_bridge_app,ResumeTradingSession,1787761931,30,0,1
8o0qyfku,14,yvu0j0px,279,trader_bridge_app,TradePage,1787761938,31,0,0
8o0qyfku,18,rdnkoe93,279,trader_bridge_app,TradePage,1787761938,31,0,0
8o0qyfku,15,8m72ygxx,279,trader_bridge_app,TradePage,1787761938,31,0,0
8o0qyfku,16,3mu21szb,279,trader_bridge_app,TradePage,1787761938,31,0,0
8o0qyfku,13,e70ixf6a,279,trader_bridge_app,TradePage,1787761938,31,0,0
8o0qyfku,17,caoxz34q,279,trader_bridge_app,TradePage,1787761938,31,0,0
8o0qyfku,13,e70ixf6a,280,trader_bridge_app,PauseTradingSession,1787761938,31,0,1
8o0qyfku,14,yvu0j0px,280,trader_bridge_app,PauseTradingSession,1787761938,31,0,1
8o0qyfku,15,8m72ygxx,280,trader_bridge_app,PauseTradingSession,1787761938,31,0,1
8o0qyfku,16,3mu21szb,280,trader_bridge_app,PauseTradingSession,1787761938,31,0,1
8o0qyfku,17,caoxz34q,280,trader_bridge_app,PauseTradingSession,1787761938,31,0,1
8o0qyfku,18,rdnkoe93,280,trader_bridge_app,PauseTradingSession,1787761938,31,0,1
8o0qyfku,14,yvu0j0px,282,trader_bridge_app,DayBreak,1787761941,31,0,0
8o0qyfku,15,8m72ygxx,282,trader_bridge_app,DayBreak,1787761942,31,0,0
8o0qyfku,18,rdnkoe93,282,trader_bridge_app,DayBreak,1787761943,31,0,0
8o0qyfku,17,caoxz34q,282,trader_bridge_app,DayBreak,1787761944,31,0,0
8o0qyfku,16,3mu21szb,282,trader_bridge_app,DayBreak,1787761946,31,0,0
8o0qyfku,13,e70ixf6a,282,trader_bridge_app,DayBreak,1787761947,31,0,0
8o0qyfku,13,e70ixf6a,286,trader_bridge_app,ResumeTradingSession,1787761947,32,0,1
8o0qyfku,14,yvu0j0px,286,trader_bridge_app,ResumeTradingSession,1787761947,32,0,1
8o0qyfku,15,8m72ygxx,286,trader_bridge_app,ResumeTradingSession,1787761947,32,0,1
8o0qyfku,16,3mu21szb,286,trader_bridge_app,ResumeTradingSession,1787761947,32,0,1
8o0qyfku,17,caoxz34q,286,trader_bridge_app,ResumeTradingSession,1787761947,32,0,1
8o0qyfku,18,rdnkoe93,286,trader_bridge_app,ResumeTradingSession,1787761947,32,0,1
8o0qyfku,5,nmgjkj32,261,trader_bridge_app,TradePage,1787761956,29,0,0
8o0qyfku,2,q5e90cmj,261,trader_bridge_app,TradePage,1787761956,29,0,0
8o0qyfku,6,cjmxcmcd,261,trader_bridge_app,TradePage,1787761956,29,0,0
8o0qyfku,3,zp1owmpd,261,trader_bridge_app,TradePage,1787761956,29,0,0
8o0qyfku,4,yq2xbma3,261,trader_bridge_app,TradePage,1787761957,29,0,0
8o0qyfku,1,5ldlcszn,261,trader_bridge_app,TradePage,1787761957,29,0,0
8o0qyfku,1,5ldlcszn,262,trader_bridge_app,PauseTradingSession,1787761957,29,0,1
8o0qyfku,2,q5e90cmj,262,trader_bridge_app,PauseTradingSession,1787761957,29,0,1
8o0qyfku,3,zp1owmpd,262,trader_bridge_app,PauseTradingSession,1787761957,29,0,1
8o0qyfku,5,nmgjkj32,262,trader_bridge_app,PauseTradingSession,1787761957,29,0,1
8o0qyfku,6,cjmxcmcd,262,trader_bridge_app,PauseTradingSession,1787761957,29,0,1
8o0qyfku,4,yq2xbma3,262,trader_bridge_app,PauseTradingSession,1787761957,29,0,1
8o0qyfku,30,w7s9esrf,279,trader_bridge_app,TradePage,1787761961,31,0,0
8o0qyfku,29,sgu796fi,279,trader_bridge_app,TradePage,1787761961,31,0,0
8o0qyfku,25,1j25lcg3,279,trader_bridge_app,TradePage,1787761961,31,0,0
8o0qyfku,28,108ssdya,279,trader_bridge_app,TradePage,1787761961,31,0,0
8o0qyfku,26,icxcbb3j,279,trader_bridge_app,TradePage,1787761961,31,0,0
8o0qyfku,27,2dz5zxb2,279,trader_bridge_app,TradePage,1787761961,31,0,0
8o0qyfku,25,1j25lcg3,280,trader_bridge_app,PauseTradingSession,1787761962,31,0,1
8o0qyfku,26,icxcbb3j,280,trader_bridge_app,PauseTradingSession,1787761962,31,0,1
8o0qyfku,27,2dz5zxb2,280,trader_bridge_app,PauseTradingSession,1787761962,31,0,1
8o0qyfku,28,108ssdya,280,trader_bridge_app,PauseTradingSession,1787761962,31,0,1
8o0qyfku,29,sgu796fi,280,trader_bridge_app,PauseTradingSession,1787761962,31,0,1
8o0qyfku,30,w7s9esrf,280,trader_bridge_app,PauseTradingSession,1787761962,31,0,1
8o0qyfku,4,yq2xbma3,264,trader_bridge_app,DayBreak,1787761962,29,0,0
8o0qyfku,3,zp1owmpd,264,trader_bridge_app,DayBreak,1787761962,29,0,0
8o0qyfku,6,cjmxcmcd,264,trader_bridge_app,DayBreak,1787761963,29,0,0
8o0qyfku,2,q5e90cmj,264,trader_bridge_app,DayBreak,1787761963,29,0,0
8o0qyfku,28,108ssdya,282,trader_bridge_app,DayBreak,1787761964,31,0,0
8o0qyfku,27,2dz5zxb2,282,trader_bridge_app,DayBreak,1787761964,31,0,0
8o0qyfku,25,1j25lcg3,282,trader_bridge_app,DayBreak,1787761968,31,0,0
8o0qyfku,29,sgu796fi,282,trader_bridge_app,DayBreak,1787761969,31,0,0
8o0qyfku,26,icxcbb3j,282,trader_bridge_app,DayBreak,1787761970,31,0,0
8o0qyfku,30,w7s9esrf,282,trader_bridge_app,DayBreak,1787761970,31,0,0
8o0qyfku,25,1j25lcg3,286,trader_bridge_app,ResumeTradingSession,1787761970,32,0,1
8o0qyfku,26,icxcbb3j,286,trader_bridge_app,ResumeTradingSession,1787761970,32,0,1
8o0qyfku,27,2dz5zxb2,286,trader_bridge_app,ResumeTradingSession,1787761970,32,0,1
8o0qyfku,28,108ssdya,286,trader_bridge_app,ResumeTradingSession,1787761970,32,0,1
8o0qyfku,29,sgu796fi,286,trader_bridge_app,ResumeTradingSession,1787761970,32,0,1
8o0qyfku,30,w7s9esrf,286,trader_bridge_app,ResumeTradingSession,1787761970,32,0,1
8o0qyfku,9,01xk5dk9,279,trader_bridge_app,TradePage,1787761976,31,0,0
8o0qyfku,11,mrocn3qi,279,trader_bridge_app,TradePage,1787761976,31,0,0
8o0qyfku,12,a9rbe355,279,trader_bridge_app,TradePage,1787761976,31,0,0
8o0qyfku,10,etak4i29,279,trader_bridge_app,TradePage,1787761976,31,0,0
8o0qyfku,7,00g81xoq,279,trader_bridge_app,TradePage,1787761976,31,0,0
8o0qyfku,8,3hlfki3e,279,trader_bridge_app,TradePage,1787761976,31,0,0
8o0qyfku,11,mrocn3qi,280,trader_bridge_app,PauseTradingSession,1787761977,31,0,1
8o0qyfku,12,a9rbe355,280,trader_bridge_app,PauseTradingSession,1787761977,31,0,1
8o0qyfku,7,00g81xoq,280,trader_bridge_app,PauseTradingSession,1787761977,31,0,1
8o0qyfku,8,3hlfki3e,280,trader_bridge_app,PauseTradingSession,1787761977,31,0,1
8o0qyfku,9,01xk5dk9,280,trader_bridge_app,PauseTradingSession,1787761977,31,0,1
8o0qyfku,10,etak4i29,280,trader_bridge_app,PauseTradingSession,1787761977,31,0,1
8o0qyfku,1,5ldlcszn,264,trader_bridge_app,DayBreak,1787761978,29,1,0
8o0qyfku,5,nmgjkj32,264,trader_bridge_app,DayBreak,1787761978,29,1,0
8o0qyfku,4,yq2xbma3,268,trader_bridge_app,ResumeTradingSession,1787761978,30,0,1
8o0qyfku,5,nmgjkj32,268,trader_bridge_app,ResumeTradingSession,1787761978,30,0,1
8o0qyfku,6,cjmxcmcd,268,trader_bridge_app,ResumeTradingSession,1787761978,30,0,1
8o0qyfku,1,5ldlcszn,268,trader_bridge_app,ResumeTradingSession,1787761978,30,0,1
8o0qyfku,2,q5e90cmj,268,trader_bridge_app,ResumeTradingSession,1787761978,30,0,1
8o0qyfku,3,zp1owmpd,268,trader_bridge_app,ResumeTradingSession,1787761978,30,0,1
8o0qyfku,11,mrocn3qi,282,trader_bridge_app,DayBreak,1787761980,31,0,0
8o0qyfku,9,01xk5dk9,282,trader_bridge_app,DayBreak,1787761980,31,0,0
8o0qyfku,8,3hlfki3e,282,trader_bridge_app,DayBreak,1787761981,31,0,0
8o0qyfku,7,00g81xoq,282,trader_bridge_app,DayBreak,1787761981,31,0,0
8o0qyfku,10,etak4i29,282,trader_bridge_app,DayBreak,1787761982,31,0,0
8o0qyfku,31,kavf29xw,297,trader_bridge_app,TradePage,1787761984,33,0,0
8o0qyfku,32,46nfbn7d,297,trader_bridge_app,TradePage,1787761984,33,0,0
8o0qyfku,33,cxkynnyi,297,trader_bridge_app,TradePage,1787761984,33,0,0
8o0qyfku,34,obh2xbv7,297,trader_bridge_app,TradePage,1787761984,33,0,0
8o0qyfku,33,cxkynnyi,299,trader_bridge_app,FinalizeTradingSession,1787761985,33,0,1
8o0qyfku,34,obh2xbv7,299,trader_bridge_app,FinalizeTradingSession,1787761985,33,0,1
8o0qyfku,31,kavf29xw,299,trader_bridge_app,FinalizeTradingSession,1787761985,33,0,1
8o0qyfku,32,46nfbn7d,299,trader_bridge_app,FinalizeTradingSession,1787761985,33,0,1
8o0qyfku,33,cxkynnyi,300,trader_bridge_app,DayBreak,1787761987,33,0,0
8o0qyfku,34,obh2xbv7,300,trader_bridge_app,DayBreak,1787761987,33,0,0
8o0qyfku,31,kavf29xw,300,trader_bridge_app,DayBreak,1787761988,33,0,0
8o0qyfku,32,46nfbn7d,300,trader_bridge_app,DayBreak,1787761989,33,0,0
8o0qyfku,23,dq2m7s6u,270,trader_bridge_app,TradePage,1787761992,30,0,0
8o0qyfku,21,dltkzvxc,270,trader_bridge_app,TradePage,1787761992,30,0,0
8o0qyfku,20,6swie1ys,270,trader_bridge_app,TradePage,1787761992,30,0,0
8o0qyfku,19,9d6cveb5,270,trader_bridge_app,TradePage,1787761992,30,0,0
8o0qyfku,24,dw5igqpq,270,trader_bridge_app,TradePage,1787761992,30,0,0
8o0qyfku,22,weju7mc9,270,trader_bridge_app,TradePage,1787761992,30,0,0
8o0qyfku,19,9d6cveb5,271,trader_bridge_app,PauseTradingSession,1787761993,30,0,1
8o0qyfku,20,6swie1ys,271,trader_bridge_app,PauseTradingSession,1787761993,30,0,1
8o0qyfku,21,dltkzvxc,271,trader_bridge_app,PauseTradingSession,1787761993,30,0,1
8o0qyfku,22,weju7mc9,271,trader_bridge_app,PauseTradingSession,1787761993,30,0,1
8o0qyfku,23,dq2m7s6u,271,trader_bridge_app,PauseTradingSession,1787761993,30,0,1
8o0qyfku,24,dw5igqpq,271,trader_bridge_app,PauseTradingSession,1787761993,30,0,1
8o0qyfku,12,a9rbe355,282,trader_bridge_app,DayBreak,1787761993,31,0,0
8o0qyfku,7,00g81xoq,286,trader_bridge_app,ResumeTradingSession,1787761993,32,0,1
8o0qyfku,8,3hlfki3e,286,trader_bridge_app,ResumeTradingSession,1787761993,32,0,1
8o0qyfku,9,01xk5dk9,286,trader_bridge_app,ResumeTradingSession,1787761993,32,0,1
8o0qyfku,10,etak4i29,286,trader_bridge_app,ResumeTradingSession,1787761993,32,0,1
8o0qyfku,11,mrocn3qi,286,trader_bridge_app,ResumeTradingSession,1787761993,32,0,1
8o0qyfku,12,a9rbe355,286,trader_bridge_app,ResumeTradingSession,1787761993,32,0,1
8o0qyfku,21,dltkzvxc,273,trader_bridge_app,DayBreak,1787762001,30,0,0
8o0qyfku,24,dw5igqpq,273,trader_bridge_app,DayBreak,1787762002,30,0,0
8o0qyfku,23,dq2m7s6u,273,trader_bridge_app,DayBreak,1787762006,30,0,0
8o0qyfku,20,6swie1ys,273,trader_bridge_app,DayBreak,1787762007,30,0,0
8o0qyfku,19,9d6cveb5,273,trader_bridge_app,DayBreak,1787762008,30,0,0
8o0qyfku,13,e70ixf6a,288,trader_bridge_app,TradePage,1787762008,32,0,0
8o0qyfku,16,3mu21szb,288,trader_bridge_app,TradePage,1787762008,32,0,0
8o0qyfku,18,rdnkoe93,288,trader_bridge_app,TradePage,1787762008,32,0,0
8o0qyfku,17,caoxz34q,288,trader_bridge_app,TradePage,1787762008,32,0,0
8o0qyfku,15,8m72ygxx,288,trader_bridge_app,TradePage,1787762008,32,0,0
8o0qyfku,14,yvu0j0px,288,trader_bridge_app,TradePage,1787762008,32,0,0
8o0qyfku,13,e70ixf6a,289,trader_bridge_app,PauseTradingSession,1787762009,32,0,1
8o0qyfku,14,yvu0j0px,289,trader_bridge_app,PauseTradingSession,1787762009,32,0,1
8o0qyfku,15,8m72ygxx,289,trader_bridge_app,PauseTradingSession,1787762009,32,0,1
8o0qyfku,16,3mu21szb,289,trader_bridge_app,PauseTradingSession,1787762009,32,0,1
8o0qyfku,17,caoxz34q,289,trader_bridge_app,PauseTradingSession,1787762009,32,0,1
8o0qyfku,18,rdnkoe93,289,trader_bridge_app,PauseTradingSession,1787762009,32,0,1
8o0qyfku,22,weju7mc9,273,trader_bridge_app,DayBreak,1787762009,30,0,0
8o0qyfku,19,9d6cveb5,277,trader_bridge_app,ResumeTradingSession,1787762009,31,0,1
8o0qyfku,20,6swie1ys,277,trader_bridge_app,ResumeTradingSession,1787762009,31,0,1
8o0qyfku,21,dltkzvxc,277,trader_bridge_app,ResumeTradingSession,1787762009,31,0,1
8o0qyfku,22,weju7mc9,277,trader_bridge_app,ResumeTradingSession,1787762009,31,0,1
8o0qyfku,23,dq2m7s6u,277,trader_bridge_app,ResumeTradingSession,1787762009,31,0,1
8o0qyfku,24,dw5igqpq,277,trader_bridge_app,ResumeTradingSession,1787762009,31,0,1
8o0qyfku,16,3mu21szb,291,trader_bridge_app,DayBreak,1787762013,32,0,0
8o0qyfku,18,rdnkoe93,291,trader_bridge_app,DayBreak,1787762013,32,0,0
8o0qyfku,14,yvu0j0px,291,trader_bridge_app,DayBreak,1787762013,32,0,0
8o0qyfku,17,caoxz34q,291,trader_bridge_app,DayBreak,1787762013,32,0,0
8o0qyfku,13,e70ixf6a,291,trader_bridge_app,DayBreak,1787762013,32,0,0
8o0qyfku,15,8m72ygxx,291,trader_bridge_app,DayBreak,1787762014,32,0,0
8o0qyfku,13,e70ixf6a,295,trader_bridge_app,ResumeTradingSession,1787762015,33,0,1
8o0qyfku,14,yvu0j0px,295,trader_bridge_app,ResumeTradingSession,1787762015,33,0,1
8o0qyfku,16,3mu21szb,295,trader_bridge_app,ResumeTradingSession,1787762015,33,0,1
8o0qyfku,17,caoxz34q,295,trader_bridge_app,ResumeTradingSession,1787762015,33,0,1
8o0qyfku,18,rdnkoe93,295,trader_bridge_app,ResumeTradingSession,1787762015,33,0,1
8o0qyfku,15,8m72ygxx,295,trader_bridge_app,ResumeTradingSession,1787762015,33,0,1
8o0qyfku,26,icxcbb3j,288,trader_bridge_app,TradePage,1787762031,32,0,0
8o0qyfku,30,w7s9esrf,288,trader_bridge_app,TradePage,1787762031,32,0,0
8o0qyfku,25,1j25lcg3,288,trader_bridge_app,TradePage,1787762031,32,0,0
8o0qyfku,29,sgu796fi,288,trader_bridge_app,TradePage,1787762031,32,0,0
8o0qyfku,28,108ssdya,288,trader_bridge_app,TradePage,1787762032,32,0,0
8o0qyfku,27,2dz5zxb2,288,trader_bridge_app,TradePage,1787762032,32,0,0
8o0qyfku,25,1j25lcg3,289,trader_bridge_app,PauseTradingSession,1787762032,32,0,1
8o0qyfku,26,icxcbb3j,289,trader_bridge_app,PauseTradingSession,1787762032,32,0,1
8o0qyfku,27,2dz5zxb2,289,trader_bridge_app,PauseTradingSession,1787762032,32,0,1
8o0qyfku,28,108ssdya,289,trader_bridge_app,PauseTradingSession,1787762032,32,0,1
8o0qyfku,29,sgu796fi,289,trader_bridge_app,PauseTradingSession,1787762032,32,0,1
8o0qyfku,30,w7s9esrf,289,trader_bridge_app,PauseTradingSession,1787762032,32,0,1
8o0qyfku,27,2dz5zxb2,291,trader_bridge_app,DayBreak,1787762034,32,0,0
8o0qyfku,29,sgu796fi,291,trader_bridge_app,DayBreak,1787762035,32,0,0
8o0qyfku,28,108ssdya,291,trader_bridge_app,DayBreak,1787762035,32,0,0
8o0qyfku,30,w7s9esrf,291,trader_bridge_app,DayBreak,1787762037,32,0,0
8o0qyfku,26,icxcbb3j,291,trader_bridge_app,DayBreak,1787762038,32,0,0
8o0qyfku,1,5ldlcszn,270,trader_bridge_app,TradePage,1787762039,30,0,0
8o0qyfku,5,nmgjkj32,270,trader_bridge_app,TradePage,1787762039,30,0,0
8o0qyfku,2,q5e90cmj,270,trader_bridge_app,TradePage,1787762039,30,0,0
8o0qyfku,3,zp1owmpd,270,trader_bridge_app,TradePage,1787762039,30,0,0
8o0qyfku,6,cjmxcmcd,270,trader_bridge_app,TradePage,1787762039,30,0,0
8o0qyfku,4,yq2xbma3,270,trader_bridge_app,TradePage,1787762039,30,0,0
8o0qyfku,4,yq2xbma3,271,trader_bridge_app,PauseTradingSession,1787762040,30,0,1
8o0qyfku,5,nmgjkj32,271,trader_bridge_app,PauseTradingSession,1787762040,30,0,1
8o0qyfku,6,cjmxcmcd,271,trader_bridge_app,PauseTradingSession,1787762040,30,0,1
8o0qyfku,1,5ldlcszn,271,trader_bridge_app,PauseTradingSession,1787762040,30,0,1
8o0qyfku,2,q5e90cmj,271,trader_bridge_app,PauseTradingSession,1787762040,30,0,1
8o0qyfku,3,zp1owmpd,271,trader_bridge_app,PauseTradingSession,1787762040,30,0,1
8o0qyfku,25,1j25lcg3,291,trader_bridge_app,DayBreak,1787762040,32,0,0
8o0qyfku,25,1j25lcg3,295,trader_bridge_app,ResumeTradingSession,1787762041,33,0,1
8o0qyfku,26,icxcbb3j,295,trader_bridge_app,ResumeTradingSession,1787762041,33,0,1
8o0qyfku,27,2dz5zxb2,295,trader_bridge_app,ResumeTradingSession,1787762041,33,0,1
8o0qyfku,28,108ssdya,295,trader_bridge_app,ResumeTradingSession,1787762041,33,0,1
8o0qyfku,29,sgu796fi,295,trader_bridge_app,ResumeTradingSession,1787762041,33,0,1
8o0qyfku,30,w7s9esrf,295,trader_bridge_app,ResumeTradingSession,1787762041,33,0,1
8o0qyfku,4,yq2xbma3,273,trader_bridge_app,DayBreak,1787762048,30,0,0
8o0qyfku,1,5ldlcszn,273,trader_bridge_app,DayBreak,1787762048,30,0,0
8o0qyfku,5,nmgjkj32,273,trader_bridge_app,DayBreak,1787762052,30,0,0
8o0qyfku,6,cjmxcmcd,273,trader_bridge_app,DayBreak,1787762054,30,0,0
8o0qyfku,12,a9rbe355,288,trader_bridge_app,TradePage,1787762054,32,0,0
8o0qyfku,11,mrocn3qi,288,trader_bridge_app,TradePage,1787762054,32,0,0
8o0qyfku,7,00g81xoq,288,trader_bridge_app,TradePage,1787762055,32,0,0
8o0qyfku,10,etak4i29,288,trader_bridge_app,TradePage,1787762055,32,0,0
8o0qyfku,8,3hlfki3e,288,trader_bridge_app,TradePage,1787762055,32,0,0
8o0qyfku,9,01xk5dk9,288,trader_bridge_app,TradePage,1787762055,32,0,0
8o0qyfku,7,00g81xoq,289,trader_bridge_app,PauseTradingSession,1787762055,32,0,1
8o0qyfku,8,3hlfki3e,289,trader_bridge_app,PauseTradingSession,1787762055,32,0,1
8o0qyfku,9,01xk5dk9,289,trader_bridge_app,PauseTradingSession,1787762055,32,0,1
8o0qyfku,10,etak4i29,289,trader_bridge_app,PauseTradingSession,1787762055,32,0,1
8o0qyfku,11,mrocn3qi,289,trader_bridge_app,PauseTradingSession,1787762055,32,0,1
8o0qyfku,12,a9rbe355,289,trader_bridge_app,PauseTradingSession,1787762055,32,0,1
8o0qyfku,3,zp1owmpd,273,trader_bridge_app,DayBreak,1787762056,30,0,0
8o0qyfku,2,q5e90cmj,273,trader_bridge_app,DayBreak,1787762057,30,0,0
8o0qyfku,1,5ldlcszn,277,trader_bridge_app,ResumeTradingSession,1787762057,31,0,1
8o0qyfku,2,q5e90cmj,277,trader_bridge_app,ResumeTradingSession,1787762057,31,0,1
8o0qyfku,3,zp1owmpd,277,trader_bridge_app,ResumeTradingSession,1787762057,31,0,1
8o0qyfku,4,yq2xbma3,277,trader_bridge_app,ResumeTradingSession,1787762057,31,0,1
8o0qyfku,5,nmgjkj32,277,trader_bridge_app,ResumeTradingSession,1787762057,31,0,1
8o0qyfku,6,cjmxcmcd,277,trader_bridge_app,ResumeTradingSession,1787762057,31,0,1
8o0qyfku,10,etak4i29,291,trader_bridge_app,DayBreak,1787762059,32,0,0
8o0qyfku,9,01xk5dk9,291,trader_bridge_app,DayBreak,1787762059,32,0,0
8o0qyfku,8,3hlfki3e,291,trader_bridge_app,DayBreak,1787762060,32,0,0
8o0qyfku,11,mrocn3qi,291,trader_bridge_app,DayBreak,1787762060,32,0,0
8o0qyfku,7,00g81xoq,291,trader_bridge_app,DayBreak,1787762062,32,0,0
8o0qyfku,12,a9rbe355,291,trader_bridge_app,DayBreak,1787762070,32,0,0
8o0qyfku,7,00g81xoq,295,trader_bridge_app,ResumeTradingSession,1787762070,33,0,1
8o0qyfku,8,3hlfki3e,295,trader_bridge_app,ResumeTradingSession,1787762070,33,0,1
8o0qyfku,9,01xk5dk9,295,trader_bridge_app,ResumeTradingSession,1787762070,33,0,1
8o0qyfku,10,etak4i29,295,trader_bridge_app,ResumeTradingSession,1787762070,33,0,1
8o0qyfku,11,mrocn3qi,295,trader_bridge_app,ResumeTradingSession,1787762070,33,0,1
8o0qyfku,12,a9rbe355,295,trader_bridge_app,ResumeTradingSession,1787762070,33,0,1
8o0qyfku,22,weju7mc9,279,trader_bridge_app,TradePage,1787762071,31,0,0
8o0qyfku,20,6swie1ys,279,trader_bridge_app,TradePage,1787762071,31,0,0
8o0qyfku,24,dw5igqpq,279,trader_bridge_app,TradePage,1787762071,31,0,0
8o0qyfku,21,dltkzvxc,279,trader_bridge_app,TradePage,1787762071,31,0,0
8o0qyfku,19,9d6cveb5,279,trader_bridge_app,TradePage,1787762071,31,0,0
8o0qyfku,23,dq2m7s6u,279,trader_bridge_app,TradePage,1787762071,31,0,0
8o0qyfku,20,6swie1ys,280,trader_bridge_app,PauseTradingSession,1787762072,31,0,1
8o0qyfku,21,dltkzvxc,280,trader_bridge_app,PauseTradingSession,1787762072,31,0,1
8o0qyfku,22,weju7mc9,280,trader_bridge_app,PauseTradingSession,1787762072,31,0,1
8o0qyfku,23,dq2m7s6u,280,trader_bridge_app,PauseTradingSession,1787762072,31,0,1
8o0qyfku,24,dw5igqpq,280,trader_bridge_app,PauseTradingSession,1787762072,31,0,1
8o0qyfku,19,9d6cveb5,280,trader_bridge_app,PauseTradingSession,1787762072,31,0,1
8o0qyfku,15,8m72ygxx,297,trader_bridge_app,TradePage,1787762076,33,0,0
8o0qyfku,18,rdnkoe93,297,trader_bridge_app,TradePage,1787762076,33,0,0
8o0qyfku,16,3mu21szb,297,trader_bridge_app,TradePage,1787762076,33,0,0
8o0qyfku,22,weju7mc9,282,trader_bridge_app,DayBreak,1787762076,31,0,0
8o0qyfku,17,caoxz34q,297,trader_bridge_app,TradePage,1787762076,33,0,0
8o0qyfku,13,e70ixf6a,297,trader_bridge_app,TradePage,1787762076,33,0,0
8o0qyfku,14,yvu0j0px,297,trader_bridge_app,TradePage,1787762076,33,0,0
8o0qyfku,13,e70ixf6a,299,trader_bridge_app,FinalizeTradingSession,1787762077,33,0,1
8o0qyfku,14,yvu0j0px,299,trader_bridge_app,FinalizeTradingSession,1787762077,33,0,1
8o0qyfku,15,8m72ygxx,299,trader_bridge_app,FinalizeTradingSession,1787762077,33,0,1
8o0qyfku,16,3mu21szb,299,trader_bridge_app,FinalizeTradingSession,1787762077,33,0,1
8o0qyfku,17,caoxz34q,299,trader_bridge_app,FinalizeTradingSession,1787762077,33,0,1
8o0qyfku,18,rdnkoe93,299,trader_bridge_app,FinalizeTradingSession,1787762077,33,0,1
8o0qyfku,24,dw5igqpq,282,trader_bridge_app,DayBreak,1787762077,31,0,0
8o0qyfku,21,dltkzvxc,282,trader_bridge_app,DayBreak,1787762077,31,0,0
8o0qyfku,20,6swie1ys,282,trader_bridge_app,DayBreak,1787762077,31,0,0
8o0qyfku,19,9d6cveb5,282,trader_bridge_app,DayBreak,1787762079,31,0,0
8o0qyfku,13,e70ixf6a,300,trader_bridge_app,DayBreak,1787762081,33,0,0
8o0qyfku,15,8m72ygxx,300,trader_bridge_app,DayBreak,1787762082,33,0,0
8o0qyfku,14,yvu0j0px,300,trader_bridge_app,DayBreak,1787762083,33,0,0
8o0qyfku,17,caoxz34q,300,trader_bridge_app,DayBreak,1787762084,33,0,0
8o0qyfku,16,3mu21szb,300,trader_bridge_app,DayBreak,1787762087,33,0,0
8o0qyfku,18,rdnkoe93,300,trader_bridge_app,DayBreak,1787762088,33,0,0
8o0qyfku,31,kavf29xw,303,post_exp,literacyQuiz,1787762091,1,0,0
8o0qyfku,23,dq2m7s6u,282,trader_bridge_app,DayBreak,1787762093,31,1,0
8o0qyfku,19,9d6cveb5,286,trader_bridge_app,ResumeTradingSession,1787762093,32,0,1
8o0qyfku,20,6swie1ys,286,trader_bridge_app,ResumeTradingSession,1787762093,32,0,1
8o0qyfku,21,dltkzvxc,286,trader_bridge_app,ResumeTradingSession,1787762093,32,0,1
8o0qyfku,22,weju7mc9,286,trader_bridge_app,ResumeTradingSession,1787762093,32,0,1
8o0qyfku,23,dq2m7s6u,286,trader_bridge_app,ResumeTradingSession,1787762093,32,0,1
8o0qyfku,24,dw5igqpq,286,trader_bridge_app,ResumeTradingSession,1787762093,32,0,1
8o0qyfku,32,46nfbn7d,303,post_exp,literacyQuiz,1787762097,1,0,0
8o0qyfku,25,1j25lcg3,297,trader_bridge_app,TradePage,1787762102,33,0,0
8o0qyfku,30,w7s9esrf,297,trader_bridge_app,TradePage,1787762102,33,0,0
8o0qyfku,26,icxcbb3j,297,trader_bridge_app,TradePage,1787762102,33,0,0
8o0qyfku,28,108ssdya,297,trader_bridge_app,TradePage,1787762102,33,0,0
8o0qyfku,29,sgu796fi,297,trader_bridge_app,TradePage,1787762103,33,0,0
8o0qyfku,33,cxkynnyi,303,post_exp,literacyQuiz,1787762103,1,0,0
8o0qyfku,27,2dz5zxb2,297,trader_bridge_app,TradePage,1787762103,33,0,0
8o0qyfku,27,2dz5zxb2,299,trader_bridge_app,FinalizeTradingSession,1787762103,33,0,1
8o0qyfku,28,108ssdya,299,trader_bridge_app,FinalizeTradingSession,1787762103,33,0,1
8o0qyfku,29,sgu796fi,299,trader_bridge_app,FinalizeTradingSession,1787762103,33,0,1
8o0qyfku,30,w7s9esrf,299,trader_bridge_app,FinalizeTradingSession,1787762103,33,0,1
8o0qyfku,25,1j25lcg3,299,trader_bridge_app,FinalizeTradingSession,1787762103,33,0,1
8o0qyfku,26,icxcbb3j,299,trader_bridge_app,FinalizeTradingSession,1787762103,33,0,1
8o0qyfku,31,kavf29xw,304,post_exp,LabContact,1787762104,1,0,0
8o0qyfku,27,2dz5zxb2,300,trader_bridge_app,DayBreak,1787762105,33,0,0
8o0qyfku,25,1j25lcg3,300,trader_bridge_app,DayBreak,1787762108,33,0,0
8o0qyfku,26,icxcbb3j,300,trader_bridge_app,DayBreak,1787762109,33,0,0
8o0qyfku,30,w7s9esrf,300,trader_bridge_app,DayBreak,1787762109,33,0,0
8o0qyfku,28,108ssdya,300,trader_bridge_app,DayBreak,1787762110,33,0,0
8o0qyfku,29,sgu796fi,300,trader_bridge_app,DayBreak,1787762110,33,0,0
8o0qyfku,32,46nfbn7d,304,post_exp,LabContact,1787762116,1,0,0
8o0qyfku,2,q5e90cmj,279,trader_bridge_app,TradePage,1787762118,31,0,0
8o0qyfku,5,nmgjkj32,279,trader_bridge_app,TradePage,1787762118,31,0,0
8o0qyfku,6,cjmxcmcd,279,trader_bridge_app,TradePage,1787762118,31,0,0
8o0qyfku,3,zp1owmpd,279,trader_bridge_app,TradePage,1787762118,31,0,0
8o0qyfku,1,5ldlcszn,279,trader_bridge_app,TradePage,1787762118,31,0,0
8o0qyfku,4,yq2xbma3,279,trader_bridge_app,TradePage,1787762118,31,0,0
8o0qyfku,1,5ldlcszn,280,trader_bridge_app,PauseTradingSession,1787762119,31,0,1
8o0qyfku,2,q5e90cmj,280,trader_bridge_app,PauseTradingSession,1787762119,31,0,1
8o0qyfku,3,zp1owmpd,280,trader_bridge_app,PauseTradingSession,1787762119,31,0,1
8o0qyfku,4,yq2xbma3,280,trader_bridge_app,PauseTradingSession,1787762119,31,0,1
8o0qyfku,5,nmgjkj32,280,trader_bridge_app,PauseTradingSession,1787762119,31,0,1
8o0qyfku,6,cjmxcmcd,280,trader_bridge_app,PauseTradingSession,1787762119,31,0,1
8o0qyfku,3,zp1owmpd,282,trader_bridge_app,DayBreak,1787762122,31,0,0
8o0qyfku,1,5ldlcszn,282,trader_bridge_app,DayBreak,1787762122,31,0,0
8o0qyfku,6,cjmxcmcd,282,trader_bridge_app,DayBreak,1787762123,31,0,0
8o0qyfku,4,yq2xbma3,282,trader_bridge_app,DayBreak,1787762123,31,0,0
8o0qyfku,2,q5e90cmj,282,trader_bridge_app,DayBreak,1787762123,31,0,0
8o0qyfku,33,cxkynnyi,304,post_exp,LabContact,1787762131,1,0,0
8o0qyfku,12,a9rbe355,297,trader_bridge_app,TradePage,1787762131,33,0,0
8o0qyfku,11,mrocn3qi,297,trader_bridge_app,TradePage,1787762132,33,0,0
8o0qyfku,7,00g81xoq,297,trader_bridge_app,TradePage,1787762132,33,0,0
8o0qyfku,9,01xk5dk9,297,trader_bridge_app,TradePage,1787762132,33,0,0
8o0qyfku,8,3hlfki3e,297,trader_bridge_app,TradePage,1787762132,33,0,0
8o0qyfku,10,etak4i29,297,trader_bridge_app,TradePage,1787762133,33,0,0
8o0qyfku,7,00g81xoq,299,trader_bridge_app,FinalizeTradingSession,1787762133,33,0,1
8o0qyfku,8,3hlfki3e,299,trader_bridge_app,FinalizeTradingSession,1787762133,33,0,1
8o0qyfku,9,01xk5dk9,299,trader_bridge_app,FinalizeTradingSession,1787762133,33,0,1
8o0qyfku,10,etak4i29,299,trader_bridge_app,FinalizeTradingSession,1787762133,33,0,1
8o0qyfku,11,mrocn3qi,299,trader_bridge_app,FinalizeTradingSession,1787762133,33,0,1
8o0qyfku,12,a9rbe355,299,trader_bridge_app,FinalizeTradingSession,1787762133,33,0,1
8o0qyfku,8,3hlfki3e,300,trader_bridge_app,DayBreak,1787762136,33,0,0
8o0qyfku,5,nmgjkj32,282,trader_bridge_app,DayBreak,1787762138,31,0,0
8o0qyfku,1,5ldlcszn,286,trader_bridge_app,ResumeTradingSession,1787762138,32,0,1
8o0qyfku,2,q5e90cmj,286,trader_bridge_app,ResumeTradingSession,1787762138,32,0,1
8o0qyfku,3,zp1owmpd,286,trader_bridge_app,ResumeTradingSession,1787762138,32,0,1
8o0qyfku,4,yq2xbma3,286,trader_bridge_app,ResumeTradingSession,1787762138,32,0,1
8o0qyfku,5,nmgjkj32,286,trader_bridge_app,ResumeTradingSession,1787762138,32,0,1
8o0qyfku,6,cjmxcmcd,286,trader_bridge_app,ResumeTradingSession,1787762138,32,0,1
8o0qyfku,7,00g81xoq,300,trader_bridge_app,DayBreak,1787762139,33,0,0
8o0qyfku,9,01xk5dk9,300,trader_bridge_app,DayBreak,1787762139,33,0,0
8o0qyfku,11,mrocn3qi,300,trader_bridge_app,DayBreak,1787762140,33,0,0
8o0qyfku,10,etak4i29,300,trader_bridge_app,DayBreak,1787762140,33,0,0
8o0qyfku,12,a9rbe355,300,trader_bridge_app,DayBreak,1787762144,33,0,0
8o0qyfku,34,obh2xbv7,303,post_exp,literacyQuiz,1787762149,1,0,0
8o0qyfku,23,dq2m7s6u,288,trader_bridge_app,TradePage,1787762154,32,0,0
8o0qyfku,21,dltkzvxc,288,trader_bridge_app,TradePage,1787762154,32,0,0
8o0qyfku,20,6swie1ys,288,trader_bridge_app,TradePage,1787762154,32,0,0
8o0qyfku,24,dw5igqpq,288,trader_bridge_app,TradePage,1787762154,32,0,0
8o0qyfku,19,9d6cveb5,288,trader_bridge_app,TradePage,1787762154,32,0,0
8o0qyfku,22,weju7mc9,288,trader_bridge_app,TradePage,1787762154,32,0,0
8o0qyfku,19,9d6cveb5,289,trader_bridge_app,PauseTradingSession,1787762155,32,0,1
8o0qyfku,20,6swie1ys,289,trader_bridge_app,PauseTradingSession,1787762155,32,0,1
8o0qyfku,21,dltkzvxc,289,trader_bridge_app,PauseTradingSession,1787762155,32,0,1
8o0qyfku,22,weju7mc9,289,trader_bridge_app,PauseTradingSession,1787762155,32,0,1
8o0qyfku,23,dq2m7s6u,289,trader_bridge_app,PauseTradingSession,1787762155,32,0,1
8o0qyfku,24,dw5igqpq,289,trader_bridge_app,PauseTradingSession,1787762155,32,0,1
8o0qyfku,24,dw5igqpq,291,trader_bridge_app,DayBreak,1787762158,32,0,0
8o0qyfku,22,weju7mc9,291,trader_bridge_app,DayBreak,1787762158,32,0,0
8o0qyfku,19,9d6cveb5,291,trader_bridge_app,DayBreak,1787762159,32,0,0
8o0qyfku,21,dltkzvxc,291,trader_bridge_app,DayBreak,1787762161,32,0,0
8o0qyfku,20,6swie1ys,291,trader_bridge_app,DayBreak,1787762162,32,0,0
8o0qyfku,23,dq2m7s6u,291,trader_bridge_app,DayBreak,1787762169,32,0,0
8o0qyfku,19,9d6cveb5,295,trader_bridge_app,ResumeTradingSession,1787762169,33,0,1
8o0qyfku,20,6swie1ys,295,trader_bridge_app,ResumeTradingSession,1787762169,33,0,1
8o0qyfku,21,dltkzvxc,295,trader_bridge_app,ResumeTradingSession,1787762169,33,0,1
8o0qyfku,22,weju7mc9,295,trader_bridge_app,ResumeTradingSession,1787762169,33,0,1
8o0qyfku,23,dq2m7s6u,295,trader_bridge_app,ResumeTradingSession,1787762169,33,0,1
8o0qyfku,24,dw5igqpq,295,trader_bridge_app,ResumeTradingSession,1787762169,33,0,1
8o0qyfku,15,8m72ygxx,303,post_exp,literacyQuiz,1787762173,1,0,0
8o0qyfku,34,obh2xbv7,304,post_exp,LabContact,1787762174,1,0,0
8o0qyfku,31,kavf29xw,305,post_exp,Demographics,1787762174,1,0,0
8o0qyfku,32,46nfbn7d,305,post_exp,Demographics,1787762177,1,0,0
8o0qyfku,14,yvu0j0px,303,post_exp,literacyQuiz,1787762177,1,0,0
8o0qyfku,33,cxkynnyi,305,post_exp,Demographics,1787762181,1,0,0
8o0qyfku,33,cxkynnyi,306,post_exp,Payoff,1787762189,1,0,0
8o0qyfku,28,108ssdya,303,post_exp,literacyQuiz,1787762190,1,0,0
8o0qyfku,15,8m72ygxx,304,post_exp,LabContact,1787762191,1,0,0
8o0qyfku,27,2dz5zxb2,303,post_exp,literacyQuiz,1787762193,1,0,0
8o0qyfku,13,e70ixf6a,303,post_exp,literacyQuiz,1787762196,1,0,0
8o0qyfku,14,yvu0j0px,304,post_exp,LabContact,1787762199,1,0,0
8o0qyfku,5,nmgjkj32,288,trader_bridge_app,TradePage,1787762199,32,0,0
8o0qyfku,1,5ldlcszn,288,trader_bridge_app,TradePage,1787762199,32,0,0
8o0qyfku,6,cjmxcmcd,288,trader_bridge_app,TradePage,1787762199,32,0,0
8o0qyfku,3,zp1owmpd,288,trader_bridge_app,TradePage,1787762199,32,0,0
8o0qyfku,2,q5e90cmj,288,trader_bridge_app,TradePage,1787762199,32,0,0
8o0qyfku,4,yq2xbma3,288,trader_bridge_app,TradePage,1787762199,32,0,0
8o0qyfku,1,5ldlcszn,289,trader_bridge_app,PauseTradingSession,1787762199,32,0,1
8o0qyfku,2,q5e90cmj,289,trader_bridge_app,PauseTradingSession,1787762199,32,0,1
8o0qyfku,3,zp1owmpd,289,trader_bridge_app,PauseTradingSession,1787762199,32,0,1
8o0qyfku,4,yq2xbma3,289,trader_bridge_app,PauseTradingSession,1787762199,32,0,1
8o0qyfku,5,nmgjkj32,289,trader_bridge_app,PauseTradingSession,1787762199,32,0,1
8o0qyfku,6,cjmxcmcd,289,trader_bridge_app,PauseTradingSession,1787762199,32,0,1
8o0qyfku,31,kavf29xw,306,post_exp,Payoff,1787762201,1,0,0
8o0qyfku,4,yq2xbma3,291,trader_bridge_app,DayBreak,1787762203,32,0,0
8o0qyfku,1,5ldlcszn,291,trader_bridge_app,DayBreak,1787762205,32,0,0
8o0qyfku,6,cjmxcmcd,291,trader_bridge_app,DayBreak,1787762206,32,0,0
8o0qyfku,5,nmgjkj32,291,trader_bridge_app,DayBreak,1787762206,32,0,0
8o0qyfku,28,108ssdya,304,post_exp,LabContact,1787762207,1,0,0
8o0qyfku,27,2dz5zxb2,304,post_exp,LabContact,1787762211,1,0,0
8o0qyfku,3,zp1owmpd,291,trader_bridge_app,DayBreak,1787762211,32,0,0
8o0qyfku,32,46nfbn7d,306,post_exp,Payoff,1787762213,1,0,0
8o0qyfku,13,e70ixf6a,304,post_exp,LabContact,1787762216,1,0,0
8o0qyfku,2,q5e90cmj,291,trader_bridge_app,DayBreak,1787762220,32,1,0
8o0qyfku,4,yq2xbma3,295,trader_bridge_app,ResumeTradingSession,1787762220,33,0,1
8o0qyfku,5,nmgjkj32,295,trader_bridge_app,ResumeTradingSession,1787762220,33,0,1
8o0qyfku,6,cjmxcmcd,295,trader_bridge_app,ResumeTradingSession,1787762220,33,0,1
8o0qyfku,1,5ldlcszn,295,trader_bridge_app,ResumeTradingSession,1787762220,33,0,1
8o0qyfku,2,q5e90cmj,295,trader_bridge_app,ResumeTradingSession,1787762220,33,0,1
8o0qyfku,3,zp1owmpd,295,trader_bridge_app,ResumeTradingSession,1787762220,33,0,1
8o0qyfku,26,icxcbb3j,303,post_exp,literacyQuiz,1787762222,1,0,0
8o0qyfku,23,dq2m7s6u,297,trader_bridge_app,TradePage,1787762230,33,0,0
8o0qyfku,22,weju7mc9,297,trader_bridge_app,TradePage,1787762231,33,0,0
8o0qyfku,24,dw5igqpq,297,trader_bridge_app,TradePage,1787762231,33,0,0
8o0qyfku,21,dltkzvxc,297,trader_bridge_app,TradePage,1787762231,33,0,0
8o0qyfku,20,6swie1ys,297,trader_bridge_app,TradePage,1787762231,33,0,0
8o0qyfku,19,9d6cveb5,297,trader_bridge_app,TradePage,1787762231,33,0,0
8o0qyfku,19,9d6cveb5,299,trader_bridge_app,FinalizeTradingSession,1787762231,33,0,1
8o0qyfku,20,6swie1ys,299,trader_bridge_app,FinalizeTradingSession,1787762231,33,0,1
8o0qyfku,21,dltkzvxc,299,trader_bridge_app,FinalizeTradingSession,1787762231,33,0,1
8o0qyfku,22,weju7mc9,299,trader_bridge_app,FinalizeTradingSession,1787762231,33,0,1
8o0qyfku,23,dq2m7s6u,299,trader_bridge_app,FinalizeTradingSession,1787762231,33,0,1
8o0qyfku,24,dw5igqpq,299,trader_bridge_app,FinalizeTradingSession,1787762231,33,0,1
8o0qyfku,7,00g81xoq,303,post_exp,literacyQuiz,1787762233,1,0,0
8o0qyfku,17,caoxz34q,303,post_exp,literacyQuiz,1787762235,1,0,0
8o0qyfku,24,dw5igqpq,300,trader_bridge_app,DayBreak,1787762235,33,0,0
8o0qyfku,22,weju7mc9,300,trader_bridge_app,DayBreak,1787762236,33,0,0
8o0qyfku,21,dltkzvxc,300,trader_bridge_app,DayBreak,1787762236,33,0,0
8o0qyfku,20,6swie1ys,300,trader_bridge_app,DayBreak,1787762236,33,0,0
8o0qyfku,16,3mu21szb,303,post_exp,literacyQuiz,1787762237,1,0,0
8o0qyfku,26,icxcbb3j,304,post_exp,LabContact,1787762239,1,0,0
8o0qyfku,23,dq2m7s6u,300,trader_bridge_app,DayBreak,1787762239,33,0,0
8o0qyfku,34,obh2xbv7,305,post_exp,Demographics,1787762239,1,0,0
8o0qyfku,8,3hlfki3e,303,post_exp,literacyQuiz,1787762243,1,0,0
8o0qyfku,29,sgu796fi,303,post_exp,literacyQuiz,1787762244,1,0,0
8o0qyfku,7,00g81xoq,304,post_exp,LabContact,1787762245,1,0,0
8o0qyfku,19,9d6cveb5,300,trader_bridge_app,DayBreak,1787762246,33,0,0
8o0qyfku,14,yvu0j0px,305,post_exp,Demographics,1787762248,1,0,0
8o0qyfku,17,caoxz34q,304,post_exp,LabContact,1787762250,1,0,0
8o0qyfku,15,8m72ygxx,305,post_exp,Demographics,1787762251,1,0,0
8o0qyfku,27,2dz5zxb2,305,post_exp,Demographics,1787762257,1,0,0
8o0qyfku,16,3mu21szb,304,post_exp,LabContact,1787762260,1,0,0
8o0qyfku,29,sgu796fi,304,post_exp,LabContact,1787762261,1,0,0
8o0qyfku,34,obh2xbv7,306,post_exp,Payoff,1787762264,1,0,0
8o0qyfku,14,yvu0j0px,306,post_exp,Payoff,1787762267,1,0,0
8o0qyfku,30,w7s9esrf,303,post_exp,literacyQuiz,1787762267,1,0,0
8o0qyfku,12,a9rbe355,303,post_exp,literacyQuiz,1787762275,1,0,0
8o0qyfku,30,w7s9esrf,304,post_exp,LabContact,1787762280,1,0,0
8o0qyfku,8,3hlfki3e,304,post_exp,LabContact,1787762280,1,0,0
8o0qyfku,2,q5e90cmj,297,trader_bridge_app,TradePage,1787762281,33,0,0
8o0qyfku,1,5ldlcszn,297,trader_bridge_app,TradePage,1787762281,33,0,0
8o0qyfku,3,zp1owmpd,297,trader_bridge_app,TradePage,1787762281,33,0,0
8o0qyfku,5,nmgjkj32,297,trader_bridge_app,TradePage,1787762281,33,0,0
8o0qyfku,6,cjmxcmcd,297,trader_bridge_app,TradePage,1787762282,33,0,0
8o0qyfku,4,yq2xbma3,297,trader_bridge_app,TradePage,1787762282,33,0,0
8o0qyfku,1,5ldlcszn,299,trader_bridge_app,FinalizeTradingSession,1787762282,33,0,1
8o0qyfku,2,q5e90cmj,299,trader_bridge_app,FinalizeTradingSession,1787762282,33,0,1
8o0qyfku,3,zp1owmpd,299,trader_bridge_app,FinalizeTradingSession,1787762282,33,0,1
8o0qyfku,4,yq2xbma3,299,trader_bridge_app,FinalizeTradingSession,1787762282,33,0,1
8o0qyfku,5,nmgjkj32,299,trader_bridge_app,FinalizeTradingSession,1787762282,33,0,1
8o0qyfku,6,cjmxcmcd,299,trader_bridge_app,FinalizeTradingSession,1787762282,33,0,1
8o0qyfku,1,5ldlcszn,300,trader_bridge_app,DayBreak,1787762285,33,0,0
8o0qyfku,3,zp1owmpd,300,trader_bridge_app,DayBreak,1787762285,33,0,0
8o0qyfku,4,yq2xbma3,300,trader_bridge_app,DayBreak,1787762285,33,0,0
8o0qyfku,9,01xk5dk9,303,post_exp,literacyQuiz,1787762286,1,0,0
8o0qyfku,27,2dz5zxb2,306,post_exp,Payoff,1787762287,1,0,0
8o0qyfku,5,nmgjkj32,300,trader_bridge_app,DayBreak,1787762289,33,0,0
8o0qyfku,6,cjmxcmcd,300,trader_bridge_app,DayBreak,1787762289,33,0,0
8o0qyfku,12,a9rbe355,304,post_exp,LabContact,1787762290,1,0,0
8o0qyfku,2,q5e90cmj,300,trader_bridge_app,DayBreak,1787762292,33,0,0
8o0qyfku,9,01xk5dk9,304,post_exp,LabContact,1787762301,1,0,0
8o0qyfku,7,00g81xoq,305,post_exp,Demographics,1787762301,1,0,0
8o0qyfku,11,mrocn3qi,303,post_exp,literacyQuiz,1787762312,1,0,0
8o0qyfku,28,108ssdya,305,post_exp,Demographics,1787762313,1,0,0
8o0qyfku,24,dw5igqpq,303,post_exp,literacyQuiz,1787762315,1,0,0
8o0qyfku,22,weju7mc9,303,post_exp,literacyQuiz,1787762315,1,0,0
8o0qyfku,26,icxcbb3j,305,post_exp,Demographics,1787762323,1,0,0
8o0qyfku,24,dw5igqpq,304,post_exp,LabContact,1787762324,1,0,0
8o0qyfku,13,e70ixf6a,305,post_exp,Demographics,1787762325,1,0,0
8o0qyfku,29,sgu796fi,305,post_exp,Demographics,1787762329,1,0,0
8o0qyfku,11,mrocn3qi,304,post_exp,LabContact,1787762329,1,0,0
8o0qyfku,17,caoxz34q,305,post_exp,Demographics,1787762331,1,0,0
8o0qyfku,22,weju7mc9,304,post_exp,LabContact,1787762333,1,0,0
8o0qyfku,16,3mu21szb,305,post_exp,Demographics,1787762334,1,0,0
8o0qyfku,28,108ssdya,306,post_exp,Payoff,1787762339,1,0,0
8o0qyfku,21,dltkzvxc,303,post_exp,literacyQuiz,1787762339,1,0,0
8o0qyfku,26,icxcbb3j,306,post_exp,Payoff,1787762347,1,0,0
8o0qyfku,12,a9rbe355,305,post_exp,Demographics,1787762348,1,0,0
8o0qyfku,21,dltkzvxc,304,post_exp,LabContact,1787762351,1,0,0
8o0qyfku,18,rdnkoe93,303,post_exp,literacyQuiz,1787762352,1,0,0
8o0qyfku,23,dq2m7s6u,303,post_exp,literacyQuiz,1787762353,1,0,0
8o0qyfku,4,yq2xbma3,303,post_exp,literacyQuiz,1787762362,1,0,0
8o0qyfku,23,dq2m7s6u,304,post_exp,LabContact,1787762367,1,0,0
8o0qyfku,8,3hlfki3e,305,post_exp,Demographics,1787762369,1,0,0
8o0qyfku,30,w7s9esrf,305,post_exp,Demographics,1787762369,1,0,0
8o0qyfku,18,rdnkoe93,304,post_exp,LabContact,1787762373,1,0,0
8o0qyfku,4,yq2xbma3,304,post_exp,LabContact,1787762373,1,0,0
8o0qyfku,24,dw5igqpq,305,post_exp,Demographics,1787762374,1,0,0
8o0qyfku,13,e70ixf6a,306,post_exp,Payoff,1787762374,1,0,0
8o0qyfku,6,cjmxcmcd,303,post_exp,literacyQuiz,1787762377,1,0,0
8o0qyfku,20,6swie1ys,303,post_exp,literacyQuiz,1787762377,1,0,0
8o0qyfku,8,3hlfki3e,306,post_exp,Payoff,1787762378,1,0,0
8o0qyfku,16,3mu21szb,306,post_exp,Payoff,1787762378,1,0,0
8o0qyfku,21,dltkzvxc,305,post_exp,Demographics,1787762388,1,0,0
8o0qyfku,24,dw5igqpq,306,post_exp,Payoff,1787762390,1,0,0
8o0qyfku,20,6swie1ys,304,post_exp,LabContact,1787762391,1,0,0
8o0qyfku,6,cjmxcmcd,304,post_exp,LabContact,1787762391,1,0,0
8o0qyfku,29,sgu796fi,306,post_exp,Payoff,1787762392,1,0,0
8o0qyfku,12,a9rbe355,306,post_exp,Payoff,1787762393,1,0,0
8o0qyfku,21,dltkzvxc,306,post_exp,Payoff,1787762397,1,0,0
8o0qyfku,2,q5e90cmj,303,post_exp,literacyQuiz,1787762397,1,0,0
8o0qyfku,19,9d6cveb5,303,post_exp,literacyQuiz,1787762397,1,0,0
8o0qyfku,17,caoxz34q,306,post_exp,Payoff,1787762398,1,0,0
8o0qyfku,30,w7s9esrf,306,post_exp,Payoff,1787762407,1,0,0
8o0qyfku,2,q5e90cmj,304,post_exp,LabContact,1787762409,1,0,0
8o0qyfku,1,5ldlcszn,303,post_exp,literacyQuiz,1787762409,1,0,0
8o0qyfku,22,weju7mc9,305,post_exp,Demographics,1787762416,1,0,0
8o0qyfku,19,9d6cveb5,304,post_exp,LabContact,1787762417,1,0,0
8o0qyfku,25,1j25lcg3,303,post_exp,literacyQuiz,1787762425,1,0,0
8o0qyfku,1,5ldlcszn,304,post_exp,LabContact,1787762427,1,0,0
8o0qyfku,5,nmgjkj32,303,post_exp,literacyQuiz,1787762432,1,0,0
8o0qyfku,25,1j25lcg3,304,post_exp,LabContact,1787762437,1,0,0
8o0qyfku,3,zp1owmpd,303,post_exp,literacyQuiz,1787762444,1,0,0
8o0qyfku,6,cjmxcmcd,305,post_exp,Demographics,1787762448,1,0,0
8o0qyfku,10,etak4i29,303,post_exp,literacyQuiz,1787762448,1,0,0
8o0qyfku,11,mrocn3qi,305,post_exp,Demographics,1787762449,1,0,0
8o0qyfku,20,6swie1ys,305,post_exp,Demographics,1787762452,1,0,0
8o0qyfku,22,weju7mc9,306,post_exp,Payoff,1787762453,1,0,0
8o0qyfku,11,mrocn3qi,306,post_exp,Payoff,1787762453,1,0,0
8o0qyfku,18,rdnkoe93,305,post_exp,Demographics,1787762455,1,0,0
8o0qyfku,9,01xk5dk9,305,post_exp,Demographics,1787762456,1,0,0
8o0qyfku,10,etak4i29,304,post_exp,LabContact,1787762458,1,0,0
8o0qyfku,5,nmgjkj32,304,post_exp,LabContact,1787762462,1,0,0
8o0qyfku,3,zp1owmpd,304,post_exp,LabContact,1787762463,1,0,0
8o0qyfku,4,yq2xbma3,305,post_exp,Demographics,1787762470,1,0,0
8o0qyfku,9,01xk5dk9,306,post_exp,Payoff,1787762470,1,0,0
8o0qyfku,2,q5e90cmj,305,post_exp,Demographics,1787762473,1,0,0
8o0qyfku,18,rdnkoe93,306,post_exp,Payoff,1787762486,1,0,0
8o0qyfku,4,yq2xbma3,306,post_exp,Payoff,1787762487,1,0,0
8o0qyfku,19,9d6cveb5,305,post_exp,Demographics,1787762491,1,0,0
8o0qyfku,23,dq2m7s6u,305,post_exp,Demographics,1787762494,1,0,0
8o0qyfku,10,etak4i29,305,post_exp,Demographics,1787762495,1,0,0
8o0qyfku,2,q5e90cmj,306,post_exp,Payoff,1787762515,1,0,0
8o0qyfku,10,etak4i29,306,post_exp,Payoff,1787762521,1,0,0
8o0qyfku,23,dq2m7s6u,306,post_exp,Payoff,1787762525,1,0,0
8o0qyfku,1,5ldlcszn,305,post_exp,Demographics,1787762538,1,0,0
8o0qyfku,25,1j25lcg3,305,post_exp,Demographics,1787762547,1,0,0
8o0qyfku,5,nmgjkj32,305,post_exp,Demographics,1787762547,1,0,0
8o0qyfku,25,1j25lcg3,306,post_exp,Payoff,1787762551,1,0,0
8o0qyfku,20,6swie1ys,306,post_exp,Payoff,1787762564,1,0,0
8o0qyfku,1,5ldlcszn,306,post_exp,Payoff,1787762570,1,0,0
8o0qyfku,5,nmgjkj32,306,post_exp,Payoff,1787762574,1,0,0
8o0qyfku,6,cjmxcmcd,306,post_exp,Payoff,1787762579,1,0,0
8o0qyfku,7,00g81xoq,306,post_exp,Payoff,1787762582,1,0,0
8o0qyfku,3,zp1owmpd,305,post_exp,Demographics,1787762628,1,0,0
8o0qyfku,3,zp1owmpd,306,post_exp,Payoff,1787762648,1,0,0
8o0qyfku,19,9d6cveb5,306,post_exp,Payoff,1787762703,1,0,0
h04ar64h,1,sm0ry4ut,0,,InitializeParticipant,1788540176,1,0,0
h04ar64h,2,tvxlbecc,0,,InitializeParticipant,1788540176,1,0,0
h04ar64h,3,sxp8ngu2,0,,InitializeParticipant,1788540176,1,0,0
h04ar64h,5,mcswnxs6,0,,InitializeParticipant,1788540176,1,0,0
h04ar64h,4,70gpk2i9,0,,InitializeParticipant,1788540176,1,0,0
h04ar64h,6,y51mizer,0,,InitializeParticipant,1788540176,1,0,0
h04ar64h,7,wqx1o2wk,0,,InitializeParticipant,1788540176,1,0,0
h04ar64h,8,2eqstpu0,0,,InitializeParticipant,1788540177,1,0,0
h04ar64h,9,5koml6p7,0,,InitializeParticipant,1788540177,1,0,0
h04ar64h,10,74kwsfm2,0,,InitializeParticipant,1788540177,1,0,0
h04ar64h,11,sfggcdud,0,,InitializeParticipant,1788540177,1,0,0
h04ar64h,12,7rwcsuuk,0,,InitializeParticipant,1788540177,1,0,0
h04ar64h,13,gnbf58uk,0,,InitializeParticipant,1788540177,1,0,0
h04ar64h,14,gfn2r8vo,0,,InitializeParticipant,1788540177,1,0,0
h04ar64h,15,fpjd0ju0,0,,InitializeParticipant,1788540177,1,0,0
h04ar64h,16,ypfasl0o,0,,InitializeParticipant,1788540177,1,0,0
h04ar64h,17,shtk2vi6,0,,InitializeParticipant,1788540177,1,0,0
h04ar64h,18,j6legxhq,0,,InitializeParticipant,1788540177,1,0,0
h04ar64h,19,26cqd8wg,0,,InitializeParticipant,1788540177,1,0,0
h04ar64h,20,xzwecx41,0,,InitializeParticipant,1788540177,1,0,0
h04ar64h,21,312jd80s,0,,InitializeParticipant,1788540177,1,0,0
h04ar64h,22,oq7csg5x,0,,InitializeParticipant,1788540177,1,0,0
h04ar64h,23,w03fifp1,0,,InitializeParticipant,1788540177,1,0,0
h04ar64h,24,18ahuxm6,0,,InitializeParticipant,1788540177,1,0,0
h04ar64h,25,q0dsxnk7,0,,InitializeParticipant,1788540177,1,0,0
h04ar64h,26,hib1sgxm,0,,InitializeParticipant,1788540177,1,0,0
h04ar64h,27,p0qjg0v3,0,,InitializeParticipant,1788540177,1,0,0
h04ar64h,14,gfn2r8vo,1,intro,Consent,1788540186,1,0,0
h04ar64h,25,q0dsxnk7,1,intro,Consent,1788540187,1,0,0
h04ar64h,4,70gpk2i9,1,intro,Consent,1788540187,1,0,0
h04ar64h,12,7rwcsuuk,1,intro,Consent,1788540187,1,0,0
h04ar64h,23,w03fifp1,1,intro,Consent,1788540187,1,0,0
h04ar64h,10,74kwsfm2,1,intro,Consent,1788540188,1,0,0
h04ar64h,8,2eqstpu0,1,intro,Consent,1788540189,1,0,0
h04ar64h,11,sfggcdud,1,intro,Consent,1788540189,1,0,0
h04ar64h,1,sm0ry4ut,1,intro,Consent,1788540189,1,0,0
h04ar64h,20,xzwecx41,1,intro,Consent,1788540189,1,0,0
h04ar64h,22,oq7csg5x,1,intro,Consent,1788540189,1,0,0
h04ar64h,5,mcswnxs6,1,intro,Consent,1788540190,1,0,0
h04ar64h,18,j6legxhq,1,intro,Consent,1788540190,1,0,0
h04ar64h,13,gnbf58uk,1,intro,Consent,1788540190,1,0,0
h04ar64h,12,7rwcsuuk,2,intro,Instructions,1788540190,1,0,0
h04ar64h,15,fpjd0ju0,1,intro,Consent,1788540191,1,0,0
h04ar64h,25,q0dsxnk7,2,intro,Instructions,1788540191,1,0,0
h04ar64h,27,p0qjg0v3,1,intro,Consent,1788540192,1,0,0
h04ar64h,14,gfn2r8vo,2,intro,Instructions,1788540192,1,0,0
h04ar64h,21,312jd80s,1,intro,Consent,1788540192,1,0,0
h04ar64h,5,mcswnxs6,2,intro,Instructions,1788540193,1,0,0
h04ar64h,8,2eqstpu0,2,intro,Instructions,1788540193,1,0,0
h04ar64h,23,w03fifp1,2,intro,Instructions,1788540195,1,0,0
h04ar64h,3,sxp8ngu2,1,intro,Consent,1788540196,1,0,0
h04ar64h,7,wqx1o2wk,1,intro,Consent,1788540196,1,0,0
h04ar64h,10,74kwsfm2,2,intro,Instructions,1788540199,1,0,0
h04ar64h,27,p0qjg0v3,2,intro,Instructions,1788540199,1,0,0
h04ar64h,3,sxp8ngu2,2,intro,Instructions,1788540202,1,0,0
h04ar64h,2,tvxlbecc,1,intro,Consent,1788540205,1,0,0
h04ar64h,18,j6legxhq,2,intro,Instructions,1788540205,1,0,0
h04ar64h,24,18ahuxm6,1,intro,Consent,1788540205,1,0,0
h04ar64h,1,sm0ry4ut,2,intro,Instructions,1788540205,1,0,0
h04ar64h,16,ypfasl0o,1,intro,Consent,1788540206,1,0,0
h04ar64h,26,hib1sgxm,1,intro,Consent,1788540206,1,0,0
h04ar64h,4,70gpk2i9,2,intro,Instructions,1788540209,1,0,0
h04ar64h,16,ypfasl0o,2,intro,Instructions,1788540212,1,0,0
h04ar64h,6,y51mizer,1,intro,Consent,1788540215,1,0,0
h04ar64h,7,wqx1o2wk,2,intro,Instructions,1788540215,1,0,0
h04ar64h,9,5koml6p7,1,intro,Consent,1788540217,1,0,0
h04ar64h,9,5koml6p7,2,intro,Instructions,1788540221,1,0,0
h04ar64h,15,fpjd0ju0,2,intro,Instructions,1788540224,1,0,0
h04ar64h,20,xzwecx41,2,intro,Instructions,1788540226,1,0,0
h04ar64h,11,sfggcdud,2,intro,Instructions,1788540237,1,0,0
h04ar64h,23,w03fifp1,4,intro,comprehensionQuestions,1788540239,1,0,0
h04ar64h,17,shtk2vi6,1,intro,Consent,1788540242,1,0,0
h04ar64h,23,w03fifp1,5,intro,selfAssessment,1788540253,1,0,0
h04ar64h,22,oq7csg5x,2,intro,Instructions,1788540255,1,0,0
h04ar64h,19,26cqd8wg,1,intro,Consent,1788540259,1,0,0
h04ar64h,13,gnbf58uk,2,intro,Instructions,1788540261,1,0,0
h04ar64h,26,hib1sgxm,2,intro,Instructions,1788540266,1,0,0
h04ar64h,24,18ahuxm6,2,intro,Instructions,1788540266,1,0,0
h04ar64h,18,j6legxhq,4,intro,comprehensionQuestions,1788540267,1,0,0
h04ar64h,25,q0dsxnk7,4,intro,comprehensionQuestions,1788540267,1,0,0
h04ar64h,16,ypfasl0o,4,intro,comprehensionQuestions,1788540269,1,0,0
h04ar64h,27,p0qjg0v3,4,intro,comprehensionQuestions,1788540270,1,0,0
h04ar64h,18,j6legxhq,5,intro,selfAssessment,1788540275,1,0,0
h04ar64h,10,74kwsfm2,4,intro,comprehensionQuestions,1788540277,1,0,0
h04ar64h,16,ypfasl0o,5,intro,selfAssessment,1788540278,1,0,0
h04ar64h,25,q0dsxnk7,5,intro,selfAssessment,1788540278,1,0,0
h04ar64h,27,p0qjg0v3,5,intro,selfAssessment,1788540280,1,0,0
h04ar64h,12,7rwcsuuk,4,intro,comprehensionQuestions,1788540280,1,0,0
h04ar64h,19,26cqd8wg,2,intro,Instructions,1788540281,1,0,0
h04ar64h,10,74kwsfm2,5,intro,selfAssessment,1788540284,1,0,0
h04ar64h,17,shtk2vi6,2,intro,Instructions,1788540285,1,0,0
h04ar64h,3,sxp8ngu2,4,intro,comprehensionQuestions,1788540285,1,0,0
h04ar64h,21,312jd80s,2,intro,Instructions,1788540285,1,0,0
h04ar64h,12,7rwcsuuk,5,intro,selfAssessment,1788540292,1,0,0
h04ar64h,3,sxp8ngu2,5,intro,selfAssessment,1788540292,1,0,0
h04ar64h,8,2eqstpu0,4,intro,comprehensionQuestions,1788540298,1,0,0
h04ar64h,4,70gpk2i9,4,intro,comprehensionQuestions,1788540304,1,0,0
h04ar64h,8,2eqstpu0,5,intro,selfAssessment,1788540305,1,0,0
h04ar64h,14,gfn2r8vo,4,intro,comprehensionQuestions,1788540305,1,0,0
h04ar64h,9,5koml6p7,4,intro,comprehensionQuestions,1788540307,1,0,0
h04ar64h,7,wqx1o2wk,4,intro,comprehensionQuestions,1788540308,1,0,0
h04ar64h,4,70gpk2i9,5,intro,selfAssessment,1788540314,1,0,0
h04ar64h,7,wqx1o2wk,5,intro,selfAssessment,1788540316,1,0,0
h04ar64h,14,gfn2r8vo,5,intro,selfAssessment,1788540318,1,0,0
h04ar64h,15,fpjd0ju0,4,intro,comprehensionQuestions,1788540328,1,0,0
h04ar64h,1,sm0ry4ut,4,intro,comprehensionQuestions,1788540328,1,0,0
h04ar64h,6,y51mizer,2,intro,Instructions,1788540330,1,0,0
h04ar64h,9,5koml6p7,5,intro,selfAssessment,1788540334,1,0,0
h04ar64h,2,tvxlbecc,2,intro,Instructions,1788540335,1,0,0
h04ar64h,1,sm0ry4ut,5,intro,selfAssessment,1788540337,1,0,0
h04ar64h,15,fpjd0ju0,5,intro,selfAssessment,1788540337,1,0,0
h04ar64h,17,shtk2vi6,4,intro,comprehensionQuestions,1788540338,1,0,0
h04ar64h,21,312jd80s,4,intro,comprehensionQuestions,1788540338,1,0,0
h04ar64h,21,312jd80s,5,intro,selfAssessment,1788540345,1,0,0
h04ar64h,5,mcswnxs6,4,intro,comprehensionQuestions,1788540346,1,0,0
h04ar64h,17,shtk2vi6,5,intro,selfAssessment,1788540346,1,0,0
h04ar64h,13,gnbf58uk,4,intro,comprehensionQuestions,1788540350,1,0,0
h04ar64h,5,mcswnxs6,5,intro,selfAssessment,1788540356,1,0,0
h04ar64h,13,gnbf58uk,5,intro,selfAssessment,1788540363,1,0,0
h04ar64h,13,gnbf58uk,6,trader_bridge_app,SyncTradingSession,1788540363,1,0,1
h04ar64h,14,gfn2r8vo,6,trader_bridge_app,SyncTradingSession,1788540363,1,0,1
h04ar64h,15,fpjd0ju0,6,trader_bridge_app,SyncTradingSession,1788540363,1,0,1
h04ar64h,16,ypfasl0o,6,trader_bridge_app,SyncTradingSession,1788540363,1,0,1
h04ar64h,17,shtk2vi6,6,trader_bridge_app,SyncTradingSession,1788540363,1,0,1
h04ar64h,18,j6legxhq,6,trader_bridge_app,SyncTradingSession,1788540363,1,0,1
h04ar64h,13,gnbf58uk,7,trader_bridge_app,ResumeTradingSession,1788540363,1,0,1
h04ar64h,14,gfn2r8vo,7,trader_bridge_app,ResumeTradingSession,1788540363,1,0,1
h04ar64h,15,fpjd0ju0,7,trader_bridge_app,ResumeTradingSession,1788540363,1,0,1
h04ar64h,16,ypfasl0o,7,trader_bridge_app,ResumeTradingSession,1788540363,1,0,1
h04ar64h,17,shtk2vi6,7,trader_bridge_app,ResumeTradingSession,1788540363,1,0,1
h04ar64h,18,j6legxhq,7,trader_bridge_app,ResumeTradingSession,1788540363,1,0,1
h04ar64h,2,tvxlbecc,4,intro,comprehensionQuestions,1788540388,1,0,0
h04ar64h,2,tvxlbecc,5,intro,selfAssessment,1788540398,1,0,0
h04ar64h,22,oq7csg5x,4,intro,comprehensionQuestions,1788540419,1,0,0
h04ar64h,6,y51mizer,4,intro,comprehensionQuestions,1788540429,1,0,0
h04ar64h,22,oq7csg5x,5,intro,selfAssessment,1788540429,1,0,0
h04ar64h,18,j6legxhq,9,trader_bridge_app,TradePage,1788540430,1,0,0
h04ar64h,14,gfn2r8vo,9,trader_bridge_app,TradePage,1788540430,1,0,0
h04ar64h,16,ypfasl0o,9,trader_bridge_app,TradePage,1788540430,1,0,0
h04ar64h,17,shtk2vi6,9,trader_bridge_app,TradePage,1788540430,1,0,0
h04ar64h,13,gnbf58uk,9,trader_bridge_app,TradePage,1788540430,1,0,0
h04ar64h,15,fpjd0ju0,9,trader_bridge_app,TradePage,1788540430,1,0,0
h04ar64h,13,gnbf58uk,10,trader_bridge_app,PauseTradingSession,1788540431,1,0,1
h04ar64h,14,gfn2r8vo,10,trader_bridge_app,PauseTradingSession,1788540431,1,0,1
h04ar64h,15,fpjd0ju0,10,trader_bridge_app,PauseTradingSession,1788540431,1,0,1
h04ar64h,16,ypfasl0o,10,trader_bridge_app,PauseTradingSession,1788540431,1,0,1
h04ar64h,17,shtk2vi6,10,trader_bridge_app,PauseTradingSession,1788540431,1,0,1
h04ar64h,18,j6legxhq,10,trader_bridge_app,PauseTradingSession,1788540431,1,0,1
h04ar64h,17,shtk2vi6,12,trader_bridge_app,DayBreak,1788540439,1,0,0
h04ar64h,13,gnbf58uk,12,trader_bridge_app,DayBreak,1788540443,1,0,0
h04ar64h,6,y51mizer,5,intro,selfAssessment,1788540448,1,0,0
h04ar64h,1,sm0ry4ut,6,trader_bridge_app,SyncTradingSession,1788540448,1,0,1
h04ar64h,2,tvxlbecc,6,trader_bridge_app,SyncTradingSession,1788540448,1,0,1
h04ar64h,3,sxp8ngu2,6,trader_bridge_app,SyncTradingSession,1788540448,1,0,1
h04ar64h,4,70gpk2i9,6,trader_bridge_app,SyncTradingSession,1788540448,1,0,1
h04ar64h,5,mcswnxs6,6,trader_bridge_app,SyncTradingSession,1788540448,1,0,1
h04ar64h,6,y51mizer,6,trader_bridge_app,SyncTradingSession,1788540448,1,0,1
h04ar64h,1,sm0ry4ut,7,trader_bridge_app,ResumeTradingSession,1788540448,1,0,1
h04ar64h,2,tvxlbecc,7,trader_bridge_app,ResumeTradingSession,1788540448,1,0,1
h04ar64h,3,sxp8ngu2,7,trader_bridge_app,ResumeTradingSession,1788540448,1,0,1
h04ar64h,4,70gpk2i9,7,trader_bridge_app,ResumeTradingSession,1788540448,1,0,1
h04ar64h,5,mcswnxs6,7,trader_bridge_app,ResumeTradingSession,1788540448,1,0,1
h04ar64h,6,y51mizer,7,trader_bridge_app,ResumeTradingSession,1788540448,1,0,1
h04ar64h,15,fpjd0ju0,12,trader_bridge_app,DayBreak,1788540451,1,1,0
h04ar64h,16,ypfasl0o,12,trader_bridge_app,DayBreak,1788540453,1,0,0
h04ar64h,26,hib1sgxm,4,intro,comprehensionQuestions,1788540453,1,0,0
h04ar64h,19,26cqd8wg,4,intro,comprehensionQuestions,1788540454,1,0,0
h04ar64h,18,j6legxhq,12,trader_bridge_app,DayBreak,1788540457,1,0,0
h04ar64h,14,gfn2r8vo,12,trader_bridge_app,DayBreak,1788540463,1,1,0
h04ar64h,13,gnbf58uk,16,trader_bridge_app,ResumeTradingSession,1788540464,2,0,1
h04ar64h,14,gfn2r8vo,16,trader_bridge_app,ResumeTradingSession,1788540464,2,0,1
h04ar64h,15,fpjd0ju0,16,trader_bridge_app,ResumeTradingSession,1788540464,2,0,1
h04ar64h,16,ypfasl0o,16,trader_bridge_app,ResumeTradingSession,1788540464,2,0,1
h04ar64h,17,shtk2vi6,16,trader_bridge_app,ResumeTradingSession,1788540464,2,0,1
h04ar64h,18,j6legxhq,16,trader_bridge_app,ResumeTradingSession,1788540464,2,0,1
h04ar64h,11,sfggcdud,4,intro,comprehensionQuestions,1788540464,1,0,0
h04ar64h,26,hib1sgxm,5,intro,selfAssessment,1788540475,1,0,0
h04ar64h,27,p0qjg0v3,6,trader_bridge_app,SyncTradingSession,1788540476,1,0,1
h04ar64h,25,q0dsxnk7,6,trader_bridge_app,SyncTradingSession,1788540476,1,0,1
h04ar64h,26,hib1sgxm,6,trader_bridge_app,SyncTradingSession,1788540476,1,0,1
h04ar64h,27,p0qjg0v3,7,trader_bridge_app,ResumeTradingSession,1788540477,1,0,1
h04ar64h,25,q0dsxnk7,7,trader_bridge_app,ResumeTradingSession,1788540477,1,0,1
h04ar64h,26,hib1sgxm,7,trader_bridge_app,ResumeTradingSession,1788540477,1,0,1
h04ar64h,24,18ahuxm6,4,intro,comprehensionQuestions,1788540478,1,0,0
h04ar64h,19,26cqd8wg,5,intro,selfAssessment,1788540482,1,0,0
h04ar64h,11,sfggcdud,5,intro,selfAssessment,1788540487,1,0,0
h04ar64h,7,wqx1o2wk,6,trader_bridge_app,SyncTradingSession,1788540487,1,0,1
h04ar64h,8,2eqstpu0,6,trader_bridge_app,SyncTradingSession,1788540487,1,0,1
h04ar64h,9,5koml6p7,6,trader_bridge_app,SyncTradingSession,1788540487,1,0,1
h04ar64h,10,74kwsfm2,6,trader_bridge_app,SyncTradingSession,1788540487,1,0,1
h04ar64h,11,sfggcdud,6,trader_bridge_app,SyncTradingSession,1788540487,1,0,1
h04ar64h,12,7rwcsuuk,6,trader_bridge_app,SyncTradingSession,1788540487,1,0,1
h04ar64h,7,wqx1o2wk,7,trader_bridge_app,ResumeTradingSession,1788540488,1,0,1
h04ar64h,8,2eqstpu0,7,trader_bridge_app,ResumeTradingSession,1788540488,1,0,1
h04ar64h,9,5koml6p7,7,trader_bridge_app,ResumeTradingSession,1788540488,1,0,1
h04ar64h,10,74kwsfm2,7,trader_bridge_app,ResumeTradingSession,1788540488,1,0,1
h04ar64h,11,sfggcdud,7,trader_bridge_app,ResumeTradingSession,1788540488,1,0,1
h04ar64h,12,7rwcsuuk,7,trader_bridge_app,ResumeTradingSession,1788540488,1,0,1
h04ar64h,24,18ahuxm6,5,intro,selfAssessment,1788540505,1,0,0
h04ar64h,3,sxp8ngu2,9,trader_bridge_app,TradePage,1788540510,1,0,0
h04ar64h,5,mcswnxs6,9,trader_bridge_app,TradePage,1788540510,1,0,0
h04ar64h,1,sm0ry4ut,9,trader_bridge_app,TradePage,1788540510,1,0,0
h04ar64h,4,70gpk2i9,9,trader_bridge_app,TradePage,1788540510,1,0,0
h04ar64h,6,y51mizer,9,trader_bridge_app,TradePage,1788540510,1,0,0
h04ar64h,2,tvxlbecc,9,trader_bridge_app,TradePage,1788540510,1,0,0
h04ar64h,1,sm0ry4ut,10,trader_bridge_app,PauseTradingSession,1788540510,1,0,1
h04ar64h,2,tvxlbecc,10,trader_bridge_app,PauseTradingSession,1788540510,1,0,1
h04ar64h,3,sxp8ngu2,10,trader_bridge_app,PauseTradingSession,1788540510,1,0,1
h04ar64h,4,70gpk2i9,10,trader_bridge_app,PauseTradingSession,1788540510,1,0,1
h04ar64h,5,mcswnxs6,10,trader_bridge_app,PauseTradingSession,1788540510,1,0,1
h04ar64h,6,y51mizer,10,trader_bridge_app,PauseTradingSession,1788540510,1,0,1
h04ar64h,4,70gpk2i9,12,trader_bridge_app,DayBreak,1788540516,1,0,0
h04ar64h,3,sxp8ngu2,12,trader_bridge_app,DayBreak,1788540517,1,0,0
h04ar64h,5,mcswnxs6,12,trader_bridge_app,DayBreak,1788540520,1,0,0
h04ar64h,14,gfn2r8vo,18,trader_bridge_app,TradePage,1788540527,2,0,0
h04ar64h,17,shtk2vi6,18,trader_bridge_app,TradePage,1788540527,2,0,0
h04ar64h,16,ypfasl0o,18,trader_bridge_app,TradePage,1788540527,2,0,0
h04ar64h,18,j6legxhq,18,trader_bridge_app,TradePage,1788540527,2,0,0
h04ar64h,15,fpjd0ju0,18,trader_bridge_app,TradePage,1788540528,2,0,0
h04ar64h,13,gnbf58uk,18,trader_bridge_app,TradePage,1788540528,2,0,0
h04ar64h,13,gnbf58uk,19,trader_bridge_app,PauseTradingSession,1788540528,2,0,1
h04ar64h,14,gfn2r8vo,19,trader_bridge_app,PauseTradingSession,1788540528,2,0,1
h04ar64h,15,fpjd0ju0,19,trader_bridge_app,PauseTradingSession,1788540528,2,0,1
h04ar64h,16,ypfasl0o,19,trader_bridge_app,PauseTradingSession,1788540528,2,0,1
h04ar64h,17,shtk2vi6,19,trader_bridge_app,PauseTradingSession,1788540528,2,0,1
h04ar64h,18,j6legxhq,19,trader_bridge_app,PauseTradingSession,1788540528,2,0,1
h04ar64h,1,sm0ry4ut,12,trader_bridge_app,DayBreak,1788540531,1,1,0
h04ar64h,6,y51mizer,12,trader_bridge_app,DayBreak,1788540531,1,1,0
h04ar64h,2,tvxlbecc,12,trader_bridge_app,DayBreak,1788540531,1,1,0
h04ar64h,1,sm0ry4ut,16,trader_bridge_app,ResumeTradingSession,1788540531,2,0,1
h04ar64h,2,tvxlbecc,16,trader_bridge_app,ResumeTradingSession,1788540531,2,0,1
h04ar64h,3,sxp8ngu2,16,trader_bridge_app,ResumeTradingSession,1788540531,2,0,1
h04ar64h,4,70gpk2i9,16,trader_bridge_app,ResumeTradingSession,1788540531,2,0,1
h04ar64h,5,mcswnxs6,16,trader_bridge_app,ResumeTradingSession,1788540531,2,0,1
h04ar64h,6,y51mizer,16,trader_bridge_app,ResumeTradingSession,1788540531,2,0,1
h04ar64h,13,gnbf58uk,21,trader_bridge_app,DayBreak,1788540534,2,0,0
h04ar64h,25,q0dsxnk7,9,trader_bridge_app,TradePage,1788540538,1,0,0
h04ar64h,27,p0qjg0v3,9,trader_bridge_app,TradePage,1788540538,1,0,0
h04ar64h,26,hib1sgxm,9,trader_bridge_app,TradePage,1788540538,1,0,0
h04ar64h,27,p0qjg0v3,10,trader_bridge_app,PauseTradingSession,1788540538,1,0,1
h04ar64h,25,q0dsxnk7,10,trader_bridge_app,PauseTradingSession,1788540538,1,0,1
h04ar64h,26,hib1sgxm,10,trader_bridge_app,PauseTradingSession,1788540538,1,0,1
h04ar64h,27,p0qjg0v3,16,trader_bridge_app,ResumeTradingSession,1788540546,2,0,1
h04ar64h,25,q0dsxnk7,16,trader_bridge_app,ResumeTradingSession,1788540546,2,0,1
h04ar64h,26,hib1sgxm,16,trader_bridge_app,ResumeTradingSession,1788540546,2,0,1
h04ar64h,25,q0dsxnk7,17,trader_bridge_app,InitFailed,1788540547,2,0,0
h04ar64h,10,74kwsfm2,9,trader_bridge_app,TradePage,1788540550,1,0,0
h04ar64h,12,7rwcsuuk,9,trader_bridge_app,TradePage,1788540550,1,0,0
h04ar64h,11,sfggcdud,9,trader_bridge_app,TradePage,1788540550,1,0,0
h04ar64h,27,p0qjg0v3,17,trader_bridge_app,InitFailed,1788540550,2,0,0
h04ar64h,9,5koml6p7,9,trader_bridge_app,TradePage,1788540551,1,0,0
h04ar64h,8,2eqstpu0,9,trader_bridge_app,TradePage,1788540551,1,0,0
h04ar64h,7,wqx1o2wk,9,trader_bridge_app,TradePage,1788540551,1,0,0
h04ar64h,7,wqx1o2wk,10,trader_bridge_app,PauseTradingSession,1788540551,1,0,1
h04ar64h,8,2eqstpu0,10,trader_bridge_app,PauseTradingSession,1788540551,1,0,1
h04ar64h,9,5koml6p7,10,trader_bridge_app,PauseTradingSession,1788540551,1,0,1
h04ar64h,10,74kwsfm2,10,trader_bridge_app,PauseTradingSession,1788540551,1,0,1
h04ar64h,11,sfggcdud,10,trader_bridge_app,PauseTradingSession,1788540551,1,0,1
h04ar64h,12,7rwcsuuk,10,trader_bridge_app,PauseTradingSession,1788540551,1,0,1
h04ar64h,17,shtk2vi6,21,trader_bridge_app,DayBreak,1788540552,2,0,0
h04ar64h,26,hib1sgxm,17,trader_bridge_app,InitFailed,1788540552,2,0,0
h04ar64h,25,q0dsxnk7,25,trader_bridge_app,ResumeTradingSession,1788540552,3,0,1
h04ar64h,26,hib1sgxm,25,trader_bridge_app,ResumeTradingSession,1788540552,3,0,1
h04ar64h,27,p0qjg0v3,25,trader_bridge_app,ResumeTradingSession,1788540552,3,0,1
h04ar64h,14,gfn2r8vo,21,trader_bridge_app,DayBreak,1788540552,2,0,0
h04ar64h,7,wqx1o2wk,16,trader_bridge_app,ResumeTradingSession,1788540552,2,0,1
h04ar64h,8,2eqstpu0,16,trader_bridge_app,ResumeTradingSession,1788540552,2,0,1
h04ar64h,9,5koml6p7,16,trader_bridge_app,ResumeTradingSession,1788540552,2,0,1
h04ar64h,10,74kwsfm2,16,trader_bridge_app,ResumeTradingSession,1788540552,2,0,1
h04ar64h,11,sfggcdud,16,trader_bridge_app,ResumeTradingSession,1788540552,2,0,1
h04ar64h,12,7rwcsuuk,16,trader_bridge_app,ResumeTradingSession,1788540552,2,0,1
h04ar64h,27,p0qjg0v3,26,trader_bridge_app,InitFailed,1788540554,3,0,0
h04ar64h,18,j6legxhq,21,trader_bridge_app,DayBreak,1788540555,2,0,0
h04ar64h,12,7rwcsuuk,17,trader_bridge_app,InitFailed,1788540555,2,0,0
h04ar64h,8,2eqstpu0,17,trader_bridge_app,InitFailed,1788540556,2,0,0
h04ar64h,15,fpjd0ju0,21,trader_bridge_app,DayBreak,1788540556,2,0,0
h04ar64h,7,wqx1o2wk,17,trader_bridge_app,InitFailed,1788540557,2,0,0
h04ar64h,11,sfggcdud,17,trader_bridge_app,InitFailed,1788540558,2,0,0
h04ar64h,9,5koml6p7,17,trader_bridge_app,InitFailed,1788540558,2,0,0
h04ar64h,25,q0dsxnk7,26,trader_bridge_app,InitFailed,1788540559,3,0,0
h04ar64h,16,ypfasl0o,21,trader_bridge_app,DayBreak,1788540560,2,1,0
h04ar64h,13,gnbf58uk,25,trader_bridge_app,ResumeTradingSession,1788540560,3,0,1
h04ar64h,14,gfn2r8vo,25,trader_bridge_app,ResumeTradingSession,1788540560,3,0,1
h04ar64h,15,fpjd0ju0,25,trader_bridge_app,ResumeTradingSession,1788540560,3,0,1
h04ar64h,16,ypfasl0o,25,trader_bridge_app,ResumeTradingSession,1788540560,3,0,1
h04ar64h,17,shtk2vi6,25,trader_bridge_app,ResumeTradingSession,1788540560,3,0,1
h04ar64h,18,j6legxhq,25,trader_bridge_app,ResumeTradingSession,1788540560,3,0,1
h04ar64h,26,hib1sgxm,26,trader_bridge_app,InitFailed,1788540560,3,0,0
h04ar64h,10,74kwsfm2,17,trader_bridge_app,InitFailed,1788540560,2,0,0
h04ar64h,7,wqx1o2wk,25,trader_bridge_app,ResumeTradingSession,1788540560,3,0,1
h04ar64h,8,2eqstpu0,25,trader_bridge_app,ResumeTradingSession,1788540560,3,0,1
h04ar64h,9,5koml6p7,25,trader_bridge_app,ResumeTradingSession,1788540560,3,0,1
h04ar64h,10,74kwsfm2,25,trader_bridge_app,ResumeTradingSession,1788540560,3,0,1
h04ar64h,11,sfggcdud,25,trader_bridge_app,ResumeTradingSession,1788540560,3,0,1
h04ar64h,12,7rwcsuuk,25,trader_bridge_app,ResumeTradingSession,1788540560,3,0,1
h04ar64h,25,q0dsxnk7,32,trader_bridge_app,MarketTransition,1788540561,3,0,0
h04ar64h,8,2eqstpu0,26,trader_bridge_app,InitFailed,1788540562,3,0,0
h04ar64h,27,p0qjg0v3,32,trader_bridge_app,MarketTransition,1788540562,3,0,0
h04ar64h,7,wqx1o2wk,26,trader_bridge_app,InitFailed,1788540562,3,0,0
h04ar64h,12,7rwcsuuk,26,trader_bridge_app,InitFailed,1788540562,3,0,0
h04ar64h,10,74kwsfm2,26,trader_bridge_app,InitFailed,1788540563,3,0,0
h04ar64h,13,gnbf58uk,26,trader_bridge_app,InitFailed,1788540565,3,0,0
h04ar64h,14,gfn2r8vo,26,trader_bridge_app,InitFailed,1788540566,3,0,0
h04ar64h,18,j6legxhq,26,trader_bridge_app,InitFailed,1788540566,3,0,0
h04ar64h,9,5koml6p7,26,trader_bridge_app,InitFailed,1788540566,3,0,0
h04ar64h,8,2eqstpu0,32,trader_bridge_app,MarketTransition,1788540567,3,0,0
h04ar64h,12,7rwcsuuk,32,trader_bridge_app,MarketTransition,1788540567,3,0,0
h04ar64h,16,ypfasl0o,26,trader_bridge_app,InitFailed,1788540568,3,0,0
h04ar64h,11,sfggcdud,26,trader_bridge_app,InitFailed,1788540569,3,0,0
h04ar64h,18,j6legxhq,32,trader_bridge_app,MarketTransition,1788540569,3,0,0
h04ar64h,15,fpjd0ju0,26,trader_bridge_app,InitFailed,1788540570,3,0,0
h04ar64h,7,wqx1o2wk,32,trader_bridge_app,MarketTransition,1788540570,3,0,0
h04ar64h,16,ypfasl0o,32,trader_bridge_app,MarketTransition,1788540571,3,0,0
h04ar64h,10,74kwsfm2,32,trader_bridge_app,MarketTransition,1788540573,3,0,0
h04ar64h,13,gnbf58uk,32,trader_bridge_app,MarketTransition,1788540573,3,0,0
h04ar64h,15,fpjd0ju0,32,trader_bridge_app,MarketTransition,1788540578,3,0,0
h04ar64h,14,gfn2r8vo,32,trader_bridge_app,MarketTransition,1788540582,3,0,0
h04ar64h,26,hib1sgxm,32,trader_bridge_app,MarketTransition,1788540590,3,0,0
h04ar64h,25,q0dsxnk7,33,trader_bridge_app,SyncTradingSession,1788540590,4,0,1
h04ar64h,26,hib1sgxm,33,trader_bridge_app,SyncTradingSession,1788540590,4,0,1
h04ar64h,27,p0qjg0v3,33,trader_bridge_app,SyncTradingSession,1788540590,4,0,1
h04ar64h,25,q0dsxnk7,34,trader_bridge_app,ResumeTradingSession,1788540590,4,0,1
h04ar64h,26,hib1sgxm,34,trader_bridge_app,ResumeTradingSession,1788540590,4,0,1
h04ar64h,27,p0qjg0v3,34,trader_bridge_app,ResumeTradingSession,1788540590,4,0,1
h04ar64h,9,5koml6p7,32,trader_bridge_app,MarketTransition,1788540591,3,0,0
h04ar64h,1,sm0ry4ut,18,trader_bridge_app,TradePage,1788540592,2,0,0
h04ar64h,6,y51mizer,18,trader_bridge_app,TradePage,1788540592,2,0,0
h04ar64h,2,tvxlbecc,18,trader_bridge_app,TradePage,1788540592,2,0,0
h04ar64h,4,70gpk2i9,18,trader_bridge_app,TradePage,1788540592,2,0,0
h04ar64h,3,sxp8ngu2,18,trader_bridge_app,TradePage,1788540592,2,0,0
h04ar64h,5,mcswnxs6,18,trader_bridge_app,TradePage,1788540603,2,0,0
h04ar64h,1,sm0ry4ut,19,trader_bridge_app,PauseTradingSession,1788540604,2,0,1
h04ar64h,2,tvxlbecc,19,trader_bridge_app,PauseTradingSession,1788540604,2,0,1
h04ar64h,3,sxp8ngu2,19,trader_bridge_app,PauseTradingSession,1788540604,2,0,1
h04ar64h,4,70gpk2i9,19,trader_bridge_app,PauseTradingSession,1788540604,2,0,1
h04ar64h,5,mcswnxs6,19,trader_bridge_app,PauseTradingSession,1788540604,2,0,1
h04ar64h,6,y51mizer,19,trader_bridge_app,PauseTradingSession,1788540604,2,0,1
h04ar64h,1,sm0ry4ut,25,trader_bridge_app,ResumeTradingSession,1788540604,3,0,1
h04ar64h,2,tvxlbecc,25,trader_bridge_app,ResumeTradingSession,1788540604,3,0,1
h04ar64h,3,sxp8ngu2,25,trader_bridge_app,ResumeTradingSession,1788540604,3,0,1
h04ar64h,4,70gpk2i9,25,trader_bridge_app,ResumeTradingSession,1788540604,3,0,1
h04ar64h,5,mcswnxs6,25,trader_bridge_app,ResumeTradingSession,1788540604,3,0,1
h04ar64h,6,y51mizer,25,trader_bridge_app,ResumeTradingSession,1788540604,3,0,1
h04ar64h,17,shtk2vi6,26,trader_bridge_app,InitFailed,1788540605,3,0,0
h04ar64h,5,mcswnxs6,26,trader_bridge_app,InitFailed,1788540606,3,0,0
h04ar64h,4,70gpk2i9,26,trader_bridge_app,InitFailed,1788540607,3,0,0
h04ar64h,4,70gpk2i9,32,trader_bridge_app,MarketTransition,1788540609,3,0,0
h04ar64h,5,mcswnxs6,32,trader_bridge_app,MarketTransition,1788540610,3,0,0
h04ar64h,17,shtk2vi6,32,trader_bridge_app,MarketTransition,1788540610,3,0,0
h04ar64h,18,j6legxhq,33,trader_bridge_app,SyncTradingSession,1788540610,4,0,1
h04ar64h,13,gnbf58uk,33,trader_bridge_app,SyncTradingSession,1788540610,4,0,1
h04ar64h,14,gfn2r8vo,33,trader_bridge_app,SyncTradingSession,1788540610,4,0,1
h04ar64h,15,fpjd0ju0,33,trader_bridge_app,SyncTradingSession,1788540610,4,0,1
h04ar64h,16,ypfasl0o,33,trader_bridge_app,SyncTradingSession,1788540610,4,0,1
h04ar64h,17,shtk2vi6,33,trader_bridge_app,SyncTradingSession,1788540610,4,0,1
h04ar64h,18,j6legxhq,34,trader_bridge_app,ResumeTradingSession,1788540611,4,0,1
h04ar64h,13,gnbf58uk,34,trader_bridge_app,ResumeTradingSession,1788540611,4,0,1
h04ar64h,14,gfn2r8vo,34,trader_bridge_app,ResumeTradingSession,1788540611,4,0,1
h04ar64h,15,fpjd0ju0,34,trader_bridge_app,ResumeTradingSession,1788540611,4,0,1
h04ar64h,16,ypfasl0o,34,trader_bridge_app,ResumeTradingSession,1788540611,4,0,1
h04ar64h,17,shtk2vi6,34,trader_bridge_app,ResumeTradingSession,1788540611,4,0,1
h04ar64h,6,y51mizer,26,trader_bridge_app,InitFailed,1788540611,3,0,0
h04ar64h,1,sm0ry4ut,26,trader_bridge_app,InitFailed,1788540612,3,0,0
h04ar64h,20,xzwecx41,4,intro,comprehensionQuestions,1788540613,1,0,0
h04ar64h,1,sm0ry4ut,32,trader_bridge_app,MarketTransition,1788540614,3,0,0
h04ar64h,6,y51mizer,32,trader_bridge_app,MarketTransition,1788540614,3,0,0
h04ar64h,20,xzwecx41,5,intro,selfAssessment,1788540618,1,0,0
h04ar64h,22,oq7csg5x,6,trader_bridge_app,SyncTradingSession,1788540618,1,0,1
h04ar64h,23,w03fifp1,6,trader_bridge_app,SyncTradingSession,1788540618,1,0,1
h04ar64h,24,18ahuxm6,6,trader_bridge_app,SyncTradingSession,1788540618,1,0,1
h04ar64h,19,26cqd8wg,6,trader_bridge_app,SyncTradingSession,1788540618,1,0,1
h04ar64h,20,xzwecx41,6,trader_bridge_app,SyncTradingSession,1788540618,1,0,1
h04ar64h,21,312jd80s,6,trader_bridge_app,SyncTradingSession,1788540618,1,0,1
h04ar64h,3,sxp8ngu2,26,trader_bridge_app,InitFailed,1788540624,3,0,0
h04ar64h,2,tvxlbecc,26,trader_bridge_app,InitFailed,1788540625,3,0,0
h04ar64h,3,sxp8ngu2,32,trader_bridge_app,MarketTransition,1788540629,3,0,0
h04ar64h,22,oq7csg5x,7,trader_bridge_app,ResumeTradingSession,1788540630,1,0,1
h04ar64h,23,w03fifp1,7,trader_bridge_app,ResumeTradingSession,1788540630,1,0,1
h04ar64h,24,18ahuxm6,7,trader_bridge_app,ResumeTradingSession,1788540630,1,0,1
h04ar64h,19,26cqd8wg,7,trader_bridge_app,ResumeTradingSession,1788540630,1,0,1
h04ar64h,20,xzwecx41,7,trader_bridge_app,ResumeTradingSession,1788540630,1,0,1
h04ar64h,21,312jd80s,7,trader_bridge_app,ResumeTradingSession,1788540630,1,0,1
h04ar64h,11,sfggcdud,32,trader_bridge_app,MarketTransition,1788540635,3,0,0
h04ar64h,7,wqx1o2wk,33,trader_bridge_app,SyncTradingSession,1788540635,4,0,1
h04ar64h,8,2eqstpu0,33,trader_bridge_app,SyncTradingSession,1788540635,4,0,1
h04ar64h,9,5koml6p7,33,trader_bridge_app,SyncTradingSession,1788540635,4,0,1
h04ar64h,10,74kwsfm2,33,trader_bridge_app,SyncTradingSession,1788540635,4,0,1
h04ar64h,11,sfggcdud,33,trader_bridge_app,SyncTradingSession,1788540635,4,0,1
h04ar64h,12,7rwcsuuk,33,trader_bridge_app,SyncTradingSession,1788540635,4,0,1
h04ar64h,7,wqx1o2wk,34,trader_bridge_app,ResumeTradingSession,1788540635,4,0,1
h04ar64h,8,2eqstpu0,34,trader_bridge_app,ResumeTradingSession,1788540635,4,0,1
h04ar64h,9,5koml6p7,34,trader_bridge_app,ResumeTradingSession,1788540635,4,0,1
h04ar64h,10,74kwsfm2,34,trader_bridge_app,ResumeTradingSession,1788540635,4,0,1
h04ar64h,11,sfggcdud,34,trader_bridge_app,ResumeTradingSession,1788540635,4,0,1
h04ar64h,12,7rwcsuuk,34,trader_bridge_app,ResumeTradingSession,1788540635,4,0,1
h04ar64h,2,tvxlbecc,32,trader_bridge_app,MarketTransition,1788540636,3,0,0
h04ar64h,1,sm0ry4ut,33,trader_bridge_app,SyncTradingSession,1788540636,4,0,1
h04ar64h,2,tvxlbecc,33,trader_bridge_app,SyncTradingSession,1788540636,4,0,1
h04ar64h,3,sxp8ngu2,33,trader_bridge_app,SyncTradingSession,1788540636,4,0,1
h04ar64h,4,70gpk2i9,33,trader_bridge_app,SyncTradingSession,1788540636,4,0,1
h04ar64h,5,mcswnxs6,33,trader_bridge_app,SyncTradingSession,1788540636,4,0,1
h04ar64h,6,y51mizer,33,trader_bridge_app,SyncTradingSession,1788540636,4,0,1
h04ar64h,1,sm0ry4ut,34,trader_bridge_app,ResumeTradingSession,1788540636,4,0,1
h04ar64h,2,tvxlbecc,34,trader_bridge_app,ResumeTradingSession,1788540636,4,0,1
h04ar64h,3,sxp8ngu2,34,trader_bridge_app,ResumeTradingSession,1788540636,4,0,1
h04ar64h,4,70gpk2i9,34,trader_bridge_app,ResumeTradingSession,1788540636,4,0,1
h04ar64h,5,mcswnxs6,34,trader_bridge_app,ResumeTradingSession,1788540636,4,0,1
h04ar64h,6,y51mizer,34,trader_bridge_app,ResumeTradingSession,1788540636,4,0,1
h04ar64h,27,p0qjg0v3,36,trader_bridge_app,TradePage,1788540653,4,0,0
h04ar64h,25,q0dsxnk7,36,trader_bridge_app,TradePage,1788540653,4,0,0
h04ar64h,26,hib1sgxm,36,trader_bridge_app,TradePage,1788540654,4,0,0
h04ar64h,25,q0dsxnk7,37,trader_bridge_app,PauseTradingSession,1788540654,4,0,1
h04ar64h,26,hib1sgxm,37,trader_bridge_app,PauseTradingSession,1788540654,4,0,1
h04ar64h,27,p0qjg0v3,37,trader_bridge_app,PauseTradingSession,1788540654,4,0,1
h04ar64h,25,q0dsxnk7,39,trader_bridge_app,DayBreak,1788540667,4,0,0
h04ar64h,26,hib1sgxm,39,trader_bridge_app,DayBreak,1788540669,4,0,0
h04ar64h,27,p0qjg0v3,39,trader_bridge_app,DayBreak,1788540670,4,0,0
h04ar64h,25,q0dsxnk7,43,trader_bridge_app,ResumeTradingSession,1788540670,5,0,1
h04ar64h,26,hib1sgxm,43,trader_bridge_app,ResumeTradingSession,1788540670,5,0,1
h04ar64h,27,p0qjg0v3,43,trader_bridge_app,ResumeTradingSession,1788540670,5,0,1
h04ar64h,16,ypfasl0o,36,trader_bridge_app,TradePage,1788540671,4,0,0
h04ar64h,18,j6legxhq,36,trader_bridge_app,TradePage,1788540671,4,0,0
h04ar64h,14,gfn2r8vo,36,trader_bridge_app,TradePage,1788540671,4,0,0
h04ar64h,15,fpjd0ju0,36,trader_bridge_app,TradePage,1788540671,4,0,0
h04ar64h,13,gnbf58uk,36,trader_bridge_app,TradePage,1788540671,4,0,0
h04ar64h,17,shtk2vi6,36,trader_bridge_app,TradePage,1788540676,4,0,0
h04ar64h,13,gnbf58uk,37,trader_bridge_app,PauseTradingSession,1788540676,4,0,1
h04ar64h,14,gfn2r8vo,37,trader_bridge_app,PauseTradingSession,1788540676,4,0,1
h04ar64h,15,fpjd0ju0,37,trader_bridge_app,PauseTradingSession,1788540676,4,0,1
h04ar64h,16,ypfasl0o,37,trader_bridge_app,PauseTradingSession,1788540676,4,0,1
h04ar64h,17,shtk2vi6,37,trader_bridge_app,PauseTradingSession,1788540676,4,0,1
h04ar64h,18,j6legxhq,37,trader_bridge_app,PauseTradingSession,1788540676,4,0,1
h04ar64h,17,shtk2vi6,39,trader_bridge_app,DayBreak,1788540682,4,0,0
h04ar64h,13,gnbf58uk,39,trader_bridge_app,DayBreak,1788540683,4,0,0
h04ar64h,14,gfn2r8vo,39,trader_bridge_app,DayBreak,1788540683,4,0,0
h04ar64h,18,j6legxhq,39,trader_bridge_app,DayBreak,1788540683,4,0,0
h04ar64h,16,ypfasl0o,39,trader_bridge_app,DayBreak,1788540687,4,0,0
h04ar64h,19,26cqd8wg,9,trader_bridge_app,TradePage,1788540691,1,0,0
h04ar64h,24,18ahuxm6,9,trader_bridge_app,TradePage,1788540691,1,0,0
h04ar64h,20,xzwecx41,9,trader_bridge_app,TradePage,1788540691,1,0,0
h04ar64h,22,oq7csg5x,9,trader_bridge_app,TradePage,1788540691,1,0,0
h04ar64h,21,312jd80s,9,trader_bridge_app,TradePage,1788540691,1,0,0
h04ar64h,23,w03fifp1,9,trader_bridge_app,TradePage,1788540691,1,0,0
h04ar64h,19,26cqd8wg,10,trader_bridge_app,PauseTradingSession,1788540692,1,0,1
h04ar64h,20,xzwecx41,10,trader_bridge_app,PauseTradingSession,1788540692,1,0,1
h04ar64h,21,312jd80s,10,trader_bridge_app,PauseTradingSession,1788540692,1,0,1
h04ar64h,22,oq7csg5x,10,trader_bridge_app,PauseTradingSession,1788540692,1,0,1
h04ar64h,23,w03fifp1,10,trader_bridge_app,PauseTradingSession,1788540692,1,0,1
h04ar64h,24,18ahuxm6,10,trader_bridge_app,PauseTradingSession,1788540692,1,0,1
h04ar64h,15,fpjd0ju0,39,trader_bridge_app,DayBreak,1788540696,4,1,0
h04ar64h,13,gnbf58uk,43,trader_bridge_app,ResumeTradingSession,1788540697,5,0,1
h04ar64h,14,gfn2r8vo,43,trader_bridge_app,ResumeTradingSession,1788540697,5,0,1
h04ar64h,15,fpjd0ju0,43,trader_bridge_app,ResumeTradingSession,1788540697,5,0,1
h04ar64h,16,ypfasl0o,43,trader_bridge_app,ResumeTradingSession,1788540697,5,0,1
h04ar64h,17,shtk2vi6,43,trader_bridge_app,ResumeTradingSession,1788540697,5,0,1
h04ar64h,18,j6legxhq,43,trader_bridge_app,ResumeTradingSession,1788540697,5,0,1
h04ar64h,9,5koml6p7,36,trader_bridge_app,TradePage,1788540698,4,0,0
h04ar64h,8,2eqstpu0,36,trader_bridge_app,TradePage,1788540698,4,0,0
h04ar64h,12,7rwcsuuk,36,trader_bridge_app,TradePage,1788540698,4,0,0
h04ar64h,22,oq7csg5x,12,trader_bridge_app,DayBreak,1788540699,1,0,0
h04ar64h,6,y51mizer,36,trader_bridge_app,TradePage,1788540699,4,0,0
h04ar64h,3,sxp8ngu2,36,trader_bridge_app,TradePage,1788540699,4,0,0
h04ar64h,4,70gpk2i9,36,trader_bridge_app,TradePage,1788540699,4,0,0
h04ar64h,5,mcswnxs6,36,trader_bridge_app,TradePage,1788540699,4,0,0
h04ar64h,1,sm0ry4ut,36,trader_bridge_app,TradePage,1788540699,4,0,0
h04ar64h,2,tvxlbecc,36,trader_bridge_app,TradePage,1788540700,4,0,0
h04ar64h,1,sm0ry4ut,37,trader_bridge_app,PauseTradingSession,1788540700,4,0,1
h04ar64h,2,tvxlbecc,37,trader_bridge_app,PauseTradingSession,1788540700,4,0,1
h04ar64h,3,sxp8ngu2,37,trader_bridge_app,PauseTradingSession,1788540700,4,0,1
h04ar64h,4,70gpk2i9,37,trader_bridge_app,PauseTradingSession,1788540700,4,0,1
h04ar64h,5,mcswnxs6,37,trader_bridge_app,PauseTradingSession,1788540700,4,0,1
h04ar64h,6,y51mizer,37,trader_bridge_app,PauseTradingSession,1788540700,4,0,1
h04ar64h,23,w03fifp1,12,trader_bridge_app,DayBreak,1788540702,1,0,0
h04ar64h,3,sxp8ngu2,39,trader_bridge_app,DayBreak,1788540706,4,0,0
h04ar64h,7,wqx1o2wk,36,trader_bridge_app,TradePage,1788540706,4,0,0
h04ar64h,19,26cqd8wg,12,trader_bridge_app,DayBreak,1788540706,1,0,0
h04ar64h,10,74kwsfm2,36,trader_bridge_app,TradePage,1788540706,4,0,0
h04ar64h,11,sfggcdud,36,trader_bridge_app,TradePage,1788540706,4,0,0
h04ar64h,8,2eqstpu0,37,trader_bridge_app,PauseTradingSession,1788540706,4,0,1
h04ar64h,9,5koml6p7,37,trader_bridge_app,PauseTradingSession,1788540706,4,0,1
h04ar64h,10,74kwsfm2,37,trader_bridge_app,PauseTradingSession,1788540706,4,0,1
h04ar64h,11,sfggcdud,37,trader_bridge_app,PauseTradingSession,1788540706,4,0,1
h04ar64h,12,7rwcsuuk,37,trader_bridge_app,PauseTradingSession,1788540706,4,0,1
h04ar64h,7,wqx1o2wk,37,trader_bridge_app,PauseTradingSession,1788540706,4,0,1
h04ar64h,5,mcswnxs6,39,trader_bridge_app,DayBreak,1788540709,4,0,0
h04ar64h,21,312jd80s,12,trader_bridge_app,DayBreak,1788540711,1,0,0
h04ar64h,1,sm0ry4ut,39,trader_bridge_app,DayBreak,1788540712,4,0,0
h04ar64h,8,2eqstpu0,39,trader_bridge_app,DayBreak,1788540713,4,0,0
h04ar64h,24,18ahuxm6,12,trader_bridge_app,DayBreak,1788540713,1,0,0
h04ar64h,4,70gpk2i9,39,trader_bridge_app,DayBreak,1788540714,4,0,0
h04ar64h,20,xzwecx41,12,trader_bridge_app,DayBreak,1788540715,1,1,0
h04ar64h,20,xzwecx41,16,trader_bridge_app,ResumeTradingSession,1788540715,2,0,1
h04ar64h,21,312jd80s,16,trader_bridge_app,ResumeTradingSession,1788540715,2,0,1
h04ar64h,22,oq7csg5x,16,trader_bridge_app,ResumeTradingSession,1788540715,2,0,1
h04ar64h,23,w03fifp1,16,trader_bridge_app,ResumeTradingSession,1788540715,2,0,1
h04ar64h,24,18ahuxm6,16,trader_bridge_app,ResumeTradingSession,1788540715,2,0,1
h04ar64h,19,26cqd8wg,16,trader_bridge_app,ResumeTradingSession,1788540715,2,0,1
h04ar64h,7,wqx1o2wk,39,trader_bridge_app,DayBreak,1788540715,4,0,0
h04ar64h,2,tvxlbecc,39,trader_bridge_app,DayBreak,1788540718,4,0,0
h04ar64h,6,y51mizer,39,trader_bridge_app,DayBreak,1788540722,4,1,0
h04ar64h,1,sm0ry4ut,43,trader_bridge_app,ResumeTradingSession,1788540722,5,0,1
h04ar64h,4,70gpk2i9,43,trader_bridge_app,ResumeTradingSession,1788540722,5,0,1
h04ar64h,5,mcswnxs6,43,trader_bridge_app,ResumeTradingSession,1788540722,5,0,1
h04ar64h,6,y51mizer,43,trader_bridge_app,ResumeTradingSession,1788540722,5,0,1
h04ar64h,2,tvxlbecc,43,trader_bridge_app,ResumeTradingSession,1788540722,5,0,1
h04ar64h,3,sxp8ngu2,43,trader_bridge_app,ResumeTradingSession,1788540722,5,0,1
h04ar64h,10,74kwsfm2,39,trader_bridge_app,DayBreak,1788540727,4,1,0
h04ar64h,9,5koml6p7,39,trader_bridge_app,DayBreak,1788540727,4,1,0
h04ar64h,11,sfggcdud,39,trader_bridge_app,DayBreak,1788540727,4,1,0
h04ar64h,12,7rwcsuuk,39,trader_bridge_app,DayBreak,1788540727,4,1,0
h04ar64h,7,wqx1o2wk,43,trader_bridge_app,ResumeTradingSession,1788540727,5,0,1
h04ar64h,8,2eqstpu0,43,trader_bridge_app,ResumeTradingSession,1788540727,5,0,1
h04ar64h,9,5koml6p7,43,trader_bridge_app,ResumeTradingSession,1788540727,5,0,1
h04ar64h,10,74kwsfm2,43,trader_bridge_app,ResumeTradingSession,1788540727,5,0,1
h04ar64h,11,sfggcdud,43,trader_bridge_app,ResumeTradingSession,1788540727,5,0,1
h04ar64h,12,7rwcsuuk,43,trader_bridge_app,ResumeTradingSession,1788540727,5,0,1
h04ar64h,27,p0qjg0v3,45,trader_bridge_app,TradePage,1788540736,5,0,0
h04ar64h,25,q0dsxnk7,45,trader_bridge_app,TradePage,1788540736,5,0,0
h04ar64h,26,hib1sgxm,45,trader_bridge_app,TradePage,1788540736,5,0,0
h04ar64h,25,q0dsxnk7,46,trader_bridge_app,PauseTradingSession,1788540736,5,0,1
h04ar64h,26,hib1sgxm,46,trader_bridge_app,PauseTradingSession,1788540736,5,0,1
h04ar64h,27,p0qjg0v3,46,trader_bridge_app,PauseTradingSession,1788540736,5,0,1
h04ar64h,26,hib1sgxm,48,trader_bridge_app,DayBreak,1788540741,5,0,0
h04ar64h,27,p0qjg0v3,48,trader_bridge_app,DayBreak,1788540748,5,0,0
h04ar64h,25,q0dsxnk7,48,trader_bridge_app,DayBreak,1788540750,5,0,0
h04ar64h,25,q0dsxnk7,52,trader_bridge_app,ResumeTradingSession,1788540750,6,0,1
h04ar64h,26,hib1sgxm,52,trader_bridge_app,ResumeTradingSession,1788540750,6,0,1
h04ar64h,27,p0qjg0v3,52,trader_bridge_app,ResumeTradingSession,1788540750,6,0,1
h04ar64h,15,fpjd0ju0,45,trader_bridge_app,TradePage,1788540763,5,1,0
h04ar64h,17,shtk2vi6,45,trader_bridge_app,TradePage,1788540763,5,1,0
h04ar64h,13,gnbf58uk,45,trader_bridge_app,TradePage,1788540763,5,0,0
h04ar64h,14,gfn2r8vo,45,trader_bridge_app,TradePage,1788540763,5,0,0
h04ar64h,16,ypfasl0o,45,trader_bridge_app,TradePage,1788540763,5,0,0
h04ar64h,18,j6legxhq,45,trader_bridge_app,TradePage,1788540763,5,0,0
h04ar64h,15,fpjd0ju0,46,trader_bridge_app,PauseTradingSession,1788540764,5,0,1
h04ar64h,13,gnbf58uk,46,trader_bridge_app,PauseTradingSession,1788540764,5,0,1
h04ar64h,14,gfn2r8vo,46,trader_bridge_app,PauseTradingSession,1788540764,5,0,1
h04ar64h,16,ypfasl0o,46,trader_bridge_app,PauseTradingSession,1788540764,5,0,1
h04ar64h,17,shtk2vi6,46,trader_bridge_app,PauseTradingSession,1788540764,5,0,1
h04ar64h,18,j6legxhq,46,trader_bridge_app,PauseTradingSession,1788540764,5,0,1
h04ar64h,17,shtk2vi6,48,trader_bridge_app,DayBreak,1788540768,5,0,0
h04ar64h,14,gfn2r8vo,48,trader_bridge_app,DayBreak,1788540769,5,0,0
h04ar64h,13,gnbf58uk,48,trader_bridge_app,DayBreak,1788540770,5,0,0
h04ar64h,16,ypfasl0o,48,trader_bridge_app,DayBreak,1788540773,5,0,0
h04ar64h,20,xzwecx41,18,trader_bridge_app,TradePage,1788540776,2,0,0
h04ar64h,24,18ahuxm6,18,trader_bridge_app,TradePage,1788540776,2,0,0
h04ar64h,23,w03fifp1,18,trader_bridge_app,TradePage,1788540776,2,0,0
h04ar64h,18,j6legxhq,48,trader_bridge_app,DayBreak,1788540777,5,0,0
h04ar64h,21,312jd80s,18,trader_bridge_app,TradePage,1788540779,2,0,0
h04ar64h,22,oq7csg5x,18,trader_bridge_app,TradePage,1788540779,2,0,0
h04ar64h,19,26cqd8wg,18,trader_bridge_app,TradePage,1788540779,2,0,0
h04ar64h,19,26cqd8wg,19,trader_bridge_app,PauseTradingSession,1788540779,2,0,1
h04ar64h,20,xzwecx41,19,trader_bridge_app,PauseTradingSession,1788540779,2,0,1
h04ar64h,21,312jd80s,19,trader_bridge_app,PauseTradingSession,1788540779,2,0,1
h04ar64h,22,oq7csg5x,19,trader_bridge_app,PauseTradingSession,1788540779,2,0,1
h04ar64h,23,w03fifp1,19,trader_bridge_app,PauseTradingSession,1788540779,2,0,1
h04ar64h,24,18ahuxm6,19,trader_bridge_app,PauseTradingSession,1788540779,2,0,1
h04ar64h,5,mcswnxs6,45,trader_bridge_app,TradePage,1788540783,5,0,0
h04ar64h,15,fpjd0ju0,48,trader_bridge_app,DayBreak,1788540784,5,1,0
h04ar64h,13,gnbf58uk,52,trader_bridge_app,ResumeTradingSession,1788540784,6,0,1
h04ar64h,14,gfn2r8vo,52,trader_bridge_app,ResumeTradingSession,1788540784,6,0,1
h04ar64h,15,fpjd0ju0,52,trader_bridge_app,ResumeTradingSession,1788540784,6,0,1
h04ar64h,16,ypfasl0o,52,trader_bridge_app,ResumeTradingSession,1788540784,6,0,1
h04ar64h,17,shtk2vi6,52,trader_bridge_app,ResumeTradingSession,1788540784,6,0,1
h04ar64h,18,j6legxhq,52,trader_bridge_app,ResumeTradingSession,1788540784,6,0,1
h04ar64h,19,26cqd8wg,21,trader_bridge_app,DayBreak,1788540785,2,0,0
h04ar64h,22,oq7csg5x,21,trader_bridge_app,DayBreak,1788540785,2,0,0
h04ar64h,24,18ahuxm6,21,trader_bridge_app,DayBreak,1788540787,2,0,0
h04ar64h,4,70gpk2i9,45,trader_bridge_app,TradePage,1788540788,5,0,0
h04ar64h,2,tvxlbecc,45,trader_bridge_app,TradePage,1788540788,5,0,0
h04ar64h,3,sxp8ngu2,45,trader_bridge_app,TradePage,1788540788,5,0,0
h04ar64h,6,y51mizer,45,trader_bridge_app,TradePage,1788540788,5,0,0
h04ar64h,1,sm0ry4ut,45,trader_bridge_app,TradePage,1788540788,5,0,0
h04ar64h,1,sm0ry4ut,46,trader_bridge_app,PauseTradingSession,1788540788,5,0,1
h04ar64h,2,tvxlbecc,46,trader_bridge_app,PauseTradingSession,1788540788,5,0,1
h04ar64h,3,sxp8ngu2,46,trader_bridge_app,PauseTradingSession,1788540788,5,0,1
h04ar64h,4,70gpk2i9,46,trader_bridge_app,PauseTradingSession,1788540788,5,0,1
h04ar64h,5,mcswnxs6,46,trader_bridge_app,PauseTradingSession,1788540788,5,0,1
h04ar64h,6,y51mizer,46,trader_bridge_app,PauseTradingSession,1788540788,5,0,1
h04ar64h,23,w03fifp1,21,trader_bridge_app,DayBreak,1788540789,2,0,0
h04ar64h,10,74kwsfm2,45,trader_bridge_app,TradePage,1788540790,5,0,0
h04ar64h,9,5koml6p7,45,trader_bridge_app,TradePage,1788540790,5,0,0
h04ar64h,11,sfggcdud,45,trader_bridge_app,TradePage,1788540790,5,0,0
h04ar64h,12,7rwcsuuk,45,trader_bridge_app,TradePage,1788540790,5,0,0
h04ar64h,7,wqx1o2wk,45,trader_bridge_app,TradePage,1788540790,5,0,0
h04ar64h,8,2eqstpu0,45,trader_bridge_app,TradePage,1788540790,5,0,0
h04ar64h,8,2eqstpu0,46,trader_bridge_app,PauseTradingSession,1788540791,5,0,1
h04ar64h,9,5koml6p7,46,trader_bridge_app,PauseTradingSession,1788540791,5,0,1
h04ar64h,10,74kwsfm2,46,trader_bridge_app,PauseTradingSession,1788540791,5,0,1
h04ar64h,11,sfggcdud,46,trader_bridge_app,PauseTradingSession,1788540791,5,0,1
h04ar64h,12,7rwcsuuk,46,trader_bridge_app,PauseTradingSession,1788540791,5,0,1
h04ar64h,7,wqx1o2wk,46,trader_bridge_app,PauseTradingSession,1788540791,5,0,1
h04ar64h,3,sxp8ngu2,48,trader_bridge_app,DayBreak,1788540792,5,0,0
h04ar64h,20,xzwecx41,21,trader_bridge_app,DayBreak,1788540792,2,0,0
h04ar64h,21,312jd80s,21,trader_bridge_app,DayBreak,1788540795,2,0,0
h04ar64h,20,xzwecx41,25,trader_bridge_app,ResumeTradingSession,1788540795,3,0,1
h04ar64h,21,312jd80s,25,trader_bridge_app,ResumeTradingSession,1788540795,3,0,1
h04ar64h,22,oq7csg5x,25,trader_bridge_app,ResumeTradingSession,1788540795,3,0,1
h04ar64h,23,w03fifp1,25,trader_bridge_app,ResumeTradingSession,1788540795,3,0,1
h04ar64h,24,18ahuxm6,25,trader_bridge_app,ResumeTradingSession,1788540795,3,0,1
h04ar64h,19,26cqd8wg,25,trader_bridge_app,ResumeTradingSession,1788540795,3,0,1
h04ar64h,4,70gpk2i9,48,trader_bridge_app,DayBreak,1788540797,5,0,0
h04ar64h,8,2eqstpu0,48,trader_bridge_app,DayBreak,1788540800,5,0,0
h04ar64h,2,tvxlbecc,48,trader_bridge_app,DayBreak,1788540801,5,0,0
h04ar64h,7,wqx1o2wk,48,trader_bridge_app,DayBreak,1788540804,5,0,0
h04ar64h,6,y51mizer,48,trader_bridge_app,DayBreak,1788540805,5,0,0
h04ar64h,12,7rwcsuuk,48,trader_bridge_app,DayBreak,1788540806,5,0,0
h04ar64h,10,74kwsfm2,48,trader_bridge_app,DayBreak,1788540807,5,0,0
h04ar64h,21,312jd80s,27,trader_bridge_app,TradePage,1788540864,3,1,0
h04ar64h,19,26cqd8wg,27,trader_bridge_app,TradePage,1788540864,3,1,0
h04ar64h,20,xzwecx41,27,trader_bridge_app,TradePage,1788540864,3,1,0
h04ar64h,23,w03fifp1,27,trader_bridge_app,TradePage,1788540864,3,1,0
h04ar64h,24,18ahuxm6,27,trader_bridge_app,TradePage,1788540864,3,1,0
h04ar64h,14,gfn2r8vo,54,trader_bridge_app,TradePage,1788540864,6,1,0
h04ar64h,13,gnbf58uk,55,trader_bridge_app,PauseTradingSession,1788540865,6,0,1
h04ar64h,14,gfn2r8vo,55,trader_bridge_app,PauseTradingSession,1788540865,6,0,1
h04ar64h,15,fpjd0ju0,55,trader_bridge_app,PauseTradingSession,1788540865,6,0,1
h04ar64h,16,ypfasl0o,55,trader_bridge_app,PauseTradingSession,1788540865,6,0,1
h04ar64h,17,shtk2vi6,55,trader_bridge_app,PauseTradingSession,1788540865,6,0,1
h04ar64h,18,j6legxhq,55,trader_bridge_app,PauseTradingSession,1788540865,6,0,1
h04ar64h,22,oq7csg5x,27,trader_bridge_app,TradePage,1788540866,3,0,0
h04ar64h,19,26cqd8wg,29,trader_bridge_app,FinalizeTradingSession,1788540866,3,0,1
h04ar64h,20,xzwecx41,29,trader_bridge_app,FinalizeTradingSession,1788540866,3,0,1
h04ar64h,21,312jd80s,29,trader_bridge_app,FinalizeTradingSession,1788540866,3,0,1
h04ar64h,22,oq7csg5x,29,trader_bridge_app,FinalizeTradingSession,1788540866,3,0,1
h04ar64h,23,w03fifp1,29,trader_bridge_app,FinalizeTradingSession,1788540866,3,0,1
h04ar64h,24,18ahuxm6,29,trader_bridge_app,FinalizeTradingSession,1788540866,3,0,1
h04ar64h,22,oq7csg5x,30,trader_bridge_app,DayBreak,1788540874,3,0,0
h04ar64h,22,oq7csg5x,32,trader_bridge_app,MarketTransition,1788540877,3,0,0
h04ar64h,11,sfggcdud,54,trader_bridge_app,TradePage,1788540878,6,0,0
h04ar64h,24,18ahuxm6,30,trader_bridge_app,DayBreak,1788540881,3,0,0
h04ar64h,19,26cqd8wg,30,trader_bridge_app,DayBreak,1788540882,3,0,0
h04ar64h,10,74kwsfm2,54,trader_bridge_app,TradePage,1788540883,6,0,0
h04ar64h,14,gfn2r8vo,57,trader_bridge_app,DayBreak,1788540884,6,0,0
h04ar64h,17,shtk2vi6,57,trader_bridge_app,DayBreak,1788540886,6,0,0
h04ar64h,18,j6legxhq,57,trader_bridge_app,DayBreak,1788540887,6,0,0
h04ar64h,5,mcswnxs6,54,trader_bridge_app,TradePage,1788540887,6,0,0
h04ar64h,13,gnbf58uk,57,trader_bridge_app,DayBreak,1788540887,6,1,0
h04ar64h,7,wqx1o2wk,54,trader_bridge_app,TradePage,1788540887,6,0,0
h04ar64h,8,2eqstpu0,54,trader_bridge_app,TradePage,1788540888,6,0,0
h04ar64h,9,5koml6p7,54,trader_bridge_app,TradePage,1788540888,6,0,0
h04ar64h,4,70gpk2i9,54,trader_bridge_app,TradePage,1788540888,6,0,0
h04ar64h,12,7rwcsuuk,54,trader_bridge_app,TradePage,1788540888,6,0,0
h04ar64h,23,w03fifp1,30,trader_bridge_app,DayBreak,1788540888,3,0,0
h04ar64h,7,wqx1o2wk,55,trader_bridge_app,PauseTradingSession,1788540888,6,0,1
h04ar64h,8,2eqstpu0,55,trader_bridge_app,PauseTradingSession,1788540888,6,0,1
h04ar64h,9,5koml6p7,55,trader_bridge_app,PauseTradingSession,1788540888,6,0,1
h04ar64h,10,74kwsfm2,55,trader_bridge_app,PauseTradingSession,1788540888,6,0,1
h04ar64h,11,sfggcdud,55,trader_bridge_app,PauseTradingSession,1788540888,6,0,1
h04ar64h,12,7rwcsuuk,55,trader_bridge_app,PauseTradingSession,1788540888,6,0,1
h04ar64h,6,y51mizer,54,trader_bridge_app,TradePage,1788540891,6,0,0
h04ar64h,1,sm0ry4ut,54,trader_bridge_app,TradePage,1788540891,6,0,0
h04ar64h,20,xzwecx41,30,trader_bridge_app,DayBreak,1788540893,3,1,0
h04ar64h,2,tvxlbecc,54,trader_bridge_app,TradePage,1788540894,6,0,0
h04ar64h,15,fpjd0ju0,57,trader_bridge_app,DayBreak,1788540897,6,1,0
h04ar64h,21,312jd80s,30,trader_bridge_app,DayBreak,1788540897,3,1,0
h04ar64h,16,ypfasl0o,57,trader_bridge_app,DayBreak,1788540897,6,1,0
h04ar64h,13,gnbf58uk,61,trader_bridge_app,ResumeTradingSession,1788540898,7,0,1
h04ar64h,14,gfn2r8vo,61,trader_bridge_app,ResumeTradingSession,1788540898,7,0,1
h04ar64h,15,fpjd0ju0,61,trader_bridge_app,ResumeTradingSession,1788540898,7,0,1
h04ar64h,16,ypfasl0o,61,trader_bridge_app,ResumeTradingSession,1788540898,7,0,1
h04ar64h,17,shtk2vi6,61,trader_bridge_app,ResumeTradingSession,1788540898,7,0,1
h04ar64h,18,j6legxhq,61,trader_bridge_app,ResumeTradingSession,1788540898,7,0,1
h04ar64h,3,sxp8ngu2,54,trader_bridge_app,TradePage,1788540898,6,0,0
h04ar64h,2,tvxlbecc,55,trader_bridge_app,PauseTradingSession,1788540898,6,0,1
h04ar64h,3,sxp8ngu2,55,trader_bridge_app,PauseTradingSession,1788540898,6,0,1
h04ar64h,4,70gpk2i9,55,trader_bridge_app,PauseTradingSession,1788540898,6,0,1
h04ar64h,5,mcswnxs6,55,trader_bridge_app,PauseTradingSession,1788540898,6,0,1
h04ar64h,6,y51mizer,55,trader_bridge_app,PauseTradingSession,1788540898,6,0,1
h04ar64h,1,sm0ry4ut,55,trader_bridge_app,PauseTradingSession,1788540898,6,0,1
h04ar64h,20,xzwecx41,32,trader_bridge_app,MarketTransition,1788540904,3,0,0
h04ar64h,7,wqx1o2wk,57,trader_bridge_app,DayBreak,1788540905,6,0,0
h04ar64h,21,312jd80s,32,trader_bridge_app,MarketTransition,1788540908,3,0,0
h04ar64h,12,7rwcsuuk,57,trader_bridge_app,DayBreak,1788540909,6,1,0
h04ar64h,9,5koml6p7,57,trader_bridge_app,DayBreak,1788540909,6,1,0
h04ar64h,8,2eqstpu0,57,trader_bridge_app,DayBreak,1788540909,6,1,0
h04ar64h,10,74kwsfm2,57,trader_bridge_app,DayBreak,1788540909,6,1,0
h04ar64h,11,sfggcdud,57,trader_bridge_app,DayBreak,1788540909,6,1,0
h04ar64h,7,wqx1o2wk,61,trader_bridge_app,ResumeTradingSession,1788540909,7,0,1
h04ar64h,8,2eqstpu0,61,trader_bridge_app,ResumeTradingSession,1788540909,7,0,1
h04ar64h,9,5koml6p7,61,trader_bridge_app,ResumeTradingSession,1788540909,7,0,1
h04ar64h,10,74kwsfm2,61,trader_bridge_app,ResumeTradingSession,1788540909,7,0,1
h04ar64h,11,sfggcdud,61,trader_bridge_app,ResumeTradingSession,1788540909,7,0,1
h04ar64h,12,7rwcsuuk,61,trader_bridge_app,ResumeTradingSession,1788540909,7,0,1
h04ar64h,27,p0qjg0v3,63,trader_bridge_app,TradePage,1788540910,7,0,0
h04ar64h,25,q0dsxnk7,63,trader_bridge_app,TradePage,1788540912,7,0,0
h04ar64h,23,w03fifp1,32,trader_bridge_app,MarketTransition,1788540912,3,0,0
h04ar64h,24,18ahuxm6,32,trader_bridge_app,MarketTransition,1788540913,3,0,0
h04ar64h,3,sxp8ngu2,57,trader_bridge_app,DayBreak,1788540918,6,0,0
h04ar64h,2,tvxlbecc,57,trader_bridge_app,DayBreak,1788540919,6,0,0
h04ar64h,6,y51mizer,57,trader_bridge_app,DayBreak,1788540919,6,1,0
h04ar64h,5,mcswnxs6,57,trader_bridge_app,DayBreak,1788540919,6,1,0
h04ar64h,4,70gpk2i9,57,trader_bridge_app,DayBreak,1788540919,6,1,0
h04ar64h,1,sm0ry4ut,57,trader_bridge_app,DayBreak,1788540919,6,1,0
h04ar64h,1,sm0ry4ut,61,trader_bridge_app,ResumeTradingSession,1788540919,7,0,1
h04ar64h,2,tvxlbecc,61,trader_bridge_app,ResumeTradingSession,1788540919,7,0,1
h04ar64h,3,sxp8ngu2,61,trader_bridge_app,ResumeTradingSession,1788540919,7,0,1
h04ar64h,4,70gpk2i9,61,trader_bridge_app,ResumeTradingSession,1788540919,7,0,1
h04ar64h,5,mcswnxs6,61,trader_bridge_app,ResumeTradingSession,1788540919,7,0,1
h04ar64h,6,y51mizer,61,trader_bridge_app,ResumeTradingSession,1788540919,7,0,1
h04ar64h,26,hib1sgxm,63,trader_bridge_app,TradePage,1788540921,7,0,0
h04ar64h,25,q0dsxnk7,64,trader_bridge_app,PauseTradingSession,1788540921,7,0,1
h04ar64h,26,hib1sgxm,64,trader_bridge_app,PauseTradingSession,1788540921,7,0,1
h04ar64h,27,p0qjg0v3,64,trader_bridge_app,PauseTradingSession,1788540921,7,0,1
h04ar64h,25,q0dsxnk7,66,trader_bridge_app,DayBreak,1788540928,7,0,0
h04ar64h,27,p0qjg0v3,66,trader_bridge_app,DayBreak,1788540931,7,0,0
h04ar64h,26,hib1sgxm,66,trader_bridge_app,DayBreak,1788540931,7,0,0
h04ar64h,25,q0dsxnk7,70,trader_bridge_app,ResumeTradingSession,1788540931,8,0,1
h04ar64h,26,hib1sgxm,70,trader_bridge_app,ResumeTradingSession,1788540931,8,0,1
h04ar64h,27,p0qjg0v3,70,trader_bridge_app,ResumeTradingSession,1788540931,8,0,1
h04ar64h,19,26cqd8wg,32,trader_bridge_app,MarketTransition,1788540947,3,0,0
h04ar64h,19,26cqd8wg,33,trader_bridge_app,SyncTradingSession,1788540947,4,0,1
h04ar64h,20,xzwecx41,33,trader_bridge_app,SyncTradingSession,1788540947,4,0,1
h04ar64h,21,312jd80s,33,trader_bridge_app,SyncTradingSession,1788540947,4,0,1
h04ar64h,22,oq7csg5x,33,trader_bridge_app,SyncTradingSession,1788540947,4,0,1
h04ar64h,23,w03fifp1,33,trader_bridge_app,SyncTradingSession,1788540947,4,0,1
h04ar64h,24,18ahuxm6,33,trader_bridge_app,SyncTradingSession,1788540947,4,0,1
h04ar64h,19,26cqd8wg,34,trader_bridge_app,ResumeTradingSession,1788540947,4,0,1
h04ar64h,20,xzwecx41,34,trader_bridge_app,ResumeTradingSession,1788540947,4,0,1
h04ar64h,21,312jd80s,34,trader_bridge_app,ResumeTradingSession,1788540947,4,0,1
h04ar64h,22,oq7csg5x,34,trader_bridge_app,ResumeTradingSession,1788540947,4,0,1
h04ar64h,23,w03fifp1,34,trader_bridge_app,ResumeTradingSession,1788540947,4,0,1
h04ar64h,24,18ahuxm6,34,trader_bridge_app,ResumeTradingSession,1788540947,4,0,1
h04ar64h,18,j6legxhq,63,trader_bridge_app,TradePage,1788540964,7,0,0
h04ar64h,14,gfn2r8vo,63,trader_bridge_app,TradePage,1788540964,7,0,0
h04ar64h,17,shtk2vi6,63,trader_bridge_app,TradePage,1788540964,7,0,0
h04ar64h,16,ypfasl0o,63,trader_bridge_app,TradePage,1788540964,7,0,0
h04ar64h,13,gnbf58uk,63,trader_bridge_app,TradePage,1788540964,7,0,0
h04ar64h,15,fpjd0ju0,63,trader_bridge_app,TradePage,1788540965,7,0,0
h04ar64h,13,gnbf58uk,64,trader_bridge_app,PauseTradingSession,1788540966,7,0,1
h04ar64h,14,gfn2r8vo,64,trader_bridge_app,PauseTradingSession,1788540966,7,0,1
h04ar64h,15,fpjd0ju0,64,trader_bridge_app,PauseTradingSession,1788540966,7,0,1
h04ar64h,16,ypfasl0o,64,trader_bridge_app,PauseTradingSession,1788540966,7,0,1
h04ar64h,17,shtk2vi6,64,trader_bridge_app,PauseTradingSession,1788540966,7,0,1
h04ar64h,18,j6legxhq,64,trader_bridge_app,PauseTradingSession,1788540966,7,0,1
h04ar64h,15,fpjd0ju0,66,trader_bridge_app,DayBreak,1788540974,7,0,0
h04ar64h,10,74kwsfm2,63,trader_bridge_app,TradePage,1788540976,7,0,0
h04ar64h,9,5koml6p7,63,trader_bridge_app,TradePage,1788540976,7,0,0
h04ar64h,7,wqx1o2wk,63,trader_bridge_app,TradePage,1788540976,7,0,0
h04ar64h,8,2eqstpu0,63,trader_bridge_app,TradePage,1788540976,7,0,0
h04ar64h,11,sfggcdud,63,trader_bridge_app,TradePage,1788540976,7,0,0
h04ar64h,12,7rwcsuuk,63,trader_bridge_app,TradePage,1788540977,7,1,0
h04ar64h,8,2eqstpu0,64,trader_bridge_app,PauseTradingSession,1788540977,7,0,1
h04ar64h,9,5koml6p7,64,trader_bridge_app,PauseTradingSession,1788540977,7,0,1
h04ar64h,10,74kwsfm2,64,trader_bridge_app,PauseTradingSession,1788540977,7,0,1
h04ar64h,11,sfggcdud,64,trader_bridge_app,PauseTradingSession,1788540977,7,0,1
h04ar64h,12,7rwcsuuk,64,trader_bridge_app,PauseTradingSession,1788540977,7,0,1
h04ar64h,7,wqx1o2wk,64,trader_bridge_app,PauseTradingSession,1788540977,7,0,1
h04ar64h,17,shtk2vi6,66,trader_bridge_app,DayBreak,1788540979,7,0,0
h04ar64h,4,70gpk2i9,63,trader_bridge_app,TradePage,1788540980,7,0,0
h04ar64h,12,7rwcsuuk,66,trader_bridge_app,DayBreak,1788540981,7,0,0
h04ar64h,14,gfn2r8vo,66,trader_bridge_app,DayBreak,1788540983,7,0,0
h04ar64h,13,gnbf58uk,66,trader_bridge_app,DayBreak,1788540985,7,0,0
h04ar64h,5,mcswnxs6,63,trader_bridge_app,TradePage,1788540985,7,0,0
h04ar64h,6,y51mizer,63,trader_bridge_app,TradePage,1788540985,7,0,0
h04ar64h,16,ypfasl0o,66,trader_bridge_app,DayBreak,1788540986,7,0,0
h04ar64h,1,sm0ry4ut,63,trader_bridge_app,TradePage,1788540986,7,0,0
h04ar64h,3,sxp8ngu2,63,trader_bridge_app,TradePage,1788540992,7,0,0
h04ar64h,2,tvxlbecc,63,trader_bridge_app,TradePage,1788540992,7,0,0
h04ar64h,1,sm0ry4ut,64,trader_bridge_app,PauseTradingSession,1788540992,7,0,1
h04ar64h,2,tvxlbecc,64,trader_bridge_app,PauseTradingSession,1788540992,7,0,1
h04ar64h,3,sxp8ngu2,64,trader_bridge_app,PauseTradingSession,1788540992,7,0,1
h04ar64h,4,70gpk2i9,64,trader_bridge_app,PauseTradingSession,1788540992,7,0,1
h04ar64h,5,mcswnxs6,64,trader_bridge_app,PauseTradingSession,1788540992,7,0,1
h04ar64h,6,y51mizer,64,trader_bridge_app,PauseTradingSession,1788540992,7,0,1
h04ar64h,26,hib1sgxm,72,trader_bridge_app,TradePage,1788540993,8,0,0
h04ar64h,8,2eqstpu0,66,trader_bridge_app,DayBreak,1788540994,7,0,0
h04ar64h,18,j6legxhq,66,trader_bridge_app,DayBreak,1788540994,7,0,0
h04ar64h,13,gnbf58uk,70,trader_bridge_app,ResumeTradingSession,1788540994,8,0,1
h04ar64h,14,gfn2r8vo,70,trader_bridge_app,ResumeTradingSession,1788540994,8,0,1
h04ar64h,15,fpjd0ju0,70,trader_bridge_app,ResumeTradingSession,1788540994,8,0,1
h04ar64h,16,ypfasl0o,70,trader_bridge_app,ResumeTradingSession,1788540994,8,0,1
h04ar64h,17,shtk2vi6,70,trader_bridge_app,ResumeTradingSession,1788540994,8,0,1
h04ar64h,18,j6legxhq,70,trader_bridge_app,ResumeTradingSession,1788540994,8,0,1
h04ar64h,3,sxp8ngu2,66,trader_bridge_app,DayBreak,1788540995,7,0,0
h04ar64h,5,mcswnxs6,66,trader_bridge_app,DayBreak,1788540996,7,0,0
h04ar64h,6,y51mizer,66,trader_bridge_app,DayBreak,1788540999,7,0,0
h04ar64h,2,tvxlbecc,66,trader_bridge_app,DayBreak,1788541000,7,0,0
h04ar64h,10,74kwsfm2,66,trader_bridge_app,DayBreak,1788541000,7,1,0
h04ar64h,11,sfggcdud,66,trader_bridge_app,DayBreak,1788541000,7,1,0
h04ar64h,4,70gpk2i9,66,trader_bridge_app,DayBreak,1788541001,7,0,0
h04ar64h,1,sm0ry4ut,66,trader_bridge_app,DayBreak,1788541002,7,0,0
h04ar64h,1,sm0ry4ut,70,trader_bridge_app,ResumeTradingSession,1788541002,8,0,1
h04ar64h,2,tvxlbecc,70,trader_bridge_app,ResumeTradingSession,1788541002,8,0,1
h04ar64h,3,sxp8ngu2,70,trader_bridge_app,ResumeTradingSession,1788541002,8,0,1
h04ar64h,4,70gpk2i9,70,trader_bridge_app,ResumeTradingSession,1788541002,8,0,1
h04ar64h,5,mcswnxs6,70,trader_bridge_app,ResumeTradingSession,1788541002,8,0,1
h04ar64h,6,y51mizer,70,trader_bridge_app,ResumeTradingSession,1788541002,8,0,1
h04ar64h,25,q0dsxnk7,72,trader_bridge_app,TradePage,1788541004,8,0,0
h04ar64h,27,p0qjg0v3,72,trader_bridge_app,TradePage,1788541004,8,0,0
h04ar64h,25,q0dsxnk7,73,trader_bridge_app,PauseTradingSession,1788541004,8,0,1
h04ar64h,26,hib1sgxm,73,trader_bridge_app,PauseTradingSession,1788541004,8,0,1
h04ar64h,27,p0qjg0v3,73,trader_bridge_app,PauseTradingSession,1788541004,8,0,1
h04ar64h,21,312jd80s,36,trader_bridge_app,TradePage,1788541008,4,0,0
h04ar64h,23,w03fifp1,36,trader_bridge_app,TradePage,1788541008,4,0,0
h04ar64h,24,18ahuxm6,36,trader_bridge_app,TradePage,1788541008,4,0,0
h04ar64h,20,xzwecx41,36,trader_bridge_app,TradePage,1788541008,4,0,0
h04ar64h,9,5koml6p7,66,trader_bridge_app,DayBreak,1788541008,7,0,0
h04ar64h,19,26cqd8wg,36,trader_bridge_app,TradePage,1788541009,4,0,0
h04ar64h,22,oq7csg5x,36,trader_bridge_app,TradePage,1788541010,4,0,0
h04ar64h,7,wqx1o2wk,66,trader_bridge_app,DayBreak,1788541010,7,1,0
h04ar64h,19,26cqd8wg,37,trader_bridge_app,PauseTradingSession,1788541010,4,0,1
h04ar64h,20,xzwecx41,37,trader_bridge_app,PauseTradingSession,1788541010,4,0,1
h04ar64h,21,312jd80s,37,trader_bridge_app,PauseTradingSession,1788541010,4,0,1
h04ar64h,22,oq7csg5x,37,trader_bridge_app,PauseTradingSession,1788541010,4,0,1
h04ar64h,23,w03fifp1,37,trader_bridge_app,PauseTradingSession,1788541010,4,0,1
h04ar64h,24,18ahuxm6,37,trader_bridge_app,PauseTradingSession,1788541010,4,0,1
h04ar64h,7,wqx1o2wk,70,trader_bridge_app,ResumeTradingSession,1788541010,8,0,1
h04ar64h,8,2eqstpu0,70,trader_bridge_app,ResumeTradingSession,1788541010,8,0,1
h04ar64h,9,5koml6p7,70,trader_bridge_app,ResumeTradingSession,1788541010,8,0,1
h04ar64h,10,74kwsfm2,70,trader_bridge_app,ResumeTradingSession,1788541010,8,0,1
h04ar64h,11,sfggcdud,70,trader_bridge_app,ResumeTradingSession,1788541010,8,0,1
h04ar64h,12,7rwcsuuk,70,trader_bridge_app,ResumeTradingSession,1788541010,8,0,1
h04ar64h,25,q0dsxnk7,75,trader_bridge_app,DayBreak,1788541011,8,0,0
h04ar64h,27,p0qjg0v3,75,trader_bridge_app,DayBreak,1788541013,8,0,0
h04ar64h,22,oq7csg5x,39,trader_bridge_app,DayBreak,1788541014,4,0,0
h04ar64h,26,hib1sgxm,75,trader_bridge_app,DayBreak,1788541019,8,0,0
h04ar64h,25,q0dsxnk7,79,trader_bridge_app,ResumeTradingSession,1788541019,9,0,1
h04ar64h,26,hib1sgxm,79,trader_bridge_app,ResumeTradingSession,1788541019,9,0,1
h04ar64h,27,p0qjg0v3,79,trader_bridge_app,ResumeTradingSession,1788541019,9,0,1
h04ar64h,20,xzwecx41,39,trader_bridge_app,DayBreak,1788541019,4,0,0
h04ar64h,21,312jd80s,39,trader_bridge_app,DayBreak,1788541021,4,0,0
h04ar64h,24,18ahuxm6,39,trader_bridge_app,DayBreak,1788541021,4,0,0
h04ar64h,23,w03fifp1,39,trader_bridge_app,DayBreak,1788541022,4,0,0
h04ar64h,19,26cqd8wg,39,trader_bridge_app,DayBreak,1788541022,4,0,0
h04ar64h,19,26cqd8wg,43,trader_bridge_app,ResumeTradingSession,1788541023,5,0,1
h04ar64h,20,xzwecx41,43,trader_bridge_app,ResumeTradingSession,1788541023,5,0,1
h04ar64h,21,312jd80s,43,trader_bridge_app,ResumeTradingSession,1788541023,5,0,1
h04ar64h,22,oq7csg5x,43,trader_bridge_app,ResumeTradingSession,1788541023,5,0,1
h04ar64h,23,w03fifp1,43,trader_bridge_app,ResumeTradingSession,1788541023,5,0,1
h04ar64h,24,18ahuxm6,43,trader_bridge_app,ResumeTradingSession,1788541023,5,0,1
h04ar64h,18,j6legxhq,72,trader_bridge_app,TradePage,1788541060,8,0,0
h04ar64h,13,gnbf58uk,72,trader_bridge_app,TradePage,1788541060,8,0,0
h04ar64h,16,ypfasl0o,72,trader_bridge_app,TradePage,1788541060,8,0,0
h04ar64h,17,shtk2vi6,72,trader_bridge_app,TradePage,1788541060,8,0,0
h04ar64h,15,fpjd0ju0,72,trader_bridge_app,TradePage,1788541060,8,0,0
h04ar64h,14,gfn2r8vo,72,trader_bridge_app,TradePage,1788541060,8,0,0
h04ar64h,13,gnbf58uk,73,trader_bridge_app,PauseTradingSession,1788541061,8,0,1
h04ar64h,14,gfn2r8vo,73,trader_bridge_app,PauseTradingSession,1788541061,8,0,1
h04ar64h,15,fpjd0ju0,73,trader_bridge_app,PauseTradingSession,1788541061,8,0,1
h04ar64h,16,ypfasl0o,73,trader_bridge_app,PauseTradingSession,1788541061,8,0,1
h04ar64h,17,shtk2vi6,73,trader_bridge_app,PauseTradingSession,1788541061,8,0,1
h04ar64h,18,j6legxhq,73,trader_bridge_app,PauseTradingSession,1788541061,8,0,1
h04ar64h,14,gfn2r8vo,75,trader_bridge_app,DayBreak,1788541066,8,0,0
h04ar64h,5,mcswnxs6,72,trader_bridge_app,TradePage,1788541068,8,0,0
h04ar64h,3,sxp8ngu2,72,trader_bridge_app,TradePage,1788541068,8,0,0
h04ar64h,1,sm0ry4ut,72,trader_bridge_app,TradePage,1788541068,8,0,0
h04ar64h,7,wqx1o2wk,72,trader_bridge_app,TradePage,1788541072,8,0,0
h04ar64h,8,2eqstpu0,72,trader_bridge_app,TradePage,1788541072,8,0,0
h04ar64h,12,7rwcsuuk,72,trader_bridge_app,TradePage,1788541072,8,0,0
h04ar64h,11,sfggcdud,72,trader_bridge_app,TradePage,1788541072,8,0,0
h04ar64h,13,gnbf58uk,75,trader_bridge_app,DayBreak,1788541073,8,0,0
h04ar64h,2,tvxlbecc,72,trader_bridge_app,TradePage,1788541073,8,0,0
h04ar64h,6,y51mizer,72,trader_bridge_app,TradePage,1788541073,8,0,0
h04ar64h,4,70gpk2i9,72,trader_bridge_app,TradePage,1788541075,8,0,0
h04ar64h,2,tvxlbecc,73,trader_bridge_app,PauseTradingSession,1788541075,8,0,1
h04ar64h,3,sxp8ngu2,73,trader_bridge_app,PauseTradingSession,1788541075,8,0,1
h04ar64h,4,70gpk2i9,73,trader_bridge_app,PauseTradingSession,1788541075,8,0,1
h04ar64h,5,mcswnxs6,73,trader_bridge_app,PauseTradingSession,1788541075,8,0,1
h04ar64h,6,y51mizer,73,trader_bridge_app,PauseTradingSession,1788541075,8,0,1
h04ar64h,1,sm0ry4ut,73,trader_bridge_app,PauseTradingSession,1788541075,8,0,1
h04ar64h,9,5koml6p7,72,trader_bridge_app,TradePage,1788541076,8,0,0
h04ar64h,17,shtk2vi6,75,trader_bridge_app,DayBreak,1788541076,8,0,0
h04ar64h,16,ypfasl0o,75,trader_bridge_app,DayBreak,1788541078,8,0,0
h04ar64h,5,mcswnxs6,75,trader_bridge_app,DayBreak,1788541078,8,0,0
h04ar64h,6,y51mizer,75,trader_bridge_app,DayBreak,1788541079,8,0,0
h04ar64h,27,p0qjg0v3,81,trader_bridge_app,TradePage,1788541079,9,0,0
h04ar64h,26,hib1sgxm,81,trader_bridge_app,TradePage,1788541080,9,0,0
h04ar64h,25,q0dsxnk7,81,trader_bridge_app,TradePage,1788541080,9,0,0
h04ar64h,25,q0dsxnk7,82,trader_bridge_app,PauseTradingSession,1788541080,9,0,1
h04ar64h,26,hib1sgxm,82,trader_bridge_app,PauseTradingSession,1788541080,9,0,1
h04ar64h,27,p0qjg0v3,82,trader_bridge_app,PauseTradingSession,1788541080,9,0,1
h04ar64h,10,74kwsfm2,72,trader_bridge_app,TradePage,1788541080,8,0,0
h04ar64h,7,wqx1o2wk,73,trader_bridge_app,PauseTradingSession,1788541080,8,0,1
h04ar64h,8,2eqstpu0,73,trader_bridge_app,PauseTradingSession,1788541080,8,0,1
h04ar64h,11,sfggcdud,73,trader_bridge_app,PauseTradingSession,1788541080,8,0,1
h04ar64h,12,7rwcsuuk,73,trader_bridge_app,PauseTradingSession,1788541080,8,0,1
h04ar64h,9,5koml6p7,73,trader_bridge_app,PauseTradingSession,1788541080,8,0,1
h04ar64h,10,74kwsfm2,73,trader_bridge_app,PauseTradingSession,1788541080,8,0,1
h04ar64h,18,j6legxhq,75,trader_bridge_app,DayBreak,1788541081,8,0,0
h04ar64h,15,fpjd0ju0,75,trader_bridge_app,DayBreak,1788541081,8,1,0
h04ar64h,18,j6legxhq,79,trader_bridge_app,ResumeTradingSession,1788541081,9,0,1
h04ar64h,13,gnbf58uk,79,trader_bridge_app,ResumeTradingSession,1788541081,9,0,1
h04ar64h,14,gfn2r8vo,79,trader_bridge_app,ResumeTradingSession,1788541081,9,0,1
h04ar64h,15,fpjd0ju0,79,trader_bridge_app,ResumeTradingSession,1788541081,9,0,1
h04ar64h,16,ypfasl0o,79,trader_bridge_app,ResumeTradingSession,1788541081,9,0,1
h04ar64h,17,shtk2vi6,79,trader_bridge_app,ResumeTradingSession,1788541081,9,0,1
h04ar64h,4,70gpk2i9,75,trader_bridge_app,DayBreak,1788541081,8,0,0
h04ar64h,1,sm0ry4ut,75,trader_bridge_app,DayBreak,1788541082,8,0,0
h04ar64h,3,sxp8ngu2,75,trader_bridge_app,DayBreak,1788541082,8,0,0
h04ar64h,19,26cqd8wg,45,trader_bridge_app,TradePage,1788541083,5,0,0
h04ar64h,20,xzwecx41,45,trader_bridge_app,TradePage,1788541083,5,0,0
h04ar64h,2,tvxlbecc,75,trader_bridge_app,DayBreak,1788541083,8,0,0
h04ar64h,22,oq7csg5x,45,trader_bridge_app,TradePage,1788541083,5,0,0
h04ar64h,3,sxp8ngu2,79,trader_bridge_app,ResumeTradingSession,1788541084,9,0,1
h04ar64h,4,70gpk2i9,79,trader_bridge_app,ResumeTradingSession,1788541084,9,0,1
h04ar64h,5,mcswnxs6,79,trader_bridge_app,ResumeTradingSession,1788541084,9,0,1
h04ar64h,6,y51mizer,79,trader_bridge_app,ResumeTradingSession,1788541084,9,0,1
h04ar64h,1,sm0ry4ut,79,trader_bridge_app,ResumeTradingSession,1788541084,9,0,1
h04ar64h,2,tvxlbecc,79,trader_bridge_app,ResumeTradingSession,1788541084,9,0,1
h04ar64h,9,5koml6p7,75,trader_bridge_app,DayBreak,1788541084,8,0,0
h04ar64h,12,7rwcsuuk,75,trader_bridge_app,DayBreak,1788541084,8,0,0
h04ar64h,11,sfggcdud,75,trader_bridge_app,DayBreak,1788541087,8,0,0
h04ar64h,8,2eqstpu0,75,trader_bridge_app,DayBreak,1788541087,8,0,0
h04ar64h,7,wqx1o2wk,75,trader_bridge_app,DayBreak,1788541090,8,0,0
h04ar64h,25,q0dsxnk7,84,trader_bridge_app,DayBreak,1788541092,9,0,0
h04ar64h,21,312jd80s,45,trader_bridge_app,TradePage,1788541096,5,0,0
h04ar64h,23,w03fifp1,45,trader_bridge_app,TradePage,1788541096,5,0,0
h04ar64h,24,18ahuxm6,45,trader_bridge_app,TradePage,1788541096,5,0,0
h04ar64h,19,26cqd8wg,46,trader_bridge_app,PauseTradingSession,1788541096,5,0,1
h04ar64h,20,xzwecx41,46,trader_bridge_app,PauseTradingSession,1788541096,5,0,1
h04ar64h,21,312jd80s,46,trader_bridge_app,PauseTradingSession,1788541096,5,0,1
h04ar64h,22,oq7csg5x,46,trader_bridge_app,PauseTradingSession,1788541096,5,0,1
h04ar64h,23,w03fifp1,46,trader_bridge_app,PauseTradingSession,1788541096,5,0,1
h04ar64h,24,18ahuxm6,46,trader_bridge_app,PauseTradingSession,1788541096,5,0,1
h04ar64h,27,p0qjg0v3,84,trader_bridge_app,DayBreak,1788541098,9,0,0
h04ar64h,19,26cqd8wg,48,trader_bridge_app,DayBreak,1788541100,5,0,0
h04ar64h,26,hib1sgxm,84,trader_bridge_app,DayBreak,1788541100,9,1,0
h04ar64h,25,q0dsxnk7,88,trader_bridge_app,ResumeTradingSession,1788541100,10,0,1
h04ar64h,26,hib1sgxm,88,trader_bridge_app,ResumeTradingSession,1788541100,10,0,1
h04ar64h,27,p0qjg0v3,88,trader_bridge_app,ResumeTradingSession,1788541100,10,0,1
h04ar64h,10,74kwsfm2,75,trader_bridge_app,DayBreak,1788541101,8,1,0
h04ar64h,7,wqx1o2wk,79,trader_bridge_app,ResumeTradingSession,1788541101,9,0,1
h04ar64h,8,2eqstpu0,79,trader_bridge_app,ResumeTradingSession,1788541101,9,0,1
h04ar64h,9,5koml6p7,79,trader_bridge_app,ResumeTradingSession,1788541101,9,0,1
h04ar64h,10,74kwsfm2,79,trader_bridge_app,ResumeTradingSession,1788541101,9,0,1
h04ar64h,11,sfggcdud,79,trader_bridge_app,ResumeTradingSession,1788541101,9,0,1
h04ar64h,12,7rwcsuuk,79,trader_bridge_app,ResumeTradingSession,1788541101,9,0,1
h04ar64h,24,18ahuxm6,48,trader_bridge_app,DayBreak,1788541102,5,0,0
h04ar64h,22,oq7csg5x,48,trader_bridge_app,DayBreak,1788541103,5,0,0
h04ar64h,20,xzwecx41,48,trader_bridge_app,DayBreak,1788541104,5,0,0
h04ar64h,23,w03fifp1,48,trader_bridge_app,DayBreak,1788541109,5,0,0
h04ar64h,21,312jd80s,48,trader_bridge_app,DayBreak,1788541114,5,0,0
h04ar64h,19,26cqd8wg,52,trader_bridge_app,ResumeTradingSession,1788541114,6,0,1
h04ar64h,20,xzwecx41,52,trader_bridge_app,ResumeTradingSession,1788541114,6,0,1
h04ar64h,21,312jd80s,52,trader_bridge_app,ResumeTradingSession,1788541114,6,0,1
h04ar64h,22,oq7csg5x,52,trader_bridge_app,ResumeTradingSession,1788541114,6,0,1
h04ar64h,23,w03fifp1,52,trader_bridge_app,ResumeTradingSession,1788541114,6,0,1
h04ar64h,24,18ahuxm6,52,trader_bridge_app,ResumeTradingSession,1788541114,6,0,1
h04ar64h,15,fpjd0ju0,81,trader_bridge_app,TradePage,1788541143,9,0,0
h04ar64h,16,ypfasl0o,81,trader_bridge_app,TradePage,1788541143,9,0,0
h04ar64h,14,gfn2r8vo,81,trader_bridge_app,TradePage,1788541143,9,0,0
h04ar64h,13,gnbf58uk,81,trader_bridge_app,TradePage,1788541143,9,0,0
h04ar64h,18,j6legxhq,81,trader_bridge_app,TradePage,1788541144,9,0,0
h04ar64h,17,shtk2vi6,81,trader_bridge_app,TradePage,1788541144,9,0,0
h04ar64h,13,gnbf58uk,82,trader_bridge_app,PauseTradingSession,1788541144,9,0,1
h04ar64h,14,gfn2r8vo,82,trader_bridge_app,PauseTradingSession,1788541144,9,0,1
h04ar64h,15,fpjd0ju0,82,trader_bridge_app,PauseTradingSession,1788541144,9,0,1
h04ar64h,16,ypfasl0o,82,trader_bridge_app,PauseTradingSession,1788541144,9,0,1
h04ar64h,17,shtk2vi6,82,trader_bridge_app,PauseTradingSession,1788541144,9,0,1
h04ar64h,18,j6legxhq,82,trader_bridge_app,PauseTradingSession,1788541144,9,0,1
h04ar64h,5,mcswnxs6,81,trader_bridge_app,TradePage,1788541145,9,0,0
h04ar64h,2,tvxlbecc,81,trader_bridge_app,TradePage,1788541145,9,0,0
h04ar64h,3,sxp8ngu2,81,trader_bridge_app,TradePage,1788541145,9,0,0
h04ar64h,4,70gpk2i9,81,trader_bridge_app,TradePage,1788541145,9,0,0
h04ar64h,1,sm0ry4ut,81,trader_bridge_app,TradePage,1788541145,9,0,0
h04ar64h,6,y51mizer,81,trader_bridge_app,TradePage,1788541145,9,0,0
h04ar64h,4,70gpk2i9,82,trader_bridge_app,PauseTradingSession,1788541146,9,0,1
h04ar64h,5,mcswnxs6,82,trader_bridge_app,PauseTradingSession,1788541146,9,0,1
h04ar64h,6,y51mizer,82,trader_bridge_app,PauseTradingSession,1788541146,9,0,1
h04ar64h,3,sxp8ngu2,82,trader_bridge_app,PauseTradingSession,1788541146,9,0,1
h04ar64h,1,sm0ry4ut,82,trader_bridge_app,PauseTradingSession,1788541146,9,0,1
h04ar64h,2,tvxlbecc,82,trader_bridge_app,PauseTradingSession,1788541146,9,0,1
h04ar64h,17,shtk2vi6,84,trader_bridge_app,DayBreak,1788541151,9,0,0
h04ar64h,18,j6legxhq,84,trader_bridge_app,DayBreak,1788541155,9,0,0
h04ar64h,14,gfn2r8vo,84,trader_bridge_app,DayBreak,1788541157,9,0,0
h04ar64h,4,70gpk2i9,84,trader_bridge_app,DayBreak,1788541157,9,0,0
h04ar64h,3,sxp8ngu2,84,trader_bridge_app,DayBreak,1788541159,9,0,0
h04ar64h,2,tvxlbecc,84,trader_bridge_app,DayBreak,1788541159,9,0,0
h04ar64h,15,fpjd0ju0,84,trader_bridge_app,DayBreak,1788541161,9,0,0
h04ar64h,27,p0qjg0v3,90,trader_bridge_app,TradePage,1788541162,10,0,0
h04ar64h,13,gnbf58uk,84,trader_bridge_app,DayBreak,1788541162,9,0,0
h04ar64h,6,y51mizer,84,trader_bridge_app,DayBreak,1788541165,9,0,0
h04ar64h,16,ypfasl0o,84,trader_bridge_app,DayBreak,1788541165,9,0,0
h04ar64h,13,gnbf58uk,88,trader_bridge_app,ResumeTradingSession,1788541165,10,0,1
h04ar64h,14,gfn2r8vo,88,trader_bridge_app,ResumeTradingSession,1788541165,10,0,1
h04ar64h,15,fpjd0ju0,88,trader_bridge_app,ResumeTradingSession,1788541165,10,0,1
h04ar64h,16,ypfasl0o,88,trader_bridge_app,ResumeTradingSession,1788541165,10,0,1
h04ar64h,17,shtk2vi6,88,trader_bridge_app,ResumeTradingSession,1788541165,10,0,1
h04ar64h,18,j6legxhq,88,trader_bridge_app,ResumeTradingSession,1788541165,10,0,1
h04ar64h,5,mcswnxs6,84,trader_bridge_app,DayBreak,1788541165,9,0,0
h04ar64h,26,hib1sgxm,90,trader_bridge_app,TradePage,1788541167,10,0,0
h04ar64h,1,sm0ry4ut,84,trader_bridge_app,DayBreak,1788541167,9,1,0
h04ar64h,25,q0dsxnk7,90,trader_bridge_app,TradePage,1788541167,10,0,0
h04ar64h,1,sm0ry4ut,88,trader_bridge_app,ResumeTradingSession,1788541167,10,0,1
h04ar64h,2,tvxlbecc,88,trader_bridge_app,ResumeTradingSession,1788541167,10,0,1
h04ar64h,3,sxp8ngu2,88,trader_bridge_app,ResumeTradingSession,1788541167,10,0,1
h04ar64h,4,70gpk2i9,88,trader_bridge_app,ResumeTradingSession,1788541167,10,0,1
h04ar64h,5,mcswnxs6,88,trader_bridge_app,ResumeTradingSession,1788541167,10,0,1
h04ar64h,6,y51mizer,88,trader_bridge_app,ResumeTradingSession,1788541167,10,0,1
h04ar64h,25,q0dsxnk7,91,trader_bridge_app,PauseTradingSession,1788541167,10,0,1
h04ar64h,26,hib1sgxm,91,trader_bridge_app,PauseTradingSession,1788541167,10,0,1
h04ar64h,27,p0qjg0v3,91,trader_bridge_app,PauseTradingSession,1788541167,10,0,1
h04ar64h,7,wqx1o2wk,81,trader_bridge_app,TradePage,1788541167,9,0,0
h04ar64h,10,74kwsfm2,81,trader_bridge_app,TradePage,1788541167,9,0,0
h04ar64h,12,7rwcsuuk,81,trader_bridge_app,TradePage,1788541167,9,0,0
h04ar64h,11,sfggcdud,81,trader_bridge_app,TradePage,1788541167,9,0,0
h04ar64h,8,2eqstpu0,81,trader_bridge_app,TradePage,1788541167,9,0,0
h04ar64h,9,5koml6p7,81,trader_bridge_app,TradePage,1788541167,9,0,0
h04ar64h,9,5koml6p7,82,trader_bridge_app,PauseTradingSession,1788541167,9,0,1
h04ar64h,7,wqx1o2wk,82,trader_bridge_app,PauseTradingSession,1788541167,9,0,1
h04ar64h,8,2eqstpu0,82,trader_bridge_app,PauseTradingSession,1788541167,9,0,1
h04ar64h,10,74kwsfm2,82,trader_bridge_app,PauseTradingSession,1788541167,9,0,1
h04ar64h,11,sfggcdud,82,trader_bridge_app,PauseTradingSession,1788541167,9,0,1
h04ar64h,12,7rwcsuuk,82,trader_bridge_app,PauseTradingSession,1788541167,9,0,1
h04ar64h,7,wqx1o2wk,84,trader_bridge_app,DayBreak,1788541175,9,0,0
h04ar64h,25,q0dsxnk7,93,trader_bridge_app,DayBreak,1788541175,10,0,0
h04ar64h,8,2eqstpu0,84,trader_bridge_app,DayBreak,1788541178,9,0,0
h04ar64h,19,26cqd8wg,54,trader_bridge_app,TradePage,1788541180,6,0,0
h04ar64h,21,312jd80s,54,trader_bridge_app,TradePage,1788541180,6,0,0
h04ar64h,11,sfggcdud,84,trader_bridge_app,DayBreak,1788541180,9,0,0
h04ar64h,9,5koml6p7,84,trader_bridge_app,DayBreak,1788541185,9,0,0
h04ar64h,20,xzwecx41,54,trader_bridge_app,TradePage,1788541186,6,0,0
h04ar64h,27,p0qjg0v3,93,trader_bridge_app,DayBreak,1788541187,10,0,0
h04ar64h,26,hib1sgxm,93,trader_bridge_app,DayBreak,1788541188,10,0,0
h04ar64h,25,q0dsxnk7,97,trader_bridge_app,ResumeTradingSession,1788541188,11,0,1
h04ar64h,26,hib1sgxm,97,trader_bridge_app,ResumeTradingSession,1788541188,11,0,1
h04ar64h,27,p0qjg0v3,97,trader_bridge_app,ResumeTradingSession,1788541188,11,0,1
h04ar64h,12,7rwcsuuk,84,trader_bridge_app,DayBreak,1788541188,9,1,0
h04ar64h,10,74kwsfm2,84,trader_bridge_app,DayBreak,1788541188,9,1,0
h04ar64h,12,7rwcsuuk,88,trader_bridge_app,ResumeTradingSession,1788541188,10,0,1
h04ar64h,7,wqx1o2wk,88,trader_bridge_app,ResumeTradingSession,1788541188,10,0,1
h04ar64h,8,2eqstpu0,88,trader_bridge_app,ResumeTradingSession,1788541188,10,0,1
h04ar64h,9,5koml6p7,88,trader_bridge_app,ResumeTradingSession,1788541188,10,0,1
h04ar64h,10,74kwsfm2,88,trader_bridge_app,ResumeTradingSession,1788541188,10,0,1
h04ar64h,11,sfggcdud,88,trader_bridge_app,ResumeTradingSession,1788541188,10,0,1
h04ar64h,24,18ahuxm6,54,trader_bridge_app,TradePage,1788541189,6,0,0
h04ar64h,22,oq7csg5x,54,trader_bridge_app,TradePage,1788541189,6,0,0
h04ar64h,23,w03fifp1,54,trader_bridge_app,TradePage,1788541191,6,0,0
h04ar64h,19,26cqd8wg,55,trader_bridge_app,PauseTradingSession,1788541191,6,0,1
h04ar64h,20,xzwecx41,55,trader_bridge_app,PauseTradingSession,1788541191,6,0,1
h04ar64h,21,312jd80s,55,trader_bridge_app,PauseTradingSession,1788541191,6,0,1
h04ar64h,22,oq7csg5x,55,trader_bridge_app,PauseTradingSession,1788541191,6,0,1
h04ar64h,23,w03fifp1,55,trader_bridge_app,PauseTradingSession,1788541191,6,0,1
h04ar64h,24,18ahuxm6,55,trader_bridge_app,PauseTradingSession,1788541191,6,0,1
h04ar64h,21,312jd80s,57,trader_bridge_app,DayBreak,1788541203,6,0,0
h04ar64h,23,w03fifp1,57,trader_bridge_app,DayBreak,1788541212,6,1,0
h04ar64h,19,26cqd8wg,57,trader_bridge_app,DayBreak,1788541212,6,1,0
h04ar64h,22,oq7csg5x,57,trader_bridge_app,DayBreak,1788541220,6,0,0
h04ar64h,20,xzwecx41,57,trader_bridge_app,DayBreak,1788541223,6,1,0
h04ar64h,24,18ahuxm6,57,trader_bridge_app,DayBreak,1788541223,6,1,0
h04ar64h,19,26cqd8wg,61,trader_bridge_app,ResumeTradingSession,1788541223,7,0,1
h04ar64h,20,xzwecx41,61,trader_bridge_app,ResumeTradingSession,1788541223,7,0,1
h04ar64h,21,312jd80s,61,trader_bridge_app,ResumeTradingSession,1788541223,7,0,1
h04ar64h,22,oq7csg5x,61,trader_bridge_app,ResumeTradingSession,1788541223,7,0,1
h04ar64h,23,w03fifp1,61,trader_bridge_app,ResumeTradingSession,1788541223,7,0,1
h04ar64h,24,18ahuxm6,61,trader_bridge_app,ResumeTradingSession,1788541223,7,0,1
h04ar64h,16,ypfasl0o,90,trader_bridge_app,TradePage,1788541226,10,0,0
h04ar64h,17,shtk2vi6,90,trader_bridge_app,TradePage,1788541227,10,0,0
h04ar64h,18,j6legxhq,90,trader_bridge_app,TradePage,1788541227,10,0,0
h04ar64h,1,sm0ry4ut,90,trader_bridge_app,TradePage,1788541229,10,0,0
h04ar64h,15,fpjd0ju0,90,trader_bridge_app,TradePage,1788541238,10,0,0
h04ar64h,14,gfn2r8vo,90,trader_bridge_app,TradePage,1788541238,10,0,0
h04ar64h,2,tvxlbecc,90,trader_bridge_app,TradePage,1788541238,10,0,0
h04ar64h,4,70gpk2i9,90,trader_bridge_app,TradePage,1788541238,10,0,0
h04ar64h,3,sxp8ngu2,90,trader_bridge_app,TradePage,1788541238,10,0,0
h04ar64h,5,mcswnxs6,90,trader_bridge_app,TradePage,1788541238,10,0,0
h04ar64h,13,gnbf58uk,90,trader_bridge_app,TradePage,1788541241,10,0,0
h04ar64h,13,gnbf58uk,91,trader_bridge_app,PauseTradingSession,1788541242,10,0,1
h04ar64h,14,gfn2r8vo,91,trader_bridge_app,PauseTradingSession,1788541242,10,0,1
h04ar64h,15,fpjd0ju0,91,trader_bridge_app,PauseTradingSession,1788541242,10,0,1
h04ar64h,16,ypfasl0o,91,trader_bridge_app,PauseTradingSession,1788541242,10,0,1
h04ar64h,17,shtk2vi6,91,trader_bridge_app,PauseTradingSession,1788541242,10,0,1
h04ar64h,18,j6legxhq,91,trader_bridge_app,PauseTradingSession,1788541242,10,0,1
h04ar64h,6,y51mizer,90,trader_bridge_app,TradePage,1788541242,10,0,0
h04ar64h,1,sm0ry4ut,91,trader_bridge_app,PauseTradingSession,1788541242,10,0,1
h04ar64h,3,sxp8ngu2,91,trader_bridge_app,PauseTradingSession,1788541242,10,0,1
h04ar64h,4,70gpk2i9,91,trader_bridge_app,PauseTradingSession,1788541242,10,0,1
h04ar64h,5,mcswnxs6,91,trader_bridge_app,PauseTradingSession,1788541242,10,0,1
h04ar64h,6,y51mizer,91,trader_bridge_app,PauseTradingSession,1788541242,10,0,1
h04ar64h,2,tvxlbecc,91,trader_bridge_app,PauseTradingSession,1788541242,10,0,1
h04ar64h,13,gnbf58uk,93,trader_bridge_app,DayBreak,1788541244,10,0,0
h04ar64h,5,mcswnxs6,93,trader_bridge_app,DayBreak,1788541246,10,0,0
h04ar64h,6,y51mizer,93,trader_bridge_app,DayBreak,1788541246,10,0,0
h04ar64h,3,sxp8ngu2,93,trader_bridge_app,DayBreak,1788541246,10,0,0
h04ar64h,18,j6legxhq,93,trader_bridge_app,DayBreak,1788541246,10,0,0
h04ar64h,17,shtk2vi6,93,trader_bridge_app,DayBreak,1788541247,10,0,0
h04ar64h,4,70gpk2i9,93,trader_bridge_app,DayBreak,1788541247,10,0,0
h04ar64h,14,gfn2r8vo,93,trader_bridge_app,DayBreak,1788541248,10,0,0
h04ar64h,26,hib1sgxm,99,trader_bridge_app,TradePage,1788541253,11,0,0
h04ar64h,2,tvxlbecc,93,trader_bridge_app,DayBreak,1788541253,10,0,0
h04ar64h,11,sfggcdud,90,trader_bridge_app,TradePage,1788541254,10,0,0
h04ar64h,12,7rwcsuuk,90,trader_bridge_app,TradePage,1788541254,10,0,0
h04ar64h,7,wqx1o2wk,90,trader_bridge_app,TradePage,1788541254,10,0,0
h04ar64h,10,74kwsfm2,90,trader_bridge_app,TradePage,1788541254,10,0,0
h04ar64h,16,ypfasl0o,93,trader_bridge_app,DayBreak,1788541256,10,0,0
h04ar64h,1,sm0ry4ut,93,trader_bridge_app,DayBreak,1788541256,10,0,0
h04ar64h,1,sm0ry4ut,97,trader_bridge_app,ResumeTradingSession,1788541257,11,0,1
h04ar64h,2,tvxlbecc,97,trader_bridge_app,ResumeTradingSession,1788541257,11,0,1
h04ar64h,3,sxp8ngu2,97,trader_bridge_app,ResumeTradingSession,1788541257,11,0,1
h04ar64h,4,70gpk2i9,97,trader_bridge_app,ResumeTradingSession,1788541257,11,0,1
h04ar64h,5,mcswnxs6,97,trader_bridge_app,ResumeTradingSession,1788541257,11,0,1
h04ar64h,6,y51mizer,97,trader_bridge_app,ResumeTradingSession,1788541257,11,0,1
h04ar64h,27,p0qjg0v3,99,trader_bridge_app,TradePage,1788541260,11,0,0
h04ar64h,25,q0dsxnk7,99,trader_bridge_app,TradePage,1788541261,11,0,0
h04ar64h,9,5koml6p7,90,trader_bridge_app,TradePage,1788541261,10,0,0
h04ar64h,25,q0dsxnk7,100,trader_bridge_app,PauseTradingSession,1788541262,11,0,1
h04ar64h,26,hib1sgxm,100,trader_bridge_app,PauseTradingSession,1788541262,11,0,1
h04ar64h,27,p0qjg0v3,100,trader_bridge_app,PauseTradingSession,1788541262,11,0,1
h04ar64h,15,fpjd0ju0,93,trader_bridge_app,DayBreak,1788541263,10,1,0
h04ar64h,8,2eqstpu0,90,trader_bridge_app,TradePage,1788541263,10,1,0
h04ar64h,13,gnbf58uk,97,trader_bridge_app,ResumeTradingSession,1788541263,11,0,1
h04ar64h,14,gfn2r8vo,97,trader_bridge_app,ResumeTradingSession,1788541263,11,0,1
h04ar64h,15,fpjd0ju0,97,trader_bridge_app,ResumeTradingSession,1788541263,11,0,1
h04ar64h,16,ypfasl0o,97,trader_bridge_app,ResumeTradingSession,1788541263,11,0,1
h04ar64h,17,shtk2vi6,97,trader_bridge_app,ResumeTradingSession,1788541263,11,0,1
h04ar64h,18,j6legxhq,97,trader_bridge_app,ResumeTradingSession,1788541263,11,0,1
h04ar64h,7,wqx1o2wk,91,trader_bridge_app,PauseTradingSession,1788541264,10,0,1
h04ar64h,8,2eqstpu0,91,trader_bridge_app,PauseTradingSession,1788541264,10,0,1
h04ar64h,9,5koml6p7,91,trader_bridge_app,PauseTradingSession,1788541264,10,0,1
h04ar64h,10,74kwsfm2,91,trader_bridge_app,PauseTradingSession,1788541264,10,0,1
h04ar64h,11,sfggcdud,91,trader_bridge_app,PauseTradingSession,1788541264,10,0,1
h04ar64h,12,7rwcsuuk,91,trader_bridge_app,PauseTradingSession,1788541264,10,0,1
h04ar64h,27,p0qjg0v3,102,trader_bridge_app,DayBreak,1788541267,11,0,0
h04ar64h,8,2eqstpu0,93,trader_bridge_app,DayBreak,1788541268,10,0,0
h04ar64h,26,hib1sgxm,102,trader_bridge_app,DayBreak,1788541269,11,0,0
h04ar64h,12,7rwcsuuk,93,trader_bridge_app,DayBreak,1788541269,10,0,0
h04ar64h,11,sfggcdud,93,trader_bridge_app,DayBreak,1788541269,10,0,0
h04ar64h,9,5koml6p7,93,trader_bridge_app,DayBreak,1788541270,10,0,0
h04ar64h,7,wqx1o2wk,93,trader_bridge_app,DayBreak,1788541271,10,0,0
h04ar64h,25,q0dsxnk7,102,trader_bridge_app,DayBreak,1788541271,11,0,0
h04ar64h,25,q0dsxnk7,106,trader_bridge_app,ResumeTradingSession,1788541271,12,0,1
h04ar64h,26,hib1sgxm,106,trader_bridge_app,ResumeTradingSession,1788541271,12,0,1
h04ar64h,27,p0qjg0v3,106,trader_bridge_app,ResumeTradingSession,1788541271,12,0,1
h04ar64h,10,74kwsfm2,93,trader_bridge_app,DayBreak,1788541285,10,1,0
h04ar64h,8,2eqstpu0,97,trader_bridge_app,ResumeTradingSession,1788541286,11,0,1
h04ar64h,9,5koml6p7,97,trader_bridge_app,ResumeTradingSession,1788541286,11,0,1
h04ar64h,10,74kwsfm2,97,trader_bridge_app,ResumeTradingSession,1788541286,11,0,1
h04ar64h,11,sfggcdud,97,trader_bridge_app,ResumeTradingSession,1788541286,11,0,1
h04ar64h,7,wqx1o2wk,97,trader_bridge_app,ResumeTradingSession,1788541286,11,0,1
h04ar64h,12,7rwcsuuk,97,trader_bridge_app,ResumeTradingSession,1788541286,11,0,1
h04ar64h,24,18ahuxm6,63,trader_bridge_app,TradePage,1788541289,7,0,0
h04ar64h,22,oq7csg5x,63,trader_bridge_app,TradePage,1788541289,7,0,0
h04ar64h,21,312jd80s,63,trader_bridge_app,TradePage,1788541289,7,0,0
h04ar64h,23,w03fifp1,63,trader_bridge_app,TradePage,1788541290,7,0,0
h04ar64h,20,xzwecx41,63,trader_bridge_app,TradePage,1788541290,7,0,0
h04ar64h,19,26cqd8wg,63,trader_bridge_app,TradePage,1788541290,7,0,0
h04ar64h,19,26cqd8wg,64,trader_bridge_app,PauseTradingSession,1788541291,7,0,1
h04ar64h,20,xzwecx41,64,trader_bridge_app,PauseTradingSession,1788541291,7,0,1
h04ar64h,21,312jd80s,64,trader_bridge_app,PauseTradingSession,1788541291,7,0,1
h04ar64h,22,oq7csg5x,64,trader_bridge_app,PauseTradingSession,1788541291,7,0,1
h04ar64h,23,w03fifp1,64,trader_bridge_app,PauseTradingSession,1788541291,7,0,1
h04ar64h,24,18ahuxm6,64,trader_bridge_app,PauseTradingSession,1788541291,7,0,1
h04ar64h,20,xzwecx41,66,trader_bridge_app,DayBreak,1788541300,7,0,0
h04ar64h,23,w03fifp1,66,trader_bridge_app,DayBreak,1788541301,7,0,0
h04ar64h,22,oq7csg5x,66,trader_bridge_app,DayBreak,1788541301,7,0,0
h04ar64h,19,26cqd8wg,66,trader_bridge_app,DayBreak,1788541305,7,0,0
h04ar64h,24,18ahuxm6,66,trader_bridge_app,DayBreak,1788541305,7,0,0
h04ar64h,21,312jd80s,66,trader_bridge_app,DayBreak,1788541312,7,0,0
h04ar64h,19,26cqd8wg,70,trader_bridge_app,ResumeTradingSession,1788541312,8,0,1
h04ar64h,20,xzwecx41,70,trader_bridge_app,ResumeTradingSession,1788541312,8,0,1
h04ar64h,21,312jd80s,70,trader_bridge_app,ResumeTradingSession,1788541312,8,0,1
h04ar64h,22,oq7csg5x,70,trader_bridge_app,ResumeTradingSession,1788541312,8,0,1
h04ar64h,23,w03fifp1,70,trader_bridge_app,ResumeTradingSession,1788541312,8,0,1
h04ar64h,24,18ahuxm6,70,trader_bridge_app,ResumeTradingSession,1788541312,8,0,1
h04ar64h,1,sm0ry4ut,99,trader_bridge_app,TradePage,1788541321,11,0,0
h04ar64h,5,mcswnxs6,99,trader_bridge_app,TradePage,1788541327,11,0,0
h04ar64h,6,y51mizer,99,trader_bridge_app,TradePage,1788541328,11,0,0
h04ar64h,4,70gpk2i9,99,trader_bridge_app,TradePage,1788541328,11,0,0
h04ar64h,3,sxp8ngu2,99,trader_bridge_app,TradePage,1788541328,11,0,0
h04ar64h,2,tvxlbecc,99,trader_bridge_app,TradePage,1788541329,11,1,0
h04ar64h,1,sm0ry4ut,100,trader_bridge_app,PauseTradingSession,1788541329,11,0,1
h04ar64h,2,tvxlbecc,100,trader_bridge_app,PauseTradingSession,1788541329,11,0,1
h04ar64h,3,sxp8ngu2,100,trader_bridge_app,PauseTradingSession,1788541329,11,0,1
h04ar64h,4,70gpk2i9,100,trader_bridge_app,PauseTradingSession,1788541329,11,0,1
h04ar64h,5,mcswnxs6,100,trader_bridge_app,PauseTradingSession,1788541329,11,0,1
h04ar64h,6,y51mizer,100,trader_bridge_app,PauseTradingSession,1788541329,11,0,1
h04ar64h,13,gnbf58uk,99,trader_bridge_app,TradePage,1788541330,11,0,0
h04ar64h,15,fpjd0ju0,99,trader_bridge_app,TradePage,1788541330,11,0,0
h04ar64h,18,j6legxhq,99,trader_bridge_app,TradePage,1788541331,11,0,0
h04ar64h,2,tvxlbecc,102,trader_bridge_app,DayBreak,1788541333,11,0,0
h04ar64h,14,gfn2r8vo,99,trader_bridge_app,TradePage,1788541335,11,0,0
h04ar64h,16,ypfasl0o,99,trader_bridge_app,TradePage,1788541336,11,0,0
h04ar64h,26,hib1sgxm,108,trader_bridge_app,TradePage,1788541336,12,0,0
h04ar64h,25,q0dsxnk7,108,trader_bridge_app,TradePage,1788541337,12,0,0
h04ar64h,17,shtk2vi6,99,trader_bridge_app,TradePage,1788541338,11,0,0
h04ar64h,13,gnbf58uk,100,trader_bridge_app,PauseTradingSession,1788541339,11,0,1
h04ar64h,14,gfn2r8vo,100,trader_bridge_app,PauseTradingSession,1788541339,11,0,1
h04ar64h,15,fpjd0ju0,100,trader_bridge_app,PauseTradingSession,1788541339,11,0,1
h04ar64h,16,ypfasl0o,100,trader_bridge_app,PauseTradingSession,1788541339,11,0,1
h04ar64h,17,shtk2vi6,100,trader_bridge_app,PauseTradingSession,1788541339,11,0,1
h04ar64h,18,j6legxhq,100,trader_bridge_app,PauseTradingSession,1788541339,11,0,1
h04ar64h,5,mcswnxs6,102,trader_bridge_app,DayBreak,1788541339,11,0,0
h04ar64h,3,sxp8ngu2,102,trader_bridge_app,DayBreak,1788541340,11,0,0
h04ar64h,13,gnbf58uk,102,trader_bridge_app,DayBreak,1788541342,11,0,0
h04ar64h,1,sm0ry4ut,102,trader_bridge_app,DayBreak,1788541343,11,0,0
h04ar64h,6,y51mizer,102,trader_bridge_app,DayBreak,1788541343,11,0,0
h04ar64h,14,gfn2r8vo,102,trader_bridge_app,DayBreak,1788541343,11,0,0
h04ar64h,27,p0qjg0v3,108,trader_bridge_app,TradePage,1788541344,12,0,0
h04ar64h,25,q0dsxnk7,109,trader_bridge_app,PauseTradingSession,1788541344,12,0,1
h04ar64h,26,hib1sgxm,109,trader_bridge_app,PauseTradingSession,1788541344,12,0,1
h04ar64h,27,p0qjg0v3,109,trader_bridge_app,PauseTradingSession,1788541344,12,0,1
h04ar64h,4,70gpk2i9,102,trader_bridge_app,DayBreak,1788541344,11,0,0
h04ar64h,1,sm0ry4ut,106,trader_bridge_app,ResumeTradingSession,1788541344,12,0,1
h04ar64h,2,tvxlbecc,106,trader_bridge_app,ResumeTradingSession,1788541344,12,0,1
h04ar64h,3,sxp8ngu2,106,trader_bridge_app,ResumeTradingSession,1788541344,12,0,1
h04ar64h,4,70gpk2i9,106,trader_bridge_app,ResumeTradingSession,1788541344,12,0,1
h04ar64h,5,mcswnxs6,106,trader_bridge_app,ResumeTradingSession,1788541344,12,0,1
h04ar64h,6,y51mizer,106,trader_bridge_app,ResumeTradingSession,1788541344,12,0,1
h04ar64h,17,shtk2vi6,102,trader_bridge_app,DayBreak,1788541345,11,0,0
h04ar64h,16,ypfasl0o,102,trader_bridge_app,DayBreak,1788541346,11,0,0
h04ar64h,7,wqx1o2wk,99,trader_bridge_app,TradePage,1788541347,11,0,0
h04ar64h,10,74kwsfm2,99,trader_bridge_app,TradePage,1788541347,11,0,0
h04ar64h,25,q0dsxnk7,111,trader_bridge_app,DayBreak,1788541351,12,0,0
h04ar64h,15,fpjd0ju0,102,trader_bridge_app,DayBreak,1788541353,11,0,0
h04ar64h,27,p0qjg0v3,111,trader_bridge_app,DayBreak,1788541356,12,0,0
h04ar64h,18,j6legxhq,102,trader_bridge_app,DayBreak,1788541357,11,0,0
h04ar64h,18,j6legxhq,106,trader_bridge_app,ResumeTradingSession,1788541357,12,0,1
h04ar64h,13,gnbf58uk,106,trader_bridge_app,ResumeTradingSession,1788541357,12,0,1
h04ar64h,14,gfn2r8vo,106,trader_bridge_app,ResumeTradingSession,1788541357,12,0,1
h04ar64h,15,fpjd0ju0,106,trader_bridge_app,ResumeTradingSession,1788541357,12,0,1
h04ar64h,16,ypfasl0o,106,trader_bridge_app,ResumeTradingSession,1788541357,12,0,1
h04ar64h,17,shtk2vi6,106,trader_bridge_app,ResumeTradingSession,1788541357,12,0,1
h04ar64h,8,2eqstpu0,99,trader_bridge_app,TradePage,1788541359,11,1,0
h04ar64h,11,sfggcdud,99,trader_bridge_app,TradePage,1788541362,11,0,0
h04ar64h,9,5koml6p7,99,trader_bridge_app,TradePage,1788541362,11,0,0
h04ar64h,12,7rwcsuuk,99,trader_bridge_app,TradePage,1788541362,11,0,0
h04ar64h,7,wqx1o2wk,100,trader_bridge_app,PauseTradingSession,1788541363,11,0,1
h04ar64h,8,2eqstpu0,100,trader_bridge_app,PauseTradingSession,1788541363,11,0,1
h04ar64h,9,5koml6p7,100,trader_bridge_app,PauseTradingSession,1788541363,11,0,1
h04ar64h,10,74kwsfm2,100,trader_bridge_app,PauseTradingSession,1788541363,11,0,1
h04ar64h,11,sfggcdud,100,trader_bridge_app,PauseTradingSession,1788541363,11,0,1
h04ar64h,12,7rwcsuuk,100,trader_bridge_app,PauseTradingSession,1788541363,11,0,1
h04ar64h,26,hib1sgxm,111,trader_bridge_app,DayBreak,1788541365,12,1,0
h04ar64h,25,q0dsxnk7,115,trader_bridge_app,ResumeTradingSession,1788541365,13,0,1
h04ar64h,26,hib1sgxm,115,trader_bridge_app,ResumeTradingSession,1788541365,13,0,1
h04ar64h,27,p0qjg0v3,115,trader_bridge_app,ResumeTradingSession,1788541365,13,0,1
h04ar64h,8,2eqstpu0,102,trader_bridge_app,DayBreak,1788541366,11,0,0
h04ar64h,10,74kwsfm2,102,trader_bridge_app,DayBreak,1788541367,11,0,0
h04ar64h,12,7rwcsuuk,102,trader_bridge_app,DayBreak,1788541367,11,0,0
h04ar64h,7,wqx1o2wk,102,trader_bridge_app,DayBreak,1788541369,11,0,0
h04ar64h,21,312jd80s,72,trader_bridge_app,TradePage,1788541378,8,0,0
h04ar64h,19,26cqd8wg,72,trader_bridge_app,TradePage,1788541378,8,0,0
h04ar64h,23,w03fifp1,72,trader_bridge_app,TradePage,1788541379,8,0,0
h04ar64h,20,xzwecx41,72,trader_bridge_app,TradePage,1788541379,8,0,0
h04ar64h,22,oq7csg5x,72,trader_bridge_app,TradePage,1788541379,8,0,0
h04ar64h,24,18ahuxm6,72,trader_bridge_app,TradePage,1788541379,8,0,0
h04ar64h,19,26cqd8wg,73,trader_bridge_app,PauseTradingSession,1788541380,8,0,1
h04ar64h,20,xzwecx41,73,trader_bridge_app,PauseTradingSession,1788541380,8,0,1
h04ar64h,21,312jd80s,73,trader_bridge_app,PauseTradingSession,1788541380,8,0,1
h04ar64h,22,oq7csg5x,73,trader_bridge_app,PauseTradingSession,1788541380,8,0,1
h04ar64h,23,w03fifp1,73,trader_bridge_app,PauseTradingSession,1788541380,8,0,1
h04ar64h,24,18ahuxm6,73,trader_bridge_app,PauseTradingSession,1788541380,8,0,1
h04ar64h,20,xzwecx41,75,trader_bridge_app,DayBreak,1788541387,8,0,0
h04ar64h,24,18ahuxm6,75,trader_bridge_app,DayBreak,1788541387,8,0,0
h04ar64h,22,oq7csg5x,75,trader_bridge_app,DayBreak,1788541389,8,0,0
h04ar64h,11,sfggcdud,102,trader_bridge_app,DayBreak,1788541391,11,0,0
h04ar64h,9,5koml6p7,102,trader_bridge_app,DayBreak,1788541395,11,1,0
h04ar64h,7,wqx1o2wk,106,trader_bridge_app,ResumeTradingSession,1788541395,12,0,1
h04ar64h,8,2eqstpu0,106,trader_bridge_app,ResumeTradingSession,1788541395,12,0,1
h04ar64h,9,5koml6p7,106,trader_bridge_app,ResumeTradingSession,1788541395,12,0,1
h04ar64h,10,74kwsfm2,106,trader_bridge_app,ResumeTradingSession,1788541395,12,0,1
h04ar64h,11,sfggcdud,106,trader_bridge_app,ResumeTradingSession,1788541395,12,0,1
h04ar64h,12,7rwcsuuk,106,trader_bridge_app,ResumeTradingSession,1788541395,12,0,1
h04ar64h,23,w03fifp1,75,trader_bridge_app,DayBreak,1788541401,8,0,0
h04ar64h,19,26cqd8wg,75,trader_bridge_app,DayBreak,1788541402,8,0,0
h04ar64h,4,70gpk2i9,108,trader_bridge_app,TradePage,1788541410,12,0,0
h04ar64h,3,sxp8ngu2,108,trader_bridge_app,TradePage,1788541410,12,0,0
h04ar64h,6,y51mizer,108,trader_bridge_app,TradePage,1788541411,12,0,0
h04ar64h,2,tvxlbecc,108,trader_bridge_app,TradePage,1788541411,12,0,0
h04ar64h,5,mcswnxs6,108,trader_bridge_app,TradePage,1788541411,12,0,0
h04ar64h,1,sm0ry4ut,108,trader_bridge_app,TradePage,1788541411,12,0,0
h04ar64h,6,y51mizer,109,trader_bridge_app,PauseTradingSession,1788541411,12,0,1
h04ar64h,1,sm0ry4ut,109,trader_bridge_app,PauseTradingSession,1788541411,12,0,1
h04ar64h,2,tvxlbecc,109,trader_bridge_app,PauseTradingSession,1788541411,12,0,1
h04ar64h,3,sxp8ngu2,109,trader_bridge_app,PauseTradingSession,1788541411,12,0,1
h04ar64h,4,70gpk2i9,109,trader_bridge_app,PauseTradingSession,1788541411,12,0,1
h04ar64h,5,mcswnxs6,109,trader_bridge_app,PauseTradingSession,1788541411,12,0,1
h04ar64h,13,gnbf58uk,108,trader_bridge_app,TradePage,1788541418,12,0,0
h04ar64h,18,j6legxhq,108,trader_bridge_app,TradePage,1788541419,12,0,0
h04ar64h,17,shtk2vi6,108,trader_bridge_app,TradePage,1788541419,12,0,0
h04ar64h,15,fpjd0ju0,108,trader_bridge_app,TradePage,1788541419,12,0,0
h04ar64h,16,ypfasl0o,108,trader_bridge_app,TradePage,1788541419,12,0,0
h04ar64h,14,gfn2r8vo,108,trader_bridge_app,TradePage,1788541419,12,0,0
h04ar64h,13,gnbf58uk,109,trader_bridge_app,PauseTradingSession,1788541420,12,0,1
h04ar64h,14,gfn2r8vo,109,trader_bridge_app,PauseTradingSession,1788541420,12,0,1
h04ar64h,15,fpjd0ju0,109,trader_bridge_app,PauseTradingSession,1788541420,12,0,1
h04ar64h,16,ypfasl0o,109,trader_bridge_app,PauseTradingSession,1788541420,12,0,1
h04ar64h,17,shtk2vi6,109,trader_bridge_app,PauseTradingSession,1788541420,12,0,1
h04ar64h,18,j6legxhq,109,trader_bridge_app,PauseTradingSession,1788541420,12,0,1
h04ar64h,21,312jd80s,75,trader_bridge_app,DayBreak,1788541420,8,1,0
h04ar64h,19,26cqd8wg,79,trader_bridge_app,ResumeTradingSession,1788541420,9,0,1
h04ar64h,20,xzwecx41,79,trader_bridge_app,ResumeTradingSession,1788541420,9,0,1
h04ar64h,21,312jd80s,79,trader_bridge_app,ResumeTradingSession,1788541420,9,0,1
h04ar64h,22,oq7csg5x,79,trader_bridge_app,ResumeTradingSession,1788541420,9,0,1
h04ar64h,23,w03fifp1,79,trader_bridge_app,ResumeTradingSession,1788541420,9,0,1
h04ar64h,24,18ahuxm6,79,trader_bridge_app,ResumeTradingSession,1788541420,9,0,1
h04ar64h,27,p0qjg0v3,117,trader_bridge_app,TradePage,1788541425,13,0,0
h04ar64h,26,hib1sgxm,117,trader_bridge_app,TradePage,1788541428,13,0,0
h04ar64h,25,q0dsxnk7,117,trader_bridge_app,TradePage,1788541428,13,0,0
h04ar64h,25,q0dsxnk7,118,trader_bridge_app,PauseTradingSession,1788541429,13,0,1
h04ar64h,26,hib1sgxm,118,trader_bridge_app,PauseTradingSession,1788541429,13,0,1
h04ar64h,27,p0qjg0v3,118,trader_bridge_app,PauseTradingSession,1788541429,13,0,1
h04ar64h,15,fpjd0ju0,111,trader_bridge_app,DayBreak,1788541429,12,0,0
h04ar64h,16,ypfasl0o,111,trader_bridge_app,DayBreak,1788541431,12,0,0
h04ar64h,5,mcswnxs6,111,trader_bridge_app,DayBreak,1788541432,12,1,0
h04ar64h,13,gnbf58uk,111,trader_bridge_app,DayBreak,1788541432,12,0,0
h04ar64h,1,sm0ry4ut,111,trader_bridge_app,DayBreak,1788541432,12,1,0
h04ar64h,17,shtk2vi6,111,trader_bridge_app,DayBreak,1788541432,12,0,0
h04ar64h,27,p0qjg0v3,120,trader_bridge_app,DayBreak,1788541433,13,0,0
h04ar64h,6,y51mizer,111,trader_bridge_app,DayBreak,1788541435,12,0,0
h04ar64h,14,gfn2r8vo,111,trader_bridge_app,DayBreak,1788541435,12,0,0
h04ar64h,25,q0dsxnk7,120,trader_bridge_app,DayBreak,1788541437,13,0,0
h04ar64h,18,j6legxhq,111,trader_bridge_app,DayBreak,1788541437,12,0,0
h04ar64h,13,gnbf58uk,115,trader_bridge_app,ResumeTradingSession,1788541437,13,0,1
h04ar64h,14,gfn2r8vo,115,trader_bridge_app,ResumeTradingSession,1788541437,13,0,1
h04ar64h,15,fpjd0ju0,115,trader_bridge_app,ResumeTradingSession,1788541437,13,0,1
h04ar64h,16,ypfasl0o,115,trader_bridge_app,ResumeTradingSession,1788541437,13,0,1
h04ar64h,17,shtk2vi6,115,trader_bridge_app,ResumeTradingSession,1788541437,13,0,1
h04ar64h,18,j6legxhq,115,trader_bridge_app,ResumeTradingSession,1788541437,13,0,1
h04ar64h,26,hib1sgxm,120,trader_bridge_app,DayBreak,1788541438,13,0,0
h04ar64h,26,hib1sgxm,124,trader_bridge_app,ResumeTradingSession,1788541439,14,0,1
h04ar64h,25,q0dsxnk7,124,trader_bridge_app,ResumeTradingSession,1788541439,14,0,1
h04ar64h,27,p0qjg0v3,124,trader_bridge_app,ResumeTradingSession,1788541439,14,0,1
h04ar64h,2,tvxlbecc,111,trader_bridge_app,DayBreak,1788541439,12,0,0
h04ar64h,3,sxp8ngu2,111,trader_bridge_app,DayBreak,1788541439,12,1,0
h04ar64h,4,70gpk2i9,111,trader_bridge_app,DayBreak,1788541440,12,0,0
h04ar64h,1,sm0ry4ut,115,trader_bridge_app,ResumeTradingSession,1788541440,13,0,1
h04ar64h,2,tvxlbecc,115,trader_bridge_app,ResumeTradingSession,1788541440,13,0,1
h04ar64h,3,sxp8ngu2,115,trader_bridge_app,ResumeTradingSession,1788541440,13,0,1
h04ar64h,4,70gpk2i9,115,trader_bridge_app,ResumeTradingSession,1788541440,13,0,1
h04ar64h,5,mcswnxs6,115,trader_bridge_app,ResumeTradingSession,1788541440,13,0,1
h04ar64h,6,y51mizer,115,trader_bridge_app,ResumeTradingSession,1788541440,13,0,1
h04ar64h,11,sfggcdud,108,trader_bridge_app,TradePage,1788541461,12,0,0
h04ar64h,9,5koml6p7,108,trader_bridge_app,TradePage,1788541461,12,0,0
h04ar64h,7,wqx1o2wk,108,trader_bridge_app,TradePage,1788541461,12,0,0
h04ar64h,12,7rwcsuuk,108,trader_bridge_app,TradePage,1788541463,12,0,0
h04ar64h,10,74kwsfm2,108,trader_bridge_app,TradePage,1788541465,12,0,0
h04ar64h,8,2eqstpu0,108,trader_bridge_app,TradePage,1788541471,12,0,0
h04ar64h,7,wqx1o2wk,109,trader_bridge_app,PauseTradingSession,1788541471,12,0,1
h04ar64h,8,2eqstpu0,109,trader_bridge_app,PauseTradingSession,1788541471,12,0,1
h04ar64h,9,5koml6p7,109,trader_bridge_app,PauseTradingSession,1788541471,12,0,1
h04ar64h,10,74kwsfm2,109,trader_bridge_app,PauseTradingSession,1788541471,12,0,1
h04ar64h,12,7rwcsuuk,109,trader_bridge_app,PauseTradingSession,1788541471,12,0,1
h04ar64h,11,sfggcdud,109,trader_bridge_app,PauseTradingSession,1788541471,12,0,1
h04ar64h,21,312jd80s,81,trader_bridge_app,TradePage,1788541481,9,0,0
h04ar64h,20,xzwecx41,81,trader_bridge_app,TradePage,1788541481,9,0,0
h04ar64h,24,18ahuxm6,81,trader_bridge_app,TradePage,1788541481,9,0,0
h04ar64h,23,w03fifp1,81,trader_bridge_app,TradePage,1788541481,9,0,0
h04ar64h,19,26cqd8wg,81,trader_bridge_app,TradePage,1788541482,9,0,0
h04ar64h,8,2eqstpu0,111,trader_bridge_app,DayBreak,1788541485,12,0,0
h04ar64h,22,oq7csg5x,81,trader_bridge_app,TradePage,1788541487,9,1,0
h04ar64h,19,26cqd8wg,82,trader_bridge_app,PauseTradingSession,1788541487,9,0,1
h04ar64h,20,xzwecx41,82,trader_bridge_app,PauseTradingSession,1788541487,9,0,1
h04ar64h,21,312jd80s,82,trader_bridge_app,PauseTradingSession,1788541487,9,0,1
h04ar64h,22,oq7csg5x,82,trader_bridge_app,PauseTradingSession,1788541487,9,0,1
h04ar64h,23,w03fifp1,82,trader_bridge_app,PauseTradingSession,1788541487,9,0,1
h04ar64h,24,18ahuxm6,82,trader_bridge_app,PauseTradingSession,1788541487,9,0,1
h04ar64h,9,5koml6p7,111,trader_bridge_app,DayBreak,1788541487,12,0,0
h04ar64h,7,wqx1o2wk,111,trader_bridge_app,DayBreak,1788541493,12,0,0
h04ar64h,11,sfggcdud,111,trader_bridge_app,DayBreak,1788541495,12,1,0
h04ar64h,23,w03fifp1,84,trader_bridge_app,DayBreak,1788541498,9,0,0
h04ar64h,18,j6legxhq,117,trader_bridge_app,TradePage,1788541498,13,0,0
h04ar64h,17,shtk2vi6,117,trader_bridge_app,TradePage,1788541498,13,0,0
h04ar64h,15,fpjd0ju0,117,trader_bridge_app,TradePage,1788541499,13,0,0
h04ar64h,16,ypfasl0o,117,trader_bridge_app,TradePage,1788541499,13,0,0
h04ar64h,14,gfn2r8vo,117,trader_bridge_app,TradePage,1788541499,13,0,0
h04ar64h,13,gnbf58uk,117,trader_bridge_app,TradePage,1788541499,13,0,0
h04ar64h,16,ypfasl0o,118,trader_bridge_app,PauseTradingSession,1788541499,13,0,1
h04ar64h,17,shtk2vi6,118,trader_bridge_app,PauseTradingSession,1788541499,13,0,1
h04ar64h,18,j6legxhq,118,trader_bridge_app,PauseTradingSession,1788541499,13,0,1
h04ar64h,13,gnbf58uk,118,trader_bridge_app,PauseTradingSession,1788541499,13,0,1
h04ar64h,14,gfn2r8vo,118,trader_bridge_app,PauseTradingSession,1788541499,13,0,1
h04ar64h,15,fpjd0ju0,118,trader_bridge_app,PauseTradingSession,1788541499,13,0,1
h04ar64h,12,7rwcsuuk,111,trader_bridge_app,DayBreak,1788541499,12,1,0
h04ar64h,27,p0qjg0v3,126,trader_bridge_app,TradePage,1788541500,14,0,0
h04ar64h,26,hib1sgxm,126,trader_bridge_app,TradePage,1788541500,14,0,0
h04ar64h,25,q0dsxnk7,126,trader_bridge_app,TradePage,1788541500,14,0,0
h04ar64h,26,hib1sgxm,127,trader_bridge_app,PauseTradingSession,1788541500,14,0,1
h04ar64h,25,q0dsxnk7,127,trader_bridge_app,PauseTradingSession,1788541500,14,0,1
h04ar64h,27,p0qjg0v3,127,trader_bridge_app,PauseTradingSession,1788541500,14,0,1
h04ar64h,22,oq7csg5x,84,trader_bridge_app,DayBreak,1788541500,9,0,0
h04ar64h,10,74kwsfm2,111,trader_bridge_app,DayBreak,1788541501,12,1,0
h04ar64h,4,70gpk2i9,117,trader_bridge_app,TradePage,1788541501,13,0,0
h04ar64h,6,y51mizer,117,trader_bridge_app,TradePage,1788541501,13,0,0
h04ar64h,1,sm0ry4ut,117,trader_bridge_app,TradePage,1788541501,13,0,0
h04ar64h,7,wqx1o2wk,115,trader_bridge_app,ResumeTradingSession,1788541502,13,0,1
h04ar64h,8,2eqstpu0,115,trader_bridge_app,ResumeTradingSession,1788541502,13,0,1
h04ar64h,9,5koml6p7,115,trader_bridge_app,ResumeTradingSession,1788541502,13,0,1
h04ar64h,10,74kwsfm2,115,trader_bridge_app,ResumeTradingSession,1788541502,13,0,1
h04ar64h,11,sfggcdud,115,trader_bridge_app,ResumeTradingSession,1788541502,13,0,1
h04ar64h,12,7rwcsuuk,115,trader_bridge_app,ResumeTradingSession,1788541502,13,0,1
h04ar64h,5,mcswnxs6,117,trader_bridge_app,TradePage,1788541502,13,0,0
h04ar64h,19,26cqd8wg,84,trader_bridge_app,DayBreak,1788541502,9,0,0
h04ar64h,21,312jd80s,84,trader_bridge_app,DayBreak,1788541503,9,0,0
h04ar64h,13,gnbf58uk,120,trader_bridge_app,DayBreak,1788541503,13,0,0
h04ar64h,2,tvxlbecc,117,trader_bridge_app,TradePage,1788541504,13,0,0
h04ar64h,27,p0qjg0v3,129,trader_bridge_app,DayBreak,1788541504,14,0,0
h04ar64h,3,sxp8ngu2,117,trader_bridge_app,TradePage,1788541504,13,0,0
h04ar64h,14,gfn2r8vo,120,trader_bridge_app,DayBreak,1788541504,13,0,0
h04ar64h,1,sm0ry4ut,118,trader_bridge_app,PauseTradingSession,1788541504,13,0,1
h04ar64h,2,tvxlbecc,118,trader_bridge_app,PauseTradingSession,1788541504,13,0,1
h04ar64h,3,sxp8ngu2,118,trader_bridge_app,PauseTradingSession,1788541504,13,0,1
h04ar64h,4,70gpk2i9,118,trader_bridge_app,PauseTradingSession,1788541504,13,0,1
h04ar64h,5,mcswnxs6,118,trader_bridge_app,PauseTradingSession,1788541504,13,0,1
h04ar64h,6,y51mizer,118,trader_bridge_app,PauseTradingSession,1788541504,13,0,1
h04ar64h,24,18ahuxm6,84,trader_bridge_app,DayBreak,1788541504,9,0,0
h04ar64h,17,shtk2vi6,120,trader_bridge_app,DayBreak,1788541507,13,0,0
h04ar64h,26,hib1sgxm,129,trader_bridge_app,DayBreak,1788541507,14,0,0
h04ar64h,3,sxp8ngu2,120,trader_bridge_app,DayBreak,1788541508,13,0,0
h04ar64h,4,70gpk2i9,120,trader_bridge_app,DayBreak,1788541508,13,0,0
h04ar64h,5,mcswnxs6,120,trader_bridge_app,DayBreak,1788541508,13,0,0
h04ar64h,20,xzwecx41,84,trader_bridge_app,DayBreak,1788541508,9,0,0
h04ar64h,19,26cqd8wg,88,trader_bridge_app,ResumeTradingSession,1788541508,10,0,1
h04ar64h,20,xzwecx41,88,trader_bridge_app,ResumeTradingSession,1788541508,10,0,1
h04ar64h,21,312jd80s,88,trader_bridge_app,ResumeTradingSession,1788541508,10,0,1
h04ar64h,22,oq7csg5x,88,trader_bridge_app,ResumeTradingSession,1788541508,10,0,1
h04ar64h,23,w03fifp1,88,trader_bridge_app,ResumeTradingSession,1788541508,10,0,1
h04ar64h,24,18ahuxm6,88,trader_bridge_app,ResumeTradingSession,1788541508,10,0,1
h04ar64h,18,j6legxhq,120,trader_bridge_app,DayBreak,1788541508,13,0,0
h04ar64h,25,q0dsxnk7,129,trader_bridge_app,DayBreak,1788541509,14,0,0
h04ar64h,25,q0dsxnk7,133,trader_bridge_app,ResumeTradingSession,1788541509,15,0,1
h04ar64h,26,hib1sgxm,133,trader_bridge_app,ResumeTradingSession,1788541509,15,0,1
h04ar64h,27,p0qjg0v3,133,trader_bridge_app,ResumeTradingSession,1788541509,15,0,1
h04ar64h,2,tvxlbecc,120,trader_bridge_app,DayBreak,1788541510,13,0,0
h04ar64h,16,ypfasl0o,120,trader_bridge_app,DayBreak,1788541511,13,0,0
h04ar64h,1,sm0ry4ut,120,trader_bridge_app,DayBreak,1788541513,13,0,0
h04ar64h,6,y51mizer,120,trader_bridge_app,DayBreak,1788541514,13,0,0
h04ar64h,1,sm0ry4ut,124,trader_bridge_app,ResumeTradingSession,1788541514,14,0,1
h04ar64h,2,tvxlbecc,124,trader_bridge_app,ResumeTradingSession,1788541514,14,0,1
h04ar64h,3,sxp8ngu2,124,trader_bridge_app,ResumeTradingSession,1788541514,14,0,1
h04ar64h,4,70gpk2i9,124,trader_bridge_app,ResumeTradingSession,1788541514,14,0,1
h04ar64h,5,mcswnxs6,124,trader_bridge_app,ResumeTradingSession,1788541514,14,0,1
h04ar64h,6,y51mizer,124,trader_bridge_app,ResumeTradingSession,1788541514,14,0,1
h04ar64h,15,fpjd0ju0,120,trader_bridge_app,DayBreak,1788541520,13,1,0
h04ar64h,17,shtk2vi6,124,trader_bridge_app,ResumeTradingSession,1788541520,14,0,1
h04ar64h,18,j6legxhq,124,trader_bridge_app,ResumeTradingSession,1788541520,14,0,1
h04ar64h,13,gnbf58uk,124,trader_bridge_app,ResumeTradingSession,1788541520,14,0,1
h04ar64h,14,gfn2r8vo,124,trader_bridge_app,ResumeTradingSession,1788541520,14,0,1
h04ar64h,15,fpjd0ju0,124,trader_bridge_app,ResumeTradingSession,1788541520,14,0,1
h04ar64h,16,ypfasl0o,124,trader_bridge_app,ResumeTradingSession,1788541520,14,0,1
h04ar64h,10,74kwsfm2,117,trader_bridge_app,TradePage,1788541568,13,0,0
h04ar64h,11,sfggcdud,117,trader_bridge_app,TradePage,1788541568,13,0,0
h04ar64h,12,7rwcsuuk,117,trader_bridge_app,TradePage,1788541568,13,0,0
h04ar64h,8,2eqstpu0,117,trader_bridge_app,TradePage,1788541568,13,0,0
h04ar64h,7,wqx1o2wk,117,trader_bridge_app,TradePage,1788541568,13,0,0
h04ar64h,9,5koml6p7,117,trader_bridge_app,TradePage,1788541568,13,0,0
h04ar64h,7,wqx1o2wk,118,trader_bridge_app,PauseTradingSession,1788541569,13,0,1
h04ar64h,8,2eqstpu0,118,trader_bridge_app,PauseTradingSession,1788541569,13,0,1
h04ar64h,9,5koml6p7,118,trader_bridge_app,PauseTradingSession,1788541569,13,0,1
h04ar64h,10,74kwsfm2,118,trader_bridge_app,PauseTradingSession,1788541569,13,0,1
h04ar64h,11,sfggcdud,118,trader_bridge_app,PauseTradingSession,1788541569,13,0,1
h04ar64h,12,7rwcsuuk,118,trader_bridge_app,PauseTradingSession,1788541569,13,0,1
h04ar64h,27,p0qjg0v3,135,trader_bridge_app,TradePage,1788541570,15,0,0
h04ar64h,9,5koml6p7,120,trader_bridge_app,DayBreak,1788541571,13,0,0
h04ar64h,7,wqx1o2wk,120,trader_bridge_app,DayBreak,1788541574,13,0,0
h04ar64h,21,312jd80s,90,trader_bridge_app,TradePage,1788541575,10,0,0
h04ar64h,22,oq7csg5x,90,trader_bridge_app,TradePage,1788541575,10,0,0
h04ar64h,23,w03fifp1,90,trader_bridge_app,TradePage,1788541575,10,0,0
h04ar64h,20,xzwecx41,90,trader_bridge_app,TradePage,1788541575,10,0,0
h04ar64h,24,18ahuxm6,90,trader_bridge_app,TradePage,1788541575,10,0,0
h04ar64h,19,26cqd8wg,90,trader_bridge_app,TradePage,1788541575,10,0,0
h04ar64h,19,26cqd8wg,91,trader_bridge_app,PauseTradingSession,1788541576,10,0,1
h04ar64h,20,xzwecx41,91,trader_bridge_app,PauseTradingSession,1788541576,10,0,1
h04ar64h,21,312jd80s,91,trader_bridge_app,PauseTradingSession,1788541576,10,0,1
h04ar64h,22,oq7csg5x,91,trader_bridge_app,PauseTradingSession,1788541576,10,0,1
h04ar64h,23,w03fifp1,91,trader_bridge_app,PauseTradingSession,1788541576,10,0,1
h04ar64h,24,18ahuxm6,91,trader_bridge_app,PauseTradingSession,1788541576,10,0,1
h04ar64h,8,2eqstpu0,120,trader_bridge_app,DayBreak,1788541576,13,0,0
h04ar64h,26,hib1sgxm,135,trader_bridge_app,TradePage,1788541576,15,0,0
h04ar64h,25,q0dsxnk7,135,trader_bridge_app,TradePage,1788541576,15,0,0
h04ar64h,25,q0dsxnk7,136,trader_bridge_app,PauseTradingSession,1788541576,15,0,1
h04ar64h,26,hib1sgxm,136,trader_bridge_app,PauseTradingSession,1788541576,15,0,1
h04ar64h,27,p0qjg0v3,136,trader_bridge_app,PauseTradingSession,1788541576,15,0,1
h04ar64h,6,y51mizer,126,trader_bridge_app,TradePage,1788541578,14,0,0
h04ar64h,1,sm0ry4ut,126,trader_bridge_app,TradePage,1788541578,14,0,0
h04ar64h,5,mcswnxs6,126,trader_bridge_app,TradePage,1788541578,14,0,0
h04ar64h,4,70gpk2i9,126,trader_bridge_app,TradePage,1788541578,14,0,0
h04ar64h,3,sxp8ngu2,126,trader_bridge_app,TradePage,1788541578,14,0,0
h04ar64h,2,tvxlbecc,126,trader_bridge_app,TradePage,1788541578,14,0,0
h04ar64h,1,sm0ry4ut,127,trader_bridge_app,PauseTradingSession,1788541578,14,0,1
h04ar64h,2,tvxlbecc,127,trader_bridge_app,PauseTradingSession,1788541578,14,0,1
h04ar64h,3,sxp8ngu2,127,trader_bridge_app,PauseTradingSession,1788541578,14,0,1
h04ar64h,4,70gpk2i9,127,trader_bridge_app,PauseTradingSession,1788541578,14,0,1
h04ar64h,5,mcswnxs6,127,trader_bridge_app,PauseTradingSession,1788541578,14,0,1
h04ar64h,6,y51mizer,127,trader_bridge_app,PauseTradingSession,1788541578,14,0,1
h04ar64h,10,74kwsfm2,120,trader_bridge_app,DayBreak,1788541582,13,0,0
h04ar64h,24,18ahuxm6,93,trader_bridge_app,DayBreak,1788541582,10,0,0
h04ar64h,11,sfggcdud,120,trader_bridge_app,DayBreak,1788541582,13,0,0
h04ar64h,2,tvxlbecc,129,trader_bridge_app,DayBreak,1788541583,14,0,0
h04ar64h,20,xzwecx41,93,trader_bridge_app,DayBreak,1788541583,10,0,0
h04ar64h,23,w03fifp1,93,trader_bridge_app,DayBreak,1788541585,10,0,0
h04ar64h,25,q0dsxnk7,138,trader_bridge_app,DayBreak,1788541585,15,0,0
h04ar64h,3,sxp8ngu2,129,trader_bridge_app,DayBreak,1788541586,14,0,0
h04ar64h,17,shtk2vi6,126,trader_bridge_app,TradePage,1788541586,14,0,0
h04ar64h,15,fpjd0ju0,126,trader_bridge_app,TradePage,1788541586,14,0,0
h04ar64h,18,j6legxhq,126,trader_bridge_app,TradePage,1788541587,14,1,0
h04ar64h,16,ypfasl0o,126,trader_bridge_app,TradePage,1788541587,14,1,0
h04ar64h,14,gfn2r8vo,126,trader_bridge_app,TradePage,1788541587,14,1,0
h04ar64h,13,gnbf58uk,126,trader_bridge_app,TradePage,1788541587,14,1,0
h04ar64h,18,j6legxhq,127,trader_bridge_app,PauseTradingSession,1788541587,14,0,1
h04ar64h,13,gnbf58uk,127,trader_bridge_app,PauseTradingSession,1788541587,14,0,1
h04ar64h,14,gfn2r8vo,127,trader_bridge_app,PauseTradingSession,1788541587,14,0,1
h04ar64h,15,fpjd0ju0,127,trader_bridge_app,PauseTradingSession,1788541587,14,0,1
h04ar64h,16,ypfasl0o,127,trader_bridge_app,PauseTradingSession,1788541587,14,0,1
h04ar64h,17,shtk2vi6,127,trader_bridge_app,PauseTradingSession,1788541587,14,0,1
h04ar64h,22,oq7csg5x,93,trader_bridge_app,DayBreak,1788541587,10,0,0
h04ar64h,21,312jd80s,93,trader_bridge_app,DayBreak,1788541588,10,0,0
h04ar64h,13,gnbf58uk,129,trader_bridge_app,DayBreak,1788541590,14,0,0
h04ar64h,18,j6legxhq,129,trader_bridge_app,DayBreak,1788541591,14,0,0
h04ar64h,4,70gpk2i9,129,trader_bridge_app,DayBreak,1788541592,14,0,0
h04ar64h,14,gfn2r8vo,129,trader_bridge_app,DayBreak,1788541592,14,0,0
h04ar64h,12,7rwcsuuk,120,trader_bridge_app,DayBreak,1788541594,13,0,0
h04ar64h,11,sfggcdud,124,trader_bridge_app,ResumeTradingSession,1788541594,14,0,1
h04ar64h,12,7rwcsuuk,124,trader_bridge_app,ResumeTradingSession,1788541594,14,0,1
h04ar64h,7,wqx1o2wk,124,trader_bridge_app,ResumeTradingSession,1788541594,14,0,1
h04ar64h,8,2eqstpu0,124,trader_bridge_app,ResumeTradingSession,1788541594,14,0,1
h04ar64h,9,5koml6p7,124,trader_bridge_app,ResumeTradingSession,1788541594,14,0,1
h04ar64h,10,74kwsfm2,124,trader_bridge_app,ResumeTradingSession,1788541594,14,0,1
h04ar64h,19,26cqd8wg,93,trader_bridge_app,DayBreak,1788541594,10,0,0
h04ar64h,23,w03fifp1,97,trader_bridge_app,ResumeTradingSession,1788541594,11,0,1
h04ar64h,24,18ahuxm6,97,trader_bridge_app,ResumeTradingSession,1788541594,11,0,1
h04ar64h,19,26cqd8wg,97,trader_bridge_app,ResumeTradingSession,1788541594,11,0,1
h04ar64h,20,xzwecx41,97,trader_bridge_app,ResumeTradingSession,1788541594,11,0,1
h04ar64h,21,312jd80s,97,trader_bridge_app,ResumeTradingSession,1788541594,11,0,1
h04ar64h,22,oq7csg5x,97,trader_bridge_app,ResumeTradingSession,1788541594,11,0,1
h04ar64h,16,ypfasl0o,129,trader_bridge_app,DayBreak,1788541595,14,0,0
h04ar64h,26,hib1sgxm,138,trader_bridge_app,DayBreak,1788541597,15,0,0
h04ar64h,6,y51mizer,129,trader_bridge_app,DayBreak,1788541597,14,0,0
h04ar64h,27,p0qjg0v3,138,trader_bridge_app,DayBreak,1788541601,15,0,0
h04ar64h,25,q0dsxnk7,142,trader_bridge_app,ResumeTradingSession,1788541601,16,0,1
h04ar64h,26,hib1sgxm,142,trader_bridge_app,ResumeTradingSession,1788541601,16,0,1
h04ar64h,27,p0qjg0v3,142,trader_bridge_app,ResumeTradingSession,1788541601,16,0,1
h04ar64h,17,shtk2vi6,129,trader_bridge_app,DayBreak,1788541606,14,0,0
h04ar64h,1,sm0ry4ut,129,trader_bridge_app,DayBreak,1788541606,14,0,0
h04ar64h,15,fpjd0ju0,129,trader_bridge_app,DayBreak,1788541608,14,1,0
h04ar64h,18,j6legxhq,133,trader_bridge_app,ResumeTradingSession,1788541608,15,0,1
h04ar64h,13,gnbf58uk,133,trader_bridge_app,ResumeTradingSession,1788541608,15,0,1
h04ar64h,14,gfn2r8vo,133,trader_bridge_app,ResumeTradingSession,1788541608,15,0,1
h04ar64h,15,fpjd0ju0,133,trader_bridge_app,ResumeTradingSession,1788541608,15,0,1
h04ar64h,16,ypfasl0o,133,trader_bridge_app,ResumeTradingSession,1788541608,15,0,1
h04ar64h,17,shtk2vi6,133,trader_bridge_app,ResumeTradingSession,1788541608,15,0,1
h04ar64h,5,mcswnxs6,129,trader_bridge_app,DayBreak,1788541611,14,1,0
h04ar64h,1,sm0ry4ut,133,trader_bridge_app,ResumeTradingSession,1788541611,15,0,1
h04ar64h,2,tvxlbecc,133,trader_bridge_app,ResumeTradingSession,1788541611,15,0,1
h04ar64h,3,sxp8ngu2,133,trader_bridge_app,ResumeTradingSession,1788541611,15,0,1
h04ar64h,4,70gpk2i9,133,trader_bridge_app,ResumeTradingSession,1788541611,15,0,1
h04ar64h,5,mcswnxs6,133,trader_bridge_app,ResumeTradingSession,1788541611,15,0,1
h04ar64h,6,y51mizer,133,trader_bridge_app,ResumeTradingSession,1788541611,15,0,1
h04ar64h,7,wqx1o2wk,126,trader_bridge_app,TradePage,1788541660,14,0,0
h04ar64h,10,74kwsfm2,126,trader_bridge_app,TradePage,1788541660,14,0,0
h04ar64h,11,sfggcdud,126,trader_bridge_app,TradePage,1788541660,14,0,0
h04ar64h,12,7rwcsuuk,126,trader_bridge_app,TradePage,1788541660,14,0,0
h04ar64h,19,26cqd8wg,99,trader_bridge_app,TradePage,1788541661,11,0,0
h04ar64h,23,w03fifp1,99,trader_bridge_app,TradePage,1788541661,11,0,0
h04ar64h,20,xzwecx41,99,trader_bridge_app,TradePage,1788541661,11,0,0
h04ar64h,24,18ahuxm6,99,trader_bridge_app,TradePage,1788541661,11,0,0
h04ar64h,8,2eqstpu0,126,trader_bridge_app,TradePage,1788541661,14,0,0
h04ar64h,21,312jd80s,99,trader_bridge_app,TradePage,1788541661,11,0,0
h04ar64h,27,p0qjg0v3,144,trader_bridge_app,TradePage,1788541662,16,0,0
h04ar64h,9,5koml6p7,126,trader_bridge_app,TradePage,1788541666,14,0,0
h04ar64h,7,wqx1o2wk,127,trader_bridge_app,PauseTradingSession,1788541666,14,0,1
h04ar64h,8,2eqstpu0,127,trader_bridge_app,PauseTradingSession,1788541666,14,0,1
h04ar64h,9,5koml6p7,127,trader_bridge_app,PauseTradingSession,1788541666,14,0,1
h04ar64h,10,74kwsfm2,127,trader_bridge_app,PauseTradingSession,1788541666,14,0,1
h04ar64h,11,sfggcdud,127,trader_bridge_app,PauseTradingSession,1788541666,14,0,1
h04ar64h,12,7rwcsuuk,127,trader_bridge_app,PauseTradingSession,1788541666,14,0,1
h04ar64h,25,q0dsxnk7,144,trader_bridge_app,TradePage,1788541667,16,0,0
h04ar64h,17,shtk2vi6,135,trader_bridge_app,TradePage,1788541669,15,0,0
h04ar64h,16,ypfasl0o,135,trader_bridge_app,TradePage,1788541669,15,0,0
h04ar64h,14,gfn2r8vo,135,trader_bridge_app,TradePage,1788541670,15,0,0
h04ar64h,9,5koml6p7,129,trader_bridge_app,DayBreak,1788541671,14,0,0
h04ar64h,11,sfggcdud,129,trader_bridge_app,DayBreak,1788541671,14,0,0
h04ar64h,22,oq7csg5x,99,trader_bridge_app,TradePage,1788541671,11,0,0
h04ar64h,19,26cqd8wg,100,trader_bridge_app,PauseTradingSession,1788541672,11,0,1
h04ar64h,20,xzwecx41,100,trader_bridge_app,PauseTradingSession,1788541672,11,0,1
h04ar64h,21,312jd80s,100,trader_bridge_app,PauseTradingSession,1788541672,11,0,1
h04ar64h,22,oq7csg5x,100,trader_bridge_app,PauseTradingSession,1788541672,11,0,1
h04ar64h,23,w03fifp1,100,trader_bridge_app,PauseTradingSession,1788541672,11,0,1
h04ar64h,24,18ahuxm6,100,trader_bridge_app,PauseTradingSession,1788541672,11,0,1
h04ar64h,5,mcswnxs6,135,trader_bridge_app,TradePage,1788541672,15,0,0
h04ar64h,4,70gpk2i9,135,trader_bridge_app,TradePage,1788541672,15,0,0
h04ar64h,8,2eqstpu0,129,trader_bridge_app,DayBreak,1788541672,14,0,0
h04ar64h,6,y51mizer,135,trader_bridge_app,TradePage,1788541672,15,0,0
h04ar64h,2,tvxlbecc,135,trader_bridge_app,TradePage,1788541672,15,0,0
h04ar64h,3,sxp8ngu2,135,trader_bridge_app,TradePage,1788541672,15,0,0
h04ar64h,26,hib1sgxm,144,trader_bridge_app,TradePage,1788541672,16,0,0
h04ar64h,12,7rwcsuuk,129,trader_bridge_app,DayBreak,1788541672,14,0,0
h04ar64h,25,q0dsxnk7,145,trader_bridge_app,PauseTradingSession,1788541673,16,0,1
h04ar64h,26,hib1sgxm,145,trader_bridge_app,PauseTradingSession,1788541673,16,0,1
h04ar64h,27,p0qjg0v3,145,trader_bridge_app,PauseTradingSession,1788541673,16,0,1
h04ar64h,18,j6legxhq,135,trader_bridge_app,TradePage,1788541673,15,0,0
h04ar64h,15,fpjd0ju0,135,trader_bridge_app,TradePage,1788541674,15,0,0
h04ar64h,1,sm0ry4ut,135,trader_bridge_app,TradePage,1788541676,15,0,0
h04ar64h,1,sm0ry4ut,136,trader_bridge_app,PauseTradingSession,1788541676,15,0,1
h04ar64h,2,tvxlbecc,136,trader_bridge_app,PauseTradingSession,1788541676,15,0,1
h04ar64h,3,sxp8ngu2,136,trader_bridge_app,PauseTradingSession,1788541676,15,0,1
h04ar64h,4,70gpk2i9,136,trader_bridge_app,PauseTradingSession,1788541676,15,0,1
h04ar64h,5,mcswnxs6,136,trader_bridge_app,PauseTradingSession,1788541676,15,0,1
h04ar64h,6,y51mizer,136,trader_bridge_app,PauseTradingSession,1788541676,15,0,1
h04ar64h,27,p0qjg0v3,147,trader_bridge_app,DayBreak,1788541676,16,0,0
h04ar64h,24,18ahuxm6,102,trader_bridge_app,DayBreak,1788541677,11,0,0
h04ar64h,22,oq7csg5x,102,trader_bridge_app,DayBreak,1788541677,11,0,0
h04ar64h,21,312jd80s,102,trader_bridge_app,DayBreak,1788541677,11,0,0
h04ar64h,7,wqx1o2wk,129,trader_bridge_app,DayBreak,1788541677,14,0,0
h04ar64h,25,q0dsxnk7,147,trader_bridge_app,DayBreak,1788541677,16,0,0
h04ar64h,19,26cqd8wg,102,trader_bridge_app,DayBreak,1788541677,11,0,0
h04ar64h,20,xzwecx41,102,trader_bridge_app,DayBreak,1788541680,11,0,0
h04ar64h,23,w03fifp1,102,trader_bridge_app,DayBreak,1788541680,11,0,0
h04ar64h,19,26cqd8wg,106,trader_bridge_app,ResumeTradingSession,1788541680,12,0,1
h04ar64h,20,xzwecx41,106,trader_bridge_app,ResumeTradingSession,1788541680,12,0,1
h04ar64h,21,312jd80s,106,trader_bridge_app,ResumeTradingSession,1788541680,12,0,1
h04ar64h,22,oq7csg5x,106,trader_bridge_app,ResumeTradingSession,1788541680,12,0,1
h04ar64h,23,w03fifp1,106,trader_bridge_app,ResumeTradingSession,1788541680,12,0,1
h04ar64h,24,18ahuxm6,106,trader_bridge_app,ResumeTradingSession,1788541680,12,0,1
h04ar64h,26,hib1sgxm,147,trader_bridge_app,DayBreak,1788541681,16,0,0
h04ar64h,25,q0dsxnk7,151,trader_bridge_app,ResumeTradingSession,1788541681,17,0,1
h04ar64h,26,hib1sgxm,151,trader_bridge_app,ResumeTradingSession,1788541681,17,0,1
h04ar64h,27,p0qjg0v3,151,trader_bridge_app,ResumeTradingSession,1788541681,17,0,1
h04ar64h,10,74kwsfm2,129,trader_bridge_app,DayBreak,1788541687,14,1,0
h04ar64h,13,gnbf58uk,135,trader_bridge_app,TradePage,1788541687,15,1,0
h04ar64h,5,mcswnxs6,138,trader_bridge_app,DayBreak,1788541687,15,0,0
h04ar64h,13,gnbf58uk,136,trader_bridge_app,PauseTradingSession,1788541687,15,0,1
h04ar64h,14,gfn2r8vo,136,trader_bridge_app,PauseTradingSession,1788541687,15,0,1
h04ar64h,15,fpjd0ju0,136,trader_bridge_app,PauseTradingSession,1788541687,15,0,1
h04ar64h,16,ypfasl0o,136,trader_bridge_app,PauseTradingSession,1788541687,15,0,1
h04ar64h,17,shtk2vi6,136,trader_bridge_app,PauseTradingSession,1788541687,15,0,1
h04ar64h,18,j6legxhq,136,trader_bridge_app,PauseTradingSession,1788541687,15,0,1
h04ar64h,7,wqx1o2wk,133,trader_bridge_app,ResumeTradingSession,1788541687,15,0,1
h04ar64h,8,2eqstpu0,133,trader_bridge_app,ResumeTradingSession,1788541687,15,0,1
h04ar64h,9,5koml6p7,133,trader_bridge_app,ResumeTradingSession,1788541687,15,0,1
h04ar64h,10,74kwsfm2,133,trader_bridge_app,ResumeTradingSession,1788541687,15,0,1
h04ar64h,11,sfggcdud,133,trader_bridge_app,ResumeTradingSession,1788541687,15,0,1
h04ar64h,12,7rwcsuuk,133,trader_bridge_app,ResumeTradingSession,1788541687,15,0,1
h04ar64h,4,70gpk2i9,138,trader_bridge_app,DayBreak,1788541692,15,0,0
h04ar64h,6,y51mizer,138,trader_bridge_app,DayBreak,1788541693,15,0,0
h04ar64h,1,sm0ry4ut,138,trader_bridge_app,DayBreak,1788541696,15,0,0
h04ar64h,2,tvxlbecc,138,trader_bridge_app,DayBreak,1788541696,15,0,0
h04ar64h,3,sxp8ngu2,138,trader_bridge_app,DayBreak,1788541697,15,1,0
h04ar64h,1,sm0ry4ut,142,trader_bridge_app,ResumeTradingSession,1788541697,16,0,1
h04ar64h,2,tvxlbecc,142,trader_bridge_app,ResumeTradingSession,1788541697,16,0,1
h04ar64h,3,sxp8ngu2,142,trader_bridge_app,ResumeTradingSession,1788541697,16,0,1
h04ar64h,4,70gpk2i9,142,trader_bridge_app,ResumeTradingSession,1788541697,16,0,1
h04ar64h,5,mcswnxs6,142,trader_bridge_app,ResumeTradingSession,1788541697,16,0,1
h04ar64h,6,y51mizer,142,trader_bridge_app,ResumeTradingSession,1788541697,16,0,1
h04ar64h,18,j6legxhq,138,trader_bridge_app,DayBreak,1788541699,15,0,0
h04ar64h,14,gfn2r8vo,138,trader_bridge_app,DayBreak,1788541701,15,0,0
h04ar64h,17,shtk2vi6,138,trader_bridge_app,DayBreak,1788541701,15,0,0
h04ar64h,15,fpjd0ju0,138,trader_bridge_app,DayBreak,1788541702,15,0,0
h04ar64h,16,ypfasl0o,138,trader_bridge_app,DayBreak,1788541705,15,0,0
h04ar64h,13,gnbf58uk,138,trader_bridge_app,DayBreak,1788541708,15,1,0
h04ar64h,13,gnbf58uk,142,trader_bridge_app,ResumeTradingSession,1788541708,16,0,1
h04ar64h,14,gfn2r8vo,142,trader_bridge_app,ResumeTradingSession,1788541708,16,0,1
h04ar64h,15,fpjd0ju0,142,trader_bridge_app,ResumeTradingSession,1788541708,16,0,1
h04ar64h,16,ypfasl0o,142,trader_bridge_app,ResumeTradingSession,1788541708,16,0,1
h04ar64h,17,shtk2vi6,142,trader_bridge_app,ResumeTradingSession,1788541708,16,0,1
h04ar64h,18,j6legxhq,142,trader_bridge_app,ResumeTradingSession,1788541708,16,0,1
h04ar64h,26,hib1sgxm,153,trader_bridge_app,TradePage,1788541742,17,0,0
h04ar64h,27,p0qjg0v3,153,trader_bridge_app,TradePage,1788541742,17,0,0
h04ar64h,25,q0dsxnk7,153,trader_bridge_app,TradePage,1788541744,17,0,0
h04ar64h,27,p0qjg0v3,154,trader_bridge_app,PauseTradingSession,1788541744,17,0,1
h04ar64h,25,q0dsxnk7,154,trader_bridge_app,PauseTradingSession,1788541744,17,0,1
h04ar64h,26,hib1sgxm,154,trader_bridge_app,PauseTradingSession,1788541744,17,0,1
h04ar64h,22,oq7csg5x,108,trader_bridge_app,TradePage,1788541747,12,0,0
h04ar64h,19,26cqd8wg,108,trader_bridge_app,TradePage,1788541747,12,0,0
h04ar64h,24,18ahuxm6,108,trader_bridge_app,TradePage,1788541747,12,0,0
h04ar64h,23,w03fifp1,108,trader_bridge_app,TradePage,1788541747,12,0,0
h04ar64h,20,xzwecx41,108,trader_bridge_app,TradePage,1788541747,12,0,0
h04ar64h,21,312jd80s,108,trader_bridge_app,TradePage,1788541747,12,0,0
h04ar64h,19,26cqd8wg,109,trader_bridge_app,PauseTradingSession,1788541748,12,0,1
h04ar64h,20,xzwecx41,109,trader_bridge_app,PauseTradingSession,1788541748,12,0,1
h04ar64h,21,312jd80s,109,trader_bridge_app,PauseTradingSession,1788541748,12,0,1
h04ar64h,22,oq7csg5x,109,trader_bridge_app,PauseTradingSession,1788541748,12,0,1
h04ar64h,23,w03fifp1,109,trader_bridge_app,PauseTradingSession,1788541748,12,0,1
h04ar64h,24,18ahuxm6,109,trader_bridge_app,PauseTradingSession,1788541748,12,0,1
h04ar64h,25,q0dsxnk7,156,trader_bridge_app,DayBreak,1788541748,17,0,0
h04ar64h,9,5koml6p7,135,trader_bridge_app,TradePage,1788541749,15,0,0
h04ar64h,26,hib1sgxm,156,trader_bridge_app,DayBreak,1788541749,17,0,0
h04ar64h,7,wqx1o2wk,135,trader_bridge_app,TradePage,1788541749,15,0,0
h04ar64h,12,7rwcsuuk,135,trader_bridge_app,TradePage,1788541749,15,0,0
h04ar64h,11,sfggcdud,135,trader_bridge_app,TradePage,1788541749,15,0,0
h04ar64h,10,74kwsfm2,135,trader_bridge_app,TradePage,1788541753,15,0,0
h04ar64h,8,2eqstpu0,135,trader_bridge_app,TradePage,1788541753,15,0,0
h04ar64h,12,7rwcsuuk,136,trader_bridge_app,PauseTradingSession,1788541753,15,0,1
h04ar64h,7,wqx1o2wk,136,trader_bridge_app,PauseTradingSession,1788541753,15,0,1
h04ar64h,8,2eqstpu0,136,trader_bridge_app,PauseTradingSession,1788541753,15,0,1
h04ar64h,9,5koml6p7,136,trader_bridge_app,PauseTradingSession,1788541753,15,0,1
h04ar64h,10,74kwsfm2,136,trader_bridge_app,PauseTradingSession,1788541753,15,0,1
h04ar64h,11,sfggcdud,136,trader_bridge_app,PauseTradingSession,1788541753,15,0,1
h04ar64h,23,w03fifp1,111,trader_bridge_app,DayBreak,1788541756,12,0,0
h04ar64h,22,oq7csg5x,111,trader_bridge_app,DayBreak,1788541757,12,0,0
h04ar64h,24,18ahuxm6,111,trader_bridge_app,DayBreak,1788541762,12,0,0
h04ar64h,8,2eqstpu0,138,trader_bridge_app,DayBreak,1788541763,15,0,0
h04ar64h,2,tvxlbecc,144,trader_bridge_app,TradePage,1788541763,16,0,0
h04ar64h,1,sm0ry4ut,144,trader_bridge_app,TradePage,1788541763,16,0,0
h04ar64h,3,sxp8ngu2,144,trader_bridge_app,TradePage,1788541763,16,0,0
h04ar64h,5,mcswnxs6,144,trader_bridge_app,TradePage,1788541763,16,0,0
h04ar64h,4,70gpk2i9,144,trader_bridge_app,TradePage,1788541764,16,0,0
h04ar64h,21,312jd80s,111,trader_bridge_app,DayBreak,1788541765,12,0,0
h04ar64h,12,7rwcsuuk,138,trader_bridge_app,DayBreak,1788541766,15,0,0
h04ar64h,6,y51mizer,144,trader_bridge_app,TradePage,1788541766,16,0,0
h04ar64h,5,mcswnxs6,145,trader_bridge_app,PauseTradingSession,1788541767,16,0,1
h04ar64h,6,y51mizer,145,trader_bridge_app,PauseTradingSession,1788541767,16,0,1
h04ar64h,1,sm0ry4ut,145,trader_bridge_app,PauseTradingSession,1788541767,16,0,1
h04ar64h,2,tvxlbecc,145,trader_bridge_app,PauseTradingSession,1788541767,16,0,1
h04ar64h,3,sxp8ngu2,145,trader_bridge_app,PauseTradingSession,1788541767,16,0,1
h04ar64h,4,70gpk2i9,145,trader_bridge_app,PauseTradingSession,1788541767,16,0,1
h04ar64h,20,xzwecx41,111,trader_bridge_app,DayBreak,1788541768,12,0,0
h04ar64h,13,gnbf58uk,144,trader_bridge_app,TradePage,1788541769,16,0,0
h04ar64h,16,ypfasl0o,144,trader_bridge_app,TradePage,1788541769,16,0,0
h04ar64h,17,shtk2vi6,144,trader_bridge_app,TradePage,1788541769,16,0,0
h04ar64h,18,j6legxhq,144,trader_bridge_app,TradePage,1788541769,16,0,0
h04ar64h,15,fpjd0ju0,144,trader_bridge_app,TradePage,1788541769,16,0,0
h04ar64h,4,70gpk2i9,147,trader_bridge_app,DayBreak,1788541769,16,0,0
h04ar64h,14,gfn2r8vo,144,trader_bridge_app,TradePage,1788541770,16,0,0
h04ar64h,13,gnbf58uk,145,trader_bridge_app,PauseTradingSession,1788541770,16,0,1
h04ar64h,14,gfn2r8vo,145,trader_bridge_app,PauseTradingSession,1788541770,16,0,1
h04ar64h,15,fpjd0ju0,145,trader_bridge_app,PauseTradingSession,1788541770,16,0,1
h04ar64h,16,ypfasl0o,145,trader_bridge_app,PauseTradingSession,1788541770,16,0,1
h04ar64h,17,shtk2vi6,145,trader_bridge_app,PauseTradingSession,1788541770,16,0,1
h04ar64h,18,j6legxhq,145,trader_bridge_app,PauseTradingSession,1788541770,16,0,1
h04ar64h,27,p0qjg0v3,156,trader_bridge_app,DayBreak,1788541770,17,0,0
h04ar64h,25,q0dsxnk7,160,trader_bridge_app,ResumeTradingSession,1788541771,18,0,1
h04ar64h,26,hib1sgxm,160,trader_bridge_app,ResumeTradingSession,1788541771,18,0,1
h04ar64h,27,p0qjg0v3,160,trader_bridge_app,ResumeTradingSession,1788541771,18,0,1
h04ar64h,9,5koml6p7,138,trader_bridge_app,DayBreak,1788541772,15,0,0
h04ar64h,13,gnbf58uk,147,trader_bridge_app,DayBreak,1788541773,16,0,0
h04ar64h,6,y51mizer,147,trader_bridge_app,DayBreak,1788541773,16,0,0
h04ar64h,7,wqx1o2wk,138,trader_bridge_app,DayBreak,1788541774,15,1,0
h04ar64h,11,sfggcdud,138,trader_bridge_app,DayBreak,1788541774,15,1,0
h04ar64h,5,mcswnxs6,147,trader_bridge_app,DayBreak,1788541774,16,0,0
h04ar64h,3,sxp8ngu2,147,trader_bridge_app,DayBreak,1788541774,16,0,0
h04ar64h,14,gfn2r8vo,147,trader_bridge_app,DayBreak,1788541775,16,0,0
h04ar64h,15,fpjd0ju0,147,trader_bridge_app,DayBreak,1788541775,16,0,0
h04ar64h,17,shtk2vi6,147,trader_bridge_app,DayBreak,1788541777,16,0,0
h04ar64h,1,sm0ry4ut,147,trader_bridge_app,DayBreak,1788541778,16,0,0
h04ar64h,10,74kwsfm2,138,trader_bridge_app,DayBreak,1788541778,15,1,0
h04ar64h,7,wqx1o2wk,142,trader_bridge_app,ResumeTradingSession,1788541779,16,0,1
h04ar64h,8,2eqstpu0,142,trader_bridge_app,ResumeTradingSession,1788541779,16,0,1
h04ar64h,9,5koml6p7,142,trader_bridge_app,ResumeTradingSession,1788541779,16,0,1
h04ar64h,10,74kwsfm2,142,trader_bridge_app,ResumeTradingSession,1788541779,16,0,1
h04ar64h,11,sfggcdud,142,trader_bridge_app,ResumeTradingSession,1788541779,16,0,1
h04ar64h,12,7rwcsuuk,142,trader_bridge_app,ResumeTradingSession,1788541779,16,0,1
h04ar64h,19,26cqd8wg,111,trader_bridge_app,DayBreak,1788541779,12,0,0
h04ar64h,20,xzwecx41,115,trader_bridge_app,ResumeTradingSession,1788541779,13,0,1
h04ar64h,21,312jd80s,115,trader_bridge_app,ResumeTradingSession,1788541779,13,0,1
h04ar64h,19,26cqd8wg,115,trader_bridge_app,ResumeTradingSession,1788541779,13,0,1
h04ar64h,22,oq7csg5x,115,trader_bridge_app,ResumeTradingSession,1788541779,13,0,1
h04ar64h,23,w03fifp1,115,trader_bridge_app,ResumeTradingSession,1788541779,13,0,1
h04ar64h,24,18ahuxm6,115,trader_bridge_app,ResumeTradingSession,1788541779,13,0,1
h04ar64h,16,ypfasl0o,147,trader_bridge_app,DayBreak,1788541779,16,0,0
h04ar64h,2,tvxlbecc,147,trader_bridge_app,DayBreak,1788541780,16,0,0
h04ar64h,1,sm0ry4ut,151,trader_bridge_app,ResumeTradingSession,1788541780,17,0,1
h04ar64h,2,tvxlbecc,151,trader_bridge_app,ResumeTradingSession,1788541780,17,0,1
h04ar64h,3,sxp8ngu2,151,trader_bridge_app,ResumeTradingSession,1788541780,17,0,1
h04ar64h,4,70gpk2i9,151,trader_bridge_app,ResumeTradingSession,1788541780,17,0,1
h04ar64h,5,mcswnxs6,151,trader_bridge_app,ResumeTradingSession,1788541780,17,0,1
h04ar64h,6,y51mizer,151,trader_bridge_app,ResumeTradingSession,1788541780,17,0,1
h04ar64h,18,j6legxhq,147,trader_bridge_app,DayBreak,1788541781,16,0,0
h04ar64h,17,shtk2vi6,151,trader_bridge_app,ResumeTradingSession,1788541781,17,0,1
h04ar64h,18,j6legxhq,151,trader_bridge_app,ResumeTradingSession,1788541781,17,0,1
h04ar64h,13,gnbf58uk,151,trader_bridge_app,ResumeTradingSession,1788541781,17,0,1
h04ar64h,14,gfn2r8vo,151,trader_bridge_app,ResumeTradingSession,1788541781,17,0,1
h04ar64h,15,fpjd0ju0,151,trader_bridge_app,ResumeTradingSession,1788541781,17,0,1
h04ar64h,16,ypfasl0o,151,trader_bridge_app,ResumeTradingSession,1788541781,17,0,1
h04ar64h,27,p0qjg0v3,162,trader_bridge_app,TradePage,1788541831,18,0,0
h04ar64h,25,q0dsxnk7,162,trader_bridge_app,TradePage,1788541837,18,0,0
h04ar64h,26,hib1sgxm,162,trader_bridge_app,TradePage,1788541837,18,0,0
h04ar64h,25,q0dsxnk7,164,trader_bridge_app,FinalizeTradingSession,1788541837,18,0,1
h04ar64h,26,hib1sgxm,164,trader_bridge_app,FinalizeTradingSession,1788541837,18,0,1
h04ar64h,27,p0qjg0v3,164,trader_bridge_app,FinalizeTradingSession,1788541837,18,0,1
h04ar64h,10,74kwsfm2,144,trader_bridge_app,TradePage,1788541840,16,0,0
h04ar64h,9,5koml6p7,144,trader_bridge_app,TradePage,1788541840,16,0,0
h04ar64h,11,sfggcdud,144,trader_bridge_app,TradePage,1788541840,16,0,0
h04ar64h,7,wqx1o2wk,144,trader_bridge_app,TradePage,1788541840,16,0,0
h04ar64h,12,7rwcsuuk,144,trader_bridge_app,TradePage,1788541840,16,0,0
h04ar64h,8,2eqstpu0,144,trader_bridge_app,TradePage,1788541840,16,0,0
h04ar64h,7,wqx1o2wk,145,trader_bridge_app,PauseTradingSession,1788541840,16,0,1
h04ar64h,8,2eqstpu0,145,trader_bridge_app,PauseTradingSession,1788541840,16,0,1
h04ar64h,9,5koml6p7,145,trader_bridge_app,PauseTradingSession,1788541840,16,0,1
h04ar64h,10,74kwsfm2,145,trader_bridge_app,PauseTradingSession,1788541840,16,0,1
h04ar64h,11,sfggcdud,145,trader_bridge_app,PauseTradingSession,1788541840,16,0,1
h04ar64h,12,7rwcsuuk,145,trader_bridge_app,PauseTradingSession,1788541840,16,0,1
h04ar64h,19,26cqd8wg,117,trader_bridge_app,TradePage,1788541841,13,0,0
h04ar64h,20,xzwecx41,117,trader_bridge_app,TradePage,1788541841,13,0,0
h04ar64h,21,312jd80s,117,trader_bridge_app,TradePage,1788541841,13,0,0
h04ar64h,22,oq7csg5x,117,trader_bridge_app,TradePage,1788541841,13,0,0
h04ar64h,24,18ahuxm6,117,trader_bridge_app,TradePage,1788541841,13,0,0
h04ar64h,23,w03fifp1,117,trader_bridge_app,TradePage,1788541841,13,0,0
h04ar64h,19,26cqd8wg,118,trader_bridge_app,PauseTradingSession,1788541842,13,0,1
h04ar64h,20,xzwecx41,118,trader_bridge_app,PauseTradingSession,1788541842,13,0,1
h04ar64h,21,312jd80s,118,trader_bridge_app,PauseTradingSession,1788541842,13,0,1
h04ar64h,22,oq7csg5x,118,trader_bridge_app,PauseTradingSession,1788541842,13,0,1
h04ar64h,23,w03fifp1,118,trader_bridge_app,PauseTradingSession,1788541842,13,0,1
h04ar64h,24,18ahuxm6,118,trader_bridge_app,PauseTradingSession,1788541842,13,0,1
h04ar64h,25,q0dsxnk7,165,trader_bridge_app,DayBreak,1788541842,18,0,0
h04ar64h,2,tvxlbecc,153,trader_bridge_app,TradePage,1788541842,17,0,0
h04ar64h,3,sxp8ngu2,153,trader_bridge_app,TradePage,1788541842,17,0,0
h04ar64h,4,70gpk2i9,153,trader_bridge_app,TradePage,1788541843,17,0,0
h04ar64h,1,sm0ry4ut,153,trader_bridge_app,TradePage,1788541843,17,0,0
h04ar64h,5,mcswnxs6,153,trader_bridge_app,TradePage,1788541843,17,0,0
h04ar64h,6,y51mizer,153,trader_bridge_app,TradePage,1788541843,17,0,0
h04ar64h,18,j6legxhq,153,trader_bridge_app,TradePage,1788541843,17,0,0
h04ar64h,1,sm0ry4ut,154,trader_bridge_app,PauseTradingSession,1788541843,17,0,1
h04ar64h,2,tvxlbecc,154,trader_bridge_app,PauseTradingSession,1788541843,17,0,1
h04ar64h,3,sxp8ngu2,154,trader_bridge_app,PauseTradingSession,1788541843,17,0,1
h04ar64h,4,70gpk2i9,154,trader_bridge_app,PauseTradingSession,1788541843,17,0,1
h04ar64h,5,mcswnxs6,154,trader_bridge_app,PauseTradingSession,1788541843,17,0,1
h04ar64h,6,y51mizer,154,trader_bridge_app,PauseTradingSession,1788541843,17,0,1
h04ar64h,17,shtk2vi6,153,trader_bridge_app,TradePage,1788541844,17,0,0
h04ar64h,16,ypfasl0o,153,trader_bridge_app,TradePage,1788541844,17,0,0
h04ar64h,15,fpjd0ju0,153,trader_bridge_app,TradePage,1788541844,17,0,0
h04ar64h,13,gnbf58uk,153,trader_bridge_app,TradePage,1788541844,17,0,0
h04ar64h,14,gfn2r8vo,153,trader_bridge_app,TradePage,1788541844,17,0,0
h04ar64h,15,fpjd0ju0,154,trader_bridge_app,PauseTradingSession,1788541845,17,0,1
h04ar64h,16,ypfasl0o,154,trader_bridge_app,PauseTradingSession,1788541845,17,0,1
h04ar64h,13,gnbf58uk,154,trader_bridge_app,PauseTradingSession,1788541845,17,0,1
h04ar64h,14,gfn2r8vo,154,trader_bridge_app,PauseTradingSession,1788541845,17,0,1
h04ar64h,17,shtk2vi6,154,trader_bridge_app,PauseTradingSession,1788541845,17,0,1
h04ar64h,18,j6legxhq,154,trader_bridge_app,PauseTradingSession,1788541845,17,0,1
h04ar64h,9,5koml6p7,147,trader_bridge_app,DayBreak,1788541845,16,0,0
h04ar64h,7,wqx1o2wk,147,trader_bridge_app,DayBreak,1788541845,16,0,0
h04ar64h,12,7rwcsuuk,147,trader_bridge_app,DayBreak,1788541846,16,0,0
h04ar64h,8,2eqstpu0,147,trader_bridge_app,DayBreak,1788541846,16,0,0
h04ar64h,26,hib1sgxm,165,trader_bridge_app,DayBreak,1788541846,18,0,0
h04ar64h,5,mcswnxs6,156,trader_bridge_app,DayBreak,1788541846,17,0,0
h04ar64h,20,xzwecx41,120,trader_bridge_app,DayBreak,1788541846,13,0,0
h04ar64h,11,sfggcdud,147,trader_bridge_app,DayBreak,1788541847,16,0,0
h04ar64h,4,70gpk2i9,156,trader_bridge_app,DayBreak,1788541848,17,0,0
h04ar64h,2,tvxlbecc,156,trader_bridge_app,DayBreak,1788541848,17,0,0
h04ar64h,16,ypfasl0o,156,trader_bridge_app,DayBreak,1788541848,17,0,0
h04ar64h,13,gnbf58uk,156,trader_bridge_app,DayBreak,1788541848,17,0,0
h04ar64h,14,gfn2r8vo,156,trader_bridge_app,DayBreak,1788541849,17,0,0
h04ar64h,27,p0qjg0v3,165,trader_bridge_app,DayBreak,1788541850,18,0,0
h04ar64h,25,q0dsxnk7,168,trader_bridge_app,SyncTradingSession,1788541850,19,0,1
h04ar64h,26,hib1sgxm,168,trader_bridge_app,SyncTradingSession,1788541850,19,0,1
h04ar64h,27,p0qjg0v3,168,trader_bridge_app,SyncTradingSession,1788541850,19,0,1
h04ar64h,25,q0dsxnk7,169,trader_bridge_app,ResumeTradingSession,1788541850,19,0,1
h04ar64h,26,hib1sgxm,169,trader_bridge_app,ResumeTradingSession,1788541850,19,0,1
h04ar64h,27,p0qjg0v3,169,trader_bridge_app,ResumeTradingSession,1788541850,19,0,1
h04ar64h,22,oq7csg5x,120,trader_bridge_app,DayBreak,1788541850,13,0,0
h04ar64h,1,sm0ry4ut,156,trader_bridge_app,DayBreak,1788541851,17,0,0
h04ar64h,17,shtk2vi6,156,trader_bridge_app,DayBreak,1788541851,17,0,0
h04ar64h,3,sxp8ngu2,156,trader_bridge_app,DayBreak,1788541851,17,0,0
h04ar64h,19,26cqd8wg,120,trader_bridge_app,DayBreak,1788541851,13,0,0
h04ar64h,24,18ahuxm6,120,trader_bridge_app,DayBreak,1788541852,13,0,0
h04ar64h,6,y51mizer,156,trader_bridge_app,DayBreak,1788541854,17,0,0
h04ar64h,1,sm0ry4ut,160,trader_bridge_app,ResumeTradingSession,1788541854,18,0,1
h04ar64h,2,tvxlbecc,160,trader_bridge_app,ResumeTradingSession,1788541854,18,0,1
h04ar64h,3,sxp8ngu2,160,trader_bridge_app,ResumeTradingSession,1788541854,18,0,1
h04ar64h,4,70gpk2i9,160,trader_bridge_app,ResumeTradingSession,1788541854,18,0,1
h04ar64h,5,mcswnxs6,160,trader_bridge_app,ResumeTradingSession,1788541854,18,0,1
h04ar64h,6,y51mizer,160,trader_bridge_app,ResumeTradingSession,1788541854,18,0,1
h04ar64h,18,j6legxhq,156,trader_bridge_app,DayBreak,1788541854,17,0,0
h04ar64h,15,fpjd0ju0,156,trader_bridge_app,DayBreak,1788541854,17,0,0
h04ar64h,21,312jd80s,120,trader_bridge_app,DayBreak,1788541854,13,0,0
h04ar64h,13,gnbf58uk,160,trader_bridge_app,ResumeTradingSession,1788541854,18,0,1
h04ar64h,14,gfn2r8vo,160,trader_bridge_app,ResumeTradingSession,1788541854,18,0,1
h04ar64h,15,fpjd0ju0,160,trader_bridge_app,ResumeTradingSession,1788541854,18,0,1
h04ar64h,16,ypfasl0o,160,trader_bridge_app,ResumeTradingSession,1788541854,18,0,1
h04ar64h,17,shtk2vi6,160,trader_bridge_app,ResumeTradingSession,1788541854,18,0,1
h04ar64h,18,j6legxhq,160,trader_bridge_app,ResumeTradingSession,1788541854,18,0,1
h04ar64h,23,w03fifp1,120,trader_bridge_app,DayBreak,1788541854,13,0,0
h04ar64h,19,26cqd8wg,124,trader_bridge_app,ResumeTradingSession,1788541855,14,0,1
h04ar64h,20,xzwecx41,124,trader_bridge_app,ResumeTradingSession,1788541855,14,0,1
h04ar64h,21,312jd80s,124,trader_bridge_app,ResumeTradingSession,1788541855,14,0,1
h04ar64h,22,oq7csg5x,124,trader_bridge_app,ResumeTradingSession,1788541855,14,0,1
h04ar64h,23,w03fifp1,124,trader_bridge_app,ResumeTradingSession,1788541855,14,0,1
h04ar64h,24,18ahuxm6,124,trader_bridge_app,ResumeTradingSession,1788541855,14,0,1
h04ar64h,10,74kwsfm2,147,trader_bridge_app,DayBreak,1788541861,16,1,0
h04ar64h,8,2eqstpu0,151,trader_bridge_app,ResumeTradingSession,1788541862,17,0,1
h04ar64h,9,5koml6p7,151,trader_bridge_app,ResumeTradingSession,1788541862,17,0,1
h04ar64h,10,74kwsfm2,151,trader_bridge_app,ResumeTradingSession,1788541862,17,0,1
h04ar64h,11,sfggcdud,151,trader_bridge_app,ResumeTradingSession,1788541862,17,0,1
h04ar64h,7,wqx1o2wk,151,trader_bridge_app,ResumeTradingSession,1788541862,17,0,1
h04ar64h,12,7rwcsuuk,151,trader_bridge_app,ResumeTradingSession,1788541862,17,0,1
h04ar64h,26,hib1sgxm,171,trader_bridge_app,TradePage,1788541911,19,0,0
h04ar64h,25,q0dsxnk7,171,trader_bridge_app,TradePage,1788541911,19,0,0
h04ar64h,27,p0qjg0v3,171,trader_bridge_app,TradePage,1788541911,19,0,0
h04ar64h,25,q0dsxnk7,172,trader_bridge_app,PauseTradingSession,1788541911,19,0,1
h04ar64h,26,hib1sgxm,172,trader_bridge_app,PauseTradingSession,1788541911,19,0,1
h04ar64h,27,p0qjg0v3,172,trader_bridge_app,PauseTradingSession,1788541911,19,0,1
h04ar64h,6,y51mizer,162,trader_bridge_app,TradePage,1788541915,18,0,0
h04ar64h,25,q0dsxnk7,174,trader_bridge_app,DayBreak,1788541915,19,0,0
h04ar64h,3,sxp8ngu2,162,trader_bridge_app,TradePage,1788541915,18,0,0
h04ar64h,2,tvxlbecc,162,trader_bridge_app,TradePage,1788541915,18,0,0
h04ar64h,4,70gpk2i9,162,trader_bridge_app,TradePage,1788541915,18,0,0
h04ar64h,5,mcswnxs6,162,trader_bridge_app,TradePage,1788541916,18,0,0
h04ar64h,1,sm0ry4ut,162,trader_bridge_app,TradePage,1788541916,18,0,0
h04ar64h,5,mcswnxs6,164,trader_bridge_app,FinalizeTradingSession,1788541916,18,0,1
h04ar64h,6,y51mizer,164,trader_bridge_app,FinalizeTradingSession,1788541916,18,0,1
h04ar64h,1,sm0ry4ut,164,trader_bridge_app,FinalizeTradingSession,1788541916,18,0,1
h04ar64h,2,tvxlbecc,164,trader_bridge_app,FinalizeTradingSession,1788541916,18,0,1
h04ar64h,3,sxp8ngu2,164,trader_bridge_app,FinalizeTradingSession,1788541916,18,0,1
h04ar64h,4,70gpk2i9,164,trader_bridge_app,FinalizeTradingSession,1788541916,18,0,1
h04ar64h,18,j6legxhq,162,trader_bridge_app,TradePage,1788541916,18,0,0
h04ar64h,15,fpjd0ju0,162,trader_bridge_app,TradePage,1788541916,18,0,0
h04ar64h,21,312jd80s,126,trader_bridge_app,TradePage,1788541916,14,0,0
h04ar64h,14,gfn2r8vo,162,trader_bridge_app,TradePage,1788541917,18,0,0
h04ar64h,17,shtk2vi6,162,trader_bridge_app,TradePage,1788541917,18,0,0
h04ar64h,13,gnbf58uk,162,trader_bridge_app,TradePage,1788541917,18,0,0
h04ar64h,23,w03fifp1,126,trader_bridge_app,TradePage,1788541917,14,0,0
h04ar64h,19,26cqd8wg,126,trader_bridge_app,TradePage,1788541917,14,0,0
h04ar64h,24,18ahuxm6,126,trader_bridge_app,TradePage,1788541917,14,0,0
h04ar64h,20,xzwecx41,126,trader_bridge_app,TradePage,1788541917,14,0,0
h04ar64h,26,hib1sgxm,174,trader_bridge_app,DayBreak,1788541917,19,0,0
h04ar64h,27,p0qjg0v3,174,trader_bridge_app,DayBreak,1788541917,19,0,0
h04ar64h,25,q0dsxnk7,178,trader_bridge_app,ResumeTradingSession,1788541918,20,0,1
h04ar64h,26,hib1sgxm,178,trader_bridge_app,ResumeTradingSession,1788541918,20,0,1
h04ar64h,27,p0qjg0v3,178,trader_bridge_app,ResumeTradingSession,1788541918,20,0,1
h04ar64h,5,mcswnxs6,165,trader_bridge_app,DayBreak,1788541919,18,0,0
h04ar64h,16,ypfasl0o,162,trader_bridge_app,TradePage,1788541920,18,0,0
h04ar64h,13,gnbf58uk,164,trader_bridge_app,FinalizeTradingSession,1788541920,18,0,1
h04ar64h,14,gfn2r8vo,164,trader_bridge_app,FinalizeTradingSession,1788541920,18,0,1
h04ar64h,15,fpjd0ju0,164,trader_bridge_app,FinalizeTradingSession,1788541920,18,0,1
h04ar64h,16,ypfasl0o,164,trader_bridge_app,FinalizeTradingSession,1788541920,18,0,1
h04ar64h,17,shtk2vi6,164,trader_bridge_app,FinalizeTradingSession,1788541920,18,0,1
h04ar64h,18,j6legxhq,164,trader_bridge_app,FinalizeTradingSession,1788541920,18,0,1
h04ar64h,22,oq7csg5x,126,trader_bridge_app,TradePage,1788541921,14,0,0
h04ar64h,19,26cqd8wg,127,trader_bridge_app,PauseTradingSession,1788541921,14,0,1
h04ar64h,20,xzwecx41,127,trader_bridge_app,PauseTradingSession,1788541921,14,0,1
h04ar64h,21,312jd80s,127,trader_bridge_app,PauseTradingSession,1788541921,14,0,1
h04ar64h,22,oq7csg5x,127,trader_bridge_app,PauseTradingSession,1788541921,14,0,1
h04ar64h,23,w03fifp1,127,trader_bridge_app,PauseTradingSession,1788541921,14,0,1
h04ar64h,24,18ahuxm6,127,trader_bridge_app,PauseTradingSession,1788541921,14,0,1
h04ar64h,4,70gpk2i9,165,trader_bridge_app,DayBreak,1788541922,18,0,0
h04ar64h,2,tvxlbecc,165,trader_bridge_app,DayBreak,1788541923,18,0,0
h04ar64h,10,74kwsfm2,153,trader_bridge_app,TradePage,1788541923,17,0,0
h04ar64h,7,wqx1o2wk,153,trader_bridge_app,TradePage,1788541923,17,0,0
h04ar64h,8,2eqstpu0,153,trader_bridge_app,TradePage,1788541923,17,0,0
h04ar64h,11,sfggcdud,153,trader_bridge_app,TradePage,1788541923,17,0,0
h04ar64h,12,7rwcsuuk,153,trader_bridge_app,TradePage,1788541923,17,0,0
h04ar64h,9,5koml6p7,153,trader_bridge_app,TradePage,1788541923,17,0,0
h04ar64h,7,wqx1o2wk,154,trader_bridge_app,PauseTradingSession,1788541924,17,0,1
h04ar64h,8,2eqstpu0,154,trader_bridge_app,PauseTradingSession,1788541924,17,0,1
h04ar64h,9,5koml6p7,154,trader_bridge_app,PauseTradingSession,1788541924,17,0,1
h04ar64h,10,74kwsfm2,154,trader_bridge_app,PauseTradingSession,1788541924,17,0,1
h04ar64h,11,sfggcdud,154,trader_bridge_app,PauseTradingSession,1788541924,17,0,1
h04ar64h,12,7rwcsuuk,154,trader_bridge_app,PauseTradingSession,1788541924,17,0,1
h04ar64h,1,sm0ry4ut,165,trader_bridge_app,DayBreak,1788541924,18,0,0
h04ar64h,3,sxp8ngu2,165,trader_bridge_app,DayBreak,1788541925,18,0,0
h04ar64h,23,w03fifp1,129,trader_bridge_app,DayBreak,1788541926,14,0,0
h04ar64h,15,fpjd0ju0,165,trader_bridge_app,DayBreak,1788541926,18,0,0
h04ar64h,14,gfn2r8vo,165,trader_bridge_app,DayBreak,1788541926,18,0,0
h04ar64h,11,sfggcdud,156,trader_bridge_app,DayBreak,1788541927,17,0,0
h04ar64h,24,18ahuxm6,129,trader_bridge_app,DayBreak,1788541927,14,0,0
h04ar64h,21,312jd80s,129,trader_bridge_app,DayBreak,1788541928,14,0,0
h04ar64h,17,shtk2vi6,165,trader_bridge_app,DayBreak,1788541928,18,0,0
h04ar64h,12,7rwcsuuk,156,trader_bridge_app,DayBreak,1788541928,17,0,0
h04ar64h,9,5koml6p7,156,trader_bridge_app,DayBreak,1788541928,17,0,0
h04ar64h,18,j6legxhq,165,trader_bridge_app,DayBreak,1788541928,18,0,0
h04ar64h,7,wqx1o2wk,156,trader_bridge_app,DayBreak,1788541929,17,0,0
h04ar64h,19,26cqd8wg,129,trader_bridge_app,DayBreak,1788541930,14,0,0
h04ar64h,22,oq7csg5x,129,trader_bridge_app,DayBreak,1788541931,14,0,0
h04ar64h,20,xzwecx41,129,trader_bridge_app,DayBreak,1788541932,14,0,0
h04ar64h,19,26cqd8wg,133,trader_bridge_app,ResumeTradingSession,1788541932,15,0,1
h04ar64h,20,xzwecx41,133,trader_bridge_app,ResumeTradingSession,1788541932,15,0,1
h04ar64h,21,312jd80s,133,trader_bridge_app,ResumeTradingSession,1788541932,15,0,1
h04ar64h,22,oq7csg5x,133,trader_bridge_app,ResumeTradingSession,1788541932,15,0,1
h04ar64h,23,w03fifp1,133,trader_bridge_app,ResumeTradingSession,1788541932,15,0,1
h04ar64h,24,18ahuxm6,133,trader_bridge_app,ResumeTradingSession,1788541932,15,0,1
h04ar64h,16,ypfasl0o,165,trader_bridge_app,DayBreak,1788541933,18,0,0
h04ar64h,6,y51mizer,165,trader_bridge_app,DayBreak,1788541935,18,0,0
h04ar64h,1,sm0ry4ut,168,trader_bridge_app,SyncTradingSession,1788541935,19,0,1
h04ar64h,2,tvxlbecc,168,trader_bridge_app,SyncTradingSession,1788541935,19,0,1
h04ar64h,3,sxp8ngu2,168,trader_bridge_app,SyncTradingSession,1788541935,19,0,1
h04ar64h,4,70gpk2i9,168,trader_bridge_app,SyncTradingSession,1788541935,19,0,1
h04ar64h,5,mcswnxs6,168,trader_bridge_app,SyncTradingSession,1788541935,19,0,1
h04ar64h,6,y51mizer,168,trader_bridge_app,SyncTradingSession,1788541935,19,0,1
h04ar64h,1,sm0ry4ut,169,trader_bridge_app,ResumeTradingSession,1788541935,19,0,1
h04ar64h,2,tvxlbecc,169,trader_bridge_app,ResumeTradingSession,1788541935,19,0,1
h04ar64h,3,sxp8ngu2,169,trader_bridge_app,ResumeTradingSession,1788541935,19,0,1
h04ar64h,4,70gpk2i9,169,trader_bridge_app,ResumeTradingSession,1788541935,19,0,1
h04ar64h,5,mcswnxs6,169,trader_bridge_app,ResumeTradingSession,1788541935,19,0,1
h04ar64h,6,y51mizer,169,trader_bridge_app,ResumeTradingSession,1788541935,19,0,1
h04ar64h,8,2eqstpu0,156,trader_bridge_app,DayBreak,1788541937,17,0,0
h04ar64h,13,gnbf58uk,165,trader_bridge_app,DayBreak,1788541941,18,1,0
h04ar64h,13,gnbf58uk,168,trader_bridge_app,SyncTradingSession,1788541941,19,0,1
h04ar64h,14,gfn2r8vo,168,trader_bridge_app,SyncTradingSession,1788541941,19,0,1
h04ar64h,15,fpjd0ju0,168,trader_bridge_app,SyncTradingSession,1788541941,19,0,1
h04ar64h,16,ypfasl0o,168,trader_bridge_app,SyncTradingSession,1788541941,19,0,1
h04ar64h,17,shtk2vi6,168,trader_bridge_app,SyncTradingSession,1788541941,19,0,1
h04ar64h,18,j6legxhq,168,trader_bridge_app,SyncTradingSession,1788541941,19,0,1
h04ar64h,13,gnbf58uk,169,trader_bridge_app,ResumeTradingSession,1788541941,19,0,1
h04ar64h,14,gfn2r8vo,169,trader_bridge_app,ResumeTradingSession,1788541941,19,0,1
h04ar64h,15,fpjd0ju0,169,trader_bridge_app,ResumeTradingSession,1788541941,19,0,1
h04ar64h,16,ypfasl0o,169,trader_bridge_app,ResumeTradingSession,1788541941,19,0,1
h04ar64h,17,shtk2vi6,169,trader_bridge_app,ResumeTradingSession,1788541941,19,0,1
h04ar64h,18,j6legxhq,169,trader_bridge_app,ResumeTradingSession,1788541941,19,0,1
h04ar64h,10,74kwsfm2,156,trader_bridge_app,DayBreak,1788541944,17,1,0
h04ar64h,7,wqx1o2wk,160,trader_bridge_app,ResumeTradingSession,1788541945,18,0,1
h04ar64h,8,2eqstpu0,160,trader_bridge_app,ResumeTradingSession,1788541945,18,0,1
h04ar64h,9,5koml6p7,160,trader_bridge_app,ResumeTradingSession,1788541945,18,0,1
h04ar64h,10,74kwsfm2,160,trader_bridge_app,ResumeTradingSession,1788541945,18,0,1
h04ar64h,11,sfggcdud,160,trader_bridge_app,ResumeTradingSession,1788541945,18,0,1
h04ar64h,12,7rwcsuuk,160,trader_bridge_app,ResumeTradingSession,1788541945,18,0,1
h04ar64h,25,q0dsxnk7,180,trader_bridge_app,TradePage,1788541979,20,0,0
h04ar64h,26,hib1sgxm,180,trader_bridge_app,TradePage,1788541979,20,0,0
h04ar64h,27,p0qjg0v3,180,trader_bridge_app,TradePage,1788541984,20,0,0
h04ar64h,25,q0dsxnk7,181,trader_bridge_app,PauseTradingSession,1788541985,20,0,1
h04ar64h,26,hib1sgxm,181,trader_bridge_app,PauseTradingSession,1788541985,20,0,1
h04ar64h,27,p0qjg0v3,181,trader_bridge_app,PauseTradingSession,1788541985,20,0,1
h04ar64h,25,q0dsxnk7,183,trader_bridge_app,DayBreak,1788541989,20,0,0
h04ar64h,27,p0qjg0v3,183,trader_bridge_app,DayBreak,1788541989,20,0,0
h04ar64h,26,hib1sgxm,183,trader_bridge_app,DayBreak,1788541990,20,0,0
h04ar64h,25,q0dsxnk7,187,trader_bridge_app,ResumeTradingSession,1788541990,21,0,1
h04ar64h,26,hib1sgxm,187,trader_bridge_app,ResumeTradingSession,1788541990,21,0,1
h04ar64h,27,p0qjg0v3,187,trader_bridge_app,ResumeTradingSession,1788541990,21,0,1
h04ar64h,3,sxp8ngu2,171,trader_bridge_app,TradePage,1788541996,19,0,0
h04ar64h,6,y51mizer,171,trader_bridge_app,TradePage,1788541996,19,0,0
h04ar64h,2,tvxlbecc,171,trader_bridge_app,TradePage,1788541996,19,0,0
h04ar64h,4,70gpk2i9,171,trader_bridge_app,TradePage,1788541996,19,0,0
h04ar64h,5,mcswnxs6,171,trader_bridge_app,TradePage,1788541996,19,0,0
h04ar64h,1,sm0ry4ut,171,trader_bridge_app,TradePage,1788541996,19,0,0
h04ar64h,2,tvxlbecc,172,trader_bridge_app,PauseTradingSession,1788541996,19,0,1
h04ar64h,3,sxp8ngu2,172,trader_bridge_app,PauseTradingSession,1788541996,19,0,1
h04ar64h,4,70gpk2i9,172,trader_bridge_app,PauseTradingSession,1788541996,19,0,1
h04ar64h,5,mcswnxs6,172,trader_bridge_app,PauseTradingSession,1788541996,19,0,1
h04ar64h,6,y51mizer,172,trader_bridge_app,PauseTradingSession,1788541996,19,0,1
h04ar64h,1,sm0ry4ut,172,trader_bridge_app,PauseTradingSession,1788541996,19,0,1
h04ar64h,3,sxp8ngu2,174,trader_bridge_app,DayBreak,1788541999,19,0,0
h04ar64h,21,312jd80s,135,trader_bridge_app,TradePage,1788541999,15,0,0
h04ar64h,24,18ahuxm6,135,trader_bridge_app,TradePage,1788541999,15,0,0
h04ar64h,22,oq7csg5x,135,trader_bridge_app,TradePage,1788541999,15,0,0
h04ar64h,20,xzwecx41,135,trader_bridge_app,TradePage,1788541999,15,0,0
h04ar64h,23,w03fifp1,135,trader_bridge_app,TradePage,1788541999,15,0,0
h04ar64h,19,26cqd8wg,135,trader_bridge_app,TradePage,1788541999,15,0,0
h04ar64h,19,26cqd8wg,136,trader_bridge_app,PauseTradingSession,1788542000,15,0,1
h04ar64h,20,xzwecx41,136,trader_bridge_app,PauseTradingSession,1788542000,15,0,1
h04ar64h,21,312jd80s,136,trader_bridge_app,PauseTradingSession,1788542000,15,0,1
h04ar64h,22,oq7csg5x,136,trader_bridge_app,PauseTradingSession,1788542000,15,0,1
h04ar64h,23,w03fifp1,136,trader_bridge_app,PauseTradingSession,1788542000,15,0,1
h04ar64h,24,18ahuxm6,136,trader_bridge_app,PauseTradingSession,1788542000,15,0,1
h04ar64h,5,mcswnxs6,174,trader_bridge_app,DayBreak,1788542000,19,0,0
h04ar64h,2,tvxlbecc,174,trader_bridge_app,DayBreak,1788542000,19,0,0
h04ar64h,4,70gpk2i9,174,trader_bridge_app,DayBreak,1788542001,19,0,0
h04ar64h,1,sm0ry4ut,174,trader_bridge_app,DayBreak,1788542001,19,0,0
h04ar64h,13,gnbf58uk,171,trader_bridge_app,TradePage,1788542002,19,0,0
h04ar64h,17,shtk2vi6,171,trader_bridge_app,TradePage,1788542002,19,0,0
h04ar64h,18,j6legxhq,171,trader_bridge_app,TradePage,1788542002,19,0,0
h04ar64h,16,ypfasl0o,171,trader_bridge_app,TradePage,1788542002,19,0,0
h04ar64h,15,fpjd0ju0,171,trader_bridge_app,TradePage,1788542002,19,0,0
h04ar64h,14,gfn2r8vo,171,trader_bridge_app,TradePage,1788542002,19,0,0
h04ar64h,17,shtk2vi6,172,trader_bridge_app,PauseTradingSession,1788542002,19,0,1
h04ar64h,18,j6legxhq,172,trader_bridge_app,PauseTradingSession,1788542002,19,0,1
h04ar64h,13,gnbf58uk,172,trader_bridge_app,PauseTradingSession,1788542002,19,0,1
h04ar64h,14,gfn2r8vo,172,trader_bridge_app,PauseTradingSession,1788542002,19,0,1
h04ar64h,15,fpjd0ju0,172,trader_bridge_app,PauseTradingSession,1788542002,19,0,1
h04ar64h,16,ypfasl0o,172,trader_bridge_app,PauseTradingSession,1788542002,19,0,1
h04ar64h,6,y51mizer,174,trader_bridge_app,DayBreak,1788542003,19,0,0
h04ar64h,1,sm0ry4ut,178,trader_bridge_app,ResumeTradingSession,1788542003,20,0,1
h04ar64h,2,tvxlbecc,178,trader_bridge_app,ResumeTradingSession,1788542003,20,0,1
h04ar64h,3,sxp8ngu2,178,trader_bridge_app,ResumeTradingSession,1788542003,20,0,1
h04ar64h,4,70gpk2i9,178,trader_bridge_app,ResumeTradingSession,1788542003,20,0,1
h04ar64h,5,mcswnxs6,178,trader_bridge_app,ResumeTradingSession,1788542003,20,0,1
h04ar64h,6,y51mizer,178,trader_bridge_app,ResumeTradingSession,1788542003,20,0,1
h04ar64h,13,gnbf58uk,174,trader_bridge_app,DayBreak,1788542005,19,0,0
h04ar64h,10,74kwsfm2,162,trader_bridge_app,TradePage,1788542005,18,0,0
h04ar64h,7,wqx1o2wk,162,trader_bridge_app,TradePage,1788542005,18,0,0
h04ar64h,8,2eqstpu0,162,trader_bridge_app,TradePage,1788542006,18,0,0
h04ar64h,9,5koml6p7,162,trader_bridge_app,TradePage,1788542006,18,0,0
h04ar64h,11,sfggcdud,162,trader_bridge_app,TradePage,1788542006,18,0,0
h04ar64h,12,7rwcsuuk,162,trader_bridge_app,TradePage,1788542006,18,0,0
h04ar64h,8,2eqstpu0,164,trader_bridge_app,FinalizeTradingSession,1788542006,18,0,1
h04ar64h,7,wqx1o2wk,164,trader_bridge_app,FinalizeTradingSession,1788542006,18,0,1
h04ar64h,9,5koml6p7,164,trader_bridge_app,FinalizeTradingSession,1788542006,18,0,1
h04ar64h,10,74kwsfm2,164,trader_bridge_app,FinalizeTradingSession,1788542006,18,0,1
h04ar64h,11,sfggcdud,164,trader_bridge_app,FinalizeTradingSession,1788542006,18,0,1
h04ar64h,12,7rwcsuuk,164,trader_bridge_app,FinalizeTradingSession,1788542006,18,0,1
h04ar64h,14,gfn2r8vo,174,trader_bridge_app,DayBreak,1788542007,19,0,0
h04ar64h,16,ypfasl0o,174,trader_bridge_app,DayBreak,1788542007,19,0,0
h04ar64h,19,26cqd8wg,138,trader_bridge_app,DayBreak,1788542007,15,0,0
h04ar64h,18,j6legxhq,174,trader_bridge_app,DayBreak,1788542008,19,0,0
h04ar64h,24,18ahuxm6,138,trader_bridge_app,DayBreak,1788542009,15,0,0
h04ar64h,11,sfggcdud,165,trader_bridge_app,DayBreak,1788542011,18,0,0
h04ar64h,20,xzwecx41,138,trader_bridge_app,DayBreak,1788542011,15,0,0
h04ar64h,17,shtk2vi6,174,trader_bridge_app,DayBreak,1788542011,19,0,0
h04ar64h,21,312jd80s,138,trader_bridge_app,DayBreak,1788542013,15,0,0
h04ar64h,7,wqx1o2wk,165,trader_bridge_app,DayBreak,1788542013,18,0,0
h04ar64h,8,2eqstpu0,165,trader_bridge_app,DayBreak,1788542014,18,0,0
h04ar64h,22,oq7csg5x,138,trader_bridge_app,DayBreak,1788542015,15,0,0
h04ar64h,9,5koml6p7,165,trader_bridge_app,DayBreak,1788542017,18,0,0
h04ar64h,10,74kwsfm2,165,trader_bridge_app,DayBreak,1788542018,18,0,0
h04ar64h,23,w03fifp1,138,trader_bridge_app,DayBreak,1788542020,15,1,0
h04ar64h,12,7rwcsuuk,165,trader_bridge_app,DayBreak,1788542021,18,0,0
h04ar64h,19,26cqd8wg,142,trader_bridge_app,ResumeTradingSession,1788542021,16,0,1
h04ar64h,20,xzwecx41,142,trader_bridge_app,ResumeTradingSession,1788542021,16,0,1
h04ar64h,21,312jd80s,142,trader_bridge_app,ResumeTradingSession,1788542021,16,0,1
h04ar64h,22,oq7csg5x,142,trader_bridge_app,ResumeTradingSession,1788542021,16,0,1
h04ar64h,23,w03fifp1,142,trader_bridge_app,ResumeTradingSession,1788542021,16,0,1
h04ar64h,24,18ahuxm6,142,trader_bridge_app,ResumeTradingSession,1788542021,16,0,1
h04ar64h,7,wqx1o2wk,168,trader_bridge_app,SyncTradingSession,1788542021,19,0,1
h04ar64h,8,2eqstpu0,168,trader_bridge_app,SyncTradingSession,1788542021,19,0,1
h04ar64h,9,5koml6p7,168,trader_bridge_app,SyncTradingSession,1788542021,19,0,1
h04ar64h,10,74kwsfm2,168,trader_bridge_app,SyncTradingSession,1788542021,19,0,1
h04ar64h,11,sfggcdud,168,trader_bridge_app,SyncTradingSession,1788542021,19,0,1
h04ar64h,12,7rwcsuuk,168,trader_bridge_app,SyncTradingSession,1788542021,19,0,1
h04ar64h,7,wqx1o2wk,169,trader_bridge_app,ResumeTradingSession,1788542021,19,0,1
h04ar64h,8,2eqstpu0,169,trader_bridge_app,ResumeTradingSession,1788542021,19,0,1
h04ar64h,9,5koml6p7,169,trader_bridge_app,ResumeTradingSession,1788542021,19,0,1
h04ar64h,10,74kwsfm2,169,trader_bridge_app,ResumeTradingSession,1788542021,19,0,1
h04ar64h,11,sfggcdud,169,trader_bridge_app,ResumeTradingSession,1788542021,19,0,1
h04ar64h,12,7rwcsuuk,169,trader_bridge_app,ResumeTradingSession,1788542021,19,0,1
h04ar64h,15,fpjd0ju0,174,trader_bridge_app,DayBreak,1788542024,19,1,0
h04ar64h,13,gnbf58uk,178,trader_bridge_app,ResumeTradingSession,1788542024,20,0,1
h04ar64h,14,gfn2r8vo,178,trader_bridge_app,ResumeTradingSession,1788542024,20,0,1
h04ar64h,15,fpjd0ju0,178,trader_bridge_app,ResumeTradingSession,1788542024,20,0,1
h04ar64h,16,ypfasl0o,178,trader_bridge_app,ResumeTradingSession,1788542024,20,0,1
h04ar64h,17,shtk2vi6,178,trader_bridge_app,ResumeTradingSession,1788542024,20,0,1
h04ar64h,18,j6legxhq,178,trader_bridge_app,ResumeTradingSession,1788542024,20,0,1
h04ar64h,26,hib1sgxm,189,trader_bridge_app,TradePage,1788542051,21,0,0
h04ar64h,27,p0qjg0v3,189,trader_bridge_app,TradePage,1788542053,21,0,0
h04ar64h,25,q0dsxnk7,189,trader_bridge_app,TradePage,1788542053,21,0,0
h04ar64h,25,q0dsxnk7,190,trader_bridge_app,PauseTradingSession,1788542053,21,0,1
h04ar64h,26,hib1sgxm,190,trader_bridge_app,PauseTradingSession,1788542053,21,0,1
h04ar64h,27,p0qjg0v3,190,trader_bridge_app,PauseTradingSession,1788542053,21,0,1
h04ar64h,25,q0dsxnk7,192,trader_bridge_app,DayBreak,1788542060,21,0,0
h04ar64h,6,y51mizer,180,trader_bridge_app,TradePage,1788542064,20,0,0
h04ar64h,2,tvxlbecc,180,trader_bridge_app,TradePage,1788542064,20,0,0
h04ar64h,5,mcswnxs6,180,trader_bridge_app,TradePage,1788542064,20,0,0
h04ar64h,3,sxp8ngu2,180,trader_bridge_app,TradePage,1788542064,20,0,0
h04ar64h,1,sm0ry4ut,180,trader_bridge_app,TradePage,1788542064,20,0,0
h04ar64h,4,70gpk2i9,180,trader_bridge_app,TradePage,1788542064,20,0,0
h04ar64h,1,sm0ry4ut,181,trader_bridge_app,PauseTradingSession,1788542065,20,0,1
h04ar64h,2,tvxlbecc,181,trader_bridge_app,PauseTradingSession,1788542065,20,0,1
h04ar64h,3,sxp8ngu2,181,trader_bridge_app,PauseTradingSession,1788542065,20,0,1
h04ar64h,4,70gpk2i9,181,trader_bridge_app,PauseTradingSession,1788542065,20,0,1
h04ar64h,5,mcswnxs6,181,trader_bridge_app,PauseTradingSession,1788542065,20,0,1
h04ar64h,6,y51mizer,181,trader_bridge_app,PauseTradingSession,1788542065,20,0,1
h04ar64h,26,hib1sgxm,192,trader_bridge_app,DayBreak,1788542065,21,0,0
h04ar64h,27,p0qjg0v3,192,trader_bridge_app,DayBreak,1788542065,21,0,0
h04ar64h,25,q0dsxnk7,196,trader_bridge_app,ResumeTradingSession,1788542066,22,0,1
h04ar64h,26,hib1sgxm,196,trader_bridge_app,ResumeTradingSession,1788542066,22,0,1
h04ar64h,27,p0qjg0v3,196,trader_bridge_app,ResumeTradingSession,1788542066,22,0,1
h04ar64h,5,mcswnxs6,183,trader_bridge_app,DayBreak,1788542068,20,0,0
h04ar64h,4,70gpk2i9,183,trader_bridge_app,DayBreak,1788542069,20,0,0
h04ar64h,6,y51mizer,183,trader_bridge_app,DayBreak,1788542069,20,0,0
h04ar64h,2,tvxlbecc,183,trader_bridge_app,DayBreak,1788542070,20,0,0
h04ar64h,3,sxp8ngu2,183,trader_bridge_app,DayBreak,1788542070,20,0,0
h04ar64h,1,sm0ry4ut,183,trader_bridge_app,DayBreak,1788542071,20,0,0
h04ar64h,1,sm0ry4ut,187,trader_bridge_app,ResumeTradingSession,1788542071,21,0,1
h04ar64h,2,tvxlbecc,187,trader_bridge_app,ResumeTradingSession,1788542071,21,0,1
h04ar64h,3,sxp8ngu2,187,trader_bridge_app,ResumeTradingSession,1788542071,21,0,1
h04ar64h,4,70gpk2i9,187,trader_bridge_app,ResumeTradingSession,1788542071,21,0,1
h04ar64h,5,mcswnxs6,187,trader_bridge_app,ResumeTradingSession,1788542071,21,0,1
h04ar64h,6,y51mizer,187,trader_bridge_app,ResumeTradingSession,1788542071,21,0,1
h04ar64h,23,w03fifp1,144,trader_bridge_app,TradePage,1788542086,16,0,0
h04ar64h,21,312jd80s,144,trader_bridge_app,TradePage,1788542086,16,0,0
h04ar64h,19,26cqd8wg,144,trader_bridge_app,TradePage,1788542086,16,0,0
h04ar64h,20,xzwecx41,144,trader_bridge_app,TradePage,1788542086,16,0,0
h04ar64h,24,18ahuxm6,144,trader_bridge_app,TradePage,1788542086,16,0,0
h04ar64h,22,oq7csg5x,144,trader_bridge_app,TradePage,1788542086,16,0,0
h04ar64h,19,26cqd8wg,145,trader_bridge_app,PauseTradingSession,1788542086,16,0,1
h04ar64h,20,xzwecx41,145,trader_bridge_app,PauseTradingSession,1788542086,16,0,1
h04ar64h,21,312jd80s,145,trader_bridge_app,PauseTradingSession,1788542086,16,0,1
h04ar64h,22,oq7csg5x,145,trader_bridge_app,PauseTradingSession,1788542086,16,0,1
h04ar64h,23,w03fifp1,145,trader_bridge_app,PauseTradingSession,1788542086,16,0,1
h04ar64h,24,18ahuxm6,145,trader_bridge_app,PauseTradingSession,1788542086,16,0,1
h04ar64h,12,7rwcsuuk,171,trader_bridge_app,TradePage,1788542086,19,0,0
h04ar64h,10,74kwsfm2,171,trader_bridge_app,TradePage,1788542086,19,0,0
h04ar64h,9,5koml6p7,171,trader_bridge_app,TradePage,1788542086,19,0,0
h04ar64h,11,sfggcdud,171,trader_bridge_app,TradePage,1788542086,19,0,0
h04ar64h,8,2eqstpu0,171,trader_bridge_app,TradePage,1788542086,19,0,0
h04ar64h,7,wqx1o2wk,171,trader_bridge_app,TradePage,1788542087,19,0,0
h04ar64h,10,74kwsfm2,172,trader_bridge_app,PauseTradingSession,1788542087,19,0,1
h04ar64h,11,sfggcdud,172,trader_bridge_app,PauseTradingSession,1788542087,19,0,1
h04ar64h,7,wqx1o2wk,172,trader_bridge_app,PauseTradingSession,1788542087,19,0,1
h04ar64h,8,2eqstpu0,172,trader_bridge_app,PauseTradingSession,1788542087,19,0,1
h04ar64h,9,5koml6p7,172,trader_bridge_app,PauseTradingSession,1788542087,19,0,1
h04ar64h,12,7rwcsuuk,172,trader_bridge_app,PauseTradingSession,1788542087,19,0,1
h04ar64h,15,fpjd0ju0,180,trader_bridge_app,TradePage,1788542088,20,0,0
h04ar64h,13,gnbf58uk,180,trader_bridge_app,TradePage,1788542088,20,0,0
h04ar64h,17,shtk2vi6,180,trader_bridge_app,TradePage,1788542088,20,0,0
h04ar64h,16,ypfasl0o,180,trader_bridge_app,TradePage,1788542088,20,0,0
h04ar64h,18,j6legxhq,180,trader_bridge_app,TradePage,1788542088,20,0,0
h04ar64h,14,gfn2r8vo,180,trader_bridge_app,TradePage,1788542088,20,0,0
h04ar64h,13,gnbf58uk,181,trader_bridge_app,PauseTradingSession,1788542088,20,0,1
h04ar64h,14,gfn2r8vo,181,trader_bridge_app,PauseTradingSession,1788542088,20,0,1
h04ar64h,15,fpjd0ju0,181,trader_bridge_app,PauseTradingSession,1788542088,20,0,1
h04ar64h,16,ypfasl0o,181,trader_bridge_app,PauseTradingSession,1788542088,20,0,1
h04ar64h,17,shtk2vi6,181,trader_bridge_app,PauseTradingSession,1788542088,20,0,1
h04ar64h,18,j6legxhq,181,trader_bridge_app,PauseTradingSession,1788542088,20,0,1
h04ar64h,24,18ahuxm6,147,trader_bridge_app,DayBreak,1788542090,16,0,0
h04ar64h,21,312jd80s,147,trader_bridge_app,DayBreak,1788542090,16,0,0
h04ar64h,13,gnbf58uk,183,trader_bridge_app,DayBreak,1788542091,20,0,0
h04ar64h,9,5koml6p7,174,trader_bridge_app,DayBreak,1788542091,19,0,0
h04ar64h,8,2eqstpu0,174,trader_bridge_app,DayBreak,1788542091,19,0,0
h04ar64h,7,wqx1o2wk,174,trader_bridge_app,DayBreak,1788542092,19,0,0
h04ar64h,11,sfggcdud,174,trader_bridge_app,DayBreak,1788542092,19,0,0
h04ar64h,14,gfn2r8vo,183,trader_bridge_app,DayBreak,1788542092,20,0,0
h04ar64h,17,shtk2vi6,183,trader_bridge_app,DayBreak,1788542092,20,0,0
h04ar64h,18,j6legxhq,183,trader_bridge_app,DayBreak,1788542093,20,0,0
h04ar64h,15,fpjd0ju0,183,trader_bridge_app,DayBreak,1788542094,20,0,0
h04ar64h,23,w03fifp1,147,trader_bridge_app,DayBreak,1788542094,16,0,0
h04ar64h,22,oq7csg5x,147,trader_bridge_app,DayBreak,1788542096,16,0,0
h04ar64h,20,xzwecx41,147,trader_bridge_app,DayBreak,1788542096,16,0,0
h04ar64h,12,7rwcsuuk,174,trader_bridge_app,DayBreak,1788542097,19,0,0
h04ar64h,19,26cqd8wg,147,trader_bridge_app,DayBreak,1788542099,16,0,0
h04ar64h,19,26cqd8wg,151,trader_bridge_app,ResumeTradingSession,1788542100,17,0,1
h04ar64h,20,xzwecx41,151,trader_bridge_app,ResumeTradingSession,1788542100,17,0,1
h04ar64h,21,312jd80s,151,trader_bridge_app,ResumeTradingSession,1788542100,17,0,1
h04ar64h,22,oq7csg5x,151,trader_bridge_app,ResumeTradingSession,1788542100,17,0,1
h04ar64h,23,w03fifp1,151,trader_bridge_app,ResumeTradingSession,1788542100,17,0,1
h04ar64h,24,18ahuxm6,151,trader_bridge_app,ResumeTradingSession,1788542100,17,0,1
h04ar64h,16,ypfasl0o,183,trader_bridge_app,DayBreak,1788542101,20,0,0
h04ar64h,13,gnbf58uk,187,trader_bridge_app,ResumeTradingSession,1788542102,21,0,1
h04ar64h,14,gfn2r8vo,187,trader_bridge_app,ResumeTradingSession,1788542102,21,0,1
h04ar64h,15,fpjd0ju0,187,trader_bridge_app,ResumeTradingSession,1788542102,21,0,1
h04ar64h,16,ypfasl0o,187,trader_bridge_app,ResumeTradingSession,1788542102,21,0,1
h04ar64h,17,shtk2vi6,187,trader_bridge_app,ResumeTradingSession,1788542102,21,0,1
h04ar64h,18,j6legxhq,187,trader_bridge_app,ResumeTradingSession,1788542102,21,0,1
h04ar64h,10,74kwsfm2,174,trader_bridge_app,DayBreak,1788542108,19,1,0
h04ar64h,7,wqx1o2wk,178,trader_bridge_app,ResumeTradingSession,1788542108,20,0,1
h04ar64h,8,2eqstpu0,178,trader_bridge_app,ResumeTradingSession,1788542108,20,0,1
h04ar64h,9,5koml6p7,178,trader_bridge_app,ResumeTradingSession,1788542108,20,0,1
h04ar64h,10,74kwsfm2,178,trader_bridge_app,ResumeTradingSession,1788542108,20,0,1
h04ar64h,11,sfggcdud,178,trader_bridge_app,ResumeTradingSession,1788542108,20,0,1
h04ar64h,12,7rwcsuuk,178,trader_bridge_app,ResumeTradingSession,1788542108,20,0,1
h04ar64h,27,p0qjg0v3,198,trader_bridge_app,TradePage,1788542129,22,0,0
h04ar64h,26,hib1sgxm,198,trader_bridge_app,TradePage,1788542129,22,0,0
h04ar64h,25,q0dsxnk7,198,trader_bridge_app,TradePage,1788542130,22,0,0
h04ar64h,25,q0dsxnk7,199,trader_bridge_app,PauseTradingSession,1788542130,22,0,1
h04ar64h,26,hib1sgxm,199,trader_bridge_app,PauseTradingSession,1788542130,22,0,1
h04ar64h,27,p0qjg0v3,199,trader_bridge_app,PauseTradingSession,1788542130,22,0,1
h04ar64h,25,q0dsxnk7,201,trader_bridge_app,DayBreak,1788542133,22,0,0
h04ar64h,4,70gpk2i9,189,trader_bridge_app,TradePage,1788542134,21,0,0
h04ar64h,1,sm0ry4ut,189,trader_bridge_app,TradePage,1788542134,21,0,0
h04ar64h,5,mcswnxs6,189,trader_bridge_app,TradePage,1788542135,21,0,0
h04ar64h,2,tvxlbecc,189,trader_bridge_app,TradePage,1788542135,21,0,0
h04ar64h,6,y51mizer,189,trader_bridge_app,TradePage,1788542135,21,0,0
h04ar64h,3,sxp8ngu2,189,trader_bridge_app,TradePage,1788542136,21,0,0
h04ar64h,1,sm0ry4ut,190,trader_bridge_app,PauseTradingSession,1788542137,21,0,1
h04ar64h,2,tvxlbecc,190,trader_bridge_app,PauseTradingSession,1788542137,21,0,1
h04ar64h,3,sxp8ngu2,190,trader_bridge_app,PauseTradingSession,1788542137,21,0,1
h04ar64h,4,70gpk2i9,190,trader_bridge_app,PauseTradingSession,1788542137,21,0,1
h04ar64h,6,y51mizer,190,trader_bridge_app,PauseTradingSession,1788542137,21,0,1
h04ar64h,5,mcswnxs6,190,trader_bridge_app,PauseTradingSession,1788542137,21,0,1
h04ar64h,3,sxp8ngu2,192,trader_bridge_app,DayBreak,1788542144,21,0,0
h04ar64h,26,hib1sgxm,201,trader_bridge_app,DayBreak,1788542160,22,1,0
h04ar64h,19,26cqd8wg,153,trader_bridge_app,TradePage,1788542161,17,0,0
h04ar64h,21,312jd80s,153,trader_bridge_app,TradePage,1788542161,17,0,0
h04ar64h,20,xzwecx41,153,trader_bridge_app,TradePage,1788542161,17,0,0
h04ar64h,22,oq7csg5x,153,trader_bridge_app,TradePage,1788542161,17,0,0
h04ar64h,24,18ahuxm6,153,trader_bridge_app,TradePage,1788542161,17,0,0
h04ar64h,23,w03fifp1,153,trader_bridge_app,TradePage,1788542161,17,0,0
h04ar64h,19,26cqd8wg,154,trader_bridge_app,PauseTradingSession,1788542161,17,0,1
h04ar64h,20,xzwecx41,154,trader_bridge_app,PauseTradingSession,1788542161,17,0,1
h04ar64h,21,312jd80s,154,trader_bridge_app,PauseTradingSession,1788542161,17,0,1
h04ar64h,22,oq7csg5x,154,trader_bridge_app,PauseTradingSession,1788542161,17,0,1
h04ar64h,23,w03fifp1,154,trader_bridge_app,PauseTradingSession,1788542161,17,0,1
h04ar64h,24,18ahuxm6,154,trader_bridge_app,PauseTradingSession,1788542161,17,0,1
h04ar64h,27,p0qjg0v3,201,trader_bridge_app,DayBreak,1788542162,22,1,0
h04ar64h,25,q0dsxnk7,205,trader_bridge_app,ResumeTradingSession,1788542162,23,0,1
h04ar64h,26,hib1sgxm,205,trader_bridge_app,ResumeTradingSession,1788542162,23,0,1
h04ar64h,27,p0qjg0v3,205,trader_bridge_app,ResumeTradingSession,1788542162,23,0,1
h04ar64h,4,70gpk2i9,192,trader_bridge_app,DayBreak,1788542162,21,0,0
h04ar64h,16,ypfasl0o,189,trader_bridge_app,TradePage,1788542164,21,0,0
h04ar64h,17,shtk2vi6,189,trader_bridge_app,TradePage,1788542164,21,0,0
h04ar64h,15,fpjd0ju0,189,trader_bridge_app,TradePage,1788542164,21,0,0
h04ar64h,18,j6legxhq,189,trader_bridge_app,TradePage,1788542164,21,0,0
h04ar64h,14,gfn2r8vo,189,trader_bridge_app,TradePage,1788542164,21,0,0
h04ar64h,13,gnbf58uk,189,trader_bridge_app,TradePage,1788542164,21,0,0
h04ar64h,13,gnbf58uk,190,trader_bridge_app,PauseTradingSession,1788542164,21,0,1
h04ar64h,14,gfn2r8vo,190,trader_bridge_app,PauseTradingSession,1788542164,21,0,1
h04ar64h,15,fpjd0ju0,190,trader_bridge_app,PauseTradingSession,1788542164,21,0,1
h04ar64h,16,ypfasl0o,190,trader_bridge_app,PauseTradingSession,1788542164,21,0,1
h04ar64h,17,shtk2vi6,190,trader_bridge_app,PauseTradingSession,1788542164,21,0,1
h04ar64h,18,j6legxhq,190,trader_bridge_app,PauseTradingSession,1788542164,21,0,1
h04ar64h,23,w03fifp1,156,trader_bridge_app,DayBreak,1788542166,17,0,0
h04ar64h,2,tvxlbecc,192,trader_bridge_app,DayBreak,1788542166,21,0,0
h04ar64h,5,mcswnxs6,192,trader_bridge_app,DayBreak,1788542166,21,0,0
h04ar64h,21,312jd80s,156,trader_bridge_app,DayBreak,1788542166,17,0,0
h04ar64h,6,y51mizer,192,trader_bridge_app,DayBreak,1788542166,21,0,0
h04ar64h,20,xzwecx41,156,trader_bridge_app,DayBreak,1788542167,17,0,0
h04ar64h,24,18ahuxm6,156,trader_bridge_app,DayBreak,1788542167,17,0,0
h04ar64h,1,sm0ry4ut,192,trader_bridge_app,DayBreak,1788542169,21,1,0
h04ar64h,1,sm0ry4ut,196,trader_bridge_app,ResumeTradingSession,1788542169,22,0,1
h04ar64h,2,tvxlbecc,196,trader_bridge_app,ResumeTradingSession,1788542169,22,0,1
h04ar64h,3,sxp8ngu2,196,trader_bridge_app,ResumeTradingSession,1788542169,22,0,1
h04ar64h,4,70gpk2i9,196,trader_bridge_app,ResumeTradingSession,1788542169,22,0,1
h04ar64h,5,mcswnxs6,196,trader_bridge_app,ResumeTradingSession,1788542169,22,0,1
h04ar64h,6,y51mizer,196,trader_bridge_app,ResumeTradingSession,1788542169,22,0,1
h04ar64h,10,74kwsfm2,180,trader_bridge_app,TradePage,1788542170,20,0,0
h04ar64h,7,wqx1o2wk,180,trader_bridge_app,TradePage,1788542170,20,0,0
h04ar64h,12,7rwcsuuk,180,trader_bridge_app,TradePage,1788542170,20,0,0
h04ar64h,11,sfggcdud,180,trader_bridge_app,TradePage,1788542170,20,0,0
h04ar64h,9,5koml6p7,180,trader_bridge_app,TradePage,1788542170,20,0,0
h04ar64h,22,oq7csg5x,156,trader_bridge_app,DayBreak,1788542170,17,0,0
h04ar64h,19,26cqd8wg,156,trader_bridge_app,DayBreak,1788542170,17,0,0
h04ar64h,19,26cqd8wg,160,trader_bridge_app,ResumeTradingSession,1788542171,18,0,1
h04ar64h,20,xzwecx41,160,trader_bridge_app,ResumeTradingSession,1788542171,18,0,1
h04ar64h,21,312jd80s,160,trader_bridge_app,ResumeTradingSession,1788542171,18,0,1
h04ar64h,22,oq7csg5x,160,trader_bridge_app,ResumeTradingSession,1788542171,18,0,1
h04ar64h,23,w03fifp1,160,trader_bridge_app,ResumeTradingSession,1788542171,18,0,1
h04ar64h,24,18ahuxm6,160,trader_bridge_app,ResumeTradingSession,1788542171,18,0,1
h04ar64h,8,2eqstpu0,180,trader_bridge_app,TradePage,1788542171,20,0,0
h04ar64h,7,wqx1o2wk,181,trader_bridge_app,PauseTradingSession,1788542171,20,0,1
h04ar64h,8,2eqstpu0,181,trader_bridge_app,PauseTradingSession,1788542171,20,0,1
h04ar64h,9,5koml6p7,181,trader_bridge_app,PauseTradingSession,1788542171,20,0,1
h04ar64h,10,74kwsfm2,181,trader_bridge_app,PauseTradingSession,1788542171,20,0,1
h04ar64h,11,sfggcdud,181,trader_bridge_app,PauseTradingSession,1788542171,20,0,1
h04ar64h,12,7rwcsuuk,181,trader_bridge_app,PauseTradingSession,1788542171,20,0,1
h04ar64h,18,j6legxhq,192,trader_bridge_app,DayBreak,1788542172,21,0,0
h04ar64h,17,shtk2vi6,192,trader_bridge_app,DayBreak,1788542173,21,0,0
h04ar64h,13,gnbf58uk,192,trader_bridge_app,DayBreak,1788542174,21,0,0
h04ar64h,14,gfn2r8vo,192,trader_bridge_app,DayBreak,1788542174,21,0,0
h04ar64h,11,sfggcdud,183,trader_bridge_app,DayBreak,1788542175,20,0,0
h04ar64h,8,2eqstpu0,183,trader_bridge_app,DayBreak,1788542175,20,0,0
h04ar64h,7,wqx1o2wk,183,trader_bridge_app,DayBreak,1788542175,20,0,0
h04ar64h,9,5koml6p7,183,trader_bridge_app,DayBreak,1788542177,20,0,0
h04ar64h,12,7rwcsuuk,183,trader_bridge_app,DayBreak,1788542181,20,0,0
h04ar64h,16,ypfasl0o,192,trader_bridge_app,DayBreak,1788542185,21,0,0
h04ar64h,15,fpjd0ju0,192,trader_bridge_app,DayBreak,1788542185,21,1,0
h04ar64h,13,gnbf58uk,196,trader_bridge_app,ResumeTradingSession,1788542185,22,0,1
h04ar64h,14,gfn2r8vo,196,trader_bridge_app,ResumeTradingSession,1788542185,22,0,1
h04ar64h,15,fpjd0ju0,196,trader_bridge_app,ResumeTradingSession,1788542185,22,0,1
h04ar64h,16,ypfasl0o,196,trader_bridge_app,ResumeTradingSession,1788542185,22,0,1
h04ar64h,17,shtk2vi6,196,trader_bridge_app,ResumeTradingSession,1788542185,22,0,1
h04ar64h,18,j6legxhq,196,trader_bridge_app,ResumeTradingSession,1788542185,22,0,1
h04ar64h,10,74kwsfm2,183,trader_bridge_app,DayBreak,1788542193,20,1,0
h04ar64h,9,5koml6p7,187,trader_bridge_app,ResumeTradingSession,1788542193,21,0,1
h04ar64h,10,74kwsfm2,187,trader_bridge_app,ResumeTradingSession,1788542193,21,0,1
h04ar64h,11,sfggcdud,187,trader_bridge_app,ResumeTradingSession,1788542193,21,0,1
h04ar64h,7,wqx1o2wk,187,trader_bridge_app,ResumeTradingSession,1788542193,21,0,1
h04ar64h,8,2eqstpu0,187,trader_bridge_app,ResumeTradingSession,1788542193,21,0,1
h04ar64h,12,7rwcsuuk,187,trader_bridge_app,ResumeTradingSession,1788542193,21,0,1
h04ar64h,27,p0qjg0v3,207,trader_bridge_app,TradePage,1788542223,23,0,0
h04ar64h,26,hib1sgxm,207,trader_bridge_app,TradePage,1788542223,23,0,0
h04ar64h,25,q0dsxnk7,207,trader_bridge_app,TradePage,1788542223,23,0,0
h04ar64h,25,q0dsxnk7,208,trader_bridge_app,PauseTradingSession,1788542223,23,0,1
h04ar64h,26,hib1sgxm,208,trader_bridge_app,PauseTradingSession,1788542223,23,0,1
h04ar64h,27,p0qjg0v3,208,trader_bridge_app,PauseTradingSession,1788542223,23,0,1
h04ar64h,25,q0dsxnk7,210,trader_bridge_app,DayBreak,1788542228,23,0,0
h04ar64h,27,p0qjg0v3,210,trader_bridge_app,DayBreak,1788542229,23,0,0
h04ar64h,26,hib1sgxm,210,trader_bridge_app,DayBreak,1788542230,23,0,0
h04ar64h,25,q0dsxnk7,214,trader_bridge_app,ResumeTradingSession,1788542230,24,0,1
h04ar64h,26,hib1sgxm,214,trader_bridge_app,ResumeTradingSession,1788542230,24,0,1
h04ar64h,27,p0qjg0v3,214,trader_bridge_app,ResumeTradingSession,1788542230,24,0,1
h04ar64h,1,sm0ry4ut,198,trader_bridge_app,TradePage,1788542230,22,0,0
h04ar64h,2,tvxlbecc,198,trader_bridge_app,TradePage,1788542230,22,0,0
h04ar64h,3,sxp8ngu2,198,trader_bridge_app,TradePage,1788542231,22,0,0
h04ar64h,6,y51mizer,198,trader_bridge_app,TradePage,1788542231,22,0,0
h04ar64h,4,70gpk2i9,198,trader_bridge_app,TradePage,1788542231,22,0,0
h04ar64h,5,mcswnxs6,198,trader_bridge_app,TradePage,1788542231,22,0,0
h04ar64h,1,sm0ry4ut,199,trader_bridge_app,PauseTradingSession,1788542231,22,0,1
h04ar64h,2,tvxlbecc,199,trader_bridge_app,PauseTradingSession,1788542231,22,0,1
h04ar64h,3,sxp8ngu2,199,trader_bridge_app,PauseTradingSession,1788542231,22,0,1
h04ar64h,5,mcswnxs6,199,trader_bridge_app,PauseTradingSession,1788542231,22,0,1
h04ar64h,6,y51mizer,199,trader_bridge_app,PauseTradingSession,1788542231,22,0,1
h04ar64h,4,70gpk2i9,199,trader_bridge_app,PauseTradingSession,1788542231,22,0,1
h04ar64h,22,oq7csg5x,162,trader_bridge_app,TradePage,1788542232,18,0,0
h04ar64h,19,26cqd8wg,162,trader_bridge_app,TradePage,1788542232,18,0,0
h04ar64h,21,312jd80s,162,trader_bridge_app,TradePage,1788542232,18,0,0
h04ar64h,20,xzwecx41,162,trader_bridge_app,TradePage,1788542232,18,0,0
h04ar64h,23,w03fifp1,162,trader_bridge_app,TradePage,1788542232,18,0,0
h04ar64h,24,18ahuxm6,162,trader_bridge_app,TradePage,1788542232,18,0,0
h04ar64h,21,312jd80s,164,trader_bridge_app,FinalizeTradingSession,1788542233,18,0,1
h04ar64h,22,oq7csg5x,164,trader_bridge_app,FinalizeTradingSession,1788542233,18,0,1
h04ar64h,23,w03fifp1,164,trader_bridge_app,FinalizeTradingSession,1788542233,18,0,1
h04ar64h,24,18ahuxm6,164,trader_bridge_app,FinalizeTradingSession,1788542233,18,0,1
h04ar64h,19,26cqd8wg,164,trader_bridge_app,FinalizeTradingSession,1788542233,18,0,1
h04ar64h,20,xzwecx41,164,trader_bridge_app,FinalizeTradingSession,1788542233,18,0,1
h04ar64h,5,mcswnxs6,201,trader_bridge_app,DayBreak,1788542234,22,0,0
h04ar64h,6,y51mizer,201,trader_bridge_app,DayBreak,1788542235,22,0,0
h04ar64h,1,sm0ry4ut,201,trader_bridge_app,DayBreak,1788542236,22,0,0
h04ar64h,24,18ahuxm6,165,trader_bridge_app,DayBreak,1788542236,18,0,0
h04ar64h,3,sxp8ngu2,201,trader_bridge_app,DayBreak,1788542236,22,0,0
h04ar64h,4,70gpk2i9,201,trader_bridge_app,DayBreak,1788542237,22,0,0
h04ar64h,20,xzwecx41,165,trader_bridge_app,DayBreak,1788542237,18,0,0
h04ar64h,2,tvxlbecc,201,trader_bridge_app,DayBreak,1788542237,22,0,0
h04ar64h,1,sm0ry4ut,205,trader_bridge_app,ResumeTradingSession,1788542237,23,0,1
h04ar64h,2,tvxlbecc,205,trader_bridge_app,ResumeTradingSession,1788542237,23,0,1
h04ar64h,3,sxp8ngu2,205,trader_bridge_app,ResumeTradingSession,1788542237,23,0,1
h04ar64h,4,70gpk2i9,205,trader_bridge_app,ResumeTradingSession,1788542237,23,0,1
h04ar64h,5,mcswnxs6,205,trader_bridge_app,ResumeTradingSession,1788542237,23,0,1
h04ar64h,6,y51mizer,205,trader_bridge_app,ResumeTradingSession,1788542237,23,0,1
h04ar64h,22,oq7csg5x,165,trader_bridge_app,DayBreak,1788542238,18,0,0
h04ar64h,23,w03fifp1,165,trader_bridge_app,DayBreak,1788542239,18,0,0
h04ar64h,21,312jd80s,165,trader_bridge_app,DayBreak,1788542242,18,0,0
h04ar64h,19,26cqd8wg,165,trader_bridge_app,DayBreak,1788542243,18,0,0
h04ar64h,23,w03fifp1,168,trader_bridge_app,SyncTradingSession,1788542243,19,0,1
h04ar64h,24,18ahuxm6,168,trader_bridge_app,SyncTradingSession,1788542243,19,0,1
h04ar64h,19,26cqd8wg,168,trader_bridge_app,SyncTradingSession,1788542243,19,0,1
h04ar64h,20,xzwecx41,168,trader_bridge_app,SyncTradingSession,1788542243,19,0,1
h04ar64h,21,312jd80s,168,trader_bridge_app,SyncTradingSession,1788542243,19,0,1
h04ar64h,22,oq7csg5x,168,trader_bridge_app,SyncTradingSession,1788542243,19,0,1
h04ar64h,23,w03fifp1,169,trader_bridge_app,ResumeTradingSession,1788542246,19,0,1
h04ar64h,24,18ahuxm6,169,trader_bridge_app,ResumeTradingSession,1788542246,19,0,1
h04ar64h,19,26cqd8wg,169,trader_bridge_app,ResumeTradingSession,1788542246,19,0,1
h04ar64h,20,xzwecx41,169,trader_bridge_app,ResumeTradingSession,1788542246,19,0,1
h04ar64h,21,312jd80s,169,trader_bridge_app,ResumeTradingSession,1788542246,19,0,1
h04ar64h,22,oq7csg5x,169,trader_bridge_app,ResumeTradingSession,1788542246,19,0,1
h04ar64h,15,fpjd0ju0,198,trader_bridge_app,TradePage,1788542251,22,0,0
h04ar64h,18,j6legxhq,198,trader_bridge_app,TradePage,1788542251,22,0,0
h04ar64h,17,shtk2vi6,198,trader_bridge_app,TradePage,1788542258,22,0,0
h04ar64h,13,gnbf58uk,198,trader_bridge_app,TradePage,1788542258,22,0,0
h04ar64h,16,ypfasl0o,198,trader_bridge_app,TradePage,1788542258,22,0,0
h04ar64h,10,74kwsfm2,189,trader_bridge_app,TradePage,1788542259,21,0,0
h04ar64h,7,wqx1o2wk,189,trader_bridge_app,TradePage,1788542259,21,0,0
h04ar64h,14,gfn2r8vo,198,trader_bridge_app,TradePage,1788542263,22,0,0
h04ar64h,13,gnbf58uk,199,trader_bridge_app,PauseTradingSession,1788542263,22,0,1
h04ar64h,14,gfn2r8vo,199,trader_bridge_app,PauseTradingSession,1788542263,22,0,1
h04ar64h,15,fpjd0ju0,199,trader_bridge_app,PauseTradingSession,1788542263,22,0,1
h04ar64h,16,ypfasl0o,199,trader_bridge_app,PauseTradingSession,1788542263,22,0,1
h04ar64h,17,shtk2vi6,199,trader_bridge_app,PauseTradingSession,1788542263,22,0,1
h04ar64h,18,j6legxhq,199,trader_bridge_app,PauseTradingSession,1788542263,22,0,1
h04ar64h,9,5koml6p7,189,trader_bridge_app,TradePage,1788542264,21,0,0
h04ar64h,12,7rwcsuuk,189,trader_bridge_app,TradePage,1788542264,21,0,0
h04ar64h,11,sfggcdud,189,trader_bridge_app,TradePage,1788542267,21,0,0
h04ar64h,8,2eqstpu0,189,trader_bridge_app,TradePage,1788542267,21,0,0
h04ar64h,7,wqx1o2wk,190,trader_bridge_app,PauseTradingSession,1788542268,21,0,1
h04ar64h,8,2eqstpu0,190,trader_bridge_app,PauseTradingSession,1788542268,21,0,1
h04ar64h,9,5koml6p7,190,trader_bridge_app,PauseTradingSession,1788542268,21,0,1
h04ar64h,10,74kwsfm2,190,trader_bridge_app,PauseTradingSession,1788542268,21,0,1
h04ar64h,11,sfggcdud,190,trader_bridge_app,PauseTradingSession,1788542268,21,0,1
h04ar64h,12,7rwcsuuk,190,trader_bridge_app,PauseTradingSession,1788542268,21,0,1
h04ar64h,14,gfn2r8vo,201,trader_bridge_app,DayBreak,1788542268,22,0,0
h04ar64h,13,gnbf58uk,201,trader_bridge_app,DayBreak,1788542271,22,0,0
h04ar64h,17,shtk2vi6,201,trader_bridge_app,DayBreak,1788542271,22,0,0
h04ar64h,16,ypfasl0o,201,trader_bridge_app,DayBreak,1788542272,22,0,0
h04ar64h,18,j6legxhq,201,trader_bridge_app,DayBreak,1788542276,22,0,0
h04ar64h,15,fpjd0ju0,201,trader_bridge_app,DayBreak,1788542280,22,0,0
h04ar64h,8,2eqstpu0,192,trader_bridge_app,DayBreak,1788542280,21,0,0
h04ar64h,16,ypfasl0o,205,trader_bridge_app,ResumeTradingSession,1788542280,23,0,1
h04ar64h,17,shtk2vi6,205,trader_bridge_app,ResumeTradingSession,1788542280,23,0,1
h04ar64h,18,j6legxhq,205,trader_bridge_app,ResumeTradingSession,1788542280,23,0,1
h04ar64h,13,gnbf58uk,205,trader_bridge_app,ResumeTradingSession,1788542280,23,0,1
h04ar64h,14,gfn2r8vo,205,trader_bridge_app,ResumeTradingSession,1788542280,23,0,1
h04ar64h,15,fpjd0ju0,205,trader_bridge_app,ResumeTradingSession,1788542280,23,0,1
h04ar64h,7,wqx1o2wk,192,trader_bridge_app,DayBreak,1788542281,21,0,0
h04ar64h,12,7rwcsuuk,192,trader_bridge_app,DayBreak,1788542283,21,0,0
h04ar64h,11,sfggcdud,192,trader_bridge_app,DayBreak,1788542285,21,0,0
h04ar64h,9,5koml6p7,192,trader_bridge_app,DayBreak,1788542287,21,0,0
h04ar64h,10,74kwsfm2,192,trader_bridge_app,DayBreak,1788542289,21,1,0
h04ar64h,11,sfggcdud,196,trader_bridge_app,ResumeTradingSession,1788542289,22,0,1
h04ar64h,12,7rwcsuuk,196,trader_bridge_app,ResumeTradingSession,1788542289,22,0,1
h04ar64h,7,wqx1o2wk,196,trader_bridge_app,ResumeTradingSession,1788542289,22,0,1
h04ar64h,8,2eqstpu0,196,trader_bridge_app,ResumeTradingSession,1788542289,22,0,1
h04ar64h,9,5koml6p7,196,trader_bridge_app,ResumeTradingSession,1788542289,22,0,1
h04ar64h,10,74kwsfm2,196,trader_bridge_app,ResumeTradingSession,1788542289,22,0,1
h04ar64h,26,hib1sgxm,216,trader_bridge_app,TradePage,1788542296,24,0,0
h04ar64h,25,q0dsxnk7,216,trader_bridge_app,TradePage,1788542296,24,0,0
h04ar64h,27,p0qjg0v3,216,trader_bridge_app,TradePage,1788542296,24,0,0
h04ar64h,25,q0dsxnk7,217,trader_bridge_app,PauseTradingSession,1788542297,24,0,1
h04ar64h,26,hib1sgxm,217,trader_bridge_app,PauseTradingSession,1788542297,24,0,1
h04ar64h,27,p0qjg0v3,217,trader_bridge_app,PauseTradingSession,1788542297,24,0,1
h04ar64h,2,tvxlbecc,207,trader_bridge_app,TradePage,1788542298,23,0,0
h04ar64h,6,y51mizer,207,trader_bridge_app,TradePage,1788542298,23,0,0
h04ar64h,5,mcswnxs6,207,trader_bridge_app,TradePage,1788542298,23,0,0
h04ar64h,1,sm0ry4ut,207,trader_bridge_app,TradePage,1788542298,23,0,0
h04ar64h,3,sxp8ngu2,207,trader_bridge_app,TradePage,1788542304,23,1,0
h04ar64h,4,70gpk2i9,207,trader_bridge_app,TradePage,1788542304,23,1,0
h04ar64h,1,sm0ry4ut,208,trader_bridge_app,PauseTradingSession,1788542304,23,0,1
h04ar64h,2,tvxlbecc,208,trader_bridge_app,PauseTradingSession,1788542304,23,0,1
h04ar64h,3,sxp8ngu2,208,trader_bridge_app,PauseTradingSession,1788542304,23,0,1
h04ar64h,4,70gpk2i9,208,trader_bridge_app,PauseTradingSession,1788542304,23,0,1
h04ar64h,5,mcswnxs6,208,trader_bridge_app,PauseTradingSession,1788542304,23,0,1
h04ar64h,6,y51mizer,208,trader_bridge_app,PauseTradingSession,1788542304,23,0,1
h04ar64h,4,70gpk2i9,210,trader_bridge_app,DayBreak,1788542309,23,0,0
h04ar64h,5,mcswnxs6,210,trader_bridge_app,DayBreak,1788542310,23,0,0
h04ar64h,2,tvxlbecc,210,trader_bridge_app,DayBreak,1788542310,23,0,0
h04ar64h,3,sxp8ngu2,210,trader_bridge_app,DayBreak,1788542310,23,0,0
h04ar64h,21,312jd80s,171,trader_bridge_app,TradePage,1788542312,19,0,0
h04ar64h,1,sm0ry4ut,210,trader_bridge_app,DayBreak,1788542315,23,0,0
h04ar64h,22,oq7csg5x,171,trader_bridge_app,TradePage,1788542316,19,0,0
h04ar64h,19,26cqd8wg,171,trader_bridge_app,TradePage,1788542316,19,0,0
h04ar64h,23,w03fifp1,171,trader_bridge_app,TradePage,1788542316,19,0,0
h04ar64h,24,18ahuxm6,171,trader_bridge_app,TradePage,1788542316,19,0,0
h04ar64h,27,p0qjg0v3,219,trader_bridge_app,DayBreak,1788542316,24,0,0
h04ar64h,20,xzwecx41,171,trader_bridge_app,TradePage,1788542316,19,0,0
h04ar64h,19,26cqd8wg,172,trader_bridge_app,PauseTradingSession,1788542316,19,0,1
h04ar64h,20,xzwecx41,172,trader_bridge_app,PauseTradingSession,1788542316,19,0,1
h04ar64h,21,312jd80s,172,trader_bridge_app,PauseTradingSession,1788542316,19,0,1
h04ar64h,22,oq7csg5x,172,trader_bridge_app,PauseTradingSession,1788542316,19,0,1
h04ar64h,23,w03fifp1,172,trader_bridge_app,PauseTradingSession,1788542316,19,0,1
h04ar64h,24,18ahuxm6,172,trader_bridge_app,PauseTradingSession,1788542316,19,0,1
h04ar64h,24,18ahuxm6,174,trader_bridge_app,DayBreak,1788542320,19,0,0
h04ar64h,21,312jd80s,174,trader_bridge_app,DayBreak,1788542320,19,0,0
h04ar64h,25,q0dsxnk7,219,trader_bridge_app,DayBreak,1788542320,24,0,0
h04ar64h,20,xzwecx41,174,trader_bridge_app,DayBreak,1788542320,19,0,0
h04ar64h,6,y51mizer,210,trader_bridge_app,DayBreak,1788542322,23,0,0
h04ar64h,1,sm0ry4ut,214,trader_bridge_app,ResumeTradingSession,1788542322,24,0,1
h04ar64h,2,tvxlbecc,214,trader_bridge_app,ResumeTradingSession,1788542322,24,0,1
h04ar64h,3,sxp8ngu2,214,trader_bridge_app,ResumeTradingSession,1788542322,24,0,1
h04ar64h,4,70gpk2i9,214,trader_bridge_app,ResumeTradingSession,1788542322,24,0,1
h04ar64h,5,mcswnxs6,214,trader_bridge_app,ResumeTradingSession,1788542322,24,0,1
h04ar64h,6,y51mizer,214,trader_bridge_app,ResumeTradingSession,1788542322,24,0,1
h04ar64h,22,oq7csg5x,174,trader_bridge_app,DayBreak,1788542324,19,0,0
h04ar64h,19,26cqd8wg,174,trader_bridge_app,DayBreak,1788542324,19,0,0
h04ar64h,23,w03fifp1,174,trader_bridge_app,DayBreak,1788542328,19,0,0
h04ar64h,26,hib1sgxm,219,trader_bridge_app,DayBreak,1788542328,24,1,0
h04ar64h,24,18ahuxm6,178,trader_bridge_app,ResumeTradingSession,1788542328,20,0,1
h04ar64h,19,26cqd8wg,178,trader_bridge_app,ResumeTradingSession,1788542328,20,0,1
h04ar64h,20,xzwecx41,178,trader_bridge_app,ResumeTradingSession,1788542328,20,0,1
h04ar64h,21,312jd80s,178,trader_bridge_app,ResumeTradingSession,1788542328,20,0,1
h04ar64h,22,oq7csg5x,178,trader_bridge_app,ResumeTradingSession,1788542328,20,0,1
h04ar64h,23,w03fifp1,178,trader_bridge_app,ResumeTradingSession,1788542328,20,0,1
h04ar64h,25,q0dsxnk7,223,trader_bridge_app,ResumeTradingSession,1788542328,25,0,1
h04ar64h,26,hib1sgxm,223,trader_bridge_app,ResumeTradingSession,1788542328,25,0,1
h04ar64h,27,p0qjg0v3,223,trader_bridge_app,ResumeTradingSession,1788542328,25,0,1
h04ar64h,15,fpjd0ju0,207,trader_bridge_app,TradePage,1788542341,23,0,0
h04ar64h,18,j6legxhq,207,trader_bridge_app,TradePage,1788542341,23,0,0
h04ar64h,14,gfn2r8vo,207,trader_bridge_app,TradePage,1788542341,23,0,0
h04ar64h,13,gnbf58uk,207,trader_bridge_app,TradePage,1788542349,23,0,0
h04ar64h,10,74kwsfm2,198,trader_bridge_app,TradePage,1788542350,22,0,0
h04ar64h,17,shtk2vi6,207,trader_bridge_app,TradePage,1788542352,23,0,0
h04ar64h,16,ypfasl0o,207,trader_bridge_app,TradePage,1788542352,23,0,0
h04ar64h,17,shtk2vi6,208,trader_bridge_app,PauseTradingSession,1788542352,23,0,1
h04ar64h,13,gnbf58uk,208,trader_bridge_app,PauseTradingSession,1788542352,23,0,1
h04ar64h,14,gfn2r8vo,208,trader_bridge_app,PauseTradingSession,1788542352,23,0,1
h04ar64h,15,fpjd0ju0,208,trader_bridge_app,PauseTradingSession,1788542352,23,0,1
h04ar64h,16,ypfasl0o,208,trader_bridge_app,PauseTradingSession,1788542352,23,0,1
h04ar64h,18,j6legxhq,208,trader_bridge_app,PauseTradingSession,1788542352,23,0,1
h04ar64h,13,gnbf58uk,210,trader_bridge_app,DayBreak,1788542355,23,0,0
h04ar64h,17,shtk2vi6,210,trader_bridge_app,DayBreak,1788542356,23,0,0
h04ar64h,16,ypfasl0o,210,trader_bridge_app,DayBreak,1788542356,23,0,0
h04ar64h,14,gfn2r8vo,210,trader_bridge_app,DayBreak,1788542356,23,0,0
h04ar64h,18,j6legxhq,210,trader_bridge_app,DayBreak,1788542357,23,0,0
h04ar64h,11,sfggcdud,198,trader_bridge_app,TradePage,1788542361,22,0,0
h04ar64h,9,5koml6p7,198,trader_bridge_app,TradePage,1788542361,22,0,0
h04ar64h,12,7rwcsuuk,198,trader_bridge_app,TradePage,1788542361,22,0,0
h04ar64h,7,wqx1o2wk,198,trader_bridge_app,TradePage,1788542362,22,0,0
h04ar64h,8,2eqstpu0,198,trader_bridge_app,TradePage,1788542362,22,0,0
h04ar64h,7,wqx1o2wk,199,trader_bridge_app,PauseTradingSession,1788542362,22,0,1
h04ar64h,8,2eqstpu0,199,trader_bridge_app,PauseTradingSession,1788542362,22,0,1
h04ar64h,9,5koml6p7,199,trader_bridge_app,PauseTradingSession,1788542362,22,0,1
h04ar64h,10,74kwsfm2,199,trader_bridge_app,PauseTradingSession,1788542362,22,0,1
h04ar64h,11,sfggcdud,199,trader_bridge_app,PauseTradingSession,1788542362,22,0,1
h04ar64h,12,7rwcsuuk,199,trader_bridge_app,PauseTradingSession,1788542362,22,0,1
h04ar64h,9,5koml6p7,201,trader_bridge_app,DayBreak,1788542365,22,0,0
h04ar64h,11,sfggcdud,201,trader_bridge_app,DayBreak,1788542365,22,0,0
h04ar64h,12,7rwcsuuk,201,trader_bridge_app,DayBreak,1788542366,22,0,0
h04ar64h,8,2eqstpu0,201,trader_bridge_app,DayBreak,1788542367,22,0,0
h04ar64h,7,wqx1o2wk,201,trader_bridge_app,DayBreak,1788542367,22,0,0
h04ar64h,10,74kwsfm2,201,trader_bridge_app,DayBreak,1788542383,22,1,0
h04ar64h,8,2eqstpu0,205,trader_bridge_app,ResumeTradingSession,1788542383,23,0,1
h04ar64h,7,wqx1o2wk,205,trader_bridge_app,ResumeTradingSession,1788542383,23,0,1
h04ar64h,9,5koml6p7,205,trader_bridge_app,ResumeTradingSession,1788542383,23,0,1
h04ar64h,10,74kwsfm2,205,trader_bridge_app,ResumeTradingSession,1788542383,23,0,1
h04ar64h,11,sfggcdud,205,trader_bridge_app,ResumeTradingSession,1788542383,23,0,1
h04ar64h,12,7rwcsuuk,205,trader_bridge_app,ResumeTradingSession,1788542383,23,0,1
h04ar64h,2,tvxlbecc,216,trader_bridge_app,TradePage,1788542388,24,0,0
h04ar64h,1,sm0ry4ut,216,trader_bridge_app,TradePage,1788542388,24,0,0
h04ar64h,6,y51mizer,216,trader_bridge_app,TradePage,1788542388,24,0,0
h04ar64h,3,sxp8ngu2,216,trader_bridge_app,TradePage,1788542388,24,0,0
h04ar64h,5,mcswnxs6,216,trader_bridge_app,TradePage,1788542388,24,0,0
h04ar64h,4,70gpk2i9,216,trader_bridge_app,TradePage,1788542388,24,0,0
h04ar64h,1,sm0ry4ut,217,trader_bridge_app,PauseTradingSession,1788542389,24,0,1
h04ar64h,2,tvxlbecc,217,trader_bridge_app,PauseTradingSession,1788542389,24,0,1
h04ar64h,3,sxp8ngu2,217,trader_bridge_app,PauseTradingSession,1788542389,24,0,1
h04ar64h,4,70gpk2i9,217,trader_bridge_app,PauseTradingSession,1788542389,24,0,1
h04ar64h,5,mcswnxs6,217,trader_bridge_app,PauseTradingSession,1788542389,24,0,1
h04ar64h,6,y51mizer,217,trader_bridge_app,PauseTradingSession,1788542389,24,0,1
h04ar64h,24,18ahuxm6,180,trader_bridge_app,TradePage,1788542394,20,0,0
h04ar64h,26,hib1sgxm,225,trader_bridge_app,TradePage,1788542394,25,0,0
h04ar64h,20,xzwecx41,180,trader_bridge_app,TradePage,1788542394,20,0,0
h04ar64h,23,w03fifp1,180,trader_bridge_app,TradePage,1788542394,20,0,0
h04ar64h,21,312jd80s,180,trader_bridge_app,TradePage,1788542394,20,0,0
h04ar64h,19,26cqd8wg,180,trader_bridge_app,TradePage,1788542395,20,1,0
h04ar64h,27,p0qjg0v3,225,trader_bridge_app,TradePage,1788542395,25,1,0
h04ar64h,25,q0dsxnk7,225,trader_bridge_app,TradePage,1788542395,25,1,0
h04ar64h,25,q0dsxnk7,226,trader_bridge_app,PauseTradingSession,1788542395,25,0,1
h04ar64h,26,hib1sgxm,226,trader_bridge_app,PauseTradingSession,1788542395,25,0,1
h04ar64h,27,p0qjg0v3,226,trader_bridge_app,PauseTradingSession,1788542395,25,0,1
h04ar64h,22,oq7csg5x,180,trader_bridge_app,TradePage,1788542395,20,0,0
h04ar64h,19,26cqd8wg,181,trader_bridge_app,PauseTradingSession,1788542396,20,0,1
h04ar64h,20,xzwecx41,181,trader_bridge_app,PauseTradingSession,1788542396,20,0,1
h04ar64h,21,312jd80s,181,trader_bridge_app,PauseTradingSession,1788542396,20,0,1
h04ar64h,22,oq7csg5x,181,trader_bridge_app,PauseTradingSession,1788542396,20,0,1
h04ar64h,23,w03fifp1,181,trader_bridge_app,PauseTradingSession,1788542396,20,0,1
h04ar64h,24,18ahuxm6,181,trader_bridge_app,PauseTradingSession,1788542396,20,0,1
h04ar64h,26,hib1sgxm,228,trader_bridge_app,DayBreak,1788542398,25,0,0
h04ar64h,5,mcswnxs6,219,trader_bridge_app,DayBreak,1788542399,24,0,0
h04ar64h,3,sxp8ngu2,219,trader_bridge_app,DayBreak,1788542399,24,0,0
h04ar64h,23,w03fifp1,183,trader_bridge_app,DayBreak,1788542400,20,0,0
h04ar64h,20,xzwecx41,183,trader_bridge_app,DayBreak,1788542400,20,0,0
h04ar64h,27,p0qjg0v3,228,trader_bridge_app,DayBreak,1788542401,25,0,0
h04ar64h,25,q0dsxnk7,228,trader_bridge_app,DayBreak,1788542401,25,0,0
h04ar64h,25,q0dsxnk7,232,trader_bridge_app,ResumeTradingSession,1788542402,26,0,1
h04ar64h,26,hib1sgxm,232,trader_bridge_app,ResumeTradingSession,1788542402,26,0,1
h04ar64h,27,p0qjg0v3,232,trader_bridge_app,ResumeTradingSession,1788542402,26,0,1
h04ar64h,4,70gpk2i9,219,trader_bridge_app,DayBreak,1788542402,24,0,0
h04ar64h,22,oq7csg5x,183,trader_bridge_app,DayBreak,1788542403,20,0,0
h04ar64h,21,312jd80s,183,trader_bridge_app,DayBreak,1788542405,20,0,0
h04ar64h,6,y51mizer,219,trader_bridge_app,DayBreak,1788542406,24,0,0
h04ar64h,24,18ahuxm6,183,trader_bridge_app,DayBreak,1788542407,20,0,0
h04ar64h,15,fpjd0ju0,210,trader_bridge_app,DayBreak,1788542414,23,0,0
h04ar64h,13,gnbf58uk,214,trader_bridge_app,ResumeTradingSession,1788542414,24,0,1
h04ar64h,14,gfn2r8vo,214,trader_bridge_app,ResumeTradingSession,1788542414,24,0,1
h04ar64h,15,fpjd0ju0,214,trader_bridge_app,ResumeTradingSession,1788542414,24,0,1
h04ar64h,16,ypfasl0o,214,trader_bridge_app,ResumeTradingSession,1788542414,24,0,1
h04ar64h,17,shtk2vi6,214,trader_bridge_app,ResumeTradingSession,1788542414,24,0,1
h04ar64h,18,j6legxhq,214,trader_bridge_app,ResumeTradingSession,1788542414,24,0,1
h04ar64h,19,26cqd8wg,183,trader_bridge_app,DayBreak,1788542416,20,1,0
h04ar64h,19,26cqd8wg,187,trader_bridge_app,ResumeTradingSession,1788542417,21,0,1
h04ar64h,20,xzwecx41,187,trader_bridge_app,ResumeTradingSession,1788542417,21,0,1
h04ar64h,21,312jd80s,187,trader_bridge_app,ResumeTradingSession,1788542417,21,0,1
h04ar64h,22,oq7csg5x,187,trader_bridge_app,ResumeTradingSession,1788542417,21,0,1
h04ar64h,23,w03fifp1,187,trader_bridge_app,ResumeTradingSession,1788542417,21,0,1
h04ar64h,24,18ahuxm6,187,trader_bridge_app,ResumeTradingSession,1788542417,21,0,1
h04ar64h,1,sm0ry4ut,219,trader_bridge_app,DayBreak,1788542417,24,1,0
h04ar64h,2,tvxlbecc,219,trader_bridge_app,DayBreak,1788542422,24,1,0
h04ar64h,1,sm0ry4ut,223,trader_bridge_app,ResumeTradingSession,1788542423,25,0,1
h04ar64h,2,tvxlbecc,223,trader_bridge_app,ResumeTradingSession,1788542423,25,0,1
h04ar64h,3,sxp8ngu2,223,trader_bridge_app,ResumeTradingSession,1788542423,25,0,1
h04ar64h,4,70gpk2i9,223,trader_bridge_app,ResumeTradingSession,1788542423,25,0,1
h04ar64h,5,mcswnxs6,223,trader_bridge_app,ResumeTradingSession,1788542423,25,0,1
h04ar64h,6,y51mizer,223,trader_bridge_app,ResumeTradingSession,1788542423,25,0,1
h04ar64h,10,74kwsfm2,207,trader_bridge_app,TradePage,1788542444,23,0,0
h04ar64h,9,5koml6p7,207,trader_bridge_app,TradePage,1788542444,23,0,0
h04ar64h,7,wqx1o2wk,207,trader_bridge_app,TradePage,1788542444,23,0,0
h04ar64h,12,7rwcsuuk,207,trader_bridge_app,TradePage,1788542444,23,0,0
h04ar64h,8,2eqstpu0,207,trader_bridge_app,TradePage,1788542444,23,0,0
h04ar64h,11,sfggcdud,207,trader_bridge_app,TradePage,1788542456,23,0,0
h04ar64h,7,wqx1o2wk,208,trader_bridge_app,PauseTradingSession,1788542456,23,0,1
h04ar64h,8,2eqstpu0,208,trader_bridge_app,PauseTradingSession,1788542456,23,0,1
h04ar64h,9,5koml6p7,208,trader_bridge_app,PauseTradingSession,1788542456,23,0,1
h04ar64h,10,74kwsfm2,208,trader_bridge_app,PauseTradingSession,1788542456,23,0,1
h04ar64h,11,sfggcdud,208,trader_bridge_app,PauseTradingSession,1788542456,23,0,1
h04ar64h,12,7rwcsuuk,208,trader_bridge_app,PauseTradingSession,1788542456,23,0,1
h04ar64h,9,5koml6p7,210,trader_bridge_app,DayBreak,1788542458,23,0,0
h04ar64h,7,wqx1o2wk,210,trader_bridge_app,DayBreak,1788542459,23,0,0
h04ar64h,11,sfggcdud,210,trader_bridge_app,DayBreak,1788542460,23,0,0
h04ar64h,12,7rwcsuuk,210,trader_bridge_app,DayBreak,1788542462,23,0,0
h04ar64h,8,2eqstpu0,210,trader_bridge_app,DayBreak,1788542462,23,0,0
h04ar64h,25,q0dsxnk7,234,trader_bridge_app,TradePage,1788542463,26,0,0
h04ar64h,26,hib1sgxm,234,trader_bridge_app,TradePage,1788542463,26,0,0
h04ar64h,27,p0qjg0v3,234,trader_bridge_app,TradePage,1788542475,26,0,0
h04ar64h,25,q0dsxnk7,235,trader_bridge_app,PauseTradingSession,1788542475,26,0,1
h04ar64h,26,hib1sgxm,235,trader_bridge_app,PauseTradingSession,1788542475,26,0,1
h04ar64h,27,p0qjg0v3,235,trader_bridge_app,PauseTradingSession,1788542475,26,0,1
h04ar64h,15,fpjd0ju0,216,trader_bridge_app,TradePage,1788542475,24,0,0
h04ar64h,10,74kwsfm2,210,trader_bridge_app,DayBreak,1788542477,23,1,0
h04ar64h,7,wqx1o2wk,214,trader_bridge_app,ResumeTradingSession,1788542477,24,0,1
h04ar64h,8,2eqstpu0,214,trader_bridge_app,ResumeTradingSession,1788542477,24,0,1
h04ar64h,9,5koml6p7,214,trader_bridge_app,ResumeTradingSession,1788542477,24,0,1
h04ar64h,10,74kwsfm2,214,trader_bridge_app,ResumeTradingSession,1788542477,24,0,1
h04ar64h,11,sfggcdud,214,trader_bridge_app,ResumeTradingSession,1788542477,24,0,1
h04ar64h,12,7rwcsuuk,214,trader_bridge_app,ResumeTradingSession,1788542477,24,0,1
h04ar64h,13,gnbf58uk,216,trader_bridge_app,TradePage,1788542478,24,0,0
h04ar64h,19,26cqd8wg,189,trader_bridge_app,TradePage,1788542478,21,0,0
h04ar64h,26,hib1sgxm,237,trader_bridge_app,DayBreak,1788542478,26,0,0
h04ar64h,24,18ahuxm6,189,trader_bridge_app,TradePage,1788542478,21,0,0
h04ar64h,27,p0qjg0v3,237,trader_bridge_app,DayBreak,1788542479,26,0,0
h04ar64h,21,312jd80s,189,trader_bridge_app,TradePage,1788542479,21,0,0
h04ar64h,22,oq7csg5x,189,trader_bridge_app,TradePage,1788542479,21,0,0
h04ar64h,25,q0dsxnk7,237,trader_bridge_app,DayBreak,1788542479,26,0,0
h04ar64h,25,q0dsxnk7,241,trader_bridge_app,ResumeTradingSession,1788542480,27,0,1
h04ar64h,26,hib1sgxm,241,trader_bridge_app,ResumeTradingSession,1788542480,27,0,1
h04ar64h,27,p0qjg0v3,241,trader_bridge_app,ResumeTradingSession,1788542480,27,0,1
h04ar64h,16,ypfasl0o,216,trader_bridge_app,TradePage,1788542484,24,0,0
h04ar64h,18,j6legxhq,216,trader_bridge_app,TradePage,1788542484,24,0,0
h04ar64h,17,shtk2vi6,216,trader_bridge_app,TradePage,1788542484,24,0,0
h04ar64h,14,gfn2r8vo,216,trader_bridge_app,TradePage,1788542484,24,0,0
h04ar64h,13,gnbf58uk,217,trader_bridge_app,PauseTradingSession,1788542485,24,0,1
h04ar64h,14,gfn2r8vo,217,trader_bridge_app,PauseTradingSession,1788542485,24,0,1
h04ar64h,15,fpjd0ju0,217,trader_bridge_app,PauseTradingSession,1788542485,24,0,1
h04ar64h,16,ypfasl0o,217,trader_bridge_app,PauseTradingSession,1788542485,24,0,1
h04ar64h,17,shtk2vi6,217,trader_bridge_app,PauseTradingSession,1788542485,24,0,1
h04ar64h,18,j6legxhq,217,trader_bridge_app,PauseTradingSession,1788542485,24,0,1
h04ar64h,2,tvxlbecc,225,trader_bridge_app,TradePage,1788542487,25,0,0
h04ar64h,5,mcswnxs6,225,trader_bridge_app,TradePage,1788542487,25,0,0
h04ar64h,3,sxp8ngu2,225,trader_bridge_app,TradePage,1788542487,25,0,0
h04ar64h,1,sm0ry4ut,225,trader_bridge_app,TradePage,1788542487,25,0,0
h04ar64h,6,y51mizer,225,trader_bridge_app,TradePage,1788542490,25,0,0
h04ar64h,4,70gpk2i9,225,trader_bridge_app,TradePage,1788542490,25,0,0
h04ar64h,2,tvxlbecc,226,trader_bridge_app,PauseTradingSession,1788542491,25,0,1
h04ar64h,3,sxp8ngu2,226,trader_bridge_app,PauseTradingSession,1788542491,25,0,1
h04ar64h,4,70gpk2i9,226,trader_bridge_app,PauseTradingSession,1788542491,25,0,1
h04ar64h,5,mcswnxs6,226,trader_bridge_app,PauseTradingSession,1788542491,25,0,1
h04ar64h,6,y51mizer,226,trader_bridge_app,PauseTradingSession,1788542491,25,0,1
h04ar64h,1,sm0ry4ut,226,trader_bridge_app,PauseTradingSession,1788542491,25,0,1
h04ar64h,17,shtk2vi6,219,trader_bridge_app,DayBreak,1788542491,24,0,0
h04ar64h,20,xzwecx41,189,trader_bridge_app,TradePage,1788542491,21,0,0
h04ar64h,23,w03fifp1,189,trader_bridge_app,TradePage,1788542492,21,0,0
h04ar64h,19,26cqd8wg,190,trader_bridge_app,PauseTradingSession,1788542492,21,0,1
h04ar64h,20,xzwecx41,190,trader_bridge_app,PauseTradingSession,1788542492,21,0,1
h04ar64h,21,312jd80s,190,trader_bridge_app,PauseTradingSession,1788542492,21,0,1
h04ar64h,22,oq7csg5x,190,trader_bridge_app,PauseTradingSession,1788542492,21,0,1
h04ar64h,23,w03fifp1,190,trader_bridge_app,PauseTradingSession,1788542492,21,0,1
h04ar64h,24,18ahuxm6,190,trader_bridge_app,PauseTradingSession,1788542492,21,0,1
h04ar64h,5,mcswnxs6,228,trader_bridge_app,DayBreak,1788542494,25,0,0
h04ar64h,3,sxp8ngu2,228,trader_bridge_app,DayBreak,1788542494,25,0,0
h04ar64h,4,70gpk2i9,228,trader_bridge_app,DayBreak,1788542494,25,0,0
h04ar64h,14,gfn2r8vo,219,trader_bridge_app,DayBreak,1788542495,24,0,0
h04ar64h,2,tvxlbecc,228,trader_bridge_app,DayBreak,1788542495,25,0,0
h04ar64h,1,sm0ry4ut,228,trader_bridge_app,DayBreak,1788542496,25,0,0
h04ar64h,16,ypfasl0o,219,trader_bridge_app,DayBreak,1788542498,24,0,0
h04ar64h,18,j6legxhq,219,trader_bridge_app,DayBreak,1788542499,24,0,0
h04ar64h,6,y51mizer,228,trader_bridge_app,DayBreak,1788542499,25,0,0
h04ar64h,2,tvxlbecc,232,trader_bridge_app,ResumeTradingSession,1788542499,26,0,1
h04ar64h,3,sxp8ngu2,232,trader_bridge_app,ResumeTradingSession,1788542499,26,0,1
h04ar64h,4,70gpk2i9,232,trader_bridge_app,ResumeTradingSession,1788542499,26,0,1
h04ar64h,5,mcswnxs6,232,trader_bridge_app,ResumeTradingSession,1788542499,26,0,1
h04ar64h,1,sm0ry4ut,232,trader_bridge_app,ResumeTradingSession,1788542499,26,0,1
h04ar64h,6,y51mizer,232,trader_bridge_app,ResumeTradingSession,1788542499,26,0,1
h04ar64h,24,18ahuxm6,192,trader_bridge_app,DayBreak,1788542501,21,0,0
h04ar64h,19,26cqd8wg,192,trader_bridge_app,DayBreak,1788542501,21,0,0
h04ar64h,22,oq7csg5x,192,trader_bridge_app,DayBreak,1788542503,21,0,0
h04ar64h,23,w03fifp1,192,trader_bridge_app,DayBreak,1788542503,21,0,0
h04ar64h,15,fpjd0ju0,219,trader_bridge_app,DayBreak,1788542505,24,1,0
h04ar64h,20,xzwecx41,192,trader_bridge_app,DayBreak,1788542505,21,0,0
h04ar64h,13,gnbf58uk,219,trader_bridge_app,DayBreak,1788542505,24,1,0
h04ar64h,13,gnbf58uk,223,trader_bridge_app,ResumeTradingSession,1788542505,25,0,1
h04ar64h,14,gfn2r8vo,223,trader_bridge_app,ResumeTradingSession,1788542505,25,0,1
h04ar64h,15,fpjd0ju0,223,trader_bridge_app,ResumeTradingSession,1788542505,25,0,1
h04ar64h,16,ypfasl0o,223,trader_bridge_app,ResumeTradingSession,1788542505,25,0,1
h04ar64h,17,shtk2vi6,223,trader_bridge_app,ResumeTradingSession,1788542505,25,0,1
h04ar64h,18,j6legxhq,223,trader_bridge_app,ResumeTradingSession,1788542505,25,0,1
h04ar64h,21,312jd80s,192,trader_bridge_app,DayBreak,1788542507,21,0,0
h04ar64h,19,26cqd8wg,196,trader_bridge_app,ResumeTradingSession,1788542507,22,0,1
h04ar64h,20,xzwecx41,196,trader_bridge_app,ResumeTradingSession,1788542507,22,0,1
h04ar64h,21,312jd80s,196,trader_bridge_app,ResumeTradingSession,1788542507,22,0,1
h04ar64h,22,oq7csg5x,196,trader_bridge_app,ResumeTradingSession,1788542507,22,0,1
h04ar64h,23,w03fifp1,196,trader_bridge_app,ResumeTradingSession,1788542507,22,0,1
h04ar64h,24,18ahuxm6,196,trader_bridge_app,ResumeTradingSession,1788542507,22,0,1
h04ar64h,10,74kwsfm2,216,trader_bridge_app,TradePage,1788542538,24,0,0
h04ar64h,11,sfggcdud,216,trader_bridge_app,TradePage,1788542538,24,0,0
h04ar64h,8,2eqstpu0,216,trader_bridge_app,TradePage,1788542538,24,0,0
h04ar64h,12,7rwcsuuk,216,trader_bridge_app,TradePage,1788542538,24,0,0
h04ar64h,7,wqx1o2wk,216,trader_bridge_app,TradePage,1788542538,24,0,0
h04ar64h,9,5koml6p7,216,trader_bridge_app,TradePage,1788542538,24,0,0
h04ar64h,7,wqx1o2wk,217,trader_bridge_app,PauseTradingSession,1788542538,24,0,1
h04ar64h,8,2eqstpu0,217,trader_bridge_app,PauseTradingSession,1788542538,24,0,1
h04ar64h,9,5koml6p7,217,trader_bridge_app,PauseTradingSession,1788542538,24,0,1
h04ar64h,10,74kwsfm2,217,trader_bridge_app,PauseTradingSession,1788542538,24,0,1
h04ar64h,11,sfggcdud,217,trader_bridge_app,PauseTradingSession,1788542538,24,0,1
h04ar64h,12,7rwcsuuk,217,trader_bridge_app,PauseTradingSession,1788542538,24,0,1
h04ar64h,25,q0dsxnk7,243,trader_bridge_app,TradePage,1788542540,27,0,0
h04ar64h,26,hib1sgxm,243,trader_bridge_app,TradePage,1788542541,27,0,0
h04ar64h,27,p0qjg0v3,243,trader_bridge_app,TradePage,1788542542,27,0,0
h04ar64h,25,q0dsxnk7,244,trader_bridge_app,PauseTradingSession,1788542542,27,0,1
h04ar64h,26,hib1sgxm,244,trader_bridge_app,PauseTradingSession,1788542542,27,0,1
h04ar64h,27,p0qjg0v3,244,trader_bridge_app,PauseTradingSession,1788542542,27,0,1
h04ar64h,12,7rwcsuuk,219,trader_bridge_app,DayBreak,1788542546,24,0,0
h04ar64h,11,sfggcdud,219,trader_bridge_app,DayBreak,1788542547,24,0,0
h04ar64h,7,wqx1o2wk,219,trader_bridge_app,DayBreak,1788542548,24,0,0
h04ar64h,9,5koml6p7,219,trader_bridge_app,DayBreak,1788542548,24,0,0
h04ar64h,25,q0dsxnk7,246,trader_bridge_app,DayBreak,1788542549,27,0,0
h04ar64h,27,p0qjg0v3,246,trader_bridge_app,DayBreak,1788542552,27,0,0
h04ar64h,8,2eqstpu0,219,trader_bridge_app,DayBreak,1788542558,24,0,0
h04ar64h,10,74kwsfm2,219,trader_bridge_app,DayBreak,1788542559,24,1,0
h04ar64h,7,wqx1o2wk,223,trader_bridge_app,ResumeTradingSession,1788542559,25,0,1
h04ar64h,8,2eqstpu0,223,trader_bridge_app,ResumeTradingSession,1788542559,25,0,1
h04ar64h,9,5koml6p7,223,trader_bridge_app,ResumeTradingSession,1788542559,25,0,1
h04ar64h,10,74kwsfm2,223,trader_bridge_app,ResumeTradingSession,1788542559,25,0,1
h04ar64h,11,sfggcdud,223,trader_bridge_app,ResumeTradingSession,1788542559,25,0,1
h04ar64h,12,7rwcsuuk,223,trader_bridge_app,ResumeTradingSession,1788542559,25,0,1
h04ar64h,26,hib1sgxm,246,trader_bridge_app,DayBreak,1788542562,27,1,0
h04ar64h,25,q0dsxnk7,250,trader_bridge_app,ResumeTradingSession,1788542562,28,0,1
h04ar64h,26,hib1sgxm,250,trader_bridge_app,ResumeTradingSession,1788542562,28,0,1
h04ar64h,27,p0qjg0v3,250,trader_bridge_app,ResumeTradingSession,1788542562,28,0,1
h04ar64h,6,y51mizer,234,trader_bridge_app,TradePage,1788542565,26,0,0
h04ar64h,2,tvxlbecc,234,trader_bridge_app,TradePage,1788542565,26,0,0
h04ar64h,5,mcswnxs6,234,trader_bridge_app,TradePage,1788542565,26,0,0
h04ar64h,1,sm0ry4ut,234,trader_bridge_app,TradePage,1788542566,26,0,0
h04ar64h,3,sxp8ngu2,234,trader_bridge_app,TradePage,1788542566,26,0,0
h04ar64h,4,70gpk2i9,234,trader_bridge_app,TradePage,1788542566,26,0,0
h04ar64h,3,sxp8ngu2,235,trader_bridge_app,PauseTradingSession,1788542567,26,0,1
h04ar64h,4,70gpk2i9,235,trader_bridge_app,PauseTradingSession,1788542567,26,0,1
h04ar64h,5,mcswnxs6,235,trader_bridge_app,PauseTradingSession,1788542567,26,0,1
h04ar64h,1,sm0ry4ut,235,trader_bridge_app,PauseTradingSession,1788542567,26,0,1
h04ar64h,2,tvxlbecc,235,trader_bridge_app,PauseTradingSession,1788542567,26,0,1
h04ar64h,6,y51mizer,235,trader_bridge_app,PauseTradingSession,1788542567,26,0,1
h04ar64h,13,gnbf58uk,225,trader_bridge_app,TradePage,1788542567,25,0,0
h04ar64h,4,70gpk2i9,237,trader_bridge_app,DayBreak,1788542569,26,0,0
h04ar64h,3,sxp8ngu2,237,trader_bridge_app,DayBreak,1788542572,26,0,0
h04ar64h,16,ypfasl0o,225,trader_bridge_app,TradePage,1788542572,25,0,0
h04ar64h,17,shtk2vi6,225,trader_bridge_app,TradePage,1788542572,25,0,0
h04ar64h,14,gfn2r8vo,225,trader_bridge_app,TradePage,1788542572,25,0,0
h04ar64h,15,fpjd0ju0,225,trader_bridge_app,TradePage,1788542572,25,0,0
h04ar64h,18,j6legxhq,225,trader_bridge_app,TradePage,1788542572,25,0,0
h04ar64h,13,gnbf58uk,226,trader_bridge_app,PauseTradingSession,1788542573,25,0,1
h04ar64h,14,gfn2r8vo,226,trader_bridge_app,PauseTradingSession,1788542573,25,0,1
h04ar64h,15,fpjd0ju0,226,trader_bridge_app,PauseTradingSession,1788542573,25,0,1
h04ar64h,16,ypfasl0o,226,trader_bridge_app,PauseTradingSession,1788542573,25,0,1
h04ar64h,17,shtk2vi6,226,trader_bridge_app,PauseTradingSession,1788542573,25,0,1
h04ar64h,18,j6legxhq,226,trader_bridge_app,PauseTradingSession,1788542573,25,0,1
h04ar64h,21,312jd80s,198,trader_bridge_app,TradePage,1788542574,22,1,0
h04ar64h,20,xzwecx41,198,trader_bridge_app,TradePage,1788542574,22,1,0
h04ar64h,22,oq7csg5x,198,trader_bridge_app,TradePage,1788542574,22,1,0
h04ar64h,23,w03fifp1,198,trader_bridge_app,TradePage,1788542574,22,1,0
h04ar64h,24,18ahuxm6,198,trader_bridge_app,TradePage,1788542574,22,1,0
h04ar64h,19,26cqd8wg,198,trader_bridge_app,TradePage,1788542575,22,0,0
h04ar64h,19,26cqd8wg,199,trader_bridge_app,PauseTradingSession,1788542576,22,0,1
h04ar64h,20,xzwecx41,199,trader_bridge_app,PauseTradingSession,1788542576,22,0,1
h04ar64h,21,312jd80s,199,trader_bridge_app,PauseTradingSession,1788542576,22,0,1
h04ar64h,22,oq7csg5x,199,trader_bridge_app,PauseTradingSession,1788542576,22,0,1
h04ar64h,23,w03fifp1,199,trader_bridge_app,PauseTradingSession,1788542576,22,0,1
h04ar64h,24,18ahuxm6,199,trader_bridge_app,PauseTradingSession,1788542576,22,0,1
h04ar64h,1,sm0ry4ut,237,trader_bridge_app,DayBreak,1788542576,26,0,0
h04ar64h,14,gfn2r8vo,228,trader_bridge_app,DayBreak,1788542576,25,0,0
h04ar64h,19,26cqd8wg,201,trader_bridge_app,DayBreak,1788542583,22,0,0
h04ar64h,13,gnbf58uk,228,trader_bridge_app,DayBreak,1788542586,25,0,0
h04ar64h,18,j6legxhq,228,trader_bridge_app,DayBreak,1788542587,25,0,0
h04ar64h,15,fpjd0ju0,228,trader_bridge_app,DayBreak,1788542589,25,0,0
h04ar64h,17,shtk2vi6,228,trader_bridge_app,DayBreak,1788542595,25,0,0
h04ar64h,23,w03fifp1,201,trader_bridge_app,DayBreak,1788542595,22,0,0
h04ar64h,2,tvxlbecc,237,trader_bridge_app,DayBreak,1788542595,26,0,0
h04ar64h,21,312jd80s,201,trader_bridge_app,DayBreak,1788542596,22,0,0
h04ar64h,5,mcswnxs6,237,trader_bridge_app,DayBreak,1788542598,26,1,0
h04ar64h,6,y51mizer,237,trader_bridge_app,DayBreak,1788542598,26,1,0
h04ar64h,1,sm0ry4ut,241,trader_bridge_app,ResumeTradingSession,1788542599,27,0,1
h04ar64h,2,tvxlbecc,241,trader_bridge_app,ResumeTradingSession,1788542599,27,0,1
h04ar64h,3,sxp8ngu2,241,trader_bridge_app,ResumeTradingSession,1788542599,27,0,1
h04ar64h,4,70gpk2i9,241,trader_bridge_app,ResumeTradingSession,1788542599,27,0,1
h04ar64h,5,mcswnxs6,241,trader_bridge_app,ResumeTradingSession,1788542599,27,0,1
h04ar64h,6,y51mizer,241,trader_bridge_app,ResumeTradingSession,1788542599,27,0,1
h04ar64h,22,oq7csg5x,201,trader_bridge_app,DayBreak,1788542599,22,0,0
h04ar64h,20,xzwecx41,201,trader_bridge_app,DayBreak,1788542600,22,0,0
h04ar64h,16,ypfasl0o,228,trader_bridge_app,DayBreak,1788542600,25,0,0
h04ar64h,13,gnbf58uk,232,trader_bridge_app,ResumeTradingSession,1788542600,26,0,1
h04ar64h,14,gfn2r8vo,232,trader_bridge_app,ResumeTradingSession,1788542600,26,0,1
h04ar64h,15,fpjd0ju0,232,trader_bridge_app,ResumeTradingSession,1788542600,26,0,1
h04ar64h,16,ypfasl0o,232,trader_bridge_app,ResumeTradingSession,1788542600,26,0,1
h04ar64h,17,shtk2vi6,232,trader_bridge_app,ResumeTradingSession,1788542600,26,0,1
h04ar64h,18,j6legxhq,232,trader_bridge_app,ResumeTradingSession,1788542600,26,0,1
h04ar64h,24,18ahuxm6,201,trader_bridge_app,DayBreak,1788542607,22,0,0
h04ar64h,19,26cqd8wg,205,trader_bridge_app,ResumeTradingSession,1788542607,23,0,1
h04ar64h,20,xzwecx41,205,trader_bridge_app,ResumeTradingSession,1788542607,23,0,1
h04ar64h,21,312jd80s,205,trader_bridge_app,ResumeTradingSession,1788542607,23,0,1
h04ar64h,22,oq7csg5x,205,trader_bridge_app,ResumeTradingSession,1788542607,23,0,1
h04ar64h,23,w03fifp1,205,trader_bridge_app,ResumeTradingSession,1788542607,23,0,1
h04ar64h,24,18ahuxm6,205,trader_bridge_app,ResumeTradingSession,1788542607,23,0,1
h04ar64h,10,74kwsfm2,225,trader_bridge_app,TradePage,1788542620,25,0,0
h04ar64h,7,wqx1o2wk,225,trader_bridge_app,TradePage,1788542620,25,0,0
h04ar64h,12,7rwcsuuk,225,trader_bridge_app,TradePage,1788542620,25,0,0
h04ar64h,11,sfggcdud,225,trader_bridge_app,TradePage,1788542621,25,0,0
h04ar64h,9,5koml6p7,225,trader_bridge_app,TradePage,1788542621,25,0,0
h04ar64h,27,p0qjg0v3,252,trader_bridge_app,TradePage,1788542623,28,0,0
h04ar64h,26,hib1sgxm,252,trader_bridge_app,TradePage,1788542623,28,0,0
h04ar64h,25,q0dsxnk7,252,trader_bridge_app,TradePage,1788542623,28,0,0
h04ar64h,25,q0dsxnk7,253,trader_bridge_app,PauseTradingSession,1788542624,28,0,1
h04ar64h,26,hib1sgxm,253,trader_bridge_app,PauseTradingSession,1788542624,28,0,1
h04ar64h,27,p0qjg0v3,253,trader_bridge_app,PauseTradingSession,1788542624,28,0,1
h04ar64h,8,2eqstpu0,225,trader_bridge_app,TradePage,1788542625,25,0,0
h04ar64h,7,wqx1o2wk,226,trader_bridge_app,PauseTradingSession,1788542625,25,0,1
h04ar64h,8,2eqstpu0,226,trader_bridge_app,PauseTradingSession,1788542625,25,0,1
h04ar64h,9,5koml6p7,226,trader_bridge_app,PauseTradingSession,1788542625,25,0,1
h04ar64h,10,74kwsfm2,226,trader_bridge_app,PauseTradingSession,1788542625,25,0,1
h04ar64h,11,sfggcdud,226,trader_bridge_app,PauseTradingSession,1788542625,25,0,1
h04ar64h,12,7rwcsuuk,226,trader_bridge_app,PauseTradingSession,1788542625,25,0,1
h04ar64h,27,p0qjg0v3,255,trader_bridge_app,DayBreak,1788542626,28,0,0
h04ar64h,25,q0dsxnk7,255,trader_bridge_app,DayBreak,1788542627,28,0,0
h04ar64h,9,5koml6p7,228,trader_bridge_app,DayBreak,1788542628,25,0,0
h04ar64h,7,wqx1o2wk,228,trader_bridge_app,DayBreak,1788542629,25,0,0
h04ar64h,12,7rwcsuuk,228,trader_bridge_app,DayBreak,1788542630,25,0,0
h04ar64h,8,2eqstpu0,228,trader_bridge_app,DayBreak,1788542632,25,0,0
h04ar64h,26,hib1sgxm,255,trader_bridge_app,DayBreak,1788542632,28,0,0
h04ar64h,11,sfggcdud,228,trader_bridge_app,DayBreak,1788542632,25,0,0
h04ar64h,25,q0dsxnk7,259,trader_bridge_app,ResumeTradingSession,1788542632,29,0,1
h04ar64h,26,hib1sgxm,259,trader_bridge_app,ResumeTradingSession,1788542632,29,0,1
h04ar64h,27,p0qjg0v3,259,trader_bridge_app,ResumeTradingSession,1788542632,29,0,1
h04ar64h,10,74kwsfm2,228,trader_bridge_app,DayBreak,1788542646,25,1,0
h04ar64h,7,wqx1o2wk,232,trader_bridge_app,ResumeTradingSession,1788542646,26,0,1
h04ar64h,8,2eqstpu0,232,trader_bridge_app,ResumeTradingSession,1788542646,26,0,1
h04ar64h,9,5koml6p7,232,trader_bridge_app,ResumeTradingSession,1788542646,26,0,1
h04ar64h,10,74kwsfm2,232,trader_bridge_app,ResumeTradingSession,1788542646,26,0,1
h04ar64h,11,sfggcdud,232,trader_bridge_app,ResumeTradingSession,1788542646,26,0,1
h04ar64h,12,7rwcsuuk,232,trader_bridge_app,ResumeTradingSession,1788542646,26,0,1
h04ar64h,6,y51mizer,243,trader_bridge_app,TradePage,1788542661,27,0,0
h04ar64h,2,tvxlbecc,243,trader_bridge_app,TradePage,1788542661,27,0,0
h04ar64h,4,70gpk2i9,243,trader_bridge_app,TradePage,1788542661,27,0,0
h04ar64h,3,sxp8ngu2,243,trader_bridge_app,TradePage,1788542661,27,0,0
h04ar64h,1,sm0ry4ut,243,trader_bridge_app,TradePage,1788542661,27,0,0
h04ar64h,5,mcswnxs6,243,trader_bridge_app,TradePage,1788542662,27,0,0
h04ar64h,1,sm0ry4ut,244,trader_bridge_app,PauseTradingSession,1788542662,27,0,1
h04ar64h,2,tvxlbecc,244,trader_bridge_app,PauseTradingSession,1788542662,27,0,1
h04ar64h,3,sxp8ngu2,244,trader_bridge_app,PauseTradingSession,1788542662,27,0,1
h04ar64h,4,70gpk2i9,244,trader_bridge_app,PauseTradingSession,1788542662,27,0,1
h04ar64h,5,mcswnxs6,244,trader_bridge_app,PauseTradingSession,1788542662,27,0,1
h04ar64h,6,y51mizer,244,trader_bridge_app,PauseTradingSession,1788542662,27,0,1
h04ar64h,16,ypfasl0o,234,trader_bridge_app,TradePage,1788542662,26,0,0
h04ar64h,17,shtk2vi6,234,trader_bridge_app,TradePage,1788542662,26,0,0
h04ar64h,13,gnbf58uk,234,trader_bridge_app,TradePage,1788542663,26,0,0
h04ar64h,15,fpjd0ju0,234,trader_bridge_app,TradePage,1788542663,26,0,0
h04ar64h,14,gfn2r8vo,234,trader_bridge_app,TradePage,1788542663,26,0,0
h04ar64h,18,j6legxhq,234,trader_bridge_app,TradePage,1788542663,26,0,0
h04ar64h,14,gfn2r8vo,235,trader_bridge_app,PauseTradingSession,1788542663,26,0,1
h04ar64h,15,fpjd0ju0,235,trader_bridge_app,PauseTradingSession,1788542663,26,0,1
h04ar64h,13,gnbf58uk,235,trader_bridge_app,PauseTradingSession,1788542663,26,0,1
h04ar64h,16,ypfasl0o,235,trader_bridge_app,PauseTradingSession,1788542663,26,0,1
h04ar64h,17,shtk2vi6,235,trader_bridge_app,PauseTradingSession,1788542663,26,0,1
h04ar64h,18,j6legxhq,235,trader_bridge_app,PauseTradingSession,1788542663,26,0,1
h04ar64h,13,gnbf58uk,237,trader_bridge_app,DayBreak,1788542666,26,0,0
h04ar64h,14,gfn2r8vo,237,trader_bridge_app,DayBreak,1788542667,26,0,0
h04ar64h,17,shtk2vi6,237,trader_bridge_app,DayBreak,1788542668,26,0,0
h04ar64h,24,18ahuxm6,207,trader_bridge_app,TradePage,1788542668,23,0,0
h04ar64h,16,ypfasl0o,237,trader_bridge_app,DayBreak,1788542669,26,0,0
h04ar64h,2,tvxlbecc,246,trader_bridge_app,DayBreak,1788542672,27,0,0
h04ar64h,18,j6legxhq,237,trader_bridge_app,DayBreak,1788542672,26,0,0
h04ar64h,6,y51mizer,246,trader_bridge_app,DayBreak,1788542672,27,0,0
h04ar64h,4,70gpk2i9,246,trader_bridge_app,DayBreak,1788542674,27,0,0
h04ar64h,3,sxp8ngu2,246,trader_bridge_app,DayBreak,1788542674,27,0,0
h04ar64h,20,xzwecx41,207,trader_bridge_app,TradePage,1788542674,23,0,0
h04ar64h,19,26cqd8wg,207,trader_bridge_app,TradePage,1788542674,23,0,0
h04ar64h,21,312jd80s,207,trader_bridge_app,TradePage,1788542674,23,0,0
h04ar64h,22,oq7csg5x,207,trader_bridge_app,TradePage,1788542674,23,0,0
h04ar64h,23,w03fifp1,207,trader_bridge_app,TradePage,1788542674,23,0,0
h04ar64h,19,26cqd8wg,208,trader_bridge_app,PauseTradingSession,1788542675,23,0,1
h04ar64h,20,xzwecx41,208,trader_bridge_app,PauseTradingSession,1788542675,23,0,1
h04ar64h,21,312jd80s,208,trader_bridge_app,PauseTradingSession,1788542675,23,0,1
h04ar64h,22,oq7csg5x,208,trader_bridge_app,PauseTradingSession,1788542675,23,0,1
h04ar64h,23,w03fifp1,208,trader_bridge_app,PauseTradingSession,1788542675,23,0,1
h04ar64h,24,18ahuxm6,208,trader_bridge_app,PauseTradingSession,1788542675,23,0,1
h04ar64h,5,mcswnxs6,246,trader_bridge_app,DayBreak,1788542675,27,0,0
h04ar64h,23,w03fifp1,210,trader_bridge_app,DayBreak,1788542679,23,0,0
h04ar64h,21,312jd80s,210,trader_bridge_app,DayBreak,1788542679,23,0,0
h04ar64h,22,oq7csg5x,210,trader_bridge_app,DayBreak,1788542680,23,0,0
h04ar64h,15,fpjd0ju0,237,trader_bridge_app,DayBreak,1788542683,26,1,0
h04ar64h,13,gnbf58uk,241,trader_bridge_app,ResumeTradingSession,1788542684,27,0,1
h04ar64h,14,gfn2r8vo,241,trader_bridge_app,ResumeTradingSession,1788542684,27,0,1
h04ar64h,15,fpjd0ju0,241,trader_bridge_app,ResumeTradingSession,1788542684,27,0,1
h04ar64h,17,shtk2vi6,241,trader_bridge_app,ResumeTradingSession,1788542684,27,0,1
h04ar64h,18,j6legxhq,241,trader_bridge_app,ResumeTradingSession,1788542684,27,0,1
h04ar64h,16,ypfasl0o,241,trader_bridge_app,ResumeTradingSession,1788542684,27,0,1
h04ar64h,1,sm0ry4ut,246,trader_bridge_app,DayBreak,1788542684,27,1,0
h04ar64h,1,sm0ry4ut,250,trader_bridge_app,ResumeTradingSession,1788542684,28,0,1
h04ar64h,2,tvxlbecc,250,trader_bridge_app,ResumeTradingSession,1788542684,28,0,1
h04ar64h,3,sxp8ngu2,250,trader_bridge_app,ResumeTradingSession,1788542684,28,0,1
h04ar64h,4,70gpk2i9,250,trader_bridge_app,ResumeTradingSession,1788542684,28,0,1
h04ar64h,5,mcswnxs6,250,trader_bridge_app,ResumeTradingSession,1788542684,28,0,1
h04ar64h,6,y51mizer,250,trader_bridge_app,ResumeTradingSession,1788542684,28,0,1
h04ar64h,26,hib1sgxm,261,trader_bridge_app,TradePage,1788542693,29,0,0
h04ar64h,27,p0qjg0v3,261,trader_bridge_app,TradePage,1788542693,29,0,0
h04ar64h,25,q0dsxnk7,261,trader_bridge_app,TradePage,1788542693,29,0,0
h04ar64h,25,q0dsxnk7,262,trader_bridge_app,PauseTradingSession,1788542693,29,0,1
h04ar64h,26,hib1sgxm,262,trader_bridge_app,PauseTradingSession,1788542693,29,0,1
h04ar64h,27,p0qjg0v3,262,trader_bridge_app,PauseTradingSession,1788542693,29,0,1
h04ar64h,24,18ahuxm6,210,trader_bridge_app,DayBreak,1788542695,23,0,0
h04ar64h,25,q0dsxnk7,264,trader_bridge_app,DayBreak,1788542696,29,0,0
h04ar64h,27,p0qjg0v3,264,trader_bridge_app,DayBreak,1788542696,29,0,0
h04ar64h,19,26cqd8wg,210,trader_bridge_app,DayBreak,1788542698,23,0,0
h04ar64h,20,xzwecx41,210,trader_bridge_app,DayBreak,1788542699,23,0,0
h04ar64h,19,26cqd8wg,214,trader_bridge_app,ResumeTradingSession,1788542699,24,0,1
h04ar64h,20,xzwecx41,214,trader_bridge_app,ResumeTradingSession,1788542699,24,0,1
h04ar64h,21,312jd80s,214,trader_bridge_app,ResumeTradingSession,1788542699,24,0,1
h04ar64h,22,oq7csg5x,214,trader_bridge_app,ResumeTradingSession,1788542699,24,0,1
h04ar64h,23,w03fifp1,214,trader_bridge_app,ResumeTradingSession,1788542699,24,0,1
h04ar64h,24,18ahuxm6,214,trader_bridge_app,ResumeTradingSession,1788542699,24,0,1
h04ar64h,26,hib1sgxm,264,trader_bridge_app,DayBreak,1788542701,29,0,0
h04ar64h,25,q0dsxnk7,268,trader_bridge_app,ResumeTradingSession,1788542702,30,0,1
h04ar64h,26,hib1sgxm,268,trader_bridge_app,ResumeTradingSession,1788542702,30,0,1
h04ar64h,27,p0qjg0v3,268,trader_bridge_app,ResumeTradingSession,1788542702,30,0,1
h04ar64h,10,74kwsfm2,234,trader_bridge_app,TradePage,1788542709,26,0,0
h04ar64h,11,sfggcdud,234,trader_bridge_app,TradePage,1788542709,26,0,0
h04ar64h,7,wqx1o2wk,234,trader_bridge_app,TradePage,1788542709,26,0,0
h04ar64h,8,2eqstpu0,234,trader_bridge_app,TradePage,1788542709,26,0,0
h04ar64h,9,5koml6p7,234,trader_bridge_app,TradePage,1788542709,26,0,0
h04ar64h,12,7rwcsuuk,234,trader_bridge_app,TradePage,1788542709,26,0,0
h04ar64h,11,sfggcdud,235,trader_bridge_app,PauseTradingSession,1788542709,26,0,1
h04ar64h,12,7rwcsuuk,235,trader_bridge_app,PauseTradingSession,1788542709,26,0,1
h04ar64h,7,wqx1o2wk,235,trader_bridge_app,PauseTradingSession,1788542709,26,0,1
h04ar64h,8,2eqstpu0,235,trader_bridge_app,PauseTradingSession,1788542709,26,0,1
h04ar64h,9,5koml6p7,235,trader_bridge_app,PauseTradingSession,1788542709,26,0,1
h04ar64h,10,74kwsfm2,235,trader_bridge_app,PauseTradingSession,1788542709,26,0,1
h04ar64h,12,7rwcsuuk,237,trader_bridge_app,DayBreak,1788542711,26,0,0
h04ar64h,9,5koml6p7,237,trader_bridge_app,DayBreak,1788542712,26,0,0
h04ar64h,11,sfggcdud,237,trader_bridge_app,DayBreak,1788542713,26,0,0
h04ar64h,7,wqx1o2wk,237,trader_bridge_app,DayBreak,1788542714,26,0,0
h04ar64h,8,2eqstpu0,237,trader_bridge_app,DayBreak,1788542717,26,0,0
h04ar64h,10,74kwsfm2,237,trader_bridge_app,DayBreak,1788542731,26,1,0
h04ar64h,7,wqx1o2wk,241,trader_bridge_app,ResumeTradingSession,1788542731,27,0,1
h04ar64h,8,2eqstpu0,241,trader_bridge_app,ResumeTradingSession,1788542731,27,0,1
h04ar64h,9,5koml6p7,241,trader_bridge_app,ResumeTradingSession,1788542731,27,0,1
h04ar64h,10,74kwsfm2,241,trader_bridge_app,ResumeTradingSession,1788542731,27,0,1
h04ar64h,11,sfggcdud,241,trader_bridge_app,ResumeTradingSession,1788542731,27,0,1
h04ar64h,12,7rwcsuuk,241,trader_bridge_app,ResumeTradingSession,1788542731,27,0,1
h04ar64h,15,fpjd0ju0,243,trader_bridge_app,TradePage,1788542746,27,0,0
h04ar64h,17,shtk2vi6,243,trader_bridge_app,TradePage,1788542746,27,0,0
h04ar64h,13,gnbf58uk,243,trader_bridge_app,TradePage,1788542746,27,0,0
h04ar64h,1,sm0ry4ut,252,trader_bridge_app,TradePage,1788542750,28,0,0
h04ar64h,2,tvxlbecc,252,trader_bridge_app,TradePage,1788542750,28,0,0
h04ar64h,5,mcswnxs6,252,trader_bridge_app,TradePage,1788542753,28,0,0
h04ar64h,18,j6legxhq,243,trader_bridge_app,TradePage,1788542754,27,0,0
h04ar64h,6,y51mizer,252,trader_bridge_app,TradePage,1788542756,28,0,0
h04ar64h,4,70gpk2i9,252,trader_bridge_app,TradePage,1788542757,28,1,0
h04ar64h,3,sxp8ngu2,252,trader_bridge_app,TradePage,1788542757,28,1,0
h04ar64h,4,70gpk2i9,253,trader_bridge_app,PauseTradingSession,1788542757,28,0,1
h04ar64h,5,mcswnxs6,253,trader_bridge_app,PauseTradingSession,1788542757,28,0,1
h04ar64h,1,sm0ry4ut,253,trader_bridge_app,PauseTradingSession,1788542757,28,0,1
h04ar64h,2,tvxlbecc,253,trader_bridge_app,PauseTradingSession,1788542757,28,0,1
h04ar64h,3,sxp8ngu2,253,trader_bridge_app,PauseTradingSession,1788542757,28,0,1
h04ar64h,6,y51mizer,253,trader_bridge_app,PauseTradingSession,1788542757,28,0,1
h04ar64h,5,mcswnxs6,255,trader_bridge_app,DayBreak,1788542760,28,0,0
h04ar64h,16,ypfasl0o,243,trader_bridge_app,TradePage,1788542761,27,0,0
h04ar64h,14,gfn2r8vo,243,trader_bridge_app,TradePage,1788542761,27,0,0
h04ar64h,13,gnbf58uk,244,trader_bridge_app,PauseTradingSession,1788542761,27,0,1
h04ar64h,14,gfn2r8vo,244,trader_bridge_app,PauseTradingSession,1788542761,27,0,1
h04ar64h,15,fpjd0ju0,244,trader_bridge_app,PauseTradingSession,1788542761,27,0,1
h04ar64h,16,ypfasl0o,244,trader_bridge_app,PauseTradingSession,1788542761,27,0,1
h04ar64h,17,shtk2vi6,244,trader_bridge_app,PauseTradingSession,1788542761,27,0,1
h04ar64h,18,j6legxhq,244,trader_bridge_app,PauseTradingSession,1788542761,27,0,1
h04ar64h,3,sxp8ngu2,255,trader_bridge_app,DayBreak,1788542763,28,0,0
h04ar64h,27,p0qjg0v3,270,trader_bridge_app,TradePage,1788542763,30,0,0
h04ar64h,20,xzwecx41,216,trader_bridge_app,TradePage,1788542763,24,0,0
h04ar64h,23,w03fifp1,216,trader_bridge_app,TradePage,1788542763,24,0,0
h04ar64h,19,26cqd8wg,216,trader_bridge_app,TradePage,1788542763,24,0,0
h04ar64h,24,18ahuxm6,216,trader_bridge_app,TradePage,1788542763,24,0,0
h04ar64h,21,312jd80s,216,trader_bridge_app,TradePage,1788542763,24,0,0
h04ar64h,22,oq7csg5x,216,trader_bridge_app,TradePage,1788542763,24,0,0
h04ar64h,19,26cqd8wg,217,trader_bridge_app,PauseTradingSession,1788542764,24,0,1
h04ar64h,20,xzwecx41,217,trader_bridge_app,PauseTradingSession,1788542764,24,0,1
h04ar64h,21,312jd80s,217,trader_bridge_app,PauseTradingSession,1788542764,24,0,1
h04ar64h,22,oq7csg5x,217,trader_bridge_app,PauseTradingSession,1788542764,24,0,1
h04ar64h,23,w03fifp1,217,trader_bridge_app,PauseTradingSession,1788542764,24,0,1
h04ar64h,24,18ahuxm6,217,trader_bridge_app,PauseTradingSession,1788542764,24,0,1
h04ar64h,26,hib1sgxm,270,trader_bridge_app,TradePage,1788542764,30,0,0
h04ar64h,4,70gpk2i9,255,trader_bridge_app,DayBreak,1788542764,28,0,0
h04ar64h,25,q0dsxnk7,270,trader_bridge_app,TradePage,1788542764,30,0,0
h04ar64h,25,q0dsxnk7,271,trader_bridge_app,PauseTradingSession,1788542764,30,0,1
h04ar64h,26,hib1sgxm,271,trader_bridge_app,PauseTradingSession,1788542764,30,0,1
h04ar64h,27,p0qjg0v3,271,trader_bridge_app,PauseTradingSession,1788542764,30,0,1
h04ar64h,6,y51mizer,255,trader_bridge_app,DayBreak,1788542767,28,0,0
h04ar64h,17,shtk2vi6,246,trader_bridge_app,DayBreak,1788542770,27,0,0
h04ar64h,14,gfn2r8vo,246,trader_bridge_app,DayBreak,1788542770,27,0,0
h04ar64h,21,312jd80s,219,trader_bridge_app,DayBreak,1788542772,24,0,0
h04ar64h,2,tvxlbecc,255,trader_bridge_app,DayBreak,1788542772,28,0,0
h04ar64h,27,p0qjg0v3,273,trader_bridge_app,DayBreak,1788542773,30,0,0
h04ar64h,18,j6legxhq,246,trader_bridge_app,DayBreak,1788542773,27,0,0
h04ar64h,25,q0dsxnk7,273,trader_bridge_app,DayBreak,1788542775,30,0,0
h04ar64h,23,w03fifp1,219,trader_bridge_app,DayBreak,1788542775,24,0,0
h04ar64h,1,sm0ry4ut,255,trader_bridge_app,DayBreak,1788542776,28,0,0
h04ar64h,1,sm0ry4ut,259,trader_bridge_app,ResumeTradingSession,1788542776,29,0,1
h04ar64h,2,tvxlbecc,259,trader_bridge_app,ResumeTradingSession,1788542776,29,0,1
h04ar64h,3,sxp8ngu2,259,trader_bridge_app,ResumeTradingSession,1788542776,29,0,1
h04ar64h,4,70gpk2i9,259,trader_bridge_app,ResumeTradingSession,1788542776,29,0,1
h04ar64h,5,mcswnxs6,259,trader_bridge_app,ResumeTradingSession,1788542776,29,0,1
h04ar64h,6,y51mizer,259,trader_bridge_app,ResumeTradingSession,1788542776,29,0,1
h04ar64h,22,oq7csg5x,219,trader_bridge_app,DayBreak,1788542776,24,0,0
h04ar64h,26,hib1sgxm,273,trader_bridge_app,DayBreak,1788542777,30,0,0
h04ar64h,25,q0dsxnk7,277,trader_bridge_app,ResumeTradingSession,1788542777,31,0,1
h04ar64h,26,hib1sgxm,277,trader_bridge_app,ResumeTradingSession,1788542777,31,0,1
h04ar64h,27,p0qjg0v3,277,trader_bridge_app,ResumeTradingSession,1788542777,31,0,1
h04ar64h,24,18ahuxm6,219,trader_bridge_app,DayBreak,1788542778,24,0,0
h04ar64h,19,26cqd8wg,219,trader_bridge_app,DayBreak,1788542779,24,0,0
h04ar64h,20,xzwecx41,219,trader_bridge_app,DayBreak,1788542780,24,0,0
h04ar64h,20,xzwecx41,223,trader_bridge_app,ResumeTradingSession,1788542780,25,0,1
h04ar64h,21,312jd80s,223,trader_bridge_app,ResumeTradingSession,1788542780,25,0,1
h04ar64h,22,oq7csg5x,223,trader_bridge_app,ResumeTradingSession,1788542780,25,0,1
h04ar64h,19,26cqd8wg,223,trader_bridge_app,ResumeTradingSession,1788542780,25,0,1
h04ar64h,23,w03fifp1,223,trader_bridge_app,ResumeTradingSession,1788542780,25,0,1
h04ar64h,24,18ahuxm6,223,trader_bridge_app,ResumeTradingSession,1788542780,25,0,1
h04ar64h,16,ypfasl0o,246,trader_bridge_app,DayBreak,1788542780,27,0,0
h04ar64h,15,fpjd0ju0,246,trader_bridge_app,DayBreak,1788542782,27,1,0
h04ar64h,13,gnbf58uk,246,trader_bridge_app,DayBreak,1788542783,27,1,0
h04ar64h,13,gnbf58uk,250,trader_bridge_app,ResumeTradingSession,1788542783,28,0,1
h04ar64h,14,gfn2r8vo,250,trader_bridge_app,ResumeTradingSession,1788542783,28,0,1
h04ar64h,15,fpjd0ju0,250,trader_bridge_app,ResumeTradingSession,1788542783,28,0,1
h04ar64h,16,ypfasl0o,250,trader_bridge_app,ResumeTradingSession,1788542783,28,0,1
h04ar64h,18,j6legxhq,250,trader_bridge_app,ResumeTradingSession,1788542783,28,0,1
h04ar64h,17,shtk2vi6,250,trader_bridge_app,ResumeTradingSession,1788542783,28,0,1
h04ar64h,10,74kwsfm2,243,trader_bridge_app,TradePage,1788542792,27,0,0
h04ar64h,7,wqx1o2wk,243,trader_bridge_app,TradePage,1788542792,27,0,0
h04ar64h,9,5koml6p7,243,trader_bridge_app,TradePage,1788542793,27,0,0
h04ar64h,12,7rwcsuuk,243,trader_bridge_app,TradePage,1788542793,27,0,0
h04ar64h,8,2eqstpu0,243,trader_bridge_app,TradePage,1788542793,27,0,0
h04ar64h,11,sfggcdud,243,trader_bridge_app,TradePage,1788542798,27,0,0
h04ar64h,7,wqx1o2wk,244,trader_bridge_app,PauseTradingSession,1788542798,27,0,1
h04ar64h,8,2eqstpu0,244,trader_bridge_app,PauseTradingSession,1788542798,27,0,1
h04ar64h,9,5koml6p7,244,trader_bridge_app,PauseTradingSession,1788542798,27,0,1
h04ar64h,10,74kwsfm2,244,trader_bridge_app,PauseTradingSession,1788542798,27,0,1
h04ar64h,11,sfggcdud,244,trader_bridge_app,PauseTradingSession,1788542798,27,0,1
h04ar64h,12,7rwcsuuk,244,trader_bridge_app,PauseTradingSession,1788542798,27,0,1
h04ar64h,8,2eqstpu0,246,trader_bridge_app,DayBreak,1788542806,27,0,0
h04ar64h,11,sfggcdud,246,trader_bridge_app,DayBreak,1788542807,27,0,0
h04ar64h,10,74kwsfm2,246,trader_bridge_app,DayBreak,1788542808,27,0,0
h04ar64h,9,5koml6p7,246,trader_bridge_app,DayBreak,1788542809,27,0,0
h04ar64h,12,7rwcsuuk,246,trader_bridge_app,DayBreak,1788542809,27,0,0
h04ar64h,7,wqx1o2wk,246,trader_bridge_app,DayBreak,1788542819,27,1,0
h04ar64h,7,wqx1o2wk,250,trader_bridge_app,ResumeTradingSession,1788542819,28,0,1
h04ar64h,8,2eqstpu0,250,trader_bridge_app,ResumeTradingSession,1788542819,28,0,1
h04ar64h,9,5koml6p7,250,trader_bridge_app,ResumeTradingSession,1788542819,28,0,1
h04ar64h,10,74kwsfm2,250,trader_bridge_app,ResumeTradingSession,1788542819,28,0,1
h04ar64h,11,sfggcdud,250,trader_bridge_app,ResumeTradingSession,1788542819,28,0,1
h04ar64h,12,7rwcsuuk,250,trader_bridge_app,ResumeTradingSession,1788542819,28,0,1
h04ar64h,1,sm0ry4ut,261,trader_bridge_app,TradePage,1788542841,29,0,0
h04ar64h,5,mcswnxs6,261,trader_bridge_app,TradePage,1788542841,29,0,0
h04ar64h,3,sxp8ngu2,261,trader_bridge_app,TradePage,1788542841,29,0,0
h04ar64h,4,70gpk2i9,261,trader_bridge_app,TradePage,1788542841,29,0,0
h04ar64h,26,hib1sgxm,279,trader_bridge_app,TradePage,1788542842,31,0,0
h04ar64h,20,xzwecx41,225,trader_bridge_app,TradePage,1788542846,25,0,0
h04ar64h,6,y51mizer,261,trader_bridge_app,TradePage,1788542848,29,0,0
h04ar64h,17,shtk2vi6,252,trader_bridge_app,TradePage,1788542849,28,0,0
h04ar64h,13,gnbf58uk,252,trader_bridge_app,TradePage,1788542849,28,0,0
h04ar64h,21,312jd80s,225,trader_bridge_app,TradePage,1788542851,25,0,0
h04ar64h,23,w03fifp1,225,trader_bridge_app,TradePage,1788542851,25,0,0
h04ar64h,19,26cqd8wg,225,trader_bridge_app,TradePage,1788542851,25,0,0
h04ar64h,25,q0dsxnk7,279,trader_bridge_app,TradePage,1788542851,31,0,0
h04ar64h,18,j6legxhq,252,trader_bridge_app,TradePage,1788542852,28,0,0
h04ar64h,24,18ahuxm6,225,trader_bridge_app,TradePage,1788542852,25,0,0
h04ar64h,2,tvxlbecc,261,trader_bridge_app,TradePage,1788542854,29,0,0
h04ar64h,22,oq7csg5x,225,trader_bridge_app,TradePage,1788542854,25,1,0
h04ar64h,1,sm0ry4ut,262,trader_bridge_app,PauseTradingSession,1788542855,29,0,1
h04ar64h,2,tvxlbecc,262,trader_bridge_app,PauseTradingSession,1788542855,29,0,1
h04ar64h,3,sxp8ngu2,262,trader_bridge_app,PauseTradingSession,1788542855,29,0,1
h04ar64h,4,70gpk2i9,262,trader_bridge_app,PauseTradingSession,1788542855,29,0,1
h04ar64h,5,mcswnxs6,262,trader_bridge_app,PauseTradingSession,1788542855,29,0,1
h04ar64h,6,y51mizer,262,trader_bridge_app,PauseTradingSession,1788542855,29,0,1
h04ar64h,19,26cqd8wg,226,trader_bridge_app,PauseTradingSession,1788542855,25,0,1
h04ar64h,20,xzwecx41,226,trader_bridge_app,PauseTradingSession,1788542855,25,0,1
h04ar64h,21,312jd80s,226,trader_bridge_app,PauseTradingSession,1788542855,25,0,1
h04ar64h,22,oq7csg5x,226,trader_bridge_app,PauseTradingSession,1788542855,25,0,1
h04ar64h,23,w03fifp1,226,trader_bridge_app,PauseTradingSession,1788542855,25,0,1
h04ar64h,24,18ahuxm6,226,trader_bridge_app,PauseTradingSession,1788542855,25,0,1
h04ar64h,16,ypfasl0o,252,trader_bridge_app,TradePage,1788542855,28,0,0
h04ar64h,14,gfn2r8vo,252,trader_bridge_app,TradePage,1788542855,28,0,0
h04ar64h,15,fpjd0ju0,252,trader_bridge_app,TradePage,1788542855,28,0,0
h04ar64h,13,gnbf58uk,253,trader_bridge_app,PauseTradingSession,1788542855,28,0,1
h04ar64h,14,gfn2r8vo,253,trader_bridge_app,PauseTradingSession,1788542855,28,0,1
h04ar64h,15,fpjd0ju0,253,trader_bridge_app,PauseTradingSession,1788542855,28,0,1
h04ar64h,16,ypfasl0o,253,trader_bridge_app,PauseTradingSession,1788542855,28,0,1
h04ar64h,17,shtk2vi6,253,trader_bridge_app,PauseTradingSession,1788542855,28,0,1
h04ar64h,18,j6legxhq,253,trader_bridge_app,PauseTradingSession,1788542855,28,0,1
h04ar64h,27,p0qjg0v3,279,trader_bridge_app,TradePage,1788542856,31,0,0
h04ar64h,25,q0dsxnk7,280,trader_bridge_app,PauseTradingSession,1788542856,31,0,1
h04ar64h,27,p0qjg0v3,280,trader_bridge_app,PauseTradingSession,1788542856,31,0,1
h04ar64h,26,hib1sgxm,280,trader_bridge_app,PauseTradingSession,1788542856,31,0,1
h04ar64h,16,ypfasl0o,255,trader_bridge_app,DayBreak,1788542858,28,0,0
h04ar64h,14,gfn2r8vo,255,trader_bridge_app,DayBreak,1788542859,28,0,0
h04ar64h,27,p0qjg0v3,282,trader_bridge_app,DayBreak,1788542859,31,0,0
h04ar64h,5,mcswnxs6,264,trader_bridge_app,DayBreak,1788542859,29,0,0
h04ar64h,25,q0dsxnk7,282,trader_bridge_app,DayBreak,1788542860,31,0,0
h04ar64h,13,gnbf58uk,255,trader_bridge_app,DayBreak,1788542860,28,0,0
h04ar64h,2,tvxlbecc,264,trader_bridge_app,DayBreak,1788542860,29,0,0
h04ar64h,20,xzwecx41,228,trader_bridge_app,DayBreak,1788542860,25,0,0
h04ar64h,24,18ahuxm6,228,trader_bridge_app,DayBreak,1788542860,25,0,0
h04ar64h,21,312jd80s,228,trader_bridge_app,DayBreak,1788542861,25,0,0
h04ar64h,22,oq7csg5x,228,trader_bridge_app,DayBreak,1788542861,25,0,0
h04ar64h,17,shtk2vi6,255,trader_bridge_app,DayBreak,1788542861,28,0,0
h04ar64h,4,70gpk2i9,264,trader_bridge_app,DayBreak,1788542861,29,0,0
h04ar64h,6,y51mizer,264,trader_bridge_app,DayBreak,1788542862,29,0,0
h04ar64h,3,sxp8ngu2,264,trader_bridge_app,DayBreak,1788542864,29,0,0
h04ar64h,23,w03fifp1,228,trader_bridge_app,DayBreak,1788542865,25,0,0
h04ar64h,26,hib1sgxm,282,trader_bridge_app,DayBreak,1788542866,31,0,0
h04ar64h,1,sm0ry4ut,264,trader_bridge_app,DayBreak,1788542866,29,0,0
h04ar64h,25,q0dsxnk7,286,trader_bridge_app,ResumeTradingSession,1788542866,32,0,1
h04ar64h,26,hib1sgxm,286,trader_bridge_app,ResumeTradingSession,1788542866,32,0,1
h04ar64h,27,p0qjg0v3,286,trader_bridge_app,ResumeTradingSession,1788542866,32,0,1
h04ar64h,1,sm0ry4ut,268,trader_bridge_app,ResumeTradingSession,1788542866,30,0,1
h04ar64h,2,tvxlbecc,268,trader_bridge_app,ResumeTradingSession,1788542866,30,0,1
h04ar64h,3,sxp8ngu2,268,trader_bridge_app,ResumeTradingSession,1788542866,30,0,1
h04ar64h,4,70gpk2i9,268,trader_bridge_app,ResumeTradingSession,1788542866,30,0,1
h04ar64h,5,mcswnxs6,268,trader_bridge_app,ResumeTradingSession,1788542866,30,0,1
h04ar64h,6,y51mizer,268,trader_bridge_app,ResumeTradingSession,1788542866,30,0,1
h04ar64h,18,j6legxhq,255,trader_bridge_app,DayBreak,1788542870,28,0,0
h04ar64h,15,fpjd0ju0,255,trader_bridge_app,DayBreak,1788542876,28,1,0
h04ar64h,17,shtk2vi6,259,trader_bridge_app,ResumeTradingSession,1788542876,29,0,1
h04ar64h,18,j6legxhq,259,trader_bridge_app,ResumeTradingSession,1788542876,29,0,1
h04ar64h,13,gnbf58uk,259,trader_bridge_app,ResumeTradingSession,1788542876,29,0,1
h04ar64h,14,gfn2r8vo,259,trader_bridge_app,ResumeTradingSession,1788542876,29,0,1
h04ar64h,15,fpjd0ju0,259,trader_bridge_app,ResumeTradingSession,1788542876,29,0,1
h04ar64h,16,ypfasl0o,259,trader_bridge_app,ResumeTradingSession,1788542876,29,0,1
h04ar64h,19,26cqd8wg,228,trader_bridge_app,DayBreak,1788542880,25,1,0
h04ar64h,19,26cqd8wg,232,trader_bridge_app,ResumeTradingSession,1788542880,26,0,1
h04ar64h,20,xzwecx41,232,trader_bridge_app,ResumeTradingSession,1788542880,26,0,1
h04ar64h,21,312jd80s,232,trader_bridge_app,ResumeTradingSession,1788542880,26,0,1
h04ar64h,22,oq7csg5x,232,trader_bridge_app,ResumeTradingSession,1788542880,26,0,1
h04ar64h,23,w03fifp1,232,trader_bridge_app,ResumeTradingSession,1788542880,26,0,1
h04ar64h,24,18ahuxm6,232,trader_bridge_app,ResumeTradingSession,1788542880,26,0,1
h04ar64h,7,wqx1o2wk,252,trader_bridge_app,TradePage,1788542884,28,0,0
h04ar64h,10,74kwsfm2,252,trader_bridge_app,TradePage,1788542884,28,0,0
h04ar64h,11,sfggcdud,252,trader_bridge_app,TradePage,1788542884,28,0,0
h04ar64h,9,5koml6p7,252,trader_bridge_app,TradePage,1788542884,28,0,0
h04ar64h,8,2eqstpu0,252,trader_bridge_app,TradePage,1788542884,28,0,0
h04ar64h,12,7rwcsuuk,252,trader_bridge_app,TradePage,1788542884,28,0,0
h04ar64h,7,wqx1o2wk,253,trader_bridge_app,PauseTradingSession,1788542885,28,0,1
h04ar64h,8,2eqstpu0,253,trader_bridge_app,PauseTradingSession,1788542885,28,0,1
h04ar64h,9,5koml6p7,253,trader_bridge_app,PauseTradingSession,1788542885,28,0,1
h04ar64h,10,74kwsfm2,253,trader_bridge_app,PauseTradingSession,1788542885,28,0,1
h04ar64h,11,sfggcdud,253,trader_bridge_app,PauseTradingSession,1788542885,28,0,1
h04ar64h,12,7rwcsuuk,253,trader_bridge_app,PauseTradingSession,1788542885,28,0,1
h04ar64h,11,sfggcdud,255,trader_bridge_app,DayBreak,1788542888,28,0,0
h04ar64h,8,2eqstpu0,255,trader_bridge_app,DayBreak,1788542888,28,0,0
h04ar64h,9,5koml6p7,255,trader_bridge_app,DayBreak,1788542888,28,0,0
h04ar64h,7,wqx1o2wk,255,trader_bridge_app,DayBreak,1788542889,28,0,0
h04ar64h,12,7rwcsuuk,255,trader_bridge_app,DayBreak,1788542891,28,0,0
h04ar64h,10,74kwsfm2,255,trader_bridge_app,DayBreak,1788542906,28,1,0
h04ar64h,7,wqx1o2wk,259,trader_bridge_app,ResumeTradingSession,1788542906,29,0,1
h04ar64h,8,2eqstpu0,259,trader_bridge_app,ResumeTradingSession,1788542906,29,0,1
h04ar64h,9,5koml6p7,259,trader_bridge_app,ResumeTradingSession,1788542906,29,0,1
h04ar64h,10,74kwsfm2,259,trader_bridge_app,ResumeTradingSession,1788542906,29,0,1
h04ar64h,11,sfggcdud,259,trader_bridge_app,ResumeTradingSession,1788542906,29,0,1
h04ar64h,12,7rwcsuuk,259,trader_bridge_app,ResumeTradingSession,1788542906,29,0,1
h04ar64h,5,mcswnxs6,270,trader_bridge_app,TradePage,1788542932,30,0,0
h04ar64h,27,p0qjg0v3,288,trader_bridge_app,TradePage,1788542932,32,0,0
h04ar64h,1,sm0ry4ut,270,trader_bridge_app,TradePage,1788542932,30,0,0
h04ar64h,26,hib1sgxm,288,trader_bridge_app,TradePage,1788542932,32,0,0
h04ar64h,25,q0dsxnk7,288,trader_bridge_app,TradePage,1788542932,32,0,0
h04ar64h,25,q0dsxnk7,289,trader_bridge_app,PauseTradingSession,1788542933,32,0,1
h04ar64h,26,hib1sgxm,289,trader_bridge_app,PauseTradingSession,1788542933,32,0,1
h04ar64h,27,p0qjg0v3,289,trader_bridge_app,PauseTradingSession,1788542933,32,0,1
h04ar64h,2,tvxlbecc,270,trader_bridge_app,TradePage,1788542933,30,0,0
h04ar64h,4,70gpk2i9,270,trader_bridge_app,TradePage,1788542933,30,0,0
h04ar64h,6,y51mizer,270,trader_bridge_app,TradePage,1788542933,30,0,0
h04ar64h,25,q0dsxnk7,291,trader_bridge_app,DayBreak,1788542935,32,0,0
h04ar64h,26,hib1sgxm,291,trader_bridge_app,DayBreak,1788542937,32,0,0
h04ar64h,15,fpjd0ju0,261,trader_bridge_app,TradePage,1788542938,29,0,0
h04ar64h,17,shtk2vi6,261,trader_bridge_app,TradePage,1788542938,29,0,0
h04ar64h,16,ypfasl0o,261,trader_bridge_app,TradePage,1788542938,29,0,0
h04ar64h,13,gnbf58uk,261,trader_bridge_app,TradePage,1788542938,29,0,0
h04ar64h,14,gfn2r8vo,261,trader_bridge_app,TradePage,1788542938,29,0,0
h04ar64h,3,sxp8ngu2,270,trader_bridge_app,TradePage,1788542940,30,0,0
h04ar64h,4,70gpk2i9,271,trader_bridge_app,PauseTradingSession,1788542940,30,0,1
h04ar64h,5,mcswnxs6,271,trader_bridge_app,PauseTradingSession,1788542940,30,0,1
h04ar64h,6,y51mizer,271,trader_bridge_app,PauseTradingSession,1788542940,30,0,1
h04ar64h,1,sm0ry4ut,271,trader_bridge_app,PauseTradingSession,1788542940,30,0,1
h04ar64h,2,tvxlbecc,271,trader_bridge_app,PauseTradingSession,1788542940,30,0,1
h04ar64h,3,sxp8ngu2,271,trader_bridge_app,PauseTradingSession,1788542940,30,0,1
h04ar64h,19,26cqd8wg,234,trader_bridge_app,TradePage,1788542941,26,0,0
h04ar64h,21,312jd80s,234,trader_bridge_app,TradePage,1788542941,26,0,0
h04ar64h,24,18ahuxm6,234,trader_bridge_app,TradePage,1788542941,26,0,0
h04ar64h,20,xzwecx41,234,trader_bridge_app,TradePage,1788542941,26,0,0
h04ar64h,22,oq7csg5x,234,trader_bridge_app,TradePage,1788542942,26,0,0
h04ar64h,23,w03fifp1,234,trader_bridge_app,TradePage,1788542942,26,0,0
h04ar64h,19,26cqd8wg,235,trader_bridge_app,PauseTradingSession,1788542942,26,0,1
h04ar64h,20,xzwecx41,235,trader_bridge_app,PauseTradingSession,1788542942,26,0,1
h04ar64h,21,312jd80s,235,trader_bridge_app,PauseTradingSession,1788542942,26,0,1
h04ar64h,22,oq7csg5x,235,trader_bridge_app,PauseTradingSession,1788542942,26,0,1
h04ar64h,23,w03fifp1,235,trader_bridge_app,PauseTradingSession,1788542942,26,0,1
h04ar64h,24,18ahuxm6,235,trader_bridge_app,PauseTradingSession,1788542942,26,0,1
h04ar64h,27,p0qjg0v3,291,trader_bridge_app,DayBreak,1788542943,32,0,0
h04ar64h,25,q0dsxnk7,295,trader_bridge_app,ResumeTradingSession,1788542943,33,0,1
h04ar64h,26,hib1sgxm,295,trader_bridge_app,ResumeTradingSession,1788542943,33,0,1
h04ar64h,27,p0qjg0v3,295,trader_bridge_app,ResumeTradingSession,1788542943,33,0,1
h04ar64h,24,18ahuxm6,237,trader_bridge_app,DayBreak,1788542946,26,0,0
h04ar64h,21,312jd80s,237,trader_bridge_app,DayBreak,1788542946,26,0,0
h04ar64h,23,w03fifp1,237,trader_bridge_app,DayBreak,1788542947,26,0,0
h04ar64h,22,oq7csg5x,237,trader_bridge_app,DayBreak,1788542948,26,0,0
h04ar64h,19,26cqd8wg,237,trader_bridge_app,DayBreak,1788542949,26,0,0
h04ar64h,3,sxp8ngu2,273,trader_bridge_app,DayBreak,1788542949,30,0,0
h04ar64h,20,xzwecx41,237,trader_bridge_app,DayBreak,1788542951,26,0,0
h04ar64h,19,26cqd8wg,241,trader_bridge_app,ResumeTradingSession,1788542952,27,0,1
h04ar64h,20,xzwecx41,241,trader_bridge_app,ResumeTradingSession,1788542952,27,0,1
h04ar64h,21,312jd80s,241,trader_bridge_app,ResumeTradingSession,1788542952,27,0,1
h04ar64h,22,oq7csg5x,241,trader_bridge_app,ResumeTradingSession,1788542952,27,0,1
h04ar64h,23,w03fifp1,241,trader_bridge_app,ResumeTradingSession,1788542952,27,0,1
h04ar64h,24,18ahuxm6,241,trader_bridge_app,ResumeTradingSession,1788542952,27,0,1
h04ar64h,2,tvxlbecc,273,trader_bridge_app,DayBreak,1788542952,30,0,0
h04ar64h,18,j6legxhq,261,trader_bridge_app,TradePage,1788542954,29,0,0
h04ar64h,15,fpjd0ju0,262,trader_bridge_app,PauseTradingSession,1788542954,29,0,1
h04ar64h,16,ypfasl0o,262,trader_bridge_app,PauseTradingSession,1788542954,29,0,1
h04ar64h,17,shtk2vi6,262,trader_bridge_app,PauseTradingSession,1788542954,29,0,1
h04ar64h,18,j6legxhq,262,trader_bridge_app,PauseTradingSession,1788542954,29,0,1
h04ar64h,13,gnbf58uk,262,trader_bridge_app,PauseTradingSession,1788542954,29,0,1
h04ar64h,14,gfn2r8vo,262,trader_bridge_app,PauseTradingSession,1788542954,29,0,1
h04ar64h,6,y51mizer,273,trader_bridge_app,DayBreak,1788542955,30,0,0
h04ar64h,4,70gpk2i9,273,trader_bridge_app,DayBreak,1788542955,30,0,0
h04ar64h,5,mcswnxs6,273,trader_bridge_app,DayBreak,1788542956,30,0,0
h04ar64h,13,gnbf58uk,264,trader_bridge_app,DayBreak,1788542957,29,0,0
h04ar64h,14,gfn2r8vo,264,trader_bridge_app,DayBreak,1788542959,29,0,0
h04ar64h,18,j6legxhq,264,trader_bridge_app,DayBreak,1788542959,29,0,0
h04ar64h,17,shtk2vi6,264,trader_bridge_app,DayBreak,1788542959,29,0,0
h04ar64h,16,ypfasl0o,264,trader_bridge_app,DayBreak,1788542960,29,0,0
h04ar64h,15,fpjd0ju0,264,trader_bridge_app,DayBreak,1788542963,29,0,0
h04ar64h,1,sm0ry4ut,273,trader_bridge_app,DayBreak,1788542963,30,1,0
h04ar64h,13,gnbf58uk,268,trader_bridge_app,ResumeTradingSession,1788542963,30,0,1
h04ar64h,14,gfn2r8vo,268,trader_bridge_app,ResumeTradingSession,1788542963,30,0,1
h04ar64h,15,fpjd0ju0,268,trader_bridge_app,ResumeTradingSession,1788542963,30,0,1
h04ar64h,16,ypfasl0o,268,trader_bridge_app,ResumeTradingSession,1788542963,30,0,1
h04ar64h,17,shtk2vi6,268,trader_bridge_app,ResumeTradingSession,1788542963,30,0,1
h04ar64h,18,j6legxhq,268,trader_bridge_app,ResumeTradingSession,1788542963,30,0,1
h04ar64h,1,sm0ry4ut,277,trader_bridge_app,ResumeTradingSession,1788542963,31,0,1
h04ar64h,2,tvxlbecc,277,trader_bridge_app,ResumeTradingSession,1788542963,31,0,1
h04ar64h,3,sxp8ngu2,277,trader_bridge_app,ResumeTradingSession,1788542963,31,0,1
h04ar64h,4,70gpk2i9,277,trader_bridge_app,ResumeTradingSession,1788542963,31,0,1
h04ar64h,5,mcswnxs6,277,trader_bridge_app,ResumeTradingSession,1788542963,31,0,1
h04ar64h,6,y51mizer,277,trader_bridge_app,ResumeTradingSession,1788542963,31,0,1
h04ar64h,10,74kwsfm2,261,trader_bridge_app,TradePage,1788542967,29,0,0
h04ar64h,7,wqx1o2wk,261,trader_bridge_app,TradePage,1788542967,29,0,0
h04ar64h,9,5koml6p7,261,trader_bridge_app,TradePage,1788542967,29,0,0
h04ar64h,11,sfggcdud,261,trader_bridge_app,TradePage,1788542967,29,0,0
h04ar64h,12,7rwcsuuk,261,trader_bridge_app,TradePage,1788542967,29,0,0
h04ar64h,8,2eqstpu0,261,trader_bridge_app,TradePage,1788542967,29,0,0
h04ar64h,7,wqx1o2wk,262,trader_bridge_app,PauseTradingSession,1788542967,29,0,1
h04ar64h,8,2eqstpu0,262,trader_bridge_app,PauseTradingSession,1788542967,29,0,1
h04ar64h,9,5koml6p7,262,trader_bridge_app,PauseTradingSession,1788542967,29,0,1
h04ar64h,10,74kwsfm2,262,trader_bridge_app,PauseTradingSession,1788542967,29,0,1
h04ar64h,11,sfggcdud,262,trader_bridge_app,PauseTradingSession,1788542967,29,0,1
h04ar64h,12,7rwcsuuk,262,trader_bridge_app,PauseTradingSession,1788542967,29,0,1
h04ar64h,11,sfggcdud,264,trader_bridge_app,DayBreak,1788542969,29,0,0
h04ar64h,9,5koml6p7,264,trader_bridge_app,DayBreak,1788542970,29,0,0
h04ar64h,7,wqx1o2wk,264,trader_bridge_app,DayBreak,1788542971,29,0,0
h04ar64h,8,2eqstpu0,264,trader_bridge_app,DayBreak,1788542972,29,0,0
h04ar64h,12,7rwcsuuk,264,trader_bridge_app,DayBreak,1788542973,29,0,0
h04ar64h,10,74kwsfm2,264,trader_bridge_app,DayBreak,1788542988,29,1,0
h04ar64h,7,wqx1o2wk,268,trader_bridge_app,ResumeTradingSession,1788542988,30,0,1
h04ar64h,8,2eqstpu0,268,trader_bridge_app,ResumeTradingSession,1788542988,30,0,1
h04ar64h,9,5koml6p7,268,trader_bridge_app,ResumeTradingSession,1788542988,30,0,1
h04ar64h,10,74kwsfm2,268,trader_bridge_app,ResumeTradingSession,1788542988,30,0,1
h04ar64h,11,sfggcdud,268,trader_bridge_app,ResumeTradingSession,1788542988,30,0,1
h04ar64h,12,7rwcsuuk,268,trader_bridge_app,ResumeTradingSession,1788542988,30,0,1
h04ar64h,27,p0qjg0v3,297,trader_bridge_app,TradePage,1788543004,33,0,0
h04ar64h,25,q0dsxnk7,297,trader_bridge_app,TradePage,1788543009,33,0,0
h04ar64h,26,hib1sgxm,297,trader_bridge_app,TradePage,1788543009,33,0,0
h04ar64h,25,q0dsxnk7,299,trader_bridge_app,FinalizeTradingSession,1788543009,33,0,1
h04ar64h,26,hib1sgxm,299,trader_bridge_app,FinalizeTradingSession,1788543009,33,0,1
h04ar64h,27,p0qjg0v3,299,trader_bridge_app,FinalizeTradingSession,1788543009,33,0,1
h04ar64h,26,hib1sgxm,300,trader_bridge_app,DayBreak,1788543012,33,0,0
h04ar64h,25,q0dsxnk7,300,trader_bridge_app,DayBreak,1788543012,33,0,0
h04ar64h,20,xzwecx41,243,trader_bridge_app,TradePage,1788543018,27,1,0
h04ar64h,21,312jd80s,243,trader_bridge_app,TradePage,1788543018,27,1,0
h04ar64h,19,26cqd8wg,243,trader_bridge_app,TradePage,1788543018,27,1,0
h04ar64h,22,oq7csg5x,243,trader_bridge_app,TradePage,1788543018,27,1,0
h04ar64h,24,18ahuxm6,243,trader_bridge_app,TradePage,1788543020,27,0,0
h04ar64h,27,p0qjg0v3,300,trader_bridge_app,DayBreak,1788543020,33,0,0
h04ar64h,23,w03fifp1,243,trader_bridge_app,TradePage,1788543021,27,1,0
h04ar64h,19,26cqd8wg,244,trader_bridge_app,PauseTradingSession,1788543021,27,0,1
h04ar64h,20,xzwecx41,244,trader_bridge_app,PauseTradingSession,1788543021,27,0,1
h04ar64h,21,312jd80s,244,trader_bridge_app,PauseTradingSession,1788543021,27,0,1
h04ar64h,22,oq7csg5x,244,trader_bridge_app,PauseTradingSession,1788543021,27,0,1
h04ar64h,23,w03fifp1,244,trader_bridge_app,PauseTradingSession,1788543021,27,0,1
h04ar64h,24,18ahuxm6,244,trader_bridge_app,PauseTradingSession,1788543021,27,0,1
h04ar64h,15,fpjd0ju0,270,trader_bridge_app,TradePage,1788543029,30,0,0
h04ar64h,6,y51mizer,279,trader_bridge_app,TradePage,1788543030,31,0,0
h04ar64h,1,sm0ry4ut,279,trader_bridge_app,TradePage,1788543030,31,0,0
h04ar64h,4,70gpk2i9,279,trader_bridge_app,TradePage,1788543030,31,0,0
h04ar64h,2,tvxlbecc,279,trader_bridge_app,TradePage,1788543030,31,0,0
h04ar64h,17,shtk2vi6,270,trader_bridge_app,TradePage,1788543030,30,0,0
h04ar64h,5,mcswnxs6,279,trader_bridge_app,TradePage,1788543030,31,0,0
h04ar64h,18,j6legxhq,270,trader_bridge_app,TradePage,1788543030,30,0,0
h04ar64h,16,ypfasl0o,270,trader_bridge_app,TradePage,1788543030,30,0,0
h04ar64h,13,gnbf58uk,270,trader_bridge_app,TradePage,1788543031,30,0,0
h04ar64h,3,sxp8ngu2,279,trader_bridge_app,TradePage,1788543031,31,0,0
h04ar64h,14,gfn2r8vo,270,trader_bridge_app,TradePage,1788543031,30,0,0
h04ar64h,1,sm0ry4ut,280,trader_bridge_app,PauseTradingSession,1788543031,31,0,1
h04ar64h,2,tvxlbecc,280,trader_bridge_app,PauseTradingSession,1788543031,31,0,1
h04ar64h,3,sxp8ngu2,280,trader_bridge_app,PauseTradingSession,1788543031,31,0,1
h04ar64h,4,70gpk2i9,280,trader_bridge_app,PauseTradingSession,1788543031,31,0,1
h04ar64h,5,mcswnxs6,280,trader_bridge_app,PauseTradingSession,1788543031,31,0,1
h04ar64h,6,y51mizer,280,trader_bridge_app,PauseTradingSession,1788543031,31,0,1
h04ar64h,18,j6legxhq,271,trader_bridge_app,PauseTradingSession,1788543032,30,0,1
h04ar64h,13,gnbf58uk,271,trader_bridge_app,PauseTradingSession,1788543032,30,0,1
h04ar64h,14,gfn2r8vo,271,trader_bridge_app,PauseTradingSession,1788543032,30,0,1
h04ar64h,15,fpjd0ju0,271,trader_bridge_app,PauseTradingSession,1788543032,30,0,1
h04ar64h,16,ypfasl0o,271,trader_bridge_app,PauseTradingSession,1788543032,30,0,1
h04ar64h,17,shtk2vi6,271,trader_bridge_app,PauseTradingSession,1788543032,30,0,1
h04ar64h,23,w03fifp1,246,trader_bridge_app,DayBreak,1788543033,27,0,0
h04ar64h,1,sm0ry4ut,282,trader_bridge_app,DayBreak,1788543035,31,0,0
h04ar64h,4,70gpk2i9,282,trader_bridge_app,DayBreak,1788543036,31,0,0
h04ar64h,3,sxp8ngu2,282,trader_bridge_app,DayBreak,1788543037,31,0,0
h04ar64h,2,tvxlbecc,282,trader_bridge_app,DayBreak,1788543037,31,0,0
h04ar64h,5,mcswnxs6,282,trader_bridge_app,DayBreak,1788543038,31,0,0
h04ar64h,6,y51mizer,282,trader_bridge_app,DayBreak,1788543038,31,0,0
h04ar64h,1,sm0ry4ut,286,trader_bridge_app,ResumeTradingSession,1788543038,32,0,1
h04ar64h,2,tvxlbecc,286,trader_bridge_app,ResumeTradingSession,1788543038,32,0,1
h04ar64h,3,sxp8ngu2,286,trader_bridge_app,ResumeTradingSession,1788543038,32,0,1
h04ar64h,4,70gpk2i9,286,trader_bridge_app,ResumeTradingSession,1788543038,32,0,1
h04ar64h,5,mcswnxs6,286,trader_bridge_app,ResumeTradingSession,1788543038,32,0,1
h04ar64h,6,y51mizer,286,trader_bridge_app,ResumeTradingSession,1788543038,32,0,1
h04ar64h,22,oq7csg5x,246,trader_bridge_app,DayBreak,1788543039,27,0,0
h04ar64h,18,j6legxhq,273,trader_bridge_app,DayBreak,1788543039,30,0,0
h04ar64h,20,xzwecx41,246,trader_bridge_app,DayBreak,1788543040,27,0,0
h04ar64h,17,shtk2vi6,273,trader_bridge_app,DayBreak,1788543040,30,0,0
h04ar64h,24,18ahuxm6,246,trader_bridge_app,DayBreak,1788543040,27,0,0
h04ar64h,19,26cqd8wg,246,trader_bridge_app,DayBreak,1788543042,27,0,0
h04ar64h,21,312jd80s,246,trader_bridge_app,DayBreak,1788543042,27,0,0
h04ar64h,19,26cqd8wg,250,trader_bridge_app,ResumeTradingSession,1788543042,28,0,1
h04ar64h,20,xzwecx41,250,trader_bridge_app,ResumeTradingSession,1788543042,28,0,1
h04ar64h,21,312jd80s,250,trader_bridge_app,ResumeTradingSession,1788543042,28,0,1
h04ar64h,22,oq7csg5x,250,trader_bridge_app,ResumeTradingSession,1788543042,28,0,1
h04ar64h,23,w03fifp1,250,trader_bridge_app,ResumeTradingSession,1788543042,28,0,1
h04ar64h,24,18ahuxm6,250,trader_bridge_app,ResumeTradingSession,1788543042,28,0,1
h04ar64h,14,gfn2r8vo,273,trader_bridge_app,DayBreak,1788543044,30,0,0
h04ar64h,16,ypfasl0o,273,trader_bridge_app,DayBreak,1788543048,30,0,0
h04ar64h,10,74kwsfm2,270,trader_bridge_app,TradePage,1788543049,30,0,0
h04ar64h,11,sfggcdud,270,trader_bridge_app,TradePage,1788543049,30,0,0
h04ar64h,7,wqx1o2wk,270,trader_bridge_app,TradePage,1788543049,30,0,0
h04ar64h,9,5koml6p7,270,trader_bridge_app,TradePage,1788543049,30,0,0
h04ar64h,12,7rwcsuuk,270,trader_bridge_app,TradePage,1788543049,30,0,0
h04ar64h,8,2eqstpu0,270,trader_bridge_app,TradePage,1788543049,30,0,0
h04ar64h,7,wqx1o2wk,271,trader_bridge_app,PauseTradingSession,1788543050,30,0,1
h04ar64h,8,2eqstpu0,271,trader_bridge_app,PauseTradingSession,1788543050,30,0,1
h04ar64h,9,5koml6p7,271,trader_bridge_app,PauseTradingSession,1788543050,30,0,1
h04ar64h,10,74kwsfm2,271,trader_bridge_app,PauseTradingSession,1788543050,30,0,1
h04ar64h,11,sfggcdud,271,trader_bridge_app,PauseTradingSession,1788543050,30,0,1
h04ar64h,12,7rwcsuuk,271,trader_bridge_app,PauseTradingSession,1788543050,30,0,1
h04ar64h,15,fpjd0ju0,273,trader_bridge_app,DayBreak,1788543051,30,0,0
h04ar64h,13,gnbf58uk,273,trader_bridge_app,DayBreak,1788543053,30,1,0
h04ar64h,13,gnbf58uk,277,trader_bridge_app,ResumeTradingSession,1788543053,31,0,1
h04ar64h,14,gfn2r8vo,277,trader_bridge_app,ResumeTradingSession,1788543053,31,0,1
h04ar64h,15,fpjd0ju0,277,trader_bridge_app,ResumeTradingSession,1788543053,31,0,1
h04ar64h,16,ypfasl0o,277,trader_bridge_app,ResumeTradingSession,1788543053,31,0,1
h04ar64h,17,shtk2vi6,277,trader_bridge_app,ResumeTradingSession,1788543053,31,0,1
h04ar64h,18,j6legxhq,277,trader_bridge_app,ResumeTradingSession,1788543053,31,0,1
h04ar64h,12,7rwcsuuk,273,trader_bridge_app,DayBreak,1788543060,30,0,0
h04ar64h,8,2eqstpu0,273,trader_bridge_app,DayBreak,1788543061,30,0,0
h04ar64h,11,sfggcdud,273,trader_bridge_app,DayBreak,1788543061,30,0,0
h04ar64h,10,74kwsfm2,273,trader_bridge_app,DayBreak,1788543063,30,0,0
h04ar64h,9,5koml6p7,273,trader_bridge_app,DayBreak,1788543064,30,0,0
h04ar64h,7,wqx1o2wk,273,trader_bridge_app,DayBreak,1788543066,30,0,0
h04ar64h,7,wqx1o2wk,277,trader_bridge_app,ResumeTradingSession,1788543066,31,0,1
h04ar64h,8,2eqstpu0,277,trader_bridge_app,ResumeTradingSession,1788543066,31,0,1
h04ar64h,9,5koml6p7,277,trader_bridge_app,ResumeTradingSession,1788543066,31,0,1
h04ar64h,10,74kwsfm2,277,trader_bridge_app,ResumeTradingSession,1788543066,31,0,1
h04ar64h,11,sfggcdud,277,trader_bridge_app,ResumeTradingSession,1788543066,31,0,1
h04ar64h,12,7rwcsuuk,277,trader_bridge_app,ResumeTradingSession,1788543066,31,0,1
h04ar64h,6,y51mizer,288,trader_bridge_app,TradePage,1788543103,32,0,0
h04ar64h,2,tvxlbecc,288,trader_bridge_app,TradePage,1788543103,32,0,0
h04ar64h,3,sxp8ngu2,288,trader_bridge_app,TradePage,1788543103,32,0,0
h04ar64h,4,70gpk2i9,288,trader_bridge_app,TradePage,1788543103,32,0,0
h04ar64h,1,sm0ry4ut,288,trader_bridge_app,TradePage,1788543103,32,0,0
h04ar64h,5,mcswnxs6,288,trader_bridge_app,TradePage,1788543104,32,0,0
h04ar64h,2,tvxlbecc,289,trader_bridge_app,PauseTradingSession,1788543105,32,0,1
h04ar64h,3,sxp8ngu2,289,trader_bridge_app,PauseTradingSession,1788543105,32,0,1
h04ar64h,4,70gpk2i9,289,trader_bridge_app,PauseTradingSession,1788543105,32,0,1
h04ar64h,5,mcswnxs6,289,trader_bridge_app,PauseTradingSession,1788543105,32,0,1
h04ar64h,6,y51mizer,289,trader_bridge_app,PauseTradingSession,1788543105,32,0,1
h04ar64h,1,sm0ry4ut,289,trader_bridge_app,PauseTradingSession,1788543105,32,0,1
h04ar64h,19,26cqd8wg,252,trader_bridge_app,TradePage,1788543108,28,0,0
h04ar64h,23,w03fifp1,252,trader_bridge_app,TradePage,1788543108,28,0,0
h04ar64h,24,18ahuxm6,252,trader_bridge_app,TradePage,1788543108,28,0,0
h04ar64h,21,312jd80s,252,trader_bridge_app,TradePage,1788543108,28,0,0
h04ar64h,22,oq7csg5x,252,trader_bridge_app,TradePage,1788543108,28,0,0
h04ar64h,20,xzwecx41,252,trader_bridge_app,TradePage,1788543108,28,0,0
h04ar64h,20,xzwecx41,253,trader_bridge_app,PauseTradingSession,1788543109,28,0,1
h04ar64h,21,312jd80s,253,trader_bridge_app,PauseTradingSession,1788543109,28,0,1
h04ar64h,22,oq7csg5x,253,trader_bridge_app,PauseTradingSession,1788543109,28,0,1
h04ar64h,23,w03fifp1,253,trader_bridge_app,PauseTradingSession,1788543109,28,0,1
h04ar64h,24,18ahuxm6,253,trader_bridge_app,PauseTradingSession,1788543109,28,0,1
h04ar64h,19,26cqd8wg,253,trader_bridge_app,PauseTradingSession,1788543109,28,0,1
h04ar64h,5,mcswnxs6,291,trader_bridge_app,DayBreak,1788543109,32,0,0
h04ar64h,21,312jd80s,255,trader_bridge_app,DayBreak,1788543113,28,0,0
h04ar64h,24,18ahuxm6,255,trader_bridge_app,DayBreak,1788543113,28,0,0
h04ar64h,19,26cqd8wg,255,trader_bridge_app,DayBreak,1788543114,28,0,0
h04ar64h,22,oq7csg5x,255,trader_bridge_app,DayBreak,1788543115,28,0,0
h04ar64h,13,gnbf58uk,279,trader_bridge_app,TradePage,1788543115,31,0,0
h04ar64h,18,j6legxhq,279,trader_bridge_app,TradePage,1788543115,31,0,0
h04ar64h,16,ypfasl0o,279,trader_bridge_app,TradePage,1788543116,31,0,0
h04ar64h,15,fpjd0ju0,279,trader_bridge_app,TradePage,1788543116,31,0,0
h04ar64h,17,shtk2vi6,279,trader_bridge_app,TradePage,1788543116,31,0,0
h04ar64h,14,gfn2r8vo,279,trader_bridge_app,TradePage,1788543116,31,0,0
h04ar64h,13,gnbf58uk,280,trader_bridge_app,PauseTradingSession,1788543116,31,0,1
h04ar64h,14,gfn2r8vo,280,trader_bridge_app,PauseTradingSession,1788543116,31,0,1
h04ar64h,15,fpjd0ju0,280,trader_bridge_app,PauseTradingSession,1788543116,31,0,1
h04ar64h,16,ypfasl0o,280,trader_bridge_app,PauseTradingSession,1788543116,31,0,1
h04ar64h,17,shtk2vi6,280,trader_bridge_app,PauseTradingSession,1788543116,31,0,1
h04ar64h,18,j6legxhq,280,trader_bridge_app,PauseTradingSession,1788543116,31,0,1
h04ar64h,20,xzwecx41,255,trader_bridge_app,DayBreak,1788543118,28,0,0
h04ar64h,6,y51mizer,291,trader_bridge_app,DayBreak,1788543118,32,0,0
h04ar64h,2,tvxlbecc,291,trader_bridge_app,DayBreak,1788543118,32,0,0
h04ar64h,1,sm0ry4ut,291,trader_bridge_app,DayBreak,1788543118,32,0,0
h04ar64h,4,70gpk2i9,291,trader_bridge_app,DayBreak,1788543118,32,0,0
h04ar64h,16,ypfasl0o,282,trader_bridge_app,DayBreak,1788543119,31,0,0
h04ar64h,15,fpjd0ju0,282,trader_bridge_app,DayBreak,1788543119,31,0,0
h04ar64h,14,gfn2r8vo,282,trader_bridge_app,DayBreak,1788543119,31,0,0
h04ar64h,13,gnbf58uk,282,trader_bridge_app,DayBreak,1788543120,31,0,0
h04ar64h,17,shtk2vi6,282,trader_bridge_app,DayBreak,1788543121,31,0,0
h04ar64h,3,sxp8ngu2,291,trader_bridge_app,DayBreak,1788543121,32,0,0
h04ar64h,1,sm0ry4ut,295,trader_bridge_app,ResumeTradingSession,1788543121,33,0,1
h04ar64h,2,tvxlbecc,295,trader_bridge_app,ResumeTradingSession,1788543121,33,0,1
h04ar64h,3,sxp8ngu2,295,trader_bridge_app,ResumeTradingSession,1788543121,33,0,1
h04ar64h,4,70gpk2i9,295,trader_bridge_app,ResumeTradingSession,1788543121,33,0,1
h04ar64h,5,mcswnxs6,295,trader_bridge_app,ResumeTradingSession,1788543121,33,0,1
h04ar64h,6,y51mizer,295,trader_bridge_app,ResumeTradingSession,1788543121,33,0,1
h04ar64h,18,j6legxhq,282,trader_bridge_app,DayBreak,1788543122,31,0,0
h04ar64h,13,gnbf58uk,286,trader_bridge_app,ResumeTradingSession,1788543122,32,0,1
h04ar64h,14,gfn2r8vo,286,trader_bridge_app,ResumeTradingSession,1788543122,32,0,1
h04ar64h,15,fpjd0ju0,286,trader_bridge_app,ResumeTradingSession,1788543122,32,0,1
h04ar64h,16,ypfasl0o,286,trader_bridge_app,ResumeTradingSession,1788543122,32,0,1
h04ar64h,17,shtk2vi6,286,trader_bridge_app,ResumeTradingSession,1788543122,32,0,1
h04ar64h,18,j6legxhq,286,trader_bridge_app,ResumeTradingSession,1788543122,32,0,1
h04ar64h,7,wqx1o2wk,279,trader_bridge_app,TradePage,1788543127,31,0,0
h04ar64h,8,2eqstpu0,279,trader_bridge_app,TradePage,1788543127,31,0,0
h04ar64h,11,sfggcdud,279,trader_bridge_app,TradePage,1788543127,31,0,0
h04ar64h,12,7rwcsuuk,279,trader_bridge_app,TradePage,1788543127,31,0,0
h04ar64h,23,w03fifp1,255,trader_bridge_app,DayBreak,1788543129,28,1,0
h04ar64h,19,26cqd8wg,259,trader_bridge_app,ResumeTradingSession,1788543129,29,0,1
h04ar64h,20,xzwecx41,259,trader_bridge_app,ResumeTradingSession,1788543129,29,0,1
h04ar64h,21,312jd80s,259,trader_bridge_app,ResumeTradingSession,1788543129,29,0,1
h04ar64h,22,oq7csg5x,259,trader_bridge_app,ResumeTradingSession,1788543129,29,0,1
h04ar64h,23,w03fifp1,259,trader_bridge_app,ResumeTradingSession,1788543129,29,0,1
h04ar64h,24,18ahuxm6,259,trader_bridge_app,ResumeTradingSession,1788543129,29,0,1
h04ar64h,9,5koml6p7,279,trader_bridge_app,TradePage,1788543138,31,0,0
h04ar64h,10,74kwsfm2,279,trader_bridge_app,TradePage,1788543139,31,0,0
h04ar64h,10,74kwsfm2,280,trader_bridge_app,PauseTradingSession,1788543139,31,0,1
h04ar64h,11,sfggcdud,280,trader_bridge_app,PauseTradingSession,1788543139,31,0,1
h04ar64h,12,7rwcsuuk,280,trader_bridge_app,PauseTradingSession,1788543139,31,0,1
h04ar64h,7,wqx1o2wk,280,trader_bridge_app,PauseTradingSession,1788543139,31,0,1
h04ar64h,8,2eqstpu0,280,trader_bridge_app,PauseTradingSession,1788543139,31,0,1
h04ar64h,9,5koml6p7,280,trader_bridge_app,PauseTradingSession,1788543139,31,0,1
h04ar64h,11,sfggcdud,282,trader_bridge_app,DayBreak,1788543141,31,0,0
h04ar64h,7,wqx1o2wk,282,trader_bridge_app,DayBreak,1788543142,31,0,0
h04ar64h,12,7rwcsuuk,282,trader_bridge_app,DayBreak,1788543144,31,0,0
h04ar64h,9,5koml6p7,282,trader_bridge_app,DayBreak,1788543145,31,0,0
h04ar64h,8,2eqstpu0,282,trader_bridge_app,DayBreak,1788543146,31,0,0
h04ar64h,10,74kwsfm2,282,trader_bridge_app,DayBreak,1788543160,31,1,0
h04ar64h,8,2eqstpu0,286,trader_bridge_app,ResumeTradingSession,1788543160,32,0,1
h04ar64h,9,5koml6p7,286,trader_bridge_app,ResumeTradingSession,1788543160,32,0,1
h04ar64h,10,74kwsfm2,286,trader_bridge_app,ResumeTradingSession,1788543160,32,0,1
h04ar64h,11,sfggcdud,286,trader_bridge_app,ResumeTradingSession,1788543160,32,0,1
h04ar64h,12,7rwcsuuk,286,trader_bridge_app,ResumeTradingSession,1788543160,32,0,1
h04ar64h,7,wqx1o2wk,286,trader_bridge_app,ResumeTradingSession,1788543160,32,0,1
h04ar64h,5,mcswnxs6,297,trader_bridge_app,TradePage,1788543182,33,0,0
h04ar64h,3,sxp8ngu2,297,trader_bridge_app,TradePage,1788543188,33,0,0
h04ar64h,6,y51mizer,297,trader_bridge_app,TradePage,1788543188,33,0,0
h04ar64h,4,70gpk2i9,297,trader_bridge_app,TradePage,1788543188,33,0,0
h04ar64h,1,sm0ry4ut,297,trader_bridge_app,TradePage,1788543188,33,0,0
h04ar64h,2,tvxlbecc,297,trader_bridge_app,TradePage,1788543188,33,0,0
h04ar64h,1,sm0ry4ut,299,trader_bridge_app,FinalizeTradingSession,1788543188,33,0,1
h04ar64h,2,tvxlbecc,299,trader_bridge_app,FinalizeTradingSession,1788543188,33,0,1
h04ar64h,3,sxp8ngu2,299,trader_bridge_app,FinalizeTradingSession,1788543188,33,0,1
h04ar64h,4,70gpk2i9,299,trader_bridge_app,FinalizeTradingSession,1788543188,33,0,1
h04ar64h,5,mcswnxs6,299,trader_bridge_app,FinalizeTradingSession,1788543188,33,0,1
h04ar64h,6,y51mizer,299,trader_bridge_app,FinalizeTradingSession,1788543188,33,0,1
h04ar64h,14,gfn2r8vo,288,trader_bridge_app,TradePage,1788543189,32,0,0
h04ar64h,18,j6legxhq,288,trader_bridge_app,TradePage,1788543189,32,0,0
h04ar64h,13,gnbf58uk,288,trader_bridge_app,TradePage,1788543189,32,0,0
h04ar64h,16,ypfasl0o,288,trader_bridge_app,TradePage,1788543189,32,0,0
h04ar64h,15,fpjd0ju0,288,trader_bridge_app,TradePage,1788543189,32,0,0
h04ar64h,17,shtk2vi6,288,trader_bridge_app,TradePage,1788543190,32,0,0
h04ar64h,13,gnbf58uk,289,trader_bridge_app,PauseTradingSession,1788543191,32,0,1
h04ar64h,14,gfn2r8vo,289,trader_bridge_app,PauseTradingSession,1788543191,32,0,1
h04ar64h,15,fpjd0ju0,289,trader_bridge_app,PauseTradingSession,1788543191,32,0,1
h04ar64h,16,ypfasl0o,289,trader_bridge_app,PauseTradingSession,1788543191,32,0,1
h04ar64h,17,shtk2vi6,289,trader_bridge_app,PauseTradingSession,1788543191,32,0,1
h04ar64h,18,j6legxhq,289,trader_bridge_app,PauseTradingSession,1788543191,32,0,1
h04ar64h,24,18ahuxm6,261,trader_bridge_app,TradePage,1788543191,29,0,0
h04ar64h,18,j6legxhq,291,trader_bridge_app,DayBreak,1788543193,32,0,0
h04ar64h,2,tvxlbecc,300,trader_bridge_app,DayBreak,1788543194,33,0,0
h04ar64h,14,gfn2r8vo,291,trader_bridge_app,DayBreak,1788543194,32,0,0
h04ar64h,17,shtk2vi6,291,trader_bridge_app,DayBreak,1788543194,32,0,0
h04ar64h,1,sm0ry4ut,300,trader_bridge_app,DayBreak,1788543196,33,0,0
h04ar64h,16,ypfasl0o,291,trader_bridge_app,DayBreak,1788543196,32,0,0
h04ar64h,22,oq7csg5x,261,trader_bridge_app,TradePage,1788543196,29,0,0
h04ar64h,21,312jd80s,261,trader_bridge_app,TradePage,1788543196,29,0,0
h04ar64h,19,26cqd8wg,261,trader_bridge_app,TradePage,1788543196,29,0,0
h04ar64h,23,w03fifp1,261,trader_bridge_app,TradePage,1788543196,29,0,0
h04ar64h,20,xzwecx41,261,trader_bridge_app,TradePage,1788543198,29,1,0
h04ar64h,19,26cqd8wg,262,trader_bridge_app,PauseTradingSession,1788543199,29,0,1
h04ar64h,20,xzwecx41,262,trader_bridge_app,PauseTradingSession,1788543199,29,0,1
h04ar64h,21,312jd80s,262,trader_bridge_app,PauseTradingSession,1788543199,29,0,1
h04ar64h,22,oq7csg5x,262,trader_bridge_app,PauseTradingSession,1788543199,29,0,1
h04ar64h,23,w03fifp1,262,trader_bridge_app,PauseTradingSession,1788543199,29,0,1
h04ar64h,24,18ahuxm6,262,trader_bridge_app,PauseTradingSession,1788543199,29,0,1
h04ar64h,13,gnbf58uk,291,trader_bridge_app,DayBreak,1788543199,32,0,0
h04ar64h,15,fpjd0ju0,291,trader_bridge_app,DayBreak,1788543200,32,0,0
h04ar64h,13,gnbf58uk,295,trader_bridge_app,ResumeTradingSession,1788543200,33,0,1
h04ar64h,14,gfn2r8vo,295,trader_bridge_app,ResumeTradingSession,1788543200,33,0,1
h04ar64h,15,fpjd0ju0,295,trader_bridge_app,ResumeTradingSession,1788543200,33,0,1
h04ar64h,16,ypfasl0o,295,trader_bridge_app,ResumeTradingSession,1788543200,33,0,1
h04ar64h,17,shtk2vi6,295,trader_bridge_app,ResumeTradingSession,1788543200,33,0,1
h04ar64h,18,j6legxhq,295,trader_bridge_app,ResumeTradingSession,1788543200,33,0,1
h04ar64h,5,mcswnxs6,300,trader_bridge_app,DayBreak,1788543212,33,0,0
h04ar64h,21,312jd80s,264,trader_bridge_app,DayBreak,1788543213,29,0,0
h04ar64h,24,18ahuxm6,264,trader_bridge_app,DayBreak,1788543215,29,0,0
h04ar64h,3,sxp8ngu2,300,trader_bridge_app,DayBreak,1788543215,33,0,0
h04ar64h,23,w03fifp1,264,trader_bridge_app,DayBreak,1788543219,29,0,0
h04ar64h,19,26cqd8wg,264,trader_bridge_app,DayBreak,1788543219,29,0,0
h04ar64h,4,70gpk2i9,300,trader_bridge_app,DayBreak,1788543219,33,0,0
h04ar64h,8,2eqstpu0,288,trader_bridge_app,TradePage,1788543221,32,0,0
h04ar64h,10,74kwsfm2,288,trader_bridge_app,TradePage,1788543221,32,0,0
h04ar64h,7,wqx1o2wk,288,trader_bridge_app,TradePage,1788543221,32,0,0
h04ar64h,9,5koml6p7,288,trader_bridge_app,TradePage,1788543221,32,0,0
h04ar64h,12,7rwcsuuk,288,trader_bridge_app,TradePage,1788543221,32,0,0
h04ar64h,11,sfggcdud,288,trader_bridge_app,TradePage,1788543221,32,0,0
h04ar64h,12,7rwcsuuk,289,trader_bridge_app,PauseTradingSession,1788543221,32,0,1
h04ar64h,7,wqx1o2wk,289,trader_bridge_app,PauseTradingSession,1788543221,32,0,1
h04ar64h,8,2eqstpu0,289,trader_bridge_app,PauseTradingSession,1788543221,32,0,1
h04ar64h,9,5koml6p7,289,trader_bridge_app,PauseTradingSession,1788543221,32,0,1
h04ar64h,10,74kwsfm2,289,trader_bridge_app,PauseTradingSession,1788543221,32,0,1
h04ar64h,11,sfggcdud,289,trader_bridge_app,PauseTradingSession,1788543221,32,0,1
h04ar64h,6,y51mizer,300,trader_bridge_app,DayBreak,1788543222,33,1,0
h04ar64h,11,sfggcdud,291,trader_bridge_app,DayBreak,1788543224,32,0,0
h04ar64h,12,7rwcsuuk,291,trader_bridge_app,DayBreak,1788543224,32,0,0
h04ar64h,7,wqx1o2wk,291,trader_bridge_app,DayBreak,1788543225,32,0,0
h04ar64h,8,2eqstpu0,291,trader_bridge_app,DayBreak,1788543225,32,0,0
h04ar64h,22,oq7csg5x,264,trader_bridge_app,DayBreak,1788543226,29,0,0
h04ar64h,20,xzwecx41,264,trader_bridge_app,DayBreak,1788543226,29,1,0
h04ar64h,19,26cqd8wg,268,trader_bridge_app,ResumeTradingSession,1788543227,30,0,1
h04ar64h,20,xzwecx41,268,trader_bridge_app,ResumeTradingSession,1788543227,30,0,1
h04ar64h,21,312jd80s,268,trader_bridge_app,ResumeTradingSession,1788543227,30,0,1
h04ar64h,22,oq7csg5x,268,trader_bridge_app,ResumeTradingSession,1788543227,30,0,1
h04ar64h,23,w03fifp1,268,trader_bridge_app,ResumeTradingSession,1788543227,30,0,1
h04ar64h,24,18ahuxm6,268,trader_bridge_app,ResumeTradingSession,1788543227,30,0,1
h04ar64h,9,5koml6p7,291,trader_bridge_app,DayBreak,1788543227,32,0,0
h04ar64h,10,74kwsfm2,291,trader_bridge_app,DayBreak,1788543236,32,0,0
h04ar64h,8,2eqstpu0,295,trader_bridge_app,ResumeTradingSession,1788543237,33,0,1
h04ar64h,9,5koml6p7,295,trader_bridge_app,ResumeTradingSession,1788543237,33,0,1
h04ar64h,10,74kwsfm2,295,trader_bridge_app,ResumeTradingSession,1788543237,33,0,1
h04ar64h,11,sfggcdud,295,trader_bridge_app,ResumeTradingSession,1788543237,33,0,1
h04ar64h,12,7rwcsuuk,295,trader_bridge_app,ResumeTradingSession,1788543237,33,0,1
h04ar64h,7,wqx1o2wk,295,trader_bridge_app,ResumeTradingSession,1788543237,33,0,1
h04ar64h,25,q0dsxnk7,303,post_exp,literacyQuiz,1788543245,1,0,0
h04ar64h,3,sxp8ngu2,303,post_exp,literacyQuiz,1788543254,1,0,0
h04ar64h,25,q0dsxnk7,304,post_exp,LabContact,1788543259,1,0,0
h04ar64h,15,fpjd0ju0,297,trader_bridge_app,TradePage,1788543261,33,0,0
h04ar64h,13,gnbf58uk,297,trader_bridge_app,TradePage,1788543267,33,0,0
h04ar64h,14,gfn2r8vo,297,trader_bridge_app,TradePage,1788543274,33,0,0
h04ar64h,16,ypfasl0o,297,trader_bridge_app,TradePage,1788543275,33,0,0
h04ar64h,18,j6legxhq,297,trader_bridge_app,TradePage,1788543275,33,0,0
h04ar64h,17,shtk2vi6,297,trader_bridge_app,TradePage,1788543275,33,0,0
h04ar64h,13,gnbf58uk,299,trader_bridge_app,FinalizeTradingSession,1788543276,33,0,1
h04ar64h,14,gfn2r8vo,299,trader_bridge_app,FinalizeTradingSession,1788543276,33,0,1
h04ar64h,15,fpjd0ju0,299,trader_bridge_app,FinalizeTradingSession,1788543276,33,0,1
h04ar64h,16,ypfasl0o,299,trader_bridge_app,FinalizeTradingSession,1788543276,33,0,1
h04ar64h,17,shtk2vi6,299,trader_bridge_app,FinalizeTradingSession,1788543276,33,0,1
h04ar64h,18,j6legxhq,299,trader_bridge_app,FinalizeTradingSession,1788543276,33,0,1
h04ar64h,3,sxp8ngu2,304,post_exp,LabContact,1788543278,1,0,0
h04ar64h,27,p0qjg0v3,303,post_exp,literacyQuiz,1788543280,1,0,0
h04ar64h,17,shtk2vi6,300,trader_bridge_app,DayBreak,1788543280,33,0,0
h04ar64h,18,j6legxhq,300,trader_bridge_app,DayBreak,1788543281,33,0,0
h04ar64h,13,gnbf58uk,300,trader_bridge_app,DayBreak,1788543281,33,0,0
h04ar64h,15,fpjd0ju0,300,trader_bridge_app,DayBreak,1788543286,33,0,0
h04ar64h,22,oq7csg5x,270,trader_bridge_app,TradePage,1788543288,30,0,0
h04ar64h,19,26cqd8wg,270,trader_bridge_app,TradePage,1788543288,30,0,0
h04ar64h,21,312jd80s,270,trader_bridge_app,TradePage,1788543288,30,0,0
h04ar64h,24,18ahuxm6,270,trader_bridge_app,TradePage,1788543288,30,0,0
h04ar64h,23,w03fifp1,270,trader_bridge_app,TradePage,1788543288,30,0,0
h04ar64h,20,xzwecx41,270,trader_bridge_app,TradePage,1788543293,30,1,0
h04ar64h,19,26cqd8wg,271,trader_bridge_app,PauseTradingSession,1788543293,30,0,1
h04ar64h,20,xzwecx41,271,trader_bridge_app,PauseTradingSession,1788543293,30,0,1
h04ar64h,21,312jd80s,271,trader_bridge_app,PauseTradingSession,1788543293,30,0,1
h04ar64h,22,oq7csg5x,271,trader_bridge_app,PauseTradingSession,1788543293,30,0,1
h04ar64h,23,w03fifp1,271,trader_bridge_app,PauseTradingSession,1788543293,30,0,1
h04ar64h,24,18ahuxm6,271,trader_bridge_app,PauseTradingSession,1788543293,30,0,1
h04ar64h,12,7rwcsuuk,297,trader_bridge_app,TradePage,1788543298,33,0,0
h04ar64h,9,5koml6p7,297,trader_bridge_app,TradePage,1788543298,33,0,0
h04ar64h,8,2eqstpu0,297,trader_bridge_app,TradePage,1788543298,33,0,0
h04ar64h,14,gfn2r8vo,300,trader_bridge_app,DayBreak,1788543299,33,0,0
h04ar64h,27,p0qjg0v3,304,post_exp,LabContact,1788543299,1,0,0
h04ar64h,24,18ahuxm6,273,trader_bridge_app,DayBreak,1788543301,30,0,0
h04ar64h,19,26cqd8wg,273,trader_bridge_app,DayBreak,1788543301,30,0,0
h04ar64h,7,wqx1o2wk,297,trader_bridge_app,TradePage,1788543303,33,0,0
h04ar64h,10,74kwsfm2,297,trader_bridge_app,TradePage,1788543303,33,0,0
h04ar64h,11,sfggcdud,297,trader_bridge_app,TradePage,1788543303,33,0,0
h04ar64h,7,wqx1o2wk,299,trader_bridge_app,FinalizeTradingSession,1788543304,33,0,1
h04ar64h,8,2eqstpu0,299,trader_bridge_app,FinalizeTradingSession,1788543304,33,0,1
h04ar64h,9,5koml6p7,299,trader_bridge_app,FinalizeTradingSession,1788543304,33,0,1
h04ar64h,10,74kwsfm2,299,trader_bridge_app,FinalizeTradingSession,1788543304,33,0,1
h04ar64h,11,sfggcdud,299,trader_bridge_app,FinalizeTradingSession,1788543304,33,0,1
h04ar64h,12,7rwcsuuk,299,trader_bridge_app,FinalizeTradingSession,1788543304,33,0,1
h04ar64h,23,w03fifp1,273,trader_bridge_app,DayBreak,1788543304,30,0,0
h04ar64h,21,312jd80s,273,trader_bridge_app,DayBreak,1788543304,30,0,0
h04ar64h,11,sfggcdud,300,trader_bridge_app,DayBreak,1788543306,33,0,0
h04ar64h,22,oq7csg5x,273,trader_bridge_app,DayBreak,1788543307,30,0,0
h04ar64h,25,q0dsxnk7,305,post_exp,Demographics,1788543307,1,0,0
h04ar64h,7,wqx1o2wk,300,trader_bridge_app,DayBreak,1788543308,33,0,0
h04ar64h,10,74kwsfm2,300,trader_bridge_app,DayBreak,1788543313,33,0,0
h04ar64h,25,q0dsxnk7,306,post_exp,Payoff,1788543314,1,0,0
h04ar64h,16,ypfasl0o,300,trader_bridge_app,DayBreak,1788543314,33,1,0
h04ar64h,20,xzwecx41,273,trader_bridge_app,DayBreak,1788543317,30,1,0
h04ar64h,19,26cqd8wg,277,trader_bridge_app,ResumeTradingSession,1788543317,31,0,1
h04ar64h,20,xzwecx41,277,trader_bridge_app,ResumeTradingSession,1788543317,31,0,1
h04ar64h,21,312jd80s,277,trader_bridge_app,ResumeTradingSession,1788543317,31,0,1
h04ar64h,22,oq7csg5x,277,trader_bridge_app,ResumeTradingSession,1788543317,31,0,1
h04ar64h,23,w03fifp1,277,trader_bridge_app,ResumeTradingSession,1788543317,31,0,1
h04ar64h,24,18ahuxm6,277,trader_bridge_app,ResumeTradingSession,1788543317,31,0,1
h04ar64h,9,5koml6p7,300,trader_bridge_app,DayBreak,1788543317,33,0,0
h04ar64h,8,2eqstpu0,300,trader_bridge_app,DayBreak,1788543320,33,0,0
h04ar64h,12,7rwcsuuk,300,trader_bridge_app,DayBreak,1788543334,33,0,0
h04ar64h,27,p0qjg0v3,305,post_exp,Demographics,1788543370,1,0,0
h04ar64h,21,312jd80s,279,trader_bridge_app,TradePage,1788543379,31,0,0
h04ar64h,19,26cqd8wg,279,trader_bridge_app,TradePage,1788543379,31,0,0
h04ar64h,23,w03fifp1,279,trader_bridge_app,TradePage,1788543379,31,0,0
h04ar64h,22,oq7csg5x,279,trader_bridge_app,TradePage,1788543379,31,0,0
h04ar64h,24,18ahuxm6,279,trader_bridge_app,TradePage,1788543379,31,0,0
h04ar64h,20,xzwecx41,279,trader_bridge_app,TradePage,1788543379,31,0,0
h04ar64h,22,oq7csg5x,280,trader_bridge_app,PauseTradingSession,1788543379,31,0,1
h04ar64h,23,w03fifp1,280,trader_bridge_app,PauseTradingSession,1788543379,31,0,1
h04ar64h,24,18ahuxm6,280,trader_bridge_app,PauseTradingSession,1788543379,31,0,1
h04ar64h,19,26cqd8wg,280,trader_bridge_app,PauseTradingSession,1788543379,31,0,1
h04ar64h,20,xzwecx41,280,trader_bridge_app,PauseTradingSession,1788543379,31,0,1
h04ar64h,21,312jd80s,280,trader_bridge_app,PauseTradingSession,1788543379,31,0,1
h04ar64h,20,xzwecx41,282,trader_bridge_app,DayBreak,1788543383,31,0,0
h04ar64h,19,26cqd8wg,282,trader_bridge_app,DayBreak,1788543384,31,0,0
h04ar64h,23,w03fifp1,282,trader_bridge_app,DayBreak,1788543384,31,0,0
h04ar64h,22,oq7csg5x,282,trader_bridge_app,DayBreak,1788543386,31,0,0
h04ar64h,24,18ahuxm6,282,trader_bridge_app,DayBreak,1788543387,31,0,0
h04ar64h,21,312jd80s,282,trader_bridge_app,DayBreak,1788543392,31,0,0
h04ar64h,24,18ahuxm6,286,trader_bridge_app,ResumeTradingSession,1788543393,32,0,1
h04ar64h,19,26cqd8wg,286,trader_bridge_app,ResumeTradingSession,1788543393,32,0,1
h04ar64h,20,xzwecx41,286,trader_bridge_app,ResumeTradingSession,1788543393,32,0,1
h04ar64h,21,312jd80s,286,trader_bridge_app,ResumeTradingSession,1788543393,32,0,1
h04ar64h,22,oq7csg5x,286,trader_bridge_app,ResumeTradingSession,1788543393,32,0,1
h04ar64h,23,w03fifp1,286,trader_bridge_app,ResumeTradingSession,1788543393,32,0,1
h04ar64h,1,sm0ry4ut,303,post_exp,literacyQuiz,1788543396,1,0,0
h04ar64h,3,sxp8ngu2,305,post_exp,Demographics,1788543400,1,0,0
h04ar64h,5,mcswnxs6,303,post_exp,literacyQuiz,1788543402,1,0,0
h04ar64h,2,tvxlbecc,303,post_exp,literacyQuiz,1788543415,1,0,0
h04ar64h,5,mcswnxs6,304,post_exp,LabContact,1788543416,1,0,0
h04ar64h,1,sm0ry4ut,304,post_exp,LabContact,1788543421,1,0,0
h04ar64h,3,sxp8ngu2,306,post_exp,Payoff,1788543433,1,0,0
h04ar64h,2,tvxlbecc,304,post_exp,LabContact,1788543439,1,0,0
h04ar64h,20,xzwecx41,288,trader_bridge_app,TradePage,1788543454,32,0,0
h04ar64h,24,18ahuxm6,288,trader_bridge_app,TradePage,1788543454,32,0,0
h04ar64h,23,w03fifp1,288,trader_bridge_app,TradePage,1788543454,32,0,0
h04ar64h,22,oq7csg5x,288,trader_bridge_app,TradePage,1788543454,32,0,0
h04ar64h,21,312jd80s,288,trader_bridge_app,TradePage,1788543454,32,0,0
h04ar64h,19,26cqd8wg,288,trader_bridge_app,TradePage,1788543454,32,0,0
h04ar64h,19,26cqd8wg,289,trader_bridge_app,PauseTradingSession,1788543455,32,0,1
h04ar64h,20,xzwecx41,289,trader_bridge_app,PauseTradingSession,1788543455,32,0,1
h04ar64h,21,312jd80s,289,trader_bridge_app,PauseTradingSession,1788543455,32,0,1
h04ar64h,22,oq7csg5x,289,trader_bridge_app,PauseTradingSession,1788543455,32,0,1
h04ar64h,23,w03fifp1,289,trader_bridge_app,PauseTradingSession,1788543455,32,0,1
h04ar64h,24,18ahuxm6,289,trader_bridge_app,PauseTradingSession,1788543455,32,0,1
h04ar64h,15,fpjd0ju0,303,post_exp,literacyQuiz,1788543456,1,0,0
h04ar64h,24,18ahuxm6,291,trader_bridge_app,DayBreak,1788543457,32,0,0
h04ar64h,19,26cqd8wg,291,trader_bridge_app,DayBreak,1788543458,32,0,0
h04ar64h,21,312jd80s,291,trader_bridge_app,DayBreak,1788543458,32,0,0
h04ar64h,20,xzwecx41,291,trader_bridge_app,DayBreak,1788543460,32,0,0
h04ar64h,23,w03fifp1,291,trader_bridge_app,DayBreak,1788543461,32,0,0
h04ar64h,22,oq7csg5x,291,trader_bridge_app,DayBreak,1788543461,32,0,0
h04ar64h,19,26cqd8wg,295,trader_bridge_app,ResumeTradingSession,1788543461,33,0,1
h04ar64h,20,xzwecx41,295,trader_bridge_app,ResumeTradingSession,1788543461,33,0,1
h04ar64h,21,312jd80s,295,trader_bridge_app,ResumeTradingSession,1788543461,33,0,1
h04ar64h,22,oq7csg5x,295,trader_bridge_app,ResumeTradingSession,1788543461,33,0,1
h04ar64h,23,w03fifp1,295,trader_bridge_app,ResumeTradingSession,1788543461,33,0,1
h04ar64h,24,18ahuxm6,295,trader_bridge_app,ResumeTradingSession,1788543461,33,0,1
h04ar64h,18,j6legxhq,303,post_exp,literacyQuiz,1788543465,1,0,0
h04ar64h,17,shtk2vi6,303,post_exp,literacyQuiz,1788543477,1,0,0
h04ar64h,5,mcswnxs6,305,post_exp,Demographics,1788543478,1,0,0
h04ar64h,13,gnbf58uk,303,post_exp,literacyQuiz,1788543479,1,0,0
h04ar64h,1,sm0ry4ut,305,post_exp,Demographics,1788543484,1,0,0
h04ar64h,5,mcswnxs6,306,post_exp,Payoff,1788543485,1,0,0
h04ar64h,18,j6legxhq,304,post_exp,LabContact,1788543491,1,0,0
h04ar64h,15,fpjd0ju0,304,post_exp,LabContact,1788543494,1,0,0
h04ar64h,17,shtk2vi6,304,post_exp,LabContact,1788543497,1,0,0
h04ar64h,2,tvxlbecc,305,post_exp,Demographics,1788543499,1,0,0
h04ar64h,8,2eqstpu0,303,post_exp,literacyQuiz,1788543500,1,0,0
h04ar64h,13,gnbf58uk,304,post_exp,LabContact,1788543504,1,0,0
h04ar64h,7,wqx1o2wk,303,post_exp,literacyQuiz,1788543507,1,0,0
h04ar64h,8,2eqstpu0,304,post_exp,LabContact,1788543513,1,0,0
h04ar64h,1,sm0ry4ut,306,post_exp,Payoff,1788543513,1,0,0
h04ar64h,4,70gpk2i9,303,post_exp,literacyQuiz,1788543523,1,0,0
h04ar64h,23,w03fifp1,297,trader_bridge_app,TradePage,1788543523,33,0,0
h04ar64h,21,312jd80s,297,trader_bridge_app,TradePage,1788543523,33,0,0
h04ar64h,22,oq7csg5x,297,trader_bridge_app,TradePage,1788543523,33,0,0
h04ar64h,19,26cqd8wg,297,trader_bridge_app,TradePage,1788543523,33,0,0
h04ar64h,24,18ahuxm6,297,trader_bridge_app,TradePage,1788543523,33,0,0
h04ar64h,20,xzwecx41,297,trader_bridge_app,TradePage,1788543523,33,0,0
h04ar64h,24,18ahuxm6,299,trader_bridge_app,FinalizeTradingSession,1788543524,33,0,1
h04ar64h,19,26cqd8wg,299,trader_bridge_app,FinalizeTradingSession,1788543524,33,0,1
h04ar64h,20,xzwecx41,299,trader_bridge_app,FinalizeTradingSession,1788543524,33,0,1
h04ar64h,21,312jd80s,299,trader_bridge_app,FinalizeTradingSession,1788543524,33,0,1
h04ar64h,22,oq7csg5x,299,trader_bridge_app,FinalizeTradingSession,1788543524,33,0,1
h04ar64h,23,w03fifp1,299,trader_bridge_app,FinalizeTradingSession,1788543524,33,0,1
h04ar64h,7,wqx1o2wk,304,post_exp,LabContact,1788543524,1,0,0
h04ar64h,2,tvxlbecc,306,post_exp,Payoff,1788543527,1,0,0
h04ar64h,20,xzwecx41,300,trader_bridge_app,DayBreak,1788543527,33,0,0
h04ar64h,19,26cqd8wg,300,trader_bridge_app,DayBreak,1788543527,33,0,0
h04ar64h,24,18ahuxm6,300,trader_bridge_app,DayBreak,1788543528,33,0,0
h04ar64h,23,w03fifp1,300,trader_bridge_app,DayBreak,1788543529,33,0,0
h04ar64h,21,312jd80s,300,trader_bridge_app,DayBreak,1788543533,33,0,0
h04ar64h,22,oq7csg5x,300,trader_bridge_app,DayBreak,1788543533,33,0,0
h04ar64h,10,74kwsfm2,303,post_exp,literacyQuiz,1788543534,1,0,0
h04ar64h,4,70gpk2i9,304,post_exp,LabContact,1788543541,1,0,0
h04ar64h,10,74kwsfm2,304,post_exp,LabContact,1788543547,1,0,0
h04ar64h,17,shtk2vi6,305,post_exp,Demographics,1788543550,1,0,0
h04ar64h,18,j6legxhq,305,post_exp,Demographics,1788543553,1,0,0
h04ar64h,15,fpjd0ju0,305,post_exp,Demographics,1788543561,1,0,0
h04ar64h,12,7rwcsuuk,303,post_exp,literacyQuiz,1788543569,1,0,0
h04ar64h,18,j6legxhq,306,post_exp,Payoff,1788543570,1,0,0
h04ar64h,13,gnbf58uk,305,post_exp,Demographics,1788543573,1,0,0
h04ar64h,14,gfn2r8vo,303,post_exp,literacyQuiz,1788543579,1,0,0
h04ar64h,15,fpjd0ju0,306,post_exp,Payoff,1788543581,1,0,0
h04ar64h,17,shtk2vi6,306,post_exp,Payoff,1788543582,1,0,0
h04ar64h,13,gnbf58uk,306,post_exp,Payoff,1788543584,1,0,0
h04ar64h,14,gfn2r8vo,304,post_exp,LabContact,1788543593,1,0,0
h04ar64h,8,2eqstpu0,305,post_exp,Demographics,1788543596,1,0,0
h04ar64h,26,hib1sgxm,303,post_exp,literacyQuiz,1788543598,1,0,0
h04ar64h,12,7rwcsuuk,304,post_exp,LabContact,1788543601,1,0,0
h04ar64h,7,wqx1o2wk,305,post_exp,Demographics,1788543611,1,0,0
h04ar64h,26,hib1sgxm,304,post_exp,LabContact,1788543617,1,0,0
h04ar64h,10,74kwsfm2,305,post_exp,Demographics,1788543620,1,0,0
h04ar64h,7,wqx1o2wk,306,post_exp,Payoff,1788543633,1,0,0
h04ar64h,14,gfn2r8vo,305,post_exp,Demographics,1788543645,1,0,0
h04ar64h,14,gfn2r8vo,306,post_exp,Payoff,1788543658,1,0,0
h04ar64h,10,74kwsfm2,306,post_exp,Payoff,1788543659,1,0,0
h04ar64h,8,2eqstpu0,306,post_exp,Payoff,1788543670,1,0,0
h04ar64h,9,5koml6p7,303,post_exp,literacyQuiz,1788543684,1,0,0
h04ar64h,21,312jd80s,303,post_exp,literacyQuiz,1788543688,1,0,0
h04ar64h,12,7rwcsuuk,305,post_exp,Demographics,1788543709,1,0,0
h04ar64h,21,312jd80s,304,post_exp,LabContact,1788543713,1,0,0
h04ar64h,9,5koml6p7,304,post_exp,LabContact,1788543714,1,0,0
h04ar64h,23,w03fifp1,303,post_exp,literacyQuiz,1788543717,1,0,0
h04ar64h,26,hib1sgxm,305,post_exp,Demographics,1788543725,1,0,0
h04ar64h,23,w03fifp1,304,post_exp,LabContact,1788543728,1,0,0
h04ar64h,12,7rwcsuuk,306,post_exp,Payoff,1788543735,1,0,0
h04ar64h,11,sfggcdud,303,post_exp,literacyQuiz,1788543748,1,0,0
h04ar64h,22,oq7csg5x,303,post_exp,literacyQuiz,1788543748,1,0,0
h04ar64h,16,ypfasl0o,303,post_exp,literacyQuiz,1788543751,1,0,0
h04ar64h,26,hib1sgxm,306,post_exp,Payoff,1788543756,1,0,0
h04ar64h,16,ypfasl0o,304,post_exp,LabContact,1788543763,1,0,0
h04ar64h,11,sfggcdud,304,post_exp,LabContact,1788543766,1,0,0
h04ar64h,4,70gpk2i9,305,post_exp,Demographics,1788543770,1,0,0
h04ar64h,22,oq7csg5x,304,post_exp,LabContact,1788543772,1,0,0
h04ar64h,21,312jd80s,305,post_exp,Demographics,1788543780,1,0,0
h04ar64h,19,26cqd8wg,303,post_exp,literacyQuiz,1788543795,1,0,0
h04ar64h,20,xzwecx41,303,post_exp,literacyQuiz,1788543797,1,0,0
h04ar64h,23,w03fifp1,305,post_exp,Demographics,1788543812,1,0,0
h04ar64h,20,xzwecx41,304,post_exp,LabContact,1788543814,1,0,0
h04ar64h,16,ypfasl0o,305,post_exp,Demographics,1788543814,1,0,0
h04ar64h,4,70gpk2i9,306,post_exp,Payoff,1788543820,1,0,0
h04ar64h,22,oq7csg5x,305,post_exp,Demographics,1788543823,1,0,0
h04ar64h,19,26cqd8wg,304,post_exp,LabContact,1788543832,1,0,0
h04ar64h,23,w03fifp1,306,post_exp,Payoff,1788543833,1,0,0
h04ar64h,21,312jd80s,306,post_exp,Payoff,1788543839,1,0,0
h04ar64h,16,ypfasl0o,306,post_exp,Payoff,1788543839,1,0,0
h04ar64h,24,18ahuxm6,303,post_exp,literacyQuiz,1788543843,1,0,0
h04ar64h,6,y51mizer,303,post_exp,literacyQuiz,1788543852,1,0,0
h04ar64h,6,y51mizer,304,post_exp,LabContact,1788543878,1,0,0
h04ar64h,20,xzwecx41,305,post_exp,Demographics,1788543881,1,0,0
h04ar64h,9,5koml6p7,305,post_exp,Demographics,1788543885,1,0,0
h04ar64h,20,xzwecx41,306,post_exp,Payoff,1788543888,1,0,0
h04ar64h,19,26cqd8wg,305,post_exp,Demographics,1788543899,1,0,0
h04ar64h,11,sfggcdud,305,post_exp,Demographics,1788543906,1,0,0
h04ar64h,11,sfggcdud,306,post_exp,Payoff,1788543930,1,0,0
h04ar64h,9,5koml6p7,306,post_exp,Payoff,1788543937,1,0,0
h04ar64h,24,18ahuxm6,304,post_exp,LabContact,1788543940,1,0,0
h04ar64h,6,y51mizer,305,post_exp,Demographics,1788543940,1,0,0
h04ar64h,22,oq7csg5x,306,post_exp,Payoff,1788543960,1,0,0
h04ar64h,24,18ahuxm6,305,post_exp,Demographics,1788543976,1,0,0
h04ar64h,24,18ahuxm6,306,post_exp,Payoff,1788544000,1,0,0
h04ar64h,19,26cqd8wg,306,post_exp,Payoff,1788544011,1,0,0
h04ar64h,6,y51mizer,306,post_exp,Payoff,1788544044,1,0,0
