trading_session_uuid,trader_uuid,trader_type,event_name,element_type,element_id,element_label,client_ts,server_received_ts,payload_json,created_ts
c33f8cde-81e6-4a9f-8673-953d6e00dbab,b4946052-b64c-473e-8e10-803884efbafa,HUMAN,shown,badge_unlock,bronze,Bronze,2026-08-26T15:34:58.379Z,2026-08-26T15:34:58.440162+00:00,"{""client_ts"": ""2026-08-26T15:34:58.379Z"", ""element_id"": ""bronze"", ""element_label"": ""Bronze"", ""element_type"": ""badge_unlock"", ""event_name"": ""shown"", ""total_trades_threshold"": 10, ""trader_id"": ""b4946052-b64c-473e-8e10-803884efbafa""}",1787758498.453498
c33f8cde-81e6-4a9f-8673-953d6e00dbab,b4946052-b64c-473e-8e10-803884efbafa,HUMAN,shown,badge_modal,bronze,Bronze,2026-08-26T15:34:58.380Z,2026-08-26T15:34:58.464204+00:00,"{""client_ts"": ""2026-08-26T15:34:58.380Z"", ""element_id"": ""bronze"", ""element_label"": ""Bronze"", ""element_type"": ""badge_modal"", ""event_name"": ""shown"", ""message"": ""Level up! Doing well"", ""total_trades"": 10, ""trader_id"": ""b4946052-b64c-473e-8e10-803884efbafa""}",1787758498.474189
c33f8cde-81e6-4a9f-8673-953d6e00dbab,b4946052-b64c-473e-8e10-803884efbafa,HUMAN,shown,badge_gif,bronze,Bronze,2026-08-26T15:34:58.380Z,2026-08-26T15:34:58.482401+00:00,"{""client_ts"": ""2026-08-26T15:34:58.380Z"", ""element_id"": ""bronze"", ""element_label"": ""Bronze"", ""element_type"": ""badge_gif"", ""event_name"": ""shown"", ""gif"": ""/static/trader_bridge_app/vue/assets/bronze.gif"", ""trader_id"": ""b4946052-b64c-473e-8e10-803884efbafa""}",1787758498.492937
c33f8cde-81e6-4a9f-8673-953d6e00dbab,e7a35eae-f247-4db0-bc41-7f491b49fe36,HUMAN,shown,badge_unlock,bronze,Bronze,2026-08-26T15:35:30.476Z,2026-08-26T15:35:30.530657+00:00,"{""client_ts"": ""2026-08-26T15:35:30.476Z"", ""element_id"": ""bronze"", ""element_label"": ""Bronze"", ""element_type"": ""badge_unlock"", ""event_name"": ""shown"", ""total_trades_threshold"": 10, ""trader_id"": ""e7a35eae-f247-4db0-bc41-7f491b49fe36""}",1787758530.540305
c33f8cde-81e6-4a9f-8673-953d6e00dbab,e7a35eae-f247-4db0-bc41-7f491b49fe36,HUMAN,shown,badge_modal,bronze,Bronze,2026-08-26T15:35:30.477Z,2026-08-26T15:35:30.547123+00:00,"{""client_ts"": ""2026-08-26T15:35:30.477Z"", ""element_id"": ""bronze"", ""element_label"": ""Bronze"", ""element_type"": ""badge_modal"", ""event_name"": ""shown"", ""message"": ""Level up! Doing well"", ""total_trades"": 10, ""trader_id"": ""e7a35eae-f247-4db0-bc41-7f491b49fe36""}",1787758530.55586
c33f8cde-81e6-4a9f-8673-953d6e00dbab,e7a35eae-f247-4db0-bc41-7f491b49fe36,HUMAN,shown,badge_gif,bronze,Bronze,2026-08-26T15:35:30.477Z,2026-08-26T15:35:30.560777+00:00,"{""client_ts"": ""2026-08-26T15:35:30.477Z"", ""element_id"": ""bronze"", ""element_label"": ""Bronze"", ""element_type"": ""badge_gif"", ""event_name"": ""shown"", ""gif"": ""/static/trader_bridge_app/vue/assets/bronze.gif"", ""trader_id"": ""e7a35eae-f247-4db0-bc41-7f491b49fe36""}",1787758530.570919
c33f8cde-81e6-4a9f-8673-953d6e00dbab,b4946052-b64c-473e-8e10-803884efbafa,HUMAN,shown,badge_unlock,silver,Silver,2026-08-26T15:35:33.608Z,2026-08-26T15:35:33.667128+00:00,"{""client_ts"": ""2026-08-26T15:35:33.608Z"", ""element_id"": ""silver"", ""element_label"": ""Silver"", ""element_type"": ""badge_unlock"", ""event_name"": ""shown"", ""total_trades_threshold"": 15, ""trader_id"": ""b4946052-b64c-473e-8e10-803884efbafa""}",1787758533.676116
c33f8cde-81e6-4a9f-8673-953d6e00dbab,b4946052-b64c-473e-8e10-803884efbafa,HUMAN,shown,badge_modal,silver,Silver,2026-08-26T15:35:33.609Z,2026-08-26T15:35:33.685141+00:00,"{""client_ts"": ""2026-08-26T15:35:33.609Z"", ""element_id"": ""silver"", ""element_label"": ""Silver"", ""element_type"": ""badge_modal"", ""event_name"": ""shown"", ""message"": ""You belong on the trading floor!"", ""total_trades"": 15, ""trader_id"": ""b4946052-b64c-473e-8e10-803884efbafa""}",1787758533.696105
c33f8cde-81e6-4a9f-8673-953d6e00dbab,b4946052-b64c-473e-8e10-803884efbafa,HUMAN,shown,badge_gif,silver,Silver,2026-08-26T15:35:33.609Z,2026-08-26T15:35:33.703734+00:00,"{""client_ts"": ""2026-08-26T15:35:33.609Z"", ""element_id"": ""silver"", ""element_label"": ""Silver"", ""element_type"": ""badge_gif"", ""event_name"": ""shown"", ""gif"": ""/static/trader_bridge_app/vue/assets/silver.gif"", ""trader_id"": ""b4946052-b64c-473e-8e10-803884efbafa""}",1787758533.713927
165e20e5-5fa5-4ed2-a23e-ee75bd8adca5,1c5715be-5b10-473d-a9bc-78fa193efaa8,HUMAN,shown,trend_alert,down-streak,down-streak,2026-08-26T15:36:07.079Z,2026-08-26T15:36:07.148477+00:00,"{""client_ts"": ""2026-08-26T15:36:07.079Z"", ""element_id"": ""down-streak"", ""element_label"": ""down-streak"", ""element_type"": ""trend_alert"", ""event_name"": ""shown"", ""message"": ""Price went down 3 times in the last 4 ticks!"", ""trader_id"": ""1c5715be-5b10-473d-a9bc-78fa193efaa8""}",1787758567.159314
165e20e5-5fa5-4ed2-a23e-ee75bd8adca5,5d055cc7-5cc3-4530-a883-bf0e5921da05,HUMAN,shown,trend_alert,down-streak,down-streak,2026-08-26T15:36:07.106Z,2026-08-26T15:36:07.166723+00:00,"{""client_ts"": ""2026-08-26T15:36:07.106Z"", ""element_id"": ""down-streak"", ""element_label"": ""down-streak"", ""element_type"": ""trend_alert"", ""event_name"": ""shown"", ""message"": ""Price went down 3 times in the last 4 ticks!"", ""trader_id"": ""5d055cc7-5cc3-4530-a883-bf0e5921da05""}",1787758567.175796
165e20e5-5fa5-4ed2-a23e-ee75bd8adca5,b71fc348-ceb5-4975-92b3-7753a9e95a54,HUMAN,shown,trend_alert,down-streak,down-streak,2026-08-26T15:36:07.104Z,2026-08-26T15:36:07.179993+00:00,"{""client_ts"": ""2026-08-26T15:36:07.104Z"", ""element_id"": ""down-streak"", ""element_label"": ""down-streak"", ""element_type"": ""trend_alert"", ""event_name"": ""shown"", ""message"": ""Price went down 3 times in the last 4 ticks!"", ""trader_id"": ""b71fc348-ceb5-4975-92b3-7753a9e95a54""}",1787758567.190224
165e20e5-5fa5-4ed2-a23e-ee75bd8adca5,3d3324e9-5445-4057-acb0-6761ddefbb9f,HUMAN,shown,trend_alert,down-streak,down-streak,2026-08-26T15:36:07.101Z,2026-08-26T15:36:07.195896+00:00,"{""client_ts"": ""2026-08-26T15:36:07.101Z"", ""element_id"": ""down-streak"", ""element_label"": ""down-streak"", ""element_type"": ""trend_alert"", ""event_name"": ""shown"", ""message"": ""Price went down 3 times in the last 4 ticks!"", ""trader_id"": ""3d3324e9-5445-4057-acb0-6761ddefbb9f""}",1787758567.20854
165e20e5-5fa5-4ed2-a23e-ee75bd8adca5,16bc59c0-2171-4f16-85cd-cd07a0477548,HUMAN,shown,trend_alert,down-streak,down-streak,2026-08-26T15:36:07.109Z,2026-08-26T15:36:07.213169+00:00,"{""client_ts"": ""2026-08-26T15:36:07.109Z"", ""element_id"": ""down-streak"", ""element_label"": ""down-streak"", ""element_type"": ""trend_alert"", ""event_name"": ""shown"", ""message"": ""Price went down 3 times in the last 4 ticks!"", ""trader_id"": ""16bc59c0-2171-4f16-85cd-cd07a0477548""}",1787758567.222437
165e20e5-5fa5-4ed2-a23e-ee75bd8adca5,b4ef8e21-9814-4eb2-a074-e18950b87fa0,HUMAN,shown,trend_alert,down-streak,down-streak,2026-08-26T15:36:07.096Z,2026-08-26T15:36:07.226656+00:00,"{""client_ts"": ""2026-08-26T15:36:07.096Z"", ""element_id"": ""down-streak"", ""element_label"": ""down-streak"", ""element_type"": ""trend_alert"", ""event_name"": ""shown"", ""message"": ""Price went down 3 times in the last 4 ticks!"", ""trader_id"": ""b4ef8e21-9814-4eb2-a074-e18950b87fa0""}",1787758567.235918
e90a0fe5-179b-47b4-aba7-ced55c86a91f,64cdfb26-f950-432e-932d-04404a90a2a0,HUMAN,shown,badge_unlock,bronze,Bronze,2026-08-26T15:38:23.787Z,2026-08-26T15:38:23.854555+00:00,"{""client_ts"": ""2026-08-26T15:38:23.787Z"", ""element_id"": ""bronze"", ""element_label"": ""Bronze"", ""element_type"": ""badge_unlock"", ""event_name"": ""shown"", ""total_trades_threshold"": 10, ""trader_id"": ""64cdfb26-f950-432e-932d-04404a90a2a0""}",1787758703.864049
e90a0fe5-179b-47b4-aba7-ced55c86a91f,64cdfb26-f950-432e-932d-04404a90a2a0,HUMAN,shown,badge_modal,bronze,Bronze,2026-08-26T15:38:23.787Z,2026-08-26T15:38:23.868881+00:00,"{""client_ts"": ""2026-08-26T15:38:23.787Z"", ""element_id"": ""bronze"", ""element_label"": ""Bronze"", ""element_type"": ""badge_modal"", ""event_name"": ""shown"", ""message"": ""Level up! Doing well"", ""total_trades"": 10, ""trader_id"": ""64cdfb26-f950-432e-932d-04404a90a2a0""}",1787758703.878623
e90a0fe5-179b-47b4-aba7-ced55c86a91f,64cdfb26-f950-432e-932d-04404a90a2a0,HUMAN,shown,badge_gif,bronze,Bronze,2026-08-26T15:38:23.787Z,2026-08-26T15:38:23.884451+00:00,"{""client_ts"": ""2026-08-26T15:38:23.787Z"", ""element_id"": ""bronze"", ""element_label"": ""Bronze"", ""element_type"": ""badge_gif"", ""event_name"": ""shown"", ""gif"": ""/static/trader_bridge_app/vue/assets/bronze.gif"", ""trader_id"": ""64cdfb26-f950-432e-932d-04404a90a2a0""}",1787758703.892801
38fc97ee-cf72-47de-821d-ddf378545b9d,48086672-43f6-4d68-a4e1-8a5c1c97ec41,HUMAN,shown,trend_alert,up-streak,up-streak,2026-08-26T15:38:35.299Z,2026-08-26T15:38:35.348284+00:00,"{""client_ts"": ""2026-08-26T15:38:35.299Z"", ""element_id"": ""up-streak"", ""element_label"": ""up-streak"", ""element_type"": ""trend_alert"", ""event_name"": ""shown"", ""message"": ""Price went up 3 times in the last 5 ticks!"", ""trader_id"": ""48086672-43f6-4d68-a4e1-8a5c1c97ec41""}",1787758715.357526
38fc97ee-cf72-47de-821d-ddf378545b9d,09b2b9ec-87b6-4d6d-ad61-35bf3276abf0,HUMAN,shown,trend_alert,up-streak,up-streak,2026-08-26T15:38:35.289Z,2026-08-26T15:38:35.362269+00:00,"{""client_ts"": ""2026-08-26T15:38:35.289Z"", ""element_id"": ""up-streak"", ""element_label"": ""up-streak"", ""element_type"": ""trend_alert"", ""event_name"": ""shown"", ""message"": ""Price went up 3 times in the last 5 ticks!"", ""trader_id"": ""09b2b9ec-87b6-4d6d-ad61-35bf3276abf0""}",1787758715.371455
38fc97ee-cf72-47de-821d-ddf378545b9d,dee68b3d-8813-4fed-8daf-730ab5766fbb,HUMAN,shown,trend_alert,up-streak,up-streak,2026-08-26T15:38:35.294Z,2026-08-26T15:38:35.375681+00:00,"{""client_ts"": ""2026-08-26T15:38:35.294Z"", ""element_id"": ""up-streak"", ""element_label"": ""up-streak"", ""element_type"": ""trend_alert"", ""event_name"": ""shown"", ""message"": ""Price went up 3 times in the last 5 ticks!"", ""trader_id"": ""dee68b3d-8813-4fed-8daf-730ab5766fbb""}",1787758715.384295
38fc97ee-cf72-47de-821d-ddf378545b9d,26a18016-0dcf-4699-87ea-55ab8f80a735,HUMAN,shown,trend_alert,up-streak,up-streak,2026-08-26T15:38:35.304Z,2026-08-26T15:38:35.393156+00:00,"{""client_ts"": ""2026-08-26T15:38:35.304Z"", ""element_id"": ""up-streak"", ""element_label"": ""up-streak"", ""element_type"": ""trend_alert"", ""event_name"": ""shown"", ""message"": ""Price went up 3 times in the last 5 ticks!"", ""trader_id"": ""26a18016-0dcf-4699-87ea-55ab8f80a735""}",1787758715.401811
e90a0fe5-179b-47b4-aba7-ced55c86a91f,64cdfb26-f950-432e-932d-04404a90a2a0,HUMAN,shown,badge_unlock,silver,Silver,2026-08-26T15:38:37.584Z,2026-08-26T15:38:37.706679+00:00,"{""client_ts"": ""2026-08-26T15:38:37.584Z"", ""element_id"": ""silver"", ""element_label"": ""Silver"", ""element_type"": ""badge_unlock"", ""event_name"": ""shown"", ""total_trades_threshold"": 15, ""trader_id"": ""64cdfb26-f950-432e-932d-04404a90a2a0""}",1787758717.71722
e90a0fe5-179b-47b4-aba7-ced55c86a91f,64cdfb26-f950-432e-932d-04404a90a2a0,HUMAN,shown,badge_modal,silver,Silver,2026-08-26T15:38:37.584Z,2026-08-26T15:38:37.722202+00:00,"{""client_ts"": ""2026-08-26T15:38:37.584Z"", ""element_id"": ""silver"", ""element_label"": ""Silver"", ""element_type"": ""badge_modal"", ""event_name"": ""shown"", ""message"": ""You belong on the trading floor!"", ""total_trades"": 15, ""trader_id"": ""64cdfb26-f950-432e-932d-04404a90a2a0""}",1787758717.731679
e90a0fe5-179b-47b4-aba7-ced55c86a91f,64cdfb26-f950-432e-932d-04404a90a2a0,HUMAN,shown,badge_gif,silver,Silver,2026-08-26T15:38:37.584Z,2026-08-26T15:38:37.736455+00:00,"{""client_ts"": ""2026-08-26T15:38:37.584Z"", ""element_id"": ""silver"", ""element_label"": ""Silver"", ""element_type"": ""badge_gif"", ""event_name"": ""shown"", ""gif"": ""/static/trader_bridge_app/vue/assets/silver.gif"", ""trader_id"": ""64cdfb26-f950-432e-932d-04404a90a2a0""}",1787758717.7458
e90a0fe5-179b-47b4-aba7-ced55c86a91f,feb2a20a-06b1-430e-b813-fbd33d93ed77,HUMAN,shown,badge_unlock,bronze,Bronze,2026-08-26T15:38:51.483Z,2026-08-26T15:38:51.541632+00:00,"{""client_ts"": ""2026-08-26T15:38:51.483Z"", ""element_id"": ""bronze"", ""element_label"": ""Bronze"", ""element_type"": ""badge_unlock"", ""event_name"": ""shown"", ""total_trades_threshold"": 10, ""trader_id"": ""feb2a20a-06b1-430e-b813-fbd33d93ed77""}",1787758731.550834
e90a0fe5-179b-47b4-aba7-ced55c86a91f,feb2a20a-06b1-430e-b813-fbd33d93ed77,HUMAN,shown,badge_modal,bronze,Bronze,2026-08-26T15:38:51.484Z,2026-08-26T15:38:51.558595+00:00,"{""client_ts"": ""2026-08-26T15:38:51.484Z"", ""element_id"": ""bronze"", ""element_label"": ""Bronze"", ""element_type"": ""badge_modal"", ""event_name"": ""shown"", ""message"": ""Level up! Doing well"", ""total_trades"": 10, ""trader_id"": ""feb2a20a-06b1-430e-b813-fbd33d93ed77""}",1787758731.569274
e90a0fe5-179b-47b4-aba7-ced55c86a91f,feb2a20a-06b1-430e-b813-fbd33d93ed77,HUMAN,shown,badge_gif,bronze,Bronze,2026-08-26T15:38:51.484Z,2026-08-26T15:38:51.577542+00:00,"{""client_ts"": ""2026-08-26T15:38:51.484Z"", ""element_id"": ""bronze"", ""element_label"": ""Bronze"", ""element_type"": ""badge_gif"", ""event_name"": ""shown"", ""gif"": ""/static/trader_bridge_app/vue/assets/bronze.gif"", ""trader_id"": ""feb2a20a-06b1-430e-b813-fbd33d93ed77""}",1787758731.587578
66d8214d-ea71-4944-a944-14eee2d5ab87,4c6fc42e-bd20-4398-b008-d07100fe2fcd,HUMAN,shown,trend_alert,down-streak,down-streak,2026-08-26T15:38:58.845Z,2026-08-26T15:38:58.895443+00:00,"{""client_ts"": ""2026-08-26T15:38:58.845Z"", ""element_id"": ""down-streak"", ""element_label"": ""down-streak"", ""element_type"": ""trend_alert"", ""event_name"": ""shown"", ""message"": ""Price went down 3 times in the last 5 ticks!"", ""trader_id"": ""4c6fc42e-bd20-4398-b008-d07100fe2fcd""}",1787758738.910815
66d8214d-ea71-4944-a944-14eee2d5ab87,f654e6e3-b21f-449b-bd41-9854847b2241,HUMAN,shown,trend_alert,down-streak,down-streak,2026-08-26T15:38:58.842Z,2026-08-26T15:38:58.916328+00:00,"{""client_ts"": ""2026-08-26T15:38:58.842Z"", ""element_id"": ""down-streak"", ""element_label"": ""down-streak"", ""element_type"": ""trend_alert"", ""event_name"": ""shown"", ""message"": ""Price went down 3 times in the last 5 ticks!"", ""trader_id"": ""f654e6e3-b21f-449b-bd41-9854847b2241""}",1787758738.931173
66d8214d-ea71-4944-a944-14eee2d5ab87,413dda16-4256-434b-b9cd-1c11480c6824,HUMAN,shown,trend_alert,down-streak,down-streak,2026-08-26T15:38:58.822Z,2026-08-26T15:38:58.938839+00:00,"{""client_ts"": ""2026-08-26T15:38:58.822Z"", ""element_id"": ""down-streak"", ""element_label"": ""down-streak"", ""element_type"": ""trend_alert"", ""event_name"": ""shown"", ""message"": ""Price went down 3 times in the last 5 ticks!"", ""trader_id"": ""413dda16-4256-434b-b9cd-1c11480c6824""}",1787758738.961258
66d8214d-ea71-4944-a944-14eee2d5ab87,564c51aa-6f05-4854-8e31-2a8ad65f6a01,HUMAN,shown,trend_alert,down-streak,down-streak,2026-08-26T15:38:58.850Z,2026-08-26T15:38:58.969842+00:00,"{""client_ts"": ""2026-08-26T15:38:58.850Z"", ""element_id"": ""down-streak"", ""element_label"": ""down-streak"", ""element_type"": ""trend_alert"", ""event_name"": ""shown"", ""message"": ""Price went down 3 times in the last 5 ticks!"", ""trader_id"": ""564c51aa-6f05-4854-8e31-2a8ad65f6a01""}",1787758738.989729
66d8214d-ea71-4944-a944-14eee2d5ab87,e2cfe8dc-3467-4757-b294-75db19b49697,HUMAN,shown,trend_alert,down-streak,down-streak,2026-08-26T15:38:58.838Z,2026-08-26T15:38:59.003185+00:00,"{""client_ts"": ""2026-08-26T15:38:58.838Z"", ""element_id"": ""down-streak"", ""element_label"": ""down-streak"", ""element_type"": ""trend_alert"", ""event_name"": ""shown"", ""message"": ""Price went down 3 times in the last 5 ticks!"", ""trader_id"": ""e2cfe8dc-3467-4757-b294-75db19b49697""}",1787758739.029208
66d8214d-ea71-4944-a944-14eee2d5ab87,4b7db4bd-a2f9-4185-a399-81b5f6b2db24,HUMAN,shown,trend_alert,down-streak,down-streak,2026-08-26T15:38:58.850Z,2026-08-26T15:38:59.047579+00:00,"{""client_ts"": ""2026-08-26T15:38:58.850Z"", ""element_id"": ""down-streak"", ""element_label"": ""down-streak"", ""element_type"": ""trend_alert"", ""event_name"": ""shown"", ""message"": ""Price went down 3 times in the last 5 ticks!"", ""trader_id"": ""4b7db4bd-a2f9-4185-a399-81b5f6b2db24""}",1787758739.058603
38fc97ee-cf72-47de-821d-ddf378545b9d,48086672-43f6-4d68-a4e1-8a5c1c97ec41,HUMAN,shown,trend_alert,up-streak,up-streak,2026-08-26T15:39:13.364Z,2026-08-26T15:39:13.417571+00:00,"{""client_ts"": ""2026-08-26T15:39:13.364Z"", ""element_id"": ""up-streak"", ""element_label"": ""up-streak"", ""element_type"": ""trend_alert"", ""event_name"": ""shown"", ""message"": ""Price went up 3 times in the last 5 ticks!"", ""trader_id"": ""48086672-43f6-4d68-a4e1-8a5c1c97ec41""}",1787758753.426574
38fc97ee-cf72-47de-821d-ddf378545b9d,dee68b3d-8813-4fed-8daf-730ab5766fbb,HUMAN,shown,trend_alert,up-streak,up-streak,2026-08-26T15:39:13.362Z,2026-08-26T15:39:13.433579+00:00,"{""client_ts"": ""2026-08-26T15:39:13.362Z"", ""element_id"": ""up-streak"", ""element_label"": ""up-streak"", ""element_type"": ""trend_alert"", ""event_name"": ""shown"", ""message"": ""Price went up 3 times in the last 5 ticks!"", ""trader_id"": ""dee68b3d-8813-4fed-8daf-730ab5766fbb""}",1787758753.442551
38fc97ee-cf72-47de-821d-ddf378545b9d,09b2b9ec-87b6-4d6d-ad61-35bf3276abf0,HUMAN,shown,trend_alert,up-streak,up-streak,2026-08-26T15:39:13.353Z,2026-08-26T15:39:13.446724+00:00,"{""client_ts"": ""2026-08-26T15:39:13.353Z"", ""element_id"": ""up-streak"", ""element_label"": ""up-streak"", ""element_type"": ""trend_alert"", ""event_name"": ""shown"", ""message"": ""Price went up 3 times in the last 5 ticks!"", ""trader_id"": ""09b2b9ec-87b6-4d6d-ad61-35bf3276abf0""}",1787758753.455334
66d8214d-ea71-4944-a944-14eee2d5ab87,413dda16-4256-434b-b9cd-1c11480c6824,HUMAN,shown,badge_unlock,bronze,Bronze,2026-08-26T15:39:22.773Z,2026-08-26T15:39:22.846766+00:00,"{""client_ts"": ""2026-08-26T15:39:22.773Z"", ""element_id"": ""bronze"", ""element_label"": ""Bronze"", ""element_type"": ""badge_unlock"", ""event_name"": ""shown"", ""total_trades_threshold"": 10, ""trader_id"": ""413dda16-4256-434b-b9cd-1c11480c6824""}",1787758762.855339
66d8214d-ea71-4944-a944-14eee2d5ab87,413dda16-4256-434b-b9cd-1c11480c6824,HUMAN,shown,badge_modal,bronze,Bronze,2026-08-26T15:39:22.773Z,2026-08-26T15:39:22.861939+00:00,"{""client_ts"": ""2026-08-26T15:39:22.773Z"", ""element_id"": ""bronze"", ""element_label"": ""Bronze"", ""element_type"": ""badge_modal"", ""event_name"": ""shown"", ""message"": ""Level up! Doing well"", ""total_trades"": 10, ""trader_id"": ""413dda16-4256-434b-b9cd-1c11480c6824""}",1787758762.870861
66d8214d-ea71-4944-a944-14eee2d5ab87,413dda16-4256-434b-b9cd-1c11480c6824,HUMAN,shown,badge_gif,bronze,Bronze,2026-08-26T15:39:22.773Z,2026-08-26T15:39:22.880246+00:00,"{""client_ts"": ""2026-08-26T15:39:22.773Z"", ""element_id"": ""bronze"", ""element_label"": ""Bronze"", ""element_type"": ""badge_gif"", ""event_name"": ""shown"", ""gif"": ""/static/trader_bridge_app/vue/assets/bronze.gif"", ""trader_id"": ""413dda16-4256-434b-b9cd-1c11480c6824""}",1787758762.891501
66d8214d-ea71-4944-a944-14eee2d5ab87,413dda16-4256-434b-b9cd-1c11480c6824,HUMAN,shown,trend_alert,down-streak,down-streak,2026-08-26T15:39:24.598Z,2026-08-26T15:39:24.673573+00:00,"{""client_ts"": ""2026-08-26T15:39:24.598Z"", ""element_id"": ""down-streak"", ""element_label"": ""down-streak"", ""element_type"": ""trend_alert"", ""event_name"": ""shown"", ""message"": ""Price went down 3 times in the last 5 ticks!"", ""trader_id"": ""413dda16-4256-434b-b9cd-1c11480c6824""}",1787758764.689607
66d8214d-ea71-4944-a944-14eee2d5ab87,f654e6e3-b21f-449b-bd41-9854847b2241,HUMAN,shown,trend_alert,down-streak,down-streak,2026-08-26T15:39:24.618Z,2026-08-26T15:39:24.696762+00:00,"{""client_ts"": ""2026-08-26T15:39:24.618Z"", ""element_id"": ""down-streak"", ""element_label"": ""down-streak"", ""element_type"": ""trend_alert"", ""event_name"": ""shown"", ""message"": ""Price went down 3 times in the last 5 ticks!"", ""trader_id"": ""f654e6e3-b21f-449b-bd41-9854847b2241""}",1787758764.723999
66d8214d-ea71-4944-a944-14eee2d5ab87,564c51aa-6f05-4854-8e31-2a8ad65f6a01,HUMAN,shown,trend_alert,down-streak,down-streak,2026-08-26T15:39:24.626Z,2026-08-26T15:39:24.733141+00:00,"{""client_ts"": ""2026-08-26T15:39:24.626Z"", ""element_id"": ""down-streak"", ""element_label"": ""down-streak"", ""element_type"": ""trend_alert"", ""event_name"": ""shown"", ""message"": ""Price went down 3 times in the last 5 ticks!"", ""trader_id"": ""564c51aa-6f05-4854-8e31-2a8ad65f6a01""}",1787758764.774201
66d8214d-ea71-4944-a944-14eee2d5ab87,4c6fc42e-bd20-4398-b008-d07100fe2fcd,HUMAN,shown,trend_alert,down-streak,down-streak,2026-08-26T15:39:24.623Z,2026-08-26T15:39:24.779839+00:00,"{""client_ts"": ""2026-08-26T15:39:24.623Z"", ""element_id"": ""down-streak"", ""element_label"": ""down-streak"", ""element_type"": ""trend_alert"", ""event_name"": ""shown"", ""message"": ""Price went down 3 times in the last 5 ticks!"", ""trader_id"": ""4c6fc42e-bd20-4398-b008-d07100fe2fcd""}",1787758764.800798
66d8214d-ea71-4944-a944-14eee2d5ab87,e2cfe8dc-3467-4757-b294-75db19b49697,HUMAN,shown,trend_alert,down-streak,down-streak,2026-08-26T15:39:24.615Z,2026-08-26T15:39:24.806591+00:00,"{""client_ts"": ""2026-08-26T15:39:24.615Z"", ""element_id"": ""down-streak"", ""element_label"": ""down-streak"", ""element_type"": ""trend_alert"", ""event_name"": ""shown"", ""message"": ""Price went down 3 times in the last 5 ticks!"", ""trader_id"": ""e2cfe8dc-3467-4757-b294-75db19b49697""}",1787758764.815637
66d8214d-ea71-4944-a944-14eee2d5ab87,4b7db4bd-a2f9-4185-a399-81b5f6b2db24,HUMAN,shown,trend_alert,down-streak,down-streak,2026-08-26T15:39:24.627Z,2026-08-26T15:39:24.824496+00:00,"{""client_ts"": ""2026-08-26T15:39:24.627Z"", ""element_id"": ""down-streak"", ""element_label"": ""down-streak"", ""element_type"": ""trend_alert"", ""event_name"": ""shown"", ""message"": ""Price went down 3 times in the last 5 ticks!"", ""trader_id"": ""4b7db4bd-a2f9-4185-a399-81b5f6b2db24""}",1787758764.833749
e90a0fe5-179b-47b4-aba7-ced55c86a91f,921fff92-f345-41c1-84e5-fac04763dac9,HUMAN,shown,badge_unlock,bronze,Bronze,2026-08-26T15:39:34.907Z,2026-08-26T15:39:34.964707+00:00,"{""client_ts"": ""2026-08-26T15:39:34.907Z"", ""element_id"": ""bronze"", ""element_label"": ""Bronze"", ""element_type"": ""badge_unlock"", ""event_name"": ""shown"", ""total_trades_threshold"": 10, ""trader_id"": ""921fff92-f345-41c1-84e5-fac04763dac9""}",1787758774.97388
e90a0fe5-179b-47b4-aba7-ced55c86a91f,921fff92-f345-41c1-84e5-fac04763dac9,HUMAN,shown,badge_modal,bronze,Bronze,2026-08-26T15:39:34.907Z,2026-08-26T15:39:34.982404+00:00,"{""client_ts"": ""2026-08-26T15:39:34.907Z"", ""element_id"": ""bronze"", ""element_label"": ""Bronze"", ""element_type"": ""badge_modal"", ""event_name"": ""shown"", ""message"": ""Level up! Doing well"", ""total_trades"": 10, ""trader_id"": ""921fff92-f345-41c1-84e5-fac04763dac9""}",1787758774.991521
e90a0fe5-179b-47b4-aba7-ced55c86a91f,921fff92-f345-41c1-84e5-fac04763dac9,HUMAN,shown,badge_gif,bronze,Bronze,2026-08-26T15:39:34.907Z,2026-08-26T15:39:34.996278+00:00,"{""client_ts"": ""2026-08-26T15:39:34.907Z"", ""element_id"": ""bronze"", ""element_label"": ""Bronze"", ""element_type"": ""badge_gif"", ""event_name"": ""shown"", ""gif"": ""/static/trader_bridge_app/vue/assets/bronze.gif"", ""trader_id"": ""921fff92-f345-41c1-84e5-fac04763dac9""}",1787758775.007674
66d8214d-ea71-4944-a944-14eee2d5ab87,4b7db4bd-a2f9-4185-a399-81b5f6b2db24,HUMAN,shown,badge_unlock,bronze,Bronze,2026-08-26T15:39:36.836Z,2026-08-26T15:39:36.886990+00:00,"{""client_ts"": ""2026-08-26T15:39:36.836Z"", ""element_id"": ""bronze"", ""element_label"": ""Bronze"", ""element_type"": ""badge_unlock"", ""event_name"": ""shown"", ""total_trades_threshold"": 10, ""trader_id"": ""4b7db4bd-a2f9-4185-a399-81b5f6b2db24""}",1787758776.897648
66d8214d-ea71-4944-a944-14eee2d5ab87,4b7db4bd-a2f9-4185-a399-81b5f6b2db24,HUMAN,shown,badge_modal,bronze,Bronze,2026-08-26T15:39:36.837Z,2026-08-26T15:39:36.905631+00:00,"{""client_ts"": ""2026-08-26T15:39:36.837Z"", ""element_id"": ""bronze"", ""element_label"": ""Bronze"", ""element_type"": ""badge_modal"", ""event_name"": ""shown"", ""message"": ""Level up! Doing well"", ""total_trades"": 10, ""trader_id"": ""4b7db4bd-a2f9-4185-a399-81b5f6b2db24""}",1787758776.914275
66d8214d-ea71-4944-a944-14eee2d5ab87,4b7db4bd-a2f9-4185-a399-81b5f6b2db24,HUMAN,shown,badge_gif,bronze,Bronze,2026-08-26T15:39:36.837Z,2026-08-26T15:39:36.925573+00:00,"{""client_ts"": ""2026-08-26T15:39:36.837Z"", ""element_id"": ""bronze"", ""element_label"": ""Bronze"", ""element_type"": ""badge_gif"", ""event_name"": ""shown"", ""gif"": ""/static/trader_bridge_app/vue/assets/bronze.gif"", ""trader_id"": ""4b7db4bd-a2f9-4185-a399-81b5f6b2db24""}",1787758776.938793
e90a0fe5-179b-47b4-aba7-ced55c86a91f,921fff92-f345-41c1-84e5-fac04763dac9,HUMAN,shown,badge_unlock,silver,Silver,2026-08-26T15:39:48.859Z,2026-08-26T15:39:48.915251+00:00,"{""client_ts"": ""2026-08-26T15:39:48.859Z"", ""element_id"": ""silver"", ""element_label"": ""Silver"", ""element_type"": ""badge_unlock"", ""event_name"": ""shown"", ""total_trades_threshold"": 15, ""trader_id"": ""921fff92-f345-41c1-84e5-fac04763dac9""}",1787758788.92428
e90a0fe5-179b-47b4-aba7-ced55c86a91f,921fff92-f345-41c1-84e5-fac04763dac9,HUMAN,shown,badge_modal,silver,Silver,2026-08-26T15:39:48.859Z,2026-08-26T15:39:48.932485+00:00,"{""client_ts"": ""2026-08-26T15:39:48.859Z"", ""element_id"": ""silver"", ""element_label"": ""Silver"", ""element_type"": ""badge_modal"", ""event_name"": ""shown"", ""message"": ""You belong on the trading floor!"", ""total_trades"": 15, ""trader_id"": ""921fff92-f345-41c1-84e5-fac04763dac9""}",1787758788.943577
e90a0fe5-179b-47b4-aba7-ced55c86a91f,921fff92-f345-41c1-84e5-fac04763dac9,HUMAN,shown,badge_gif,silver,Silver,2026-08-26T15:39:48.859Z,2026-08-26T15:39:48.951468+00:00,"{""client_ts"": ""2026-08-26T15:39:48.859Z"", ""element_id"": ""silver"", ""element_label"": ""Silver"", ""element_type"": ""badge_gif"", ""event_name"": ""shown"", ""gif"": ""/static/trader_bridge_app/vue/assets/silver.gif"", ""trader_id"": ""921fff92-f345-41c1-84e5-fac04763dac9""}",1787758788.960448
e90a0fe5-179b-47b4-aba7-ced55c86a91f,feb2a20a-06b1-430e-b813-fbd33d93ed77,HUMAN,shown,badge_unlock,silver,Silver,2026-08-26T15:39:53.486Z,2026-08-26T15:39:53.542733+00:00,"{""client_ts"": ""2026-08-26T15:39:53.486Z"", ""element_id"": ""silver"", ""element_label"": ""Silver"", ""element_type"": ""badge_unlock"", ""event_name"": ""shown"", ""total_trades_threshold"": 15, ""trader_id"": ""feb2a20a-06b1-430e-b813-fbd33d93ed77""}",1787758793.551836
e90a0fe5-179b-47b4-aba7-ced55c86a91f,feb2a20a-06b1-430e-b813-fbd33d93ed77,HUMAN,shown,badge_modal,silver,Silver,2026-08-26T15:39:53.486Z,2026-08-26T15:39:53.560048+00:00,"{""client_ts"": ""2026-08-26T15:39:53.486Z"", ""element_id"": ""silver"", ""element_label"": ""Silver"", ""element_type"": ""badge_modal"", ""event_name"": ""shown"", ""message"": ""You belong on the trading floor!"", ""total_trades"": 15, ""trader_id"": ""feb2a20a-06b1-430e-b813-fbd33d93ed77""}",1787758793.568755
e90a0fe5-179b-47b4-aba7-ced55c86a91f,feb2a20a-06b1-430e-b813-fbd33d93ed77,HUMAN,shown,badge_gif,silver,Silver,2026-08-26T15:39:53.486Z,2026-08-26T15:39:53.576692+00:00,"{""client_ts"": ""2026-08-26T15:39:53.486Z"", ""element_id"": ""silver"", ""element_label"": ""Silver"", ""element_type"": ""badge_gif"", ""event_name"": ""shown"", ""gif"": ""/static/trader_bridge_app/vue/assets/silver.gif"", ""trader_id"": ""feb2a20a-06b1-430e-b813-fbd33d93ed77""}",1787758793.585684
e90a0fe5-179b-47b4-aba7-ced55c86a91f,64cdfb26-f950-432e-932d-04404a90a2a0,HUMAN,shown,badge_unlock,gold,Gold,2026-08-26T15:39:58.151Z,2026-08-26T15:39:58.319064+00:00,"{""client_ts"": ""2026-08-26T15:39:58.151Z"", ""element_id"": ""gold"", ""element_label"": ""Gold"", ""element_type"": ""badge_unlock"", ""event_name"": ""shown"", ""total_trades_threshold"": 35, ""trader_id"": ""64cdfb26-f950-432e-932d-04404a90a2a0""}",1787758798.327358
e90a0fe5-179b-47b4-aba7-ced55c86a91f,64cdfb26-f950-432e-932d-04404a90a2a0,HUMAN,shown,badge_modal,gold,Gold,2026-08-26T15:39:58.151Z,2026-08-26T15:39:58.336817+00:00,"{""client_ts"": ""2026-08-26T15:39:58.151Z"", ""element_id"": ""gold"", ""element_label"": ""Gold"", ""element_type"": ""badge_modal"", ""event_name"": ""shown"", ""message"": ""You are the money maker!"", ""total_trades"": 35, ""trader_id"": ""64cdfb26-f950-432e-932d-04404a90a2a0""}",1787758798.345776
e90a0fe5-179b-47b4-aba7-ced55c86a91f,64cdfb26-f950-432e-932d-04404a90a2a0,HUMAN,shown,badge_gif,gold,Gold,2026-08-26T15:39:58.151Z,2026-08-26T15:39:58.366607+00:00,"{""client_ts"": ""2026-08-26T15:39:58.151Z"", ""element_id"": ""gold"", ""element_label"": ""Gold"", ""element_type"": ""badge_gif"", ""event_name"": ""shown"", ""gif"": ""/static/trader_bridge_app/vue/assets/gold.gif"", ""trader_id"": ""64cdfb26-f950-432e-932d-04404a90a2a0""}",1787758798.375168
66d8214d-ea71-4944-a944-14eee2d5ab87,4b7db4bd-a2f9-4185-a399-81b5f6b2db24,HUMAN,shown,badge_unlock,silver,Silver,2026-08-26T15:40:50.312Z,2026-08-26T15:40:50.370830+00:00,"{""client_ts"": ""2026-08-26T15:40:50.312Z"", ""element_id"": ""silver"", ""element_label"": ""Silver"", ""element_type"": ""badge_unlock"", ""event_name"": ""shown"", ""total_trades_threshold"": 15, ""trader_id"": ""4b7db4bd-a2f9-4185-a399-81b5f6b2db24""}",1787758850.381153
66d8214d-ea71-4944-a944-14eee2d5ab87,4b7db4bd-a2f9-4185-a399-81b5f6b2db24,HUMAN,shown,badge_modal,silver,Silver,2026-08-26T15:40:50.312Z,2026-08-26T15:40:50.475978+00:00,"{""client_ts"": ""2026-08-26T15:40:50.312Z"", ""element_id"": ""silver"", ""element_label"": ""Silver"", ""element_type"": ""badge_modal"", ""event_name"": ""shown"", ""message"": ""You belong on the trading floor!"", ""total_trades"": 15, ""trader_id"": ""4b7db4bd-a2f9-4185-a399-81b5f6b2db24""}",1787758850.485174
66d8214d-ea71-4944-a944-14eee2d5ab87,4b7db4bd-a2f9-4185-a399-81b5f6b2db24,HUMAN,shown,badge_gif,silver,Silver,2026-08-26T15:40:50.313Z,2026-08-26T15:40:50.493134+00:00,"{""client_ts"": ""2026-08-26T15:40:50.313Z"", ""element_id"": ""silver"", ""element_label"": ""Silver"", ""element_type"": ""badge_gif"", ""event_name"": ""shown"", ""gif"": ""/static/trader_bridge_app/vue/assets/silver.gif"", ""trader_id"": ""4b7db4bd-a2f9-4185-a399-81b5f6b2db24""}",1787758850.504481
66d8214d-ea71-4944-a944-14eee2d5ab87,f654e6e3-b21f-449b-bd41-9854847b2241,HUMAN,shown,badge_unlock,bronze,Bronze,2026-08-26T15:41:02.211Z,2026-08-26T15:41:02.729304+00:00,"{""client_ts"": ""2026-08-26T15:41:02.211Z"", ""element_id"": ""bronze"", ""element_label"": ""Bronze"", ""element_type"": ""badge_unlock"", ""event_name"": ""shown"", ""total_trades_threshold"": 10, ""trader_id"": ""f654e6e3-b21f-449b-bd41-9854847b2241""}",1787758862.790694
66d8214d-ea71-4944-a944-14eee2d5ab87,f654e6e3-b21f-449b-bd41-9854847b2241,HUMAN,shown,badge_modal,bronze,Bronze,2026-08-26T15:41:02.211Z,2026-08-26T15:41:02.836654+00:00,"{""client_ts"": ""2026-08-26T15:41:02.211Z"", ""element_id"": ""bronze"", ""element_label"": ""Bronze"", ""element_type"": ""badge_modal"", ""event_name"": ""shown"", ""message"": ""Level up! Doing well"", ""total_trades"": 10, ""trader_id"": ""f654e6e3-b21f-449b-bd41-9854847b2241""}",1787758862.845562
66d8214d-ea71-4944-a944-14eee2d5ab87,f654e6e3-b21f-449b-bd41-9854847b2241,HUMAN,shown,badge_gif,bronze,Bronze,2026-08-26T15:41:02.211Z,2026-08-26T15:41:03.147314+00:00,"{""client_ts"": ""2026-08-26T15:41:02.211Z"", ""element_id"": ""bronze"", ""element_label"": ""Bronze"", ""element_type"": ""badge_gif"", ""event_name"": ""shown"", ""gif"": ""/static/trader_bridge_app/vue/assets/bronze.gif"", ""trader_id"": ""f654e6e3-b21f-449b-bd41-9854847b2241""}",1787758863.156592
66d8214d-ea71-4944-a944-14eee2d5ab87,4b7db4bd-a2f9-4185-a399-81b5f6b2db24,HUMAN,shown,trend_alert,down-streak,down-streak,2026-08-26T15:41:07.607Z,2026-08-26T15:41:07.756761+00:00,"{""client_ts"": ""2026-08-26T15:41:07.607Z"", ""element_id"": ""down-streak"", ""element_label"": ""down-streak"", ""element_type"": ""trend_alert"", ""event_name"": ""shown"", ""message"": ""Price went down 3 times in the last 5 ticks!"", ""trader_id"": ""4b7db4bd-a2f9-4185-a399-81b5f6b2db24""}",1787758867.766019
66d8214d-ea71-4944-a944-14eee2d5ab87,564c51aa-6f05-4854-8e31-2a8ad65f6a01,HUMAN,shown,badge_unlock,bronze,Bronze,2026-08-26T15:41:07.585Z,2026-08-26T15:41:07.770526+00:00,"{""client_ts"": ""2026-08-26T15:41:07.585Z"", ""element_id"": ""bronze"", ""element_label"": ""Bronze"", ""element_type"": ""badge_unlock"", ""event_name"": ""shown"", ""total_trades_threshold"": 10, ""trader_id"": ""564c51aa-6f05-4854-8e31-2a8ad65f6a01""}",1787758867.779034
66d8214d-ea71-4944-a944-14eee2d5ab87,e2cfe8dc-3467-4757-b294-75db19b49697,HUMAN,shown,trend_alert,down-streak,down-streak,2026-08-26T15:41:07.600Z,2026-08-26T15:41:07.783845+00:00,"{""client_ts"": ""2026-08-26T15:41:07.600Z"", ""element_id"": ""down-streak"", ""element_label"": ""down-streak"", ""element_type"": ""trend_alert"", ""event_name"": ""shown"", ""message"": ""Price went down 3 times in the last 5 ticks!"", ""trader_id"": ""e2cfe8dc-3467-4757-b294-75db19b49697""}",1787758867.795545
66d8214d-ea71-4944-a944-14eee2d5ab87,4c6fc42e-bd20-4398-b008-d07100fe2fcd,HUMAN,shown,trend_alert,down-streak,down-streak,2026-08-26T15:41:07.606Z,2026-08-26T15:41:07.801713+00:00,"{""client_ts"": ""2026-08-26T15:41:07.606Z"", ""element_id"": ""down-streak"", ""element_label"": ""down-streak"", ""element_type"": ""trend_alert"", ""event_name"": ""shown"", ""message"": ""Price went down 3 times in the last 5 ticks!"", ""trader_id"": ""4c6fc42e-bd20-4398-b008-d07100fe2fcd""}",1787758867.870245
66d8214d-ea71-4944-a944-14eee2d5ab87,564c51aa-6f05-4854-8e31-2a8ad65f6a01,HUMAN,shown,badge_modal,bronze,Bronze,2026-08-26T15:41:07.586Z,2026-08-26T15:41:07.881342+00:00,"{""client_ts"": ""2026-08-26T15:41:07.586Z"", ""element_id"": ""bronze"", ""element_label"": ""Bronze"", ""element_type"": ""badge_modal"", ""event_name"": ""shown"", ""message"": ""Level up! Doing well"", ""total_trades"": 10, ""trader_id"": ""564c51aa-6f05-4854-8e31-2a8ad65f6a01""}",1787758867.891054
66d8214d-ea71-4944-a944-14eee2d5ab87,564c51aa-6f05-4854-8e31-2a8ad65f6a01,HUMAN,shown,badge_gif,bronze,Bronze,2026-08-26T15:41:07.586Z,2026-08-26T15:41:07.903063+00:00,"{""client_ts"": ""2026-08-26T15:41:07.586Z"", ""element_id"": ""bronze"", ""element_label"": ""Bronze"", ""element_type"": ""badge_gif"", ""event_name"": ""shown"", ""gif"": ""/static/trader_bridge_app/vue/assets/bronze.gif"", ""trader_id"": ""564c51aa-6f05-4854-8e31-2a8ad65f6a01""}",1787758867.915265
66d8214d-ea71-4944-a944-14eee2d5ab87,564c51aa-6f05-4854-8e31-2a8ad65f6a01,HUMAN,shown,trend_alert,down-streak,down-streak,2026-08-26T15:41:07.624Z,2026-08-26T15:41:07.928546+00:00,"{""client_ts"": ""2026-08-26T15:41:07.624Z"", ""element_id"": ""down-streak"", ""element_label"": ""down-streak"", ""element_type"": ""trend_alert"", ""event_name"": ""shown"", ""message"": ""Price went down 3 times in the last 5 ticks!"", ""trader_id"": ""564c51aa-6f05-4854-8e31-2a8ad65f6a01""}",1787758867.938222
38fc97ee-cf72-47de-821d-ddf378545b9d,26a18016-0dcf-4699-87ea-55ab8f80a735,HUMAN,shown,trend_alert,down-streak,down-streak,2026-08-26T15:41:34.266Z,2026-08-26T15:41:34.318000+00:00,"{""client_ts"": ""2026-08-26T15:41:34.266Z"", ""element_id"": ""down-streak"", ""element_label"": ""down-streak"", ""element_type"": ""trend_alert"", ""event_name"": ""shown"", ""message"": ""Price went down 3 times in the last 5 ticks!"", ""trader_id"": ""26a18016-0dcf-4699-87ea-55ab8f80a735""}",1787758894.327142
38fc97ee-cf72-47de-821d-ddf378545b9d,48086672-43f6-4d68-a4e1-8a5c1c97ec41,HUMAN,shown,trend_alert,down-streak,down-streak,2026-08-26T15:41:34.262Z,2026-08-26T15:41:34.331535+00:00,"{""client_ts"": ""2026-08-26T15:41:34.262Z"", ""element_id"": ""down-streak"", ""element_label"": ""down-streak"", ""element_type"": ""trend_alert"", ""event_name"": ""shown"", ""message"": ""Price went down 3 times in the last 5 ticks!"", ""trader_id"": ""48086672-43f6-4d68-a4e1-8a5c1c97ec41""}",1787758894.340282
38fc97ee-cf72-47de-821d-ddf378545b9d,09b2b9ec-87b6-4d6d-ad61-35bf3276abf0,HUMAN,shown,trend_alert,down-streak,down-streak,2026-08-26T15:41:34.262Z,2026-08-26T15:41:34.348778+00:00,"{""client_ts"": ""2026-08-26T15:41:34.262Z"", ""element_id"": ""down-streak"", ""element_label"": ""down-streak"", ""element_type"": ""trend_alert"", ""event_name"": ""shown"", ""message"": ""Price went down 3 times in the last 5 ticks!"", ""trader_id"": ""09b2b9ec-87b6-4d6d-ad61-35bf3276abf0""}",1787758894.358506
38fc97ee-cf72-47de-821d-ddf378545b9d,dee68b3d-8813-4fed-8daf-730ab5766fbb,HUMAN,shown,trend_alert,down-streak,down-streak,2026-08-26T15:41:34.268Z,2026-08-26T15:41:34.362624+00:00,"{""client_ts"": ""2026-08-26T15:41:34.268Z"", ""element_id"": ""down-streak"", ""element_label"": ""down-streak"", ""element_type"": ""trend_alert"", ""event_name"": ""shown"", ""message"": ""Price went down 3 times in the last 5 ticks!"", ""trader_id"": ""dee68b3d-8813-4fed-8daf-730ab5766fbb""}",1787758894.371009
e90a0fe5-179b-47b4-aba7-ced55c86a91f,055e340d-f44b-4a3c-97cf-62cace8637d8,HUMAN,shown,badge_unlock,bronze,Bronze,2026-08-26T15:41:35.277Z,2026-08-26T15:41:35.332229+00:00,"{""client_ts"": ""2026-08-26T15:41:35.277Z"", ""element_id"": ""bronze"", ""element_label"": ""Bronze"", ""element_type"": ""badge_unlock"", ""event_name"": ""shown"", ""total_trades_threshold"": 10, ""trader_id"": ""055e340d-f44b-4a3c-97cf-62cace8637d8""}",1787758895.341491
e90a0fe5-179b-47b4-aba7-ced55c86a91f,055e340d-f44b-4a3c-97cf-62cace8637d8,HUMAN,shown,badge_modal,bronze,Bronze,2026-08-26T15:41:35.278Z,2026-08-26T15:41:35.346731+00:00,"{""client_ts"": ""2026-08-26T15:41:35.278Z"", ""element_id"": ""bronze"", ""element_label"": ""Bronze"", ""element_type"": ""badge_modal"", ""event_name"": ""shown"", ""message"": ""Level up! Doing well"", ""total_trades"": 10, ""trader_id"": ""055e340d-f44b-4a3c-97cf-62cace8637d8""}",1787758895.35688
e90a0fe5-179b-47b4-aba7-ced55c86a91f,055e340d-f44b-4a3c-97cf-62cace8637d8,HUMAN,shown,badge_gif,bronze,Bronze,2026-08-26T15:41:35.278Z,2026-08-26T15:41:35.364663+00:00,"{""client_ts"": ""2026-08-26T15:41:35.278Z"", ""element_id"": ""bronze"", ""element_label"": ""Bronze"", ""element_type"": ""badge_gif"", ""event_name"": ""shown"", ""gif"": ""/static/trader_bridge_app/vue/assets/bronze.gif"", ""trader_id"": ""055e340d-f44b-4a3c-97cf-62cace8637d8""}",1787758895.373276
13a25478-83c6-471d-a64d-0d75c4e11adb,6613c08f-7d15-4df2-9e05-d9d801895199,HUMAN,shown,trend_alert,up-streak,up-streak,2026-08-26T15:41:38.636Z,2026-08-26T15:41:38.694292+00:00,"{""client_ts"": ""2026-08-26T15:41:38.636Z"", ""element_id"": ""up-streak"", ""element_label"": ""up-streak"", ""element_type"": ""trend_alert"", ""event_name"": ""shown"", ""message"": ""Price went up 3 times in the last 4 ticks!"", ""trader_id"": ""6613c08f-7d15-4df2-9e05-d9d801895199""}",1787758898.704716
13a25478-83c6-471d-a64d-0d75c4e11adb,74960bfc-b857-4e17-81b2-34801a018a2d,HUMAN,shown,trend_alert,up-streak,up-streak,2026-08-26T15:41:38.640Z,2026-08-26T15:41:38.714233+00:00,"{""client_ts"": ""2026-08-26T15:41:38.640Z"", ""element_id"": ""up-streak"", ""element_label"": ""up-streak"", ""element_type"": ""trend_alert"", ""event_name"": ""shown"", ""message"": ""Price went up 3 times in the last 4 ticks!"", ""trader_id"": ""74960bfc-b857-4e17-81b2-34801a018a2d""}",1787758898.724902
13a25478-83c6-471d-a64d-0d75c4e11adb,aee72ae9-a0fb-48f7-bc54-0e539d7b0b83,HUMAN,shown,trend_alert,up-streak,up-streak,2026-08-26T15:41:38.645Z,2026-08-26T15:41:38.757430+00:00,"{""client_ts"": ""2026-08-26T15:41:38.645Z"", ""element_id"": ""up-streak"", ""element_label"": ""up-streak"", ""element_type"": ""trend_alert"", ""event_name"": ""shown"", ""message"": ""Price went up 3 times in the last 4 ticks!"", ""trader_id"": ""aee72ae9-a0fb-48f7-bc54-0e539d7b0b83""}",1787758898.767365
13a25478-83c6-471d-a64d-0d75c4e11adb,f4c8936d-ecda-4a28-b23d-5fc70cf70d43,HUMAN,shown,trend_alert,up-streak,up-streak,2026-08-26T15:41:38.644Z,2026-08-26T15:41:38.771655+00:00,"{""client_ts"": ""2026-08-26T15:41:38.644Z"", ""element_id"": ""up-streak"", ""element_label"": ""up-streak"", ""element_type"": ""trend_alert"", ""event_name"": ""shown"", ""message"": ""Price went up 3 times in the last 4 ticks!"", ""trader_id"": ""f4c8936d-ecda-4a28-b23d-5fc70cf70d43""}",1787758898.780724
13a25478-83c6-471d-a64d-0d75c4e11adb,8d3fc22e-5ee5-4ef8-a157-6c64a2f61079,HUMAN,shown,trend_alert,up-streak,up-streak,2026-08-26T15:41:38.641Z,2026-08-26T15:41:38.784945+00:00,"{""client_ts"": ""2026-08-26T15:41:38.641Z"", ""element_id"": ""up-streak"", ""element_label"": ""up-streak"", ""element_type"": ""trend_alert"", ""event_name"": ""shown"", ""message"": ""Price went up 3 times in the last 4 ticks!"", ""trader_id"": ""8d3fc22e-5ee5-4ef8-a157-6c64a2f61079""}",1787758898.793338
13a25478-83c6-471d-a64d-0d75c4e11adb,e268d505-bdba-4edd-96b5-8510b767a43a,HUMAN,shown,trend_alert,up-streak,up-streak,2026-08-26T15:41:38.637Z,2026-08-26T15:41:38.798858+00:00,"{""client_ts"": ""2026-08-26T15:41:38.637Z"", ""element_id"": ""up-streak"", ""element_label"": ""up-streak"", ""element_type"": ""trend_alert"", ""event_name"": ""shown"", ""message"": ""Price went up 3 times in the last 4 ticks!"", ""trader_id"": ""e268d505-bdba-4edd-96b5-8510b767a43a""}",1787758898.807219
66d8214d-ea71-4944-a944-14eee2d5ab87,f654e6e3-b21f-449b-bd41-9854847b2241,HUMAN,shown,badge_unlock,silver,Silver,2026-08-26T15:41:50.573Z,2026-08-26T15:41:50.722839+00:00,"{""client_ts"": ""2026-08-26T15:41:50.573Z"", ""element_id"": ""silver"", ""element_label"": ""Silver"", ""element_type"": ""badge_unlock"", ""event_name"": ""shown"", ""total_trades_threshold"": 15, ""trader_id"": ""f654e6e3-b21f-449b-bd41-9854847b2241""}",1787758910.733804
66d8214d-ea71-4944-a944-14eee2d5ab87,f654e6e3-b21f-449b-bd41-9854847b2241,HUMAN,shown,badge_modal,silver,Silver,2026-08-26T15:41:50.573Z,2026-08-26T15:41:50.757816+00:00,"{""client_ts"": ""2026-08-26T15:41:50.573Z"", ""element_id"": ""silver"", ""element_label"": ""Silver"", ""element_type"": ""badge_modal"", ""event_name"": ""shown"", ""message"": ""You belong on the trading floor!"", ""total_trades"": 15, ""trader_id"": ""f654e6e3-b21f-449b-bd41-9854847b2241""}",1787758910.7672
66d8214d-ea71-4944-a944-14eee2d5ab87,f654e6e3-b21f-449b-bd41-9854847b2241,HUMAN,shown,badge_gif,silver,Silver,2026-08-26T15:41:50.573Z,2026-08-26T15:41:50.787413+00:00,"{""client_ts"": ""2026-08-26T15:41:50.573Z"", ""element_id"": ""silver"", ""element_label"": ""Silver"", ""element_type"": ""badge_gif"", ""event_name"": ""shown"", ""gif"": ""/static/trader_bridge_app/vue/assets/silver.gif"", ""trader_id"": ""f654e6e3-b21f-449b-bd41-9854847b2241""}",1787758910.796378
66d8214d-ea71-4944-a944-14eee2d5ab87,413dda16-4256-434b-b9cd-1c11480c6824,HUMAN,shown,badge_unlock,silver,Silver,2026-08-26T15:41:50.676Z,2026-08-26T15:41:50.803745+00:00,"{""client_ts"": ""2026-08-26T15:41:50.676Z"", ""element_id"": ""silver"", ""element_label"": ""Silver"", ""element_type"": ""badge_unlock"", ""event_name"": ""shown"", ""total_trades_threshold"": 15, ""trader_id"": ""413dda16-4256-434b-b9cd-1c11480c6824""}",1787758910.812617
66d8214d-ea71-4944-a944-14eee2d5ab87,413dda16-4256-434b-b9cd-1c11480c6824,HUMAN,shown,badge_modal,silver,Silver,2026-08-26T15:41:50.676Z,2026-08-26T15:41:50.819762+00:00,"{""client_ts"": ""2026-08-26T15:41:50.676Z"", ""element_id"": ""silver"", ""element_label"": ""Silver"", ""element_type"": ""badge_modal"", ""event_name"": ""shown"", ""message"": ""You belong on the trading floor!"", ""total_trades"": 15, ""trader_id"": ""413dda16-4256-434b-b9cd-1c11480c6824""}",1787758910.828733
66d8214d-ea71-4944-a944-14eee2d5ab87,413dda16-4256-434b-b9cd-1c11480c6824,HUMAN,shown,badge_gif,silver,Silver,2026-08-26T15:41:50.676Z,2026-08-26T15:41:50.889658+00:00,"{""client_ts"": ""2026-08-26T15:41:50.676Z"", ""element_id"": ""silver"", ""element_label"": ""Silver"", ""element_type"": ""badge_gif"", ""event_name"": ""shown"", ""gif"": ""/static/trader_bridge_app/vue/assets/silver.gif"", ""trader_id"": ""413dda16-4256-434b-b9cd-1c11480c6824""}",1787758910.898841
66d8214d-ea71-4944-a944-14eee2d5ab87,564c51aa-6f05-4854-8e31-2a8ad65f6a01,HUMAN,shown,badge_unlock,silver,Silver,2026-08-26T15:42:23.818Z,2026-08-26T15:42:23.874642+00:00,"{""client_ts"": ""2026-08-26T15:42:23.818Z"", ""element_id"": ""silver"", ""element_label"": ""Silver"", ""element_type"": ""badge_unlock"", ""event_name"": ""shown"", ""total_trades_threshold"": 15, ""trader_id"": ""564c51aa-6f05-4854-8e31-2a8ad65f6a01""}",1787758943.885404
66d8214d-ea71-4944-a944-14eee2d5ab87,564c51aa-6f05-4854-8e31-2a8ad65f6a01,HUMAN,shown,badge_modal,silver,Silver,2026-08-26T15:42:23.818Z,2026-08-26T15:42:23.890586+00:00,"{""client_ts"": ""2026-08-26T15:42:23.818Z"", ""element_id"": ""silver"", ""element_label"": ""Silver"", ""element_type"": ""badge_modal"", ""event_name"": ""shown"", ""message"": ""You belong on the trading floor!"", ""total_trades"": 15, ""trader_id"": ""564c51aa-6f05-4854-8e31-2a8ad65f6a01""}",1787758943.899192
66d8214d-ea71-4944-a944-14eee2d5ab87,564c51aa-6f05-4854-8e31-2a8ad65f6a01,HUMAN,shown,badge_gif,silver,Silver,2026-08-26T15:42:23.819Z,2026-08-26T15:42:23.904038+00:00,"{""client_ts"": ""2026-08-26T15:42:23.819Z"", ""element_id"": ""silver"", ""element_label"": ""Silver"", ""element_type"": ""badge_gif"", ""event_name"": ""shown"", ""gif"": ""/static/trader_bridge_app/vue/assets/silver.gif"", ""trader_id"": ""564c51aa-6f05-4854-8e31-2a8ad65f6a01""}",1787758943.914146
66d8214d-ea71-4944-a944-14eee2d5ab87,413dda16-4256-434b-b9cd-1c11480c6824,HUMAN,shown,trend_alert,down-streak,down-streak,2026-08-26T15:42:26.286Z,2026-08-26T15:42:26.365064+00:00,"{""client_ts"": ""2026-08-26T15:42:26.286Z"", ""element_id"": ""down-streak"", ""element_label"": ""down-streak"", ""element_type"": ""trend_alert"", ""event_name"": ""shown"", ""message"": ""Price went down 3 times in the last 5 ticks!"", ""trader_id"": ""413dda16-4256-434b-b9cd-1c11480c6824""}",1787758946.375343
66d8214d-ea71-4944-a944-14eee2d5ab87,f654e6e3-b21f-449b-bd41-9854847b2241,HUMAN,shown,trend_alert,down-streak,down-streak,2026-08-26T15:42:26.310Z,2026-08-26T15:42:26.383889+00:00,"{""client_ts"": ""2026-08-26T15:42:26.310Z"", ""element_id"": ""down-streak"", ""element_label"": ""down-streak"", ""element_type"": ""trend_alert"", ""event_name"": ""shown"", ""message"": ""Price went down 3 times in the last 5 ticks!"", ""trader_id"": ""f654e6e3-b21f-449b-bd41-9854847b2241""}",1787758946.392371
66d8214d-ea71-4944-a944-14eee2d5ab87,4b7db4bd-a2f9-4185-a399-81b5f6b2db24,HUMAN,shown,trend_alert,down-streak,down-streak,2026-08-26T15:42:26.316Z,2026-08-26T15:42:26.397838+00:00,"{""client_ts"": ""2026-08-26T15:42:26.316Z"", ""element_id"": ""down-streak"", ""element_label"": ""down-streak"", ""element_type"": ""trend_alert"", ""event_name"": ""shown"", ""message"": ""Price went down 3 times in the last 5 ticks!"", ""trader_id"": ""4b7db4bd-a2f9-4185-a399-81b5f6b2db24""}",1787758946.409138
66d8214d-ea71-4944-a944-14eee2d5ab87,564c51aa-6f05-4854-8e31-2a8ad65f6a01,HUMAN,shown,trend_alert,down-streak,down-streak,2026-08-26T15:42:26.317Z,2026-08-26T15:42:26.413177+00:00,"{""client_ts"": ""2026-08-26T15:42:26.317Z"", ""element_id"": ""down-streak"", ""element_label"": ""down-streak"", ""element_type"": ""trend_alert"", ""event_name"": ""shown"", ""message"": ""Price went down 3 times in the last 5 ticks!"", ""trader_id"": ""564c51aa-6f05-4854-8e31-2a8ad65f6a01""}",1787758946.422139
66d8214d-ea71-4944-a944-14eee2d5ab87,e2cfe8dc-3467-4757-b294-75db19b49697,HUMAN,shown,trend_alert,down-streak,down-streak,2026-08-26T15:42:26.311Z,2026-08-26T15:42:26.426174+00:00,"{""client_ts"": ""2026-08-26T15:42:26.311Z"", ""element_id"": ""down-streak"", ""element_label"": ""down-streak"", ""element_type"": ""trend_alert"", ""event_name"": ""shown"", ""message"": ""Price went down 3 times in the last 5 ticks!"", ""trader_id"": ""e2cfe8dc-3467-4757-b294-75db19b49697""}",1787758946.435319
66d8214d-ea71-4944-a944-14eee2d5ab87,4c6fc42e-bd20-4398-b008-d07100fe2fcd,HUMAN,shown,trend_alert,down-streak,down-streak,2026-08-26T15:42:26.314Z,2026-08-26T15:42:26.442522+00:00,"{""client_ts"": ""2026-08-26T15:42:26.314Z"", ""element_id"": ""down-streak"", ""element_label"": ""down-streak"", ""element_type"": ""trend_alert"", ""event_name"": ""shown"", ""message"": ""Price went down 3 times in the last 5 ticks!"", ""trader_id"": ""4c6fc42e-bd20-4398-b008-d07100fe2fcd""}",1787758946.451909
66d8214d-ea71-4944-a944-14eee2d5ab87,4c6fc42e-bd20-4398-b008-d07100fe2fcd,HUMAN,shown,badge_unlock,bronze,Bronze,2026-08-26T15:42:28.073Z,2026-08-26T15:42:28.128646+00:00,"{""client_ts"": ""2026-08-26T15:42:28.073Z"", ""element_id"": ""bronze"", ""element_label"": ""Bronze"", ""element_type"": ""badge_unlock"", ""event_name"": ""shown"", ""total_trades_threshold"": 10, ""trader_id"": ""4c6fc42e-bd20-4398-b008-d07100fe2fcd""}",1787758948.15101
66d8214d-ea71-4944-a944-14eee2d5ab87,4c6fc42e-bd20-4398-b008-d07100fe2fcd,HUMAN,shown,badge_modal,bronze,Bronze,2026-08-26T15:42:28.073Z,2026-08-26T15:42:28.156131+00:00,"{""client_ts"": ""2026-08-26T15:42:28.073Z"", ""element_id"": ""bronze"", ""element_label"": ""Bronze"", ""element_type"": ""badge_modal"", ""event_name"": ""shown"", ""message"": ""Level up! Doing well"", ""total_trades"": 10, ""trader_id"": ""4c6fc42e-bd20-4398-b008-d07100fe2fcd""}",1787758948.1643
66d8214d-ea71-4944-a944-14eee2d5ab87,4c6fc42e-bd20-4398-b008-d07100fe2fcd,HUMAN,shown,badge_gif,bronze,Bronze,2026-08-26T15:42:28.073Z,2026-08-26T15:42:28.168757+00:00,"{""client_ts"": ""2026-08-26T15:42:28.073Z"", ""element_id"": ""bronze"", ""element_label"": ""Bronze"", ""element_type"": ""badge_gif"", ""event_name"": ""shown"", ""gif"": ""/static/trader_bridge_app/vue/assets/bronze.gif"", ""trader_id"": ""4c6fc42e-bd20-4398-b008-d07100fe2fcd""}",1787758948.178724
66d8214d-ea71-4944-a944-14eee2d5ab87,f654e6e3-b21f-449b-bd41-9854847b2241,HUMAN,shown,trend_alert,up-streak,up-streak,2026-08-26T15:43:28.957Z,2026-08-26T15:43:29.019641+00:00,"{""client_ts"": ""2026-08-26T15:43:28.957Z"", ""element_id"": ""up-streak"", ""element_label"": ""up-streak"", ""element_type"": ""trend_alert"", ""event_name"": ""shown"", ""message"": ""Price went up 3 times in the last 5 ticks!"", ""trader_id"": ""f654e6e3-b21f-449b-bd41-9854847b2241""}",1787759009.030443
66d8214d-ea71-4944-a944-14eee2d5ab87,413dda16-4256-434b-b9cd-1c11480c6824,HUMAN,shown,trend_alert,up-streak,up-streak,2026-08-26T15:43:28.940Z,2026-08-26T15:43:29.034477+00:00,"{""client_ts"": ""2026-08-26T15:43:28.940Z"", ""element_id"": ""up-streak"", ""element_label"": ""up-streak"", ""element_type"": ""trend_alert"", ""event_name"": ""shown"", ""message"": ""Price went up 3 times in the last 5 ticks!"", ""trader_id"": ""413dda16-4256-434b-b9cd-1c11480c6824""}",1787759009.0429
66d8214d-ea71-4944-a944-14eee2d5ab87,4c6fc42e-bd20-4398-b008-d07100fe2fcd,HUMAN,shown,trend_alert,up-streak,up-streak,2026-08-26T15:43:28.963Z,2026-08-26T15:43:29.047933+00:00,"{""client_ts"": ""2026-08-26T15:43:28.963Z"", ""element_id"": ""up-streak"", ""element_label"": ""up-streak"", ""element_type"": ""trend_alert"", ""event_name"": ""shown"", ""message"": ""Price went up 3 times in the last 5 ticks!"", ""trader_id"": ""4c6fc42e-bd20-4398-b008-d07100fe2fcd""}",1787759009.056348
66d8214d-ea71-4944-a944-14eee2d5ab87,564c51aa-6f05-4854-8e31-2a8ad65f6a01,HUMAN,shown,trend_alert,up-streak,up-streak,2026-08-26T15:43:28.968Z,2026-08-26T15:43:29.059989+00:00,"{""client_ts"": ""2026-08-26T15:43:28.968Z"", ""element_id"": ""up-streak"", ""element_label"": ""up-streak"", ""element_type"": ""trend_alert"", ""event_name"": ""shown"", ""message"": ""Price went up 3 times in the last 5 ticks!"", ""trader_id"": ""564c51aa-6f05-4854-8e31-2a8ad65f6a01""}",1787759009.070664
66d8214d-ea71-4944-a944-14eee2d5ab87,e2cfe8dc-3467-4757-b294-75db19b49697,HUMAN,shown,trend_alert,up-streak,up-streak,2026-08-26T15:43:28.964Z,2026-08-26T15:43:29.075560+00:00,"{""client_ts"": ""2026-08-26T15:43:28.964Z"", ""element_id"": ""up-streak"", ""element_label"": ""up-streak"", ""element_type"": ""trend_alert"", ""event_name"": ""shown"", ""message"": ""Price went up 3 times in the last 5 ticks!"", ""trader_id"": ""e2cfe8dc-3467-4757-b294-75db19b49697""}",1787759009.084207
66d8214d-ea71-4944-a944-14eee2d5ab87,4b7db4bd-a2f9-4185-a399-81b5f6b2db24,HUMAN,shown,trend_alert,up-streak,up-streak,2026-08-26T15:43:28.969Z,2026-08-26T15:43:29.091317+00:00,"{""client_ts"": ""2026-08-26T15:43:28.969Z"", ""element_id"": ""up-streak"", ""element_label"": ""up-streak"", ""element_type"": ""trend_alert"", ""event_name"": ""shown"", ""message"": ""Price went up 3 times in the last 5 ticks!"", ""trader_id"": ""4b7db4bd-a2f9-4185-a399-81b5f6b2db24""}",1787759009.099751
e90a0fe5-179b-47b4-aba7-ced55c86a91f,8f7e8395-bd15-48ff-b0ae-0ad0691bacb7,HUMAN,shown,badge_unlock,bronze,Bronze,2026-08-26T15:43:48.450Z,2026-08-26T15:43:48.540002+00:00,"{""client_ts"": ""2026-08-26T15:43:48.450Z"", ""element_id"": ""bronze"", ""element_label"": ""Bronze"", ""element_type"": ""badge_unlock"", ""event_name"": ""shown"", ""total_trades_threshold"": 10, ""trader_id"": ""8f7e8395-bd15-48ff-b0ae-0ad0691bacb7""}",1787759028.54883
e90a0fe5-179b-47b4-aba7-ced55c86a91f,8f7e8395-bd15-48ff-b0ae-0ad0691bacb7,HUMAN,shown,badge_modal,bronze,Bronze,2026-08-26T15:43:48.450Z,2026-08-26T15:43:48.562721+00:00,"{""client_ts"": ""2026-08-26T15:43:48.450Z"", ""element_id"": ""bronze"", ""element_label"": ""Bronze"", ""element_type"": ""badge_modal"", ""event_name"": ""shown"", ""message"": ""Level up! Doing well"", ""total_trades"": 10, ""trader_id"": ""8f7e8395-bd15-48ff-b0ae-0ad0691bacb7""}",1787759028.57348
e90a0fe5-179b-47b4-aba7-ced55c86a91f,8f7e8395-bd15-48ff-b0ae-0ad0691bacb7,HUMAN,shown,badge_gif,bronze,Bronze,2026-08-26T15:43:48.450Z,2026-08-26T15:43:48.587042+00:00,"{""client_ts"": ""2026-08-26T15:43:48.450Z"", ""element_id"": ""bronze"", ""element_label"": ""Bronze"", ""element_type"": ""badge_gif"", ""event_name"": ""shown"", ""gif"": ""/static/trader_bridge_app/vue/assets/bronze.gif"", ""trader_id"": ""8f7e8395-bd15-48ff-b0ae-0ad0691bacb7""}",1787759028.615932
66d8214d-ea71-4944-a944-14eee2d5ab87,f654e6e3-b21f-449b-bd41-9854847b2241,HUMAN,shown,trend_alert,up-streak,up-streak,2026-08-26T15:44:42.917Z,2026-08-26T15:44:42.992778+00:00,"{""client_ts"": ""2026-08-26T15:44:42.917Z"", ""element_id"": ""up-streak"", ""element_label"": ""up-streak"", ""element_type"": ""trend_alert"", ""event_name"": ""shown"", ""message"": ""Price went up 3 times in the last 5 ticks!"", ""trader_id"": ""f654e6e3-b21f-449b-bd41-9854847b2241""}",1787759083.003439
66d8214d-ea71-4944-a944-14eee2d5ab87,4c6fc42e-bd20-4398-b008-d07100fe2fcd,HUMAN,shown,trend_alert,up-streak,up-streak,2026-08-26T15:44:42.919Z,2026-08-26T15:44:43.007780+00:00,"{""client_ts"": ""2026-08-26T15:44:42.919Z"", ""element_id"": ""up-streak"", ""element_label"": ""up-streak"", ""element_type"": ""trend_alert"", ""event_name"": ""shown"", ""message"": ""Price went up 3 times in the last 5 ticks!"", ""trader_id"": ""4c6fc42e-bd20-4398-b008-d07100fe2fcd""}",1787759083.0171
66d8214d-ea71-4944-a944-14eee2d5ab87,4b7db4bd-a2f9-4185-a399-81b5f6b2db24,HUMAN,shown,trend_alert,up-streak,up-streak,2026-08-26T15:44:42.922Z,2026-08-26T15:44:43.020961+00:00,"{""client_ts"": ""2026-08-26T15:44:42.922Z"", ""element_id"": ""up-streak"", ""element_label"": ""up-streak"", ""element_type"": ""trend_alert"", ""event_name"": ""shown"", ""message"": ""Price went up 3 times in the last 5 ticks!"", ""trader_id"": ""4b7db4bd-a2f9-4185-a399-81b5f6b2db24""}",1787759083.029242
66d8214d-ea71-4944-a944-14eee2d5ab87,413dda16-4256-434b-b9cd-1c11480c6824,HUMAN,shown,trend_alert,up-streak,up-streak,2026-08-26T15:44:42.898Z,2026-08-26T15:44:43.034245+00:00,"{""client_ts"": ""2026-08-26T15:44:42.898Z"", ""element_id"": ""up-streak"", ""element_label"": ""up-streak"", ""element_type"": ""trend_alert"", ""event_name"": ""shown"", ""message"": ""Price went up 3 times in the last 5 ticks!"", ""trader_id"": ""413dda16-4256-434b-b9cd-1c11480c6824""}",1787759083.044559
66d8214d-ea71-4944-a944-14eee2d5ab87,e2cfe8dc-3467-4757-b294-75db19b49697,HUMAN,shown,trend_alert,up-streak,up-streak,2026-08-26T15:44:42.925Z,2026-08-26T15:44:43.048959+00:00,"{""client_ts"": ""2026-08-26T15:44:42.925Z"", ""element_id"": ""up-streak"", ""element_label"": ""up-streak"", ""element_type"": ""trend_alert"", ""event_name"": ""shown"", ""message"": ""Price went up 3 times in the last 5 ticks!"", ""trader_id"": ""e2cfe8dc-3467-4757-b294-75db19b49697""}",1787759083.059458
66d8214d-ea71-4944-a944-14eee2d5ab87,564c51aa-6f05-4854-8e31-2a8ad65f6a01,HUMAN,shown,trend_alert,up-streak,up-streak,2026-08-26T15:44:42.929Z,2026-08-26T15:44:43.067507+00:00,"{""client_ts"": ""2026-08-26T15:44:42.929Z"", ""element_id"": ""up-streak"", ""element_label"": ""up-streak"", ""element_type"": ""trend_alert"", ""event_name"": ""shown"", ""message"": ""Price went up 3 times in the last 5 ticks!"", ""trader_id"": ""564c51aa-6f05-4854-8e31-2a8ad65f6a01""}",1787759083.078093
66d8214d-ea71-4944-a944-14eee2d5ab87,f654e6e3-b21f-449b-bd41-9854847b2241,HUMAN,shown,trend_alert,down-streak,down-streak,2026-08-26T15:45:06.333Z,2026-08-26T15:45:06.392634+00:00,"{""client_ts"": ""2026-08-26T15:45:06.333Z"", ""element_id"": ""down-streak"", ""element_label"": ""down-streak"", ""element_type"": ""trend_alert"", ""event_name"": ""shown"", ""message"": ""Price went down 3 times in the last 5 ticks!"", ""trader_id"": ""f654e6e3-b21f-449b-bd41-9854847b2241""}",1787759106.405139
66d8214d-ea71-4944-a944-14eee2d5ab87,413dda16-4256-434b-b9cd-1c11480c6824,HUMAN,shown,trend_alert,down-streak,down-streak,2026-08-26T15:45:06.311Z,2026-08-26T15:45:06.409918+00:00,"{""client_ts"": ""2026-08-26T15:45:06.311Z"", ""element_id"": ""down-streak"", ""element_label"": ""down-streak"", ""element_type"": ""trend_alert"", ""event_name"": ""shown"", ""message"": ""Price went down 3 times in the last 5 ticks!"", ""trader_id"": ""413dda16-4256-434b-b9cd-1c11480c6824""}",1787759106.421562
66d8214d-ea71-4944-a944-14eee2d5ab87,4c6fc42e-bd20-4398-b008-d07100fe2fcd,HUMAN,shown,trend_alert,down-streak,down-streak,2026-08-26T15:45:06.333Z,2026-08-26T15:45:06.427803+00:00,"{""client_ts"": ""2026-08-26T15:45:06.333Z"", ""element_id"": ""down-streak"", ""element_label"": ""down-streak"", ""element_type"": ""trend_alert"", ""event_name"": ""shown"", ""message"": ""Price went down 3 times in the last 5 ticks!"", ""trader_id"": ""4c6fc42e-bd20-4398-b008-d07100fe2fcd""}",1787759106.437162
66d8214d-ea71-4944-a944-14eee2d5ab87,564c51aa-6f05-4854-8e31-2a8ad65f6a01,HUMAN,shown,trend_alert,down-streak,down-streak,2026-08-26T15:45:06.340Z,2026-08-26T15:45:06.443629+00:00,"{""client_ts"": ""2026-08-26T15:45:06.340Z"", ""element_id"": ""down-streak"", ""element_label"": ""down-streak"", ""element_type"": ""trend_alert"", ""event_name"": ""shown"", ""message"": ""Price went down 3 times in the last 5 ticks!"", ""trader_id"": ""564c51aa-6f05-4854-8e31-2a8ad65f6a01""}",1787759106.453124
66d8214d-ea71-4944-a944-14eee2d5ab87,4b7db4bd-a2f9-4185-a399-81b5f6b2db24,HUMAN,shown,trend_alert,down-streak,down-streak,2026-08-26T15:45:06.353Z,2026-08-26T15:45:06.458129+00:00,"{""client_ts"": ""2026-08-26T15:45:06.353Z"", ""element_id"": ""down-streak"", ""element_label"": ""down-streak"", ""element_type"": ""trend_alert"", ""event_name"": ""shown"", ""message"": ""Price went down 3 times in the last 5 ticks!"", ""trader_id"": ""4b7db4bd-a2f9-4185-a399-81b5f6b2db24""}",1787759106.466911
66d8214d-ea71-4944-a944-14eee2d5ab87,e2cfe8dc-3467-4757-b294-75db19b49697,HUMAN,shown,trend_alert,down-streak,down-streak,2026-08-26T15:45:06.355Z,2026-08-26T15:45:06.471162+00:00,"{""client_ts"": ""2026-08-26T15:45:06.355Z"", ""element_id"": ""down-streak"", ""element_label"": ""down-streak"", ""element_type"": ""trend_alert"", ""event_name"": ""shown"", ""message"": ""Price went down 3 times in the last 5 ticks!"", ""trader_id"": ""e2cfe8dc-3467-4757-b294-75db19b49697""}",1787759106.481141
66d8214d-ea71-4944-a944-14eee2d5ab87,4b7db4bd-a2f9-4185-a399-81b5f6b2db24,HUMAN,shown,badge_unlock,gold,Gold,2026-08-26T15:45:09.778Z,2026-08-26T15:45:09.836070+00:00,"{""client_ts"": ""2026-08-26T15:45:09.778Z"", ""element_id"": ""gold"", ""element_label"": ""Gold"", ""element_type"": ""badge_unlock"", ""event_name"": ""shown"", ""total_trades_threshold"": 35, ""trader_id"": ""4b7db4bd-a2f9-4185-a399-81b5f6b2db24""}",1787759109.8505
66d8214d-ea71-4944-a944-14eee2d5ab87,4b7db4bd-a2f9-4185-a399-81b5f6b2db24,HUMAN,shown,badge_modal,gold,Gold,2026-08-26T15:45:09.778Z,2026-08-26T15:45:09.872006+00:00,"{""client_ts"": ""2026-08-26T15:45:09.778Z"", ""element_id"": ""gold"", ""element_label"": ""Gold"", ""element_type"": ""badge_modal"", ""event_name"": ""shown"", ""message"": ""You are the money maker!"", ""total_trades"": 35, ""trader_id"": ""4b7db4bd-a2f9-4185-a399-81b5f6b2db24""}",1787759109.911318
66d8214d-ea71-4944-a944-14eee2d5ab87,4b7db4bd-a2f9-4185-a399-81b5f6b2db24,HUMAN,shown,badge_gif,gold,Gold,2026-08-26T15:45:09.779Z,2026-08-26T15:45:09.919767+00:00,"{""client_ts"": ""2026-08-26T15:45:09.779Z"", ""element_id"": ""gold"", ""element_label"": ""Gold"", ""element_type"": ""badge_gif"", ""event_name"": ""shown"", ""gif"": ""/static/trader_bridge_app/vue/assets/gold.gif"", ""trader_id"": ""4b7db4bd-a2f9-4185-a399-81b5f6b2db24""}",1787759109.929079
d84db754-0a40-4c5c-b065-d3efaa924d48,3a7b1198-cd61-4154-9cd3-a8c1236ab578,HUMAN,shown,badge_unlock,bronze,Bronze,2026-08-26T15:53:22.383Z,2026-08-26T15:53:22.467020+00:00,"{""client_ts"": ""2026-08-26T15:53:22.383Z"", ""element_id"": ""bronze"", ""element_label"": ""Bronze"", ""element_type"": ""badge_unlock"", ""event_name"": ""shown"", ""total_trades_threshold"": 10, ""trader_id"": ""3a7b1198-cd61-4154-9cd3-a8c1236ab578""}",1787759602.477285
d84db754-0a40-4c5c-b065-d3efaa924d48,58026e85-c0b4-4692-96b7-f66f0fac2399,HUMAN,shown,badge_unlock,bronze,Bronze,2026-08-26T15:53:22.392Z,2026-08-26T15:53:22.513015+00:00,"{""client_ts"": ""2026-08-26T15:53:22.392Z"", ""element_id"": ""bronze"", ""element_label"": ""Bronze"", ""element_type"": ""badge_unlock"", ""event_name"": ""shown"", ""total_trades_threshold"": 10, ""trader_id"": ""58026e85-c0b4-4692-96b7-f66f0fac2399""}",1787759602.524527
d84db754-0a40-4c5c-b065-d3efaa924d48,3a7b1198-cd61-4154-9cd3-a8c1236ab578,HUMAN,shown,badge_modal,bronze,Bronze,2026-08-26T15:53:22.384Z,2026-08-26T15:53:22.531369+00:00,"{""client_ts"": ""2026-08-26T15:53:22.384Z"", ""element_id"": ""bronze"", ""element_label"": ""Bronze"", ""element_type"": ""badge_modal"", ""event_name"": ""shown"", ""message"": ""Level up! Doing well"", ""total_trades"": 10, ""trader_id"": ""3a7b1198-cd61-4154-9cd3-a8c1236ab578""}",1787759602.545679
d84db754-0a40-4c5c-b065-d3efaa924d48,58026e85-c0b4-4692-96b7-f66f0fac2399,HUMAN,shown,badge_modal,bronze,Bronze,2026-08-26T15:53:22.392Z,2026-08-26T15:53:22.551207+00:00,"{""client_ts"": ""2026-08-26T15:53:22.392Z"", ""element_id"": ""bronze"", ""element_label"": ""Bronze"", ""element_type"": ""badge_modal"", ""event_name"": ""shown"", ""message"": ""Level up! Doing well"", ""total_trades"": 10, ""trader_id"": ""58026e85-c0b4-4692-96b7-f66f0fac2399""}",1787759602.564521
d84db754-0a40-4c5c-b065-d3efaa924d48,3a7b1198-cd61-4154-9cd3-a8c1236ab578,HUMAN,shown,badge_gif,bronze,Bronze,2026-08-26T15:53:22.384Z,2026-08-26T15:53:22.577689+00:00,"{""client_ts"": ""2026-08-26T15:53:22.384Z"", ""element_id"": ""bronze"", ""element_label"": ""Bronze"", ""element_type"": ""badge_gif"", ""event_name"": ""shown"", ""gif"": ""/static/trader_bridge_app/vue/assets/bronze.gif"", ""trader_id"": ""3a7b1198-cd61-4154-9cd3-a8c1236ab578""}",1787759602.591672
d84db754-0a40-4c5c-b065-d3efaa924d48,58026e85-c0b4-4692-96b7-f66f0fac2399,HUMAN,shown,badge_gif,bronze,Bronze,2026-08-26T15:53:22.393Z,2026-08-26T15:53:22.596066+00:00,"{""client_ts"": ""2026-08-26T15:53:22.393Z"", ""element_id"": ""bronze"", ""element_label"": ""Bronze"", ""element_type"": ""badge_gif"", ""event_name"": ""shown"", ""gif"": ""/static/trader_bridge_app/vue/assets/bronze.gif"", ""trader_id"": ""58026e85-c0b4-4692-96b7-f66f0fac2399""}",1787759602.605232
d84db754-0a40-4c5c-b065-d3efaa924d48,3a7b1198-cd61-4154-9cd3-a8c1236ab578,HUMAN,shown,badge_unlock,silver,Silver,2026-08-26T15:53:53.178Z,2026-08-26T15:53:53.232586+00:00,"{""client_ts"": ""2026-08-26T15:53:53.178Z"", ""element_id"": ""silver"", ""element_label"": ""Silver"", ""element_type"": ""badge_unlock"", ""event_name"": ""shown"", ""total_trades_threshold"": 15, ""trader_id"": ""3a7b1198-cd61-4154-9cd3-a8c1236ab578""}",1787759633.242198
d84db754-0a40-4c5c-b065-d3efaa924d48,3a7b1198-cd61-4154-9cd3-a8c1236ab578,HUMAN,shown,badge_modal,silver,Silver,2026-08-26T15:53:53.178Z,2026-08-26T15:53:53.250963+00:00,"{""client_ts"": ""2026-08-26T15:53:53.178Z"", ""element_id"": ""silver"", ""element_label"": ""Silver"", ""element_type"": ""badge_modal"", ""event_name"": ""shown"", ""message"": ""You belong on the trading floor!"", ""total_trades"": 15, ""trader_id"": ""3a7b1198-cd61-4154-9cd3-a8c1236ab578""}",1787759633.260767
d84db754-0a40-4c5c-b065-d3efaa924d48,3a7b1198-cd61-4154-9cd3-a8c1236ab578,HUMAN,shown,badge_gif,silver,Silver,2026-08-26T15:53:53.178Z,2026-08-26T15:53:53.268515+00:00,"{""client_ts"": ""2026-08-26T15:53:53.178Z"", ""element_id"": ""silver"", ""element_label"": ""Silver"", ""element_type"": ""badge_gif"", ""event_name"": ""shown"", ""gif"": ""/static/trader_bridge_app/vue/assets/silver.gif"", ""trader_id"": ""3a7b1198-cd61-4154-9cd3-a8c1236ab578""}",1787759633.278028
da116b07-608f-4a84-9766-b8550d7af165,939e5b13-bf63-40f1-a1f9-54138105326b,HUMAN,shown,trend_alert,up-streak,up-streak,2026-08-26T15:54:54.481Z,2026-08-26T15:54:54.577124+00:00,"{""client_ts"": ""2026-08-26T15:54:54.481Z"", ""element_id"": ""up-streak"", ""element_label"": ""up-streak"", ""element_type"": ""trend_alert"", ""event_name"": ""shown"", ""message"": ""Price went up 3 times in the last 3 ticks!"", ""trader_id"": ""939e5b13-bf63-40f1-a1f9-54138105326b""}",1787759694.58669
da116b07-608f-4a84-9766-b8550d7af165,feba2a35-a7d5-47db-b8d2-140c7041d93f,HUMAN,shown,trend_alert,up-streak,up-streak,2026-08-26T15:54:54.485Z,2026-08-26T15:54:54.590950+00:00,"{""client_ts"": ""2026-08-26T15:54:54.485Z"", ""element_id"": ""up-streak"", ""element_label"": ""up-streak"", ""element_type"": ""trend_alert"", ""event_name"": ""shown"", ""message"": ""Price went up 3 times in the last 3 ticks!"", ""trader_id"": ""feba2a35-a7d5-47db-b8d2-140c7041d93f""}",1787759694.59941
da116b07-608f-4a84-9766-b8550d7af165,fc9adb1c-ca3b-44b5-9f27-a6bc385ce39d,HUMAN,shown,trend_alert,up-streak,up-streak,2026-08-26T15:54:54.485Z,2026-08-26T15:54:54.604793+00:00,"{""client_ts"": ""2026-08-26T15:54:54.485Z"", ""element_id"": ""up-streak"", ""element_label"": ""up-streak"", ""element_type"": ""trend_alert"", ""event_name"": ""shown"", ""message"": ""Price went up 3 times in the last 3 ticks!"", ""trader_id"": ""fc9adb1c-ca3b-44b5-9f27-a6bc385ce39d""}",1787759694.628325
da116b07-608f-4a84-9766-b8550d7af165,7d816f0b-d522-4462-9eb3-850956087763,HUMAN,shown,trend_alert,up-streak,up-streak,2026-08-26T15:54:54.490Z,2026-08-26T15:54:54.634695+00:00,"{""client_ts"": ""2026-08-26T15:54:54.490Z"", ""element_id"": ""up-streak"", ""element_label"": ""up-streak"", ""element_type"": ""trend_alert"", ""event_name"": ""shown"", ""message"": ""Price went up 3 times in the last 3 ticks!"", ""trader_id"": ""7d816f0b-d522-4462-9eb3-850956087763""}",1787759694.647543
da116b07-608f-4a84-9766-b8550d7af165,9102c4ee-b9d9-4b38-a3f8-84702452520c,HUMAN,shown,trend_alert,up-streak,up-streak,2026-08-26T15:54:54.496Z,2026-08-26T15:54:54.651659+00:00,"{""client_ts"": ""2026-08-26T15:54:54.496Z"", ""element_id"": ""up-streak"", ""element_label"": ""up-streak"", ""element_type"": ""trend_alert"", ""event_name"": ""shown"", ""message"": ""Price went up 3 times in the last 3 ticks!"", ""trader_id"": ""9102c4ee-b9d9-4b38-a3f8-84702452520c""}",1787759694.660044
da116b07-608f-4a84-9766-b8550d7af165,b15851f7-079a-4962-a72a-76466fc474bf,HUMAN,shown,trend_alert,up-streak,up-streak,2026-08-26T15:54:54.484Z,2026-08-26T15:54:54.664098+00:00,"{""client_ts"": ""2026-08-26T15:54:54.484Z"", ""element_id"": ""up-streak"", ""element_label"": ""up-streak"", ""element_type"": ""trend_alert"", ""event_name"": ""shown"", ""message"": ""Price went up 3 times in the last 3 ticks!"", ""trader_id"": ""b15851f7-079a-4962-a72a-76466fc474bf""}",1787759694.672297
38c16b9b-089f-4c34-be46-aaa61c88cd17,93f547aa-8447-491f-b904-658e7fc998f1,HUMAN,shown,badge_unlock,bronze,Bronze,2026-08-26T15:54:58.029Z,2026-08-26T15:54:58.111963+00:00,"{""client_ts"": ""2026-08-26T15:54:58.029Z"", ""element_id"": ""bronze"", ""element_label"": ""Bronze"", ""element_type"": ""badge_unlock"", ""event_name"": ""shown"", ""total_trades_threshold"": 10, ""trader_id"": ""93f547aa-8447-491f-b904-658e7fc998f1""}",1787759698.12434
38c16b9b-089f-4c34-be46-aaa61c88cd17,93f547aa-8447-491f-b904-658e7fc998f1,HUMAN,shown,badge_modal,bronze,Bronze,2026-08-26T15:54:58.030Z,2026-08-26T15:54:58.129717+00:00,"{""client_ts"": ""2026-08-26T15:54:58.030Z"", ""element_id"": ""bronze"", ""element_label"": ""Bronze"", ""element_type"": ""badge_modal"", ""event_name"": ""shown"", ""message"": ""Level up! Doing well"", ""total_trades"": 10, ""trader_id"": ""93f547aa-8447-491f-b904-658e7fc998f1""}",1787759698.138694
38c16b9b-089f-4c34-be46-aaa61c88cd17,93f547aa-8447-491f-b904-658e7fc998f1,HUMAN,shown,badge_gif,bronze,Bronze,2026-08-26T15:54:58.030Z,2026-08-26T15:54:58.147297+00:00,"{""client_ts"": ""2026-08-26T15:54:58.030Z"", ""element_id"": ""bronze"", ""element_label"": ""Bronze"", ""element_type"": ""badge_gif"", ""event_name"": ""shown"", ""gif"": ""/static/trader_bridge_app/vue/assets/bronze.gif"", ""trader_id"": ""93f547aa-8447-491f-b904-658e7fc998f1""}",1787759698.157378
38c16b9b-089f-4c34-be46-aaa61c88cd17,5be61ab3-1cd9-430b-8b02-aee688449377,HUMAN,shown,badge_unlock,bronze,Bronze,2026-08-26T15:55:16.465Z,2026-08-26T15:55:16.642301+00:00,"{""client_ts"": ""2026-08-26T15:55:16.465Z"", ""element_id"": ""bronze"", ""element_label"": ""Bronze"", ""element_type"": ""badge_unlock"", ""event_name"": ""shown"", ""total_trades_threshold"": 10, ""trader_id"": ""5be61ab3-1cd9-430b-8b02-aee688449377""}",1787759716.654146
38c16b9b-089f-4c34-be46-aaa61c88cd17,5be61ab3-1cd9-430b-8b02-aee688449377,HUMAN,shown,badge_modal,bronze,Bronze,2026-08-26T15:55:16.465Z,2026-08-26T15:55:16.674769+00:00,"{""client_ts"": ""2026-08-26T15:55:16.465Z"", ""element_id"": ""bronze"", ""element_label"": ""Bronze"", ""element_type"": ""badge_modal"", ""event_name"": ""shown"", ""message"": ""Level up! Doing well"", ""total_trades"": 10, ""trader_id"": ""5be61ab3-1cd9-430b-8b02-aee688449377""}",1787759716.686697
38c16b9b-089f-4c34-be46-aaa61c88cd17,5be61ab3-1cd9-430b-8b02-aee688449377,HUMAN,shown,badge_gif,bronze,Bronze,2026-08-26T15:55:16.465Z,2026-08-26T15:55:16.708645+00:00,"{""client_ts"": ""2026-08-26T15:55:16.465Z"", ""element_id"": ""bronze"", ""element_label"": ""Bronze"", ""element_type"": ""badge_gif"", ""event_name"": ""shown"", ""gif"": ""/static/trader_bridge_app/vue/assets/bronze.gif"", ""trader_id"": ""5be61ab3-1cd9-430b-8b02-aee688449377""}",1787759716.723476
38c16b9b-089f-4c34-be46-aaa61c88cd17,57e01a82-a305-4ec7-86c3-b835d86c5b6a,HUMAN,shown,badge_unlock,bronze,Bronze,2026-08-26T15:55:19.575Z,2026-08-26T15:55:19.719258+00:00,"{""client_ts"": ""2026-08-26T15:55:19.575Z"", ""element_id"": ""bronze"", ""element_label"": ""Bronze"", ""element_type"": ""badge_unlock"", ""event_name"": ""shown"", ""total_trades_threshold"": 10, ""trader_id"": ""57e01a82-a305-4ec7-86c3-b835d86c5b6a""}",1787759719.729788
38c16b9b-089f-4c34-be46-aaa61c88cd17,57e01a82-a305-4ec7-86c3-b835d86c5b6a,HUMAN,shown,badge_modal,bronze,Bronze,2026-08-26T15:55:19.575Z,2026-08-26T15:55:19.749865+00:00,"{""client_ts"": ""2026-08-26T15:55:19.575Z"", ""element_id"": ""bronze"", ""element_label"": ""Bronze"", ""element_type"": ""badge_modal"", ""event_name"": ""shown"", ""message"": ""Level up! Doing well"", ""total_trades"": 10, ""trader_id"": ""57e01a82-a305-4ec7-86c3-b835d86c5b6a""}",1787759719.758294
38c16b9b-089f-4c34-be46-aaa61c88cd17,57e01a82-a305-4ec7-86c3-b835d86c5b6a,HUMAN,shown,badge_gif,bronze,Bronze,2026-08-26T15:55:19.575Z,2026-08-26T15:55:19.778041+00:00,"{""client_ts"": ""2026-08-26T15:55:19.575Z"", ""element_id"": ""bronze"", ""element_label"": ""Bronze"", ""element_type"": ""badge_gif"", ""event_name"": ""shown"", ""gif"": ""/static/trader_bridge_app/vue/assets/bronze.gif"", ""trader_id"": ""57e01a82-a305-4ec7-86c3-b835d86c5b6a""}",1787759719.788153
da116b07-608f-4a84-9766-b8550d7af165,fc9adb1c-ca3b-44b5-9f27-a6bc385ce39d,HUMAN,shown,trend_alert,down-streak,down-streak,2026-08-26T15:55:19.805Z,2026-08-26T15:55:19.862015+00:00,"{""client_ts"": ""2026-08-26T15:55:19.805Z"", ""element_id"": ""down-streak"", ""element_label"": ""down-streak"", ""element_type"": ""trend_alert"", ""event_name"": ""shown"", ""message"": ""Price went down 3 times in the last 5 ticks!"", ""trader_id"": ""fc9adb1c-ca3b-44b5-9f27-a6bc385ce39d""}",1787759719.871381
da116b07-608f-4a84-9766-b8550d7af165,9102c4ee-b9d9-4b38-a3f8-84702452520c,HUMAN,shown,trend_alert,down-streak,down-streak,2026-08-26T15:55:19.818Z,2026-08-26T15:55:19.878573+00:00,"{""client_ts"": ""2026-08-26T15:55:19.818Z"", ""element_id"": ""down-streak"", ""element_label"": ""down-streak"", ""element_type"": ""trend_alert"", ""event_name"": ""shown"", ""message"": ""Price went down 3 times in the last 5 ticks!"", ""trader_id"": ""9102c4ee-b9d9-4b38-a3f8-84702452520c""}",1787759719.887281
da116b07-608f-4a84-9766-b8550d7af165,939e5b13-bf63-40f1-a1f9-54138105326b,HUMAN,shown,trend_alert,down-streak,down-streak,2026-08-26T15:55:19.804Z,2026-08-26T15:55:19.895926+00:00,"{""client_ts"": ""2026-08-26T15:55:19.804Z"", ""element_id"": ""down-streak"", ""element_label"": ""down-streak"", ""element_type"": ""trend_alert"", ""event_name"": ""shown"", ""message"": ""Price went down 3 times in the last 5 ticks!"", ""trader_id"": ""939e5b13-bf63-40f1-a1f9-54138105326b""}",1787759719.904459
da116b07-608f-4a84-9766-b8550d7af165,feba2a35-a7d5-47db-b8d2-140c7041d93f,HUMAN,shown,trend_alert,down-streak,down-streak,2026-08-26T15:55:19.807Z,2026-08-26T15:55:19.908665+00:00,"{""client_ts"": ""2026-08-26T15:55:19.807Z"", ""element_id"": ""down-streak"", ""element_label"": ""down-streak"", ""element_type"": ""trend_alert"", ""event_name"": ""shown"", ""message"": ""Price went down 3 times in the last 5 ticks!"", ""trader_id"": ""feba2a35-a7d5-47db-b8d2-140c7041d93f""}",1787759719.917134
da116b07-608f-4a84-9766-b8550d7af165,b15851f7-079a-4962-a72a-76466fc474bf,HUMAN,shown,trend_alert,down-streak,down-streak,2026-08-26T15:55:19.806Z,2026-08-26T15:55:19.921667+00:00,"{""client_ts"": ""2026-08-26T15:55:19.806Z"", ""element_id"": ""down-streak"", ""element_label"": ""down-streak"", ""element_type"": ""trend_alert"", ""event_name"": ""shown"", ""message"": ""Price went down 3 times in the last 5 ticks!"", ""trader_id"": ""b15851f7-079a-4962-a72a-76466fc474bf""}",1787759719.930363
da116b07-608f-4a84-9766-b8550d7af165,7d816f0b-d522-4462-9eb3-850956087763,HUMAN,shown,trend_alert,down-streak,down-streak,2026-08-26T15:55:19.810Z,2026-08-26T15:55:19.937023+00:00,"{""client_ts"": ""2026-08-26T15:55:19.810Z"", ""element_id"": ""down-streak"", ""element_label"": ""down-streak"", ""element_type"": ""trend_alert"", ""event_name"": ""shown"", ""message"": ""Price went down 3 times in the last 5 ticks!"", ""trader_id"": ""7d816f0b-d522-4462-9eb3-850956087763""}",1787759719.945936
d84db754-0a40-4c5c-b065-d3efaa924d48,0e7268fc-13b2-41ea-b430-68c2849b8c3a,HUMAN,shown,badge_unlock,bronze,Bronze,2026-08-26T15:55:56.035Z,2026-08-26T15:55:56.095299+00:00,"{""client_ts"": ""2026-08-26T15:55:56.035Z"", ""element_id"": ""bronze"", ""element_label"": ""Bronze"", ""element_type"": ""badge_unlock"", ""event_name"": ""shown"", ""total_trades_threshold"": 10, ""trader_id"": ""0e7268fc-13b2-41ea-b430-68c2849b8c3a""}",1787759756.105203
d84db754-0a40-4c5c-b065-d3efaa924d48,0e7268fc-13b2-41ea-b430-68c2849b8c3a,HUMAN,shown,badge_modal,bronze,Bronze,2026-08-26T15:55:56.036Z,2026-08-26T15:55:56.113680+00:00,"{""client_ts"": ""2026-08-26T15:55:56.036Z"", ""element_id"": ""bronze"", ""element_label"": ""Bronze"", ""element_type"": ""badge_modal"", ""event_name"": ""shown"", ""message"": ""Level up! Doing well"", ""total_trades"": 10, ""trader_id"": ""0e7268fc-13b2-41ea-b430-68c2849b8c3a""}",1787759756.123097
d84db754-0a40-4c5c-b065-d3efaa924d48,0e7268fc-13b2-41ea-b430-68c2849b8c3a,HUMAN,shown,badge_gif,bronze,Bronze,2026-08-26T15:55:56.036Z,2026-08-26T15:55:56.130172+00:00,"{""client_ts"": ""2026-08-26T15:55:56.036Z"", ""element_id"": ""bronze"", ""element_label"": ""Bronze"", ""element_type"": ""badge_gif"", ""event_name"": ""shown"", ""gif"": ""/static/trader_bridge_app/vue/assets/bronze.gif"", ""trader_id"": ""0e7268fc-13b2-41ea-b430-68c2849b8c3a""}",1787759756.141489
d84db754-0a40-4c5c-b065-d3efaa924d48,58026e85-c0b4-4692-96b7-f66f0fac2399,HUMAN,shown,badge_unlock,silver,Silver,2026-08-26T15:55:58.738Z,2026-08-26T15:55:58.821879+00:00,"{""client_ts"": ""2026-08-26T15:55:58.738Z"", ""element_id"": ""silver"", ""element_label"": ""Silver"", ""element_type"": ""badge_unlock"", ""event_name"": ""shown"", ""total_trades_threshold"": 15, ""trader_id"": ""58026e85-c0b4-4692-96b7-f66f0fac2399""}",1787759758.833406
d84db754-0a40-4c5c-b065-d3efaa924d48,58026e85-c0b4-4692-96b7-f66f0fac2399,HUMAN,shown,badge_modal,silver,Silver,2026-08-26T15:55:58.738Z,2026-08-26T15:55:58.944000+00:00,"{""client_ts"": ""2026-08-26T15:55:58.738Z"", ""element_id"": ""silver"", ""element_label"": ""Silver"", ""element_type"": ""badge_modal"", ""event_name"": ""shown"", ""message"": ""You belong on the trading floor!"", ""total_trades"": 15, ""trader_id"": ""58026e85-c0b4-4692-96b7-f66f0fac2399""}",1787759758.952473
d84db754-0a40-4c5c-b065-d3efaa924d48,58026e85-c0b4-4692-96b7-f66f0fac2399,HUMAN,shown,badge_gif,silver,Silver,2026-08-26T15:55:58.738Z,2026-08-26T15:55:58.961070+00:00,"{""client_ts"": ""2026-08-26T15:55:58.738Z"", ""element_id"": ""silver"", ""element_label"": ""Silver"", ""element_type"": ""badge_gif"", ""event_name"": ""shown"", ""gif"": ""/static/trader_bridge_app/vue/assets/silver.gif"", ""trader_id"": ""58026e85-c0b4-4692-96b7-f66f0fac2399""}",1787759758.969925
5fc9e2a7-b9b4-4add-9bbf-6f84408e2643,484d5e09-4074-4c42-bb00-8a806458bf2a,HUMAN,shown,trend_alert,down-streak,down-streak,2026-08-26T15:55:59.648Z,2026-08-26T15:55:59.887121+00:00,"{""client_ts"": ""2026-08-26T15:55:59.648Z"", ""element_id"": ""down-streak"", ""element_label"": ""down-streak"", ""element_type"": ""trend_alert"", ""event_name"": ""shown"", ""message"": ""Price went down 3 times in the last 5 ticks!"", ""trader_id"": ""484d5e09-4074-4c42-bb00-8a806458bf2a""}",1787759759.896216
5fc9e2a7-b9b4-4add-9bbf-6f84408e2643,2b8f0eb9-915c-4e35-8bda-7aea60aa9af4,HUMAN,shown,trend_alert,down-streak,down-streak,2026-08-26T15:55:59.647Z,2026-08-26T15:55:59.903147+00:00,"{""client_ts"": ""2026-08-26T15:55:59.647Z"", ""element_id"": ""down-streak"", ""element_label"": ""down-streak"", ""element_type"": ""trend_alert"", ""event_name"": ""shown"", ""message"": ""Price went down 3 times in the last 5 ticks!"", ""trader_id"": ""2b8f0eb9-915c-4e35-8bda-7aea60aa9af4""}",1787759759.912847
5fc9e2a7-b9b4-4add-9bbf-6f84408e2643,ba9b7540-2d94-41da-bd41-e7addc0a6d2f,HUMAN,shown,trend_alert,down-streak,down-streak,2026-08-26T15:55:59.643Z,2026-08-26T15:55:59.916865+00:00,"{""client_ts"": ""2026-08-26T15:55:59.643Z"", ""element_id"": ""down-streak"", ""element_label"": ""down-streak"", ""element_type"": ""trend_alert"", ""event_name"": ""shown"", ""message"": ""Price went down 3 times in the last 5 ticks!"", ""trader_id"": ""ba9b7540-2d94-41da-bd41-e7addc0a6d2f""}",1787759759.926139
5fc9e2a7-b9b4-4add-9bbf-6f84408e2643,f9e2d450-34d9-450d-a457-455339bef17b,HUMAN,shown,trend_alert,down-streak,down-streak,2026-08-26T15:55:59.648Z,2026-08-26T15:55:59.932546+00:00,"{""client_ts"": ""2026-08-26T15:55:59.648Z"", ""element_id"": ""down-streak"", ""element_label"": ""down-streak"", ""element_type"": ""trend_alert"", ""event_name"": ""shown"", ""message"": ""Price went down 3 times in the last 5 ticks!"", ""trader_id"": ""f9e2d450-34d9-450d-a457-455339bef17b""}",1787759759.941252
da116b07-608f-4a84-9766-b8550d7af165,fc9adb1c-ca3b-44b5-9f27-a6bc385ce39d,HUMAN,shown,badge_unlock,bronze,Bronze,2026-08-26T15:56:01.056Z,2026-08-26T15:56:01.139549+00:00,"{""client_ts"": ""2026-08-26T15:56:01.056Z"", ""element_id"": ""bronze"", ""element_label"": ""Bronze"", ""element_type"": ""badge_unlock"", ""event_name"": ""shown"", ""total_trades_threshold"": 10, ""trader_id"": ""fc9adb1c-ca3b-44b5-9f27-a6bc385ce39d""}",1787759761.166067
da116b07-608f-4a84-9766-b8550d7af165,fc9adb1c-ca3b-44b5-9f27-a6bc385ce39d,HUMAN,shown,badge_modal,bronze,Bronze,2026-08-26T15:56:01.056Z,2026-08-26T15:56:01.178707+00:00,"{""client_ts"": ""2026-08-26T15:56:01.056Z"", ""element_id"": ""bronze"", ""element_label"": ""Bronze"", ""element_type"": ""badge_modal"", ""event_name"": ""shown"", ""message"": ""Level up! Doing well"", ""total_trades"": 10, ""trader_id"": ""fc9adb1c-ca3b-44b5-9f27-a6bc385ce39d""}",1787759761.198074
da116b07-608f-4a84-9766-b8550d7af165,fc9adb1c-ca3b-44b5-9f27-a6bc385ce39d,HUMAN,shown,badge_gif,bronze,Bronze,2026-08-26T15:56:01.056Z,2026-08-26T15:56:01.211272+00:00,"{""client_ts"": ""2026-08-26T15:56:01.056Z"", ""element_id"": ""bronze"", ""element_label"": ""Bronze"", ""element_type"": ""badge_gif"", ""event_name"": ""shown"", ""gif"": ""/static/trader_bridge_app/vue/assets/bronze.gif"", ""trader_id"": ""fc9adb1c-ca3b-44b5-9f27-a6bc385ce39d""}",1787759761.264481
da116b07-608f-4a84-9766-b8550d7af165,fc9adb1c-ca3b-44b5-9f27-a6bc385ce39d,HUMAN,shown,trend_alert,up-streak,up-streak,2026-08-26T15:56:11.515Z,2026-08-26T15:56:11.574089+00:00,"{""client_ts"": ""2026-08-26T15:56:11.515Z"", ""element_id"": ""up-streak"", ""element_label"": ""up-streak"", ""element_type"": ""trend_alert"", ""event_name"": ""shown"", ""message"": ""Price went up 3 times in the last 5 ticks!"", ""trader_id"": ""fc9adb1c-ca3b-44b5-9f27-a6bc385ce39d""}",1787759771.585098
da116b07-608f-4a84-9766-b8550d7af165,9102c4ee-b9d9-4b38-a3f8-84702452520c,HUMAN,shown,trend_alert,up-streak,up-streak,2026-08-26T15:56:11.526Z,2026-08-26T15:56:11.590695+00:00,"{""client_ts"": ""2026-08-26T15:56:11.526Z"", ""element_id"": ""up-streak"", ""element_label"": ""up-streak"", ""element_type"": ""trend_alert"", ""event_name"": ""shown"", ""message"": ""Price went up 3 times in the last 5 ticks!"", ""trader_id"": ""9102c4ee-b9d9-4b38-a3f8-84702452520c""}",1787759771.600903
da116b07-608f-4a84-9766-b8550d7af165,feba2a35-a7d5-47db-b8d2-140c7041d93f,HUMAN,shown,trend_alert,up-streak,up-streak,2026-08-26T15:56:11.514Z,2026-08-26T15:56:11.605927+00:00,"{""client_ts"": ""2026-08-26T15:56:11.514Z"", ""element_id"": ""up-streak"", ""element_label"": ""up-streak"", ""element_type"": ""trend_alert"", ""event_name"": ""shown"", ""message"": ""Price went up 3 times in the last 5 ticks!"", ""trader_id"": ""feba2a35-a7d5-47db-b8d2-140c7041d93f""}",1787759771.614774
da116b07-608f-4a84-9766-b8550d7af165,b15851f7-079a-4962-a72a-76466fc474bf,HUMAN,shown,trend_alert,up-streak,up-streak,2026-08-26T15:56:11.515Z,2026-08-26T15:56:11.618979+00:00,"{""client_ts"": ""2026-08-26T15:56:11.515Z"", ""element_id"": ""up-streak"", ""element_label"": ""up-streak"", ""element_type"": ""trend_alert"", ""event_name"": ""shown"", ""message"": ""Price went up 3 times in the last 5 ticks!"", ""trader_id"": ""b15851f7-079a-4962-a72a-76466fc474bf""}",1787759771.627497
da116b07-608f-4a84-9766-b8550d7af165,939e5b13-bf63-40f1-a1f9-54138105326b,HUMAN,shown,trend_alert,up-streak,up-streak,2026-08-26T15:56:11.511Z,2026-08-26T15:56:11.631706+00:00,"{""client_ts"": ""2026-08-26T15:56:11.511Z"", ""element_id"": ""up-streak"", ""element_label"": ""up-streak"", ""element_type"": ""trend_alert"", ""event_name"": ""shown"", ""message"": ""Price went up 3 times in the last 5 ticks!"", ""trader_id"": ""939e5b13-bf63-40f1-a1f9-54138105326b""}",1787759771.64024
da116b07-608f-4a84-9766-b8550d7af165,7d816f0b-d522-4462-9eb3-850956087763,HUMAN,shown,trend_alert,up-streak,up-streak,2026-08-26T15:56:11.520Z,2026-08-26T15:56:11.644489+00:00,"{""client_ts"": ""2026-08-26T15:56:11.520Z"", ""element_id"": ""up-streak"", ""element_label"": ""up-streak"", ""element_type"": ""trend_alert"", ""event_name"": ""shown"", ""message"": ""Price went up 3 times in the last 5 ticks!"", ""trader_id"": ""7d816f0b-d522-4462-9eb3-850956087763""}",1787759771.65228
da116b07-608f-4a84-9766-b8550d7af165,b15851f7-079a-4962-a72a-76466fc474bf,HUMAN,shown,trend_alert,up-streak,up-streak,2026-08-26T15:56:25.758Z,2026-08-26T15:56:25.816021+00:00,"{""client_ts"": ""2026-08-26T15:56:25.758Z"", ""element_id"": ""up-streak"", ""element_label"": ""up-streak"", ""element_type"": ""trend_alert"", ""event_name"": ""shown"", ""message"": ""Price went up 3 times in the last 5 ticks!"", ""trader_id"": ""b15851f7-079a-4962-a72a-76466fc474bf""}",1787759785.831597
da116b07-608f-4a84-9766-b8550d7af165,fc9adb1c-ca3b-44b5-9f27-a6bc385ce39d,HUMAN,shown,trend_alert,up-streak,up-streak,2026-08-26T15:56:25.758Z,2026-08-26T15:56:25.841681+00:00,"{""client_ts"": ""2026-08-26T15:56:25.758Z"", ""element_id"": ""up-streak"", ""element_label"": ""up-streak"", ""element_type"": ""trend_alert"", ""event_name"": ""shown"", ""message"": ""Price went up 3 times in the last 5 ticks!"", ""trader_id"": ""fc9adb1c-ca3b-44b5-9f27-a6bc385ce39d""}",1787759785.857753
da116b07-608f-4a84-9766-b8550d7af165,feba2a35-a7d5-47db-b8d2-140c7041d93f,HUMAN,shown,trend_alert,up-streak,up-streak,2026-08-26T15:56:25.757Z,2026-08-26T15:56:25.863895+00:00,"{""client_ts"": ""2026-08-26T15:56:25.757Z"", ""element_id"": ""up-streak"", ""element_label"": ""up-streak"", ""element_type"": ""trend_alert"", ""event_name"": ""shown"", ""message"": ""Price went up 3 times in the last 5 ticks!"", ""trader_id"": ""feba2a35-a7d5-47db-b8d2-140c7041d93f""}",1787759785.892622
da116b07-608f-4a84-9766-b8550d7af165,7d816f0b-d522-4462-9eb3-850956087763,HUMAN,shown,trend_alert,up-streak,up-streak,2026-08-26T15:56:25.763Z,2026-08-26T15:56:25.898985+00:00,"{""client_ts"": ""2026-08-26T15:56:25.763Z"", ""element_id"": ""up-streak"", ""element_label"": ""up-streak"", ""element_type"": ""trend_alert"", ""event_name"": ""shown"", ""message"": ""Price went up 3 times in the last 5 ticks!"", ""trader_id"": ""7d816f0b-d522-4462-9eb3-850956087763""}",1787759785.913206
da116b07-608f-4a84-9766-b8550d7af165,939e5b13-bf63-40f1-a1f9-54138105326b,HUMAN,shown,trend_alert,up-streak,up-streak,2026-08-26T15:56:25.760Z,2026-08-26T15:56:25.922490+00:00,"{""client_ts"": ""2026-08-26T15:56:25.760Z"", ""element_id"": ""up-streak"", ""element_label"": ""up-streak"", ""element_type"": ""trend_alert"", ""event_name"": ""shown"", ""message"": ""Price went up 3 times in the last 5 ticks!"", ""trader_id"": ""939e5b13-bf63-40f1-a1f9-54138105326b""}",1787759785.958155
da116b07-608f-4a84-9766-b8550d7af165,9102c4ee-b9d9-4b38-a3f8-84702452520c,HUMAN,shown,trend_alert,up-streak,up-streak,2026-08-26T15:56:25.776Z,2026-08-26T15:56:25.962640+00:00,"{""client_ts"": ""2026-08-26T15:56:25.776Z"", ""element_id"": ""up-streak"", ""element_label"": ""up-streak"", ""element_type"": ""trend_alert"", ""event_name"": ""shown"", ""message"": ""Price went up 3 times in the last 5 ticks!"", ""trader_id"": ""9102c4ee-b9d9-4b38-a3f8-84702452520c""}",1787759785.976161
38c16b9b-089f-4c34-be46-aaa61c88cd17,4df900c0-6643-4d5b-95e1-4cfd5436149e,HUMAN,shown,badge_unlock,bronze,Bronze,2026-08-26T15:56:29.247Z,2026-08-26T15:56:29.469406+00:00,"{""client_ts"": ""2026-08-26T15:56:29.247Z"", ""element_id"": ""bronze"", ""element_label"": ""Bronze"", ""element_type"": ""badge_unlock"", ""event_name"": ""shown"", ""total_trades_threshold"": 10, ""trader_id"": ""4df900c0-6643-4d5b-95e1-4cfd5436149e""}",1787759789.479998
38c16b9b-089f-4c34-be46-aaa61c88cd17,4df900c0-6643-4d5b-95e1-4cfd5436149e,HUMAN,shown,badge_modal,bronze,Bronze,2026-08-26T15:56:29.247Z,2026-08-26T15:56:29.487296+00:00,"{""client_ts"": ""2026-08-26T15:56:29.247Z"", ""element_id"": ""bronze"", ""element_label"": ""Bronze"", ""element_type"": ""badge_modal"", ""event_name"": ""shown"", ""message"": ""Level up! Doing well"", ""total_trades"": 10, ""trader_id"": ""4df900c0-6643-4d5b-95e1-4cfd5436149e""}",1787759789.4962
38c16b9b-089f-4c34-be46-aaa61c88cd17,4df900c0-6643-4d5b-95e1-4cfd5436149e,HUMAN,shown,badge_gif,bronze,Bronze,2026-08-26T15:56:29.247Z,2026-08-26T15:56:29.505755+00:00,"{""client_ts"": ""2026-08-26T15:56:29.247Z"", ""element_id"": ""bronze"", ""element_label"": ""Bronze"", ""element_type"": ""badge_gif"", ""event_name"": ""shown"", ""gif"": ""/static/trader_bridge_app/vue/assets/bronze.gif"", ""trader_id"": ""4df900c0-6643-4d5b-95e1-4cfd5436149e""}",1787759789.5189
38c16b9b-089f-4c34-be46-aaa61c88cd17,ac9c5e2b-7aa2-49dc-a62a-dca8cff478da,HUMAN,shown,trend_alert,up-streak,up-streak,2026-08-26T15:56:29.533Z,2026-08-26T15:56:29.597210+00:00,"{""client_ts"": ""2026-08-26T15:56:29.533Z"", ""element_id"": ""up-streak"", ""element_label"": ""up-streak"", ""element_type"": ""trend_alert"", ""event_name"": ""shown"", ""message"": ""Price went up 3 times in the last 5 ticks!"", ""trader_id"": ""ac9c5e2b-7aa2-49dc-a62a-dca8cff478da""}",1787759789.606764
38c16b9b-089f-4c34-be46-aaa61c88cd17,5be61ab3-1cd9-430b-8b02-aee688449377,HUMAN,shown,trend_alert,up-streak,up-streak,2026-08-26T15:56:29.543Z,2026-08-26T15:56:29.610784+00:00,"{""client_ts"": ""2026-08-26T15:56:29.543Z"", ""element_id"": ""up-streak"", ""element_label"": ""up-streak"", ""element_type"": ""trend_alert"", ""event_name"": ""shown"", ""message"": ""Price went up 3 times in the last 5 ticks!"", ""trader_id"": ""5be61ab3-1cd9-430b-8b02-aee688449377""}",1787759789.619368
38c16b9b-089f-4c34-be46-aaa61c88cd17,93f547aa-8447-491f-b904-658e7fc998f1,HUMAN,shown,trend_alert,up-streak,up-streak,2026-08-26T15:56:29.508Z,2026-08-26T15:56:29.624517+00:00,"{""client_ts"": ""2026-08-26T15:56:29.508Z"", ""element_id"": ""up-streak"", ""element_label"": ""up-streak"", ""element_type"": ""trend_alert"", ""event_name"": ""shown"", ""message"": ""Price went up 3 times in the last 5 ticks!"", ""trader_id"": ""93f547aa-8447-491f-b904-658e7fc998f1""}",1787759789.637589
38c16b9b-089f-4c34-be46-aaa61c88cd17,6e062e11-ad66-4d4f-9942-79f9958b9fed,HUMAN,shown,trend_alert,up-streak,up-streak,2026-08-26T15:56:29.530Z,2026-08-26T15:56:29.641191+00:00,"{""client_ts"": ""2026-08-26T15:56:29.530Z"", ""element_id"": ""up-streak"", ""element_label"": ""up-streak"", ""element_type"": ""trend_alert"", ""event_name"": ""shown"", ""message"": ""Price went up 3 times in the last 5 ticks!"", ""trader_id"": ""6e062e11-ad66-4d4f-9942-79f9958b9fed""}",1787759789.649249
38c16b9b-089f-4c34-be46-aaa61c88cd17,4df900c0-6643-4d5b-95e1-4cfd5436149e,HUMAN,shown,trend_alert,up-streak,up-streak,2026-08-26T15:56:29.534Z,2026-08-26T15:56:29.652835+00:00,"{""client_ts"": ""2026-08-26T15:56:29.534Z"", ""element_id"": ""up-streak"", ""element_label"": ""up-streak"", ""element_type"": ""trend_alert"", ""event_name"": ""shown"", ""message"": ""Price went up 3 times in the last 5 ticks!"", ""trader_id"": ""4df900c0-6643-4d5b-95e1-4cfd5436149e""}",1787759789.663917
38c16b9b-089f-4c34-be46-aaa61c88cd17,57e01a82-a305-4ec7-86c3-b835d86c5b6a,HUMAN,shown,trend_alert,up-streak,up-streak,2026-08-26T15:56:29.545Z,2026-08-26T15:56:29.668286+00:00,"{""client_ts"": ""2026-08-26T15:56:29.545Z"", ""element_id"": ""up-streak"", ""element_label"": ""up-streak"", ""element_type"": ""trend_alert"", ""event_name"": ""shown"", ""message"": ""Price went up 3 times in the last 5 ticks!"", ""trader_id"": ""57e01a82-a305-4ec7-86c3-b835d86c5b6a""}",1787759789.676769
38c16b9b-089f-4c34-be46-aaa61c88cd17,5be61ab3-1cd9-430b-8b02-aee688449377,HUMAN,shown,badge_unlock,silver,Silver,2026-08-26T15:56:30.753Z,2026-08-26T15:56:30.834757+00:00,"{""client_ts"": ""2026-08-26T15:56:30.753Z"", ""element_id"": ""silver"", ""element_label"": ""Silver"", ""element_type"": ""badge_unlock"", ""event_name"": ""shown"", ""total_trades_threshold"": 15, ""trader_id"": ""5be61ab3-1cd9-430b-8b02-aee688449377""}",1787759790.844009
38c16b9b-089f-4c34-be46-aaa61c88cd17,5be61ab3-1cd9-430b-8b02-aee688449377,HUMAN,shown,badge_modal,silver,Silver,2026-08-26T15:56:30.753Z,2026-08-26T15:56:30.959188+00:00,"{""client_ts"": ""2026-08-26T15:56:30.753Z"", ""element_id"": ""silver"", ""element_label"": ""Silver"", ""element_type"": ""badge_modal"", ""event_name"": ""shown"", ""message"": ""You belong on the trading floor!"", ""total_trades"": 15, ""trader_id"": ""5be61ab3-1cd9-430b-8b02-aee688449377""}",1787759790.968395
38c16b9b-089f-4c34-be46-aaa61c88cd17,5be61ab3-1cd9-430b-8b02-aee688449377,HUMAN,shown,badge_gif,silver,Silver,2026-08-26T15:56:30.753Z,2026-08-26T15:56:30.997943+00:00,"{""client_ts"": ""2026-08-26T15:56:30.753Z"", ""element_id"": ""silver"", ""element_label"": ""Silver"", ""element_type"": ""badge_gif"", ""event_name"": ""shown"", ""gif"": ""/static/trader_bridge_app/vue/assets/silver.gif"", ""trader_id"": ""5be61ab3-1cd9-430b-8b02-aee688449377""}",1787759791.009633
da116b07-608f-4a84-9766-b8550d7af165,fc9adb1c-ca3b-44b5-9f27-a6bc385ce39d,HUMAN,shown,badge_unlock,silver,Silver,2026-08-26T15:56:33.726Z,2026-08-26T15:56:33.791613+00:00,"{""client_ts"": ""2026-08-26T15:56:33.726Z"", ""element_id"": ""silver"", ""element_label"": ""Silver"", ""element_type"": ""badge_unlock"", ""event_name"": ""shown"", ""total_trades_threshold"": 15, ""trader_id"": ""fc9adb1c-ca3b-44b5-9f27-a6bc385ce39d""}",1787759793.807908
da116b07-608f-4a84-9766-b8550d7af165,fc9adb1c-ca3b-44b5-9f27-a6bc385ce39d,HUMAN,shown,badge_modal,silver,Silver,2026-08-26T15:56:33.727Z,2026-08-26T15:56:33.821626+00:00,"{""client_ts"": ""2026-08-26T15:56:33.727Z"", ""element_id"": ""silver"", ""element_label"": ""Silver"", ""element_type"": ""badge_modal"", ""event_name"": ""shown"", ""message"": ""You belong on the trading floor!"", ""total_trades"": 15, ""trader_id"": ""fc9adb1c-ca3b-44b5-9f27-a6bc385ce39d""}",1787759793.831757
da116b07-608f-4a84-9766-b8550d7af165,fc9adb1c-ca3b-44b5-9f27-a6bc385ce39d,HUMAN,shown,badge_gif,silver,Silver,2026-08-26T15:56:33.727Z,2026-08-26T15:56:33.841528+00:00,"{""client_ts"": ""2026-08-26T15:56:33.727Z"", ""element_id"": ""silver"", ""element_label"": ""Silver"", ""element_type"": ""badge_gif"", ""event_name"": ""shown"", ""gif"": ""/static/trader_bridge_app/vue/assets/silver.gif"", ""trader_id"": ""fc9adb1c-ca3b-44b5-9f27-a6bc385ce39d""}",1787759793.854086
468bae16-01fa-4b28-8367-2b7fc01e7aa7,4d3bbd69-519e-4f2d-86af-d252ccfd1141,HUMAN,shown,badge_unlock,bronze,Bronze,2026-08-26T15:58:14.678Z,2026-08-26T15:58:14.727753+00:00,"{""client_ts"": ""2026-08-26T15:58:14.678Z"", ""element_id"": ""bronze"", ""element_label"": ""Bronze"", ""element_type"": ""badge_unlock"", ""event_name"": ""shown"", ""total_trades_threshold"": 10, ""trader_id"": ""4d3bbd69-519e-4f2d-86af-d252ccfd1141""}",1787759894.737847
468bae16-01fa-4b28-8367-2b7fc01e7aa7,4d3bbd69-519e-4f2d-86af-d252ccfd1141,HUMAN,shown,badge_modal,bronze,Bronze,2026-08-26T15:58:14.679Z,2026-08-26T15:58:14.743342+00:00,"{""client_ts"": ""2026-08-26T15:58:14.679Z"", ""element_id"": ""bronze"", ""element_label"": ""Bronze"", ""element_type"": ""badge_modal"", ""event_name"": ""shown"", ""message"": ""Level up! Doing well"", ""total_trades"": 10, ""trader_id"": ""4d3bbd69-519e-4f2d-86af-d252ccfd1141""}",1787759894.751728
468bae16-01fa-4b28-8367-2b7fc01e7aa7,4d3bbd69-519e-4f2d-86af-d252ccfd1141,HUMAN,shown,badge_gif,bronze,Bronze,2026-08-26T15:58:14.679Z,2026-08-26T15:58:14.756699+00:00,"{""client_ts"": ""2026-08-26T15:58:14.679Z"", ""element_id"": ""bronze"", ""element_label"": ""Bronze"", ""element_type"": ""badge_gif"", ""event_name"": ""shown"", ""gif"": ""/static/trader_bridge_app/vue/assets/bronze.gif"", ""trader_id"": ""4d3bbd69-519e-4f2d-86af-d252ccfd1141""}",1787759894.765106
b0eca25a-c9c1-4b52-a273-a509e63a7229,7b0d7d06-d31a-4713-9086-86a852529422,HUMAN,shown,trend_alert,up-streak,up-streak,2026-08-26T15:58:24.607Z,2026-08-26T15:58:24.836247+00:00,"{""client_ts"": ""2026-08-26T15:58:24.607Z"", ""element_id"": ""up-streak"", ""element_label"": ""up-streak"", ""element_type"": ""trend_alert"", ""event_name"": ""shown"", ""message"": ""Price went up 3 times in the last 4 ticks!"", ""trader_id"": ""7b0d7d06-d31a-4713-9086-86a852529422""}",1787759904.846311
b0eca25a-c9c1-4b52-a273-a509e63a7229,ae15d7f0-ae5f-4399-9bdd-5751a9cf2a9b,HUMAN,shown,trend_alert,up-streak,up-streak,2026-08-26T15:58:24.605Z,2026-08-26T15:58:24.851408+00:00,"{""client_ts"": ""2026-08-26T15:58:24.605Z"", ""element_id"": ""up-streak"", ""element_label"": ""up-streak"", ""element_type"": ""trend_alert"", ""event_name"": ""shown"", ""message"": ""Price went up 3 times in the last 4 ticks!"", ""trader_id"": ""ae15d7f0-ae5f-4399-9bdd-5751a9cf2a9b""}",1787759904.861897
b0eca25a-c9c1-4b52-a273-a509e63a7229,0671e4cf-2b62-424f-ae00-209c7fe17584,HUMAN,shown,trend_alert,up-streak,up-streak,2026-08-26T15:58:24.617Z,2026-08-26T15:58:24.866300+00:00,"{""client_ts"": ""2026-08-26T15:58:24.617Z"", ""element_id"": ""up-streak"", ""element_label"": ""up-streak"", ""element_type"": ""trend_alert"", ""event_name"": ""shown"", ""message"": ""Price went up 3 times in the last 4 ticks!"", ""trader_id"": ""0671e4cf-2b62-424f-ae00-209c7fe17584""}",1787759904.8748
b0eca25a-c9c1-4b52-a273-a509e63a7229,2b4b0db0-a220-4399-95d6-50f92fe7210b,HUMAN,shown,trend_alert,up-streak,up-streak,2026-08-26T15:58:24.609Z,2026-08-26T15:58:24.965613+00:00,"{""client_ts"": ""2026-08-26T15:58:24.609Z"", ""element_id"": ""up-streak"", ""element_label"": ""up-streak"", ""element_type"": ""trend_alert"", ""event_name"": ""shown"", ""message"": ""Price went up 3 times in the last 4 ticks!"", ""trader_id"": ""2b4b0db0-a220-4399-95d6-50f92fe7210b""}",1787759904.974926
b0eca25a-c9c1-4b52-a273-a509e63a7229,e1704662-f9fc-4997-ae7d-284d233e3b57,HUMAN,shown,trend_alert,up-streak,up-streak,2026-08-26T15:58:24.614Z,2026-08-26T15:58:24.979301+00:00,"{""client_ts"": ""2026-08-26T15:58:24.614Z"", ""element_id"": ""up-streak"", ""element_label"": ""up-streak"", ""element_type"": ""trend_alert"", ""event_name"": ""shown"", ""message"": ""Price went up 3 times in the last 4 ticks!"", ""trader_id"": ""e1704662-f9fc-4997-ae7d-284d233e3b57""}",1787759904.993027
b0eca25a-c9c1-4b52-a273-a509e63a7229,f12504f3-11d0-4327-8b7a-bc23496e0389,HUMAN,shown,trend_alert,up-streak,up-streak,2026-08-26T15:58:24.605Z,2026-08-26T15:58:24.998598+00:00,"{""client_ts"": ""2026-08-26T15:58:24.605Z"", ""element_id"": ""up-streak"", ""element_label"": ""up-streak"", ""element_type"": ""trend_alert"", ""event_name"": ""shown"", ""message"": ""Price went up 3 times in the last 4 ticks!"", ""trader_id"": ""f12504f3-11d0-4327-8b7a-bc23496e0389""}",1787759905.012971
b0eca25a-c9c1-4b52-a273-a509e63a7229,0671e4cf-2b62-424f-ae00-209c7fe17584,HUMAN,shown,trend_alert,down-streak,down-streak,2026-08-26T15:58:30.564Z,2026-08-26T15:58:30.610528+00:00,"{""client_ts"": ""2026-08-26T15:58:30.564Z"", ""element_id"": ""down-streak"", ""element_label"": ""down-streak"", ""element_type"": ""trend_alert"", ""event_name"": ""shown"", ""message"": ""Price went down 3 times in the last 5 ticks!"", ""trader_id"": ""0671e4cf-2b62-424f-ae00-209c7fe17584""}",1787759910.620694
b0eca25a-c9c1-4b52-a273-a509e63a7229,e1704662-f9fc-4997-ae7d-284d233e3b57,HUMAN,shown,trend_alert,down-streak,down-streak,2026-08-26T15:58:30.555Z,2026-08-26T15:58:30.626565+00:00,"{""client_ts"": ""2026-08-26T15:58:30.555Z"", ""element_id"": ""down-streak"", ""element_label"": ""down-streak"", ""element_type"": ""trend_alert"", ""event_name"": ""shown"", ""message"": ""Price went down 3 times in the last 5 ticks!"", ""trader_id"": ""e1704662-f9fc-4997-ae7d-284d233e3b57""}",1787759910.63937
b0eca25a-c9c1-4b52-a273-a509e63a7229,2b4b0db0-a220-4399-95d6-50f92fe7210b,HUMAN,shown,trend_alert,down-streak,down-streak,2026-08-26T15:58:30.558Z,2026-08-26T15:58:30.644307+00:00,"{""client_ts"": ""2026-08-26T15:58:30.558Z"", ""element_id"": ""down-streak"", ""element_label"": ""down-streak"", ""element_type"": ""trend_alert"", ""event_name"": ""shown"", ""message"": ""Price went down 3 times in the last 5 ticks!"", ""trader_id"": ""2b4b0db0-a220-4399-95d6-50f92fe7210b""}",1787759910.653545
b0eca25a-c9c1-4b52-a273-a509e63a7229,7b0d7d06-d31a-4713-9086-86a852529422,HUMAN,shown,trend_alert,down-streak,down-streak,2026-08-26T15:58:30.555Z,2026-08-26T15:58:30.657327+00:00,"{""client_ts"": ""2026-08-26T15:58:30.555Z"", ""element_id"": ""down-streak"", ""element_label"": ""down-streak"", ""element_type"": ""trend_alert"", ""event_name"": ""shown"", ""message"": ""Price went down 3 times in the last 5 ticks!"", ""trader_id"": ""7b0d7d06-d31a-4713-9086-86a852529422""}",1787759910.666103
b0eca25a-c9c1-4b52-a273-a509e63a7229,ae15d7f0-ae5f-4399-9bdd-5751a9cf2a9b,HUMAN,shown,trend_alert,down-streak,down-streak,2026-08-26T15:58:30.553Z,2026-08-26T15:58:30.669818+00:00,"{""client_ts"": ""2026-08-26T15:58:30.553Z"", ""element_id"": ""down-streak"", ""element_label"": ""down-streak"", ""element_type"": ""trend_alert"", ""event_name"": ""shown"", ""message"": ""Price went down 3 times in the last 5 ticks!"", ""trader_id"": ""ae15d7f0-ae5f-4399-9bdd-5751a9cf2a9b""}",1787759910.68008
b0eca25a-c9c1-4b52-a273-a509e63a7229,f12504f3-11d0-4327-8b7a-bc23496e0389,HUMAN,shown,trend_alert,down-streak,down-streak,2026-08-26T15:58:30.553Z,2026-08-26T15:58:30.695720+00:00,"{""client_ts"": ""2026-08-26T15:58:30.553Z"", ""element_id"": ""down-streak"", ""element_label"": ""down-streak"", ""element_type"": ""trend_alert"", ""event_name"": ""shown"", ""message"": ""Price went down 3 times in the last 5 ticks!"", ""trader_id"": ""f12504f3-11d0-4327-8b7a-bc23496e0389""}",1787759910.738169
468bae16-01fa-4b28-8367-2b7fc01e7aa7,4d3bbd69-519e-4f2d-86af-d252ccfd1141,HUMAN,shown,badge_unlock,silver,Silver,2026-08-26T15:58:54.117Z,2026-08-26T15:58:54.167377+00:00,"{""client_ts"": ""2026-08-26T15:58:54.117Z"", ""element_id"": ""silver"", ""element_label"": ""Silver"", ""element_type"": ""badge_unlock"", ""event_name"": ""shown"", ""total_trades_threshold"": 15, ""trader_id"": ""4d3bbd69-519e-4f2d-86af-d252ccfd1141""}",1787759934.176563
468bae16-01fa-4b28-8367-2b7fc01e7aa7,4d3bbd69-519e-4f2d-86af-d252ccfd1141,HUMAN,shown,badge_modal,silver,Silver,2026-08-26T15:58:54.117Z,2026-08-26T15:58:54.181803+00:00,"{""client_ts"": ""2026-08-26T15:58:54.117Z"", ""element_id"": ""silver"", ""element_label"": ""Silver"", ""element_type"": ""badge_modal"", ""event_name"": ""shown"", ""message"": ""You belong on the trading floor!"", ""total_trades"": 15, ""trader_id"": ""4d3bbd69-519e-4f2d-86af-d252ccfd1141""}",1787759934.191607
468bae16-01fa-4b28-8367-2b7fc01e7aa7,4d3bbd69-519e-4f2d-86af-d252ccfd1141,HUMAN,shown,badge_gif,silver,Silver,2026-08-26T15:58:54.117Z,2026-08-26T15:58:54.197020+00:00,"{""client_ts"": ""2026-08-26T15:58:54.117Z"", ""element_id"": ""silver"", ""element_label"": ""Silver"", ""element_type"": ""badge_gif"", ""event_name"": ""shown"", ""gif"": ""/static/trader_bridge_app/vue/assets/silver.gif"", ""trader_id"": ""4d3bbd69-519e-4f2d-86af-d252ccfd1141""}",1787759934.20826
ac549451-4a1c-4748-8b9c-d516efd866a0,788e99d7-1dc5-4619-acfd-9c25ea29b078,HUMAN,shown,trend_alert,up-streak,up-streak,2026-08-26T15:59:13.528Z,2026-08-26T15:59:13.586994+00:00,"{""client_ts"": ""2026-08-26T15:59:13.528Z"", ""element_id"": ""up-streak"", ""element_label"": ""up-streak"", ""element_type"": ""trend_alert"", ""event_name"": ""shown"", ""message"": ""Price went up 3 times in the last 5 ticks!"", ""trader_id"": ""788e99d7-1dc5-4619-acfd-9c25ea29b078""}",1787759953.596752
ac549451-4a1c-4748-8b9c-d516efd866a0,237a72fb-6e65-400d-a2cc-d6ec525c558f,HUMAN,shown,trend_alert,up-streak,up-streak,2026-08-26T15:59:13.524Z,2026-08-26T15:59:13.601511+00:00,"{""client_ts"": ""2026-08-26T15:59:13.524Z"", ""element_id"": ""up-streak"", ""element_label"": ""up-streak"", ""element_type"": ""trend_alert"", ""event_name"": ""shown"", ""message"": ""Price went up 3 times in the last 5 ticks!"", ""trader_id"": ""237a72fb-6e65-400d-a2cc-d6ec525c558f""}",1787759953.609831
ac549451-4a1c-4748-8b9c-d516efd866a0,7a5364a3-a631-4d34-b8c6-1cba96b6888a,HUMAN,shown,trend_alert,up-streak,up-streak,2026-08-26T15:59:13.533Z,2026-08-26T15:59:13.613980+00:00,"{""client_ts"": ""2026-08-26T15:59:13.533Z"", ""element_id"": ""up-streak"", ""element_label"": ""up-streak"", ""element_type"": ""trend_alert"", ""event_name"": ""shown"", ""message"": ""Price went up 3 times in the last 5 ticks!"", ""trader_id"": ""7a5364a3-a631-4d34-b8c6-1cba96b6888a""}",1787759953.62186
ac549451-4a1c-4748-8b9c-d516efd866a0,2fb1ad28-7638-4d5a-b295-934c375f4224,HUMAN,shown,trend_alert,up-streak,up-streak,2026-08-26T15:59:13.530Z,2026-08-26T15:59:13.630553+00:00,"{""client_ts"": ""2026-08-26T15:59:13.530Z"", ""element_id"": ""up-streak"", ""element_label"": ""up-streak"", ""element_type"": ""trend_alert"", ""event_name"": ""shown"", ""message"": ""Price went up 3 times in the last 5 ticks!"", ""trader_id"": ""2fb1ad28-7638-4d5a-b295-934c375f4224""}",1787759953.639568
468bae16-01fa-4b28-8367-2b7fc01e7aa7,b44a4e84-5176-4bdf-bbd6-a803eeda8f89,HUMAN,shown,trend_alert,up-streak,up-streak,2026-08-26T15:59:35.679Z,2026-08-26T15:59:35.767630+00:00,"{""client_ts"": ""2026-08-26T15:59:35.679Z"", ""element_id"": ""up-streak"", ""element_label"": ""up-streak"", ""element_type"": ""trend_alert"", ""event_name"": ""shown"", ""message"": ""Price went up 3 times in the last 5 ticks!"", ""trader_id"": ""b44a4e84-5176-4bdf-bbd6-a803eeda8f89""}",1787759975.776719
468bae16-01fa-4b28-8367-2b7fc01e7aa7,4d3bbd69-519e-4f2d-86af-d252ccfd1141,HUMAN,shown,trend_alert,up-streak,up-streak,2026-08-26T15:59:35.720Z,2026-08-26T15:59:35.781607+00:00,"{""client_ts"": ""2026-08-26T15:59:35.720Z"", ""element_id"": ""up-streak"", ""element_label"": ""up-streak"", ""element_type"": ""trend_alert"", ""event_name"": ""shown"", ""message"": ""Price went up 3 times in the last 5 ticks!"", ""trader_id"": ""4d3bbd69-519e-4f2d-86af-d252ccfd1141""}",1787759975.79003
468bae16-01fa-4b28-8367-2b7fc01e7aa7,2f360b88-54c4-42c4-b310-c283fdf13010,HUMAN,shown,trend_alert,up-streak,up-streak,2026-08-26T15:59:35.710Z,2026-08-26T15:59:35.793645+00:00,"{""client_ts"": ""2026-08-26T15:59:35.710Z"", ""element_id"": ""up-streak"", ""element_label"": ""up-streak"", ""element_type"": ""trend_alert"", ""event_name"": ""shown"", ""message"": ""Price went up 3 times in the last 5 ticks!"", ""trader_id"": ""2f360b88-54c4-42c4-b310-c283fdf13010""}",1787759975.801169
468bae16-01fa-4b28-8367-2b7fc01e7aa7,daaf568f-afa2-4c5e-bef3-55028aa36749,HUMAN,shown,trend_alert,up-streak,up-streak,2026-08-26T15:59:35.711Z,2026-08-26T15:59:35.804712+00:00,"{""client_ts"": ""2026-08-26T15:59:35.711Z"", ""element_id"": ""up-streak"", ""element_label"": ""up-streak"", ""element_type"": ""trend_alert"", ""event_name"": ""shown"", ""message"": ""Price went up 3 times in the last 5 ticks!"", ""trader_id"": ""daaf568f-afa2-4c5e-bef3-55028aa36749""}",1787759975.812223
468bae16-01fa-4b28-8367-2b7fc01e7aa7,2599d1e4-f216-4dc7-9669-3ec27c6aadcd,HUMAN,shown,trend_alert,up-streak,up-streak,2026-08-26T15:59:35.715Z,2026-08-26T15:59:35.815908+00:00,"{""client_ts"": ""2026-08-26T15:59:35.715Z"", ""element_id"": ""up-streak"", ""element_label"": ""up-streak"", ""element_type"": ""trend_alert"", ""event_name"": ""shown"", ""message"": ""Price went up 3 times in the last 5 ticks!"", ""trader_id"": ""2599d1e4-f216-4dc7-9669-3ec27c6aadcd""}",1787759975.823388
468bae16-01fa-4b28-8367-2b7fc01e7aa7,385afaf0-0dab-4f95-a820-87224bd6cf81,HUMAN,shown,trend_alert,up-streak,up-streak,2026-08-26T15:59:35.720Z,2026-08-26T15:59:35.827336+00:00,"{""client_ts"": ""2026-08-26T15:59:35.720Z"", ""element_id"": ""up-streak"", ""element_label"": ""up-streak"", ""element_type"": ""trend_alert"", ""event_name"": ""shown"", ""message"": ""Price went up 3 times in the last 5 ticks!"", ""trader_id"": ""385afaf0-0dab-4f95-a820-87224bd6cf81""}",1787759975.834773
727aeab3-4e37-4074-aa8a-edb9ed62fd8f,9ac2441c-65de-4140-886b-e041aa13f30c,HUMAN,shown,badge_unlock,bronze,Bronze,2026-08-26T15:59:36.601Z,2026-08-26T15:59:36.663782+00:00,"{""client_ts"": ""2026-08-26T15:59:36.601Z"", ""element_id"": ""bronze"", ""element_label"": ""Bronze"", ""element_type"": ""badge_unlock"", ""event_name"": ""shown"", ""total_trades_threshold"": 10, ""trader_id"": ""9ac2441c-65de-4140-886b-e041aa13f30c""}",1787759976.671957
727aeab3-4e37-4074-aa8a-edb9ed62fd8f,9ac2441c-65de-4140-886b-e041aa13f30c,HUMAN,shown,badge_modal,bronze,Bronze,2026-08-26T15:59:36.602Z,2026-08-26T15:59:36.676529+00:00,"{""client_ts"": ""2026-08-26T15:59:36.602Z"", ""element_id"": ""bronze"", ""element_label"": ""Bronze"", ""element_type"": ""badge_modal"", ""event_name"": ""shown"", ""message"": ""Level up! Doing well"", ""total_trades"": 10, ""trader_id"": ""9ac2441c-65de-4140-886b-e041aa13f30c""}",1787759976.684179
727aeab3-4e37-4074-aa8a-edb9ed62fd8f,9ac2441c-65de-4140-886b-e041aa13f30c,HUMAN,shown,badge_gif,bronze,Bronze,2026-08-26T15:59:36.602Z,2026-08-26T15:59:36.688569+00:00,"{""client_ts"": ""2026-08-26T15:59:36.602Z"", ""element_id"": ""bronze"", ""element_label"": ""Bronze"", ""element_type"": ""badge_gif"", ""event_name"": ""shown"", ""gif"": ""/static/trader_bridge_app/vue/assets/bronze.gif"", ""trader_id"": ""9ac2441c-65de-4140-886b-e041aa13f30c""}",1787759976.695864
b0eca25a-c9c1-4b52-a273-a509e63a7229,7b0d7d06-d31a-4713-9086-86a852529422,HUMAN,shown,trend_alert,up-streak,up-streak,2026-08-26T15:59:42.866Z,2026-08-26T15:59:42.924350+00:00,"{""client_ts"": ""2026-08-26T15:59:42.866Z"", ""element_id"": ""up-streak"", ""element_label"": ""up-streak"", ""element_type"": ""trend_alert"", ""event_name"": ""shown"", ""message"": ""Price went up 3 times in the last 5 ticks!"", ""trader_id"": ""7b0d7d06-d31a-4713-9086-86a852529422""}",1787759982.931681
b0eca25a-c9c1-4b52-a273-a509e63a7229,f12504f3-11d0-4327-8b7a-bc23496e0389,HUMAN,shown,trend_alert,up-streak,up-streak,2026-08-26T15:59:42.912Z,2026-08-26T15:59:42.970078+00:00,"{""client_ts"": ""2026-08-26T15:59:42.912Z"", ""element_id"": ""up-streak"", ""element_label"": ""up-streak"", ""element_type"": ""trend_alert"", ""event_name"": ""shown"", ""message"": ""Price went up 3 times in the last 5 ticks!"", ""trader_id"": ""f12504f3-11d0-4327-8b7a-bc23496e0389""}",1787759982.978202
b0eca25a-c9c1-4b52-a273-a509e63a7229,e1704662-f9fc-4997-ae7d-284d233e3b57,HUMAN,shown,trend_alert,up-streak,up-streak,2026-08-26T15:59:42.915Z,2026-08-26T15:59:42.982919+00:00,"{""client_ts"": ""2026-08-26T15:59:42.915Z"", ""element_id"": ""up-streak"", ""element_label"": ""up-streak"", ""element_type"": ""trend_alert"", ""event_name"": ""shown"", ""message"": ""Price went up 3 times in the last 5 ticks!"", ""trader_id"": ""e1704662-f9fc-4997-ae7d-284d233e3b57""}",1787759982.991254
b0eca25a-c9c1-4b52-a273-a509e63a7229,2b4b0db0-a220-4399-95d6-50f92fe7210b,HUMAN,shown,trend_alert,up-streak,up-streak,2026-08-26T15:59:42.920Z,2026-08-26T15:59:42.994930+00:00,"{""client_ts"": ""2026-08-26T15:59:42.920Z"", ""element_id"": ""up-streak"", ""element_label"": ""up-streak"", ""element_type"": ""trend_alert"", ""event_name"": ""shown"", ""message"": ""Price went up 3 times in the last 5 ticks!"", ""trader_id"": ""2b4b0db0-a220-4399-95d6-50f92fe7210b""}",1787759983.002001
b0eca25a-c9c1-4b52-a273-a509e63a7229,0671e4cf-2b62-424f-ae00-209c7fe17584,HUMAN,shown,trend_alert,up-streak,up-streak,2026-08-26T15:59:42.925Z,2026-08-26T15:59:43.006174+00:00,"{""client_ts"": ""2026-08-26T15:59:42.925Z"", ""element_id"": ""up-streak"", ""element_label"": ""up-streak"", ""element_type"": ""trend_alert"", ""event_name"": ""shown"", ""message"": ""Price went up 3 times in the last 5 ticks!"", ""trader_id"": ""0671e4cf-2b62-424f-ae00-209c7fe17584""}",1787759983.014111
b0eca25a-c9c1-4b52-a273-a509e63a7229,ae15d7f0-ae5f-4399-9bdd-5751a9cf2a9b,HUMAN,shown,trend_alert,up-streak,up-streak,2026-08-26T15:59:42.918Z,2026-08-26T15:59:43.018128+00:00,"{""client_ts"": ""2026-08-26T15:59:42.918Z"", ""element_id"": ""up-streak"", ""element_label"": ""up-streak"", ""element_type"": ""trend_alert"", ""event_name"": ""shown"", ""message"": ""Price went up 3 times in the last 5 ticks!"", ""trader_id"": ""ae15d7f0-ae5f-4399-9bdd-5751a9cf2a9b""}",1787759983.025737
b0eca25a-c9c1-4b52-a273-a509e63a7229,e1704662-f9fc-4997-ae7d-284d233e3b57,HUMAN,shown,badge_unlock,bronze,Bronze,2026-08-26T15:59:44.122Z,2026-08-26T15:59:44.176374+00:00,"{""client_ts"": ""2026-08-26T15:59:44.122Z"", ""element_id"": ""bronze"", ""element_label"": ""Bronze"", ""element_type"": ""badge_unlock"", ""event_name"": ""shown"", ""total_trades_threshold"": 10, ""trader_id"": ""e1704662-f9fc-4997-ae7d-284d233e3b57""}",1787759984.184512
b0eca25a-c9c1-4b52-a273-a509e63a7229,e1704662-f9fc-4997-ae7d-284d233e3b57,HUMAN,shown,badge_modal,bronze,Bronze,2026-08-26T15:59:44.122Z,2026-08-26T15:59:44.191477+00:00,"{""client_ts"": ""2026-08-26T15:59:44.122Z"", ""element_id"": ""bronze"", ""element_label"": ""Bronze"", ""element_type"": ""badge_modal"", ""event_name"": ""shown"", ""message"": ""Level up! Doing well"", ""total_trades"": 10, ""trader_id"": ""e1704662-f9fc-4997-ae7d-284d233e3b57""}",1787759984.199342
b0eca25a-c9c1-4b52-a273-a509e63a7229,e1704662-f9fc-4997-ae7d-284d233e3b57,HUMAN,shown,badge_gif,bronze,Bronze,2026-08-26T15:59:44.122Z,2026-08-26T15:59:44.207137+00:00,"{""client_ts"": ""2026-08-26T15:59:44.122Z"", ""element_id"": ""bronze"", ""element_label"": ""Bronze"", ""element_type"": ""badge_gif"", ""event_name"": ""shown"", ""gif"": ""/static/trader_bridge_app/vue/assets/bronze.gif"", ""trader_id"": ""e1704662-f9fc-4997-ae7d-284d233e3b57""}",1787759984.215502
727aeab3-4e37-4074-aa8a-edb9ed62fd8f,f4e496bb-e503-420c-97a0-f6dc825fc9c7,HUMAN,shown,badge_unlock,bronze,Bronze,2026-08-26T15:59:49.365Z,2026-08-26T15:59:49.421488+00:00,"{""client_ts"": ""2026-08-26T15:59:49.365Z"", ""element_id"": ""bronze"", ""element_label"": ""Bronze"", ""element_type"": ""badge_unlock"", ""event_name"": ""shown"", ""total_trades_threshold"": 10, ""trader_id"": ""f4e496bb-e503-420c-97a0-f6dc825fc9c7""}",1787759989.429446
727aeab3-4e37-4074-aa8a-edb9ed62fd8f,f4e496bb-e503-420c-97a0-f6dc825fc9c7,HUMAN,shown,badge_modal,bronze,Bronze,2026-08-26T15:59:49.365Z,2026-08-26T15:59:49.433969+00:00,"{""client_ts"": ""2026-08-26T15:59:49.365Z"", ""element_id"": ""bronze"", ""element_label"": ""Bronze"", ""element_type"": ""badge_modal"", ""event_name"": ""shown"", ""message"": ""Level up! Doing well"", ""total_trades"": 10, ""trader_id"": ""f4e496bb-e503-420c-97a0-f6dc825fc9c7""}",1787759989.442029
727aeab3-4e37-4074-aa8a-edb9ed62fd8f,f4e496bb-e503-420c-97a0-f6dc825fc9c7,HUMAN,shown,badge_gif,bronze,Bronze,2026-08-26T15:59:49.365Z,2026-08-26T15:59:49.446231+00:00,"{""client_ts"": ""2026-08-26T15:59:49.365Z"", ""element_id"": ""bronze"", ""element_label"": ""Bronze"", ""element_type"": ""badge_gif"", ""event_name"": ""shown"", ""gif"": ""/static/trader_bridge_app/vue/assets/bronze.gif"", ""trader_id"": ""f4e496bb-e503-420c-97a0-f6dc825fc9c7""}",1787759989.453584
727aeab3-4e37-4074-aa8a-edb9ed62fd8f,9ac2441c-65de-4140-886b-e041aa13f30c,HUMAN,shown,badge_unlock,silver,Silver,2026-08-26T16:00:07.633Z,2026-08-26T16:00:07.696957+00:00,"{""client_ts"": ""2026-08-26T16:00:07.633Z"", ""element_id"": ""silver"", ""element_label"": ""Silver"", ""element_type"": ""badge_unlock"", ""event_name"": ""shown"", ""total_trades_threshold"": 15, ""trader_id"": ""9ac2441c-65de-4140-886b-e041aa13f30c""}",1787760007.707391
727aeab3-4e37-4074-aa8a-edb9ed62fd8f,9ac2441c-65de-4140-886b-e041aa13f30c,HUMAN,shown,badge_modal,silver,Silver,2026-08-26T16:00:07.633Z,2026-08-26T16:00:07.711835+00:00,"{""client_ts"": ""2026-08-26T16:00:07.633Z"", ""element_id"": ""silver"", ""element_label"": ""Silver"", ""element_type"": ""badge_modal"", ""event_name"": ""shown"", ""message"": ""You belong on the trading floor!"", ""total_trades"": 15, ""trader_id"": ""9ac2441c-65de-4140-886b-e041aa13f30c""}",1787760007.723696
727aeab3-4e37-4074-aa8a-edb9ed62fd8f,9ac2441c-65de-4140-886b-e041aa13f30c,HUMAN,shown,badge_gif,silver,Silver,2026-08-26T16:00:07.633Z,2026-08-26T16:00:07.728924+00:00,"{""client_ts"": ""2026-08-26T16:00:07.633Z"", ""element_id"": ""silver"", ""element_label"": ""Silver"", ""element_type"": ""badge_gif"", ""event_name"": ""shown"", ""gif"": ""/static/trader_bridge_app/vue/assets/silver.gif"", ""trader_id"": ""9ac2441c-65de-4140-886b-e041aa13f30c""}",1787760007.739102
b0eca25a-c9c1-4b52-a273-a509e63a7229,ae15d7f0-ae5f-4399-9bdd-5751a9cf2a9b,HUMAN,shown,trend_alert,down-streak,down-streak,2026-08-26T16:00:14.296Z,2026-08-26T16:00:14.353653+00:00,"{""client_ts"": ""2026-08-26T16:00:14.296Z"", ""element_id"": ""down-streak"", ""element_label"": ""down-streak"", ""element_type"": ""trend_alert"", ""event_name"": ""shown"", ""message"": ""Price went down 3 times in the last 5 ticks!"", ""trader_id"": ""ae15d7f0-ae5f-4399-9bdd-5751a9cf2a9b""}",1787760014.361488
b0eca25a-c9c1-4b52-a273-a509e63a7229,e1704662-f9fc-4997-ae7d-284d233e3b57,HUMAN,shown,trend_alert,down-streak,down-streak,2026-08-26T16:00:14.298Z,2026-08-26T16:00:14.366282+00:00,"{""client_ts"": ""2026-08-26T16:00:14.298Z"", ""element_id"": ""down-streak"", ""element_label"": ""down-streak"", ""element_type"": ""trend_alert"", ""event_name"": ""shown"", ""message"": ""Price went down 3 times in the last 5 ticks!"", ""trader_id"": ""e1704662-f9fc-4997-ae7d-284d233e3b57""}",1787760014.373715
b0eca25a-c9c1-4b52-a273-a509e63a7229,7b0d7d06-d31a-4713-9086-86a852529422,HUMAN,shown,trend_alert,down-streak,down-streak,2026-08-26T16:00:14.296Z,2026-08-26T16:00:14.377285+00:00,"{""client_ts"": ""2026-08-26T16:00:14.296Z"", ""element_id"": ""down-streak"", ""element_label"": ""down-streak"", ""element_type"": ""trend_alert"", ""event_name"": ""shown"", ""message"": ""Price went down 3 times in the last 5 ticks!"", ""trader_id"": ""7b0d7d06-d31a-4713-9086-86a852529422""}",1787760014.38439
b0eca25a-c9c1-4b52-a273-a509e63a7229,2b4b0db0-a220-4399-95d6-50f92fe7210b,HUMAN,shown,trend_alert,down-streak,down-streak,2026-08-26T16:00:14.306Z,2026-08-26T16:00:14.388071+00:00,"{""client_ts"": ""2026-08-26T16:00:14.306Z"", ""element_id"": ""down-streak"", ""element_label"": ""down-streak"", ""element_type"": ""trend_alert"", ""event_name"": ""shown"", ""message"": ""Price went down 3 times in the last 5 ticks!"", ""trader_id"": ""2b4b0db0-a220-4399-95d6-50f92fe7210b""}",1787760014.39533
b0eca25a-c9c1-4b52-a273-a509e63a7229,0671e4cf-2b62-424f-ae00-209c7fe17584,HUMAN,shown,trend_alert,down-streak,down-streak,2026-08-26T16:00:14.310Z,2026-08-26T16:00:14.402009+00:00,"{""client_ts"": ""2026-08-26T16:00:14.310Z"", ""element_id"": ""down-streak"", ""element_label"": ""down-streak"", ""element_type"": ""trend_alert"", ""event_name"": ""shown"", ""message"": ""Price went down 3 times in the last 5 ticks!"", ""trader_id"": ""0671e4cf-2b62-424f-ae00-209c7fe17584""}",1787760014.409403
b0eca25a-c9c1-4b52-a273-a509e63a7229,f12504f3-11d0-4327-8b7a-bc23496e0389,HUMAN,shown,trend_alert,down-streak,down-streak,2026-08-26T16:00:14.301Z,2026-08-26T16:00:14.412962+00:00,"{""client_ts"": ""2026-08-26T16:00:14.301Z"", ""element_id"": ""down-streak"", ""element_label"": ""down-streak"", ""element_type"": ""trend_alert"", ""event_name"": ""shown"", ""message"": ""Price went down 3 times in the last 5 ticks!"", ""trader_id"": ""f12504f3-11d0-4327-8b7a-bc23496e0389""}",1787760014.42504
b0eca25a-c9c1-4b52-a273-a509e63a7229,7b0d7d06-d31a-4713-9086-86a852529422,HUMAN,shown,badge_unlock,bronze,Bronze,2026-08-26T16:00:21.118Z,2026-08-26T16:00:21.176252+00:00,"{""client_ts"": ""2026-08-26T16:00:21.118Z"", ""element_id"": ""bronze"", ""element_label"": ""Bronze"", ""element_type"": ""badge_unlock"", ""event_name"": ""shown"", ""total_trades_threshold"": 10, ""trader_id"": ""7b0d7d06-d31a-4713-9086-86a852529422""}",1787760021.184797
b0eca25a-c9c1-4b52-a273-a509e63a7229,7b0d7d06-d31a-4713-9086-86a852529422,HUMAN,shown,badge_modal,bronze,Bronze,2026-08-26T16:00:21.118Z,2026-08-26T16:00:21.189441+00:00,"{""client_ts"": ""2026-08-26T16:00:21.118Z"", ""element_id"": ""bronze"", ""element_label"": ""Bronze"", ""element_type"": ""badge_modal"", ""event_name"": ""shown"", ""message"": ""Level up! Doing well"", ""total_trades"": 10, ""trader_id"": ""7b0d7d06-d31a-4713-9086-86a852529422""}",1787760021.19768
b0eca25a-c9c1-4b52-a273-a509e63a7229,7b0d7d06-d31a-4713-9086-86a852529422,HUMAN,shown,badge_gif,bronze,Bronze,2026-08-26T16:00:21.118Z,2026-08-26T16:00:21.201887+00:00,"{""client_ts"": ""2026-08-26T16:00:21.118Z"", ""element_id"": ""bronze"", ""element_label"": ""Bronze"", ""element_type"": ""badge_gif"", ""event_name"": ""shown"", ""gif"": ""/static/trader_bridge_app/vue/assets/bronze.gif"", ""trader_id"": ""7b0d7d06-d31a-4713-9086-86a852529422""}",1787760021.209469
468bae16-01fa-4b28-8367-2b7fc01e7aa7,b44a4e84-5176-4bdf-bbd6-a803eeda8f89,HUMAN,shown,badge_unlock,bronze,Bronze,2026-08-26T16:00:26.813Z,2026-08-26T16:00:26.903809+00:00,"{""client_ts"": ""2026-08-26T16:00:26.813Z"", ""element_id"": ""bronze"", ""element_label"": ""Bronze"", ""element_type"": ""badge_unlock"", ""event_name"": ""shown"", ""total_trades_threshold"": 10, ""trader_id"": ""b44a4e84-5176-4bdf-bbd6-a803eeda8f89""}",1787760026.912673
468bae16-01fa-4b28-8367-2b7fc01e7aa7,b44a4e84-5176-4bdf-bbd6-a803eeda8f89,HUMAN,shown,badge_modal,bronze,Bronze,2026-08-26T16:00:26.813Z,2026-08-26T16:00:26.917137+00:00,"{""client_ts"": ""2026-08-26T16:00:26.813Z"", ""element_id"": ""bronze"", ""element_label"": ""Bronze"", ""element_type"": ""badge_modal"", ""event_name"": ""shown"", ""message"": ""Level up! Doing well"", ""total_trades"": 10, ""trader_id"": ""b44a4e84-5176-4bdf-bbd6-a803eeda8f89""}",1787760026.924903
468bae16-01fa-4b28-8367-2b7fc01e7aa7,b44a4e84-5176-4bdf-bbd6-a803eeda8f89,HUMAN,shown,badge_gif,bronze,Bronze,2026-08-26T16:00:26.813Z,2026-08-26T16:00:26.929490+00:00,"{""client_ts"": ""2026-08-26T16:00:26.813Z"", ""element_id"": ""bronze"", ""element_label"": ""Bronze"", ""element_type"": ""badge_gif"", ""event_name"": ""shown"", ""gif"": ""/static/trader_bridge_app/vue/assets/bronze.gif"", ""trader_id"": ""b44a4e84-5176-4bdf-bbd6-a803eeda8f89""}",1787760026.937026
468bae16-01fa-4b28-8367-2b7fc01e7aa7,2599d1e4-f216-4dc7-9669-3ec27c6aadcd,HUMAN,shown,badge_unlock,bronze,Bronze,2026-08-26T16:00:26.878Z,2026-08-26T16:00:26.944126+00:00,"{""client_ts"": ""2026-08-26T16:00:26.878Z"", ""element_id"": ""bronze"", ""element_label"": ""Bronze"", ""element_type"": ""badge_unlock"", ""event_name"": ""shown"", ""total_trades_threshold"": 10, ""trader_id"": ""2599d1e4-f216-4dc7-9669-3ec27c6aadcd""}",1787760026.952271
468bae16-01fa-4b28-8367-2b7fc01e7aa7,2599d1e4-f216-4dc7-9669-3ec27c6aadcd,HUMAN,shown,badge_modal,bronze,Bronze,2026-08-26T16:00:26.878Z,2026-08-26T16:00:26.957087+00:00,"{""client_ts"": ""2026-08-26T16:00:26.878Z"", ""element_id"": ""bronze"", ""element_label"": ""Bronze"", ""element_type"": ""badge_modal"", ""event_name"": ""shown"", ""message"": ""Level up! Doing well"", ""total_trades"": 10, ""trader_id"": ""2599d1e4-f216-4dc7-9669-3ec27c6aadcd""}",1787760026.964973
468bae16-01fa-4b28-8367-2b7fc01e7aa7,2599d1e4-f216-4dc7-9669-3ec27c6aadcd,HUMAN,shown,badge_gif,bronze,Bronze,2026-08-26T16:00:26.878Z,2026-08-26T16:00:26.969705+00:00,"{""client_ts"": ""2026-08-26T16:00:26.878Z"", ""element_id"": ""bronze"", ""element_label"": ""Bronze"", ""element_type"": ""badge_gif"", ""event_name"": ""shown"", ""gif"": ""/static/trader_bridge_app/vue/assets/bronze.gif"", ""trader_id"": ""2599d1e4-f216-4dc7-9669-3ec27c6aadcd""}",1787760026.978855
b0eca25a-c9c1-4b52-a273-a509e63a7229,e1704662-f9fc-4997-ae7d-284d233e3b57,HUMAN,shown,badge_unlock,silver,Silver,2026-08-26T16:01:11.231Z,2026-08-26T16:01:11.285951+00:00,"{""client_ts"": ""2026-08-26T16:01:11.231Z"", ""element_id"": ""silver"", ""element_label"": ""Silver"", ""element_type"": ""badge_unlock"", ""event_name"": ""shown"", ""total_trades_threshold"": 15, ""trader_id"": ""e1704662-f9fc-4997-ae7d-284d233e3b57""}",1787760071.294107
b0eca25a-c9c1-4b52-a273-a509e63a7229,e1704662-f9fc-4997-ae7d-284d233e3b57,HUMAN,shown,badge_modal,silver,Silver,2026-08-26T16:01:11.231Z,2026-08-26T16:01:11.300882+00:00,"{""client_ts"": ""2026-08-26T16:01:11.231Z"", ""element_id"": ""silver"", ""element_label"": ""Silver"", ""element_type"": ""badge_modal"", ""event_name"": ""shown"", ""message"": ""You belong on the trading floor!"", ""total_trades"": 15, ""trader_id"": ""e1704662-f9fc-4997-ae7d-284d233e3b57""}",1787760071.308887
b0eca25a-c9c1-4b52-a273-a509e63a7229,e1704662-f9fc-4997-ae7d-284d233e3b57,HUMAN,shown,badge_gif,silver,Silver,2026-08-26T16:01:11.232Z,2026-08-26T16:01:11.315774+00:00,"{""client_ts"": ""2026-08-26T16:01:11.232Z"", ""element_id"": ""silver"", ""element_label"": ""Silver"", ""element_type"": ""badge_gif"", ""event_name"": ""shown"", ""gif"": ""/static/trader_bridge_app/vue/assets/silver.gif"", ""trader_id"": ""e1704662-f9fc-4997-ae7d-284d233e3b57""}",1787760071.324008
727aeab3-4e37-4074-aa8a-edb9ed62fd8f,0ab415f9-45fc-4008-bf72-fc8e5659f749,HUMAN,shown,badge_unlock,bronze,Bronze,2026-08-26T16:01:14.913Z,2026-08-26T16:01:14.969400+00:00,"{""client_ts"": ""2026-08-26T16:01:14.913Z"", ""element_id"": ""bronze"", ""element_label"": ""Bronze"", ""element_type"": ""badge_unlock"", ""event_name"": ""shown"", ""total_trades_threshold"": 10, ""trader_id"": ""0ab415f9-45fc-4008-bf72-fc8e5659f749""}",1787760074.978146
727aeab3-4e37-4074-aa8a-edb9ed62fd8f,0ab415f9-45fc-4008-bf72-fc8e5659f749,HUMAN,shown,badge_modal,bronze,Bronze,2026-08-26T16:01:14.914Z,2026-08-26T16:01:15.038449+00:00,"{""client_ts"": ""2026-08-26T16:01:14.914Z"", ""element_id"": ""bronze"", ""element_label"": ""Bronze"", ""element_type"": ""badge_modal"", ""event_name"": ""shown"", ""message"": ""Level up! Doing well"", ""total_trades"": 10, ""trader_id"": ""0ab415f9-45fc-4008-bf72-fc8e5659f749""}",1787760075.049572
727aeab3-4e37-4074-aa8a-edb9ed62fd8f,0ab415f9-45fc-4008-bf72-fc8e5659f749,HUMAN,shown,badge_gif,bronze,Bronze,2026-08-26T16:01:14.914Z,2026-08-26T16:01:15.054489+00:00,"{""client_ts"": ""2026-08-26T16:01:14.914Z"", ""element_id"": ""bronze"", ""element_label"": ""Bronze"", ""element_type"": ""badge_gif"", ""event_name"": ""shown"", ""gif"": ""/static/trader_bridge_app/vue/assets/bronze.gif"", ""trader_id"": ""0ab415f9-45fc-4008-bf72-fc8e5659f749""}",1787760075.062678
727aeab3-4e37-4074-aa8a-edb9ed62fd8f,9d9fb988-56a1-480a-b9ae-0966b32c2ac4,HUMAN,shown,badge_unlock,bronze,Bronze,2026-08-26T16:01:45.839Z,2026-08-26T16:01:45.897136+00:00,"{""client_ts"": ""2026-08-26T16:01:45.839Z"", ""element_id"": ""bronze"", ""element_label"": ""Bronze"", ""element_type"": ""badge_unlock"", ""event_name"": ""shown"", ""total_trades_threshold"": 10, ""trader_id"": ""9d9fb988-56a1-480a-b9ae-0966b32c2ac4""}",1787760105.905199
727aeab3-4e37-4074-aa8a-edb9ed62fd8f,9d9fb988-56a1-480a-b9ae-0966b32c2ac4,HUMAN,shown,badge_modal,bronze,Bronze,2026-08-26T16:01:45.839Z,2026-08-26T16:01:45.909575+00:00,"{""client_ts"": ""2026-08-26T16:01:45.839Z"", ""element_id"": ""bronze"", ""element_label"": ""Bronze"", ""element_type"": ""badge_modal"", ""event_name"": ""shown"", ""message"": ""Level up! Doing well"", ""total_trades"": 10, ""trader_id"": ""9d9fb988-56a1-480a-b9ae-0966b32c2ac4""}",1787760105.917651
727aeab3-4e37-4074-aa8a-edb9ed62fd8f,9d9fb988-56a1-480a-b9ae-0966b32c2ac4,HUMAN,shown,badge_gif,bronze,Bronze,2026-08-26T16:01:45.839Z,2026-08-26T16:01:45.921783+00:00,"{""client_ts"": ""2026-08-26T16:01:45.839Z"", ""element_id"": ""bronze"", ""element_label"": ""Bronze"", ""element_type"": ""badge_gif"", ""event_name"": ""shown"", ""gif"": ""/static/trader_bridge_app/vue/assets/bronze.gif"", ""trader_id"": ""9d9fb988-56a1-480a-b9ae-0966b32c2ac4""}",1787760105.929882
468bae16-01fa-4b28-8367-2b7fc01e7aa7,4d3bbd69-519e-4f2d-86af-d252ccfd1141,HUMAN,shown,trend_alert,up-streak,up-streak,2026-08-26T16:01:46.827Z,2026-08-26T16:01:46.876892+00:00,"{""client_ts"": ""2026-08-26T16:01:46.827Z"", ""element_id"": ""up-streak"", ""element_label"": ""up-streak"", ""element_type"": ""trend_alert"", ""event_name"": ""shown"", ""message"": ""Price went up 3 times in the last 5 ticks!"", ""trader_id"": ""4d3bbd69-519e-4f2d-86af-d252ccfd1141""}",1787760106.885062
468bae16-01fa-4b28-8367-2b7fc01e7aa7,daaf568f-afa2-4c5e-bef3-55028aa36749,HUMAN,shown,trend_alert,up-streak,up-streak,2026-08-26T16:01:46.817Z,2026-08-26T16:01:46.889920+00:00,"{""client_ts"": ""2026-08-26T16:01:46.817Z"", ""element_id"": ""up-streak"", ""element_label"": ""up-streak"", ""element_type"": ""trend_alert"", ""event_name"": ""shown"", ""message"": ""Price went up 3 times in the last 5 ticks!"", ""trader_id"": ""daaf568f-afa2-4c5e-bef3-55028aa36749""}",1787760106.898048
468bae16-01fa-4b28-8367-2b7fc01e7aa7,2599d1e4-f216-4dc7-9669-3ec27c6aadcd,HUMAN,shown,trend_alert,up-streak,up-streak,2026-08-26T16:01:46.824Z,2026-08-26T16:01:46.901823+00:00,"{""client_ts"": ""2026-08-26T16:01:46.824Z"", ""element_id"": ""up-streak"", ""element_label"": ""up-streak"", ""element_type"": ""trend_alert"", ""event_name"": ""shown"", ""message"": ""Price went up 3 times in the last 5 ticks!"", ""trader_id"": ""2599d1e4-f216-4dc7-9669-3ec27c6aadcd""}",1787760106.909434
468bae16-01fa-4b28-8367-2b7fc01e7aa7,b44a4e84-5176-4bdf-bbd6-a803eeda8f89,HUMAN,shown,trend_alert,up-streak,up-streak,2026-08-26T16:01:46.788Z,2026-08-26T16:01:46.916687+00:00,"{""client_ts"": ""2026-08-26T16:01:46.788Z"", ""element_id"": ""up-streak"", ""element_label"": ""up-streak"", ""element_type"": ""trend_alert"", ""event_name"": ""shown"", ""message"": ""Price went up 3 times in the last 5 ticks!"", ""trader_id"": ""b44a4e84-5176-4bdf-bbd6-a803eeda8f89""}",1787760106.924454
468bae16-01fa-4b28-8367-2b7fc01e7aa7,2599d1e4-f216-4dc7-9669-3ec27c6aadcd,HUMAN,shown,badge_unlock,silver,Silver,2026-08-26T16:01:47.896Z,2026-08-26T16:01:47.951562+00:00,"{""client_ts"": ""2026-08-26T16:01:47.896Z"", ""element_id"": ""silver"", ""element_label"": ""Silver"", ""element_type"": ""badge_unlock"", ""event_name"": ""shown"", ""total_trades_threshold"": 15, ""trader_id"": ""2599d1e4-f216-4dc7-9669-3ec27c6aadcd""}",1787760107.960245
468bae16-01fa-4b28-8367-2b7fc01e7aa7,2599d1e4-f216-4dc7-9669-3ec27c6aadcd,HUMAN,shown,badge_modal,silver,Silver,2026-08-26T16:01:47.896Z,2026-08-26T16:01:47.965295+00:00,"{""client_ts"": ""2026-08-26T16:01:47.896Z"", ""element_id"": ""silver"", ""element_label"": ""Silver"", ""element_type"": ""badge_modal"", ""event_name"": ""shown"", ""message"": ""You belong on the trading floor!"", ""total_trades"": 15, ""trader_id"": ""2599d1e4-f216-4dc7-9669-3ec27c6aadcd""}",1787760107.976765
468bae16-01fa-4b28-8367-2b7fc01e7aa7,2599d1e4-f216-4dc7-9669-3ec27c6aadcd,HUMAN,shown,badge_gif,silver,Silver,2026-08-26T16:01:47.896Z,2026-08-26T16:01:47.981896+00:00,"{""client_ts"": ""2026-08-26T16:01:47.896Z"", ""element_id"": ""silver"", ""element_label"": ""Silver"", ""element_type"": ""badge_gif"", ""event_name"": ""shown"", ""gif"": ""/static/trader_bridge_app/vue/assets/silver.gif"", ""trader_id"": ""2599d1e4-f216-4dc7-9669-3ec27c6aadcd""}",1787760107.992549
b0eca25a-c9c1-4b52-a273-a509e63a7229,7b0d7d06-d31a-4713-9086-86a852529422,HUMAN,shown,trend_alert,down-streak,down-streak,2026-08-26T16:01:51.327Z,2026-08-26T16:01:51.387053+00:00,"{""client_ts"": ""2026-08-26T16:01:51.327Z"", ""element_id"": ""down-streak"", ""element_label"": ""down-streak"", ""element_type"": ""trend_alert"", ""event_name"": ""shown"", ""message"": ""Price went down 3 times in the last 5 ticks!"", ""trader_id"": ""7b0d7d06-d31a-4713-9086-86a852529422""}",1787760111.394753
b0eca25a-c9c1-4b52-a273-a509e63a7229,ae15d7f0-ae5f-4399-9bdd-5751a9cf2a9b,HUMAN,shown,trend_alert,down-streak,down-streak,2026-08-26T16:01:51.334Z,2026-08-26T16:01:51.399691+00:00,"{""client_ts"": ""2026-08-26T16:01:51.334Z"", ""element_id"": ""down-streak"", ""element_label"": ""down-streak"", ""element_type"": ""trend_alert"", ""event_name"": ""shown"", ""message"": ""Price went down 3 times in the last 5 ticks!"", ""trader_id"": ""ae15d7f0-ae5f-4399-9bdd-5751a9cf2a9b""}",1787760111.407717
b0eca25a-c9c1-4b52-a273-a509e63a7229,0671e4cf-2b62-424f-ae00-209c7fe17584,HUMAN,shown,trend_alert,down-streak,down-streak,2026-08-26T16:01:51.342Z,2026-08-26T16:01:51.412362+00:00,"{""client_ts"": ""2026-08-26T16:01:51.342Z"", ""element_id"": ""down-streak"", ""element_label"": ""down-streak"", ""element_type"": ""trend_alert"", ""event_name"": ""shown"", ""message"": ""Price went down 3 times in the last 5 ticks!"", ""trader_id"": ""0671e4cf-2b62-424f-ae00-209c7fe17584""}",1787760111.419864
b0eca25a-c9c1-4b52-a273-a509e63a7229,2b4b0db0-a220-4399-95d6-50f92fe7210b,HUMAN,shown,trend_alert,down-streak,down-streak,2026-08-26T16:01:51.340Z,2026-08-26T16:01:51.423397+00:00,"{""client_ts"": ""2026-08-26T16:01:51.340Z"", ""element_id"": ""down-streak"", ""element_label"": ""down-streak"", ""element_type"": ""trend_alert"", ""event_name"": ""shown"", ""message"": ""Price went down 3 times in the last 5 ticks!"", ""trader_id"": ""2b4b0db0-a220-4399-95d6-50f92fe7210b""}",1787760111.431213
b0eca25a-c9c1-4b52-a273-a509e63a7229,f12504f3-11d0-4327-8b7a-bc23496e0389,HUMAN,shown,trend_alert,down-streak,down-streak,2026-08-26T16:01:51.333Z,2026-08-26T16:01:51.434909+00:00,"{""client_ts"": ""2026-08-26T16:01:51.333Z"", ""element_id"": ""down-streak"", ""element_label"": ""down-streak"", ""element_type"": ""trend_alert"", ""event_name"": ""shown"", ""message"": ""Price went down 3 times in the last 5 ticks!"", ""trader_id"": ""f12504f3-11d0-4327-8b7a-bc23496e0389""}",1787760111.441919
b0eca25a-c9c1-4b52-a273-a509e63a7229,e1704662-f9fc-4997-ae7d-284d233e3b57,HUMAN,shown,trend_alert,down-streak,down-streak,2026-08-26T16:01:51.338Z,2026-08-26T16:01:51.445758+00:00,"{""client_ts"": ""2026-08-26T16:01:51.338Z"", ""element_id"": ""down-streak"", ""element_label"": ""down-streak"", ""element_type"": ""trend_alert"", ""event_name"": ""shown"", ""message"": ""Price went down 3 times in the last 5 ticks!"", ""trader_id"": ""e1704662-f9fc-4997-ae7d-284d233e3b57""}",1787760111.453277
b0eca25a-c9c1-4b52-a273-a509e63a7229,0671e4cf-2b62-424f-ae00-209c7fe17584,HUMAN,shown,badge_unlock,bronze,Bronze,2026-08-26T16:02:00.332Z,2026-08-26T16:02:00.379153+00:00,"{""client_ts"": ""2026-08-26T16:02:00.332Z"", ""element_id"": ""bronze"", ""element_label"": ""Bronze"", ""element_type"": ""badge_unlock"", ""event_name"": ""shown"", ""total_trades_threshold"": 10, ""trader_id"": ""0671e4cf-2b62-424f-ae00-209c7fe17584""}",1787760120.387408
b0eca25a-c9c1-4b52-a273-a509e63a7229,0671e4cf-2b62-424f-ae00-209c7fe17584,HUMAN,shown,badge_modal,bronze,Bronze,2026-08-26T16:02:00.332Z,2026-08-26T16:02:00.394666+00:00,"{""client_ts"": ""2026-08-26T16:02:00.332Z"", ""element_id"": ""bronze"", ""element_label"": ""Bronze"", ""element_type"": ""badge_modal"", ""event_name"": ""shown"", ""message"": ""Level up! Doing well"", ""total_trades"": 10, ""trader_id"": ""0671e4cf-2b62-424f-ae00-209c7fe17584""}",1787760120.401833
b0eca25a-c9c1-4b52-a273-a509e63a7229,0671e4cf-2b62-424f-ae00-209c7fe17584,HUMAN,shown,badge_gif,bronze,Bronze,2026-08-26T16:02:00.332Z,2026-08-26T16:02:00.409559+00:00,"{""client_ts"": ""2026-08-26T16:02:00.332Z"", ""element_id"": ""bronze"", ""element_label"": ""Bronze"", ""element_type"": ""badge_gif"", ""event_name"": ""shown"", ""gif"": ""/static/trader_bridge_app/vue/assets/bronze.gif"", ""trader_id"": ""0671e4cf-2b62-424f-ae00-209c7fe17584""}",1787760120.417847
ac549451-4a1c-4748-8b9c-d516efd866a0,237a72fb-6e65-400d-a2cc-d6ec525c558f,HUMAN,shown,trend_alert,up-streak,up-streak,2026-08-26T16:02:34.120Z,2026-08-26T16:02:34.178461+00:00,"{""client_ts"": ""2026-08-26T16:02:34.120Z"", ""element_id"": ""up-streak"", ""element_label"": ""up-streak"", ""element_type"": ""trend_alert"", ""event_name"": ""shown"", ""message"": ""Price went up 3 times in the last 5 ticks!"", ""trader_id"": ""237a72fb-6e65-400d-a2cc-d6ec525c558f""}",1787760154.18744
ac549451-4a1c-4748-8b9c-d516efd866a0,2fb1ad28-7638-4d5a-b295-934c375f4224,HUMAN,shown,trend_alert,up-streak,up-streak,2026-08-26T16:02:34.119Z,2026-08-26T16:02:34.190669+00:00,"{""client_ts"": ""2026-08-26T16:02:34.119Z"", ""element_id"": ""up-streak"", ""element_label"": ""up-streak"", ""element_type"": ""trend_alert"", ""event_name"": ""shown"", ""message"": ""Price went up 3 times in the last 5 ticks!"", ""trader_id"": ""2fb1ad28-7638-4d5a-b295-934c375f4224""}",1787760154.197952
ac549451-4a1c-4748-8b9c-d516efd866a0,7a5364a3-a631-4d34-b8c6-1cba96b6888a,HUMAN,shown,trend_alert,up-streak,up-streak,2026-08-26T16:02:34.123Z,2026-08-26T16:02:34.202105+00:00,"{""client_ts"": ""2026-08-26T16:02:34.123Z"", ""element_id"": ""up-streak"", ""element_label"": ""up-streak"", ""element_type"": ""trend_alert"", ""event_name"": ""shown"", ""message"": ""Price went up 3 times in the last 5 ticks!"", ""trader_id"": ""7a5364a3-a631-4d34-b8c6-1cba96b6888a""}",1787760154.210001
ac549451-4a1c-4748-8b9c-d516efd866a0,788e99d7-1dc5-4619-acfd-9c25ea29b078,HUMAN,shown,trend_alert,up-streak,up-streak,2026-08-26T16:02:34.115Z,2026-08-26T16:02:34.213382+00:00,"{""client_ts"": ""2026-08-26T16:02:34.115Z"", ""element_id"": ""up-streak"", ""element_label"": ""up-streak"", ""element_type"": ""trend_alert"", ""event_name"": ""shown"", ""message"": ""Price went up 3 times in the last 5 ticks!"", ""trader_id"": ""788e99d7-1dc5-4619-acfd-9c25ea29b078""}",1787760154.221356
468bae16-01fa-4b28-8367-2b7fc01e7aa7,2f360b88-54c4-42c4-b310-c283fdf13010,HUMAN,shown,badge_unlock,bronze,Bronze,2026-08-26T16:03:12.829Z,2026-08-26T16:03:12.889756+00:00,"{""client_ts"": ""2026-08-26T16:03:12.829Z"", ""element_id"": ""bronze"", ""element_label"": ""Bronze"", ""element_type"": ""badge_unlock"", ""event_name"": ""shown"", ""total_trades_threshold"": 10, ""trader_id"": ""2f360b88-54c4-42c4-b310-c283fdf13010""}",1787760192.897591
468bae16-01fa-4b28-8367-2b7fc01e7aa7,2f360b88-54c4-42c4-b310-c283fdf13010,HUMAN,shown,badge_modal,bronze,Bronze,2026-08-26T16:03:12.829Z,2026-08-26T16:03:12.904768+00:00,"{""client_ts"": ""2026-08-26T16:03:12.829Z"", ""element_id"": ""bronze"", ""element_label"": ""Bronze"", ""element_type"": ""badge_modal"", ""event_name"": ""shown"", ""message"": ""Level up! Doing well"", ""total_trades"": 10, ""trader_id"": ""2f360b88-54c4-42c4-b310-c283fdf13010""}",1787760192.913078
468bae16-01fa-4b28-8367-2b7fc01e7aa7,2f360b88-54c4-42c4-b310-c283fdf13010,HUMAN,shown,badge_gif,bronze,Bronze,2026-08-26T16:03:12.829Z,2026-08-26T16:03:12.917624+00:00,"{""client_ts"": ""2026-08-26T16:03:12.829Z"", ""element_id"": ""bronze"", ""element_label"": ""Bronze"", ""element_type"": ""badge_gif"", ""event_name"": ""shown"", ""gif"": ""/static/trader_bridge_app/vue/assets/bronze.gif"", ""trader_id"": ""2f360b88-54c4-42c4-b310-c283fdf13010""}",1787760192.925409
727aeab3-4e37-4074-aa8a-edb9ed62fd8f,0ab415f9-45fc-4008-bf72-fc8e5659f749,HUMAN,shown,badge_unlock,silver,Silver,2026-08-26T16:03:14.647Z,2026-08-26T16:03:14.748084+00:00,"{""client_ts"": ""2026-08-26T16:03:14.647Z"", ""element_id"": ""silver"", ""element_label"": ""Silver"", ""element_type"": ""badge_unlock"", ""event_name"": ""shown"", ""total_trades_threshold"": 15, ""trader_id"": ""0ab415f9-45fc-4008-bf72-fc8e5659f749""}",1787760194.755499
727aeab3-4e37-4074-aa8a-edb9ed62fd8f,0ab415f9-45fc-4008-bf72-fc8e5659f749,HUMAN,shown,badge_modal,silver,Silver,2026-08-26T16:03:14.647Z,2026-08-26T16:03:14.759235+00:00,"{""client_ts"": ""2026-08-26T16:03:14.647Z"", ""element_id"": ""silver"", ""element_label"": ""Silver"", ""element_type"": ""badge_modal"", ""event_name"": ""shown"", ""message"": ""You belong on the trading floor!"", ""total_trades"": 15, ""trader_id"": ""0ab415f9-45fc-4008-bf72-fc8e5659f749""}",1787760194.767358
727aeab3-4e37-4074-aa8a-edb9ed62fd8f,0ab415f9-45fc-4008-bf72-fc8e5659f749,HUMAN,shown,badge_gif,silver,Silver,2026-08-26T16:03:14.647Z,2026-08-26T16:03:14.775240+00:00,"{""client_ts"": ""2026-08-26T16:03:14.647Z"", ""element_id"": ""silver"", ""element_label"": ""Silver"", ""element_type"": ""badge_gif"", ""event_name"": ""shown"", ""gif"": ""/static/trader_bridge_app/vue/assets/silver.gif"", ""trader_id"": ""0ab415f9-45fc-4008-bf72-fc8e5659f749""}",1787760194.786158
b0eca25a-c9c1-4b52-a273-a509e63a7229,ae15d7f0-ae5f-4399-9bdd-5751a9cf2a9b,HUMAN,shown,badge_unlock,bronze,Bronze,2026-08-26T16:03:18.074Z,2026-08-26T16:03:18.127312+00:00,"{""client_ts"": ""2026-08-26T16:03:18.074Z"", ""element_id"": ""bronze"", ""element_label"": ""Bronze"", ""element_type"": ""badge_unlock"", ""event_name"": ""shown"", ""total_trades_threshold"": 10, ""trader_id"": ""ae15d7f0-ae5f-4399-9bdd-5751a9cf2a9b""}",1787760198.136234
b0eca25a-c9c1-4b52-a273-a509e63a7229,ae15d7f0-ae5f-4399-9bdd-5751a9cf2a9b,HUMAN,shown,badge_modal,bronze,Bronze,2026-08-26T16:03:18.074Z,2026-08-26T16:03:18.140791+00:00,"{""client_ts"": ""2026-08-26T16:03:18.074Z"", ""element_id"": ""bronze"", ""element_label"": ""Bronze"", ""element_type"": ""badge_modal"", ""event_name"": ""shown"", ""message"": ""Level up! Doing well"", ""total_trades"": 10, ""trader_id"": ""ae15d7f0-ae5f-4399-9bdd-5751a9cf2a9b""}",1787760198.1488
b0eca25a-c9c1-4b52-a273-a509e63a7229,ae15d7f0-ae5f-4399-9bdd-5751a9cf2a9b,HUMAN,shown,badge_gif,bronze,Bronze,2026-08-26T16:03:18.074Z,2026-08-26T16:03:18.153044+00:00,"{""client_ts"": ""2026-08-26T16:03:18.074Z"", ""element_id"": ""bronze"", ""element_label"": ""Bronze"", ""element_type"": ""badge_gif"", ""event_name"": ""shown"", ""gif"": ""/static/trader_bridge_app/vue/assets/bronze.gif"", ""trader_id"": ""ae15d7f0-ae5f-4399-9bdd-5751a9cf2a9b""}",1787760198.160551
727aeab3-4e37-4074-aa8a-edb9ed62fd8f,9d9fb988-56a1-480a-b9ae-0966b32c2ac4,HUMAN,shown,badge_unlock,silver,Silver,2026-08-26T16:03:18.739Z,2026-08-26T16:03:18.797281+00:00,"{""client_ts"": ""2026-08-26T16:03:18.739Z"", ""element_id"": ""silver"", ""element_label"": ""Silver"", ""element_type"": ""badge_unlock"", ""event_name"": ""shown"", ""total_trades_threshold"": 15, ""trader_id"": ""9d9fb988-56a1-480a-b9ae-0966b32c2ac4""}",1787760198.805558
727aeab3-4e37-4074-aa8a-edb9ed62fd8f,9d9fb988-56a1-480a-b9ae-0966b32c2ac4,HUMAN,shown,badge_modal,silver,Silver,2026-08-26T16:03:18.739Z,2026-08-26T16:03:18.809915+00:00,"{""client_ts"": ""2026-08-26T16:03:18.739Z"", ""element_id"": ""silver"", ""element_label"": ""Silver"", ""element_type"": ""badge_modal"", ""event_name"": ""shown"", ""message"": ""You belong on the trading floor!"", ""total_trades"": 15, ""trader_id"": ""9d9fb988-56a1-480a-b9ae-0966b32c2ac4""}",1787760198.817501
727aeab3-4e37-4074-aa8a-edb9ed62fd8f,9d9fb988-56a1-480a-b9ae-0966b32c2ac4,HUMAN,shown,badge_gif,silver,Silver,2026-08-26T16:03:18.739Z,2026-08-26T16:03:18.821817+00:00,"{""client_ts"": ""2026-08-26T16:03:18.739Z"", ""element_id"": ""silver"", ""element_label"": ""Silver"", ""element_type"": ""badge_gif"", ""event_name"": ""shown"", ""gif"": ""/static/trader_bridge_app/vue/assets/silver.gif"", ""trader_id"": ""9d9fb988-56a1-480a-b9ae-0966b32c2ac4""}",1787760198.83663
b0eca25a-c9c1-4b52-a273-a509e63a7229,7b0d7d06-d31a-4713-9086-86a852529422,HUMAN,shown,badge_unlock,silver,Silver,2026-08-26T16:03:49.567Z,2026-08-26T16:03:49.629593+00:00,"{""client_ts"": ""2026-08-26T16:03:49.567Z"", ""element_id"": ""silver"", ""element_label"": ""Silver"", ""element_type"": ""badge_unlock"", ""event_name"": ""shown"", ""total_trades_threshold"": 15, ""trader_id"": ""7b0d7d06-d31a-4713-9086-86a852529422""}",1787760229.637539
b0eca25a-c9c1-4b52-a273-a509e63a7229,7b0d7d06-d31a-4713-9086-86a852529422,HUMAN,shown,badge_modal,silver,Silver,2026-08-26T16:03:49.567Z,2026-08-26T16:03:49.641860+00:00,"{""client_ts"": ""2026-08-26T16:03:49.567Z"", ""element_id"": ""silver"", ""element_label"": ""Silver"", ""element_type"": ""badge_modal"", ""event_name"": ""shown"", ""message"": ""You belong on the trading floor!"", ""total_trades"": 15, ""trader_id"": ""7b0d7d06-d31a-4713-9086-86a852529422""}",1787760229.649473
b0eca25a-c9c1-4b52-a273-a509e63a7229,7b0d7d06-d31a-4713-9086-86a852529422,HUMAN,shown,badge_gif,silver,Silver,2026-08-26T16:03:49.567Z,2026-08-26T16:03:49.653553+00:00,"{""client_ts"": ""2026-08-26T16:03:49.567Z"", ""element_id"": ""silver"", ""element_label"": ""Silver"", ""element_type"": ""badge_gif"", ""event_name"": ""shown"", ""gif"": ""/static/trader_bridge_app/vue/assets/silver.gif"", ""trader_id"": ""7b0d7d06-d31a-4713-9086-86a852529422""}",1787760229.66075
b0eca25a-c9c1-4b52-a273-a509e63a7229,f12504f3-11d0-4327-8b7a-bc23496e0389,HUMAN,shown,badge_unlock,bronze,Bronze,2026-08-26T16:03:54.561Z,2026-08-26T16:03:54.614639+00:00,"{""client_ts"": ""2026-08-26T16:03:54.561Z"", ""element_id"": ""bronze"", ""element_label"": ""Bronze"", ""element_type"": ""badge_unlock"", ""event_name"": ""shown"", ""total_trades_threshold"": 10, ""trader_id"": ""f12504f3-11d0-4327-8b7a-bc23496e0389""}",1787760234.622306
b0eca25a-c9c1-4b52-a273-a509e63a7229,f12504f3-11d0-4327-8b7a-bc23496e0389,HUMAN,shown,badge_modal,bronze,Bronze,2026-08-26T16:03:54.561Z,2026-08-26T16:03:54.628991+00:00,"{""client_ts"": ""2026-08-26T16:03:54.561Z"", ""element_id"": ""bronze"", ""element_label"": ""Bronze"", ""element_type"": ""badge_modal"", ""event_name"": ""shown"", ""message"": ""Level up! Doing well"", ""total_trades"": 10, ""trader_id"": ""f12504f3-11d0-4327-8b7a-bc23496e0389""}",1787760234.636664
b0eca25a-c9c1-4b52-a273-a509e63a7229,f12504f3-11d0-4327-8b7a-bc23496e0389,HUMAN,shown,badge_gif,bronze,Bronze,2026-08-26T16:03:54.561Z,2026-08-26T16:03:54.643474+00:00,"{""client_ts"": ""2026-08-26T16:03:54.561Z"", ""element_id"": ""bronze"", ""element_label"": ""Bronze"", ""element_type"": ""badge_gif"", ""event_name"": ""shown"", ""gif"": ""/static/trader_bridge_app/vue/assets/bronze.gif"", ""trader_id"": ""f12504f3-11d0-4327-8b7a-bc23496e0389""}",1787760234.650969
727aeab3-4e37-4074-aa8a-edb9ed62fd8f,2f3e84e4-20e5-4f77-b49b-fa897c043cca,HUMAN,shown,badge_unlock,bronze,Bronze,2026-08-26T16:04:06.992Z,2026-08-26T16:04:07.057912+00:00,"{""client_ts"": ""2026-08-26T16:04:06.992Z"", ""element_id"": ""bronze"", ""element_label"": ""Bronze"", ""element_type"": ""badge_unlock"", ""event_name"": ""shown"", ""total_trades_threshold"": 10, ""trader_id"": ""2f3e84e4-20e5-4f77-b49b-fa897c043cca""}",1787760247.065998
727aeab3-4e37-4074-aa8a-edb9ed62fd8f,2f3e84e4-20e5-4f77-b49b-fa897c043cca,HUMAN,shown,badge_modal,bronze,Bronze,2026-08-26T16:04:06.993Z,2026-08-26T16:04:07.070076+00:00,"{""client_ts"": ""2026-08-26T16:04:06.993Z"", ""element_id"": ""bronze"", ""element_label"": ""Bronze"", ""element_type"": ""badge_modal"", ""event_name"": ""shown"", ""message"": ""Level up! Doing well"", ""total_trades"": 10, ""trader_id"": ""2f3e84e4-20e5-4f77-b49b-fa897c043cca""}",1787760247.077559
727aeab3-4e37-4074-aa8a-edb9ed62fd8f,2f3e84e4-20e5-4f77-b49b-fa897c043cca,HUMAN,shown,badge_gif,bronze,Bronze,2026-08-26T16:04:06.993Z,2026-08-26T16:04:07.081555+00:00,"{""client_ts"": ""2026-08-26T16:04:06.993Z"", ""element_id"": ""bronze"", ""element_label"": ""Bronze"", ""element_type"": ""badge_gif"", ""event_name"": ""shown"", ""gif"": ""/static/trader_bridge_app/vue/assets/bronze.gif"", ""trader_id"": ""2f3e84e4-20e5-4f77-b49b-fa897c043cca""}",1787760247.088908
727aeab3-4e37-4074-aa8a-edb9ed62fd8f,f4e496bb-e503-420c-97a0-f6dc825fc9c7,HUMAN,shown,badge_unlock,silver,Silver,2026-08-26T16:04:11.345Z,2026-08-26T16:04:11.413973+00:00,"{""client_ts"": ""2026-08-26T16:04:11.345Z"", ""element_id"": ""silver"", ""element_label"": ""Silver"", ""element_type"": ""badge_unlock"", ""event_name"": ""shown"", ""total_trades_threshold"": 15, ""trader_id"": ""f4e496bb-e503-420c-97a0-f6dc825fc9c7""}",1787760251.422173
727aeab3-4e37-4074-aa8a-edb9ed62fd8f,f4e496bb-e503-420c-97a0-f6dc825fc9c7,HUMAN,shown,badge_modal,silver,Silver,2026-08-26T16:04:11.345Z,2026-08-26T16:04:11.429270+00:00,"{""client_ts"": ""2026-08-26T16:04:11.345Z"", ""element_id"": ""silver"", ""element_label"": ""Silver"", ""element_type"": ""badge_modal"", ""event_name"": ""shown"", ""message"": ""You belong on the trading floor!"", ""total_trades"": 15, ""trader_id"": ""f4e496bb-e503-420c-97a0-f6dc825fc9c7""}",1787760251.436789
727aeab3-4e37-4074-aa8a-edb9ed62fd8f,f4e496bb-e503-420c-97a0-f6dc825fc9c7,HUMAN,shown,badge_gif,silver,Silver,2026-08-26T16:04:11.345Z,2026-08-26T16:04:11.444035+00:00,"{""client_ts"": ""2026-08-26T16:04:11.345Z"", ""element_id"": ""silver"", ""element_label"": ""Silver"", ""element_type"": ""badge_gif"", ""event_name"": ""shown"", ""gif"": ""/static/trader_bridge_app/vue/assets/silver.gif"", ""trader_id"": ""f4e496bb-e503-420c-97a0-f6dc825fc9c7""}",1787760251.451455
727aeab3-4e37-4074-aa8a-edb9ed62fd8f,2f3e84e4-20e5-4f77-b49b-fa897c043cca,HUMAN,shown,badge_unlock,silver,Silver,2026-08-26T16:04:30.693Z,2026-08-26T16:04:30.777364+00:00,"{""client_ts"": ""2026-08-26T16:04:30.693Z"", ""element_id"": ""silver"", ""element_label"": ""Silver"", ""element_type"": ""badge_unlock"", ""event_name"": ""shown"", ""total_trades_threshold"": 15, ""trader_id"": ""2f3e84e4-20e5-4f77-b49b-fa897c043cca""}",1787760270.784617
727aeab3-4e37-4074-aa8a-edb9ed62fd8f,2f3e84e4-20e5-4f77-b49b-fa897c043cca,HUMAN,shown,badge_modal,silver,Silver,2026-08-26T16:04:30.693Z,2026-08-26T16:04:30.789269+00:00,"{""client_ts"": ""2026-08-26T16:04:30.693Z"", ""element_id"": ""silver"", ""element_label"": ""Silver"", ""element_type"": ""badge_modal"", ""event_name"": ""shown"", ""message"": ""You belong on the trading floor!"", ""total_trades"": 15, ""trader_id"": ""2f3e84e4-20e5-4f77-b49b-fa897c043cca""}",1787760270.796784
727aeab3-4e37-4074-aa8a-edb9ed62fd8f,2f3e84e4-20e5-4f77-b49b-fa897c043cca,HUMAN,shown,badge_gif,silver,Silver,2026-08-26T16:04:30.693Z,2026-08-26T16:04:30.802563+00:00,"{""client_ts"": ""2026-08-26T16:04:30.693Z"", ""element_id"": ""silver"", ""element_label"": ""Silver"", ""element_type"": ""badge_gif"", ""event_name"": ""shown"", ""gif"": ""/static/trader_bridge_app/vue/assets/silver.gif"", ""trader_id"": ""2f3e84e4-20e5-4f77-b49b-fa897c043cca""}",1787760270.810097
b0eca25a-c9c1-4b52-a273-a509e63a7229,7b0d7d06-d31a-4713-9086-86a852529422,HUMAN,shown,trend_alert,down-streak,down-streak,2026-08-26T16:05:05.144Z,2026-08-26T16:05:05.206698+00:00,"{""client_ts"": ""2026-08-26T16:05:05.144Z"", ""element_id"": ""down-streak"", ""element_label"": ""down-streak"", ""element_type"": ""trend_alert"", ""event_name"": ""shown"", ""message"": ""Price went down 3 times in the last 5 ticks!"", ""trader_id"": ""7b0d7d06-d31a-4713-9086-86a852529422""}",1787760305.214359
b0eca25a-c9c1-4b52-a273-a509e63a7229,e1704662-f9fc-4997-ae7d-284d233e3b57,HUMAN,shown,trend_alert,down-streak,down-streak,2026-08-26T16:05:05.156Z,2026-08-26T16:05:05.219812+00:00,"{""client_ts"": ""2026-08-26T16:05:05.156Z"", ""element_id"": ""down-streak"", ""element_label"": ""down-streak"", ""element_type"": ""trend_alert"", ""event_name"": ""shown"", ""message"": ""Price went down 3 times in the last 5 ticks!"", ""trader_id"": ""e1704662-f9fc-4997-ae7d-284d233e3b57""}",1787760305.228608
b0eca25a-c9c1-4b52-a273-a509e63a7229,f12504f3-11d0-4327-8b7a-bc23496e0389,HUMAN,shown,trend_alert,down-streak,down-streak,2026-08-26T16:05:05.153Z,2026-08-26T16:05:05.232670+00:00,"{""client_ts"": ""2026-08-26T16:05:05.153Z"", ""element_id"": ""down-streak"", ""element_label"": ""down-streak"", ""element_type"": ""trend_alert"", ""event_name"": ""shown"", ""message"": ""Price went down 3 times in the last 5 ticks!"", ""trader_id"": ""f12504f3-11d0-4327-8b7a-bc23496e0389""}",1787760305.240889
b0eca25a-c9c1-4b52-a273-a509e63a7229,ae15d7f0-ae5f-4399-9bdd-5751a9cf2a9b,HUMAN,shown,trend_alert,down-streak,down-streak,2026-08-26T16:05:05.154Z,2026-08-26T16:05:05.244607+00:00,"{""client_ts"": ""2026-08-26T16:05:05.154Z"", ""element_id"": ""down-streak"", ""element_label"": ""down-streak"", ""element_type"": ""trend_alert"", ""event_name"": ""shown"", ""message"": ""Price went down 3 times in the last 5 ticks!"", ""trader_id"": ""ae15d7f0-ae5f-4399-9bdd-5751a9cf2a9b""}",1787760305.252929
b0eca25a-c9c1-4b52-a273-a509e63a7229,0671e4cf-2b62-424f-ae00-209c7fe17584,HUMAN,shown,trend_alert,down-streak,down-streak,2026-08-26T16:05:05.164Z,2026-08-26T16:05:05.257390+00:00,"{""client_ts"": ""2026-08-26T16:05:05.164Z"", ""element_id"": ""down-streak"", ""element_label"": ""down-streak"", ""element_type"": ""trend_alert"", ""event_name"": ""shown"", ""message"": ""Price went down 3 times in the last 5 ticks!"", ""trader_id"": ""0671e4cf-2b62-424f-ae00-209c7fe17584""}",1787760305.267531
b0eca25a-c9c1-4b52-a273-a509e63a7229,2b4b0db0-a220-4399-95d6-50f92fe7210b,HUMAN,shown,trend_alert,down-streak,down-streak,2026-08-26T16:05:05.162Z,2026-08-26T16:05:05.271705+00:00,"{""client_ts"": ""2026-08-26T16:05:05.162Z"", ""element_id"": ""down-streak"", ""element_label"": ""down-streak"", ""element_type"": ""trend_alert"", ""event_name"": ""shown"", ""message"": ""Price went down 3 times in the last 5 ticks!"", ""trader_id"": ""2b4b0db0-a220-4399-95d6-50f92fe7210b""}",1787760305.279451
468bae16-01fa-4b28-8367-2b7fc01e7aa7,4d3bbd69-519e-4f2d-86af-d252ccfd1141,HUMAN,shown,trend_alert,down-streak,down-streak,2026-08-26T16:05:08.999Z,2026-08-26T16:05:09.052070+00:00,"{""client_ts"": ""2026-08-26T16:05:08.999Z"", ""element_id"": ""down-streak"", ""element_label"": ""down-streak"", ""element_type"": ""trend_alert"", ""event_name"": ""shown"", ""message"": ""Price went down 3 times in the last 5 ticks!"", ""trader_id"": ""4d3bbd69-519e-4f2d-86af-d252ccfd1141""}",1787760309.060858
468bae16-01fa-4b28-8367-2b7fc01e7aa7,daaf568f-afa2-4c5e-bef3-55028aa36749,HUMAN,shown,trend_alert,down-streak,down-streak,2026-08-26T16:05:08.988Z,2026-08-26T16:05:09.064920+00:00,"{""client_ts"": ""2026-08-26T16:05:08.988Z"", ""element_id"": ""down-streak"", ""element_label"": ""down-streak"", ""element_type"": ""trend_alert"", ""event_name"": ""shown"", ""message"": ""Price went down 3 times in the last 5 ticks!"", ""trader_id"": ""daaf568f-afa2-4c5e-bef3-55028aa36749""}",1787760309.072477
468bae16-01fa-4b28-8367-2b7fc01e7aa7,b44a4e84-5176-4bdf-bbd6-a803eeda8f89,HUMAN,shown,trend_alert,down-streak,down-streak,2026-08-26T16:05:08.954Z,2026-08-26T16:05:09.076664+00:00,"{""client_ts"": ""2026-08-26T16:05:08.954Z"", ""element_id"": ""down-streak"", ""element_label"": ""down-streak"", ""element_type"": ""trend_alert"", ""event_name"": ""shown"", ""message"": ""Price went down 3 times in the last 5 ticks!"", ""trader_id"": ""b44a4e84-5176-4bdf-bbd6-a803eeda8f89""}",1787760309.083971
468bae16-01fa-4b28-8367-2b7fc01e7aa7,2599d1e4-f216-4dc7-9669-3ec27c6aadcd,HUMAN,shown,trend_alert,down-streak,down-streak,2026-08-26T16:05:08.996Z,2026-08-26T16:05:09.088306+00:00,"{""client_ts"": ""2026-08-26T16:05:08.996Z"", ""element_id"": ""down-streak"", ""element_label"": ""down-streak"", ""element_type"": ""trend_alert"", ""event_name"": ""shown"", ""message"": ""Price went down 3 times in the last 5 ticks!"", ""trader_id"": ""2599d1e4-f216-4dc7-9669-3ec27c6aadcd""}",1787760309.096038
468bae16-01fa-4b28-8367-2b7fc01e7aa7,385afaf0-0dab-4f95-a820-87224bd6cf81,HUMAN,shown,trend_alert,down-streak,down-streak,2026-08-26T16:05:09.000Z,2026-08-26T16:05:09.100147+00:00,"{""client_ts"": ""2026-08-26T16:05:09.000Z"", ""element_id"": ""down-streak"", ""element_label"": ""down-streak"", ""element_type"": ""trend_alert"", ""event_name"": ""shown"", ""message"": ""Price went down 3 times in the last 5 ticks!"", ""trader_id"": ""385afaf0-0dab-4f95-a820-87224bd6cf81""}",1787760309.108449
468bae16-01fa-4b28-8367-2b7fc01e7aa7,2f360b88-54c4-42c4-b310-c283fdf13010,HUMAN,shown,trend_alert,down-streak,down-streak,2026-08-26T16:05:09.000Z,2026-08-26T16:05:09.115511+00:00,"{""client_ts"": ""2026-08-26T16:05:09.000Z"", ""element_id"": ""down-streak"", ""element_label"": ""down-streak"", ""element_type"": ""trend_alert"", ""event_name"": ""shown"", ""message"": ""Price went down 3 times in the last 5 ticks!"", ""trader_id"": ""2f360b88-54c4-42c4-b310-c283fdf13010""}",1787760309.123771
468bae16-01fa-4b28-8367-2b7fc01e7aa7,4d3bbd69-519e-4f2d-86af-d252ccfd1141,HUMAN,shown,badge_unlock,gold,Gold,2026-08-26T16:05:19.636Z,2026-08-26T16:05:19.688284+00:00,"{""client_ts"": ""2026-08-26T16:05:19.636Z"", ""element_id"": ""gold"", ""element_label"": ""Gold"", ""element_type"": ""badge_unlock"", ""event_name"": ""shown"", ""total_trades_threshold"": 35, ""trader_id"": ""4d3bbd69-519e-4f2d-86af-d252ccfd1141""}",1787760319.696039
468bae16-01fa-4b28-8367-2b7fc01e7aa7,4d3bbd69-519e-4f2d-86af-d252ccfd1141,HUMAN,shown,badge_modal,gold,Gold,2026-08-26T16:05:19.636Z,2026-08-26T16:05:19.700218+00:00,"{""client_ts"": ""2026-08-26T16:05:19.636Z"", ""element_id"": ""gold"", ""element_label"": ""Gold"", ""element_type"": ""badge_modal"", ""event_name"": ""shown"", ""message"": ""You are the money maker!"", ""total_trades"": 35, ""trader_id"": ""4d3bbd69-519e-4f2d-86af-d252ccfd1141""}",1787760319.708303
468bae16-01fa-4b28-8367-2b7fc01e7aa7,4d3bbd69-519e-4f2d-86af-d252ccfd1141,HUMAN,shown,badge_gif,gold,Gold,2026-08-26T16:05:19.636Z,2026-08-26T16:05:19.712894+00:00,"{""client_ts"": ""2026-08-26T16:05:19.636Z"", ""element_id"": ""gold"", ""element_label"": ""Gold"", ""element_type"": ""badge_gif"", ""event_name"": ""shown"", ""gif"": ""/static/trader_bridge_app/vue/assets/gold.gif"", ""trader_id"": ""4d3bbd69-519e-4f2d-86af-d252ccfd1141""}",1787760319.720001
b0eca25a-c9c1-4b52-a273-a509e63a7229,ae15d7f0-ae5f-4399-9bdd-5751a9cf2a9b,HUMAN,shown,badge_unlock,silver,Silver,2026-08-26T16:05:22.199Z,2026-08-26T16:05:22.252712+00:00,"{""client_ts"": ""2026-08-26T16:05:22.199Z"", ""element_id"": ""silver"", ""element_label"": ""Silver"", ""element_type"": ""badge_unlock"", ""event_name"": ""shown"", ""total_trades_threshold"": 15, ""trader_id"": ""ae15d7f0-ae5f-4399-9bdd-5751a9cf2a9b""}",1787760322.260914
b0eca25a-c9c1-4b52-a273-a509e63a7229,ae15d7f0-ae5f-4399-9bdd-5751a9cf2a9b,HUMAN,shown,badge_modal,silver,Silver,2026-08-26T16:05:22.199Z,2026-08-26T16:05:22.265462+00:00,"{""client_ts"": ""2026-08-26T16:05:22.199Z"", ""element_id"": ""silver"", ""element_label"": ""Silver"", ""element_type"": ""badge_modal"", ""event_name"": ""shown"", ""message"": ""You belong on the trading floor!"", ""total_trades"": 15, ""trader_id"": ""ae15d7f0-ae5f-4399-9bdd-5751a9cf2a9b""}",1787760322.273126
b0eca25a-c9c1-4b52-a273-a509e63a7229,ae15d7f0-ae5f-4399-9bdd-5751a9cf2a9b,HUMAN,shown,badge_gif,silver,Silver,2026-08-26T16:05:22.200Z,2026-08-26T16:05:22.277341+00:00,"{""client_ts"": ""2026-08-26T16:05:22.200Z"", ""element_id"": ""silver"", ""element_label"": ""Silver"", ""element_type"": ""badge_gif"", ""event_name"": ""shown"", ""gif"": ""/static/trader_bridge_app/vue/assets/silver.gif"", ""trader_id"": ""ae15d7f0-ae5f-4399-9bdd-5751a9cf2a9b""}",1787760322.28547
b0eca25a-c9c1-4b52-a273-a509e63a7229,0671e4cf-2b62-424f-ae00-209c7fe17584,HUMAN,shown,badge_unlock,silver,Silver,2026-08-26T16:05:30.057Z,2026-08-26T16:05:30.099610+00:00,"{""client_ts"": ""2026-08-26T16:05:30.057Z"", ""element_id"": ""silver"", ""element_label"": ""Silver"", ""element_type"": ""badge_unlock"", ""event_name"": ""shown"", ""total_trades_threshold"": 15, ""trader_id"": ""0671e4cf-2b62-424f-ae00-209c7fe17584""}",1787760330.1074
b0eca25a-c9c1-4b52-a273-a509e63a7229,0671e4cf-2b62-424f-ae00-209c7fe17584,HUMAN,shown,badge_modal,silver,Silver,2026-08-26T16:05:30.057Z,2026-08-26T16:05:30.114099+00:00,"{""client_ts"": ""2026-08-26T16:05:30.057Z"", ""element_id"": ""silver"", ""element_label"": ""Silver"", ""element_type"": ""badge_modal"", ""event_name"": ""shown"", ""message"": ""You belong on the trading floor!"", ""total_trades"": 15, ""trader_id"": ""0671e4cf-2b62-424f-ae00-209c7fe17584""}",1787760330.122274
b0eca25a-c9c1-4b52-a273-a509e63a7229,0671e4cf-2b62-424f-ae00-209c7fe17584,HUMAN,shown,badge_gif,silver,Silver,2026-08-26T16:05:30.057Z,2026-08-26T16:05:30.128744+00:00,"{""client_ts"": ""2026-08-26T16:05:30.057Z"", ""element_id"": ""silver"", ""element_label"": ""Silver"", ""element_type"": ""badge_gif"", ""event_name"": ""shown"", ""gif"": ""/static/trader_bridge_app/vue/assets/silver.gif"", ""trader_id"": ""0671e4cf-2b62-424f-ae00-209c7fe17584""}",1787760330.136149
b0eca25a-c9c1-4b52-a273-a509e63a7229,e1704662-f9fc-4997-ae7d-284d233e3b57,HUMAN,shown,trend_alert,up-streak,up-streak,2026-08-26T16:05:30.068Z,2026-08-26T16:05:30.140722+00:00,"{""client_ts"": ""2026-08-26T16:05:30.068Z"", ""element_id"": ""up-streak"", ""element_label"": ""up-streak"", ""element_type"": ""trend_alert"", ""event_name"": ""shown"", ""message"": ""Price went up 3 times in the last 5 ticks!"", ""trader_id"": ""e1704662-f9fc-4997-ae7d-284d233e3b57""}",1787760330.148636
b0eca25a-c9c1-4b52-a273-a509e63a7229,ae15d7f0-ae5f-4399-9bdd-5751a9cf2a9b,HUMAN,shown,trend_alert,up-streak,up-streak,2026-08-26T16:05:30.066Z,2026-08-26T16:05:30.151890+00:00,"{""client_ts"": ""2026-08-26T16:05:30.066Z"", ""element_id"": ""up-streak"", ""element_label"": ""up-streak"", ""element_type"": ""trend_alert"", ""event_name"": ""shown"", ""message"": ""Price went up 3 times in the last 5 ticks!"", ""trader_id"": ""ae15d7f0-ae5f-4399-9bdd-5751a9cf2a9b""}",1787760330.159447
b0eca25a-c9c1-4b52-a273-a509e63a7229,2b4b0db0-a220-4399-95d6-50f92fe7210b,HUMAN,shown,trend_alert,up-streak,up-streak,2026-08-26T16:05:30.073Z,2026-08-26T16:05:30.162512+00:00,"{""client_ts"": ""2026-08-26T16:05:30.073Z"", ""element_id"": ""up-streak"", ""element_label"": ""up-streak"", ""element_type"": ""trend_alert"", ""event_name"": ""shown"", ""message"": ""Price went up 3 times in the last 5 ticks!"", ""trader_id"": ""2b4b0db0-a220-4399-95d6-50f92fe7210b""}",1787760330.169794
b0eca25a-c9c1-4b52-a273-a509e63a7229,f12504f3-11d0-4327-8b7a-bc23496e0389,HUMAN,shown,trend_alert,up-streak,up-streak,2026-08-26T16:05:30.065Z,2026-08-26T16:05:30.173251+00:00,"{""client_ts"": ""2026-08-26T16:05:30.065Z"", ""element_id"": ""up-streak"", ""element_label"": ""up-streak"", ""element_type"": ""trend_alert"", ""event_name"": ""shown"", ""message"": ""Price went up 3 times in the last 5 ticks!"", ""trader_id"": ""f12504f3-11d0-4327-8b7a-bc23496e0389""}",1787760330.180686
b0eca25a-c9c1-4b52-a273-a509e63a7229,7b0d7d06-d31a-4713-9086-86a852529422,HUMAN,shown,trend_alert,up-streak,up-streak,2026-08-26T16:05:30.059Z,2026-08-26T16:05:30.183702+00:00,"{""client_ts"": ""2026-08-26T16:05:30.059Z"", ""element_id"": ""up-streak"", ""element_label"": ""up-streak"", ""element_type"": ""trend_alert"", ""event_name"": ""shown"", ""message"": ""Price went up 3 times in the last 5 ticks!"", ""trader_id"": ""7b0d7d06-d31a-4713-9086-86a852529422""}",1787760330.190538
b0eca25a-c9c1-4b52-a273-a509e63a7229,0671e4cf-2b62-424f-ae00-209c7fe17584,HUMAN,shown,trend_alert,up-streak,up-streak,2026-08-26T16:05:30.096Z,2026-08-26T16:05:30.194300+00:00,"{""client_ts"": ""2026-08-26T16:05:30.096Z"", ""element_id"": ""up-streak"", ""element_label"": ""up-streak"", ""element_type"": ""trend_alert"", ""event_name"": ""shown"", ""message"": ""Price went up 3 times in the last 5 ticks!"", ""trader_id"": ""0671e4cf-2b62-424f-ae00-209c7fe17584""}",1787760330.201627
468bae16-01fa-4b28-8367-2b7fc01e7aa7,4d3bbd69-519e-4f2d-86af-d252ccfd1141,HUMAN,shown,trend_alert,up-streak,up-streak,2026-08-26T16:06:15.236Z,2026-08-26T16:06:15.288881+00:00,"{""client_ts"": ""2026-08-26T16:06:15.236Z"", ""element_id"": ""up-streak"", ""element_label"": ""up-streak"", ""element_type"": ""trend_alert"", ""event_name"": ""shown"", ""message"": ""Price went up 3 times in the last 5 ticks!"", ""trader_id"": ""4d3bbd69-519e-4f2d-86af-d252ccfd1141""}",1787760375.297302
468bae16-01fa-4b28-8367-2b7fc01e7aa7,daaf568f-afa2-4c5e-bef3-55028aa36749,HUMAN,shown,trend_alert,up-streak,up-streak,2026-08-26T16:06:15.225Z,2026-08-26T16:06:15.302170+00:00,"{""client_ts"": ""2026-08-26T16:06:15.225Z"", ""element_id"": ""up-streak"", ""element_label"": ""up-streak"", ""element_type"": ""trend_alert"", ""event_name"": ""shown"", ""message"": ""Price went up 3 times in the last 5 ticks!"", ""trader_id"": ""daaf568f-afa2-4c5e-bef3-55028aa36749""}",1787760375.309623
468bae16-01fa-4b28-8367-2b7fc01e7aa7,2599d1e4-f216-4dc7-9669-3ec27c6aadcd,HUMAN,shown,trend_alert,up-streak,up-streak,2026-08-26T16:06:15.233Z,2026-08-26T16:06:15.313279+00:00,"{""client_ts"": ""2026-08-26T16:06:15.233Z"", ""element_id"": ""up-streak"", ""element_label"": ""up-streak"", ""element_type"": ""trend_alert"", ""event_name"": ""shown"", ""message"": ""Price went up 3 times in the last 5 ticks!"", ""trader_id"": ""2599d1e4-f216-4dc7-9669-3ec27c6aadcd""}",1787760375.320799
468bae16-01fa-4b28-8367-2b7fc01e7aa7,2f360b88-54c4-42c4-b310-c283fdf13010,HUMAN,shown,trend_alert,up-streak,up-streak,2026-08-26T16:06:15.232Z,2026-08-26T16:06:15.324317+00:00,"{""client_ts"": ""2026-08-26T16:06:15.232Z"", ""element_id"": ""up-streak"", ""element_label"": ""up-streak"", ""element_type"": ""trend_alert"", ""event_name"": ""shown"", ""message"": ""Price went up 3 times in the last 5 ticks!"", ""trader_id"": ""2f360b88-54c4-42c4-b310-c283fdf13010""}",1787760375.332251
468bae16-01fa-4b28-8367-2b7fc01e7aa7,b44a4e84-5176-4bdf-bbd6-a803eeda8f89,HUMAN,shown,trend_alert,up-streak,up-streak,2026-08-26T16:06:15.198Z,2026-08-26T16:06:15.336839+00:00,"{""client_ts"": ""2026-08-26T16:06:15.198Z"", ""element_id"": ""up-streak"", ""element_label"": ""up-streak"", ""element_type"": ""trend_alert"", ""event_name"": ""shown"", ""message"": ""Price went up 3 times in the last 5 ticks!"", ""trader_id"": ""b44a4e84-5176-4bdf-bbd6-a803eeda8f89""}",1787760375.344459
468bae16-01fa-4b28-8367-2b7fc01e7aa7,385afaf0-0dab-4f95-a820-87224bd6cf81,HUMAN,shown,trend_alert,up-streak,up-streak,2026-08-26T16:06:15.236Z,2026-08-26T16:06:15.348058+00:00,"{""client_ts"": ""2026-08-26T16:06:15.236Z"", ""element_id"": ""up-streak"", ""element_label"": ""up-streak"", ""element_type"": ""trend_alert"", ""event_name"": ""shown"", ""message"": ""Price went up 3 times in the last 5 ticks!"", ""trader_id"": ""385afaf0-0dab-4f95-a820-87224bd6cf81""}",1787760375.355402
b0eca25a-c9c1-4b52-a273-a509e63a7229,ae15d7f0-ae5f-4399-9bdd-5751a9cf2a9b,HUMAN,shown,trend_alert,up-streak,up-streak,2026-08-26T16:06:39.216Z,2026-08-26T16:06:39.269154+00:00,"{""client_ts"": ""2026-08-26T16:06:39.216Z"", ""element_id"": ""up-streak"", ""element_label"": ""up-streak"", ""element_type"": ""trend_alert"", ""event_name"": ""shown"", ""message"": ""Price went up 3 times in the last 5 ticks!"", ""trader_id"": ""ae15d7f0-ae5f-4399-9bdd-5751a9cf2a9b""}",1787760399.277487
b0eca25a-c9c1-4b52-a273-a509e63a7229,7b0d7d06-d31a-4713-9086-86a852529422,HUMAN,shown,trend_alert,up-streak,up-streak,2026-08-26T16:06:39.205Z,2026-08-26T16:06:39.281962+00:00,"{""client_ts"": ""2026-08-26T16:06:39.205Z"", ""element_id"": ""up-streak"", ""element_label"": ""up-streak"", ""element_type"": ""trend_alert"", ""event_name"": ""shown"", ""message"": ""Price went up 3 times in the last 5 ticks!"", ""trader_id"": ""7b0d7d06-d31a-4713-9086-86a852529422""}",1787760399.289626
b0eca25a-c9c1-4b52-a273-a509e63a7229,0671e4cf-2b62-424f-ae00-209c7fe17584,HUMAN,shown,trend_alert,up-streak,up-streak,2026-08-26T16:06:39.227Z,2026-08-26T16:06:39.293851+00:00,"{""client_ts"": ""2026-08-26T16:06:39.227Z"", ""element_id"": ""up-streak"", ""element_label"": ""up-streak"", ""element_type"": ""trend_alert"", ""event_name"": ""shown"", ""message"": ""Price went up 3 times in the last 5 ticks!"", ""trader_id"": ""0671e4cf-2b62-424f-ae00-209c7fe17584""}",1787760399.301631
b0eca25a-c9c1-4b52-a273-a509e63a7229,e1704662-f9fc-4997-ae7d-284d233e3b57,HUMAN,shown,trend_alert,up-streak,up-streak,2026-08-26T16:06:39.219Z,2026-08-26T16:06:39.305357+00:00,"{""client_ts"": ""2026-08-26T16:06:39.219Z"", ""element_id"": ""up-streak"", ""element_label"": ""up-streak"", ""element_type"": ""trend_alert"", ""event_name"": ""shown"", ""message"": ""Price went up 3 times in the last 5 ticks!"", ""trader_id"": ""e1704662-f9fc-4997-ae7d-284d233e3b57""}",1787760399.314106
b0eca25a-c9c1-4b52-a273-a509e63a7229,2b4b0db0-a220-4399-95d6-50f92fe7210b,HUMAN,shown,trend_alert,up-streak,up-streak,2026-08-26T16:06:39.224Z,2026-08-26T16:06:39.318116+00:00,"{""client_ts"": ""2026-08-26T16:06:39.224Z"", ""element_id"": ""up-streak"", ""element_label"": ""up-streak"", ""element_type"": ""trend_alert"", ""event_name"": ""shown"", ""message"": ""Price went up 3 times in the last 5 ticks!"", ""trader_id"": ""2b4b0db0-a220-4399-95d6-50f92fe7210b""}",1787760399.325812
b0eca25a-c9c1-4b52-a273-a509e63a7229,f12504f3-11d0-4327-8b7a-bc23496e0389,HUMAN,shown,trend_alert,up-streak,up-streak,2026-08-26T16:06:39.220Z,2026-08-26T16:06:39.332553+00:00,"{""client_ts"": ""2026-08-26T16:06:39.220Z"", ""element_id"": ""up-streak"", ""element_label"": ""up-streak"", ""element_type"": ""trend_alert"", ""event_name"": ""shown"", ""message"": ""Price went up 3 times in the last 5 ticks!"", ""trader_id"": ""f12504f3-11d0-4327-8b7a-bc23496e0389""}",1787760399.340388
ac549451-4a1c-4748-8b9c-d516efd866a0,788e99d7-1dc5-4619-acfd-9c25ea29b078,HUMAN,shown,trend_alert,down-streak,down-streak,2026-08-26T16:06:49.518Z,2026-08-26T16:06:49.576456+00:00,"{""client_ts"": ""2026-08-26T16:06:49.518Z"", ""element_id"": ""down-streak"", ""element_label"": ""down-streak"", ""element_type"": ""trend_alert"", ""event_name"": ""shown"", ""message"": ""Price went down 3 times in the last 5 ticks!"", ""trader_id"": ""788e99d7-1dc5-4619-acfd-9c25ea29b078""}",1787760409.584842
ac549451-4a1c-4748-8b9c-d516efd866a0,2fb1ad28-7638-4d5a-b295-934c375f4224,HUMAN,shown,trend_alert,down-streak,down-streak,2026-08-26T16:06:49.522Z,2026-08-26T16:06:49.589549+00:00,"{""client_ts"": ""2026-08-26T16:06:49.522Z"", ""element_id"": ""down-streak"", ""element_label"": ""down-streak"", ""element_type"": ""trend_alert"", ""event_name"": ""shown"", ""message"": ""Price went down 3 times in the last 5 ticks!"", ""trader_id"": ""2fb1ad28-7638-4d5a-b295-934c375f4224""}",1787760409.597585
ac549451-4a1c-4748-8b9c-d516efd866a0,7a5364a3-a631-4d34-b8c6-1cba96b6888a,HUMAN,shown,trend_alert,down-streak,down-streak,2026-08-26T16:06:49.521Z,2026-08-26T16:06:49.601223+00:00,"{""client_ts"": ""2026-08-26T16:06:49.521Z"", ""element_id"": ""down-streak"", ""element_label"": ""down-streak"", ""element_type"": ""trend_alert"", ""event_name"": ""shown"", ""message"": ""Price went down 3 times in the last 5 ticks!"", ""trader_id"": ""7a5364a3-a631-4d34-b8c6-1cba96b6888a""}",1787760409.608942
ac549451-4a1c-4748-8b9c-d516efd866a0,237a72fb-6e65-400d-a2cc-d6ec525c558f,HUMAN,shown,trend_alert,down-streak,down-streak,2026-08-26T16:06:49.523Z,2026-08-26T16:06:49.612923+00:00,"{""client_ts"": ""2026-08-26T16:06:49.523Z"", ""element_id"": ""down-streak"", ""element_label"": ""down-streak"", ""element_type"": ""trend_alert"", ""event_name"": ""shown"", ""message"": ""Price went down 3 times in the last 5 ticks!"", ""trader_id"": ""237a72fb-6e65-400d-a2cc-d6ec525c558f""}",1787760409.621003
468bae16-01fa-4b28-8367-2b7fc01e7aa7,daaf568f-afa2-4c5e-bef3-55028aa36749,HUMAN,shown,badge_unlock,bronze,Bronze,2026-08-26T16:07:14.686Z,2026-08-26T16:07:14.751260+00:00,"{""client_ts"": ""2026-08-26T16:07:14.686Z"", ""element_id"": ""bronze"", ""element_label"": ""Bronze"", ""element_type"": ""badge_unlock"", ""event_name"": ""shown"", ""total_trades_threshold"": 10, ""trader_id"": ""daaf568f-afa2-4c5e-bef3-55028aa36749""}",1787760434.759492
468bae16-01fa-4b28-8367-2b7fc01e7aa7,daaf568f-afa2-4c5e-bef3-55028aa36749,HUMAN,shown,badge_modal,bronze,Bronze,2026-08-26T16:07:14.686Z,2026-08-26T16:07:14.764461+00:00,"{""client_ts"": ""2026-08-26T16:07:14.686Z"", ""element_id"": ""bronze"", ""element_label"": ""Bronze"", ""element_type"": ""badge_modal"", ""event_name"": ""shown"", ""message"": ""Level up! Doing well"", ""total_trades"": 10, ""trader_id"": ""daaf568f-afa2-4c5e-bef3-55028aa36749""}",1787760434.773568
468bae16-01fa-4b28-8367-2b7fc01e7aa7,daaf568f-afa2-4c5e-bef3-55028aa36749,HUMAN,shown,badge_gif,bronze,Bronze,2026-08-26T16:07:14.686Z,2026-08-26T16:07:14.778035+00:00,"{""client_ts"": ""2026-08-26T16:07:14.686Z"", ""element_id"": ""bronze"", ""element_label"": ""Bronze"", ""element_type"": ""badge_gif"", ""event_name"": ""shown"", ""gif"": ""/static/trader_bridge_app/vue/assets/bronze.gif"", ""trader_id"": ""daaf568f-afa2-4c5e-bef3-55028aa36749""}",1787760434.788682
468bae16-01fa-4b28-8367-2b7fc01e7aa7,daaf568f-afa2-4c5e-bef3-55028aa36749,HUMAN,shown,trend_alert,down-streak,down-streak,2026-08-26T16:07:14.723Z,2026-08-26T16:07:14.798179+00:00,"{""client_ts"": ""2026-08-26T16:07:14.723Z"", ""element_id"": ""down-streak"", ""element_label"": ""down-streak"", ""element_type"": ""trend_alert"", ""event_name"": ""shown"", ""message"": ""Price went down 3 times in the last 5 ticks!"", ""trader_id"": ""daaf568f-afa2-4c5e-bef3-55028aa36749""}",1787760434.806497
468bae16-01fa-4b28-8367-2b7fc01e7aa7,4d3bbd69-519e-4f2d-86af-d252ccfd1141,HUMAN,shown,trend_alert,down-streak,down-streak,2026-08-26T16:07:14.734Z,2026-08-26T16:07:14.810353+00:00,"{""client_ts"": ""2026-08-26T16:07:14.734Z"", ""element_id"": ""down-streak"", ""element_label"": ""down-streak"", ""element_type"": ""trend_alert"", ""event_name"": ""shown"", ""message"": ""Price went down 3 times in the last 5 ticks!"", ""trader_id"": ""4d3bbd69-519e-4f2d-86af-d252ccfd1141""}",1787760434.817886
468bae16-01fa-4b28-8367-2b7fc01e7aa7,b44a4e84-5176-4bdf-bbd6-a803eeda8f89,HUMAN,shown,trend_alert,down-streak,down-streak,2026-08-26T16:07:14.700Z,2026-08-26T16:07:14.821813+00:00,"{""client_ts"": ""2026-08-26T16:07:14.700Z"", ""element_id"": ""down-streak"", ""element_label"": ""down-streak"", ""element_type"": ""trend_alert"", ""event_name"": ""shown"", ""message"": ""Price went down 3 times in the last 5 ticks!"", ""trader_id"": ""b44a4e84-5176-4bdf-bbd6-a803eeda8f89""}",1787760434.829989
468bae16-01fa-4b28-8367-2b7fc01e7aa7,2599d1e4-f216-4dc7-9669-3ec27c6aadcd,HUMAN,shown,trend_alert,down-streak,down-streak,2026-08-26T16:07:14.730Z,2026-08-26T16:07:14.834186+00:00,"{""client_ts"": ""2026-08-26T16:07:14.730Z"", ""element_id"": ""down-streak"", ""element_label"": ""down-streak"", ""element_type"": ""trend_alert"", ""event_name"": ""shown"", ""message"": ""Price went down 3 times in the last 5 ticks!"", ""trader_id"": ""2599d1e4-f216-4dc7-9669-3ec27c6aadcd""}",1787760434.841722
468bae16-01fa-4b28-8367-2b7fc01e7aa7,2f360b88-54c4-42c4-b310-c283fdf13010,HUMAN,shown,trend_alert,down-streak,down-streak,2026-08-26T16:07:14.733Z,2026-08-26T16:07:14.845670+00:00,"{""client_ts"": ""2026-08-26T16:07:14.733Z"", ""element_id"": ""down-streak"", ""element_label"": ""down-streak"", ""element_type"": ""trend_alert"", ""event_name"": ""shown"", ""message"": ""Price went down 3 times in the last 5 ticks!"", ""trader_id"": ""2f360b88-54c4-42c4-b310-c283fdf13010""}",1787760434.853295
468bae16-01fa-4b28-8367-2b7fc01e7aa7,385afaf0-0dab-4f95-a820-87224bd6cf81,HUMAN,shown,trend_alert,down-streak,down-streak,2026-08-26T16:07:14.733Z,2026-08-26T16:07:14.857570+00:00,"{""client_ts"": ""2026-08-26T16:07:14.733Z"", ""element_id"": ""down-streak"", ""element_label"": ""down-streak"", ""element_type"": ""trend_alert"", ""event_name"": ""shown"", ""message"": ""Price went down 3 times in the last 5 ticks!"", ""trader_id"": ""385afaf0-0dab-4f95-a820-87224bd6cf81""}",1787760434.864757
b0eca25a-c9c1-4b52-a273-a509e63a7229,2b4b0db0-a220-4399-95d6-50f92fe7210b,HUMAN,shown,badge_unlock,bronze,Bronze,2026-08-26T16:08:06.736Z,2026-08-26T16:08:06.782905+00:00,"{""client_ts"": ""2026-08-26T16:08:06.736Z"", ""element_id"": ""bronze"", ""element_label"": ""Bronze"", ""element_type"": ""badge_unlock"", ""event_name"": ""shown"", ""total_trades_threshold"": 10, ""trader_id"": ""2b4b0db0-a220-4399-95d6-50f92fe7210b""}",1787760486.790974
b0eca25a-c9c1-4b52-a273-a509e63a7229,2b4b0db0-a220-4399-95d6-50f92fe7210b,HUMAN,shown,badge_modal,bronze,Bronze,2026-08-26T16:08:06.736Z,2026-08-26T16:08:06.798140+00:00,"{""client_ts"": ""2026-08-26T16:08:06.736Z"", ""element_id"": ""bronze"", ""element_label"": ""Bronze"", ""element_type"": ""badge_modal"", ""event_name"": ""shown"", ""message"": ""Level up! Doing well"", ""total_trades"": 10, ""trader_id"": ""2b4b0db0-a220-4399-95d6-50f92fe7210b""}",1787760486.805577
b0eca25a-c9c1-4b52-a273-a509e63a7229,2b4b0db0-a220-4399-95d6-50f92fe7210b,HUMAN,shown,badge_gif,bronze,Bronze,2026-08-26T16:08:06.736Z,2026-08-26T16:08:06.812618+00:00,"{""client_ts"": ""2026-08-26T16:08:06.736Z"", ""element_id"": ""bronze"", ""element_label"": ""Bronze"", ""element_type"": ""badge_gif"", ""event_name"": ""shown"", ""gif"": ""/static/trader_bridge_app/vue/assets/bronze.gif"", ""trader_id"": ""2b4b0db0-a220-4399-95d6-50f92fe7210b""}",1787760486.820321
468bae16-01fa-4b28-8367-2b7fc01e7aa7,4d3bbd69-519e-4f2d-86af-d252ccfd1141,HUMAN,shown,trend_alert,down-streak,down-streak,2026-08-26T16:08:09.391Z,2026-08-26T16:08:09.445570+00:00,"{""client_ts"": ""2026-08-26T16:08:09.391Z"", ""element_id"": ""down-streak"", ""element_label"": ""down-streak"", ""element_type"": ""trend_alert"", ""event_name"": ""shown"", ""message"": ""Price went down 3 times in the last 5 ticks!"", ""trader_id"": ""4d3bbd69-519e-4f2d-86af-d252ccfd1141""}",1787760489.453535
468bae16-01fa-4b28-8367-2b7fc01e7aa7,daaf568f-afa2-4c5e-bef3-55028aa36749,HUMAN,shown,trend_alert,down-streak,down-streak,2026-08-26T16:08:09.378Z,2026-08-26T16:08:09.458466+00:00,"{""client_ts"": ""2026-08-26T16:08:09.378Z"", ""element_id"": ""down-streak"", ""element_label"": ""down-streak"", ""element_type"": ""trend_alert"", ""event_name"": ""shown"", ""message"": ""Price went down 3 times in the last 5 ticks!"", ""trader_id"": ""daaf568f-afa2-4c5e-bef3-55028aa36749""}",1787760489.465831
468bae16-01fa-4b28-8367-2b7fc01e7aa7,2599d1e4-f216-4dc7-9669-3ec27c6aadcd,HUMAN,shown,trend_alert,down-streak,down-streak,2026-08-26T16:08:09.388Z,2026-08-26T16:08:09.469821+00:00,"{""client_ts"": ""2026-08-26T16:08:09.388Z"", ""element_id"": ""down-streak"", ""element_label"": ""down-streak"", ""element_type"": ""trend_alert"", ""event_name"": ""shown"", ""message"": ""Price went down 3 times in the last 5 ticks!"", ""trader_id"": ""2599d1e4-f216-4dc7-9669-3ec27c6aadcd""}",1787760489.477185
468bae16-01fa-4b28-8367-2b7fc01e7aa7,b44a4e84-5176-4bdf-bbd6-a803eeda8f89,HUMAN,shown,trend_alert,down-streak,down-streak,2026-08-26T16:08:09.364Z,2026-08-26T16:08:09.480851+00:00,"{""client_ts"": ""2026-08-26T16:08:09.364Z"", ""element_id"": ""down-streak"", ""element_label"": ""down-streak"", ""element_type"": ""trend_alert"", ""event_name"": ""shown"", ""message"": ""Price went down 3 times in the last 5 ticks!"", ""trader_id"": ""b44a4e84-5176-4bdf-bbd6-a803eeda8f89""}",1787760489.48803
468bae16-01fa-4b28-8367-2b7fc01e7aa7,385afaf0-0dab-4f95-a820-87224bd6cf81,HUMAN,shown,trend_alert,down-streak,down-streak,2026-08-26T16:08:09.391Z,2026-08-26T16:08:09.491903+00:00,"{""client_ts"": ""2026-08-26T16:08:09.391Z"", ""element_id"": ""down-streak"", ""element_label"": ""down-streak"", ""element_type"": ""trend_alert"", ""event_name"": ""shown"", ""message"": ""Price went down 3 times in the last 5 ticks!"", ""trader_id"": ""385afaf0-0dab-4f95-a820-87224bd6cf81""}",1787760489.499315
468bae16-01fa-4b28-8367-2b7fc01e7aa7,2f360b88-54c4-42c4-b310-c283fdf13010,HUMAN,shown,trend_alert,down-streak,down-streak,2026-08-26T16:08:09.394Z,2026-08-26T16:08:09.503233+00:00,"{""client_ts"": ""2026-08-26T16:08:09.394Z"", ""element_id"": ""down-streak"", ""element_label"": ""down-streak"", ""element_type"": ""trend_alert"", ""event_name"": ""shown"", ""message"": ""Price went down 3 times in the last 5 ticks!"", ""trader_id"": ""2f360b88-54c4-42c4-b310-c283fdf13010""}",1787760489.510377
468bae16-01fa-4b28-8367-2b7fc01e7aa7,daaf568f-afa2-4c5e-bef3-55028aa36749,HUMAN,shown,badge_unlock,silver,Silver,2026-08-26T16:08:12.584Z,2026-08-26T16:08:12.651288+00:00,"{""client_ts"": ""2026-08-26T16:08:12.584Z"", ""element_id"": ""silver"", ""element_label"": ""Silver"", ""element_type"": ""badge_unlock"", ""event_name"": ""shown"", ""total_trades_threshold"": 15, ""trader_id"": ""daaf568f-afa2-4c5e-bef3-55028aa36749""}",1787760492.659403
468bae16-01fa-4b28-8367-2b7fc01e7aa7,daaf568f-afa2-4c5e-bef3-55028aa36749,HUMAN,shown,badge_modal,silver,Silver,2026-08-26T16:08:12.584Z,2026-08-26T16:08:12.663754+00:00,"{""client_ts"": ""2026-08-26T16:08:12.584Z"", ""element_id"": ""silver"", ""element_label"": ""Silver"", ""element_type"": ""badge_modal"", ""event_name"": ""shown"", ""message"": ""You belong on the trading floor!"", ""total_trades"": 15, ""trader_id"": ""daaf568f-afa2-4c5e-bef3-55028aa36749""}",1787760492.672003
468bae16-01fa-4b28-8367-2b7fc01e7aa7,daaf568f-afa2-4c5e-bef3-55028aa36749,HUMAN,shown,badge_gif,silver,Silver,2026-08-26T16:08:12.584Z,2026-08-26T16:08:12.676150+00:00,"{""client_ts"": ""2026-08-26T16:08:12.584Z"", ""element_id"": ""silver"", ""element_label"": ""Silver"", ""element_type"": ""badge_gif"", ""event_name"": ""shown"", ""gif"": ""/static/trader_bridge_app/vue/assets/silver.gif"", ""trader_id"": ""daaf568f-afa2-4c5e-bef3-55028aa36749""}",1787760492.68371
ac549451-4a1c-4748-8b9c-d516efd866a0,788e99d7-1dc5-4619-acfd-9c25ea29b078,HUMAN,shown,trend_alert,up-streak,up-streak,2026-08-26T16:08:20.645Z,2026-08-26T16:08:20.701525+00:00,"{""client_ts"": ""2026-08-26T16:08:20.645Z"", ""element_id"": ""up-streak"", ""element_label"": ""up-streak"", ""element_type"": ""trend_alert"", ""event_name"": ""shown"", ""message"": ""Price went up 3 times in the last 5 ticks!"", ""trader_id"": ""788e99d7-1dc5-4619-acfd-9c25ea29b078""}",1787760500.709715
ac549451-4a1c-4748-8b9c-d516efd866a0,237a72fb-6e65-400d-a2cc-d6ec525c558f,HUMAN,shown,trend_alert,up-streak,up-streak,2026-08-26T16:08:20.646Z,2026-08-26T16:08:20.714435+00:00,"{""client_ts"": ""2026-08-26T16:08:20.646Z"", ""element_id"": ""up-streak"", ""element_label"": ""up-streak"", ""element_type"": ""trend_alert"", ""event_name"": ""shown"", ""message"": ""Price went up 3 times in the last 5 ticks!"", ""trader_id"": ""237a72fb-6e65-400d-a2cc-d6ec525c558f""}",1787760500.723782
ac549451-4a1c-4748-8b9c-d516efd866a0,2fb1ad28-7638-4d5a-b295-934c375f4224,HUMAN,shown,trend_alert,up-streak,up-streak,2026-08-26T16:08:20.646Z,2026-08-26T16:08:20.727782+00:00,"{""client_ts"": ""2026-08-26T16:08:20.646Z"", ""element_id"": ""up-streak"", ""element_label"": ""up-streak"", ""element_type"": ""trend_alert"", ""event_name"": ""shown"", ""message"": ""Price went up 3 times in the last 5 ticks!"", ""trader_id"": ""2fb1ad28-7638-4d5a-b295-934c375f4224""}",1787760500.736184
ac549451-4a1c-4748-8b9c-d516efd866a0,7a5364a3-a631-4d34-b8c6-1cba96b6888a,HUMAN,shown,trend_alert,up-streak,up-streak,2026-08-26T16:08:20.645Z,2026-08-26T16:08:20.740009+00:00,"{""client_ts"": ""2026-08-26T16:08:20.645Z"", ""element_id"": ""up-streak"", ""element_label"": ""up-streak"", ""element_type"": ""trend_alert"", ""event_name"": ""shown"", ""message"": ""Price went up 3 times in the last 5 ticks!"", ""trader_id"": ""7a5364a3-a631-4d34-b8c6-1cba96b6888a""}",1787760500.75088
b0eca25a-c9c1-4b52-a273-a509e63a7229,f12504f3-11d0-4327-8b7a-bc23496e0389,HUMAN,shown,badge_unlock,silver,Silver,2026-08-26T16:08:21.108Z,2026-08-26T16:08:21.298989+00:00,"{""client_ts"": ""2026-08-26T16:08:21.108Z"", ""element_id"": ""silver"", ""element_label"": ""Silver"", ""element_type"": ""badge_unlock"", ""event_name"": ""shown"", ""total_trades_threshold"": 15, ""trader_id"": ""f12504f3-11d0-4327-8b7a-bc23496e0389""}",1787760501.306855
b0eca25a-c9c1-4b52-a273-a509e63a7229,f12504f3-11d0-4327-8b7a-bc23496e0389,HUMAN,shown,badge_modal,silver,Silver,2026-08-26T16:08:21.108Z,2026-08-26T16:08:21.328826+00:00,"{""client_ts"": ""2026-08-26T16:08:21.108Z"", ""element_id"": ""silver"", ""element_label"": ""Silver"", ""element_type"": ""badge_modal"", ""event_name"": ""shown"", ""message"": ""You belong on the trading floor!"", ""total_trades"": 15, ""trader_id"": ""f12504f3-11d0-4327-8b7a-bc23496e0389""}",1787760501.340085
b0eca25a-c9c1-4b52-a273-a509e63a7229,f12504f3-11d0-4327-8b7a-bc23496e0389,HUMAN,shown,badge_gif,silver,Silver,2026-08-26T16:08:21.108Z,2026-08-26T16:08:21.374166+00:00,"{""client_ts"": ""2026-08-26T16:08:21.108Z"", ""element_id"": ""silver"", ""element_label"": ""Silver"", ""element_type"": ""badge_gif"", ""event_name"": ""shown"", ""gif"": ""/static/trader_bridge_app/vue/assets/silver.gif"", ""trader_id"": ""f12504f3-11d0-4327-8b7a-bc23496e0389""}",1787760501.381652
727aeab3-4e37-4074-aa8a-edb9ed62fd8f,9d9fb988-56a1-480a-b9ae-0966b32c2ac4,HUMAN,shown,badge_unlock,gold,Gold,2026-08-26T16:08:24.888Z,2026-08-26T16:08:24.939741+00:00,"{""client_ts"": ""2026-08-26T16:08:24.888Z"", ""element_id"": ""gold"", ""element_label"": ""Gold"", ""element_type"": ""badge_unlock"", ""event_name"": ""shown"", ""total_trades_threshold"": 35, ""trader_id"": ""9d9fb988-56a1-480a-b9ae-0966b32c2ac4""}",1787760504.947865
727aeab3-4e37-4074-aa8a-edb9ed62fd8f,9d9fb988-56a1-480a-b9ae-0966b32c2ac4,HUMAN,shown,badge_modal,gold,Gold,2026-08-26T16:08:24.888Z,2026-08-26T16:08:24.952334+00:00,"{""client_ts"": ""2026-08-26T16:08:24.888Z"", ""element_id"": ""gold"", ""element_label"": ""Gold"", ""element_type"": ""badge_modal"", ""event_name"": ""shown"", ""message"": ""You are the money maker!"", ""total_trades"": 35, ""trader_id"": ""9d9fb988-56a1-480a-b9ae-0966b32c2ac4""}",1787760504.959558
727aeab3-4e37-4074-aa8a-edb9ed62fd8f,9d9fb988-56a1-480a-b9ae-0966b32c2ac4,HUMAN,shown,badge_gif,gold,Gold,2026-08-26T16:08:24.888Z,2026-08-26T16:08:24.963734+00:00,"{""client_ts"": ""2026-08-26T16:08:24.888Z"", ""element_id"": ""gold"", ""element_label"": ""Gold"", ""element_type"": ""badge_gif"", ""event_name"": ""shown"", ""gif"": ""/static/trader_bridge_app/vue/assets/gold.gif"", ""trader_id"": ""9d9fb988-56a1-480a-b9ae-0966b32c2ac4""}",1787760504.971987
468bae16-01fa-4b28-8367-2b7fc01e7aa7,385afaf0-0dab-4f95-a820-87224bd6cf81,HUMAN,shown,badge_unlock,bronze,Bronze,2026-08-26T16:08:58.291Z,2026-08-26T16:08:58.349322+00:00,"{""client_ts"": ""2026-08-26T16:08:58.291Z"", ""element_id"": ""bronze"", ""element_label"": ""Bronze"", ""element_type"": ""badge_unlock"", ""event_name"": ""shown"", ""total_trades_threshold"": 10, ""trader_id"": ""385afaf0-0dab-4f95-a820-87224bd6cf81""}",1787760538.357897
468bae16-01fa-4b28-8367-2b7fc01e7aa7,385afaf0-0dab-4f95-a820-87224bd6cf81,HUMAN,shown,badge_modal,bronze,Bronze,2026-08-26T16:08:58.292Z,2026-08-26T16:08:58.362734+00:00,"{""client_ts"": ""2026-08-26T16:08:58.292Z"", ""element_id"": ""bronze"", ""element_label"": ""Bronze"", ""element_type"": ""badge_modal"", ""event_name"": ""shown"", ""message"": ""Level up! Doing well"", ""total_trades"": 10, ""trader_id"": ""385afaf0-0dab-4f95-a820-87224bd6cf81""}",1787760538.370865
468bae16-01fa-4b28-8367-2b7fc01e7aa7,385afaf0-0dab-4f95-a820-87224bd6cf81,HUMAN,shown,badge_gif,bronze,Bronze,2026-08-26T16:08:58.292Z,2026-08-26T16:08:58.377067+00:00,"{""client_ts"": ""2026-08-26T16:08:58.292Z"", ""element_id"": ""bronze"", ""element_label"": ""Bronze"", ""element_type"": ""badge_gif"", ""event_name"": ""shown"", ""gif"": ""/static/trader_bridge_app/vue/assets/bronze.gif"", ""trader_id"": ""385afaf0-0dab-4f95-a820-87224bd6cf81""}",1787760538.384792
ac549451-4a1c-4748-8b9c-d516efd866a0,2fb1ad28-7638-4d5a-b295-934c375f4224,HUMAN,shown,trend_alert,up-streak,up-streak,2026-08-26T16:09:08.787Z,2026-08-26T16:09:08.842844+00:00,"{""client_ts"": ""2026-08-26T16:09:08.787Z"", ""element_id"": ""up-streak"", ""element_label"": ""up-streak"", ""element_type"": ""trend_alert"", ""event_name"": ""shown"", ""message"": ""Price went up 3 times in the last 5 ticks!"", ""trader_id"": ""2fb1ad28-7638-4d5a-b295-934c375f4224""}",1787760548.850789
ac549451-4a1c-4748-8b9c-d516efd866a0,7a5364a3-a631-4d34-b8c6-1cba96b6888a,HUMAN,shown,trend_alert,up-streak,up-streak,2026-08-26T16:09:08.784Z,2026-08-26T16:09:08.855445+00:00,"{""client_ts"": ""2026-08-26T16:09:08.784Z"", ""element_id"": ""up-streak"", ""element_label"": ""up-streak"", ""element_type"": ""trend_alert"", ""event_name"": ""shown"", ""message"": ""Price went up 3 times in the last 5 ticks!"", ""trader_id"": ""7a5364a3-a631-4d34-b8c6-1cba96b6888a""}",1787760548.863219
ac549451-4a1c-4748-8b9c-d516efd866a0,788e99d7-1dc5-4619-acfd-9c25ea29b078,HUMAN,shown,trend_alert,up-streak,up-streak,2026-08-26T16:09:08.790Z,2026-08-26T16:09:08.866846+00:00,"{""client_ts"": ""2026-08-26T16:09:08.790Z"", ""element_id"": ""up-streak"", ""element_label"": ""up-streak"", ""element_type"": ""trend_alert"", ""event_name"": ""shown"", ""message"": ""Price went up 3 times in the last 5 ticks!"", ""trader_id"": ""788e99d7-1dc5-4619-acfd-9c25ea29b078""}",1787760548.874521
ac549451-4a1c-4748-8b9c-d516efd866a0,237a72fb-6e65-400d-a2cc-d6ec525c558f,HUMAN,shown,trend_alert,up-streak,up-streak,2026-08-26T16:09:08.788Z,2026-08-26T16:09:08.878127+00:00,"{""client_ts"": ""2026-08-26T16:09:08.788Z"", ""element_id"": ""up-streak"", ""element_label"": ""up-streak"", ""element_type"": ""trend_alert"", ""event_name"": ""shown"", ""message"": ""Price went up 3 times in the last 5 ticks!"", ""trader_id"": ""237a72fb-6e65-400d-a2cc-d6ec525c558f""}",1787760548.886956
468bae16-01fa-4b28-8367-2b7fc01e7aa7,4d3bbd69-519e-4f2d-86af-d252ccfd1141,HUMAN,shown,trend_alert,down-streak,down-streak,2026-08-26T16:09:12.787Z,2026-08-26T16:09:12.840910+00:00,"{""client_ts"": ""2026-08-26T16:09:12.787Z"", ""element_id"": ""down-streak"", ""element_label"": ""down-streak"", ""element_type"": ""trend_alert"", ""event_name"": ""shown"", ""message"": ""Price went down 3 times in the last 5 ticks!"", ""trader_id"": ""4d3bbd69-519e-4f2d-86af-d252ccfd1141""}",1787760552.849465
468bae16-01fa-4b28-8367-2b7fc01e7aa7,daaf568f-afa2-4c5e-bef3-55028aa36749,HUMAN,shown,trend_alert,down-streak,down-streak,2026-08-26T16:09:12.774Z,2026-08-26T16:09:12.854498+00:00,"{""client_ts"": ""2026-08-26T16:09:12.774Z"", ""element_id"": ""down-streak"", ""element_label"": ""down-streak"", ""element_type"": ""trend_alert"", ""event_name"": ""shown"", ""message"": ""Price went down 3 times in the last 5 ticks!"", ""trader_id"": ""daaf568f-afa2-4c5e-bef3-55028aa36749""}",1787760552.861861
468bae16-01fa-4b28-8367-2b7fc01e7aa7,2599d1e4-f216-4dc7-9669-3ec27c6aadcd,HUMAN,shown,trend_alert,down-streak,down-streak,2026-08-26T16:09:12.782Z,2026-08-26T16:09:12.865946+00:00,"{""client_ts"": ""2026-08-26T16:09:12.782Z"", ""element_id"": ""down-streak"", ""element_label"": ""down-streak"", ""element_type"": ""trend_alert"", ""event_name"": ""shown"", ""message"": ""Price went down 3 times in the last 5 ticks!"", ""trader_id"": ""2599d1e4-f216-4dc7-9669-3ec27c6aadcd""}",1787760552.875175
468bae16-01fa-4b28-8367-2b7fc01e7aa7,2f360b88-54c4-42c4-b310-c283fdf13010,HUMAN,shown,trend_alert,down-streak,down-streak,2026-08-26T16:09:12.789Z,2026-08-26T16:09:12.879275+00:00,"{""client_ts"": ""2026-08-26T16:09:12.789Z"", ""element_id"": ""down-streak"", ""element_label"": ""down-streak"", ""element_type"": ""trend_alert"", ""event_name"": ""shown"", ""message"": ""Price went down 3 times in the last 5 ticks!"", ""trader_id"": ""2f360b88-54c4-42c4-b310-c283fdf13010""}",1787760552.888158
468bae16-01fa-4b28-8367-2b7fc01e7aa7,b44a4e84-5176-4bdf-bbd6-a803eeda8f89,HUMAN,shown,trend_alert,down-streak,down-streak,2026-08-26T16:09:12.764Z,2026-08-26T16:09:12.892614+00:00,"{""client_ts"": ""2026-08-26T16:09:12.764Z"", ""element_id"": ""down-streak"", ""element_label"": ""down-streak"", ""element_type"": ""trend_alert"", ""event_name"": ""shown"", ""message"": ""Price went down 3 times in the last 5 ticks!"", ""trader_id"": ""b44a4e84-5176-4bdf-bbd6-a803eeda8f89""}",1787760552.900718
468bae16-01fa-4b28-8367-2b7fc01e7aa7,385afaf0-0dab-4f95-a820-87224bd6cf81,HUMAN,shown,trend_alert,down-streak,down-streak,2026-08-26T16:09:12.788Z,2026-08-26T16:09:12.905200+00:00,"{""client_ts"": ""2026-08-26T16:09:12.788Z"", ""element_id"": ""down-streak"", ""element_label"": ""down-streak"", ""element_type"": ""trend_alert"", ""event_name"": ""shown"", ""message"": ""Price went down 3 times in the last 5 ticks!"", ""trader_id"": ""385afaf0-0dab-4f95-a820-87224bd6cf81""}",1787760552.913264
ac549451-4a1c-4748-8b9c-d516efd866a0,237a72fb-6e65-400d-a2cc-d6ec525c558f,HUMAN,shown,trend_alert,up-streak,up-streak,2026-08-26T16:09:18.478Z,2026-08-26T16:09:18.533853+00:00,"{""client_ts"": ""2026-08-26T16:09:18.478Z"", ""element_id"": ""up-streak"", ""element_label"": ""up-streak"", ""element_type"": ""trend_alert"", ""event_name"": ""shown"", ""message"": ""Price went up 3 times in the last 5 ticks!"", ""trader_id"": ""237a72fb-6e65-400d-a2cc-d6ec525c558f""}",1787760558.542766
ac549451-4a1c-4748-8b9c-d516efd866a0,788e99d7-1dc5-4619-acfd-9c25ea29b078,HUMAN,shown,trend_alert,up-streak,up-streak,2026-08-26T16:09:18.479Z,2026-08-26T16:09:18.548035+00:00,"{""client_ts"": ""2026-08-26T16:09:18.479Z"", ""element_id"": ""up-streak"", ""element_label"": ""up-streak"", ""element_type"": ""trend_alert"", ""event_name"": ""shown"", ""message"": ""Price went up 3 times in the last 5 ticks!"", ""trader_id"": ""788e99d7-1dc5-4619-acfd-9c25ea29b078""}",1787760558.556345
ac549451-4a1c-4748-8b9c-d516efd866a0,2fb1ad28-7638-4d5a-b295-934c375f4224,HUMAN,shown,trend_alert,up-streak,up-streak,2026-08-26T16:09:18.478Z,2026-08-26T16:09:18.560574+00:00,"{""client_ts"": ""2026-08-26T16:09:18.478Z"", ""element_id"": ""up-streak"", ""element_label"": ""up-streak"", ""element_type"": ""trend_alert"", ""event_name"": ""shown"", ""message"": ""Price went up 3 times in the last 5 ticks!"", ""trader_id"": ""2fb1ad28-7638-4d5a-b295-934c375f4224""}",1787760558.569068
ac549451-4a1c-4748-8b9c-d516efd866a0,7a5364a3-a631-4d34-b8c6-1cba96b6888a,HUMAN,shown,trend_alert,up-streak,up-streak,2026-08-26T16:09:18.477Z,2026-08-26T16:09:18.573982+00:00,"{""client_ts"": ""2026-08-26T16:09:18.477Z"", ""element_id"": ""up-streak"", ""element_label"": ""up-streak"", ""element_type"": ""trend_alert"", ""event_name"": ""shown"", ""message"": ""Price went up 3 times in the last 5 ticks!"", ""trader_id"": ""7a5364a3-a631-4d34-b8c6-1cba96b6888a""}",1787760558.581928
468bae16-01fa-4b28-8367-2b7fc01e7aa7,4d3bbd69-519e-4f2d-86af-d252ccfd1141,HUMAN,shown,badge_unlock,platinum,Platinum,2026-08-26T16:09:19.271Z,2026-08-26T16:09:19.324877+00:00,"{""client_ts"": ""2026-08-26T16:09:19.271Z"", ""element_id"": ""platinum"", ""element_label"": ""Platinum"", ""element_type"": ""badge_unlock"", ""event_name"": ""shown"", ""total_trades_threshold"": 50, ""trader_id"": ""4d3bbd69-519e-4f2d-86af-d252ccfd1141""}",1787760559.332811
468bae16-01fa-4b28-8367-2b7fc01e7aa7,4d3bbd69-519e-4f2d-86af-d252ccfd1141,HUMAN,shown,badge_modal,platinum,Platinum,2026-08-26T16:09:19.271Z,2026-08-26T16:09:19.337564+00:00,"{""client_ts"": ""2026-08-26T16:09:19.271Z"", ""element_id"": ""platinum"", ""element_label"": ""Platinum"", ""element_type"": ""badge_modal"", ""event_name"": ""shown"", ""message"": ""You are definitely going places!"", ""total_trades"": 50, ""trader_id"": ""4d3bbd69-519e-4f2d-86af-d252ccfd1141""}",1787760559.344805
468bae16-01fa-4b28-8367-2b7fc01e7aa7,4d3bbd69-519e-4f2d-86af-d252ccfd1141,HUMAN,shown,badge_gif,platinum,Platinum,2026-08-26T16:09:19.271Z,2026-08-26T16:09:19.349023+00:00,"{""client_ts"": ""2026-08-26T16:09:19.271Z"", ""element_id"": ""platinum"", ""element_label"": ""Platinum"", ""element_type"": ""badge_gif"", ""event_name"": ""shown"", ""gif"": ""/static/trader_bridge_app/vue/assets/platinum.gif"", ""trader_id"": ""4d3bbd69-519e-4f2d-86af-d252ccfd1141""}",1787760559.359668
b0eca25a-c9c1-4b52-a273-a509e63a7229,0671e4cf-2b62-424f-ae00-209c7fe17584,HUMAN,shown,trend_alert,down-streak,down-streak,2026-08-26T16:09:32.082Z,2026-08-26T16:09:32.169151+00:00,"{""client_ts"": ""2026-08-26T16:09:32.082Z"", ""element_id"": ""down-streak"", ""element_label"": ""down-streak"", ""element_type"": ""trend_alert"", ""event_name"": ""shown"", ""message"": ""Price went down 3 times in the last 5 ticks!"", ""trader_id"": ""0671e4cf-2b62-424f-ae00-209c7fe17584""}",1787760572.176807
b0eca25a-c9c1-4b52-a273-a509e63a7229,7b0d7d06-d31a-4713-9086-86a852529422,HUMAN,shown,trend_alert,down-streak,down-streak,2026-08-26T16:09:32.066Z,2026-08-26T16:09:32.180026+00:00,"{""client_ts"": ""2026-08-26T16:09:32.066Z"", ""element_id"": ""down-streak"", ""element_label"": ""down-streak"", ""element_type"": ""trend_alert"", ""event_name"": ""shown"", ""message"": ""Price went down 3 times in the last 5 ticks!"", ""trader_id"": ""7b0d7d06-d31a-4713-9086-86a852529422""}",1787760572.18711
b0eca25a-c9c1-4b52-a273-a509e63a7229,2b4b0db0-a220-4399-95d6-50f92fe7210b,HUMAN,shown,trend_alert,down-streak,down-streak,2026-08-26T16:09:32.077Z,2026-08-26T16:09:32.202543+00:00,"{""client_ts"": ""2026-08-26T16:09:32.077Z"", ""element_id"": ""down-streak"", ""element_label"": ""down-streak"", ""element_type"": ""trend_alert"", ""event_name"": ""shown"", ""message"": ""Price went down 3 times in the last 5 ticks!"", ""trader_id"": ""2b4b0db0-a220-4399-95d6-50f92fe7210b""}",1787760572.209925
b0eca25a-c9c1-4b52-a273-a509e63a7229,f12504f3-11d0-4327-8b7a-bc23496e0389,HUMAN,shown,trend_alert,down-streak,down-streak,2026-08-26T16:09:32.070Z,2026-08-26T16:09:32.213017+00:00,"{""client_ts"": ""2026-08-26T16:09:32.070Z"", ""element_id"": ""down-streak"", ""element_label"": ""down-streak"", ""element_type"": ""trend_alert"", ""event_name"": ""shown"", ""message"": ""Price went down 3 times in the last 5 ticks!"", ""trader_id"": ""f12504f3-11d0-4327-8b7a-bc23496e0389""}",1787760572.220081
b0eca25a-c9c1-4b52-a273-a509e63a7229,e1704662-f9fc-4997-ae7d-284d233e3b57,HUMAN,shown,trend_alert,down-streak,down-streak,2026-08-26T16:09:32.077Z,2026-08-26T16:09:32.223891+00:00,"{""client_ts"": ""2026-08-26T16:09:32.077Z"", ""element_id"": ""down-streak"", ""element_label"": ""down-streak"", ""element_type"": ""trend_alert"", ""event_name"": ""shown"", ""message"": ""Price went down 3 times in the last 5 ticks!"", ""trader_id"": ""e1704662-f9fc-4997-ae7d-284d233e3b57""}",1787760572.231105
b0eca25a-c9c1-4b52-a273-a509e63a7229,ae15d7f0-ae5f-4399-9bdd-5751a9cf2a9b,HUMAN,shown,trend_alert,down-streak,down-streak,2026-08-26T16:09:32.077Z,2026-08-26T16:09:32.234183+00:00,"{""client_ts"": ""2026-08-26T16:09:32.077Z"", ""element_id"": ""down-streak"", ""element_label"": ""down-streak"", ""element_type"": ""trend_alert"", ""event_name"": ""shown"", ""message"": ""Price went down 3 times in the last 5 ticks!"", ""trader_id"": ""ae15d7f0-ae5f-4399-9bdd-5751a9cf2a9b""}",1787760572.241571
b0eca25a-c9c1-4b52-a273-a509e63a7229,2b4b0db0-a220-4399-95d6-50f92fe7210b,HUMAN,shown,badge_unlock,silver,Silver,2026-08-26T16:09:42.975Z,2026-08-26T16:09:43.088543+00:00,"{""client_ts"": ""2026-08-26T16:09:42.975Z"", ""element_id"": ""silver"", ""element_label"": ""Silver"", ""element_type"": ""badge_unlock"", ""event_name"": ""shown"", ""total_trades_threshold"": 15, ""trader_id"": ""2b4b0db0-a220-4399-95d6-50f92fe7210b""}",1787760583.096989
b0eca25a-c9c1-4b52-a273-a509e63a7229,2b4b0db0-a220-4399-95d6-50f92fe7210b,HUMAN,shown,badge_modal,silver,Silver,2026-08-26T16:09:42.976Z,2026-08-26T16:09:43.114850+00:00,"{""client_ts"": ""2026-08-26T16:09:42.976Z"", ""element_id"": ""silver"", ""element_label"": ""Silver"", ""element_type"": ""badge_modal"", ""event_name"": ""shown"", ""message"": ""You belong on the trading floor!"", ""total_trades"": 15, ""trader_id"": ""2b4b0db0-a220-4399-95d6-50f92fe7210b""}",1787760583.122926
b0eca25a-c9c1-4b52-a273-a509e63a7229,2b4b0db0-a220-4399-95d6-50f92fe7210b,HUMAN,shown,badge_gif,silver,Silver,2026-08-26T16:09:42.976Z,2026-08-26T16:09:43.143074+00:00,"{""client_ts"": ""2026-08-26T16:09:42.976Z"", ""element_id"": ""silver"", ""element_label"": ""Silver"", ""element_type"": ""badge_gif"", ""event_name"": ""shown"", ""gif"": ""/static/trader_bridge_app/vue/assets/silver.gif"", ""trader_id"": ""2b4b0db0-a220-4399-95d6-50f92fe7210b""}",1787760583.151302
ac549451-4a1c-4748-8b9c-d516efd866a0,2fb1ad28-7638-4d5a-b295-934c375f4224,HUMAN,shown,trend_alert,down-streak,down-streak,2026-08-26T16:09:52.985Z,2026-08-26T16:09:53.041120+00:00,"{""client_ts"": ""2026-08-26T16:09:52.985Z"", ""element_id"": ""down-streak"", ""element_label"": ""down-streak"", ""element_type"": ""trend_alert"", ""event_name"": ""shown"", ""message"": ""Price went down 3 times in the last 5 ticks!"", ""trader_id"": ""2fb1ad28-7638-4d5a-b295-934c375f4224""}",1787760593.048814
ac549451-4a1c-4748-8b9c-d516efd866a0,237a72fb-6e65-400d-a2cc-d6ec525c558f,HUMAN,shown,trend_alert,down-streak,down-streak,2026-08-26T16:09:52.989Z,2026-08-26T16:09:53.056871+00:00,"{""client_ts"": ""2026-08-26T16:09:52.989Z"", ""element_id"": ""down-streak"", ""element_label"": ""down-streak"", ""element_type"": ""trend_alert"", ""event_name"": ""shown"", ""message"": ""Price went down 3 times in the last 5 ticks!"", ""trader_id"": ""237a72fb-6e65-400d-a2cc-d6ec525c558f""}",1787760593.0644
ac549451-4a1c-4748-8b9c-d516efd866a0,788e99d7-1dc5-4619-acfd-9c25ea29b078,HUMAN,shown,trend_alert,down-streak,down-streak,2026-08-26T16:09:52.994Z,2026-08-26T16:09:53.068130+00:00,"{""client_ts"": ""2026-08-26T16:09:52.994Z"", ""element_id"": ""down-streak"", ""element_label"": ""down-streak"", ""element_type"": ""trend_alert"", ""event_name"": ""shown"", ""message"": ""Price went down 3 times in the last 5 ticks!"", ""trader_id"": ""788e99d7-1dc5-4619-acfd-9c25ea29b078""}",1787760593.075319
ac549451-4a1c-4748-8b9c-d516efd866a0,7a5364a3-a631-4d34-b8c6-1cba96b6888a,HUMAN,shown,trend_alert,down-streak,down-streak,2026-08-26T16:09:52.989Z,2026-08-26T16:09:53.078783+00:00,"{""client_ts"": ""2026-08-26T16:09:52.989Z"", ""element_id"": ""down-streak"", ""element_label"": ""down-streak"", ""element_type"": ""trend_alert"", ""event_name"": ""shown"", ""message"": ""Price went down 3 times in the last 5 ticks!"", ""trader_id"": ""7a5364a3-a631-4d34-b8c6-1cba96b6888a""}",1787760593.08559
468bae16-01fa-4b28-8367-2b7fc01e7aa7,daaf568f-afa2-4c5e-bef3-55028aa36749,HUMAN,shown,trend_alert,down-streak,down-streak,2026-08-26T16:09:55.854Z,2026-08-26T16:09:55.918666+00:00,"{""client_ts"": ""2026-08-26T16:09:55.854Z"", ""element_id"": ""down-streak"", ""element_label"": ""down-streak"", ""element_type"": ""trend_alert"", ""event_name"": ""shown"", ""message"": ""Price went down 3 times in the last 5 ticks!"", ""trader_id"": ""daaf568f-afa2-4c5e-bef3-55028aa36749""}",1787760595.92656
468bae16-01fa-4b28-8367-2b7fc01e7aa7,385afaf0-0dab-4f95-a820-87224bd6cf81,HUMAN,shown,trend_alert,down-streak,down-streak,2026-08-26T16:09:55.866Z,2026-08-26T16:09:55.931374+00:00,"{""client_ts"": ""2026-08-26T16:09:55.866Z"", ""element_id"": ""down-streak"", ""element_label"": ""down-streak"", ""element_type"": ""trend_alert"", ""event_name"": ""shown"", ""message"": ""Price went down 3 times in the last 5 ticks!"", ""trader_id"": ""385afaf0-0dab-4f95-a820-87224bd6cf81""}",1787760595.938745
468bae16-01fa-4b28-8367-2b7fc01e7aa7,4d3bbd69-519e-4f2d-86af-d252ccfd1141,HUMAN,shown,trend_alert,down-streak,down-streak,2026-08-26T16:09:55.868Z,2026-08-26T16:09:55.942252+00:00,"{""client_ts"": ""2026-08-26T16:09:55.868Z"", ""element_id"": ""down-streak"", ""element_label"": ""down-streak"", ""element_type"": ""trend_alert"", ""event_name"": ""shown"", ""message"": ""Price went down 3 times in the last 5 ticks!"", ""trader_id"": ""4d3bbd69-519e-4f2d-86af-d252ccfd1141""}",1787760595.949505
468bae16-01fa-4b28-8367-2b7fc01e7aa7,b44a4e84-5176-4bdf-bbd6-a803eeda8f89,HUMAN,shown,trend_alert,down-streak,down-streak,2026-08-26T16:09:55.846Z,2026-08-26T16:09:55.953063+00:00,"{""client_ts"": ""2026-08-26T16:09:55.846Z"", ""element_id"": ""down-streak"", ""element_label"": ""down-streak"", ""element_type"": ""trend_alert"", ""event_name"": ""shown"", ""message"": ""Price went down 3 times in the last 5 ticks!"", ""trader_id"": ""b44a4e84-5176-4bdf-bbd6-a803eeda8f89""}",1787760595.960056
468bae16-01fa-4b28-8367-2b7fc01e7aa7,2f360b88-54c4-42c4-b310-c283fdf13010,HUMAN,shown,trend_alert,down-streak,down-streak,2026-08-26T16:09:55.868Z,2026-08-26T16:09:55.964114+00:00,"{""client_ts"": ""2026-08-26T16:09:55.868Z"", ""element_id"": ""down-streak"", ""element_label"": ""down-streak"", ""element_type"": ""trend_alert"", ""event_name"": ""shown"", ""message"": ""Price went down 3 times in the last 5 ticks!"", ""trader_id"": ""2f360b88-54c4-42c4-b310-c283fdf13010""}",1787760595.97152
468bae16-01fa-4b28-8367-2b7fc01e7aa7,2599d1e4-f216-4dc7-9669-3ec27c6aadcd,HUMAN,shown,trend_alert,down-streak,down-streak,2026-08-26T16:09:55.861Z,2026-08-26T16:09:55.975691+00:00,"{""client_ts"": ""2026-08-26T16:09:55.861Z"", ""element_id"": ""down-streak"", ""element_label"": ""down-streak"", ""element_type"": ""trend_alert"", ""event_name"": ""shown"", ""message"": ""Price went down 3 times in the last 5 ticks!"", ""trader_id"": ""2599d1e4-f216-4dc7-9669-3ec27c6aadcd""}",1787760595.983055
ac549451-4a1c-4748-8b9c-d516efd866a0,7a5364a3-a631-4d34-b8c6-1cba96b6888a,HUMAN,shown,trend_alert,up-streak,up-streak,2026-08-26T16:10:23.399Z,2026-08-26T16:10:23.458891+00:00,"{""client_ts"": ""2026-08-26T16:10:23.399Z"", ""element_id"": ""up-streak"", ""element_label"": ""up-streak"", ""element_type"": ""trend_alert"", ""event_name"": ""shown"", ""message"": ""Price went up 3 times in the last 5 ticks!"", ""trader_id"": ""7a5364a3-a631-4d34-b8c6-1cba96b6888a""}",1787760623.467213
ac549451-4a1c-4748-8b9c-d516efd866a0,788e99d7-1dc5-4619-acfd-9c25ea29b078,HUMAN,shown,trend_alert,up-streak,up-streak,2026-08-26T16:10:23.405Z,2026-08-26T16:10:23.471775+00:00,"{""client_ts"": ""2026-08-26T16:10:23.405Z"", ""element_id"": ""up-streak"", ""element_label"": ""up-streak"", ""element_type"": ""trend_alert"", ""event_name"": ""shown"", ""message"": ""Price went up 3 times in the last 5 ticks!"", ""trader_id"": ""788e99d7-1dc5-4619-acfd-9c25ea29b078""}",1787760623.480156
ac549451-4a1c-4748-8b9c-d516efd866a0,237a72fb-6e65-400d-a2cc-d6ec525c558f,HUMAN,shown,trend_alert,up-streak,up-streak,2026-08-26T16:10:23.404Z,2026-08-26T16:10:23.483970+00:00,"{""client_ts"": ""2026-08-26T16:10:23.404Z"", ""element_id"": ""up-streak"", ""element_label"": ""up-streak"", ""element_type"": ""trend_alert"", ""event_name"": ""shown"", ""message"": ""Price went up 3 times in the last 5 ticks!"", ""trader_id"": ""237a72fb-6e65-400d-a2cc-d6ec525c558f""}",1787760623.491967
ac549451-4a1c-4748-8b9c-d516efd866a0,2fb1ad28-7638-4d5a-b295-934c375f4224,HUMAN,shown,trend_alert,up-streak,up-streak,2026-08-26T16:10:23.402Z,2026-08-26T16:10:23.495645+00:00,"{""client_ts"": ""2026-08-26T16:10:23.402Z"", ""element_id"": ""up-streak"", ""element_label"": ""up-streak"", ""element_type"": ""trend_alert"", ""event_name"": ""shown"", ""message"": ""Price went up 3 times in the last 5 ticks!"", ""trader_id"": ""2fb1ad28-7638-4d5a-b295-934c375f4224""}",1787760623.503385
468bae16-01fa-4b28-8367-2b7fc01e7aa7,2599d1e4-f216-4dc7-9669-3ec27c6aadcd,HUMAN,shown,badge_unlock,gold,Gold,2026-08-26T16:10:34.984Z,2026-08-26T16:10:35.091458+00:00,"{""client_ts"": ""2026-08-26T16:10:34.984Z"", ""element_id"": ""gold"", ""element_label"": ""Gold"", ""element_type"": ""badge_unlock"", ""event_name"": ""shown"", ""total_trades_threshold"": 35, ""trader_id"": ""2599d1e4-f216-4dc7-9669-3ec27c6aadcd""}",1787760635.100285
468bae16-01fa-4b28-8367-2b7fc01e7aa7,2599d1e4-f216-4dc7-9669-3ec27c6aadcd,HUMAN,shown,badge_modal,gold,Gold,2026-08-26T16:10:34.984Z,2026-08-26T16:10:35.109341+00:00,"{""client_ts"": ""2026-08-26T16:10:34.984Z"", ""element_id"": ""gold"", ""element_label"": ""Gold"", ""element_type"": ""badge_modal"", ""event_name"": ""shown"", ""message"": ""You are the money maker!"", ""total_trades"": 35, ""trader_id"": ""2599d1e4-f216-4dc7-9669-3ec27c6aadcd""}",1787760635.117696
468bae16-01fa-4b28-8367-2b7fc01e7aa7,2599d1e4-f216-4dc7-9669-3ec27c6aadcd,HUMAN,shown,badge_gif,gold,Gold,2026-08-26T16:10:34.984Z,2026-08-26T16:10:35.123527+00:00,"{""client_ts"": ""2026-08-26T16:10:34.984Z"", ""element_id"": ""gold"", ""element_label"": ""Gold"", ""element_type"": ""badge_gif"", ""event_name"": ""shown"", ""gif"": ""/static/trader_bridge_app/vue/assets/gold.gif"", ""trader_id"": ""2599d1e4-f216-4dc7-9669-3ec27c6aadcd""}",1787760635.131033
727aeab3-4e37-4074-aa8a-edb9ed62fd8f,9ac2441c-65de-4140-886b-e041aa13f30c,HUMAN,shown,badge_unlock,gold,Gold,2026-08-26T16:10:51.115Z,2026-08-26T16:10:51.220362+00:00,"{""client_ts"": ""2026-08-26T16:10:51.115Z"", ""element_id"": ""gold"", ""element_label"": ""Gold"", ""element_type"": ""badge_unlock"", ""event_name"": ""shown"", ""total_trades_threshold"": 35, ""trader_id"": ""9ac2441c-65de-4140-886b-e041aa13f30c""}",1787760651.228613
727aeab3-4e37-4074-aa8a-edb9ed62fd8f,9ac2441c-65de-4140-886b-e041aa13f30c,HUMAN,shown,badge_modal,gold,Gold,2026-08-26T16:10:51.115Z,2026-08-26T16:10:51.233727+00:00,"{""client_ts"": ""2026-08-26T16:10:51.115Z"", ""element_id"": ""gold"", ""element_label"": ""Gold"", ""element_type"": ""badge_modal"", ""event_name"": ""shown"", ""message"": ""You are the money maker!"", ""total_trades"": 35, ""trader_id"": ""9ac2441c-65de-4140-886b-e041aa13f30c""}",1787760651.241722
727aeab3-4e37-4074-aa8a-edb9ed62fd8f,9ac2441c-65de-4140-886b-e041aa13f30c,HUMAN,shown,badge_gif,gold,Gold,2026-08-26T16:10:51.115Z,2026-08-26T16:10:51.246573+00:00,"{""client_ts"": ""2026-08-26T16:10:51.115Z"", ""element_id"": ""gold"", ""element_label"": ""Gold"", ""element_type"": ""badge_gif"", ""event_name"": ""shown"", ""gif"": ""/static/trader_bridge_app/vue/assets/gold.gif"", ""trader_id"": ""9ac2441c-65de-4140-886b-e041aa13f30c""}",1787760651.254227
727aeab3-4e37-4074-aa8a-edb9ed62fd8f,2f3e84e4-20e5-4f77-b49b-fa897c043cca,HUMAN,shown,badge_unlock,gold,Gold,2026-08-26T16:10:57.625Z,2026-08-26T16:10:57.755349+00:00,"{""client_ts"": ""2026-08-26T16:10:57.625Z"", ""element_id"": ""gold"", ""element_label"": ""Gold"", ""element_type"": ""badge_unlock"", ""event_name"": ""shown"", ""total_trades_threshold"": 35, ""trader_id"": ""2f3e84e4-20e5-4f77-b49b-fa897c043cca""}",1787760657.764336
727aeab3-4e37-4074-aa8a-edb9ed62fd8f,2f3e84e4-20e5-4f77-b49b-fa897c043cca,HUMAN,shown,badge_modal,gold,Gold,2026-08-26T16:10:57.625Z,2026-08-26T16:10:57.770942+00:00,"{""client_ts"": ""2026-08-26T16:10:57.625Z"", ""element_id"": ""gold"", ""element_label"": ""Gold"", ""element_type"": ""badge_modal"", ""event_name"": ""shown"", ""message"": ""You are the money maker!"", ""total_trades"": 35, ""trader_id"": ""2f3e84e4-20e5-4f77-b49b-fa897c043cca""}",1787760657.779072
727aeab3-4e37-4074-aa8a-edb9ed62fd8f,2f3e84e4-20e5-4f77-b49b-fa897c043cca,HUMAN,shown,badge_gif,gold,Gold,2026-08-26T16:10:57.625Z,2026-08-26T16:10:57.783551+00:00,"{""client_ts"": ""2026-08-26T16:10:57.625Z"", ""element_id"": ""gold"", ""element_label"": ""Gold"", ""element_type"": ""badge_gif"", ""event_name"": ""shown"", ""gif"": ""/static/trader_bridge_app/vue/assets/gold.gif"", ""trader_id"": ""2f3e84e4-20e5-4f77-b49b-fa897c043cca""}",1787760657.791299
468bae16-01fa-4b28-8367-2b7fc01e7aa7,4d3bbd69-519e-4f2d-86af-d252ccfd1141,HUMAN,shown,trend_alert,down-streak,down-streak,2026-08-26T16:11:36.554Z,2026-08-26T16:11:36.604023+00:00,"{""client_ts"": ""2026-08-26T16:11:36.554Z"", ""element_id"": ""down-streak"", ""element_label"": ""down-streak"", ""element_type"": ""trend_alert"", ""event_name"": ""shown"", ""message"": ""Price went down 3 times in the last 5 ticks!"", ""trader_id"": ""4d3bbd69-519e-4f2d-86af-d252ccfd1141""}",1787760696.612045
468bae16-01fa-4b28-8367-2b7fc01e7aa7,2599d1e4-f216-4dc7-9669-3ec27c6aadcd,HUMAN,shown,trend_alert,down-streak,down-streak,2026-08-26T16:11:36.542Z,2026-08-26T16:11:36.616488+00:00,"{""client_ts"": ""2026-08-26T16:11:36.542Z"", ""element_id"": ""down-streak"", ""element_label"": ""down-streak"", ""element_type"": ""trend_alert"", ""event_name"": ""shown"", ""message"": ""Price went down 3 times in the last 5 ticks!"", ""trader_id"": ""2599d1e4-f216-4dc7-9669-3ec27c6aadcd""}",1787760696.624138
468bae16-01fa-4b28-8367-2b7fc01e7aa7,daaf568f-afa2-4c5e-bef3-55028aa36749,HUMAN,shown,trend_alert,down-streak,down-streak,2026-08-26T16:11:36.542Z,2026-08-26T16:11:36.627236+00:00,"{""client_ts"": ""2026-08-26T16:11:36.542Z"", ""element_id"": ""down-streak"", ""element_label"": ""down-streak"", ""element_type"": ""trend_alert"", ""event_name"": ""shown"", ""message"": ""Price went down 3 times in the last 5 ticks!"", ""trader_id"": ""daaf568f-afa2-4c5e-bef3-55028aa36749""}",1787760696.634158
468bae16-01fa-4b28-8367-2b7fc01e7aa7,2f360b88-54c4-42c4-b310-c283fdf13010,HUMAN,shown,trend_alert,down-streak,down-streak,2026-08-26T16:11:36.551Z,2026-08-26T16:11:36.637175+00:00,"{""client_ts"": ""2026-08-26T16:11:36.551Z"", ""element_id"": ""down-streak"", ""element_label"": ""down-streak"", ""element_type"": ""trend_alert"", ""event_name"": ""shown"", ""message"": ""Price went down 3 times in the last 5 ticks!"", ""trader_id"": ""2f360b88-54c4-42c4-b310-c283fdf13010""}",1787760696.644477
468bae16-01fa-4b28-8367-2b7fc01e7aa7,385afaf0-0dab-4f95-a820-87224bd6cf81,HUMAN,shown,trend_alert,down-streak,down-streak,2026-08-26T16:11:36.555Z,2026-08-26T16:11:36.647893+00:00,"{""client_ts"": ""2026-08-26T16:11:36.555Z"", ""element_id"": ""down-streak"", ""element_label"": ""down-streak"", ""element_type"": ""trend_alert"", ""event_name"": ""shown"", ""message"": ""Price went down 3 times in the last 5 ticks!"", ""trader_id"": ""385afaf0-0dab-4f95-a820-87224bd6cf81""}",1787760696.655048
468bae16-01fa-4b28-8367-2b7fc01e7aa7,b44a4e84-5176-4bdf-bbd6-a803eeda8f89,HUMAN,shown,trend_alert,down-streak,down-streak,2026-08-26T16:11:36.534Z,2026-08-26T16:11:36.658108+00:00,"{""client_ts"": ""2026-08-26T16:11:36.534Z"", ""element_id"": ""down-streak"", ""element_label"": ""down-streak"", ""element_type"": ""trend_alert"", ""event_name"": ""shown"", ""message"": ""Price went down 3 times in the last 5 ticks!"", ""trader_id"": ""b44a4e84-5176-4bdf-bbd6-a803eeda8f89""}",1787760696.665135
727aeab3-4e37-4074-aa8a-edb9ed62fd8f,9d9fb988-56a1-480a-b9ae-0966b32c2ac4,HUMAN,shown,badge_unlock,platinum,Platinum,2026-08-26T16:11:41.979Z,2026-08-26T16:11:42.032271+00:00,"{""client_ts"": ""2026-08-26T16:11:41.979Z"", ""element_id"": ""platinum"", ""element_label"": ""Platinum"", ""element_type"": ""badge_unlock"", ""event_name"": ""shown"", ""total_trades_threshold"": 50, ""trader_id"": ""9d9fb988-56a1-480a-b9ae-0966b32c2ac4""}",1787760702.041359
727aeab3-4e37-4074-aa8a-edb9ed62fd8f,9d9fb988-56a1-480a-b9ae-0966b32c2ac4,HUMAN,shown,badge_modal,platinum,Platinum,2026-08-26T16:11:41.979Z,2026-08-26T16:11:42.046744+00:00,"{""client_ts"": ""2026-08-26T16:11:41.979Z"", ""element_id"": ""platinum"", ""element_label"": ""Platinum"", ""element_type"": ""badge_modal"", ""event_name"": ""shown"", ""message"": ""You are definitely going places!"", ""total_trades"": 50, ""trader_id"": ""9d9fb988-56a1-480a-b9ae-0966b32c2ac4""}",1787760702.055166
727aeab3-4e37-4074-aa8a-edb9ed62fd8f,9d9fb988-56a1-480a-b9ae-0966b32c2ac4,HUMAN,shown,badge_gif,platinum,Platinum,2026-08-26T16:11:41.979Z,2026-08-26T16:11:42.106062+00:00,"{""client_ts"": ""2026-08-26T16:11:41.979Z"", ""element_id"": ""platinum"", ""element_label"": ""Platinum"", ""element_type"": ""badge_gif"", ""event_name"": ""shown"", ""gif"": ""/static/trader_bridge_app/vue/assets/platinum.gif"", ""trader_id"": ""9d9fb988-56a1-480a-b9ae-0966b32c2ac4""}",1787760702.113349
727aeab3-4e37-4074-aa8a-edb9ed62fd8f,53588079-a1a1-4d7a-af7c-dd507879bce6,HUMAN,shown,badge_unlock,bronze,Bronze,2026-08-26T16:11:48.316Z,2026-08-26T16:11:48.446114+00:00,"{""client_ts"": ""2026-08-26T16:11:48.316Z"", ""element_id"": ""bronze"", ""element_label"": ""Bronze"", ""element_type"": ""badge_unlock"", ""event_name"": ""shown"", ""total_trades_threshold"": 10, ""trader_id"": ""53588079-a1a1-4d7a-af7c-dd507879bce6""}",1787760708.453348
727aeab3-4e37-4074-aa8a-edb9ed62fd8f,53588079-a1a1-4d7a-af7c-dd507879bce6,HUMAN,shown,badge_modal,bronze,Bronze,2026-08-26T16:11:48.316Z,2026-08-26T16:11:48.481480+00:00,"{""client_ts"": ""2026-08-26T16:11:48.316Z"", ""element_id"": ""bronze"", ""element_label"": ""Bronze"", ""element_type"": ""badge_modal"", ""event_name"": ""shown"", ""message"": ""Level up! Doing well"", ""total_trades"": 10, ""trader_id"": ""53588079-a1a1-4d7a-af7c-dd507879bce6""}",1787760708.488582
727aeab3-4e37-4074-aa8a-edb9ed62fd8f,53588079-a1a1-4d7a-af7c-dd507879bce6,HUMAN,shown,badge_gif,bronze,Bronze,2026-08-26T16:11:48.317Z,2026-08-26T16:11:48.504589+00:00,"{""client_ts"": ""2026-08-26T16:11:48.317Z"", ""element_id"": ""bronze"", ""element_label"": ""Bronze"", ""element_type"": ""badge_gif"", ""event_name"": ""shown"", ""gif"": ""/static/trader_bridge_app/vue/assets/bronze.gif"", ""trader_id"": ""53588079-a1a1-4d7a-af7c-dd507879bce6""}",1787760708.511813
468bae16-01fa-4b28-8367-2b7fc01e7aa7,2f360b88-54c4-42c4-b310-c283fdf13010,HUMAN,shown,badge_unlock,silver,Silver,2026-08-26T16:11:56.480Z,2026-08-26T16:11:56.597382+00:00,"{""client_ts"": ""2026-08-26T16:11:56.480Z"", ""element_id"": ""silver"", ""element_label"": ""Silver"", ""element_type"": ""badge_unlock"", ""event_name"": ""shown"", ""total_trades_threshold"": 15, ""trader_id"": ""2f360b88-54c4-42c4-b310-c283fdf13010""}",1787760716.605307
468bae16-01fa-4b28-8367-2b7fc01e7aa7,2f360b88-54c4-42c4-b310-c283fdf13010,HUMAN,shown,badge_modal,silver,Silver,2026-08-26T16:11:56.480Z,2026-08-26T16:11:56.626630+00:00,"{""client_ts"": ""2026-08-26T16:11:56.480Z"", ""element_id"": ""silver"", ""element_label"": ""Silver"", ""element_type"": ""badge_modal"", ""event_name"": ""shown"", ""message"": ""You belong on the trading floor!"", ""total_trades"": 15, ""trader_id"": ""2f360b88-54c4-42c4-b310-c283fdf13010""}",1787760716.634533
468bae16-01fa-4b28-8367-2b7fc01e7aa7,2f360b88-54c4-42c4-b310-c283fdf13010,HUMAN,shown,badge_gif,silver,Silver,2026-08-26T16:11:56.480Z,2026-08-26T16:11:56.639475+00:00,"{""client_ts"": ""2026-08-26T16:11:56.480Z"", ""element_id"": ""silver"", ""element_label"": ""Silver"", ""element_type"": ""badge_gif"", ""event_name"": ""shown"", ""gif"": ""/static/trader_bridge_app/vue/assets/silver.gif"", ""trader_id"": ""2f360b88-54c4-42c4-b310-c283fdf13010""}",1787760716.646908
468bae16-01fa-4b28-8367-2b7fc01e7aa7,4d3bbd69-519e-4f2d-86af-d252ccfd1141,HUMAN,shown,badge_unlock,diamond,Diamond,2026-08-26T16:13:07.018Z,2026-08-26T16:13:07.067113+00:00,"{""client_ts"": ""2026-08-26T16:13:07.018Z"", ""element_id"": ""diamond"", ""element_label"": ""Diamond"", ""element_type"": ""badge_unlock"", ""event_name"": ""shown"", ""total_trades_threshold"": 60, ""trader_id"": ""4d3bbd69-519e-4f2d-86af-d252ccfd1141""}",1787760787.074732
468bae16-01fa-4b28-8367-2b7fc01e7aa7,4d3bbd69-519e-4f2d-86af-d252ccfd1141,HUMAN,shown,badge_modal,diamond,Diamond,2026-08-26T16:13:07.019Z,2026-08-26T16:13:07.079276+00:00,"{""client_ts"": ""2026-08-26T16:13:07.019Z"", ""element_id"": ""diamond"", ""element_label"": ""Diamond"", ""element_type"": ""badge_modal"", ""event_name"": ""shown"", ""message"": ""The Wolf of Wall Street"", ""total_trades"": 60, ""trader_id"": ""4d3bbd69-519e-4f2d-86af-d252ccfd1141""}",1787760787.086611
468bae16-01fa-4b28-8367-2b7fc01e7aa7,4d3bbd69-519e-4f2d-86af-d252ccfd1141,HUMAN,shown,badge_gif,diamond,Diamond,2026-08-26T16:13:07.019Z,2026-08-26T16:13:07.090706+00:00,"{""client_ts"": ""2026-08-26T16:13:07.019Z"", ""element_id"": ""diamond"", ""element_label"": ""Diamond"", ""element_type"": ""badge_gif"", ""event_name"": ""shown"", ""gif"": ""/static/trader_bridge_app/vue/assets/diamond.gif"", ""trader_id"": ""4d3bbd69-519e-4f2d-86af-d252ccfd1141""}",1787760787.097595
468bae16-01fa-4b28-8367-2b7fc01e7aa7,daaf568f-afa2-4c5e-bef3-55028aa36749,HUMAN,shown,badge_unlock,gold,Gold,2026-08-26T16:13:07.021Z,2026-08-26T16:13:07.101902+00:00,"{""client_ts"": ""2026-08-26T16:13:07.021Z"", ""element_id"": ""gold"", ""element_label"": ""Gold"", ""element_type"": ""badge_unlock"", ""event_name"": ""shown"", ""total_trades_threshold"": 35, ""trader_id"": ""daaf568f-afa2-4c5e-bef3-55028aa36749""}",1787760787.109244
468bae16-01fa-4b28-8367-2b7fc01e7aa7,daaf568f-afa2-4c5e-bef3-55028aa36749,HUMAN,shown,badge_modal,gold,Gold,2026-08-26T16:13:07.021Z,2026-08-26T16:13:07.113634+00:00,"{""client_ts"": ""2026-08-26T16:13:07.021Z"", ""element_id"": ""gold"", ""element_label"": ""Gold"", ""element_type"": ""badge_modal"", ""event_name"": ""shown"", ""message"": ""You are the money maker!"", ""total_trades"": 35, ""trader_id"": ""daaf568f-afa2-4c5e-bef3-55028aa36749""}",1787760787.120714
468bae16-01fa-4b28-8367-2b7fc01e7aa7,daaf568f-afa2-4c5e-bef3-55028aa36749,HUMAN,shown,badge_gif,gold,Gold,2026-08-26T16:13:07.021Z,2026-08-26T16:13:07.124878+00:00,"{""client_ts"": ""2026-08-26T16:13:07.021Z"", ""element_id"": ""gold"", ""element_label"": ""Gold"", ""element_type"": ""badge_gif"", ""event_name"": ""shown"", ""gif"": ""/static/trader_bridge_app/vue/assets/gold.gif"", ""trader_id"": ""daaf568f-afa2-4c5e-bef3-55028aa36749""}",1787760787.132214
b0eca25a-c9c1-4b52-a273-a509e63a7229,e1704662-f9fc-4997-ae7d-284d233e3b57,HUMAN,shown,badge_unlock,gold,Gold,2026-08-26T16:13:24.675Z,2026-08-26T16:13:24.731970+00:00,"{""client_ts"": ""2026-08-26T16:13:24.675Z"", ""element_id"": ""gold"", ""element_label"": ""Gold"", ""element_type"": ""badge_unlock"", ""event_name"": ""shown"", ""total_trades_threshold"": 35, ""trader_id"": ""e1704662-f9fc-4997-ae7d-284d233e3b57""}",1787760804.741978
b0eca25a-c9c1-4b52-a273-a509e63a7229,e1704662-f9fc-4997-ae7d-284d233e3b57,HUMAN,shown,badge_modal,gold,Gold,2026-08-26T16:13:24.675Z,2026-08-26T16:13:24.749449+00:00,"{""client_ts"": ""2026-08-26T16:13:24.675Z"", ""element_id"": ""gold"", ""element_label"": ""Gold"", ""element_type"": ""badge_modal"", ""event_name"": ""shown"", ""message"": ""You are the money maker!"", ""total_trades"": 35, ""trader_id"": ""e1704662-f9fc-4997-ae7d-284d233e3b57""}",1787760804.757306
b0eca25a-c9c1-4b52-a273-a509e63a7229,e1704662-f9fc-4997-ae7d-284d233e3b57,HUMAN,shown,badge_gif,gold,Gold,2026-08-26T16:13:24.675Z,2026-08-26T16:13:24.763981+00:00,"{""client_ts"": ""2026-08-26T16:13:24.675Z"", ""element_id"": ""gold"", ""element_label"": ""Gold"", ""element_type"": ""badge_gif"", ""event_name"": ""shown"", ""gif"": ""/static/trader_bridge_app/vue/assets/gold.gif"", ""trader_id"": ""e1704662-f9fc-4997-ae7d-284d233e3b57""}",1787760804.77183
b0eca25a-c9c1-4b52-a273-a509e63a7229,ae15d7f0-ae5f-4399-9bdd-5751a9cf2a9b,HUMAN,shown,trend_alert,up-streak,up-streak,2026-08-26T16:13:26.972Z,2026-08-26T16:13:27.032152+00:00,"{""client_ts"": ""2026-08-26T16:13:26.972Z"", ""element_id"": ""up-streak"", ""element_label"": ""up-streak"", ""element_type"": ""trend_alert"", ""event_name"": ""shown"", ""message"": ""Price went up 3 times in the last 5 ticks!"", ""trader_id"": ""ae15d7f0-ae5f-4399-9bdd-5751a9cf2a9b""}",1787760807.039562
b0eca25a-c9c1-4b52-a273-a509e63a7229,7b0d7d06-d31a-4713-9086-86a852529422,HUMAN,shown,trend_alert,up-streak,up-streak,2026-08-26T16:13:26.978Z,2026-08-26T16:13:27.044276+00:00,"{""client_ts"": ""2026-08-26T16:13:26.978Z"", ""element_id"": ""up-streak"", ""element_label"": ""up-streak"", ""element_type"": ""trend_alert"", ""event_name"": ""shown"", ""message"": ""Price went up 3 times in the last 5 ticks!"", ""trader_id"": ""7b0d7d06-d31a-4713-9086-86a852529422""}",1787760807.051874
b0eca25a-c9c1-4b52-a273-a509e63a7229,2b4b0db0-a220-4399-95d6-50f92fe7210b,HUMAN,shown,trend_alert,up-streak,up-streak,2026-08-26T16:13:26.981Z,2026-08-26T16:13:27.056122+00:00,"{""client_ts"": ""2026-08-26T16:13:26.981Z"", ""element_id"": ""up-streak"", ""element_label"": ""up-streak"", ""element_type"": ""trend_alert"", ""event_name"": ""shown"", ""message"": ""Price went up 3 times in the last 5 ticks!"", ""trader_id"": ""2b4b0db0-a220-4399-95d6-50f92fe7210b""}",1787760807.063217
b0eca25a-c9c1-4b52-a273-a509e63a7229,7b0d7d06-d31a-4713-9086-86a852529422,HUMAN,shown,trend_alert,up-streak,up-streak,2026-08-26T16:13:41.810Z,2026-08-26T16:13:41.865034+00:00,"{""client_ts"": ""2026-08-26T16:13:41.810Z"", ""element_id"": ""up-streak"", ""element_label"": ""up-streak"", ""element_type"": ""trend_alert"", ""event_name"": ""shown"", ""message"": ""Price went up 3 times in the last 5 ticks!"", ""trader_id"": ""7b0d7d06-d31a-4713-9086-86a852529422""}",1787760821.873114
b0eca25a-c9c1-4b52-a273-a509e63a7229,e1704662-f9fc-4997-ae7d-284d233e3b57,HUMAN,shown,trend_alert,up-streak,up-streak,2026-08-26T16:13:41.809Z,2026-08-26T16:13:41.877888+00:00,"{""client_ts"": ""2026-08-26T16:13:41.809Z"", ""element_id"": ""up-streak"", ""element_label"": ""up-streak"", ""element_type"": ""trend_alert"", ""event_name"": ""shown"", ""message"": ""Price went up 3 times in the last 5 ticks!"", ""trader_id"": ""e1704662-f9fc-4997-ae7d-284d233e3b57""}",1787760821.884942
b0eca25a-c9c1-4b52-a273-a509e63a7229,ae15d7f0-ae5f-4399-9bdd-5751a9cf2a9b,HUMAN,shown,trend_alert,up-streak,up-streak,2026-08-26T16:13:41.806Z,2026-08-26T16:13:41.888620+00:00,"{""client_ts"": ""2026-08-26T16:13:41.806Z"", ""element_id"": ""up-streak"", ""element_label"": ""up-streak"", ""element_type"": ""trend_alert"", ""event_name"": ""shown"", ""message"": ""Price went up 3 times in the last 5 ticks!"", ""trader_id"": ""ae15d7f0-ae5f-4399-9bdd-5751a9cf2a9b""}",1787760821.895686
b0eca25a-c9c1-4b52-a273-a509e63a7229,2b4b0db0-a220-4399-95d6-50f92fe7210b,HUMAN,shown,trend_alert,up-streak,up-streak,2026-08-26T16:13:41.813Z,2026-08-26T16:13:41.899169+00:00,"{""client_ts"": ""2026-08-26T16:13:41.813Z"", ""element_id"": ""up-streak"", ""element_label"": ""up-streak"", ""element_type"": ""trend_alert"", ""event_name"": ""shown"", ""message"": ""Price went up 3 times in the last 5 ticks!"", ""trader_id"": ""2b4b0db0-a220-4399-95d6-50f92fe7210b""}",1787760821.90606
b0eca25a-c9c1-4b52-a273-a509e63a7229,0671e4cf-2b62-424f-ae00-209c7fe17584,HUMAN,shown,trend_alert,up-streak,up-streak,2026-08-26T16:13:41.823Z,2026-08-26T16:13:41.912973+00:00,"{""client_ts"": ""2026-08-26T16:13:41.823Z"", ""element_id"": ""up-streak"", ""element_label"": ""up-streak"", ""element_type"": ""trend_alert"", ""event_name"": ""shown"", ""message"": ""Price went up 3 times in the last 5 ticks!"", ""trader_id"": ""0671e4cf-2b62-424f-ae00-209c7fe17584""}",1787760821.920606
b0eca25a-c9c1-4b52-a273-a509e63a7229,f12504f3-11d0-4327-8b7a-bc23496e0389,HUMAN,shown,trend_alert,up-streak,up-streak,2026-08-26T16:13:41.807Z,2026-08-26T16:13:41.924327+00:00,"{""client_ts"": ""2026-08-26T16:13:41.807Z"", ""element_id"": ""up-streak"", ""element_label"": ""up-streak"", ""element_type"": ""trend_alert"", ""event_name"": ""shown"", ""message"": ""Price went up 3 times in the last 5 ticks!"", ""trader_id"": ""f12504f3-11d0-4327-8b7a-bc23496e0389""}",1787760821.931803
ac549451-4a1c-4748-8b9c-d516efd866a0,2fb1ad28-7638-4d5a-b295-934c375f4224,HUMAN,shown,trend_alert,down-streak,down-streak,2026-08-26T16:13:57.689Z,2026-08-26T16:13:57.750923+00:00,"{""client_ts"": ""2026-08-26T16:13:57.689Z"", ""element_id"": ""down-streak"", ""element_label"": ""down-streak"", ""element_type"": ""trend_alert"", ""event_name"": ""shown"", ""message"": ""Price went down 3 times in the last 5 ticks!"", ""trader_id"": ""2fb1ad28-7638-4d5a-b295-934c375f4224""}",1787760837.759199
ac549451-4a1c-4748-8b9c-d516efd866a0,788e99d7-1dc5-4619-acfd-9c25ea29b078,HUMAN,shown,trend_alert,down-streak,down-streak,2026-08-26T16:13:57.702Z,2026-08-26T16:13:57.767194+00:00,"{""client_ts"": ""2026-08-26T16:13:57.702Z"", ""element_id"": ""down-streak"", ""element_label"": ""down-streak"", ""element_type"": ""trend_alert"", ""event_name"": ""shown"", ""message"": ""Price went down 3 times in the last 5 ticks!"", ""trader_id"": ""788e99d7-1dc5-4619-acfd-9c25ea29b078""}",1787760837.775219
ac549451-4a1c-4748-8b9c-d516efd866a0,237a72fb-6e65-400d-a2cc-d6ec525c558f,HUMAN,shown,trend_alert,down-streak,down-streak,2026-08-26T16:13:57.696Z,2026-08-26T16:13:57.778926+00:00,"{""client_ts"": ""2026-08-26T16:13:57.696Z"", ""element_id"": ""down-streak"", ""element_label"": ""down-streak"", ""element_type"": ""trend_alert"", ""event_name"": ""shown"", ""message"": ""Price went down 3 times in the last 5 ticks!"", ""trader_id"": ""237a72fb-6e65-400d-a2cc-d6ec525c558f""}",1787760837.786475
ac549451-4a1c-4748-8b9c-d516efd866a0,7a5364a3-a631-4d34-b8c6-1cba96b6888a,HUMAN,shown,trend_alert,down-streak,down-streak,2026-08-26T16:13:57.711Z,2026-08-26T16:13:57.790172+00:00,"{""client_ts"": ""2026-08-26T16:13:57.711Z"", ""element_id"": ""down-streak"", ""element_label"": ""down-streak"", ""element_type"": ""trend_alert"", ""event_name"": ""shown"", ""message"": ""Price went down 3 times in the last 5 ticks!"", ""trader_id"": ""7a5364a3-a631-4d34-b8c6-1cba96b6888a""}",1787760837.798137
468bae16-01fa-4b28-8367-2b7fc01e7aa7,b44a4e84-5176-4bdf-bbd6-a803eeda8f89,HUMAN,shown,badge_unlock,silver,Silver,2026-08-26T16:14:05.110Z,2026-08-26T16:14:05.181664+00:00,"{""client_ts"": ""2026-08-26T16:14:05.110Z"", ""element_id"": ""silver"", ""element_label"": ""Silver"", ""element_type"": ""badge_unlock"", ""event_name"": ""shown"", ""total_trades_threshold"": 15, ""trader_id"": ""b44a4e84-5176-4bdf-bbd6-a803eeda8f89""}",1787760845.189963
468bae16-01fa-4b28-8367-2b7fc01e7aa7,b44a4e84-5176-4bdf-bbd6-a803eeda8f89,HUMAN,shown,badge_modal,silver,Silver,2026-08-26T16:14:05.110Z,2026-08-26T16:14:05.194701+00:00,"{""client_ts"": ""2026-08-26T16:14:05.110Z"", ""element_id"": ""silver"", ""element_label"": ""Silver"", ""element_type"": ""badge_modal"", ""event_name"": ""shown"", ""message"": ""You belong on the trading floor!"", ""total_trades"": 15, ""trader_id"": ""b44a4e84-5176-4bdf-bbd6-a803eeda8f89""}",1787760845.202626
468bae16-01fa-4b28-8367-2b7fc01e7aa7,b44a4e84-5176-4bdf-bbd6-a803eeda8f89,HUMAN,shown,badge_gif,silver,Silver,2026-08-26T16:14:05.110Z,2026-08-26T16:14:05.206803+00:00,"{""client_ts"": ""2026-08-26T16:14:05.110Z"", ""element_id"": ""silver"", ""element_label"": ""Silver"", ""element_type"": ""badge_gif"", ""event_name"": ""shown"", ""gif"": ""/static/trader_bridge_app/vue/assets/silver.gif"", ""trader_id"": ""b44a4e84-5176-4bdf-bbd6-a803eeda8f89""}",1787760845.214681
b0eca25a-c9c1-4b52-a273-a509e63a7229,7b0d7d06-d31a-4713-9086-86a852529422,HUMAN,shown,trend_alert,down-streak,down-streak,2026-08-26T16:14:15.742Z,2026-08-26T16:14:15.799591+00:00,"{""client_ts"": ""2026-08-26T16:14:15.742Z"", ""element_id"": ""down-streak"", ""element_label"": ""down-streak"", ""element_type"": ""trend_alert"", ""event_name"": ""shown"", ""message"": ""Price went down 3 times in the last 5 ticks!"", ""trader_id"": ""7b0d7d06-d31a-4713-9086-86a852529422""}",1787760855.807701
b0eca25a-c9c1-4b52-a273-a509e63a7229,ae15d7f0-ae5f-4399-9bdd-5751a9cf2a9b,HUMAN,shown,trend_alert,down-streak,down-streak,2026-08-26T16:14:15.738Z,2026-08-26T16:14:15.811284+00:00,"{""client_ts"": ""2026-08-26T16:14:15.738Z"", ""element_id"": ""down-streak"", ""element_label"": ""down-streak"", ""element_type"": ""trend_alert"", ""event_name"": ""shown"", ""message"": ""Price went down 3 times in the last 5 ticks!"", ""trader_id"": ""ae15d7f0-ae5f-4399-9bdd-5751a9cf2a9b""}",1787760855.818499
b0eca25a-c9c1-4b52-a273-a509e63a7229,0671e4cf-2b62-424f-ae00-209c7fe17584,HUMAN,shown,trend_alert,down-streak,down-streak,2026-08-26T16:14:15.753Z,2026-08-26T16:14:15.822809+00:00,"{""client_ts"": ""2026-08-26T16:14:15.753Z"", ""element_id"": ""down-streak"", ""element_label"": ""down-streak"", ""element_type"": ""trend_alert"", ""event_name"": ""shown"", ""message"": ""Price went down 3 times in the last 5 ticks!"", ""trader_id"": ""0671e4cf-2b62-424f-ae00-209c7fe17584""}",1787760855.829983
b0eca25a-c9c1-4b52-a273-a509e63a7229,f12504f3-11d0-4327-8b7a-bc23496e0389,HUMAN,shown,trend_alert,down-streak,down-streak,2026-08-26T16:14:15.738Z,2026-08-26T16:14:15.833514+00:00,"{""client_ts"": ""2026-08-26T16:14:15.738Z"", ""element_id"": ""down-streak"", ""element_label"": ""down-streak"", ""element_type"": ""trend_alert"", ""event_name"": ""shown"", ""message"": ""Price went down 3 times in the last 5 ticks!"", ""trader_id"": ""f12504f3-11d0-4327-8b7a-bc23496e0389""}",1787760855.840579
b0eca25a-c9c1-4b52-a273-a509e63a7229,2b4b0db0-a220-4399-95d6-50f92fe7210b,HUMAN,shown,trend_alert,down-streak,down-streak,2026-08-26T16:14:15.746Z,2026-08-26T16:14:15.843974+00:00,"{""client_ts"": ""2026-08-26T16:14:15.746Z"", ""element_id"": ""down-streak"", ""element_label"": ""down-streak"", ""element_type"": ""trend_alert"", ""event_name"": ""shown"", ""message"": ""Price went down 3 times in the last 5 ticks!"", ""trader_id"": ""2b4b0db0-a220-4399-95d6-50f92fe7210b""}",1787760855.850799
b0eca25a-c9c1-4b52-a273-a509e63a7229,e1704662-f9fc-4997-ae7d-284d233e3b57,HUMAN,shown,trend_alert,down-streak,down-streak,2026-08-26T16:14:15.744Z,2026-08-26T16:14:15.854604+00:00,"{""client_ts"": ""2026-08-26T16:14:15.744Z"", ""element_id"": ""down-streak"", ""element_label"": ""down-streak"", ""element_type"": ""trend_alert"", ""event_name"": ""shown"", ""message"": ""Price went down 3 times in the last 5 ticks!"", ""trader_id"": ""e1704662-f9fc-4997-ae7d-284d233e3b57""}",1787760855.861754
727aeab3-4e37-4074-aa8a-edb9ed62fd8f,2f3e84e4-20e5-4f77-b49b-fa897c043cca,HUMAN,shown,badge_unlock,platinum,Platinum,2026-08-26T16:14:26.468Z,2026-08-26T16:14:26.530242+00:00,"{""client_ts"": ""2026-08-26T16:14:26.468Z"", ""element_id"": ""platinum"", ""element_label"": ""Platinum"", ""element_type"": ""badge_unlock"", ""event_name"": ""shown"", ""total_trades_threshold"": 50, ""trader_id"": ""2f3e84e4-20e5-4f77-b49b-fa897c043cca""}",1787760866.538502
727aeab3-4e37-4074-aa8a-edb9ed62fd8f,2f3e84e4-20e5-4f77-b49b-fa897c043cca,HUMAN,shown,badge_modal,platinum,Platinum,2026-08-26T16:14:26.468Z,2026-08-26T16:14:26.543000+00:00,"{""client_ts"": ""2026-08-26T16:14:26.468Z"", ""element_id"": ""platinum"", ""element_label"": ""Platinum"", ""element_type"": ""badge_modal"", ""event_name"": ""shown"", ""message"": ""You are definitely going places!"", ""total_trades"": 50, ""trader_id"": ""2f3e84e4-20e5-4f77-b49b-fa897c043cca""}",1787760866.550843
727aeab3-4e37-4074-aa8a-edb9ed62fd8f,2f3e84e4-20e5-4f77-b49b-fa897c043cca,HUMAN,shown,badge_gif,platinum,Platinum,2026-08-26T16:14:26.468Z,2026-08-26T16:14:26.555178+00:00,"{""client_ts"": ""2026-08-26T16:14:26.468Z"", ""element_id"": ""platinum"", ""element_label"": ""Platinum"", ""element_type"": ""badge_gif"", ""event_name"": ""shown"", ""gif"": ""/static/trader_bridge_app/vue/assets/platinum.gif"", ""trader_id"": ""2f3e84e4-20e5-4f77-b49b-fa897c043cca""}",1787760866.563251
727aeab3-4e37-4074-aa8a-edb9ed62fd8f,9d9fb988-56a1-480a-b9ae-0966b32c2ac4,HUMAN,shown,badge_unlock,diamond,Diamond,2026-08-26T16:14:33.743Z,2026-08-26T16:14:33.796563+00:00,"{""client_ts"": ""2026-08-26T16:14:33.743Z"", ""element_id"": ""diamond"", ""element_label"": ""Diamond"", ""element_type"": ""badge_unlock"", ""event_name"": ""shown"", ""total_trades_threshold"": 60, ""trader_id"": ""9d9fb988-56a1-480a-b9ae-0966b32c2ac4""}",1787760873.804346
727aeab3-4e37-4074-aa8a-edb9ed62fd8f,9d9fb988-56a1-480a-b9ae-0966b32c2ac4,HUMAN,shown,badge_modal,diamond,Diamond,2026-08-26T16:14:33.743Z,2026-08-26T16:14:33.808530+00:00,"{""client_ts"": ""2026-08-26T16:14:33.743Z"", ""element_id"": ""diamond"", ""element_label"": ""Diamond"", ""element_type"": ""badge_modal"", ""event_name"": ""shown"", ""message"": ""The Wolf of Wall Street"", ""total_trades"": 60, ""trader_id"": ""9d9fb988-56a1-480a-b9ae-0966b32c2ac4""}",1787760873.815784
727aeab3-4e37-4074-aa8a-edb9ed62fd8f,9d9fb988-56a1-480a-b9ae-0966b32c2ac4,HUMAN,shown,badge_gif,diamond,Diamond,2026-08-26T16:14:33.743Z,2026-08-26T16:14:33.819958+00:00,"{""client_ts"": ""2026-08-26T16:14:33.743Z"", ""element_id"": ""diamond"", ""element_label"": ""Diamond"", ""element_type"": ""badge_gif"", ""event_name"": ""shown"", ""gif"": ""/static/trader_bridge_app/vue/assets/diamond.gif"", ""trader_id"": ""9d9fb988-56a1-480a-b9ae-0966b32c2ac4""}",1787760873.827377
468bae16-01fa-4b28-8367-2b7fc01e7aa7,2599d1e4-f216-4dc7-9669-3ec27c6aadcd,HUMAN,shown,badge_unlock,platinum,Platinum,2026-08-26T16:14:35.600Z,2026-08-26T16:14:35.655451+00:00,"{""client_ts"": ""2026-08-26T16:14:35.600Z"", ""element_id"": ""platinum"", ""element_label"": ""Platinum"", ""element_type"": ""badge_unlock"", ""event_name"": ""shown"", ""total_trades_threshold"": 50, ""trader_id"": ""2599d1e4-f216-4dc7-9669-3ec27c6aadcd""}",1787760875.664995
468bae16-01fa-4b28-8367-2b7fc01e7aa7,2599d1e4-f216-4dc7-9669-3ec27c6aadcd,HUMAN,shown,badge_modal,platinum,Platinum,2026-08-26T16:14:35.600Z,2026-08-26T16:14:35.669540+00:00,"{""client_ts"": ""2026-08-26T16:14:35.600Z"", ""element_id"": ""platinum"", ""element_label"": ""Platinum"", ""element_type"": ""badge_modal"", ""event_name"": ""shown"", ""message"": ""You are definitely going places!"", ""total_trades"": 50, ""trader_id"": ""2599d1e4-f216-4dc7-9669-3ec27c6aadcd""}",1787760875.677562
468bae16-01fa-4b28-8367-2b7fc01e7aa7,2599d1e4-f216-4dc7-9669-3ec27c6aadcd,HUMAN,shown,badge_gif,platinum,Platinum,2026-08-26T16:14:35.600Z,2026-08-26T16:14:35.681692+00:00,"{""client_ts"": ""2026-08-26T16:14:35.600Z"", ""element_id"": ""platinum"", ""element_label"": ""Platinum"", ""element_type"": ""badge_gif"", ""event_name"": ""shown"", ""gif"": ""/static/trader_bridge_app/vue/assets/platinum.gif"", ""trader_id"": ""2599d1e4-f216-4dc7-9669-3ec27c6aadcd""}",1787760875.689192
b0eca25a-c9c1-4b52-a273-a509e63a7229,0671e4cf-2b62-424f-ae00-209c7fe17584,HUMAN,shown,badge_unlock,gold,Gold,2026-08-26T16:14:37.226Z,2026-08-26T16:14:37.379597+00:00,"{""client_ts"": ""2026-08-26T16:14:37.226Z"", ""element_id"": ""gold"", ""element_label"": ""Gold"", ""element_type"": ""badge_unlock"", ""event_name"": ""shown"", ""total_trades_threshold"": 35, ""trader_id"": ""0671e4cf-2b62-424f-ae00-209c7fe17584""}",1787760877.387814
b0eca25a-c9c1-4b52-a273-a509e63a7229,0671e4cf-2b62-424f-ae00-209c7fe17584,HUMAN,shown,badge_modal,gold,Gold,2026-08-26T16:14:37.227Z,2026-08-26T16:14:37.406949+00:00,"{""client_ts"": ""2026-08-26T16:14:37.227Z"", ""element_id"": ""gold"", ""element_label"": ""Gold"", ""element_type"": ""badge_modal"", ""event_name"": ""shown"", ""message"": ""You are the money maker!"", ""total_trades"": 35, ""trader_id"": ""0671e4cf-2b62-424f-ae00-209c7fe17584""}",1787760877.415089
b0eca25a-c9c1-4b52-a273-a509e63a7229,0671e4cf-2b62-424f-ae00-209c7fe17584,HUMAN,shown,badge_gif,gold,Gold,2026-08-26T16:14:37.227Z,2026-08-26T16:14:37.432468+00:00,"{""client_ts"": ""2026-08-26T16:14:37.227Z"", ""element_id"": ""gold"", ""element_label"": ""Gold"", ""element_type"": ""badge_gif"", ""event_name"": ""shown"", ""gif"": ""/static/trader_bridge_app/vue/assets/gold.gif"", ""trader_id"": ""0671e4cf-2b62-424f-ae00-209c7fe17584""}",1787760877.439969
727aeab3-4e37-4074-aa8a-edb9ed62fd8f,2f3e84e4-20e5-4f77-b49b-fa897c043cca,HUMAN,shown,badge_unlock,diamond,Diamond,2026-08-26T16:15:05.948Z,2026-08-26T16:15:06.011705+00:00,"{""client_ts"": ""2026-08-26T16:15:05.948Z"", ""element_id"": ""diamond"", ""element_label"": ""Diamond"", ""element_type"": ""badge_unlock"", ""event_name"": ""shown"", ""total_trades_threshold"": 60, ""trader_id"": ""2f3e84e4-20e5-4f77-b49b-fa897c043cca""}",1787760906.020229
727aeab3-4e37-4074-aa8a-edb9ed62fd8f,2f3e84e4-20e5-4f77-b49b-fa897c043cca,HUMAN,shown,badge_modal,diamond,Diamond,2026-08-26T16:15:05.948Z,2026-08-26T16:15:06.024698+00:00,"{""client_ts"": ""2026-08-26T16:15:05.948Z"", ""element_id"": ""diamond"", ""element_label"": ""Diamond"", ""element_type"": ""badge_modal"", ""event_name"": ""shown"", ""message"": ""The Wolf of Wall Street"", ""total_trades"": 60, ""trader_id"": ""2f3e84e4-20e5-4f77-b49b-fa897c043cca""}",1787760906.032573
727aeab3-4e37-4074-aa8a-edb9ed62fd8f,2f3e84e4-20e5-4f77-b49b-fa897c043cca,HUMAN,shown,badge_gif,diamond,Diamond,2026-08-26T16:15:05.948Z,2026-08-26T16:15:06.037069+00:00,"{""client_ts"": ""2026-08-26T16:15:05.948Z"", ""element_id"": ""diamond"", ""element_label"": ""Diamond"", ""element_type"": ""badge_gif"", ""event_name"": ""shown"", ""gif"": ""/static/trader_bridge_app/vue/assets/diamond.gif"", ""trader_id"": ""2f3e84e4-20e5-4f77-b49b-fa897c043cca""}",1787760906.045331
b0eca25a-c9c1-4b52-a273-a509e63a7229,7b0d7d06-d31a-4713-9086-86a852529422,HUMAN,shown,badge_unlock,gold,Gold,2026-08-26T16:15:06.390Z,2026-08-26T16:15:06.447223+00:00,"{""client_ts"": ""2026-08-26T16:15:06.390Z"", ""element_id"": ""gold"", ""element_label"": ""Gold"", ""element_type"": ""badge_unlock"", ""event_name"": ""shown"", ""total_trades_threshold"": 35, ""trader_id"": ""7b0d7d06-d31a-4713-9086-86a852529422""}",1787760906.455667
b0eca25a-c9c1-4b52-a273-a509e63a7229,7b0d7d06-d31a-4713-9086-86a852529422,HUMAN,shown,badge_modal,gold,Gold,2026-08-26T16:15:06.390Z,2026-08-26T16:15:06.460543+00:00,"{""client_ts"": ""2026-08-26T16:15:06.390Z"", ""element_id"": ""gold"", ""element_label"": ""Gold"", ""element_type"": ""badge_modal"", ""event_name"": ""shown"", ""message"": ""You are the money maker!"", ""total_trades"": 35, ""trader_id"": ""7b0d7d06-d31a-4713-9086-86a852529422""}",1787760906.468713
b0eca25a-c9c1-4b52-a273-a509e63a7229,7b0d7d06-d31a-4713-9086-86a852529422,HUMAN,shown,badge_gif,gold,Gold,2026-08-26T16:15:06.390Z,2026-08-26T16:15:06.473054+00:00,"{""client_ts"": ""2026-08-26T16:15:06.390Z"", ""element_id"": ""gold"", ""element_label"": ""Gold"", ""element_type"": ""badge_gif"", ""event_name"": ""shown"", ""gif"": ""/static/trader_bridge_app/vue/assets/gold.gif"", ""trader_id"": ""7b0d7d06-d31a-4713-9086-86a852529422""}",1787760906.481683
b0eca25a-c9c1-4b52-a273-a509e63a7229,7b0d7d06-d31a-4713-9086-86a852529422,HUMAN,shown,trend_alert,up-streak,up-streak,2026-08-26T16:15:10.186Z,2026-08-26T16:15:10.258225+00:00,"{""client_ts"": ""2026-08-26T16:15:10.186Z"", ""element_id"": ""up-streak"", ""element_label"": ""up-streak"", ""element_type"": ""trend_alert"", ""event_name"": ""shown"", ""message"": ""Price went up 3 times in the last 5 ticks!"", ""trader_id"": ""7b0d7d06-d31a-4713-9086-86a852529422""}",1787760910.26656
b0eca25a-c9c1-4b52-a273-a509e63a7229,f12504f3-11d0-4327-8b7a-bc23496e0389,HUMAN,shown,trend_alert,up-streak,up-streak,2026-08-26T16:15:10.191Z,2026-08-26T16:15:10.274667+00:00,"{""client_ts"": ""2026-08-26T16:15:10.191Z"", ""element_id"": ""up-streak"", ""element_label"": ""up-streak"", ""element_type"": ""trend_alert"", ""event_name"": ""shown"", ""message"": ""Price went up 3 times in the last 5 ticks!"", ""trader_id"": ""f12504f3-11d0-4327-8b7a-bc23496e0389""}",1787760910.282736
b0eca25a-c9c1-4b52-a273-a509e63a7229,ae15d7f0-ae5f-4399-9bdd-5751a9cf2a9b,HUMAN,shown,trend_alert,up-streak,up-streak,2026-08-26T16:15:10.188Z,2026-08-26T16:15:10.286532+00:00,"{""client_ts"": ""2026-08-26T16:15:10.188Z"", ""element_id"": ""up-streak"", ""element_label"": ""up-streak"", ""element_type"": ""trend_alert"", ""event_name"": ""shown"", ""message"": ""Price went up 3 times in the last 5 ticks!"", ""trader_id"": ""ae15d7f0-ae5f-4399-9bdd-5751a9cf2a9b""}",1787760910.294107
b0eca25a-c9c1-4b52-a273-a509e63a7229,0671e4cf-2b62-424f-ae00-209c7fe17584,HUMAN,shown,trend_alert,up-streak,up-streak,2026-08-26T16:15:10.203Z,2026-08-26T16:15:10.299674+00:00,"{""client_ts"": ""2026-08-26T16:15:10.203Z"", ""element_id"": ""up-streak"", ""element_label"": ""up-streak"", ""element_type"": ""trend_alert"", ""event_name"": ""shown"", ""message"": ""Price went up 3 times in the last 5 ticks!"", ""trader_id"": ""0671e4cf-2b62-424f-ae00-209c7fe17584""}",1787760910.311571
b0eca25a-c9c1-4b52-a273-a509e63a7229,e1704662-f9fc-4997-ae7d-284d233e3b57,HUMAN,shown,trend_alert,up-streak,up-streak,2026-08-26T16:15:10.193Z,2026-08-26T16:15:10.316487+00:00,"{""client_ts"": ""2026-08-26T16:15:10.193Z"", ""element_id"": ""up-streak"", ""element_label"": ""up-streak"", ""element_type"": ""trend_alert"", ""event_name"": ""shown"", ""message"": ""Price went up 3 times in the last 5 ticks!"", ""trader_id"": ""e1704662-f9fc-4997-ae7d-284d233e3b57""}",1787760910.325399
b0eca25a-c9c1-4b52-a273-a509e63a7229,2b4b0db0-a220-4399-95d6-50f92fe7210b,HUMAN,shown,trend_alert,up-streak,up-streak,2026-08-26T16:15:10.197Z,2026-08-26T16:15:10.329617+00:00,"{""client_ts"": ""2026-08-26T16:15:10.197Z"", ""element_id"": ""up-streak"", ""element_label"": ""up-streak"", ""element_type"": ""trend_alert"", ""event_name"": ""shown"", ""message"": ""Price went up 3 times in the last 5 ticks!"", ""trader_id"": ""2b4b0db0-a220-4399-95d6-50f92fe7210b""}",1787760910.337943
b0eca25a-c9c1-4b52-a273-a509e63a7229,7b0d7d06-d31a-4713-9086-86a852529422,HUMAN,shown,trend_alert,up-streak,up-streak,2026-08-26T16:15:21.062Z,2026-08-26T16:15:21.263858+00:00,"{""client_ts"": ""2026-08-26T16:15:21.062Z"", ""element_id"": ""up-streak"", ""element_label"": ""up-streak"", ""element_type"": ""trend_alert"", ""event_name"": ""shown"", ""message"": ""Price went up 3 times in the last 5 ticks!"", ""trader_id"": ""7b0d7d06-d31a-4713-9086-86a852529422""}",1787760921.270941
b0eca25a-c9c1-4b52-a273-a509e63a7229,ae15d7f0-ae5f-4399-9bdd-5751a9cf2a9b,HUMAN,shown,trend_alert,up-streak,up-streak,2026-08-26T16:15:21.060Z,2026-08-26T16:15:21.274590+00:00,"{""client_ts"": ""2026-08-26T16:15:21.060Z"", ""element_id"": ""up-streak"", ""element_label"": ""up-streak"", ""element_type"": ""trend_alert"", ""event_name"": ""shown"", ""message"": ""Price went up 3 times in the last 5 ticks!"", ""trader_id"": ""ae15d7f0-ae5f-4399-9bdd-5751a9cf2a9b""}",1787760921.282587
b0eca25a-c9c1-4b52-a273-a509e63a7229,2b4b0db0-a220-4399-95d6-50f92fe7210b,HUMAN,shown,trend_alert,up-streak,up-streak,2026-08-26T16:15:21.066Z,2026-08-26T16:15:21.286413+00:00,"{""client_ts"": ""2026-08-26T16:15:21.066Z"", ""element_id"": ""up-streak"", ""element_label"": ""up-streak"", ""element_type"": ""trend_alert"", ""event_name"": ""shown"", ""message"": ""Price went up 3 times in the last 5 ticks!"", ""trader_id"": ""2b4b0db0-a220-4399-95d6-50f92fe7210b""}",1787760921.294197
b0eca25a-c9c1-4b52-a273-a509e63a7229,e1704662-f9fc-4997-ae7d-284d233e3b57,HUMAN,shown,trend_alert,up-streak,up-streak,2026-08-26T16:15:21.062Z,2026-08-26T16:15:21.299898+00:00,"{""client_ts"": ""2026-08-26T16:15:21.062Z"", ""element_id"": ""up-streak"", ""element_label"": ""up-streak"", ""element_type"": ""trend_alert"", ""event_name"": ""shown"", ""message"": ""Price went up 3 times in the last 5 ticks!"", ""trader_id"": ""e1704662-f9fc-4997-ae7d-284d233e3b57""}",1787760921.307442
b0eca25a-c9c1-4b52-a273-a509e63a7229,0671e4cf-2b62-424f-ae00-209c7fe17584,HUMAN,shown,trend_alert,up-streak,up-streak,2026-08-26T16:15:21.075Z,2026-08-26T16:15:21.311527+00:00,"{""client_ts"": ""2026-08-26T16:15:21.075Z"", ""element_id"": ""up-streak"", ""element_label"": ""up-streak"", ""element_type"": ""trend_alert"", ""event_name"": ""shown"", ""message"": ""Price went up 3 times in the last 5 ticks!"", ""trader_id"": ""0671e4cf-2b62-424f-ae00-209c7fe17584""}",1787760921.320228
b0eca25a-c9c1-4b52-a273-a509e63a7229,f12504f3-11d0-4327-8b7a-bc23496e0389,HUMAN,shown,trend_alert,up-streak,up-streak,2026-08-26T16:15:21.062Z,2026-08-26T16:15:21.324185+00:00,"{""client_ts"": ""2026-08-26T16:15:21.062Z"", ""element_id"": ""up-streak"", ""element_label"": ""up-streak"", ""element_type"": ""trend_alert"", ""event_name"": ""shown"", ""message"": ""Price went up 3 times in the last 5 ticks!"", ""trader_id"": ""f12504f3-11d0-4327-8b7a-bc23496e0389""}",1787760921.332443
b0eca25a-c9c1-4b52-a273-a509e63a7229,ae15d7f0-ae5f-4399-9bdd-5751a9cf2a9b,HUMAN,shown,badge_unlock,gold,Gold,2026-08-26T16:15:33.839Z,2026-08-26T16:15:33.901013+00:00,"{""client_ts"": ""2026-08-26T16:15:33.839Z"", ""element_id"": ""gold"", ""element_label"": ""Gold"", ""element_type"": ""badge_unlock"", ""event_name"": ""shown"", ""total_trades_threshold"": 35, ""trader_id"": ""ae15d7f0-ae5f-4399-9bdd-5751a9cf2a9b""}",1787760933.909292
b0eca25a-c9c1-4b52-a273-a509e63a7229,ae15d7f0-ae5f-4399-9bdd-5751a9cf2a9b,HUMAN,shown,badge_modal,gold,Gold,2026-08-26T16:15:33.840Z,2026-08-26T16:15:33.913756+00:00,"{""client_ts"": ""2026-08-26T16:15:33.840Z"", ""element_id"": ""gold"", ""element_label"": ""Gold"", ""element_type"": ""badge_modal"", ""event_name"": ""shown"", ""message"": ""You are the money maker!"", ""total_trades"": 35, ""trader_id"": ""ae15d7f0-ae5f-4399-9bdd-5751a9cf2a9b""}",1787760933.922883
b0eca25a-c9c1-4b52-a273-a509e63a7229,ae15d7f0-ae5f-4399-9bdd-5751a9cf2a9b,HUMAN,shown,badge_gif,gold,Gold,2026-08-26T16:15:33.840Z,2026-08-26T16:15:33.927334+00:00,"{""client_ts"": ""2026-08-26T16:15:33.840Z"", ""element_id"": ""gold"", ""element_label"": ""Gold"", ""element_type"": ""badge_gif"", ""event_name"": ""shown"", ""gif"": ""/static/trader_bridge_app/vue/assets/gold.gif"", ""trader_id"": ""ae15d7f0-ae5f-4399-9bdd-5751a9cf2a9b""}",1787760933.935334
727aeab3-4e37-4074-aa8a-edb9ed62fd8f,0ab415f9-45fc-4008-bf72-fc8e5659f749,HUMAN,shown,badge_unlock,gold,Gold,2026-08-26T16:15:39.180Z,2026-08-26T16:15:39.266712+00:00,"{""client_ts"": ""2026-08-26T16:15:39.180Z"", ""element_id"": ""gold"", ""element_label"": ""Gold"", ""element_type"": ""badge_unlock"", ""event_name"": ""shown"", ""total_trades_threshold"": 35, ""trader_id"": ""0ab415f9-45fc-4008-bf72-fc8e5659f749""}",1787760939.27433
727aeab3-4e37-4074-aa8a-edb9ed62fd8f,0ab415f9-45fc-4008-bf72-fc8e5659f749,HUMAN,shown,badge_modal,gold,Gold,2026-08-26T16:15:39.180Z,2026-08-26T16:15:39.375061+00:00,"{""client_ts"": ""2026-08-26T16:15:39.180Z"", ""element_id"": ""gold"", ""element_label"": ""Gold"", ""element_type"": ""badge_modal"", ""event_name"": ""shown"", ""message"": ""You are the money maker!"", ""total_trades"": 35, ""trader_id"": ""0ab415f9-45fc-4008-bf72-fc8e5659f749""}",1787760939.382026
727aeab3-4e37-4074-aa8a-edb9ed62fd8f,0ab415f9-45fc-4008-bf72-fc8e5659f749,HUMAN,shown,badge_gif,gold,Gold,2026-08-26T16:15:39.180Z,2026-08-26T16:15:39.398746+00:00,"{""client_ts"": ""2026-08-26T16:15:39.180Z"", ""element_id"": ""gold"", ""element_label"": ""Gold"", ""element_type"": ""badge_gif"", ""event_name"": ""shown"", ""gif"": ""/static/trader_bridge_app/vue/assets/gold.gif"", ""trader_id"": ""0ab415f9-45fc-4008-bf72-fc8e5659f749""}",1787760939.406282
b0eca25a-c9c1-4b52-a273-a509e63a7229,0671e4cf-2b62-424f-ae00-209c7fe17584,HUMAN,shown,badge_unlock,platinum,Platinum,2026-08-26T16:15:44.196Z,2026-08-26T16:15:44.256154+00:00,"{""client_ts"": ""2026-08-26T16:15:44.196Z"", ""element_id"": ""platinum"", ""element_label"": ""Platinum"", ""element_type"": ""badge_unlock"", ""event_name"": ""shown"", ""total_trades_threshold"": 50, ""trader_id"": ""0671e4cf-2b62-424f-ae00-209c7fe17584""}",1787760944.263177
b0eca25a-c9c1-4b52-a273-a509e63a7229,0671e4cf-2b62-424f-ae00-209c7fe17584,HUMAN,shown,badge_modal,platinum,Platinum,2026-08-26T16:15:44.196Z,2026-08-26T16:15:44.269785+00:00,"{""client_ts"": ""2026-08-26T16:15:44.196Z"", ""element_id"": ""platinum"", ""element_label"": ""Platinum"", ""element_type"": ""badge_modal"", ""event_name"": ""shown"", ""message"": ""You are definitely going places!"", ""total_trades"": 50, ""trader_id"": ""0671e4cf-2b62-424f-ae00-209c7fe17584""}",1787760944.277298
b0eca25a-c9c1-4b52-a273-a509e63a7229,0671e4cf-2b62-424f-ae00-209c7fe17584,HUMAN,shown,badge_gif,platinum,Platinum,2026-08-26T16:15:44.196Z,2026-08-26T16:15:44.284527+00:00,"{""client_ts"": ""2026-08-26T16:15:44.196Z"", ""element_id"": ""platinum"", ""element_label"": ""Platinum"", ""element_type"": ""badge_gif"", ""event_name"": ""shown"", ""gif"": ""/static/trader_bridge_app/vue/assets/platinum.gif"", ""trader_id"": ""0671e4cf-2b62-424f-ae00-209c7fe17584""}",1787760944.29219
727aeab3-4e37-4074-aa8a-edb9ed62fd8f,9ac2441c-65de-4140-886b-e041aa13f30c,HUMAN,shown,badge_unlock,platinum,Platinum,2026-08-26T16:15:56.098Z,2026-08-26T16:15:56.203395+00:00,"{""client_ts"": ""2026-08-26T16:15:56.098Z"", ""element_id"": ""platinum"", ""element_label"": ""Platinum"", ""element_type"": ""badge_unlock"", ""event_name"": ""shown"", ""total_trades_threshold"": 50, ""trader_id"": ""9ac2441c-65de-4140-886b-e041aa13f30c""}",1787760956.21056
727aeab3-4e37-4074-aa8a-edb9ed62fd8f,9ac2441c-65de-4140-886b-e041aa13f30c,HUMAN,shown,badge_modal,platinum,Platinum,2026-08-26T16:15:56.098Z,2026-08-26T16:15:56.214836+00:00,"{""client_ts"": ""2026-08-26T16:15:56.098Z"", ""element_id"": ""platinum"", ""element_label"": ""Platinum"", ""element_type"": ""badge_modal"", ""event_name"": ""shown"", ""message"": ""You are definitely going places!"", ""total_trades"": 50, ""trader_id"": ""9ac2441c-65de-4140-886b-e041aa13f30c""}",1787760956.22255
727aeab3-4e37-4074-aa8a-edb9ed62fd8f,9ac2441c-65de-4140-886b-e041aa13f30c,HUMAN,shown,badge_gif,platinum,Platinum,2026-08-26T16:15:56.099Z,2026-08-26T16:15:56.230081+00:00,"{""client_ts"": ""2026-08-26T16:15:56.099Z"", ""element_id"": ""platinum"", ""element_label"": ""Platinum"", ""element_type"": ""badge_gif"", ""event_name"": ""shown"", ""gif"": ""/static/trader_bridge_app/vue/assets/platinum.gif"", ""trader_id"": ""9ac2441c-65de-4140-886b-e041aa13f30c""}",1787760956.238028
726a00be-8059-48c7-903b-975c7adfccb7,9e6ea900-19fd-4017-9e86-e96fd2e637d3,HUMAN,shown,trend_alert,down-streak,down-streak,2026-08-26T16:16:49.503Z,2026-08-26T16:16:49.563016+00:00,"{""client_ts"": ""2026-08-26T16:16:49.503Z"", ""element_id"": ""down-streak"", ""element_label"": ""down-streak"", ""element_type"": ""trend_alert"", ""event_name"": ""shown"", ""message"": ""Price went down 3 times in the last 4 ticks!"", ""trader_id"": ""9e6ea900-19fd-4017-9e86-e96fd2e637d3""}",1787761009.571173
726a00be-8059-48c7-903b-975c7adfccb7,9e3c7e0a-49b7-49f1-beea-90effe021eef,HUMAN,shown,trend_alert,down-streak,down-streak,2026-08-26T16:16:49.507Z,2026-08-26T16:16:49.574884+00:00,"{""client_ts"": ""2026-08-26T16:16:49.507Z"", ""element_id"": ""down-streak"", ""element_label"": ""down-streak"", ""element_type"": ""trend_alert"", ""event_name"": ""shown"", ""message"": ""Price went down 3 times in the last 4 ticks!"", ""trader_id"": ""9e3c7e0a-49b7-49f1-beea-90effe021eef""}",1787761009.581991
726a00be-8059-48c7-903b-975c7adfccb7,3e8ab49b-5ceb-4a7d-aae8-7978cb5154ac,HUMAN,shown,trend_alert,down-streak,down-streak,2026-08-26T16:16:49.515Z,2026-08-26T16:16:49.586527+00:00,"{""client_ts"": ""2026-08-26T16:16:49.515Z"", ""element_id"": ""down-streak"", ""element_label"": ""down-streak"", ""element_type"": ""trend_alert"", ""event_name"": ""shown"", ""message"": ""Price went down 3 times in the last 4 ticks!"", ""trader_id"": ""3e8ab49b-5ceb-4a7d-aae8-7978cb5154ac""}",1787761009.594117
726a00be-8059-48c7-903b-975c7adfccb7,ad92abd6-eee0-4ce7-9755-3874924d9408,HUMAN,shown,trend_alert,down-streak,down-streak,2026-08-26T16:16:49.504Z,2026-08-26T16:16:49.597705+00:00,"{""client_ts"": ""2026-08-26T16:16:49.504Z"", ""element_id"": ""down-streak"", ""element_label"": ""down-streak"", ""element_type"": ""trend_alert"", ""event_name"": ""shown"", ""message"": ""Price went down 3 times in the last 4 ticks!"", ""trader_id"": ""ad92abd6-eee0-4ce7-9755-3874924d9408""}",1787761009.60472
726a00be-8059-48c7-903b-975c7adfccb7,76d88ecc-b4df-4f11-94ec-38c989704bc9,HUMAN,shown,trend_alert,down-streak,down-streak,2026-08-26T16:16:49.508Z,2026-08-26T16:16:49.608679+00:00,"{""client_ts"": ""2026-08-26T16:16:49.508Z"", ""element_id"": ""down-streak"", ""element_label"": ""down-streak"", ""element_type"": ""trend_alert"", ""event_name"": ""shown"", ""message"": ""Price went down 3 times in the last 4 ticks!"", ""trader_id"": ""76d88ecc-b4df-4f11-94ec-38c989704bc9""}",1787761009.616492
726a00be-8059-48c7-903b-975c7adfccb7,21728adc-060d-4620-9c21-4d4d7868785c,HUMAN,shown,trend_alert,down-streak,down-streak,2026-08-26T16:16:49.509Z,2026-08-26T16:16:49.620556+00:00,"{""client_ts"": ""2026-08-26T16:16:49.509Z"", ""element_id"": ""down-streak"", ""element_label"": ""down-streak"", ""element_type"": ""trend_alert"", ""event_name"": ""shown"", ""message"": ""Price went down 3 times in the last 4 ticks!"", ""trader_id"": ""21728adc-060d-4620-9c21-4d4d7868785c""}",1787761009.627865
468bae16-01fa-4b28-8367-2b7fc01e7aa7,2f360b88-54c4-42c4-b310-c283fdf13010,HUMAN,shown,trend_alert,down-streak,down-streak,2026-08-26T16:16:56.975Z,2026-08-26T16:16:57.031868+00:00,"{""client_ts"": ""2026-08-26T16:16:56.975Z"", ""element_id"": ""down-streak"", ""element_label"": ""down-streak"", ""element_type"": ""trend_alert"", ""event_name"": ""shown"", ""message"": ""Price went down 3 times in the last 5 ticks!"", ""trader_id"": ""2f360b88-54c4-42c4-b310-c283fdf13010""}",1787761017.040207
468bae16-01fa-4b28-8367-2b7fc01e7aa7,2599d1e4-f216-4dc7-9669-3ec27c6aadcd,HUMAN,shown,trend_alert,down-streak,down-streak,2026-08-26T16:16:56.977Z,2026-08-26T16:16:57.045920+00:00,"{""client_ts"": ""2026-08-26T16:16:56.977Z"", ""element_id"": ""down-streak"", ""element_label"": ""down-streak"", ""element_type"": ""trend_alert"", ""event_name"": ""shown"", ""message"": ""Price went down 3 times in the last 5 ticks!"", ""trader_id"": ""2599d1e4-f216-4dc7-9669-3ec27c6aadcd""}",1787761017.054006
468bae16-01fa-4b28-8367-2b7fc01e7aa7,4d3bbd69-519e-4f2d-86af-d252ccfd1141,HUMAN,shown,trend_alert,down-streak,down-streak,2026-08-26T16:16:56.983Z,2026-08-26T16:16:57.057700+00:00,"{""client_ts"": ""2026-08-26T16:16:56.983Z"", ""element_id"": ""down-streak"", ""element_label"": ""down-streak"", ""element_type"": ""trend_alert"", ""event_name"": ""shown"", ""message"": ""Price went down 3 times in the last 5 ticks!"", ""trader_id"": ""4d3bbd69-519e-4f2d-86af-d252ccfd1141""}",1787761017.064859
468bae16-01fa-4b28-8367-2b7fc01e7aa7,b44a4e84-5176-4bdf-bbd6-a803eeda8f89,HUMAN,shown,trend_alert,down-streak,down-streak,2026-08-26T16:16:56.961Z,2026-08-26T16:16:57.068379+00:00,"{""client_ts"": ""2026-08-26T16:16:56.961Z"", ""element_id"": ""down-streak"", ""element_label"": ""down-streak"", ""element_type"": ""trend_alert"", ""event_name"": ""shown"", ""message"": ""Price went down 3 times in the last 5 ticks!"", ""trader_id"": ""b44a4e84-5176-4bdf-bbd6-a803eeda8f89""}",1787761017.075804
468bae16-01fa-4b28-8367-2b7fc01e7aa7,daaf568f-afa2-4c5e-bef3-55028aa36749,HUMAN,shown,trend_alert,down-streak,down-streak,2026-08-26T16:16:56.971Z,2026-08-26T16:16:57.079599+00:00,"{""client_ts"": ""2026-08-26T16:16:56.971Z"", ""element_id"": ""down-streak"", ""element_label"": ""down-streak"", ""element_type"": ""trend_alert"", ""event_name"": ""shown"", ""message"": ""Price went down 3 times in the last 5 ticks!"", ""trader_id"": ""daaf568f-afa2-4c5e-bef3-55028aa36749""}",1787761017.086753
468bae16-01fa-4b28-8367-2b7fc01e7aa7,385afaf0-0dab-4f95-a820-87224bd6cf81,HUMAN,shown,trend_alert,down-streak,down-streak,2026-08-26T16:16:56.987Z,2026-08-26T16:16:57.090270+00:00,"{""client_ts"": ""2026-08-26T16:16:56.987Z"", ""element_id"": ""down-streak"", ""element_label"": ""down-streak"", ""element_type"": ""trend_alert"", ""event_name"": ""shown"", ""message"": ""Price went down 3 times in the last 5 ticks!"", ""trader_id"": ""385afaf0-0dab-4f95-a820-87224bd6cf81""}",1787761017.09771
468bae16-01fa-4b28-8367-2b7fc01e7aa7,2599d1e4-f216-4dc7-9669-3ec27c6aadcd,HUMAN,shown,badge_unlock,diamond,Diamond,2026-08-26T16:17:04.917Z,2026-08-26T16:17:04.972585+00:00,"{""client_ts"": ""2026-08-26T16:17:04.917Z"", ""element_id"": ""diamond"", ""element_label"": ""Diamond"", ""element_type"": ""badge_unlock"", ""event_name"": ""shown"", ""total_trades_threshold"": 60, ""trader_id"": ""2599d1e4-f216-4dc7-9669-3ec27c6aadcd""}",1787761024.980849
468bae16-01fa-4b28-8367-2b7fc01e7aa7,2599d1e4-f216-4dc7-9669-3ec27c6aadcd,HUMAN,shown,badge_modal,diamond,Diamond,2026-08-26T16:17:04.917Z,2026-08-26T16:17:04.985021+00:00,"{""client_ts"": ""2026-08-26T16:17:04.917Z"", ""element_id"": ""diamond"", ""element_label"": ""Diamond"", ""element_type"": ""badge_modal"", ""event_name"": ""shown"", ""message"": ""The Wolf of Wall Street"", ""total_trades"": 60, ""trader_id"": ""2599d1e4-f216-4dc7-9669-3ec27c6aadcd""}",1787761024.992316
468bae16-01fa-4b28-8367-2b7fc01e7aa7,2599d1e4-f216-4dc7-9669-3ec27c6aadcd,HUMAN,shown,badge_gif,diamond,Diamond,2026-08-26T16:17:04.917Z,2026-08-26T16:17:04.996381+00:00,"{""client_ts"": ""2026-08-26T16:17:04.917Z"", ""element_id"": ""diamond"", ""element_label"": ""Diamond"", ""element_type"": ""badge_gif"", ""event_name"": ""shown"", ""gif"": ""/static/trader_bridge_app/vue/assets/diamond.gif"", ""trader_id"": ""2599d1e4-f216-4dc7-9669-3ec27c6aadcd""}",1787761025.003537
468bae16-01fa-4b28-8367-2b7fc01e7aa7,daaf568f-afa2-4c5e-bef3-55028aa36749,HUMAN,shown,badge_unlock,platinum,Platinum,2026-08-26T16:17:09.980Z,2026-08-26T16:17:10.090740+00:00,"{""client_ts"": ""2026-08-26T16:17:09.980Z"", ""element_id"": ""platinum"", ""element_label"": ""Platinum"", ""element_type"": ""badge_unlock"", ""event_name"": ""shown"", ""total_trades_threshold"": 50, ""trader_id"": ""daaf568f-afa2-4c5e-bef3-55028aa36749""}",1787761030.098045
468bae16-01fa-4b28-8367-2b7fc01e7aa7,daaf568f-afa2-4c5e-bef3-55028aa36749,HUMAN,shown,badge_modal,platinum,Platinum,2026-08-26T16:17:09.981Z,2026-08-26T16:17:10.101595+00:00,"{""client_ts"": ""2026-08-26T16:17:09.981Z"", ""element_id"": ""platinum"", ""element_label"": ""Platinum"", ""element_type"": ""badge_modal"", ""event_name"": ""shown"", ""message"": ""You are definitely going places!"", ""total_trades"": 50, ""trader_id"": ""daaf568f-afa2-4c5e-bef3-55028aa36749""}",1787761030.108975
468bae16-01fa-4b28-8367-2b7fc01e7aa7,daaf568f-afa2-4c5e-bef3-55028aa36749,HUMAN,shown,badge_gif,platinum,Platinum,2026-08-26T16:17:09.981Z,2026-08-26T16:17:10.125997+00:00,"{""client_ts"": ""2026-08-26T16:17:09.981Z"", ""element_id"": ""platinum"", ""element_label"": ""Platinum"", ""element_type"": ""badge_gif"", ""event_name"": ""shown"", ""gif"": ""/static/trader_bridge_app/vue/assets/platinum.gif"", ""trader_id"": ""daaf568f-afa2-4c5e-bef3-55028aa36749""}",1787761030.133266
468bae16-01fa-4b28-8367-2b7fc01e7aa7,daaf568f-afa2-4c5e-bef3-55028aa36749,HUMAN,shown,badge_unlock,diamond,Diamond,2026-08-26T16:17:30.614Z,2026-08-26T16:17:31.475509+00:00,"{""client_ts"": ""2026-08-26T16:17:30.614Z"", ""element_id"": ""diamond"", ""element_label"": ""Diamond"", ""element_type"": ""badge_unlock"", ""event_name"": ""shown"", ""total_trades_threshold"": 60, ""trader_id"": ""daaf568f-afa2-4c5e-bef3-55028aa36749""}",1787761051.48272
468bae16-01fa-4b28-8367-2b7fc01e7aa7,daaf568f-afa2-4c5e-bef3-55028aa36749,HUMAN,shown,badge_modal,diamond,Diamond,2026-08-26T16:17:30.614Z,2026-08-26T16:17:31.732401+00:00,"{""client_ts"": ""2026-08-26T16:17:30.614Z"", ""element_id"": ""diamond"", ""element_label"": ""Diamond"", ""element_type"": ""badge_modal"", ""event_name"": ""shown"", ""message"": ""The Wolf of Wall Street"", ""total_trades"": 61, ""trader_id"": ""daaf568f-afa2-4c5e-bef3-55028aa36749""}",1787761051.739767
468bae16-01fa-4b28-8367-2b7fc01e7aa7,daaf568f-afa2-4c5e-bef3-55028aa36749,HUMAN,shown,badge_gif,diamond,Diamond,2026-08-26T16:17:30.614Z,2026-08-26T16:17:32.175067+00:00,"{""client_ts"": ""2026-08-26T16:17:30.614Z"", ""element_id"": ""diamond"", ""element_label"": ""Diamond"", ""element_type"": ""badge_gif"", ""event_name"": ""shown"", ""gif"": ""/static/trader_bridge_app/vue/assets/diamond.gif"", ""trader_id"": ""daaf568f-afa2-4c5e-bef3-55028aa36749""}",1787761052.18203
726a00be-8059-48c7-903b-975c7adfccb7,3e8ab49b-5ceb-4a7d-aae8-7978cb5154ac,HUMAN,shown,trend_alert,down-streak,down-streak,2026-08-26T16:18:09.080Z,2026-08-26T16:18:09.127693+00:00,"{""client_ts"": ""2026-08-26T16:18:09.080Z"", ""element_id"": ""down-streak"", ""element_label"": ""down-streak"", ""element_type"": ""trend_alert"", ""event_name"": ""shown"", ""message"": ""Price went down 3 times in the last 5 ticks!"", ""trader_id"": ""3e8ab49b-5ceb-4a7d-aae8-7978cb5154ac""}",1787761089.136535
726a00be-8059-48c7-903b-975c7adfccb7,9e3c7e0a-49b7-49f1-beea-90effe021eef,HUMAN,shown,trend_alert,down-streak,down-streak,2026-08-26T16:18:09.076Z,2026-08-26T16:18:09.141753+00:00,"{""client_ts"": ""2026-08-26T16:18:09.076Z"", ""element_id"": ""down-streak"", ""element_label"": ""down-streak"", ""element_type"": ""trend_alert"", ""event_name"": ""shown"", ""message"": ""Price went down 3 times in the last 5 ticks!"", ""trader_id"": ""9e3c7e0a-49b7-49f1-beea-90effe021eef""}",1787761089.14966
726a00be-8059-48c7-903b-975c7adfccb7,ad92abd6-eee0-4ce7-9755-3874924d9408,HUMAN,shown,trend_alert,down-streak,down-streak,2026-08-26T16:18:09.070Z,2026-08-26T16:18:09.153457+00:00,"{""client_ts"": ""2026-08-26T16:18:09.070Z"", ""element_id"": ""down-streak"", ""element_label"": ""down-streak"", ""element_type"": ""trend_alert"", ""event_name"": ""shown"", ""message"": ""Price went down 3 times in the last 5 ticks!"", ""trader_id"": ""ad92abd6-eee0-4ce7-9755-3874924d9408""}",1787761089.161064
726a00be-8059-48c7-903b-975c7adfccb7,9e6ea900-19fd-4017-9e86-e96fd2e637d3,HUMAN,shown,trend_alert,down-streak,down-streak,2026-08-26T16:18:09.075Z,2026-08-26T16:18:09.165352+00:00,"{""client_ts"": ""2026-08-26T16:18:09.075Z"", ""element_id"": ""down-streak"", ""element_label"": ""down-streak"", ""element_type"": ""trend_alert"", ""event_name"": ""shown"", ""message"": ""Price went down 3 times in the last 5 ticks!"", ""trader_id"": ""9e6ea900-19fd-4017-9e86-e96fd2e637d3""}",1787761089.173257
726a00be-8059-48c7-903b-975c7adfccb7,76d88ecc-b4df-4f11-94ec-38c989704bc9,HUMAN,shown,trend_alert,down-streak,down-streak,2026-08-26T16:18:09.072Z,2026-08-26T16:18:09.177564+00:00,"{""client_ts"": ""2026-08-26T16:18:09.072Z"", ""element_id"": ""down-streak"", ""element_label"": ""down-streak"", ""element_type"": ""trend_alert"", ""event_name"": ""shown"", ""message"": ""Price went down 3 times in the last 5 ticks!"", ""trader_id"": ""76d88ecc-b4df-4f11-94ec-38c989704bc9""}",1787761089.18548
726a00be-8059-48c7-903b-975c7adfccb7,21728adc-060d-4620-9c21-4d4d7868785c,HUMAN,shown,trend_alert,down-streak,down-streak,2026-08-26T16:18:09.076Z,2026-08-26T16:18:09.189777+00:00,"{""client_ts"": ""2026-08-26T16:18:09.076Z"", ""element_id"": ""down-streak"", ""element_label"": ""down-streak"", ""element_type"": ""trend_alert"", ""event_name"": ""shown"", ""message"": ""Price went down 3 times in the last 5 ticks!"", ""trader_id"": ""21728adc-060d-4620-9c21-4d4d7868785c""}",1787761089.19709
726a00be-8059-48c7-903b-975c7adfccb7,ad92abd6-eee0-4ce7-9755-3874924d9408,HUMAN,shown,trend_alert,down-streak,down-streak,2026-08-26T16:18:42.523Z,2026-08-26T16:18:42.630954+00:00,"{""client_ts"": ""2026-08-26T16:18:42.523Z"", ""element_id"": ""down-streak"", ""element_label"": ""down-streak"", ""element_type"": ""trend_alert"", ""event_name"": ""shown"", ""message"": ""Price went down 3 times in the last 5 ticks!"", ""trader_id"": ""ad92abd6-eee0-4ce7-9755-3874924d9408""}",1787761122.638558
726a00be-8059-48c7-903b-975c7adfccb7,3e8ab49b-5ceb-4a7d-aae8-7978cb5154ac,HUMAN,shown,trend_alert,down-streak,down-streak,2026-08-26T16:18:42.533Z,2026-08-26T16:18:42.642312+00:00,"{""client_ts"": ""2026-08-26T16:18:42.533Z"", ""element_id"": ""down-streak"", ""element_label"": ""down-streak"", ""element_type"": ""trend_alert"", ""event_name"": ""shown"", ""message"": ""Price went down 3 times in the last 5 ticks!"", ""trader_id"": ""3e8ab49b-5ceb-4a7d-aae8-7978cb5154ac""}",1787761122.649302
726a00be-8059-48c7-903b-975c7adfccb7,21728adc-060d-4620-9c21-4d4d7868785c,HUMAN,shown,trend_alert,down-streak,down-streak,2026-08-26T16:18:42.528Z,2026-08-26T16:18:42.653009+00:00,"{""client_ts"": ""2026-08-26T16:18:42.528Z"", ""element_id"": ""down-streak"", ""element_label"": ""down-streak"", ""element_type"": ""trend_alert"", ""event_name"": ""shown"", ""message"": ""Price went down 3 times in the last 5 ticks!"", ""trader_id"": ""21728adc-060d-4620-9c21-4d4d7868785c""}",1787761122.660137
726a00be-8059-48c7-903b-975c7adfccb7,76d88ecc-b4df-4f11-94ec-38c989704bc9,HUMAN,shown,trend_alert,down-streak,down-streak,2026-08-26T16:18:42.521Z,2026-08-26T16:18:42.664178+00:00,"{""client_ts"": ""2026-08-26T16:18:42.521Z"", ""element_id"": ""down-streak"", ""element_label"": ""down-streak"", ""element_type"": ""trend_alert"", ""event_name"": ""shown"", ""message"": ""Price went down 3 times in the last 5 ticks!"", ""trader_id"": ""76d88ecc-b4df-4f11-94ec-38c989704bc9""}",1787761122.671489
726a00be-8059-48c7-903b-975c7adfccb7,9e3c7e0a-49b7-49f1-beea-90effe021eef,HUMAN,shown,trend_alert,down-streak,down-streak,2026-08-26T16:18:42.527Z,2026-08-26T16:18:42.675175+00:00,"{""client_ts"": ""2026-08-26T16:18:42.527Z"", ""element_id"": ""down-streak"", ""element_label"": ""down-streak"", ""element_type"": ""trend_alert"", ""event_name"": ""shown"", ""message"": ""Price went down 3 times in the last 5 ticks!"", ""trader_id"": ""9e3c7e0a-49b7-49f1-beea-90effe021eef""}",1787761122.682746
726a00be-8059-48c7-903b-975c7adfccb7,9e6ea900-19fd-4017-9e86-e96fd2e637d3,HUMAN,shown,trend_alert,down-streak,down-streak,2026-08-26T16:18:42.524Z,2026-08-26T16:18:42.686466+00:00,"{""client_ts"": ""2026-08-26T16:18:42.524Z"", ""element_id"": ""down-streak"", ""element_label"": ""down-streak"", ""element_type"": ""trend_alert"", ""event_name"": ""shown"", ""message"": ""Price went down 3 times in the last 5 ticks!"", ""trader_id"": ""9e6ea900-19fd-4017-9e86-e96fd2e637d3""}",1787761122.693984
726a00be-8059-48c7-903b-975c7adfccb7,21728adc-060d-4620-9c21-4d4d7868785c,HUMAN,shown,badge_unlock,bronze,Bronze,2026-08-26T16:18:54.712Z,2026-08-26T16:18:54.795807+00:00,"{""client_ts"": ""2026-08-26T16:18:54.712Z"", ""element_id"": ""bronze"", ""element_label"": ""Bronze"", ""element_type"": ""badge_unlock"", ""event_name"": ""shown"", ""total_trades_threshold"": 10, ""trader_id"": ""21728adc-060d-4620-9c21-4d4d7868785c""}",1787761134.803709
726a00be-8059-48c7-903b-975c7adfccb7,21728adc-060d-4620-9c21-4d4d7868785c,HUMAN,shown,badge_modal,bronze,Bronze,2026-08-26T16:18:54.712Z,2026-08-26T16:18:54.808100+00:00,"{""client_ts"": ""2026-08-26T16:18:54.712Z"", ""element_id"": ""bronze"", ""element_label"": ""Bronze"", ""element_type"": ""badge_modal"", ""event_name"": ""shown"", ""message"": ""Level up! Doing well"", ""total_trades"": 10, ""trader_id"": ""21728adc-060d-4620-9c21-4d4d7868785c""}",1787761134.815294
726a00be-8059-48c7-903b-975c7adfccb7,21728adc-060d-4620-9c21-4d4d7868785c,HUMAN,shown,badge_gif,bronze,Bronze,2026-08-26T16:18:54.713Z,2026-08-26T16:18:54.824494+00:00,"{""client_ts"": ""2026-08-26T16:18:54.713Z"", ""element_id"": ""bronze"", ""element_label"": ""Bronze"", ""element_type"": ""badge_gif"", ""event_name"": ""shown"", ""gif"": ""/static/trader_bridge_app/vue/assets/bronze.gif"", ""trader_id"": ""21728adc-060d-4620-9c21-4d4d7868785c""}",1787761134.832308
726a00be-8059-48c7-903b-975c7adfccb7,9e3c7e0a-49b7-49f1-beea-90effe021eef,HUMAN,shown,trend_alert,down-streak,down-streak,2026-08-26T16:19:03.677Z,2026-08-26T16:19:03.729654+00:00,"{""client_ts"": ""2026-08-26T16:19:03.677Z"", ""element_id"": ""down-streak"", ""element_label"": ""down-streak"", ""element_type"": ""trend_alert"", ""event_name"": ""shown"", ""message"": ""Price went down 3 times in the last 5 ticks!"", ""trader_id"": ""9e3c7e0a-49b7-49f1-beea-90effe021eef""}",1787761143.738843
726a00be-8059-48c7-903b-975c7adfccb7,ad92abd6-eee0-4ce7-9755-3874924d9408,HUMAN,shown,trend_alert,down-streak,down-streak,2026-08-26T16:19:03.672Z,2026-08-26T16:19:03.743973+00:00,"{""client_ts"": ""2026-08-26T16:19:03.672Z"", ""element_id"": ""down-streak"", ""element_label"": ""down-streak"", ""element_type"": ""trend_alert"", ""event_name"": ""shown"", ""message"": ""Price went down 3 times in the last 5 ticks!"", ""trader_id"": ""ad92abd6-eee0-4ce7-9755-3874924d9408""}",1787761143.757324
726a00be-8059-48c7-903b-975c7adfccb7,76d88ecc-b4df-4f11-94ec-38c989704bc9,HUMAN,shown,trend_alert,down-streak,down-streak,2026-08-26T16:19:03.670Z,2026-08-26T16:19:03.765714+00:00,"{""client_ts"": ""2026-08-26T16:19:03.670Z"", ""element_id"": ""down-streak"", ""element_label"": ""down-streak"", ""element_type"": ""trend_alert"", ""event_name"": ""shown"", ""message"": ""Price went down 3 times in the last 5 ticks!"", ""trader_id"": ""76d88ecc-b4df-4f11-94ec-38c989704bc9""}",1787761143.785529
726a00be-8059-48c7-903b-975c7adfccb7,3e8ab49b-5ceb-4a7d-aae8-7978cb5154ac,HUMAN,shown,trend_alert,down-streak,down-streak,2026-08-26T16:19:03.683Z,2026-08-26T16:19:03.792701+00:00,"{""client_ts"": ""2026-08-26T16:19:03.683Z"", ""element_id"": ""down-streak"", ""element_label"": ""down-streak"", ""element_type"": ""trend_alert"", ""event_name"": ""shown"", ""message"": ""Price went down 3 times in the last 5 ticks!"", ""trader_id"": ""3e8ab49b-5ceb-4a7d-aae8-7978cb5154ac""}",1787761143.80344
726a00be-8059-48c7-903b-975c7adfccb7,21728adc-060d-4620-9c21-4d4d7868785c,HUMAN,shown,trend_alert,down-streak,down-streak,2026-08-26T16:19:03.677Z,2026-08-26T16:19:03.809273+00:00,"{""client_ts"": ""2026-08-26T16:19:03.677Z"", ""element_id"": ""down-streak"", ""element_label"": ""down-streak"", ""element_type"": ""trend_alert"", ""event_name"": ""shown"", ""message"": ""Price went down 3 times in the last 5 ticks!"", ""trader_id"": ""21728adc-060d-4620-9c21-4d4d7868785c""}",1787761143.821874
726a00be-8059-48c7-903b-975c7adfccb7,9e6ea900-19fd-4017-9e86-e96fd2e637d3,HUMAN,shown,trend_alert,down-streak,down-streak,2026-08-26T16:19:03.673Z,2026-08-26T16:19:03.826998+00:00,"{""client_ts"": ""2026-08-26T16:19:03.673Z"", ""element_id"": ""down-streak"", ""element_label"": ""down-streak"", ""element_type"": ""trend_alert"", ""event_name"": ""shown"", ""message"": ""Price went down 3 times in the last 5 ticks!"", ""trader_id"": ""9e6ea900-19fd-4017-9e86-e96fd2e637d3""}",1787761143.837584
80f251dc-c278-4363-81ce-f661c1e5cc3d,7c5ca57a-2c67-408a-b3ef-eb0e68b694d8,HUMAN,shown,badge_unlock,bronze,Bronze,2026-08-26T16:19:12.356Z,2026-08-26T16:19:12.436100+00:00,"{""client_ts"": ""2026-08-26T16:19:12.356Z"", ""element_id"": ""bronze"", ""element_label"": ""Bronze"", ""element_type"": ""badge_unlock"", ""event_name"": ""shown"", ""total_trades_threshold"": 10, ""trader_id"": ""7c5ca57a-2c67-408a-b3ef-eb0e68b694d8""}",1787761152.443354
80f251dc-c278-4363-81ce-f661c1e5cc3d,7c5ca57a-2c67-408a-b3ef-eb0e68b694d8,HUMAN,shown,badge_modal,bronze,Bronze,2026-08-26T16:19:12.356Z,2026-08-26T16:19:12.447978+00:00,"{""client_ts"": ""2026-08-26T16:19:12.356Z"", ""element_id"": ""bronze"", ""element_label"": ""Bronze"", ""element_type"": ""badge_modal"", ""event_name"": ""shown"", ""message"": ""Level up! Doing well"", ""total_trades"": 10, ""trader_id"": ""7c5ca57a-2c67-408a-b3ef-eb0e68b694d8""}",1787761152.455188
80f251dc-c278-4363-81ce-f661c1e5cc3d,7c5ca57a-2c67-408a-b3ef-eb0e68b694d8,HUMAN,shown,badge_gif,bronze,Bronze,2026-08-26T16:19:12.356Z,2026-08-26T16:19:12.461786+00:00,"{""client_ts"": ""2026-08-26T16:19:12.356Z"", ""element_id"": ""bronze"", ""element_label"": ""Bronze"", ""element_type"": ""badge_gif"", ""event_name"": ""shown"", ""gif"": ""/static/trader_bridge_app/vue/assets/bronze.gif"", ""trader_id"": ""7c5ca57a-2c67-408a-b3ef-eb0e68b694d8""}",1787761152.469117
726a00be-8059-48c7-903b-975c7adfccb7,ad92abd6-eee0-4ce7-9755-3874924d9408,HUMAN,shown,badge_unlock,bronze,Bronze,2026-08-26T16:19:26.942Z,2026-08-26T16:19:27.094603+00:00,"{""client_ts"": ""2026-08-26T16:19:26.942Z"", ""element_id"": ""bronze"", ""element_label"": ""Bronze"", ""element_type"": ""badge_unlock"", ""event_name"": ""shown"", ""total_trades_threshold"": 10, ""trader_id"": ""ad92abd6-eee0-4ce7-9755-3874924d9408""}",1787761167.102248
726a00be-8059-48c7-903b-975c7adfccb7,ad92abd6-eee0-4ce7-9755-3874924d9408,HUMAN,shown,badge_modal,bronze,Bronze,2026-08-26T16:19:26.942Z,2026-08-26T16:19:27.153405+00:00,"{""client_ts"": ""2026-08-26T16:19:26.942Z"", ""element_id"": ""bronze"", ""element_label"": ""Bronze"", ""element_type"": ""badge_modal"", ""event_name"": ""shown"", ""message"": ""Level up! Doing well"", ""total_trades"": 10, ""trader_id"": ""ad92abd6-eee0-4ce7-9755-3874924d9408""}",1787761167.161218
726a00be-8059-48c7-903b-975c7adfccb7,ad92abd6-eee0-4ce7-9755-3874924d9408,HUMAN,shown,badge_gif,bronze,Bronze,2026-08-26T16:19:26.942Z,2026-08-26T16:19:27.180285+00:00,"{""client_ts"": ""2026-08-26T16:19:26.942Z"", ""element_id"": ""bronze"", ""element_label"": ""Bronze"", ""element_type"": ""badge_gif"", ""event_name"": ""shown"", ""gif"": ""/static/trader_bridge_app/vue/assets/bronze.gif"", ""trader_id"": ""ad92abd6-eee0-4ce7-9755-3874924d9408""}",1787761167.187395
55ae4144-efe9-4ac1-adff-7ef37ab172bb,d6862b7b-7161-4fe7-8fff-046502ffe0d0,HUMAN,shown,trend_alert,down-streak,down-streak,2026-08-26T16:19:34.316Z,2026-08-26T16:19:34.367441+00:00,"{""client_ts"": ""2026-08-26T16:19:34.316Z"", ""element_id"": ""down-streak"", ""element_label"": ""down-streak"", ""element_type"": ""trend_alert"", ""event_name"": ""shown"", ""message"": ""Price went down 3 times in the last 5 ticks!"", ""trader_id"": ""d6862b7b-7161-4fe7-8fff-046502ffe0d0""}",1787761174.376063
55ae4144-efe9-4ac1-adff-7ef37ab172bb,3a9837d0-9ef3-4d69-b6d3-62f1f33890c4,HUMAN,shown,trend_alert,down-streak,down-streak,2026-08-26T16:19:34.319Z,2026-08-26T16:19:34.425205+00:00,"{""client_ts"": ""2026-08-26T16:19:34.319Z"", ""element_id"": ""down-streak"", ""element_label"": ""down-streak"", ""element_type"": ""trend_alert"", ""event_name"": ""shown"", ""message"": ""Price went down 3 times in the last 5 ticks!"", ""trader_id"": ""3a9837d0-9ef3-4d69-b6d3-62f1f33890c4""}",1787761174.43249
55ae4144-efe9-4ac1-adff-7ef37ab172bb,4ec17b6f-b1d9-476d-b555-01d2e4bebfdc,HUMAN,shown,trend_alert,down-streak,down-streak,2026-08-26T16:19:34.302Z,2026-08-26T16:19:34.436163+00:00,"{""client_ts"": ""2026-08-26T16:19:34.302Z"", ""element_id"": ""down-streak"", ""element_label"": ""down-streak"", ""element_type"": ""trend_alert"", ""event_name"": ""shown"", ""message"": ""Price went down 3 times in the last 5 ticks!"", ""trader_id"": ""4ec17b6f-b1d9-476d-b555-01d2e4bebfdc""}",1787761174.443543
55ae4144-efe9-4ac1-adff-7ef37ab172bb,b99e3581-184c-4ce1-9b22-06b28d8b976f,HUMAN,shown,trend_alert,down-streak,down-streak,2026-08-26T16:19:34.309Z,2026-08-26T16:19:34.447709+00:00,"{""client_ts"": ""2026-08-26T16:19:34.309Z"", ""element_id"": ""down-streak"", ""element_label"": ""down-streak"", ""element_type"": ""trend_alert"", ""event_name"": ""shown"", ""message"": ""Price went down 3 times in the last 5 ticks!"", ""trader_id"": ""b99e3581-184c-4ce1-9b22-06b28d8b976f""}",1787761174.455517
55ae4144-efe9-4ac1-adff-7ef37ab172bb,f5671481-30e4-4d1e-8b35-4a84487f96c6,HUMAN,shown,trend_alert,down-streak,down-streak,2026-08-26T16:19:34.324Z,2026-08-26T16:19:34.460090+00:00,"{""client_ts"": ""2026-08-26T16:19:34.324Z"", ""element_id"": ""down-streak"", ""element_label"": ""down-streak"", ""element_type"": ""trend_alert"", ""event_name"": ""shown"", ""message"": ""Price went down 3 times in the last 5 ticks!"", ""trader_id"": ""f5671481-30e4-4d1e-8b35-4a84487f96c6""}",1787761174.46852
55ae4144-efe9-4ac1-adff-7ef37ab172bb,2f616cb5-5071-4415-af19-6d9bbb148833,HUMAN,shown,trend_alert,down-streak,down-streak,2026-08-26T16:19:34.298Z,2026-08-26T16:19:34.472001+00:00,"{""client_ts"": ""2026-08-26T16:19:34.298Z"", ""element_id"": ""down-streak"", ""element_label"": ""down-streak"", ""element_type"": ""trend_alert"", ""event_name"": ""shown"", ""message"": ""Price went down 3 times in the last 5 ticks!"", ""trader_id"": ""2f616cb5-5071-4415-af19-6d9bbb148833""}",1787761174.479268
80f251dc-c278-4363-81ce-f661c1e5cc3d,6f6e6218-4a12-4430-bc4f-865c400db2f9,HUMAN,shown,badge_unlock,bronze,Bronze,2026-08-26T16:19:44.446Z,2026-08-26T16:19:44.504467+00:00,"{""client_ts"": ""2026-08-26T16:19:44.446Z"", ""element_id"": ""bronze"", ""element_label"": ""Bronze"", ""element_type"": ""badge_unlock"", ""event_name"": ""shown"", ""total_trades_threshold"": 10, ""trader_id"": ""6f6e6218-4a12-4430-bc4f-865c400db2f9""}",1787761184.512507
80f251dc-c278-4363-81ce-f661c1e5cc3d,6f6e6218-4a12-4430-bc4f-865c400db2f9,HUMAN,shown,badge_modal,bronze,Bronze,2026-08-26T16:19:44.446Z,2026-08-26T16:19:44.519545+00:00,"{""client_ts"": ""2026-08-26T16:19:44.446Z"", ""element_id"": ""bronze"", ""element_label"": ""Bronze"", ""element_type"": ""badge_modal"", ""event_name"": ""shown"", ""message"": ""Level up! Doing well"", ""total_trades"": 10, ""trader_id"": ""6f6e6218-4a12-4430-bc4f-865c400db2f9""}",1787761184.527039
80f251dc-c278-4363-81ce-f661c1e5cc3d,6f6e6218-4a12-4430-bc4f-865c400db2f9,HUMAN,shown,badge_gif,bronze,Bronze,2026-08-26T16:19:44.446Z,2026-08-26T16:19:44.534052+00:00,"{""client_ts"": ""2026-08-26T16:19:44.446Z"", ""element_id"": ""bronze"", ""element_label"": ""Bronze"", ""element_type"": ""badge_gif"", ""event_name"": ""shown"", ""gif"": ""/static/trader_bridge_app/vue/assets/bronze.gif"", ""trader_id"": ""6f6e6218-4a12-4430-bc4f-865c400db2f9""}",1787761184.541573
55ae4144-efe9-4ac1-adff-7ef37ab172bb,d6862b7b-7161-4fe7-8fff-046502ffe0d0,HUMAN,shown,badge_unlock,bronze,Bronze,2026-08-26T16:19:53.083Z,2026-08-26T16:19:53.132479+00:00,"{""client_ts"": ""2026-08-26T16:19:53.083Z"", ""element_id"": ""bronze"", ""element_label"": ""Bronze"", ""element_type"": ""badge_unlock"", ""event_name"": ""shown"", ""total_trades_threshold"": 10, ""trader_id"": ""d6862b7b-7161-4fe7-8fff-046502ffe0d0""}",1787761193.140494
55ae4144-efe9-4ac1-adff-7ef37ab172bb,d6862b7b-7161-4fe7-8fff-046502ffe0d0,HUMAN,shown,badge_modal,bronze,Bronze,2026-08-26T16:19:53.083Z,2026-08-26T16:19:53.144734+00:00,"{""client_ts"": ""2026-08-26T16:19:53.083Z"", ""element_id"": ""bronze"", ""element_label"": ""Bronze"", ""element_type"": ""badge_modal"", ""event_name"": ""shown"", ""message"": ""Level up! Doing well"", ""total_trades"": 10, ""trader_id"": ""d6862b7b-7161-4fe7-8fff-046502ffe0d0""}",1787761193.152553
55ae4144-efe9-4ac1-adff-7ef37ab172bb,d6862b7b-7161-4fe7-8fff-046502ffe0d0,HUMAN,shown,badge_gif,bronze,Bronze,2026-08-26T16:19:53.083Z,2026-08-26T16:19:53.157144+00:00,"{""client_ts"": ""2026-08-26T16:19:53.083Z"", ""element_id"": ""bronze"", ""element_label"": ""Bronze"", ""element_type"": ""badge_gif"", ""event_name"": ""shown"", ""gif"": ""/static/trader_bridge_app/vue/assets/bronze.gif"", ""trader_id"": ""d6862b7b-7161-4fe7-8fff-046502ffe0d0""}",1787761193.165383
726a00be-8059-48c7-903b-975c7adfccb7,3e8ab49b-5ceb-4a7d-aae8-7978cb5154ac,HUMAN,shown,badge_unlock,bronze,Bronze,2026-08-26T16:20:03.611Z,2026-08-26T16:20:03.687198+00:00,"{""client_ts"": ""2026-08-26T16:20:03.611Z"", ""element_id"": ""bronze"", ""element_label"": ""Bronze"", ""element_type"": ""badge_unlock"", ""event_name"": ""shown"", ""total_trades_threshold"": 10, ""trader_id"": ""3e8ab49b-5ceb-4a7d-aae8-7978cb5154ac""}",1787761203.701493
726a00be-8059-48c7-903b-975c7adfccb7,3e8ab49b-5ceb-4a7d-aae8-7978cb5154ac,HUMAN,shown,badge_modal,bronze,Bronze,2026-08-26T16:20:03.611Z,2026-08-26T16:20:03.706974+00:00,"{""client_ts"": ""2026-08-26T16:20:03.611Z"", ""element_id"": ""bronze"", ""element_label"": ""Bronze"", ""element_type"": ""badge_modal"", ""event_name"": ""shown"", ""message"": ""Level up! Doing well"", ""total_trades"": 10, ""trader_id"": ""3e8ab49b-5ceb-4a7d-aae8-7978cb5154ac""}",1787761203.722667
726a00be-8059-48c7-903b-975c7adfccb7,3e8ab49b-5ceb-4a7d-aae8-7978cb5154ac,HUMAN,shown,badge_gif,bronze,Bronze,2026-08-26T16:20:03.611Z,2026-08-26T16:20:03.730752+00:00,"{""client_ts"": ""2026-08-26T16:20:03.611Z"", ""element_id"": ""bronze"", ""element_label"": ""Bronze"", ""element_type"": ""badge_gif"", ""event_name"": ""shown"", ""gif"": ""/static/trader_bridge_app/vue/assets/bronze.gif"", ""trader_id"": ""3e8ab49b-5ceb-4a7d-aae8-7978cb5154ac""}",1787761203.740285
726a00be-8059-48c7-903b-975c7adfccb7,76d88ecc-b4df-4f11-94ec-38c989704bc9,HUMAN,shown,badge_unlock,bronze,Bronze,2026-08-26T16:20:03.635Z,2026-08-26T16:20:03.747485+00:00,"{""client_ts"": ""2026-08-26T16:20:03.635Z"", ""element_id"": ""bronze"", ""element_label"": ""Bronze"", ""element_type"": ""badge_unlock"", ""event_name"": ""shown"", ""total_trades_threshold"": 10, ""trader_id"": ""76d88ecc-b4df-4f11-94ec-38c989704bc9""}",1787761203.75928
726a00be-8059-48c7-903b-975c7adfccb7,76d88ecc-b4df-4f11-94ec-38c989704bc9,HUMAN,shown,badge_modal,bronze,Bronze,2026-08-26T16:20:03.635Z,2026-08-26T16:20:03.776832+00:00,"{""client_ts"": ""2026-08-26T16:20:03.635Z"", ""element_id"": ""bronze"", ""element_label"": ""Bronze"", ""element_type"": ""badge_modal"", ""event_name"": ""shown"", ""message"": ""Level up! Doing well"", ""total_trades"": 10, ""trader_id"": ""76d88ecc-b4df-4f11-94ec-38c989704bc9""}",1787761203.784689
726a00be-8059-48c7-903b-975c7adfccb7,76d88ecc-b4df-4f11-94ec-38c989704bc9,HUMAN,shown,badge_gif,bronze,Bronze,2026-08-26T16:20:03.635Z,2026-08-26T16:20:03.789049+00:00,"{""client_ts"": ""2026-08-26T16:20:03.635Z"", ""element_id"": ""bronze"", ""element_label"": ""Bronze"", ""element_type"": ""badge_gif"", ""event_name"": ""shown"", ""gif"": ""/static/trader_bridge_app/vue/assets/bronze.gif"", ""trader_id"": ""76d88ecc-b4df-4f11-94ec-38c989704bc9""}",1787761203.797132
726a00be-8059-48c7-903b-975c7adfccb7,76d88ecc-b4df-4f11-94ec-38c989704bc9,HUMAN,shown,trend_alert,down-streak,down-streak,2026-08-26T16:20:03.749Z,2026-08-26T16:20:03.810545+00:00,"{""client_ts"": ""2026-08-26T16:20:03.749Z"", ""element_id"": ""down-streak"", ""element_label"": ""down-streak"", ""element_type"": ""trend_alert"", ""event_name"": ""shown"", ""message"": ""Price went down 3 times in the last 5 ticks!"", ""trader_id"": ""76d88ecc-b4df-4f11-94ec-38c989704bc9""}",1787761203.819787
726a00be-8059-48c7-903b-975c7adfccb7,9e3c7e0a-49b7-49f1-beea-90effe021eef,HUMAN,shown,trend_alert,down-streak,down-streak,2026-08-26T16:20:03.759Z,2026-08-26T16:20:03.825452+00:00,"{""client_ts"": ""2026-08-26T16:20:03.759Z"", ""element_id"": ""down-streak"", ""element_label"": ""down-streak"", ""element_type"": ""trend_alert"", ""event_name"": ""shown"", ""message"": ""Price went down 3 times in the last 5 ticks!"", ""trader_id"": ""9e3c7e0a-49b7-49f1-beea-90effe021eef""}",1787761203.838872
726a00be-8059-48c7-903b-975c7adfccb7,9e6ea900-19fd-4017-9e86-e96fd2e637d3,HUMAN,shown,trend_alert,down-streak,down-streak,2026-08-26T16:20:03.756Z,2026-08-26T16:20:03.842962+00:00,"{""client_ts"": ""2026-08-26T16:20:03.756Z"", ""element_id"": ""down-streak"", ""element_label"": ""down-streak"", ""element_type"": ""trend_alert"", ""event_name"": ""shown"", ""message"": ""Price went down 3 times in the last 5 ticks!"", ""trader_id"": ""9e6ea900-19fd-4017-9e86-e96fd2e637d3""}",1787761203.854122
726a00be-8059-48c7-903b-975c7adfccb7,ad92abd6-eee0-4ce7-9755-3874924d9408,HUMAN,shown,trend_alert,down-streak,down-streak,2026-08-26T16:20:03.756Z,2026-08-26T16:20:03.858976+00:00,"{""client_ts"": ""2026-08-26T16:20:03.756Z"", ""element_id"": ""down-streak"", ""element_label"": ""down-streak"", ""element_type"": ""trend_alert"", ""event_name"": ""shown"", ""message"": ""Price went down 3 times in the last 5 ticks!"", ""trader_id"": ""ad92abd6-eee0-4ce7-9755-3874924d9408""}",1787761203.869515
726a00be-8059-48c7-903b-975c7adfccb7,21728adc-060d-4620-9c21-4d4d7868785c,HUMAN,shown,trend_alert,down-streak,down-streak,2026-08-26T16:20:03.760Z,2026-08-26T16:20:03.874295+00:00,"{""client_ts"": ""2026-08-26T16:20:03.760Z"", ""element_id"": ""down-streak"", ""element_label"": ""down-streak"", ""element_type"": ""trend_alert"", ""event_name"": ""shown"", ""message"": ""Price went down 3 times in the last 5 ticks!"", ""trader_id"": ""21728adc-060d-4620-9c21-4d4d7868785c""}",1787761203.884766
726a00be-8059-48c7-903b-975c7adfccb7,3e8ab49b-5ceb-4a7d-aae8-7978cb5154ac,HUMAN,shown,trend_alert,down-streak,down-streak,2026-08-26T16:20:03.769Z,2026-08-26T16:20:03.889183+00:00,"{""client_ts"": ""2026-08-26T16:20:03.769Z"", ""element_id"": ""down-streak"", ""element_label"": ""down-streak"", ""element_type"": ""trend_alert"", ""event_name"": ""shown"", ""message"": ""Price went down 3 times in the last 5 ticks!"", ""trader_id"": ""3e8ab49b-5ceb-4a7d-aae8-7978cb5154ac""}",1787761203.899656
726a00be-8059-48c7-903b-975c7adfccb7,21728adc-060d-4620-9c21-4d4d7868785c,HUMAN,shown,badge_unlock,silver,Silver,2026-08-26T16:20:22.638Z,2026-08-26T16:20:22.690905+00:00,"{""client_ts"": ""2026-08-26T16:20:22.638Z"", ""element_id"": ""silver"", ""element_label"": ""Silver"", ""element_type"": ""badge_unlock"", ""event_name"": ""shown"", ""total_trades_threshold"": 15, ""trader_id"": ""21728adc-060d-4620-9c21-4d4d7868785c""}",1787761222.699281
726a00be-8059-48c7-903b-975c7adfccb7,21728adc-060d-4620-9c21-4d4d7868785c,HUMAN,shown,badge_modal,silver,Silver,2026-08-26T16:20:22.638Z,2026-08-26T16:20:22.703510+00:00,"{""client_ts"": ""2026-08-26T16:20:22.638Z"", ""element_id"": ""silver"", ""element_label"": ""Silver"", ""element_type"": ""badge_modal"", ""event_name"": ""shown"", ""message"": ""You belong on the trading floor!"", ""total_trades"": 15, ""trader_id"": ""21728adc-060d-4620-9c21-4d4d7868785c""}",1787761222.711281
726a00be-8059-48c7-903b-975c7adfccb7,21728adc-060d-4620-9c21-4d4d7868785c,HUMAN,shown,badge_gif,silver,Silver,2026-08-26T16:20:22.638Z,2026-08-26T16:20:22.715680+00:00,"{""client_ts"": ""2026-08-26T16:20:22.638Z"", ""element_id"": ""silver"", ""element_label"": ""Silver"", ""element_type"": ""badge_gif"", ""event_name"": ""shown"", ""gif"": ""/static/trader_bridge_app/vue/assets/silver.gif"", ""trader_id"": ""21728adc-060d-4620-9c21-4d4d7868785c""}",1787761222.723493
726a00be-8059-48c7-903b-975c7adfccb7,3e8ab49b-5ceb-4a7d-aae8-7978cb5154ac,HUMAN,shown,badge_unlock,silver,Silver,2026-08-26T16:20:37.671Z,2026-08-26T16:20:37.715958+00:00,"{""client_ts"": ""2026-08-26T16:20:37.671Z"", ""element_id"": ""silver"", ""element_label"": ""Silver"", ""element_type"": ""badge_unlock"", ""event_name"": ""shown"", ""total_trades_threshold"": 15, ""trader_id"": ""3e8ab49b-5ceb-4a7d-aae8-7978cb5154ac""}",1787761237.725314
726a00be-8059-48c7-903b-975c7adfccb7,3e8ab49b-5ceb-4a7d-aae8-7978cb5154ac,HUMAN,shown,badge_modal,silver,Silver,2026-08-26T16:20:37.671Z,2026-08-26T16:20:37.729943+00:00,"{""client_ts"": ""2026-08-26T16:20:37.671Z"", ""element_id"": ""silver"", ""element_label"": ""Silver"", ""element_type"": ""badge_modal"", ""event_name"": ""shown"", ""message"": ""You belong on the trading floor!"", ""total_trades"": 15, ""trader_id"": ""3e8ab49b-5ceb-4a7d-aae8-7978cb5154ac""}",1787761237.738325
726a00be-8059-48c7-903b-975c7adfccb7,3e8ab49b-5ceb-4a7d-aae8-7978cb5154ac,HUMAN,shown,badge_gif,silver,Silver,2026-08-26T16:20:37.671Z,2026-08-26T16:20:37.742554+00:00,"{""client_ts"": ""2026-08-26T16:20:37.671Z"", ""element_id"": ""silver"", ""element_label"": ""Silver"", ""element_type"": ""badge_gif"", ""event_name"": ""shown"", ""gif"": ""/static/trader_bridge_app/vue/assets/silver.gif"", ""trader_id"": ""3e8ab49b-5ceb-4a7d-aae8-7978cb5154ac""}",1787761237.750947
80f251dc-c278-4363-81ce-f661c1e5cc3d,4ae8c830-6dc1-4198-8db9-774decd70766,HUMAN,shown,badge_unlock,bronze,Bronze,2026-08-26T16:20:55.656Z,2026-08-26T16:20:55.713894+00:00,"{""client_ts"": ""2026-08-26T16:20:55.656Z"", ""element_id"": ""bronze"", ""element_label"": ""Bronze"", ""element_type"": ""badge_unlock"", ""event_name"": ""shown"", ""total_trades_threshold"": 10, ""trader_id"": ""4ae8c830-6dc1-4198-8db9-774decd70766""}",1787761255.723083
80f251dc-c278-4363-81ce-f661c1e5cc3d,4ae8c830-6dc1-4198-8db9-774decd70766,HUMAN,shown,badge_modal,bronze,Bronze,2026-08-26T16:20:55.656Z,2026-08-26T16:20:55.730291+00:00,"{""client_ts"": ""2026-08-26T16:20:55.656Z"", ""element_id"": ""bronze"", ""element_label"": ""Bronze"", ""element_type"": ""badge_modal"", ""event_name"": ""shown"", ""message"": ""Level up! Doing well"", ""total_trades"": 10, ""trader_id"": ""4ae8c830-6dc1-4198-8db9-774decd70766""}",1787761255.738834
80f251dc-c278-4363-81ce-f661c1e5cc3d,4ae8c830-6dc1-4198-8db9-774decd70766,HUMAN,shown,badge_gif,bronze,Bronze,2026-08-26T16:20:55.656Z,2026-08-26T16:20:55.746123+00:00,"{""client_ts"": ""2026-08-26T16:20:55.656Z"", ""element_id"": ""bronze"", ""element_label"": ""Bronze"", ""element_type"": ""badge_gif"", ""event_name"": ""shown"", ""gif"": ""/static/trader_bridge_app/vue/assets/bronze.gif"", ""trader_id"": ""4ae8c830-6dc1-4198-8db9-774decd70766""}",1787761255.756314
80f251dc-c278-4363-81ce-f661c1e5cc3d,6f6e6218-4a12-4430-bc4f-865c400db2f9,HUMAN,shown,badge_unlock,silver,Silver,2026-08-26T16:21:01.568Z,2026-08-26T16:21:01.656053+00:00,"{""client_ts"": ""2026-08-26T16:21:01.568Z"", ""element_id"": ""silver"", ""element_label"": ""Silver"", ""element_type"": ""badge_unlock"", ""event_name"": ""shown"", ""total_trades_threshold"": 15, ""trader_id"": ""6f6e6218-4a12-4430-bc4f-865c400db2f9""}",1787761261.678914
80f251dc-c278-4363-81ce-f661c1e5cc3d,6f6e6218-4a12-4430-bc4f-865c400db2f9,HUMAN,shown,badge_modal,silver,Silver,2026-08-26T16:21:01.568Z,2026-08-26T16:21:01.701799+00:00,"{""client_ts"": ""2026-08-26T16:21:01.568Z"", ""element_id"": ""silver"", ""element_label"": ""Silver"", ""element_type"": ""badge_modal"", ""event_name"": ""shown"", ""message"": ""You belong on the trading floor!"", ""total_trades"": 15, ""trader_id"": ""6f6e6218-4a12-4430-bc4f-865c400db2f9""}",1787761261.750743
80f251dc-c278-4363-81ce-f661c1e5cc3d,6f6e6218-4a12-4430-bc4f-865c400db2f9,HUMAN,shown,badge_gif,silver,Silver,2026-08-26T16:21:01.568Z,2026-08-26T16:21:01.761570+00:00,"{""client_ts"": ""2026-08-26T16:21:01.568Z"", ""element_id"": ""silver"", ""element_label"": ""Silver"", ""element_type"": ""badge_gif"", ""event_name"": ""shown"", ""gif"": ""/static/trader_bridge_app/vue/assets/silver.gif"", ""trader_id"": ""6f6e6218-4a12-4430-bc4f-865c400db2f9""}",1787761261.800892
80f251dc-c278-4363-81ce-f661c1e5cc3d,fb078881-d83e-4888-911e-2d4b82dbaa61,HUMAN,shown,badge_unlock,bronze,Bronze,2026-08-26T16:21:21.679Z,2026-08-26T16:21:21.741228+00:00,"{""client_ts"": ""2026-08-26T16:21:21.679Z"", ""element_id"": ""bronze"", ""element_label"": ""Bronze"", ""element_type"": ""badge_unlock"", ""event_name"": ""shown"", ""total_trades_threshold"": 10, ""trader_id"": ""fb078881-d83e-4888-911e-2d4b82dbaa61""}",1787761281.749538
80f251dc-c278-4363-81ce-f661c1e5cc3d,fb078881-d83e-4888-911e-2d4b82dbaa61,HUMAN,shown,badge_modal,bronze,Bronze,2026-08-26T16:21:21.680Z,2026-08-26T16:21:21.756817+00:00,"{""client_ts"": ""2026-08-26T16:21:21.680Z"", ""element_id"": ""bronze"", ""element_label"": ""Bronze"", ""element_type"": ""badge_modal"", ""event_name"": ""shown"", ""message"": ""Level up! Doing well"", ""total_trades"": 10, ""trader_id"": ""fb078881-d83e-4888-911e-2d4b82dbaa61""}",1787761281.765367
80f251dc-c278-4363-81ce-f661c1e5cc3d,fb078881-d83e-4888-911e-2d4b82dbaa61,HUMAN,shown,badge_gif,bronze,Bronze,2026-08-26T16:21:21.680Z,2026-08-26T16:21:21.772628+00:00,"{""client_ts"": ""2026-08-26T16:21:21.680Z"", ""element_id"": ""bronze"", ""element_label"": ""Bronze"", ""element_type"": ""badge_gif"", ""event_name"": ""shown"", ""gif"": ""/static/trader_bridge_app/vue/assets/bronze.gif"", ""trader_id"": ""fb078881-d83e-4888-911e-2d4b82dbaa61""}",1787761281.780636
4286e05a-5722-4599-9226-096c510f419c,accaf72e-eb7f-4981-b18e-b198f879326d,HUMAN,shown,trend_alert,up-streak,up-streak,2026-08-26T16:21:28.218Z,2026-08-26T16:21:28.272004+00:00,"{""client_ts"": ""2026-08-26T16:21:28.218Z"", ""element_id"": ""up-streak"", ""element_label"": ""up-streak"", ""element_type"": ""trend_alert"", ""event_name"": ""shown"", ""message"": ""Price went up 3 times in the last 5 ticks!"", ""trader_id"": ""accaf72e-eb7f-4981-b18e-b198f879326d""}",1787761288.281105
4286e05a-5722-4599-9226-096c510f419c,0598cf86-cf54-43d4-bfb4-c61c0f946fe5,HUMAN,shown,trend_alert,up-streak,up-streak,2026-08-26T16:21:28.208Z,2026-08-26T16:21:28.286131+00:00,"{""client_ts"": ""2026-08-26T16:21:28.208Z"", ""element_id"": ""up-streak"", ""element_label"": ""up-streak"", ""element_type"": ""trend_alert"", ""event_name"": ""shown"", ""message"": ""Price went up 3 times in the last 5 ticks!"", ""trader_id"": ""0598cf86-cf54-43d4-bfb4-c61c0f946fe5""}",1787761288.294744
4286e05a-5722-4599-9226-096c510f419c,73767ff0-c4eb-45d4-bfd1-7eca7524753b,HUMAN,shown,trend_alert,up-streak,up-streak,2026-08-26T16:21:28.217Z,2026-08-26T16:21:28.298813+00:00,"{""client_ts"": ""2026-08-26T16:21:28.217Z"", ""element_id"": ""up-streak"", ""element_label"": ""up-streak"", ""element_type"": ""trend_alert"", ""event_name"": ""shown"", ""message"": ""Price went up 3 times in the last 5 ticks!"", ""trader_id"": ""73767ff0-c4eb-45d4-bfd1-7eca7524753b""}",1787761288.307533
4286e05a-5722-4599-9226-096c510f419c,58315eca-6c1b-4fb0-85c6-09afd0baa1ad,HUMAN,shown,trend_alert,up-streak,up-streak,2026-08-26T16:21:28.218Z,2026-08-26T16:21:28.311653+00:00,"{""client_ts"": ""2026-08-26T16:21:28.218Z"", ""element_id"": ""up-streak"", ""element_label"": ""up-streak"", ""element_type"": ""trend_alert"", ""event_name"": ""shown"", ""message"": ""Price went up 3 times in the last 5 ticks!"", ""trader_id"": ""58315eca-6c1b-4fb0-85c6-09afd0baa1ad""}",1787761288.320931
55ae4144-efe9-4ac1-adff-7ef37ab172bb,3a9837d0-9ef3-4d69-b6d3-62f1f33890c4,HUMAN,shown,trend_alert,up-streak,up-streak,2026-08-26T16:21:34.224Z,2026-08-26T16:21:34.273129+00:00,"{""client_ts"": ""2026-08-26T16:21:34.224Z"", ""element_id"": ""up-streak"", ""element_label"": ""up-streak"", ""element_type"": ""trend_alert"", ""event_name"": ""shown"", ""message"": ""Price went up 3 times in the last 5 ticks!"", ""trader_id"": ""3a9837d0-9ef3-4d69-b6d3-62f1f33890c4""}",1787761294.281126
55ae4144-efe9-4ac1-adff-7ef37ab172bb,f5671481-30e4-4d1e-8b35-4a84487f96c6,HUMAN,shown,trend_alert,up-streak,up-streak,2026-08-26T16:21:34.217Z,2026-08-26T16:21:34.285551+00:00,"{""client_ts"": ""2026-08-26T16:21:34.217Z"", ""element_id"": ""up-streak"", ""element_label"": ""up-streak"", ""element_type"": ""trend_alert"", ""event_name"": ""shown"", ""message"": ""Price went up 3 times in the last 5 ticks!"", ""trader_id"": ""f5671481-30e4-4d1e-8b35-4a84487f96c6""}",1787761294.292735
55ae4144-efe9-4ac1-adff-7ef37ab172bb,d6862b7b-7161-4fe7-8fff-046502ffe0d0,HUMAN,shown,trend_alert,up-streak,up-streak,2026-08-26T16:21:34.222Z,2026-08-26T16:21:34.295743+00:00,"{""client_ts"": ""2026-08-26T16:21:34.222Z"", ""element_id"": ""up-streak"", ""element_label"": ""up-streak"", ""element_type"": ""trend_alert"", ""event_name"": ""shown"", ""message"": ""Price went up 3 times in the last 5 ticks!"", ""trader_id"": ""d6862b7b-7161-4fe7-8fff-046502ffe0d0""}",1787761294.302756
55ae4144-efe9-4ac1-adff-7ef37ab172bb,2f616cb5-5071-4415-af19-6d9bbb148833,HUMAN,shown,trend_alert,up-streak,up-streak,2026-08-26T16:21:34.198Z,2026-08-26T16:21:34.305609+00:00,"{""client_ts"": ""2026-08-26T16:21:34.198Z"", ""element_id"": ""up-streak"", ""element_label"": ""up-streak"", ""element_type"": ""trend_alert"", ""event_name"": ""shown"", ""message"": ""Price went up 3 times in the last 5 ticks!"", ""trader_id"": ""2f616cb5-5071-4415-af19-6d9bbb148833""}",1787761294.31291
55ae4144-efe9-4ac1-adff-7ef37ab172bb,4ec17b6f-b1d9-476d-b555-01d2e4bebfdc,HUMAN,shown,trend_alert,up-streak,up-streak,2026-08-26T16:21:34.208Z,2026-08-26T16:21:34.316079+00:00,"{""client_ts"": ""2026-08-26T16:21:34.208Z"", ""element_id"": ""up-streak"", ""element_label"": ""up-streak"", ""element_type"": ""trend_alert"", ""event_name"": ""shown"", ""message"": ""Price went up 3 times in the last 5 ticks!"", ""trader_id"": ""4ec17b6f-b1d9-476d-b555-01d2e4bebfdc""}",1787761294.324024
55ae4144-efe9-4ac1-adff-7ef37ab172bb,b99e3581-184c-4ce1-9b22-06b28d8b976f,HUMAN,shown,trend_alert,up-streak,up-streak,2026-08-26T16:21:34.218Z,2026-08-26T16:21:34.327237+00:00,"{""client_ts"": ""2026-08-26T16:21:34.218Z"", ""element_id"": ""up-streak"", ""element_label"": ""up-streak"", ""element_type"": ""trend_alert"", ""event_name"": ""shown"", ""message"": ""Price went up 3 times in the last 5 ticks!"", ""trader_id"": ""b99e3581-184c-4ce1-9b22-06b28d8b976f""}",1787761294.334801
80f251dc-c278-4363-81ce-f661c1e5cc3d,adadd121-affd-4970-8d5f-8aed11d7e571,HUMAN,shown,badge_unlock,bronze,Bronze,2026-08-26T16:21:42.049Z,2026-08-26T16:21:42.140905+00:00,"{""client_ts"": ""2026-08-26T16:21:42.049Z"", ""element_id"": ""bronze"", ""element_label"": ""Bronze"", ""element_type"": ""badge_unlock"", ""event_name"": ""shown"", ""total_trades_threshold"": 10, ""trader_id"": ""adadd121-affd-4970-8d5f-8aed11d7e571""}",1787761302.149306
80f251dc-c278-4363-81ce-f661c1e5cc3d,adadd121-affd-4970-8d5f-8aed11d7e571,HUMAN,shown,badge_modal,bronze,Bronze,2026-08-26T16:21:42.050Z,2026-08-26T16:21:42.156807+00:00,"{""client_ts"": ""2026-08-26T16:21:42.050Z"", ""element_id"": ""bronze"", ""element_label"": ""Bronze"", ""element_type"": ""badge_modal"", ""event_name"": ""shown"", ""message"": ""Level up! Doing well"", ""total_trades"": 10, ""trader_id"": ""adadd121-affd-4970-8d5f-8aed11d7e571""}",1787761302.165162
80f251dc-c278-4363-81ce-f661c1e5cc3d,adadd121-affd-4970-8d5f-8aed11d7e571,HUMAN,shown,badge_gif,bronze,Bronze,2026-08-26T16:21:42.050Z,2026-08-26T16:21:42.173303+00:00,"{""client_ts"": ""2026-08-26T16:21:42.050Z"", ""element_id"": ""bronze"", ""element_label"": ""Bronze"", ""element_type"": ""badge_gif"", ""event_name"": ""shown"", ""gif"": ""/static/trader_bridge_app/vue/assets/bronze.gif"", ""trader_id"": ""adadd121-affd-4970-8d5f-8aed11d7e571""}",1787761302.180983
726a00be-8059-48c7-903b-975c7adfccb7,76d88ecc-b4df-4f11-94ec-38c989704bc9,HUMAN,shown,badge_unlock,silver,Silver,2026-08-26T16:21:56.388Z,2026-08-26T16:21:56.474280+00:00,"{""client_ts"": ""2026-08-26T16:21:56.388Z"", ""element_id"": ""silver"", ""element_label"": ""Silver"", ""element_type"": ""badge_unlock"", ""event_name"": ""shown"", ""total_trades_threshold"": 15, ""trader_id"": ""76d88ecc-b4df-4f11-94ec-38c989704bc9""}",1787761316.482001
726a00be-8059-48c7-903b-975c7adfccb7,76d88ecc-b4df-4f11-94ec-38c989704bc9,HUMAN,shown,badge_modal,silver,Silver,2026-08-26T16:21:56.388Z,2026-08-26T16:21:56.595544+00:00,"{""client_ts"": ""2026-08-26T16:21:56.388Z"", ""element_id"": ""silver"", ""element_label"": ""Silver"", ""element_type"": ""badge_modal"", ""event_name"": ""shown"", ""message"": ""You belong on the trading floor!"", ""total_trades"": 15, ""trader_id"": ""76d88ecc-b4df-4f11-94ec-38c989704bc9""}",1787761316.602707
726a00be-8059-48c7-903b-975c7adfccb7,76d88ecc-b4df-4f11-94ec-38c989704bc9,HUMAN,shown,badge_gif,silver,Silver,2026-08-26T16:21:56.388Z,2026-08-26T16:21:56.610739+00:00,"{""client_ts"": ""2026-08-26T16:21:56.388Z"", ""element_id"": ""silver"", ""element_label"": ""Silver"", ""element_type"": ""badge_gif"", ""event_name"": ""shown"", ""gif"": ""/static/trader_bridge_app/vue/assets/silver.gif"", ""trader_id"": ""76d88ecc-b4df-4f11-94ec-38c989704bc9""}",1787761316.619383
726a00be-8059-48c7-903b-975c7adfccb7,9e3c7e0a-49b7-49f1-beea-90effe021eef,HUMAN,shown,badge_unlock,bronze,Bronze,2026-08-26T16:22:06.144Z,2026-08-26T16:22:06.197077+00:00,"{""client_ts"": ""2026-08-26T16:22:06.144Z"", ""element_id"": ""bronze"", ""element_label"": ""Bronze"", ""element_type"": ""badge_unlock"", ""event_name"": ""shown"", ""total_trades_threshold"": 10, ""trader_id"": ""9e3c7e0a-49b7-49f1-beea-90effe021eef""}",1787761326.204894
726a00be-8059-48c7-903b-975c7adfccb7,9e3c7e0a-49b7-49f1-beea-90effe021eef,HUMAN,shown,badge_modal,bronze,Bronze,2026-08-26T16:22:06.144Z,2026-08-26T16:22:06.209254+00:00,"{""client_ts"": ""2026-08-26T16:22:06.144Z"", ""element_id"": ""bronze"", ""element_label"": ""Bronze"", ""element_type"": ""badge_modal"", ""event_name"": ""shown"", ""message"": ""Level up! Doing well"", ""total_trades"": 10, ""trader_id"": ""9e3c7e0a-49b7-49f1-beea-90effe021eef""}",1787761326.216485
726a00be-8059-48c7-903b-975c7adfccb7,9e3c7e0a-49b7-49f1-beea-90effe021eef,HUMAN,shown,badge_gif,bronze,Bronze,2026-08-26T16:22:06.144Z,2026-08-26T16:22:06.220472+00:00,"{""client_ts"": ""2026-08-26T16:22:06.144Z"", ""element_id"": ""bronze"", ""element_label"": ""Bronze"", ""element_type"": ""badge_gif"", ""event_name"": ""shown"", ""gif"": ""/static/trader_bridge_app/vue/assets/bronze.gif"", ""trader_id"": ""9e3c7e0a-49b7-49f1-beea-90effe021eef""}",1787761326.227305
55ae4144-efe9-4ac1-adff-7ef37ab172bb,d6862b7b-7161-4fe7-8fff-046502ffe0d0,HUMAN,shown,badge_unlock,silver,Silver,2026-08-26T16:22:09.272Z,2026-08-26T16:22:09.323859+00:00,"{""client_ts"": ""2026-08-26T16:22:09.272Z"", ""element_id"": ""silver"", ""element_label"": ""Silver"", ""element_type"": ""badge_unlock"", ""event_name"": ""shown"", ""total_trades_threshold"": 15, ""trader_id"": ""d6862b7b-7161-4fe7-8fff-046502ffe0d0""}",1787761329.332075
55ae4144-efe9-4ac1-adff-7ef37ab172bb,d6862b7b-7161-4fe7-8fff-046502ffe0d0,HUMAN,shown,badge_modal,silver,Silver,2026-08-26T16:22:09.272Z,2026-08-26T16:22:09.336486+00:00,"{""client_ts"": ""2026-08-26T16:22:09.272Z"", ""element_id"": ""silver"", ""element_label"": ""Silver"", ""element_type"": ""badge_modal"", ""event_name"": ""shown"", ""message"": ""You belong on the trading floor!"", ""total_trades"": 15, ""trader_id"": ""d6862b7b-7161-4fe7-8fff-046502ffe0d0""}",1787761329.344013
55ae4144-efe9-4ac1-adff-7ef37ab172bb,d6862b7b-7161-4fe7-8fff-046502ffe0d0,HUMAN,shown,badge_gif,silver,Silver,2026-08-26T16:22:09.272Z,2026-08-26T16:22:09.348330+00:00,"{""client_ts"": ""2026-08-26T16:22:09.272Z"", ""element_id"": ""silver"", ""element_label"": ""Silver"", ""element_type"": ""badge_gif"", ""event_name"": ""shown"", ""gif"": ""/static/trader_bridge_app/vue/assets/silver.gif"", ""trader_id"": ""d6862b7b-7161-4fe7-8fff-046502ffe0d0""}",1787761329.355862
4286e05a-5722-4599-9226-096c510f419c,73767ff0-c4eb-45d4-bfd1-7eca7524753b,HUMAN,shown,trend_alert,up-streak,up-streak,2026-08-26T16:22:39.680Z,2026-08-26T16:22:39.735813+00:00,"{""client_ts"": ""2026-08-26T16:22:39.680Z"", ""element_id"": ""up-streak"", ""element_label"": ""up-streak"", ""element_type"": ""trend_alert"", ""event_name"": ""shown"", ""message"": ""Price went up 3 times in the last 5 ticks!"", ""trader_id"": ""73767ff0-c4eb-45d4-bfd1-7eca7524753b""}",1787761359.744085
4286e05a-5722-4599-9226-096c510f419c,accaf72e-eb7f-4981-b18e-b198f879326d,HUMAN,shown,trend_alert,up-streak,up-streak,2026-08-26T16:22:39.683Z,2026-08-26T16:22:39.748862+00:00,"{""client_ts"": ""2026-08-26T16:22:39.683Z"", ""element_id"": ""up-streak"", ""element_label"": ""up-streak"", ""element_type"": ""trend_alert"", ""event_name"": ""shown"", ""message"": ""Price went up 3 times in the last 5 ticks!"", ""trader_id"": ""accaf72e-eb7f-4981-b18e-b198f879326d""}",1787761359.757307
4286e05a-5722-4599-9226-096c510f419c,0598cf86-cf54-43d4-bfb4-c61c0f946fe5,HUMAN,shown,trend_alert,up-streak,up-streak,2026-08-26T16:22:39.676Z,2026-08-26T16:22:39.760909+00:00,"{""client_ts"": ""2026-08-26T16:22:39.676Z"", ""element_id"": ""up-streak"", ""element_label"": ""up-streak"", ""element_type"": ""trend_alert"", ""event_name"": ""shown"", ""message"": ""Price went up 3 times in the last 5 ticks!"", ""trader_id"": ""0598cf86-cf54-43d4-bfb4-c61c0f946fe5""}",1787761359.768284
4286e05a-5722-4599-9226-096c510f419c,58315eca-6c1b-4fb0-85c6-09afd0baa1ad,HUMAN,shown,trend_alert,up-streak,up-streak,2026-08-26T16:22:39.684Z,2026-08-26T16:22:39.772152+00:00,"{""client_ts"": ""2026-08-26T16:22:39.684Z"", ""element_id"": ""up-streak"", ""element_label"": ""up-streak"", ""element_type"": ""trend_alert"", ""event_name"": ""shown"", ""message"": ""Price went up 3 times in the last 5 ticks!"", ""trader_id"": ""58315eca-6c1b-4fb0-85c6-09afd0baa1ad""}",1787761359.779394
726a00be-8059-48c7-903b-975c7adfccb7,76d88ecc-b4df-4f11-94ec-38c989704bc9,HUMAN,shown,trend_alert,down-streak,down-streak,2026-08-26T16:23:06.249Z,2026-08-26T16:23:06.313051+00:00,"{""client_ts"": ""2026-08-26T16:23:06.249Z"", ""element_id"": ""down-streak"", ""element_label"": ""down-streak"", ""element_type"": ""trend_alert"", ""event_name"": ""shown"", ""message"": ""Price went down 3 times in the last 5 ticks!"", ""trader_id"": ""76d88ecc-b4df-4f11-94ec-38c989704bc9""}",1787761386.320983
726a00be-8059-48c7-903b-975c7adfccb7,3e8ab49b-5ceb-4a7d-aae8-7978cb5154ac,HUMAN,shown,trend_alert,down-streak,down-streak,2026-08-26T16:23:06.270Z,2026-08-26T16:23:06.326077+00:00,"{""client_ts"": ""2026-08-26T16:23:06.270Z"", ""element_id"": ""down-streak"", ""element_label"": ""down-streak"", ""element_type"": ""trend_alert"", ""event_name"": ""shown"", ""message"": ""Price went down 3 times in the last 5 ticks!"", ""trader_id"": ""3e8ab49b-5ceb-4a7d-aae8-7978cb5154ac""}",1787761386.333897
726a00be-8059-48c7-903b-975c7adfccb7,ad92abd6-eee0-4ce7-9755-3874924d9408,HUMAN,shown,trend_alert,down-streak,down-streak,2026-08-26T16:23:06.259Z,2026-08-26T16:23:06.337581+00:00,"{""client_ts"": ""2026-08-26T16:23:06.259Z"", ""element_id"": ""down-streak"", ""element_label"": ""down-streak"", ""element_type"": ""trend_alert"", ""event_name"": ""shown"", ""message"": ""Price went down 3 times in the last 5 ticks!"", ""trader_id"": ""ad92abd6-eee0-4ce7-9755-3874924d9408""}",1787761386.344614
726a00be-8059-48c7-903b-975c7adfccb7,9e3c7e0a-49b7-49f1-beea-90effe021eef,HUMAN,shown,trend_alert,down-streak,down-streak,2026-08-26T16:23:06.261Z,2026-08-26T16:23:06.348316+00:00,"{""client_ts"": ""2026-08-26T16:23:06.261Z"", ""element_id"": ""down-streak"", ""element_label"": ""down-streak"", ""element_type"": ""trend_alert"", ""event_name"": ""shown"", ""message"": ""Price went down 3 times in the last 5 ticks!"", ""trader_id"": ""9e3c7e0a-49b7-49f1-beea-90effe021eef""}",1787761386.355979
726a00be-8059-48c7-903b-975c7adfccb7,9e6ea900-19fd-4017-9e86-e96fd2e637d3,HUMAN,shown,trend_alert,down-streak,down-streak,2026-08-26T16:23:06.260Z,2026-08-26T16:23:06.405714+00:00,"{""client_ts"": ""2026-08-26T16:23:06.260Z"", ""element_id"": ""down-streak"", ""element_label"": ""down-streak"", ""element_type"": ""trend_alert"", ""event_name"": ""shown"", ""message"": ""Price went down 3 times in the last 5 ticks!"", ""trader_id"": ""9e6ea900-19fd-4017-9e86-e96fd2e637d3""}",1787761386.413652
726a00be-8059-48c7-903b-975c7adfccb7,21728adc-060d-4620-9c21-4d4d7868785c,HUMAN,shown,trend_alert,down-streak,down-streak,2026-08-26T16:23:06.264Z,2026-08-26T16:23:06.418062+00:00,"{""client_ts"": ""2026-08-26T16:23:06.264Z"", ""element_id"": ""down-streak"", ""element_label"": ""down-streak"", ""element_type"": ""trend_alert"", ""event_name"": ""shown"", ""message"": ""Price went down 3 times in the last 5 ticks!"", ""trader_id"": ""21728adc-060d-4620-9c21-4d4d7868785c""}",1787761386.428063
726a00be-8059-48c7-903b-975c7adfccb7,ad92abd6-eee0-4ce7-9755-3874924d9408,HUMAN,shown,badge_unlock,silver,Silver,2026-08-26T16:23:10.625Z,2026-08-26T16:23:10.681808+00:00,"{""client_ts"": ""2026-08-26T16:23:10.625Z"", ""element_id"": ""silver"", ""element_label"": ""Silver"", ""element_type"": ""badge_unlock"", ""event_name"": ""shown"", ""total_trades_threshold"": 15, ""trader_id"": ""ad92abd6-eee0-4ce7-9755-3874924d9408""}",1787761390.694035
726a00be-8059-48c7-903b-975c7adfccb7,ad92abd6-eee0-4ce7-9755-3874924d9408,HUMAN,shown,badge_modal,silver,Silver,2026-08-26T16:23:10.626Z,2026-08-26T16:23:10.699836+00:00,"{""client_ts"": ""2026-08-26T16:23:10.626Z"", ""element_id"": ""silver"", ""element_label"": ""Silver"", ""element_type"": ""badge_modal"", ""event_name"": ""shown"", ""message"": ""You belong on the trading floor!"", ""total_trades"": 15, ""trader_id"": ""ad92abd6-eee0-4ce7-9755-3874924d9408""}",1787761390.712367
726a00be-8059-48c7-903b-975c7adfccb7,ad92abd6-eee0-4ce7-9755-3874924d9408,HUMAN,shown,badge_gif,silver,Silver,2026-08-26T16:23:10.626Z,2026-08-26T16:23:10.717779+00:00,"{""client_ts"": ""2026-08-26T16:23:10.626Z"", ""element_id"": ""silver"", ""element_label"": ""Silver"", ""element_type"": ""badge_gif"", ""event_name"": ""shown"", ""gif"": ""/static/trader_bridge_app/vue/assets/silver.gif"", ""trader_id"": ""ad92abd6-eee0-4ce7-9755-3874924d9408""}",1787761390.729903
80f251dc-c278-4363-81ce-f661c1e5cc3d,adadd121-affd-4970-8d5f-8aed11d7e571,HUMAN,shown,badge_unlock,silver,Silver,2026-08-26T16:23:17.366Z,2026-08-26T16:23:17.422304+00:00,"{""client_ts"": ""2026-08-26T16:23:17.366Z"", ""element_id"": ""silver"", ""element_label"": ""Silver"", ""element_type"": ""badge_unlock"", ""event_name"": ""shown"", ""total_trades_threshold"": 15, ""trader_id"": ""adadd121-affd-4970-8d5f-8aed11d7e571""}",1787761397.430527
80f251dc-c278-4363-81ce-f661c1e5cc3d,adadd121-affd-4970-8d5f-8aed11d7e571,HUMAN,shown,badge_modal,silver,Silver,2026-08-26T16:23:17.366Z,2026-08-26T16:23:17.437174+00:00,"{""client_ts"": ""2026-08-26T16:23:17.366Z"", ""element_id"": ""silver"", ""element_label"": ""Silver"", ""element_type"": ""badge_modal"", ""event_name"": ""shown"", ""message"": ""You belong on the trading floor!"", ""total_trades"": 15, ""trader_id"": ""adadd121-affd-4970-8d5f-8aed11d7e571""}",1787761397.444548
80f251dc-c278-4363-81ce-f661c1e5cc3d,adadd121-affd-4970-8d5f-8aed11d7e571,HUMAN,shown,badge_gif,silver,Silver,2026-08-26T16:23:17.366Z,2026-08-26T16:23:17.451504+00:00,"{""client_ts"": ""2026-08-26T16:23:17.366Z"", ""element_id"": ""silver"", ""element_label"": ""Silver"", ""element_type"": ""badge_gif"", ""event_name"": ""shown"", ""gif"": ""/static/trader_bridge_app/vue/assets/silver.gif"", ""trader_id"": ""adadd121-affd-4970-8d5f-8aed11d7e571""}",1787761397.459114
80f251dc-c278-4363-81ce-f661c1e5cc3d,fb078881-d83e-4888-911e-2d4b82dbaa61,HUMAN,shown,badge_unlock,silver,Silver,2026-08-26T16:23:24.131Z,2026-08-26T16:23:24.202158+00:00,"{""client_ts"": ""2026-08-26T16:23:24.131Z"", ""element_id"": ""silver"", ""element_label"": ""Silver"", ""element_type"": ""badge_unlock"", ""event_name"": ""shown"", ""total_trades_threshold"": 15, ""trader_id"": ""fb078881-d83e-4888-911e-2d4b82dbaa61""}",1787761404.209644
80f251dc-c278-4363-81ce-f661c1e5cc3d,fb078881-d83e-4888-911e-2d4b82dbaa61,HUMAN,shown,badge_modal,silver,Silver,2026-08-26T16:23:24.132Z,2026-08-26T16:23:24.229936+00:00,"{""client_ts"": ""2026-08-26T16:23:24.132Z"", ""element_id"": ""silver"", ""element_label"": ""Silver"", ""element_type"": ""badge_modal"", ""event_name"": ""shown"", ""message"": ""You belong on the trading floor!"", ""total_trades"": 15, ""trader_id"": ""fb078881-d83e-4888-911e-2d4b82dbaa61""}",1787761404.237736
80f251dc-c278-4363-81ce-f661c1e5cc3d,fb078881-d83e-4888-911e-2d4b82dbaa61,HUMAN,shown,badge_gif,silver,Silver,2026-08-26T16:23:24.132Z,2026-08-26T16:23:24.245272+00:00,"{""client_ts"": ""2026-08-26T16:23:24.132Z"", ""element_id"": ""silver"", ""element_label"": ""Silver"", ""element_type"": ""badge_gif"", ""event_name"": ""shown"", ""gif"": ""/static/trader_bridge_app/vue/assets/silver.gif"", ""trader_id"": ""fb078881-d83e-4888-911e-2d4b82dbaa61""}",1787761404.253146
55ae4144-efe9-4ac1-adff-7ef37ab172bb,4ec17b6f-b1d9-476d-b555-01d2e4bebfdc,HUMAN,shown,badge_unlock,bronze,Bronze,2026-08-26T16:23:32.050Z,2026-08-26T16:23:32.118650+00:00,"{""client_ts"": ""2026-08-26T16:23:32.050Z"", ""element_id"": ""bronze"", ""element_label"": ""Bronze"", ""element_type"": ""badge_unlock"", ""event_name"": ""shown"", ""total_trades_threshold"": 10, ""trader_id"": ""4ec17b6f-b1d9-476d-b555-01d2e4bebfdc""}",1787761412.126503
55ae4144-efe9-4ac1-adff-7ef37ab172bb,4ec17b6f-b1d9-476d-b555-01d2e4bebfdc,HUMAN,shown,badge_modal,bronze,Bronze,2026-08-26T16:23:32.050Z,2026-08-26T16:23:32.130494+00:00,"{""client_ts"": ""2026-08-26T16:23:32.050Z"", ""element_id"": ""bronze"", ""element_label"": ""Bronze"", ""element_type"": ""badge_modal"", ""event_name"": ""shown"", ""message"": ""Level up! Doing well"", ""total_trades"": 10, ""trader_id"": ""4ec17b6f-b1d9-476d-b555-01d2e4bebfdc""}",1787761412.137671
55ae4144-efe9-4ac1-adff-7ef37ab172bb,4ec17b6f-b1d9-476d-b555-01d2e4bebfdc,HUMAN,shown,badge_gif,bronze,Bronze,2026-08-26T16:23:32.050Z,2026-08-26T16:23:32.145949+00:00,"{""client_ts"": ""2026-08-26T16:23:32.050Z"", ""element_id"": ""bronze"", ""element_label"": ""Bronze"", ""element_type"": ""badge_gif"", ""event_name"": ""shown"", ""gif"": ""/static/trader_bridge_app/vue/assets/bronze.gif"", ""trader_id"": ""4ec17b6f-b1d9-476d-b555-01d2e4bebfdc""}",1787761412.154154
55ae4144-efe9-4ac1-adff-7ef37ab172bb,b99e3581-184c-4ce1-9b22-06b28d8b976f,HUMAN,shown,badge_unlock,bronze,Bronze,2026-08-26T16:23:37.485Z,2026-08-26T16:23:37.539610+00:00,"{""client_ts"": ""2026-08-26T16:23:37.485Z"", ""element_id"": ""bronze"", ""element_label"": ""Bronze"", ""element_type"": ""badge_unlock"", ""event_name"": ""shown"", ""total_trades_threshold"": 10, ""trader_id"": ""b99e3581-184c-4ce1-9b22-06b28d8b976f""}",1787761417.547722
55ae4144-efe9-4ac1-adff-7ef37ab172bb,b99e3581-184c-4ce1-9b22-06b28d8b976f,HUMAN,shown,badge_modal,bronze,Bronze,2026-08-26T16:23:37.485Z,2026-08-26T16:23:37.551990+00:00,"{""client_ts"": ""2026-08-26T16:23:37.485Z"", ""element_id"": ""bronze"", ""element_label"": ""Bronze"", ""element_type"": ""badge_modal"", ""event_name"": ""shown"", ""message"": ""Level up! Doing well"", ""total_trades"": 10, ""trader_id"": ""b99e3581-184c-4ce1-9b22-06b28d8b976f""}",1787761417.559601
55ae4144-efe9-4ac1-adff-7ef37ab172bb,b99e3581-184c-4ce1-9b22-06b28d8b976f,HUMAN,shown,badge_gif,bronze,Bronze,2026-08-26T16:23:37.485Z,2026-08-26T16:23:37.563541+00:00,"{""client_ts"": ""2026-08-26T16:23:37.485Z"", ""element_id"": ""bronze"", ""element_label"": ""Bronze"", ""element_type"": ""badge_gif"", ""event_name"": ""shown"", ""gif"": ""/static/trader_bridge_app/vue/assets/bronze.gif"", ""trader_id"": ""b99e3581-184c-4ce1-9b22-06b28d8b976f""}",1787761417.570669
4286e05a-5722-4599-9226-096c510f419c,73767ff0-c4eb-45d4-bfd1-7eca7524753b,HUMAN,shown,trend_alert,up-streak,up-streak,2026-08-26T16:23:59.900Z,2026-08-26T16:23:59.957853+00:00,"{""client_ts"": ""2026-08-26T16:23:59.900Z"", ""element_id"": ""up-streak"", ""element_label"": ""up-streak"", ""element_type"": ""trend_alert"", ""event_name"": ""shown"", ""message"": ""Price went up 3 times in the last 5 ticks!"", ""trader_id"": ""73767ff0-c4eb-45d4-bfd1-7eca7524753b""}",1787761439.966194
4286e05a-5722-4599-9226-096c510f419c,accaf72e-eb7f-4981-b18e-b198f879326d,HUMAN,shown,trend_alert,up-streak,up-streak,2026-08-26T16:23:59.901Z,2026-08-26T16:23:59.970881+00:00,"{""client_ts"": ""2026-08-26T16:23:59.901Z"", ""element_id"": ""up-streak"", ""element_label"": ""up-streak"", ""element_type"": ""trend_alert"", ""event_name"": ""shown"", ""message"": ""Price went up 3 times in the last 5 ticks!"", ""trader_id"": ""accaf72e-eb7f-4981-b18e-b198f879326d""}",1787761439.977951
4286e05a-5722-4599-9226-096c510f419c,58315eca-6c1b-4fb0-85c6-09afd0baa1ad,HUMAN,shown,trend_alert,up-streak,up-streak,2026-08-26T16:23:59.902Z,2026-08-26T16:23:59.981668+00:00,"{""client_ts"": ""2026-08-26T16:23:59.902Z"", ""element_id"": ""up-streak"", ""element_label"": ""up-streak"", ""element_type"": ""trend_alert"", ""event_name"": ""shown"", ""message"": ""Price went up 3 times in the last 5 ticks!"", ""trader_id"": ""58315eca-6c1b-4fb0-85c6-09afd0baa1ad""}",1787761439.988507
4286e05a-5722-4599-9226-096c510f419c,0598cf86-cf54-43d4-bfb4-c61c0f946fe5,HUMAN,shown,trend_alert,up-streak,up-streak,2026-08-26T16:23:59.903Z,2026-08-26T16:23:59.995465+00:00,"{""client_ts"": ""2026-08-26T16:23:59.903Z"", ""element_id"": ""up-streak"", ""element_label"": ""up-streak"", ""element_type"": ""trend_alert"", ""event_name"": ""shown"", ""message"": ""Price went up 3 times in the last 5 ticks!"", ""trader_id"": ""0598cf86-cf54-43d4-bfb4-c61c0f946fe5""}",1787761440.044835
55ae4144-efe9-4ac1-adff-7ef37ab172bb,4ec17b6f-b1d9-476d-b555-01d2e4bebfdc,HUMAN,shown,badge_unlock,silver,Silver,2026-08-26T16:24:15.259Z,2026-08-26T16:24:15.328570+00:00,"{""client_ts"": ""2026-08-26T16:24:15.259Z"", ""element_id"": ""silver"", ""element_label"": ""Silver"", ""element_type"": ""badge_unlock"", ""event_name"": ""shown"", ""total_trades_threshold"": 15, ""trader_id"": ""4ec17b6f-b1d9-476d-b555-01d2e4bebfdc""}",1787761455.336594
55ae4144-efe9-4ac1-adff-7ef37ab172bb,4ec17b6f-b1d9-476d-b555-01d2e4bebfdc,HUMAN,shown,badge_modal,silver,Silver,2026-08-26T16:24:15.259Z,2026-08-26T16:24:15.341137+00:00,"{""client_ts"": ""2026-08-26T16:24:15.259Z"", ""element_id"": ""silver"", ""element_label"": ""Silver"", ""element_type"": ""badge_modal"", ""event_name"": ""shown"", ""message"": ""You belong on the trading floor!"", ""total_trades"": 15, ""trader_id"": ""4ec17b6f-b1d9-476d-b555-01d2e4bebfdc""}",1787761455.348356
55ae4144-efe9-4ac1-adff-7ef37ab172bb,4ec17b6f-b1d9-476d-b555-01d2e4bebfdc,HUMAN,shown,badge_gif,silver,Silver,2026-08-26T16:24:15.259Z,2026-08-26T16:24:15.352389+00:00,"{""client_ts"": ""2026-08-26T16:24:15.259Z"", ""element_id"": ""silver"", ""element_label"": ""Silver"", ""element_type"": ""badge_gif"", ""event_name"": ""shown"", ""gif"": ""/static/trader_bridge_app/vue/assets/silver.gif"", ""trader_id"": ""4ec17b6f-b1d9-476d-b555-01d2e4bebfdc""}",1787761455.359477
55ae4144-efe9-4ac1-adff-7ef37ab172bb,d6862b7b-7161-4fe7-8fff-046502ffe0d0,HUMAN,shown,trend_alert,down-streak,down-streak,2026-08-26T16:24:15.313Z,2026-08-26T16:24:15.367077+00:00,"{""client_ts"": ""2026-08-26T16:24:15.313Z"", ""element_id"": ""down-streak"", ""element_label"": ""down-streak"", ""element_type"": ""trend_alert"", ""event_name"": ""shown"", ""message"": ""Price went down 3 times in the last 5 ticks!"", ""trader_id"": ""d6862b7b-7161-4fe7-8fff-046502ffe0d0""}",1787761455.374689
55ae4144-efe9-4ac1-adff-7ef37ab172bb,3a9837d0-9ef3-4d69-b6d3-62f1f33890c4,HUMAN,shown,trend_alert,down-streak,down-streak,2026-08-26T16:24:15.316Z,2026-08-26T16:24:15.379230+00:00,"{""client_ts"": ""2026-08-26T16:24:15.316Z"", ""element_id"": ""down-streak"", ""element_label"": ""down-streak"", ""element_type"": ""trend_alert"", ""event_name"": ""shown"", ""message"": ""Price went down 3 times in the last 5 ticks!"", ""trader_id"": ""3a9837d0-9ef3-4d69-b6d3-62f1f33890c4""}",1787761455.386738
55ae4144-efe9-4ac1-adff-7ef37ab172bb,b99e3581-184c-4ce1-9b22-06b28d8b976f,HUMAN,shown,trend_alert,down-streak,down-streak,2026-08-26T16:24:15.313Z,2026-08-26T16:24:15.390395+00:00,"{""client_ts"": ""2026-08-26T16:24:15.313Z"", ""element_id"": ""down-streak"", ""element_label"": ""down-streak"", ""element_type"": ""trend_alert"", ""event_name"": ""shown"", ""message"": ""Price went down 3 times in the last 5 ticks!"", ""trader_id"": ""b99e3581-184c-4ce1-9b22-06b28d8b976f""}",1787761455.39749
55ae4144-efe9-4ac1-adff-7ef37ab172bb,f5671481-30e4-4d1e-8b35-4a84487f96c6,HUMAN,shown,trend_alert,down-streak,down-streak,2026-08-26T16:24:15.309Z,2026-08-26T16:24:15.401128+00:00,"{""client_ts"": ""2026-08-26T16:24:15.309Z"", ""element_id"": ""down-streak"", ""element_label"": ""down-streak"", ""element_type"": ""trend_alert"", ""event_name"": ""shown"", ""message"": ""Price went down 3 times in the last 5 ticks!"", ""trader_id"": ""f5671481-30e4-4d1e-8b35-4a84487f96c6""}",1787761455.408516
55ae4144-efe9-4ac1-adff-7ef37ab172bb,2f616cb5-5071-4415-af19-6d9bbb148833,HUMAN,shown,trend_alert,down-streak,down-streak,2026-08-26T16:24:15.299Z,2026-08-26T16:24:15.413019+00:00,"{""client_ts"": ""2026-08-26T16:24:15.299Z"", ""element_id"": ""down-streak"", ""element_label"": ""down-streak"", ""element_type"": ""trend_alert"", ""event_name"": ""shown"", ""message"": ""Price went down 3 times in the last 5 ticks!"", ""trader_id"": ""2f616cb5-5071-4415-af19-6d9bbb148833""}",1787761455.420463
55ae4144-efe9-4ac1-adff-7ef37ab172bb,4ec17b6f-b1d9-476d-b555-01d2e4bebfdc,HUMAN,shown,trend_alert,down-streak,down-streak,2026-08-26T16:24:15.302Z,2026-08-26T16:24:15.424870+00:00,"{""client_ts"": ""2026-08-26T16:24:15.302Z"", ""element_id"": ""down-streak"", ""element_label"": ""down-streak"", ""element_type"": ""trend_alert"", ""event_name"": ""shown"", ""message"": ""Price went down 3 times in the last 5 ticks!"", ""trader_id"": ""4ec17b6f-b1d9-476d-b555-01d2e4bebfdc""}",1787761455.432288
4286e05a-5722-4599-9226-096c510f419c,73767ff0-c4eb-45d4-bfd1-7eca7524753b,HUMAN,shown,trend_alert,down-streak,down-streak,2026-08-26T16:24:40.414Z,2026-08-26T16:24:40.471467+00:00,"{""client_ts"": ""2026-08-26T16:24:40.414Z"", ""element_id"": ""down-streak"", ""element_label"": ""down-streak"", ""element_type"": ""trend_alert"", ""event_name"": ""shown"", ""message"": ""Price went down 3 times in the last 5 ticks!"", ""trader_id"": ""73767ff0-c4eb-45d4-bfd1-7eca7524753b""}",1787761480.47955
4286e05a-5722-4599-9226-096c510f419c,accaf72e-eb7f-4981-b18e-b198f879326d,HUMAN,shown,trend_alert,down-streak,down-streak,2026-08-26T16:24:40.414Z,2026-08-26T16:24:40.483995+00:00,"{""client_ts"": ""2026-08-26T16:24:40.414Z"", ""element_id"": ""down-streak"", ""element_label"": ""down-streak"", ""element_type"": ""trend_alert"", ""event_name"": ""shown"", ""message"": ""Price went down 3 times in the last 5 ticks!"", ""trader_id"": ""accaf72e-eb7f-4981-b18e-b198f879326d""}",1787761480.491835
4286e05a-5722-4599-9226-096c510f419c,0598cf86-cf54-43d4-bfb4-c61c0f946fe5,HUMAN,shown,trend_alert,down-streak,down-streak,2026-08-26T16:24:40.413Z,2026-08-26T16:24:40.495393+00:00,"{""client_ts"": ""2026-08-26T16:24:40.413Z"", ""element_id"": ""down-streak"", ""element_label"": ""down-streak"", ""element_type"": ""trend_alert"", ""event_name"": ""shown"", ""message"": ""Price went down 3 times in the last 5 ticks!"", ""trader_id"": ""0598cf86-cf54-43d4-bfb4-c61c0f946fe5""}",1787761480.502828
4286e05a-5722-4599-9226-096c510f419c,58315eca-6c1b-4fb0-85c6-09afd0baa1ad,HUMAN,shown,trend_alert,down-streak,down-streak,2026-08-26T16:24:40.418Z,2026-08-26T16:24:40.506336+00:00,"{""client_ts"": ""2026-08-26T16:24:40.418Z"", ""element_id"": ""down-streak"", ""element_label"": ""down-streak"", ""element_type"": ""trend_alert"", ""event_name"": ""shown"", ""message"": ""Price went down 3 times in the last 5 ticks!"", ""trader_id"": ""58315eca-6c1b-4fb0-85c6-09afd0baa1ad""}",1787761480.513838
80f251dc-c278-4363-81ce-f661c1e5cc3d,6f6e6218-4a12-4430-bc4f-865c400db2f9,HUMAN,shown,badge_unlock,gold,Gold,2026-08-26T16:24:49.784Z,2026-08-26T16:24:49.837118+00:00,"{""client_ts"": ""2026-08-26T16:24:49.784Z"", ""element_id"": ""gold"", ""element_label"": ""Gold"", ""element_type"": ""badge_unlock"", ""event_name"": ""shown"", ""total_trades_threshold"": 35, ""trader_id"": ""6f6e6218-4a12-4430-bc4f-865c400db2f9""}",1787761489.845641
80f251dc-c278-4363-81ce-f661c1e5cc3d,6f6e6218-4a12-4430-bc4f-865c400db2f9,HUMAN,shown,badge_modal,gold,Gold,2026-08-26T16:24:49.784Z,2026-08-26T16:24:49.852964+00:00,"{""client_ts"": ""2026-08-26T16:24:49.784Z"", ""element_id"": ""gold"", ""element_label"": ""Gold"", ""element_type"": ""badge_modal"", ""event_name"": ""shown"", ""message"": ""You are the money maker!"", ""total_trades"": 35, ""trader_id"": ""6f6e6218-4a12-4430-bc4f-865c400db2f9""}",1787761489.860823
80f251dc-c278-4363-81ce-f661c1e5cc3d,6f6e6218-4a12-4430-bc4f-865c400db2f9,HUMAN,shown,badge_gif,gold,Gold,2026-08-26T16:24:49.784Z,2026-08-26T16:24:49.867821+00:00,"{""client_ts"": ""2026-08-26T16:24:49.784Z"", ""element_id"": ""gold"", ""element_label"": ""Gold"", ""element_type"": ""badge_gif"", ""event_name"": ""shown"", ""gif"": ""/static/trader_bridge_app/vue/assets/gold.gif"", ""trader_id"": ""6f6e6218-4a12-4430-bc4f-865c400db2f9""}",1787761489.875447
55ae4144-efe9-4ac1-adff-7ef37ab172bb,4ec17b6f-b1d9-476d-b555-01d2e4bebfdc,HUMAN,shown,trend_alert,down-streak,down-streak,2026-08-26T16:25:08.257Z,2026-08-26T16:25:08.328755+00:00,"{""client_ts"": ""2026-08-26T16:25:08.257Z"", ""element_id"": ""down-streak"", ""element_label"": ""down-streak"", ""element_type"": ""trend_alert"", ""event_name"": ""shown"", ""message"": ""Price went down 3 times in the last 5 ticks!"", ""trader_id"": ""4ec17b6f-b1d9-476d-b555-01d2e4bebfdc""}",1787761508.336447
55ae4144-efe9-4ac1-adff-7ef37ab172bb,b99e3581-184c-4ce1-9b22-06b28d8b976f,HUMAN,shown,trend_alert,down-streak,down-streak,2026-08-26T16:25:08.275Z,2026-08-26T16:25:08.341076+00:00,"{""client_ts"": ""2026-08-26T16:25:08.275Z"", ""element_id"": ""down-streak"", ""element_label"": ""down-streak"", ""element_type"": ""trend_alert"", ""event_name"": ""shown"", ""message"": ""Price went down 3 times in the last 5 ticks!"", ""trader_id"": ""b99e3581-184c-4ce1-9b22-06b28d8b976f""}",1787761508.348126
55ae4144-efe9-4ac1-adff-7ef37ab172bb,d6862b7b-7161-4fe7-8fff-046502ffe0d0,HUMAN,shown,trend_alert,down-streak,down-streak,2026-08-26T16:25:08.274Z,2026-08-26T16:25:08.351790+00:00,"{""client_ts"": ""2026-08-26T16:25:08.274Z"", ""element_id"": ""down-streak"", ""element_label"": ""down-streak"", ""element_type"": ""trend_alert"", ""event_name"": ""shown"", ""message"": ""Price went down 3 times in the last 5 ticks!"", ""trader_id"": ""d6862b7b-7161-4fe7-8fff-046502ffe0d0""}",1787761508.358831
55ae4144-efe9-4ac1-adff-7ef37ab172bb,2f616cb5-5071-4415-af19-6d9bbb148833,HUMAN,shown,trend_alert,down-streak,down-streak,2026-08-26T16:25:08.262Z,2026-08-26T16:25:08.362283+00:00,"{""client_ts"": ""2026-08-26T16:25:08.262Z"", ""element_id"": ""down-streak"", ""element_label"": ""down-streak"", ""element_type"": ""trend_alert"", ""event_name"": ""shown"", ""message"": ""Price went down 3 times in the last 5 ticks!"", ""trader_id"": ""2f616cb5-5071-4415-af19-6d9bbb148833""}",1787761508.369145
55ae4144-efe9-4ac1-adff-7ef37ab172bb,f5671481-30e4-4d1e-8b35-4a84487f96c6,HUMAN,shown,trend_alert,down-streak,down-streak,2026-08-26T16:25:08.270Z,2026-08-26T16:25:08.372808+00:00,"{""client_ts"": ""2026-08-26T16:25:08.270Z"", ""element_id"": ""down-streak"", ""element_label"": ""down-streak"", ""element_type"": ""trend_alert"", ""event_name"": ""shown"", ""message"": ""Price went down 3 times in the last 5 ticks!"", ""trader_id"": ""f5671481-30e4-4d1e-8b35-4a84487f96c6""}",1787761508.379931
55ae4144-efe9-4ac1-adff-7ef37ab172bb,3a9837d0-9ef3-4d69-b6d3-62f1f33890c4,HUMAN,shown,trend_alert,down-streak,down-streak,2026-08-26T16:25:08.279Z,2026-08-26T16:25:08.383371+00:00,"{""client_ts"": ""2026-08-26T16:25:08.279Z"", ""element_id"": ""down-streak"", ""element_label"": ""down-streak"", ""element_type"": ""trend_alert"", ""event_name"": ""shown"", ""message"": ""Price went down 3 times in the last 5 ticks!"", ""trader_id"": ""3a9837d0-9ef3-4d69-b6d3-62f1f33890c4""}",1787761508.390579
726a00be-8059-48c7-903b-975c7adfccb7,9e3c7e0a-49b7-49f1-beea-90effe021eef,HUMAN,shown,trend_alert,down-streak,down-streak,2026-08-26T16:25:14.641Z,2026-08-26T16:25:14.698239+00:00,"{""client_ts"": ""2026-08-26T16:25:14.641Z"", ""element_id"": ""down-streak"", ""element_label"": ""down-streak"", ""element_type"": ""trend_alert"", ""event_name"": ""shown"", ""message"": ""Price went down 3 times in the last 5 ticks!"", ""trader_id"": ""9e3c7e0a-49b7-49f1-beea-90effe021eef""}",1787761514.705985
726a00be-8059-48c7-903b-975c7adfccb7,3e8ab49b-5ceb-4a7d-aae8-7978cb5154ac,HUMAN,shown,trend_alert,down-streak,down-streak,2026-08-26T16:25:14.654Z,2026-08-26T16:25:14.709998+00:00,"{""client_ts"": ""2026-08-26T16:25:14.654Z"", ""element_id"": ""down-streak"", ""element_label"": ""down-streak"", ""element_type"": ""trend_alert"", ""event_name"": ""shown"", ""message"": ""Price went down 3 times in the last 5 ticks!"", ""trader_id"": ""3e8ab49b-5ceb-4a7d-aae8-7978cb5154ac""}",1787761514.717257
726a00be-8059-48c7-903b-975c7adfccb7,76d88ecc-b4df-4f11-94ec-38c989704bc9,HUMAN,shown,trend_alert,down-streak,down-streak,2026-08-26T16:25:14.632Z,2026-08-26T16:25:14.721568+00:00,"{""client_ts"": ""2026-08-26T16:25:14.632Z"", ""element_id"": ""down-streak"", ""element_label"": ""down-streak"", ""element_type"": ""trend_alert"", ""event_name"": ""shown"", ""message"": ""Price went down 3 times in the last 5 ticks!"", ""trader_id"": ""76d88ecc-b4df-4f11-94ec-38c989704bc9""}",1787761514.728923
726a00be-8059-48c7-903b-975c7adfccb7,ad92abd6-eee0-4ce7-9755-3874924d9408,HUMAN,shown,trend_alert,down-streak,down-streak,2026-08-26T16:25:14.643Z,2026-08-26T16:25:14.732711+00:00,"{""client_ts"": ""2026-08-26T16:25:14.643Z"", ""element_id"": ""down-streak"", ""element_label"": ""down-streak"", ""element_type"": ""trend_alert"", ""event_name"": ""shown"", ""message"": ""Price went down 3 times in the last 5 ticks!"", ""trader_id"": ""ad92abd6-eee0-4ce7-9755-3874924d9408""}",1787761514.740053
726a00be-8059-48c7-903b-975c7adfccb7,9e6ea900-19fd-4017-9e86-e96fd2e637d3,HUMAN,shown,trend_alert,down-streak,down-streak,2026-08-26T16:25:14.641Z,2026-08-26T16:25:14.743672+00:00,"{""client_ts"": ""2026-08-26T16:25:14.641Z"", ""element_id"": ""down-streak"", ""element_label"": ""down-streak"", ""element_type"": ""trend_alert"", ""event_name"": ""shown"", ""message"": ""Price went down 3 times in the last 5 ticks!"", ""trader_id"": ""9e6ea900-19fd-4017-9e86-e96fd2e637d3""}",1787761514.750779
726a00be-8059-48c7-903b-975c7adfccb7,21728adc-060d-4620-9c21-4d4d7868785c,HUMAN,shown,trend_alert,down-streak,down-streak,2026-08-26T16:25:14.644Z,2026-08-26T16:25:14.754460+00:00,"{""client_ts"": ""2026-08-26T16:25:14.644Z"", ""element_id"": ""down-streak"", ""element_label"": ""down-streak"", ""element_type"": ""trend_alert"", ""event_name"": ""shown"", ""message"": ""Price went down 3 times in the last 5 ticks!"", ""trader_id"": ""21728adc-060d-4620-9c21-4d4d7868785c""}",1787761514.764329
80f251dc-c278-4363-81ce-f661c1e5cc3d,7c5ca57a-2c67-408a-b3ef-eb0e68b694d8,HUMAN,shown,badge_unlock,silver,Silver,2026-08-26T16:25:26.157Z,2026-08-26T16:25:26.214403+00:00,"{""client_ts"": ""2026-08-26T16:25:26.157Z"", ""element_id"": ""silver"", ""element_label"": ""Silver"", ""element_type"": ""badge_unlock"", ""event_name"": ""shown"", ""total_trades_threshold"": 15, ""trader_id"": ""7c5ca57a-2c67-408a-b3ef-eb0e68b694d8""}",1787761526.2221
80f251dc-c278-4363-81ce-f661c1e5cc3d,7c5ca57a-2c67-408a-b3ef-eb0e68b694d8,HUMAN,shown,badge_modal,silver,Silver,2026-08-26T16:25:26.157Z,2026-08-26T16:25:26.226546+00:00,"{""client_ts"": ""2026-08-26T16:25:26.157Z"", ""element_id"": ""silver"", ""element_label"": ""Silver"", ""element_type"": ""badge_modal"", ""event_name"": ""shown"", ""message"": ""You belong on the trading floor!"", ""total_trades"": 15, ""trader_id"": ""7c5ca57a-2c67-408a-b3ef-eb0e68b694d8""}",1787761526.234191
80f251dc-c278-4363-81ce-f661c1e5cc3d,7c5ca57a-2c67-408a-b3ef-eb0e68b694d8,HUMAN,shown,badge_gif,silver,Silver,2026-08-26T16:25:26.157Z,2026-08-26T16:25:26.238750+00:00,"{""client_ts"": ""2026-08-26T16:25:26.157Z"", ""element_id"": ""silver"", ""element_label"": ""Silver"", ""element_type"": ""badge_gif"", ""event_name"": ""shown"", ""gif"": ""/static/trader_bridge_app/vue/assets/silver.gif"", ""trader_id"": ""7c5ca57a-2c67-408a-b3ef-eb0e68b694d8""}",1787761526.248768
726a00be-8059-48c7-903b-975c7adfccb7,9e6ea900-19fd-4017-9e86-e96fd2e637d3,HUMAN,shown,badge_unlock,bronze,Bronze,2026-08-26T16:25:36.359Z,2026-08-26T16:25:36.417035+00:00,"{""client_ts"": ""2026-08-26T16:25:36.359Z"", ""element_id"": ""bronze"", ""element_label"": ""Bronze"", ""element_type"": ""badge_unlock"", ""event_name"": ""shown"", ""total_trades_threshold"": 10, ""trader_id"": ""9e6ea900-19fd-4017-9e86-e96fd2e637d3""}",1787761536.424896
726a00be-8059-48c7-903b-975c7adfccb7,9e6ea900-19fd-4017-9e86-e96fd2e637d3,HUMAN,shown,badge_modal,bronze,Bronze,2026-08-26T16:25:36.360Z,2026-08-26T16:25:36.429146+00:00,"{""client_ts"": ""2026-08-26T16:25:36.360Z"", ""element_id"": ""bronze"", ""element_label"": ""Bronze"", ""element_type"": ""badge_modal"", ""event_name"": ""shown"", ""message"": ""Level up! Doing well"", ""total_trades"": 10, ""trader_id"": ""9e6ea900-19fd-4017-9e86-e96fd2e637d3""}",1787761536.436695
726a00be-8059-48c7-903b-975c7adfccb7,9e6ea900-19fd-4017-9e86-e96fd2e637d3,HUMAN,shown,badge_gif,bronze,Bronze,2026-08-26T16:25:36.360Z,2026-08-26T16:25:36.440769+00:00,"{""client_ts"": ""2026-08-26T16:25:36.360Z"", ""element_id"": ""bronze"", ""element_label"": ""Bronze"", ""element_type"": ""badge_gif"", ""event_name"": ""shown"", ""gif"": ""/static/trader_bridge_app/vue/assets/bronze.gif"", ""trader_id"": ""9e6ea900-19fd-4017-9e86-e96fd2e637d3""}",1787761536.448506
55ae4144-efe9-4ac1-adff-7ef37ab172bb,d6862b7b-7161-4fe7-8fff-046502ffe0d0,HUMAN,shown,trend_alert,down-streak,down-streak,2026-08-26T16:25:40.562Z,2026-08-26T16:25:40.615039+00:00,"{""client_ts"": ""2026-08-26T16:25:40.562Z"", ""element_id"": ""down-streak"", ""element_label"": ""down-streak"", ""element_type"": ""trend_alert"", ""event_name"": ""shown"", ""message"": ""Price went down 3 times in the last 5 ticks!"", ""trader_id"": ""d6862b7b-7161-4fe7-8fff-046502ffe0d0""}",1787761540.623498
55ae4144-efe9-4ac1-adff-7ef37ab172bb,4ec17b6f-b1d9-476d-b555-01d2e4bebfdc,HUMAN,shown,trend_alert,down-streak,down-streak,2026-08-26T16:25:40.544Z,2026-08-26T16:25:40.628600+00:00,"{""client_ts"": ""2026-08-26T16:25:40.544Z"", ""element_id"": ""down-streak"", ""element_label"": ""down-streak"", ""element_type"": ""trend_alert"", ""event_name"": ""shown"", ""message"": ""Price went down 3 times in the last 5 ticks!"", ""trader_id"": ""4ec17b6f-b1d9-476d-b555-01d2e4bebfdc""}",1787761540.636635
55ae4144-efe9-4ac1-adff-7ef37ab172bb,f5671481-30e4-4d1e-8b35-4a84487f96c6,HUMAN,shown,trend_alert,down-streak,down-streak,2026-08-26T16:25:40.555Z,2026-08-26T16:25:40.640353+00:00,"{""client_ts"": ""2026-08-26T16:25:40.555Z"", ""element_id"": ""down-streak"", ""element_label"": ""down-streak"", ""element_type"": ""trend_alert"", ""event_name"": ""shown"", ""message"": ""Price went down 3 times in the last 5 ticks!"", ""trader_id"": ""f5671481-30e4-4d1e-8b35-4a84487f96c6""}",1787761540.648103
55ae4144-efe9-4ac1-adff-7ef37ab172bb,b99e3581-184c-4ce1-9b22-06b28d8b976f,HUMAN,shown,trend_alert,down-streak,down-streak,2026-08-26T16:25:40.564Z,2026-08-26T16:25:40.651682+00:00,"{""client_ts"": ""2026-08-26T16:25:40.564Z"", ""element_id"": ""down-streak"", ""element_label"": ""down-streak"", ""element_type"": ""trend_alert"", ""event_name"": ""shown"", ""message"": ""Price went down 3 times in the last 5 ticks!"", ""trader_id"": ""b99e3581-184c-4ce1-9b22-06b28d8b976f""}",1787761540.659818
55ae4144-efe9-4ac1-adff-7ef37ab172bb,3a9837d0-9ef3-4d69-b6d3-62f1f33890c4,HUMAN,shown,trend_alert,down-streak,down-streak,2026-08-26T16:25:40.565Z,2026-08-26T16:25:40.663966+00:00,"{""client_ts"": ""2026-08-26T16:25:40.565Z"", ""element_id"": ""down-streak"", ""element_label"": ""down-streak"", ""element_type"": ""trend_alert"", ""event_name"": ""shown"", ""message"": ""Price went down 3 times in the last 5 ticks!"", ""trader_id"": ""3a9837d0-9ef3-4d69-b6d3-62f1f33890c4""}",1787761540.672821
55ae4144-efe9-4ac1-adff-7ef37ab172bb,2f616cb5-5071-4415-af19-6d9bbb148833,HUMAN,shown,trend_alert,down-streak,down-streak,2026-08-26T16:25:40.554Z,2026-08-26T16:25:40.677613+00:00,"{""client_ts"": ""2026-08-26T16:25:40.554Z"", ""element_id"": ""down-streak"", ""element_label"": ""down-streak"", ""element_type"": ""trend_alert"", ""event_name"": ""shown"", ""message"": ""Price went down 3 times in the last 5 ticks!"", ""trader_id"": ""2f616cb5-5071-4415-af19-6d9bbb148833""}",1787761540.686407
55ae4144-efe9-4ac1-adff-7ef37ab172bb,f5671481-30e4-4d1e-8b35-4a84487f96c6,HUMAN,shown,badge_unlock,bronze,Bronze,2026-08-26T16:25:40.943Z,2026-08-26T16:25:41.004403+00:00,"{""client_ts"": ""2026-08-26T16:25:40.943Z"", ""element_id"": ""bronze"", ""element_label"": ""Bronze"", ""element_type"": ""badge_unlock"", ""event_name"": ""shown"", ""total_trades_threshold"": 10, ""trader_id"": ""f5671481-30e4-4d1e-8b35-4a84487f96c6""}",1787761541.013445
55ae4144-efe9-4ac1-adff-7ef37ab172bb,f5671481-30e4-4d1e-8b35-4a84487f96c6,HUMAN,shown,badge_modal,bronze,Bronze,2026-08-26T16:25:40.943Z,2026-08-26T16:25:41.018250+00:00,"{""client_ts"": ""2026-08-26T16:25:40.943Z"", ""element_id"": ""bronze"", ""element_label"": ""Bronze"", ""element_type"": ""badge_modal"", ""event_name"": ""shown"", ""message"": ""Level up! Doing well"", ""total_trades"": 10, ""trader_id"": ""f5671481-30e4-4d1e-8b35-4a84487f96c6""}",1787761541.02652
55ae4144-efe9-4ac1-adff-7ef37ab172bb,f5671481-30e4-4d1e-8b35-4a84487f96c6,HUMAN,shown,badge_gif,bronze,Bronze,2026-08-26T16:25:40.943Z,2026-08-26T16:25:41.030805+00:00,"{""client_ts"": ""2026-08-26T16:25:40.943Z"", ""element_id"": ""bronze"", ""element_label"": ""Bronze"", ""element_type"": ""badge_gif"", ""event_name"": ""shown"", ""gif"": ""/static/trader_bridge_app/vue/assets/bronze.gif"", ""trader_id"": ""f5671481-30e4-4d1e-8b35-4a84487f96c6""}",1787761541.039236
55ae4144-efe9-4ac1-adff-7ef37ab172bb,d6862b7b-7161-4fe7-8fff-046502ffe0d0,HUMAN,shown,badge_unlock,gold,Gold,2026-08-26T16:25:43.973Z,2026-08-26T16:25:44.066445+00:00,"{""client_ts"": ""2026-08-26T16:25:43.973Z"", ""element_id"": ""gold"", ""element_label"": ""Gold"", ""element_type"": ""badge_unlock"", ""event_name"": ""shown"", ""total_trades_threshold"": 35, ""trader_id"": ""d6862b7b-7161-4fe7-8fff-046502ffe0d0""}",1787761544.073961
55ae4144-efe9-4ac1-adff-7ef37ab172bb,d6862b7b-7161-4fe7-8fff-046502ffe0d0,HUMAN,shown,badge_modal,gold,Gold,2026-08-26T16:25:43.974Z,2026-08-26T16:25:44.078722+00:00,"{""client_ts"": ""2026-08-26T16:25:43.974Z"", ""element_id"": ""gold"", ""element_label"": ""Gold"", ""element_type"": ""badge_modal"", ""event_name"": ""shown"", ""message"": ""You are the money maker!"", ""total_trades"": 35, ""trader_id"": ""d6862b7b-7161-4fe7-8fff-046502ffe0d0""}",1787761544.086589
55ae4144-efe9-4ac1-adff-7ef37ab172bb,d6862b7b-7161-4fe7-8fff-046502ffe0d0,HUMAN,shown,badge_gif,gold,Gold,2026-08-26T16:25:43.974Z,2026-08-26T16:25:44.091490+00:00,"{""client_ts"": ""2026-08-26T16:25:43.974Z"", ""element_id"": ""gold"", ""element_label"": ""Gold"", ""element_type"": ""badge_gif"", ""event_name"": ""shown"", ""gif"": ""/static/trader_bridge_app/vue/assets/gold.gif"", ""trader_id"": ""d6862b7b-7161-4fe7-8fff-046502ffe0d0""}",1787761544.099012
4286e05a-5722-4599-9226-096c510f419c,accaf72e-eb7f-4981-b18e-b198f879326d,HUMAN,shown,trend_alert,up-streak,up-streak,2026-08-26T16:26:16.349Z,2026-08-26T16:26:16.407828+00:00,"{""client_ts"": ""2026-08-26T16:26:16.349Z"", ""element_id"": ""up-streak"", ""element_label"": ""up-streak"", ""element_type"": ""trend_alert"", ""event_name"": ""shown"", ""message"": ""Price went up 3 times in the last 5 ticks!"", ""trader_id"": ""accaf72e-eb7f-4981-b18e-b198f879326d""}",1787761576.416114
4286e05a-5722-4599-9226-096c510f419c,73767ff0-c4eb-45d4-bfd1-7eca7524753b,HUMAN,shown,trend_alert,up-streak,up-streak,2026-08-26T16:26:16.350Z,2026-08-26T16:26:16.420510+00:00,"{""client_ts"": ""2026-08-26T16:26:16.350Z"", ""element_id"": ""up-streak"", ""element_label"": ""up-streak"", ""element_type"": ""trend_alert"", ""event_name"": ""shown"", ""message"": ""Price went up 3 times in the last 5 ticks!"", ""trader_id"": ""73767ff0-c4eb-45d4-bfd1-7eca7524753b""}",1787761576.4282
4286e05a-5722-4599-9226-096c510f419c,0598cf86-cf54-43d4-bfb4-c61c0f946fe5,HUMAN,shown,trend_alert,up-streak,up-streak,2026-08-26T16:26:16.353Z,2026-08-26T16:26:16.431898+00:00,"{""client_ts"": ""2026-08-26T16:26:16.353Z"", ""element_id"": ""up-streak"", ""element_label"": ""up-streak"", ""element_type"": ""trend_alert"", ""event_name"": ""shown"", ""message"": ""Price went up 3 times in the last 5 ticks!"", ""trader_id"": ""0598cf86-cf54-43d4-bfb4-c61c0f946fe5""}",1787761576.439502
4286e05a-5722-4599-9226-096c510f419c,58315eca-6c1b-4fb0-85c6-09afd0baa1ad,HUMAN,shown,trend_alert,up-streak,up-streak,2026-08-26T16:26:16.350Z,2026-08-26T16:26:16.443011+00:00,"{""client_ts"": ""2026-08-26T16:26:16.350Z"", ""element_id"": ""up-streak"", ""element_label"": ""up-streak"", ""element_type"": ""trend_alert"", ""event_name"": ""shown"", ""message"": ""Price went up 3 times in the last 5 ticks!"", ""trader_id"": ""58315eca-6c1b-4fb0-85c6-09afd0baa1ad""}",1787761576.450136
726a00be-8059-48c7-903b-975c7adfccb7,9e6ea900-19fd-4017-9e86-e96fd2e637d3,HUMAN,shown,trend_alert,up-streak,up-streak,2026-08-26T16:26:17.637Z,2026-08-26T16:26:17.695255+00:00,"{""client_ts"": ""2026-08-26T16:26:17.637Z"", ""element_id"": ""up-streak"", ""element_label"": ""up-streak"", ""element_type"": ""trend_alert"", ""event_name"": ""shown"", ""message"": ""Price went up 3 times in the last 5 ticks!"", ""trader_id"": ""9e6ea900-19fd-4017-9e86-e96fd2e637d3""}",1787761577.704748
726a00be-8059-48c7-903b-975c7adfccb7,76d88ecc-b4df-4f11-94ec-38c989704bc9,HUMAN,shown,trend_alert,up-streak,up-streak,2026-08-26T16:26:17.630Z,2026-08-26T16:26:17.709937+00:00,"{""client_ts"": ""2026-08-26T16:26:17.630Z"", ""element_id"": ""up-streak"", ""element_label"": ""up-streak"", ""element_type"": ""trend_alert"", ""event_name"": ""shown"", ""message"": ""Price went up 3 times in the last 5 ticks!"", ""trader_id"": ""76d88ecc-b4df-4f11-94ec-38c989704bc9""}",1787761577.717983
726a00be-8059-48c7-903b-975c7adfccb7,3e8ab49b-5ceb-4a7d-aae8-7978cb5154ac,HUMAN,shown,trend_alert,up-streak,up-streak,2026-08-26T16:26:17.652Z,2026-08-26T16:26:17.722179+00:00,"{""client_ts"": ""2026-08-26T16:26:17.652Z"", ""element_id"": ""up-streak"", ""element_label"": ""up-streak"", ""element_type"": ""trend_alert"", ""event_name"": ""shown"", ""message"": ""Price went up 3 times in the last 5 ticks!"", ""trader_id"": ""3e8ab49b-5ceb-4a7d-aae8-7978cb5154ac""}",1787761577.735394
726a00be-8059-48c7-903b-975c7adfccb7,9e3c7e0a-49b7-49f1-beea-90effe021eef,HUMAN,shown,trend_alert,up-streak,up-streak,2026-08-26T16:26:17.639Z,2026-08-26T16:26:17.739920+00:00,"{""client_ts"": ""2026-08-26T16:26:17.639Z"", ""element_id"": ""up-streak"", ""element_label"": ""up-streak"", ""element_type"": ""trend_alert"", ""event_name"": ""shown"", ""message"": ""Price went up 3 times in the last 5 ticks!"", ""trader_id"": ""9e3c7e0a-49b7-49f1-beea-90effe021eef""}",1787761577.749588
726a00be-8059-48c7-903b-975c7adfccb7,ad92abd6-eee0-4ce7-9755-3874924d9408,HUMAN,shown,trend_alert,up-streak,up-streak,2026-08-26T16:26:17.639Z,2026-08-26T16:26:17.753663+00:00,"{""client_ts"": ""2026-08-26T16:26:17.639Z"", ""element_id"": ""up-streak"", ""element_label"": ""up-streak"", ""element_type"": ""trend_alert"", ""event_name"": ""shown"", ""message"": ""Price went up 3 times in the last 5 ticks!"", ""trader_id"": ""ad92abd6-eee0-4ce7-9755-3874924d9408""}",1787761577.762749
726a00be-8059-48c7-903b-975c7adfccb7,21728adc-060d-4620-9c21-4d4d7868785c,HUMAN,shown,trend_alert,up-streak,up-streak,2026-08-26T16:26:17.644Z,2026-08-26T16:26:17.767218+00:00,"{""client_ts"": ""2026-08-26T16:26:17.644Z"", ""element_id"": ""up-streak"", ""element_label"": ""up-streak"", ""element_type"": ""trend_alert"", ""event_name"": ""shown"", ""message"": ""Price went up 3 times in the last 5 ticks!"", ""trader_id"": ""21728adc-060d-4620-9c21-4d4d7868785c""}",1787761577.77488
55ae4144-efe9-4ac1-adff-7ef37ab172bb,4ec17b6f-b1d9-476d-b555-01d2e4bebfdc,HUMAN,shown,trend_alert,down-streak,down-streak,2026-08-26T16:26:49.459Z,2026-08-26T16:26:49.528623+00:00,"{""client_ts"": ""2026-08-26T16:26:49.459Z"", ""element_id"": ""down-streak"", ""element_label"": ""down-streak"", ""element_type"": ""trend_alert"", ""event_name"": ""shown"", ""message"": ""Price went down 3 times in the last 5 ticks!"", ""trader_id"": ""4ec17b6f-b1d9-476d-b555-01d2e4bebfdc""}",1787761609.536684
55ae4144-efe9-4ac1-adff-7ef37ab172bb,d6862b7b-7161-4fe7-8fff-046502ffe0d0,HUMAN,shown,trend_alert,down-streak,down-streak,2026-08-26T16:26:49.477Z,2026-08-26T16:26:49.541520+00:00,"{""client_ts"": ""2026-08-26T16:26:49.477Z"", ""element_id"": ""down-streak"", ""element_label"": ""down-streak"", ""element_type"": ""trend_alert"", ""event_name"": ""shown"", ""message"": ""Price went down 3 times in the last 5 ticks!"", ""trader_id"": ""d6862b7b-7161-4fe7-8fff-046502ffe0d0""}",1787761609.548952
55ae4144-efe9-4ac1-adff-7ef37ab172bb,f5671481-30e4-4d1e-8b35-4a84487f96c6,HUMAN,shown,trend_alert,down-streak,down-streak,2026-08-26T16:26:49.466Z,2026-08-26T16:26:49.552510+00:00,"{""client_ts"": ""2026-08-26T16:26:49.466Z"", ""element_id"": ""down-streak"", ""element_label"": ""down-streak"", ""element_type"": ""trend_alert"", ""event_name"": ""shown"", ""message"": ""Price went down 3 times in the last 5 ticks!"", ""trader_id"": ""f5671481-30e4-4d1e-8b35-4a84487f96c6""}",1787761609.560187
55ae4144-efe9-4ac1-adff-7ef37ab172bb,b99e3581-184c-4ce1-9b22-06b28d8b976f,HUMAN,shown,trend_alert,down-streak,down-streak,2026-08-26T16:26:49.477Z,2026-08-26T16:26:49.563947+00:00,"{""client_ts"": ""2026-08-26T16:26:49.477Z"", ""element_id"": ""down-streak"", ""element_label"": ""down-streak"", ""element_type"": ""trend_alert"", ""event_name"": ""shown"", ""message"": ""Price went down 3 times in the last 5 ticks!"", ""trader_id"": ""b99e3581-184c-4ce1-9b22-06b28d8b976f""}",1787761609.571346
55ae4144-efe9-4ac1-adff-7ef37ab172bb,3a9837d0-9ef3-4d69-b6d3-62f1f33890c4,HUMAN,shown,trend_alert,down-streak,down-streak,2026-08-26T16:26:49.480Z,2026-08-26T16:26:49.575211+00:00,"{""client_ts"": ""2026-08-26T16:26:49.480Z"", ""element_id"": ""down-streak"", ""element_label"": ""down-streak"", ""element_type"": ""trend_alert"", ""event_name"": ""shown"", ""message"": ""Price went down 3 times in the last 5 ticks!"", ""trader_id"": ""3a9837d0-9ef3-4d69-b6d3-62f1f33890c4""}",1787761609.582608
55ae4144-efe9-4ac1-adff-7ef37ab172bb,2f616cb5-5071-4415-af19-6d9bbb148833,HUMAN,shown,trend_alert,down-streak,down-streak,2026-08-26T16:26:49.469Z,2026-08-26T16:26:49.586549+00:00,"{""client_ts"": ""2026-08-26T16:26:49.469Z"", ""element_id"": ""down-streak"", ""element_label"": ""down-streak"", ""element_type"": ""trend_alert"", ""event_name"": ""shown"", ""message"": ""Price went down 3 times in the last 5 ticks!"", ""trader_id"": ""2f616cb5-5071-4415-af19-6d9bbb148833""}",1787761609.594395
80f251dc-c278-4363-81ce-f661c1e5cc3d,4ae8c830-6dc1-4198-8db9-774decd70766,HUMAN,shown,badge_unlock,silver,Silver,2026-08-26T16:27:22.550Z,2026-08-26T16:27:22.611775+00:00,"{""client_ts"": ""2026-08-26T16:27:22.550Z"", ""element_id"": ""silver"", ""element_label"": ""Silver"", ""element_type"": ""badge_unlock"", ""event_name"": ""shown"", ""total_trades_threshold"": 15, ""trader_id"": ""4ae8c830-6dc1-4198-8db9-774decd70766""}",1787761642.620408
80f251dc-c278-4363-81ce-f661c1e5cc3d,4ae8c830-6dc1-4198-8db9-774decd70766,HUMAN,shown,badge_modal,silver,Silver,2026-08-26T16:27:22.551Z,2026-08-26T16:27:22.627755+00:00,"{""client_ts"": ""2026-08-26T16:27:22.551Z"", ""element_id"": ""silver"", ""element_label"": ""Silver"", ""element_type"": ""badge_modal"", ""event_name"": ""shown"", ""message"": ""You belong on the trading floor!"", ""total_trades"": 15, ""trader_id"": ""4ae8c830-6dc1-4198-8db9-774decd70766""}",1787761642.635442
80f251dc-c278-4363-81ce-f661c1e5cc3d,4ae8c830-6dc1-4198-8db9-774decd70766,HUMAN,shown,badge_gif,silver,Silver,2026-08-26T16:27:22.551Z,2026-08-26T16:27:22.642631+00:00,"{""client_ts"": ""2026-08-26T16:27:22.551Z"", ""element_id"": ""silver"", ""element_label"": ""Silver"", ""element_type"": ""badge_gif"", ""event_name"": ""shown"", ""gif"": ""/static/trader_bridge_app/vue/assets/silver.gif"", ""trader_id"": ""4ae8c830-6dc1-4198-8db9-774decd70766""}",1787761642.650588
726a00be-8059-48c7-903b-975c7adfccb7,3e8ab49b-5ceb-4a7d-aae8-7978cb5154ac,HUMAN,shown,trend_alert,down-streak,down-streak,2026-08-26T16:27:31.430Z,2026-08-26T16:27:31.528082+00:00,"{""client_ts"": ""2026-08-26T16:27:31.430Z"", ""element_id"": ""down-streak"", ""element_label"": ""down-streak"", ""element_type"": ""trend_alert"", ""event_name"": ""shown"", ""message"": ""Price went down 3 times in the last 5 ticks!"", ""trader_id"": ""3e8ab49b-5ceb-4a7d-aae8-7978cb5154ac""}",1787761651.536268
726a00be-8059-48c7-903b-975c7adfccb7,9e3c7e0a-49b7-49f1-beea-90effe021eef,HUMAN,shown,trend_alert,down-streak,down-streak,2026-08-26T16:27:31.416Z,2026-08-26T16:27:31.539480+00:00,"{""client_ts"": ""2026-08-26T16:27:31.416Z"", ""element_id"": ""down-streak"", ""element_label"": ""down-streak"", ""element_type"": ""trend_alert"", ""event_name"": ""shown"", ""message"": ""Price went down 3 times in the last 5 ticks!"", ""trader_id"": ""9e3c7e0a-49b7-49f1-beea-90effe021eef""}",1787761651.548265
726a00be-8059-48c7-903b-975c7adfccb7,ad92abd6-eee0-4ce7-9755-3874924d9408,HUMAN,shown,trend_alert,down-streak,down-streak,2026-08-26T16:27:31.418Z,2026-08-26T16:27:31.551438+00:00,"{""client_ts"": ""2026-08-26T16:27:31.418Z"", ""element_id"": ""down-streak"", ""element_label"": ""down-streak"", ""element_type"": ""trend_alert"", ""event_name"": ""shown"", ""message"": ""Price went down 3 times in the last 5 ticks!"", ""trader_id"": ""ad92abd6-eee0-4ce7-9755-3874924d9408""}",1787761651.559261
726a00be-8059-48c7-903b-975c7adfccb7,21728adc-060d-4620-9c21-4d4d7868785c,HUMAN,shown,trend_alert,down-streak,down-streak,2026-08-26T16:27:31.422Z,2026-08-26T16:27:31.562814+00:00,"{""client_ts"": ""2026-08-26T16:27:31.422Z"", ""element_id"": ""down-streak"", ""element_label"": ""down-streak"", ""element_type"": ""trend_alert"", ""event_name"": ""shown"", ""message"": ""Price went down 3 times in the last 5 ticks!"", ""trader_id"": ""21728adc-060d-4620-9c21-4d4d7868785c""}",1787761651.569994
726a00be-8059-48c7-903b-975c7adfccb7,9e6ea900-19fd-4017-9e86-e96fd2e637d3,HUMAN,shown,trend_alert,down-streak,down-streak,2026-08-26T16:27:31.417Z,2026-08-26T16:27:31.573455+00:00,"{""client_ts"": ""2026-08-26T16:27:31.417Z"", ""element_id"": ""down-streak"", ""element_label"": ""down-streak"", ""element_type"": ""trend_alert"", ""event_name"": ""shown"", ""message"": ""Price went down 3 times in the last 5 ticks!"", ""trader_id"": ""9e6ea900-19fd-4017-9e86-e96fd2e637d3""}",1787761651.580663
726a00be-8059-48c7-903b-975c7adfccb7,76d88ecc-b4df-4f11-94ec-38c989704bc9,HUMAN,shown,trend_alert,down-streak,down-streak,2026-08-26T16:27:31.417Z,2026-08-26T16:27:31.583941+00:00,"{""client_ts"": ""2026-08-26T16:27:31.417Z"", ""element_id"": ""down-streak"", ""element_label"": ""down-streak"", ""element_type"": ""trend_alert"", ""event_name"": ""shown"", ""message"": ""Price went down 3 times in the last 5 ticks!"", ""trader_id"": ""76d88ecc-b4df-4f11-94ec-38c989704bc9""}",1787761651.591313
4286e05a-5722-4599-9226-096c510f419c,58315eca-6c1b-4fb0-85c6-09afd0baa1ad,HUMAN,shown,trend_alert,down-streak,down-streak,2026-08-26T16:27:33.323Z,2026-08-26T16:27:33.382842+00:00,"{""client_ts"": ""2026-08-26T16:27:33.323Z"", ""element_id"": ""down-streak"", ""element_label"": ""down-streak"", ""element_type"": ""trend_alert"", ""event_name"": ""shown"", ""message"": ""Price went down 3 times in the last 5 ticks!"", ""trader_id"": ""58315eca-6c1b-4fb0-85c6-09afd0baa1ad""}",1787761653.390701
4286e05a-5722-4599-9226-096c510f419c,0598cf86-cf54-43d4-bfb4-c61c0f946fe5,HUMAN,shown,trend_alert,down-streak,down-streak,2026-08-26T16:27:33.326Z,2026-08-26T16:27:33.393959+00:00,"{""client_ts"": ""2026-08-26T16:27:33.326Z"", ""element_id"": ""down-streak"", ""element_label"": ""down-streak"", ""element_type"": ""trend_alert"", ""event_name"": ""shown"", ""message"": ""Price went down 3 times in the last 5 ticks!"", ""trader_id"": ""0598cf86-cf54-43d4-bfb4-c61c0f946fe5""}",1787761653.401243
4286e05a-5722-4599-9226-096c510f419c,73767ff0-c4eb-45d4-bfd1-7eca7524753b,HUMAN,shown,trend_alert,down-streak,down-streak,2026-08-26T16:27:33.325Z,2026-08-26T16:27:33.404949+00:00,"{""client_ts"": ""2026-08-26T16:27:33.325Z"", ""element_id"": ""down-streak"", ""element_label"": ""down-streak"", ""element_type"": ""trend_alert"", ""event_name"": ""shown"", ""message"": ""Price went down 3 times in the last 5 ticks!"", ""trader_id"": ""73767ff0-c4eb-45d4-bfd1-7eca7524753b""}",1787761653.412288
4286e05a-5722-4599-9226-096c510f419c,accaf72e-eb7f-4981-b18e-b198f879326d,HUMAN,shown,trend_alert,down-streak,down-streak,2026-08-26T16:27:33.325Z,2026-08-26T16:27:33.418894+00:00,"{""client_ts"": ""2026-08-26T16:27:33.325Z"", ""element_id"": ""down-streak"", ""element_label"": ""down-streak"", ""element_type"": ""trend_alert"", ""event_name"": ""shown"", ""message"": ""Price went down 3 times in the last 5 ticks!"", ""trader_id"": ""accaf72e-eb7f-4981-b18e-b198f879326d""}",1787761653.426633
726a00be-8059-48c7-903b-975c7adfccb7,9e3c7e0a-49b7-49f1-beea-90effe021eef,HUMAN,shown,badge_unlock,silver,Silver,2026-08-26T16:27:56.775Z,2026-08-26T16:27:56.834670+00:00,"{""client_ts"": ""2026-08-26T16:27:56.775Z"", ""element_id"": ""silver"", ""element_label"": ""Silver"", ""element_type"": ""badge_unlock"", ""event_name"": ""shown"", ""total_trades_threshold"": 15, ""trader_id"": ""9e3c7e0a-49b7-49f1-beea-90effe021eef""}",1787761676.842599
726a00be-8059-48c7-903b-975c7adfccb7,9e3c7e0a-49b7-49f1-beea-90effe021eef,HUMAN,shown,badge_modal,silver,Silver,2026-08-26T16:27:56.775Z,2026-08-26T16:27:56.846890+00:00,"{""client_ts"": ""2026-08-26T16:27:56.775Z"", ""element_id"": ""silver"", ""element_label"": ""Silver"", ""element_type"": ""badge_modal"", ""event_name"": ""shown"", ""message"": ""You belong on the trading floor!"", ""total_trades"": 15, ""trader_id"": ""9e3c7e0a-49b7-49f1-beea-90effe021eef""}",1787761676.854552
726a00be-8059-48c7-903b-975c7adfccb7,9e3c7e0a-49b7-49f1-beea-90effe021eef,HUMAN,shown,badge_gif,silver,Silver,2026-08-26T16:27:56.775Z,2026-08-26T16:27:56.858634+00:00,"{""client_ts"": ""2026-08-26T16:27:56.775Z"", ""element_id"": ""silver"", ""element_label"": ""Silver"", ""element_type"": ""badge_gif"", ""event_name"": ""shown"", ""gif"": ""/static/trader_bridge_app/vue/assets/silver.gif"", ""trader_id"": ""9e3c7e0a-49b7-49f1-beea-90effe021eef""}",1787761676.866174
55ae4144-efe9-4ac1-adff-7ef37ab172bb,4ec17b6f-b1d9-476d-b555-01d2e4bebfdc,HUMAN,shown,badge_unlock,gold,Gold,2026-08-26T16:27:59.823Z,2026-08-26T16:27:59.890530+00:00,"{""client_ts"": ""2026-08-26T16:27:59.823Z"", ""element_id"": ""gold"", ""element_label"": ""Gold"", ""element_type"": ""badge_unlock"", ""event_name"": ""shown"", ""total_trades_threshold"": 35, ""trader_id"": ""4ec17b6f-b1d9-476d-b555-01d2e4bebfdc""}",1787761679.899524
55ae4144-efe9-4ac1-adff-7ef37ab172bb,4ec17b6f-b1d9-476d-b555-01d2e4bebfdc,HUMAN,shown,badge_modal,gold,Gold,2026-08-26T16:27:59.823Z,2026-08-26T16:27:59.904174+00:00,"{""client_ts"": ""2026-08-26T16:27:59.823Z"", ""element_id"": ""gold"", ""element_label"": ""Gold"", ""element_type"": ""badge_modal"", ""event_name"": ""shown"", ""message"": ""You are the money maker!"", ""total_trades"": 35, ""trader_id"": ""4ec17b6f-b1d9-476d-b555-01d2e4bebfdc""}",1787761679.912263
55ae4144-efe9-4ac1-adff-7ef37ab172bb,4ec17b6f-b1d9-476d-b555-01d2e4bebfdc,HUMAN,shown,badge_gif,gold,Gold,2026-08-26T16:27:59.823Z,2026-08-26T16:27:59.916819+00:00,"{""client_ts"": ""2026-08-26T16:27:59.823Z"", ""element_id"": ""gold"", ""element_label"": ""Gold"", ""element_type"": ""badge_gif"", ""event_name"": ""shown"", ""gif"": ""/static/trader_bridge_app/vue/assets/gold.gif"", ""trader_id"": ""4ec17b6f-b1d9-476d-b555-01d2e4bebfdc""}",1787761679.924835
726a00be-8059-48c7-903b-975c7adfccb7,3e8ab49b-5ceb-4a7d-aae8-7978cb5154ac,HUMAN,shown,badge_unlock,gold,Gold,2026-08-26T16:28:00.366Z,2026-08-26T16:28:00.411047+00:00,"{""client_ts"": ""2026-08-26T16:28:00.366Z"", ""element_id"": ""gold"", ""element_label"": ""Gold"", ""element_type"": ""badge_unlock"", ""event_name"": ""shown"", ""total_trades_threshold"": 35, ""trader_id"": ""3e8ab49b-5ceb-4a7d-aae8-7978cb5154ac""}",1787761680.419064
726a00be-8059-48c7-903b-975c7adfccb7,3e8ab49b-5ceb-4a7d-aae8-7978cb5154ac,HUMAN,shown,badge_modal,gold,Gold,2026-08-26T16:28:00.367Z,2026-08-26T16:28:00.423316+00:00,"{""client_ts"": ""2026-08-26T16:28:00.367Z"", ""element_id"": ""gold"", ""element_label"": ""Gold"", ""element_type"": ""badge_modal"", ""event_name"": ""shown"", ""message"": ""You are the money maker!"", ""total_trades"": 35, ""trader_id"": ""3e8ab49b-5ceb-4a7d-aae8-7978cb5154ac""}",1787761680.430858
726a00be-8059-48c7-903b-975c7adfccb7,3e8ab49b-5ceb-4a7d-aae8-7978cb5154ac,HUMAN,shown,badge_gif,gold,Gold,2026-08-26T16:28:00.367Z,2026-08-26T16:28:00.435186+00:00,"{""client_ts"": ""2026-08-26T16:28:00.367Z"", ""element_id"": ""gold"", ""element_label"": ""Gold"", ""element_type"": ""badge_gif"", ""event_name"": ""shown"", ""gif"": ""/static/trader_bridge_app/vue/assets/gold.gif"", ""trader_id"": ""3e8ab49b-5ceb-4a7d-aae8-7978cb5154ac""}",1787761680.44287
55ae4144-efe9-4ac1-adff-7ef37ab172bb,b99e3581-184c-4ce1-9b22-06b28d8b976f,HUMAN,shown,badge_unlock,silver,Silver,2026-08-26T16:28:04.401Z,2026-08-26T16:28:04.555898+00:00,"{""client_ts"": ""2026-08-26T16:28:04.401Z"", ""element_id"": ""silver"", ""element_label"": ""Silver"", ""element_type"": ""badge_unlock"", ""event_name"": ""shown"", ""total_trades_threshold"": 15, ""trader_id"": ""b99e3581-184c-4ce1-9b22-06b28d8b976f""}",1787761684.563809
55ae4144-efe9-4ac1-adff-7ef37ab172bb,b99e3581-184c-4ce1-9b22-06b28d8b976f,HUMAN,shown,badge_modal,silver,Silver,2026-08-26T16:28:04.401Z,2026-08-26T16:28:04.612848+00:00,"{""client_ts"": ""2026-08-26T16:28:04.401Z"", ""element_id"": ""silver"", ""element_label"": ""Silver"", ""element_type"": ""badge_modal"", ""event_name"": ""shown"", ""message"": ""You belong on the trading floor!"", ""total_trades"": 15, ""trader_id"": ""b99e3581-184c-4ce1-9b22-06b28d8b976f""}",1787761684.620391
55ae4144-efe9-4ac1-adff-7ef37ab172bb,b99e3581-184c-4ce1-9b22-06b28d8b976f,HUMAN,shown,badge_gif,silver,Silver,2026-08-26T16:28:04.401Z,2026-08-26T16:28:04.640710+00:00,"{""client_ts"": ""2026-08-26T16:28:04.401Z"", ""element_id"": ""silver"", ""element_label"": ""Silver"", ""element_type"": ""badge_gif"", ""event_name"": ""shown"", ""gif"": ""/static/trader_bridge_app/vue/assets/silver.gif"", ""trader_id"": ""b99e3581-184c-4ce1-9b22-06b28d8b976f""}",1787761684.648552
55ae4144-efe9-4ac1-adff-7ef37ab172bb,f5671481-30e4-4d1e-8b35-4a84487f96c6,HUMAN,shown,badge_unlock,silver,Silver,2026-08-26T16:28:07.171Z,2026-08-26T16:28:07.257495+00:00,"{""client_ts"": ""2026-08-26T16:28:07.171Z"", ""element_id"": ""silver"", ""element_label"": ""Silver"", ""element_type"": ""badge_unlock"", ""event_name"": ""shown"", ""total_trades_threshold"": 15, ""trader_id"": ""f5671481-30e4-4d1e-8b35-4a84487f96c6""}",1787761687.264757
55ae4144-efe9-4ac1-adff-7ef37ab172bb,f5671481-30e4-4d1e-8b35-4a84487f96c6,HUMAN,shown,badge_modal,silver,Silver,2026-08-26T16:28:07.171Z,2026-08-26T16:28:07.269234+00:00,"{""client_ts"": ""2026-08-26T16:28:07.171Z"", ""element_id"": ""silver"", ""element_label"": ""Silver"", ""element_type"": ""badge_modal"", ""event_name"": ""shown"", ""message"": ""You belong on the trading floor!"", ""total_trades"": 15, ""trader_id"": ""f5671481-30e4-4d1e-8b35-4a84487f96c6""}",1787761687.276362
55ae4144-efe9-4ac1-adff-7ef37ab172bb,f5671481-30e4-4d1e-8b35-4a84487f96c6,HUMAN,shown,badge_gif,silver,Silver,2026-08-26T16:28:07.171Z,2026-08-26T16:28:07.283014+00:00,"{""client_ts"": ""2026-08-26T16:28:07.171Z"", ""element_id"": ""silver"", ""element_label"": ""Silver"", ""element_type"": ""badge_gif"", ""event_name"": ""shown"", ""gif"": ""/static/trader_bridge_app/vue/assets/silver.gif"", ""trader_id"": ""f5671481-30e4-4d1e-8b35-4a84487f96c6""}",1787761687.290291
80f251dc-c278-4363-81ce-f661c1e5cc3d,adadd121-affd-4970-8d5f-8aed11d7e571,HUMAN,shown,badge_unlock,gold,Gold,2026-08-26T16:28:20.161Z,2026-08-26T16:28:20.218256+00:00,"{""client_ts"": ""2026-08-26T16:28:20.161Z"", ""element_id"": ""gold"", ""element_label"": ""Gold"", ""element_type"": ""badge_unlock"", ""event_name"": ""shown"", ""total_trades_threshold"": 35, ""trader_id"": ""adadd121-affd-4970-8d5f-8aed11d7e571""}",1787761700.225797
80f251dc-c278-4363-81ce-f661c1e5cc3d,adadd121-affd-4970-8d5f-8aed11d7e571,HUMAN,shown,badge_modal,gold,Gold,2026-08-26T16:28:20.161Z,2026-08-26T16:28:20.232702+00:00,"{""client_ts"": ""2026-08-26T16:28:20.161Z"", ""element_id"": ""gold"", ""element_label"": ""Gold"", ""element_type"": ""badge_modal"", ""event_name"": ""shown"", ""message"": ""You are the money maker!"", ""total_trades"": 35, ""trader_id"": ""adadd121-affd-4970-8d5f-8aed11d7e571""}",1787761700.240567
80f251dc-c278-4363-81ce-f661c1e5cc3d,adadd121-affd-4970-8d5f-8aed11d7e571,HUMAN,shown,badge_gif,gold,Gold,2026-08-26T16:28:20.161Z,2026-08-26T16:28:20.247635+00:00,"{""client_ts"": ""2026-08-26T16:28:20.161Z"", ""element_id"": ""gold"", ""element_label"": ""Gold"", ""element_type"": ""badge_gif"", ""event_name"": ""shown"", ""gif"": ""/static/trader_bridge_app/vue/assets/gold.gif"", ""trader_id"": ""adadd121-affd-4970-8d5f-8aed11d7e571""}",1787761700.255826
55ae4144-efe9-4ac1-adff-7ef37ab172bb,d6862b7b-7161-4fe7-8fff-046502ffe0d0,HUMAN,shown,trend_alert,down-streak,down-streak,2026-08-26T16:28:24.713Z,2026-08-26T16:28:24.800206+00:00,"{""client_ts"": ""2026-08-26T16:28:24.713Z"", ""element_id"": ""down-streak"", ""element_label"": ""down-streak"", ""element_type"": ""trend_alert"", ""event_name"": ""shown"", ""message"": ""Price went down 3 times in the last 5 ticks!"", ""trader_id"": ""d6862b7b-7161-4fe7-8fff-046502ffe0d0""}",1787761704.807734
55ae4144-efe9-4ac1-adff-7ef37ab172bb,3a9837d0-9ef3-4d69-b6d3-62f1f33890c4,HUMAN,shown,trend_alert,down-streak,down-streak,2026-08-26T16:28:24.717Z,2026-08-26T16:28:24.811922+00:00,"{""client_ts"": ""2026-08-26T16:28:24.717Z"", ""element_id"": ""down-streak"", ""element_label"": ""down-streak"", ""element_type"": ""trend_alert"", ""event_name"": ""shown"", ""message"": ""Price went down 3 times in the last 5 ticks!"", ""trader_id"": ""3a9837d0-9ef3-4d69-b6d3-62f1f33890c4""}",1787761704.820234
55ae4144-efe9-4ac1-adff-7ef37ab172bb,b99e3581-184c-4ce1-9b22-06b28d8b976f,HUMAN,shown,trend_alert,down-streak,down-streak,2026-08-26T16:28:24.712Z,2026-08-26T16:28:24.824146+00:00,"{""client_ts"": ""2026-08-26T16:28:24.712Z"", ""element_id"": ""down-streak"", ""element_label"": ""down-streak"", ""element_type"": ""trend_alert"", ""event_name"": ""shown"", ""message"": ""Price went down 3 times in the last 5 ticks!"", ""trader_id"": ""b99e3581-184c-4ce1-9b22-06b28d8b976f""}",1787761704.833968
55ae4144-efe9-4ac1-adff-7ef37ab172bb,4ec17b6f-b1d9-476d-b555-01d2e4bebfdc,HUMAN,shown,trend_alert,down-streak,down-streak,2026-08-26T16:28:24.697Z,2026-08-26T16:28:24.838362+00:00,"{""client_ts"": ""2026-08-26T16:28:24.697Z"", ""element_id"": ""down-streak"", ""element_label"": ""down-streak"", ""element_type"": ""trend_alert"", ""event_name"": ""shown"", ""message"": ""Price went down 3 times in the last 5 ticks!"", ""trader_id"": ""4ec17b6f-b1d9-476d-b555-01d2e4bebfdc""}",1787761704.848514
55ae4144-efe9-4ac1-adff-7ef37ab172bb,f5671481-30e4-4d1e-8b35-4a84487f96c6,HUMAN,shown,trend_alert,down-streak,down-streak,2026-08-26T16:28:24.704Z,2026-08-26T16:28:24.852386+00:00,"{""client_ts"": ""2026-08-26T16:28:24.704Z"", ""element_id"": ""down-streak"", ""element_label"": ""down-streak"", ""element_type"": ""trend_alert"", ""event_name"": ""shown"", ""message"": ""Price went down 3 times in the last 5 ticks!"", ""trader_id"": ""f5671481-30e4-4d1e-8b35-4a84487f96c6""}",1787761704.860348
55ae4144-efe9-4ac1-adff-7ef37ab172bb,2f616cb5-5071-4415-af19-6d9bbb148833,HUMAN,shown,trend_alert,down-streak,down-streak,2026-08-26T16:28:24.708Z,2026-08-26T16:28:24.864056+00:00,"{""client_ts"": ""2026-08-26T16:28:24.708Z"", ""element_id"": ""down-streak"", ""element_label"": ""down-streak"", ""element_type"": ""trend_alert"", ""event_name"": ""shown"", ""message"": ""Price went down 3 times in the last 5 ticks!"", ""trader_id"": ""2f616cb5-5071-4415-af19-6d9bbb148833""}",1787761704.871504
80f251dc-c278-4363-81ce-f661c1e5cc3d,6f6e6218-4a12-4430-bc4f-865c400db2f9,HUMAN,shown,badge_unlock,platinum,Platinum,2026-08-26T16:28:26.122Z,2026-08-26T16:28:26.274062+00:00,"{""client_ts"": ""2026-08-26T16:28:26.122Z"", ""element_id"": ""platinum"", ""element_label"": ""Platinum"", ""element_type"": ""badge_unlock"", ""event_name"": ""shown"", ""total_trades_threshold"": 50, ""trader_id"": ""6f6e6218-4a12-4430-bc4f-865c400db2f9""}",1787761706.286656
80f251dc-c278-4363-81ce-f661c1e5cc3d,6f6e6218-4a12-4430-bc4f-865c400db2f9,HUMAN,shown,badge_modal,platinum,Platinum,2026-08-26T16:28:26.122Z,2026-08-26T16:28:26.399297+00:00,"{""client_ts"": ""2026-08-26T16:28:26.122Z"", ""element_id"": ""platinum"", ""element_label"": ""Platinum"", ""element_type"": ""badge_modal"", ""event_name"": ""shown"", ""message"": ""You are definitely going places!"", ""total_trades"": 50, ""trader_id"": ""6f6e6218-4a12-4430-bc4f-865c400db2f9""}",1787761706.407491
80f251dc-c278-4363-81ce-f661c1e5cc3d,6f6e6218-4a12-4430-bc4f-865c400db2f9,HUMAN,shown,badge_gif,platinum,Platinum,2026-08-26T16:28:26.122Z,2026-08-26T16:28:26.438093+00:00,"{""client_ts"": ""2026-08-26T16:28:26.122Z"", ""element_id"": ""platinum"", ""element_label"": ""Platinum"", ""element_type"": ""badge_gif"", ""event_name"": ""shown"", ""gif"": ""/static/trader_bridge_app/vue/assets/platinum.gif"", ""trader_id"": ""6f6e6218-4a12-4430-bc4f-865c400db2f9""}",1787761706.445374
4286e05a-5722-4599-9226-096c510f419c,accaf72e-eb7f-4981-b18e-b198f879326d,HUMAN,shown,trend_alert,up-streak,up-streak,2026-08-26T16:28:42.025Z,2026-08-26T16:28:42.084561+00:00,"{""client_ts"": ""2026-08-26T16:28:42.025Z"", ""element_id"": ""up-streak"", ""element_label"": ""up-streak"", ""element_type"": ""trend_alert"", ""event_name"": ""shown"", ""message"": ""Price went up 3 times in the last 5 ticks!"", ""trader_id"": ""accaf72e-eb7f-4981-b18e-b198f879326d""}",1787761722.093242
4286e05a-5722-4599-9226-096c510f419c,73767ff0-c4eb-45d4-bfd1-7eca7524753b,HUMAN,shown,trend_alert,up-streak,up-streak,2026-08-26T16:28:42.025Z,2026-08-26T16:28:42.098097+00:00,"{""client_ts"": ""2026-08-26T16:28:42.025Z"", ""element_id"": ""up-streak"", ""element_label"": ""up-streak"", ""element_type"": ""trend_alert"", ""event_name"": ""shown"", ""message"": ""Price went up 3 times in the last 5 ticks!"", ""trader_id"": ""73767ff0-c4eb-45d4-bfd1-7eca7524753b""}",1787761722.106052
4286e05a-5722-4599-9226-096c510f419c,58315eca-6c1b-4fb0-85c6-09afd0baa1ad,HUMAN,shown,trend_alert,up-streak,up-streak,2026-08-26T16:28:42.025Z,2026-08-26T16:28:42.109840+00:00,"{""client_ts"": ""2026-08-26T16:28:42.025Z"", ""element_id"": ""up-streak"", ""element_label"": ""up-streak"", ""element_type"": ""trend_alert"", ""event_name"": ""shown"", ""message"": ""Price went up 3 times in the last 5 ticks!"", ""trader_id"": ""58315eca-6c1b-4fb0-85c6-09afd0baa1ad""}",1787761722.117407
4286e05a-5722-4599-9226-096c510f419c,0598cf86-cf54-43d4-bfb4-c61c0f946fe5,HUMAN,shown,trend_alert,up-streak,up-streak,2026-08-26T16:28:42.028Z,2026-08-26T16:28:42.121087+00:00,"{""client_ts"": ""2026-08-26T16:28:42.028Z"", ""element_id"": ""up-streak"", ""element_label"": ""up-streak"", ""element_type"": ""trend_alert"", ""event_name"": ""shown"", ""message"": ""Price went up 3 times in the last 5 ticks!"", ""trader_id"": ""0598cf86-cf54-43d4-bfb4-c61c0f946fe5""}",1787761722.128454
4286e05a-5722-4599-9226-096c510f419c,73767ff0-c4eb-45d4-bfd1-7eca7524753b,HUMAN,shown,trend_alert,down-streak,down-streak,2026-08-26T16:29:17.607Z,2026-08-26T16:29:17.667268+00:00,"{""client_ts"": ""2026-08-26T16:29:17.607Z"", ""element_id"": ""down-streak"", ""element_label"": ""down-streak"", ""element_type"": ""trend_alert"", ""event_name"": ""shown"", ""message"": ""Price went down 3 times in the last 5 ticks!"", ""trader_id"": ""73767ff0-c4eb-45d4-bfd1-7eca7524753b""}",1787761757.67608
4286e05a-5722-4599-9226-096c510f419c,0598cf86-cf54-43d4-bfb4-c61c0f946fe5,HUMAN,shown,trend_alert,down-streak,down-streak,2026-08-26T16:29:17.614Z,2026-08-26T16:29:17.681053+00:00,"{""client_ts"": ""2026-08-26T16:29:17.614Z"", ""element_id"": ""down-streak"", ""element_label"": ""down-streak"", ""element_type"": ""trend_alert"", ""event_name"": ""shown"", ""message"": ""Price went down 3 times in the last 5 ticks!"", ""trader_id"": ""0598cf86-cf54-43d4-bfb4-c61c0f946fe5""}",1787761757.690072
4286e05a-5722-4599-9226-096c510f419c,58315eca-6c1b-4fb0-85c6-09afd0baa1ad,HUMAN,shown,trend_alert,down-streak,down-streak,2026-08-26T16:29:17.609Z,2026-08-26T16:29:17.695229+00:00,"{""client_ts"": ""2026-08-26T16:29:17.609Z"", ""element_id"": ""down-streak"", ""element_label"": ""down-streak"", ""element_type"": ""trend_alert"", ""event_name"": ""shown"", ""message"": ""Price went down 3 times in the last 5 ticks!"", ""trader_id"": ""58315eca-6c1b-4fb0-85c6-09afd0baa1ad""}",1787761757.703783
4286e05a-5722-4599-9226-096c510f419c,accaf72e-eb7f-4981-b18e-b198f879326d,HUMAN,shown,trend_alert,down-streak,down-streak,2026-08-26T16:29:17.612Z,2026-08-26T16:29:17.708043+00:00,"{""client_ts"": ""2026-08-26T16:29:17.612Z"", ""element_id"": ""down-streak"", ""element_label"": ""down-streak"", ""element_type"": ""trend_alert"", ""event_name"": ""shown"", ""message"": ""Price went down 3 times in the last 5 ticks!"", ""trader_id"": ""accaf72e-eb7f-4981-b18e-b198f879326d""}",1787761757.716559
80f251dc-c278-4363-81ce-f661c1e5cc3d,6f6e6218-4a12-4430-bc4f-865c400db2f9,HUMAN,shown,badge_unlock,diamond,Diamond,2026-08-26T16:29:28.722Z,2026-08-26T16:29:28.834257+00:00,"{""client_ts"": ""2026-08-26T16:29:28.722Z"", ""element_id"": ""diamond"", ""element_label"": ""Diamond"", ""element_type"": ""badge_unlock"", ""event_name"": ""shown"", ""total_trades_threshold"": 60, ""trader_id"": ""6f6e6218-4a12-4430-bc4f-865c400db2f9""}",1787761768.841589
80f251dc-c278-4363-81ce-f661c1e5cc3d,6f6e6218-4a12-4430-bc4f-865c400db2f9,HUMAN,shown,badge_modal,diamond,Diamond,2026-08-26T16:29:28.722Z,2026-08-26T16:29:28.848304+00:00,"{""client_ts"": ""2026-08-26T16:29:28.722Z"", ""element_id"": ""diamond"", ""element_label"": ""Diamond"", ""element_type"": ""badge_modal"", ""event_name"": ""shown"", ""message"": ""The Wolf of Wall Street"", ""total_trades"": 60, ""trader_id"": ""6f6e6218-4a12-4430-bc4f-865c400db2f9""}",1787761768.855933
80f251dc-c278-4363-81ce-f661c1e5cc3d,6f6e6218-4a12-4430-bc4f-865c400db2f9,HUMAN,shown,badge_gif,diamond,Diamond,2026-08-26T16:29:28.722Z,2026-08-26T16:29:28.863039+00:00,"{""client_ts"": ""2026-08-26T16:29:28.722Z"", ""element_id"": ""diamond"", ""element_label"": ""Diamond"", ""element_type"": ""badge_gif"", ""event_name"": ""shown"", ""gif"": ""/static/trader_bridge_app/vue/assets/diamond.gif"", ""trader_id"": ""6f6e6218-4a12-4430-bc4f-865c400db2f9""}",1787761768.870878
55ae4144-efe9-4ac1-adff-7ef37ab172bb,4ec17b6f-b1d9-476d-b555-01d2e4bebfdc,HUMAN,shown,badge_unlock,platinum,Platinum,2026-08-26T16:29:33.710Z,2026-08-26T16:29:33.891993+00:00,"{""client_ts"": ""2026-08-26T16:29:33.710Z"", ""element_id"": ""platinum"", ""element_label"": ""Platinum"", ""element_type"": ""badge_unlock"", ""event_name"": ""shown"", ""total_trades_threshold"": 50, ""trader_id"": ""4ec17b6f-b1d9-476d-b555-01d2e4bebfdc""}",1787761773.89915
55ae4144-efe9-4ac1-adff-7ef37ab172bb,4ec17b6f-b1d9-476d-b555-01d2e4bebfdc,HUMAN,shown,badge_modal,platinum,Platinum,2026-08-26T16:29:33.711Z,2026-08-26T16:29:33.920879+00:00,"{""client_ts"": ""2026-08-26T16:29:33.711Z"", ""element_id"": ""platinum"", ""element_label"": ""Platinum"", ""element_type"": ""badge_modal"", ""event_name"": ""shown"", ""message"": ""You are definitely going places!"", ""total_trades"": 50, ""trader_id"": ""4ec17b6f-b1d9-476d-b555-01d2e4bebfdc""}",1787761773.928231
55ae4144-efe9-4ac1-adff-7ef37ab172bb,4ec17b6f-b1d9-476d-b555-01d2e4bebfdc,HUMAN,shown,badge_gif,platinum,Platinum,2026-08-26T16:29:33.711Z,2026-08-26T16:29:33.946410+00:00,"{""client_ts"": ""2026-08-26T16:29:33.711Z"", ""element_id"": ""platinum"", ""element_label"": ""Platinum"", ""element_type"": ""badge_gif"", ""event_name"": ""shown"", ""gif"": ""/static/trader_bridge_app/vue/assets/platinum.gif"", ""trader_id"": ""4ec17b6f-b1d9-476d-b555-01d2e4bebfdc""}",1787761773.954674
55ae4144-efe9-4ac1-adff-7ef37ab172bb,3a9837d0-9ef3-4d69-b6d3-62f1f33890c4,HUMAN,shown,trend_alert,down-streak,down-streak,2026-08-26T16:29:33.937Z,2026-08-26T16:29:33.984314+00:00,"{""client_ts"": ""2026-08-26T16:29:33.937Z"", ""element_id"": ""down-streak"", ""element_label"": ""down-streak"", ""element_type"": ""trend_alert"", ""event_name"": ""shown"", ""message"": ""Price went down 3 times in the last 5 ticks!"", ""trader_id"": ""3a9837d0-9ef3-4d69-b6d3-62f1f33890c4""}",1787761773.992365
55ae4144-efe9-4ac1-adff-7ef37ab172bb,4ec17b6f-b1d9-476d-b555-01d2e4bebfdc,HUMAN,shown,trend_alert,down-streak,down-streak,2026-08-26T16:29:33.918Z,2026-08-26T16:29:33.997000+00:00,"{""client_ts"": ""2026-08-26T16:29:33.918Z"", ""element_id"": ""down-streak"", ""element_label"": ""down-streak"", ""element_type"": ""trend_alert"", ""event_name"": ""shown"", ""message"": ""Price went down 3 times in the last 5 ticks!"", ""trader_id"": ""4ec17b6f-b1d9-476d-b555-01d2e4bebfdc""}",1787761774.004307
55ae4144-efe9-4ac1-adff-7ef37ab172bb,d6862b7b-7161-4fe7-8fff-046502ffe0d0,HUMAN,shown,trend_alert,down-streak,down-streak,2026-08-26T16:29:33.937Z,2026-08-26T16:29:34.008544+00:00,"{""client_ts"": ""2026-08-26T16:29:33.937Z"", ""element_id"": ""down-streak"", ""element_label"": ""down-streak"", ""element_type"": ""trend_alert"", ""event_name"": ""shown"", ""message"": ""Price went down 3 times in the last 5 ticks!"", ""trader_id"": ""d6862b7b-7161-4fe7-8fff-046502ffe0d0""}",1787761774.016245
55ae4144-efe9-4ac1-adff-7ef37ab172bb,2f616cb5-5071-4415-af19-6d9bbb148833,HUMAN,shown,trend_alert,down-streak,down-streak,2026-08-26T16:29:33.926Z,2026-08-26T16:29:34.020087+00:00,"{""client_ts"": ""2026-08-26T16:29:33.926Z"", ""element_id"": ""down-streak"", ""element_label"": ""down-streak"", ""element_type"": ""trend_alert"", ""event_name"": ""shown"", ""message"": ""Price went down 3 times in the last 5 ticks!"", ""trader_id"": ""2f616cb5-5071-4415-af19-6d9bbb148833""}",1787761774.02754
55ae4144-efe9-4ac1-adff-7ef37ab172bb,b99e3581-184c-4ce1-9b22-06b28d8b976f,HUMAN,shown,trend_alert,down-streak,down-streak,2026-08-26T16:29:33.944Z,2026-08-26T16:29:34.032276+00:00,"{""client_ts"": ""2026-08-26T16:29:33.944Z"", ""element_id"": ""down-streak"", ""element_label"": ""down-streak"", ""element_type"": ""trend_alert"", ""event_name"": ""shown"", ""message"": ""Price went down 3 times in the last 5 ticks!"", ""trader_id"": ""b99e3581-184c-4ce1-9b22-06b28d8b976f""}",1787761774.039746
55ae4144-efe9-4ac1-adff-7ef37ab172bb,f5671481-30e4-4d1e-8b35-4a84487f96c6,HUMAN,shown,trend_alert,down-streak,down-streak,2026-08-26T16:29:33.937Z,2026-08-26T16:29:34.043454+00:00,"{""client_ts"": ""2026-08-26T16:29:33.937Z"", ""element_id"": ""down-streak"", ""element_label"": ""down-streak"", ""element_type"": ""trend_alert"", ""event_name"": ""shown"", ""message"": ""Price went down 3 times in the last 5 ticks!"", ""trader_id"": ""f5671481-30e4-4d1e-8b35-4a84487f96c6""}",1787761774.051019
55ae4144-efe9-4ac1-adff-7ef37ab172bb,3a9837d0-9ef3-4d69-b6d3-62f1f33890c4,HUMAN,shown,badge_unlock,bronze,Bronze,2026-08-26T16:29:41.724Z,2026-08-26T16:29:41.819300+00:00,"{""client_ts"": ""2026-08-26T16:29:41.724Z"", ""element_id"": ""bronze"", ""element_label"": ""Bronze"", ""element_type"": ""badge_unlock"", ""event_name"": ""shown"", ""total_trades_threshold"": 10, ""trader_id"": ""3a9837d0-9ef3-4d69-b6d3-62f1f33890c4""}",1787761781.826667
55ae4144-efe9-4ac1-adff-7ef37ab172bb,3a9837d0-9ef3-4d69-b6d3-62f1f33890c4,HUMAN,shown,badge_modal,bronze,Bronze,2026-08-26T16:29:41.724Z,2026-08-26T16:29:41.832661+00:00,"{""client_ts"": ""2026-08-26T16:29:41.724Z"", ""element_id"": ""bronze"", ""element_label"": ""Bronze"", ""element_type"": ""badge_modal"", ""event_name"": ""shown"", ""message"": ""Level up! Doing well"", ""total_trades"": 10, ""trader_id"": ""3a9837d0-9ef3-4d69-b6d3-62f1f33890c4""}",1787761781.839994
55ae4144-efe9-4ac1-adff-7ef37ab172bb,3a9837d0-9ef3-4d69-b6d3-62f1f33890c4,HUMAN,shown,badge_gif,bronze,Bronze,2026-08-26T16:29:41.724Z,2026-08-26T16:29:41.845241+00:00,"{""client_ts"": ""2026-08-26T16:29:41.724Z"", ""element_id"": ""bronze"", ""element_label"": ""Bronze"", ""element_type"": ""badge_gif"", ""event_name"": ""shown"", ""gif"": ""/static/trader_bridge_app/vue/assets/bronze.gif"", ""trader_id"": ""3a9837d0-9ef3-4d69-b6d3-62f1f33890c4""}",1787761781.852354
80f251dc-c278-4363-81ce-f661c1e5cc3d,7644083b-39ed-473f-9a1e-a9c6badcf1e6,HUMAN,shown,badge_unlock,bronze,Bronze,2026-08-26T16:29:43.704Z,2026-08-26T16:29:43.770162+00:00,"{""client_ts"": ""2026-08-26T16:29:43.704Z"", ""element_id"": ""bronze"", ""element_label"": ""Bronze"", ""element_type"": ""badge_unlock"", ""event_name"": ""shown"", ""total_trades_threshold"": 10, ""trader_id"": ""7644083b-39ed-473f-9a1e-a9c6badcf1e6""}",1787761783.778371
80f251dc-c278-4363-81ce-f661c1e5cc3d,7644083b-39ed-473f-9a1e-a9c6badcf1e6,HUMAN,shown,badge_modal,bronze,Bronze,2026-08-26T16:29:43.704Z,2026-08-26T16:29:43.785567+00:00,"{""client_ts"": ""2026-08-26T16:29:43.704Z"", ""element_id"": ""bronze"", ""element_label"": ""Bronze"", ""element_type"": ""badge_modal"", ""event_name"": ""shown"", ""message"": ""Level up! Doing well"", ""total_trades"": 10, ""trader_id"": ""7644083b-39ed-473f-9a1e-a9c6badcf1e6""}",1787761783.792984
80f251dc-c278-4363-81ce-f661c1e5cc3d,7644083b-39ed-473f-9a1e-a9c6badcf1e6,HUMAN,shown,badge_gif,bronze,Bronze,2026-08-26T16:29:43.704Z,2026-08-26T16:29:43.800051+00:00,"{""client_ts"": ""2026-08-26T16:29:43.704Z"", ""element_id"": ""bronze"", ""element_label"": ""Bronze"", ""element_type"": ""badge_gif"", ""event_name"": ""shown"", ""gif"": ""/static/trader_bridge_app/vue/assets/bronze.gif"", ""trader_id"": ""7644083b-39ed-473f-9a1e-a9c6badcf1e6""}",1787761783.808322
55ae4144-efe9-4ac1-adff-7ef37ab172bb,4ec17b6f-b1d9-476d-b555-01d2e4bebfdc,HUMAN,shown,trend_alert,down-streak,down-streak,2026-08-26T16:29:48.024Z,2026-08-26T16:29:48.086082+00:00,"{""client_ts"": ""2026-08-26T16:29:48.024Z"", ""element_id"": ""down-streak"", ""element_label"": ""down-streak"", ""element_type"": ""trend_alert"", ""event_name"": ""shown"", ""message"": ""Price went down 3 times in the last 5 ticks!"", ""trader_id"": ""4ec17b6f-b1d9-476d-b555-01d2e4bebfdc""}",1787761788.093602
55ae4144-efe9-4ac1-adff-7ef37ab172bb,d6862b7b-7161-4fe7-8fff-046502ffe0d0,HUMAN,shown,trend_alert,down-streak,down-streak,2026-08-26T16:29:48.038Z,2026-08-26T16:29:48.098520+00:00,"{""client_ts"": ""2026-08-26T16:29:48.038Z"", ""element_id"": ""down-streak"", ""element_label"": ""down-streak"", ""element_type"": ""trend_alert"", ""event_name"": ""shown"", ""message"": ""Price went down 3 times in the last 5 ticks!"", ""trader_id"": ""d6862b7b-7161-4fe7-8fff-046502ffe0d0""}",1787761788.106091
55ae4144-efe9-4ac1-adff-7ef37ab172bb,f5671481-30e4-4d1e-8b35-4a84487f96c6,HUMAN,shown,trend_alert,down-streak,down-streak,2026-08-26T16:29:48.026Z,2026-08-26T16:29:48.109662+00:00,"{""client_ts"": ""2026-08-26T16:29:48.026Z"", ""element_id"": ""down-streak"", ""element_label"": ""down-streak"", ""element_type"": ""trend_alert"", ""event_name"": ""shown"", ""message"": ""Price went down 3 times in the last 5 ticks!"", ""trader_id"": ""f5671481-30e4-4d1e-8b35-4a84487f96c6""}",1787761788.117344
55ae4144-efe9-4ac1-adff-7ef37ab172bb,3a9837d0-9ef3-4d69-b6d3-62f1f33890c4,HUMAN,shown,trend_alert,down-streak,down-streak,2026-08-26T16:29:48.040Z,2026-08-26T16:29:48.121045+00:00,"{""client_ts"": ""2026-08-26T16:29:48.040Z"", ""element_id"": ""down-streak"", ""element_label"": ""down-streak"", ""element_type"": ""trend_alert"", ""event_name"": ""shown"", ""message"": ""Price went down 3 times in the last 5 ticks!"", ""trader_id"": ""3a9837d0-9ef3-4d69-b6d3-62f1f33890c4""}",1787761788.128442
55ae4144-efe9-4ac1-adff-7ef37ab172bb,2f616cb5-5071-4415-af19-6d9bbb148833,HUMAN,shown,trend_alert,down-streak,down-streak,2026-08-26T16:29:48.028Z,2026-08-26T16:29:48.132019+00:00,"{""client_ts"": ""2026-08-26T16:29:48.028Z"", ""element_id"": ""down-streak"", ""element_label"": ""down-streak"", ""element_type"": ""trend_alert"", ""event_name"": ""shown"", ""message"": ""Price went down 3 times in the last 5 ticks!"", ""trader_id"": ""2f616cb5-5071-4415-af19-6d9bbb148833""}",1787761788.139017
55ae4144-efe9-4ac1-adff-7ef37ab172bb,b99e3581-184c-4ce1-9b22-06b28d8b976f,HUMAN,shown,trend_alert,down-streak,down-streak,2026-08-26T16:29:48.035Z,2026-08-26T16:29:48.143005+00:00,"{""client_ts"": ""2026-08-26T16:29:48.035Z"", ""element_id"": ""down-streak"", ""element_label"": ""down-streak"", ""element_type"": ""trend_alert"", ""event_name"": ""shown"", ""message"": ""Price went down 3 times in the last 5 ticks!"", ""trader_id"": ""b99e3581-184c-4ce1-9b22-06b28d8b976f""}",1787761788.150196
80f251dc-c278-4363-81ce-f661c1e5cc3d,fb078881-d83e-4888-911e-2d4b82dbaa61,HUMAN,shown,badge_unlock,gold,Gold,2026-08-26T16:30:03.861Z,2026-08-26T16:30:03.921633+00:00,"{""client_ts"": ""2026-08-26T16:30:03.861Z"", ""element_id"": ""gold"", ""element_label"": ""Gold"", ""element_type"": ""badge_unlock"", ""event_name"": ""shown"", ""total_trades_threshold"": 35, ""trader_id"": ""fb078881-d83e-4888-911e-2d4b82dbaa61""}",1787761803.938207
80f251dc-c278-4363-81ce-f661c1e5cc3d,fb078881-d83e-4888-911e-2d4b82dbaa61,HUMAN,shown,badge_modal,gold,Gold,2026-08-26T16:30:03.861Z,2026-08-26T16:30:03.945996+00:00,"{""client_ts"": ""2026-08-26T16:30:03.861Z"", ""element_id"": ""gold"", ""element_label"": ""Gold"", ""element_type"": ""badge_modal"", ""event_name"": ""shown"", ""message"": ""You are the money maker!"", ""total_trades"": 35, ""trader_id"": ""fb078881-d83e-4888-911e-2d4b82dbaa61""}",1787761803.96475
80f251dc-c278-4363-81ce-f661c1e5cc3d,fb078881-d83e-4888-911e-2d4b82dbaa61,HUMAN,shown,badge_gif,gold,Gold,2026-08-26T16:30:03.861Z,2026-08-26T16:30:03.976349+00:00,"{""client_ts"": ""2026-08-26T16:30:03.861Z"", ""element_id"": ""gold"", ""element_label"": ""Gold"", ""element_type"": ""badge_gif"", ""event_name"": ""shown"", ""gif"": ""/static/trader_bridge_app/vue/assets/gold.gif"", ""trader_id"": ""fb078881-d83e-4888-911e-2d4b82dbaa61""}",1787761803.99159
726a00be-8059-48c7-903b-975c7adfccb7,9e6ea900-19fd-4017-9e86-e96fd2e637d3,HUMAN,shown,badge_unlock,silver,Silver,2026-08-26T16:30:06.056Z,2026-08-26T16:30:06.119843+00:00,"{""client_ts"": ""2026-08-26T16:30:06.056Z"", ""element_id"": ""silver"", ""element_label"": ""Silver"", ""element_type"": ""badge_unlock"", ""event_name"": ""shown"", ""total_trades_threshold"": 15, ""trader_id"": ""9e6ea900-19fd-4017-9e86-e96fd2e637d3""}",1787761806.128435
726a00be-8059-48c7-903b-975c7adfccb7,9e6ea900-19fd-4017-9e86-e96fd2e637d3,HUMAN,shown,badge_modal,silver,Silver,2026-08-26T16:30:06.056Z,2026-08-26T16:30:06.133026+00:00,"{""client_ts"": ""2026-08-26T16:30:06.056Z"", ""element_id"": ""silver"", ""element_label"": ""Silver"", ""element_type"": ""badge_modal"", ""event_name"": ""shown"", ""message"": ""You belong on the trading floor!"", ""total_trades"": 15, ""trader_id"": ""9e6ea900-19fd-4017-9e86-e96fd2e637d3""}",1787761806.141824
726a00be-8059-48c7-903b-975c7adfccb7,9e6ea900-19fd-4017-9e86-e96fd2e637d3,HUMAN,shown,badge_gif,silver,Silver,2026-08-26T16:30:06.056Z,2026-08-26T16:30:06.146376+00:00,"{""client_ts"": ""2026-08-26T16:30:06.056Z"", ""element_id"": ""silver"", ""element_label"": ""Silver"", ""element_type"": ""badge_gif"", ""event_name"": ""shown"", ""gif"": ""/static/trader_bridge_app/vue/assets/silver.gif"", ""trader_id"": ""9e6ea900-19fd-4017-9e86-e96fd2e637d3""}",1787761806.155524
726a00be-8059-48c7-903b-975c7adfccb7,ad92abd6-eee0-4ce7-9755-3874924d9408,HUMAN,shown,badge_unlock,gold,Gold,2026-08-26T16:30:12.337Z,2026-08-26T16:30:12.398572+00:00,"{""client_ts"": ""2026-08-26T16:30:12.337Z"", ""element_id"": ""gold"", ""element_label"": ""Gold"", ""element_type"": ""badge_unlock"", ""event_name"": ""shown"", ""total_trades_threshold"": 35, ""trader_id"": ""ad92abd6-eee0-4ce7-9755-3874924d9408""}",1787761812.406163
726a00be-8059-48c7-903b-975c7adfccb7,ad92abd6-eee0-4ce7-9755-3874924d9408,HUMAN,shown,badge_modal,gold,Gold,2026-08-26T16:30:12.338Z,2026-08-26T16:30:12.410266+00:00,"{""client_ts"": ""2026-08-26T16:30:12.338Z"", ""element_id"": ""gold"", ""element_label"": ""Gold"", ""element_type"": ""badge_modal"", ""event_name"": ""shown"", ""message"": ""You are the money maker!"", ""total_trades"": 35, ""trader_id"": ""ad92abd6-eee0-4ce7-9755-3874924d9408""}",1787761812.417495
726a00be-8059-48c7-903b-975c7adfccb7,ad92abd6-eee0-4ce7-9755-3874924d9408,HUMAN,shown,badge_gif,gold,Gold,2026-08-26T16:30:12.338Z,2026-08-26T16:30:12.421883+00:00,"{""client_ts"": ""2026-08-26T16:30:12.338Z"", ""element_id"": ""gold"", ""element_label"": ""Gold"", ""element_type"": ""badge_gif"", ""event_name"": ""shown"", ""gif"": ""/static/trader_bridge_app/vue/assets/gold.gif"", ""trader_id"": ""ad92abd6-eee0-4ce7-9755-3874924d9408""}",1787761812.429312
55ae4144-efe9-4ac1-adff-7ef37ab172bb,d6862b7b-7161-4fe7-8fff-046502ffe0d0,HUMAN,shown,trend_alert,down-streak,down-streak,2026-08-26T16:30:20.879Z,2026-08-26T16:30:20.927327+00:00,"{""client_ts"": ""2026-08-26T16:30:20.879Z"", ""element_id"": ""down-streak"", ""element_label"": ""down-streak"", ""element_type"": ""trend_alert"", ""event_name"": ""shown"", ""message"": ""Price went down 3 times in the last 5 ticks!"", ""trader_id"": ""d6862b7b-7161-4fe7-8fff-046502ffe0d0""}",1787761820.935934
55ae4144-efe9-4ac1-adff-7ef37ab172bb,3a9837d0-9ef3-4d69-b6d3-62f1f33890c4,HUMAN,shown,trend_alert,down-streak,down-streak,2026-08-26T16:30:20.883Z,2026-08-26T16:30:20.941224+00:00,"{""client_ts"": ""2026-08-26T16:30:20.883Z"", ""element_id"": ""down-streak"", ""element_label"": ""down-streak"", ""element_type"": ""trend_alert"", ""event_name"": ""shown"", ""message"": ""Price went down 3 times in the last 5 ticks!"", ""trader_id"": ""3a9837d0-9ef3-4d69-b6d3-62f1f33890c4""}",1787761820.948832
55ae4144-efe9-4ac1-adff-7ef37ab172bb,f5671481-30e4-4d1e-8b35-4a84487f96c6,HUMAN,shown,trend_alert,down-streak,down-streak,2026-08-26T16:30:20.866Z,2026-08-26T16:30:20.952608+00:00,"{""client_ts"": ""2026-08-26T16:30:20.866Z"", ""element_id"": ""down-streak"", ""element_label"": ""down-streak"", ""element_type"": ""trend_alert"", ""event_name"": ""shown"", ""message"": ""Price went down 3 times in the last 5 ticks!"", ""trader_id"": ""f5671481-30e4-4d1e-8b35-4a84487f96c6""}",1787761820.960216
55ae4144-efe9-4ac1-adff-7ef37ab172bb,4ec17b6f-b1d9-476d-b555-01d2e4bebfdc,HUMAN,shown,trend_alert,down-streak,down-streak,2026-08-26T16:30:20.863Z,2026-08-26T16:30:20.963858+00:00,"{""client_ts"": ""2026-08-26T16:30:20.863Z"", ""element_id"": ""down-streak"", ""element_label"": ""down-streak"", ""element_type"": ""trend_alert"", ""event_name"": ""shown"", ""message"": ""Price went down 3 times in the last 5 ticks!"", ""trader_id"": ""4ec17b6f-b1d9-476d-b555-01d2e4bebfdc""}",1787761820.971457
55ae4144-efe9-4ac1-adff-7ef37ab172bb,2f616cb5-5071-4415-af19-6d9bbb148833,HUMAN,shown,trend_alert,down-streak,down-streak,2026-08-26T16:30:20.870Z,2026-08-26T16:30:20.975256+00:00,"{""client_ts"": ""2026-08-26T16:30:20.870Z"", ""element_id"": ""down-streak"", ""element_label"": ""down-streak"", ""element_type"": ""trend_alert"", ""event_name"": ""shown"", ""message"": ""Price went down 3 times in the last 5 ticks!"", ""trader_id"": ""2f616cb5-5071-4415-af19-6d9bbb148833""}",1787761820.982609
55ae4144-efe9-4ac1-adff-7ef37ab172bb,b99e3581-184c-4ce1-9b22-06b28d8b976f,HUMAN,shown,trend_alert,down-streak,down-streak,2026-08-26T16:30:20.876Z,2026-08-26T16:30:20.986182+00:00,"{""client_ts"": ""2026-08-26T16:30:20.876Z"", ""element_id"": ""down-streak"", ""element_label"": ""down-streak"", ""element_type"": ""trend_alert"", ""event_name"": ""shown"", ""message"": ""Price went down 3 times in the last 5 ticks!"", ""trader_id"": ""b99e3581-184c-4ce1-9b22-06b28d8b976f""}",1787761820.993501
55ae4144-efe9-4ac1-adff-7ef37ab172bb,f5671481-30e4-4d1e-8b35-4a84487f96c6,HUMAN,shown,trend_alert,down-streak,down-streak,2026-08-26T16:30:27.584Z,2026-08-26T16:30:27.642397+00:00,"{""client_ts"": ""2026-08-26T16:30:27.584Z"", ""element_id"": ""down-streak"", ""element_label"": ""down-streak"", ""element_type"": ""trend_alert"", ""event_name"": ""shown"", ""message"": ""Price went down 3 times in the last 5 ticks!"", ""trader_id"": ""f5671481-30e4-4d1e-8b35-4a84487f96c6""}",1787761827.651049
55ae4144-efe9-4ac1-adff-7ef37ab172bb,d6862b7b-7161-4fe7-8fff-046502ffe0d0,HUMAN,shown,trend_alert,down-streak,down-streak,2026-08-26T16:30:27.593Z,2026-08-26T16:30:27.657345+00:00,"{""client_ts"": ""2026-08-26T16:30:27.593Z"", ""element_id"": ""down-streak"", ""element_label"": ""down-streak"", ""element_type"": ""trend_alert"", ""event_name"": ""shown"", ""message"": ""Price went down 3 times in the last 5 ticks!"", ""trader_id"": ""d6862b7b-7161-4fe7-8fff-046502ffe0d0""}",1787761827.666691
55ae4144-efe9-4ac1-adff-7ef37ab172bb,4ec17b6f-b1d9-476d-b555-01d2e4bebfdc,HUMAN,shown,trend_alert,down-streak,down-streak,2026-08-26T16:30:27.577Z,2026-08-26T16:30:27.670862+00:00,"{""client_ts"": ""2026-08-26T16:30:27.577Z"", ""element_id"": ""down-streak"", ""element_label"": ""down-streak"", ""element_type"": ""trend_alert"", ""event_name"": ""shown"", ""message"": ""Price went down 3 times in the last 5 ticks!"", ""trader_id"": ""4ec17b6f-b1d9-476d-b555-01d2e4bebfdc""}",1787761827.679463
55ae4144-efe9-4ac1-adff-7ef37ab172bb,3a9837d0-9ef3-4d69-b6d3-62f1f33890c4,HUMAN,shown,trend_alert,down-streak,down-streak,2026-08-26T16:30:27.598Z,2026-08-26T16:30:27.683754+00:00,"{""client_ts"": ""2026-08-26T16:30:27.598Z"", ""element_id"": ""down-streak"", ""element_label"": ""down-streak"", ""element_type"": ""trend_alert"", ""event_name"": ""shown"", ""message"": ""Price went down 3 times in the last 5 ticks!"", ""trader_id"": ""3a9837d0-9ef3-4d69-b6d3-62f1f33890c4""}",1787761827.692629
55ae4144-efe9-4ac1-adff-7ef37ab172bb,b99e3581-184c-4ce1-9b22-06b28d8b976f,HUMAN,shown,trend_alert,down-streak,down-streak,2026-08-26T16:30:27.590Z,2026-08-26T16:30:27.697262+00:00,"{""client_ts"": ""2026-08-26T16:30:27.590Z"", ""element_id"": ""down-streak"", ""element_label"": ""down-streak"", ""element_type"": ""trend_alert"", ""event_name"": ""shown"", ""message"": ""Price went down 3 times in the last 5 ticks!"", ""trader_id"": ""b99e3581-184c-4ce1-9b22-06b28d8b976f""}",1787761827.706406
55ae4144-efe9-4ac1-adff-7ef37ab172bb,2f616cb5-5071-4415-af19-6d9bbb148833,HUMAN,shown,trend_alert,down-streak,down-streak,2026-08-26T16:30:27.584Z,2026-08-26T16:30:27.710804+00:00,"{""client_ts"": ""2026-08-26T16:30:27.584Z"", ""element_id"": ""down-streak"", ""element_label"": ""down-streak"", ""element_type"": ""trend_alert"", ""event_name"": ""shown"", ""message"": ""Price went down 3 times in the last 5 ticks!"", ""trader_id"": ""2f616cb5-5071-4415-af19-6d9bbb148833""}",1787761827.71863
726a00be-8059-48c7-903b-975c7adfccb7,9e3c7e0a-49b7-49f1-beea-90effe021eef,HUMAN,shown,trend_alert,up-streak,up-streak,2026-08-26T16:30:50.518Z,2026-08-26T16:30:50.580868+00:00,"{""client_ts"": ""2026-08-26T16:30:50.518Z"", ""element_id"": ""up-streak"", ""element_label"": ""up-streak"", ""element_type"": ""trend_alert"", ""event_name"": ""shown"", ""message"": ""Price went up 3 times in the last 5 ticks!"", ""trader_id"": ""9e3c7e0a-49b7-49f1-beea-90effe021eef""}",1787761850.589231
726a00be-8059-48c7-903b-975c7adfccb7,9e6ea900-19fd-4017-9e86-e96fd2e637d3,HUMAN,shown,trend_alert,up-streak,up-streak,2026-08-26T16:30:50.517Z,2026-08-26T16:30:50.594275+00:00,"{""client_ts"": ""2026-08-26T16:30:50.517Z"", ""element_id"": ""up-streak"", ""element_label"": ""up-streak"", ""element_type"": ""trend_alert"", ""event_name"": ""shown"", ""message"": ""Price went up 3 times in the last 5 ticks!"", ""trader_id"": ""9e6ea900-19fd-4017-9e86-e96fd2e637d3""}",1787761850.602006
726a00be-8059-48c7-903b-975c7adfccb7,3e8ab49b-5ceb-4a7d-aae8-7978cb5154ac,HUMAN,shown,trend_alert,up-streak,up-streak,2026-08-26T16:30:50.537Z,2026-08-26T16:30:50.605844+00:00,"{""client_ts"": ""2026-08-26T16:30:50.537Z"", ""element_id"": ""up-streak"", ""element_label"": ""up-streak"", ""element_type"": ""trend_alert"", ""event_name"": ""shown"", ""message"": ""Price went up 3 times in the last 5 ticks!"", ""trader_id"": ""3e8ab49b-5ceb-4a7d-aae8-7978cb5154ac""}",1787761850.613431
726a00be-8059-48c7-903b-975c7adfccb7,76d88ecc-b4df-4f11-94ec-38c989704bc9,HUMAN,shown,trend_alert,up-streak,up-streak,2026-08-26T16:30:50.526Z,2026-08-26T16:30:50.618119+00:00,"{""client_ts"": ""2026-08-26T16:30:50.526Z"", ""element_id"": ""up-streak"", ""element_label"": ""up-streak"", ""element_type"": ""trend_alert"", ""event_name"": ""shown"", ""message"": ""Price went up 3 times in the last 5 ticks!"", ""trader_id"": ""76d88ecc-b4df-4f11-94ec-38c989704bc9""}",1787761850.625783
726a00be-8059-48c7-903b-975c7adfccb7,ad92abd6-eee0-4ce7-9755-3874924d9408,HUMAN,shown,trend_alert,up-streak,up-streak,2026-08-26T16:30:50.522Z,2026-08-26T16:30:50.629753+00:00,"{""client_ts"": ""2026-08-26T16:30:50.522Z"", ""element_id"": ""up-streak"", ""element_label"": ""up-streak"", ""element_type"": ""trend_alert"", ""event_name"": ""shown"", ""message"": ""Price went up 3 times in the last 5 ticks!"", ""trader_id"": ""ad92abd6-eee0-4ce7-9755-3874924d9408""}",1787761850.637922
726a00be-8059-48c7-903b-975c7adfccb7,21728adc-060d-4620-9c21-4d4d7868785c,HUMAN,shown,trend_alert,up-streak,up-streak,2026-08-26T16:30:50.525Z,2026-08-26T16:30:50.641965+00:00,"{""client_ts"": ""2026-08-26T16:30:50.525Z"", ""element_id"": ""up-streak"", ""element_label"": ""up-streak"", ""element_type"": ""trend_alert"", ""event_name"": ""shown"", ""message"": ""Price went up 3 times in the last 5 ticks!"", ""trader_id"": ""21728adc-060d-4620-9c21-4d4d7868785c""}",1787761850.649803
55ae4144-efe9-4ac1-adff-7ef37ab172bb,4ec17b6f-b1d9-476d-b555-01d2e4bebfdc,HUMAN,shown,badge_unlock,diamond,Diamond,2026-08-26T16:31:08.676Z,2026-08-26T16:31:08.890147+00:00,"{""client_ts"": ""2026-08-26T16:31:08.676Z"", ""element_id"": ""diamond"", ""element_label"": ""Diamond"", ""element_type"": ""badge_unlock"", ""event_name"": ""shown"", ""total_trades_threshold"": 60, ""trader_id"": ""4ec17b6f-b1d9-476d-b555-01d2e4bebfdc""}",1787761868.899662
55ae4144-efe9-4ac1-adff-7ef37ab172bb,4ec17b6f-b1d9-476d-b555-01d2e4bebfdc,HUMAN,shown,badge_modal,diamond,Diamond,2026-08-26T16:31:08.676Z,2026-08-26T16:31:08.962018+00:00,"{""client_ts"": ""2026-08-26T16:31:08.676Z"", ""element_id"": ""diamond"", ""element_label"": ""Diamond"", ""element_type"": ""badge_modal"", ""event_name"": ""shown"", ""message"": ""The Wolf of Wall Street"", ""total_trades"": 60, ""trader_id"": ""4ec17b6f-b1d9-476d-b555-01d2e4bebfdc""}",1787761868.971153
55ae4144-efe9-4ac1-adff-7ef37ab172bb,4ec17b6f-b1d9-476d-b555-01d2e4bebfdc,HUMAN,shown,badge_gif,diamond,Diamond,2026-08-26T16:31:08.676Z,2026-08-26T16:31:09.024900+00:00,"{""client_ts"": ""2026-08-26T16:31:08.676Z"", ""element_id"": ""diamond"", ""element_label"": ""Diamond"", ""element_type"": ""badge_gif"", ""event_name"": ""shown"", ""gif"": ""/static/trader_bridge_app/vue/assets/diamond.gif"", ""trader_id"": ""4ec17b6f-b1d9-476d-b555-01d2e4bebfdc""}",1787761869.033402
55ae4144-efe9-4ac1-adff-7ef37ab172bb,2f616cb5-5071-4415-af19-6d9bbb148833,HUMAN,shown,badge_unlock,bronze,Bronze,2026-08-26T16:31:09.042Z,2026-08-26T16:31:09.103473+00:00,"{""client_ts"": ""2026-08-26T16:31:09.042Z"", ""element_id"": ""bronze"", ""element_label"": ""Bronze"", ""element_type"": ""badge_unlock"", ""event_name"": ""shown"", ""total_trades_threshold"": 10, ""trader_id"": ""2f616cb5-5071-4415-af19-6d9bbb148833""}",1787761869.113064
55ae4144-efe9-4ac1-adff-7ef37ab172bb,2f616cb5-5071-4415-af19-6d9bbb148833,HUMAN,shown,badge_modal,bronze,Bronze,2026-08-26T16:31:09.043Z,2026-08-26T16:31:09.118582+00:00,"{""client_ts"": ""2026-08-26T16:31:09.043Z"", ""element_id"": ""bronze"", ""element_label"": ""Bronze"", ""element_type"": ""badge_modal"", ""event_name"": ""shown"", ""message"": ""Level up! Doing well"", ""total_trades"": 10, ""trader_id"": ""2f616cb5-5071-4415-af19-6d9bbb148833""}",1787761869.127666
55ae4144-efe9-4ac1-adff-7ef37ab172bb,2f616cb5-5071-4415-af19-6d9bbb148833,HUMAN,shown,badge_gif,bronze,Bronze,2026-08-26T16:31:09.043Z,2026-08-26T16:31:09.132743+00:00,"{""client_ts"": ""2026-08-26T16:31:09.043Z"", ""element_id"": ""bronze"", ""element_label"": ""Bronze"", ""element_type"": ""badge_gif"", ""event_name"": ""shown"", ""gif"": ""/static/trader_bridge_app/vue/assets/bronze.gif"", ""trader_id"": ""2f616cb5-5071-4415-af19-6d9bbb148833""}",1787761869.14218
726a00be-8059-48c7-903b-975c7adfccb7,3e8ab49b-5ceb-4a7d-aae8-7978cb5154ac,HUMAN,shown,badge_unlock,platinum,Platinum,2026-08-26T16:31:43.831Z,2026-08-26T16:31:44.057900+00:00,"{""client_ts"": ""2026-08-26T16:31:43.831Z"", ""element_id"": ""platinum"", ""element_label"": ""Platinum"", ""element_type"": ""badge_unlock"", ""event_name"": ""shown"", ""total_trades_threshold"": 50, ""trader_id"": ""3e8ab49b-5ceb-4a7d-aae8-7978cb5154ac""}",1787761904.065752
726a00be-8059-48c7-903b-975c7adfccb7,3e8ab49b-5ceb-4a7d-aae8-7978cb5154ac,HUMAN,shown,badge_modal,platinum,Platinum,2026-08-26T16:31:43.832Z,2026-08-26T16:31:44.089543+00:00,"{""client_ts"": ""2026-08-26T16:31:43.832Z"", ""element_id"": ""platinum"", ""element_label"": ""Platinum"", ""element_type"": ""badge_modal"", ""event_name"": ""shown"", ""message"": ""You are definitely going places!"", ""total_trades"": 50, ""trader_id"": ""3e8ab49b-5ceb-4a7d-aae8-7978cb5154ac""}",1787761904.097375
726a00be-8059-48c7-903b-975c7adfccb7,3e8ab49b-5ceb-4a7d-aae8-7978cb5154ac,HUMAN,shown,badge_gif,platinum,Platinum,2026-08-26T16:31:43.832Z,2026-08-26T16:31:44.116939+00:00,"{""client_ts"": ""2026-08-26T16:31:43.832Z"", ""element_id"": ""platinum"", ""element_label"": ""Platinum"", ""element_type"": ""badge_gif"", ""event_name"": ""shown"", ""gif"": ""/static/trader_bridge_app/vue/assets/platinum.gif"", ""trader_id"": ""3e8ab49b-5ceb-4a7d-aae8-7978cb5154ac""}",1787761904.125078
55ae4144-efe9-4ac1-adff-7ef37ab172bb,d6862b7b-7161-4fe7-8fff-046502ffe0d0,HUMAN,shown,trend_alert,down-streak,down-streak,2026-08-26T16:31:44.090Z,2026-08-26T16:31:44.184334+00:00,"{""client_ts"": ""2026-08-26T16:31:44.090Z"", ""element_id"": ""down-streak"", ""element_label"": ""down-streak"", ""element_type"": ""trend_alert"", ""event_name"": ""shown"", ""message"": ""Price went down 3 times in the last 5 ticks!"", ""trader_id"": ""d6862b7b-7161-4fe7-8fff-046502ffe0d0""}",1787761904.192913
55ae4144-efe9-4ac1-adff-7ef37ab172bb,3a9837d0-9ef3-4d69-b6d3-62f1f33890c4,HUMAN,shown,trend_alert,down-streak,down-streak,2026-08-26T16:31:44.093Z,2026-08-26T16:31:44.196453+00:00,"{""client_ts"": ""2026-08-26T16:31:44.093Z"", ""element_id"": ""down-streak"", ""element_label"": ""down-streak"", ""element_type"": ""trend_alert"", ""event_name"": ""shown"", ""message"": ""Price went down 3 times in the last 5 ticks!"", ""trader_id"": ""3a9837d0-9ef3-4d69-b6d3-62f1f33890c4""}",1787761904.204633
55ae4144-efe9-4ac1-adff-7ef37ab172bb,f5671481-30e4-4d1e-8b35-4a84487f96c6,HUMAN,shown,trend_alert,down-streak,down-streak,2026-08-26T16:31:44.081Z,2026-08-26T16:31:44.207981+00:00,"{""client_ts"": ""2026-08-26T16:31:44.081Z"", ""element_id"": ""down-streak"", ""element_label"": ""down-streak"", ""element_type"": ""trend_alert"", ""event_name"": ""shown"", ""message"": ""Price went down 3 times in the last 5 ticks!"", ""trader_id"": ""f5671481-30e4-4d1e-8b35-4a84487f96c6""}",1787761904.216077
55ae4144-efe9-4ac1-adff-7ef37ab172bb,2f616cb5-5071-4415-af19-6d9bbb148833,HUMAN,shown,trend_alert,down-streak,down-streak,2026-08-26T16:31:44.078Z,2026-08-26T16:31:44.221296+00:00,"{""client_ts"": ""2026-08-26T16:31:44.078Z"", ""element_id"": ""down-streak"", ""element_label"": ""down-streak"", ""element_type"": ""trend_alert"", ""event_name"": ""shown"", ""message"": ""Price went down 3 times in the last 5 ticks!"", ""trader_id"": ""2f616cb5-5071-4415-af19-6d9bbb148833""}",1787761904.228799
55ae4144-efe9-4ac1-adff-7ef37ab172bb,b99e3581-184c-4ce1-9b22-06b28d8b976f,HUMAN,shown,trend_alert,down-streak,down-streak,2026-08-26T16:31:44.085Z,2026-08-26T16:31:44.232232+00:00,"{""client_ts"": ""2026-08-26T16:31:44.085Z"", ""element_id"": ""down-streak"", ""element_label"": ""down-streak"", ""element_type"": ""trend_alert"", ""event_name"": ""shown"", ""message"": ""Price went down 3 times in the last 5 ticks!"", ""trader_id"": ""b99e3581-184c-4ce1-9b22-06b28d8b976f""}",1787761904.239987
55ae4144-efe9-4ac1-adff-7ef37ab172bb,4ec17b6f-b1d9-476d-b555-01d2e4bebfdc,HUMAN,shown,trend_alert,down-streak,down-streak,2026-08-26T16:31:44.094Z,2026-08-26T16:31:44.246889+00:00,"{""client_ts"": ""2026-08-26T16:31:44.094Z"", ""element_id"": ""down-streak"", ""element_label"": ""down-streak"", ""element_type"": ""trend_alert"", ""event_name"": ""shown"", ""message"": ""Price went down 3 times in the last 5 ticks!"", ""trader_id"": ""4ec17b6f-b1d9-476d-b555-01d2e4bebfdc""}",1787761904.254913
55ae4144-efe9-4ac1-adff-7ef37ab172bb,3a9837d0-9ef3-4d69-b6d3-62f1f33890c4,HUMAN,shown,badge_unlock,silver,Silver,2026-08-26T16:31:45.375Z,2026-08-26T16:31:45.526786+00:00,"{""client_ts"": ""2026-08-26T16:31:45.375Z"", ""element_id"": ""silver"", ""element_label"": ""Silver"", ""element_type"": ""badge_unlock"", ""event_name"": ""shown"", ""total_trades_threshold"": 15, ""trader_id"": ""3a9837d0-9ef3-4d69-b6d3-62f1f33890c4""}",1787761905.534604
55ae4144-efe9-4ac1-adff-7ef37ab172bb,3a9837d0-9ef3-4d69-b6d3-62f1f33890c4,HUMAN,shown,badge_modal,silver,Silver,2026-08-26T16:31:45.375Z,2026-08-26T16:31:45.539299+00:00,"{""client_ts"": ""2026-08-26T16:31:45.375Z"", ""element_id"": ""silver"", ""element_label"": ""Silver"", ""element_type"": ""badge_modal"", ""event_name"": ""shown"", ""message"": ""You belong on the trading floor!"", ""total_trades"": 15, ""trader_id"": ""3a9837d0-9ef3-4d69-b6d3-62f1f33890c4""}",1787761905.546984
55ae4144-efe9-4ac1-adff-7ef37ab172bb,3a9837d0-9ef3-4d69-b6d3-62f1f33890c4,HUMAN,shown,badge_gif,silver,Silver,2026-08-26T16:31:45.375Z,2026-08-26T16:31:45.553942+00:00,"{""client_ts"": ""2026-08-26T16:31:45.375Z"", ""element_id"": ""silver"", ""element_label"": ""Silver"", ""element_type"": ""badge_gif"", ""event_name"": ""shown"", ""gif"": ""/static/trader_bridge_app/vue/assets/silver.gif"", ""trader_id"": ""3a9837d0-9ef3-4d69-b6d3-62f1f33890c4""}",1787761905.562202
80f251dc-c278-4363-81ce-f661c1e5cc3d,adadd121-affd-4970-8d5f-8aed11d7e571,HUMAN,shown,badge_unlock,platinum,Platinum,2026-08-26T16:32:37.343Z,2026-08-26T16:32:37.417082+00:00,"{""client_ts"": ""2026-08-26T16:32:37.343Z"", ""element_id"": ""platinum"", ""element_label"": ""Platinum"", ""element_type"": ""badge_unlock"", ""event_name"": ""shown"", ""total_trades_threshold"": 50, ""trader_id"": ""adadd121-affd-4970-8d5f-8aed11d7e571""}",1787761957.42556
80f251dc-c278-4363-81ce-f661c1e5cc3d,adadd121-affd-4970-8d5f-8aed11d7e571,HUMAN,shown,badge_modal,platinum,Platinum,2026-08-26T16:32:37.344Z,2026-08-26T16:32:37.432743+00:00,"{""client_ts"": ""2026-08-26T16:32:37.344Z"", ""element_id"": ""platinum"", ""element_label"": ""Platinum"", ""element_type"": ""badge_modal"", ""event_name"": ""shown"", ""message"": ""You are definitely going places!"", ""total_trades"": 50, ""trader_id"": ""adadd121-affd-4970-8d5f-8aed11d7e571""}",1787761957.441012
80f251dc-c278-4363-81ce-f661c1e5cc3d,adadd121-affd-4970-8d5f-8aed11d7e571,HUMAN,shown,badge_gif,platinum,Platinum,2026-08-26T16:32:37.344Z,2026-08-26T16:32:37.447782+00:00,"{""client_ts"": ""2026-08-26T16:32:37.344Z"", ""element_id"": ""platinum"", ""element_label"": ""Platinum"", ""element_type"": ""badge_gif"", ""event_name"": ""shown"", ""gif"": ""/static/trader_bridge_app/vue/assets/platinum.gif"", ""trader_id"": ""adadd121-affd-4970-8d5f-8aed11d7e571""}",1787761957.455475
726a00be-8059-48c7-903b-975c7adfccb7,3e8ab49b-5ceb-4a7d-aae8-7978cb5154ac,HUMAN,shown,trend_alert,down-streak,down-streak,2026-08-26T16:32:39.136Z,2026-08-26T16:32:39.183777+00:00,"{""client_ts"": ""2026-08-26T16:32:39.136Z"", ""element_id"": ""down-streak"", ""element_label"": ""down-streak"", ""element_type"": ""trend_alert"", ""event_name"": ""shown"", ""message"": ""Price went down 3 times in the last 5 ticks!"", ""trader_id"": ""3e8ab49b-5ceb-4a7d-aae8-7978cb5154ac""}",1787761959.192786
726a00be-8059-48c7-903b-975c7adfccb7,9e3c7e0a-49b7-49f1-beea-90effe021eef,HUMAN,shown,trend_alert,down-streak,down-streak,2026-08-26T16:32:39.122Z,2026-08-26T16:32:39.198191+00:00,"{""client_ts"": ""2026-08-26T16:32:39.122Z"", ""element_id"": ""down-streak"", ""element_label"": ""down-streak"", ""element_type"": ""trend_alert"", ""event_name"": ""shown"", ""message"": ""Price went down 3 times in the last 5 ticks!"", ""trader_id"": ""9e3c7e0a-49b7-49f1-beea-90effe021eef""}",1787761959.207027
726a00be-8059-48c7-903b-975c7adfccb7,76d88ecc-b4df-4f11-94ec-38c989704bc9,HUMAN,shown,trend_alert,down-streak,down-streak,2026-08-26T16:32:39.126Z,2026-08-26T16:32:39.211008+00:00,"{""client_ts"": ""2026-08-26T16:32:39.126Z"", ""element_id"": ""down-streak"", ""element_label"": ""down-streak"", ""element_type"": ""trend_alert"", ""event_name"": ""shown"", ""message"": ""Price went down 3 times in the last 5 ticks!"", ""trader_id"": ""76d88ecc-b4df-4f11-94ec-38c989704bc9""}",1787761959.219353
726a00be-8059-48c7-903b-975c7adfccb7,9e6ea900-19fd-4017-9e86-e96fd2e637d3,HUMAN,shown,trend_alert,down-streak,down-streak,2026-08-26T16:32:39.121Z,2026-08-26T16:32:39.223524+00:00,"{""client_ts"": ""2026-08-26T16:32:39.121Z"", ""element_id"": ""down-streak"", ""element_label"": ""down-streak"", ""element_type"": ""trend_alert"", ""event_name"": ""shown"", ""message"": ""Price went down 3 times in the last 5 ticks!"", ""trader_id"": ""9e6ea900-19fd-4017-9e86-e96fd2e637d3""}",1787761959.231474
726a00be-8059-48c7-903b-975c7adfccb7,ad92abd6-eee0-4ce7-9755-3874924d9408,HUMAN,shown,trend_alert,down-streak,down-streak,2026-08-26T16:32:39.123Z,2026-08-26T16:32:39.235568+00:00,"{""client_ts"": ""2026-08-26T16:32:39.123Z"", ""element_id"": ""down-streak"", ""element_label"": ""down-streak"", ""element_type"": ""trend_alert"", ""event_name"": ""shown"", ""message"": ""Price went down 3 times in the last 5 ticks!"", ""trader_id"": ""ad92abd6-eee0-4ce7-9755-3874924d9408""}",1787761959.244643
726a00be-8059-48c7-903b-975c7adfccb7,21728adc-060d-4620-9c21-4d4d7868785c,HUMAN,shown,trend_alert,down-streak,down-streak,2026-08-26T16:32:39.127Z,2026-08-26T16:32:39.248537+00:00,"{""client_ts"": ""2026-08-26T16:32:39.127Z"", ""element_id"": ""down-streak"", ""element_label"": ""down-streak"", ""element_type"": ""trend_alert"", ""event_name"": ""shown"", ""message"": ""Price went down 3 times in the last 5 ticks!"", ""trader_id"": ""21728adc-060d-4620-9c21-4d4d7868785c""}",1787761959.256316
4286e05a-5722-4599-9226-096c510f419c,0598cf86-cf54-43d4-bfb4-c61c0f946fe5,HUMAN,shown,trend_alert,up-streak,up-streak,2026-08-26T16:32:52.677Z,2026-08-26T16:32:52.734492+00:00,"{""client_ts"": ""2026-08-26T16:32:52.677Z"", ""element_id"": ""up-streak"", ""element_label"": ""up-streak"", ""element_type"": ""trend_alert"", ""event_name"": ""shown"", ""message"": ""Price went up 3 times in the last 5 ticks!"", ""trader_id"": ""0598cf86-cf54-43d4-bfb4-c61c0f946fe5""}",1787761972.742014
4286e05a-5722-4599-9226-096c510f419c,73767ff0-c4eb-45d4-bfd1-7eca7524753b,HUMAN,shown,trend_alert,up-streak,up-streak,2026-08-26T16:32:52.670Z,2026-08-26T16:32:52.746350+00:00,"{""client_ts"": ""2026-08-26T16:32:52.670Z"", ""element_id"": ""up-streak"", ""element_label"": ""up-streak"", ""element_type"": ""trend_alert"", ""event_name"": ""shown"", ""message"": ""Price went up 3 times in the last 5 ticks!"", ""trader_id"": ""73767ff0-c4eb-45d4-bfd1-7eca7524753b""}",1787761972.753442
4286e05a-5722-4599-9226-096c510f419c,58315eca-6c1b-4fb0-85c6-09afd0baa1ad,HUMAN,shown,trend_alert,up-streak,up-streak,2026-08-26T16:32:52.674Z,2026-08-26T16:32:52.756950+00:00,"{""client_ts"": ""2026-08-26T16:32:52.674Z"", ""element_id"": ""up-streak"", ""element_label"": ""up-streak"", ""element_type"": ""trend_alert"", ""event_name"": ""shown"", ""message"": ""Price went up 3 times in the last 5 ticks!"", ""trader_id"": ""58315eca-6c1b-4fb0-85c6-09afd0baa1ad""}",1787761972.764495
4286e05a-5722-4599-9226-096c510f419c,accaf72e-eb7f-4981-b18e-b198f879326d,HUMAN,shown,trend_alert,up-streak,up-streak,2026-08-26T16:32:52.683Z,2026-08-26T16:32:52.768124+00:00,"{""client_ts"": ""2026-08-26T16:32:52.683Z"", ""element_id"": ""up-streak"", ""element_label"": ""up-streak"", ""element_type"": ""trend_alert"", ""event_name"": ""shown"", ""message"": ""Price went up 3 times in the last 5 ticks!"", ""trader_id"": ""accaf72e-eb7f-4981-b18e-b198f879326d""}",1787761972.775107
726a00be-8059-48c7-903b-975c7adfccb7,9e3c7e0a-49b7-49f1-beea-90effe021eef,HUMAN,shown,trend_alert,down-streak,down-streak,2026-08-26T16:32:55.978Z,2026-08-26T16:32:56.063327+00:00,"{""client_ts"": ""2026-08-26T16:32:55.978Z"", ""element_id"": ""down-streak"", ""element_label"": ""down-streak"", ""element_type"": ""trend_alert"", ""event_name"": ""shown"", ""message"": ""Price went down 3 times in the last 5 ticks!"", ""trader_id"": ""9e3c7e0a-49b7-49f1-beea-90effe021eef""}",1787761976.071515
726a00be-8059-48c7-903b-975c7adfccb7,ad92abd6-eee0-4ce7-9755-3874924d9408,HUMAN,shown,trend_alert,down-streak,down-streak,2026-08-26T16:32:55.978Z,2026-08-26T16:32:56.075276+00:00,"{""client_ts"": ""2026-08-26T16:32:55.978Z"", ""element_id"": ""down-streak"", ""element_label"": ""down-streak"", ""element_type"": ""trend_alert"", ""event_name"": ""shown"", ""message"": ""Price went down 3 times in the last 5 ticks!"", ""trader_id"": ""ad92abd6-eee0-4ce7-9755-3874924d9408""}",1787761976.08275
726a00be-8059-48c7-903b-975c7adfccb7,9e6ea900-19fd-4017-9e86-e96fd2e637d3,HUMAN,shown,trend_alert,down-streak,down-streak,2026-08-26T16:32:55.974Z,2026-08-26T16:32:56.086408+00:00,"{""client_ts"": ""2026-08-26T16:32:55.974Z"", ""element_id"": ""down-streak"", ""element_label"": ""down-streak"", ""element_type"": ""trend_alert"", ""event_name"": ""shown"", ""message"": ""Price went down 3 times in the last 5 ticks!"", ""trader_id"": ""9e6ea900-19fd-4017-9e86-e96fd2e637d3""}",1787761976.09402
726a00be-8059-48c7-903b-975c7adfccb7,3e8ab49b-5ceb-4a7d-aae8-7978cb5154ac,HUMAN,shown,trend_alert,down-streak,down-streak,2026-08-26T16:32:56.037Z,2026-08-26T16:32:56.103737+00:00,"{""client_ts"": ""2026-08-26T16:32:56.037Z"", ""element_id"": ""down-streak"", ""element_label"": ""down-streak"", ""element_type"": ""trend_alert"", ""event_name"": ""shown"", ""message"": ""Price went down 3 times in the last 5 ticks!"", ""trader_id"": ""3e8ab49b-5ceb-4a7d-aae8-7978cb5154ac""}",1787761976.111938
726a00be-8059-48c7-903b-975c7adfccb7,21728adc-060d-4620-9c21-4d4d7868785c,HUMAN,shown,trend_alert,down-streak,down-streak,2026-08-26T16:32:56.027Z,2026-08-26T16:32:56.119830+00:00,"{""client_ts"": ""2026-08-26T16:32:56.027Z"", ""element_id"": ""down-streak"", ""element_label"": ""down-streak"", ""element_type"": ""trend_alert"", ""event_name"": ""shown"", ""message"": ""Price went down 3 times in the last 5 ticks!"", ""trader_id"": ""21728adc-060d-4620-9c21-4d4d7868785c""}",1787761976.127908
726a00be-8059-48c7-903b-975c7adfccb7,76d88ecc-b4df-4f11-94ec-38c989704bc9,HUMAN,shown,trend_alert,down-streak,down-streak,2026-08-26T16:32:56.028Z,2026-08-26T16:32:56.131739+00:00,"{""client_ts"": ""2026-08-26T16:32:56.028Z"", ""element_id"": ""down-streak"", ""element_label"": ""down-streak"", ""element_type"": ""trend_alert"", ""event_name"": ""shown"", ""message"": ""Price went down 3 times in the last 5 ticks!"", ""trader_id"": ""76d88ecc-b4df-4f11-94ec-38c989704bc9""}",1787761976.139592
726a00be-8059-48c7-903b-975c7adfccb7,9e3c7e0a-49b7-49f1-beea-90effe021eef,HUMAN,shown,trend_alert,down-streak,down-streak,2026-08-26T16:33:09.445Z,2026-08-26T16:33:09.503893+00:00,"{""client_ts"": ""2026-08-26T16:33:09.445Z"", ""element_id"": ""down-streak"", ""element_label"": ""down-streak"", ""element_type"": ""trend_alert"", ""event_name"": ""shown"", ""message"": ""Price went down 3 times in the last 5 ticks!"", ""trader_id"": ""9e3c7e0a-49b7-49f1-beea-90effe021eef""}",1787761989.511765
726a00be-8059-48c7-903b-975c7adfccb7,ad92abd6-eee0-4ce7-9755-3874924d9408,HUMAN,shown,trend_alert,down-streak,down-streak,2026-08-26T16:33:09.441Z,2026-08-26T16:33:09.516204+00:00,"{""client_ts"": ""2026-08-26T16:33:09.441Z"", ""element_id"": ""down-streak"", ""element_label"": ""down-streak"", ""element_type"": ""trend_alert"", ""event_name"": ""shown"", ""message"": ""Price went down 3 times in the last 5 ticks!"", ""trader_id"": ""ad92abd6-eee0-4ce7-9755-3874924d9408""}",1787761989.523863
726a00be-8059-48c7-903b-975c7adfccb7,9e6ea900-19fd-4017-9e86-e96fd2e637d3,HUMAN,shown,trend_alert,down-streak,down-streak,2026-08-26T16:33:09.445Z,2026-08-26T16:33:09.527553+00:00,"{""client_ts"": ""2026-08-26T16:33:09.445Z"", ""element_id"": ""down-streak"", ""element_label"": ""down-streak"", ""element_type"": ""trend_alert"", ""event_name"": ""shown"", ""message"": ""Price went down 3 times in the last 5 ticks!"", ""trader_id"": ""9e6ea900-19fd-4017-9e86-e96fd2e637d3""}",1787761989.535188
726a00be-8059-48c7-903b-975c7adfccb7,3e8ab49b-5ceb-4a7d-aae8-7978cb5154ac,HUMAN,shown,trend_alert,down-streak,down-streak,2026-08-26T16:33:09.458Z,2026-08-26T16:33:09.538760+00:00,"{""client_ts"": ""2026-08-26T16:33:09.458Z"", ""element_id"": ""down-streak"", ""element_label"": ""down-streak"", ""element_type"": ""trend_alert"", ""event_name"": ""shown"", ""message"": ""Price went down 3 times in the last 5 ticks!"", ""trader_id"": ""3e8ab49b-5ceb-4a7d-aae8-7978cb5154ac""}",1787761989.546193
726a00be-8059-48c7-903b-975c7adfccb7,76d88ecc-b4df-4f11-94ec-38c989704bc9,HUMAN,shown,trend_alert,down-streak,down-streak,2026-08-26T16:33:09.448Z,2026-08-26T16:33:09.550006+00:00,"{""client_ts"": ""2026-08-26T16:33:09.448Z"", ""element_id"": ""down-streak"", ""element_label"": ""down-streak"", ""element_type"": ""trend_alert"", ""event_name"": ""shown"", ""message"": ""Price went down 3 times in the last 5 ticks!"", ""trader_id"": ""76d88ecc-b4df-4f11-94ec-38c989704bc9""}",1787761989.557477
726a00be-8059-48c7-903b-975c7adfccb7,21728adc-060d-4620-9c21-4d4d7868785c,HUMAN,shown,trend_alert,down-streak,down-streak,2026-08-26T16:33:09.446Z,2026-08-26T16:33:09.560988+00:00,"{""client_ts"": ""2026-08-26T16:33:09.446Z"", ""element_id"": ""down-streak"", ""element_label"": ""down-streak"", ""element_type"": ""trend_alert"", ""event_name"": ""shown"", ""message"": ""Price went down 3 times in the last 5 ticks!"", ""trader_id"": ""21728adc-060d-4620-9c21-4d4d7868785c""}",1787761989.568703
726a00be-8059-48c7-903b-975c7adfccb7,3e8ab49b-5ceb-4a7d-aae8-7978cb5154ac,HUMAN,shown,badge_unlock,diamond,Diamond,2026-08-26T16:33:15.101Z,2026-08-26T16:33:15.163396+00:00,"{""client_ts"": ""2026-08-26T16:33:15.101Z"", ""element_id"": ""diamond"", ""element_label"": ""Diamond"", ""element_type"": ""badge_unlock"", ""event_name"": ""shown"", ""total_trades_threshold"": 60, ""trader_id"": ""3e8ab49b-5ceb-4a7d-aae8-7978cb5154ac""}",1787761995.170715
726a00be-8059-48c7-903b-975c7adfccb7,3e8ab49b-5ceb-4a7d-aae8-7978cb5154ac,HUMAN,shown,badge_modal,diamond,Diamond,2026-08-26T16:33:15.101Z,2026-08-26T16:33:15.189784+00:00,"{""client_ts"": ""2026-08-26T16:33:15.101Z"", ""element_id"": ""diamond"", ""element_label"": ""Diamond"", ""element_type"": ""badge_modal"", ""event_name"": ""shown"", ""message"": ""The Wolf of Wall Street"", ""total_trades"": 60, ""trader_id"": ""3e8ab49b-5ceb-4a7d-aae8-7978cb5154ac""}",1787761995.196833
726a00be-8059-48c7-903b-975c7adfccb7,3e8ab49b-5ceb-4a7d-aae8-7978cb5154ac,HUMAN,shown,badge_gif,diamond,Diamond,2026-08-26T16:33:15.101Z,2026-08-26T16:33:15.214439+00:00,"{""client_ts"": ""2026-08-26T16:33:15.101Z"", ""element_id"": ""diamond"", ""element_label"": ""Diamond"", ""element_type"": ""badge_gif"", ""event_name"": ""shown"", ""gif"": ""/static/trader_bridge_app/vue/assets/diamond.gif"", ""trader_id"": ""3e8ab49b-5ceb-4a7d-aae8-7978cb5154ac""}",1787761995.221828
726a00be-8059-48c7-903b-975c7adfccb7,9e3c7e0a-49b7-49f1-beea-90effe021eef,HUMAN,shown,badge_unlock,gold,Gold,2026-08-26T16:33:18.188Z,2026-08-26T16:33:18.247392+00:00,"{""client_ts"": ""2026-08-26T16:33:18.188Z"", ""element_id"": ""gold"", ""element_label"": ""Gold"", ""element_type"": ""badge_unlock"", ""event_name"": ""shown"", ""total_trades_threshold"": 35, ""trader_id"": ""9e3c7e0a-49b7-49f1-beea-90effe021eef""}",1787761998.255445
726a00be-8059-48c7-903b-975c7adfccb7,9e3c7e0a-49b7-49f1-beea-90effe021eef,HUMAN,shown,badge_modal,gold,Gold,2026-08-26T16:33:18.189Z,2026-08-26T16:33:18.259675+00:00,"{""client_ts"": ""2026-08-26T16:33:18.189Z"", ""element_id"": ""gold"", ""element_label"": ""Gold"", ""element_type"": ""badge_modal"", ""event_name"": ""shown"", ""message"": ""You are the money maker!"", ""total_trades"": 35, ""trader_id"": ""9e3c7e0a-49b7-49f1-beea-90effe021eef""}",1787761998.267181
726a00be-8059-48c7-903b-975c7adfccb7,9e3c7e0a-49b7-49f1-beea-90effe021eef,HUMAN,shown,badge_gif,gold,Gold,2026-08-26T16:33:18.189Z,2026-08-26T16:33:18.271317+00:00,"{""client_ts"": ""2026-08-26T16:33:18.189Z"", ""element_id"": ""gold"", ""element_label"": ""Gold"", ""element_type"": ""badge_gif"", ""event_name"": ""shown"", ""gif"": ""/static/trader_bridge_app/vue/assets/gold.gif"", ""trader_id"": ""9e3c7e0a-49b7-49f1-beea-90effe021eef""}",1787761998.279191
726a00be-8059-48c7-903b-975c7adfccb7,3e8ab49b-5ceb-4a7d-aae8-7978cb5154ac,HUMAN,shown,trend_alert,down-streak,down-streak,2026-08-26T16:33:18.252Z,2026-08-26T16:33:18.298814+00:00,"{""client_ts"": ""2026-08-26T16:33:18.252Z"", ""element_id"": ""down-streak"", ""element_label"": ""down-streak"", ""element_type"": ""trend_alert"", ""event_name"": ""shown"", ""message"": ""Price went down 3 times in the last 5 ticks!"", ""trader_id"": ""3e8ab49b-5ceb-4a7d-aae8-7978cb5154ac""}",1787761998.307399
726a00be-8059-48c7-903b-975c7adfccb7,ad92abd6-eee0-4ce7-9755-3874924d9408,HUMAN,shown,trend_alert,down-streak,down-streak,2026-08-26T16:33:18.241Z,2026-08-26T16:33:18.312465+00:00,"{""client_ts"": ""2026-08-26T16:33:18.241Z"", ""element_id"": ""down-streak"", ""element_label"": ""down-streak"", ""element_type"": ""trend_alert"", ""event_name"": ""shown"", ""message"": ""Price went down 3 times in the last 5 ticks!"", ""trader_id"": ""ad92abd6-eee0-4ce7-9755-3874924d9408""}",1787761998.320169
726a00be-8059-48c7-903b-975c7adfccb7,9e6ea900-19fd-4017-9e86-e96fd2e637d3,HUMAN,shown,trend_alert,down-streak,down-streak,2026-08-26T16:33:18.240Z,2026-08-26T16:33:18.323869+00:00,"{""client_ts"": ""2026-08-26T16:33:18.240Z"", ""element_id"": ""down-streak"", ""element_label"": ""down-streak"", ""element_type"": ""trend_alert"", ""event_name"": ""shown"", ""message"": ""Price went down 3 times in the last 5 ticks!"", ""trader_id"": ""9e6ea900-19fd-4017-9e86-e96fd2e637d3""}",1787761998.33126
726a00be-8059-48c7-903b-975c7adfccb7,76d88ecc-b4df-4f11-94ec-38c989704bc9,HUMAN,shown,trend_alert,down-streak,down-streak,2026-08-26T16:33:18.241Z,2026-08-26T16:33:18.334825+00:00,"{""client_ts"": ""2026-08-26T16:33:18.241Z"", ""element_id"": ""down-streak"", ""element_label"": ""down-streak"", ""element_type"": ""trend_alert"", ""event_name"": ""shown"", ""message"": ""Price went down 3 times in the last 5 ticks!"", ""trader_id"": ""76d88ecc-b4df-4f11-94ec-38c989704bc9""}",1787761998.341994
726a00be-8059-48c7-903b-975c7adfccb7,21728adc-060d-4620-9c21-4d4d7868785c,HUMAN,shown,trend_alert,down-streak,down-streak,2026-08-26T16:33:18.241Z,2026-08-26T16:33:18.346192+00:00,"{""client_ts"": ""2026-08-26T16:33:18.241Z"", ""element_id"": ""down-streak"", ""element_label"": ""down-streak"", ""element_type"": ""trend_alert"", ""event_name"": ""shown"", ""message"": ""Price went down 3 times in the last 5 ticks!"", ""trader_id"": ""21728adc-060d-4620-9c21-4d4d7868785c""}",1787761998.353776
726a00be-8059-48c7-903b-975c7adfccb7,9e3c7e0a-49b7-49f1-beea-90effe021eef,HUMAN,shown,trend_alert,down-streak,down-streak,2026-08-26T16:33:18.245Z,2026-08-26T16:33:18.357799+00:00,"{""client_ts"": ""2026-08-26T16:33:18.245Z"", ""element_id"": ""down-streak"", ""element_label"": ""down-streak"", ""element_type"": ""trend_alert"", ""event_name"": ""shown"", ""message"": ""Price went down 3 times in the last 5 ticks!"", ""trader_id"": ""9e3c7e0a-49b7-49f1-beea-90effe021eef""}",1787761998.365484
55ae4144-efe9-4ac1-adff-7ef37ab172bb,d6862b7b-7161-4fe7-8fff-046502ffe0d0,HUMAN,shown,badge_unlock,platinum,Platinum,2026-08-26T16:33:20.392Z,2026-08-26T16:33:20.441498+00:00,"{""client_ts"": ""2026-08-26T16:33:20.392Z"", ""element_id"": ""platinum"", ""element_label"": ""Platinum"", ""element_type"": ""badge_unlock"", ""event_name"": ""shown"", ""total_trades_threshold"": 50, ""trader_id"": ""d6862b7b-7161-4fe7-8fff-046502ffe0d0""}",1787762000.449511
55ae4144-efe9-4ac1-adff-7ef37ab172bb,d6862b7b-7161-4fe7-8fff-046502ffe0d0,HUMAN,shown,badge_modal,platinum,Platinum,2026-08-26T16:33:20.392Z,2026-08-26T16:33:20.453786+00:00,"{""client_ts"": ""2026-08-26T16:33:20.392Z"", ""element_id"": ""platinum"", ""element_label"": ""Platinum"", ""element_type"": ""badge_modal"", ""event_name"": ""shown"", ""message"": ""You are definitely going places!"", ""total_trades"": 50, ""trader_id"": ""d6862b7b-7161-4fe7-8fff-046502ffe0d0""}",1787762000.46138
55ae4144-efe9-4ac1-adff-7ef37ab172bb,d6862b7b-7161-4fe7-8fff-046502ffe0d0,HUMAN,shown,badge_gif,platinum,Platinum,2026-08-26T16:33:20.392Z,2026-08-26T16:33:20.465334+00:00,"{""client_ts"": ""2026-08-26T16:33:20.392Z"", ""element_id"": ""platinum"", ""element_label"": ""Platinum"", ""element_type"": ""badge_gif"", ""event_name"": ""shown"", ""gif"": ""/static/trader_bridge_app/vue/assets/platinum.gif"", ""trader_id"": ""d6862b7b-7161-4fe7-8fff-046502ffe0d0""}",1787762000.47288
80f251dc-c278-4363-81ce-f661c1e5cc3d,adadd121-affd-4970-8d5f-8aed11d7e571,HUMAN,shown,badge_unlock,diamond,Diamond,2026-08-26T16:33:44.744Z,2026-08-26T16:33:44.808704+00:00,"{""client_ts"": ""2026-08-26T16:33:44.744Z"", ""element_id"": ""diamond"", ""element_label"": ""Diamond"", ""element_type"": ""badge_unlock"", ""event_name"": ""shown"", ""total_trades_threshold"": 60, ""trader_id"": ""adadd121-affd-4970-8d5f-8aed11d7e571""}",1787762024.817534
80f251dc-c278-4363-81ce-f661c1e5cc3d,adadd121-affd-4970-8d5f-8aed11d7e571,HUMAN,shown,badge_modal,diamond,Diamond,2026-08-26T16:33:44.744Z,2026-08-26T16:33:44.824263+00:00,"{""client_ts"": ""2026-08-26T16:33:44.744Z"", ""element_id"": ""diamond"", ""element_label"": ""Diamond"", ""element_type"": ""badge_modal"", ""event_name"": ""shown"", ""message"": ""The Wolf of Wall Street"", ""total_trades"": 60, ""trader_id"": ""adadd121-affd-4970-8d5f-8aed11d7e571""}",1787762024.832105
80f251dc-c278-4363-81ce-f661c1e5cc3d,adadd121-affd-4970-8d5f-8aed11d7e571,HUMAN,shown,badge_gif,diamond,Diamond,2026-08-26T16:33:44.744Z,2026-08-26T16:33:44.839994+00:00,"{""client_ts"": ""2026-08-26T16:33:44.744Z"", ""element_id"": ""diamond"", ""element_label"": ""Diamond"", ""element_type"": ""badge_gif"", ""event_name"": ""shown"", ""gif"": ""/static/trader_bridge_app/vue/assets/diamond.gif"", ""trader_id"": ""adadd121-affd-4970-8d5f-8aed11d7e571""}",1787762024.847472
726a00be-8059-48c7-903b-975c7adfccb7,9e6ea900-19fd-4017-9e86-e96fd2e637d3,HUMAN,shown,trend_alert,down-streak,down-streak,2026-08-26T16:34:07.015Z,2026-08-26T16:34:07.074211+00:00,"{""client_ts"": ""2026-08-26T16:34:07.015Z"", ""element_id"": ""down-streak"", ""element_label"": ""down-streak"", ""element_type"": ""trend_alert"", ""event_name"": ""shown"", ""message"": ""Price went down 3 times in the last 5 ticks!"", ""trader_id"": ""9e6ea900-19fd-4017-9e86-e96fd2e637d3""}",1787762047.08215
726a00be-8059-48c7-903b-975c7adfccb7,9e3c7e0a-49b7-49f1-beea-90effe021eef,HUMAN,shown,trend_alert,down-streak,down-streak,2026-08-26T16:34:07.017Z,2026-08-26T16:34:07.085859+00:00,"{""client_ts"": ""2026-08-26T16:34:07.017Z"", ""element_id"": ""down-streak"", ""element_label"": ""down-streak"", ""element_type"": ""trend_alert"", ""event_name"": ""shown"", ""message"": ""Price went down 3 times in the last 5 ticks!"", ""trader_id"": ""9e3c7e0a-49b7-49f1-beea-90effe021eef""}",1787762047.093254
726a00be-8059-48c7-903b-975c7adfccb7,3e8ab49b-5ceb-4a7d-aae8-7978cb5154ac,HUMAN,shown,trend_alert,down-streak,down-streak,2026-08-26T16:34:07.026Z,2026-08-26T16:34:07.098259+00:00,"{""client_ts"": ""2026-08-26T16:34:07.026Z"", ""element_id"": ""down-streak"", ""element_label"": ""down-streak"", ""element_type"": ""trend_alert"", ""event_name"": ""shown"", ""message"": ""Price went down 3 times in the last 5 ticks!"", ""trader_id"": ""3e8ab49b-5ceb-4a7d-aae8-7978cb5154ac""}",1787762047.105492
726a00be-8059-48c7-903b-975c7adfccb7,ad92abd6-eee0-4ce7-9755-3874924d9408,HUMAN,shown,trend_alert,down-streak,down-streak,2026-08-26T16:34:07.013Z,2026-08-26T16:34:07.109028+00:00,"{""client_ts"": ""2026-08-26T16:34:07.013Z"", ""element_id"": ""down-streak"", ""element_label"": ""down-streak"", ""element_type"": ""trend_alert"", ""event_name"": ""shown"", ""message"": ""Price went down 3 times in the last 5 ticks!"", ""trader_id"": ""ad92abd6-eee0-4ce7-9755-3874924d9408""}",1787762047.116367
726a00be-8059-48c7-903b-975c7adfccb7,76d88ecc-b4df-4f11-94ec-38c989704bc9,HUMAN,shown,trend_alert,down-streak,down-streak,2026-08-26T16:34:07.018Z,2026-08-26T16:34:07.119818+00:00,"{""client_ts"": ""2026-08-26T16:34:07.018Z"", ""element_id"": ""down-streak"", ""element_label"": ""down-streak"", ""element_type"": ""trend_alert"", ""event_name"": ""shown"", ""message"": ""Price went down 3 times in the last 5 ticks!"", ""trader_id"": ""76d88ecc-b4df-4f11-94ec-38c989704bc9""}",1787762047.127663
726a00be-8059-48c7-903b-975c7adfccb7,21728adc-060d-4620-9c21-4d4d7868785c,HUMAN,shown,trend_alert,down-streak,down-streak,2026-08-26T16:34:07.019Z,2026-08-26T16:34:07.131758+00:00,"{""client_ts"": ""2026-08-26T16:34:07.019Z"", ""element_id"": ""down-streak"", ""element_label"": ""down-streak"", ""element_type"": ""trend_alert"", ""event_name"": ""shown"", ""message"": ""Price went down 3 times in the last 5 ticks!"", ""trader_id"": ""21728adc-060d-4620-9c21-4d4d7868785c""}",1787762047.139103
726a00be-8059-48c7-903b-975c7adfccb7,76d88ecc-b4df-4f11-94ec-38c989704bc9,HUMAN,shown,badge_unlock,gold,Gold,2026-08-26T16:34:34.088Z,2026-08-26T16:34:34.146293+00:00,"{""client_ts"": ""2026-08-26T16:34:34.088Z"", ""element_id"": ""gold"", ""element_label"": ""Gold"", ""element_type"": ""badge_unlock"", ""event_name"": ""shown"", ""total_trades_threshold"": 35, ""trader_id"": ""76d88ecc-b4df-4f11-94ec-38c989704bc9""}",1787762074.15456
726a00be-8059-48c7-903b-975c7adfccb7,76d88ecc-b4df-4f11-94ec-38c989704bc9,HUMAN,shown,badge_modal,gold,Gold,2026-08-26T16:34:34.088Z,2026-08-26T16:34:34.158256+00:00,"{""client_ts"": ""2026-08-26T16:34:34.088Z"", ""element_id"": ""gold"", ""element_label"": ""Gold"", ""element_type"": ""badge_modal"", ""event_name"": ""shown"", ""message"": ""You are the money maker!"", ""total_trades"": 35, ""trader_id"": ""76d88ecc-b4df-4f11-94ec-38c989704bc9""}",1787762074.165446
726a00be-8059-48c7-903b-975c7adfccb7,76d88ecc-b4df-4f11-94ec-38c989704bc9,HUMAN,shown,badge_gif,gold,Gold,2026-08-26T16:34:34.088Z,2026-08-26T16:34:34.168741+00:00,"{""client_ts"": ""2026-08-26T16:34:34.088Z"", ""element_id"": ""gold"", ""element_label"": ""Gold"", ""element_type"": ""badge_gif"", ""event_name"": ""shown"", ""gif"": ""/static/trader_bridge_app/vue/assets/gold.gif"", ""trader_id"": ""76d88ecc-b4df-4f11-94ec-38c989704bc9""}",1787762074.176109
80f251dc-c278-4363-81ce-f661c1e5cc3d,fb078881-d83e-4888-911e-2d4b82dbaa61,HUMAN,shown,badge_unlock,platinum,Platinum,2026-08-26T16:34:54.561Z,2026-08-26T16:34:54.625486+00:00,"{""client_ts"": ""2026-08-26T16:34:54.561Z"", ""element_id"": ""platinum"", ""element_label"": ""Platinum"", ""element_type"": ""badge_unlock"", ""event_name"": ""shown"", ""total_trades_threshold"": 50, ""trader_id"": ""fb078881-d83e-4888-911e-2d4b82dbaa61""}",1787762094.632948
80f251dc-c278-4363-81ce-f661c1e5cc3d,fb078881-d83e-4888-911e-2d4b82dbaa61,HUMAN,shown,badge_modal,platinum,Platinum,2026-08-26T16:34:54.562Z,2026-08-26T16:34:54.656041+00:00,"{""client_ts"": ""2026-08-26T16:34:54.562Z"", ""element_id"": ""platinum"", ""element_label"": ""Platinum"", ""element_type"": ""badge_modal"", ""event_name"": ""shown"", ""message"": ""You are definitely going places!"", ""total_trades"": 50, ""trader_id"": ""fb078881-d83e-4888-911e-2d4b82dbaa61""}",1787762094.663412
80f251dc-c278-4363-81ce-f661c1e5cc3d,fb078881-d83e-4888-911e-2d4b82dbaa61,HUMAN,shown,badge_gif,platinum,Platinum,2026-08-26T16:34:54.562Z,2026-08-26T16:34:54.669974+00:00,"{""client_ts"": ""2026-08-26T16:34:54.562Z"", ""element_id"": ""platinum"", ""element_label"": ""Platinum"", ""element_type"": ""badge_gif"", ""event_name"": ""shown"", ""gif"": ""/static/trader_bridge_app/vue/assets/platinum.gif"", ""trader_id"": ""fb078881-d83e-4888-911e-2d4b82dbaa61""}",1787762094.677618
55ae4144-efe9-4ac1-adff-7ef37ab172bb,3a9837d0-9ef3-4d69-b6d3-62f1f33890c4,HUMAN,shown,trend_alert,down-streak,down-streak,2026-08-26T16:35:03.995Z,2026-08-26T16:35:04.041299+00:00,"{""client_ts"": ""2026-08-26T16:35:03.995Z"", ""element_id"": ""down-streak"", ""element_label"": ""down-streak"", ""element_type"": ""trend_alert"", ""event_name"": ""shown"", ""message"": ""Price went down 3 times in the last 5 ticks!"", ""trader_id"": ""3a9837d0-9ef3-4d69-b6d3-62f1f33890c4""}",1787762104.049944
55ae4144-efe9-4ac1-adff-7ef37ab172bb,d6862b7b-7161-4fe7-8fff-046502ffe0d0,HUMAN,shown,trend_alert,down-streak,down-streak,2026-08-26T16:35:03.992Z,2026-08-26T16:35:04.055732+00:00,"{""client_ts"": ""2026-08-26T16:35:03.992Z"", ""element_id"": ""down-streak"", ""element_label"": ""down-streak"", ""element_type"": ""trend_alert"", ""event_name"": ""shown"", ""message"": ""Price went down 3 times in the last 5 ticks!"", ""trader_id"": ""d6862b7b-7161-4fe7-8fff-046502ffe0d0""}",1787762104.06374
55ae4144-efe9-4ac1-adff-7ef37ab172bb,b99e3581-184c-4ce1-9b22-06b28d8b976f,HUMAN,shown,trend_alert,down-streak,down-streak,2026-08-26T16:35:03.983Z,2026-08-26T16:35:04.067313+00:00,"{""client_ts"": ""2026-08-26T16:35:03.983Z"", ""element_id"": ""down-streak"", ""element_label"": ""down-streak"", ""element_type"": ""trend_alert"", ""event_name"": ""shown"", ""message"": ""Price went down 3 times in the last 5 ticks!"", ""trader_id"": ""b99e3581-184c-4ce1-9b22-06b28d8b976f""}",1787762104.074827
55ae4144-efe9-4ac1-adff-7ef37ab172bb,4ec17b6f-b1d9-476d-b555-01d2e4bebfdc,HUMAN,shown,trend_alert,down-streak,down-streak,2026-08-26T16:35:03.978Z,2026-08-26T16:35:04.078557+00:00,"{""client_ts"": ""2026-08-26T16:35:03.978Z"", ""element_id"": ""down-streak"", ""element_label"": ""down-streak"", ""element_type"": ""trend_alert"", ""event_name"": ""shown"", ""message"": ""Price went down 3 times in the last 5 ticks!"", ""trader_id"": ""4ec17b6f-b1d9-476d-b555-01d2e4bebfdc""}",1787762104.086717
55ae4144-efe9-4ac1-adff-7ef37ab172bb,f5671481-30e4-4d1e-8b35-4a84487f96c6,HUMAN,shown,trend_alert,down-streak,down-streak,2026-08-26T16:35:03.986Z,2026-08-26T16:35:04.090761+00:00,"{""client_ts"": ""2026-08-26T16:35:03.986Z"", ""element_id"": ""down-streak"", ""element_label"": ""down-streak"", ""element_type"": ""trend_alert"", ""event_name"": ""shown"", ""message"": ""Price went down 3 times in the last 5 ticks!"", ""trader_id"": ""f5671481-30e4-4d1e-8b35-4a84487f96c6""}",1787762104.097812
55ae4144-efe9-4ac1-adff-7ef37ab172bb,2f616cb5-5071-4415-af19-6d9bbb148833,HUMAN,shown,trend_alert,down-streak,down-streak,2026-08-26T16:35:03.980Z,2026-08-26T16:35:04.101518+00:00,"{""client_ts"": ""2026-08-26T16:35:03.980Z"", ""element_id"": ""down-streak"", ""element_label"": ""down-streak"", ""element_type"": ""trend_alert"", ""event_name"": ""shown"", ""message"": ""Price went down 3 times in the last 5 ticks!"", ""trader_id"": ""2f616cb5-5071-4415-af19-6d9bbb148833""}",1787762104.108533
55ae4144-efe9-4ac1-adff-7ef37ab172bb,b99e3581-184c-4ce1-9b22-06b28d8b976f,HUMAN,shown,trend_alert,down-streak,down-streak,2026-08-26T16:36:08.394Z,2026-08-26T16:36:08.454770+00:00,"{""client_ts"": ""2026-08-26T16:36:08.394Z"", ""element_id"": ""down-streak"", ""element_label"": ""down-streak"", ""element_type"": ""trend_alert"", ""event_name"": ""shown"", ""message"": ""Price went down 3 times in the last 5 ticks!"", ""trader_id"": ""b99e3581-184c-4ce1-9b22-06b28d8b976f""}",1787762168.463462
55ae4144-efe9-4ac1-adff-7ef37ab172bb,4ec17b6f-b1d9-476d-b555-01d2e4bebfdc,HUMAN,shown,trend_alert,down-streak,down-streak,2026-08-26T16:36:08.390Z,2026-08-26T16:36:08.468529+00:00,"{""client_ts"": ""2026-08-26T16:36:08.390Z"", ""element_id"": ""down-streak"", ""element_label"": ""down-streak"", ""element_type"": ""trend_alert"", ""event_name"": ""shown"", ""message"": ""Price went down 3 times in the last 5 ticks!"", ""trader_id"": ""4ec17b6f-b1d9-476d-b555-01d2e4bebfdc""}",1787762168.476863
55ae4144-efe9-4ac1-adff-7ef37ab172bb,d6862b7b-7161-4fe7-8fff-046502ffe0d0,HUMAN,shown,trend_alert,down-streak,down-streak,2026-08-26T16:36:08.406Z,2026-08-26T16:36:08.481784+00:00,"{""client_ts"": ""2026-08-26T16:36:08.406Z"", ""element_id"": ""down-streak"", ""element_label"": ""down-streak"", ""element_type"": ""trend_alert"", ""event_name"": ""shown"", ""message"": ""Price went down 3 times in the last 5 ticks!"", ""trader_id"": ""d6862b7b-7161-4fe7-8fff-046502ffe0d0""}",1787762168.489969
55ae4144-efe9-4ac1-adff-7ef37ab172bb,f5671481-30e4-4d1e-8b35-4a84487f96c6,HUMAN,shown,trend_alert,down-streak,down-streak,2026-08-26T16:36:08.399Z,2026-08-26T16:36:08.494057+00:00,"{""client_ts"": ""2026-08-26T16:36:08.399Z"", ""element_id"": ""down-streak"", ""element_label"": ""down-streak"", ""element_type"": ""trend_alert"", ""event_name"": ""shown"", ""message"": ""Price went down 3 times in the last 5 ticks!"", ""trader_id"": ""f5671481-30e4-4d1e-8b35-4a84487f96c6""}",1787762168.501956
55ae4144-efe9-4ac1-adff-7ef37ab172bb,3a9837d0-9ef3-4d69-b6d3-62f1f33890c4,HUMAN,shown,trend_alert,down-streak,down-streak,2026-08-26T16:36:08.409Z,2026-08-26T16:36:08.506241+00:00,"{""client_ts"": ""2026-08-26T16:36:08.409Z"", ""element_id"": ""down-streak"", ""element_label"": ""down-streak"", ""element_type"": ""trend_alert"", ""event_name"": ""shown"", ""message"": ""Price went down 3 times in the last 5 ticks!"", ""trader_id"": ""3a9837d0-9ef3-4d69-b6d3-62f1f33890c4""}",1787762168.514609
55ae4144-efe9-4ac1-adff-7ef37ab172bb,2f616cb5-5071-4415-af19-6d9bbb148833,HUMAN,shown,trend_alert,down-streak,down-streak,2026-08-26T16:36:08.391Z,2026-08-26T16:36:08.518906+00:00,"{""client_ts"": ""2026-08-26T16:36:08.391Z"", ""element_id"": ""down-streak"", ""element_label"": ""down-streak"", ""element_type"": ""trend_alert"", ""event_name"": ""shown"", ""message"": ""Price went down 3 times in the last 5 ticks!"", ""trader_id"": ""2f616cb5-5071-4415-af19-6d9bbb148833""}",1787762168.527788
a408e6d9-dec9-440e-afa8-82da65894e36,d0015520-2cb4-471c-a228-521c1654ee22,HUMAN,shown,trend_alert,up-streak,up-streak,2026-09-04T16:48:13.074Z,2026-09-04T16:48:13.136440+00:00,"{""client_ts"": ""2026-09-04T16:48:13.074Z"", ""element_id"": ""up-streak"", ""element_label"": ""up-streak"", ""element_type"": ""trend_alert"", ""event_name"": ""shown"", ""message"": ""Price went up 3 times in the last 3 ticks!"", ""trader_id"": ""d0015520-2cb4-471c-a228-521c1654ee22""}",1788540493.146572
a408e6d9-dec9-440e-afa8-82da65894e36,58548c21-16d1-4afc-8999-4e9be5b8efa9,HUMAN,shown,trend_alert,up-streak,up-streak,2026-09-04T16:48:13.082Z,2026-09-04T16:48:13.153535+00:00,"{""client_ts"": ""2026-09-04T16:48:13.082Z"", ""element_id"": ""up-streak"", ""element_label"": ""up-streak"", ""element_type"": ""trend_alert"", ""event_name"": ""shown"", ""message"": ""Price went up 3 times in the last 3 ticks!"", ""trader_id"": ""58548c21-16d1-4afc-8999-4e9be5b8efa9""}",1788540493.163397
a408e6d9-dec9-440e-afa8-82da65894e36,db6413be-5ee0-4cba-ac1b-46bef38db9eb,HUMAN,shown,trend_alert,up-streak,up-streak,2026-09-04T16:48:13.074Z,2026-09-04T16:48:13.167081+00:00,"{""client_ts"": ""2026-09-04T16:48:13.074Z"", ""element_id"": ""up-streak"", ""element_label"": ""up-streak"", ""element_type"": ""trend_alert"", ""event_name"": ""shown"", ""message"": ""Price went up 3 times in the last 3 ticks!"", ""trader_id"": ""db6413be-5ee0-4cba-ac1b-46bef38db9eb""}",1788540493.176183
a408e6d9-dec9-440e-afa8-82da65894e36,749256ad-1c4d-4594-b9e8-7fefed90053b,HUMAN,shown,trend_alert,up-streak,up-streak,2026-09-04T16:48:13.082Z,2026-09-04T16:48:13.181764+00:00,"{""client_ts"": ""2026-09-04T16:48:13.082Z"", ""element_id"": ""up-streak"", ""element_label"": ""up-streak"", ""element_type"": ""trend_alert"", ""event_name"": ""shown"", ""message"": ""Price went up 3 times in the last 3 ticks!"", ""trader_id"": ""749256ad-1c4d-4594-b9e8-7fefed90053b""}",1788540493.190993
a408e6d9-dec9-440e-afa8-82da65894e36,df3dbac5-ccc8-455a-b3f8-8054545c96cb,HUMAN,shown,trend_alert,up-streak,up-streak,2026-09-04T16:48:13.080Z,2026-09-04T16:48:13.195093+00:00,"{""client_ts"": ""2026-09-04T16:48:13.080Z"", ""element_id"": ""up-streak"", ""element_label"": ""up-streak"", ""element_type"": ""trend_alert"", ""event_name"": ""shown"", ""message"": ""Price went up 3 times in the last 3 ticks!"", ""trader_id"": ""df3dbac5-ccc8-455a-b3f8-8054545c96cb""}",1788540493.204701
a408e6d9-dec9-440e-afa8-82da65894e36,d937d2c2-fd74-4ec7-9174-d8dda639ca22,HUMAN,shown,trend_alert,up-streak,up-streak,2026-09-04T16:48:13.083Z,2026-09-04T16:48:13.210377+00:00,"{""client_ts"": ""2026-09-04T16:48:13.083Z"", ""element_id"": ""up-streak"", ""element_label"": ""up-streak"", ""element_type"": ""trend_alert"", ""event_name"": ""shown"", ""message"": ""Price went up 3 times in the last 3 ticks!"", ""trader_id"": ""d937d2c2-fd74-4ec7-9174-d8dda639ca22""}",1788540493.219881
0596faff-8414-4cd3-a91c-e9efce969037,f84876bd-a037-4146-a9e0-fa2ced5f14a3,HUMAN,shown,trend_alert,down-streak,down-streak,2026-09-04T16:51:22.086Z,2026-09-04T16:51:22.143381+00:00,"{""client_ts"": ""2026-09-04T16:51:22.086Z"", ""element_id"": ""down-streak"", ""element_label"": ""down-streak"", ""element_type"": ""trend_alert"", ""event_name"": ""shown"", ""message"": ""Price went down 3 times in the last 5 ticks!"", ""trader_id"": ""f84876bd-a037-4146-a9e0-fa2ced5f14a3""}",1788540682.150021
0596faff-8414-4cd3-a91c-e9efce969037,deb88f91-8cf0-496d-af59-3ea0fcbb8e20,HUMAN,shown,trend_alert,down-streak,down-streak,2026-09-04T16:51:22.089Z,2026-09-04T16:51:22.155885+00:00,"{""client_ts"": ""2026-09-04T16:51:22.089Z"", ""element_id"": ""down-streak"", ""element_label"": ""down-streak"", ""element_type"": ""trend_alert"", ""event_name"": ""shown"", ""message"": ""Price went down 3 times in the last 5 ticks!"", ""trader_id"": ""deb88f91-8cf0-496d-af59-3ea0fcbb8e20""}",1788540682.162395
0596faff-8414-4cd3-a91c-e9efce969037,6828a6e9-e23c-46f8-b9a0-9f715206c8ba,HUMAN,shown,trend_alert,down-streak,down-streak,2026-09-04T16:51:22.091Z,2026-09-04T16:51:22.165713+00:00,"{""client_ts"": ""2026-09-04T16:51:22.091Z"", ""element_id"": ""down-streak"", ""element_label"": ""down-streak"", ""element_type"": ""trend_alert"", ""event_name"": ""shown"", ""message"": ""Price went down 3 times in the last 5 ticks!"", ""trader_id"": ""6828a6e9-e23c-46f8-b9a0-9f715206c8ba""}",1788540682.172563
0596faff-8414-4cd3-a91c-e9efce969037,f0424c5c-891b-4c7d-ab98-66f8040dd592,HUMAN,shown,trend_alert,down-streak,down-streak,2026-09-04T16:51:22.088Z,2026-09-04T16:51:22.175601+00:00,"{""client_ts"": ""2026-09-04T16:51:22.088Z"", ""element_id"": ""down-streak"", ""element_label"": ""down-streak"", ""element_type"": ""trend_alert"", ""event_name"": ""shown"", ""message"": ""Price went down 3 times in the last 5 ticks!"", ""trader_id"": ""f0424c5c-891b-4c7d-ab98-66f8040dd592""}",1788540682.181628
0596faff-8414-4cd3-a91c-e9efce969037,d77c237c-bd8f-45ed-a388-3f58f0062686,HUMAN,shown,trend_alert,down-streak,down-streak,2026-09-04T16:51:22.085Z,2026-09-04T16:51:22.185106+00:00,"{""client_ts"": ""2026-09-04T16:51:22.085Z"", ""element_id"": ""down-streak"", ""element_label"": ""down-streak"", ""element_type"": ""trend_alert"", ""event_name"": ""shown"", ""message"": ""Price went down 3 times in the last 5 ticks!"", ""trader_id"": ""d77c237c-bd8f-45ed-a388-3f58f0062686""}",1788540682.19172
0596faff-8414-4cd3-a91c-e9efce969037,27c5cf8d-18ea-4b55-938f-ac739bdbf0c6,HUMAN,shown,trend_alert,down-streak,down-streak,2026-09-04T16:51:22.089Z,2026-09-04T16:51:22.194771+00:00,"{""client_ts"": ""2026-09-04T16:51:22.089Z"", ""element_id"": ""down-streak"", ""element_label"": ""down-streak"", ""element_type"": ""trend_alert"", ""event_name"": ""shown"", ""message"": ""Price went down 3 times in the last 5 ticks!"", ""trader_id"": ""27c5cf8d-18ea-4b55-938f-ac739bdbf0c6""}",1788540682.201154
e75d2478-5641-45fa-8bf9-15303b4720f3,83dba17b-0af0-4a73-8c79-a9cfacf59366,HUMAN,shown,trend_alert,up-streak,up-streak,2026-09-04T16:51:44.540Z,2026-09-04T16:51:44.640126+00:00,"{""client_ts"": ""2026-09-04T16:51:44.540Z"", ""element_id"": ""up-streak"", ""element_label"": ""up-streak"", ""element_type"": ""trend_alert"", ""event_name"": ""shown"", ""message"": ""Price went up 3 times in the last 4 ticks!"", ""trader_id"": ""83dba17b-0af0-4a73-8c79-a9cfacf59366""}",1788540704.647512
e75d2478-5641-45fa-8bf9-15303b4720f3,a05bfac5-0418-4559-bfc4-3c0dd45bcd36,HUMAN,shown,trend_alert,up-streak,up-streak,2026-09-04T16:51:44.546Z,2026-09-04T16:51:44.651126+00:00,"{""client_ts"": ""2026-09-04T16:51:44.546Z"", ""element_id"": ""up-streak"", ""element_label"": ""up-streak"", ""element_type"": ""trend_alert"", ""event_name"": ""shown"", ""message"": ""Price went up 3 times in the last 4 ticks!"", ""trader_id"": ""a05bfac5-0418-4559-bfc4-3c0dd45bcd36""}",1788540704.658234
e75d2478-5641-45fa-8bf9-15303b4720f3,352cbd86-93f1-463f-a006-b1d6ed612217,HUMAN,shown,trend_alert,up-streak,up-streak,2026-09-04T16:51:44.543Z,2026-09-04T16:51:44.661612+00:00,"{""client_ts"": ""2026-09-04T16:51:44.543Z"", ""element_id"": ""up-streak"", ""element_label"": ""up-streak"", ""element_type"": ""trend_alert"", ""event_name"": ""shown"", ""message"": ""Price went up 3 times in the last 4 ticks!"", ""trader_id"": ""352cbd86-93f1-463f-a006-b1d6ed612217""}",1788540704.668379
e75d2478-5641-45fa-8bf9-15303b4720f3,4c0e40a1-ec8b-43c6-97ed-2ac45ff5d1b2,HUMAN,shown,trend_alert,up-streak,up-streak,2026-09-04T16:51:44.546Z,2026-09-04T16:51:44.672168+00:00,"{""client_ts"": ""2026-09-04T16:51:44.546Z"", ""element_id"": ""up-streak"", ""element_label"": ""up-streak"", ""element_type"": ""trend_alert"", ""event_name"": ""shown"", ""message"": ""Price went up 3 times in the last 4 ticks!"", ""trader_id"": ""4c0e40a1-ec8b-43c6-97ed-2ac45ff5d1b2""}",1788540704.679253
e75d2478-5641-45fa-8bf9-15303b4720f3,18f97bcb-3bff-4032-a1d3-6a9922113afe,HUMAN,shown,trend_alert,up-streak,up-streak,2026-09-04T16:51:44.535Z,2026-09-04T16:51:44.682687+00:00,"{""client_ts"": ""2026-09-04T16:51:44.535Z"", ""element_id"": ""up-streak"", ""element_label"": ""up-streak"", ""element_type"": ""trend_alert"", ""event_name"": ""shown"", ""message"": ""Price went up 3 times in the last 4 ticks!"", ""trader_id"": ""18f97bcb-3bff-4032-a1d3-6a9922113afe""}",1788540704.689427
e75d2478-5641-45fa-8bf9-15303b4720f3,8dd4a26c-c32c-4462-a1d2-afa867669de4,HUMAN,shown,trend_alert,up-streak,up-streak,2026-09-04T16:51:44.551Z,2026-09-04T16:51:44.693128+00:00,"{""client_ts"": ""2026-09-04T16:51:44.551Z"", ""element_id"": ""up-streak"", ""element_label"": ""up-streak"", ""element_type"": ""trend_alert"", ""event_name"": ""shown"", ""message"": ""Price went up 3 times in the last 4 ticks!"", ""trader_id"": ""8dd4a26c-c32c-4462-a1d2-afa867669de4""}",1788540704.700592
e75d2478-5641-45fa-8bf9-15303b4720f3,8dd4a26c-c32c-4462-a1d2-afa867669de4,HUMAN,shown,badge_unlock,bronze,Bronze,2026-09-04T16:52:11.213Z,2026-09-04T16:52:11.264412+00:00,"{""client_ts"": ""2026-09-04T16:52:11.213Z"", ""element_id"": ""bronze"", ""element_label"": ""Bronze"", ""element_type"": ""badge_unlock"", ""event_name"": ""shown"", ""total_trades_threshold"": 10, ""trader_id"": ""8dd4a26c-c32c-4462-a1d2-afa867669de4""}",1788540731.271191
e75d2478-5641-45fa-8bf9-15303b4720f3,8dd4a26c-c32c-4462-a1d2-afa867669de4,HUMAN,shown,badge_modal,bronze,Bronze,2026-09-04T16:52:11.214Z,2026-09-04T16:52:11.274405+00:00,"{""client_ts"": ""2026-09-04T16:52:11.214Z"", ""element_id"": ""bronze"", ""element_label"": ""Bronze"", ""element_type"": ""badge_modal"", ""event_name"": ""shown"", ""message"": ""Level up! Doing well"", ""total_trades"": 10, ""trader_id"": ""8dd4a26c-c32c-4462-a1d2-afa867669de4""}",1788540731.281114
e75d2478-5641-45fa-8bf9-15303b4720f3,8dd4a26c-c32c-4462-a1d2-afa867669de4,HUMAN,shown,badge_gif,bronze,Bronze,2026-09-04T16:52:11.214Z,2026-09-04T16:52:11.284117+00:00,"{""client_ts"": ""2026-09-04T16:52:11.214Z"", ""element_id"": ""bronze"", ""element_label"": ""Bronze"", ""element_type"": ""badge_gif"", ""event_name"": ""shown"", ""gif"": ""/static/trader_bridge_app/vue/assets/bronze.gif"", ""trader_id"": ""8dd4a26c-c32c-4462-a1d2-afa867669de4""}",1788540731.290412
e75d2478-5641-45fa-8bf9-15303b4720f3,8dd4a26c-c32c-4462-a1d2-afa867669de4,HUMAN,shown,badge_unlock,silver,Silver,2026-09-04T16:52:24.698Z,2026-09-04T16:52:24.748964+00:00,"{""client_ts"": ""2026-09-04T16:52:24.698Z"", ""element_id"": ""silver"", ""element_label"": ""Silver"", ""element_type"": ""badge_unlock"", ""event_name"": ""shown"", ""total_trades_threshold"": 15, ""trader_id"": ""8dd4a26c-c32c-4462-a1d2-afa867669de4""}",1788540744.755863
e75d2478-5641-45fa-8bf9-15303b4720f3,8dd4a26c-c32c-4462-a1d2-afa867669de4,HUMAN,shown,badge_modal,silver,Silver,2026-09-04T16:52:24.698Z,2026-09-04T16:52:24.759692+00:00,"{""client_ts"": ""2026-09-04T16:52:24.698Z"", ""element_id"": ""silver"", ""element_label"": ""Silver"", ""element_type"": ""badge_modal"", ""event_name"": ""shown"", ""message"": ""You belong on the trading floor!"", ""total_trades"": 15, ""trader_id"": ""8dd4a26c-c32c-4462-a1d2-afa867669de4""}",1788540744.766215
e75d2478-5641-45fa-8bf9-15303b4720f3,8dd4a26c-c32c-4462-a1d2-afa867669de4,HUMAN,shown,badge_gif,silver,Silver,2026-09-04T16:52:24.698Z,2026-09-04T16:52:24.770079+00:00,"{""client_ts"": ""2026-09-04T16:52:24.698Z"", ""element_id"": ""silver"", ""element_label"": ""Silver"", ""element_type"": ""badge_gif"", ""event_name"": ""shown"", ""gif"": ""/static/trader_bridge_app/vue/assets/silver.gif"", ""trader_id"": ""8dd4a26c-c32c-4462-a1d2-afa867669de4""}",1788540744.776931
e75d2478-5641-45fa-8bf9-15303b4720f3,83dba17b-0af0-4a73-8c79-a9cfacf59366,HUMAN,shown,badge_unlock,bronze,Bronze,2026-09-04T16:52:33.949Z,2026-09-04T16:52:34.011146+00:00,"{""client_ts"": ""2026-09-04T16:52:33.949Z"", ""element_id"": ""bronze"", ""element_label"": ""Bronze"", ""element_type"": ""badge_unlock"", ""event_name"": ""shown"", ""total_trades_threshold"": 10, ""trader_id"": ""83dba17b-0af0-4a73-8c79-a9cfacf59366""}",1788540754.017691
e75d2478-5641-45fa-8bf9-15303b4720f3,83dba17b-0af0-4a73-8c79-a9cfacf59366,HUMAN,shown,badge_modal,bronze,Bronze,2026-09-04T16:52:33.949Z,2026-09-04T16:52:34.024068+00:00,"{""client_ts"": ""2026-09-04T16:52:33.949Z"", ""element_id"": ""bronze"", ""element_label"": ""Bronze"", ""element_type"": ""badge_modal"", ""event_name"": ""shown"", ""message"": ""Level up! Doing well"", ""total_trades"": 10, ""trader_id"": ""83dba17b-0af0-4a73-8c79-a9cfacf59366""}",1788540754.030455
e75d2478-5641-45fa-8bf9-15303b4720f3,83dba17b-0af0-4a73-8c79-a9cfacf59366,HUMAN,shown,badge_gif,bronze,Bronze,2026-09-04T16:52:33.949Z,2026-09-04T16:52:34.033854+00:00,"{""client_ts"": ""2026-09-04T16:52:33.949Z"", ""element_id"": ""bronze"", ""element_label"": ""Bronze"", ""element_type"": ""badge_gif"", ""event_name"": ""shown"", ""gif"": ""/static/trader_bridge_app/vue/assets/bronze.gif"", ""trader_id"": ""83dba17b-0af0-4a73-8c79-a9cfacf59366""}",1788540754.040285
e75d2478-5641-45fa-8bf9-15303b4720f3,8dd4a26c-c32c-4462-a1d2-afa867669de4,HUMAN,shown,trend_alert,up-streak,up-streak,2026-09-04T16:52:34.001Z,2026-09-04T16:52:34.052112+00:00,"{""client_ts"": ""2026-09-04T16:52:34.001Z"", ""element_id"": ""up-streak"", ""element_label"": ""up-streak"", ""element_type"": ""trend_alert"", ""event_name"": ""shown"", ""message"": ""Price went up 3 times in the last 5 ticks!"", ""trader_id"": ""8dd4a26c-c32c-4462-a1d2-afa867669de4""}",1788540754.059395
e75d2478-5641-45fa-8bf9-15303b4720f3,83dba17b-0af0-4a73-8c79-a9cfacf59366,HUMAN,shown,trend_alert,up-streak,up-streak,2026-09-04T16:52:33.993Z,2026-09-04T16:52:34.067551+00:00,"{""client_ts"": ""2026-09-04T16:52:33.993Z"", ""element_id"": ""up-streak"", ""element_label"": ""up-streak"", ""element_type"": ""trend_alert"", ""event_name"": ""shown"", ""message"": ""Price went up 3 times in the last 5 ticks!"", ""trader_id"": ""83dba17b-0af0-4a73-8c79-a9cfacf59366""}",1788540754.074032
e75d2478-5641-45fa-8bf9-15303b4720f3,a05bfac5-0418-4559-bfc4-3c0dd45bcd36,HUMAN,shown,trend_alert,up-streak,up-streak,2026-09-04T16:52:34.000Z,2026-09-04T16:52:34.077111+00:00,"{""client_ts"": ""2026-09-04T16:52:34.000Z"", ""element_id"": ""up-streak"", ""element_label"": ""up-streak"", ""element_type"": ""trend_alert"", ""event_name"": ""shown"", ""message"": ""Price went up 3 times in the last 5 ticks!"", ""trader_id"": ""a05bfac5-0418-4559-bfc4-3c0dd45bcd36""}",1788540754.083046
e75d2478-5641-45fa-8bf9-15303b4720f3,18f97bcb-3bff-4032-a1d3-6a9922113afe,HUMAN,shown,trend_alert,up-streak,up-streak,2026-09-04T16:52:33.988Z,2026-09-04T16:52:34.086354+00:00,"{""client_ts"": ""2026-09-04T16:52:33.988Z"", ""element_id"": ""up-streak"", ""element_label"": ""up-streak"", ""element_type"": ""trend_alert"", ""event_name"": ""shown"", ""message"": ""Price went up 3 times in the last 5 ticks!"", ""trader_id"": ""18f97bcb-3bff-4032-a1d3-6a9922113afe""}",1788540754.092115
e75d2478-5641-45fa-8bf9-15303b4720f3,4c0e40a1-ec8b-43c6-97ed-2ac45ff5d1b2,HUMAN,shown,trend_alert,up-streak,up-streak,2026-09-04T16:52:33.999Z,2026-09-04T16:52:34.096054+00:00,"{""client_ts"": ""2026-09-04T16:52:33.999Z"", ""element_id"": ""up-streak"", ""element_label"": ""up-streak"", ""element_type"": ""trend_alert"", ""event_name"": ""shown"", ""message"": ""Price went up 3 times in the last 5 ticks!"", ""trader_id"": ""4c0e40a1-ec8b-43c6-97ed-2ac45ff5d1b2""}",1788540754.102886
e75d2478-5641-45fa-8bf9-15303b4720f3,352cbd86-93f1-463f-a006-b1d6ed612217,HUMAN,shown,trend_alert,up-streak,up-streak,2026-09-04T16:52:34.001Z,2026-09-04T16:52:34.106496+00:00,"{""client_ts"": ""2026-09-04T16:52:34.001Z"", ""element_id"": ""up-streak"", ""element_label"": ""up-streak"", ""element_type"": ""trend_alert"", ""event_name"": ""shown"", ""message"": ""Price went up 3 times in the last 5 ticks!"", ""trader_id"": ""352cbd86-93f1-463f-a006-b1d6ed612217""}",1788540754.113256
0596faff-8414-4cd3-a91c-e9efce969037,27c5cf8d-18ea-4b55-938f-ac739bdbf0c6,HUMAN,shown,trend_alert,up-streak,up-streak,2026-09-04T16:52:36.855Z,2026-09-04T16:52:36.933126+00:00,"{""client_ts"": ""2026-09-04T16:52:36.855Z"", ""element_id"": ""up-streak"", ""element_label"": ""up-streak"", ""element_type"": ""trend_alert"", ""event_name"": ""shown"", ""message"": ""Price went up 3 times in the last 5 ticks!"", ""trader_id"": ""27c5cf8d-18ea-4b55-938f-ac739bdbf0c6""}",1788540756.940172
0596faff-8414-4cd3-a91c-e9efce969037,deb88f91-8cf0-496d-af59-3ea0fcbb8e20,HUMAN,shown,trend_alert,up-streak,up-streak,2026-09-04T16:52:36.852Z,2026-09-04T16:52:36.943730+00:00,"{""client_ts"": ""2026-09-04T16:52:36.852Z"", ""element_id"": ""up-streak"", ""element_label"": ""up-streak"", ""element_type"": ""trend_alert"", ""event_name"": ""shown"", ""message"": ""Price went up 3 times in the last 5 ticks!"", ""trader_id"": ""deb88f91-8cf0-496d-af59-3ea0fcbb8e20""}",1788540756.950812
0596faff-8414-4cd3-a91c-e9efce969037,f0424c5c-891b-4c7d-ab98-66f8040dd592,HUMAN,shown,trend_alert,up-streak,up-streak,2026-09-04T16:52:36.850Z,2026-09-04T16:52:36.954133+00:00,"{""client_ts"": ""2026-09-04T16:52:36.850Z"", ""element_id"": ""up-streak"", ""element_label"": ""up-streak"", ""element_type"": ""trend_alert"", ""event_name"": ""shown"", ""message"": ""Price went up 3 times in the last 5 ticks!"", ""trader_id"": ""f0424c5c-891b-4c7d-ab98-66f8040dd592""}",1788540756.960513
0596faff-8414-4cd3-a91c-e9efce969037,6828a6e9-e23c-46f8-b9a0-9f715206c8ba,HUMAN,shown,trend_alert,up-streak,up-streak,2026-09-04T16:52:36.856Z,2026-09-04T16:52:36.964139+00:00,"{""client_ts"": ""2026-09-04T16:52:36.856Z"", ""element_id"": ""up-streak"", ""element_label"": ""up-streak"", ""element_type"": ""trend_alert"", ""event_name"": ""shown"", ""message"": ""Price went up 3 times in the last 5 ticks!"", ""trader_id"": ""6828a6e9-e23c-46f8-b9a0-9f715206c8ba""}",1788540756.970829
0596faff-8414-4cd3-a91c-e9efce969037,f84876bd-a037-4146-a9e0-fa2ced5f14a3,HUMAN,shown,trend_alert,up-streak,up-streak,2026-09-04T16:52:36.857Z,2026-09-04T16:52:36.974068+00:00,"{""client_ts"": ""2026-09-04T16:52:36.857Z"", ""element_id"": ""up-streak"", ""element_label"": ""up-streak"", ""element_type"": ""trend_alert"", ""event_name"": ""shown"", ""message"": ""Price went up 3 times in the last 5 ticks!"", ""trader_id"": ""f84876bd-a037-4146-a9e0-fa2ced5f14a3""}",1788540756.980898
0596faff-8414-4cd3-a91c-e9efce969037,d77c237c-bd8f-45ed-a388-3f58f0062686,HUMAN,shown,trend_alert,up-streak,up-streak,2026-09-04T16:52:36.851Z,2026-09-04T16:52:36.984512+00:00,"{""client_ts"": ""2026-09-04T16:52:36.851Z"", ""element_id"": ""up-streak"", ""element_label"": ""up-streak"", ""element_type"": ""trend_alert"", ""event_name"": ""shown"", ""message"": ""Price went up 3 times in the last 5 ticks!"", ""trader_id"": ""d77c237c-bd8f-45ed-a388-3f58f0062686""}",1788540756.991313
e75d2478-5641-45fa-8bf9-15303b4720f3,4c0e40a1-ec8b-43c6-97ed-2ac45ff5d1b2,HUMAN,shown,badge_unlock,bronze,Bronze,2026-09-04T16:53:15.163Z,2026-09-04T16:53:15.221479+00:00,"{""client_ts"": ""2026-09-04T16:53:15.163Z"", ""element_id"": ""bronze"", ""element_label"": ""Bronze"", ""element_type"": ""badge_unlock"", ""event_name"": ""shown"", ""total_trades_threshold"": 10, ""trader_id"": ""4c0e40a1-ec8b-43c6-97ed-2ac45ff5d1b2""}",1788540795.228543
e75d2478-5641-45fa-8bf9-15303b4720f3,4c0e40a1-ec8b-43c6-97ed-2ac45ff5d1b2,HUMAN,shown,badge_modal,bronze,Bronze,2026-09-04T16:53:15.163Z,2026-09-04T16:53:15.235034+00:00,"{""client_ts"": ""2026-09-04T16:53:15.163Z"", ""element_id"": ""bronze"", ""element_label"": ""Bronze"", ""element_type"": ""badge_modal"", ""event_name"": ""shown"", ""message"": ""Level up! Doing well"", ""total_trades"": 10, ""trader_id"": ""4c0e40a1-ec8b-43c6-97ed-2ac45ff5d1b2""}",1788540795.24216
e75d2478-5641-45fa-8bf9-15303b4720f3,4c0e40a1-ec8b-43c6-97ed-2ac45ff5d1b2,HUMAN,shown,badge_gif,bronze,Bronze,2026-09-04T16:53:15.163Z,2026-09-04T16:53:15.248131+00:00,"{""client_ts"": ""2026-09-04T16:53:15.163Z"", ""element_id"": ""bronze"", ""element_label"": ""Bronze"", ""element_type"": ""badge_gif"", ""event_name"": ""shown"", ""gif"": ""/static/trader_bridge_app/vue/assets/bronze.gif"", ""trader_id"": ""4c0e40a1-ec8b-43c6-97ed-2ac45ff5d1b2""}",1788540795.254632
e75d2478-5641-45fa-8bf9-15303b4720f3,83dba17b-0af0-4a73-8c79-a9cfacf59366,HUMAN,shown,badge_unlock,silver,Silver,2026-09-04T16:53:27.141Z,2026-09-04T16:53:27.205583+00:00,"{""client_ts"": ""2026-09-04T16:53:27.141Z"", ""element_id"": ""silver"", ""element_label"": ""Silver"", ""element_type"": ""badge_unlock"", ""event_name"": ""shown"", ""total_trades_threshold"": 15, ""trader_id"": ""83dba17b-0af0-4a73-8c79-a9cfacf59366""}",1788540807.213039
e75d2478-5641-45fa-8bf9-15303b4720f3,83dba17b-0af0-4a73-8c79-a9cfacf59366,HUMAN,shown,badge_modal,silver,Silver,2026-09-04T16:53:27.141Z,2026-09-04T16:53:27.219780+00:00,"{""client_ts"": ""2026-09-04T16:53:27.141Z"", ""element_id"": ""silver"", ""element_label"": ""Silver"", ""element_type"": ""badge_modal"", ""event_name"": ""shown"", ""message"": ""You belong on the trading floor!"", ""total_trades"": 15, ""trader_id"": ""83dba17b-0af0-4a73-8c79-a9cfacf59366""}",1788540807.226656
e75d2478-5641-45fa-8bf9-15303b4720f3,83dba17b-0af0-4a73-8c79-a9cfacf59366,HUMAN,shown,badge_gif,silver,Silver,2026-09-04T16:53:27.141Z,2026-09-04T16:53:27.230218+00:00,"{""client_ts"": ""2026-09-04T16:53:27.141Z"", ""element_id"": ""silver"", ""element_label"": ""Silver"", ""element_type"": ""badge_gif"", ""event_name"": ""shown"", ""gif"": ""/static/trader_bridge_app/vue/assets/silver.gif"", ""trader_id"": ""83dba17b-0af0-4a73-8c79-a9cfacf59366""}",1788540807.237017
e75d2478-5641-45fa-8bf9-15303b4720f3,4c0e40a1-ec8b-43c6-97ed-2ac45ff5d1b2,HUMAN,shown,badge_unlock,silver,Silver,2026-09-04T16:53:34.129Z,2026-09-04T16:53:34.237805+00:00,"{""client_ts"": ""2026-09-04T16:53:34.129Z"", ""element_id"": ""silver"", ""element_label"": ""Silver"", ""element_type"": ""badge_unlock"", ""event_name"": ""shown"", ""total_trades_threshold"": 15, ""trader_id"": ""4c0e40a1-ec8b-43c6-97ed-2ac45ff5d1b2""}",1788540814.244127
e75d2478-5641-45fa-8bf9-15303b4720f3,4c0e40a1-ec8b-43c6-97ed-2ac45ff5d1b2,HUMAN,shown,badge_modal,silver,Silver,2026-09-04T16:53:34.129Z,2026-09-04T16:53:34.250060+00:00,"{""client_ts"": ""2026-09-04T16:53:34.129Z"", ""element_id"": ""silver"", ""element_label"": ""Silver"", ""element_type"": ""badge_modal"", ""event_name"": ""shown"", ""message"": ""You belong on the trading floor!"", ""total_trades"": 15, ""trader_id"": ""4c0e40a1-ec8b-43c6-97ed-2ac45ff5d1b2""}",1788540814.256146
e75d2478-5641-45fa-8bf9-15303b4720f3,4c0e40a1-ec8b-43c6-97ed-2ac45ff5d1b2,HUMAN,shown,badge_gif,silver,Silver,2026-09-04T16:53:34.129Z,2026-09-04T16:53:34.314484+00:00,"{""client_ts"": ""2026-09-04T16:53:34.129Z"", ""element_id"": ""silver"", ""element_label"": ""Silver"", ""element_type"": ""badge_gif"", ""event_name"": ""shown"", ""gif"": ""/static/trader_bridge_app/vue/assets/silver.gif"", ""trader_id"": ""4c0e40a1-ec8b-43c6-97ed-2ac45ff5d1b2""}",1788540814.321904
e75d2478-5641-45fa-8bf9-15303b4720f3,352cbd86-93f1-463f-a006-b1d6ed612217,HUMAN,shown,badge_unlock,bronze,Bronze,2026-09-04T16:53:53.081Z,2026-09-04T16:53:53.188039+00:00,"{""client_ts"": ""2026-09-04T16:53:53.081Z"", ""element_id"": ""bronze"", ""element_label"": ""Bronze"", ""element_type"": ""badge_unlock"", ""event_name"": ""shown"", ""total_trades_threshold"": 10, ""trader_id"": ""352cbd86-93f1-463f-a006-b1d6ed612217""}",1788540833.195339
e75d2478-5641-45fa-8bf9-15303b4720f3,352cbd86-93f1-463f-a006-b1d6ed612217,HUMAN,shown,badge_modal,bronze,Bronze,2026-09-04T16:53:53.081Z,2026-09-04T16:53:53.200869+00:00,"{""client_ts"": ""2026-09-04T16:53:53.081Z"", ""element_id"": ""bronze"", ""element_label"": ""Bronze"", ""element_type"": ""badge_modal"", ""event_name"": ""shown"", ""message"": ""Level up! Doing well"", ""total_trades"": 10, ""trader_id"": ""352cbd86-93f1-463f-a006-b1d6ed612217""}",1788540833.208112
e75d2478-5641-45fa-8bf9-15303b4720f3,352cbd86-93f1-463f-a006-b1d6ed612217,HUMAN,shown,badge_gif,bronze,Bronze,2026-09-04T16:53:53.081Z,2026-09-04T16:53:53.212989+00:00,"{""client_ts"": ""2026-09-04T16:53:53.081Z"", ""element_id"": ""bronze"", ""element_label"": ""Bronze"", ""element_type"": ""badge_gif"", ""event_name"": ""shown"", ""gif"": ""/static/trader_bridge_app/vue/assets/bronze.gif"", ""trader_id"": ""352cbd86-93f1-463f-a006-b1d6ed612217""}",1788540833.219761
0596faff-8414-4cd3-a91c-e9efce969037,d77c237c-bd8f-45ed-a388-3f58f0062686,HUMAN,shown,badge_unlock,bronze,Bronze,2026-09-04T16:54:14.012Z,2026-09-04T16:54:14.077218+00:00,"{""client_ts"": ""2026-09-04T16:54:14.012Z"", ""element_id"": ""bronze"", ""element_label"": ""Bronze"", ""element_type"": ""badge_unlock"", ""event_name"": ""shown"", ""total_trades_threshold"": 10, ""trader_id"": ""d77c237c-bd8f-45ed-a388-3f58f0062686""}",1788540854.085217
0596faff-8414-4cd3-a91c-e9efce969037,d77c237c-bd8f-45ed-a388-3f58f0062686,HUMAN,shown,badge_modal,bronze,Bronze,2026-09-04T16:54:14.012Z,2026-09-04T16:54:14.088980+00:00,"{""client_ts"": ""2026-09-04T16:54:14.012Z"", ""element_id"": ""bronze"", ""element_label"": ""Bronze"", ""element_type"": ""badge_modal"", ""event_name"": ""shown"", ""message"": ""Level up! Doing well"", ""total_trades"": 10, ""trader_id"": ""d77c237c-bd8f-45ed-a388-3f58f0062686""}",1788540854.096279
0596faff-8414-4cd3-a91c-e9efce969037,d77c237c-bd8f-45ed-a388-3f58f0062686,HUMAN,shown,badge_gif,bronze,Bronze,2026-09-04T16:54:14.012Z,2026-09-04T16:54:14.100014+00:00,"{""client_ts"": ""2026-09-04T16:54:14.012Z"", ""element_id"": ""bronze"", ""element_label"": ""Bronze"", ""element_type"": ""badge_gif"", ""event_name"": ""shown"", ""gif"": ""/static/trader_bridge_app/vue/assets/bronze.gif"", ""trader_id"": ""d77c237c-bd8f-45ed-a388-3f58f0062686""}",1788540854.107455
0596faff-8414-4cd3-a91c-e9efce969037,f0424c5c-891b-4c7d-ab98-66f8040dd592,HUMAN,shown,badge_unlock,bronze,Bronze,2026-09-04T16:54:19.583Z,2026-09-04T16:54:19.650621+00:00,"{""client_ts"": ""2026-09-04T16:54:19.583Z"", ""element_id"": ""bronze"", ""element_label"": ""Bronze"", ""element_type"": ""badge_unlock"", ""event_name"": ""shown"", ""total_trades_threshold"": 10, ""trader_id"": ""f0424c5c-891b-4c7d-ab98-66f8040dd592""}",1788540859.658203
0596faff-8414-4cd3-a91c-e9efce969037,f0424c5c-891b-4c7d-ab98-66f8040dd592,HUMAN,shown,badge_modal,bronze,Bronze,2026-09-04T16:54:19.583Z,2026-09-04T16:54:19.665440+00:00,"{""client_ts"": ""2026-09-04T16:54:19.583Z"", ""element_id"": ""bronze"", ""element_label"": ""Bronze"", ""element_type"": ""badge_modal"", ""event_name"": ""shown"", ""message"": ""Level up! Doing well"", ""total_trades"": 10, ""trader_id"": ""f0424c5c-891b-4c7d-ab98-66f8040dd592""}",1788540859.671866
0596faff-8414-4cd3-a91c-e9efce969037,f0424c5c-891b-4c7d-ab98-66f8040dd592,HUMAN,shown,badge_gif,bronze,Bronze,2026-09-04T16:54:19.584Z,2026-09-04T16:54:19.675425+00:00,"{""client_ts"": ""2026-09-04T16:54:19.584Z"", ""element_id"": ""bronze"", ""element_label"": ""Bronze"", ""element_type"": ""badge_gif"", ""event_name"": ""shown"", ""gif"": ""/static/trader_bridge_app/vue/assets/bronze.gif"", ""trader_id"": ""f0424c5c-891b-4c7d-ab98-66f8040dd592""}",1788540859.68194
0596faff-8414-4cd3-a91c-e9efce969037,27c5cf8d-18ea-4b55-938f-ac739bdbf0c6,HUMAN,shown,badge_unlock,bronze,Bronze,2026-09-04T16:54:41.709Z,2026-09-04T16:54:41.761010+00:00,"{""client_ts"": ""2026-09-04T16:54:41.709Z"", ""element_id"": ""bronze"", ""element_label"": ""Bronze"", ""element_type"": ""badge_unlock"", ""event_name"": ""shown"", ""total_trades_threshold"": 10, ""trader_id"": ""27c5cf8d-18ea-4b55-938f-ac739bdbf0c6""}",1788540881.767906
0596faff-8414-4cd3-a91c-e9efce969037,27c5cf8d-18ea-4b55-938f-ac739bdbf0c6,HUMAN,shown,badge_modal,bronze,Bronze,2026-09-04T16:54:41.710Z,2026-09-04T16:54:41.771779+00:00,"{""client_ts"": ""2026-09-04T16:54:41.710Z"", ""element_id"": ""bronze"", ""element_label"": ""Bronze"", ""element_type"": ""badge_modal"", ""event_name"": ""shown"", ""message"": ""Level up! Doing well"", ""total_trades"": 10, ""trader_id"": ""27c5cf8d-18ea-4b55-938f-ac739bdbf0c6""}",1788540881.778037
0596faff-8414-4cd3-a91c-e9efce969037,27c5cf8d-18ea-4b55-938f-ac739bdbf0c6,HUMAN,shown,badge_gif,bronze,Bronze,2026-09-04T16:54:41.710Z,2026-09-04T16:54:41.781501+00:00,"{""client_ts"": ""2026-09-04T16:54:41.710Z"", ""element_id"": ""bronze"", ""element_label"": ""Bronze"", ""element_type"": ""badge_gif"", ""event_name"": ""shown"", ""gif"": ""/static/trader_bridge_app/vue/assets/bronze.gif"", ""trader_id"": ""27c5cf8d-18ea-4b55-938f-ac739bdbf0c6""}",1788540881.787523
e75d2478-5641-45fa-8bf9-15303b4720f3,352cbd86-93f1-463f-a006-b1d6ed612217,HUMAN,shown,badge_unlock,silver,Silver,2026-09-04T16:55:24.584Z,2026-09-04T16:55:24.694093+00:00,"{""client_ts"": ""2026-09-04T16:55:24.584Z"", ""element_id"": ""silver"", ""element_label"": ""Silver"", ""element_type"": ""badge_unlock"", ""event_name"": ""shown"", ""total_trades_threshold"": 15, ""trader_id"": ""352cbd86-93f1-463f-a006-b1d6ed612217""}",1788540924.700398
e75d2478-5641-45fa-8bf9-15303b4720f3,352cbd86-93f1-463f-a006-b1d6ed612217,HUMAN,shown,badge_modal,silver,Silver,2026-09-04T16:55:24.584Z,2026-09-04T16:55:24.704432+00:00,"{""client_ts"": ""2026-09-04T16:55:24.584Z"", ""element_id"": ""silver"", ""element_label"": ""Silver"", ""element_type"": ""badge_modal"", ""event_name"": ""shown"", ""message"": ""You belong on the trading floor!"", ""total_trades"": 15, ""trader_id"": ""352cbd86-93f1-463f-a006-b1d6ed612217""}",1788540924.710851
e75d2478-5641-45fa-8bf9-15303b4720f3,352cbd86-93f1-463f-a006-b1d6ed612217,HUMAN,shown,badge_gif,silver,Silver,2026-09-04T16:55:24.584Z,2026-09-04T16:55:24.714976+00:00,"{""client_ts"": ""2026-09-04T16:55:24.584Z"", ""element_id"": ""silver"", ""element_label"": ""Silver"", ""element_type"": ""badge_gif"", ""event_name"": ""shown"", ""gif"": ""/static/trader_bridge_app/vue/assets/silver.gif"", ""trader_id"": ""352cbd86-93f1-463f-a006-b1d6ed612217""}",1788540924.721135
e75d2478-5641-45fa-8bf9-15303b4720f3,a05bfac5-0418-4559-bfc4-3c0dd45bcd36,HUMAN,shown,badge_unlock,bronze,Bronze,2026-09-04T16:55:27.214Z,2026-09-04T16:55:27.272160+00:00,"{""client_ts"": ""2026-09-04T16:55:27.214Z"", ""element_id"": ""bronze"", ""element_label"": ""Bronze"", ""element_type"": ""badge_unlock"", ""event_name"": ""shown"", ""total_trades_threshold"": 10, ""trader_id"": ""a05bfac5-0418-4559-bfc4-3c0dd45bcd36""}",1788540927.278829
e75d2478-5641-45fa-8bf9-15303b4720f3,a05bfac5-0418-4559-bfc4-3c0dd45bcd36,HUMAN,shown,badge_modal,bronze,Bronze,2026-09-04T16:55:27.214Z,2026-09-04T16:55:27.332071+00:00,"{""client_ts"": ""2026-09-04T16:55:27.214Z"", ""element_id"": ""bronze"", ""element_label"": ""Bronze"", ""element_type"": ""badge_modal"", ""event_name"": ""shown"", ""message"": ""Level up! Doing well"", ""total_trades"": 10, ""trader_id"": ""a05bfac5-0418-4559-bfc4-3c0dd45bcd36""}",1788540927.337672
e75d2478-5641-45fa-8bf9-15303b4720f3,a05bfac5-0418-4559-bfc4-3c0dd45bcd36,HUMAN,shown,badge_gif,bronze,Bronze,2026-09-04T16:55:27.214Z,2026-09-04T16:55:27.343684+00:00,"{""client_ts"": ""2026-09-04T16:55:27.214Z"", ""element_id"": ""bronze"", ""element_label"": ""Bronze"", ""element_type"": ""badge_gif"", ""event_name"": ""shown"", ""gif"": ""/static/trader_bridge_app/vue/assets/bronze.gif"", ""trader_id"": ""a05bfac5-0418-4559-bfc4-3c0dd45bcd36""}",1788540927.349923
e75d2478-5641-45fa-8bf9-15303b4720f3,8dd4a26c-c32c-4462-a1d2-afa867669de4,HUMAN,shown,trend_alert,down-streak,down-streak,2026-09-04T16:55:32.389Z,2026-09-04T16:55:32.441801+00:00,"{""client_ts"": ""2026-09-04T16:55:32.389Z"", ""element_id"": ""down-streak"", ""element_label"": ""down-streak"", ""element_type"": ""trend_alert"", ""event_name"": ""shown"", ""message"": ""Price went down 3 times in the last 5 ticks!"", ""trader_id"": ""8dd4a26c-c32c-4462-a1d2-afa867669de4""}",1788540932.448339
e75d2478-5641-45fa-8bf9-15303b4720f3,352cbd86-93f1-463f-a006-b1d6ed612217,HUMAN,shown,trend_alert,down-streak,down-streak,2026-09-04T16:55:32.388Z,2026-09-04T16:55:32.452228+00:00,"{""client_ts"": ""2026-09-04T16:55:32.388Z"", ""element_id"": ""down-streak"", ""element_label"": ""down-streak"", ""element_type"": ""trend_alert"", ""event_name"": ""shown"", ""message"": ""Price went down 3 times in the last 5 ticks!"", ""trader_id"": ""352cbd86-93f1-463f-a006-b1d6ed612217""}",1788540932.458412
e75d2478-5641-45fa-8bf9-15303b4720f3,a05bfac5-0418-4559-bfc4-3c0dd45bcd36,HUMAN,shown,trend_alert,down-streak,down-streak,2026-09-04T16:55:32.385Z,2026-09-04T16:55:32.462170+00:00,"{""client_ts"": ""2026-09-04T16:55:32.385Z"", ""element_id"": ""down-streak"", ""element_label"": ""down-streak"", ""element_type"": ""trend_alert"", ""event_name"": ""shown"", ""message"": ""Price went down 3 times in the last 5 ticks!"", ""trader_id"": ""a05bfac5-0418-4559-bfc4-3c0dd45bcd36""}",1788540932.468242
e75d2478-5641-45fa-8bf9-15303b4720f3,83dba17b-0af0-4a73-8c79-a9cfacf59366,HUMAN,shown,trend_alert,down-streak,down-streak,2026-09-04T16:55:32.382Z,2026-09-04T16:55:32.471327+00:00,"{""client_ts"": ""2026-09-04T16:55:32.382Z"", ""element_id"": ""down-streak"", ""element_label"": ""down-streak"", ""element_type"": ""trend_alert"", ""event_name"": ""shown"", ""message"": ""Price went down 3 times in the last 5 ticks!"", ""trader_id"": ""83dba17b-0af0-4a73-8c79-a9cfacf59366""}",1788540932.477151
e75d2478-5641-45fa-8bf9-15303b4720f3,18f97bcb-3bff-4032-a1d3-6a9922113afe,HUMAN,shown,trend_alert,down-streak,down-streak,2026-09-04T16:55:32.382Z,2026-09-04T16:55:32.480203+00:00,"{""client_ts"": ""2026-09-04T16:55:32.382Z"", ""element_id"": ""down-streak"", ""element_label"": ""down-streak"", ""element_type"": ""trend_alert"", ""event_name"": ""shown"", ""message"": ""Price went down 3 times in the last 5 ticks!"", ""trader_id"": ""18f97bcb-3bff-4032-a1d3-6a9922113afe""}",1788540932.48659
e75d2478-5641-45fa-8bf9-15303b4720f3,4c0e40a1-ec8b-43c6-97ed-2ac45ff5d1b2,HUMAN,shown,trend_alert,down-streak,down-streak,2026-09-04T16:55:32.383Z,2026-09-04T16:55:32.489741+00:00,"{""client_ts"": ""2026-09-04T16:55:32.383Z"", ""element_id"": ""down-streak"", ""element_label"": ""down-streak"", ""element_type"": ""trend_alert"", ""event_name"": ""shown"", ""message"": ""Price went down 3 times in the last 5 ticks!"", ""trader_id"": ""4c0e40a1-ec8b-43c6-97ed-2ac45ff5d1b2""}",1788540932.495627
e75d2478-5641-45fa-8bf9-15303b4720f3,352cbd86-93f1-463f-a006-b1d6ed612217,HUMAN,shown,trend_alert,up-streak,up-streak,2026-09-04T16:55:49.248Z,2026-09-04T16:55:49.302474+00:00,"{""client_ts"": ""2026-09-04T16:55:49.248Z"", ""element_id"": ""up-streak"", ""element_label"": ""up-streak"", ""element_type"": ""trend_alert"", ""event_name"": ""shown"", ""message"": ""Price went up 3 times in the last 5 ticks!"", ""trader_id"": ""352cbd86-93f1-463f-a006-b1d6ed612217""}",1788540949.309337
e75d2478-5641-45fa-8bf9-15303b4720f3,4c0e40a1-ec8b-43c6-97ed-2ac45ff5d1b2,HUMAN,shown,trend_alert,up-streak,up-streak,2026-09-04T16:55:49.242Z,2026-09-04T16:55:49.314376+00:00,"{""client_ts"": ""2026-09-04T16:55:49.242Z"", ""element_id"": ""up-streak"", ""element_label"": ""up-streak"", ""element_type"": ""trend_alert"", ""event_name"": ""shown"", ""message"": ""Price went up 3 times in the last 5 ticks!"", ""trader_id"": ""4c0e40a1-ec8b-43c6-97ed-2ac45ff5d1b2""}",1788540949.321462
e75d2478-5641-45fa-8bf9-15303b4720f3,8dd4a26c-c32c-4462-a1d2-afa867669de4,HUMAN,shown,trend_alert,up-streak,up-streak,2026-09-04T16:55:49.252Z,2026-09-04T16:55:49.324932+00:00,"{""client_ts"": ""2026-09-04T16:55:49.252Z"", ""element_id"": ""up-streak"", ""element_label"": ""up-streak"", ""element_type"": ""trend_alert"", ""event_name"": ""shown"", ""message"": ""Price went up 3 times in the last 5 ticks!"", ""trader_id"": ""8dd4a26c-c32c-4462-a1d2-afa867669de4""}",1788540949.332006
e75d2478-5641-45fa-8bf9-15303b4720f3,a05bfac5-0418-4559-bfc4-3c0dd45bcd36,HUMAN,shown,trend_alert,up-streak,up-streak,2026-09-04T16:55:49.246Z,2026-09-04T16:55:49.335279+00:00,"{""client_ts"": ""2026-09-04T16:55:49.246Z"", ""element_id"": ""up-streak"", ""element_label"": ""up-streak"", ""element_type"": ""trend_alert"", ""event_name"": ""shown"", ""message"": ""Price went up 3 times in the last 5 ticks!"", ""trader_id"": ""a05bfac5-0418-4559-bfc4-3c0dd45bcd36""}",1788540949.342124
e75d2478-5641-45fa-8bf9-15303b4720f3,18f97bcb-3bff-4032-a1d3-6a9922113afe,HUMAN,shown,trend_alert,up-streak,up-streak,2026-09-04T16:55:49.243Z,2026-09-04T16:55:49.345493+00:00,"{""client_ts"": ""2026-09-04T16:55:49.243Z"", ""element_id"": ""up-streak"", ""element_label"": ""up-streak"", ""element_type"": ""trend_alert"", ""event_name"": ""shown"", ""message"": ""Price went up 3 times in the last 5 ticks!"", ""trader_id"": ""18f97bcb-3bff-4032-a1d3-6a9922113afe""}",1788540949.35197
e75d2478-5641-45fa-8bf9-15303b4720f3,83dba17b-0af0-4a73-8c79-a9cfacf59366,HUMAN,shown,trend_alert,up-streak,up-streak,2026-09-04T16:55:49.245Z,2026-09-04T16:55:49.355929+00:00,"{""client_ts"": ""2026-09-04T16:55:49.245Z"", ""element_id"": ""up-streak"", ""element_label"": ""up-streak"", ""element_type"": ""trend_alert"", ""event_name"": ""shown"", ""message"": ""Price went up 3 times in the last 5 ticks!"", ""trader_id"": ""83dba17b-0af0-4a73-8c79-a9cfacf59366""}",1788540949.362349
e75d2478-5641-45fa-8bf9-15303b4720f3,352cbd86-93f1-463f-a006-b1d6ed612217,HUMAN,shown,trend_alert,up-streak,up-streak,2026-09-04T16:55:54.193Z,2026-09-04T16:55:54.247208+00:00,"{""client_ts"": ""2026-09-04T16:55:54.193Z"", ""element_id"": ""up-streak"", ""element_label"": ""up-streak"", ""element_type"": ""trend_alert"", ""event_name"": ""shown"", ""message"": ""Price went up 3 times in the last 5 ticks!"", ""trader_id"": ""352cbd86-93f1-463f-a006-b1d6ed612217""}",1788540954.253949
e75d2478-5641-45fa-8bf9-15303b4720f3,a05bfac5-0418-4559-bfc4-3c0dd45bcd36,HUMAN,shown,trend_alert,up-streak,up-streak,2026-09-04T16:55:54.189Z,2026-09-04T16:55:54.257900+00:00,"{""client_ts"": ""2026-09-04T16:55:54.189Z"", ""element_id"": ""up-streak"", ""element_label"": ""up-streak"", ""element_type"": ""trend_alert"", ""event_name"": ""shown"", ""message"": ""Price went up 3 times in the last 5 ticks!"", ""trader_id"": ""a05bfac5-0418-4559-bfc4-3c0dd45bcd36""}",1788540954.265342
e75d2478-5641-45fa-8bf9-15303b4720f3,18f97bcb-3bff-4032-a1d3-6a9922113afe,HUMAN,shown,trend_alert,up-streak,up-streak,2026-09-04T16:55:54.187Z,2026-09-04T16:55:54.268653+00:00,"{""client_ts"": ""2026-09-04T16:55:54.187Z"", ""element_id"": ""up-streak"", ""element_label"": ""up-streak"", ""element_type"": ""trend_alert"", ""event_name"": ""shown"", ""message"": ""Price went up 3 times in the last 5 ticks!"", ""trader_id"": ""18f97bcb-3bff-4032-a1d3-6a9922113afe""}",1788540954.275743
e75d2478-5641-45fa-8bf9-15303b4720f3,83dba17b-0af0-4a73-8c79-a9cfacf59366,HUMAN,shown,trend_alert,up-streak,up-streak,2026-09-04T16:55:54.190Z,2026-09-04T16:55:54.283195+00:00,"{""client_ts"": ""2026-09-04T16:55:54.190Z"", ""element_id"": ""up-streak"", ""element_label"": ""up-streak"", ""element_type"": ""trend_alert"", ""event_name"": ""shown"", ""message"": ""Price went up 3 times in the last 5 ticks!"", ""trader_id"": ""83dba17b-0af0-4a73-8c79-a9cfacf59366""}",1788540954.290761
e75d2478-5641-45fa-8bf9-15303b4720f3,8dd4a26c-c32c-4462-a1d2-afa867669de4,HUMAN,shown,trend_alert,up-streak,up-streak,2026-09-04T16:55:54.201Z,2026-09-04T16:55:54.293965+00:00,"{""client_ts"": ""2026-09-04T16:55:54.201Z"", ""element_id"": ""up-streak"", ""element_label"": ""up-streak"", ""element_type"": ""trend_alert"", ""event_name"": ""shown"", ""message"": ""Price went up 3 times in the last 5 ticks!"", ""trader_id"": ""8dd4a26c-c32c-4462-a1d2-afa867669de4""}",1788540954.300779
e75d2478-5641-45fa-8bf9-15303b4720f3,4c0e40a1-ec8b-43c6-97ed-2ac45ff5d1b2,HUMAN,shown,trend_alert,up-streak,up-streak,2026-09-04T16:55:54.203Z,2026-09-04T16:55:54.304364+00:00,"{""client_ts"": ""2026-09-04T16:55:54.203Z"", ""element_id"": ""up-streak"", ""element_label"": ""up-streak"", ""element_type"": ""trend_alert"", ""event_name"": ""shown"", ""message"": ""Price went up 3 times in the last 5 ticks!"", ""trader_id"": ""4c0e40a1-ec8b-43c6-97ed-2ac45ff5d1b2""}",1788540954.311126
e75d2478-5641-45fa-8bf9-15303b4720f3,352cbd86-93f1-463f-a006-b1d6ed612217,HUMAN,shown,trend_alert,up-streak,up-streak,2026-09-04T16:55:57.379Z,2026-09-04T16:55:57.433427+00:00,"{""client_ts"": ""2026-09-04T16:55:57.379Z"", ""element_id"": ""up-streak"", ""element_label"": ""up-streak"", ""element_type"": ""trend_alert"", ""event_name"": ""shown"", ""message"": ""Price went up 3 times in the last 5 ticks!"", ""trader_id"": ""352cbd86-93f1-463f-a006-b1d6ed612217""}",1788540957.439887
e75d2478-5641-45fa-8bf9-15303b4720f3,8dd4a26c-c32c-4462-a1d2-afa867669de4,HUMAN,shown,trend_alert,up-streak,up-streak,2026-09-04T16:55:57.383Z,2026-09-04T16:55:57.443985+00:00,"{""client_ts"": ""2026-09-04T16:55:57.383Z"", ""element_id"": ""up-streak"", ""element_label"": ""up-streak"", ""element_type"": ""trend_alert"", ""event_name"": ""shown"", ""message"": ""Price went up 3 times in the last 5 ticks!"", ""trader_id"": ""8dd4a26c-c32c-4462-a1d2-afa867669de4""}",1788540957.450111
e75d2478-5641-45fa-8bf9-15303b4720f3,83dba17b-0af0-4a73-8c79-a9cfacf59366,HUMAN,shown,trend_alert,up-streak,up-streak,2026-09-04T16:55:57.373Z,2026-09-04T16:55:57.453614+00:00,"{""client_ts"": ""2026-09-04T16:55:57.373Z"", ""element_id"": ""up-streak"", ""element_label"": ""up-streak"", ""element_type"": ""trend_alert"", ""event_name"": ""shown"", ""message"": ""Price went up 3 times in the last 5 ticks!"", ""trader_id"": ""83dba17b-0af0-4a73-8c79-a9cfacf59366""}",1788540957.460136
e75d2478-5641-45fa-8bf9-15303b4720f3,4c0e40a1-ec8b-43c6-97ed-2ac45ff5d1b2,HUMAN,shown,trend_alert,up-streak,up-streak,2026-09-04T16:55:57.373Z,2026-09-04T16:55:57.463604+00:00,"{""client_ts"": ""2026-09-04T16:55:57.373Z"", ""element_id"": ""up-streak"", ""element_label"": ""up-streak"", ""element_type"": ""trend_alert"", ""event_name"": ""shown"", ""message"": ""Price went up 3 times in the last 5 ticks!"", ""trader_id"": ""4c0e40a1-ec8b-43c6-97ed-2ac45ff5d1b2""}",1788540957.469337
e75d2478-5641-45fa-8bf9-15303b4720f3,a05bfac5-0418-4559-bfc4-3c0dd45bcd36,HUMAN,shown,trend_alert,up-streak,up-streak,2026-09-04T16:55:57.377Z,2026-09-04T16:55:57.472829+00:00,"{""client_ts"": ""2026-09-04T16:55:57.377Z"", ""element_id"": ""up-streak"", ""element_label"": ""up-streak"", ""element_type"": ""trend_alert"", ""event_name"": ""shown"", ""message"": ""Price went up 3 times in the last 5 ticks!"", ""trader_id"": ""a05bfac5-0418-4559-bfc4-3c0dd45bcd36""}",1788540957.478656
e75d2478-5641-45fa-8bf9-15303b4720f3,18f97bcb-3bff-4032-a1d3-6a9922113afe,HUMAN,shown,trend_alert,up-streak,up-streak,2026-09-04T16:55:57.374Z,2026-09-04T16:55:57.482489+00:00,"{""client_ts"": ""2026-09-04T16:55:57.374Z"", ""element_id"": ""up-streak"", ""element_label"": ""up-streak"", ""element_type"": ""trend_alert"", ""event_name"": ""shown"", ""message"": ""Price went up 3 times in the last 5 ticks!"", ""trader_id"": ""18f97bcb-3bff-4032-a1d3-6a9922113afe""}",1788540957.488309
e75d2478-5641-45fa-8bf9-15303b4720f3,a05bfac5-0418-4559-bfc4-3c0dd45bcd36,HUMAN,shown,badge_unlock,silver,Silver,2026-09-04T16:56:49.043Z,2026-09-04T16:56:49.103214+00:00,"{""client_ts"": ""2026-09-04T16:56:49.043Z"", ""element_id"": ""silver"", ""element_label"": ""Silver"", ""element_type"": ""badge_unlock"", ""event_name"": ""shown"", ""total_trades_threshold"": 15, ""trader_id"": ""a05bfac5-0418-4559-bfc4-3c0dd45bcd36""}",1788541009.110725
e75d2478-5641-45fa-8bf9-15303b4720f3,a05bfac5-0418-4559-bfc4-3c0dd45bcd36,HUMAN,shown,badge_modal,silver,Silver,2026-09-04T16:56:49.043Z,2026-09-04T16:56:49.117280+00:00,"{""client_ts"": ""2026-09-04T16:56:49.043Z"", ""element_id"": ""silver"", ""element_label"": ""Silver"", ""element_type"": ""badge_modal"", ""event_name"": ""shown"", ""message"": ""You belong on the trading floor!"", ""total_trades"": 15, ""trader_id"": ""a05bfac5-0418-4559-bfc4-3c0dd45bcd36""}",1788541009.124059
e75d2478-5641-45fa-8bf9-15303b4720f3,a05bfac5-0418-4559-bfc4-3c0dd45bcd36,HUMAN,shown,badge_gif,silver,Silver,2026-09-04T16:56:49.043Z,2026-09-04T16:56:49.130731+00:00,"{""client_ts"": ""2026-09-04T16:56:49.043Z"", ""element_id"": ""silver"", ""element_label"": ""Silver"", ""element_type"": ""badge_gif"", ""event_name"": ""shown"", ""gif"": ""/static/trader_bridge_app/vue/assets/silver.gif"", ""trader_id"": ""a05bfac5-0418-4559-bfc4-3c0dd45bcd36""}",1788541009.136681
e75d2478-5641-45fa-8bf9-15303b4720f3,8dd4a26c-c32c-4462-a1d2-afa867669de4,HUMAN,shown,badge_unlock,gold,Gold,2026-09-04T16:56:49.494Z,2026-09-04T16:56:49.547481+00:00,"{""client_ts"": ""2026-09-04T16:56:49.494Z"", ""element_id"": ""gold"", ""element_label"": ""Gold"", ""element_type"": ""badge_unlock"", ""event_name"": ""shown"", ""total_trades_threshold"": 35, ""trader_id"": ""8dd4a26c-c32c-4462-a1d2-afa867669de4""}",1788541009.554698
e75d2478-5641-45fa-8bf9-15303b4720f3,8dd4a26c-c32c-4462-a1d2-afa867669de4,HUMAN,shown,badge_modal,gold,Gold,2026-09-04T16:56:49.494Z,2026-09-04T16:56:49.558625+00:00,"{""client_ts"": ""2026-09-04T16:56:49.494Z"", ""element_id"": ""gold"", ""element_label"": ""Gold"", ""element_type"": ""badge_modal"", ""event_name"": ""shown"", ""message"": ""You are the money maker!"", ""total_trades"": 35, ""trader_id"": ""8dd4a26c-c32c-4462-a1d2-afa867669de4""}",1788541009.564707
e75d2478-5641-45fa-8bf9-15303b4720f3,8dd4a26c-c32c-4462-a1d2-afa867669de4,HUMAN,shown,badge_gif,gold,Gold,2026-09-04T16:56:49.494Z,2026-09-04T16:56:49.568224+00:00,"{""client_ts"": ""2026-09-04T16:56:49.494Z"", ""element_id"": ""gold"", ""element_label"": ""Gold"", ""element_type"": ""badge_gif"", ""event_name"": ""shown"", ""gif"": ""/static/trader_bridge_app/vue/assets/gold.gif"", ""trader_id"": ""8dd4a26c-c32c-4462-a1d2-afa867669de4""}",1788541009.574441
e75d2478-5641-45fa-8bf9-15303b4720f3,352cbd86-93f1-463f-a006-b1d6ed612217,HUMAN,shown,trend_alert,up-streak,up-streak,2026-09-04T16:56:52.467Z,2026-09-04T16:56:52.521251+00:00,"{""client_ts"": ""2026-09-04T16:56:52.467Z"", ""element_id"": ""up-streak"", ""element_label"": ""up-streak"", ""element_type"": ""trend_alert"", ""event_name"": ""shown"", ""message"": ""Price went up 3 times in the last 5 ticks!"", ""trader_id"": ""352cbd86-93f1-463f-a006-b1d6ed612217""}",1788541012.528339
e75d2478-5641-45fa-8bf9-15303b4720f3,8dd4a26c-c32c-4462-a1d2-afa867669de4,HUMAN,shown,trend_alert,up-streak,up-streak,2026-09-04T16:56:52.470Z,2026-09-04T16:56:52.532636+00:00,"{""client_ts"": ""2026-09-04T16:56:52.470Z"", ""element_id"": ""up-streak"", ""element_label"": ""up-streak"", ""element_type"": ""trend_alert"", ""event_name"": ""shown"", ""message"": ""Price went up 3 times in the last 5 ticks!"", ""trader_id"": ""8dd4a26c-c32c-4462-a1d2-afa867669de4""}",1788541012.538739
e75d2478-5641-45fa-8bf9-15303b4720f3,a05bfac5-0418-4559-bfc4-3c0dd45bcd36,HUMAN,shown,trend_alert,up-streak,up-streak,2026-09-04T16:56:52.463Z,2026-09-04T16:56:52.541948+00:00,"{""client_ts"": ""2026-09-04T16:56:52.463Z"", ""element_id"": ""up-streak"", ""element_label"": ""up-streak"", ""element_type"": ""trend_alert"", ""event_name"": ""shown"", ""message"": ""Price went up 3 times in the last 5 ticks!"", ""trader_id"": ""a05bfac5-0418-4559-bfc4-3c0dd45bcd36""}",1788541012.548277
e75d2478-5641-45fa-8bf9-15303b4720f3,83dba17b-0af0-4a73-8c79-a9cfacf59366,HUMAN,shown,trend_alert,up-streak,up-streak,2026-09-04T16:56:52.464Z,2026-09-04T16:56:52.551516+00:00,"{""client_ts"": ""2026-09-04T16:56:52.464Z"", ""element_id"": ""up-streak"", ""element_label"": ""up-streak"", ""element_type"": ""trend_alert"", ""event_name"": ""shown"", ""message"": ""Price went up 3 times in the last 5 ticks!"", ""trader_id"": ""83dba17b-0af0-4a73-8c79-a9cfacf59366""}",1788541012.557894
e75d2478-5641-45fa-8bf9-15303b4720f3,4c0e40a1-ec8b-43c6-97ed-2ac45ff5d1b2,HUMAN,shown,trend_alert,up-streak,up-streak,2026-09-04T16:56:52.465Z,2026-09-04T16:56:52.564982+00:00,"{""client_ts"": ""2026-09-04T16:56:52.465Z"", ""element_id"": ""up-streak"", ""element_label"": ""up-streak"", ""element_type"": ""trend_alert"", ""event_name"": ""shown"", ""message"": ""Price went up 3 times in the last 5 ticks!"", ""trader_id"": ""4c0e40a1-ec8b-43c6-97ed-2ac45ff5d1b2""}",1788541012.571635
e75d2478-5641-45fa-8bf9-15303b4720f3,18f97bcb-3bff-4032-a1d3-6a9922113afe,HUMAN,shown,trend_alert,up-streak,up-streak,2026-09-04T16:56:52.464Z,2026-09-04T16:56:52.574771+00:00,"{""client_ts"": ""2026-09-04T16:56:52.464Z"", ""element_id"": ""up-streak"", ""element_label"": ""up-streak"", ""element_type"": ""trend_alert"", ""event_name"": ""shown"", ""message"": ""Price went up 3 times in the last 5 ticks!"", ""trader_id"": ""18f97bcb-3bff-4032-a1d3-6a9922113afe""}",1788541012.581191
e75d2478-5641-45fa-8bf9-15303b4720f3,83dba17b-0af0-4a73-8c79-a9cfacf59366,HUMAN,shown,badge_unlock,gold,Gold,2026-09-04T16:56:54.818Z,2026-09-04T16:56:54.970561+00:00,"{""client_ts"": ""2026-09-04T16:56:54.818Z"", ""element_id"": ""gold"", ""element_label"": ""Gold"", ""element_type"": ""badge_unlock"", ""event_name"": ""shown"", ""total_trades_threshold"": 35, ""trader_id"": ""83dba17b-0af0-4a73-8c79-a9cfacf59366""}",1788541014.977095
e75d2478-5641-45fa-8bf9-15303b4720f3,83dba17b-0af0-4a73-8c79-a9cfacf59366,HUMAN,shown,badge_modal,gold,Gold,2026-09-04T16:56:54.818Z,2026-09-04T16:56:55.018649+00:00,"{""client_ts"": ""2026-09-04T16:56:54.818Z"", ""element_id"": ""gold"", ""element_label"": ""Gold"", ""element_type"": ""badge_modal"", ""event_name"": ""shown"", ""message"": ""You are the money maker!"", ""total_trades"": 35, ""trader_id"": ""83dba17b-0af0-4a73-8c79-a9cfacf59366""}",1788541015.02581
e75d2478-5641-45fa-8bf9-15303b4720f3,83dba17b-0af0-4a73-8c79-a9cfacf59366,HUMAN,shown,badge_gif,gold,Gold,2026-09-04T16:56:54.818Z,2026-09-04T16:56:55.045906+00:00,"{""client_ts"": ""2026-09-04T16:56:54.818Z"", ""element_id"": ""gold"", ""element_label"": ""Gold"", ""element_type"": ""badge_gif"", ""event_name"": ""shown"", ""gif"": ""/static/trader_bridge_app/vue/assets/gold.gif"", ""trader_id"": ""83dba17b-0af0-4a73-8c79-a9cfacf59366""}",1788541015.052816
e75d2478-5641-45fa-8bf9-15303b4720f3,18f97bcb-3bff-4032-a1d3-6a9922113afe,HUMAN,shown,badge_unlock,bronze,Bronze,2026-09-04T16:56:57.280Z,2026-09-04T16:56:57.341392+00:00,"{""client_ts"": ""2026-09-04T16:56:57.280Z"", ""element_id"": ""bronze"", ""element_label"": ""Bronze"", ""element_type"": ""badge_unlock"", ""event_name"": ""shown"", ""total_trades_threshold"": 10, ""trader_id"": ""18f97bcb-3bff-4032-a1d3-6a9922113afe""}",1788541017.348159
e75d2478-5641-45fa-8bf9-15303b4720f3,18f97bcb-3bff-4032-a1d3-6a9922113afe,HUMAN,shown,badge_modal,bronze,Bronze,2026-09-04T16:56:57.280Z,2026-09-04T16:56:57.354822+00:00,"{""client_ts"": ""2026-09-04T16:56:57.280Z"", ""element_id"": ""bronze"", ""element_label"": ""Bronze"", ""element_type"": ""badge_modal"", ""event_name"": ""shown"", ""message"": ""Level up! Doing well"", ""total_trades"": 10, ""trader_id"": ""18f97bcb-3bff-4032-a1d3-6a9922113afe""}",1788541017.361335
e75d2478-5641-45fa-8bf9-15303b4720f3,18f97bcb-3bff-4032-a1d3-6a9922113afe,HUMAN,shown,badge_gif,bronze,Bronze,2026-09-04T16:56:57.280Z,2026-09-04T16:56:57.367981+00:00,"{""client_ts"": ""2026-09-04T16:56:57.280Z"", ""element_id"": ""bronze"", ""element_label"": ""Bronze"", ""element_type"": ""badge_gif"", ""event_name"": ""shown"", ""gif"": ""/static/trader_bridge_app/vue/assets/bronze.gif"", ""trader_id"": ""18f97bcb-3bff-4032-a1d3-6a9922113afe""}",1788541017.374621
e75d2478-5641-45fa-8bf9-15303b4720f3,8dd4a26c-c32c-4462-a1d2-afa867669de4,HUMAN,shown,badge_unlock,platinum,Platinum,2026-09-04T16:56:58.375Z,2026-09-04T16:56:58.428342+00:00,"{""client_ts"": ""2026-09-04T16:56:58.375Z"", ""element_id"": ""platinum"", ""element_label"": ""Platinum"", ""element_type"": ""badge_unlock"", ""event_name"": ""shown"", ""total_trades_threshold"": 50, ""trader_id"": ""8dd4a26c-c32c-4462-a1d2-afa867669de4""}",1788541018.435228
e75d2478-5641-45fa-8bf9-15303b4720f3,8dd4a26c-c32c-4462-a1d2-afa867669de4,HUMAN,shown,badge_modal,platinum,Platinum,2026-09-04T16:56:58.375Z,2026-09-04T16:56:58.521612+00:00,"{""client_ts"": ""2026-09-04T16:56:58.375Z"", ""element_id"": ""platinum"", ""element_label"": ""Platinum"", ""element_type"": ""badge_modal"", ""event_name"": ""shown"", ""message"": ""You are definitely going places!"", ""total_trades"": 50, ""trader_id"": ""8dd4a26c-c32c-4462-a1d2-afa867669de4""}",1788541018.527682
e75d2478-5641-45fa-8bf9-15303b4720f3,8dd4a26c-c32c-4462-a1d2-afa867669de4,HUMAN,shown,badge_gif,platinum,Platinum,2026-09-04T16:56:58.375Z,2026-09-04T16:56:58.532001+00:00,"{""client_ts"": ""2026-09-04T16:56:58.375Z"", ""element_id"": ""platinum"", ""element_label"": ""Platinum"", ""element_type"": ""badge_gif"", ""event_name"": ""shown"", ""gif"": ""/static/trader_bridge_app/vue/assets/platinum.gif"", ""trader_id"": ""8dd4a26c-c32c-4462-a1d2-afa867669de4""}",1788541018.538033
0596faff-8414-4cd3-a91c-e9efce969037,d77c237c-bd8f-45ed-a388-3f58f0062686,HUMAN,shown,badge_unlock,silver,Silver,2026-09-04T16:57:00.426Z,2026-09-04T16:57:00.544773+00:00,"{""client_ts"": ""2026-09-04T16:57:00.426Z"", ""element_id"": ""silver"", ""element_label"": ""Silver"", ""element_type"": ""badge_unlock"", ""event_name"": ""shown"", ""total_trades_threshold"": 15, ""trader_id"": ""d77c237c-bd8f-45ed-a388-3f58f0062686""}",1788541020.551421
0596faff-8414-4cd3-a91c-e9efce969037,d77c237c-bd8f-45ed-a388-3f58f0062686,HUMAN,shown,badge_modal,silver,Silver,2026-09-04T16:57:00.426Z,2026-09-04T16:57:00.556618+00:00,"{""client_ts"": ""2026-09-04T16:57:00.426Z"", ""element_id"": ""silver"", ""element_label"": ""Silver"", ""element_type"": ""badge_modal"", ""event_name"": ""shown"", ""message"": ""You belong on the trading floor!"", ""total_trades"": 15, ""trader_id"": ""d77c237c-bd8f-45ed-a388-3f58f0062686""}",1788541020.562521
0596faff-8414-4cd3-a91c-e9efce969037,d77c237c-bd8f-45ed-a388-3f58f0062686,HUMAN,shown,badge_gif,silver,Silver,2026-09-04T16:57:00.426Z,2026-09-04T16:57:00.611347+00:00,"{""client_ts"": ""2026-09-04T16:57:00.426Z"", ""element_id"": ""silver"", ""element_label"": ""Silver"", ""element_type"": ""badge_gif"", ""event_name"": ""shown"", ""gif"": ""/static/trader_bridge_app/vue/assets/silver.gif"", ""trader_id"": ""d77c237c-bd8f-45ed-a388-3f58f0062686""}",1788541020.618057
e75d2478-5641-45fa-8bf9-15303b4720f3,352cbd86-93f1-463f-a006-b1d6ed612217,HUMAN,shown,trend_alert,up-streak,up-streak,2026-09-04T16:57:05.786Z,2026-09-04T16:57:05.840107+00:00,"{""client_ts"": ""2026-09-04T16:57:05.786Z"", ""element_id"": ""up-streak"", ""element_label"": ""up-streak"", ""element_type"": ""trend_alert"", ""event_name"": ""shown"", ""message"": ""Price went up 3 times in the last 5 ticks!"", ""trader_id"": ""352cbd86-93f1-463f-a006-b1d6ed612217""}",1788541025.847354
e75d2478-5641-45fa-8bf9-15303b4720f3,4c0e40a1-ec8b-43c6-97ed-2ac45ff5d1b2,HUMAN,shown,trend_alert,up-streak,up-streak,2026-09-04T16:57:05.780Z,2026-09-04T16:57:05.851494+00:00,"{""client_ts"": ""2026-09-04T16:57:05.780Z"", ""element_id"": ""up-streak"", ""element_label"": ""up-streak"", ""element_type"": ""trend_alert"", ""event_name"": ""shown"", ""message"": ""Price went up 3 times in the last 5 ticks!"", ""trader_id"": ""4c0e40a1-ec8b-43c6-97ed-2ac45ff5d1b2""}",1788541025.858168
e75d2478-5641-45fa-8bf9-15303b4720f3,83dba17b-0af0-4a73-8c79-a9cfacf59366,HUMAN,shown,trend_alert,up-streak,up-streak,2026-09-04T16:57:05.784Z,2026-09-04T16:57:05.861920+00:00,"{""client_ts"": ""2026-09-04T16:57:05.784Z"", ""element_id"": ""up-streak"", ""element_label"": ""up-streak"", ""element_type"": ""trend_alert"", ""event_name"": ""shown"", ""message"": ""Price went up 3 times in the last 5 ticks!"", ""trader_id"": ""83dba17b-0af0-4a73-8c79-a9cfacf59366""}",1788541025.868839
e75d2478-5641-45fa-8bf9-15303b4720f3,a05bfac5-0418-4559-bfc4-3c0dd45bcd36,HUMAN,shown,trend_alert,up-streak,up-streak,2026-09-04T16:57:05.782Z,2026-09-04T16:57:05.872388+00:00,"{""client_ts"": ""2026-09-04T16:57:05.782Z"", ""element_id"": ""up-streak"", ""element_label"": ""up-streak"", ""element_type"": ""trend_alert"", ""event_name"": ""shown"", ""message"": ""Price went up 3 times in the last 5 ticks!"", ""trader_id"": ""a05bfac5-0418-4559-bfc4-3c0dd45bcd36""}",1788541025.87953
e75d2478-5641-45fa-8bf9-15303b4720f3,8dd4a26c-c32c-4462-a1d2-afa867669de4,HUMAN,shown,trend_alert,up-streak,up-streak,2026-09-04T16:57:05.790Z,2026-09-04T16:57:05.883836+00:00,"{""client_ts"": ""2026-09-04T16:57:05.790Z"", ""element_id"": ""up-streak"", ""element_label"": ""up-streak"", ""element_type"": ""trend_alert"", ""event_name"": ""shown"", ""message"": ""Price went up 3 times in the last 5 ticks!"", ""trader_id"": ""8dd4a26c-c32c-4462-a1d2-afa867669de4""}",1788541025.890855
e75d2478-5641-45fa-8bf9-15303b4720f3,18f97bcb-3bff-4032-a1d3-6a9922113afe,HUMAN,shown,trend_alert,up-streak,up-streak,2026-09-04T16:57:05.786Z,2026-09-04T16:57:05.894888+00:00,"{""client_ts"": ""2026-09-04T16:57:05.786Z"", ""element_id"": ""up-streak"", ""element_label"": ""up-streak"", ""element_type"": ""trend_alert"", ""event_name"": ""shown"", ""message"": ""Price went up 3 times in the last 5 ticks!"", ""trader_id"": ""18f97bcb-3bff-4032-a1d3-6a9922113afe""}",1788541025.902189
0596faff-8414-4cd3-a91c-e9efce969037,deb88f91-8cf0-496d-af59-3ea0fcbb8e20,HUMAN,shown,badge_unlock,bronze,Bronze,2026-09-04T16:57:06.137Z,2026-09-04T16:57:06.265445+00:00,"{""client_ts"": ""2026-09-04T16:57:06.137Z"", ""element_id"": ""bronze"", ""element_label"": ""Bronze"", ""element_type"": ""badge_unlock"", ""event_name"": ""shown"", ""total_trades_threshold"": 10, ""trader_id"": ""deb88f91-8cf0-496d-af59-3ea0fcbb8e20""}",1788541026.273216
0596faff-8414-4cd3-a91c-e9efce969037,deb88f91-8cf0-496d-af59-3ea0fcbb8e20,HUMAN,shown,badge_modal,bronze,Bronze,2026-09-04T16:57:06.137Z,2026-09-04T16:57:06.277756+00:00,"{""client_ts"": ""2026-09-04T16:57:06.137Z"", ""element_id"": ""bronze"", ""element_label"": ""Bronze"", ""element_type"": ""badge_modal"", ""event_name"": ""shown"", ""message"": ""Level up! Doing well"", ""total_trades"": 10, ""trader_id"": ""deb88f91-8cf0-496d-af59-3ea0fcbb8e20""}",1788541026.284886
0596faff-8414-4cd3-a91c-e9efce969037,deb88f91-8cf0-496d-af59-3ea0fcbb8e20,HUMAN,shown,badge_gif,bronze,Bronze,2026-09-04T16:57:06.137Z,2026-09-04T16:57:06.288724+00:00,"{""client_ts"": ""2026-09-04T16:57:06.137Z"", ""element_id"": ""bronze"", ""element_label"": ""Bronze"", ""element_type"": ""badge_gif"", ""event_name"": ""shown"", ""gif"": ""/static/trader_bridge_app/vue/assets/bronze.gif"", ""trader_id"": ""deb88f91-8cf0-496d-af59-3ea0fcbb8e20""}",1788541026.296094
5f843ad6-6f15-4b1a-b905-00629a87c560,545cba11-b5ba-4d66-b59e-dd09eefe49b1,HUMAN,shown,badge_unlock,bronze,Bronze,2026-09-04T16:57:12.006Z,2026-09-04T16:57:12.096022+00:00,"{""client_ts"": ""2026-09-04T16:57:12.006Z"", ""element_id"": ""bronze"", ""element_label"": ""Bronze"", ""element_type"": ""badge_unlock"", ""event_name"": ""shown"", ""total_trades_threshold"": 10, ""trader_id"": ""545cba11-b5ba-4d66-b59e-dd09eefe49b1""}",1788541032.103374
5f843ad6-6f15-4b1a-b905-00629a87c560,545cba11-b5ba-4d66-b59e-dd09eefe49b1,HUMAN,shown,badge_modal,bronze,Bronze,2026-09-04T16:57:12.006Z,2026-09-04T16:57:12.107560+00:00,"{""client_ts"": ""2026-09-04T16:57:12.006Z"", ""element_id"": ""bronze"", ""element_label"": ""Bronze"", ""element_type"": ""badge_modal"", ""event_name"": ""shown"", ""message"": ""Level up! Doing well"", ""total_trades"": 10, ""trader_id"": ""545cba11-b5ba-4d66-b59e-dd09eefe49b1""}",1788541032.114101
5f843ad6-6f15-4b1a-b905-00629a87c560,545cba11-b5ba-4d66-b59e-dd09eefe49b1,HUMAN,shown,badge_gif,bronze,Bronze,2026-09-04T16:57:12.006Z,2026-09-04T16:57:12.118065+00:00,"{""client_ts"": ""2026-09-04T16:57:12.006Z"", ""element_id"": ""bronze"", ""element_label"": ""Bronze"", ""element_type"": ""badge_gif"", ""event_name"": ""shown"", ""gif"": ""/static/trader_bridge_app/vue/assets/bronze.gif"", ""trader_id"": ""545cba11-b5ba-4d66-b59e-dd09eefe49b1""}",1788541032.124043
5f843ad6-6f15-4b1a-b905-00629a87c560,d97259db-0850-49d1-a9eb-22b546ef0e8d,HUMAN,shown,trend_alert,down-streak,down-streak,2026-09-04T16:57:12.045Z,2026-09-04T16:57:12.129270+00:00,"{""client_ts"": ""2026-09-04T16:57:12.045Z"", ""element_id"": ""down-streak"", ""element_label"": ""down-streak"", ""element_type"": ""trend_alert"", ""event_name"": ""shown"", ""message"": ""Price went down 3 times in the last 5 ticks!"", ""trader_id"": ""d97259db-0850-49d1-a9eb-22b546ef0e8d""}",1788541032.136027
5f843ad6-6f15-4b1a-b905-00629a87c560,545cba11-b5ba-4d66-b59e-dd09eefe49b1,HUMAN,shown,trend_alert,down-streak,down-streak,2026-09-04T16:57:12.048Z,2026-09-04T16:57:12.139084+00:00,"{""client_ts"": ""2026-09-04T16:57:12.048Z"", ""element_id"": ""down-streak"", ""element_label"": ""down-streak"", ""element_type"": ""trend_alert"", ""event_name"": ""shown"", ""message"": ""Price went down 3 times in the last 5 ticks!"", ""trader_id"": ""545cba11-b5ba-4d66-b59e-dd09eefe49b1""}",1788541032.145202
5f843ad6-6f15-4b1a-b905-00629a87c560,df031ae1-4a17-4b6e-86c8-73a2f16255cc,HUMAN,shown,trend_alert,down-streak,down-streak,2026-09-04T16:57:12.082Z,2026-09-04T16:57:12.152689+00:00,"{""client_ts"": ""2026-09-04T16:57:12.082Z"", ""element_id"": ""down-streak"", ""element_label"": ""down-streak"", ""element_type"": ""trend_alert"", ""event_name"": ""shown"", ""message"": ""Price went down 3 times in the last 5 ticks!"", ""trader_id"": ""df031ae1-4a17-4b6e-86c8-73a2f16255cc""}",1788541032.159052
e75d2478-5641-45fa-8bf9-15303b4720f3,18f97bcb-3bff-4032-a1d3-6a9922113afe,HUMAN,shown,badge_unlock,silver,Silver,2026-09-04T16:57:12.550Z,2026-09-04T16:57:12.653846+00:00,"{""client_ts"": ""2026-09-04T16:57:12.550Z"", ""element_id"": ""silver"", ""element_label"": ""Silver"", ""element_type"": ""badge_unlock"", ""event_name"": ""shown"", ""total_trades_threshold"": 15, ""trader_id"": ""18f97bcb-3bff-4032-a1d3-6a9922113afe""}",1788541032.65981
e75d2478-5641-45fa-8bf9-15303b4720f3,18f97bcb-3bff-4032-a1d3-6a9922113afe,HUMAN,shown,badge_modal,silver,Silver,2026-09-04T16:57:12.550Z,2026-09-04T16:57:12.674604+00:00,"{""client_ts"": ""2026-09-04T16:57:12.550Z"", ""element_id"": ""silver"", ""element_label"": ""Silver"", ""element_type"": ""badge_modal"", ""event_name"": ""shown"", ""message"": ""You belong on the trading floor!"", ""total_trades"": 15, ""trader_id"": ""18f97bcb-3bff-4032-a1d3-6a9922113afe""}",1788541032.681189
e75d2478-5641-45fa-8bf9-15303b4720f3,18f97bcb-3bff-4032-a1d3-6a9922113afe,HUMAN,shown,badge_gif,silver,Silver,2026-09-04T16:57:12.550Z,2026-09-04T16:57:12.695056+00:00,"{""client_ts"": ""2026-09-04T16:57:12.550Z"", ""element_id"": ""silver"", ""element_label"": ""Silver"", ""element_type"": ""badge_gif"", ""event_name"": ""shown"", ""gif"": ""/static/trader_bridge_app/vue/assets/silver.gif"", ""trader_id"": ""18f97bcb-3bff-4032-a1d3-6a9922113afe""}",1788541032.703076
0596faff-8414-4cd3-a91c-e9efce969037,27c5cf8d-18ea-4b55-938f-ac739bdbf0c6,HUMAN,shown,badge_unlock,silver,Silver,2026-09-04T16:57:16.133Z,2026-09-04T16:57:16.186628+00:00,"{""client_ts"": ""2026-09-04T16:57:16.133Z"", ""element_id"": ""silver"", ""element_label"": ""Silver"", ""element_type"": ""badge_unlock"", ""event_name"": ""shown"", ""total_trades_threshold"": 15, ""trader_id"": ""27c5cf8d-18ea-4b55-938f-ac739bdbf0c6""}",1788541036.192707
0596faff-8414-4cd3-a91c-e9efce969037,27c5cf8d-18ea-4b55-938f-ac739bdbf0c6,HUMAN,shown,badge_modal,silver,Silver,2026-09-04T16:57:16.133Z,2026-09-04T16:57:16.196387+00:00,"{""client_ts"": ""2026-09-04T16:57:16.133Z"", ""element_id"": ""silver"", ""element_label"": ""Silver"", ""element_type"": ""badge_modal"", ""event_name"": ""shown"", ""message"": ""You belong on the trading floor!"", ""total_trades"": 15, ""trader_id"": ""27c5cf8d-18ea-4b55-938f-ac739bdbf0c6""}",1788541036.202093
0596faff-8414-4cd3-a91c-e9efce969037,27c5cf8d-18ea-4b55-938f-ac739bdbf0c6,HUMAN,shown,badge_gif,silver,Silver,2026-09-04T16:57:16.133Z,2026-09-04T16:57:16.205725+00:00,"{""client_ts"": ""2026-09-04T16:57:16.133Z"", ""element_id"": ""silver"", ""element_label"": ""Silver"", ""element_type"": ""badge_gif"", ""event_name"": ""shown"", ""gif"": ""/static/trader_bridge_app/vue/assets/silver.gif"", ""trader_id"": ""27c5cf8d-18ea-4b55-938f-ac739bdbf0c6""}",1788541036.211516
5f843ad6-6f15-4b1a-b905-00629a87c560,545cba11-b5ba-4d66-b59e-dd09eefe49b1,HUMAN,shown,trend_alert,up-streak,up-streak,2026-09-04T16:57:21.445Z,2026-09-04T16:57:21.497493+00:00,"{""client_ts"": ""2026-09-04T16:57:21.445Z"", ""element_id"": ""up-streak"", ""element_label"": ""up-streak"", ""element_type"": ""trend_alert"", ""event_name"": ""shown"", ""message"": ""Price went up 3 times in the last 5 ticks!"", ""trader_id"": ""545cba11-b5ba-4d66-b59e-dd09eefe49b1""}",1788541041.504315
5f843ad6-6f15-4b1a-b905-00629a87c560,df031ae1-4a17-4b6e-86c8-73a2f16255cc,HUMAN,shown,trend_alert,up-streak,up-streak,2026-09-04T16:57:21.440Z,2026-09-04T16:57:21.508413+00:00,"{""client_ts"": ""2026-09-04T16:57:21.440Z"", ""element_id"": ""up-streak"", ""element_label"": ""up-streak"", ""element_type"": ""trend_alert"", ""event_name"": ""shown"", ""message"": ""Price went up 3 times in the last 5 ticks!"", ""trader_id"": ""df031ae1-4a17-4b6e-86c8-73a2f16255cc""}",1788541041.514586
5f843ad6-6f15-4b1a-b905-00629a87c560,d97259db-0850-49d1-a9eb-22b546ef0e8d,HUMAN,shown,trend_alert,up-streak,up-streak,2026-09-04T16:57:21.440Z,2026-09-04T16:57:21.517857+00:00,"{""client_ts"": ""2026-09-04T16:57:21.440Z"", ""element_id"": ""up-streak"", ""element_label"": ""up-streak"", ""element_type"": ""trend_alert"", ""event_name"": ""shown"", ""message"": ""Price went up 3 times in the last 5 ticks!"", ""trader_id"": ""d97259db-0850-49d1-a9eb-22b546ef0e8d""}",1788541041.524047
0596faff-8414-4cd3-a91c-e9efce969037,f0424c5c-891b-4c7d-ab98-66f8040dd592,HUMAN,shown,badge_unlock,silver,Silver,2026-09-04T16:57:25.286Z,2026-09-04T16:57:25.351387+00:00,"{""client_ts"": ""2026-09-04T16:57:25.286Z"", ""element_id"": ""silver"", ""element_label"": ""Silver"", ""element_type"": ""badge_unlock"", ""event_name"": ""shown"", ""total_trades_threshold"": 15, ""trader_id"": ""f0424c5c-891b-4c7d-ab98-66f8040dd592""}",1788541045.359139
0596faff-8414-4cd3-a91c-e9efce969037,f0424c5c-891b-4c7d-ab98-66f8040dd592,HUMAN,shown,badge_modal,silver,Silver,2026-09-04T16:57:25.286Z,2026-09-04T16:57:25.363631+00:00,"{""client_ts"": ""2026-09-04T16:57:25.286Z"", ""element_id"": ""silver"", ""element_label"": ""Silver"", ""element_type"": ""badge_modal"", ""event_name"": ""shown"", ""message"": ""You belong on the trading floor!"", ""total_trades"": 15, ""trader_id"": ""f0424c5c-891b-4c7d-ab98-66f8040dd592""}",1788541045.370083
0596faff-8414-4cd3-a91c-e9efce969037,f0424c5c-891b-4c7d-ab98-66f8040dd592,HUMAN,shown,badge_gif,silver,Silver,2026-09-04T16:57:25.287Z,2026-09-04T16:57:25.373871+00:00,"{""client_ts"": ""2026-09-04T16:57:25.287Z"", ""element_id"": ""silver"", ""element_label"": ""Silver"", ""element_type"": ""badge_gif"", ""event_name"": ""shown"", ""gif"": ""/static/trader_bridge_app/vue/assets/silver.gif"", ""trader_id"": ""f0424c5c-891b-4c7d-ab98-66f8040dd592""}",1788541045.380396
e75d2478-5641-45fa-8bf9-15303b4720f3,352cbd86-93f1-463f-a006-b1d6ed612217,HUMAN,shown,trend_alert,up-streak,up-streak,2026-09-04T16:58:10.103Z,2026-09-04T16:58:10.241636+00:00,"{""client_ts"": ""2026-09-04T16:58:10.103Z"", ""element_id"": ""up-streak"", ""element_label"": ""up-streak"", ""element_type"": ""trend_alert"", ""event_name"": ""shown"", ""message"": ""Price went up 3 times in the last 5 ticks!"", ""trader_id"": ""352cbd86-93f1-463f-a006-b1d6ed612217""}",1788541090.249172
e75d2478-5641-45fa-8bf9-15303b4720f3,8dd4a26c-c32c-4462-a1d2-afa867669de4,HUMAN,shown,trend_alert,up-streak,up-streak,2026-09-04T16:58:10.104Z,2026-09-04T16:58:10.252877+00:00,"{""client_ts"": ""2026-09-04T16:58:10.104Z"", ""element_id"": ""up-streak"", ""element_label"": ""up-streak"", ""element_type"": ""trend_alert"", ""event_name"": ""shown"", ""message"": ""Price went up 3 times in the last 5 ticks!"", ""trader_id"": ""8dd4a26c-c32c-4462-a1d2-afa867669de4""}",1788541090.2595
e75d2478-5641-45fa-8bf9-15303b4720f3,83dba17b-0af0-4a73-8c79-a9cfacf59366,HUMAN,shown,trend_alert,up-streak,up-streak,2026-09-04T16:58:10.103Z,2026-09-04T16:58:10.262843+00:00,"{""client_ts"": ""2026-09-04T16:58:10.103Z"", ""element_id"": ""up-streak"", ""element_label"": ""up-streak"", ""element_type"": ""trend_alert"", ""event_name"": ""shown"", ""message"": ""Price went up 3 times in the last 5 ticks!"", ""trader_id"": ""83dba17b-0af0-4a73-8c79-a9cfacf59366""}",1788541090.268806
e75d2478-5641-45fa-8bf9-15303b4720f3,a05bfac5-0418-4559-bfc4-3c0dd45bcd36,HUMAN,shown,trend_alert,up-streak,up-streak,2026-09-04T16:58:10.099Z,2026-09-04T16:58:10.305467+00:00,"{""client_ts"": ""2026-09-04T16:58:10.099Z"", ""element_id"": ""up-streak"", ""element_label"": ""up-streak"", ""element_type"": ""trend_alert"", ""event_name"": ""shown"", ""message"": ""Price went up 3 times in the last 5 ticks!"", ""trader_id"": ""a05bfac5-0418-4559-bfc4-3c0dd45bcd36""}",1788541090.313772
e75d2478-5641-45fa-8bf9-15303b4720f3,18f97bcb-3bff-4032-a1d3-6a9922113afe,HUMAN,shown,trend_alert,up-streak,up-streak,2026-09-04T16:58:10.102Z,2026-09-04T16:58:10.317386+00:00,"{""client_ts"": ""2026-09-04T16:58:10.102Z"", ""element_id"": ""up-streak"", ""element_label"": ""up-streak"", ""element_type"": ""trend_alert"", ""event_name"": ""shown"", ""message"": ""Price went up 3 times in the last 5 ticks!"", ""trader_id"": ""18f97bcb-3bff-4032-a1d3-6a9922113afe""}",1788541090.324918
e75d2478-5641-45fa-8bf9-15303b4720f3,4c0e40a1-ec8b-43c6-97ed-2ac45ff5d1b2,HUMAN,shown,trend_alert,up-streak,up-streak,2026-09-04T16:58:10.107Z,2026-09-04T16:58:10.328617+00:00,"{""client_ts"": ""2026-09-04T16:58:10.107Z"", ""element_id"": ""up-streak"", ""element_label"": ""up-streak"", ""element_type"": ""trend_alert"", ""event_name"": ""shown"", ""message"": ""Price went up 3 times in the last 5 ticks!"", ""trader_id"": ""4c0e40a1-ec8b-43c6-97ed-2ac45ff5d1b2""}",1788541090.336371
e75d2478-5641-45fa-8bf9-15303b4720f3,83dba17b-0af0-4a73-8c79-a9cfacf59366,HUMAN,shown,badge_unlock,platinum,Platinum,2026-09-04T16:58:18.854Z,2026-09-04T16:58:18.909723+00:00,"{""client_ts"": ""2026-09-04T16:58:18.854Z"", ""element_id"": ""platinum"", ""element_label"": ""Platinum"", ""element_type"": ""badge_unlock"", ""event_name"": ""shown"", ""total_trades_threshold"": 50, ""trader_id"": ""83dba17b-0af0-4a73-8c79-a9cfacf59366""}",1788541098.916384
e75d2478-5641-45fa-8bf9-15303b4720f3,83dba17b-0af0-4a73-8c79-a9cfacf59366,HUMAN,shown,badge_modal,platinum,Platinum,2026-09-04T16:58:18.854Z,2026-09-04T16:58:18.923356+00:00,"{""client_ts"": ""2026-09-04T16:58:18.854Z"", ""element_id"": ""platinum"", ""element_label"": ""Platinum"", ""element_type"": ""badge_modal"", ""event_name"": ""shown"", ""message"": ""You are definitely going places!"", ""total_trades"": 50, ""trader_id"": ""83dba17b-0af0-4a73-8c79-a9cfacf59366""}",1788541098.929383
e75d2478-5641-45fa-8bf9-15303b4720f3,83dba17b-0af0-4a73-8c79-a9cfacf59366,HUMAN,shown,badge_gif,platinum,Platinum,2026-09-04T16:58:18.854Z,2026-09-04T16:58:18.933093+00:00,"{""client_ts"": ""2026-09-04T16:58:18.854Z"", ""element_id"": ""platinum"", ""element_label"": ""Platinum"", ""element_type"": ""badge_gif"", ""event_name"": ""shown"", ""gif"": ""/static/trader_bridge_app/vue/assets/platinum.gif"", ""trader_id"": ""83dba17b-0af0-4a73-8c79-a9cfacf59366""}",1788541098.939018
0596faff-8414-4cd3-a91c-e9efce969037,f84876bd-a037-4146-a9e0-fa2ced5f14a3,HUMAN,shown,badge_unlock,bronze,Bronze,2026-09-04T16:58:20.905Z,2026-09-04T16:58:20.958324+00:00,"{""client_ts"": ""2026-09-04T16:58:20.905Z"", ""element_id"": ""bronze"", ""element_label"": ""Bronze"", ""element_type"": ""badge_unlock"", ""event_name"": ""shown"", ""total_trades_threshold"": 10, ""trader_id"": ""f84876bd-a037-4146-a9e0-fa2ced5f14a3""}",1788541100.966048
0596faff-8414-4cd3-a91c-e9efce969037,f84876bd-a037-4146-a9e0-fa2ced5f14a3,HUMAN,shown,badge_modal,bronze,Bronze,2026-09-04T16:58:20.905Z,2026-09-04T16:58:20.970162+00:00,"{""client_ts"": ""2026-09-04T16:58:20.905Z"", ""element_id"": ""bronze"", ""element_label"": ""Bronze"", ""element_type"": ""badge_modal"", ""event_name"": ""shown"", ""message"": ""Level up! Doing well"", ""total_trades"": 10, ""trader_id"": ""f84876bd-a037-4146-a9e0-fa2ced5f14a3""}",1788541100.976796
0596faff-8414-4cd3-a91c-e9efce969037,f84876bd-a037-4146-a9e0-fa2ced5f14a3,HUMAN,shown,badge_gif,bronze,Bronze,2026-09-04T16:58:20.905Z,2026-09-04T16:58:20.980591+00:00,"{""client_ts"": ""2026-09-04T16:58:20.905Z"", ""element_id"": ""bronze"", ""element_label"": ""Bronze"", ""element_type"": ""badge_gif"", ""event_name"": ""shown"", ""gif"": ""/static/trader_bridge_app/vue/assets/bronze.gif"", ""trader_id"": ""f84876bd-a037-4146-a9e0-fa2ced5f14a3""}",1788541100.987661
e75d2478-5641-45fa-8bf9-15303b4720f3,4c0e40a1-ec8b-43c6-97ed-2ac45ff5d1b2,HUMAN,shown,badge_unlock,gold,Gold,2026-09-04T16:58:26.710Z,2026-09-04T16:58:26.767551+00:00,"{""client_ts"": ""2026-09-04T16:58:26.710Z"", ""element_id"": ""gold"", ""element_label"": ""Gold"", ""element_type"": ""badge_unlock"", ""event_name"": ""shown"", ""total_trades_threshold"": 35, ""trader_id"": ""4c0e40a1-ec8b-43c6-97ed-2ac45ff5d1b2""}",1788541106.775265
e75d2478-5641-45fa-8bf9-15303b4720f3,4c0e40a1-ec8b-43c6-97ed-2ac45ff5d1b2,HUMAN,shown,badge_modal,gold,Gold,2026-09-04T16:58:26.711Z,2026-09-04T16:58:26.782443+00:00,"{""client_ts"": ""2026-09-04T16:58:26.711Z"", ""element_id"": ""gold"", ""element_label"": ""Gold"", ""element_type"": ""badge_modal"", ""event_name"": ""shown"", ""message"": ""You are the money maker!"", ""total_trades"": 35, ""trader_id"": ""4c0e40a1-ec8b-43c6-97ed-2ac45ff5d1b2""}",1788541106.789347
e75d2478-5641-45fa-8bf9-15303b4720f3,4c0e40a1-ec8b-43c6-97ed-2ac45ff5d1b2,HUMAN,shown,badge_gif,gold,Gold,2026-09-04T16:58:26.711Z,2026-09-04T16:58:26.796668+00:00,"{""client_ts"": ""2026-09-04T16:58:26.711Z"", ""element_id"": ""gold"", ""element_label"": ""Gold"", ""element_type"": ""badge_gif"", ""event_name"": ""shown"", ""gif"": ""/static/trader_bridge_app/vue/assets/gold.gif"", ""trader_id"": ""4c0e40a1-ec8b-43c6-97ed-2ac45ff5d1b2""}",1788541106.803775
5f843ad6-6f15-4b1a-b905-00629a87c560,df031ae1-4a17-4b6e-86c8-73a2f16255cc,HUMAN,shown,trend_alert,down-streak,down-streak,2026-09-04T16:58:36.454Z,2026-09-04T16:58:36.619099+00:00,"{""client_ts"": ""2026-09-04T16:58:36.454Z"", ""element_id"": ""down-streak"", ""element_label"": ""down-streak"", ""element_type"": ""trend_alert"", ""event_name"": ""shown"", ""message"": ""Price went down 3 times in the last 5 ticks!"", ""trader_id"": ""df031ae1-4a17-4b6e-86c8-73a2f16255cc""}",1788541116.626409
5f843ad6-6f15-4b1a-b905-00629a87c560,545cba11-b5ba-4d66-b59e-dd09eefe49b1,HUMAN,shown,trend_alert,down-streak,down-streak,2026-09-04T16:58:36.463Z,2026-09-04T16:58:36.632762+00:00,"{""client_ts"": ""2026-09-04T16:58:36.463Z"", ""element_id"": ""down-streak"", ""element_label"": ""down-streak"", ""element_type"": ""trend_alert"", ""event_name"": ""shown"", ""message"": ""Price went down 3 times in the last 5 ticks!"", ""trader_id"": ""545cba11-b5ba-4d66-b59e-dd09eefe49b1""}",1788541116.640009
5f843ad6-6f15-4b1a-b905-00629a87c560,d97259db-0850-49d1-a9eb-22b546ef0e8d,HUMAN,shown,trend_alert,down-streak,down-streak,2026-09-04T16:58:36.454Z,2026-09-04T16:58:36.657065+00:00,"{""client_ts"": ""2026-09-04T16:58:36.454Z"", ""element_id"": ""down-streak"", ""element_label"": ""down-streak"", ""element_type"": ""trend_alert"", ""event_name"": ""shown"", ""message"": ""Price went down 3 times in the last 5 ticks!"", ""trader_id"": ""d97259db-0850-49d1-a9eb-22b546ef0e8d""}",1788541116.663833
0596faff-8414-4cd3-a91c-e9efce969037,27c5cf8d-18ea-4b55-938f-ac739bdbf0c6,HUMAN,shown,trend_alert,up-streak,up-streak,2026-09-04T16:58:44.336Z,2026-09-04T16:58:44.388774+00:00,"{""client_ts"": ""2026-09-04T16:58:44.336Z"", ""element_id"": ""up-streak"", ""element_label"": ""up-streak"", ""element_type"": ""trend_alert"", ""event_name"": ""shown"", ""message"": ""Price went up 3 times in the last 5 ticks!"", ""trader_id"": ""27c5cf8d-18ea-4b55-938f-ac739bdbf0c6""}",1788541124.395078
0596faff-8414-4cd3-a91c-e9efce969037,f84876bd-a037-4146-a9e0-fa2ced5f14a3,HUMAN,shown,trend_alert,up-streak,up-streak,2026-09-04T16:58:44.339Z,2026-09-04T16:58:44.400251+00:00,"{""client_ts"": ""2026-09-04T16:58:44.339Z"", ""element_id"": ""up-streak"", ""element_label"": ""up-streak"", ""element_type"": ""trend_alert"", ""event_name"": ""shown"", ""message"": ""Price went up 3 times in the last 5 ticks!"", ""trader_id"": ""f84876bd-a037-4146-a9e0-fa2ced5f14a3""}",1788541124.406478
0596faff-8414-4cd3-a91c-e9efce969037,d77c237c-bd8f-45ed-a388-3f58f0062686,HUMAN,shown,trend_alert,up-streak,up-streak,2026-09-04T16:58:44.331Z,2026-09-04T16:58:44.409668+00:00,"{""client_ts"": ""2026-09-04T16:58:44.331Z"", ""element_id"": ""up-streak"", ""element_label"": ""up-streak"", ""element_type"": ""trend_alert"", ""event_name"": ""shown"", ""message"": ""Price went up 3 times in the last 5 ticks!"", ""trader_id"": ""d77c237c-bd8f-45ed-a388-3f58f0062686""}",1788541124.415171
0596faff-8414-4cd3-a91c-e9efce969037,f0424c5c-891b-4c7d-ab98-66f8040dd592,HUMAN,shown,trend_alert,up-streak,up-streak,2026-09-04T16:58:44.328Z,2026-09-04T16:58:44.420115+00:00,"{""client_ts"": ""2026-09-04T16:58:44.328Z"", ""element_id"": ""up-streak"", ""element_label"": ""up-streak"", ""element_type"": ""trend_alert"", ""event_name"": ""shown"", ""message"": ""Price went up 3 times in the last 5 ticks!"", ""trader_id"": ""f0424c5c-891b-4c7d-ab98-66f8040dd592""}",1788541124.426504
0596faff-8414-4cd3-a91c-e9efce969037,deb88f91-8cf0-496d-af59-3ea0fcbb8e20,HUMAN,shown,trend_alert,up-streak,up-streak,2026-09-04T16:58:44.333Z,2026-09-04T16:58:44.429553+00:00,"{""client_ts"": ""2026-09-04T16:58:44.333Z"", ""element_id"": ""up-streak"", ""element_label"": ""up-streak"", ""element_type"": ""trend_alert"", ""event_name"": ""shown"", ""message"": ""Price went up 3 times in the last 5 ticks!"", ""trader_id"": ""deb88f91-8cf0-496d-af59-3ea0fcbb8e20""}",1788541124.435189
0596faff-8414-4cd3-a91c-e9efce969037,6828a6e9-e23c-46f8-b9a0-9f715206c8ba,HUMAN,shown,trend_alert,up-streak,up-streak,2026-09-04T16:58:44.336Z,2026-09-04T16:58:44.438418+00:00,"{""client_ts"": ""2026-09-04T16:58:44.336Z"", ""element_id"": ""up-streak"", ""element_label"": ""up-streak"", ""element_type"": ""trend_alert"", ""event_name"": ""shown"", ""message"": ""Price went up 3 times in the last 5 ticks!"", ""trader_id"": ""6828a6e9-e23c-46f8-b9a0-9f715206c8ba""}",1788541124.443958
e75d2478-5641-45fa-8bf9-15303b4720f3,352cbd86-93f1-463f-a006-b1d6ed612217,HUMAN,shown,trend_alert,down-streak,down-streak,2026-09-04T16:58:57.016Z,2026-09-04T16:58:57.120798+00:00,"{""client_ts"": ""2026-09-04T16:58:57.016Z"", ""element_id"": ""down-streak"", ""element_label"": ""down-streak"", ""element_type"": ""trend_alert"", ""event_name"": ""shown"", ""message"": ""Price went down 3 times in the last 5 ticks!"", ""trader_id"": ""352cbd86-93f1-463f-a006-b1d6ed612217""}",1788541137.127113
e75d2478-5641-45fa-8bf9-15303b4720f3,8dd4a26c-c32c-4462-a1d2-afa867669de4,HUMAN,shown,trend_alert,down-streak,down-streak,2026-09-04T16:58:57.018Z,2026-09-04T16:58:57.130486+00:00,"{""client_ts"": ""2026-09-04T16:58:57.018Z"", ""element_id"": ""down-streak"", ""element_label"": ""down-streak"", ""element_type"": ""trend_alert"", ""event_name"": ""shown"", ""message"": ""Price went down 3 times in the last 5 ticks!"", ""trader_id"": ""8dd4a26c-c32c-4462-a1d2-afa867669de4""}",1788541137.136149
e75d2478-5641-45fa-8bf9-15303b4720f3,4c0e40a1-ec8b-43c6-97ed-2ac45ff5d1b2,HUMAN,shown,trend_alert,down-streak,down-streak,2026-09-04T16:58:57.017Z,2026-09-04T16:58:57.139172+00:00,"{""client_ts"": ""2026-09-04T16:58:57.017Z"", ""element_id"": ""down-streak"", ""element_label"": ""down-streak"", ""element_type"": ""trend_alert"", ""event_name"": ""shown"", ""message"": ""Price went down 3 times in the last 5 ticks!"", ""trader_id"": ""4c0e40a1-ec8b-43c6-97ed-2ac45ff5d1b2""}",1788541137.144831
e75d2478-5641-45fa-8bf9-15303b4720f3,83dba17b-0af0-4a73-8c79-a9cfacf59366,HUMAN,shown,trend_alert,down-streak,down-streak,2026-09-04T16:58:57.019Z,2026-09-04T16:58:57.148157+00:00,"{""client_ts"": ""2026-09-04T16:58:57.019Z"", ""element_id"": ""down-streak"", ""element_label"": ""down-streak"", ""element_type"": ""trend_alert"", ""event_name"": ""shown"", ""message"": ""Price went down 3 times in the last 5 ticks!"", ""trader_id"": ""83dba17b-0af0-4a73-8c79-a9cfacf59366""}",1788541137.15403
e75d2478-5641-45fa-8bf9-15303b4720f3,18f97bcb-3bff-4032-a1d3-6a9922113afe,HUMAN,shown,trend_alert,down-streak,down-streak,2026-09-04T16:58:57.017Z,2026-09-04T16:58:57.157103+00:00,"{""client_ts"": ""2026-09-04T16:58:57.017Z"", ""element_id"": ""down-streak"", ""element_label"": ""down-streak"", ""element_type"": ""trend_alert"", ""event_name"": ""shown"", ""message"": ""Price went down 3 times in the last 5 ticks!"", ""trader_id"": ""18f97bcb-3bff-4032-a1d3-6a9922113afe""}",1788541137.162978
e75d2478-5641-45fa-8bf9-15303b4720f3,a05bfac5-0418-4559-bfc4-3c0dd45bcd36,HUMAN,shown,trend_alert,down-streak,down-streak,2026-09-04T16:58:57.012Z,2026-09-04T16:58:57.166086+00:00,"{""client_ts"": ""2026-09-04T16:58:57.012Z"", ""element_id"": ""down-streak"", ""element_label"": ""down-streak"", ""element_type"": ""trend_alert"", ""event_name"": ""shown"", ""message"": ""Price went down 3 times in the last 5 ticks!"", ""trader_id"": ""a05bfac5-0418-4559-bfc4-3c0dd45bcd36""}",1788541137.17261
5f843ad6-6f15-4b1a-b905-00629a87c560,d97259db-0850-49d1-a9eb-22b546ef0e8d,HUMAN,shown,trend_alert,down-streak,down-streak,2026-09-04T16:58:59.729Z,2026-09-04T16:58:59.790082+00:00,"{""client_ts"": ""2026-09-04T16:58:59.729Z"", ""element_id"": ""down-streak"", ""element_label"": ""down-streak"", ""element_type"": ""trend_alert"", ""event_name"": ""shown"", ""message"": ""Price went down 3 times in the last 5 ticks!"", ""trader_id"": ""d97259db-0850-49d1-a9eb-22b546ef0e8d""}",1788541139.796965
5f843ad6-6f15-4b1a-b905-00629a87c560,545cba11-b5ba-4d66-b59e-dd09eefe49b1,HUMAN,shown,trend_alert,down-streak,down-streak,2026-09-04T16:58:59.740Z,2026-09-04T16:58:59.800763+00:00,"{""client_ts"": ""2026-09-04T16:58:59.740Z"", ""element_id"": ""down-streak"", ""element_label"": ""down-streak"", ""element_type"": ""trend_alert"", ""event_name"": ""shown"", ""message"": ""Price went down 3 times in the last 5 ticks!"", ""trader_id"": ""545cba11-b5ba-4d66-b59e-dd09eefe49b1""}",1788541139.807234
5f843ad6-6f15-4b1a-b905-00629a87c560,df031ae1-4a17-4b6e-86c8-73a2f16255cc,HUMAN,shown,trend_alert,down-streak,down-streak,2026-09-04T16:58:59.730Z,2026-09-04T16:58:59.810440+00:00,"{""client_ts"": ""2026-09-04T16:58:59.730Z"", ""element_id"": ""down-streak"", ""element_label"": ""down-streak"", ""element_type"": ""trend_alert"", ""event_name"": ""shown"", ""message"": ""Price went down 3 times in the last 5 ticks!"", ""trader_id"": ""df031ae1-4a17-4b6e-86c8-73a2f16255cc""}",1788541139.816453
0596faff-8414-4cd3-a91c-e9efce969037,f84876bd-a037-4146-a9e0-fa2ced5f14a3,HUMAN,shown,trend_alert,down-streak,down-streak,2026-09-04T16:59:51.216Z,2026-09-04T16:59:51.269469+00:00,"{""client_ts"": ""2026-09-04T16:59:51.216Z"", ""element_id"": ""down-streak"", ""element_label"": ""down-streak"", ""element_type"": ""trend_alert"", ""event_name"": ""shown"", ""message"": ""Price went down 3 times in the last 5 ticks!"", ""trader_id"": ""f84876bd-a037-4146-a9e0-fa2ced5f14a3""}",1788541191.276403
e75d2478-5641-45fa-8bf9-15303b4720f3,352cbd86-93f1-463f-a006-b1d6ed612217,HUMAN,shown,trend_alert,up-streak,up-streak,2026-09-04T17:00:06.612Z,2026-09-04T17:00:06.667986+00:00,"{""client_ts"": ""2026-09-04T17:00:06.612Z"", ""element_id"": ""up-streak"", ""element_label"": ""up-streak"", ""element_type"": ""trend_alert"", ""event_name"": ""shown"", ""message"": ""Price went up 3 times in the last 5 ticks!"", ""trader_id"": ""352cbd86-93f1-463f-a006-b1d6ed612217""}",1788541206.6768
e75d2478-5641-45fa-8bf9-15303b4720f3,83dba17b-0af0-4a73-8c79-a9cfacf59366,HUMAN,shown,trend_alert,up-streak,up-streak,2026-09-04T17:00:06.612Z,2026-09-04T17:00:06.681857+00:00,"{""client_ts"": ""2026-09-04T17:00:06.612Z"", ""element_id"": ""up-streak"", ""element_label"": ""up-streak"", ""element_type"": ""trend_alert"", ""event_name"": ""shown"", ""message"": ""Price went up 3 times in the last 5 ticks!"", ""trader_id"": ""83dba17b-0af0-4a73-8c79-a9cfacf59366""}",1788541206.701021
e75d2478-5641-45fa-8bf9-15303b4720f3,18f97bcb-3bff-4032-a1d3-6a9922113afe,HUMAN,shown,trend_alert,up-streak,up-streak,2026-09-04T17:00:06.611Z,2026-09-04T17:00:06.705648+00:00,"{""client_ts"": ""2026-09-04T17:00:06.611Z"", ""element_id"": ""up-streak"", ""element_label"": ""up-streak"", ""element_type"": ""trend_alert"", ""event_name"": ""shown"", ""message"": ""Price went up 3 times in the last 5 ticks!"", ""trader_id"": ""18f97bcb-3bff-4032-a1d3-6a9922113afe""}",1788541206.723861
e75d2478-5641-45fa-8bf9-15303b4720f3,a05bfac5-0418-4559-bfc4-3c0dd45bcd36,HUMAN,shown,trend_alert,up-streak,up-streak,2026-09-04T17:00:06.608Z,2026-09-04T17:00:06.728167+00:00,"{""client_ts"": ""2026-09-04T17:00:06.608Z"", ""element_id"": ""up-streak"", ""element_label"": ""up-streak"", ""element_type"": ""trend_alert"", ""event_name"": ""shown"", ""message"": ""Price went up 3 times in the last 5 ticks!"", ""trader_id"": ""a05bfac5-0418-4559-bfc4-3c0dd45bcd36""}",1788541206.74583
e75d2478-5641-45fa-8bf9-15303b4720f3,8dd4a26c-c32c-4462-a1d2-afa867669de4,HUMAN,shown,trend_alert,up-streak,up-streak,2026-09-04T17:00:06.617Z,2026-09-04T17:00:06.754478+00:00,"{""client_ts"": ""2026-09-04T17:00:06.617Z"", ""element_id"": ""up-streak"", ""element_label"": ""up-streak"", ""element_type"": ""trend_alert"", ""event_name"": ""shown"", ""message"": ""Price went up 3 times in the last 5 ticks!"", ""trader_id"": ""8dd4a26c-c32c-4462-a1d2-afa867669de4""}",1788541206.769811
5f843ad6-6f15-4b1a-b905-00629a87c560,545cba11-b5ba-4d66-b59e-dd09eefe49b1,HUMAN,shown,badge_unlock,silver,Silver,2026-09-04T17:00:09.675Z,2026-09-04T17:00:09.726604+00:00,"{""client_ts"": ""2026-09-04T17:00:09.675Z"", ""element_id"": ""silver"", ""element_label"": ""Silver"", ""element_type"": ""badge_unlock"", ""event_name"": ""shown"", ""total_trades_threshold"": 15, ""trader_id"": ""545cba11-b5ba-4d66-b59e-dd09eefe49b1""}",1788541209.733087
5f843ad6-6f15-4b1a-b905-00629a87c560,545cba11-b5ba-4d66-b59e-dd09eefe49b1,HUMAN,shown,badge_modal,silver,Silver,2026-09-04T17:00:09.675Z,2026-09-04T17:00:09.736893+00:00,"{""client_ts"": ""2026-09-04T17:00:09.675Z"", ""element_id"": ""silver"", ""element_label"": ""Silver"", ""element_type"": ""badge_modal"", ""event_name"": ""shown"", ""message"": ""You belong on the trading floor!"", ""total_trades"": 15, ""trader_id"": ""545cba11-b5ba-4d66-b59e-dd09eefe49b1""}",1788541209.74295
5f843ad6-6f15-4b1a-b905-00629a87c560,545cba11-b5ba-4d66-b59e-dd09eefe49b1,HUMAN,shown,badge_gif,silver,Silver,2026-09-04T17:00:09.676Z,2026-09-04T17:00:09.746680+00:00,"{""client_ts"": ""2026-09-04T17:00:09.676Z"", ""element_id"": ""silver"", ""element_label"": ""Silver"", ""element_type"": ""badge_gif"", ""event_name"": ""shown"", ""gif"": ""/static/trader_bridge_app/vue/assets/silver.gif"", ""trader_id"": ""545cba11-b5ba-4d66-b59e-dd09eefe49b1""}",1788541209.752738
0596faff-8414-4cd3-a91c-e9efce969037,f84876bd-a037-4146-a9e0-fa2ced5f14a3,HUMAN,shown,badge_unlock,silver,Silver,2026-09-04T17:00:10.603Z,2026-09-04T17:00:10.656845+00:00,"{""client_ts"": ""2026-09-04T17:00:10.603Z"", ""element_id"": ""silver"", ""element_label"": ""Silver"", ""element_type"": ""badge_unlock"", ""event_name"": ""shown"", ""total_trades_threshold"": 15, ""trader_id"": ""f84876bd-a037-4146-a9e0-fa2ced5f14a3""}",1788541210.663262
0596faff-8414-4cd3-a91c-e9efce969037,f84876bd-a037-4146-a9e0-fa2ced5f14a3,HUMAN,shown,badge_modal,silver,Silver,2026-09-04T17:00:10.603Z,2026-09-04T17:00:10.667209+00:00,"{""client_ts"": ""2026-09-04T17:00:10.603Z"", ""element_id"": ""silver"", ""element_label"": ""Silver"", ""element_type"": ""badge_modal"", ""event_name"": ""shown"", ""message"": ""You belong on the trading floor!"", ""total_trades"": 15, ""trader_id"": ""f84876bd-a037-4146-a9e0-fa2ced5f14a3""}",1788541210.673591
0596faff-8414-4cd3-a91c-e9efce969037,f84876bd-a037-4146-a9e0-fa2ced5f14a3,HUMAN,shown,badge_gif,silver,Silver,2026-09-04T17:00:10.603Z,2026-09-04T17:00:10.677468+00:00,"{""client_ts"": ""2026-09-04T17:00:10.603Z"", ""element_id"": ""silver"", ""element_label"": ""Silver"", ""element_type"": ""badge_gif"", ""event_name"": ""shown"", ""gif"": ""/static/trader_bridge_app/vue/assets/silver.gif"", ""trader_id"": ""f84876bd-a037-4146-a9e0-fa2ced5f14a3""}",1788541210.683773
0596faff-8414-4cd3-a91c-e9efce969037,27c5cf8d-18ea-4b55-938f-ac739bdbf0c6,HUMAN,shown,trend_alert,up-streak,up-streak,2026-09-04T17:00:10.644Z,2026-09-04T17:00:10.699528+00:00,"{""client_ts"": ""2026-09-04T17:00:10.644Z"", ""element_id"": ""up-streak"", ""element_label"": ""up-streak"", ""element_type"": ""trend_alert"", ""event_name"": ""shown"", ""message"": ""Price went up 3 times in the last 5 ticks!"", ""trader_id"": ""27c5cf8d-18ea-4b55-938f-ac739bdbf0c6""}",1788541210.706567
0596faff-8414-4cd3-a91c-e9efce969037,deb88f91-8cf0-496d-af59-3ea0fcbb8e20,HUMAN,shown,trend_alert,up-streak,up-streak,2026-09-04T17:00:10.637Z,2026-09-04T17:00:10.709965+00:00,"{""client_ts"": ""2026-09-04T17:00:10.637Z"", ""element_id"": ""up-streak"", ""element_label"": ""up-streak"", ""element_type"": ""trend_alert"", ""event_name"": ""shown"", ""message"": ""Price went up 3 times in the last 5 ticks!"", ""trader_id"": ""deb88f91-8cf0-496d-af59-3ea0fcbb8e20""}",1788541210.716431
0596faff-8414-4cd3-a91c-e9efce969037,d77c237c-bd8f-45ed-a388-3f58f0062686,HUMAN,shown,trend_alert,up-streak,up-streak,2026-09-04T17:00:10.639Z,2026-09-04T17:00:10.720469+00:00,"{""client_ts"": ""2026-09-04T17:00:10.639Z"", ""element_id"": ""up-streak"", ""element_label"": ""up-streak"", ""element_type"": ""trend_alert"", ""event_name"": ""shown"", ""message"": ""Price went up 3 times in the last 5 ticks!"", ""trader_id"": ""d77c237c-bd8f-45ed-a388-3f58f0062686""}",1788541210.726618
0596faff-8414-4cd3-a91c-e9efce969037,f0424c5c-891b-4c7d-ab98-66f8040dd592,HUMAN,shown,trend_alert,up-streak,up-streak,2026-09-04T17:00:10.636Z,2026-09-04T17:00:10.729936+00:00,"{""client_ts"": ""2026-09-04T17:00:10.636Z"", ""element_id"": ""up-streak"", ""element_label"": ""up-streak"", ""element_type"": ""trend_alert"", ""event_name"": ""shown"", ""message"": ""Price went up 3 times in the last 5 ticks!"", ""trader_id"": ""f0424c5c-891b-4c7d-ab98-66f8040dd592""}",1788541210.73595
0596faff-8414-4cd3-a91c-e9efce969037,f84876bd-a037-4146-a9e0-fa2ced5f14a3,HUMAN,shown,trend_alert,up-streak,up-streak,2026-09-04T17:00:10.649Z,2026-09-04T17:00:10.739217+00:00,"{""client_ts"": ""2026-09-04T17:00:10.649Z"", ""element_id"": ""up-streak"", ""element_label"": ""up-streak"", ""element_type"": ""trend_alert"", ""event_name"": ""shown"", ""message"": ""Price went up 3 times in the last 5 ticks!"", ""trader_id"": ""f84876bd-a037-4146-a9e0-fa2ced5f14a3""}",1788541210.745725
0596faff-8414-4cd3-a91c-e9efce969037,deb88f91-8cf0-496d-af59-3ea0fcbb8e20,HUMAN,shown,badge_unlock,silver,Silver,2026-09-04T17:00:16.407Z,2026-09-04T17:00:16.468241+00:00,"{""client_ts"": ""2026-09-04T17:00:16.407Z"", ""element_id"": ""silver"", ""element_label"": ""Silver"", ""element_type"": ""badge_unlock"", ""event_name"": ""shown"", ""total_trades_threshold"": 15, ""trader_id"": ""deb88f91-8cf0-496d-af59-3ea0fcbb8e20""}",1788541216.475115
0596faff-8414-4cd3-a91c-e9efce969037,deb88f91-8cf0-496d-af59-3ea0fcbb8e20,HUMAN,shown,badge_modal,silver,Silver,2026-09-04T17:00:16.407Z,2026-09-04T17:00:16.479106+00:00,"{""client_ts"": ""2026-09-04T17:00:16.407Z"", ""element_id"": ""silver"", ""element_label"": ""Silver"", ""element_type"": ""badge_modal"", ""event_name"": ""shown"", ""message"": ""You belong on the trading floor!"", ""total_trades"": 15, ""trader_id"": ""deb88f91-8cf0-496d-af59-3ea0fcbb8e20""}",1788541216.485492
0596faff-8414-4cd3-a91c-e9efce969037,deb88f91-8cf0-496d-af59-3ea0fcbb8e20,HUMAN,shown,badge_gif,silver,Silver,2026-09-04T17:00:16.407Z,2026-09-04T17:00:16.489315+00:00,"{""client_ts"": ""2026-09-04T17:00:16.407Z"", ""element_id"": ""silver"", ""element_label"": ""Silver"", ""element_type"": ""badge_gif"", ""event_name"": ""shown"", ""gif"": ""/static/trader_bridge_app/vue/assets/silver.gif"", ""trader_id"": ""deb88f91-8cf0-496d-af59-3ea0fcbb8e20""}",1788541216.495863
e75d2478-5641-45fa-8bf9-15303b4720f3,83dba17b-0af0-4a73-8c79-a9cfacf59366,HUMAN,shown,badge_unlock,diamond,Diamond,2026-09-04T17:00:21.950Z,2026-09-04T17:00:22.070716+00:00,"{""client_ts"": ""2026-09-04T17:00:21.950Z"", ""element_id"": ""diamond"", ""element_label"": ""Diamond"", ""element_type"": ""badge_unlock"", ""event_name"": ""shown"", ""total_trades_threshold"": 60, ""trader_id"": ""83dba17b-0af0-4a73-8c79-a9cfacf59366""}",1788541222.077998
e75d2478-5641-45fa-8bf9-15303b4720f3,83dba17b-0af0-4a73-8c79-a9cfacf59366,HUMAN,shown,badge_modal,diamond,Diamond,2026-09-04T17:00:21.950Z,2026-09-04T17:00:22.096709+00:00,"{""client_ts"": ""2026-09-04T17:00:21.950Z"", ""element_id"": ""diamond"", ""element_label"": ""Diamond"", ""element_type"": ""badge_modal"", ""event_name"": ""shown"", ""message"": ""The Wolf of Wall Street"", ""total_trades"": 60, ""trader_id"": ""83dba17b-0af0-4a73-8c79-a9cfacf59366""}",1788541222.103669
e75d2478-5641-45fa-8bf9-15303b4720f3,83dba17b-0af0-4a73-8c79-a9cfacf59366,HUMAN,shown,badge_gif,diamond,Diamond,2026-09-04T17:00:21.950Z,2026-09-04T17:00:22.125916+00:00,"{""client_ts"": ""2026-09-04T17:00:21.950Z"", ""element_id"": ""diamond"", ""element_label"": ""Diamond"", ""element_type"": ""badge_gif"", ""event_name"": ""shown"", ""gif"": ""/static/trader_bridge_app/vue/assets/diamond.gif"", ""trader_id"": ""83dba17b-0af0-4a73-8c79-a9cfacf59366""}",1788541222.132316
e75d2478-5641-45fa-8bf9-15303b4720f3,352cbd86-93f1-463f-a006-b1d6ed612217,HUMAN,shown,trend_alert,up-streak,up-streak,2026-09-04T17:00:24.502Z,2026-09-04T17:00:24.559213+00:00,"{""client_ts"": ""2026-09-04T17:00:24.502Z"", ""element_id"": ""up-streak"", ""element_label"": ""up-streak"", ""element_type"": ""trend_alert"", ""event_name"": ""shown"", ""message"": ""Price went up 3 times in the last 5 ticks!"", ""trader_id"": ""352cbd86-93f1-463f-a006-b1d6ed612217""}",1788541224.567161
e75d2478-5641-45fa-8bf9-15303b4720f3,8dd4a26c-c32c-4462-a1d2-afa867669de4,HUMAN,shown,trend_alert,up-streak,up-streak,2026-09-04T17:00:24.503Z,2026-09-04T17:00:24.571754+00:00,"{""client_ts"": ""2026-09-04T17:00:24.503Z"", ""element_id"": ""up-streak"", ""element_label"": ""up-streak"", ""element_type"": ""trend_alert"", ""event_name"": ""shown"", ""message"": ""Price went up 3 times in the last 5 ticks!"", ""trader_id"": ""8dd4a26c-c32c-4462-a1d2-afa867669de4""}",1788541224.578485
e75d2478-5641-45fa-8bf9-15303b4720f3,4c0e40a1-ec8b-43c6-97ed-2ac45ff5d1b2,HUMAN,shown,trend_alert,up-streak,up-streak,2026-09-04T17:00:24.507Z,2026-09-04T17:00:24.582162+00:00,"{""client_ts"": ""2026-09-04T17:00:24.507Z"", ""element_id"": ""up-streak"", ""element_label"": ""up-streak"", ""element_type"": ""trend_alert"", ""event_name"": ""shown"", ""message"": ""Price went up 3 times in the last 5 ticks!"", ""trader_id"": ""4c0e40a1-ec8b-43c6-97ed-2ac45ff5d1b2""}",1788541224.588739
e75d2478-5641-45fa-8bf9-15303b4720f3,83dba17b-0af0-4a73-8c79-a9cfacf59366,HUMAN,shown,trend_alert,up-streak,up-streak,2026-09-04T17:00:24.505Z,2026-09-04T17:00:24.592455+00:00,"{""client_ts"": ""2026-09-04T17:00:24.505Z"", ""element_id"": ""up-streak"", ""element_label"": ""up-streak"", ""element_type"": ""trend_alert"", ""event_name"": ""shown"", ""message"": ""Price went up 3 times in the last 5 ticks!"", ""trader_id"": ""83dba17b-0af0-4a73-8c79-a9cfacf59366""}",1788541224.599338
e75d2478-5641-45fa-8bf9-15303b4720f3,18f97bcb-3bff-4032-a1d3-6a9922113afe,HUMAN,shown,trend_alert,up-streak,up-streak,2026-09-04T17:00:24.504Z,2026-09-04T17:00:24.607182+00:00,"{""client_ts"": ""2026-09-04T17:00:24.504Z"", ""element_id"": ""up-streak"", ""element_label"": ""up-streak"", ""element_type"": ""trend_alert"", ""event_name"": ""shown"", ""message"": ""Price went up 3 times in the last 5 ticks!"", ""trader_id"": ""18f97bcb-3bff-4032-a1d3-6a9922113afe""}",1788541224.614634
e75d2478-5641-45fa-8bf9-15303b4720f3,a05bfac5-0418-4559-bfc4-3c0dd45bcd36,HUMAN,shown,trend_alert,up-streak,up-streak,2026-09-04T17:00:24.502Z,2026-09-04T17:00:24.618222+00:00,"{""client_ts"": ""2026-09-04T17:00:24.502Z"", ""element_id"": ""up-streak"", ""element_label"": ""up-streak"", ""element_type"": ""trend_alert"", ""event_name"": ""shown"", ""message"": ""Price went up 3 times in the last 5 ticks!"", ""trader_id"": ""a05bfac5-0418-4559-bfc4-3c0dd45bcd36""}",1788541224.626437
0596faff-8414-4cd3-a91c-e9efce969037,27c5cf8d-18ea-4b55-938f-ac739bdbf0c6,HUMAN,shown,trend_alert,up-streak,up-streak,2026-09-04T17:00:24.821Z,2026-09-04T17:00:24.944755+00:00,"{""client_ts"": ""2026-09-04T17:00:24.821Z"", ""element_id"": ""up-streak"", ""element_label"": ""up-streak"", ""element_type"": ""trend_alert"", ""event_name"": ""shown"", ""message"": ""Price went up 3 times in the last 5 ticks!"", ""trader_id"": ""27c5cf8d-18ea-4b55-938f-ac739bdbf0c6""}",1788541224.951866
0596faff-8414-4cd3-a91c-e9efce969037,deb88f91-8cf0-496d-af59-3ea0fcbb8e20,HUMAN,shown,trend_alert,up-streak,up-streak,2026-09-04T17:00:24.817Z,2026-09-04T17:00:24.957611+00:00,"{""client_ts"": ""2026-09-04T17:00:24.817Z"", ""element_id"": ""up-streak"", ""element_label"": ""up-streak"", ""element_type"": ""trend_alert"", ""event_name"": ""shown"", ""message"": ""Price went up 3 times in the last 5 ticks!"", ""trader_id"": ""deb88f91-8cf0-496d-af59-3ea0fcbb8e20""}",1788541224.965197
0596faff-8414-4cd3-a91c-e9efce969037,f84876bd-a037-4146-a9e0-fa2ced5f14a3,HUMAN,shown,trend_alert,up-streak,up-streak,2026-09-04T17:00:24.825Z,2026-09-04T17:00:24.969147+00:00,"{""client_ts"": ""2026-09-04T17:00:24.825Z"", ""element_id"": ""up-streak"", ""element_label"": ""up-streak"", ""element_type"": ""trend_alert"", ""event_name"": ""shown"", ""message"": ""Price went up 3 times in the last 5 ticks!"", ""trader_id"": ""f84876bd-a037-4146-a9e0-fa2ced5f14a3""}",1788541224.977194
0596faff-8414-4cd3-a91c-e9efce969037,d77c237c-bd8f-45ed-a388-3f58f0062686,HUMAN,shown,trend_alert,up-streak,up-streak,2026-09-04T17:00:24.822Z,2026-09-04T17:00:24.981206+00:00,"{""client_ts"": ""2026-09-04T17:00:24.822Z"", ""element_id"": ""up-streak"", ""element_label"": ""up-streak"", ""element_type"": ""trend_alert"", ""event_name"": ""shown"", ""message"": ""Price went up 3 times in the last 5 ticks!"", ""trader_id"": ""d77c237c-bd8f-45ed-a388-3f58f0062686""}",1788541224.989497
0596faff-8414-4cd3-a91c-e9efce969037,6828a6e9-e23c-46f8-b9a0-9f715206c8ba,HUMAN,shown,trend_alert,up-streak,up-streak,2026-09-04T17:00:24.818Z,2026-09-04T17:00:24.994411+00:00,"{""client_ts"": ""2026-09-04T17:00:24.818Z"", ""element_id"": ""up-streak"", ""element_label"": ""up-streak"", ""element_type"": ""trend_alert"", ""event_name"": ""shown"", ""message"": ""Price went up 3 times in the last 5 ticks!"", ""trader_id"": ""6828a6e9-e23c-46f8-b9a0-9f715206c8ba""}",1788541225.002783
0596faff-8414-4cd3-a91c-e9efce969037,f0424c5c-891b-4c7d-ab98-66f8040dd592,HUMAN,shown,trend_alert,up-streak,up-streak,2026-09-04T17:00:24.819Z,2026-09-04T17:00:25.007200+00:00,"{""client_ts"": ""2026-09-04T17:00:24.819Z"", ""element_id"": ""up-streak"", ""element_label"": ""up-streak"", ""element_type"": ""trend_alert"", ""event_name"": ""shown"", ""message"": ""Price went up 3 times in the last 5 ticks!"", ""trader_id"": ""f0424c5c-891b-4c7d-ab98-66f8040dd592""}",1788541225.017234
e75d2478-5641-45fa-8bf9-15303b4720f3,8dd4a26c-c32c-4462-a1d2-afa867669de4,HUMAN,shown,trend_alert,up-streak,up-streak,2026-09-04T17:00:29.672Z,2026-09-04T17:00:29.819587+00:00,"{""client_ts"": ""2026-09-04T17:00:29.672Z"", ""element_id"": ""up-streak"", ""element_label"": ""up-streak"", ""element_type"": ""trend_alert"", ""event_name"": ""shown"", ""message"": ""Price went up 3 times in the last 5 ticks!"", ""trader_id"": ""8dd4a26c-c32c-4462-a1d2-afa867669de4""}",1788541229.827859
e75d2478-5641-45fa-8bf9-15303b4720f3,4c0e40a1-ec8b-43c6-97ed-2ac45ff5d1b2,HUMAN,shown,trend_alert,up-streak,up-streak,2026-09-04T17:00:29.677Z,2026-09-04T17:00:29.831674+00:00,"{""client_ts"": ""2026-09-04T17:00:29.677Z"", ""element_id"": ""up-streak"", ""element_label"": ""up-streak"", ""element_type"": ""trend_alert"", ""event_name"": ""shown"", ""message"": ""Price went up 3 times in the last 5 ticks!"", ""trader_id"": ""4c0e40a1-ec8b-43c6-97ed-2ac45ff5d1b2""}",1788541229.839468
e75d2478-5641-45fa-8bf9-15303b4720f3,18f97bcb-3bff-4032-a1d3-6a9922113afe,HUMAN,shown,trend_alert,up-streak,up-streak,2026-09-04T17:00:29.672Z,2026-09-04T17:00:29.843406+00:00,"{""client_ts"": ""2026-09-04T17:00:29.672Z"", ""element_id"": ""up-streak"", ""element_label"": ""up-streak"", ""element_type"": ""trend_alert"", ""event_name"": ""shown"", ""message"": ""Price went up 3 times in the last 5 ticks!"", ""trader_id"": ""18f97bcb-3bff-4032-a1d3-6a9922113afe""}",1788541229.851333
e75d2478-5641-45fa-8bf9-15303b4720f3,8dd4a26c-c32c-4462-a1d2-afa867669de4,HUMAN,shown,badge_unlock,diamond,Diamond,2026-09-04T17:00:37.079Z,2026-09-04T17:00:37.270742+00:00,"{""client_ts"": ""2026-09-04T17:00:37.079Z"", ""element_id"": ""diamond"", ""element_label"": ""Diamond"", ""element_type"": ""badge_unlock"", ""event_name"": ""shown"", ""total_trades_threshold"": 60, ""trader_id"": ""8dd4a26c-c32c-4462-a1d2-afa867669de4""}",1788541237.277518
e75d2478-5641-45fa-8bf9-15303b4720f3,8dd4a26c-c32c-4462-a1d2-afa867669de4,HUMAN,shown,badge_modal,diamond,Diamond,2026-09-04T17:00:37.079Z,2026-09-04T17:00:37.295046+00:00,"{""client_ts"": ""2026-09-04T17:00:37.079Z"", ""element_id"": ""diamond"", ""element_label"": ""Diamond"", ""element_type"": ""badge_modal"", ""event_name"": ""shown"", ""message"": ""The Wolf of Wall Street"", ""total_trades"": 60, ""trader_id"": ""8dd4a26c-c32c-4462-a1d2-afa867669de4""}",1788541237.302031
e75d2478-5641-45fa-8bf9-15303b4720f3,8dd4a26c-c32c-4462-a1d2-afa867669de4,HUMAN,shown,badge_gif,diamond,Diamond,2026-09-04T17:00:37.079Z,2026-09-04T17:00:37.317252+00:00,"{""client_ts"": ""2026-09-04T17:00:37.079Z"", ""element_id"": ""diamond"", ""element_label"": ""Diamond"", ""element_type"": ""badge_gif"", ""event_name"": ""shown"", ""gif"": ""/static/trader_bridge_app/vue/assets/diamond.gif"", ""trader_id"": ""8dd4a26c-c32c-4462-a1d2-afa867669de4""}",1788541237.325883
0596faff-8414-4cd3-a91c-e9efce969037,f84876bd-a037-4146-a9e0-fa2ced5f14a3,HUMAN,shown,trend_alert,down-streak,down-streak,2026-09-04T17:01:13.531Z,2026-09-04T17:01:13.585801+00:00,"{""client_ts"": ""2026-09-04T17:01:13.531Z"", ""element_id"": ""down-streak"", ""element_label"": ""down-streak"", ""element_type"": ""trend_alert"", ""event_name"": ""shown"", ""message"": ""Price went down 3 times in the last 5 ticks!"", ""trader_id"": ""f84876bd-a037-4146-a9e0-fa2ced5f14a3""}",1788541273.593471
0596faff-8414-4cd3-a91c-e9efce969037,6828a6e9-e23c-46f8-b9a0-9f715206c8ba,HUMAN,shown,trend_alert,down-streak,down-streak,2026-09-04T17:01:13.523Z,2026-09-04T17:01:13.597005+00:00,"{""client_ts"": ""2026-09-04T17:01:13.523Z"", ""element_id"": ""down-streak"", ""element_label"": ""down-streak"", ""element_type"": ""trend_alert"", ""event_name"": ""shown"", ""message"": ""Price went down 3 times in the last 5 ticks!"", ""trader_id"": ""6828a6e9-e23c-46f8-b9a0-9f715206c8ba""}",1788541273.604208
0596faff-8414-4cd3-a91c-e9efce969037,27c5cf8d-18ea-4b55-938f-ac739bdbf0c6,HUMAN,shown,trend_alert,up-streak,up-streak,2026-09-04T17:01:49.993Z,2026-09-04T17:01:50.050823+00:00,"{""client_ts"": ""2026-09-04T17:01:49.993Z"", ""element_id"": ""up-streak"", ""element_label"": ""up-streak"", ""element_type"": ""trend_alert"", ""event_name"": ""shown"", ""message"": ""Price went up 3 times in the last 5 ticks!"", ""trader_id"": ""27c5cf8d-18ea-4b55-938f-ac739bdbf0c6""}",1788541310.060506
0596faff-8414-4cd3-a91c-e9efce969037,f84876bd-a037-4146-a9e0-fa2ced5f14a3,HUMAN,shown,trend_alert,up-streak,up-streak,2026-09-04T17:01:49.997Z,2026-09-04T17:01:50.065787+00:00,"{""client_ts"": ""2026-09-04T17:01:49.997Z"", ""element_id"": ""up-streak"", ""element_label"": ""up-streak"", ""element_type"": ""trend_alert"", ""event_name"": ""shown"", ""message"": ""Price went up 3 times in the last 5 ticks!"", ""trader_id"": ""f84876bd-a037-4146-a9e0-fa2ced5f14a3""}",1788541310.072663
0596faff-8414-4cd3-a91c-e9efce969037,6828a6e9-e23c-46f8-b9a0-9f715206c8ba,HUMAN,shown,trend_alert,up-streak,up-streak,2026-09-04T17:01:49.990Z,2026-09-04T17:01:50.077229+00:00,"{""client_ts"": ""2026-09-04T17:01:49.990Z"", ""element_id"": ""up-streak"", ""element_label"": ""up-streak"", ""element_type"": ""trend_alert"", ""event_name"": ""shown"", ""message"": ""Price went up 3 times in the last 5 ticks!"", ""trader_id"": ""6828a6e9-e23c-46f8-b9a0-9f715206c8ba""}",1788541310.085223
0596faff-8414-4cd3-a91c-e9efce969037,deb88f91-8cf0-496d-af59-3ea0fcbb8e20,HUMAN,shown,trend_alert,up-streak,up-streak,2026-09-04T17:01:49.987Z,2026-09-04T17:01:50.088599+00:00,"{""client_ts"": ""2026-09-04T17:01:49.987Z"", ""element_id"": ""up-streak"", ""element_label"": ""up-streak"", ""element_type"": ""trend_alert"", ""event_name"": ""shown"", ""message"": ""Price went up 3 times in the last 5 ticks!"", ""trader_id"": ""deb88f91-8cf0-496d-af59-3ea0fcbb8e20""}",1788541310.096167
0596faff-8414-4cd3-a91c-e9efce969037,f0424c5c-891b-4c7d-ab98-66f8040dd592,HUMAN,shown,trend_alert,up-streak,up-streak,2026-09-04T17:01:49.992Z,2026-09-04T17:01:50.100661+00:00,"{""client_ts"": ""2026-09-04T17:01:49.992Z"", ""element_id"": ""up-streak"", ""element_label"": ""up-streak"", ""element_type"": ""trend_alert"", ""event_name"": ""shown"", ""message"": ""Price went up 3 times in the last 5 ticks!"", ""trader_id"": ""f0424c5c-891b-4c7d-ab98-66f8040dd592""}",1788541310.107837
0596faff-8414-4cd3-a91c-e9efce969037,d77c237c-bd8f-45ed-a388-3f58f0062686,HUMAN,shown,trend_alert,up-streak,up-streak,2026-09-04T17:01:49.997Z,2026-09-04T17:01:50.116072+00:00,"{""client_ts"": ""2026-09-04T17:01:49.997Z"", ""element_id"": ""up-streak"", ""element_label"": ""up-streak"", ""element_type"": ""trend_alert"", ""event_name"": ""shown"", ""message"": ""Price went up 3 times in the last 5 ticks!"", ""trader_id"": ""d77c237c-bd8f-45ed-a388-3f58f0062686""}",1788541310.126957
e75d2478-5641-45fa-8bf9-15303b4720f3,4c0e40a1-ec8b-43c6-97ed-2ac45ff5d1b2,HUMAN,shown,badge_unlock,platinum,Platinum,2026-09-04T17:02:01.547Z,2026-09-04T17:02:01.625543+00:00,"{""client_ts"": ""2026-09-04T17:02:01.547Z"", ""element_id"": ""platinum"", ""element_label"": ""Platinum"", ""element_type"": ""badge_unlock"", ""event_name"": ""shown"", ""total_trades_threshold"": 50, ""trader_id"": ""4c0e40a1-ec8b-43c6-97ed-2ac45ff5d1b2""}",1788541321.640558
e75d2478-5641-45fa-8bf9-15303b4720f3,4c0e40a1-ec8b-43c6-97ed-2ac45ff5d1b2,HUMAN,shown,badge_modal,platinum,Platinum,2026-09-04T17:02:01.548Z,2026-09-04T17:02:01.652313+00:00,"{""client_ts"": ""2026-09-04T17:02:01.548Z"", ""element_id"": ""platinum"", ""element_label"": ""Platinum"", ""element_type"": ""badge_modal"", ""event_name"": ""shown"", ""message"": ""You are definitely going places!"", ""total_trades"": 50, ""trader_id"": ""4c0e40a1-ec8b-43c6-97ed-2ac45ff5d1b2""}",1788541321.669971
e75d2478-5641-45fa-8bf9-15303b4720f3,4c0e40a1-ec8b-43c6-97ed-2ac45ff5d1b2,HUMAN,shown,badge_gif,platinum,Platinum,2026-09-04T17:02:01.548Z,2026-09-04T17:02:01.687798+00:00,"{""client_ts"": ""2026-09-04T17:02:01.548Z"", ""element_id"": ""platinum"", ""element_label"": ""Platinum"", ""element_type"": ""badge_gif"", ""event_name"": ""shown"", ""gif"": ""/static/trader_bridge_app/vue/assets/platinum.gif"", ""trader_id"": ""4c0e40a1-ec8b-43c6-97ed-2ac45ff5d1b2""}",1788541321.700596
0596faff-8414-4cd3-a91c-e9efce969037,deb88f91-8cf0-496d-af59-3ea0fcbb8e20,HUMAN,shown,trend_alert,down-streak,down-streak,2026-09-04T17:02:50.657Z,2026-09-04T17:02:50.721416+00:00,"{""client_ts"": ""2026-09-04T17:02:50.657Z"", ""element_id"": ""down-streak"", ""element_label"": ""down-streak"", ""element_type"": ""trend_alert"", ""event_name"": ""shown"", ""message"": ""Price went down 3 times in the last 5 ticks!"", ""trader_id"": ""deb88f91-8cf0-496d-af59-3ea0fcbb8e20""}",1788541370.727933
0596faff-8414-4cd3-a91c-e9efce969037,f84876bd-a037-4146-a9e0-fa2ced5f14a3,HUMAN,shown,trend_alert,down-streak,down-streak,2026-09-04T17:02:50.667Z,2026-09-04T17:02:50.732255+00:00,"{""client_ts"": ""2026-09-04T17:02:50.667Z"", ""element_id"": ""down-streak"", ""element_label"": ""down-streak"", ""element_type"": ""trend_alert"", ""event_name"": ""shown"", ""message"": ""Price went down 3 times in the last 5 ticks!"", ""trader_id"": ""f84876bd-a037-4146-a9e0-fa2ced5f14a3""}",1788541370.738997
0596faff-8414-4cd3-a91c-e9efce969037,d77c237c-bd8f-45ed-a388-3f58f0062686,HUMAN,shown,trend_alert,down-streak,down-streak,2026-09-04T17:02:50.665Z,2026-09-04T17:02:50.742142+00:00,"{""client_ts"": ""2026-09-04T17:02:50.665Z"", ""element_id"": ""down-streak"", ""element_label"": ""down-streak"", ""element_type"": ""trend_alert"", ""event_name"": ""shown"", ""message"": ""Price went down 3 times in the last 5 ticks!"", ""trader_id"": ""d77c237c-bd8f-45ed-a388-3f58f0062686""}",1788541370.748395
0596faff-8414-4cd3-a91c-e9efce969037,27c5cf8d-18ea-4b55-938f-ac739bdbf0c6,HUMAN,shown,trend_alert,down-streak,down-streak,2026-09-04T17:02:50.665Z,2026-09-04T17:02:50.751566+00:00,"{""client_ts"": ""2026-09-04T17:02:50.665Z"", ""element_id"": ""down-streak"", ""element_label"": ""down-streak"", ""element_type"": ""trend_alert"", ""event_name"": ""shown"", ""message"": ""Price went down 3 times in the last 5 ticks!"", ""trader_id"": ""27c5cf8d-18ea-4b55-938f-ac739bdbf0c6""}",1788541370.757479
0596faff-8414-4cd3-a91c-e9efce969037,f0424c5c-891b-4c7d-ab98-66f8040dd592,HUMAN,shown,trend_alert,down-streak,down-streak,2026-09-04T17:02:50.665Z,2026-09-04T17:02:50.761132+00:00,"{""client_ts"": ""2026-09-04T17:02:50.665Z"", ""element_id"": ""down-streak"", ""element_label"": ""down-streak"", ""element_type"": ""trend_alert"", ""event_name"": ""shown"", ""message"": ""Price went down 3 times in the last 5 ticks!"", ""trader_id"": ""f0424c5c-891b-4c7d-ab98-66f8040dd592""}",1788541370.767207
0596faff-8414-4cd3-a91c-e9efce969037,6828a6e9-e23c-46f8-b9a0-9f715206c8ba,HUMAN,shown,trend_alert,down-streak,down-streak,2026-09-04T17:02:50.665Z,2026-09-04T17:02:50.771591+00:00,"{""client_ts"": ""2026-09-04T17:02:50.665Z"", ""element_id"": ""down-streak"", ""element_label"": ""down-streak"", ""element_type"": ""trend_alert"", ""event_name"": ""shown"", ""message"": ""Price went down 3 times in the last 5 ticks!"", ""trader_id"": ""6828a6e9-e23c-46f8-b9a0-9f715206c8ba""}",1788541370.778065
0596faff-8414-4cd3-a91c-e9efce969037,d77c237c-bd8f-45ed-a388-3f58f0062686,HUMAN,shown,badge_unlock,gold,Gold,2026-09-04T17:02:54.103Z,2026-09-04T17:02:54.159584+00:00,"{""client_ts"": ""2026-09-04T17:02:54.103Z"", ""element_id"": ""gold"", ""element_label"": ""Gold"", ""element_type"": ""badge_unlock"", ""event_name"": ""shown"", ""total_trades_threshold"": 35, ""trader_id"": ""d77c237c-bd8f-45ed-a388-3f58f0062686""}",1788541374.166152
0596faff-8414-4cd3-a91c-e9efce969037,d77c237c-bd8f-45ed-a388-3f58f0062686,HUMAN,shown,badge_modal,gold,Gold,2026-09-04T17:02:54.103Z,2026-09-04T17:02:54.169650+00:00,"{""client_ts"": ""2026-09-04T17:02:54.103Z"", ""element_id"": ""gold"", ""element_label"": ""Gold"", ""element_type"": ""badge_modal"", ""event_name"": ""shown"", ""message"": ""You are the money maker!"", ""total_trades"": 35, ""trader_id"": ""d77c237c-bd8f-45ed-a388-3f58f0062686""}",1788541374.175688
0596faff-8414-4cd3-a91c-e9efce969037,d77c237c-bd8f-45ed-a388-3f58f0062686,HUMAN,shown,badge_gif,gold,Gold,2026-09-04T17:02:54.103Z,2026-09-04T17:02:54.179045+00:00,"{""client_ts"": ""2026-09-04T17:02:54.103Z"", ""element_id"": ""gold"", ""element_label"": ""Gold"", ""element_type"": ""badge_gif"", ""event_name"": ""shown"", ""gif"": ""/static/trader_bridge_app/vue/assets/gold.gif"", ""trader_id"": ""d77c237c-bd8f-45ed-a388-3f58f0062686""}",1788541374.185028
0596faff-8414-4cd3-a91c-e9efce969037,f84876bd-a037-4146-a9e0-fa2ced5f14a3,HUMAN,shown,trend_alert,down-streak,down-streak,2026-09-04T17:02:54.811Z,2026-09-04T17:02:54.915828+00:00,"{""client_ts"": ""2026-09-04T17:02:54.811Z"", ""element_id"": ""down-streak"", ""element_label"": ""down-streak"", ""element_type"": ""trend_alert"", ""event_name"": ""shown"", ""message"": ""Price went down 3 times in the last 5 ticks!"", ""trader_id"": ""f84876bd-a037-4146-a9e0-fa2ced5f14a3""}",1788541374.923177
0596faff-8414-4cd3-a91c-e9efce969037,27c5cf8d-18ea-4b55-938f-ac739bdbf0c6,HUMAN,shown,trend_alert,down-streak,down-streak,2026-09-04T17:02:54.806Z,2026-09-04T17:02:54.927615+00:00,"{""client_ts"": ""2026-09-04T17:02:54.806Z"", ""element_id"": ""down-streak"", ""element_label"": ""down-streak"", ""element_type"": ""trend_alert"", ""event_name"": ""shown"", ""message"": ""Price went down 3 times in the last 5 ticks!"", ""trader_id"": ""27c5cf8d-18ea-4b55-938f-ac739bdbf0c6""}",1788541374.934889
0596faff-8414-4cd3-a91c-e9efce969037,deb88f91-8cf0-496d-af59-3ea0fcbb8e20,HUMAN,shown,trend_alert,down-streak,down-streak,2026-09-04T17:02:54.801Z,2026-09-04T17:02:54.938579+00:00,"{""client_ts"": ""2026-09-04T17:02:54.801Z"", ""element_id"": ""down-streak"", ""element_label"": ""down-streak"", ""element_type"": ""trend_alert"", ""event_name"": ""shown"", ""message"": ""Price went down 3 times in the last 5 ticks!"", ""trader_id"": ""deb88f91-8cf0-496d-af59-3ea0fcbb8e20""}",1788541374.945493
0596faff-8414-4cd3-a91c-e9efce969037,d77c237c-bd8f-45ed-a388-3f58f0062686,HUMAN,shown,trend_alert,down-streak,down-streak,2026-09-04T17:02:54.810Z,2026-09-04T17:02:54.949996+00:00,"{""client_ts"": ""2026-09-04T17:02:54.810Z"", ""element_id"": ""down-streak"", ""element_label"": ""down-streak"", ""element_type"": ""trend_alert"", ""event_name"": ""shown"", ""message"": ""Price went down 3 times in the last 5 ticks!"", ""trader_id"": ""d77c237c-bd8f-45ed-a388-3f58f0062686""}",1788541374.956427
0596faff-8414-4cd3-a91c-e9efce969037,f0424c5c-891b-4c7d-ab98-66f8040dd592,HUMAN,shown,trend_alert,down-streak,down-streak,2026-09-04T17:02:54.809Z,2026-09-04T17:02:54.959627+00:00,"{""client_ts"": ""2026-09-04T17:02:54.809Z"", ""element_id"": ""down-streak"", ""element_label"": ""down-streak"", ""element_type"": ""trend_alert"", ""event_name"": ""shown"", ""message"": ""Price went down 3 times in the last 5 ticks!"", ""trader_id"": ""f0424c5c-891b-4c7d-ab98-66f8040dd592""}",1788541374.965381
0596faff-8414-4cd3-a91c-e9efce969037,6828a6e9-e23c-46f8-b9a0-9f715206c8ba,HUMAN,shown,trend_alert,down-streak,down-streak,2026-09-04T17:02:54.810Z,2026-09-04T17:02:54.969162+00:00,"{""client_ts"": ""2026-09-04T17:02:54.810Z"", ""element_id"": ""down-streak"", ""element_label"": ""down-streak"", ""element_type"": ""trend_alert"", ""event_name"": ""shown"", ""message"": ""Price went down 3 times in the last 5 ticks!"", ""trader_id"": ""6828a6e9-e23c-46f8-b9a0-9f715206c8ba""}",1788541374.975379
0596faff-8414-4cd3-a91c-e9efce969037,27c5cf8d-18ea-4b55-938f-ac739bdbf0c6,HUMAN,shown,trend_alert,up-streak,up-streak,2026-09-04T17:02:59.295Z,2026-09-04T17:02:59.364835+00:00,"{""client_ts"": ""2026-09-04T17:02:59.295Z"", ""element_id"": ""up-streak"", ""element_label"": ""up-streak"", ""element_type"": ""trend_alert"", ""event_name"": ""shown"", ""message"": ""Price went up 3 times in the last 5 ticks!"", ""trader_id"": ""27c5cf8d-18ea-4b55-938f-ac739bdbf0c6""}",1788541379.371088
0596faff-8414-4cd3-a91c-e9efce969037,deb88f91-8cf0-496d-af59-3ea0fcbb8e20,HUMAN,shown,trend_alert,up-streak,up-streak,2026-09-04T17:02:59.290Z,2026-09-04T17:02:59.376250+00:00,"{""client_ts"": ""2026-09-04T17:02:59.290Z"", ""element_id"": ""up-streak"", ""element_label"": ""up-streak"", ""element_type"": ""trend_alert"", ""event_name"": ""shown"", ""message"": ""Price went up 3 times in the last 5 ticks!"", ""trader_id"": ""deb88f91-8cf0-496d-af59-3ea0fcbb8e20""}",1788541379.382808
0596faff-8414-4cd3-a91c-e9efce969037,f84876bd-a037-4146-a9e0-fa2ced5f14a3,HUMAN,shown,trend_alert,up-streak,up-streak,2026-09-04T17:02:59.299Z,2026-09-04T17:02:59.386213+00:00,"{""client_ts"": ""2026-09-04T17:02:59.299Z"", ""element_id"": ""up-streak"", ""element_label"": ""up-streak"", ""element_type"": ""trend_alert"", ""event_name"": ""shown"", ""message"": ""Price went up 3 times in the last 5 ticks!"", ""trader_id"": ""f84876bd-a037-4146-a9e0-fa2ced5f14a3""}",1788541379.39231
0596faff-8414-4cd3-a91c-e9efce969037,6828a6e9-e23c-46f8-b9a0-9f715206c8ba,HUMAN,shown,trend_alert,up-streak,up-streak,2026-09-04T17:02:59.295Z,2026-09-04T17:02:59.395621+00:00,"{""client_ts"": ""2026-09-04T17:02:59.295Z"", ""element_id"": ""up-streak"", ""element_label"": ""up-streak"", ""element_type"": ""trend_alert"", ""event_name"": ""shown"", ""message"": ""Price went up 3 times in the last 5 ticks!"", ""trader_id"": ""6828a6e9-e23c-46f8-b9a0-9f715206c8ba""}",1788541379.403007
0596faff-8414-4cd3-a91c-e9efce969037,d77c237c-bd8f-45ed-a388-3f58f0062686,HUMAN,shown,trend_alert,up-streak,up-streak,2026-09-04T17:02:59.338Z,2026-09-04T17:02:59.414609+00:00,"{""client_ts"": ""2026-09-04T17:02:59.338Z"", ""element_id"": ""up-streak"", ""element_label"": ""up-streak"", ""element_type"": ""trend_alert"", ""event_name"": ""shown"", ""message"": ""Price went up 3 times in the last 5 ticks!"", ""trader_id"": ""d77c237c-bd8f-45ed-a388-3f58f0062686""}",1788541379.42231
0596faff-8414-4cd3-a91c-e9efce969037,f0424c5c-891b-4c7d-ab98-66f8040dd592,HUMAN,shown,trend_alert,up-streak,up-streak,2026-09-04T17:02:59.337Z,2026-09-04T17:02:59.425908+00:00,"{""client_ts"": ""2026-09-04T17:02:59.337Z"", ""element_id"": ""up-streak"", ""element_label"": ""up-streak"", ""element_type"": ""trend_alert"", ""event_name"": ""shown"", ""message"": ""Price went up 3 times in the last 5 ticks!"", ""trader_id"": ""f0424c5c-891b-4c7d-ab98-66f8040dd592""}",1788541379.432845
0596faff-8414-4cd3-a91c-e9efce969037,27c5cf8d-18ea-4b55-938f-ac739bdbf0c6,HUMAN,shown,badge_unlock,gold,Gold,2026-09-04T17:03:05.922Z,2026-09-04T17:03:05.980751+00:00,"{""client_ts"": ""2026-09-04T17:03:05.922Z"", ""element_id"": ""gold"", ""element_label"": ""Gold"", ""element_type"": ""badge_unlock"", ""event_name"": ""shown"", ""total_trades_threshold"": 35, ""trader_id"": ""27c5cf8d-18ea-4b55-938f-ac739bdbf0c6""}",1788541385.991273
0596faff-8414-4cd3-a91c-e9efce969037,27c5cf8d-18ea-4b55-938f-ac739bdbf0c6,HUMAN,shown,badge_modal,gold,Gold,2026-09-04T17:03:05.922Z,2026-09-04T17:03:05.997024+00:00,"{""client_ts"": ""2026-09-04T17:03:05.922Z"", ""element_id"": ""gold"", ""element_label"": ""Gold"", ""element_type"": ""badge_modal"", ""event_name"": ""shown"", ""message"": ""You are the money maker!"", ""total_trades"": 35, ""trader_id"": ""27c5cf8d-18ea-4b55-938f-ac739bdbf0c6""}",1788541386.004337
0596faff-8414-4cd3-a91c-e9efce969037,27c5cf8d-18ea-4b55-938f-ac739bdbf0c6,HUMAN,shown,badge_gif,gold,Gold,2026-09-04T17:03:05.922Z,2026-09-04T17:03:06.008633+00:00,"{""client_ts"": ""2026-09-04T17:03:05.922Z"", ""element_id"": ""gold"", ""element_label"": ""Gold"", ""element_type"": ""badge_gif"", ""event_name"": ""shown"", ""gif"": ""/static/trader_bridge_app/vue/assets/gold.gif"", ""trader_id"": ""27c5cf8d-18ea-4b55-938f-ac739bdbf0c6""}",1788541386.015391
5f843ad6-6f15-4b1a-b905-00629a87c560,df031ae1-4a17-4b6e-86c8-73a2f16255cc,HUMAN,shown,badge_unlock,bronze,Bronze,2026-09-04T17:03:07.588Z,2026-09-04T17:03:07.731029+00:00,"{""client_ts"": ""2026-09-04T17:03:07.588Z"", ""element_id"": ""bronze"", ""element_label"": ""Bronze"", ""element_type"": ""badge_unlock"", ""event_name"": ""shown"", ""total_trades_threshold"": 10, ""trader_id"": ""df031ae1-4a17-4b6e-86c8-73a2f16255cc""}",1788541387.737796
5f843ad6-6f15-4b1a-b905-00629a87c560,df031ae1-4a17-4b6e-86c8-73a2f16255cc,HUMAN,shown,badge_modal,bronze,Bronze,2026-09-04T17:03:07.588Z,2026-09-04T17:03:07.760529+00:00,"{""client_ts"": ""2026-09-04T17:03:07.588Z"", ""element_id"": ""bronze"", ""element_label"": ""Bronze"", ""element_type"": ""badge_modal"", ""event_name"": ""shown"", ""message"": ""Level up! Doing well"", ""total_trades"": 10, ""trader_id"": ""df031ae1-4a17-4b6e-86c8-73a2f16255cc""}",1788541387.767505
5f843ad6-6f15-4b1a-b905-00629a87c560,df031ae1-4a17-4b6e-86c8-73a2f16255cc,HUMAN,shown,badge_gif,bronze,Bronze,2026-09-04T17:03:07.588Z,2026-09-04T17:03:07.785368+00:00,"{""client_ts"": ""2026-09-04T17:03:07.588Z"", ""element_id"": ""bronze"", ""element_label"": ""Bronze"", ""element_type"": ""badge_gif"", ""event_name"": ""shown"", ""gif"": ""/static/trader_bridge_app/vue/assets/bronze.gif"", ""trader_id"": ""df031ae1-4a17-4b6e-86c8-73a2f16255cc""}",1788541387.79244
0596faff-8414-4cd3-a91c-e9efce969037,f84876bd-a037-4146-a9e0-fa2ced5f14a3,HUMAN,shown,trend_alert,down-streak,down-streak,2026-09-04T17:03:17.467Z,2026-09-04T17:03:17.522116+00:00,"{""client_ts"": ""2026-09-04T17:03:17.467Z"", ""element_id"": ""down-streak"", ""element_label"": ""down-streak"", ""element_type"": ""trend_alert"", ""event_name"": ""shown"", ""message"": ""Price went down 3 times in the last 5 ticks!"", ""trader_id"": ""f84876bd-a037-4146-a9e0-fa2ced5f14a3""}",1788541397.52884
0596faff-8414-4cd3-a91c-e9efce969037,f0424c5c-891b-4c7d-ab98-66f8040dd592,HUMAN,shown,trend_alert,down-streak,down-streak,2026-09-04T17:03:17.468Z,2026-09-04T17:03:17.533434+00:00,"{""client_ts"": ""2026-09-04T17:03:17.468Z"", ""element_id"": ""down-streak"", ""element_label"": ""down-streak"", ""element_type"": ""trend_alert"", ""event_name"": ""shown"", ""message"": ""Price went down 3 times in the last 5 ticks!"", ""trader_id"": ""f0424c5c-891b-4c7d-ab98-66f8040dd592""}",1788541397.539267
0596faff-8414-4cd3-a91c-e9efce969037,6828a6e9-e23c-46f8-b9a0-9f715206c8ba,HUMAN,shown,trend_alert,down-streak,down-streak,2026-09-04T17:03:17.463Z,2026-09-04T17:03:17.542160+00:00,"{""client_ts"": ""2026-09-04T17:03:17.463Z"", ""element_id"": ""down-streak"", ""element_label"": ""down-streak"", ""element_type"": ""trend_alert"", ""event_name"": ""shown"", ""message"": ""Price went down 3 times in the last 5 ticks!"", ""trader_id"": ""6828a6e9-e23c-46f8-b9a0-9f715206c8ba""}",1788541397.547778
0596faff-8414-4cd3-a91c-e9efce969037,d77c237c-bd8f-45ed-a388-3f58f0062686,HUMAN,shown,trend_alert,down-streak,down-streak,2026-09-04T17:03:17.470Z,2026-09-04T17:03:17.550584+00:00,"{""client_ts"": ""2026-09-04T17:03:17.470Z"", ""element_id"": ""down-streak"", ""element_label"": ""down-streak"", ""element_type"": ""trend_alert"", ""event_name"": ""shown"", ""message"": ""Price went down 3 times in the last 5 ticks!"", ""trader_id"": ""d77c237c-bd8f-45ed-a388-3f58f0062686""}",1788541397.556415
0596faff-8414-4cd3-a91c-e9efce969037,deb88f91-8cf0-496d-af59-3ea0fcbb8e20,HUMAN,shown,trend_alert,down-streak,down-streak,2026-09-04T17:03:17.463Z,2026-09-04T17:03:17.559635+00:00,"{""client_ts"": ""2026-09-04T17:03:17.463Z"", ""element_id"": ""down-streak"", ""element_label"": ""down-streak"", ""element_type"": ""trend_alert"", ""event_name"": ""shown"", ""message"": ""Price went down 3 times in the last 5 ticks!"", ""trader_id"": ""deb88f91-8cf0-496d-af59-3ea0fcbb8e20""}",1788541397.565647
0596faff-8414-4cd3-a91c-e9efce969037,27c5cf8d-18ea-4b55-938f-ac739bdbf0c6,HUMAN,shown,trend_alert,down-streak,down-streak,2026-09-04T17:03:17.467Z,2026-09-04T17:03:17.568955+00:00,"{""client_ts"": ""2026-09-04T17:03:17.467Z"", ""element_id"": ""down-streak"", ""element_label"": ""down-streak"", ""element_type"": ""trend_alert"", ""event_name"": ""shown"", ""message"": ""Price went down 3 times in the last 5 ticks!"", ""trader_id"": ""27c5cf8d-18ea-4b55-938f-ac739bdbf0c6""}",1788541397.574883
e75d2478-5641-45fa-8bf9-15303b4720f3,352cbd86-93f1-463f-a006-b1d6ed612217,HUMAN,shown,trend_alert,down-streak,down-streak,2026-09-04T17:03:19.112Z,2026-09-04T17:03:19.212617+00:00,"{""client_ts"": ""2026-09-04T17:03:19.112Z"", ""element_id"": ""down-streak"", ""element_label"": ""down-streak"", ""element_type"": ""trend_alert"", ""event_name"": ""shown"", ""message"": ""Price went down 3 times in the last 5 ticks!"", ""trader_id"": ""352cbd86-93f1-463f-a006-b1d6ed612217""}",1788541399.218824
e75d2478-5641-45fa-8bf9-15303b4720f3,8dd4a26c-c32c-4462-a1d2-afa867669de4,HUMAN,shown,trend_alert,down-streak,down-streak,2026-09-04T17:03:19.115Z,2026-09-04T17:03:19.221828+00:00,"{""client_ts"": ""2026-09-04T17:03:19.115Z"", ""element_id"": ""down-streak"", ""element_label"": ""down-streak"", ""element_type"": ""trend_alert"", ""event_name"": ""shown"", ""message"": ""Price went down 3 times in the last 5 ticks!"", ""trader_id"": ""8dd4a26c-c32c-4462-a1d2-afa867669de4""}",1788541399.227537
e75d2478-5641-45fa-8bf9-15303b4720f3,4c0e40a1-ec8b-43c6-97ed-2ac45ff5d1b2,HUMAN,shown,trend_alert,down-streak,down-streak,2026-09-04T17:03:19.119Z,2026-09-04T17:03:19.230617+00:00,"{""client_ts"": ""2026-09-04T17:03:19.119Z"", ""element_id"": ""down-streak"", ""element_label"": ""down-streak"", ""element_type"": ""trend_alert"", ""event_name"": ""shown"", ""message"": ""Price went down 3 times in the last 5 ticks!"", ""trader_id"": ""4c0e40a1-ec8b-43c6-97ed-2ac45ff5d1b2""}",1788541399.237153
e75d2478-5641-45fa-8bf9-15303b4720f3,83dba17b-0af0-4a73-8c79-a9cfacf59366,HUMAN,shown,trend_alert,down-streak,down-streak,2026-09-04T17:03:19.117Z,2026-09-04T17:03:19.240849+00:00,"{""client_ts"": ""2026-09-04T17:03:19.117Z"", ""element_id"": ""down-streak"", ""element_label"": ""down-streak"", ""element_type"": ""trend_alert"", ""event_name"": ""shown"", ""message"": ""Price went down 3 times in the last 5 ticks!"", ""trader_id"": ""83dba17b-0af0-4a73-8c79-a9cfacf59366""}",1788541399.246772
e75d2478-5641-45fa-8bf9-15303b4720f3,a05bfac5-0418-4559-bfc4-3c0dd45bcd36,HUMAN,shown,trend_alert,down-streak,down-streak,2026-09-04T17:03:19.119Z,2026-09-04T17:03:19.249906+00:00,"{""client_ts"": ""2026-09-04T17:03:19.119Z"", ""element_id"": ""down-streak"", ""element_label"": ""down-streak"", ""element_type"": ""trend_alert"", ""event_name"": ""shown"", ""message"": ""Price went down 3 times in the last 5 ticks!"", ""trader_id"": ""a05bfac5-0418-4559-bfc4-3c0dd45bcd36""}",1788541399.255569
e75d2478-5641-45fa-8bf9-15303b4720f3,18f97bcb-3bff-4032-a1d3-6a9922113afe,HUMAN,shown,trend_alert,down-streak,down-streak,2026-09-04T17:03:19.113Z,2026-09-04T17:03:19.258530+00:00,"{""client_ts"": ""2026-09-04T17:03:19.113Z"", ""element_id"": ""down-streak"", ""element_label"": ""down-streak"", ""element_type"": ""trend_alert"", ""event_name"": ""shown"", ""message"": ""Price went down 3 times in the last 5 ticks!"", ""trader_id"": ""18f97bcb-3bff-4032-a1d3-6a9922113afe""}",1788541399.264195
e75d2478-5641-45fa-8bf9-15303b4720f3,4c0e40a1-ec8b-43c6-97ed-2ac45ff5d1b2,HUMAN,shown,trend_alert,up-streak,up-streak,2026-09-04T17:03:22.285Z,2026-09-04T17:03:22.338987+00:00,"{""client_ts"": ""2026-09-04T17:03:22.285Z"", ""element_id"": ""up-streak"", ""element_label"": ""up-streak"", ""element_type"": ""trend_alert"", ""event_name"": ""shown"", ""message"": ""Price went up 3 times in the last 5 ticks!"", ""trader_id"": ""4c0e40a1-ec8b-43c6-97ed-2ac45ff5d1b2""}",1788541402.345313
e75d2478-5641-45fa-8bf9-15303b4720f3,352cbd86-93f1-463f-a006-b1d6ed612217,HUMAN,shown,trend_alert,up-streak,up-streak,2026-09-04T17:03:22.281Z,2026-09-04T17:03:22.349460+00:00,"{""client_ts"": ""2026-09-04T17:03:22.281Z"", ""element_id"": ""up-streak"", ""element_label"": ""up-streak"", ""element_type"": ""trend_alert"", ""event_name"": ""shown"", ""message"": ""Price went up 3 times in the last 5 ticks!"", ""trader_id"": ""352cbd86-93f1-463f-a006-b1d6ed612217""}",1788541402.355153
e75d2478-5641-45fa-8bf9-15303b4720f3,83dba17b-0af0-4a73-8c79-a9cfacf59366,HUMAN,shown,trend_alert,up-streak,up-streak,2026-09-04T17:03:22.283Z,2026-09-04T17:03:22.358098+00:00,"{""client_ts"": ""2026-09-04T17:03:22.283Z"", ""element_id"": ""up-streak"", ""element_label"": ""up-streak"", ""element_type"": ""trend_alert"", ""event_name"": ""shown"", ""message"": ""Price went up 3 times in the last 5 ticks!"", ""trader_id"": ""83dba17b-0af0-4a73-8c79-a9cfacf59366""}",1788541402.363443
e75d2478-5641-45fa-8bf9-15303b4720f3,a05bfac5-0418-4559-bfc4-3c0dd45bcd36,HUMAN,shown,trend_alert,up-streak,up-streak,2026-09-04T17:03:22.284Z,2026-09-04T17:03:22.366235+00:00,"{""client_ts"": ""2026-09-04T17:03:22.284Z"", ""element_id"": ""up-streak"", ""element_label"": ""up-streak"", ""element_type"": ""trend_alert"", ""event_name"": ""shown"", ""message"": ""Price went up 3 times in the last 5 ticks!"", ""trader_id"": ""a05bfac5-0418-4559-bfc4-3c0dd45bcd36""}",1788541402.371972
e75d2478-5641-45fa-8bf9-15303b4720f3,8dd4a26c-c32c-4462-a1d2-afa867669de4,HUMAN,shown,trend_alert,up-streak,up-streak,2026-09-04T17:03:22.284Z,2026-09-04T17:03:22.375092+00:00,"{""client_ts"": ""2026-09-04T17:03:22.284Z"", ""element_id"": ""up-streak"", ""element_label"": ""up-streak"", ""element_type"": ""trend_alert"", ""event_name"": ""shown"", ""message"": ""Price went up 3 times in the last 5 ticks!"", ""trader_id"": ""8dd4a26c-c32c-4462-a1d2-afa867669de4""}",1788541402.380603
e75d2478-5641-45fa-8bf9-15303b4720f3,18f97bcb-3bff-4032-a1d3-6a9922113afe,HUMAN,shown,trend_alert,up-streak,up-streak,2026-09-04T17:03:22.283Z,2026-09-04T17:03:22.384045+00:00,"{""client_ts"": ""2026-09-04T17:03:22.283Z"", ""element_id"": ""up-streak"", ""element_label"": ""up-streak"", ""element_type"": ""trend_alert"", ""event_name"": ""shown"", ""message"": ""Price went up 3 times in the last 5 ticks!"", ""trader_id"": ""18f97bcb-3bff-4032-a1d3-6a9922113afe""}",1788541402.389933
e75d2478-5641-45fa-8bf9-15303b4720f3,352cbd86-93f1-463f-a006-b1d6ed612217,HUMAN,shown,trend_alert,up-streak,up-streak,2026-09-04T17:04:08.398Z,2026-09-04T17:04:08.479739+00:00,"{""client_ts"": ""2026-09-04T17:04:08.398Z"", ""element_id"": ""up-streak"", ""element_label"": ""up-streak"", ""element_type"": ""trend_alert"", ""event_name"": ""shown"", ""message"": ""Price went up 3 times in the last 5 ticks!"", ""trader_id"": ""352cbd86-93f1-463f-a006-b1d6ed612217""}",1788541448.488173
e75d2478-5641-45fa-8bf9-15303b4720f3,a05bfac5-0418-4559-bfc4-3c0dd45bcd36,HUMAN,shown,trend_alert,up-streak,up-streak,2026-09-04T17:04:08.404Z,2026-09-04T17:04:08.491554+00:00,"{""client_ts"": ""2026-09-04T17:04:08.404Z"", ""element_id"": ""up-streak"", ""element_label"": ""up-streak"", ""element_type"": ""trend_alert"", ""event_name"": ""shown"", ""message"": ""Price went up 3 times in the last 5 ticks!"", ""trader_id"": ""a05bfac5-0418-4559-bfc4-3c0dd45bcd36""}",1788541448.498546
e75d2478-5641-45fa-8bf9-15303b4720f3,8dd4a26c-c32c-4462-a1d2-afa867669de4,HUMAN,shown,trend_alert,up-streak,up-streak,2026-09-04T17:04:08.404Z,2026-09-04T17:04:08.501729+00:00,"{""client_ts"": ""2026-09-04T17:04:08.404Z"", ""element_id"": ""up-streak"", ""element_label"": ""up-streak"", ""element_type"": ""trend_alert"", ""event_name"": ""shown"", ""message"": ""Price went up 3 times in the last 5 ticks!"", ""trader_id"": ""8dd4a26c-c32c-4462-a1d2-afa867669de4""}",1788541448.507879
e75d2478-5641-45fa-8bf9-15303b4720f3,4c0e40a1-ec8b-43c6-97ed-2ac45ff5d1b2,HUMAN,shown,trend_alert,up-streak,up-streak,2026-09-04T17:04:08.405Z,2026-09-04T17:04:08.524850+00:00,"{""client_ts"": ""2026-09-04T17:04:08.405Z"", ""element_id"": ""up-streak"", ""element_label"": ""up-streak"", ""element_type"": ""trend_alert"", ""event_name"": ""shown"", ""message"": ""Price went up 3 times in the last 5 ticks!"", ""trader_id"": ""4c0e40a1-ec8b-43c6-97ed-2ac45ff5d1b2""}",1788541448.531629
e75d2478-5641-45fa-8bf9-15303b4720f3,18f97bcb-3bff-4032-a1d3-6a9922113afe,HUMAN,shown,trend_alert,up-streak,up-streak,2026-09-04T17:04:08.399Z,2026-09-04T17:04:08.534507+00:00,"{""client_ts"": ""2026-09-04T17:04:08.399Z"", ""element_id"": ""up-streak"", ""element_label"": ""up-streak"", ""element_type"": ""trend_alert"", ""event_name"": ""shown"", ""message"": ""Price went up 3 times in the last 5 ticks!"", ""trader_id"": ""18f97bcb-3bff-4032-a1d3-6a9922113afe""}",1788541448.540233
e75d2478-5641-45fa-8bf9-15303b4720f3,83dba17b-0af0-4a73-8c79-a9cfacf59366,HUMAN,shown,trend_alert,up-streak,up-streak,2026-09-04T17:04:08.404Z,2026-09-04T17:04:08.543108+00:00,"{""client_ts"": ""2026-09-04T17:04:08.404Z"", ""element_id"": ""up-streak"", ""element_label"": ""up-streak"", ""element_type"": ""trend_alert"", ""event_name"": ""shown"", ""message"": ""Price went up 3 times in the last 5 ticks!"", ""trader_id"": ""83dba17b-0af0-4a73-8c79-a9cfacf59366""}",1788541448.551285
e75d2478-5641-45fa-8bf9-15303b4720f3,18f97bcb-3bff-4032-a1d3-6a9922113afe,HUMAN,shown,badge_unlock,gold,Gold,2026-09-04T17:04:21.708Z,2026-09-04T17:04:21.769885+00:00,"{""client_ts"": ""2026-09-04T17:04:21.708Z"", ""element_id"": ""gold"", ""element_label"": ""Gold"", ""element_type"": ""badge_unlock"", ""event_name"": ""shown"", ""total_trades_threshold"": 35, ""trader_id"": ""18f97bcb-3bff-4032-a1d3-6a9922113afe""}",1788541461.777033
e75d2478-5641-45fa-8bf9-15303b4720f3,18f97bcb-3bff-4032-a1d3-6a9922113afe,HUMAN,shown,badge_modal,gold,Gold,2026-09-04T17:04:21.708Z,2026-09-04T17:04:21.782652+00:00,"{""client_ts"": ""2026-09-04T17:04:21.708Z"", ""element_id"": ""gold"", ""element_label"": ""Gold"", ""element_type"": ""badge_modal"", ""event_name"": ""shown"", ""message"": ""You are the money maker!"", ""total_trades"": 35, ""trader_id"": ""18f97bcb-3bff-4032-a1d3-6a9922113afe""}",1788541461.789007
e75d2478-5641-45fa-8bf9-15303b4720f3,18f97bcb-3bff-4032-a1d3-6a9922113afe,HUMAN,shown,badge_gif,gold,Gold,2026-09-04T17:04:21.708Z,2026-09-04T17:04:21.794706+00:00,"{""client_ts"": ""2026-09-04T17:04:21.708Z"", ""element_id"": ""gold"", ""element_label"": ""Gold"", ""element_type"": ""badge_gif"", ""event_name"": ""shown"", ""gif"": ""/static/trader_bridge_app/vue/assets/gold.gif"", ""trader_id"": ""18f97bcb-3bff-4032-a1d3-6a9922113afe""}",1788541461.801058
0596faff-8414-4cd3-a91c-e9efce969037,27c5cf8d-18ea-4b55-938f-ac739bdbf0c6,HUMAN,shown,trend_alert,up-streak,up-streak,2026-09-04T17:04:22.834Z,2026-09-04T17:04:22.893713+00:00,"{""client_ts"": ""2026-09-04T17:04:22.834Z"", ""element_id"": ""up-streak"", ""element_label"": ""up-streak"", ""element_type"": ""trend_alert"", ""event_name"": ""shown"", ""message"": ""Price went up 3 times in the last 5 ticks!"", ""trader_id"": ""27c5cf8d-18ea-4b55-938f-ac739bdbf0c6""}",1788541462.900063
0596faff-8414-4cd3-a91c-e9efce969037,f0424c5c-891b-4c7d-ab98-66f8040dd592,HUMAN,shown,trend_alert,up-streak,up-streak,2026-09-04T17:04:22.839Z,2026-09-04T17:04:22.903533+00:00,"{""client_ts"": ""2026-09-04T17:04:22.839Z"", ""element_id"": ""up-streak"", ""element_label"": ""up-streak"", ""element_type"": ""trend_alert"", ""event_name"": ""shown"", ""message"": ""Price went up 3 times in the last 5 ticks!"", ""trader_id"": ""f0424c5c-891b-4c7d-ab98-66f8040dd592""}",1788541462.909266
0596faff-8414-4cd3-a91c-e9efce969037,deb88f91-8cf0-496d-af59-3ea0fcbb8e20,HUMAN,shown,trend_alert,up-streak,up-streak,2026-09-04T17:04:22.836Z,2026-09-04T17:04:22.911850+00:00,"{""client_ts"": ""2026-09-04T17:04:22.836Z"", ""element_id"": ""up-streak"", ""element_label"": ""up-streak"", ""element_type"": ""trend_alert"", ""event_name"": ""shown"", ""message"": ""Price went up 3 times in the last 5 ticks!"", ""trader_id"": ""deb88f91-8cf0-496d-af59-3ea0fcbb8e20""}",1788541462.917252
0596faff-8414-4cd3-a91c-e9efce969037,f84876bd-a037-4146-a9e0-fa2ced5f14a3,HUMAN,shown,trend_alert,up-streak,up-streak,2026-09-04T17:04:22.840Z,2026-09-04T17:04:22.919746+00:00,"{""client_ts"": ""2026-09-04T17:04:22.840Z"", ""element_id"": ""up-streak"", ""element_label"": ""up-streak"", ""element_type"": ""trend_alert"", ""event_name"": ""shown"", ""message"": ""Price went up 3 times in the last 5 ticks!"", ""trader_id"": ""f84876bd-a037-4146-a9e0-fa2ced5f14a3""}",1788541462.925409
0596faff-8414-4cd3-a91c-e9efce969037,6828a6e9-e23c-46f8-b9a0-9f715206c8ba,HUMAN,shown,trend_alert,up-streak,up-streak,2026-09-04T17:04:22.839Z,2026-09-04T17:04:22.928625+00:00,"{""client_ts"": ""2026-09-04T17:04:22.839Z"", ""element_id"": ""up-streak"", ""element_label"": ""up-streak"", ""element_type"": ""trend_alert"", ""event_name"": ""shown"", ""message"": ""Price went up 3 times in the last 5 ticks!"", ""trader_id"": ""6828a6e9-e23c-46f8-b9a0-9f715206c8ba""}",1788541462.935936
0596faff-8414-4cd3-a91c-e9efce969037,d77c237c-bd8f-45ed-a388-3f58f0062686,HUMAN,shown,trend_alert,up-streak,up-streak,2026-09-04T17:04:22.841Z,2026-09-04T17:04:22.939206+00:00,"{""client_ts"": ""2026-09-04T17:04:22.841Z"", ""element_id"": ""up-streak"", ""element_label"": ""up-streak"", ""element_type"": ""trend_alert"", ""event_name"": ""shown"", ""message"": ""Price went up 3 times in the last 5 ticks!"", ""trader_id"": ""d77c237c-bd8f-45ed-a388-3f58f0062686""}",1788541462.945375
0596faff-8414-4cd3-a91c-e9efce969037,6828a6e9-e23c-46f8-b9a0-9f715206c8ba,HUMAN,shown,trend_alert,down-streak,down-streak,2026-09-04T17:04:32.660Z,2026-09-04T17:04:32.714718+00:00,"{""client_ts"": ""2026-09-04T17:04:32.660Z"", ""element_id"": ""down-streak"", ""element_label"": ""down-streak"", ""element_type"": ""trend_alert"", ""event_name"": ""shown"", ""message"": ""Price went down 3 times in the last 5 ticks!"", ""trader_id"": ""6828a6e9-e23c-46f8-b9a0-9f715206c8ba""}",1788541472.721685
0596faff-8414-4cd3-a91c-e9efce969037,f84876bd-a037-4146-a9e0-fa2ced5f14a3,HUMAN,shown,trend_alert,down-streak,down-streak,2026-09-04T17:04:32.660Z,2026-09-04T17:04:32.725237+00:00,"{""client_ts"": ""2026-09-04T17:04:32.660Z"", ""element_id"": ""down-streak"", ""element_label"": ""down-streak"", ""element_type"": ""trend_alert"", ""event_name"": ""shown"", ""message"": ""Price went down 3 times in the last 5 ticks!"", ""trader_id"": ""f84876bd-a037-4146-a9e0-fa2ced5f14a3""}",1788541472.731937
0596faff-8414-4cd3-a91c-e9efce969037,27c5cf8d-18ea-4b55-938f-ac739bdbf0c6,HUMAN,shown,trend_alert,down-streak,down-streak,2026-09-04T17:04:32.656Z,2026-09-04T17:04:32.734947+00:00,"{""client_ts"": ""2026-09-04T17:04:32.656Z"", ""element_id"": ""down-streak"", ""element_label"": ""down-streak"", ""element_type"": ""trend_alert"", ""event_name"": ""shown"", ""message"": ""Price went down 3 times in the last 5 ticks!"", ""trader_id"": ""27c5cf8d-18ea-4b55-938f-ac739bdbf0c6""}",1788541472.741779
0596faff-8414-4cd3-a91c-e9efce969037,d77c237c-bd8f-45ed-a388-3f58f0062686,HUMAN,shown,trend_alert,down-streak,down-streak,2026-09-04T17:04:32.662Z,2026-09-04T17:04:32.744542+00:00,"{""client_ts"": ""2026-09-04T17:04:32.662Z"", ""element_id"": ""down-streak"", ""element_label"": ""down-streak"", ""element_type"": ""trend_alert"", ""event_name"": ""shown"", ""message"": ""Price went down 3 times in the last 5 ticks!"", ""trader_id"": ""d77c237c-bd8f-45ed-a388-3f58f0062686""}",1788541472.750787
0596faff-8414-4cd3-a91c-e9efce969037,deb88f91-8cf0-496d-af59-3ea0fcbb8e20,HUMAN,shown,trend_alert,down-streak,down-streak,2026-09-04T17:04:32.659Z,2026-09-04T17:04:32.798496+00:00,"{""client_ts"": ""2026-09-04T17:04:32.659Z"", ""element_id"": ""down-streak"", ""element_label"": ""down-streak"", ""element_type"": ""trend_alert"", ""event_name"": ""shown"", ""message"": ""Price went down 3 times in the last 5 ticks!"", ""trader_id"": ""deb88f91-8cf0-496d-af59-3ea0fcbb8e20""}",1788541472.804352
0596faff-8414-4cd3-a91c-e9efce969037,f0424c5c-891b-4c7d-ab98-66f8040dd592,HUMAN,shown,trend_alert,down-streak,down-streak,2026-09-04T17:04:32.662Z,2026-09-04T17:04:32.807014+00:00,"{""client_ts"": ""2026-09-04T17:04:32.662Z"", ""element_id"": ""down-streak"", ""element_label"": ""down-streak"", ""element_type"": ""trend_alert"", ""event_name"": ""shown"", ""message"": ""Price went down 3 times in the last 5 ticks!"", ""trader_id"": ""f0424c5c-891b-4c7d-ab98-66f8040dd592""}",1788541472.812688
0596faff-8414-4cd3-a91c-e9efce969037,f84876bd-a037-4146-a9e0-fa2ced5f14a3,HUMAN,shown,trend_alert,up-streak,up-streak,2026-09-04T17:04:43.682Z,2026-09-04T17:04:43.737514+00:00,"{""client_ts"": ""2026-09-04T17:04:43.682Z"", ""element_id"": ""up-streak"", ""element_label"": ""up-streak"", ""element_type"": ""trend_alert"", ""event_name"": ""shown"", ""message"": ""Price went up 3 times in the last 5 ticks!"", ""trader_id"": ""f84876bd-a037-4146-a9e0-fa2ced5f14a3""}",1788541483.743553
0596faff-8414-4cd3-a91c-e9efce969037,deb88f91-8cf0-496d-af59-3ea0fcbb8e20,HUMAN,shown,trend_alert,up-streak,up-streak,2026-09-04T17:04:43.678Z,2026-09-04T17:04:43.747835+00:00,"{""client_ts"": ""2026-09-04T17:04:43.678Z"", ""element_id"": ""up-streak"", ""element_label"": ""up-streak"", ""element_type"": ""trend_alert"", ""event_name"": ""shown"", ""message"": ""Price went up 3 times in the last 5 ticks!"", ""trader_id"": ""deb88f91-8cf0-496d-af59-3ea0fcbb8e20""}",1788541483.754019
0596faff-8414-4cd3-a91c-e9efce969037,6828a6e9-e23c-46f8-b9a0-9f715206c8ba,HUMAN,shown,trend_alert,up-streak,up-streak,2026-09-04T17:04:43.685Z,2026-09-04T17:04:43.757007+00:00,"{""client_ts"": ""2026-09-04T17:04:43.685Z"", ""element_id"": ""up-streak"", ""element_label"": ""up-streak"", ""element_type"": ""trend_alert"", ""event_name"": ""shown"", ""message"": ""Price went up 3 times in the last 5 ticks!"", ""trader_id"": ""6828a6e9-e23c-46f8-b9a0-9f715206c8ba""}",1788541483.76287
0596faff-8414-4cd3-a91c-e9efce969037,f0424c5c-891b-4c7d-ab98-66f8040dd592,HUMAN,shown,trend_alert,up-streak,up-streak,2026-09-04T17:04:43.685Z,2026-09-04T17:04:43.765897+00:00,"{""client_ts"": ""2026-09-04T17:04:43.685Z"", ""element_id"": ""up-streak"", ""element_label"": ""up-streak"", ""element_type"": ""trend_alert"", ""event_name"": ""shown"", ""message"": ""Price went up 3 times in the last 5 ticks!"", ""trader_id"": ""f0424c5c-891b-4c7d-ab98-66f8040dd592""}",1788541483.77264
0596faff-8414-4cd3-a91c-e9efce969037,27c5cf8d-18ea-4b55-938f-ac739bdbf0c6,HUMAN,shown,trend_alert,up-streak,up-streak,2026-09-04T17:04:43.681Z,2026-09-04T17:04:43.776190+00:00,"{""client_ts"": ""2026-09-04T17:04:43.681Z"", ""element_id"": ""up-streak"", ""element_label"": ""up-streak"", ""element_type"": ""trend_alert"", ""event_name"": ""shown"", ""message"": ""Price went up 3 times in the last 5 ticks!"", ""trader_id"": ""27c5cf8d-18ea-4b55-938f-ac739bdbf0c6""}",1788541483.782072
0596faff-8414-4cd3-a91c-e9efce969037,d77c237c-bd8f-45ed-a388-3f58f0062686,HUMAN,shown,trend_alert,up-streak,up-streak,2026-09-04T17:04:43.686Z,2026-09-04T17:04:43.785363+00:00,"{""client_ts"": ""2026-09-04T17:04:43.686Z"", ""element_id"": ""up-streak"", ""element_label"": ""up-streak"", ""element_type"": ""trend_alert"", ""event_name"": ""shown"", ""message"": ""Price went up 3 times in the last 5 ticks!"", ""trader_id"": ""d77c237c-bd8f-45ed-a388-3f58f0062686""}",1788541483.79206
0596faff-8414-4cd3-a91c-e9efce969037,6828a6e9-e23c-46f8-b9a0-9f715206c8ba,HUMAN,shown,badge_unlock,bronze,Bronze,2026-09-04T17:04:45.575Z,2026-09-04T17:04:45.630486+00:00,"{""client_ts"": ""2026-09-04T17:04:45.575Z"", ""element_id"": ""bronze"", ""element_label"": ""Bronze"", ""element_type"": ""badge_unlock"", ""event_name"": ""shown"", ""total_trades_threshold"": 10, ""trader_id"": ""6828a6e9-e23c-46f8-b9a0-9f715206c8ba""}",1788541485.63705
0596faff-8414-4cd3-a91c-e9efce969037,6828a6e9-e23c-46f8-b9a0-9f715206c8ba,HUMAN,shown,badge_modal,bronze,Bronze,2026-09-04T17:04:45.576Z,2026-09-04T17:04:45.640816+00:00,"{""client_ts"": ""2026-09-04T17:04:45.576Z"", ""element_id"": ""bronze"", ""element_label"": ""Bronze"", ""element_type"": ""badge_modal"", ""event_name"": ""shown"", ""message"": ""Level up! Doing well"", ""total_trades"": 10, ""trader_id"": ""6828a6e9-e23c-46f8-b9a0-9f715206c8ba""}",1788541485.646868
0596faff-8414-4cd3-a91c-e9efce969037,6828a6e9-e23c-46f8-b9a0-9f715206c8ba,HUMAN,shown,badge_gif,bronze,Bronze,2026-09-04T17:04:45.576Z,2026-09-04T17:04:45.650278+00:00,"{""client_ts"": ""2026-09-04T17:04:45.576Z"", ""element_id"": ""bronze"", ""element_label"": ""Bronze"", ""element_type"": ""badge_gif"", ""event_name"": ""shown"", ""gif"": ""/static/trader_bridge_app/vue/assets/bronze.gif"", ""trader_id"": ""6828a6e9-e23c-46f8-b9a0-9f715206c8ba""}",1788541485.655953
e75d2478-5641-45fa-8bf9-15303b4720f3,4c0e40a1-ec8b-43c6-97ed-2ac45ff5d1b2,HUMAN,shown,badge_unlock,diamond,Diamond,2026-09-04T17:04:57.161Z,2026-09-04T17:04:57.215988+00:00,"{""client_ts"": ""2026-09-04T17:04:57.161Z"", ""element_id"": ""diamond"", ""element_label"": ""Diamond"", ""element_type"": ""badge_unlock"", ""event_name"": ""shown"", ""total_trades_threshold"": 60, ""trader_id"": ""4c0e40a1-ec8b-43c6-97ed-2ac45ff5d1b2""}",1788541497.222883
e75d2478-5641-45fa-8bf9-15303b4720f3,4c0e40a1-ec8b-43c6-97ed-2ac45ff5d1b2,HUMAN,shown,badge_modal,diamond,Diamond,2026-09-04T17:04:57.161Z,2026-09-04T17:04:57.229323+00:00,"{""client_ts"": ""2026-09-04T17:04:57.161Z"", ""element_id"": ""diamond"", ""element_label"": ""Diamond"", ""element_type"": ""badge_modal"", ""event_name"": ""shown"", ""message"": ""The Wolf of Wall Street"", ""total_trades"": 60, ""trader_id"": ""4c0e40a1-ec8b-43c6-97ed-2ac45ff5d1b2""}",1788541497.235545
e75d2478-5641-45fa-8bf9-15303b4720f3,4c0e40a1-ec8b-43c6-97ed-2ac45ff5d1b2,HUMAN,shown,badge_gif,diamond,Diamond,2026-09-04T17:04:57.161Z,2026-09-04T17:04:57.242362+00:00,"{""client_ts"": ""2026-09-04T17:04:57.161Z"", ""element_id"": ""diamond"", ""element_label"": ""Diamond"", ""element_type"": ""badge_gif"", ""event_name"": ""shown"", ""gif"": ""/static/trader_bridge_app/vue/assets/diamond.gif"", ""trader_id"": ""4c0e40a1-ec8b-43c6-97ed-2ac45ff5d1b2""}",1788541497.248567
0596faff-8414-4cd3-a91c-e9efce969037,27c5cf8d-18ea-4b55-938f-ac739bdbf0c6,HUMAN,shown,trend_alert,down-streak,down-streak,2026-09-04T17:05:20.643Z,2026-09-04T17:05:20.703778+00:00,"{""client_ts"": ""2026-09-04T17:05:20.643Z"", ""element_id"": ""down-streak"", ""element_label"": ""down-streak"", ""element_type"": ""trend_alert"", ""event_name"": ""shown"", ""message"": ""Price went down 3 times in the last 5 ticks!"", ""trader_id"": ""27c5cf8d-18ea-4b55-938f-ac739bdbf0c6""}",1788541520.711522
0596faff-8414-4cd3-a91c-e9efce969037,6828a6e9-e23c-46f8-b9a0-9f715206c8ba,HUMAN,shown,trend_alert,down-streak,down-streak,2026-09-04T17:05:20.648Z,2026-09-04T17:05:20.715564+00:00,"{""client_ts"": ""2026-09-04T17:05:20.648Z"", ""element_id"": ""down-streak"", ""element_label"": ""down-streak"", ""element_type"": ""trend_alert"", ""event_name"": ""shown"", ""message"": ""Price went down 3 times in the last 5 ticks!"", ""trader_id"": ""6828a6e9-e23c-46f8-b9a0-9f715206c8ba""}",1788541520.72258
0596faff-8414-4cd3-a91c-e9efce969037,f84876bd-a037-4146-a9e0-fa2ced5f14a3,HUMAN,shown,trend_alert,down-streak,down-streak,2026-09-04T17:05:20.648Z,2026-09-04T17:05:20.725233+00:00,"{""client_ts"": ""2026-09-04T17:05:20.648Z"", ""element_id"": ""down-streak"", ""element_label"": ""down-streak"", ""element_type"": ""trend_alert"", ""event_name"": ""shown"", ""message"": ""Price went down 3 times in the last 5 ticks!"", ""trader_id"": ""f84876bd-a037-4146-a9e0-fa2ced5f14a3""}",1788541520.732012
0596faff-8414-4cd3-a91c-e9efce969037,deb88f91-8cf0-496d-af59-3ea0fcbb8e20,HUMAN,shown,trend_alert,down-streak,down-streak,2026-09-04T17:05:20.648Z,2026-09-04T17:05:20.734622+00:00,"{""client_ts"": ""2026-09-04T17:05:20.648Z"", ""element_id"": ""down-streak"", ""element_label"": ""down-streak"", ""element_type"": ""trend_alert"", ""event_name"": ""shown"", ""message"": ""Price went down 3 times in the last 5 ticks!"", ""trader_id"": ""deb88f91-8cf0-496d-af59-3ea0fcbb8e20""}",1788541520.741457
0596faff-8414-4cd3-a91c-e9efce969037,d77c237c-bd8f-45ed-a388-3f58f0062686,HUMAN,shown,trend_alert,down-streak,down-streak,2026-09-04T17:05:20.650Z,2026-09-04T17:05:20.744538+00:00,"{""client_ts"": ""2026-09-04T17:05:20.650Z"", ""element_id"": ""down-streak"", ""element_label"": ""down-streak"", ""element_type"": ""trend_alert"", ""event_name"": ""shown"", ""message"": ""Price went down 3 times in the last 5 ticks!"", ""trader_id"": ""d77c237c-bd8f-45ed-a388-3f58f0062686""}",1788541520.752692
0596faff-8414-4cd3-a91c-e9efce969037,f0424c5c-891b-4c7d-ab98-66f8040dd592,HUMAN,shown,trend_alert,down-streak,down-streak,2026-09-04T17:05:20.651Z,2026-09-04T17:05:20.756251+00:00,"{""client_ts"": ""2026-09-04T17:05:20.651Z"", ""element_id"": ""down-streak"", ""element_label"": ""down-streak"", ""element_type"": ""trend_alert"", ""event_name"": ""shown"", ""message"": ""Price went down 3 times in the last 5 ticks!"", ""trader_id"": ""f0424c5c-891b-4c7d-ab98-66f8040dd592""}",1788541520.763284
5f843ad6-6f15-4b1a-b905-00629a87c560,545cba11-b5ba-4d66-b59e-dd09eefe49b1,HUMAN,shown,trend_alert,down-streak,down-streak,2026-09-04T17:05:22.425Z,2026-09-04T17:05:22.474826+00:00,"{""client_ts"": ""2026-09-04T17:05:22.425Z"", ""element_id"": ""down-streak"", ""element_label"": ""down-streak"", ""element_type"": ""trend_alert"", ""event_name"": ""shown"", ""message"": ""Price went down 3 times in the last 5 ticks!"", ""trader_id"": ""545cba11-b5ba-4d66-b59e-dd09eefe49b1""}",1788541522.48139
5f843ad6-6f15-4b1a-b905-00629a87c560,df031ae1-4a17-4b6e-86c8-73a2f16255cc,HUMAN,shown,trend_alert,down-streak,down-streak,2026-09-04T17:05:22.411Z,2026-09-04T17:05:22.487795+00:00,"{""client_ts"": ""2026-09-04T17:05:22.411Z"", ""element_id"": ""down-streak"", ""element_label"": ""down-streak"", ""element_type"": ""trend_alert"", ""event_name"": ""shown"", ""message"": ""Price went down 3 times in the last 5 ticks!"", ""trader_id"": ""df031ae1-4a17-4b6e-86c8-73a2f16255cc""}",1788541522.494038
5f843ad6-6f15-4b1a-b905-00629a87c560,d97259db-0850-49d1-a9eb-22b546ef0e8d,HUMAN,shown,trend_alert,down-streak,down-streak,2026-09-04T17:05:22.418Z,2026-09-04T17:05:22.496726+00:00,"{""client_ts"": ""2026-09-04T17:05:22.418Z"", ""element_id"": ""down-streak"", ""element_label"": ""down-streak"", ""element_type"": ""trend_alert"", ""event_name"": ""shown"", ""message"": ""Price went down 3 times in the last 5 ticks!"", ""trader_id"": ""d97259db-0850-49d1-a9eb-22b546ef0e8d""}",1788541522.502563
0596faff-8414-4cd3-a91c-e9efce969037,f84876bd-a037-4146-a9e0-fa2ced5f14a3,HUMAN,shown,badge_unlock,gold,Gold,2026-09-04T17:05:27.478Z,2026-09-04T17:05:27.533705+00:00,"{""client_ts"": ""2026-09-04T17:05:27.478Z"", ""element_id"": ""gold"", ""element_label"": ""Gold"", ""element_type"": ""badge_unlock"", ""event_name"": ""shown"", ""total_trades_threshold"": 35, ""trader_id"": ""f84876bd-a037-4146-a9e0-fa2ced5f14a3""}",1788541527.540915
0596faff-8414-4cd3-a91c-e9efce969037,f84876bd-a037-4146-a9e0-fa2ced5f14a3,HUMAN,shown,badge_modal,gold,Gold,2026-09-04T17:05:27.478Z,2026-09-04T17:05:27.544177+00:00,"{""client_ts"": ""2026-09-04T17:05:27.478Z"", ""element_id"": ""gold"", ""element_label"": ""Gold"", ""element_type"": ""badge_modal"", ""event_name"": ""shown"", ""message"": ""You are the money maker!"", ""total_trades"": 35, ""trader_id"": ""f84876bd-a037-4146-a9e0-fa2ced5f14a3""}",1788541527.55039
0596faff-8414-4cd3-a91c-e9efce969037,f84876bd-a037-4146-a9e0-fa2ced5f14a3,HUMAN,shown,badge_gif,gold,Gold,2026-09-04T17:05:27.478Z,2026-09-04T17:05:27.553690+00:00,"{""client_ts"": ""2026-09-04T17:05:27.478Z"", ""element_id"": ""gold"", ""element_label"": ""Gold"", ""element_type"": ""badge_gif"", ""event_name"": ""shown"", ""gif"": ""/static/trader_bridge_app/vue/assets/gold.gif"", ""trader_id"": ""f84876bd-a037-4146-a9e0-fa2ced5f14a3""}",1788541527.559762
0596faff-8414-4cd3-a91c-e9efce969037,d77c237c-bd8f-45ed-a388-3f58f0062686,HUMAN,shown,trend_alert,down-streak,down-streak,2026-09-04T17:05:27.521Z,2026-09-04T17:05:27.576546+00:00,"{""client_ts"": ""2026-09-04T17:05:27.521Z"", ""element_id"": ""down-streak"", ""element_label"": ""down-streak"", ""element_type"": ""trend_alert"", ""event_name"": ""shown"", ""message"": ""Price went down 3 times in the last 5 ticks!"", ""trader_id"": ""d77c237c-bd8f-45ed-a388-3f58f0062686""}",1788541527.583143
0596faff-8414-4cd3-a91c-e9efce969037,27c5cf8d-18ea-4b55-938f-ac739bdbf0c6,HUMAN,shown,trend_alert,down-streak,down-streak,2026-09-04T17:05:27.516Z,2026-09-04T17:05:27.586627+00:00,"{""client_ts"": ""2026-09-04T17:05:27.516Z"", ""element_id"": ""down-streak"", ""element_label"": ""down-streak"", ""element_type"": ""trend_alert"", ""event_name"": ""shown"", ""message"": ""Price went down 3 times in the last 5 ticks!"", ""trader_id"": ""27c5cf8d-18ea-4b55-938f-ac739bdbf0c6""}",1788541527.592982
0596faff-8414-4cd3-a91c-e9efce969037,6828a6e9-e23c-46f8-b9a0-9f715206c8ba,HUMAN,shown,trend_alert,down-streak,down-streak,2026-09-04T17:05:27.521Z,2026-09-04T17:05:27.595516+00:00,"{""client_ts"": ""2026-09-04T17:05:27.521Z"", ""element_id"": ""down-streak"", ""element_label"": ""down-streak"", ""element_type"": ""trend_alert"", ""event_name"": ""shown"", ""message"": ""Price went down 3 times in the last 5 ticks!"", ""trader_id"": ""6828a6e9-e23c-46f8-b9a0-9f715206c8ba""}",1788541527.601468
0596faff-8414-4cd3-a91c-e9efce969037,f84876bd-a037-4146-a9e0-fa2ced5f14a3,HUMAN,shown,trend_alert,down-streak,down-streak,2026-09-04T17:05:27.522Z,2026-09-04T17:05:27.604060+00:00,"{""client_ts"": ""2026-09-04T17:05:27.522Z"", ""element_id"": ""down-streak"", ""element_label"": ""down-streak"", ""element_type"": ""trend_alert"", ""event_name"": ""shown"", ""message"": ""Price went down 3 times in the last 5 ticks!"", ""trader_id"": ""f84876bd-a037-4146-a9e0-fa2ced5f14a3""}",1788541527.610012
0596faff-8414-4cd3-a91c-e9efce969037,deb88f91-8cf0-496d-af59-3ea0fcbb8e20,HUMAN,shown,trend_alert,down-streak,down-streak,2026-09-04T17:05:27.521Z,2026-09-04T17:05:27.612771+00:00,"{""client_ts"": ""2026-09-04T17:05:27.521Z"", ""element_id"": ""down-streak"", ""element_label"": ""down-streak"", ""element_type"": ""trend_alert"", ""event_name"": ""shown"", ""message"": ""Price went down 3 times in the last 5 ticks!"", ""trader_id"": ""deb88f91-8cf0-496d-af59-3ea0fcbb8e20""}",1788541527.619003
0596faff-8414-4cd3-a91c-e9efce969037,f0424c5c-891b-4c7d-ab98-66f8040dd592,HUMAN,shown,trend_alert,down-streak,down-streak,2026-09-04T17:05:27.522Z,2026-09-04T17:05:27.621540+00:00,"{""client_ts"": ""2026-09-04T17:05:27.522Z"", ""element_id"": ""down-streak"", ""element_label"": ""down-streak"", ""element_type"": ""trend_alert"", ""event_name"": ""shown"", ""message"": ""Price went down 3 times in the last 5 ticks!"", ""trader_id"": ""f0424c5c-891b-4c7d-ab98-66f8040dd592""}",1788541527.627479
e75d2478-5641-45fa-8bf9-15303b4720f3,352cbd86-93f1-463f-a006-b1d6ed612217,HUMAN,shown,trend_alert,up-streak,up-streak,2026-09-04T17:05:29.267Z,2026-09-04T17:05:29.329950+00:00,"{""client_ts"": ""2026-09-04T17:05:29.267Z"", ""element_id"": ""up-streak"", ""element_label"": ""up-streak"", ""element_type"": ""trend_alert"", ""event_name"": ""shown"", ""message"": ""Price went up 3 times in the last 5 ticks!"", ""trader_id"": ""352cbd86-93f1-463f-a006-b1d6ed612217""}",1788541529.336335
e75d2478-5641-45fa-8bf9-15303b4720f3,a05bfac5-0418-4559-bfc4-3c0dd45bcd36,HUMAN,shown,trend_alert,up-streak,up-streak,2026-09-04T17:05:29.275Z,2026-09-04T17:05:29.339912+00:00,"{""client_ts"": ""2026-09-04T17:05:29.275Z"", ""element_id"": ""up-streak"", ""element_label"": ""up-streak"", ""element_type"": ""trend_alert"", ""event_name"": ""shown"", ""message"": ""Price went up 3 times in the last 5 ticks!"", ""trader_id"": ""a05bfac5-0418-4559-bfc4-3c0dd45bcd36""}",1788541529.346372
e75d2478-5641-45fa-8bf9-15303b4720f3,18f97bcb-3bff-4032-a1d3-6a9922113afe,HUMAN,shown,trend_alert,up-streak,up-streak,2026-09-04T17:05:29.267Z,2026-09-04T17:05:29.348792+00:00,"{""client_ts"": ""2026-09-04T17:05:29.267Z"", ""element_id"": ""up-streak"", ""element_label"": ""up-streak"", ""element_type"": ""trend_alert"", ""event_name"": ""shown"", ""message"": ""Price went up 3 times in the last 5 ticks!"", ""trader_id"": ""18f97bcb-3bff-4032-a1d3-6a9922113afe""}",1788541529.354377
e75d2478-5641-45fa-8bf9-15303b4720f3,8dd4a26c-c32c-4462-a1d2-afa867669de4,HUMAN,shown,trend_alert,up-streak,up-streak,2026-09-04T17:05:29.277Z,2026-09-04T17:05:29.356718+00:00,"{""client_ts"": ""2026-09-04T17:05:29.277Z"", ""element_id"": ""up-streak"", ""element_label"": ""up-streak"", ""element_type"": ""trend_alert"", ""event_name"": ""shown"", ""message"": ""Price went up 3 times in the last 5 ticks!"", ""trader_id"": ""8dd4a26c-c32c-4462-a1d2-afa867669de4""}",1788541529.362455
e75d2478-5641-45fa-8bf9-15303b4720f3,4c0e40a1-ec8b-43c6-97ed-2ac45ff5d1b2,HUMAN,shown,trend_alert,up-streak,up-streak,2026-09-04T17:05:29.278Z,2026-09-04T17:05:29.365017+00:00,"{""client_ts"": ""2026-09-04T17:05:29.278Z"", ""element_id"": ""up-streak"", ""element_label"": ""up-streak"", ""element_type"": ""trend_alert"", ""event_name"": ""shown"", ""message"": ""Price went up 3 times in the last 5 ticks!"", ""trader_id"": ""4c0e40a1-ec8b-43c6-97ed-2ac45ff5d1b2""}",1788541529.370965
e75d2478-5641-45fa-8bf9-15303b4720f3,83dba17b-0af0-4a73-8c79-a9cfacf59366,HUMAN,shown,trend_alert,up-streak,up-streak,2026-09-04T17:05:29.278Z,2026-09-04T17:05:29.373887+00:00,"{""client_ts"": ""2026-09-04T17:05:29.278Z"", ""element_id"": ""up-streak"", ""element_label"": ""up-streak"", ""element_type"": ""trend_alert"", ""event_name"": ""shown"", ""message"": ""Price went up 3 times in the last 5 ticks!"", ""trader_id"": ""83dba17b-0af0-4a73-8c79-a9cfacf59366""}",1788541529.379618
0596faff-8414-4cd3-a91c-e9efce969037,27c5cf8d-18ea-4b55-938f-ac739bdbf0c6,HUMAN,shown,trend_alert,up-streak,up-streak,2026-09-04T17:05:34.820Z,2026-09-04T17:05:34.881256+00:00,"{""client_ts"": ""2026-09-04T17:05:34.820Z"", ""element_id"": ""up-streak"", ""element_label"": ""up-streak"", ""element_type"": ""trend_alert"", ""event_name"": ""shown"", ""message"": ""Price went up 3 times in the last 5 ticks!"", ""trader_id"": ""27c5cf8d-18ea-4b55-938f-ac739bdbf0c6""}",1788541534.888078
0596faff-8414-4cd3-a91c-e9efce969037,6828a6e9-e23c-46f8-b9a0-9f715206c8ba,HUMAN,shown,trend_alert,up-streak,up-streak,2026-09-04T17:05:34.829Z,2026-09-04T17:05:34.892139+00:00,"{""client_ts"": ""2026-09-04T17:05:34.829Z"", ""element_id"": ""up-streak"", ""element_label"": ""up-streak"", ""element_type"": ""trend_alert"", ""event_name"": ""shown"", ""message"": ""Price went up 3 times in the last 5 ticks!"", ""trader_id"": ""6828a6e9-e23c-46f8-b9a0-9f715206c8ba""}",1788541534.898088
0596faff-8414-4cd3-a91c-e9efce969037,deb88f91-8cf0-496d-af59-3ea0fcbb8e20,HUMAN,shown,trend_alert,up-streak,up-streak,2026-09-04T17:05:34.824Z,2026-09-04T17:05:34.901123+00:00,"{""client_ts"": ""2026-09-04T17:05:34.824Z"", ""element_id"": ""up-streak"", ""element_label"": ""up-streak"", ""element_type"": ""trend_alert"", ""event_name"": ""shown"", ""message"": ""Price went up 3 times in the last 5 ticks!"", ""trader_id"": ""deb88f91-8cf0-496d-af59-3ea0fcbb8e20""}",1788541534.906892
0596faff-8414-4cd3-a91c-e9efce969037,f84876bd-a037-4146-a9e0-fa2ced5f14a3,HUMAN,shown,trend_alert,up-streak,up-streak,2026-09-04T17:05:34.827Z,2026-09-04T17:05:34.910111+00:00,"{""client_ts"": ""2026-09-04T17:05:34.827Z"", ""element_id"": ""up-streak"", ""element_label"": ""up-streak"", ""element_type"": ""trend_alert"", ""event_name"": ""shown"", ""message"": ""Price went up 3 times in the last 5 ticks!"", ""trader_id"": ""f84876bd-a037-4146-a9e0-fa2ced5f14a3""}",1788541534.915636
0596faff-8414-4cd3-a91c-e9efce969037,f0424c5c-891b-4c7d-ab98-66f8040dd592,HUMAN,shown,trend_alert,up-streak,up-streak,2026-09-04T17:05:34.826Z,2026-09-04T17:05:34.918646+00:00,"{""client_ts"": ""2026-09-04T17:05:34.826Z"", ""element_id"": ""up-streak"", ""element_label"": ""up-streak"", ""element_type"": ""trend_alert"", ""event_name"": ""shown"", ""message"": ""Price went up 3 times in the last 5 ticks!"", ""trader_id"": ""f0424c5c-891b-4c7d-ab98-66f8040dd592""}",1788541534.924373
0596faff-8414-4cd3-a91c-e9efce969037,d77c237c-bd8f-45ed-a388-3f58f0062686,HUMAN,shown,trend_alert,up-streak,up-streak,2026-09-04T17:05:34.830Z,2026-09-04T17:05:34.927602+00:00,"{""client_ts"": ""2026-09-04T17:05:34.830Z"", ""element_id"": ""up-streak"", ""element_label"": ""up-streak"", ""element_type"": ""trend_alert"", ""event_name"": ""shown"", ""message"": ""Price went up 3 times in the last 5 ticks!"", ""trader_id"": ""d77c237c-bd8f-45ed-a388-3f58f0062686""}",1788541534.93336
5f843ad6-6f15-4b1a-b905-00629a87c560,df031ae1-4a17-4b6e-86c8-73a2f16255cc,HUMAN,shown,badge_unlock,silver,Silver,2026-09-04T17:05:42.603Z,2026-09-04T17:05:42.675232+00:00,"{""client_ts"": ""2026-09-04T17:05:42.603Z"", ""element_id"": ""silver"", ""element_label"": ""Silver"", ""element_type"": ""badge_unlock"", ""event_name"": ""shown"", ""total_trades_threshold"": 15, ""trader_id"": ""df031ae1-4a17-4b6e-86c8-73a2f16255cc""}",1788541542.681088
5f843ad6-6f15-4b1a-b905-00629a87c560,df031ae1-4a17-4b6e-86c8-73a2f16255cc,HUMAN,shown,badge_modal,silver,Silver,2026-09-04T17:05:42.603Z,2026-09-04T17:05:42.688457+00:00,"{""client_ts"": ""2026-09-04T17:05:42.603Z"", ""element_id"": ""silver"", ""element_label"": ""Silver"", ""element_type"": ""badge_modal"", ""event_name"": ""shown"", ""message"": ""You belong on the trading floor!"", ""total_trades"": 15, ""trader_id"": ""df031ae1-4a17-4b6e-86c8-73a2f16255cc""}",1788541542.694496
5f843ad6-6f15-4b1a-b905-00629a87c560,df031ae1-4a17-4b6e-86c8-73a2f16255cc,HUMAN,shown,badge_gif,silver,Silver,2026-09-04T17:05:42.603Z,2026-09-04T17:05:42.701057+00:00,"{""client_ts"": ""2026-09-04T17:05:42.603Z"", ""element_id"": ""silver"", ""element_label"": ""Silver"", ""element_type"": ""badge_gif"", ""event_name"": ""shown"", ""gif"": ""/static/trader_bridge_app/vue/assets/silver.gif"", ""trader_id"": ""df031ae1-4a17-4b6e-86c8-73a2f16255cc""}",1788541542.707738
0596faff-8414-4cd3-a91c-e9efce969037,27c5cf8d-18ea-4b55-938f-ac739bdbf0c6,HUMAN,shown,trend_alert,down-streak,down-streak,2026-09-04T17:05:47.933Z,2026-09-04T17:05:47.993960+00:00,"{""client_ts"": ""2026-09-04T17:05:47.933Z"", ""element_id"": ""down-streak"", ""element_label"": ""down-streak"", ""element_type"": ""trend_alert"", ""event_name"": ""shown"", ""message"": ""Price went down 3 times in the last 5 ticks!"", ""trader_id"": ""27c5cf8d-18ea-4b55-938f-ac739bdbf0c6""}",1788541548.000351
0596faff-8414-4cd3-a91c-e9efce969037,6828a6e9-e23c-46f8-b9a0-9f715206c8ba,HUMAN,shown,trend_alert,down-streak,down-streak,2026-09-04T17:05:47.943Z,2026-09-04T17:05:48.004457+00:00,"{""client_ts"": ""2026-09-04T17:05:47.943Z"", ""element_id"": ""down-streak"", ""element_label"": ""down-streak"", ""element_type"": ""trend_alert"", ""event_name"": ""shown"", ""message"": ""Price went down 3 times in the last 5 ticks!"", ""trader_id"": ""6828a6e9-e23c-46f8-b9a0-9f715206c8ba""}",1788541548.010552
0596faff-8414-4cd3-a91c-e9efce969037,deb88f91-8cf0-496d-af59-3ea0fcbb8e20,HUMAN,shown,trend_alert,down-streak,down-streak,2026-09-04T17:05:47.940Z,2026-09-04T17:05:48.014442+00:00,"{""client_ts"": ""2026-09-04T17:05:47.940Z"", ""element_id"": ""down-streak"", ""element_label"": ""down-streak"", ""element_type"": ""trend_alert"", ""event_name"": ""shown"", ""message"": ""Price went down 3 times in the last 5 ticks!"", ""trader_id"": ""deb88f91-8cf0-496d-af59-3ea0fcbb8e20""}",1788541548.020105
0596faff-8414-4cd3-a91c-e9efce969037,f84876bd-a037-4146-a9e0-fa2ced5f14a3,HUMAN,shown,trend_alert,down-streak,down-streak,2026-09-04T17:05:47.943Z,2026-09-04T17:05:48.023120+00:00,"{""client_ts"": ""2026-09-04T17:05:47.943Z"", ""element_id"": ""down-streak"", ""element_label"": ""down-streak"", ""element_type"": ""trend_alert"", ""event_name"": ""shown"", ""message"": ""Price went down 3 times in the last 5 ticks!"", ""trader_id"": ""f84876bd-a037-4146-a9e0-fa2ced5f14a3""}",1788541548.028981
0596faff-8414-4cd3-a91c-e9efce969037,d77c237c-bd8f-45ed-a388-3f58f0062686,HUMAN,shown,trend_alert,down-streak,down-streak,2026-09-04T17:05:47.952Z,2026-09-04T17:05:48.032641+00:00,"{""client_ts"": ""2026-09-04T17:05:47.952Z"", ""element_id"": ""down-streak"", ""element_label"": ""down-streak"", ""element_type"": ""trend_alert"", ""event_name"": ""shown"", ""message"": ""Price went down 3 times in the last 5 ticks!"", ""trader_id"": ""d77c237c-bd8f-45ed-a388-3f58f0062686""}",1788541548.038531
0596faff-8414-4cd3-a91c-e9efce969037,f0424c5c-891b-4c7d-ab98-66f8040dd592,HUMAN,shown,trend_alert,down-streak,down-streak,2026-09-04T17:05:47.951Z,2026-09-04T17:05:48.041523+00:00,"{""client_ts"": ""2026-09-04T17:05:47.951Z"", ""element_id"": ""down-streak"", ""element_label"": ""down-streak"", ""element_type"": ""trend_alert"", ""event_name"": ""shown"", ""message"": ""Price went down 3 times in the last 5 ticks!"", ""trader_id"": ""f0424c5c-891b-4c7d-ab98-66f8040dd592""}",1788541548.047508
0596faff-8414-4cd3-a91c-e9efce969037,f84876bd-a037-4146-a9e0-fa2ced5f14a3,HUMAN,shown,trend_alert,down-streak,down-streak,2026-09-04T17:05:54.977Z,2026-09-04T17:05:55.033499+00:00,"{""client_ts"": ""2026-09-04T17:05:54.977Z"", ""element_id"": ""down-streak"", ""element_label"": ""down-streak"", ""element_type"": ""trend_alert"", ""event_name"": ""shown"", ""message"": ""Price went down 3 times in the last 5 ticks!"", ""trader_id"": ""f84876bd-a037-4146-a9e0-fa2ced5f14a3""}",1788541555.039834
0596faff-8414-4cd3-a91c-e9efce969037,d77c237c-bd8f-45ed-a388-3f58f0062686,HUMAN,shown,trend_alert,down-streak,down-streak,2026-09-04T17:05:54.978Z,2026-09-04T17:05:55.043977+00:00,"{""client_ts"": ""2026-09-04T17:05:54.978Z"", ""element_id"": ""down-streak"", ""element_label"": ""down-streak"", ""element_type"": ""trend_alert"", ""event_name"": ""shown"", ""message"": ""Price went down 3 times in the last 5 ticks!"", ""trader_id"": ""d77c237c-bd8f-45ed-a388-3f58f0062686""}",1788541555.049758
0596faff-8414-4cd3-a91c-e9efce969037,6828a6e9-e23c-46f8-b9a0-9f715206c8ba,HUMAN,shown,trend_alert,down-streak,down-streak,2026-09-04T17:05:54.981Z,2026-09-04T17:05:55.052710+00:00,"{""client_ts"": ""2026-09-04T17:05:54.981Z"", ""element_id"": ""down-streak"", ""element_label"": ""down-streak"", ""element_type"": ""trend_alert"", ""event_name"": ""shown"", ""message"": ""Price went down 3 times in the last 5 ticks!"", ""trader_id"": ""6828a6e9-e23c-46f8-b9a0-9f715206c8ba""}",1788541555.058353
0596faff-8414-4cd3-a91c-e9efce969037,27c5cf8d-18ea-4b55-938f-ac739bdbf0c6,HUMAN,shown,trend_alert,down-streak,down-streak,2026-09-04T17:05:54.974Z,2026-09-04T17:05:55.061244+00:00,"{""client_ts"": ""2026-09-04T17:05:54.974Z"", ""element_id"": ""down-streak"", ""element_label"": ""down-streak"", ""element_type"": ""trend_alert"", ""event_name"": ""shown"", ""message"": ""Price went down 3 times in the last 5 ticks!"", ""trader_id"": ""27c5cf8d-18ea-4b55-938f-ac739bdbf0c6""}",1788541555.066902
0596faff-8414-4cd3-a91c-e9efce969037,f0424c5c-891b-4c7d-ab98-66f8040dd592,HUMAN,shown,trend_alert,down-streak,down-streak,2026-09-04T17:05:54.979Z,2026-09-04T17:05:55.070045+00:00,"{""client_ts"": ""2026-09-04T17:05:54.979Z"", ""element_id"": ""down-streak"", ""element_label"": ""down-streak"", ""element_type"": ""trend_alert"", ""event_name"": ""shown"", ""message"": ""Price went down 3 times in the last 5 ticks!"", ""trader_id"": ""f0424c5c-891b-4c7d-ab98-66f8040dd592""}",1788541555.075825
0596faff-8414-4cd3-a91c-e9efce969037,deb88f91-8cf0-496d-af59-3ea0fcbb8e20,HUMAN,shown,trend_alert,down-streak,down-streak,2026-09-04T17:05:54.978Z,2026-09-04T17:05:55.078766+00:00,"{""client_ts"": ""2026-09-04T17:05:54.978Z"", ""element_id"": ""down-streak"", ""element_label"": ""down-streak"", ""element_type"": ""trend_alert"", ""event_name"": ""shown"", ""message"": ""Price went down 3 times in the last 5 ticks!"", ""trader_id"": ""deb88f91-8cf0-496d-af59-3ea0fcbb8e20""}",1788541555.084452
0596faff-8414-4cd3-a91c-e9efce969037,6828a6e9-e23c-46f8-b9a0-9f715206c8ba,HUMAN,shown,trend_alert,up-streak,up-streak,2026-09-04T17:06:05.562Z,2026-09-04T17:06:05.615619+00:00,"{""client_ts"": ""2026-09-04T17:06:05.562Z"", ""element_id"": ""up-streak"", ""element_label"": ""up-streak"", ""element_type"": ""trend_alert"", ""event_name"": ""shown"", ""message"": ""Price went up 3 times in the last 5 ticks!"", ""trader_id"": ""6828a6e9-e23c-46f8-b9a0-9f715206c8ba""}",1788541565.622046
0596faff-8414-4cd3-a91c-e9efce969037,deb88f91-8cf0-496d-af59-3ea0fcbb8e20,HUMAN,shown,trend_alert,up-streak,up-streak,2026-09-04T17:06:05.557Z,2026-09-04T17:06:05.625729+00:00,"{""client_ts"": ""2026-09-04T17:06:05.557Z"", ""element_id"": ""up-streak"", ""element_label"": ""up-streak"", ""element_type"": ""trend_alert"", ""event_name"": ""shown"", ""message"": ""Price went up 3 times in the last 5 ticks!"", ""trader_id"": ""deb88f91-8cf0-496d-af59-3ea0fcbb8e20""}",1788541565.631665
0596faff-8414-4cd3-a91c-e9efce969037,27c5cf8d-18ea-4b55-938f-ac739bdbf0c6,HUMAN,shown,trend_alert,up-streak,up-streak,2026-09-04T17:06:05.554Z,2026-09-04T17:06:05.634628+00:00,"{""client_ts"": ""2026-09-04T17:06:05.554Z"", ""element_id"": ""up-streak"", ""element_label"": ""up-streak"", ""element_type"": ""trend_alert"", ""event_name"": ""shown"", ""message"": ""Price went up 3 times in the last 5 ticks!"", ""trader_id"": ""27c5cf8d-18ea-4b55-938f-ac739bdbf0c6""}",1788541565.640683
0596faff-8414-4cd3-a91c-e9efce969037,d77c237c-bd8f-45ed-a388-3f58f0062686,HUMAN,shown,trend_alert,up-streak,up-streak,2026-09-04T17:06:05.561Z,2026-09-04T17:06:05.644029+00:00,"{""client_ts"": ""2026-09-04T17:06:05.561Z"", ""element_id"": ""up-streak"", ""element_label"": ""up-streak"", ""element_type"": ""trend_alert"", ""event_name"": ""shown"", ""message"": ""Price went up 3 times in the last 5 ticks!"", ""trader_id"": ""d77c237c-bd8f-45ed-a388-3f58f0062686""}",1788541565.650042
0596faff-8414-4cd3-a91c-e9efce969037,f0424c5c-891b-4c7d-ab98-66f8040dd592,HUMAN,shown,trend_alert,up-streak,up-streak,2026-09-04T17:06:05.561Z,2026-09-04T17:06:05.652972+00:00,"{""client_ts"": ""2026-09-04T17:06:05.561Z"", ""element_id"": ""up-streak"", ""element_label"": ""up-streak"", ""element_type"": ""trend_alert"", ""event_name"": ""shown"", ""message"": ""Price went up 3 times in the last 5 ticks!"", ""trader_id"": ""f0424c5c-891b-4c7d-ab98-66f8040dd592""}",1788541565.659063
0596faff-8414-4cd3-a91c-e9efce969037,f84876bd-a037-4146-a9e0-fa2ced5f14a3,HUMAN,shown,trend_alert,up-streak,up-streak,2026-09-04T17:06:05.562Z,2026-09-04T17:06:05.661928+00:00,"{""client_ts"": ""2026-09-04T17:06:05.562Z"", ""element_id"": ""up-streak"", ""element_label"": ""up-streak"", ""element_type"": ""trend_alert"", ""event_name"": ""shown"", ""message"": ""Price went up 3 times in the last 5 ticks!"", ""trader_id"": ""f84876bd-a037-4146-a9e0-fa2ced5f14a3""}",1788541565.667576
0596faff-8414-4cd3-a91c-e9efce969037,f84876bd-a037-4146-a9e0-fa2ced5f14a3,HUMAN,shown,trend_alert,down-streak,down-streak,2026-09-04T17:06:14.715Z,2026-09-04T17:06:14.807933+00:00,"{""client_ts"": ""2026-09-04T17:06:14.715Z"", ""element_id"": ""down-streak"", ""element_label"": ""down-streak"", ""element_type"": ""trend_alert"", ""event_name"": ""shown"", ""message"": ""Price went down 3 times in the last 5 ticks!"", ""trader_id"": ""f84876bd-a037-4146-a9e0-fa2ced5f14a3""}",1788541574.813789
0596faff-8414-4cd3-a91c-e9efce969037,d77c237c-bd8f-45ed-a388-3f58f0062686,HUMAN,shown,trend_alert,down-streak,down-streak,2026-09-04T17:06:14.717Z,2026-09-04T17:06:14.816222+00:00,"{""client_ts"": ""2026-09-04T17:06:14.717Z"", ""element_id"": ""down-streak"", ""element_label"": ""down-streak"", ""element_type"": ""trend_alert"", ""event_name"": ""shown"", ""message"": ""Price went down 3 times in the last 5 ticks!"", ""trader_id"": ""d77c237c-bd8f-45ed-a388-3f58f0062686""}",1788541574.822135
0596faff-8414-4cd3-a91c-e9efce969037,6828a6e9-e23c-46f8-b9a0-9f715206c8ba,HUMAN,shown,trend_alert,down-streak,down-streak,2026-09-04T17:06:14.719Z,2026-09-04T17:06:14.824921+00:00,"{""client_ts"": ""2026-09-04T17:06:14.719Z"", ""element_id"": ""down-streak"", ""element_label"": ""down-streak"", ""element_type"": ""trend_alert"", ""event_name"": ""shown"", ""message"": ""Price went down 3 times in the last 5 ticks!"", ""trader_id"": ""6828a6e9-e23c-46f8-b9a0-9f715206c8ba""}",1788541574.831664
0596faff-8414-4cd3-a91c-e9efce969037,deb88f91-8cf0-496d-af59-3ea0fcbb8e20,HUMAN,shown,trend_alert,down-streak,down-streak,2026-09-04T17:06:14.718Z,2026-09-04T17:06:14.834823+00:00,"{""client_ts"": ""2026-09-04T17:06:14.718Z"", ""element_id"": ""down-streak"", ""element_label"": ""down-streak"", ""element_type"": ""trend_alert"", ""event_name"": ""shown"", ""message"": ""Price went down 3 times in the last 5 ticks!"", ""trader_id"": ""deb88f91-8cf0-496d-af59-3ea0fcbb8e20""}",1788541574.841413
0596faff-8414-4cd3-a91c-e9efce969037,27c5cf8d-18ea-4b55-938f-ac739bdbf0c6,HUMAN,shown,trend_alert,down-streak,down-streak,2026-09-04T17:06:14.711Z,2026-09-04T17:06:14.844065+00:00,"{""client_ts"": ""2026-09-04T17:06:14.711Z"", ""element_id"": ""down-streak"", ""element_label"": ""down-streak"", ""element_type"": ""trend_alert"", ""event_name"": ""shown"", ""message"": ""Price went down 3 times in the last 5 ticks!"", ""trader_id"": ""27c5cf8d-18ea-4b55-938f-ac739bdbf0c6""}",1788541574.850553
0596faff-8414-4cd3-a91c-e9efce969037,f0424c5c-891b-4c7d-ab98-66f8040dd592,HUMAN,shown,trend_alert,down-streak,down-streak,2026-09-04T17:06:14.719Z,2026-09-04T17:06:14.853391+00:00,"{""client_ts"": ""2026-09-04T17:06:14.719Z"", ""element_id"": ""down-streak"", ""element_label"": ""down-streak"", ""element_type"": ""trend_alert"", ""event_name"": ""shown"", ""message"": ""Price went down 3 times in the last 5 ticks!"", ""trader_id"": ""f0424c5c-891b-4c7d-ab98-66f8040dd592""}",1788541574.860059
e75d2478-5641-45fa-8bf9-15303b4720f3,a05bfac5-0418-4559-bfc4-3c0dd45bcd36,HUMAN,shown,badge_unlock,gold,Gold,2026-09-04T17:06:17.946Z,2026-09-04T17:06:18.021094+00:00,"{""client_ts"": ""2026-09-04T17:06:17.946Z"", ""element_id"": ""gold"", ""element_label"": ""Gold"", ""element_type"": ""badge_unlock"", ""event_name"": ""shown"", ""total_trades_threshold"": 35, ""trader_id"": ""a05bfac5-0418-4559-bfc4-3c0dd45bcd36""}",1788541578.026742
e75d2478-5641-45fa-8bf9-15303b4720f3,a05bfac5-0418-4559-bfc4-3c0dd45bcd36,HUMAN,shown,badge_modal,gold,Gold,2026-09-04T17:06:17.946Z,2026-09-04T17:06:18.032015+00:00,"{""client_ts"": ""2026-09-04T17:06:17.946Z"", ""element_id"": ""gold"", ""element_label"": ""Gold"", ""element_type"": ""badge_modal"", ""event_name"": ""shown"", ""message"": ""You are the money maker!"", ""total_trades"": 35, ""trader_id"": ""a05bfac5-0418-4559-bfc4-3c0dd45bcd36""}",1788541578.037632
e75d2478-5641-45fa-8bf9-15303b4720f3,a05bfac5-0418-4559-bfc4-3c0dd45bcd36,HUMAN,shown,badge_gif,gold,Gold,2026-09-04T17:06:17.946Z,2026-09-04T17:06:18.043763+00:00,"{""client_ts"": ""2026-09-04T17:06:17.946Z"", ""element_id"": ""gold"", ""element_label"": ""Gold"", ""element_type"": ""badge_gif"", ""event_name"": ""shown"", ""gif"": ""/static/trader_bridge_app/vue/assets/gold.gif"", ""trader_id"": ""a05bfac5-0418-4559-bfc4-3c0dd45bcd36""}",1788541578.049523
0596faff-8414-4cd3-a91c-e9efce969037,deb88f91-8cf0-496d-af59-3ea0fcbb8e20,HUMAN,shown,badge_unlock,gold,Gold,2026-09-04T17:07:09.422Z,2026-09-04T17:07:09.476581+00:00,"{""client_ts"": ""2026-09-04T17:07:09.422Z"", ""element_id"": ""gold"", ""element_label"": ""Gold"", ""element_type"": ""badge_unlock"", ""event_name"": ""shown"", ""total_trades_threshold"": 35, ""trader_id"": ""deb88f91-8cf0-496d-af59-3ea0fcbb8e20""}",1788541629.482738
0596faff-8414-4cd3-a91c-e9efce969037,deb88f91-8cf0-496d-af59-3ea0fcbb8e20,HUMAN,shown,badge_modal,gold,Gold,2026-09-04T17:07:09.422Z,2026-09-04T17:07:09.486182+00:00,"{""client_ts"": ""2026-09-04T17:07:09.422Z"", ""element_id"": ""gold"", ""element_label"": ""Gold"", ""element_type"": ""badge_modal"", ""event_name"": ""shown"", ""message"": ""You are the money maker!"", ""total_trades"": 35, ""trader_id"": ""deb88f91-8cf0-496d-af59-3ea0fcbb8e20""}",1788541629.491699
0596faff-8414-4cd3-a91c-e9efce969037,deb88f91-8cf0-496d-af59-3ea0fcbb8e20,HUMAN,shown,badge_gif,gold,Gold,2026-09-04T17:07:09.422Z,2026-09-04T17:07:09.494986+00:00,"{""client_ts"": ""2026-09-04T17:07:09.422Z"", ""element_id"": ""gold"", ""element_label"": ""Gold"", ""element_type"": ""badge_gif"", ""event_name"": ""shown"", ""gif"": ""/static/trader_bridge_app/vue/assets/gold.gif"", ""trader_id"": ""deb88f91-8cf0-496d-af59-3ea0fcbb8e20""}",1788541629.500613
e75d2478-5641-45fa-8bf9-15303b4720f3,352cbd86-93f1-463f-a006-b1d6ed612217,HUMAN,shown,trend_alert,down-streak,down-streak,2026-09-04T17:07:10.555Z,2026-09-04T17:07:10.614003+00:00,"{""client_ts"": ""2026-09-04T17:07:10.555Z"", ""element_id"": ""down-streak"", ""element_label"": ""down-streak"", ""element_type"": ""trend_alert"", ""event_name"": ""shown"", ""message"": ""Price went down 3 times in the last 5 ticks!"", ""trader_id"": ""352cbd86-93f1-463f-a006-b1d6ed612217""}",1788541630.620281
e75d2478-5641-45fa-8bf9-15303b4720f3,4c0e40a1-ec8b-43c6-97ed-2ac45ff5d1b2,HUMAN,shown,trend_alert,down-streak,down-streak,2026-09-04T17:07:10.560Z,2026-09-04T17:07:10.624398+00:00,"{""client_ts"": ""2026-09-04T17:07:10.560Z"", ""element_id"": ""down-streak"", ""element_label"": ""down-streak"", ""element_type"": ""trend_alert"", ""event_name"": ""shown"", ""message"": ""Price went down 3 times in the last 5 ticks!"", ""trader_id"": ""4c0e40a1-ec8b-43c6-97ed-2ac45ff5d1b2""}",1788541630.630776
e75d2478-5641-45fa-8bf9-15303b4720f3,18f97bcb-3bff-4032-a1d3-6a9922113afe,HUMAN,shown,trend_alert,down-streak,down-streak,2026-09-04T17:07:10.552Z,2026-09-04T17:07:10.633838+00:00,"{""client_ts"": ""2026-09-04T17:07:10.552Z"", ""element_id"": ""down-streak"", ""element_label"": ""down-streak"", ""element_type"": ""trend_alert"", ""event_name"": ""shown"", ""message"": ""Price went down 3 times in the last 5 ticks!"", ""trader_id"": ""18f97bcb-3bff-4032-a1d3-6a9922113afe""}",1788541630.639844
e75d2478-5641-45fa-8bf9-15303b4720f3,8dd4a26c-c32c-4462-a1d2-afa867669de4,HUMAN,shown,trend_alert,down-streak,down-streak,2026-09-04T17:07:10.566Z,2026-09-04T17:07:10.643735+00:00,"{""client_ts"": ""2026-09-04T17:07:10.566Z"", ""element_id"": ""down-streak"", ""element_label"": ""down-streak"", ""element_type"": ""trend_alert"", ""event_name"": ""shown"", ""message"": ""Price went down 3 times in the last 5 ticks!"", ""trader_id"": ""8dd4a26c-c32c-4462-a1d2-afa867669de4""}",1788541630.650593
e75d2478-5641-45fa-8bf9-15303b4720f3,83dba17b-0af0-4a73-8c79-a9cfacf59366,HUMAN,shown,trend_alert,down-streak,down-streak,2026-09-04T17:07:10.557Z,2026-09-04T17:07:10.653566+00:00,"{""client_ts"": ""2026-09-04T17:07:10.557Z"", ""element_id"": ""down-streak"", ""element_label"": ""down-streak"", ""element_type"": ""trend_alert"", ""event_name"": ""shown"", ""message"": ""Price went down 3 times in the last 5 ticks!"", ""trader_id"": ""83dba17b-0af0-4a73-8c79-a9cfacf59366""}",1788541630.659821
e75d2478-5641-45fa-8bf9-15303b4720f3,a05bfac5-0418-4559-bfc4-3c0dd45bcd36,HUMAN,shown,trend_alert,down-streak,down-streak,2026-09-04T17:07:10.567Z,2026-09-04T17:07:10.663328+00:00,"{""client_ts"": ""2026-09-04T17:07:10.567Z"", ""element_id"": ""down-streak"", ""element_label"": ""down-streak"", ""element_type"": ""trend_alert"", ""event_name"": ""shown"", ""message"": ""Price went down 3 times in the last 5 ticks!"", ""trader_id"": ""a05bfac5-0418-4559-bfc4-3c0dd45bcd36""}",1788541630.669556
0596faff-8414-4cd3-a91c-e9efce969037,27c5cf8d-18ea-4b55-938f-ac739bdbf0c6,HUMAN,shown,badge_unlock,platinum,Platinum,2026-09-04T17:07:10.574Z,2026-09-04T17:07:10.673377+00:00,"{""client_ts"": ""2026-09-04T17:07:10.574Z"", ""element_id"": ""platinum"", ""element_label"": ""Platinum"", ""element_type"": ""badge_unlock"", ""event_name"": ""shown"", ""total_trades_threshold"": 50, ""trader_id"": ""27c5cf8d-18ea-4b55-938f-ac739bdbf0c6""}",1788541630.679675
0596faff-8414-4cd3-a91c-e9efce969037,27c5cf8d-18ea-4b55-938f-ac739bdbf0c6,HUMAN,shown,badge_modal,platinum,Platinum,2026-09-04T17:07:10.575Z,2026-09-04T17:07:10.683224+00:00,"{""client_ts"": ""2026-09-04T17:07:10.575Z"", ""element_id"": ""platinum"", ""element_label"": ""Platinum"", ""element_type"": ""badge_modal"", ""event_name"": ""shown"", ""message"": ""You are definitely going places!"", ""total_trades"": 50, ""trader_id"": ""27c5cf8d-18ea-4b55-938f-ac739bdbf0c6""}",1788541630.689401
0596faff-8414-4cd3-a91c-e9efce969037,27c5cf8d-18ea-4b55-938f-ac739bdbf0c6,HUMAN,shown,badge_gif,platinum,Platinum,2026-09-04T17:07:10.575Z,2026-09-04T17:07:10.694146+00:00,"{""client_ts"": ""2026-09-04T17:07:10.575Z"", ""element_id"": ""platinum"", ""element_label"": ""Platinum"", ""element_type"": ""badge_gif"", ""event_name"": ""shown"", ""gif"": ""/static/trader_bridge_app/vue/assets/platinum.gif"", ""trader_id"": ""27c5cf8d-18ea-4b55-938f-ac739bdbf0c6""}",1788541630.700012
0596faff-8414-4cd3-a91c-e9efce969037,f0424c5c-891b-4c7d-ab98-66f8040dd592,HUMAN,shown,badge_unlock,gold,Gold,2026-09-04T17:07:26.367Z,2026-09-04T17:07:26.425805+00:00,"{""client_ts"": ""2026-09-04T17:07:26.367Z"", ""element_id"": ""gold"", ""element_label"": ""Gold"", ""element_type"": ""badge_unlock"", ""event_name"": ""shown"", ""total_trades_threshold"": 35, ""trader_id"": ""f0424c5c-891b-4c7d-ab98-66f8040dd592""}",1788541646.433348
0596faff-8414-4cd3-a91c-e9efce969037,f0424c5c-891b-4c7d-ab98-66f8040dd592,HUMAN,shown,badge_modal,gold,Gold,2026-09-04T17:07:26.367Z,2026-09-04T17:07:26.437454+00:00,"{""client_ts"": ""2026-09-04T17:07:26.367Z"", ""element_id"": ""gold"", ""element_label"": ""Gold"", ""element_type"": ""badge_modal"", ""event_name"": ""shown"", ""message"": ""You are the money maker!"", ""total_trades"": 35, ""trader_id"": ""f0424c5c-891b-4c7d-ab98-66f8040dd592""}",1788541646.44467
0596faff-8414-4cd3-a91c-e9efce969037,f0424c5c-891b-4c7d-ab98-66f8040dd592,HUMAN,shown,badge_gif,gold,Gold,2026-09-04T17:07:26.367Z,2026-09-04T17:07:26.448609+00:00,"{""client_ts"": ""2026-09-04T17:07:26.367Z"", ""element_id"": ""gold"", ""element_label"": ""Gold"", ""element_type"": ""badge_gif"", ""event_name"": ""shown"", ""gif"": ""/static/trader_bridge_app/vue/assets/gold.gif"", ""trader_id"": ""f0424c5c-891b-4c7d-ab98-66f8040dd592""}",1788541646.455204
0596faff-8414-4cd3-a91c-e9efce969037,d77c237c-bd8f-45ed-a388-3f58f0062686,HUMAN,shown,badge_unlock,platinum,Platinum,2026-09-04T17:07:30.130Z,2026-09-04T17:07:30.196022+00:00,"{""client_ts"": ""2026-09-04T17:07:30.130Z"", ""element_id"": ""platinum"", ""element_label"": ""Platinum"", ""element_type"": ""badge_unlock"", ""event_name"": ""shown"", ""total_trades_threshold"": 50, ""trader_id"": ""d77c237c-bd8f-45ed-a388-3f58f0062686""}",1788541650.20217
0596faff-8414-4cd3-a91c-e9efce969037,d77c237c-bd8f-45ed-a388-3f58f0062686,HUMAN,shown,badge_modal,platinum,Platinum,2026-09-04T17:07:30.131Z,2026-09-04T17:07:30.207558+00:00,"{""client_ts"": ""2026-09-04T17:07:30.131Z"", ""element_id"": ""platinum"", ""element_label"": ""Platinum"", ""element_type"": ""badge_modal"", ""event_name"": ""shown"", ""message"": ""You are definitely going places!"", ""total_trades"": 50, ""trader_id"": ""d77c237c-bd8f-45ed-a388-3f58f0062686""}",1788541650.214003
0596faff-8414-4cd3-a91c-e9efce969037,d77c237c-bd8f-45ed-a388-3f58f0062686,HUMAN,shown,badge_gif,platinum,Platinum,2026-09-04T17:07:30.131Z,2026-09-04T17:07:30.217688+00:00,"{""client_ts"": ""2026-09-04T17:07:30.131Z"", ""element_id"": ""platinum"", ""element_label"": ""Platinum"", ""element_type"": ""badge_gif"", ""event_name"": ""shown"", ""gif"": ""/static/trader_bridge_app/vue/assets/platinum.gif"", ""trader_id"": ""d77c237c-bd8f-45ed-a388-3f58f0062686""}",1788541650.223695
0596faff-8414-4cd3-a91c-e9efce969037,6828a6e9-e23c-46f8-b9a0-9f715206c8ba,HUMAN,shown,trend_alert,up-streak,up-streak,2026-09-04T17:07:33.441Z,2026-09-04T17:07:33.493784+00:00,"{""client_ts"": ""2026-09-04T17:07:33.441Z"", ""element_id"": ""up-streak"", ""element_label"": ""up-streak"", ""element_type"": ""trend_alert"", ""event_name"": ""shown"", ""message"": ""Price went up 3 times in the last 5 ticks!"", ""trader_id"": ""6828a6e9-e23c-46f8-b9a0-9f715206c8ba""}",1788541653.500435
0596faff-8414-4cd3-a91c-e9efce969037,27c5cf8d-18ea-4b55-938f-ac739bdbf0c6,HUMAN,shown,trend_alert,up-streak,up-streak,2026-09-04T17:07:33.436Z,2026-09-04T17:07:33.504822+00:00,"{""client_ts"": ""2026-09-04T17:07:33.436Z"", ""element_id"": ""up-streak"", ""element_label"": ""up-streak"", ""element_type"": ""trend_alert"", ""event_name"": ""shown"", ""message"": ""Price went up 3 times in the last 5 ticks!"", ""trader_id"": ""27c5cf8d-18ea-4b55-938f-ac739bdbf0c6""}",1788541653.511264
0596faff-8414-4cd3-a91c-e9efce969037,d77c237c-bd8f-45ed-a388-3f58f0062686,HUMAN,shown,trend_alert,up-streak,up-streak,2026-09-04T17:07:33.437Z,2026-09-04T17:07:33.514327+00:00,"{""client_ts"": ""2026-09-04T17:07:33.437Z"", ""element_id"": ""up-streak"", ""element_label"": ""up-streak"", ""element_type"": ""trend_alert"", ""event_name"": ""shown"", ""message"": ""Price went up 3 times in the last 5 ticks!"", ""trader_id"": ""d77c237c-bd8f-45ed-a388-3f58f0062686""}",1788541653.520155
0596faff-8414-4cd3-a91c-e9efce969037,f84876bd-a037-4146-a9e0-fa2ced5f14a3,HUMAN,shown,trend_alert,up-streak,up-streak,2026-09-04T17:07:33.442Z,2026-09-04T17:07:33.523284+00:00,"{""client_ts"": ""2026-09-04T17:07:33.442Z"", ""element_id"": ""up-streak"", ""element_label"": ""up-streak"", ""element_type"": ""trend_alert"", ""event_name"": ""shown"", ""message"": ""Price went up 3 times in the last 5 ticks!"", ""trader_id"": ""f84876bd-a037-4146-a9e0-fa2ced5f14a3""}",1788541653.529591
0596faff-8414-4cd3-a91c-e9efce969037,deb88f91-8cf0-496d-af59-3ea0fcbb8e20,HUMAN,shown,trend_alert,up-streak,up-streak,2026-09-04T17:07:33.445Z,2026-09-04T17:07:33.537660+00:00,"{""client_ts"": ""2026-09-04T17:07:33.445Z"", ""element_id"": ""up-streak"", ""element_label"": ""up-streak"", ""element_type"": ""trend_alert"", ""event_name"": ""shown"", ""message"": ""Price went up 3 times in the last 5 ticks!"", ""trader_id"": ""deb88f91-8cf0-496d-af59-3ea0fcbb8e20""}",1788541653.544774
0596faff-8414-4cd3-a91c-e9efce969037,f0424c5c-891b-4c7d-ab98-66f8040dd592,HUMAN,shown,trend_alert,up-streak,up-streak,2026-09-04T17:07:33.442Z,2026-09-04T17:07:33.548219+00:00,"{""client_ts"": ""2026-09-04T17:07:33.442Z"", ""element_id"": ""up-streak"", ""element_label"": ""up-streak"", ""element_type"": ""trend_alert"", ""event_name"": ""shown"", ""message"": ""Price went up 3 times in the last 5 ticks!"", ""trader_id"": ""f0424c5c-891b-4c7d-ab98-66f8040dd592""}",1788541653.554992
0596faff-8414-4cd3-a91c-e9efce969037,f84876bd-a037-4146-a9e0-fa2ced5f14a3,HUMAN,shown,badge_unlock,platinum,Platinum,2026-09-04T17:07:41.758Z,2026-09-04T17:07:41.811286+00:00,"{""client_ts"": ""2026-09-04T17:07:41.758Z"", ""element_id"": ""platinum"", ""element_label"": ""Platinum"", ""element_type"": ""badge_unlock"", ""event_name"": ""shown"", ""total_trades_threshold"": 50, ""trader_id"": ""f84876bd-a037-4146-a9e0-fa2ced5f14a3""}",1788541661.818728
0596faff-8414-4cd3-a91c-e9efce969037,f84876bd-a037-4146-a9e0-fa2ced5f14a3,HUMAN,shown,badge_modal,platinum,Platinum,2026-09-04T17:07:41.758Z,2026-09-04T17:07:41.822528+00:00,"{""client_ts"": ""2026-09-04T17:07:41.758Z"", ""element_id"": ""platinum"", ""element_label"": ""Platinum"", ""element_type"": ""badge_modal"", ""event_name"": ""shown"", ""message"": ""You are definitely going places!"", ""total_trades"": 50, ""trader_id"": ""f84876bd-a037-4146-a9e0-fa2ced5f14a3""}",1788541661.828104
0596faff-8414-4cd3-a91c-e9efce969037,f84876bd-a037-4146-a9e0-fa2ced5f14a3,HUMAN,shown,badge_gif,platinum,Platinum,2026-09-04T17:07:41.758Z,2026-09-04T17:07:41.831595+00:00,"{""client_ts"": ""2026-09-04T17:07:41.758Z"", ""element_id"": ""platinum"", ""element_label"": ""Platinum"", ""element_type"": ""badge_gif"", ""event_name"": ""shown"", ""gif"": ""/static/trader_bridge_app/vue/assets/platinum.gif"", ""trader_id"": ""f84876bd-a037-4146-a9e0-fa2ced5f14a3""}",1788541661.837501
e75d2478-5641-45fa-8bf9-15303b4720f3,18f97bcb-3bff-4032-a1d3-6a9922113afe,HUMAN,shown,badge_unlock,platinum,Platinum,2026-09-04T17:07:53.773Z,2026-09-04T17:07:53.839022+00:00,"{""client_ts"": ""2026-09-04T17:07:53.773Z"", ""element_id"": ""platinum"", ""element_label"": ""Platinum"", ""element_type"": ""badge_unlock"", ""event_name"": ""shown"", ""total_trades_threshold"": 50, ""trader_id"": ""18f97bcb-3bff-4032-a1d3-6a9922113afe""}",1788541673.845945
e75d2478-5641-45fa-8bf9-15303b4720f3,18f97bcb-3bff-4032-a1d3-6a9922113afe,HUMAN,shown,badge_modal,platinum,Platinum,2026-09-04T17:07:53.773Z,2026-09-04T17:07:53.854103+00:00,"{""client_ts"": ""2026-09-04T17:07:53.773Z"", ""element_id"": ""platinum"", ""element_label"": ""Platinum"", ""element_type"": ""badge_modal"", ""event_name"": ""shown"", ""message"": ""You are definitely going places!"", ""total_trades"": 50, ""trader_id"": ""18f97bcb-3bff-4032-a1d3-6a9922113afe""}",1788541673.860133
e75d2478-5641-45fa-8bf9-15303b4720f3,18f97bcb-3bff-4032-a1d3-6a9922113afe,HUMAN,shown,badge_gif,platinum,Platinum,2026-09-04T17:07:53.773Z,2026-09-04T17:07:53.866240+00:00,"{""client_ts"": ""2026-09-04T17:07:53.773Z"", ""element_id"": ""platinum"", ""element_label"": ""Platinum"", ""element_type"": ""badge_gif"", ""event_name"": ""shown"", ""gif"": ""/static/trader_bridge_app/vue/assets/platinum.gif"", ""trader_id"": ""18f97bcb-3bff-4032-a1d3-6a9922113afe""}",1788541673.872174
5f843ad6-6f15-4b1a-b905-00629a87c560,d97259db-0850-49d1-a9eb-22b546ef0e8d,HUMAN,shown,badge_unlock,bronze,Bronze,2026-09-04T17:08:08.209Z,2026-09-04T17:08:08.265886+00:00,"{""client_ts"": ""2026-09-04T17:08:08.209Z"", ""element_id"": ""bronze"", ""element_label"": ""Bronze"", ""element_type"": ""badge_unlock"", ""event_name"": ""shown"", ""total_trades_threshold"": 10, ""trader_id"": ""d97259db-0850-49d1-a9eb-22b546ef0e8d""}",1788541688.272232
5f843ad6-6f15-4b1a-b905-00629a87c560,d97259db-0850-49d1-a9eb-22b546ef0e8d,HUMAN,shown,badge_modal,bronze,Bronze,2026-09-04T17:08:08.209Z,2026-09-04T17:08:08.278644+00:00,"{""client_ts"": ""2026-09-04T17:08:08.209Z"", ""element_id"": ""bronze"", ""element_label"": ""Bronze"", ""element_type"": ""badge_modal"", ""event_name"": ""shown"", ""message"": ""Level up! Doing well"", ""total_trades"": 10, ""trader_id"": ""d97259db-0850-49d1-a9eb-22b546ef0e8d""}",1788541688.284682
5f843ad6-6f15-4b1a-b905-00629a87c560,d97259db-0850-49d1-a9eb-22b546ef0e8d,HUMAN,shown,badge_gif,bronze,Bronze,2026-09-04T17:08:08.209Z,2026-09-04T17:08:08.290858+00:00,"{""client_ts"": ""2026-09-04T17:08:08.209Z"", ""element_id"": ""bronze"", ""element_label"": ""Bronze"", ""element_type"": ""badge_gif"", ""event_name"": ""shown"", ""gif"": ""/static/trader_bridge_app/vue/assets/bronze.gif"", ""trader_id"": ""d97259db-0850-49d1-a9eb-22b546ef0e8d""}",1788541688.296803
5f843ad6-6f15-4b1a-b905-00629a87c560,df031ae1-4a17-4b6e-86c8-73a2f16255cc,HUMAN,shown,trend_alert,down-streak,down-streak,2026-09-04T17:08:24.470Z,2026-09-04T17:08:24.534599+00:00,"{""client_ts"": ""2026-09-04T17:08:24.470Z"", ""element_id"": ""down-streak"", ""element_label"": ""down-streak"", ""element_type"": ""trend_alert"", ""event_name"": ""shown"", ""message"": ""Price went down 3 times in the last 5 ticks!"", ""trader_id"": ""df031ae1-4a17-4b6e-86c8-73a2f16255cc""}",1788541704.541045
5f843ad6-6f15-4b1a-b905-00629a87c560,545cba11-b5ba-4d66-b59e-dd09eefe49b1,HUMAN,shown,trend_alert,down-streak,down-streak,2026-09-04T17:08:24.484Z,2026-09-04T17:08:24.544759+00:00,"{""client_ts"": ""2026-09-04T17:08:24.484Z"", ""element_id"": ""down-streak"", ""element_label"": ""down-streak"", ""element_type"": ""trend_alert"", ""event_name"": ""shown"", ""message"": ""Price went down 3 times in the last 5 ticks!"", ""trader_id"": ""545cba11-b5ba-4d66-b59e-dd09eefe49b1""}",1788541704.550525
5f843ad6-6f15-4b1a-b905-00629a87c560,d97259db-0850-49d1-a9eb-22b546ef0e8d,HUMAN,shown,trend_alert,down-streak,down-streak,2026-09-04T17:08:24.480Z,2026-09-04T17:08:24.553575+00:00,"{""client_ts"": ""2026-09-04T17:08:24.480Z"", ""element_id"": ""down-streak"", ""element_label"": ""down-streak"", ""element_type"": ""trend_alert"", ""event_name"": ""shown"", ""message"": ""Price went down 3 times in the last 5 ticks!"", ""trader_id"": ""d97259db-0850-49d1-a9eb-22b546ef0e8d""}",1788541704.559372
0596faff-8414-4cd3-a91c-e9efce969037,6828a6e9-e23c-46f8-b9a0-9f715206c8ba,HUMAN,shown,trend_alert,up-streak,up-streak,2026-09-04T17:08:39.663Z,2026-09-04T17:08:39.723097+00:00,"{""client_ts"": ""2026-09-04T17:08:39.663Z"", ""element_id"": ""up-streak"", ""element_label"": ""up-streak"", ""element_type"": ""trend_alert"", ""event_name"": ""shown"", ""message"": ""Price went up 3 times in the last 5 ticks!"", ""trader_id"": ""6828a6e9-e23c-46f8-b9a0-9f715206c8ba""}",1788541719.728952
0596faff-8414-4cd3-a91c-e9efce969037,27c5cf8d-18ea-4b55-938f-ac739bdbf0c6,HUMAN,shown,trend_alert,up-streak,up-streak,2026-09-04T17:08:39.659Z,2026-09-04T17:08:39.732091+00:00,"{""client_ts"": ""2026-09-04T17:08:39.659Z"", ""element_id"": ""up-streak"", ""element_label"": ""up-streak"", ""element_type"": ""trend_alert"", ""event_name"": ""shown"", ""message"": ""Price went up 3 times in the last 5 ticks!"", ""trader_id"": ""27c5cf8d-18ea-4b55-938f-ac739bdbf0c6""}",1788541719.737618
0596faff-8414-4cd3-a91c-e9efce969037,f84876bd-a037-4146-a9e0-fa2ced5f14a3,HUMAN,shown,trend_alert,up-streak,up-streak,2026-09-04T17:08:39.664Z,2026-09-04T17:08:39.740676+00:00,"{""client_ts"": ""2026-09-04T17:08:39.664Z"", ""element_id"": ""up-streak"", ""element_label"": ""up-streak"", ""element_type"": ""trend_alert"", ""event_name"": ""shown"", ""message"": ""Price went up 3 times in the last 5 ticks!"", ""trader_id"": ""f84876bd-a037-4146-a9e0-fa2ced5f14a3""}",1788541719.746575
0596faff-8414-4cd3-a91c-e9efce969037,f0424c5c-891b-4c7d-ab98-66f8040dd592,HUMAN,shown,trend_alert,up-streak,up-streak,2026-09-04T17:08:39.661Z,2026-09-04T17:08:39.750199+00:00,"{""client_ts"": ""2026-09-04T17:08:39.661Z"", ""element_id"": ""up-streak"", ""element_label"": ""up-streak"", ""element_type"": ""trend_alert"", ""event_name"": ""shown"", ""message"": ""Price went up 3 times in the last 5 ticks!"", ""trader_id"": ""f0424c5c-891b-4c7d-ab98-66f8040dd592""}",1788541719.756344
0596faff-8414-4cd3-a91c-e9efce969037,deb88f91-8cf0-496d-af59-3ea0fcbb8e20,HUMAN,shown,trend_alert,up-streak,up-streak,2026-09-04T17:08:39.665Z,2026-09-04T17:08:39.759437+00:00,"{""client_ts"": ""2026-09-04T17:08:39.665Z"", ""element_id"": ""up-streak"", ""element_label"": ""up-streak"", ""element_type"": ""trend_alert"", ""event_name"": ""shown"", ""message"": ""Price went up 3 times in the last 5 ticks!"", ""trader_id"": ""deb88f91-8cf0-496d-af59-3ea0fcbb8e20""}",1788541719.765611
0596faff-8414-4cd3-a91c-e9efce969037,d77c237c-bd8f-45ed-a388-3f58f0062686,HUMAN,shown,trend_alert,up-streak,up-streak,2026-09-04T17:08:39.662Z,2026-09-04T17:08:39.768683+00:00,"{""client_ts"": ""2026-09-04T17:08:39.662Z"", ""element_id"": ""up-streak"", ""element_label"": ""up-streak"", ""element_type"": ""trend_alert"", ""event_name"": ""shown"", ""message"": ""Price went up 3 times in the last 5 ticks!"", ""trader_id"": ""d77c237c-bd8f-45ed-a388-3f58f0062686""}",1788541719.774739
0596faff-8414-4cd3-a91c-e9efce969037,27c5cf8d-18ea-4b55-938f-ac739bdbf0c6,HUMAN,shown,badge_unlock,diamond,Diamond,2026-09-04T17:08:46.186Z,2026-09-04T17:08:46.317600+00:00,"{""client_ts"": ""2026-09-04T17:08:46.186Z"", ""element_id"": ""diamond"", ""element_label"": ""Diamond"", ""element_type"": ""badge_unlock"", ""event_name"": ""shown"", ""total_trades_threshold"": 60, ""trader_id"": ""27c5cf8d-18ea-4b55-938f-ac739bdbf0c6""}",1788541726.323171
0596faff-8414-4cd3-a91c-e9efce969037,27c5cf8d-18ea-4b55-938f-ac739bdbf0c6,HUMAN,shown,badge_modal,diamond,Diamond,2026-09-04T17:08:46.186Z,2026-09-04T17:08:46.326790+00:00,"{""client_ts"": ""2026-09-04T17:08:46.186Z"", ""element_id"": ""diamond"", ""element_label"": ""Diamond"", ""element_type"": ""badge_modal"", ""event_name"": ""shown"", ""message"": ""The Wolf of Wall Street"", ""total_trades"": 60, ""trader_id"": ""27c5cf8d-18ea-4b55-938f-ac739bdbf0c6""}",1788541726.332617
0596faff-8414-4cd3-a91c-e9efce969037,27c5cf8d-18ea-4b55-938f-ac739bdbf0c6,HUMAN,shown,badge_gif,diamond,Diamond,2026-09-04T17:08:46.186Z,2026-09-04T17:08:46.335916+00:00,"{""client_ts"": ""2026-09-04T17:08:46.186Z"", ""element_id"": ""diamond"", ""element_label"": ""Diamond"", ""element_type"": ""badge_gif"", ""event_name"": ""shown"", ""gif"": ""/static/trader_bridge_app/vue/assets/diamond.gif"", ""trader_id"": ""27c5cf8d-18ea-4b55-938f-ac739bdbf0c6""}",1788541726.341697
0596faff-8414-4cd3-a91c-e9efce969037,27c5cf8d-18ea-4b55-938f-ac739bdbf0c6,HUMAN,shown,trend_alert,down-streak,down-streak,2026-09-04T17:09:11.920Z,2026-09-04T17:09:12.018276+00:00,"{""client_ts"": ""2026-09-04T17:09:11.920Z"", ""element_id"": ""down-streak"", ""element_label"": ""down-streak"", ""element_type"": ""trend_alert"", ""event_name"": ""shown"", ""message"": ""Price went down 3 times in the last 5 ticks!"", ""trader_id"": ""27c5cf8d-18ea-4b55-938f-ac739bdbf0c6""}",1788541752.024327
0596faff-8414-4cd3-a91c-e9efce969037,6828a6e9-e23c-46f8-b9a0-9f715206c8ba,HUMAN,shown,trend_alert,down-streak,down-streak,2026-09-04T17:09:11.924Z,2026-09-04T17:09:12.027395+00:00,"{""client_ts"": ""2026-09-04T17:09:11.924Z"", ""element_id"": ""down-streak"", ""element_label"": ""down-streak"", ""element_type"": ""trend_alert"", ""event_name"": ""shown"", ""message"": ""Price went down 3 times in the last 5 ticks!"", ""trader_id"": ""6828a6e9-e23c-46f8-b9a0-9f715206c8ba""}",1788541752.033383
0596faff-8414-4cd3-a91c-e9efce969037,f0424c5c-891b-4c7d-ab98-66f8040dd592,HUMAN,shown,trend_alert,down-streak,down-streak,2026-09-04T17:09:11.921Z,2026-09-04T17:09:12.036975+00:00,"{""client_ts"": ""2026-09-04T17:09:11.921Z"", ""element_id"": ""down-streak"", ""element_label"": ""down-streak"", ""element_type"": ""trend_alert"", ""event_name"": ""shown"", ""message"": ""Price went down 3 times in the last 5 ticks!"", ""trader_id"": ""f0424c5c-891b-4c7d-ab98-66f8040dd592""}",1788541752.044265
0596faff-8414-4cd3-a91c-e9efce969037,d77c237c-bd8f-45ed-a388-3f58f0062686,HUMAN,shown,trend_alert,down-streak,down-streak,2026-09-04T17:09:11.921Z,2026-09-04T17:09:12.047372+00:00,"{""client_ts"": ""2026-09-04T17:09:11.921Z"", ""element_id"": ""down-streak"", ""element_label"": ""down-streak"", ""element_type"": ""trend_alert"", ""event_name"": ""shown"", ""message"": ""Price went down 3 times in the last 5 ticks!"", ""trader_id"": ""d77c237c-bd8f-45ed-a388-3f58f0062686""}",1788541752.053749
0596faff-8414-4cd3-a91c-e9efce969037,deb88f91-8cf0-496d-af59-3ea0fcbb8e20,HUMAN,shown,trend_alert,down-streak,down-streak,2026-09-04T17:09:11.926Z,2026-09-04T17:09:12.056413+00:00,"{""client_ts"": ""2026-09-04T17:09:11.926Z"", ""element_id"": ""down-streak"", ""element_label"": ""down-streak"", ""element_type"": ""trend_alert"", ""event_name"": ""shown"", ""message"": ""Price went down 3 times in the last 5 ticks!"", ""trader_id"": ""deb88f91-8cf0-496d-af59-3ea0fcbb8e20""}",1788541752.062566
0596faff-8414-4cd3-a91c-e9efce969037,f84876bd-a037-4146-a9e0-fa2ced5f14a3,HUMAN,shown,trend_alert,down-streak,down-streak,2026-09-04T17:09:11.927Z,2026-09-04T17:09:12.065244+00:00,"{""client_ts"": ""2026-09-04T17:09:11.927Z"", ""element_id"": ""down-streak"", ""element_label"": ""down-streak"", ""element_type"": ""trend_alert"", ""event_name"": ""shown"", ""message"": ""Price went down 3 times in the last 5 ticks!"", ""trader_id"": ""f84876bd-a037-4146-a9e0-fa2ced5f14a3""}",1788541752.071997
0596faff-8414-4cd3-a91c-e9efce969037,d77c237c-bd8f-45ed-a388-3f58f0062686,HUMAN,shown,badge_unlock,diamond,Diamond,2026-09-04T17:09:53.205Z,2026-09-04T17:09:53.532682+00:00,"{""client_ts"": ""2026-09-04T17:09:53.205Z"", ""element_id"": ""diamond"", ""element_label"": ""Diamond"", ""element_type"": ""badge_unlock"", ""event_name"": ""shown"", ""total_trades_threshold"": 60, ""trader_id"": ""d77c237c-bd8f-45ed-a388-3f58f0062686""}",1788541793.538442
0596faff-8414-4cd3-a91c-e9efce969037,6828a6e9-e23c-46f8-b9a0-9f715206c8ba,HUMAN,shown,badge_unlock,silver,Silver,2026-09-04T17:09:53.223Z,2026-09-04T17:09:53.541646+00:00,"{""client_ts"": ""2026-09-04T17:09:53.223Z"", ""element_id"": ""silver"", ""element_label"": ""Silver"", ""element_type"": ""badge_unlock"", ""event_name"": ""shown"", ""total_trades_threshold"": 15, ""trader_id"": ""6828a6e9-e23c-46f8-b9a0-9f715206c8ba""}",1788541793.547604
0596faff-8414-4cd3-a91c-e9efce969037,6828a6e9-e23c-46f8-b9a0-9f715206c8ba,HUMAN,shown,badge_modal,silver,Silver,2026-09-04T17:09:53.223Z,2026-09-04T17:09:53.565982+00:00,"{""client_ts"": ""2026-09-04T17:09:53.223Z"", ""element_id"": ""silver"", ""element_label"": ""Silver"", ""element_type"": ""badge_modal"", ""event_name"": ""shown"", ""message"": ""You belong on the trading floor!"", ""total_trades"": 15, ""trader_id"": ""6828a6e9-e23c-46f8-b9a0-9f715206c8ba""}",1788541793.57229
0596faff-8414-4cd3-a91c-e9efce969037,d77c237c-bd8f-45ed-a388-3f58f0062686,HUMAN,shown,badge_modal,diamond,Diamond,2026-09-04T17:09:53.205Z,2026-09-04T17:09:53.576958+00:00,"{""client_ts"": ""2026-09-04T17:09:53.205Z"", ""element_id"": ""diamond"", ""element_label"": ""Diamond"", ""element_type"": ""badge_modal"", ""event_name"": ""shown"", ""message"": ""The Wolf of Wall Street"", ""total_trades"": 60, ""trader_id"": ""d77c237c-bd8f-45ed-a388-3f58f0062686""}",1788541793.582941
0596faff-8414-4cd3-a91c-e9efce969037,6828a6e9-e23c-46f8-b9a0-9f715206c8ba,HUMAN,shown,badge_gif,silver,Silver,2026-09-04T17:09:53.223Z,2026-09-04T17:09:53.789417+00:00,"{""client_ts"": ""2026-09-04T17:09:53.223Z"", ""element_id"": ""silver"", ""element_label"": ""Silver"", ""element_type"": ""badge_gif"", ""event_name"": ""shown"", ""gif"": ""/static/trader_bridge_app/vue/assets/silver.gif"", ""trader_id"": ""6828a6e9-e23c-46f8-b9a0-9f715206c8ba""}",1788541793.795474
0596faff-8414-4cd3-a91c-e9efce969037,d77c237c-bd8f-45ed-a388-3f58f0062686,HUMAN,shown,badge_gif,diamond,Diamond,2026-09-04T17:09:53.205Z,2026-09-04T17:09:53.800042+00:00,"{""client_ts"": ""2026-09-04T17:09:53.205Z"", ""element_id"": ""diamond"", ""element_label"": ""Diamond"", ""element_type"": ""badge_gif"", ""event_name"": ""shown"", ""gif"": ""/static/trader_bridge_app/vue/assets/diamond.gif"", ""trader_id"": ""d77c237c-bd8f-45ed-a388-3f58f0062686""}",1788541793.806057
e75d2478-5641-45fa-8bf9-15303b4720f3,a05bfac5-0418-4559-bfc4-3c0dd45bcd36,HUMAN,shown,badge_unlock,platinum,Platinum,2026-09-04T17:09:54.414Z,2026-09-04T17:09:54.553420+00:00,"{""client_ts"": ""2026-09-04T17:09:54.414Z"", ""element_id"": ""platinum"", ""element_label"": ""Platinum"", ""element_type"": ""badge_unlock"", ""event_name"": ""shown"", ""total_trades_threshold"": 50, ""trader_id"": ""a05bfac5-0418-4559-bfc4-3c0dd45bcd36""}",1788541794.559752
e75d2478-5641-45fa-8bf9-15303b4720f3,a05bfac5-0418-4559-bfc4-3c0dd45bcd36,HUMAN,shown,badge_modal,platinum,Platinum,2026-09-04T17:09:54.415Z,2026-09-04T17:09:54.660798+00:00,"{""client_ts"": ""2026-09-04T17:09:54.415Z"", ""element_id"": ""platinum"", ""element_label"": ""Platinum"", ""element_type"": ""badge_modal"", ""event_name"": ""shown"", ""message"": ""You are definitely going places!"", ""total_trades"": 50, ""trader_id"": ""a05bfac5-0418-4559-bfc4-3c0dd45bcd36""}",1788541794.668375
e75d2478-5641-45fa-8bf9-15303b4720f3,a05bfac5-0418-4559-bfc4-3c0dd45bcd36,HUMAN,shown,badge_gif,platinum,Platinum,2026-09-04T17:09:54.415Z,2026-09-04T17:09:54.686155+00:00,"{""client_ts"": ""2026-09-04T17:09:54.415Z"", ""element_id"": ""platinum"", ""element_label"": ""Platinum"", ""element_type"": ""badge_gif"", ""event_name"": ""shown"", ""gif"": ""/static/trader_bridge_app/vue/assets/platinum.gif"", ""trader_id"": ""a05bfac5-0418-4559-bfc4-3c0dd45bcd36""}",1788541794.69304
e75d2478-5641-45fa-8bf9-15303b4720f3,18f97bcb-3bff-4032-a1d3-6a9922113afe,HUMAN,shown,badge_unlock,diamond,Diamond,2026-09-04T17:10:14.045Z,2026-09-04T17:10:14.138882+00:00,"{""client_ts"": ""2026-09-04T17:10:14.045Z"", ""element_id"": ""diamond"", ""element_label"": ""Diamond"", ""element_type"": ""badge_unlock"", ""event_name"": ""shown"", ""total_trades_threshold"": 60, ""trader_id"": ""18f97bcb-3bff-4032-a1d3-6a9922113afe""}",1788541814.146578
e75d2478-5641-45fa-8bf9-15303b4720f3,18f97bcb-3bff-4032-a1d3-6a9922113afe,HUMAN,shown,badge_modal,diamond,Diamond,2026-09-04T17:10:14.045Z,2026-09-04T17:10:14.153841+00:00,"{""client_ts"": ""2026-09-04T17:10:14.045Z"", ""element_id"": ""diamond"", ""element_label"": ""Diamond"", ""element_type"": ""badge_modal"", ""event_name"": ""shown"", ""message"": ""The Wolf of Wall Street"", ""total_trades"": 60, ""trader_id"": ""18f97bcb-3bff-4032-a1d3-6a9922113afe""}",1788541814.161643
e75d2478-5641-45fa-8bf9-15303b4720f3,18f97bcb-3bff-4032-a1d3-6a9922113afe,HUMAN,shown,badge_gif,diamond,Diamond,2026-09-04T17:10:14.045Z,2026-09-04T17:10:14.170663+00:00,"{""client_ts"": ""2026-09-04T17:10:14.045Z"", ""element_id"": ""diamond"", ""element_label"": ""Diamond"", ""element_type"": ""badge_gif"", ""event_name"": ""shown"", ""gif"": ""/static/trader_bridge_app/vue/assets/diamond.gif"", ""trader_id"": ""18f97bcb-3bff-4032-a1d3-6a9922113afe""}",1788541814.177619
5f843ad6-6f15-4b1a-b905-00629a87c560,df031ae1-4a17-4b6e-86c8-73a2f16255cc,HUMAN,shown,trend_alert,down-streak,down-streak,2026-09-04T17:10:26.799Z,2026-09-04T17:10:26.863840+00:00,"{""client_ts"": ""2026-09-04T17:10:26.799Z"", ""element_id"": ""down-streak"", ""element_label"": ""down-streak"", ""element_type"": ""trend_alert"", ""event_name"": ""shown"", ""message"": ""Price went down 3 times in the last 5 ticks!"", ""trader_id"": ""df031ae1-4a17-4b6e-86c8-73a2f16255cc""}",1788541826.871832
5f843ad6-6f15-4b1a-b905-00629a87c560,545cba11-b5ba-4d66-b59e-dd09eefe49b1,HUMAN,shown,trend_alert,down-streak,down-streak,2026-09-04T17:10:26.806Z,2026-09-04T17:10:26.879255+00:00,"{""client_ts"": ""2026-09-04T17:10:26.806Z"", ""element_id"": ""down-streak"", ""element_label"": ""down-streak"", ""element_type"": ""trend_alert"", ""event_name"": ""shown"", ""message"": ""Price went down 3 times in the last 5 ticks!"", ""trader_id"": ""545cba11-b5ba-4d66-b59e-dd09eefe49b1""}",1788541826.887185
5f843ad6-6f15-4b1a-b905-00629a87c560,d97259db-0850-49d1-a9eb-22b546ef0e8d,HUMAN,shown,trend_alert,down-streak,down-streak,2026-09-04T17:10:26.805Z,2026-09-04T17:10:26.890907+00:00,"{""client_ts"": ""2026-09-04T17:10:26.805Z"", ""element_id"": ""down-streak"", ""element_label"": ""down-streak"", ""element_type"": ""trend_alert"", ""event_name"": ""shown"", ""message"": ""Price went down 3 times in the last 5 ticks!"", ""trader_id"": ""d97259db-0850-49d1-a9eb-22b546ef0e8d""}",1788541826.898513
e75d2478-5641-45fa-8bf9-15303b4720f3,8dd4a26c-c32c-4462-a1d2-afa867669de4,HUMAN,shown,trend_alert,down-streak,down-streak,2026-09-04T17:10:31.568Z,2026-09-04T17:10:31.619546+00:00,"{""client_ts"": ""2026-09-04T17:10:31.568Z"", ""element_id"": ""down-streak"", ""element_label"": ""down-streak"", ""element_type"": ""trend_alert"", ""event_name"": ""shown"", ""message"": ""Price went down 3 times in the last 5 ticks!"", ""trader_id"": ""8dd4a26c-c32c-4462-a1d2-afa867669de4""}",1788541831.62648
e75d2478-5641-45fa-8bf9-15303b4720f3,83dba17b-0af0-4a73-8c79-a9cfacf59366,HUMAN,shown,trend_alert,down-streak,down-streak,2026-09-04T17:10:31.555Z,2026-09-04T17:10:31.630972+00:00,"{""client_ts"": ""2026-09-04T17:10:31.555Z"", ""element_id"": ""down-streak"", ""element_label"": ""down-streak"", ""element_type"": ""trend_alert"", ""event_name"": ""shown"", ""message"": ""Price went down 3 times in the last 5 ticks!"", ""trader_id"": ""83dba17b-0af0-4a73-8c79-a9cfacf59366""}",1788541831.63699
e75d2478-5641-45fa-8bf9-15303b4720f3,352cbd86-93f1-463f-a006-b1d6ed612217,HUMAN,shown,trend_alert,down-streak,down-streak,2026-09-04T17:10:31.566Z,2026-09-04T17:10:31.640690+00:00,"{""client_ts"": ""2026-09-04T17:10:31.566Z"", ""element_id"": ""down-streak"", ""element_label"": ""down-streak"", ""element_type"": ""trend_alert"", ""event_name"": ""shown"", ""message"": ""Price went down 3 times in the last 5 ticks!"", ""trader_id"": ""352cbd86-93f1-463f-a006-b1d6ed612217""}",1788541831.646394
e75d2478-5641-45fa-8bf9-15303b4720f3,a05bfac5-0418-4559-bfc4-3c0dd45bcd36,HUMAN,shown,trend_alert,down-streak,down-streak,2026-09-04T17:10:31.565Z,2026-09-04T17:10:31.649582+00:00,"{""client_ts"": ""2026-09-04T17:10:31.565Z"", ""element_id"": ""down-streak"", ""element_label"": ""down-streak"", ""element_type"": ""trend_alert"", ""event_name"": ""shown"", ""message"": ""Price went down 3 times in the last 5 ticks!"", ""trader_id"": ""a05bfac5-0418-4559-bfc4-3c0dd45bcd36""}",1788541831.655571
e75d2478-5641-45fa-8bf9-15303b4720f3,18f97bcb-3bff-4032-a1d3-6a9922113afe,HUMAN,shown,trend_alert,down-streak,down-streak,2026-09-04T17:10:31.556Z,2026-09-04T17:10:31.658622+00:00,"{""client_ts"": ""2026-09-04T17:10:31.556Z"", ""element_id"": ""down-streak"", ""element_label"": ""down-streak"", ""element_type"": ""trend_alert"", ""event_name"": ""shown"", ""message"": ""Price went down 3 times in the last 5 ticks!"", ""trader_id"": ""18f97bcb-3bff-4032-a1d3-6a9922113afe""}",1788541831.663991
e75d2478-5641-45fa-8bf9-15303b4720f3,4c0e40a1-ec8b-43c6-97ed-2ac45ff5d1b2,HUMAN,shown,trend_alert,down-streak,down-streak,2026-09-04T17:10:31.573Z,2026-09-04T17:10:31.669898+00:00,"{""client_ts"": ""2026-09-04T17:10:31.573Z"", ""element_id"": ""down-streak"", ""element_label"": ""down-streak"", ""element_type"": ""trend_alert"", ""event_name"": ""shown"", ""message"": ""Price went down 3 times in the last 5 ticks!"", ""trader_id"": ""4c0e40a1-ec8b-43c6-97ed-2ac45ff5d1b2""}",1788541831.675705
e75d2478-5641-45fa-8bf9-15303b4720f3,352cbd86-93f1-463f-a006-b1d6ed612217,HUMAN,shown,trend_alert,down-streak,down-streak,2026-09-04T17:11:08.589Z,2026-09-04T17:11:08.642463+00:00,"{""client_ts"": ""2026-09-04T17:11:08.589Z"", ""element_id"": ""down-streak"", ""element_label"": ""down-streak"", ""element_type"": ""trend_alert"", ""event_name"": ""shown"", ""message"": ""Price went down 3 times in the last 5 ticks!"", ""trader_id"": ""352cbd86-93f1-463f-a006-b1d6ed612217""}",1788541868.650652
e75d2478-5641-45fa-8bf9-15303b4720f3,8dd4a26c-c32c-4462-a1d2-afa867669de4,HUMAN,shown,trend_alert,down-streak,down-streak,2026-09-04T17:11:08.592Z,2026-09-04T17:11:08.655446+00:00,"{""client_ts"": ""2026-09-04T17:11:08.592Z"", ""element_id"": ""down-streak"", ""element_label"": ""down-streak"", ""element_type"": ""trend_alert"", ""event_name"": ""shown"", ""message"": ""Price went down 3 times in the last 5 ticks!"", ""trader_id"": ""8dd4a26c-c32c-4462-a1d2-afa867669de4""}",1788541868.662511
e75d2478-5641-45fa-8bf9-15303b4720f3,4c0e40a1-ec8b-43c6-97ed-2ac45ff5d1b2,HUMAN,shown,trend_alert,down-streak,down-streak,2026-09-04T17:11:08.585Z,2026-09-04T17:11:08.670656+00:00,"{""client_ts"": ""2026-09-04T17:11:08.585Z"", ""element_id"": ""down-streak"", ""element_label"": ""down-streak"", ""element_type"": ""trend_alert"", ""event_name"": ""shown"", ""message"": ""Price went down 3 times in the last 5 ticks!"", ""trader_id"": ""4c0e40a1-ec8b-43c6-97ed-2ac45ff5d1b2""}",1788541868.677606
e75d2478-5641-45fa-8bf9-15303b4720f3,a05bfac5-0418-4559-bfc4-3c0dd45bcd36,HUMAN,shown,trend_alert,down-streak,down-streak,2026-09-04T17:11:08.590Z,2026-09-04T17:11:08.681367+00:00,"{""client_ts"": ""2026-09-04T17:11:08.590Z"", ""element_id"": ""down-streak"", ""element_label"": ""down-streak"", ""element_type"": ""trend_alert"", ""event_name"": ""shown"", ""message"": ""Price went down 3 times in the last 5 ticks!"", ""trader_id"": ""a05bfac5-0418-4559-bfc4-3c0dd45bcd36""}",1788541868.688686
e75d2478-5641-45fa-8bf9-15303b4720f3,83dba17b-0af0-4a73-8c79-a9cfacf59366,HUMAN,shown,trend_alert,down-streak,down-streak,2026-09-04T17:11:08.584Z,2026-09-04T17:11:08.692333+00:00,"{""client_ts"": ""2026-09-04T17:11:08.584Z"", ""element_id"": ""down-streak"", ""element_label"": ""down-streak"", ""element_type"": ""trend_alert"", ""event_name"": ""shown"", ""message"": ""Price went down 3 times in the last 5 ticks!"", ""trader_id"": ""83dba17b-0af0-4a73-8c79-a9cfacf59366""}",1788541868.699593
e75d2478-5641-45fa-8bf9-15303b4720f3,18f97bcb-3bff-4032-a1d3-6a9922113afe,HUMAN,shown,trend_alert,down-streak,down-streak,2026-09-04T17:11:08.587Z,2026-09-04T17:11:08.703242+00:00,"{""client_ts"": ""2026-09-04T17:11:08.587Z"", ""element_id"": ""down-streak"", ""element_label"": ""down-streak"", ""element_type"": ""trend_alert"", ""event_name"": ""shown"", ""message"": ""Price went down 3 times in the last 5 ticks!"", ""trader_id"": ""18f97bcb-3bff-4032-a1d3-6a9922113afe""}",1788541868.709536
0596faff-8414-4cd3-a91c-e9efce969037,f84876bd-a037-4146-a9e0-fa2ced5f14a3,HUMAN,shown,badge_unlock,diamond,Diamond,2026-09-04T17:11:12.410Z,2026-09-04T17:11:12.538649+00:00,"{""client_ts"": ""2026-09-04T17:11:12.410Z"", ""element_id"": ""diamond"", ""element_label"": ""Diamond"", ""element_type"": ""badge_unlock"", ""event_name"": ""shown"", ""total_trades_threshold"": 60, ""trader_id"": ""f84876bd-a037-4146-a9e0-fa2ced5f14a3""}",1788541872.546084
0596faff-8414-4cd3-a91c-e9efce969037,f84876bd-a037-4146-a9e0-fa2ced5f14a3,HUMAN,shown,badge_modal,diamond,Diamond,2026-09-04T17:11:12.410Z,2026-09-04T17:11:12.550767+00:00,"{""client_ts"": ""2026-09-04T17:11:12.410Z"", ""element_id"": ""diamond"", ""element_label"": ""Diamond"", ""element_type"": ""badge_modal"", ""event_name"": ""shown"", ""message"": ""The Wolf of Wall Street"", ""total_trades"": 60, ""trader_id"": ""f84876bd-a037-4146-a9e0-fa2ced5f14a3""}",1788541872.557168
0596faff-8414-4cd3-a91c-e9efce969037,f84876bd-a037-4146-a9e0-fa2ced5f14a3,HUMAN,shown,badge_gif,diamond,Diamond,2026-09-04T17:11:12.410Z,2026-09-04T17:11:12.560594+00:00,"{""client_ts"": ""2026-09-04T17:11:12.410Z"", ""element_id"": ""diamond"", ""element_label"": ""Diamond"", ""element_type"": ""badge_gif"", ""event_name"": ""shown"", ""gif"": ""/static/trader_bridge_app/vue/assets/diamond.gif"", ""trader_id"": ""f84876bd-a037-4146-a9e0-fa2ced5f14a3""}",1788541872.567316
0596faff-8414-4cd3-a91c-e9efce969037,deb88f91-8cf0-496d-af59-3ea0fcbb8e20,HUMAN,shown,trend_alert,down-streak,down-streak,2026-09-04T17:11:16.767Z,2026-09-04T17:11:17.219507+00:00,"{""client_ts"": ""2026-09-04T17:11:16.767Z"", ""element_id"": ""down-streak"", ""element_label"": ""down-streak"", ""element_type"": ""trend_alert"", ""event_name"": ""shown"", ""message"": ""Price went down 3 times in the last 5 ticks!"", ""trader_id"": ""deb88f91-8cf0-496d-af59-3ea0fcbb8e20""}",1788541877.225519
0596faff-8414-4cd3-a91c-e9efce969037,27c5cf8d-18ea-4b55-938f-ac739bdbf0c6,HUMAN,shown,trend_alert,down-streak,down-streak,2026-09-04T17:11:16.767Z,2026-09-04T17:11:17.228614+00:00,"{""client_ts"": ""2026-09-04T17:11:16.767Z"", ""element_id"": ""down-streak"", ""element_label"": ""down-streak"", ""element_type"": ""trend_alert"", ""event_name"": ""shown"", ""message"": ""Price went down 3 times in the last 5 ticks!"", ""trader_id"": ""27c5cf8d-18ea-4b55-938f-ac739bdbf0c6""}",1788541877.234493
0596faff-8414-4cd3-a91c-e9efce969037,6828a6e9-e23c-46f8-b9a0-9f715206c8ba,HUMAN,shown,trend_alert,down-streak,down-streak,2026-09-04T17:11:16.768Z,2026-09-04T17:11:17.238927+00:00,"{""client_ts"": ""2026-09-04T17:11:16.768Z"", ""element_id"": ""down-streak"", ""element_label"": ""down-streak"", ""element_type"": ""trend_alert"", ""event_name"": ""shown"", ""message"": ""Price went down 3 times in the last 5 ticks!"", ""trader_id"": ""6828a6e9-e23c-46f8-b9a0-9f715206c8ba""}",1788541877.244526
0596faff-8414-4cd3-a91c-e9efce969037,d77c237c-bd8f-45ed-a388-3f58f0062686,HUMAN,shown,trend_alert,down-streak,down-streak,2026-09-04T17:11:16.762Z,2026-09-04T17:11:17.249230+00:00,"{""client_ts"": ""2026-09-04T17:11:16.762Z"", ""element_id"": ""down-streak"", ""element_label"": ""down-streak"", ""element_type"": ""trend_alert"", ""event_name"": ""shown"", ""message"": ""Price went down 3 times in the last 5 ticks!"", ""trader_id"": ""d77c237c-bd8f-45ed-a388-3f58f0062686""}",1788541877.255509
0596faff-8414-4cd3-a91c-e9efce969037,f0424c5c-891b-4c7d-ab98-66f8040dd592,HUMAN,shown,trend_alert,down-streak,down-streak,2026-09-04T17:11:16.764Z,2026-09-04T17:11:17.258509+00:00,"{""client_ts"": ""2026-09-04T17:11:16.764Z"", ""element_id"": ""down-streak"", ""element_label"": ""down-streak"", ""element_type"": ""trend_alert"", ""event_name"": ""shown"", ""message"": ""Price went down 3 times in the last 5 ticks!"", ""trader_id"": ""f0424c5c-891b-4c7d-ab98-66f8040dd592""}",1788541877.264476
0596faff-8414-4cd3-a91c-e9efce969037,f84876bd-a037-4146-a9e0-fa2ced5f14a3,HUMAN,shown,trend_alert,down-streak,down-streak,2026-09-04T17:11:16.772Z,2026-09-04T17:11:17.267629+00:00,"{""client_ts"": ""2026-09-04T17:11:16.772Z"", ""element_id"": ""down-streak"", ""element_label"": ""down-streak"", ""element_type"": ""trend_alert"", ""event_name"": ""shown"", ""message"": ""Price went down 3 times in the last 5 ticks!"", ""trader_id"": ""f84876bd-a037-4146-a9e0-fa2ced5f14a3""}",1788541877.273518
0596faff-8414-4cd3-a91c-e9efce969037,f0424c5c-891b-4c7d-ab98-66f8040dd592,HUMAN,shown,badge_unlock,platinum,Platinum,2026-09-04T17:11:17.316Z,2026-09-04T17:11:17.732420+00:00,"{""client_ts"": ""2026-09-04T17:11:17.316Z"", ""element_id"": ""platinum"", ""element_label"": ""Platinum"", ""element_type"": ""badge_unlock"", ""event_name"": ""shown"", ""total_trades_threshold"": 50, ""trader_id"": ""f0424c5c-891b-4c7d-ab98-66f8040dd592""}",1788541877.738414
0596faff-8414-4cd3-a91c-e9efce969037,f0424c5c-891b-4c7d-ab98-66f8040dd592,HUMAN,shown,badge_modal,platinum,Platinum,2026-09-04T17:11:17.316Z,2026-09-04T17:11:17.822612+00:00,"{""client_ts"": ""2026-09-04T17:11:17.316Z"", ""element_id"": ""platinum"", ""element_label"": ""Platinum"", ""element_type"": ""badge_modal"", ""event_name"": ""shown"", ""message"": ""You are definitely going places!"", ""total_trades"": 50, ""trader_id"": ""f0424c5c-891b-4c7d-ab98-66f8040dd592""}",1788541877.828611
0596faff-8414-4cd3-a91c-e9efce969037,f0424c5c-891b-4c7d-ab98-66f8040dd592,HUMAN,shown,badge_gif,platinum,Platinum,2026-09-04T17:11:17.316Z,2026-09-04T17:11:17.949066+00:00,"{""client_ts"": ""2026-09-04T17:11:17.316Z"", ""element_id"": ""platinum"", ""element_label"": ""Platinum"", ""element_type"": ""badge_gif"", ""event_name"": ""shown"", ""gif"": ""/static/trader_bridge_app/vue/assets/platinum.gif"", ""trader_id"": ""f0424c5c-891b-4c7d-ab98-66f8040dd592""}",1788541877.955089
e75d2478-5641-45fa-8bf9-15303b4720f3,8dd4a26c-c32c-4462-a1d2-afa867669de4,HUMAN,shown,trend_alert,down-streak,down-streak,2026-09-04T17:11:18.689Z,2026-09-04T17:11:18.814376+00:00,"{""client_ts"": ""2026-09-04T17:11:18.689Z"", ""element_id"": ""down-streak"", ""element_label"": ""down-streak"", ""element_type"": ""trend_alert"", ""event_name"": ""shown"", ""message"": ""Price went down 3 times in the last 5 ticks!"", ""trader_id"": ""8dd4a26c-c32c-4462-a1d2-afa867669de4""}",1788541878.820274
e75d2478-5641-45fa-8bf9-15303b4720f3,83dba17b-0af0-4a73-8c79-a9cfacf59366,HUMAN,shown,trend_alert,down-streak,down-streak,2026-09-04T17:11:18.680Z,2026-09-04T17:11:18.823367+00:00,"{""client_ts"": ""2026-09-04T17:11:18.680Z"", ""element_id"": ""down-streak"", ""element_label"": ""down-streak"", ""element_type"": ""trend_alert"", ""event_name"": ""shown"", ""message"": ""Price went down 3 times in the last 5 ticks!"", ""trader_id"": ""83dba17b-0af0-4a73-8c79-a9cfacf59366""}",1788541878.829075
e75d2478-5641-45fa-8bf9-15303b4720f3,352cbd86-93f1-463f-a006-b1d6ed612217,HUMAN,shown,trend_alert,down-streak,down-streak,2026-09-04T17:11:18.686Z,2026-09-04T17:11:18.873361+00:00,"{""client_ts"": ""2026-09-04T17:11:18.686Z"", ""element_id"": ""down-streak"", ""element_label"": ""down-streak"", ""element_type"": ""trend_alert"", ""event_name"": ""shown"", ""message"": ""Price went down 3 times in the last 5 ticks!"", ""trader_id"": ""352cbd86-93f1-463f-a006-b1d6ed612217""}",1788541878.879289
e75d2478-5641-45fa-8bf9-15303b4720f3,4c0e40a1-ec8b-43c6-97ed-2ac45ff5d1b2,HUMAN,shown,trend_alert,down-streak,down-streak,2026-09-04T17:11:18.704Z,2026-09-04T17:11:18.897581+00:00,"{""client_ts"": ""2026-09-04T17:11:18.704Z"", ""element_id"": ""down-streak"", ""element_label"": ""down-streak"", ""element_type"": ""trend_alert"", ""event_name"": ""shown"", ""message"": ""Price went down 3 times in the last 5 ticks!"", ""trader_id"": ""4c0e40a1-ec8b-43c6-97ed-2ac45ff5d1b2""}",1788541878.903514
e75d2478-5641-45fa-8bf9-15303b4720f3,18f97bcb-3bff-4032-a1d3-6a9922113afe,HUMAN,shown,trend_alert,down-streak,down-streak,2026-09-04T17:11:18.704Z,2026-09-04T17:11:18.949735+00:00,"{""client_ts"": ""2026-09-04T17:11:18.704Z"", ""element_id"": ""down-streak"", ""element_label"": ""down-streak"", ""element_type"": ""trend_alert"", ""event_name"": ""shown"", ""message"": ""Price went down 3 times in the last 5 ticks!"", ""trader_id"": ""18f97bcb-3bff-4032-a1d3-6a9922113afe""}",1788541878.95558
e75d2478-5641-45fa-8bf9-15303b4720f3,a05bfac5-0418-4559-bfc4-3c0dd45bcd36,HUMAN,shown,trend_alert,down-streak,down-streak,2026-09-04T17:11:18.710Z,2026-09-04T17:11:18.959920+00:00,"{""client_ts"": ""2026-09-04T17:11:18.710Z"", ""element_id"": ""down-streak"", ""element_label"": ""down-streak"", ""element_type"": ""trend_alert"", ""event_name"": ""shown"", ""message"": ""Price went down 3 times in the last 5 ticks!"", ""trader_id"": ""a05bfac5-0418-4559-bfc4-3c0dd45bcd36""}",1788541878.966046
0596faff-8414-4cd3-a91c-e9efce969037,f84876bd-a037-4146-a9e0-fa2ced5f14a3,HUMAN,shown,trend_alert,down-streak,down-streak,2026-09-04T17:11:24.595Z,2026-09-04T17:11:24.658410+00:00,"{""client_ts"": ""2026-09-04T17:11:24.595Z"", ""element_id"": ""down-streak"", ""element_label"": ""down-streak"", ""element_type"": ""trend_alert"", ""event_name"": ""shown"", ""message"": ""Price went down 3 times in the last 5 ticks!"", ""trader_id"": ""f84876bd-a037-4146-a9e0-fa2ced5f14a3""}",1788541884.665379
0596faff-8414-4cd3-a91c-e9efce969037,27c5cf8d-18ea-4b55-938f-ac739bdbf0c6,HUMAN,shown,trend_alert,down-streak,down-streak,2026-09-04T17:11:24.592Z,2026-09-04T17:11:24.668359+00:00,"{""client_ts"": ""2026-09-04T17:11:24.592Z"", ""element_id"": ""down-streak"", ""element_label"": ""down-streak"", ""element_type"": ""trend_alert"", ""event_name"": ""shown"", ""message"": ""Price went down 3 times in the last 5 ticks!"", ""trader_id"": ""27c5cf8d-18ea-4b55-938f-ac739bdbf0c6""}",1788541884.674464
0596faff-8414-4cd3-a91c-e9efce969037,6828a6e9-e23c-46f8-b9a0-9f715206c8ba,HUMAN,shown,trend_alert,down-streak,down-streak,2026-09-04T17:11:24.592Z,2026-09-04T17:11:24.677529+00:00,"{""client_ts"": ""2026-09-04T17:11:24.592Z"", ""element_id"": ""down-streak"", ""element_label"": ""down-streak"", ""element_type"": ""trend_alert"", ""event_name"": ""shown"", ""message"": ""Price went down 3 times in the last 5 ticks!"", ""trader_id"": ""6828a6e9-e23c-46f8-b9a0-9f715206c8ba""}",1788541884.6834
0596faff-8414-4cd3-a91c-e9efce969037,deb88f91-8cf0-496d-af59-3ea0fcbb8e20,HUMAN,shown,trend_alert,down-streak,down-streak,2026-09-04T17:11:24.593Z,2026-09-04T17:11:24.686866+00:00,"{""client_ts"": ""2026-09-04T17:11:24.593Z"", ""element_id"": ""down-streak"", ""element_label"": ""down-streak"", ""element_type"": ""trend_alert"", ""event_name"": ""shown"", ""message"": ""Price went down 3 times in the last 5 ticks!"", ""trader_id"": ""deb88f91-8cf0-496d-af59-3ea0fcbb8e20""}",1788541884.693287
0596faff-8414-4cd3-a91c-e9efce969037,d77c237c-bd8f-45ed-a388-3f58f0062686,HUMAN,shown,trend_alert,down-streak,down-streak,2026-09-04T17:11:24.587Z,2026-09-04T17:11:24.696712+00:00,"{""client_ts"": ""2026-09-04T17:11:24.587Z"", ""element_id"": ""down-streak"", ""element_label"": ""down-streak"", ""element_type"": ""trend_alert"", ""event_name"": ""shown"", ""message"": ""Price went down 3 times in the last 5 ticks!"", ""trader_id"": ""d77c237c-bd8f-45ed-a388-3f58f0062686""}",1788541884.702768
0596faff-8414-4cd3-a91c-e9efce969037,f0424c5c-891b-4c7d-ab98-66f8040dd592,HUMAN,shown,trend_alert,down-streak,down-streak,2026-09-04T17:11:24.588Z,2026-09-04T17:11:24.705947+00:00,"{""client_ts"": ""2026-09-04T17:11:24.588Z"", ""element_id"": ""down-streak"", ""element_label"": ""down-streak"", ""element_type"": ""trend_alert"", ""event_name"": ""shown"", ""message"": ""Price went down 3 times in the last 5 ticks!"", ""trader_id"": ""f0424c5c-891b-4c7d-ab98-66f8040dd592""}",1788541884.712152
0596faff-8414-4cd3-a91c-e9efce969037,27c5cf8d-18ea-4b55-938f-ac739bdbf0c6,HUMAN,shown,trend_alert,up-streak,up-streak,2026-09-04T17:11:28.120Z,2026-09-04T17:11:28.173132+00:00,"{""client_ts"": ""2026-09-04T17:11:28.120Z"", ""element_id"": ""up-streak"", ""element_label"": ""up-streak"", ""element_type"": ""trend_alert"", ""event_name"": ""shown"", ""message"": ""Price went up 3 times in the last 5 ticks!"", ""trader_id"": ""27c5cf8d-18ea-4b55-938f-ac739bdbf0c6""}",1788541888.179645
0596faff-8414-4cd3-a91c-e9efce969037,f84876bd-a037-4146-a9e0-fa2ced5f14a3,HUMAN,shown,trend_alert,up-streak,up-streak,2026-09-04T17:11:28.124Z,2026-09-04T17:11:28.183651+00:00,"{""client_ts"": ""2026-09-04T17:11:28.124Z"", ""element_id"": ""up-streak"", ""element_label"": ""up-streak"", ""element_type"": ""trend_alert"", ""event_name"": ""shown"", ""message"": ""Price went up 3 times in the last 5 ticks!"", ""trader_id"": ""f84876bd-a037-4146-a9e0-fa2ced5f14a3""}",1788541888.190703
0596faff-8414-4cd3-a91c-e9efce969037,6828a6e9-e23c-46f8-b9a0-9f715206c8ba,HUMAN,shown,trend_alert,up-streak,up-streak,2026-09-04T17:11:28.120Z,2026-09-04T17:11:28.193822+00:00,"{""client_ts"": ""2026-09-04T17:11:28.120Z"", ""element_id"": ""up-streak"", ""element_label"": ""up-streak"", ""element_type"": ""trend_alert"", ""event_name"": ""shown"", ""message"": ""Price went up 3 times in the last 5 ticks!"", ""trader_id"": ""6828a6e9-e23c-46f8-b9a0-9f715206c8ba""}",1788541888.20005
0596faff-8414-4cd3-a91c-e9efce969037,d77c237c-bd8f-45ed-a388-3f58f0062686,HUMAN,shown,trend_alert,up-streak,up-streak,2026-09-04T17:11:28.114Z,2026-09-04T17:11:28.203604+00:00,"{""client_ts"": ""2026-09-04T17:11:28.114Z"", ""element_id"": ""up-streak"", ""element_label"": ""up-streak"", ""element_type"": ""trend_alert"", ""event_name"": ""shown"", ""message"": ""Price went up 3 times in the last 5 ticks!"", ""trader_id"": ""d77c237c-bd8f-45ed-a388-3f58f0062686""}",1788541888.209821
0596faff-8414-4cd3-a91c-e9efce969037,deb88f91-8cf0-496d-af59-3ea0fcbb8e20,HUMAN,shown,trend_alert,up-streak,up-streak,2026-09-04T17:11:28.121Z,2026-09-04T17:11:28.213230+00:00,"{""client_ts"": ""2026-09-04T17:11:28.121Z"", ""element_id"": ""up-streak"", ""element_label"": ""up-streak"", ""element_type"": ""trend_alert"", ""event_name"": ""shown"", ""message"": ""Price went up 3 times in the last 5 ticks!"", ""trader_id"": ""deb88f91-8cf0-496d-af59-3ea0fcbb8e20""}",1788541888.219242
0596faff-8414-4cd3-a91c-e9efce969037,f0424c5c-891b-4c7d-ab98-66f8040dd592,HUMAN,shown,trend_alert,up-streak,up-streak,2026-09-04T17:11:28.121Z,2026-09-04T17:11:28.222835+00:00,"{""client_ts"": ""2026-09-04T17:11:28.121Z"", ""element_id"": ""up-streak"", ""element_label"": ""up-streak"", ""element_type"": ""trend_alert"", ""event_name"": ""shown"", ""message"": ""Price went up 3 times in the last 5 ticks!"", ""trader_id"": ""f0424c5c-891b-4c7d-ab98-66f8040dd592""}",1788541888.228958
e75d2478-5641-45fa-8bf9-15303b4720f3,a05bfac5-0418-4559-bfc4-3c0dd45bcd36,HUMAN,shown,badge_unlock,diamond,Diamond,2026-09-04T17:11:35.957Z,2026-09-04T17:11:36.051151+00:00,"{""client_ts"": ""2026-09-04T17:11:35.957Z"", ""element_id"": ""diamond"", ""element_label"": ""Diamond"", ""element_type"": ""badge_unlock"", ""event_name"": ""shown"", ""total_trades_threshold"": 60, ""trader_id"": ""a05bfac5-0418-4559-bfc4-3c0dd45bcd36""}",1788541896.057427
e75d2478-5641-45fa-8bf9-15303b4720f3,a05bfac5-0418-4559-bfc4-3c0dd45bcd36,HUMAN,shown,badge_modal,diamond,Diamond,2026-09-04T17:11:35.957Z,2026-09-04T17:11:36.063491+00:00,"{""client_ts"": ""2026-09-04T17:11:35.957Z"", ""element_id"": ""diamond"", ""element_label"": ""Diamond"", ""element_type"": ""badge_modal"", ""event_name"": ""shown"", ""message"": ""The Wolf of Wall Street"", ""total_trades"": 60, ""trader_id"": ""a05bfac5-0418-4559-bfc4-3c0dd45bcd36""}",1788541896.069646
e75d2478-5641-45fa-8bf9-15303b4720f3,a05bfac5-0418-4559-bfc4-3c0dd45bcd36,HUMAN,shown,badge_gif,diamond,Diamond,2026-09-04T17:11:35.957Z,2026-09-04T17:11:36.078191+00:00,"{""client_ts"": ""2026-09-04T17:11:35.957Z"", ""element_id"": ""diamond"", ""element_label"": ""Diamond"", ""element_type"": ""badge_gif"", ""event_name"": ""shown"", ""gif"": ""/static/trader_bridge_app/vue/assets/diamond.gif"", ""trader_id"": ""a05bfac5-0418-4559-bfc4-3c0dd45bcd36""}",1788541896.084844
e75d2478-5641-45fa-8bf9-15303b4720f3,352cbd86-93f1-463f-a006-b1d6ed612217,HUMAN,shown,trend_alert,down-streak,down-streak,2026-09-04T17:11:36.084Z,2026-09-04T17:11:36.211967+00:00,"{""client_ts"": ""2026-09-04T17:11:36.084Z"", ""element_id"": ""down-streak"", ""element_label"": ""down-streak"", ""element_type"": ""trend_alert"", ""event_name"": ""shown"", ""message"": ""Price went down 3 times in the last 5 ticks!"", ""trader_id"": ""352cbd86-93f1-463f-a006-b1d6ed612217""}",1788541896.218818
e75d2478-5641-45fa-8bf9-15303b4720f3,83dba17b-0af0-4a73-8c79-a9cfacf59366,HUMAN,shown,trend_alert,down-streak,down-streak,2026-09-04T17:11:36.075Z,2026-09-04T17:11:36.223248+00:00,"{""client_ts"": ""2026-09-04T17:11:36.075Z"", ""element_id"": ""down-streak"", ""element_label"": ""down-streak"", ""element_type"": ""trend_alert"", ""event_name"": ""shown"", ""message"": ""Price went down 3 times in the last 5 ticks!"", ""trader_id"": ""83dba17b-0af0-4a73-8c79-a9cfacf59366""}",1788541896.229453
e75d2478-5641-45fa-8bf9-15303b4720f3,4c0e40a1-ec8b-43c6-97ed-2ac45ff5d1b2,HUMAN,shown,trend_alert,down-streak,down-streak,2026-09-04T17:11:36.079Z,2026-09-04T17:11:36.232612+00:00,"{""client_ts"": ""2026-09-04T17:11:36.079Z"", ""element_id"": ""down-streak"", ""element_label"": ""down-streak"", ""element_type"": ""trend_alert"", ""event_name"": ""shown"", ""message"": ""Price went down 3 times in the last 5 ticks!"", ""trader_id"": ""4c0e40a1-ec8b-43c6-97ed-2ac45ff5d1b2""}",1788541896.238362
e75d2478-5641-45fa-8bf9-15303b4720f3,8dd4a26c-c32c-4462-a1d2-afa867669de4,HUMAN,shown,trend_alert,down-streak,down-streak,2026-09-04T17:11:36.089Z,2026-09-04T17:11:36.241437+00:00,"{""client_ts"": ""2026-09-04T17:11:36.089Z"", ""element_id"": ""down-streak"", ""element_label"": ""down-streak"", ""element_type"": ""trend_alert"", ""event_name"": ""shown"", ""message"": ""Price went down 3 times in the last 5 ticks!"", ""trader_id"": ""8dd4a26c-c32c-4462-a1d2-afa867669de4""}",1788541896.247234
e75d2478-5641-45fa-8bf9-15303b4720f3,18f97bcb-3bff-4032-a1d3-6a9922113afe,HUMAN,shown,trend_alert,down-streak,down-streak,2026-09-04T17:11:36.078Z,2026-09-04T17:11:36.250899+00:00,"{""client_ts"": ""2026-09-04T17:11:36.078Z"", ""element_id"": ""down-streak"", ""element_label"": ""down-streak"", ""element_type"": ""trend_alert"", ""event_name"": ""shown"", ""message"": ""Price went down 3 times in the last 5 ticks!"", ""trader_id"": ""18f97bcb-3bff-4032-a1d3-6a9922113afe""}",1788541896.257588
e75d2478-5641-45fa-8bf9-15303b4720f3,a05bfac5-0418-4559-bfc4-3c0dd45bcd36,HUMAN,shown,trend_alert,down-streak,down-streak,2026-09-04T17:11:36.084Z,2026-09-04T17:11:36.260582+00:00,"{""client_ts"": ""2026-09-04T17:11:36.084Z"", ""element_id"": ""down-streak"", ""element_label"": ""down-streak"", ""element_type"": ""trend_alert"", ""event_name"": ""shown"", ""message"": ""Price went down 3 times in the last 5 ticks!"", ""trader_id"": ""a05bfac5-0418-4559-bfc4-3c0dd45bcd36""}",1788541896.266484
0596faff-8414-4cd3-a91c-e9efce969037,deb88f91-8cf0-496d-af59-3ea0fcbb8e20,HUMAN,shown,trend_alert,up-streak,up-streak,2026-09-04T17:11:36.311Z,2026-09-04T17:11:36.365277+00:00,"{""client_ts"": ""2026-09-04T17:11:36.311Z"", ""element_id"": ""up-streak"", ""element_label"": ""up-streak"", ""element_type"": ""trend_alert"", ""event_name"": ""shown"", ""message"": ""Price went up 3 times in the last 5 ticks!"", ""trader_id"": ""deb88f91-8cf0-496d-af59-3ea0fcbb8e20""}",1788541896.371974
0596faff-8414-4cd3-a91c-e9efce969037,27c5cf8d-18ea-4b55-938f-ac739bdbf0c6,HUMAN,shown,trend_alert,up-streak,up-streak,2026-09-04T17:11:36.312Z,2026-09-04T17:11:36.376172+00:00,"{""client_ts"": ""2026-09-04T17:11:36.312Z"", ""element_id"": ""up-streak"", ""element_label"": ""up-streak"", ""element_type"": ""trend_alert"", ""event_name"": ""shown"", ""message"": ""Price went up 3 times in the last 5 ticks!"", ""trader_id"": ""27c5cf8d-18ea-4b55-938f-ac739bdbf0c6""}",1788541896.382059
0596faff-8414-4cd3-a91c-e9efce969037,6828a6e9-e23c-46f8-b9a0-9f715206c8ba,HUMAN,shown,trend_alert,up-streak,up-streak,2026-09-04T17:11:36.311Z,2026-09-04T17:11:36.385110+00:00,"{""client_ts"": ""2026-09-04T17:11:36.311Z"", ""element_id"": ""up-streak"", ""element_label"": ""up-streak"", ""element_type"": ""trend_alert"", ""event_name"": ""shown"", ""message"": ""Price went up 3 times in the last 5 ticks!"", ""trader_id"": ""6828a6e9-e23c-46f8-b9a0-9f715206c8ba""}",1788541896.391093
0596faff-8414-4cd3-a91c-e9efce969037,f0424c5c-891b-4c7d-ab98-66f8040dd592,HUMAN,shown,trend_alert,up-streak,up-streak,2026-09-04T17:11:36.307Z,2026-09-04T17:11:36.394183+00:00,"{""client_ts"": ""2026-09-04T17:11:36.307Z"", ""element_id"": ""up-streak"", ""element_label"": ""up-streak"", ""element_type"": ""trend_alert"", ""event_name"": ""shown"", ""message"": ""Price went up 3 times in the last 5 ticks!"", ""trader_id"": ""f0424c5c-891b-4c7d-ab98-66f8040dd592""}",1788541896.399961
0596faff-8414-4cd3-a91c-e9efce969037,f84876bd-a037-4146-a9e0-fa2ced5f14a3,HUMAN,shown,trend_alert,up-streak,up-streak,2026-09-04T17:11:36.317Z,2026-09-04T17:11:36.403508+00:00,"{""client_ts"": ""2026-09-04T17:11:36.317Z"", ""element_id"": ""up-streak"", ""element_label"": ""up-streak"", ""element_type"": ""trend_alert"", ""event_name"": ""shown"", ""message"": ""Price went up 3 times in the last 5 ticks!"", ""trader_id"": ""f84876bd-a037-4146-a9e0-fa2ced5f14a3""}",1788541896.409624
0596faff-8414-4cd3-a91c-e9efce969037,d77c237c-bd8f-45ed-a388-3f58f0062686,HUMAN,shown,trend_alert,up-streak,up-streak,2026-09-04T17:11:36.307Z,2026-09-04T17:11:36.413242+00:00,"{""client_ts"": ""2026-09-04T17:11:36.307Z"", ""element_id"": ""up-streak"", ""element_label"": ""up-streak"", ""element_type"": ""trend_alert"", ""event_name"": ""shown"", ""message"": ""Price went up 3 times in the last 5 ticks!"", ""trader_id"": ""d77c237c-bd8f-45ed-a388-3f58f0062686""}",1788541896.419552
0596faff-8414-4cd3-a91c-e9efce969037,f0424c5c-891b-4c7d-ab98-66f8040dd592,HUMAN,shown,badge_unlock,diamond,Diamond,2026-09-04T17:11:50.314Z,2026-09-04T17:11:50.547943+00:00,"{""client_ts"": ""2026-09-04T17:11:50.314Z"", ""element_id"": ""diamond"", ""element_label"": ""Diamond"", ""element_type"": ""badge_unlock"", ""event_name"": ""shown"", ""total_trades_threshold"": 60, ""trader_id"": ""f0424c5c-891b-4c7d-ab98-66f8040dd592""}",1788541910.553796
0596faff-8414-4cd3-a91c-e9efce969037,6828a6e9-e23c-46f8-b9a0-9f715206c8ba,HUMAN,shown,trend_alert,up-streak,up-streak,2026-09-04T17:11:50.339Z,2026-09-04T17:11:50.557072+00:00,"{""client_ts"": ""2026-09-04T17:11:50.339Z"", ""element_id"": ""up-streak"", ""element_label"": ""up-streak"", ""element_type"": ""trend_alert"", ""event_name"": ""shown"", ""message"": ""Price went up 3 times in the last 5 ticks!"", ""trader_id"": ""6828a6e9-e23c-46f8-b9a0-9f715206c8ba""}",1788541910.563244
0596faff-8414-4cd3-a91c-e9efce969037,f84876bd-a037-4146-a9e0-fa2ced5f14a3,HUMAN,shown,trend_alert,up-streak,up-streak,2026-09-04T17:11:50.344Z,2026-09-04T17:11:50.566345+00:00,"{""client_ts"": ""2026-09-04T17:11:50.344Z"", ""element_id"": ""up-streak"", ""element_label"": ""up-streak"", ""element_type"": ""trend_alert"", ""event_name"": ""shown"", ""message"": ""Price went up 3 times in the last 5 ticks!"", ""trader_id"": ""f84876bd-a037-4146-a9e0-fa2ced5f14a3""}",1788541910.572073
0596faff-8414-4cd3-a91c-e9efce969037,d77c237c-bd8f-45ed-a388-3f58f0062686,HUMAN,shown,trend_alert,up-streak,up-streak,2026-09-04T17:11:50.333Z,2026-09-04T17:11:50.575750+00:00,"{""client_ts"": ""2026-09-04T17:11:50.333Z"", ""element_id"": ""up-streak"", ""element_label"": ""up-streak"", ""element_type"": ""trend_alert"", ""event_name"": ""shown"", ""message"": ""Price went up 3 times in the last 5 ticks!"", ""trader_id"": ""d77c237c-bd8f-45ed-a388-3f58f0062686""}",1788541910.581699
0596faff-8414-4cd3-a91c-e9efce969037,27c5cf8d-18ea-4b55-938f-ac739bdbf0c6,HUMAN,shown,trend_alert,up-streak,up-streak,2026-09-04T17:11:50.341Z,2026-09-04T17:11:50.584701+00:00,"{""client_ts"": ""2026-09-04T17:11:50.341Z"", ""element_id"": ""up-streak"", ""element_label"": ""up-streak"", ""element_type"": ""trend_alert"", ""event_name"": ""shown"", ""message"": ""Price went up 3 times in the last 5 ticks!"", ""trader_id"": ""27c5cf8d-18ea-4b55-938f-ac739bdbf0c6""}",1788541910.590557
0596faff-8414-4cd3-a91c-e9efce969037,deb88f91-8cf0-496d-af59-3ea0fcbb8e20,HUMAN,shown,trend_alert,up-streak,up-streak,2026-09-04T17:11:50.342Z,2026-09-04T17:11:50.593534+00:00,"{""client_ts"": ""2026-09-04T17:11:50.342Z"", ""element_id"": ""up-streak"", ""element_label"": ""up-streak"", ""element_type"": ""trend_alert"", ""event_name"": ""shown"", ""message"": ""Price went up 3 times in the last 5 ticks!"", ""trader_id"": ""deb88f91-8cf0-496d-af59-3ea0fcbb8e20""}",1788541910.599805
0596faff-8414-4cd3-a91c-e9efce969037,f0424c5c-891b-4c7d-ab98-66f8040dd592,HUMAN,shown,badge_modal,diamond,Diamond,2026-09-04T17:11:50.315Z,2026-09-04T17:11:50.646186+00:00,"{""client_ts"": ""2026-09-04T17:11:50.315Z"", ""element_id"": ""diamond"", ""element_label"": ""Diamond"", ""element_type"": ""badge_modal"", ""event_name"": ""shown"", ""message"": ""The Wolf of Wall Street"", ""total_trades"": 60, ""trader_id"": ""f0424c5c-891b-4c7d-ab98-66f8040dd592""}",1788541910.65222
0596faff-8414-4cd3-a91c-e9efce969037,f0424c5c-891b-4c7d-ab98-66f8040dd592,HUMAN,shown,badge_gif,diamond,Diamond,2026-09-04T17:11:50.315Z,2026-09-04T17:11:50.755403+00:00,"{""client_ts"": ""2026-09-04T17:11:50.315Z"", ""element_id"": ""diamond"", ""element_label"": ""Diamond"", ""element_type"": ""badge_gif"", ""event_name"": ""shown"", ""gif"": ""/static/trader_bridge_app/vue/assets/diamond.gif"", ""trader_id"": ""f0424c5c-891b-4c7d-ab98-66f8040dd592""}",1788541910.761436
0596faff-8414-4cd3-a91c-e9efce969037,f0424c5c-891b-4c7d-ab98-66f8040dd592,HUMAN,shown,trend_alert,up-streak,up-streak,2026-09-04T17:11:50.353Z,2026-09-04T17:11:50.819374+00:00,"{""client_ts"": ""2026-09-04T17:11:50.353Z"", ""element_id"": ""up-streak"", ""element_label"": ""up-streak"", ""element_type"": ""trend_alert"", ""event_name"": ""shown"", ""message"": ""Price went up 3 times in the last 5 ticks!"", ""trader_id"": ""f0424c5c-891b-4c7d-ab98-66f8040dd592""}",1788541910.825715
0596faff-8414-4cd3-a91c-e9efce969037,27c5cf8d-18ea-4b55-938f-ac739bdbf0c6,HUMAN,shown,trend_alert,down-streak,down-streak,2026-09-04T17:11:53.928Z,2026-09-04T17:11:54.009258+00:00,"{""client_ts"": ""2026-09-04T17:11:53.928Z"", ""element_id"": ""down-streak"", ""element_label"": ""down-streak"", ""element_type"": ""trend_alert"", ""event_name"": ""shown"", ""message"": ""Price went down 3 times in the last 5 ticks!"", ""trader_id"": ""27c5cf8d-18ea-4b55-938f-ac739bdbf0c6""}",1788541914.016108
0596faff-8414-4cd3-a91c-e9efce969037,d77c237c-bd8f-45ed-a388-3f58f0062686,HUMAN,shown,trend_alert,down-streak,down-streak,2026-09-04T17:11:53.921Z,2026-09-04T17:11:54.019428+00:00,"{""client_ts"": ""2026-09-04T17:11:53.921Z"", ""element_id"": ""down-streak"", ""element_label"": ""down-streak"", ""element_type"": ""trend_alert"", ""event_name"": ""shown"", ""message"": ""Price went down 3 times in the last 5 ticks!"", ""trader_id"": ""d77c237c-bd8f-45ed-a388-3f58f0062686""}",1788541914.02606
0596faff-8414-4cd3-a91c-e9efce969037,f0424c5c-891b-4c7d-ab98-66f8040dd592,HUMAN,shown,trend_alert,down-streak,down-streak,2026-09-04T17:11:53.923Z,2026-09-04T17:11:54.029059+00:00,"{""client_ts"": ""2026-09-04T17:11:53.923Z"", ""element_id"": ""down-streak"", ""element_label"": ""down-streak"", ""element_type"": ""trend_alert"", ""event_name"": ""shown"", ""message"": ""Price went down 3 times in the last 5 ticks!"", ""trader_id"": ""f0424c5c-891b-4c7d-ab98-66f8040dd592""}",1788541914.035109
0596faff-8414-4cd3-a91c-e9efce969037,deb88f91-8cf0-496d-af59-3ea0fcbb8e20,HUMAN,shown,trend_alert,down-streak,down-streak,2026-09-04T17:11:53.929Z,2026-09-04T17:11:54.039144+00:00,"{""client_ts"": ""2026-09-04T17:11:53.929Z"", ""element_id"": ""down-streak"", ""element_label"": ""down-streak"", ""element_type"": ""trend_alert"", ""event_name"": ""shown"", ""message"": ""Price went down 3 times in the last 5 ticks!"", ""trader_id"": ""deb88f91-8cf0-496d-af59-3ea0fcbb8e20""}",1788541914.045278
0596faff-8414-4cd3-a91c-e9efce969037,6828a6e9-e23c-46f8-b9a0-9f715206c8ba,HUMAN,shown,trend_alert,down-streak,down-streak,2026-09-04T17:11:53.931Z,2026-09-04T17:11:54.048536+00:00,"{""client_ts"": ""2026-09-04T17:11:53.931Z"", ""element_id"": ""down-streak"", ""element_label"": ""down-streak"", ""element_type"": ""trend_alert"", ""event_name"": ""shown"", ""message"": ""Price went down 3 times in the last 5 ticks!"", ""trader_id"": ""6828a6e9-e23c-46f8-b9a0-9f715206c8ba""}",1788541914.055082
0596faff-8414-4cd3-a91c-e9efce969037,f84876bd-a037-4146-a9e0-fa2ced5f14a3,HUMAN,shown,trend_alert,down-streak,down-streak,2026-09-04T17:11:53.936Z,2026-09-04T17:11:54.058205+00:00,"{""client_ts"": ""2026-09-04T17:11:53.936Z"", ""element_id"": ""down-streak"", ""element_label"": ""down-streak"", ""element_type"": ""trend_alert"", ""event_name"": ""shown"", ""message"": ""Price went down 3 times in the last 5 ticks!"", ""trader_id"": ""f84876bd-a037-4146-a9e0-fa2ced5f14a3""}",1788541914.064341
d0efe7f8-d952-4f8f-9f07-1dd523e371de,e5ca717f-b19a-42dd-aabd-764930e44e05,HUMAN,shown,trend_alert,down-streak,down-streak,2026-09-04T17:12:27.097Z,2026-09-04T17:12:27.155529+00:00,"{""client_ts"": ""2026-09-04T17:12:27.097Z"", ""element_id"": ""down-streak"", ""element_label"": ""down-streak"", ""element_type"": ""trend_alert"", ""event_name"": ""shown"", ""message"": ""Price went down 3 times in the last 4 ticks!"", ""trader_id"": ""e5ca717f-b19a-42dd-aabd-764930e44e05""}",1788541947.162839
d0efe7f8-d952-4f8f-9f07-1dd523e371de,2578aafe-0d46-452c-9cca-c6a29b09f136,HUMAN,shown,trend_alert,down-streak,down-streak,2026-09-04T17:12:27.098Z,2026-09-04T17:12:27.166575+00:00,"{""client_ts"": ""2026-09-04T17:12:27.098Z"", ""element_id"": ""down-streak"", ""element_label"": ""down-streak"", ""element_type"": ""trend_alert"", ""event_name"": ""shown"", ""message"": ""Price went down 3 times in the last 4 ticks!"", ""trader_id"": ""2578aafe-0d46-452c-9cca-c6a29b09f136""}",1788541947.173044
d0efe7f8-d952-4f8f-9f07-1dd523e371de,e2271452-251f-449f-b490-af4337b25b31,HUMAN,shown,trend_alert,down-streak,down-streak,2026-09-04T17:12:27.098Z,2026-09-04T17:12:27.176252+00:00,"{""client_ts"": ""2026-09-04T17:12:27.098Z"", ""element_id"": ""down-streak"", ""element_label"": ""down-streak"", ""element_type"": ""trend_alert"", ""event_name"": ""shown"", ""message"": ""Price went down 3 times in the last 4 ticks!"", ""trader_id"": ""e2271452-251f-449f-b490-af4337b25b31""}",1788541947.182725
2ce19f6d-4922-4de6-ac0b-8d035ec7b0e0,6ec76eab-08eb-4017-9469-27f6878bd674,HUMAN,shown,trend_alert,up-streak,up-streak,2026-09-04T17:13:14.287Z,2026-09-04T17:13:14.349424+00:00,"{""client_ts"": ""2026-09-04T17:13:14.287Z"", ""element_id"": ""up-streak"", ""element_label"": ""up-streak"", ""element_type"": ""trend_alert"", ""event_name"": ""shown"", ""message"": ""Price went up 3 times in the last 5 ticks!"", ""trader_id"": ""6ec76eab-08eb-4017-9469-27f6878bd674""}",1788541994.357218
2ce19f6d-4922-4de6-ac0b-8d035ec7b0e0,66f76d7d-f049-403e-8d07-c1177bf2aad7,HUMAN,shown,trend_alert,up-streak,up-streak,2026-09-04T17:13:14.298Z,2026-09-04T17:13:14.362537+00:00,"{""client_ts"": ""2026-09-04T17:13:14.298Z"", ""element_id"": ""up-streak"", ""element_label"": ""up-streak"", ""element_type"": ""trend_alert"", ""event_name"": ""shown"", ""message"": ""Price went up 3 times in the last 5 ticks!"", ""trader_id"": ""66f76d7d-f049-403e-8d07-c1177bf2aad7""}",1788541994.369472
2ce19f6d-4922-4de6-ac0b-8d035ec7b0e0,c84dee0b-3d35-4508-a3a9-6cea9b1e4581,HUMAN,shown,trend_alert,up-streak,up-streak,2026-09-04T17:13:14.297Z,2026-09-04T17:13:14.372800+00:00,"{""client_ts"": ""2026-09-04T17:13:14.297Z"", ""element_id"": ""up-streak"", ""element_label"": ""up-streak"", ""element_type"": ""trend_alert"", ""event_name"": ""shown"", ""message"": ""Price went up 3 times in the last 5 ticks!"", ""trader_id"": ""c84dee0b-3d35-4508-a3a9-6cea9b1e4581""}",1788541994.379308
2ce19f6d-4922-4de6-ac0b-8d035ec7b0e0,eb9b2345-6224-45eb-80c2-d58eaf9a8b9b,HUMAN,shown,trend_alert,up-streak,up-streak,2026-09-04T17:13:14.302Z,2026-09-04T17:13:14.383872+00:00,"{""client_ts"": ""2026-09-04T17:13:14.302Z"", ""element_id"": ""up-streak"", ""element_label"": ""up-streak"", ""element_type"": ""trend_alert"", ""event_name"": ""shown"", ""message"": ""Price went up 3 times in the last 5 ticks!"", ""trader_id"": ""eb9b2345-6224-45eb-80c2-d58eaf9a8b9b""}",1788541994.390805
2ce19f6d-4922-4de6-ac0b-8d035ec7b0e0,d6c06251-f749-461f-8865-cd3f41dc17a6,HUMAN,shown,trend_alert,up-streak,up-streak,2026-09-04T17:13:14.296Z,2026-09-04T17:13:14.394034+00:00,"{""client_ts"": ""2026-09-04T17:13:14.296Z"", ""element_id"": ""up-streak"", ""element_label"": ""up-streak"", ""element_type"": ""trend_alert"", ""event_name"": ""shown"", ""message"": ""Price went up 3 times in the last 5 ticks!"", ""trader_id"": ""d6c06251-f749-461f-8865-cd3f41dc17a6""}",1788541994.4007
2ce19f6d-4922-4de6-ac0b-8d035ec7b0e0,332fd2e0-1079-41d8-b346-a1aeb55d837a,HUMAN,shown,trend_alert,up-streak,up-streak,2026-09-04T17:13:14.292Z,2026-09-04T17:13:14.404158+00:00,"{""client_ts"": ""2026-09-04T17:13:14.292Z"", ""element_id"": ""up-streak"", ""element_label"": ""up-streak"", ""element_type"": ""trend_alert"", ""event_name"": ""shown"", ""message"": ""Price went up 3 times in the last 5 ticks!"", ""trader_id"": ""332fd2e0-1079-41d8-b346-a1aeb55d837a""}",1788541994.411121
d0efe7f8-d952-4f8f-9f07-1dd523e371de,e5ca717f-b19a-42dd-aabd-764930e44e05,HUMAN,shown,trend_alert,down-streak,down-streak,2026-09-04T17:13:30.822Z,2026-09-04T17:13:30.880127+00:00,"{""client_ts"": ""2026-09-04T17:13:30.822Z"", ""element_id"": ""down-streak"", ""element_label"": ""down-streak"", ""element_type"": ""trend_alert"", ""event_name"": ""shown"", ""message"": ""Price went down 3 times in the last 5 ticks!"", ""trader_id"": ""e5ca717f-b19a-42dd-aabd-764930e44e05""}",1788542010.887743
d0efe7f8-d952-4f8f-9f07-1dd523e371de,2578aafe-0d46-452c-9cca-c6a29b09f136,HUMAN,shown,trend_alert,down-streak,down-streak,2026-09-04T17:13:30.825Z,2026-09-04T17:13:30.891352+00:00,"{""client_ts"": ""2026-09-04T17:13:30.825Z"", ""element_id"": ""down-streak"", ""element_label"": ""down-streak"", ""element_type"": ""trend_alert"", ""event_name"": ""shown"", ""message"": ""Price went down 3 times in the last 5 ticks!"", ""trader_id"": ""2578aafe-0d46-452c-9cca-c6a29b09f136""}",1788542010.89747
d0efe7f8-d952-4f8f-9f07-1dd523e371de,e2271452-251f-449f-b490-af4337b25b31,HUMAN,shown,trend_alert,down-streak,down-streak,2026-09-04T17:13:30.821Z,2026-09-04T17:13:30.900861+00:00,"{""client_ts"": ""2026-09-04T17:13:30.821Z"", ""element_id"": ""down-streak"", ""element_label"": ""down-streak"", ""element_type"": ""trend_alert"", ""event_name"": ""shown"", ""message"": ""Price went down 3 times in the last 5 ticks!"", ""trader_id"": ""e2271452-251f-449f-b490-af4337b25b31""}",1788542010.906991
2ce19f6d-4922-4de6-ac0b-8d035ec7b0e0,6ec76eab-08eb-4017-9469-27f6878bd674,HUMAN,shown,trend_alert,up-streak,up-streak,2026-09-04T17:13:31.251Z,2026-09-04T17:13:31.315184+00:00,"{""client_ts"": ""2026-09-04T17:13:31.251Z"", ""element_id"": ""up-streak"", ""element_label"": ""up-streak"", ""element_type"": ""trend_alert"", ""event_name"": ""shown"", ""message"": ""Price went up 3 times in the last 5 ticks!"", ""trader_id"": ""6ec76eab-08eb-4017-9469-27f6878bd674""}",1788542011.321956
2ce19f6d-4922-4de6-ac0b-8d035ec7b0e0,eb9b2345-6224-45eb-80c2-d58eaf9a8b9b,HUMAN,shown,trend_alert,up-streak,up-streak,2026-09-04T17:13:31.265Z,2026-09-04T17:13:31.326238+00:00,"{""client_ts"": ""2026-09-04T17:13:31.265Z"", ""element_id"": ""up-streak"", ""element_label"": ""up-streak"", ""element_type"": ""trend_alert"", ""event_name"": ""shown"", ""message"": ""Price went up 3 times in the last 5 ticks!"", ""trader_id"": ""eb9b2345-6224-45eb-80c2-d58eaf9a8b9b""}",1788542011.332812
2ce19f6d-4922-4de6-ac0b-8d035ec7b0e0,d6c06251-f749-461f-8865-cd3f41dc17a6,HUMAN,shown,trend_alert,up-streak,up-streak,2026-09-04T17:13:31.259Z,2026-09-04T17:13:31.336441+00:00,"{""client_ts"": ""2026-09-04T17:13:31.259Z"", ""element_id"": ""up-streak"", ""element_label"": ""up-streak"", ""element_type"": ""trend_alert"", ""event_name"": ""shown"", ""message"": ""Price went up 3 times in the last 5 ticks!"", ""trader_id"": ""d6c06251-f749-461f-8865-cd3f41dc17a6""}",1788542011.343428
2ce19f6d-4922-4de6-ac0b-8d035ec7b0e0,c84dee0b-3d35-4508-a3a9-6cea9b1e4581,HUMAN,shown,trend_alert,up-streak,up-streak,2026-09-04T17:13:31.260Z,2026-09-04T17:13:31.346520+00:00,"{""client_ts"": ""2026-09-04T17:13:31.260Z"", ""element_id"": ""up-streak"", ""element_label"": ""up-streak"", ""element_type"": ""trend_alert"", ""event_name"": ""shown"", ""message"": ""Price went up 3 times in the last 5 ticks!"", ""trader_id"": ""c84dee0b-3d35-4508-a3a9-6cea9b1e4581""}",1788542011.353324
2ce19f6d-4922-4de6-ac0b-8d035ec7b0e0,66f76d7d-f049-403e-8d07-c1177bf2aad7,HUMAN,shown,trend_alert,up-streak,up-streak,2026-09-04T17:13:31.262Z,2026-09-04T17:13:31.356996+00:00,"{""client_ts"": ""2026-09-04T17:13:31.262Z"", ""element_id"": ""up-streak"", ""element_label"": ""up-streak"", ""element_type"": ""trend_alert"", ""event_name"": ""shown"", ""message"": ""Price went up 3 times in the last 5 ticks!"", ""trader_id"": ""66f76d7d-f049-403e-8d07-c1177bf2aad7""}",1788542011.363434
2ce19f6d-4922-4de6-ac0b-8d035ec7b0e0,332fd2e0-1079-41d8-b346-a1aeb55d837a,HUMAN,shown,trend_alert,up-streak,up-streak,2026-09-04T17:13:31.257Z,2026-09-04T17:13:31.366464+00:00,"{""client_ts"": ""2026-09-04T17:13:31.257Z"", ""element_id"": ""up-streak"", ""element_label"": ""up-streak"", ""element_type"": ""trend_alert"", ""event_name"": ""shown"", ""message"": ""Price went up 3 times in the last 5 ticks!"", ""trader_id"": ""332fd2e0-1079-41d8-b346-a1aeb55d837a""}",1788542011.372395
2ce19f6d-4922-4de6-ac0b-8d035ec7b0e0,6ec76eab-08eb-4017-9469-27f6878bd674,HUMAN,shown,trend_alert,down-streak,down-streak,2026-09-04T17:13:32.845Z,2026-09-04T17:13:32.908136+00:00,"{""client_ts"": ""2026-09-04T17:13:32.845Z"", ""element_id"": ""down-streak"", ""element_label"": ""down-streak"", ""element_type"": ""trend_alert"", ""event_name"": ""shown"", ""message"": ""Price went down 3 times in the last 5 ticks!"", ""trader_id"": ""6ec76eab-08eb-4017-9469-27f6878bd674""}",1788542012.916077
2ce19f6d-4922-4de6-ac0b-8d035ec7b0e0,d6c06251-f749-461f-8865-cd3f41dc17a6,HUMAN,shown,trend_alert,down-streak,down-streak,2026-09-04T17:13:32.852Z,2026-09-04T17:13:32.920724+00:00,"{""client_ts"": ""2026-09-04T17:13:32.852Z"", ""element_id"": ""down-streak"", ""element_label"": ""down-streak"", ""element_type"": ""trend_alert"", ""event_name"": ""shown"", ""message"": ""Price went down 3 times in the last 5 ticks!"", ""trader_id"": ""d6c06251-f749-461f-8865-cd3f41dc17a6""}",1788542012.927528
2ce19f6d-4922-4de6-ac0b-8d035ec7b0e0,c84dee0b-3d35-4508-a3a9-6cea9b1e4581,HUMAN,shown,trend_alert,down-streak,down-streak,2026-09-04T17:13:32.852Z,2026-09-04T17:13:32.931414+00:00,"{""client_ts"": ""2026-09-04T17:13:32.852Z"", ""element_id"": ""down-streak"", ""element_label"": ""down-streak"", ""element_type"": ""trend_alert"", ""event_name"": ""shown"", ""message"": ""Price went down 3 times in the last 5 ticks!"", ""trader_id"": ""c84dee0b-3d35-4508-a3a9-6cea9b1e4581""}",1788542012.93857
2ce19f6d-4922-4de6-ac0b-8d035ec7b0e0,66f76d7d-f049-403e-8d07-c1177bf2aad7,HUMAN,shown,trend_alert,down-streak,down-streak,2026-09-04T17:13:32.854Z,2026-09-04T17:13:32.942059+00:00,"{""client_ts"": ""2026-09-04T17:13:32.854Z"", ""element_id"": ""down-streak"", ""element_label"": ""down-streak"", ""element_type"": ""trend_alert"", ""event_name"": ""shown"", ""message"": ""Price went down 3 times in the last 5 ticks!"", ""trader_id"": ""66f76d7d-f049-403e-8d07-c1177bf2aad7""}",1788542012.948544
2ce19f6d-4922-4de6-ac0b-8d035ec7b0e0,eb9b2345-6224-45eb-80c2-d58eaf9a8b9b,HUMAN,shown,trend_alert,down-streak,down-streak,2026-09-04T17:13:32.859Z,2026-09-04T17:13:32.952180+00:00,"{""client_ts"": ""2026-09-04T17:13:32.859Z"", ""element_id"": ""down-streak"", ""element_label"": ""down-streak"", ""element_type"": ""trend_alert"", ""event_name"": ""shown"", ""message"": ""Price went down 3 times in the last 5 ticks!"", ""trader_id"": ""eb9b2345-6224-45eb-80c2-d58eaf9a8b9b""}",1788542012.958963
2ce19f6d-4922-4de6-ac0b-8d035ec7b0e0,332fd2e0-1079-41d8-b346-a1aeb55d837a,HUMAN,shown,trend_alert,down-streak,down-streak,2026-09-04T17:13:32.855Z,2026-09-04T17:13:32.963563+00:00,"{""client_ts"": ""2026-09-04T17:13:32.855Z"", ""element_id"": ""down-streak"", ""element_label"": ""down-streak"", ""element_type"": ""trend_alert"", ""event_name"": ""shown"", ""message"": ""Price went down 3 times in the last 5 ticks!"", ""trader_id"": ""332fd2e0-1079-41d8-b346-a1aeb55d837a""}",1788542012.970851
2ce19f6d-4922-4de6-ac0b-8d035ec7b0e0,6ec76eab-08eb-4017-9469-27f6878bd674,HUMAN,shown,trend_alert,up-streak,up-streak,2026-09-04T17:13:51.599Z,2026-09-04T17:13:51.662512+00:00,"{""client_ts"": ""2026-09-04T17:13:51.599Z"", ""element_id"": ""up-streak"", ""element_label"": ""up-streak"", ""element_type"": ""trend_alert"", ""event_name"": ""shown"", ""message"": ""Price went up 3 times in the last 5 ticks!"", ""trader_id"": ""6ec76eab-08eb-4017-9469-27f6878bd674""}",1788542031.66907
2ce19f6d-4922-4de6-ac0b-8d035ec7b0e0,c84dee0b-3d35-4508-a3a9-6cea9b1e4581,HUMAN,shown,trend_alert,up-streak,up-streak,2026-09-04T17:13:51.606Z,2026-09-04T17:13:51.673830+00:00,"{""client_ts"": ""2026-09-04T17:13:51.606Z"", ""element_id"": ""up-streak"", ""element_label"": ""up-streak"", ""element_type"": ""trend_alert"", ""event_name"": ""shown"", ""message"": ""Price went up 3 times in the last 5 ticks!"", ""trader_id"": ""c84dee0b-3d35-4508-a3a9-6cea9b1e4581""}",1788542031.679827
2ce19f6d-4922-4de6-ac0b-8d035ec7b0e0,d6c06251-f749-461f-8865-cd3f41dc17a6,HUMAN,shown,trend_alert,up-streak,up-streak,2026-09-04T17:13:51.607Z,2026-09-04T17:13:51.682864+00:00,"{""client_ts"": ""2026-09-04T17:13:51.607Z"", ""element_id"": ""up-streak"", ""element_label"": ""up-streak"", ""element_type"": ""trend_alert"", ""event_name"": ""shown"", ""message"": ""Price went up 3 times in the last 5 ticks!"", ""trader_id"": ""d6c06251-f749-461f-8865-cd3f41dc17a6""}",1788542031.688821
2ce19f6d-4922-4de6-ac0b-8d035ec7b0e0,eb9b2345-6224-45eb-80c2-d58eaf9a8b9b,HUMAN,shown,trend_alert,up-streak,up-streak,2026-09-04T17:13:51.613Z,2026-09-04T17:13:51.691728+00:00,"{""client_ts"": ""2026-09-04T17:13:51.613Z"", ""element_id"": ""up-streak"", ""element_label"": ""up-streak"", ""element_type"": ""trend_alert"", ""event_name"": ""shown"", ""message"": ""Price went up 3 times in the last 5 ticks!"", ""trader_id"": ""eb9b2345-6224-45eb-80c2-d58eaf9a8b9b""}",1788542031.697424
2ce19f6d-4922-4de6-ac0b-8d035ec7b0e0,332fd2e0-1079-41d8-b346-a1aeb55d837a,HUMAN,shown,trend_alert,up-streak,up-streak,2026-09-04T17:13:51.603Z,2026-09-04T17:13:51.700483+00:00,"{""client_ts"": ""2026-09-04T17:13:51.603Z"", ""element_id"": ""up-streak"", ""element_label"": ""up-streak"", ""element_type"": ""trend_alert"", ""event_name"": ""shown"", ""message"": ""Price went up 3 times in the last 5 ticks!"", ""trader_id"": ""332fd2e0-1079-41d8-b346-a1aeb55d837a""}",1788542031.706376
2ce19f6d-4922-4de6-ac0b-8d035ec7b0e0,66f76d7d-f049-403e-8d07-c1177bf2aad7,HUMAN,shown,trend_alert,up-streak,up-streak,2026-09-04T17:13:51.609Z,2026-09-04T17:13:51.709202+00:00,"{""client_ts"": ""2026-09-04T17:13:51.609Z"", ""element_id"": ""up-streak"", ""element_label"": ""up-streak"", ""element_type"": ""trend_alert"", ""event_name"": ""shown"", ""message"": ""Price went up 3 times in the last 5 ticks!"", ""trader_id"": ""66f76d7d-f049-403e-8d07-c1177bf2aad7""}",1788542031.71478
516b8be6-962e-4782-902a-b93434cfb6fc,7ce3ba12-da97-4ced-ba9b-b008a3746ef7,HUMAN,shown,trend_alert,up-streak,up-streak,2026-09-04T17:13:58.774Z,2026-09-04T17:13:58.828335+00:00,"{""client_ts"": ""2026-09-04T17:13:58.774Z"", ""element_id"": ""up-streak"", ""element_label"": ""up-streak"", ""element_type"": ""trend_alert"", ""event_name"": ""shown"", ""message"": ""Price went up 3 times in the last 5 ticks!"", ""trader_id"": ""7ce3ba12-da97-4ced-ba9b-b008a3746ef7""}",1788542038.834553
516b8be6-962e-4782-902a-b93434cfb6fc,b51aa576-16ab-44e1-9305-9532ca2539af,HUMAN,shown,trend_alert,up-streak,up-streak,2026-09-04T17:13:58.774Z,2026-09-04T17:13:58.838833+00:00,"{""client_ts"": ""2026-09-04T17:13:58.774Z"", ""element_id"": ""up-streak"", ""element_label"": ""up-streak"", ""element_type"": ""trend_alert"", ""event_name"": ""shown"", ""message"": ""Price went up 3 times in the last 5 ticks!"", ""trader_id"": ""b51aa576-16ab-44e1-9305-9532ca2539af""}",1788542038.844713
516b8be6-962e-4782-902a-b93434cfb6fc,59975844-525d-44e7-b7a4-b5679ef37949,HUMAN,shown,trend_alert,up-streak,up-streak,2026-09-04T17:13:58.769Z,2026-09-04T17:13:58.847667+00:00,"{""client_ts"": ""2026-09-04T17:13:58.769Z"", ""element_id"": ""up-streak"", ""element_label"": ""up-streak"", ""element_type"": ""trend_alert"", ""event_name"": ""shown"", ""message"": ""Price went up 3 times in the last 5 ticks!"", ""trader_id"": ""59975844-525d-44e7-b7a4-b5679ef37949""}",1788542038.853204
516b8be6-962e-4782-902a-b93434cfb6fc,775e9f61-7595-4aed-b485-32e91a0c36b2,HUMAN,shown,trend_alert,up-streak,up-streak,2026-09-04T17:13:58.770Z,2026-09-04T17:13:58.856870+00:00,"{""client_ts"": ""2026-09-04T17:13:58.770Z"", ""element_id"": ""up-streak"", ""element_label"": ""up-streak"", ""element_type"": ""trend_alert"", ""event_name"": ""shown"", ""message"": ""Price went up 3 times in the last 5 ticks!"", ""trader_id"": ""775e9f61-7595-4aed-b485-32e91a0c36b2""}",1788542038.862882
516b8be6-962e-4782-902a-b93434cfb6fc,5133e66f-7d86-45a4-ba8b-2e5fbc5a5f0e,HUMAN,shown,trend_alert,up-streak,up-streak,2026-09-04T17:13:58.772Z,2026-09-04T17:13:58.866536+00:00,"{""client_ts"": ""2026-09-04T17:13:58.772Z"", ""element_id"": ""up-streak"", ""element_label"": ""up-streak"", ""element_type"": ""trend_alert"", ""event_name"": ""shown"", ""message"": ""Price went up 3 times in the last 5 ticks!"", ""trader_id"": ""5133e66f-7d86-45a4-ba8b-2e5fbc5a5f0e""}",1788542038.872452
516b8be6-962e-4782-902a-b93434cfb6fc,bd5e8ce7-13d9-4f42-8d5e-45273b86d373,HUMAN,shown,trend_alert,up-streak,up-streak,2026-09-04T17:13:58.771Z,2026-09-04T17:13:58.875452+00:00,"{""client_ts"": ""2026-09-04T17:13:58.771Z"", ""element_id"": ""up-streak"", ""element_label"": ""up-streak"", ""element_type"": ""trend_alert"", ""event_name"": ""shown"", ""message"": ""Price went up 3 times in the last 5 ticks!"", ""trader_id"": ""bd5e8ce7-13d9-4f42-8d5e-45273b86d373""}",1788542038.881087
2ce19f6d-4922-4de6-ac0b-8d035ec7b0e0,c84dee0b-3d35-4508-a3a9-6cea9b1e4581,HUMAN,shown,trend_alert,up-streak,up-streak,2026-09-04T17:14:00.937Z,2026-09-04T17:14:00.993387+00:00,"{""client_ts"": ""2026-09-04T17:14:00.937Z"", ""element_id"": ""up-streak"", ""element_label"": ""up-streak"", ""element_type"": ""trend_alert"", ""event_name"": ""shown"", ""message"": ""Price went up 3 times in the last 5 ticks!"", ""trader_id"": ""c84dee0b-3d35-4508-a3a9-6cea9b1e4581""}",1788542041.000206
2ce19f6d-4922-4de6-ac0b-8d035ec7b0e0,eb9b2345-6224-45eb-80c2-d58eaf9a8b9b,HUMAN,shown,trend_alert,up-streak,up-streak,2026-09-04T17:14:00.943Z,2026-09-04T17:14:01.004853+00:00,"{""client_ts"": ""2026-09-04T17:14:00.943Z"", ""element_id"": ""up-streak"", ""element_label"": ""up-streak"", ""element_type"": ""trend_alert"", ""event_name"": ""shown"", ""message"": ""Price went up 3 times in the last 5 ticks!"", ""trader_id"": ""eb9b2345-6224-45eb-80c2-d58eaf9a8b9b""}",1788542041.012804
2ce19f6d-4922-4de6-ac0b-8d035ec7b0e0,332fd2e0-1079-41d8-b346-a1aeb55d837a,HUMAN,shown,trend_alert,up-streak,up-streak,2026-09-04T17:14:00.933Z,2026-09-04T17:14:01.016105+00:00,"{""client_ts"": ""2026-09-04T17:14:00.933Z"", ""element_id"": ""up-streak"", ""element_label"": ""up-streak"", ""element_type"": ""trend_alert"", ""event_name"": ""shown"", ""message"": ""Price went up 3 times in the last 5 ticks!"", ""trader_id"": ""332fd2e0-1079-41d8-b346-a1aeb55d837a""}",1788542041.022338
2ce19f6d-4922-4de6-ac0b-8d035ec7b0e0,66f76d7d-f049-403e-8d07-c1177bf2aad7,HUMAN,shown,trend_alert,up-streak,up-streak,2026-09-04T17:14:00.940Z,2026-09-04T17:14:01.025594+00:00,"{""client_ts"": ""2026-09-04T17:14:00.940Z"", ""element_id"": ""up-streak"", ""element_label"": ""up-streak"", ""element_type"": ""trend_alert"", ""event_name"": ""shown"", ""message"": ""Price went up 3 times in the last 5 ticks!"", ""trader_id"": ""66f76d7d-f049-403e-8d07-c1177bf2aad7""}",1788542041.032248
2ce19f6d-4922-4de6-ac0b-8d035ec7b0e0,d6c06251-f749-461f-8865-cd3f41dc17a6,HUMAN,shown,trend_alert,up-streak,up-streak,2026-09-04T17:14:00.939Z,2026-09-04T17:14:01.036085+00:00,"{""client_ts"": ""2026-09-04T17:14:00.939Z"", ""element_id"": ""up-streak"", ""element_label"": ""up-streak"", ""element_type"": ""trend_alert"", ""event_name"": ""shown"", ""message"": ""Price went up 3 times in the last 5 ticks!"", ""trader_id"": ""d6c06251-f749-461f-8865-cd3f41dc17a6""}",1788542041.042894
2ce19f6d-4922-4de6-ac0b-8d035ec7b0e0,6ec76eab-08eb-4017-9469-27f6878bd674,HUMAN,shown,trend_alert,up-streak,up-streak,2026-09-04T17:14:00.934Z,2026-09-04T17:14:01.046898+00:00,"{""client_ts"": ""2026-09-04T17:14:00.934Z"", ""element_id"": ""up-streak"", ""element_label"": ""up-streak"", ""element_type"": ""trend_alert"", ""event_name"": ""shown"", ""message"": ""Price went up 3 times in the last 5 ticks!"", ""trader_id"": ""6ec76eab-08eb-4017-9469-27f6878bd674""}",1788542041.060968
516b8be6-962e-4782-902a-b93434cfb6fc,59975844-525d-44e7-b7a4-b5679ef37949,HUMAN,shown,trend_alert,down-streak,down-streak,2026-09-04T17:14:03.702Z,2026-09-04T17:14:03.766227+00:00,"{""client_ts"": ""2026-09-04T17:14:03.702Z"", ""element_id"": ""down-streak"", ""element_label"": ""down-streak"", ""element_type"": ""trend_alert"", ""event_name"": ""shown"", ""message"": ""Price went down 3 times in the last 5 ticks!"", ""trader_id"": ""59975844-525d-44e7-b7a4-b5679ef37949""}",1788542043.772776
516b8be6-962e-4782-902a-b93434cfb6fc,b51aa576-16ab-44e1-9305-9532ca2539af,HUMAN,shown,trend_alert,down-streak,down-streak,2026-09-04T17:14:03.708Z,2026-09-04T17:14:03.776078+00:00,"{""client_ts"": ""2026-09-04T17:14:03.708Z"", ""element_id"": ""down-streak"", ""element_label"": ""down-streak"", ""element_type"": ""trend_alert"", ""event_name"": ""shown"", ""message"": ""Price went down 3 times in the last 5 ticks!"", ""trader_id"": ""b51aa576-16ab-44e1-9305-9532ca2539af""}",1788542043.782592
516b8be6-962e-4782-902a-b93434cfb6fc,7ce3ba12-da97-4ced-ba9b-b008a3746ef7,HUMAN,shown,trend_alert,down-streak,down-streak,2026-09-04T17:14:03.712Z,2026-09-04T17:14:03.786761+00:00,"{""client_ts"": ""2026-09-04T17:14:03.712Z"", ""element_id"": ""down-streak"", ""element_label"": ""down-streak"", ""element_type"": ""trend_alert"", ""event_name"": ""shown"", ""message"": ""Price went down 3 times in the last 5 ticks!"", ""trader_id"": ""7ce3ba12-da97-4ced-ba9b-b008a3746ef7""}",1788542043.793475
516b8be6-962e-4782-902a-b93434cfb6fc,5133e66f-7d86-45a4-ba8b-2e5fbc5a5f0e,HUMAN,shown,trend_alert,down-streak,down-streak,2026-09-04T17:14:03.707Z,2026-09-04T17:14:03.796616+00:00,"{""client_ts"": ""2026-09-04T17:14:03.707Z"", ""element_id"": ""down-streak"", ""element_label"": ""down-streak"", ""element_type"": ""trend_alert"", ""event_name"": ""shown"", ""message"": ""Price went down 3 times in the last 5 ticks!"", ""trader_id"": ""5133e66f-7d86-45a4-ba8b-2e5fbc5a5f0e""}",1788542043.802656
516b8be6-962e-4782-902a-b93434cfb6fc,bd5e8ce7-13d9-4f42-8d5e-45273b86d373,HUMAN,shown,trend_alert,down-streak,down-streak,2026-09-04T17:14:03.703Z,2026-09-04T17:14:03.805740+00:00,"{""client_ts"": ""2026-09-04T17:14:03.703Z"", ""element_id"": ""down-streak"", ""element_label"": ""down-streak"", ""element_type"": ""trend_alert"", ""event_name"": ""shown"", ""message"": ""Price went down 3 times in the last 5 ticks!"", ""trader_id"": ""bd5e8ce7-13d9-4f42-8d5e-45273b86d373""}",1788542043.811618
516b8be6-962e-4782-902a-b93434cfb6fc,775e9f61-7595-4aed-b485-32e91a0c36b2,HUMAN,shown,trend_alert,down-streak,down-streak,2026-09-04T17:14:03.703Z,2026-09-04T17:14:03.814690+00:00,"{""client_ts"": ""2026-09-04T17:14:03.703Z"", ""element_id"": ""down-streak"", ""element_label"": ""down-streak"", ""element_type"": ""trend_alert"", ""event_name"": ""shown"", ""message"": ""Price went down 3 times in the last 5 ticks!"", ""trader_id"": ""775e9f61-7595-4aed-b485-32e91a0c36b2""}",1788542043.822146
2ce19f6d-4922-4de6-ac0b-8d035ec7b0e0,c84dee0b-3d35-4508-a3a9-6cea9b1e4581,HUMAN,shown,trend_alert,down-streak,down-streak,2026-09-04T17:14:12.274Z,2026-09-04T17:14:12.329352+00:00,"{""client_ts"": ""2026-09-04T17:14:12.274Z"", ""element_id"": ""down-streak"", ""element_label"": ""down-streak"", ""element_type"": ""trend_alert"", ""event_name"": ""shown"", ""message"": ""Price went down 3 times in the last 5 ticks!"", ""trader_id"": ""c84dee0b-3d35-4508-a3a9-6cea9b1e4581""}",1788542052.335601
2ce19f6d-4922-4de6-ac0b-8d035ec7b0e0,6ec76eab-08eb-4017-9469-27f6878bd674,HUMAN,shown,trend_alert,down-streak,down-streak,2026-09-04T17:14:12.268Z,2026-09-04T17:14:12.339265+00:00,"{""client_ts"": ""2026-09-04T17:14:12.268Z"", ""element_id"": ""down-streak"", ""element_label"": ""down-streak"", ""element_type"": ""trend_alert"", ""event_name"": ""shown"", ""message"": ""Price went down 3 times in the last 5 ticks!"", ""trader_id"": ""6ec76eab-08eb-4017-9469-27f6878bd674""}",1788542052.345127
2ce19f6d-4922-4de6-ac0b-8d035ec7b0e0,d6c06251-f749-461f-8865-cd3f41dc17a6,HUMAN,shown,trend_alert,down-streak,down-streak,2026-09-04T17:14:12.275Z,2026-09-04T17:14:12.347477+00:00,"{""client_ts"": ""2026-09-04T17:14:12.275Z"", ""element_id"": ""down-streak"", ""element_label"": ""down-streak"", ""element_type"": ""trend_alert"", ""event_name"": ""shown"", ""message"": ""Price went down 3 times in the last 5 ticks!"", ""trader_id"": ""d6c06251-f749-461f-8865-cd3f41dc17a6""}",1788542052.353
2ce19f6d-4922-4de6-ac0b-8d035ec7b0e0,eb9b2345-6224-45eb-80c2-d58eaf9a8b9b,HUMAN,shown,trend_alert,down-streak,down-streak,2026-09-04T17:14:12.281Z,2026-09-04T17:14:12.356103+00:00,"{""client_ts"": ""2026-09-04T17:14:12.281Z"", ""element_id"": ""down-streak"", ""element_label"": ""down-streak"", ""element_type"": ""trend_alert"", ""event_name"": ""shown"", ""message"": ""Price went down 3 times in the last 5 ticks!"", ""trader_id"": ""eb9b2345-6224-45eb-80c2-d58eaf9a8b9b""}",1788542052.362648
2ce19f6d-4922-4de6-ac0b-8d035ec7b0e0,66f76d7d-f049-403e-8d07-c1177bf2aad7,HUMAN,shown,trend_alert,down-streak,down-streak,2026-09-04T17:14:12.277Z,2026-09-04T17:14:12.365433+00:00,"{""client_ts"": ""2026-09-04T17:14:12.277Z"", ""element_id"": ""down-streak"", ""element_label"": ""down-streak"", ""element_type"": ""trend_alert"", ""event_name"": ""shown"", ""message"": ""Price went down 3 times in the last 5 ticks!"", ""trader_id"": ""66f76d7d-f049-403e-8d07-c1177bf2aad7""}",1788542052.371895
2ce19f6d-4922-4de6-ac0b-8d035ec7b0e0,332fd2e0-1079-41d8-b346-a1aeb55d837a,HUMAN,shown,trend_alert,down-streak,down-streak,2026-09-04T17:14:12.275Z,2026-09-04T17:14:12.374638+00:00,"{""client_ts"": ""2026-09-04T17:14:12.275Z"", ""element_id"": ""down-streak"", ""element_label"": ""down-streak"", ""element_type"": ""trend_alert"", ""event_name"": ""shown"", ""message"": ""Price went down 3 times in the last 5 ticks!"", ""trader_id"": ""332fd2e0-1079-41d8-b346-a1aeb55d837a""}",1788542052.381152
516b8be6-962e-4782-902a-b93434cfb6fc,b51aa576-16ab-44e1-9305-9532ca2539af,HUMAN,shown,trend_alert,up-streak,up-streak,2026-09-04T17:14:13.150Z,2026-09-04T17:14:13.204852+00:00,"{""client_ts"": ""2026-09-04T17:14:13.150Z"", ""element_id"": ""up-streak"", ""element_label"": ""up-streak"", ""element_type"": ""trend_alert"", ""event_name"": ""shown"", ""message"": ""Price went up 3 times in the last 5 ticks!"", ""trader_id"": ""b51aa576-16ab-44e1-9305-9532ca2539af""}",1788542053.212219
516b8be6-962e-4782-902a-b93434cfb6fc,775e9f61-7595-4aed-b485-32e91a0c36b2,HUMAN,shown,trend_alert,up-streak,up-streak,2026-09-04T17:14:13.147Z,2026-09-04T17:14:13.216495+00:00,"{""client_ts"": ""2026-09-04T17:14:13.147Z"", ""element_id"": ""up-streak"", ""element_label"": ""up-streak"", ""element_type"": ""trend_alert"", ""event_name"": ""shown"", ""message"": ""Price went up 3 times in the last 5 ticks!"", ""trader_id"": ""775e9f61-7595-4aed-b485-32e91a0c36b2""}",1788542053.223344
516b8be6-962e-4782-902a-b93434cfb6fc,7ce3ba12-da97-4ced-ba9b-b008a3746ef7,HUMAN,shown,trend_alert,up-streak,up-streak,2026-09-04T17:14:13.151Z,2026-09-04T17:14:13.226150+00:00,"{""client_ts"": ""2026-09-04T17:14:13.151Z"", ""element_id"": ""up-streak"", ""element_label"": ""up-streak"", ""element_type"": ""trend_alert"", ""event_name"": ""shown"", ""message"": ""Price went up 3 times in the last 5 ticks!"", ""trader_id"": ""7ce3ba12-da97-4ced-ba9b-b008a3746ef7""}",1788542053.232433
516b8be6-962e-4782-902a-b93434cfb6fc,5133e66f-7d86-45a4-ba8b-2e5fbc5a5f0e,HUMAN,shown,trend_alert,up-streak,up-streak,2026-09-04T17:14:13.147Z,2026-09-04T17:14:13.235206+00:00,"{""client_ts"": ""2026-09-04T17:14:13.147Z"", ""element_id"": ""up-streak"", ""element_label"": ""up-streak"", ""element_type"": ""trend_alert"", ""event_name"": ""shown"", ""message"": ""Price went up 3 times in the last 5 ticks!"", ""trader_id"": ""5133e66f-7d86-45a4-ba8b-2e5fbc5a5f0e""}",1788542053.241736
516b8be6-962e-4782-902a-b93434cfb6fc,bd5e8ce7-13d9-4f42-8d5e-45273b86d373,HUMAN,shown,trend_alert,up-streak,up-streak,2026-09-04T17:14:13.148Z,2026-09-04T17:14:13.244507+00:00,"{""client_ts"": ""2026-09-04T17:14:13.148Z"", ""element_id"": ""up-streak"", ""element_label"": ""up-streak"", ""element_type"": ""trend_alert"", ""event_name"": ""shown"", ""message"": ""Price went up 3 times in the last 5 ticks!"", ""trader_id"": ""bd5e8ce7-13d9-4f42-8d5e-45273b86d373""}",1788542053.250877
516b8be6-962e-4782-902a-b93434cfb6fc,59975844-525d-44e7-b7a4-b5679ef37949,HUMAN,shown,trend_alert,up-streak,up-streak,2026-09-04T17:14:13.144Z,2026-09-04T17:14:13.253658+00:00,"{""client_ts"": ""2026-09-04T17:14:13.144Z"", ""element_id"": ""up-streak"", ""element_label"": ""up-streak"", ""element_type"": ""trend_alert"", ""event_name"": ""shown"", ""message"": ""Price went up 3 times in the last 5 ticks!"", ""trader_id"": ""59975844-525d-44e7-b7a4-b5679ef37949""}",1788542053.260072
516b8be6-962e-4782-902a-b93434cfb6fc,5133e66f-7d86-45a4-ba8b-2e5fbc5a5f0e,HUMAN,shown,badge_unlock,bronze,Bronze,2026-09-04T17:14:14.769Z,2026-09-04T17:14:14.864410+00:00,"{""client_ts"": ""2026-09-04T17:14:14.769Z"", ""element_id"": ""bronze"", ""element_label"": ""Bronze"", ""element_type"": ""badge_unlock"", ""event_name"": ""shown"", ""total_trades_threshold"": 10, ""trader_id"": ""5133e66f-7d86-45a4-ba8b-2e5fbc5a5f0e""}",1788542054.870886
516b8be6-962e-4782-902a-b93434cfb6fc,5133e66f-7d86-45a4-ba8b-2e5fbc5a5f0e,HUMAN,shown,badge_modal,bronze,Bronze,2026-09-04T17:14:14.770Z,2026-09-04T17:14:14.876869+00:00,"{""client_ts"": ""2026-09-04T17:14:14.770Z"", ""element_id"": ""bronze"", ""element_label"": ""Bronze"", ""element_type"": ""badge_modal"", ""event_name"": ""shown"", ""message"": ""Level up! Doing well"", ""total_trades"": 10, ""trader_id"": ""5133e66f-7d86-45a4-ba8b-2e5fbc5a5f0e""}",1788542054.88271
516b8be6-962e-4782-902a-b93434cfb6fc,5133e66f-7d86-45a4-ba8b-2e5fbc5a5f0e,HUMAN,shown,badge_gif,bronze,Bronze,2026-09-04T17:14:14.770Z,2026-09-04T17:14:14.889180+00:00,"{""client_ts"": ""2026-09-04T17:14:14.770Z"", ""element_id"": ""bronze"", ""element_label"": ""Bronze"", ""element_type"": ""badge_gif"", ""event_name"": ""shown"", ""gif"": ""/static/trader_bridge_app/vue/assets/bronze.gif"", ""trader_id"": ""5133e66f-7d86-45a4-ba8b-2e5fbc5a5f0e""}",1788542054.895275
516b8be6-962e-4782-902a-b93434cfb6fc,775e9f61-7595-4aed-b485-32e91a0c36b2,HUMAN,shown,badge_unlock,bronze,Bronze,2026-09-04T17:14:16.050Z,2026-09-04T17:14:16.108378+00:00,"{""client_ts"": ""2026-09-04T17:14:16.050Z"", ""element_id"": ""bronze"", ""element_label"": ""Bronze"", ""element_type"": ""badge_unlock"", ""event_name"": ""shown"", ""total_trades_threshold"": 10, ""trader_id"": ""775e9f61-7595-4aed-b485-32e91a0c36b2""}",1788542056.115219
516b8be6-962e-4782-902a-b93434cfb6fc,775e9f61-7595-4aed-b485-32e91a0c36b2,HUMAN,shown,badge_modal,bronze,Bronze,2026-09-04T17:14:16.050Z,2026-09-04T17:14:16.118368+00:00,"{""client_ts"": ""2026-09-04T17:14:16.050Z"", ""element_id"": ""bronze"", ""element_label"": ""Bronze"", ""element_type"": ""badge_modal"", ""event_name"": ""shown"", ""message"": ""Level up! Doing well"", ""total_trades"": 10, ""trader_id"": ""775e9f61-7595-4aed-b485-32e91a0c36b2""}",1788542056.124255
516b8be6-962e-4782-902a-b93434cfb6fc,775e9f61-7595-4aed-b485-32e91a0c36b2,HUMAN,shown,badge_gif,bronze,Bronze,2026-09-04T17:14:16.050Z,2026-09-04T17:14:16.130103+00:00,"{""client_ts"": ""2026-09-04T17:14:16.050Z"", ""element_id"": ""bronze"", ""element_label"": ""Bronze"", ""element_type"": ""badge_gif"", ""event_name"": ""shown"", ""gif"": ""/static/trader_bridge_app/vue/assets/bronze.gif"", ""trader_id"": ""775e9f61-7595-4aed-b485-32e91a0c36b2""}",1788542056.136082
2ce19f6d-4922-4de6-ac0b-8d035ec7b0e0,c84dee0b-3d35-4508-a3a9-6cea9b1e4581,HUMAN,shown,badge_unlock,bronze,Bronze,2026-09-04T17:14:18.948Z,2026-09-04T17:14:19.024910+00:00,"{""client_ts"": ""2026-09-04T17:14:18.948Z"", ""element_id"": ""bronze"", ""element_label"": ""Bronze"", ""element_type"": ""badge_unlock"", ""event_name"": ""shown"", ""total_trades_threshold"": 10, ""trader_id"": ""c84dee0b-3d35-4508-a3a9-6cea9b1e4581""}",1788542059.031035
2ce19f6d-4922-4de6-ac0b-8d035ec7b0e0,c84dee0b-3d35-4508-a3a9-6cea9b1e4581,HUMAN,shown,badge_modal,bronze,Bronze,2026-09-04T17:14:18.949Z,2026-09-04T17:14:19.033591+00:00,"{""client_ts"": ""2026-09-04T17:14:18.949Z"", ""element_id"": ""bronze"", ""element_label"": ""Bronze"", ""element_type"": ""badge_modal"", ""event_name"": ""shown"", ""message"": ""Level up! Doing well"", ""total_trades"": 10, ""trader_id"": ""c84dee0b-3d35-4508-a3a9-6cea9b1e4581""}",1788542059.039116
2ce19f6d-4922-4de6-ac0b-8d035ec7b0e0,c84dee0b-3d35-4508-a3a9-6cea9b1e4581,HUMAN,shown,badge_gif,bronze,Bronze,2026-09-04T17:14:18.949Z,2026-09-04T17:14:19.046250+00:00,"{""client_ts"": ""2026-09-04T17:14:18.949Z"", ""element_id"": ""bronze"", ""element_label"": ""Bronze"", ""element_type"": ""badge_gif"", ""event_name"": ""shown"", ""gif"": ""/static/trader_bridge_app/vue/assets/bronze.gif"", ""trader_id"": ""c84dee0b-3d35-4508-a3a9-6cea9b1e4581""}",1788542059.052646
2ce19f6d-4922-4de6-ac0b-8d035ec7b0e0,c84dee0b-3d35-4508-a3a9-6cea9b1e4581,HUMAN,shown,trend_alert,down-streak,down-streak,2026-09-04T17:14:24.176Z,2026-09-04T17:14:24.231625+00:00,"{""client_ts"": ""2026-09-04T17:14:24.176Z"", ""element_id"": ""down-streak"", ""element_label"": ""down-streak"", ""element_type"": ""trend_alert"", ""event_name"": ""shown"", ""message"": ""Price went down 3 times in the last 5 ticks!"", ""trader_id"": ""c84dee0b-3d35-4508-a3a9-6cea9b1e4581""}",1788542064.239489
2ce19f6d-4922-4de6-ac0b-8d035ec7b0e0,332fd2e0-1079-41d8-b346-a1aeb55d837a,HUMAN,shown,trend_alert,down-streak,down-streak,2026-09-04T17:14:24.175Z,2026-09-04T17:14:24.244078+00:00,"{""client_ts"": ""2026-09-04T17:14:24.175Z"", ""element_id"": ""down-streak"", ""element_label"": ""down-streak"", ""element_type"": ""trend_alert"", ""event_name"": ""shown"", ""message"": ""Price went down 3 times in the last 5 ticks!"", ""trader_id"": ""332fd2e0-1079-41d8-b346-a1aeb55d837a""}",1788542064.251105
2ce19f6d-4922-4de6-ac0b-8d035ec7b0e0,6ec76eab-08eb-4017-9469-27f6878bd674,HUMAN,shown,trend_alert,down-streak,down-streak,2026-09-04T17:14:24.170Z,2026-09-04T17:14:24.255055+00:00,"{""client_ts"": ""2026-09-04T17:14:24.170Z"", ""element_id"": ""down-streak"", ""element_label"": ""down-streak"", ""element_type"": ""trend_alert"", ""event_name"": ""shown"", ""message"": ""Price went down 3 times in the last 5 ticks!"", ""trader_id"": ""6ec76eab-08eb-4017-9469-27f6878bd674""}",1788542064.261622
2ce19f6d-4922-4de6-ac0b-8d035ec7b0e0,d6c06251-f749-461f-8865-cd3f41dc17a6,HUMAN,shown,trend_alert,down-streak,down-streak,2026-09-04T17:14:24.177Z,2026-09-04T17:14:24.265804+00:00,"{""client_ts"": ""2026-09-04T17:14:24.177Z"", ""element_id"": ""down-streak"", ""element_label"": ""down-streak"", ""element_type"": ""trend_alert"", ""event_name"": ""shown"", ""message"": ""Price went down 3 times in the last 5 ticks!"", ""trader_id"": ""d6c06251-f749-461f-8865-cd3f41dc17a6""}",1788542064.272364
2ce19f6d-4922-4de6-ac0b-8d035ec7b0e0,eb9b2345-6224-45eb-80c2-d58eaf9a8b9b,HUMAN,shown,trend_alert,down-streak,down-streak,2026-09-04T17:14:24.184Z,2026-09-04T17:14:24.275789+00:00,"{""client_ts"": ""2026-09-04T17:14:24.184Z"", ""element_id"": ""down-streak"", ""element_label"": ""down-streak"", ""element_type"": ""trend_alert"", ""event_name"": ""shown"", ""message"": ""Price went down 3 times in the last 5 ticks!"", ""trader_id"": ""eb9b2345-6224-45eb-80c2-d58eaf9a8b9b""}",1788542064.282768
2ce19f6d-4922-4de6-ac0b-8d035ec7b0e0,66f76d7d-f049-403e-8d07-c1177bf2aad7,HUMAN,shown,trend_alert,down-streak,down-streak,2026-09-04T17:14:24.183Z,2026-09-04T17:14:24.286748+00:00,"{""client_ts"": ""2026-09-04T17:14:24.183Z"", ""element_id"": ""down-streak"", ""element_label"": ""down-streak"", ""element_type"": ""trend_alert"", ""event_name"": ""shown"", ""message"": ""Price went down 3 times in the last 5 ticks!"", ""trader_id"": ""66f76d7d-f049-403e-8d07-c1177bf2aad7""}",1788542064.293812
2ce19f6d-4922-4de6-ac0b-8d035ec7b0e0,c84dee0b-3d35-4508-a3a9-6cea9b1e4581,HUMAN,shown,badge_unlock,silver,Silver,2026-09-04T17:14:42.582Z,2026-09-04T17:14:42.657629+00:00,"{""client_ts"": ""2026-09-04T17:14:42.582Z"", ""element_id"": ""silver"", ""element_label"": ""Silver"", ""element_type"": ""badge_unlock"", ""event_name"": ""shown"", ""total_trades_threshold"": 15, ""trader_id"": ""c84dee0b-3d35-4508-a3a9-6cea9b1e4581""}",1788542082.66361
2ce19f6d-4922-4de6-ac0b-8d035ec7b0e0,c84dee0b-3d35-4508-a3a9-6cea9b1e4581,HUMAN,shown,badge_modal,silver,Silver,2026-09-04T17:14:42.582Z,2026-09-04T17:14:42.667202+00:00,"{""client_ts"": ""2026-09-04T17:14:42.582Z"", ""element_id"": ""silver"", ""element_label"": ""Silver"", ""element_type"": ""badge_modal"", ""event_name"": ""shown"", ""message"": ""You belong on the trading floor!"", ""total_trades"": 15, ""trader_id"": ""c84dee0b-3d35-4508-a3a9-6cea9b1e4581""}",1788542082.672842
2ce19f6d-4922-4de6-ac0b-8d035ec7b0e0,c84dee0b-3d35-4508-a3a9-6cea9b1e4581,HUMAN,shown,badge_gif,silver,Silver,2026-09-04T17:14:42.582Z,2026-09-04T17:14:42.680820+00:00,"{""client_ts"": ""2026-09-04T17:14:42.582Z"", ""element_id"": ""silver"", ""element_label"": ""Silver"", ""element_type"": ""badge_gif"", ""event_name"": ""shown"", ""gif"": ""/static/trader_bridge_app/vue/assets/silver.gif"", ""trader_id"": ""c84dee0b-3d35-4508-a3a9-6cea9b1e4581""}",1788542082.686588
2ce19f6d-4922-4de6-ac0b-8d035ec7b0e0,d6c06251-f749-461f-8865-cd3f41dc17a6,HUMAN,shown,badge_unlock,bronze,Bronze,2026-09-04T17:14:52.583Z,2026-09-04T17:14:52.641720+00:00,"{""client_ts"": ""2026-09-04T17:14:52.583Z"", ""element_id"": ""bronze"", ""element_label"": ""Bronze"", ""element_type"": ""badge_unlock"", ""event_name"": ""shown"", ""total_trades_threshold"": 10, ""trader_id"": ""d6c06251-f749-461f-8865-cd3f41dc17a6""}",1788542092.648358
2ce19f6d-4922-4de6-ac0b-8d035ec7b0e0,d6c06251-f749-461f-8865-cd3f41dc17a6,HUMAN,shown,badge_modal,bronze,Bronze,2026-09-04T17:14:52.584Z,2026-09-04T17:14:52.652042+00:00,"{""client_ts"": ""2026-09-04T17:14:52.584Z"", ""element_id"": ""bronze"", ""element_label"": ""Bronze"", ""element_type"": ""badge_modal"", ""event_name"": ""shown"", ""message"": ""Level up! Doing well"", ""total_trades"": 10, ""trader_id"": ""d6c06251-f749-461f-8865-cd3f41dc17a6""}",1788542092.658545
2ce19f6d-4922-4de6-ac0b-8d035ec7b0e0,d6c06251-f749-461f-8865-cd3f41dc17a6,HUMAN,shown,badge_gif,bronze,Bronze,2026-09-04T17:14:52.584Z,2026-09-04T17:14:52.662079+00:00,"{""client_ts"": ""2026-09-04T17:14:52.584Z"", ""element_id"": ""bronze"", ""element_label"": ""Bronze"", ""element_type"": ""badge_gif"", ""event_name"": ""shown"", ""gif"": ""/static/trader_bridge_app/vue/assets/bronze.gif"", ""trader_id"": ""d6c06251-f749-461f-8865-cd3f41dc17a6""}",1788542092.668442
2ce19f6d-4922-4de6-ac0b-8d035ec7b0e0,332fd2e0-1079-41d8-b346-a1aeb55d837a,HUMAN,shown,badge_unlock,bronze,Bronze,2026-09-04T17:15:07.074Z,2026-09-04T17:15:07.133870+00:00,"{""client_ts"": ""2026-09-04T17:15:07.074Z"", ""element_id"": ""bronze"", ""element_label"": ""Bronze"", ""element_type"": ""badge_unlock"", ""event_name"": ""shown"", ""total_trades_threshold"": 10, ""trader_id"": ""332fd2e0-1079-41d8-b346-a1aeb55d837a""}",1788542107.140353
2ce19f6d-4922-4de6-ac0b-8d035ec7b0e0,332fd2e0-1079-41d8-b346-a1aeb55d837a,HUMAN,shown,badge_modal,bronze,Bronze,2026-09-04T17:15:07.074Z,2026-09-04T17:15:07.144328+00:00,"{""client_ts"": ""2026-09-04T17:15:07.074Z"", ""element_id"": ""bronze"", ""element_label"": ""Bronze"", ""element_type"": ""badge_modal"", ""event_name"": ""shown"", ""message"": ""Level up! Doing well"", ""total_trades"": 10, ""trader_id"": ""332fd2e0-1079-41d8-b346-a1aeb55d837a""}",1788542107.150545
2ce19f6d-4922-4de6-ac0b-8d035ec7b0e0,332fd2e0-1079-41d8-b346-a1aeb55d837a,HUMAN,shown,badge_gif,bronze,Bronze,2026-09-04T17:15:07.075Z,2026-09-04T17:15:07.154042+00:00,"{""client_ts"": ""2026-09-04T17:15:07.075Z"", ""element_id"": ""bronze"", ""element_label"": ""Bronze"", ""element_type"": ""badge_gif"", ""event_name"": ""shown"", ""gif"": ""/static/trader_bridge_app/vue/assets/bronze.gif"", ""trader_id"": ""332fd2e0-1079-41d8-b346-a1aeb55d837a""}",1788542107.159723
2ce19f6d-4922-4de6-ac0b-8d035ec7b0e0,c84dee0b-3d35-4508-a3a9-6cea9b1e4581,HUMAN,shown,trend_alert,up-streak,up-streak,2026-09-04T17:15:07.122Z,2026-09-04T17:15:07.179449+00:00,"{""client_ts"": ""2026-09-04T17:15:07.122Z"", ""element_id"": ""up-streak"", ""element_label"": ""up-streak"", ""element_type"": ""trend_alert"", ""event_name"": ""shown"", ""message"": ""Price went up 3 times in the last 5 ticks!"", ""trader_id"": ""c84dee0b-3d35-4508-a3a9-6cea9b1e4581""}",1788542107.186054
2ce19f6d-4922-4de6-ac0b-8d035ec7b0e0,6ec76eab-08eb-4017-9469-27f6878bd674,HUMAN,shown,trend_alert,up-streak,up-streak,2026-09-04T17:15:07.115Z,2026-09-04T17:15:07.190000+00:00,"{""client_ts"": ""2026-09-04T17:15:07.115Z"", ""element_id"": ""up-streak"", ""element_label"": ""up-streak"", ""element_type"": ""trend_alert"", ""event_name"": ""shown"", ""message"": ""Price went up 3 times in the last 5 ticks!"", ""trader_id"": ""6ec76eab-08eb-4017-9469-27f6878bd674""}",1788542107.196038
2ce19f6d-4922-4de6-ac0b-8d035ec7b0e0,66f76d7d-f049-403e-8d07-c1177bf2aad7,HUMAN,shown,trend_alert,up-streak,up-streak,2026-09-04T17:15:07.126Z,2026-09-04T17:15:07.199172+00:00,"{""client_ts"": ""2026-09-04T17:15:07.126Z"", ""element_id"": ""up-streak"", ""element_label"": ""up-streak"", ""element_type"": ""trend_alert"", ""event_name"": ""shown"", ""message"": ""Price went up 3 times in the last 5 ticks!"", ""trader_id"": ""66f76d7d-f049-403e-8d07-c1177bf2aad7""}",1788542107.205319
2ce19f6d-4922-4de6-ac0b-8d035ec7b0e0,332fd2e0-1079-41d8-b346-a1aeb55d837a,HUMAN,shown,trend_alert,up-streak,up-streak,2026-09-04T17:15:07.123Z,2026-09-04T17:15:07.208433+00:00,"{""client_ts"": ""2026-09-04T17:15:07.123Z"", ""element_id"": ""up-streak"", ""element_label"": ""up-streak"", ""element_type"": ""trend_alert"", ""event_name"": ""shown"", ""message"": ""Price went up 3 times in the last 5 ticks!"", ""trader_id"": ""332fd2e0-1079-41d8-b346-a1aeb55d837a""}",1788542107.214565
2ce19f6d-4922-4de6-ac0b-8d035ec7b0e0,d6c06251-f749-461f-8865-cd3f41dc17a6,HUMAN,shown,trend_alert,up-streak,up-streak,2026-09-04T17:15:07.125Z,2026-09-04T17:15:07.221421+00:00,"{""client_ts"": ""2026-09-04T17:15:07.125Z"", ""element_id"": ""up-streak"", ""element_label"": ""up-streak"", ""element_type"": ""trend_alert"", ""event_name"": ""shown"", ""message"": ""Price went up 3 times in the last 5 ticks!"", ""trader_id"": ""d6c06251-f749-461f-8865-cd3f41dc17a6""}",1788542107.227631
2ce19f6d-4922-4de6-ac0b-8d035ec7b0e0,eb9b2345-6224-45eb-80c2-d58eaf9a8b9b,HUMAN,shown,trend_alert,up-streak,up-streak,2026-09-04T17:15:07.132Z,2026-09-04T17:15:07.231009+00:00,"{""client_ts"": ""2026-09-04T17:15:07.132Z"", ""element_id"": ""up-streak"", ""element_label"": ""up-streak"", ""element_type"": ""trend_alert"", ""event_name"": ""shown"", ""message"": ""Price went up 3 times in the last 5 ticks!"", ""trader_id"": ""eb9b2345-6224-45eb-80c2-d58eaf9a8b9b""}",1788542107.23667
2ce19f6d-4922-4de6-ac0b-8d035ec7b0e0,6ec76eab-08eb-4017-9469-27f6878bd674,HUMAN,shown,badge_unlock,bronze,Bronze,2026-09-04T17:15:08.489Z,2026-09-04T17:15:08.554194+00:00,"{""client_ts"": ""2026-09-04T17:15:08.489Z"", ""element_id"": ""bronze"", ""element_label"": ""Bronze"", ""element_type"": ""badge_unlock"", ""event_name"": ""shown"", ""total_trades_threshold"": 10, ""trader_id"": ""6ec76eab-08eb-4017-9469-27f6878bd674""}",1788542108.561209
2ce19f6d-4922-4de6-ac0b-8d035ec7b0e0,6ec76eab-08eb-4017-9469-27f6878bd674,HUMAN,shown,badge_modal,bronze,Bronze,2026-09-04T17:15:08.490Z,2026-09-04T17:15:08.565031+00:00,"{""client_ts"": ""2026-09-04T17:15:08.490Z"", ""element_id"": ""bronze"", ""element_label"": ""Bronze"", ""element_type"": ""badge_modal"", ""event_name"": ""shown"", ""message"": ""Level up! Doing well"", ""total_trades"": 10, ""trader_id"": ""6ec76eab-08eb-4017-9469-27f6878bd674""}",1788542108.572108
2ce19f6d-4922-4de6-ac0b-8d035ec7b0e0,6ec76eab-08eb-4017-9469-27f6878bd674,HUMAN,shown,badge_gif,bronze,Bronze,2026-09-04T17:15:08.490Z,2026-09-04T17:15:08.576287+00:00,"{""client_ts"": ""2026-09-04T17:15:08.490Z"", ""element_id"": ""bronze"", ""element_label"": ""Bronze"", ""element_type"": ""badge_gif"", ""event_name"": ""shown"", ""gif"": ""/static/trader_bridge_app/vue/assets/bronze.gif"", ""trader_id"": ""6ec76eab-08eb-4017-9469-27f6878bd674""}",1788542108.582534
2ce19f6d-4922-4de6-ac0b-8d035ec7b0e0,66f76d7d-f049-403e-8d07-c1177bf2aad7,HUMAN,shown,badge_unlock,bronze,Bronze,2026-09-04T17:15:11.465Z,2026-09-04T17:15:11.521511+00:00,"{""client_ts"": ""2026-09-04T17:15:11.465Z"", ""element_id"": ""bronze"", ""element_label"": ""Bronze"", ""element_type"": ""badge_unlock"", ""event_name"": ""shown"", ""total_trades_threshold"": 10, ""trader_id"": ""66f76d7d-f049-403e-8d07-c1177bf2aad7""}",1788542111.529169
2ce19f6d-4922-4de6-ac0b-8d035ec7b0e0,66f76d7d-f049-403e-8d07-c1177bf2aad7,HUMAN,shown,badge_modal,bronze,Bronze,2026-09-04T17:15:11.466Z,2026-09-04T17:15:11.532973+00:00,"{""client_ts"": ""2026-09-04T17:15:11.466Z"", ""element_id"": ""bronze"", ""element_label"": ""Bronze"", ""element_type"": ""badge_modal"", ""event_name"": ""shown"", ""message"": ""Level up! Doing well"", ""total_trades"": 10, ""trader_id"": ""66f76d7d-f049-403e-8d07-c1177bf2aad7""}",1788542111.541158
2ce19f6d-4922-4de6-ac0b-8d035ec7b0e0,66f76d7d-f049-403e-8d07-c1177bf2aad7,HUMAN,shown,badge_gif,bronze,Bronze,2026-09-04T17:15:11.466Z,2026-09-04T17:15:11.545761+00:00,"{""client_ts"": ""2026-09-04T17:15:11.466Z"", ""element_id"": ""bronze"", ""element_label"": ""Bronze"", ""element_type"": ""badge_gif"", ""event_name"": ""shown"", ""gif"": ""/static/trader_bridge_app/vue/assets/bronze.gif"", ""trader_id"": ""66f76d7d-f049-403e-8d07-c1177bf2aad7""}",1788542111.553036
2ce19f6d-4922-4de6-ac0b-8d035ec7b0e0,eb9b2345-6224-45eb-80c2-d58eaf9a8b9b,HUMAN,shown,badge_unlock,bronze,Bronze,2026-09-04T17:15:32.000Z,2026-09-04T17:15:32.050730+00:00,"{""client_ts"": ""2026-09-04T17:15:32.000Z"", ""element_id"": ""bronze"", ""element_label"": ""Bronze"", ""element_type"": ""badge_unlock"", ""event_name"": ""shown"", ""total_trades_threshold"": 10, ""trader_id"": ""eb9b2345-6224-45eb-80c2-d58eaf9a8b9b""}",1788542132.057853
2ce19f6d-4922-4de6-ac0b-8d035ec7b0e0,eb9b2345-6224-45eb-80c2-d58eaf9a8b9b,HUMAN,shown,badge_modal,bronze,Bronze,2026-09-04T17:15:32.000Z,2026-09-04T17:15:32.061525+00:00,"{""client_ts"": ""2026-09-04T17:15:32.000Z"", ""element_id"": ""bronze"", ""element_label"": ""Bronze"", ""element_type"": ""badge_modal"", ""event_name"": ""shown"", ""message"": ""Level up! Doing well"", ""total_trades"": 10, ""trader_id"": ""eb9b2345-6224-45eb-80c2-d58eaf9a8b9b""}",1788542132.067657
2ce19f6d-4922-4de6-ac0b-8d035ec7b0e0,eb9b2345-6224-45eb-80c2-d58eaf9a8b9b,HUMAN,shown,badge_gif,bronze,Bronze,2026-09-04T17:15:32.000Z,2026-09-04T17:15:32.070989+00:00,"{""client_ts"": ""2026-09-04T17:15:32.000Z"", ""element_id"": ""bronze"", ""element_label"": ""Bronze"", ""element_type"": ""badge_gif"", ""event_name"": ""shown"", ""gif"": ""/static/trader_bridge_app/vue/assets/bronze.gif"", ""trader_id"": ""eb9b2345-6224-45eb-80c2-d58eaf9a8b9b""}",1788542132.076528
2ce19f6d-4922-4de6-ac0b-8d035ec7b0e0,eb9b2345-6224-45eb-80c2-d58eaf9a8b9b,HUMAN,shown,badge_unlock,silver,Silver,2026-09-04T17:16:29.423Z,2026-09-04T17:16:29.477021+00:00,"{""client_ts"": ""2026-09-04T17:16:29.423Z"", ""element_id"": ""silver"", ""element_label"": ""Silver"", ""element_type"": ""badge_unlock"", ""event_name"": ""shown"", ""total_trades_threshold"": 15, ""trader_id"": ""eb9b2345-6224-45eb-80c2-d58eaf9a8b9b""}",1788542189.484814
2ce19f6d-4922-4de6-ac0b-8d035ec7b0e0,eb9b2345-6224-45eb-80c2-d58eaf9a8b9b,HUMAN,shown,badge_modal,silver,Silver,2026-09-04T17:16:29.424Z,2026-09-04T17:16:29.489717+00:00,"{""client_ts"": ""2026-09-04T17:16:29.424Z"", ""element_id"": ""silver"", ""element_label"": ""Silver"", ""element_type"": ""badge_modal"", ""event_name"": ""shown"", ""message"": ""You belong on the trading floor!"", ""total_trades"": 15, ""trader_id"": ""eb9b2345-6224-45eb-80c2-d58eaf9a8b9b""}",1788542189.4967
2ce19f6d-4922-4de6-ac0b-8d035ec7b0e0,6ec76eab-08eb-4017-9469-27f6878bd674,HUMAN,shown,badge_unlock,silver,Silver,2026-09-04T17:16:29.417Z,2026-09-04T17:16:29.499961+00:00,"{""client_ts"": ""2026-09-04T17:16:29.417Z"", ""element_id"": ""silver"", ""element_label"": ""Silver"", ""element_type"": ""badge_unlock"", ""event_name"": ""shown"", ""total_trades_threshold"": 15, ""trader_id"": ""6ec76eab-08eb-4017-9469-27f6878bd674""}",1788542189.506015
2ce19f6d-4922-4de6-ac0b-8d035ec7b0e0,6ec76eab-08eb-4017-9469-27f6878bd674,HUMAN,shown,badge_modal,silver,Silver,2026-09-04T17:16:29.417Z,2026-09-04T17:16:29.510006+00:00,"{""client_ts"": ""2026-09-04T17:16:29.417Z"", ""element_id"": ""silver"", ""element_label"": ""Silver"", ""element_type"": ""badge_modal"", ""event_name"": ""shown"", ""message"": ""You belong on the trading floor!"", ""total_trades"": 15, ""trader_id"": ""6ec76eab-08eb-4017-9469-27f6878bd674""}",1788542189.516081
2ce19f6d-4922-4de6-ac0b-8d035ec7b0e0,eb9b2345-6224-45eb-80c2-d58eaf9a8b9b,HUMAN,shown,badge_gif,silver,Silver,2026-09-04T17:16:29.424Z,2026-09-04T17:16:29.519222+00:00,"{""client_ts"": ""2026-09-04T17:16:29.424Z"", ""element_id"": ""silver"", ""element_label"": ""Silver"", ""element_type"": ""badge_gif"", ""event_name"": ""shown"", ""gif"": ""/static/trader_bridge_app/vue/assets/silver.gif"", ""trader_id"": ""eb9b2345-6224-45eb-80c2-d58eaf9a8b9b""}",1788542189.526279
2ce19f6d-4922-4de6-ac0b-8d035ec7b0e0,6ec76eab-08eb-4017-9469-27f6878bd674,HUMAN,shown,badge_gif,silver,Silver,2026-09-04T17:16:29.418Z,2026-09-04T17:16:29.530361+00:00,"{""client_ts"": ""2026-09-04T17:16:29.418Z"", ""element_id"": ""silver"", ""element_label"": ""Silver"", ""element_type"": ""badge_gif"", ""event_name"": ""shown"", ""gif"": ""/static/trader_bridge_app/vue/assets/silver.gif"", ""trader_id"": ""6ec76eab-08eb-4017-9469-27f6878bd674""}",1788542189.537416
2ce19f6d-4922-4de6-ac0b-8d035ec7b0e0,332fd2e0-1079-41d8-b346-a1aeb55d837a,HUMAN,shown,badge_unlock,silver,Silver,2026-09-04T17:16:37.059Z,2026-09-04T17:16:37.115538+00:00,"{""client_ts"": ""2026-09-04T17:16:37.059Z"", ""element_id"": ""silver"", ""element_label"": ""Silver"", ""element_type"": ""badge_unlock"", ""event_name"": ""shown"", ""total_trades_threshold"": 15, ""trader_id"": ""332fd2e0-1079-41d8-b346-a1aeb55d837a""}",1788542197.122197
2ce19f6d-4922-4de6-ac0b-8d035ec7b0e0,332fd2e0-1079-41d8-b346-a1aeb55d837a,HUMAN,shown,badge_modal,silver,Silver,2026-09-04T17:16:37.060Z,2026-09-04T17:16:37.125734+00:00,"{""client_ts"": ""2026-09-04T17:16:37.060Z"", ""element_id"": ""silver"", ""element_label"": ""Silver"", ""element_type"": ""badge_modal"", ""event_name"": ""shown"", ""message"": ""You belong on the trading floor!"", ""total_trades"": 15, ""trader_id"": ""332fd2e0-1079-41d8-b346-a1aeb55d837a""}",1788542197.131188
2ce19f6d-4922-4de6-ac0b-8d035ec7b0e0,332fd2e0-1079-41d8-b346-a1aeb55d837a,HUMAN,shown,badge_gif,silver,Silver,2026-09-04T17:16:37.060Z,2026-09-04T17:16:37.134473+00:00,"{""client_ts"": ""2026-09-04T17:16:37.060Z"", ""element_id"": ""silver"", ""element_label"": ""Silver"", ""element_type"": ""badge_gif"", ""event_name"": ""shown"", ""gif"": ""/static/trader_bridge_app/vue/assets/silver.gif"", ""trader_id"": ""332fd2e0-1079-41d8-b346-a1aeb55d837a""}",1788542197.1399
2ce19f6d-4922-4de6-ac0b-8d035ec7b0e0,c84dee0b-3d35-4508-a3a9-6cea9b1e4581,HUMAN,shown,trend_alert,down-streak,down-streak,2026-09-04T17:16:50.468Z,2026-09-04T17:16:50.549372+00:00,"{""client_ts"": ""2026-09-04T17:16:50.468Z"", ""element_id"": ""down-streak"", ""element_label"": ""down-streak"", ""element_type"": ""trend_alert"", ""event_name"": ""shown"", ""message"": ""Price went down 3 times in the last 5 ticks!"", ""trader_id"": ""c84dee0b-3d35-4508-a3a9-6cea9b1e4581""}",1788542210.555458
2ce19f6d-4922-4de6-ac0b-8d035ec7b0e0,6ec76eab-08eb-4017-9469-27f6878bd674,HUMAN,shown,trend_alert,down-streak,down-streak,2026-09-04T17:16:50.464Z,2026-09-04T17:16:50.558458+00:00,"{""client_ts"": ""2026-09-04T17:16:50.464Z"", ""element_id"": ""down-streak"", ""element_label"": ""down-streak"", ""element_type"": ""trend_alert"", ""event_name"": ""shown"", ""message"": ""Price went down 3 times in the last 5 ticks!"", ""trader_id"": ""6ec76eab-08eb-4017-9469-27f6878bd674""}",1788542210.564956
2ce19f6d-4922-4de6-ac0b-8d035ec7b0e0,332fd2e0-1079-41d8-b346-a1aeb55d837a,HUMAN,shown,trend_alert,down-streak,down-streak,2026-09-04T17:16:50.473Z,2026-09-04T17:16:50.568204+00:00,"{""client_ts"": ""2026-09-04T17:16:50.473Z"", ""element_id"": ""down-streak"", ""element_label"": ""down-streak"", ""element_type"": ""trend_alert"", ""event_name"": ""shown"", ""message"": ""Price went down 3 times in the last 5 ticks!"", ""trader_id"": ""332fd2e0-1079-41d8-b346-a1aeb55d837a""}",1788542210.574051
2ce19f6d-4922-4de6-ac0b-8d035ec7b0e0,d6c06251-f749-461f-8865-cd3f41dc17a6,HUMAN,shown,trend_alert,down-streak,down-streak,2026-09-04T17:16:50.469Z,2026-09-04T17:16:50.577085+00:00,"{""client_ts"": ""2026-09-04T17:16:50.469Z"", ""element_id"": ""down-streak"", ""element_label"": ""down-streak"", ""element_type"": ""trend_alert"", ""event_name"": ""shown"", ""message"": ""Price went down 3 times in the last 5 ticks!"", ""trader_id"": ""d6c06251-f749-461f-8865-cd3f41dc17a6""}",1788542210.583007
2ce19f6d-4922-4de6-ac0b-8d035ec7b0e0,eb9b2345-6224-45eb-80c2-d58eaf9a8b9b,HUMAN,shown,trend_alert,down-streak,down-streak,2026-09-04T17:16:50.477Z,2026-09-04T17:16:50.587246+00:00,"{""client_ts"": ""2026-09-04T17:16:50.477Z"", ""element_id"": ""down-streak"", ""element_label"": ""down-streak"", ""element_type"": ""trend_alert"", ""event_name"": ""shown"", ""message"": ""Price went down 3 times in the last 5 ticks!"", ""trader_id"": ""eb9b2345-6224-45eb-80c2-d58eaf9a8b9b""}",1788542210.593086
2ce19f6d-4922-4de6-ac0b-8d035ec7b0e0,66f76d7d-f049-403e-8d07-c1177bf2aad7,HUMAN,shown,trend_alert,down-streak,down-streak,2026-09-04T17:16:50.474Z,2026-09-04T17:16:50.595942+00:00,"{""client_ts"": ""2026-09-04T17:16:50.474Z"", ""element_id"": ""down-streak"", ""element_label"": ""down-streak"", ""element_type"": ""trend_alert"", ""event_name"": ""shown"", ""message"": ""Price went down 3 times in the last 5 ticks!"", ""trader_id"": ""66f76d7d-f049-403e-8d07-c1177bf2aad7""}",1788542210.601729
2ce19f6d-4922-4de6-ac0b-8d035ec7b0e0,6ec76eab-08eb-4017-9469-27f6878bd674,HUMAN,shown,trend_alert,up-streak,up-streak,2026-09-04T17:16:52.860Z,2026-09-04T17:16:52.923035+00:00,"{""client_ts"": ""2026-09-04T17:16:52.860Z"", ""element_id"": ""up-streak"", ""element_label"": ""up-streak"", ""element_type"": ""trend_alert"", ""event_name"": ""shown"", ""message"": ""Price went up 3 times in the last 5 ticks!"", ""trader_id"": ""6ec76eab-08eb-4017-9469-27f6878bd674""}",1788542212.930765
2ce19f6d-4922-4de6-ac0b-8d035ec7b0e0,c84dee0b-3d35-4508-a3a9-6cea9b1e4581,HUMAN,shown,trend_alert,up-streak,up-streak,2026-09-04T17:16:52.864Z,2026-09-04T17:16:52.935380+00:00,"{""client_ts"": ""2026-09-04T17:16:52.864Z"", ""element_id"": ""up-streak"", ""element_label"": ""up-streak"", ""element_type"": ""trend_alert"", ""event_name"": ""shown"", ""message"": ""Price went up 3 times in the last 5 ticks!"", ""trader_id"": ""c84dee0b-3d35-4508-a3a9-6cea9b1e4581""}",1788542212.942206
2ce19f6d-4922-4de6-ac0b-8d035ec7b0e0,d6c06251-f749-461f-8865-cd3f41dc17a6,HUMAN,shown,trend_alert,up-streak,up-streak,2026-09-04T17:16:52.865Z,2026-09-04T17:16:52.945456+00:00,"{""client_ts"": ""2026-09-04T17:16:52.865Z"", ""element_id"": ""up-streak"", ""element_label"": ""up-streak"", ""element_type"": ""trend_alert"", ""event_name"": ""shown"", ""message"": ""Price went up 3 times in the last 5 ticks!"", ""trader_id"": ""d6c06251-f749-461f-8865-cd3f41dc17a6""}",1788542212.951826
2ce19f6d-4922-4de6-ac0b-8d035ec7b0e0,332fd2e0-1079-41d8-b346-a1aeb55d837a,HUMAN,shown,trend_alert,up-streak,up-streak,2026-09-04T17:16:52.869Z,2026-09-04T17:16:52.955707+00:00,"{""client_ts"": ""2026-09-04T17:16:52.869Z"", ""element_id"": ""up-streak"", ""element_label"": ""up-streak"", ""element_type"": ""trend_alert"", ""event_name"": ""shown"", ""message"": ""Price went up 3 times in the last 5 ticks!"", ""trader_id"": ""332fd2e0-1079-41d8-b346-a1aeb55d837a""}",1788542212.962006
2ce19f6d-4922-4de6-ac0b-8d035ec7b0e0,66f76d7d-f049-403e-8d07-c1177bf2aad7,HUMAN,shown,trend_alert,up-streak,up-streak,2026-09-04T17:16:52.869Z,2026-09-04T17:16:52.965373+00:00,"{""client_ts"": ""2026-09-04T17:16:52.869Z"", ""element_id"": ""up-streak"", ""element_label"": ""up-streak"", ""element_type"": ""trend_alert"", ""event_name"": ""shown"", ""message"": ""Price went up 3 times in the last 5 ticks!"", ""trader_id"": ""66f76d7d-f049-403e-8d07-c1177bf2aad7""}",1788542212.972127
2ce19f6d-4922-4de6-ac0b-8d035ec7b0e0,eb9b2345-6224-45eb-80c2-d58eaf9a8b9b,HUMAN,shown,trend_alert,up-streak,up-streak,2026-09-04T17:16:52.874Z,2026-09-04T17:16:52.975763+00:00,"{""client_ts"": ""2026-09-04T17:16:52.874Z"", ""element_id"": ""up-streak"", ""element_label"": ""up-streak"", ""element_type"": ""trend_alert"", ""event_name"": ""shown"", ""message"": ""Price went up 3 times in the last 5 ticks!"", ""trader_id"": ""eb9b2345-6224-45eb-80c2-d58eaf9a8b9b""}",1788542212.982749
516b8be6-962e-4782-902a-b93434cfb6fc,bd5e8ce7-13d9-4f42-8d5e-45273b86d373,HUMAN,shown,badge_unlock,bronze,Bronze,2026-09-04T17:17:25.623Z,2026-09-04T17:17:25.678486+00:00,"{""client_ts"": ""2026-09-04T17:17:25.623Z"", ""element_id"": ""bronze"", ""element_label"": ""Bronze"", ""element_type"": ""badge_unlock"", ""event_name"": ""shown"", ""total_trades_threshold"": 10, ""trader_id"": ""bd5e8ce7-13d9-4f42-8d5e-45273b86d373""}",1788542245.686076
516b8be6-962e-4782-902a-b93434cfb6fc,bd5e8ce7-13d9-4f42-8d5e-45273b86d373,HUMAN,shown,badge_modal,bronze,Bronze,2026-09-04T17:17:25.623Z,2026-09-04T17:17:25.689872+00:00,"{""client_ts"": ""2026-09-04T17:17:25.623Z"", ""element_id"": ""bronze"", ""element_label"": ""Bronze"", ""element_type"": ""badge_modal"", ""event_name"": ""shown"", ""message"": ""Level up! Doing well"", ""total_trades"": 10, ""trader_id"": ""bd5e8ce7-13d9-4f42-8d5e-45273b86d373""}",1788542245.696376
516b8be6-962e-4782-902a-b93434cfb6fc,bd5e8ce7-13d9-4f42-8d5e-45273b86d373,HUMAN,shown,badge_gif,bronze,Bronze,2026-09-04T17:17:25.624Z,2026-09-04T17:17:25.702993+00:00,"{""client_ts"": ""2026-09-04T17:17:25.624Z"", ""element_id"": ""bronze"", ""element_label"": ""Bronze"", ""element_type"": ""badge_gif"", ""event_name"": ""shown"", ""gif"": ""/static/trader_bridge_app/vue/assets/bronze.gif"", ""trader_id"": ""bd5e8ce7-13d9-4f42-8d5e-45273b86d373""}",1788542245.710082
2ce19f6d-4922-4de6-ac0b-8d035ec7b0e0,6ec76eab-08eb-4017-9469-27f6878bd674,HUMAN,shown,trend_alert,up-streak,up-streak,2026-09-04T17:17:27.646Z,2026-09-04T17:17:27.705962+00:00,"{""client_ts"": ""2026-09-04T17:17:27.646Z"", ""element_id"": ""up-streak"", ""element_label"": ""up-streak"", ""element_type"": ""trend_alert"", ""event_name"": ""shown"", ""message"": ""Price went up 3 times in the last 5 ticks!"", ""trader_id"": ""6ec76eab-08eb-4017-9469-27f6878bd674""}",1788542247.713088
2ce19f6d-4922-4de6-ac0b-8d035ec7b0e0,332fd2e0-1079-41d8-b346-a1aeb55d837a,HUMAN,shown,trend_alert,up-streak,up-streak,2026-09-04T17:17:27.653Z,2026-09-04T17:17:27.717830+00:00,"{""client_ts"": ""2026-09-04T17:17:27.653Z"", ""element_id"": ""up-streak"", ""element_label"": ""up-streak"", ""element_type"": ""trend_alert"", ""event_name"": ""shown"", ""message"": ""Price went up 3 times in the last 5 ticks!"", ""trader_id"": ""332fd2e0-1079-41d8-b346-a1aeb55d837a""}",1788542247.724283
2ce19f6d-4922-4de6-ac0b-8d035ec7b0e0,eb9b2345-6224-45eb-80c2-d58eaf9a8b9b,HUMAN,shown,trend_alert,up-streak,up-streak,2026-09-04T17:17:27.655Z,2026-09-04T17:17:27.727849+00:00,"{""client_ts"": ""2026-09-04T17:17:27.655Z"", ""element_id"": ""up-streak"", ""element_label"": ""up-streak"", ""element_type"": ""trend_alert"", ""event_name"": ""shown"", ""message"": ""Price went up 3 times in the last 5 ticks!"", ""trader_id"": ""eb9b2345-6224-45eb-80c2-d58eaf9a8b9b""}",1788542247.734283
2ce19f6d-4922-4de6-ac0b-8d035ec7b0e0,c84dee0b-3d35-4508-a3a9-6cea9b1e4581,HUMAN,shown,trend_alert,up-streak,up-streak,2026-09-04T17:17:27.649Z,2026-09-04T17:17:27.737671+00:00,"{""client_ts"": ""2026-09-04T17:17:27.649Z"", ""element_id"": ""up-streak"", ""element_label"": ""up-streak"", ""element_type"": ""trend_alert"", ""event_name"": ""shown"", ""message"": ""Price went up 3 times in the last 5 ticks!"", ""trader_id"": ""c84dee0b-3d35-4508-a3a9-6cea9b1e4581""}",1788542247.743801
2ce19f6d-4922-4de6-ac0b-8d035ec7b0e0,66f76d7d-f049-403e-8d07-c1177bf2aad7,HUMAN,shown,trend_alert,up-streak,up-streak,2026-09-04T17:17:27.652Z,2026-09-04T17:17:27.747437+00:00,"{""client_ts"": ""2026-09-04T17:17:27.652Z"", ""element_id"": ""up-streak"", ""element_label"": ""up-streak"", ""element_type"": ""trend_alert"", ""event_name"": ""shown"", ""message"": ""Price went up 3 times in the last 5 ticks!"", ""trader_id"": ""66f76d7d-f049-403e-8d07-c1177bf2aad7""}",1788542247.753386
2ce19f6d-4922-4de6-ac0b-8d035ec7b0e0,d6c06251-f749-461f-8865-cd3f41dc17a6,HUMAN,shown,trend_alert,up-streak,up-streak,2026-09-04T17:17:27.648Z,2026-09-04T17:17:27.757434+00:00,"{""client_ts"": ""2026-09-04T17:17:27.648Z"", ""element_id"": ""up-streak"", ""element_label"": ""up-streak"", ""element_type"": ""trend_alert"", ""event_name"": ""shown"", ""message"": ""Price went up 3 times in the last 5 ticks!"", ""trader_id"": ""d6c06251-f749-461f-8865-cd3f41dc17a6""}",1788542247.763684
2ce19f6d-4922-4de6-ac0b-8d035ec7b0e0,66f76d7d-f049-403e-8d07-c1177bf2aad7,HUMAN,shown,badge_unlock,silver,Silver,2026-09-04T17:17:37.198Z,2026-09-04T17:17:37.254778+00:00,"{""client_ts"": ""2026-09-04T17:17:37.198Z"", ""element_id"": ""silver"", ""element_label"": ""Silver"", ""element_type"": ""badge_unlock"", ""event_name"": ""shown"", ""total_trades_threshold"": 15, ""trader_id"": ""66f76d7d-f049-403e-8d07-c1177bf2aad7""}",1788542257.260848
2ce19f6d-4922-4de6-ac0b-8d035ec7b0e0,66f76d7d-f049-403e-8d07-c1177bf2aad7,HUMAN,shown,badge_modal,silver,Silver,2026-09-04T17:17:37.198Z,2026-09-04T17:17:37.264570+00:00,"{""client_ts"": ""2026-09-04T17:17:37.198Z"", ""element_id"": ""silver"", ""element_label"": ""Silver"", ""element_type"": ""badge_modal"", ""event_name"": ""shown"", ""message"": ""You belong on the trading floor!"", ""total_trades"": 15, ""trader_id"": ""66f76d7d-f049-403e-8d07-c1177bf2aad7""}",1788542257.270733
2ce19f6d-4922-4de6-ac0b-8d035ec7b0e0,66f76d7d-f049-403e-8d07-c1177bf2aad7,HUMAN,shown,badge_gif,silver,Silver,2026-09-04T17:17:37.198Z,2026-09-04T17:17:37.274082+00:00,"{""client_ts"": ""2026-09-04T17:17:37.198Z"", ""element_id"": ""silver"", ""element_label"": ""Silver"", ""element_type"": ""badge_gif"", ""event_name"": ""shown"", ""gif"": ""/static/trader_bridge_app/vue/assets/silver.gif"", ""trader_id"": ""66f76d7d-f049-403e-8d07-c1177bf2aad7""}",1788542257.28038
d0efe7f8-d952-4f8f-9f07-1dd523e371de,2578aafe-0d46-452c-9cca-c6a29b09f136,HUMAN,shown,badge_unlock,bronze,Bronze,2026-09-04T17:17:37.701Z,2026-09-04T17:17:37.758671+00:00,"{""client_ts"": ""2026-09-04T17:17:37.701Z"", ""element_id"": ""bronze"", ""element_label"": ""Bronze"", ""element_type"": ""badge_unlock"", ""event_name"": ""shown"", ""total_trades_threshold"": 10, ""trader_id"": ""2578aafe-0d46-452c-9cca-c6a29b09f136""}",1788542257.765411
d0efe7f8-d952-4f8f-9f07-1dd523e371de,2578aafe-0d46-452c-9cca-c6a29b09f136,HUMAN,shown,badge_modal,bronze,Bronze,2026-09-04T17:17:37.701Z,2026-09-04T17:17:37.771121+00:00,"{""client_ts"": ""2026-09-04T17:17:37.701Z"", ""element_id"": ""bronze"", ""element_label"": ""Bronze"", ""element_type"": ""badge_modal"", ""event_name"": ""shown"", ""message"": ""Level up! Doing well"", ""total_trades"": 10, ""trader_id"": ""2578aafe-0d46-452c-9cca-c6a29b09f136""}",1788542257.777248
d0efe7f8-d952-4f8f-9f07-1dd523e371de,2578aafe-0d46-452c-9cca-c6a29b09f136,HUMAN,shown,badge_gif,bronze,Bronze,2026-09-04T17:17:37.701Z,2026-09-04T17:17:37.781067+00:00,"{""client_ts"": ""2026-09-04T17:17:37.701Z"", ""element_id"": ""bronze"", ""element_label"": ""Bronze"", ""element_type"": ""badge_gif"", ""event_name"": ""shown"", ""gif"": ""/static/trader_bridge_app/vue/assets/bronze.gif"", ""trader_id"": ""2578aafe-0d46-452c-9cca-c6a29b09f136""}",1788542257.788284
d0efe7f8-d952-4f8f-9f07-1dd523e371de,2578aafe-0d46-452c-9cca-c6a29b09f136,HUMAN,shown,trend_alert,up-streak,up-streak,2026-09-04T17:17:42.171Z,2026-09-04T17:17:42.221565+00:00,"{""client_ts"": ""2026-09-04T17:17:42.171Z"", ""element_id"": ""up-streak"", ""element_label"": ""up-streak"", ""element_type"": ""trend_alert"", ""event_name"": ""shown"", ""message"": ""Price went up 3 times in the last 5 ticks!"", ""trader_id"": ""2578aafe-0d46-452c-9cca-c6a29b09f136""}",1788542262.228253
d0efe7f8-d952-4f8f-9f07-1dd523e371de,e5ca717f-b19a-42dd-aabd-764930e44e05,HUMAN,shown,trend_alert,up-streak,up-streak,2026-09-04T17:17:42.162Z,2026-09-04T17:17:42.231930+00:00,"{""client_ts"": ""2026-09-04T17:17:42.162Z"", ""element_id"": ""up-streak"", ""element_label"": ""up-streak"", ""element_type"": ""trend_alert"", ""event_name"": ""shown"", ""message"": ""Price went up 3 times in the last 5 ticks!"", ""trader_id"": ""e5ca717f-b19a-42dd-aabd-764930e44e05""}",1788542262.238121
d0efe7f8-d952-4f8f-9f07-1dd523e371de,e2271452-251f-449f-b490-af4337b25b31,HUMAN,shown,trend_alert,up-streak,up-streak,2026-09-04T17:17:42.160Z,2026-09-04T17:17:42.244755+00:00,"{""client_ts"": ""2026-09-04T17:17:42.160Z"", ""element_id"": ""up-streak"", ""element_label"": ""up-streak"", ""element_type"": ""trend_alert"", ""event_name"": ""shown"", ""message"": ""Price went up 3 times in the last 5 ticks!"", ""trader_id"": ""e2271452-251f-449f-b490-af4337b25b31""}",1788542262.251209
2ce19f6d-4922-4de6-ac0b-8d035ec7b0e0,6ec76eab-08eb-4017-9469-27f6878bd674,HUMAN,shown,trend_alert,down-streak,down-streak,2026-09-04T17:17:43.346Z,2026-09-04T17:17:43.406772+00:00,"{""client_ts"": ""2026-09-04T17:17:43.346Z"", ""element_id"": ""down-streak"", ""element_label"": ""down-streak"", ""element_type"": ""trend_alert"", ""event_name"": ""shown"", ""message"": ""Price went down 3 times in the last 5 ticks!"", ""trader_id"": ""6ec76eab-08eb-4017-9469-27f6878bd674""}",1788542263.414091
2ce19f6d-4922-4de6-ac0b-8d035ec7b0e0,c84dee0b-3d35-4508-a3a9-6cea9b1e4581,HUMAN,shown,trend_alert,down-streak,down-streak,2026-09-04T17:17:43.352Z,2026-09-04T17:17:43.432707+00:00,"{""client_ts"": ""2026-09-04T17:17:43.352Z"", ""element_id"": ""down-streak"", ""element_label"": ""down-streak"", ""element_type"": ""trend_alert"", ""event_name"": ""shown"", ""message"": ""Price went down 3 times in the last 5 ticks!"", ""trader_id"": ""c84dee0b-3d35-4508-a3a9-6cea9b1e4581""}",1788542263.439193
2ce19f6d-4922-4de6-ac0b-8d035ec7b0e0,66f76d7d-f049-403e-8d07-c1177bf2aad7,HUMAN,shown,trend_alert,down-streak,down-streak,2026-09-04T17:17:43.361Z,2026-09-04T17:17:43.442461+00:00,"{""client_ts"": ""2026-09-04T17:17:43.361Z"", ""element_id"": ""down-streak"", ""element_label"": ""down-streak"", ""element_type"": ""trend_alert"", ""event_name"": ""shown"", ""message"": ""Price went down 3 times in the last 5 ticks!"", ""trader_id"": ""66f76d7d-f049-403e-8d07-c1177bf2aad7""}",1788542263.448391
2ce19f6d-4922-4de6-ac0b-8d035ec7b0e0,d6c06251-f749-461f-8865-cd3f41dc17a6,HUMAN,shown,trend_alert,down-streak,down-streak,2026-09-04T17:17:43.359Z,2026-09-04T17:17:43.451833+00:00,"{""client_ts"": ""2026-09-04T17:17:43.359Z"", ""element_id"": ""down-streak"", ""element_label"": ""down-streak"", ""element_type"": ""trend_alert"", ""event_name"": ""shown"", ""message"": ""Price went down 3 times in the last 5 ticks!"", ""trader_id"": ""d6c06251-f749-461f-8865-cd3f41dc17a6""}",1788542263.458162
2ce19f6d-4922-4de6-ac0b-8d035ec7b0e0,eb9b2345-6224-45eb-80c2-d58eaf9a8b9b,HUMAN,shown,trend_alert,down-streak,down-streak,2026-09-04T17:17:43.368Z,2026-09-04T17:17:43.461457+00:00,"{""client_ts"": ""2026-09-04T17:17:43.368Z"", ""element_id"": ""down-streak"", ""element_label"": ""down-streak"", ""element_type"": ""trend_alert"", ""event_name"": ""shown"", ""message"": ""Price went down 3 times in the last 5 ticks!"", ""trader_id"": ""eb9b2345-6224-45eb-80c2-d58eaf9a8b9b""}",1788542263.467634
2ce19f6d-4922-4de6-ac0b-8d035ec7b0e0,332fd2e0-1079-41d8-b346-a1aeb55d837a,HUMAN,shown,trend_alert,down-streak,down-streak,2026-09-04T17:17:43.368Z,2026-09-04T17:17:43.470764+00:00,"{""client_ts"": ""2026-09-04T17:17:43.368Z"", ""element_id"": ""down-streak"", ""element_label"": ""down-streak"", ""element_type"": ""trend_alert"", ""event_name"": ""shown"", ""message"": ""Price went down 3 times in the last 5 ticks!"", ""trader_id"": ""332fd2e0-1079-41d8-b346-a1aeb55d837a""}",1788542263.476972
2ce19f6d-4922-4de6-ac0b-8d035ec7b0e0,c84dee0b-3d35-4508-a3a9-6cea9b1e4581,HUMAN,shown,badge_unlock,gold,Gold,2026-09-04T17:17:46.084Z,2026-09-04T17:17:46.144146+00:00,"{""client_ts"": ""2026-09-04T17:17:46.084Z"", ""element_id"": ""gold"", ""element_label"": ""Gold"", ""element_type"": ""badge_unlock"", ""event_name"": ""shown"", ""total_trades_threshold"": 35, ""trader_id"": ""c84dee0b-3d35-4508-a3a9-6cea9b1e4581""}",1788542266.151017
2ce19f6d-4922-4de6-ac0b-8d035ec7b0e0,c84dee0b-3d35-4508-a3a9-6cea9b1e4581,HUMAN,shown,badge_modal,gold,Gold,2026-09-04T17:17:46.084Z,2026-09-04T17:17:46.154729+00:00,"{""client_ts"": ""2026-09-04T17:17:46.084Z"", ""element_id"": ""gold"", ""element_label"": ""Gold"", ""element_type"": ""badge_modal"", ""event_name"": ""shown"", ""message"": ""You are the money maker!"", ""total_trades"": 35, ""trader_id"": ""c84dee0b-3d35-4508-a3a9-6cea9b1e4581""}",1788542266.161017
2ce19f6d-4922-4de6-ac0b-8d035ec7b0e0,c84dee0b-3d35-4508-a3a9-6cea9b1e4581,HUMAN,shown,badge_gif,gold,Gold,2026-09-04T17:17:46.084Z,2026-09-04T17:17:46.164533+00:00,"{""client_ts"": ""2026-09-04T17:17:46.084Z"", ""element_id"": ""gold"", ""element_label"": ""Gold"", ""element_type"": ""badge_gif"", ""event_name"": ""shown"", ""gif"": ""/static/trader_bridge_app/vue/assets/gold.gif"", ""trader_id"": ""c84dee0b-3d35-4508-a3a9-6cea9b1e4581""}",1788542266.170666
2ce19f6d-4922-4de6-ac0b-8d035ec7b0e0,d6c06251-f749-461f-8865-cd3f41dc17a6,HUMAN,shown,badge_unlock,silver,Silver,2026-09-04T17:17:50.315Z,2026-09-04T17:17:50.387881+00:00,"{""client_ts"": ""2026-09-04T17:17:50.315Z"", ""element_id"": ""silver"", ""element_label"": ""Silver"", ""element_type"": ""badge_unlock"", ""event_name"": ""shown"", ""total_trades_threshold"": 15, ""trader_id"": ""d6c06251-f749-461f-8865-cd3f41dc17a6""}",1788542270.39408
2ce19f6d-4922-4de6-ac0b-8d035ec7b0e0,d6c06251-f749-461f-8865-cd3f41dc17a6,HUMAN,shown,badge_modal,silver,Silver,2026-09-04T17:17:50.315Z,2026-09-04T17:17:50.397664+00:00,"{""client_ts"": ""2026-09-04T17:17:50.315Z"", ""element_id"": ""silver"", ""element_label"": ""Silver"", ""element_type"": ""badge_modal"", ""event_name"": ""shown"", ""message"": ""You belong on the trading floor!"", ""total_trades"": 15, ""trader_id"": ""d6c06251-f749-461f-8865-cd3f41dc17a6""}",1788542270.403755
2ce19f6d-4922-4de6-ac0b-8d035ec7b0e0,d6c06251-f749-461f-8865-cd3f41dc17a6,HUMAN,shown,badge_gif,silver,Silver,2026-09-04T17:17:50.315Z,2026-09-04T17:17:50.407845+00:00,"{""client_ts"": ""2026-09-04T17:17:50.315Z"", ""element_id"": ""silver"", ""element_label"": ""Silver"", ""element_type"": ""badge_gif"", ""event_name"": ""shown"", ""gif"": ""/static/trader_bridge_app/vue/assets/silver.gif"", ""trader_id"": ""d6c06251-f749-461f-8865-cd3f41dc17a6""}",1788542270.414447
2ce19f6d-4922-4de6-ac0b-8d035ec7b0e0,6ec76eab-08eb-4017-9469-27f6878bd674,HUMAN,shown,trend_alert,down-streak,down-streak,2026-09-04T17:17:50.347Z,2026-09-04T17:17:50.422536+00:00,"{""client_ts"": ""2026-09-04T17:17:50.347Z"", ""element_id"": ""down-streak"", ""element_label"": ""down-streak"", ""element_type"": ""trend_alert"", ""event_name"": ""shown"", ""message"": ""Price went down 3 times in the last 5 ticks!"", ""trader_id"": ""6ec76eab-08eb-4017-9469-27f6878bd674""}",1788542270.429366
2ce19f6d-4922-4de6-ac0b-8d035ec7b0e0,66f76d7d-f049-403e-8d07-c1177bf2aad7,HUMAN,shown,trend_alert,down-streak,down-streak,2026-09-04T17:17:50.352Z,2026-09-04T17:17:50.432441+00:00,"{""client_ts"": ""2026-09-04T17:17:50.352Z"", ""element_id"": ""down-streak"", ""element_label"": ""down-streak"", ""element_type"": ""trend_alert"", ""event_name"": ""shown"", ""message"": ""Price went down 3 times in the last 5 ticks!"", ""trader_id"": ""66f76d7d-f049-403e-8d07-c1177bf2aad7""}",1788542270.438535
2ce19f6d-4922-4de6-ac0b-8d035ec7b0e0,332fd2e0-1079-41d8-b346-a1aeb55d837a,HUMAN,shown,trend_alert,down-streak,down-streak,2026-09-04T17:17:50.355Z,2026-09-04T17:17:50.441566+00:00,"{""client_ts"": ""2026-09-04T17:17:50.355Z"", ""element_id"": ""down-streak"", ""element_label"": ""down-streak"", ""element_type"": ""trend_alert"", ""event_name"": ""shown"", ""message"": ""Price went down 3 times in the last 5 ticks!"", ""trader_id"": ""332fd2e0-1079-41d8-b346-a1aeb55d837a""}",1788542270.447646
2ce19f6d-4922-4de6-ac0b-8d035ec7b0e0,eb9b2345-6224-45eb-80c2-d58eaf9a8b9b,HUMAN,shown,trend_alert,down-streak,down-streak,2026-09-04T17:17:50.356Z,2026-09-04T17:17:50.451105+00:00,"{""client_ts"": ""2026-09-04T17:17:50.356Z"", ""element_id"": ""down-streak"", ""element_label"": ""down-streak"", ""element_type"": ""trend_alert"", ""event_name"": ""shown"", ""message"": ""Price went down 3 times in the last 5 ticks!"", ""trader_id"": ""eb9b2345-6224-45eb-80c2-d58eaf9a8b9b""}",1788542270.457711
2ce19f6d-4922-4de6-ac0b-8d035ec7b0e0,c84dee0b-3d35-4508-a3a9-6cea9b1e4581,HUMAN,shown,trend_alert,down-streak,down-streak,2026-09-04T17:17:50.350Z,2026-09-04T17:17:50.460995+00:00,"{""client_ts"": ""2026-09-04T17:17:50.350Z"", ""element_id"": ""down-streak"", ""element_label"": ""down-streak"", ""element_type"": ""trend_alert"", ""event_name"": ""shown"", ""message"": ""Price went down 3 times in the last 5 ticks!"", ""trader_id"": ""c84dee0b-3d35-4508-a3a9-6cea9b1e4581""}",1788542270.516241
2ce19f6d-4922-4de6-ac0b-8d035ec7b0e0,d6c06251-f749-461f-8865-cd3f41dc17a6,HUMAN,shown,trend_alert,down-streak,down-streak,2026-09-04T17:17:50.362Z,2026-09-04T17:17:50.519834+00:00,"{""client_ts"": ""2026-09-04T17:17:50.362Z"", ""element_id"": ""down-streak"", ""element_label"": ""down-streak"", ""element_type"": ""trend_alert"", ""event_name"": ""shown"", ""message"": ""Price went down 3 times in the last 5 ticks!"", ""trader_id"": ""d6c06251-f749-461f-8865-cd3f41dc17a6""}",1788542270.526164
2ce19f6d-4922-4de6-ac0b-8d035ec7b0e0,6ec76eab-08eb-4017-9469-27f6878bd674,HUMAN,shown,trend_alert,up-streak,up-streak,2026-09-04T17:18:57.105Z,2026-09-04T17:18:57.164025+00:00,"{""client_ts"": ""2026-09-04T17:18:57.105Z"", ""element_id"": ""up-streak"", ""element_label"": ""up-streak"", ""element_type"": ""trend_alert"", ""event_name"": ""shown"", ""message"": ""Price went up 3 times in the last 5 ticks!"", ""trader_id"": ""6ec76eab-08eb-4017-9469-27f6878bd674""}",1788542337.171031
2ce19f6d-4922-4de6-ac0b-8d035ec7b0e0,c84dee0b-3d35-4508-a3a9-6cea9b1e4581,HUMAN,shown,trend_alert,up-streak,up-streak,2026-09-04T17:18:57.103Z,2026-09-04T17:18:57.174595+00:00,"{""client_ts"": ""2026-09-04T17:18:57.103Z"", ""element_id"": ""up-streak"", ""element_label"": ""up-streak"", ""element_type"": ""trend_alert"", ""event_name"": ""shown"", ""message"": ""Price went up 3 times in the last 5 ticks!"", ""trader_id"": ""c84dee0b-3d35-4508-a3a9-6cea9b1e4581""}",1788542337.180939
2ce19f6d-4922-4de6-ac0b-8d035ec7b0e0,d6c06251-f749-461f-8865-cd3f41dc17a6,HUMAN,shown,trend_alert,up-streak,up-streak,2026-09-04T17:18:57.104Z,2026-09-04T17:18:57.185083+00:00,"{""client_ts"": ""2026-09-04T17:18:57.104Z"", ""element_id"": ""up-streak"", ""element_label"": ""up-streak"", ""element_type"": ""trend_alert"", ""event_name"": ""shown"", ""message"": ""Price went up 3 times in the last 5 ticks!"", ""trader_id"": ""d6c06251-f749-461f-8865-cd3f41dc17a6""}",1788542337.191235
2ce19f6d-4922-4de6-ac0b-8d035ec7b0e0,66f76d7d-f049-403e-8d07-c1177bf2aad7,HUMAN,shown,trend_alert,up-streak,up-streak,2026-09-04T17:18:57.109Z,2026-09-04T17:18:57.194348+00:00,"{""client_ts"": ""2026-09-04T17:18:57.109Z"", ""element_id"": ""up-streak"", ""element_label"": ""up-streak"", ""element_type"": ""trend_alert"", ""event_name"": ""shown"", ""message"": ""Price went up 3 times in the last 5 ticks!"", ""trader_id"": ""66f76d7d-f049-403e-8d07-c1177bf2aad7""}",1788542337.20014
2ce19f6d-4922-4de6-ac0b-8d035ec7b0e0,332fd2e0-1079-41d8-b346-a1aeb55d837a,HUMAN,shown,trend_alert,up-streak,up-streak,2026-09-04T17:18:57.113Z,2026-09-04T17:18:57.203320+00:00,"{""client_ts"": ""2026-09-04T17:18:57.113Z"", ""element_id"": ""up-streak"", ""element_label"": ""up-streak"", ""element_type"": ""trend_alert"", ""event_name"": ""shown"", ""message"": ""Price went up 3 times in the last 5 ticks!"", ""trader_id"": ""332fd2e0-1079-41d8-b346-a1aeb55d837a""}",1788542337.209192
2ce19f6d-4922-4de6-ac0b-8d035ec7b0e0,eb9b2345-6224-45eb-80c2-d58eaf9a8b9b,HUMAN,shown,trend_alert,up-streak,up-streak,2026-09-04T17:18:57.113Z,2026-09-04T17:18:57.215866+00:00,"{""client_ts"": ""2026-09-04T17:18:57.113Z"", ""element_id"": ""up-streak"", ""element_label"": ""up-streak"", ""element_type"": ""trend_alert"", ""event_name"": ""shown"", ""message"": ""Price went up 3 times in the last 5 ticks!"", ""trader_id"": ""eb9b2345-6224-45eb-80c2-d58eaf9a8b9b""}",1788542337.222166
2ce19f6d-4922-4de6-ac0b-8d035ec7b0e0,6ec76eab-08eb-4017-9469-27f6878bd674,HUMAN,shown,trend_alert,down-streak,down-streak,2026-09-04T17:19:11.001Z,2026-09-04T17:19:11.098892+00:00,"{""client_ts"": ""2026-09-04T17:19:11.001Z"", ""element_id"": ""down-streak"", ""element_label"": ""down-streak"", ""element_type"": ""trend_alert"", ""event_name"": ""shown"", ""message"": ""Price went down 3 times in the last 5 ticks!"", ""trader_id"": ""6ec76eab-08eb-4017-9469-27f6878bd674""}",1788542351.105247
2ce19f6d-4922-4de6-ac0b-8d035ec7b0e0,c84dee0b-3d35-4508-a3a9-6cea9b1e4581,HUMAN,shown,trend_alert,down-streak,down-streak,2026-09-04T17:19:10.999Z,2026-09-04T17:19:11.108273+00:00,"{""client_ts"": ""2026-09-04T17:19:10.999Z"", ""element_id"": ""down-streak"", ""element_label"": ""down-streak"", ""element_type"": ""trend_alert"", ""event_name"": ""shown"", ""message"": ""Price went down 3 times in the last 5 ticks!"", ""trader_id"": ""c84dee0b-3d35-4508-a3a9-6cea9b1e4581""}",1788542351.114163
2ce19f6d-4922-4de6-ac0b-8d035ec7b0e0,d6c06251-f749-461f-8865-cd3f41dc17a6,HUMAN,shown,trend_alert,down-streak,down-streak,2026-09-04T17:19:11.000Z,2026-09-04T17:19:11.117201+00:00,"{""client_ts"": ""2026-09-04T17:19:11.000Z"", ""element_id"": ""down-streak"", ""element_label"": ""down-streak"", ""element_type"": ""trend_alert"", ""event_name"": ""shown"", ""message"": ""Price went down 3 times in the last 5 ticks!"", ""trader_id"": ""d6c06251-f749-461f-8865-cd3f41dc17a6""}",1788542351.123058
2ce19f6d-4922-4de6-ac0b-8d035ec7b0e0,332fd2e0-1079-41d8-b346-a1aeb55d837a,HUMAN,shown,trend_alert,down-streak,down-streak,2026-09-04T17:19:11.008Z,2026-09-04T17:19:11.126422+00:00,"{""client_ts"": ""2026-09-04T17:19:11.008Z"", ""element_id"": ""down-streak"", ""element_label"": ""down-streak"", ""element_type"": ""trend_alert"", ""event_name"": ""shown"", ""message"": ""Price went down 3 times in the last 5 ticks!"", ""trader_id"": ""332fd2e0-1079-41d8-b346-a1aeb55d837a""}",1788542351.132421
2ce19f6d-4922-4de6-ac0b-8d035ec7b0e0,66f76d7d-f049-403e-8d07-c1177bf2aad7,HUMAN,shown,trend_alert,down-streak,down-streak,2026-09-04T17:19:11.007Z,2026-09-04T17:19:11.135588+00:00,"{""client_ts"": ""2026-09-04T17:19:11.007Z"", ""element_id"": ""down-streak"", ""element_label"": ""down-streak"", ""element_type"": ""trend_alert"", ""event_name"": ""shown"", ""message"": ""Price went down 3 times in the last 5 ticks!"", ""trader_id"": ""66f76d7d-f049-403e-8d07-c1177bf2aad7""}",1788542351.14148
2ce19f6d-4922-4de6-ac0b-8d035ec7b0e0,eb9b2345-6224-45eb-80c2-d58eaf9a8b9b,HUMAN,shown,trend_alert,down-streak,down-streak,2026-09-04T17:19:11.011Z,2026-09-04T17:19:11.144753+00:00,"{""client_ts"": ""2026-09-04T17:19:11.011Z"", ""element_id"": ""down-streak"", ""element_label"": ""down-streak"", ""element_type"": ""trend_alert"", ""event_name"": ""shown"", ""message"": ""Price went down 3 times in the last 5 ticks!"", ""trader_id"": ""eb9b2345-6224-45eb-80c2-d58eaf9a8b9b""}",1788542351.151144
2ce19f6d-4922-4de6-ac0b-8d035ec7b0e0,6ec76eab-08eb-4017-9469-27f6878bd674,HUMAN,shown,badge_unlock,gold,Gold,2026-09-04T17:19:32.191Z,2026-09-04T17:19:32.396351+00:00,"{""client_ts"": ""2026-09-04T17:19:32.191Z"", ""element_id"": ""gold"", ""element_label"": ""Gold"", ""element_type"": ""badge_unlock"", ""event_name"": ""shown"", ""total_trades_threshold"": 35, ""trader_id"": ""6ec76eab-08eb-4017-9469-27f6878bd674""}",1788542372.402412
2ce19f6d-4922-4de6-ac0b-8d035ec7b0e0,6ec76eab-08eb-4017-9469-27f6878bd674,HUMAN,shown,badge_modal,gold,Gold,2026-09-04T17:19:32.191Z,2026-09-04T17:19:32.453080+00:00,"{""client_ts"": ""2026-09-04T17:19:32.191Z"", ""element_id"": ""gold"", ""element_label"": ""Gold"", ""element_type"": ""badge_modal"", ""event_name"": ""shown"", ""message"": ""You are the money maker!"", ""total_trades"": 35, ""trader_id"": ""6ec76eab-08eb-4017-9469-27f6878bd674""}",1788542372.459794
2ce19f6d-4922-4de6-ac0b-8d035ec7b0e0,6ec76eab-08eb-4017-9469-27f6878bd674,HUMAN,shown,badge_gif,gold,Gold,2026-09-04T17:19:32.191Z,2026-09-04T17:19:32.482718+00:00,"{""client_ts"": ""2026-09-04T17:19:32.191Z"", ""element_id"": ""gold"", ""element_label"": ""Gold"", ""element_type"": ""badge_gif"", ""event_name"": ""shown"", ""gif"": ""/static/trader_bridge_app/vue/assets/gold.gif"", ""trader_id"": ""6ec76eab-08eb-4017-9469-27f6878bd674""}",1788542372.490066
516b8be6-962e-4782-902a-b93434cfb6fc,7ce3ba12-da97-4ced-ba9b-b008a3746ef7,HUMAN,shown,badge_unlock,bronze,Bronze,2026-09-04T17:20:27.922Z,2026-09-04T17:20:27.982240+00:00,"{""client_ts"": ""2026-09-04T17:20:27.922Z"", ""element_id"": ""bronze"", ""element_label"": ""Bronze"", ""element_type"": ""badge_unlock"", ""event_name"": ""shown"", ""total_trades_threshold"": 10, ""trader_id"": ""7ce3ba12-da97-4ced-ba9b-b008a3746ef7""}",1788542427.990121
516b8be6-962e-4782-902a-b93434cfb6fc,7ce3ba12-da97-4ced-ba9b-b008a3746ef7,HUMAN,shown,badge_modal,bronze,Bronze,2026-09-04T17:20:27.923Z,2026-09-04T17:20:27.994860+00:00,"{""client_ts"": ""2026-09-04T17:20:27.923Z"", ""element_id"": ""bronze"", ""element_label"": ""Bronze"", ""element_type"": ""badge_modal"", ""event_name"": ""shown"", ""message"": ""Level up! Doing well"", ""total_trades"": 10, ""trader_id"": ""7ce3ba12-da97-4ced-ba9b-b008a3746ef7""}",1788542428.001734
516b8be6-962e-4782-902a-b93434cfb6fc,7ce3ba12-da97-4ced-ba9b-b008a3746ef7,HUMAN,shown,badge_gif,bronze,Bronze,2026-09-04T17:20:27.923Z,2026-09-04T17:20:28.005695+00:00,"{""client_ts"": ""2026-09-04T17:20:27.923Z"", ""element_id"": ""bronze"", ""element_label"": ""Bronze"", ""element_type"": ""badge_gif"", ""event_name"": ""shown"", ""gif"": ""/static/trader_bridge_app/vue/assets/bronze.gif"", ""trader_id"": ""7ce3ba12-da97-4ced-ba9b-b008a3746ef7""}",1788542428.011639
2ce19f6d-4922-4de6-ac0b-8d035ec7b0e0,c84dee0b-3d35-4508-a3a9-6cea9b1e4581,HUMAN,shown,badge_unlock,platinum,Platinum,2026-09-04T17:20:34.778Z,2026-09-04T17:20:35.021441+00:00,"{""client_ts"": ""2026-09-04T17:20:34.778Z"", ""element_id"": ""platinum"", ""element_label"": ""Platinum"", ""element_type"": ""badge_unlock"", ""event_name"": ""shown"", ""total_trades_threshold"": 50, ""trader_id"": ""c84dee0b-3d35-4508-a3a9-6cea9b1e4581""}",1788542435.029215
2ce19f6d-4922-4de6-ac0b-8d035ec7b0e0,c84dee0b-3d35-4508-a3a9-6cea9b1e4581,HUMAN,shown,badge_modal,platinum,Platinum,2026-09-04T17:20:34.778Z,2026-09-04T17:20:35.048184+00:00,"{""client_ts"": ""2026-09-04T17:20:34.778Z"", ""element_id"": ""platinum"", ""element_label"": ""Platinum"", ""element_type"": ""badge_modal"", ""event_name"": ""shown"", ""message"": ""You are definitely going places!"", ""total_trades"": 50, ""trader_id"": ""c84dee0b-3d35-4508-a3a9-6cea9b1e4581""}",1788542435.054596
2ce19f6d-4922-4de6-ac0b-8d035ec7b0e0,c84dee0b-3d35-4508-a3a9-6cea9b1e4581,HUMAN,shown,badge_gif,platinum,Platinum,2026-09-04T17:20:34.778Z,2026-09-04T17:20:35.074764+00:00,"{""client_ts"": ""2026-09-04T17:20:34.778Z"", ""element_id"": ""platinum"", ""element_label"": ""Platinum"", ""element_type"": ""badge_gif"", ""event_name"": ""shown"", ""gif"": ""/static/trader_bridge_app/vue/assets/platinum.gif"", ""trader_id"": ""c84dee0b-3d35-4508-a3a9-6cea9b1e4581""}",1788542435.081449
2ce19f6d-4922-4de6-ac0b-8d035ec7b0e0,c84dee0b-3d35-4508-a3a9-6cea9b1e4581,HUMAN,shown,trend_alert,up-streak,up-streak,2026-09-04T17:20:35.023Z,2026-09-04T17:20:35.092206+00:00,"{""client_ts"": ""2026-09-04T17:20:35.023Z"", ""element_id"": ""up-streak"", ""element_label"": ""up-streak"", ""element_type"": ""trend_alert"", ""event_name"": ""shown"", ""message"": ""Price went up 3 times in the last 5 ticks!"", ""trader_id"": ""c84dee0b-3d35-4508-a3a9-6cea9b1e4581""}",1788542435.099538
2ce19f6d-4922-4de6-ac0b-8d035ec7b0e0,6ec76eab-08eb-4017-9469-27f6878bd674,HUMAN,shown,trend_alert,up-streak,up-streak,2026-09-04T17:20:35.028Z,2026-09-04T17:20:35.105007+00:00,"{""client_ts"": ""2026-09-04T17:20:35.028Z"", ""element_id"": ""up-streak"", ""element_label"": ""up-streak"", ""element_type"": ""trend_alert"", ""event_name"": ""shown"", ""message"": ""Price went up 3 times in the last 5 ticks!"", ""trader_id"": ""6ec76eab-08eb-4017-9469-27f6878bd674""}",1788542435.111722
2ce19f6d-4922-4de6-ac0b-8d035ec7b0e0,d6c06251-f749-461f-8865-cd3f41dc17a6,HUMAN,shown,trend_alert,up-streak,up-streak,2026-09-04T17:20:35.037Z,2026-09-04T17:20:35.123429+00:00,"{""client_ts"": ""2026-09-04T17:20:35.037Z"", ""element_id"": ""up-streak"", ""element_label"": ""up-streak"", ""element_type"": ""trend_alert"", ""event_name"": ""shown"", ""message"": ""Price went up 3 times in the last 5 ticks!"", ""trader_id"": ""d6c06251-f749-461f-8865-cd3f41dc17a6""}",1788542435.130909
2ce19f6d-4922-4de6-ac0b-8d035ec7b0e0,66f76d7d-f049-403e-8d07-c1177bf2aad7,HUMAN,shown,trend_alert,up-streak,up-streak,2026-09-04T17:20:35.037Z,2026-09-04T17:20:35.135596+00:00,"{""client_ts"": ""2026-09-04T17:20:35.037Z"", ""element_id"": ""up-streak"", ""element_label"": ""up-streak"", ""element_type"": ""trend_alert"", ""event_name"": ""shown"", ""message"": ""Price went up 3 times in the last 5 ticks!"", ""trader_id"": ""66f76d7d-f049-403e-8d07-c1177bf2aad7""}",1788542435.142044
2ce19f6d-4922-4de6-ac0b-8d035ec7b0e0,332fd2e0-1079-41d8-b346-a1aeb55d837a,HUMAN,shown,trend_alert,up-streak,up-streak,2026-09-04T17:20:35.045Z,2026-09-04T17:20:35.145157+00:00,"{""client_ts"": ""2026-09-04T17:20:35.045Z"", ""element_id"": ""up-streak"", ""element_label"": ""up-streak"", ""element_type"": ""trend_alert"", ""event_name"": ""shown"", ""message"": ""Price went up 3 times in the last 5 ticks!"", ""trader_id"": ""332fd2e0-1079-41d8-b346-a1aeb55d837a""}",1788542435.150934
2ce19f6d-4922-4de6-ac0b-8d035ec7b0e0,eb9b2345-6224-45eb-80c2-d58eaf9a8b9b,HUMAN,shown,trend_alert,up-streak,up-streak,2026-09-04T17:20:35.043Z,2026-09-04T17:20:35.154360+00:00,"{""client_ts"": ""2026-09-04T17:20:35.043Z"", ""element_id"": ""up-streak"", ""element_label"": ""up-streak"", ""element_type"": ""trend_alert"", ""event_name"": ""shown"", ""message"": ""Price went up 3 times in the last 5 ticks!"", ""trader_id"": ""eb9b2345-6224-45eb-80c2-d58eaf9a8b9b""}",1788542435.16144
2ce19f6d-4922-4de6-ac0b-8d035ec7b0e0,c84dee0b-3d35-4508-a3a9-6cea9b1e4581,HUMAN,shown,trend_alert,down-streak,down-streak,2026-09-04T17:20:38.690Z,2026-09-04T17:20:38.790380+00:00,"{""client_ts"": ""2026-09-04T17:20:38.690Z"", ""element_id"": ""down-streak"", ""element_label"": ""down-streak"", ""element_type"": ""trend_alert"", ""event_name"": ""shown"", ""message"": ""Price went down 3 times in the last 5 ticks!"", ""trader_id"": ""c84dee0b-3d35-4508-a3a9-6cea9b1e4581""}",1788542438.799632
2ce19f6d-4922-4de6-ac0b-8d035ec7b0e0,d6c06251-f749-461f-8865-cd3f41dc17a6,HUMAN,shown,trend_alert,down-streak,down-streak,2026-09-04T17:20:38.694Z,2026-09-04T17:20:38.802809+00:00,"{""client_ts"": ""2026-09-04T17:20:38.694Z"", ""element_id"": ""down-streak"", ""element_label"": ""down-streak"", ""element_type"": ""trend_alert"", ""event_name"": ""shown"", ""message"": ""Price went down 3 times in the last 5 ticks!"", ""trader_id"": ""d6c06251-f749-461f-8865-cd3f41dc17a6""}",1788542438.808902
2ce19f6d-4922-4de6-ac0b-8d035ec7b0e0,332fd2e0-1079-41d8-b346-a1aeb55d837a,HUMAN,shown,trend_alert,down-streak,down-streak,2026-09-04T17:20:38.698Z,2026-09-04T17:20:38.812712+00:00,"{""client_ts"": ""2026-09-04T17:20:38.698Z"", ""element_id"": ""down-streak"", ""element_label"": ""down-streak"", ""element_type"": ""trend_alert"", ""event_name"": ""shown"", ""message"": ""Price went down 3 times in the last 5 ticks!"", ""trader_id"": ""332fd2e0-1079-41d8-b346-a1aeb55d837a""}",1788542438.820236
2ce19f6d-4922-4de6-ac0b-8d035ec7b0e0,eb9b2345-6224-45eb-80c2-d58eaf9a8b9b,HUMAN,shown,trend_alert,down-streak,down-streak,2026-09-04T17:20:38.698Z,2026-09-04T17:20:38.824341+00:00,"{""client_ts"": ""2026-09-04T17:20:38.698Z"", ""element_id"": ""down-streak"", ""element_label"": ""down-streak"", ""element_type"": ""trend_alert"", ""event_name"": ""shown"", ""message"": ""Price went down 3 times in the last 5 ticks!"", ""trader_id"": ""eb9b2345-6224-45eb-80c2-d58eaf9a8b9b""}",1788542438.831789
2ce19f6d-4922-4de6-ac0b-8d035ec7b0e0,6ec76eab-08eb-4017-9469-27f6878bd674,HUMAN,shown,trend_alert,down-streak,down-streak,2026-09-04T17:20:38.698Z,2026-09-04T17:20:38.835333+00:00,"{""client_ts"": ""2026-09-04T17:20:38.698Z"", ""element_id"": ""down-streak"", ""element_label"": ""down-streak"", ""element_type"": ""trend_alert"", ""event_name"": ""shown"", ""message"": ""Price went down 3 times in the last 5 ticks!"", ""trader_id"": ""6ec76eab-08eb-4017-9469-27f6878bd674""}",1788542438.842085
2ce19f6d-4922-4de6-ac0b-8d035ec7b0e0,66f76d7d-f049-403e-8d07-c1177bf2aad7,HUMAN,shown,trend_alert,down-streak,down-streak,2026-09-04T17:20:38.694Z,2026-09-04T17:20:38.845200+00:00,"{""client_ts"": ""2026-09-04T17:20:38.694Z"", ""element_id"": ""down-streak"", ""element_label"": ""down-streak"", ""element_type"": ""trend_alert"", ""event_name"": ""shown"", ""message"": ""Price went down 3 times in the last 5 ticks!"", ""trader_id"": ""66f76d7d-f049-403e-8d07-c1177bf2aad7""}",1788542438.851961
2ce19f6d-4922-4de6-ac0b-8d035ec7b0e0,c84dee0b-3d35-4508-a3a9-6cea9b1e4581,HUMAN,shown,trend_alert,up-streak,up-streak,2026-09-04T17:20:42.970Z,2026-09-04T17:20:43.031821+00:00,"{""client_ts"": ""2026-09-04T17:20:42.970Z"", ""element_id"": ""up-streak"", ""element_label"": ""up-streak"", ""element_type"": ""trend_alert"", ""event_name"": ""shown"", ""message"": ""Price went up 3 times in the last 5 ticks!"", ""trader_id"": ""c84dee0b-3d35-4508-a3a9-6cea9b1e4581""}",1788542443.040339
2ce19f6d-4922-4de6-ac0b-8d035ec7b0e0,6ec76eab-08eb-4017-9469-27f6878bd674,HUMAN,shown,trend_alert,up-streak,up-streak,2026-09-04T17:20:42.978Z,2026-09-04T17:20:43.046134+00:00,"{""client_ts"": ""2026-09-04T17:20:42.978Z"", ""element_id"": ""up-streak"", ""element_label"": ""up-streak"", ""element_type"": ""trend_alert"", ""event_name"": ""shown"", ""message"": ""Price went up 3 times in the last 5 ticks!"", ""trader_id"": ""6ec76eab-08eb-4017-9469-27f6878bd674""}",1788542443.054381
2ce19f6d-4922-4de6-ac0b-8d035ec7b0e0,d6c06251-f749-461f-8865-cd3f41dc17a6,HUMAN,shown,trend_alert,up-streak,up-streak,2026-09-04T17:20:42.987Z,2026-09-04T17:20:43.063364+00:00,"{""client_ts"": ""2026-09-04T17:20:42.987Z"", ""element_id"": ""up-streak"", ""element_label"": ""up-streak"", ""element_type"": ""trend_alert"", ""event_name"": ""shown"", ""message"": ""Price went up 3 times in the last 5 ticks!"", ""trader_id"": ""d6c06251-f749-461f-8865-cd3f41dc17a6""}",1788542443.070701
2ce19f6d-4922-4de6-ac0b-8d035ec7b0e0,332fd2e0-1079-41d8-b346-a1aeb55d837a,HUMAN,shown,trend_alert,up-streak,up-streak,2026-09-04T17:20:42.993Z,2026-09-04T17:20:43.074241+00:00,"{""client_ts"": ""2026-09-04T17:20:42.993Z"", ""element_id"": ""up-streak"", ""element_label"": ""up-streak"", ""element_type"": ""trend_alert"", ""event_name"": ""shown"", ""message"": ""Price went up 3 times in the last 5 ticks!"", ""trader_id"": ""332fd2e0-1079-41d8-b346-a1aeb55d837a""}",1788542443.081209
2ce19f6d-4922-4de6-ac0b-8d035ec7b0e0,eb9b2345-6224-45eb-80c2-d58eaf9a8b9b,HUMAN,shown,trend_alert,up-streak,up-streak,2026-09-04T17:20:42.993Z,2026-09-04T17:20:43.085246+00:00,"{""client_ts"": ""2026-09-04T17:20:42.993Z"", ""element_id"": ""up-streak"", ""element_label"": ""up-streak"", ""element_type"": ""trend_alert"", ""event_name"": ""shown"", ""message"": ""Price went up 3 times in the last 5 ticks!"", ""trader_id"": ""eb9b2345-6224-45eb-80c2-d58eaf9a8b9b""}",1788542443.091768
2ce19f6d-4922-4de6-ac0b-8d035ec7b0e0,66f76d7d-f049-403e-8d07-c1177bf2aad7,HUMAN,shown,trend_alert,up-streak,up-streak,2026-09-04T17:20:42.987Z,2026-09-04T17:20:43.095426+00:00,"{""client_ts"": ""2026-09-04T17:20:42.987Z"", ""element_id"": ""up-streak"", ""element_label"": ""up-streak"", ""element_type"": ""trend_alert"", ""event_name"": ""shown"", ""message"": ""Price went up 3 times in the last 5 ticks!"", ""trader_id"": ""66f76d7d-f049-403e-8d07-c1177bf2aad7""}",1788542443.102591
2ce19f6d-4922-4de6-ac0b-8d035ec7b0e0,332fd2e0-1079-41d8-b346-a1aeb55d837a,HUMAN,shown,badge_unlock,gold,Gold,2026-09-04T17:21:10.192Z,2026-09-04T17:21:10.247226+00:00,"{""client_ts"": ""2026-09-04T17:21:10.192Z"", ""element_id"": ""gold"", ""element_label"": ""Gold"", ""element_type"": ""badge_unlock"", ""event_name"": ""shown"", ""total_trades_threshold"": 35, ""trader_id"": ""332fd2e0-1079-41d8-b346-a1aeb55d837a""}",1788542470.254753
2ce19f6d-4922-4de6-ac0b-8d035ec7b0e0,332fd2e0-1079-41d8-b346-a1aeb55d837a,HUMAN,shown,badge_modal,gold,Gold,2026-09-04T17:21:10.192Z,2026-09-04T17:21:10.259092+00:00,"{""client_ts"": ""2026-09-04T17:21:10.192Z"", ""element_id"": ""gold"", ""element_label"": ""Gold"", ""element_type"": ""badge_modal"", ""event_name"": ""shown"", ""message"": ""You are the money maker!"", ""total_trades"": 35, ""trader_id"": ""332fd2e0-1079-41d8-b346-a1aeb55d837a""}",1788542470.265797
2ce19f6d-4922-4de6-ac0b-8d035ec7b0e0,332fd2e0-1079-41d8-b346-a1aeb55d837a,HUMAN,shown,badge_gif,gold,Gold,2026-09-04T17:21:10.192Z,2026-09-04T17:21:10.270157+00:00,"{""client_ts"": ""2026-09-04T17:21:10.192Z"", ""element_id"": ""gold"", ""element_label"": ""Gold"", ""element_type"": ""badge_gif"", ""event_name"": ""shown"", ""gif"": ""/static/trader_bridge_app/vue/assets/gold.gif"", ""trader_id"": ""332fd2e0-1079-41d8-b346-a1aeb55d837a""}",1788542470.276615
d0efe7f8-d952-4f8f-9f07-1dd523e371de,2578aafe-0d46-452c-9cca-c6a29b09f136,HUMAN,shown,badge_unlock,silver,Silver,2026-09-04T17:21:49.744Z,2026-09-04T17:21:49.797625+00:00,"{""client_ts"": ""2026-09-04T17:21:49.744Z"", ""element_id"": ""silver"", ""element_label"": ""Silver"", ""element_type"": ""badge_unlock"", ""event_name"": ""shown"", ""total_trades_threshold"": 15, ""trader_id"": ""2578aafe-0d46-452c-9cca-c6a29b09f136""}",1788542509.804109
d0efe7f8-d952-4f8f-9f07-1dd523e371de,2578aafe-0d46-452c-9cca-c6a29b09f136,HUMAN,shown,badge_modal,silver,Silver,2026-09-04T17:21:49.745Z,2026-09-04T17:21:49.807972+00:00,"{""client_ts"": ""2026-09-04T17:21:49.745Z"", ""element_id"": ""silver"", ""element_label"": ""Silver"", ""element_type"": ""badge_modal"", ""event_name"": ""shown"", ""message"": ""You belong on the trading floor!"", ""total_trades"": 15, ""trader_id"": ""2578aafe-0d46-452c-9cca-c6a29b09f136""}",1788542509.814056
d0efe7f8-d952-4f8f-9f07-1dd523e371de,2578aafe-0d46-452c-9cca-c6a29b09f136,HUMAN,shown,badge_gif,silver,Silver,2026-09-04T17:21:49.745Z,2026-09-04T17:21:49.817441+00:00,"{""client_ts"": ""2026-09-04T17:21:49.745Z"", ""element_id"": ""silver"", ""element_label"": ""Silver"", ""element_type"": ""badge_gif"", ""event_name"": ""shown"", ""gif"": ""/static/trader_bridge_app/vue/assets/silver.gif"", ""trader_id"": ""2578aafe-0d46-452c-9cca-c6a29b09f136""}",1788542509.823544
d0efe7f8-d952-4f8f-9f07-1dd523e371de,e5ca717f-b19a-42dd-aabd-764930e44e05,HUMAN,shown,trend_alert,down-streak,down-streak,2026-09-04T17:21:49.775Z,2026-09-04T17:21:49.838985+00:00,"{""client_ts"": ""2026-09-04T17:21:49.775Z"", ""element_id"": ""down-streak"", ""element_label"": ""down-streak"", ""element_type"": ""trend_alert"", ""event_name"": ""shown"", ""message"": ""Price went down 3 times in the last 5 ticks!"", ""trader_id"": ""e5ca717f-b19a-42dd-aabd-764930e44e05""}",1788542509.845177
d0efe7f8-d952-4f8f-9f07-1dd523e371de,e2271452-251f-449f-b490-af4337b25b31,HUMAN,shown,trend_alert,down-streak,down-streak,2026-09-04T17:21:49.777Z,2026-09-04T17:21:49.848652+00:00,"{""client_ts"": ""2026-09-04T17:21:49.777Z"", ""element_id"": ""down-streak"", ""element_label"": ""down-streak"", ""element_type"": ""trend_alert"", ""event_name"": ""shown"", ""message"": ""Price went down 3 times in the last 5 ticks!"", ""trader_id"": ""e2271452-251f-449f-b490-af4337b25b31""}",1788542509.854484
d0efe7f8-d952-4f8f-9f07-1dd523e371de,2578aafe-0d46-452c-9cca-c6a29b09f136,HUMAN,shown,trend_alert,down-streak,down-streak,2026-09-04T17:21:49.790Z,2026-09-04T17:21:49.857528+00:00,"{""client_ts"": ""2026-09-04T17:21:49.790Z"", ""element_id"": ""down-streak"", ""element_label"": ""down-streak"", ""element_type"": ""trend_alert"", ""event_name"": ""shown"", ""message"": ""Price went down 3 times in the last 5 ticks!"", ""trader_id"": ""2578aafe-0d46-452c-9cca-c6a29b09f136""}",1788542509.862983
516b8be6-962e-4782-902a-b93434cfb6fc,775e9f61-7595-4aed-b485-32e91a0c36b2,HUMAN,shown,badge_unlock,silver,Silver,2026-09-04T17:21:56.524Z,2026-09-04T17:21:56.587431+00:00,"{""client_ts"": ""2026-09-04T17:21:56.524Z"", ""element_id"": ""silver"", ""element_label"": ""Silver"", ""element_type"": ""badge_unlock"", ""event_name"": ""shown"", ""total_trades_threshold"": 15, ""trader_id"": ""775e9f61-7595-4aed-b485-32e91a0c36b2""}",1788542516.594416
516b8be6-962e-4782-902a-b93434cfb6fc,775e9f61-7595-4aed-b485-32e91a0c36b2,HUMAN,shown,badge_modal,silver,Silver,2026-09-04T17:21:56.524Z,2026-09-04T17:21:56.598116+00:00,"{""client_ts"": ""2026-09-04T17:21:56.524Z"", ""element_id"": ""silver"", ""element_label"": ""Silver"", ""element_type"": ""badge_modal"", ""event_name"": ""shown"", ""message"": ""You belong on the trading floor!"", ""total_trades"": 15, ""trader_id"": ""775e9f61-7595-4aed-b485-32e91a0c36b2""}",1788542516.604318
516b8be6-962e-4782-902a-b93434cfb6fc,775e9f61-7595-4aed-b485-32e91a0c36b2,HUMAN,shown,badge_gif,silver,Silver,2026-09-04T17:21:56.524Z,2026-09-04T17:21:56.611100+00:00,"{""client_ts"": ""2026-09-04T17:21:56.524Z"", ""element_id"": ""silver"", ""element_label"": ""Silver"", ""element_type"": ""badge_gif"", ""event_name"": ""shown"", ""gif"": ""/static/trader_bridge_app/vue/assets/silver.gif"", ""trader_id"": ""775e9f61-7595-4aed-b485-32e91a0c36b2""}",1788542516.617318
2ce19f6d-4922-4de6-ac0b-8d035ec7b0e0,c84dee0b-3d35-4508-a3a9-6cea9b1e4581,HUMAN,shown,badge_unlock,diamond,Diamond,2026-09-04T17:22:01.654Z,2026-09-04T17:22:01.768783+00:00,"{""client_ts"": ""2026-09-04T17:22:01.654Z"", ""element_id"": ""diamond"", ""element_label"": ""Diamond"", ""element_type"": ""badge_unlock"", ""event_name"": ""shown"", ""total_trades_threshold"": 60, ""trader_id"": ""c84dee0b-3d35-4508-a3a9-6cea9b1e4581""}",1788542521.78564
2ce19f6d-4922-4de6-ac0b-8d035ec7b0e0,c84dee0b-3d35-4508-a3a9-6cea9b1e4581,HUMAN,shown,badge_modal,diamond,Diamond,2026-09-04T17:22:01.654Z,2026-09-04T17:22:01.798161+00:00,"{""client_ts"": ""2026-09-04T17:22:01.654Z"", ""element_id"": ""diamond"", ""element_label"": ""Diamond"", ""element_type"": ""badge_modal"", ""event_name"": ""shown"", ""message"": ""The Wolf of Wall Street"", ""total_trades"": 60, ""trader_id"": ""c84dee0b-3d35-4508-a3a9-6cea9b1e4581""}",1788542521.808621
2ce19f6d-4922-4de6-ac0b-8d035ec7b0e0,c84dee0b-3d35-4508-a3a9-6cea9b1e4581,HUMAN,shown,badge_gif,diamond,Diamond,2026-09-04T17:22:01.655Z,2026-09-04T17:22:01.813899+00:00,"{""client_ts"": ""2026-09-04T17:22:01.655Z"", ""element_id"": ""diamond"", ""element_label"": ""Diamond"", ""element_type"": ""badge_gif"", ""event_name"": ""shown"", ""gif"": ""/static/trader_bridge_app/vue/assets/diamond.gif"", ""trader_id"": ""c84dee0b-3d35-4508-a3a9-6cea9b1e4581""}",1788542521.82872
d0efe7f8-d952-4f8f-9f07-1dd523e371de,e5ca717f-b19a-42dd-aabd-764930e44e05,HUMAN,shown,badge_unlock,bronze,Bronze,2026-09-04T17:22:11.433Z,2026-09-04T17:22:11.497882+00:00,"{""client_ts"": ""2026-09-04T17:22:11.433Z"", ""element_id"": ""bronze"", ""element_label"": ""Bronze"", ""element_type"": ""badge_unlock"", ""event_name"": ""shown"", ""total_trades_threshold"": 10, ""trader_id"": ""e5ca717f-b19a-42dd-aabd-764930e44e05""}",1788542531.504567
d0efe7f8-d952-4f8f-9f07-1dd523e371de,e5ca717f-b19a-42dd-aabd-764930e44e05,HUMAN,shown,badge_modal,bronze,Bronze,2026-09-04T17:22:11.433Z,2026-09-04T17:22:11.508546+00:00,"{""client_ts"": ""2026-09-04T17:22:11.433Z"", ""element_id"": ""bronze"", ""element_label"": ""Bronze"", ""element_type"": ""badge_modal"", ""event_name"": ""shown"", ""message"": ""Level up! Doing well"", ""total_trades"": 10, ""trader_id"": ""e5ca717f-b19a-42dd-aabd-764930e44e05""}",1788542531.514721
d0efe7f8-d952-4f8f-9f07-1dd523e371de,e5ca717f-b19a-42dd-aabd-764930e44e05,HUMAN,shown,badge_gif,bronze,Bronze,2026-09-04T17:22:11.433Z,2026-09-04T17:22:11.518203+00:00,"{""client_ts"": ""2026-09-04T17:22:11.433Z"", ""element_id"": ""bronze"", ""element_label"": ""Bronze"", ""element_type"": ""badge_gif"", ""event_name"": ""shown"", ""gif"": ""/static/trader_bridge_app/vue/assets/bronze.gif"", ""trader_id"": ""e5ca717f-b19a-42dd-aabd-764930e44e05""}",1788542531.524106
516b8be6-962e-4782-902a-b93434cfb6fc,59975844-525d-44e7-b7a4-b5679ef37949,HUMAN,shown,badge_unlock,bronze,Bronze,2026-09-04T17:22:14.942Z,2026-09-04T17:22:14.998118+00:00,"{""client_ts"": ""2026-09-04T17:22:14.942Z"", ""element_id"": ""bronze"", ""element_label"": ""Bronze"", ""element_type"": ""badge_unlock"", ""event_name"": ""shown"", ""total_trades_threshold"": 10, ""trader_id"": ""59975844-525d-44e7-b7a4-b5679ef37949""}",1788542535.005594
516b8be6-962e-4782-902a-b93434cfb6fc,59975844-525d-44e7-b7a4-b5679ef37949,HUMAN,shown,badge_modal,bronze,Bronze,2026-09-04T17:22:14.942Z,2026-09-04T17:22:15.012335+00:00,"{""client_ts"": ""2026-09-04T17:22:14.942Z"", ""element_id"": ""bronze"", ""element_label"": ""Bronze"", ""element_type"": ""badge_modal"", ""event_name"": ""shown"", ""message"": ""Level up! Doing well"", ""total_trades"": 10, ""trader_id"": ""59975844-525d-44e7-b7a4-b5679ef37949""}",1788542535.018478
516b8be6-962e-4782-902a-b93434cfb6fc,59975844-525d-44e7-b7a4-b5679ef37949,HUMAN,shown,badge_gif,bronze,Bronze,2026-09-04T17:22:14.942Z,2026-09-04T17:22:15.024783+00:00,"{""client_ts"": ""2026-09-04T17:22:14.942Z"", ""element_id"": ""bronze"", ""element_label"": ""Bronze"", ""element_type"": ""badge_gif"", ""event_name"": ""shown"", ""gif"": ""/static/trader_bridge_app/vue/assets/bronze.gif"", ""trader_id"": ""59975844-525d-44e7-b7a4-b5679ef37949""}",1788542535.031933
516b8be6-962e-4782-902a-b93434cfb6fc,5133e66f-7d86-45a4-ba8b-2e5fbc5a5f0e,HUMAN,shown,badge_unlock,silver,Silver,2026-09-04T17:22:23.159Z,2026-09-04T17:22:23.239157+00:00,"{""client_ts"": ""2026-09-04T17:22:23.159Z"", ""element_id"": ""silver"", ""element_label"": ""Silver"", ""element_type"": ""badge_unlock"", ""event_name"": ""shown"", ""total_trades_threshold"": 15, ""trader_id"": ""5133e66f-7d86-45a4-ba8b-2e5fbc5a5f0e""}",1788542543.245417
516b8be6-962e-4782-902a-b93434cfb6fc,b51aa576-16ab-44e1-9305-9532ca2539af,HUMAN,shown,badge_unlock,bronze,Bronze,2026-09-04T17:22:23.140Z,2026-09-04T17:22:23.248484+00:00,"{""client_ts"": ""2026-09-04T17:22:23.140Z"", ""element_id"": ""bronze"", ""element_label"": ""Bronze"", ""element_type"": ""badge_unlock"", ""event_name"": ""shown"", ""total_trades_threshold"": 10, ""trader_id"": ""b51aa576-16ab-44e1-9305-9532ca2539af""}",1788542543.254409
516b8be6-962e-4782-902a-b93434cfb6fc,5133e66f-7d86-45a4-ba8b-2e5fbc5a5f0e,HUMAN,shown,badge_modal,silver,Silver,2026-09-04T17:22:23.159Z,2026-09-04T17:22:23.301516+00:00,"{""client_ts"": ""2026-09-04T17:22:23.159Z"", ""element_id"": ""silver"", ""element_label"": ""Silver"", ""element_type"": ""badge_modal"", ""event_name"": ""shown"", ""message"": ""You belong on the trading floor!"", ""total_trades"": 15, ""trader_id"": ""5133e66f-7d86-45a4-ba8b-2e5fbc5a5f0e""}",1788542543.307763
516b8be6-962e-4782-902a-b93434cfb6fc,b51aa576-16ab-44e1-9305-9532ca2539af,HUMAN,shown,badge_modal,bronze,Bronze,2026-09-04T17:22:23.140Z,2026-09-04T17:22:23.322024+00:00,"{""client_ts"": ""2026-09-04T17:22:23.140Z"", ""element_id"": ""bronze"", ""element_label"": ""Bronze"", ""element_type"": ""badge_modal"", ""event_name"": ""shown"", ""message"": ""Level up! Doing well"", ""total_trades"": 10, ""trader_id"": ""b51aa576-16ab-44e1-9305-9532ca2539af""}",1788542543.328662
516b8be6-962e-4782-902a-b93434cfb6fc,5133e66f-7d86-45a4-ba8b-2e5fbc5a5f0e,HUMAN,shown,badge_gif,silver,Silver,2026-09-04T17:22:23.160Z,2026-09-04T17:22:23.332970+00:00,"{""client_ts"": ""2026-09-04T17:22:23.160Z"", ""element_id"": ""silver"", ""element_label"": ""Silver"", ""element_type"": ""badge_gif"", ""event_name"": ""shown"", ""gif"": ""/static/trader_bridge_app/vue/assets/silver.gif"", ""trader_id"": ""5133e66f-7d86-45a4-ba8b-2e5fbc5a5f0e""}",1788542543.339206
516b8be6-962e-4782-902a-b93434cfb6fc,b51aa576-16ab-44e1-9305-9532ca2539af,HUMAN,shown,badge_gif,bronze,Bronze,2026-09-04T17:22:23.140Z,2026-09-04T17:22:23.343815+00:00,"{""client_ts"": ""2026-09-04T17:22:23.140Z"", ""element_id"": ""bronze"", ""element_label"": ""Bronze"", ""element_type"": ""badge_gif"", ""event_name"": ""shown"", ""gif"": ""/static/trader_bridge_app/vue/assets/bronze.gif"", ""trader_id"": ""b51aa576-16ab-44e1-9305-9532ca2539af""}",1788542543.350344
2ce19f6d-4922-4de6-ac0b-8d035ec7b0e0,6ec76eab-08eb-4017-9469-27f6878bd674,HUMAN,shown,trend_alert,up-streak,up-streak,2026-09-04T17:23:27.330Z,2026-09-04T17:23:27.386332+00:00,"{""client_ts"": ""2026-09-04T17:23:27.330Z"", ""element_id"": ""up-streak"", ""element_label"": ""up-streak"", ""element_type"": ""trend_alert"", ""event_name"": ""shown"", ""message"": ""Price went up 3 times in the last 5 ticks!"", ""trader_id"": ""6ec76eab-08eb-4017-9469-27f6878bd674""}",1788542607.393527
2ce19f6d-4922-4de6-ac0b-8d035ec7b0e0,66f76d7d-f049-403e-8d07-c1177bf2aad7,HUMAN,shown,trend_alert,up-streak,up-streak,2026-09-04T17:23:27.325Z,2026-09-04T17:23:27.396992+00:00,"{""client_ts"": ""2026-09-04T17:23:27.325Z"", ""element_id"": ""up-streak"", ""element_label"": ""up-streak"", ""element_type"": ""trend_alert"", ""event_name"": ""shown"", ""message"": ""Price went up 3 times in the last 5 ticks!"", ""trader_id"": ""66f76d7d-f049-403e-8d07-c1177bf2aad7""}",1788542607.402547
2ce19f6d-4922-4de6-ac0b-8d035ec7b0e0,332fd2e0-1079-41d8-b346-a1aeb55d837a,HUMAN,shown,trend_alert,up-streak,up-streak,2026-09-04T17:23:27.331Z,2026-09-04T17:23:27.406431+00:00,"{""client_ts"": ""2026-09-04T17:23:27.331Z"", ""element_id"": ""up-streak"", ""element_label"": ""up-streak"", ""element_type"": ""trend_alert"", ""event_name"": ""shown"", ""message"": ""Price went up 3 times in the last 5 ticks!"", ""trader_id"": ""332fd2e0-1079-41d8-b346-a1aeb55d837a""}",1788542607.412139
2ce19f6d-4922-4de6-ac0b-8d035ec7b0e0,eb9b2345-6224-45eb-80c2-d58eaf9a8b9b,HUMAN,shown,trend_alert,up-streak,up-streak,2026-09-04T17:23:27.335Z,2026-09-04T17:23:27.415119+00:00,"{""client_ts"": ""2026-09-04T17:23:27.335Z"", ""element_id"": ""up-streak"", ""element_label"": ""up-streak"", ""element_type"": ""trend_alert"", ""event_name"": ""shown"", ""message"": ""Price went up 3 times in the last 5 ticks!"", ""trader_id"": ""eb9b2345-6224-45eb-80c2-d58eaf9a8b9b""}",1788542607.420723
2ce19f6d-4922-4de6-ac0b-8d035ec7b0e0,c84dee0b-3d35-4508-a3a9-6cea9b1e4581,HUMAN,shown,trend_alert,up-streak,up-streak,2026-09-04T17:23:27.336Z,2026-09-04T17:23:27.427625+00:00,"{""client_ts"": ""2026-09-04T17:23:27.336Z"", ""element_id"": ""up-streak"", ""element_label"": ""up-streak"", ""element_type"": ""trend_alert"", ""event_name"": ""shown"", ""message"": ""Price went up 3 times in the last 5 ticks!"", ""trader_id"": ""c84dee0b-3d35-4508-a3a9-6cea9b1e4581""}",1788542607.434086
d0efe7f8-d952-4f8f-9f07-1dd523e371de,e5ca717f-b19a-42dd-aabd-764930e44e05,HUMAN,shown,badge_unlock,silver,Silver,2026-09-04T17:23:28.226Z,2026-09-04T17:23:28.293149+00:00,"{""client_ts"": ""2026-09-04T17:23:28.226Z"", ""element_id"": ""silver"", ""element_label"": ""Silver"", ""element_type"": ""badge_unlock"", ""event_name"": ""shown"", ""total_trades_threshold"": 15, ""trader_id"": ""e5ca717f-b19a-42dd-aabd-764930e44e05""}",1788542608.299767
d0efe7f8-d952-4f8f-9f07-1dd523e371de,e5ca717f-b19a-42dd-aabd-764930e44e05,HUMAN,shown,badge_modal,silver,Silver,2026-09-04T17:23:28.226Z,2026-09-04T17:23:28.303379+00:00,"{""client_ts"": ""2026-09-04T17:23:28.226Z"", ""element_id"": ""silver"", ""element_label"": ""Silver"", ""element_type"": ""badge_modal"", ""event_name"": ""shown"", ""message"": ""You belong on the trading floor!"", ""total_trades"": 15, ""trader_id"": ""e5ca717f-b19a-42dd-aabd-764930e44e05""}",1788542608.309391
d0efe7f8-d952-4f8f-9f07-1dd523e371de,e5ca717f-b19a-42dd-aabd-764930e44e05,HUMAN,shown,badge_gif,silver,Silver,2026-09-04T17:23:28.226Z,2026-09-04T17:23:28.312852+00:00,"{""client_ts"": ""2026-09-04T17:23:28.226Z"", ""element_id"": ""silver"", ""element_label"": ""Silver"", ""element_type"": ""badge_gif"", ""event_name"": ""shown"", ""gif"": ""/static/trader_bridge_app/vue/assets/silver.gif"", ""trader_id"": ""e5ca717f-b19a-42dd-aabd-764930e44e05""}",1788542608.318533
2ce19f6d-4922-4de6-ac0b-8d035ec7b0e0,6ec76eab-08eb-4017-9469-27f6878bd674,HUMAN,shown,badge_unlock,platinum,Platinum,2026-09-04T17:23:30.614Z,2026-09-04T17:23:30.669283+00:00,"{""client_ts"": ""2026-09-04T17:23:30.614Z"", ""element_id"": ""platinum"", ""element_label"": ""Platinum"", ""element_type"": ""badge_unlock"", ""event_name"": ""shown"", ""total_trades_threshold"": 50, ""trader_id"": ""6ec76eab-08eb-4017-9469-27f6878bd674""}",1788542610.676232
2ce19f6d-4922-4de6-ac0b-8d035ec7b0e0,6ec76eab-08eb-4017-9469-27f6878bd674,HUMAN,shown,badge_modal,platinum,Platinum,2026-09-04T17:23:30.614Z,2026-09-04T17:23:30.680055+00:00,"{""client_ts"": ""2026-09-04T17:23:30.614Z"", ""element_id"": ""platinum"", ""element_label"": ""Platinum"", ""element_type"": ""badge_modal"", ""event_name"": ""shown"", ""message"": ""You are definitely going places!"", ""total_trades"": 50, ""trader_id"": ""6ec76eab-08eb-4017-9469-27f6878bd674""}",1788542610.686615
2ce19f6d-4922-4de6-ac0b-8d035ec7b0e0,6ec76eab-08eb-4017-9469-27f6878bd674,HUMAN,shown,badge_gif,platinum,Platinum,2026-09-04T17:23:30.614Z,2026-09-04T17:23:30.690650+00:00,"{""client_ts"": ""2026-09-04T17:23:30.614Z"", ""element_id"": ""platinum"", ""element_label"": ""Platinum"", ""element_type"": ""badge_gif"", ""event_name"": ""shown"", ""gif"": ""/static/trader_bridge_app/vue/assets/platinum.gif"", ""trader_id"": ""6ec76eab-08eb-4017-9469-27f6878bd674""}",1788542610.696948
2ce19f6d-4922-4de6-ac0b-8d035ec7b0e0,c84dee0b-3d35-4508-a3a9-6cea9b1e4581,HUMAN,shown,trend_alert,down-streak,down-streak,2026-09-04T17:23:36.832Z,2026-09-04T17:23:36.888463+00:00,"{""client_ts"": ""2026-09-04T17:23:36.832Z"", ""element_id"": ""down-streak"", ""element_label"": ""down-streak"", ""element_type"": ""trend_alert"", ""event_name"": ""shown"", ""message"": ""Price went down 3 times in the last 5 ticks!"", ""trader_id"": ""c84dee0b-3d35-4508-a3a9-6cea9b1e4581""}",1788542616.896187
2ce19f6d-4922-4de6-ac0b-8d035ec7b0e0,d6c06251-f749-461f-8865-cd3f41dc17a6,HUMAN,shown,trend_alert,down-streak,down-streak,2026-09-04T17:23:36.837Z,2026-09-04T17:23:36.901005+00:00,"{""client_ts"": ""2026-09-04T17:23:36.837Z"", ""element_id"": ""down-streak"", ""element_label"": ""down-streak"", ""element_type"": ""trend_alert"", ""event_name"": ""shown"", ""message"": ""Price went down 3 times in the last 5 ticks!"", ""trader_id"": ""d6c06251-f749-461f-8865-cd3f41dc17a6""}",1788542616.90745
2ce19f6d-4922-4de6-ac0b-8d035ec7b0e0,6ec76eab-08eb-4017-9469-27f6878bd674,HUMAN,shown,trend_alert,down-streak,down-streak,2026-09-04T17:23:36.833Z,2026-09-04T17:23:36.910615+00:00,"{""client_ts"": ""2026-09-04T17:23:36.833Z"", ""element_id"": ""down-streak"", ""element_label"": ""down-streak"", ""element_type"": ""trend_alert"", ""event_name"": ""shown"", ""message"": ""Price went down 3 times in the last 5 ticks!"", ""trader_id"": ""6ec76eab-08eb-4017-9469-27f6878bd674""}",1788542616.917973
2ce19f6d-4922-4de6-ac0b-8d035ec7b0e0,66f76d7d-f049-403e-8d07-c1177bf2aad7,HUMAN,shown,trend_alert,down-streak,down-streak,2026-09-04T17:23:36.828Z,2026-09-04T17:23:36.921559+00:00,"{""client_ts"": ""2026-09-04T17:23:36.828Z"", ""element_id"": ""down-streak"", ""element_label"": ""down-streak"", ""element_type"": ""trend_alert"", ""event_name"": ""shown"", ""message"": ""Price went down 3 times in the last 5 ticks!"", ""trader_id"": ""66f76d7d-f049-403e-8d07-c1177bf2aad7""}",1788542616.930412
2ce19f6d-4922-4de6-ac0b-8d035ec7b0e0,eb9b2345-6224-45eb-80c2-d58eaf9a8b9b,HUMAN,shown,trend_alert,down-streak,down-streak,2026-09-04T17:23:36.837Z,2026-09-04T17:23:36.935757+00:00,"{""client_ts"": ""2026-09-04T17:23:36.837Z"", ""element_id"": ""down-streak"", ""element_label"": ""down-streak"", ""element_type"": ""trend_alert"", ""event_name"": ""shown"", ""message"": ""Price went down 3 times in the last 5 ticks!"", ""trader_id"": ""eb9b2345-6224-45eb-80c2-d58eaf9a8b9b""}",1788542616.944454
2ce19f6d-4922-4de6-ac0b-8d035ec7b0e0,332fd2e0-1079-41d8-b346-a1aeb55d837a,HUMAN,shown,trend_alert,down-streak,down-streak,2026-09-04T17:23:36.838Z,2026-09-04T17:23:36.950502+00:00,"{""client_ts"": ""2026-09-04T17:23:36.838Z"", ""element_id"": ""down-streak"", ""element_label"": ""down-streak"", ""element_type"": ""trend_alert"", ""event_name"": ""shown"", ""message"": ""Price went down 3 times in the last 5 ticks!"", ""trader_id"": ""332fd2e0-1079-41d8-b346-a1aeb55d837a""}",1788542616.958017
516b8be6-962e-4782-902a-b93434cfb6fc,7ce3ba12-da97-4ced-ba9b-b008a3746ef7,HUMAN,shown,badge_unlock,silver,Silver,2026-09-04T17:23:37.996Z,2026-09-04T17:23:38.051122+00:00,"{""client_ts"": ""2026-09-04T17:23:37.996Z"", ""element_id"": ""silver"", ""element_label"": ""Silver"", ""element_type"": ""badge_unlock"", ""event_name"": ""shown"", ""total_trades_threshold"": 15, ""trader_id"": ""7ce3ba12-da97-4ced-ba9b-b008a3746ef7""}",1788542618.058021
516b8be6-962e-4782-902a-b93434cfb6fc,7ce3ba12-da97-4ced-ba9b-b008a3746ef7,HUMAN,shown,badge_modal,silver,Silver,2026-09-04T17:23:37.996Z,2026-09-04T17:23:38.061685+00:00,"{""client_ts"": ""2026-09-04T17:23:37.996Z"", ""element_id"": ""silver"", ""element_label"": ""Silver"", ""element_type"": ""badge_modal"", ""event_name"": ""shown"", ""message"": ""You belong on the trading floor!"", ""total_trades"": 15, ""trader_id"": ""7ce3ba12-da97-4ced-ba9b-b008a3746ef7""}",1788542618.068275
516b8be6-962e-4782-902a-b93434cfb6fc,7ce3ba12-da97-4ced-ba9b-b008a3746ef7,HUMAN,shown,badge_gif,silver,Silver,2026-09-04T17:23:37.996Z,2026-09-04T17:23:38.072147+00:00,"{""client_ts"": ""2026-09-04T17:23:37.996Z"", ""element_id"": ""silver"", ""element_label"": ""Silver"", ""element_type"": ""badge_gif"", ""event_name"": ""shown"", ""gif"": ""/static/trader_bridge_app/vue/assets/silver.gif"", ""trader_id"": ""7ce3ba12-da97-4ced-ba9b-b008a3746ef7""}",1788542618.078665
2ce19f6d-4922-4de6-ac0b-8d035ec7b0e0,6ec76eab-08eb-4017-9469-27f6878bd674,HUMAN,shown,trend_alert,down-streak,down-streak,2026-09-04T17:23:42.637Z,2026-09-04T17:23:42.693338+00:00,"{""client_ts"": ""2026-09-04T17:23:42.637Z"", ""element_id"": ""down-streak"", ""element_label"": ""down-streak"", ""element_type"": ""trend_alert"", ""event_name"": ""shown"", ""message"": ""Price went down 3 times in the last 5 ticks!"", ""trader_id"": ""6ec76eab-08eb-4017-9469-27f6878bd674""}",1788542622.70018
2ce19f6d-4922-4de6-ac0b-8d035ec7b0e0,d6c06251-f749-461f-8865-cd3f41dc17a6,HUMAN,shown,trend_alert,down-streak,down-streak,2026-09-04T17:23:42.641Z,2026-09-04T17:23:42.704448+00:00,"{""client_ts"": ""2026-09-04T17:23:42.641Z"", ""element_id"": ""down-streak"", ""element_label"": ""down-streak"", ""element_type"": ""trend_alert"", ""event_name"": ""shown"", ""message"": ""Price went down 3 times in the last 5 ticks!"", ""trader_id"": ""d6c06251-f749-461f-8865-cd3f41dc17a6""}",1788542622.710602
2ce19f6d-4922-4de6-ac0b-8d035ec7b0e0,332fd2e0-1079-41d8-b346-a1aeb55d837a,HUMAN,shown,trend_alert,down-streak,down-streak,2026-09-04T17:23:42.639Z,2026-09-04T17:23:42.713656+00:00,"{""client_ts"": ""2026-09-04T17:23:42.639Z"", ""element_id"": ""down-streak"", ""element_label"": ""down-streak"", ""element_type"": ""trend_alert"", ""event_name"": ""shown"", ""message"": ""Price went down 3 times in the last 5 ticks!"", ""trader_id"": ""332fd2e0-1079-41d8-b346-a1aeb55d837a""}",1788542622.719556
2ce19f6d-4922-4de6-ac0b-8d035ec7b0e0,c84dee0b-3d35-4508-a3a9-6cea9b1e4581,HUMAN,shown,trend_alert,down-streak,down-streak,2026-09-04T17:23:42.638Z,2026-09-04T17:23:42.722582+00:00,"{""client_ts"": ""2026-09-04T17:23:42.638Z"", ""element_id"": ""down-streak"", ""element_label"": ""down-streak"", ""element_type"": ""trend_alert"", ""event_name"": ""shown"", ""message"": ""Price went down 3 times in the last 5 ticks!"", ""trader_id"": ""c84dee0b-3d35-4508-a3a9-6cea9b1e4581""}",1788542622.728177
2ce19f6d-4922-4de6-ac0b-8d035ec7b0e0,66f76d7d-f049-403e-8d07-c1177bf2aad7,HUMAN,shown,trend_alert,down-streak,down-streak,2026-09-04T17:23:42.634Z,2026-09-04T17:23:42.735356+00:00,"{""client_ts"": ""2026-09-04T17:23:42.634Z"", ""element_id"": ""down-streak"", ""element_label"": ""down-streak"", ""element_type"": ""trend_alert"", ""event_name"": ""shown"", ""message"": ""Price went down 3 times in the last 5 ticks!"", ""trader_id"": ""66f76d7d-f049-403e-8d07-c1177bf2aad7""}",1788542622.741281
2ce19f6d-4922-4de6-ac0b-8d035ec7b0e0,eb9b2345-6224-45eb-80c2-d58eaf9a8b9b,HUMAN,shown,trend_alert,down-streak,down-streak,2026-09-04T17:23:42.648Z,2026-09-04T17:23:42.744518+00:00,"{""client_ts"": ""2026-09-04T17:23:42.648Z"", ""element_id"": ""down-streak"", ""element_label"": ""down-streak"", ""element_type"": ""trend_alert"", ""event_name"": ""shown"", ""message"": ""Price went down 3 times in the last 5 ticks!"", ""trader_id"": ""eb9b2345-6224-45eb-80c2-d58eaf9a8b9b""}",1788542622.750833
2ce19f6d-4922-4de6-ac0b-8d035ec7b0e0,6ec76eab-08eb-4017-9469-27f6878bd674,HUMAN,shown,badge_unlock,diamond,Diamond,2026-09-04T17:23:43.877Z,2026-09-04T17:23:43.942112+00:00,"{""client_ts"": ""2026-09-04T17:23:43.877Z"", ""element_id"": ""diamond"", ""element_label"": ""Diamond"", ""element_type"": ""badge_unlock"", ""event_name"": ""shown"", ""total_trades_threshold"": 60, ""trader_id"": ""6ec76eab-08eb-4017-9469-27f6878bd674""}",1788542623.952277
2ce19f6d-4922-4de6-ac0b-8d035ec7b0e0,6ec76eab-08eb-4017-9469-27f6878bd674,HUMAN,shown,badge_modal,diamond,Diamond,2026-09-04T17:23:43.877Z,2026-09-04T17:23:43.957722+00:00,"{""client_ts"": ""2026-09-04T17:23:43.877Z"", ""element_id"": ""diamond"", ""element_label"": ""Diamond"", ""element_type"": ""badge_modal"", ""event_name"": ""shown"", ""message"": ""The Wolf of Wall Street"", ""total_trades"": 60, ""trader_id"": ""6ec76eab-08eb-4017-9469-27f6878bd674""}",1788542623.963983
2ce19f6d-4922-4de6-ac0b-8d035ec7b0e0,6ec76eab-08eb-4017-9469-27f6878bd674,HUMAN,shown,badge_gif,diamond,Diamond,2026-09-04T17:23:43.877Z,2026-09-04T17:23:43.968254+00:00,"{""client_ts"": ""2026-09-04T17:23:43.877Z"", ""element_id"": ""diamond"", ""element_label"": ""Diamond"", ""element_type"": ""badge_gif"", ""event_name"": ""shown"", ""gif"": ""/static/trader_bridge_app/vue/assets/diamond.gif"", ""trader_id"": ""6ec76eab-08eb-4017-9469-27f6878bd674""}",1788542623.975205
2ce19f6d-4922-4de6-ac0b-8d035ec7b0e0,eb9b2345-6224-45eb-80c2-d58eaf9a8b9b,HUMAN,shown,badge_unlock,gold,Gold,2026-09-04T17:23:48.447Z,2026-09-04T17:23:48.502095+00:00,"{""client_ts"": ""2026-09-04T17:23:48.447Z"", ""element_id"": ""gold"", ""element_label"": ""Gold"", ""element_type"": ""badge_unlock"", ""event_name"": ""shown"", ""total_trades_threshold"": 35, ""trader_id"": ""eb9b2345-6224-45eb-80c2-d58eaf9a8b9b""}",1788542628.509148
2ce19f6d-4922-4de6-ac0b-8d035ec7b0e0,eb9b2345-6224-45eb-80c2-d58eaf9a8b9b,HUMAN,shown,badge_modal,gold,Gold,2026-09-04T17:23:48.448Z,2026-09-04T17:23:48.512922+00:00,"{""client_ts"": ""2026-09-04T17:23:48.448Z"", ""element_id"": ""gold"", ""element_label"": ""Gold"", ""element_type"": ""badge_modal"", ""event_name"": ""shown"", ""message"": ""You are the money maker!"", ""total_trades"": 35, ""trader_id"": ""eb9b2345-6224-45eb-80c2-d58eaf9a8b9b""}",1788542628.519231
2ce19f6d-4922-4de6-ac0b-8d035ec7b0e0,eb9b2345-6224-45eb-80c2-d58eaf9a8b9b,HUMAN,shown,badge_gif,gold,Gold,2026-09-04T17:23:48.448Z,2026-09-04T17:23:48.522828+00:00,"{""client_ts"": ""2026-09-04T17:23:48.448Z"", ""element_id"": ""gold"", ""element_label"": ""Gold"", ""element_type"": ""badge_gif"", ""event_name"": ""shown"", ""gif"": ""/static/trader_bridge_app/vue/assets/gold.gif"", ""trader_id"": ""eb9b2345-6224-45eb-80c2-d58eaf9a8b9b""}",1788542628.529367
2ce19f6d-4922-4de6-ac0b-8d035ec7b0e0,d6c06251-f749-461f-8865-cd3f41dc17a6,HUMAN,shown,badge_unlock,gold,Gold,2026-09-04T17:23:58.532Z,2026-09-04T17:23:58.585553+00:00,"{""client_ts"": ""2026-09-04T17:23:58.532Z"", ""element_id"": ""gold"", ""element_label"": ""Gold"", ""element_type"": ""badge_unlock"", ""event_name"": ""shown"", ""total_trades_threshold"": 35, ""trader_id"": ""d6c06251-f749-461f-8865-cd3f41dc17a6""}",1788542638.591926
2ce19f6d-4922-4de6-ac0b-8d035ec7b0e0,d6c06251-f749-461f-8865-cd3f41dc17a6,HUMAN,shown,badge_modal,gold,Gold,2026-09-04T17:23:58.532Z,2026-09-04T17:23:58.595834+00:00,"{""client_ts"": ""2026-09-04T17:23:58.532Z"", ""element_id"": ""gold"", ""element_label"": ""Gold"", ""element_type"": ""badge_modal"", ""event_name"": ""shown"", ""message"": ""You are the money maker!"", ""total_trades"": 35, ""trader_id"": ""d6c06251-f749-461f-8865-cd3f41dc17a6""}",1788542638.602125
2ce19f6d-4922-4de6-ac0b-8d035ec7b0e0,d6c06251-f749-461f-8865-cd3f41dc17a6,HUMAN,shown,badge_gif,gold,Gold,2026-09-04T17:23:58.532Z,2026-09-04T17:23:58.605580+00:00,"{""client_ts"": ""2026-09-04T17:23:58.532Z"", ""element_id"": ""gold"", ""element_label"": ""Gold"", ""element_type"": ""badge_gif"", ""event_name"": ""shown"", ""gif"": ""/static/trader_bridge_app/vue/assets/gold.gif"", ""trader_id"": ""d6c06251-f749-461f-8865-cd3f41dc17a6""}",1788542638.61111
516b8be6-962e-4782-902a-b93434cfb6fc,7ce3ba12-da97-4ced-ba9b-b008a3746ef7,HUMAN,shown,trend_alert,up-streak,up-streak,2026-09-04T17:24:03.639Z,2026-09-04T17:24:03.732366+00:00,"{""client_ts"": ""2026-09-04T17:24:03.639Z"", ""element_id"": ""up-streak"", ""element_label"": ""up-streak"", ""element_type"": ""trend_alert"", ""event_name"": ""shown"", ""message"": ""Price went up 3 times in the last 5 ticks!"", ""trader_id"": ""7ce3ba12-da97-4ced-ba9b-b008a3746ef7""}",1788542643.738909
516b8be6-962e-4782-902a-b93434cfb6fc,b51aa576-16ab-44e1-9305-9532ca2539af,HUMAN,shown,trend_alert,up-streak,up-streak,2026-09-04T17:24:03.626Z,2026-09-04T17:24:03.742150+00:00,"{""client_ts"": ""2026-09-04T17:24:03.626Z"", ""element_id"": ""up-streak"", ""element_label"": ""up-streak"", ""element_type"": ""trend_alert"", ""event_name"": ""shown"", ""message"": ""Price went up 3 times in the last 5 ticks!"", ""trader_id"": ""b51aa576-16ab-44e1-9305-9532ca2539af""}",1788542643.748497
516b8be6-962e-4782-902a-b93434cfb6fc,775e9f61-7595-4aed-b485-32e91a0c36b2,HUMAN,shown,trend_alert,up-streak,up-streak,2026-09-04T17:24:03.625Z,2026-09-04T17:24:03.752127+00:00,"{""client_ts"": ""2026-09-04T17:24:03.625Z"", ""element_id"": ""up-streak"", ""element_label"": ""up-streak"", ""element_type"": ""trend_alert"", ""event_name"": ""shown"", ""message"": ""Price went up 3 times in the last 5 ticks!"", ""trader_id"": ""775e9f61-7595-4aed-b485-32e91a0c36b2""}",1788542643.758564
516b8be6-962e-4782-902a-b93434cfb6fc,59975844-525d-44e7-b7a4-b5679ef37949,HUMAN,shown,trend_alert,up-streak,up-streak,2026-09-04T17:24:03.635Z,2026-09-04T17:24:03.763926+00:00,"{""client_ts"": ""2026-09-04T17:24:03.635Z"", ""element_id"": ""up-streak"", ""element_label"": ""up-streak"", ""element_type"": ""trend_alert"", ""event_name"": ""shown"", ""message"": ""Price went up 3 times in the last 5 ticks!"", ""trader_id"": ""59975844-525d-44e7-b7a4-b5679ef37949""}",1788542643.770718
516b8be6-962e-4782-902a-b93434cfb6fc,bd5e8ce7-13d9-4f42-8d5e-45273b86d373,HUMAN,shown,trend_alert,up-streak,up-streak,2026-09-04T17:24:03.639Z,2026-09-04T17:24:03.773802+00:00,"{""client_ts"": ""2026-09-04T17:24:03.639Z"", ""element_id"": ""up-streak"", ""element_label"": ""up-streak"", ""element_type"": ""trend_alert"", ""event_name"": ""shown"", ""message"": ""Price went up 3 times in the last 5 ticks!"", ""trader_id"": ""bd5e8ce7-13d9-4f42-8d5e-45273b86d373""}",1788542643.779759
516b8be6-962e-4782-902a-b93434cfb6fc,5133e66f-7d86-45a4-ba8b-2e5fbc5a5f0e,HUMAN,shown,trend_alert,up-streak,up-streak,2026-09-04T17:24:03.670Z,2026-09-04T17:24:03.805616+00:00,"{""client_ts"": ""2026-09-04T17:24:03.670Z"", ""element_id"": ""up-streak"", ""element_label"": ""up-streak"", ""element_type"": ""trend_alert"", ""event_name"": ""shown"", ""message"": ""Price went up 3 times in the last 5 ticks!"", ""trader_id"": ""5133e66f-7d86-45a4-ba8b-2e5fbc5a5f0e""}",1788542643.811816
2ce19f6d-4922-4de6-ac0b-8d035ec7b0e0,c84dee0b-3d35-4508-a3a9-6cea9b1e4581,HUMAN,shown,trend_alert,up-streak,up-streak,2026-09-04T17:24:03.847Z,2026-09-04T17:24:03.903847+00:00,"{""client_ts"": ""2026-09-04T17:24:03.847Z"", ""element_id"": ""up-streak"", ""element_label"": ""up-streak"", ""element_type"": ""trend_alert"", ""event_name"": ""shown"", ""message"": ""Price went up 3 times in the last 5 ticks!"", ""trader_id"": ""c84dee0b-3d35-4508-a3a9-6cea9b1e4581""}",1788542643.910635
2ce19f6d-4922-4de6-ac0b-8d035ec7b0e0,332fd2e0-1079-41d8-b346-a1aeb55d837a,HUMAN,shown,trend_alert,up-streak,up-streak,2026-09-04T17:24:03.860Z,2026-09-04T17:24:03.919131+00:00,"{""client_ts"": ""2026-09-04T17:24:03.860Z"", ""element_id"": ""up-streak"", ""element_label"": ""up-streak"", ""element_type"": ""trend_alert"", ""event_name"": ""shown"", ""message"": ""Price went up 3 times in the last 5 ticks!"", ""trader_id"": ""332fd2e0-1079-41d8-b346-a1aeb55d837a""}",1788542643.925702
2ce19f6d-4922-4de6-ac0b-8d035ec7b0e0,d6c06251-f749-461f-8865-cd3f41dc17a6,HUMAN,shown,trend_alert,up-streak,up-streak,2026-09-04T17:24:03.863Z,2026-09-04T17:24:03.929598+00:00,"{""client_ts"": ""2026-09-04T17:24:03.863Z"", ""element_id"": ""up-streak"", ""element_label"": ""up-streak"", ""element_type"": ""trend_alert"", ""event_name"": ""shown"", ""message"": ""Price went up 3 times in the last 5 ticks!"", ""trader_id"": ""d6c06251-f749-461f-8865-cd3f41dc17a6""}",1788542643.936259
2ce19f6d-4922-4de6-ac0b-8d035ec7b0e0,eb9b2345-6224-45eb-80c2-d58eaf9a8b9b,HUMAN,shown,trend_alert,up-streak,up-streak,2026-09-04T17:24:03.863Z,2026-09-04T17:24:03.939407+00:00,"{""client_ts"": ""2026-09-04T17:24:03.863Z"", ""element_id"": ""up-streak"", ""element_label"": ""up-streak"", ""element_type"": ""trend_alert"", ""event_name"": ""shown"", ""message"": ""Price went up 3 times in the last 5 ticks!"", ""trader_id"": ""eb9b2345-6224-45eb-80c2-d58eaf9a8b9b""}",1788542643.945582
2ce19f6d-4922-4de6-ac0b-8d035ec7b0e0,6ec76eab-08eb-4017-9469-27f6878bd674,HUMAN,shown,trend_alert,up-streak,up-streak,2026-09-04T17:24:03.861Z,2026-09-04T17:24:03.949431+00:00,"{""client_ts"": ""2026-09-04T17:24:03.861Z"", ""element_id"": ""up-streak"", ""element_label"": ""up-streak"", ""element_type"": ""trend_alert"", ""event_name"": ""shown"", ""message"": ""Price went up 3 times in the last 5 ticks!"", ""trader_id"": ""6ec76eab-08eb-4017-9469-27f6878bd674""}",1788542643.95632
2ce19f6d-4922-4de6-ac0b-8d035ec7b0e0,66f76d7d-f049-403e-8d07-c1177bf2aad7,HUMAN,shown,trend_alert,up-streak,up-streak,2026-09-04T17:24:03.855Z,2026-09-04T17:24:03.959695+00:00,"{""client_ts"": ""2026-09-04T17:24:03.855Z"", ""element_id"": ""up-streak"", ""element_label"": ""up-streak"", ""element_type"": ""trend_alert"", ""event_name"": ""shown"", ""message"": ""Price went up 3 times in the last 5 ticks!"", ""trader_id"": ""66f76d7d-f049-403e-8d07-c1177bf2aad7""}",1788542643.966851
516b8be6-962e-4782-902a-b93434cfb6fc,b51aa576-16ab-44e1-9305-9532ca2539af,HUMAN,shown,trend_alert,up-streak,up-streak,2026-09-04T17:24:52.799Z,2026-09-04T17:24:52.861917+00:00,"{""client_ts"": ""2026-09-04T17:24:52.799Z"", ""element_id"": ""up-streak"", ""element_label"": ""up-streak"", ""element_type"": ""trend_alert"", ""event_name"": ""shown"", ""message"": ""Price went up 3 times in the last 5 ticks!"", ""trader_id"": ""b51aa576-16ab-44e1-9305-9532ca2539af""}",1788542692.868128
516b8be6-962e-4782-902a-b93434cfb6fc,775e9f61-7595-4aed-b485-32e91a0c36b2,HUMAN,shown,trend_alert,up-streak,up-streak,2026-09-04T17:24:52.795Z,2026-09-04T17:24:52.871919+00:00,"{""client_ts"": ""2026-09-04T17:24:52.795Z"", ""element_id"": ""up-streak"", ""element_label"": ""up-streak"", ""element_type"": ""trend_alert"", ""event_name"": ""shown"", ""message"": ""Price went up 3 times in the last 5 ticks!"", ""trader_id"": ""775e9f61-7595-4aed-b485-32e91a0c36b2""}",1788542692.877357
516b8be6-962e-4782-902a-b93434cfb6fc,bd5e8ce7-13d9-4f42-8d5e-45273b86d373,HUMAN,shown,trend_alert,up-streak,up-streak,2026-09-04T17:24:52.804Z,2026-09-04T17:24:52.880463+00:00,"{""client_ts"": ""2026-09-04T17:24:52.804Z"", ""element_id"": ""up-streak"", ""element_label"": ""up-streak"", ""element_type"": ""trend_alert"", ""event_name"": ""shown"", ""message"": ""Price went up 3 times in the last 5 ticks!"", ""trader_id"": ""bd5e8ce7-13d9-4f42-8d5e-45273b86d373""}",1788542692.886167
2ce19f6d-4922-4de6-ac0b-8d035ec7b0e0,66f76d7d-f049-403e-8d07-c1177bf2aad7,HUMAN,shown,badge_unlock,gold,Gold,2026-09-04T17:25:01.880Z,2026-09-04T17:25:02.196102+00:00,"{""client_ts"": ""2026-09-04T17:25:01.880Z"", ""element_id"": ""gold"", ""element_label"": ""Gold"", ""element_type"": ""badge_unlock"", ""event_name"": ""shown"", ""total_trades_threshold"": 35, ""trader_id"": ""66f76d7d-f049-403e-8d07-c1177bf2aad7""}",1788542702.213402
2ce19f6d-4922-4de6-ac0b-8d035ec7b0e0,66f76d7d-f049-403e-8d07-c1177bf2aad7,HUMAN,shown,badge_modal,gold,Gold,2026-09-04T17:25:01.881Z,2026-09-04T17:25:02.219103+00:00,"{""client_ts"": ""2026-09-04T17:25:01.881Z"", ""element_id"": ""gold"", ""element_label"": ""Gold"", ""element_type"": ""badge_modal"", ""event_name"": ""shown"", ""message"": ""You are the money maker!"", ""total_trades"": 35, ""trader_id"": ""66f76d7d-f049-403e-8d07-c1177bf2aad7""}",1788542702.232269
2ce19f6d-4922-4de6-ac0b-8d035ec7b0e0,66f76d7d-f049-403e-8d07-c1177bf2aad7,HUMAN,shown,badge_gif,gold,Gold,2026-09-04T17:25:01.881Z,2026-09-04T17:25:02.433928+00:00,"{""client_ts"": ""2026-09-04T17:25:01.881Z"", ""element_id"": ""gold"", ""element_label"": ""Gold"", ""element_type"": ""badge_gif"", ""event_name"": ""shown"", ""gif"": ""/static/trader_bridge_app/vue/assets/gold.gif"", ""trader_id"": ""66f76d7d-f049-403e-8d07-c1177bf2aad7""}",1788542702.444831
516b8be6-962e-4782-902a-b93434cfb6fc,b51aa576-16ab-44e1-9305-9532ca2539af,HUMAN,shown,trend_alert,down-streak,down-streak,2026-09-04T17:25:35.841Z,2026-09-04T17:25:35.946230+00:00,"{""client_ts"": ""2026-09-04T17:25:35.841Z"", ""element_id"": ""down-streak"", ""element_label"": ""down-streak"", ""element_type"": ""trend_alert"", ""event_name"": ""shown"", ""message"": ""Price went down 3 times in the last 5 ticks!"", ""trader_id"": ""b51aa576-16ab-44e1-9305-9532ca2539af""}",1788542735.952939
516b8be6-962e-4782-902a-b93434cfb6fc,7ce3ba12-da97-4ced-ba9b-b008a3746ef7,HUMAN,shown,trend_alert,down-streak,down-streak,2026-09-04T17:25:35.850Z,2026-09-04T17:25:35.956426+00:00,"{""client_ts"": ""2026-09-04T17:25:35.850Z"", ""element_id"": ""down-streak"", ""element_label"": ""down-streak"", ""element_type"": ""trend_alert"", ""event_name"": ""shown"", ""message"": ""Price went down 3 times in the last 5 ticks!"", ""trader_id"": ""7ce3ba12-da97-4ced-ba9b-b008a3746ef7""}",1788542735.962564
516b8be6-962e-4782-902a-b93434cfb6fc,bd5e8ce7-13d9-4f42-8d5e-45273b86d373,HUMAN,shown,trend_alert,down-streak,down-streak,2026-09-04T17:25:35.844Z,2026-09-04T17:25:35.965729+00:00,"{""client_ts"": ""2026-09-04T17:25:35.844Z"", ""element_id"": ""down-streak"", ""element_label"": ""down-streak"", ""element_type"": ""trend_alert"", ""event_name"": ""shown"", ""message"": ""Price went down 3 times in the last 5 ticks!"", ""trader_id"": ""bd5e8ce7-13d9-4f42-8d5e-45273b86d373""}",1788542735.971548
516b8be6-962e-4782-902a-b93434cfb6fc,5133e66f-7d86-45a4-ba8b-2e5fbc5a5f0e,HUMAN,shown,trend_alert,down-streak,down-streak,2026-09-04T17:25:35.842Z,2026-09-04T17:25:35.974950+00:00,"{""client_ts"": ""2026-09-04T17:25:35.842Z"", ""element_id"": ""down-streak"", ""element_label"": ""down-streak"", ""element_type"": ""trend_alert"", ""event_name"": ""shown"", ""message"": ""Price went down 3 times in the last 5 ticks!"", ""trader_id"": ""5133e66f-7d86-45a4-ba8b-2e5fbc5a5f0e""}",1788542735.980695
516b8be6-962e-4782-902a-b93434cfb6fc,775e9f61-7595-4aed-b485-32e91a0c36b2,HUMAN,shown,trend_alert,down-streak,down-streak,2026-09-04T17:25:35.835Z,2026-09-04T17:25:35.983844+00:00,"{""client_ts"": ""2026-09-04T17:25:35.835Z"", ""element_id"": ""down-streak"", ""element_label"": ""down-streak"", ""element_type"": ""trend_alert"", ""event_name"": ""shown"", ""message"": ""Price went down 3 times in the last 5 ticks!"", ""trader_id"": ""775e9f61-7595-4aed-b485-32e91a0c36b2""}",1788542735.989732
516b8be6-962e-4782-902a-b93434cfb6fc,59975844-525d-44e7-b7a4-b5679ef37949,HUMAN,shown,trend_alert,down-streak,down-streak,2026-09-04T17:25:35.848Z,2026-09-04T17:25:35.992723+00:00,"{""client_ts"": ""2026-09-04T17:25:35.848Z"", ""element_id"": ""down-streak"", ""element_label"": ""down-streak"", ""element_type"": ""trend_alert"", ""event_name"": ""shown"", ""message"": ""Price went down 3 times in the last 5 ticks!"", ""trader_id"": ""59975844-525d-44e7-b7a4-b5679ef37949""}",1788542735.998837
516b8be6-962e-4782-902a-b93434cfb6fc,b51aa576-16ab-44e1-9305-9532ca2539af,HUMAN,shown,badge_unlock,silver,Silver,2026-09-04T17:26:30.629Z,2026-09-04T17:26:30.732185+00:00,"{""client_ts"": ""2026-09-04T17:26:30.629Z"", ""element_id"": ""silver"", ""element_label"": ""Silver"", ""element_type"": ""badge_unlock"", ""event_name"": ""shown"", ""total_trades_threshold"": 15, ""trader_id"": ""b51aa576-16ab-44e1-9305-9532ca2539af""}",1788542790.738352
516b8be6-962e-4782-902a-b93434cfb6fc,b51aa576-16ab-44e1-9305-9532ca2539af,HUMAN,shown,badge_modal,silver,Silver,2026-09-04T17:26:30.630Z,2026-09-04T17:26:30.743010+00:00,"{""client_ts"": ""2026-09-04T17:26:30.630Z"", ""element_id"": ""silver"", ""element_label"": ""Silver"", ""element_type"": ""badge_modal"", ""event_name"": ""shown"", ""message"": ""You belong on the trading floor!"", ""total_trades"": 15, ""trader_id"": ""b51aa576-16ab-44e1-9305-9532ca2539af""}",1788542790.748741
516b8be6-962e-4782-902a-b93434cfb6fc,b51aa576-16ab-44e1-9305-9532ca2539af,HUMAN,shown,badge_gif,silver,Silver,2026-09-04T17:26:30.630Z,2026-09-04T17:26:30.752531+00:00,"{""client_ts"": ""2026-09-04T17:26:30.630Z"", ""element_id"": ""silver"", ""element_label"": ""Silver"", ""element_type"": ""badge_gif"", ""event_name"": ""shown"", ""gif"": ""/static/trader_bridge_app/vue/assets/silver.gif"", ""trader_id"": ""b51aa576-16ab-44e1-9305-9532ca2539af""}",1788542790.759101
2ce19f6d-4922-4de6-ac0b-8d035ec7b0e0,6ec76eab-08eb-4017-9469-27f6878bd674,HUMAN,shown,trend_alert,up-streak,up-streak,2026-09-04T17:26:33.930Z,2026-09-04T17:26:33.996324+00:00,"{""client_ts"": ""2026-09-04T17:26:33.930Z"", ""element_id"": ""up-streak"", ""element_label"": ""up-streak"", ""element_type"": ""trend_alert"", ""event_name"": ""shown"", ""message"": ""Price went up 3 times in the last 5 ticks!"", ""trader_id"": ""6ec76eab-08eb-4017-9469-27f6878bd674""}",1788542794.003177
2ce19f6d-4922-4de6-ac0b-8d035ec7b0e0,d6c06251-f749-461f-8865-cd3f41dc17a6,HUMAN,shown,trend_alert,up-streak,up-streak,2026-09-04T17:26:33.935Z,2026-09-04T17:26:34.006655+00:00,"{""client_ts"": ""2026-09-04T17:26:33.935Z"", ""element_id"": ""up-streak"", ""element_label"": ""up-streak"", ""element_type"": ""trend_alert"", ""event_name"": ""shown"", ""message"": ""Price went up 3 times in the last 5 ticks!"", ""trader_id"": ""d6c06251-f749-461f-8865-cd3f41dc17a6""}",1788542794.012763
2ce19f6d-4922-4de6-ac0b-8d035ec7b0e0,c84dee0b-3d35-4508-a3a9-6cea9b1e4581,HUMAN,shown,trend_alert,up-streak,up-streak,2026-09-04T17:26:33.935Z,2026-09-04T17:26:34.016955+00:00,"{""client_ts"": ""2026-09-04T17:26:33.935Z"", ""element_id"": ""up-streak"", ""element_label"": ""up-streak"", ""element_type"": ""trend_alert"", ""event_name"": ""shown"", ""message"": ""Price went up 3 times in the last 5 ticks!"", ""trader_id"": ""c84dee0b-3d35-4508-a3a9-6cea9b1e4581""}",1788542794.024424
2ce19f6d-4922-4de6-ac0b-8d035ec7b0e0,eb9b2345-6224-45eb-80c2-d58eaf9a8b9b,HUMAN,shown,trend_alert,up-streak,up-streak,2026-09-04T17:26:33.940Z,2026-09-04T17:26:34.027966+00:00,"{""client_ts"": ""2026-09-04T17:26:33.940Z"", ""element_id"": ""up-streak"", ""element_label"": ""up-streak"", ""element_type"": ""trend_alert"", ""event_name"": ""shown"", ""message"": ""Price went up 3 times in the last 5 ticks!"", ""trader_id"": ""eb9b2345-6224-45eb-80c2-d58eaf9a8b9b""}",1788542794.033831
2ce19f6d-4922-4de6-ac0b-8d035ec7b0e0,66f76d7d-f049-403e-8d07-c1177bf2aad7,HUMAN,shown,badge_unlock,platinum,Platinum,2026-09-04T17:26:34.676Z,2026-09-04T17:26:34.783505+00:00,"{""client_ts"": ""2026-09-04T17:26:34.676Z"", ""element_id"": ""platinum"", ""element_label"": ""Platinum"", ""element_type"": ""badge_unlock"", ""event_name"": ""shown"", ""total_trades_threshold"": 50, ""trader_id"": ""66f76d7d-f049-403e-8d07-c1177bf2aad7""}",1788542794.790044
2ce19f6d-4922-4de6-ac0b-8d035ec7b0e0,66f76d7d-f049-403e-8d07-c1177bf2aad7,HUMAN,shown,badge_modal,platinum,Platinum,2026-09-04T17:26:34.677Z,2026-09-04T17:26:34.795313+00:00,"{""client_ts"": ""2026-09-04T17:26:34.677Z"", ""element_id"": ""platinum"", ""element_label"": ""Platinum"", ""element_type"": ""badge_modal"", ""event_name"": ""shown"", ""message"": ""You are definitely going places!"", ""total_trades"": 51, ""trader_id"": ""66f76d7d-f049-403e-8d07-c1177bf2aad7""}",1788542794.802453
2ce19f6d-4922-4de6-ac0b-8d035ec7b0e0,66f76d7d-f049-403e-8d07-c1177bf2aad7,HUMAN,shown,badge_gif,platinum,Platinum,2026-09-04T17:26:34.677Z,2026-09-04T17:26:34.810414+00:00,"{""client_ts"": ""2026-09-04T17:26:34.677Z"", ""element_id"": ""platinum"", ""element_label"": ""Platinum"", ""element_type"": ""badge_gif"", ""event_name"": ""shown"", ""gif"": ""/static/trader_bridge_app/vue/assets/platinum.gif"", ""trader_id"": ""66f76d7d-f049-403e-8d07-c1177bf2aad7""}",1788542794.817677
516b8be6-962e-4782-902a-b93434cfb6fc,bd5e8ce7-13d9-4f42-8d5e-45273b86d373,HUMAN,shown,badge_unlock,silver,Silver,2026-09-04T17:26:36.969Z,2026-09-04T17:26:37.029817+00:00,"{""client_ts"": ""2026-09-04T17:26:36.969Z"", ""element_id"": ""silver"", ""element_label"": ""Silver"", ""element_type"": ""badge_unlock"", ""event_name"": ""shown"", ""total_trades_threshold"": 15, ""trader_id"": ""bd5e8ce7-13d9-4f42-8d5e-45273b86d373""}",1788542797.036312
516b8be6-962e-4782-902a-b93434cfb6fc,bd5e8ce7-13d9-4f42-8d5e-45273b86d373,HUMAN,shown,badge_modal,silver,Silver,2026-09-04T17:26:36.970Z,2026-09-04T17:26:37.043411+00:00,"{""client_ts"": ""2026-09-04T17:26:36.970Z"", ""element_id"": ""silver"", ""element_label"": ""Silver"", ""element_type"": ""badge_modal"", ""event_name"": ""shown"", ""message"": ""You belong on the trading floor!"", ""total_trades"": 18, ""trader_id"": ""bd5e8ce7-13d9-4f42-8d5e-45273b86d373""}",1788542797.050442
516b8be6-962e-4782-902a-b93434cfb6fc,bd5e8ce7-13d9-4f42-8d5e-45273b86d373,HUMAN,shown,badge_gif,silver,Silver,2026-09-04T17:26:36.970Z,2026-09-04T17:26:37.053901+00:00,"{""client_ts"": ""2026-09-04T17:26:36.970Z"", ""element_id"": ""silver"", ""element_label"": ""Silver"", ""element_type"": ""badge_gif"", ""event_name"": ""shown"", ""gif"": ""/static/trader_bridge_app/vue/assets/silver.gif"", ""trader_id"": ""bd5e8ce7-13d9-4f42-8d5e-45273b86d373""}",1788542797.059848
2ce19f6d-4922-4de6-ac0b-8d035ec7b0e0,332fd2e0-1079-41d8-b346-a1aeb55d837a,HUMAN,shown,badge_unlock,platinum,Platinum,2026-09-04T17:27:03.704Z,2026-09-04T17:27:03.762954+00:00,"{""client_ts"": ""2026-09-04T17:27:03.704Z"", ""element_id"": ""platinum"", ""element_label"": ""Platinum"", ""element_type"": ""badge_unlock"", ""event_name"": ""shown"", ""total_trades_threshold"": 50, ""trader_id"": ""332fd2e0-1079-41d8-b346-a1aeb55d837a""}",1788542823.769849
2ce19f6d-4922-4de6-ac0b-8d035ec7b0e0,332fd2e0-1079-41d8-b346-a1aeb55d837a,HUMAN,shown,badge_modal,platinum,Platinum,2026-09-04T17:27:03.704Z,2026-09-04T17:27:03.773770+00:00,"{""client_ts"": ""2026-09-04T17:27:03.704Z"", ""element_id"": ""platinum"", ""element_label"": ""Platinum"", ""element_type"": ""badge_modal"", ""event_name"": ""shown"", ""message"": ""You are definitely going places!"", ""total_trades"": 50, ""trader_id"": ""332fd2e0-1079-41d8-b346-a1aeb55d837a""}",1788542823.780653
2ce19f6d-4922-4de6-ac0b-8d035ec7b0e0,332fd2e0-1079-41d8-b346-a1aeb55d837a,HUMAN,shown,badge_gif,platinum,Platinum,2026-09-04T17:27:03.704Z,2026-09-04T17:27:03.784394+00:00,"{""client_ts"": ""2026-09-04T17:27:03.704Z"", ""element_id"": ""platinum"", ""element_label"": ""Platinum"", ""element_type"": ""badge_gif"", ""event_name"": ""shown"", ""gif"": ""/static/trader_bridge_app/vue/assets/platinum.gif"", ""trader_id"": ""332fd2e0-1079-41d8-b346-a1aeb55d837a""}",1788542823.79283
d0efe7f8-d952-4f8f-9f07-1dd523e371de,2578aafe-0d46-452c-9cca-c6a29b09f136,HUMAN,shown,trend_alert,down-streak,down-streak,2026-09-04T17:27:07.998Z,2026-09-04T17:27:08.053109+00:00,"{""client_ts"": ""2026-09-04T17:27:07.998Z"", ""element_id"": ""down-streak"", ""element_label"": ""down-streak"", ""element_type"": ""trend_alert"", ""event_name"": ""shown"", ""message"": ""Price went down 3 times in the last 5 ticks!"", ""trader_id"": ""2578aafe-0d46-452c-9cca-c6a29b09f136""}",1788542828.06022
d0efe7f8-d952-4f8f-9f07-1dd523e371de,e2271452-251f-449f-b490-af4337b25b31,HUMAN,shown,trend_alert,down-streak,down-streak,2026-09-04T17:27:07.996Z,2026-09-04T17:27:08.064404+00:00,"{""client_ts"": ""2026-09-04T17:27:07.996Z"", ""element_id"": ""down-streak"", ""element_label"": ""down-streak"", ""element_type"": ""trend_alert"", ""event_name"": ""shown"", ""message"": ""Price went down 3 times in the last 5 ticks!"", ""trader_id"": ""e2271452-251f-449f-b490-af4337b25b31""}",1788542828.071229
d0efe7f8-d952-4f8f-9f07-1dd523e371de,e5ca717f-b19a-42dd-aabd-764930e44e05,HUMAN,shown,trend_alert,down-streak,down-streak,2026-09-04T17:27:07.992Z,2026-09-04T17:27:08.074578+00:00,"{""client_ts"": ""2026-09-04T17:27:07.992Z"", ""element_id"": ""down-streak"", ""element_label"": ""down-streak"", ""element_type"": ""trend_alert"", ""event_name"": ""shown"", ""message"": ""Price went down 3 times in the last 5 ticks!"", ""trader_id"": ""e5ca717f-b19a-42dd-aabd-764930e44e05""}",1788542828.080636
2ce19f6d-4922-4de6-ac0b-8d035ec7b0e0,c84dee0b-3d35-4508-a3a9-6cea9b1e4581,HUMAN,shown,trend_alert,down-streak,down-streak,2026-09-04T17:27:09.847Z,2026-09-04T17:27:09.902002+00:00,"{""client_ts"": ""2026-09-04T17:27:09.847Z"", ""element_id"": ""down-streak"", ""element_label"": ""down-streak"", ""element_type"": ""trend_alert"", ""event_name"": ""shown"", ""message"": ""Price went down 3 times in the last 5 ticks!"", ""trader_id"": ""c84dee0b-3d35-4508-a3a9-6cea9b1e4581""}",1788542829.909141
2ce19f6d-4922-4de6-ac0b-8d035ec7b0e0,6ec76eab-08eb-4017-9469-27f6878bd674,HUMAN,shown,trend_alert,down-streak,down-streak,2026-09-04T17:27:09.844Z,2026-09-04T17:27:09.913818+00:00,"{""client_ts"": ""2026-09-04T17:27:09.844Z"", ""element_id"": ""down-streak"", ""element_label"": ""down-streak"", ""element_type"": ""trend_alert"", ""event_name"": ""shown"", ""message"": ""Price went down 3 times in the last 5 ticks!"", ""trader_id"": ""6ec76eab-08eb-4017-9469-27f6878bd674""}",1788542829.920068
2ce19f6d-4922-4de6-ac0b-8d035ec7b0e0,d6c06251-f749-461f-8865-cd3f41dc17a6,HUMAN,shown,trend_alert,down-streak,down-streak,2026-09-04T17:27:09.849Z,2026-09-04T17:27:09.923188+00:00,"{""client_ts"": ""2026-09-04T17:27:09.849Z"", ""element_id"": ""down-streak"", ""element_label"": ""down-streak"", ""element_type"": ""trend_alert"", ""event_name"": ""shown"", ""message"": ""Price went down 3 times in the last 5 ticks!"", ""trader_id"": ""d6c06251-f749-461f-8865-cd3f41dc17a6""}",1788542829.929645
2ce19f6d-4922-4de6-ac0b-8d035ec7b0e0,66f76d7d-f049-403e-8d07-c1177bf2aad7,HUMAN,shown,trend_alert,down-streak,down-streak,2026-09-04T17:27:09.846Z,2026-09-04T17:27:09.933201+00:00,"{""client_ts"": ""2026-09-04T17:27:09.846Z"", ""element_id"": ""down-streak"", ""element_label"": ""down-streak"", ""element_type"": ""trend_alert"", ""event_name"": ""shown"", ""message"": ""Price went down 3 times in the last 5 ticks!"", ""trader_id"": ""66f76d7d-f049-403e-8d07-c1177bf2aad7""}",1788542829.939696
2ce19f6d-4922-4de6-ac0b-8d035ec7b0e0,eb9b2345-6224-45eb-80c2-d58eaf9a8b9b,HUMAN,shown,trend_alert,down-streak,down-streak,2026-09-04T17:27:09.854Z,2026-09-04T17:27:09.947565+00:00,"{""client_ts"": ""2026-09-04T17:27:09.854Z"", ""element_id"": ""down-streak"", ""element_label"": ""down-streak"", ""element_type"": ""trend_alert"", ""event_name"": ""shown"", ""message"": ""Price went down 3 times in the last 5 ticks!"", ""trader_id"": ""eb9b2345-6224-45eb-80c2-d58eaf9a8b9b""}",1788542829.955405
2ce19f6d-4922-4de6-ac0b-8d035ec7b0e0,332fd2e0-1079-41d8-b346-a1aeb55d837a,HUMAN,shown,trend_alert,down-streak,down-streak,2026-09-04T17:27:09.849Z,2026-09-04T17:27:09.958680+00:00,"{""client_ts"": ""2026-09-04T17:27:09.849Z"", ""element_id"": ""down-streak"", ""element_label"": ""down-streak"", ""element_type"": ""trend_alert"", ""event_name"": ""shown"", ""message"": ""Price went down 3 times in the last 5 ticks!"", ""trader_id"": ""332fd2e0-1079-41d8-b346-a1aeb55d837a""}",1788542829.965126
d0efe7f8-d952-4f8f-9f07-1dd523e371de,e2271452-251f-449f-b490-af4337b25b31,HUMAN,shown,badge_unlock,bronze,Bronze,2026-09-04T17:27:10.545Z,2026-09-04T17:27:10.602194+00:00,"{""client_ts"": ""2026-09-04T17:27:10.545Z"", ""element_id"": ""bronze"", ""element_label"": ""Bronze"", ""element_type"": ""badge_unlock"", ""event_name"": ""shown"", ""total_trades_threshold"": 10, ""trader_id"": ""e2271452-251f-449f-b490-af4337b25b31""}",1788542830.61022
d0efe7f8-d952-4f8f-9f07-1dd523e371de,e2271452-251f-449f-b490-af4337b25b31,HUMAN,shown,badge_modal,bronze,Bronze,2026-09-04T17:27:10.545Z,2026-09-04T17:27:10.614569+00:00,"{""client_ts"": ""2026-09-04T17:27:10.545Z"", ""element_id"": ""bronze"", ""element_label"": ""Bronze"", ""element_type"": ""badge_modal"", ""event_name"": ""shown"", ""message"": ""Level up! Doing well"", ""total_trades"": 10, ""trader_id"": ""e2271452-251f-449f-b490-af4337b25b31""}",1788542830.621491
d0efe7f8-d952-4f8f-9f07-1dd523e371de,e2271452-251f-449f-b490-af4337b25b31,HUMAN,shown,badge_gif,bronze,Bronze,2026-09-04T17:27:10.545Z,2026-09-04T17:27:10.625788+00:00,"{""client_ts"": ""2026-09-04T17:27:10.545Z"", ""element_id"": ""bronze"", ""element_label"": ""Bronze"", ""element_type"": ""badge_gif"", ""event_name"": ""shown"", ""gif"": ""/static/trader_bridge_app/vue/assets/bronze.gif"", ""trader_id"": ""e2271452-251f-449f-b490-af4337b25b31""}",1788542830.632863
2ce19f6d-4922-4de6-ac0b-8d035ec7b0e0,332fd2e0-1079-41d8-b346-a1aeb55d837a,HUMAN,shown,trend_alert,up-streak,up-streak,2026-09-04T17:27:56.697Z,2026-09-04T17:27:56.781733+00:00,"{""client_ts"": ""2026-09-04T17:27:56.697Z"", ""element_id"": ""up-streak"", ""element_label"": ""up-streak"", ""element_type"": ""trend_alert"", ""event_name"": ""shown"", ""message"": ""Price went up 3 times in the last 5 ticks!"", ""trader_id"": ""332fd2e0-1079-41d8-b346-a1aeb55d837a""}",1788542876.788121
2ce19f6d-4922-4de6-ac0b-8d035ec7b0e0,eb9b2345-6224-45eb-80c2-d58eaf9a8b9b,HUMAN,shown,trend_alert,up-streak,up-streak,2026-09-04T17:27:56.713Z,2026-09-04T17:27:56.791598+00:00,"{""client_ts"": ""2026-09-04T17:27:56.713Z"", ""element_id"": ""up-streak"", ""element_label"": ""up-streak"", ""element_type"": ""trend_alert"", ""event_name"": ""shown"", ""message"": ""Price went up 3 times in the last 5 ticks!"", ""trader_id"": ""eb9b2345-6224-45eb-80c2-d58eaf9a8b9b""}",1788542876.798615
2ce19f6d-4922-4de6-ac0b-8d035ec7b0e0,c84dee0b-3d35-4508-a3a9-6cea9b1e4581,HUMAN,shown,trend_alert,down-streak,down-streak,2026-09-04T17:27:59.572Z,2026-09-04T17:27:59.629069+00:00,"{""client_ts"": ""2026-09-04T17:27:59.572Z"", ""element_id"": ""down-streak"", ""element_label"": ""down-streak"", ""element_type"": ""trend_alert"", ""event_name"": ""shown"", ""message"": ""Price went down 3 times in the last 5 ticks!"", ""trader_id"": ""c84dee0b-3d35-4508-a3a9-6cea9b1e4581""}",1788542879.635983
2ce19f6d-4922-4de6-ac0b-8d035ec7b0e0,66f76d7d-f049-403e-8d07-c1177bf2aad7,HUMAN,shown,trend_alert,down-streak,down-streak,2026-09-04T17:27:59.574Z,2026-09-04T17:27:59.640779+00:00,"{""client_ts"": ""2026-09-04T17:27:59.574Z"", ""element_id"": ""down-streak"", ""element_label"": ""down-streak"", ""element_type"": ""trend_alert"", ""event_name"": ""shown"", ""message"": ""Price went down 3 times in the last 5 ticks!"", ""trader_id"": ""66f76d7d-f049-403e-8d07-c1177bf2aad7""}",1788542879.648371
2ce19f6d-4922-4de6-ac0b-8d035ec7b0e0,eb9b2345-6224-45eb-80c2-d58eaf9a8b9b,HUMAN,shown,trend_alert,down-streak,down-streak,2026-09-04T17:27:59.579Z,2026-09-04T17:27:59.651927+00:00,"{""client_ts"": ""2026-09-04T17:27:59.579Z"", ""element_id"": ""down-streak"", ""element_label"": ""down-streak"", ""element_type"": ""trend_alert"", ""event_name"": ""shown"", ""message"": ""Price went down 3 times in the last 5 ticks!"", ""trader_id"": ""eb9b2345-6224-45eb-80c2-d58eaf9a8b9b""}",1788542879.658974
2ce19f6d-4922-4de6-ac0b-8d035ec7b0e0,332fd2e0-1079-41d8-b346-a1aeb55d837a,HUMAN,shown,trend_alert,down-streak,down-streak,2026-09-04T17:27:59.570Z,2026-09-04T17:27:59.662266+00:00,"{""client_ts"": ""2026-09-04T17:27:59.570Z"", ""element_id"": ""down-streak"", ""element_label"": ""down-streak"", ""element_type"": ""trend_alert"", ""event_name"": ""shown"", ""message"": ""Price went down 3 times in the last 5 ticks!"", ""trader_id"": ""332fd2e0-1079-41d8-b346-a1aeb55d837a""}",1788542879.669031
2ce19f6d-4922-4de6-ac0b-8d035ec7b0e0,d6c06251-f749-461f-8865-cd3f41dc17a6,HUMAN,shown,trend_alert,down-streak,down-streak,2026-09-04T17:27:59.578Z,2026-09-04T17:27:59.672827+00:00,"{""client_ts"": ""2026-09-04T17:27:59.578Z"", ""element_id"": ""down-streak"", ""element_label"": ""down-streak"", ""element_type"": ""trend_alert"", ""event_name"": ""shown"", ""message"": ""Price went down 3 times in the last 5 ticks!"", ""trader_id"": ""d6c06251-f749-461f-8865-cd3f41dc17a6""}",1788542879.680217
d0efe7f8-d952-4f8f-9f07-1dd523e371de,e5ca717f-b19a-42dd-aabd-764930e44e05,HUMAN,shown,trend_alert,up-streak,up-streak,2026-09-04T17:28:21.523Z,2026-09-04T17:28:21.581491+00:00,"{""client_ts"": ""2026-09-04T17:28:21.523Z"", ""element_id"": ""up-streak"", ""element_label"": ""up-streak"", ""element_type"": ""trend_alert"", ""event_name"": ""shown"", ""message"": ""Price went up 3 times in the last 5 ticks!"", ""trader_id"": ""e5ca717f-b19a-42dd-aabd-764930e44e05""}",1788542901.58872
d0efe7f8-d952-4f8f-9f07-1dd523e371de,e2271452-251f-449f-b490-af4337b25b31,HUMAN,shown,trend_alert,up-streak,up-streak,2026-09-04T17:28:21.525Z,2026-09-04T17:28:21.592612+00:00,"{""client_ts"": ""2026-09-04T17:28:21.525Z"", ""element_id"": ""up-streak"", ""element_label"": ""up-streak"", ""element_type"": ""trend_alert"", ""event_name"": ""shown"", ""message"": ""Price went up 3 times in the last 5 ticks!"", ""trader_id"": ""e2271452-251f-449f-b490-af4337b25b31""}",1788542901.599049
d0efe7f8-d952-4f8f-9f07-1dd523e371de,2578aafe-0d46-452c-9cca-c6a29b09f136,HUMAN,shown,trend_alert,up-streak,up-streak,2026-09-04T17:28:21.526Z,2026-09-04T17:28:21.602420+00:00,"{""client_ts"": ""2026-09-04T17:28:21.526Z"", ""element_id"": ""up-streak"", ""element_label"": ""up-streak"", ""element_type"": ""trend_alert"", ""event_name"": ""shown"", ""message"": ""Price went up 3 times in the last 5 ticks!"", ""trader_id"": ""2578aafe-0d46-452c-9cca-c6a29b09f136""}",1788542901.608328
2ce19f6d-4922-4de6-ac0b-8d035ec7b0e0,eb9b2345-6224-45eb-80c2-d58eaf9a8b9b,HUMAN,shown,badge_unlock,platinum,Platinum,2026-09-04T17:29:37.523Z,2026-09-04T17:29:37.574827+00:00,"{""client_ts"": ""2026-09-04T17:29:37.523Z"", ""element_id"": ""platinum"", ""element_label"": ""Platinum"", ""element_type"": ""badge_unlock"", ""event_name"": ""shown"", ""total_trades_threshold"": 50, ""trader_id"": ""eb9b2345-6224-45eb-80c2-d58eaf9a8b9b""}",1788542977.58222
2ce19f6d-4922-4de6-ac0b-8d035ec7b0e0,eb9b2345-6224-45eb-80c2-d58eaf9a8b9b,HUMAN,shown,badge_modal,platinum,Platinum,2026-09-04T17:29:37.524Z,2026-09-04T17:29:37.586243+00:00,"{""client_ts"": ""2026-09-04T17:29:37.524Z"", ""element_id"": ""platinum"", ""element_label"": ""Platinum"", ""element_type"": ""badge_modal"", ""event_name"": ""shown"", ""message"": ""You are definitely going places!"", ""total_trades"": 50, ""trader_id"": ""eb9b2345-6224-45eb-80c2-d58eaf9a8b9b""}",1788542977.592533
2ce19f6d-4922-4de6-ac0b-8d035ec7b0e0,eb9b2345-6224-45eb-80c2-d58eaf9a8b9b,HUMAN,shown,badge_gif,platinum,Platinum,2026-09-04T17:29:37.524Z,2026-09-04T17:29:37.596091+00:00,"{""client_ts"": ""2026-09-04T17:29:37.524Z"", ""element_id"": ""platinum"", ""element_label"": ""Platinum"", ""element_type"": ""badge_gif"", ""event_name"": ""shown"", ""gif"": ""/static/trader_bridge_app/vue/assets/platinum.gif"", ""trader_id"": ""eb9b2345-6224-45eb-80c2-d58eaf9a8b9b""}",1788542977.601924
2ce19f6d-4922-4de6-ac0b-8d035ec7b0e0,6ec76eab-08eb-4017-9469-27f6878bd674,HUMAN,shown,trend_alert,up-streak,up-streak,2026-09-04T17:29:41.305Z,2026-09-04T17:29:41.365030+00:00,"{""client_ts"": ""2026-09-04T17:29:41.305Z"", ""element_id"": ""up-streak"", ""element_label"": ""up-streak"", ""element_type"": ""trend_alert"", ""event_name"": ""shown"", ""message"": ""Price went up 3 times in the last 5 ticks!"", ""trader_id"": ""6ec76eab-08eb-4017-9469-27f6878bd674""}",1788542981.371426
2ce19f6d-4922-4de6-ac0b-8d035ec7b0e0,d6c06251-f749-461f-8865-cd3f41dc17a6,HUMAN,shown,trend_alert,up-streak,up-streak,2026-09-04T17:29:41.310Z,2026-09-04T17:29:41.375649+00:00,"{""client_ts"": ""2026-09-04T17:29:41.310Z"", ""element_id"": ""up-streak"", ""element_label"": ""up-streak"", ""element_type"": ""trend_alert"", ""event_name"": ""shown"", ""message"": ""Price went up 3 times in the last 5 ticks!"", ""trader_id"": ""d6c06251-f749-461f-8865-cd3f41dc17a6""}",1788542981.381936
2ce19f6d-4922-4de6-ac0b-8d035ec7b0e0,332fd2e0-1079-41d8-b346-a1aeb55d837a,HUMAN,shown,trend_alert,up-streak,up-streak,2026-09-04T17:29:41.306Z,2026-09-04T17:29:41.384996+00:00,"{""client_ts"": ""2026-09-04T17:29:41.306Z"", ""element_id"": ""up-streak"", ""element_label"": ""up-streak"", ""element_type"": ""trend_alert"", ""event_name"": ""shown"", ""message"": ""Price went up 3 times in the last 5 ticks!"", ""trader_id"": ""332fd2e0-1079-41d8-b346-a1aeb55d837a""}",1788542981.39139
2ce19f6d-4922-4de6-ac0b-8d035ec7b0e0,eb9b2345-6224-45eb-80c2-d58eaf9a8b9b,HUMAN,shown,trend_alert,up-streak,up-streak,2026-09-04T17:29:41.317Z,2026-09-04T17:29:41.394910+00:00,"{""client_ts"": ""2026-09-04T17:29:41.317Z"", ""element_id"": ""up-streak"", ""element_label"": ""up-streak"", ""element_type"": ""trend_alert"", ""event_name"": ""shown"", ""message"": ""Price went up 3 times in the last 5 ticks!"", ""trader_id"": ""eb9b2345-6224-45eb-80c2-d58eaf9a8b9b""}",1788542981.400788
2ce19f6d-4922-4de6-ac0b-8d035ec7b0e0,c84dee0b-3d35-4508-a3a9-6cea9b1e4581,HUMAN,shown,trend_alert,up-streak,up-streak,2026-09-04T17:29:41.314Z,2026-09-04T17:29:41.404283+00:00,"{""client_ts"": ""2026-09-04T17:29:41.314Z"", ""element_id"": ""up-streak"", ""element_label"": ""up-streak"", ""element_type"": ""trend_alert"", ""event_name"": ""shown"", ""message"": ""Price went up 3 times in the last 5 ticks!"", ""trader_id"": ""c84dee0b-3d35-4508-a3a9-6cea9b1e4581""}",1788542981.409693
2ce19f6d-4922-4de6-ac0b-8d035ec7b0e0,66f76d7d-f049-403e-8d07-c1177bf2aad7,HUMAN,shown,trend_alert,up-streak,up-streak,2026-09-04T17:29:41.316Z,2026-09-04T17:29:41.412778+00:00,"{""client_ts"": ""2026-09-04T17:29:41.316Z"", ""element_id"": ""up-streak"", ""element_label"": ""up-streak"", ""element_type"": ""trend_alert"", ""event_name"": ""shown"", ""message"": ""Price went up 3 times in the last 5 ticks!"", ""trader_id"": ""66f76d7d-f049-403e-8d07-c1177bf2aad7""}",1788542981.41881
516b8be6-962e-4782-902a-b93434cfb6fc,59975844-525d-44e7-b7a4-b5679ef37949,HUMAN,shown,badge_unlock,silver,Silver,2026-09-04T17:30:23.378Z,2026-09-04T17:30:23.439886+00:00,"{""client_ts"": ""2026-09-04T17:30:23.378Z"", ""element_id"": ""silver"", ""element_label"": ""Silver"", ""element_type"": ""badge_unlock"", ""event_name"": ""shown"", ""total_trades_threshold"": 15, ""trader_id"": ""59975844-525d-44e7-b7a4-b5679ef37949""}",1788543023.44832
516b8be6-962e-4782-902a-b93434cfb6fc,59975844-525d-44e7-b7a4-b5679ef37949,HUMAN,shown,badge_modal,silver,Silver,2026-09-04T17:30:23.378Z,2026-09-04T17:30:23.456831+00:00,"{""client_ts"": ""2026-09-04T17:30:23.378Z"", ""element_id"": ""silver"", ""element_label"": ""Silver"", ""element_type"": ""badge_modal"", ""event_name"": ""shown"", ""message"": ""You belong on the trading floor!"", ""total_trades"": 15, ""trader_id"": ""59975844-525d-44e7-b7a4-b5679ef37949""}",1788543023.467287
516b8be6-962e-4782-902a-b93434cfb6fc,59975844-525d-44e7-b7a4-b5679ef37949,HUMAN,shown,badge_gif,silver,Silver,2026-09-04T17:30:23.378Z,2026-09-04T17:30:23.476462+00:00,"{""client_ts"": ""2026-09-04T17:30:23.378Z"", ""element_id"": ""silver"", ""element_label"": ""Silver"", ""element_type"": ""badge_gif"", ""event_name"": ""shown"", ""gif"": ""/static/trader_bridge_app/vue/assets/silver.gif"", ""trader_id"": ""59975844-525d-44e7-b7a4-b5679ef37949""}",1788543023.483945
2ce19f6d-4922-4de6-ac0b-8d035ec7b0e0,332fd2e0-1079-41d8-b346-a1aeb55d837a,HUMAN,shown,badge_unlock,diamond,Diamond,2026-09-04T17:30:49.522Z,2026-09-04T17:30:49.583237+00:00,"{""client_ts"": ""2026-09-04T17:30:49.522Z"", ""element_id"": ""diamond"", ""element_label"": ""Diamond"", ""element_type"": ""badge_unlock"", ""event_name"": ""shown"", ""total_trades_threshold"": 60, ""trader_id"": ""332fd2e0-1079-41d8-b346-a1aeb55d837a""}",1788543049.592263
2ce19f6d-4922-4de6-ac0b-8d035ec7b0e0,332fd2e0-1079-41d8-b346-a1aeb55d837a,HUMAN,shown,badge_modal,diamond,Diamond,2026-09-04T17:30:49.522Z,2026-09-04T17:30:49.606703+00:00,"{""client_ts"": ""2026-09-04T17:30:49.522Z"", ""element_id"": ""diamond"", ""element_label"": ""Diamond"", ""element_type"": ""badge_modal"", ""event_name"": ""shown"", ""message"": ""The Wolf of Wall Street"", ""total_trades"": 60, ""trader_id"": ""332fd2e0-1079-41d8-b346-a1aeb55d837a""}",1788543049.614785
2ce19f6d-4922-4de6-ac0b-8d035ec7b0e0,332fd2e0-1079-41d8-b346-a1aeb55d837a,HUMAN,shown,badge_gif,diamond,Diamond,2026-09-04T17:30:49.522Z,2026-09-04T17:30:49.619453+00:00,"{""client_ts"": ""2026-09-04T17:30:49.522Z"", ""element_id"": ""diamond"", ""element_label"": ""Diamond"", ""element_type"": ""badge_gif"", ""event_name"": ""shown"", ""gif"": ""/static/trader_bridge_app/vue/assets/diamond.gif"", ""trader_id"": ""332fd2e0-1079-41d8-b346-a1aeb55d837a""}",1788543049.626448
2ce19f6d-4922-4de6-ac0b-8d035ec7b0e0,d6c06251-f749-461f-8865-cd3f41dc17a6,HUMAN,shown,trend_alert,down-streak,down-streak,2026-09-04T17:31:32.982Z,2026-09-04T17:31:33.039825+00:00,"{""client_ts"": ""2026-09-04T17:31:32.982Z"", ""element_id"": ""down-streak"", ""element_label"": ""down-streak"", ""element_type"": ""trend_alert"", ""event_name"": ""shown"", ""message"": ""Price went down 3 times in the last 5 ticks!"", ""trader_id"": ""d6c06251-f749-461f-8865-cd3f41dc17a6""}",1788543093.047517
2ce19f6d-4922-4de6-ac0b-8d035ec7b0e0,6ec76eab-08eb-4017-9469-27f6878bd674,HUMAN,shown,trend_alert,down-streak,down-streak,2026-09-04T17:31:32.977Z,2026-09-04T17:31:33.052675+00:00,"{""client_ts"": ""2026-09-04T17:31:32.977Z"", ""element_id"": ""down-streak"", ""element_label"": ""down-streak"", ""element_type"": ""trend_alert"", ""event_name"": ""shown"", ""message"": ""Price went down 3 times in the last 5 ticks!"", ""trader_id"": ""6ec76eab-08eb-4017-9469-27f6878bd674""}",1788543093.060408
2ce19f6d-4922-4de6-ac0b-8d035ec7b0e0,332fd2e0-1079-41d8-b346-a1aeb55d837a,HUMAN,shown,trend_alert,down-streak,down-streak,2026-09-04T17:31:32.981Z,2026-09-04T17:31:33.064203+00:00,"{""client_ts"": ""2026-09-04T17:31:32.981Z"", ""element_id"": ""down-streak"", ""element_label"": ""down-streak"", ""element_type"": ""trend_alert"", ""event_name"": ""shown"", ""message"": ""Price went down 3 times in the last 5 ticks!"", ""trader_id"": ""332fd2e0-1079-41d8-b346-a1aeb55d837a""}",1788543093.07061
2ce19f6d-4922-4de6-ac0b-8d035ec7b0e0,66f76d7d-f049-403e-8d07-c1177bf2aad7,HUMAN,shown,trend_alert,down-streak,down-streak,2026-09-04T17:31:32.986Z,2026-09-04T17:31:33.073989+00:00,"{""client_ts"": ""2026-09-04T17:31:32.986Z"", ""element_id"": ""down-streak"", ""element_label"": ""down-streak"", ""element_type"": ""trend_alert"", ""event_name"": ""shown"", ""message"": ""Price went down 3 times in the last 5 ticks!"", ""trader_id"": ""66f76d7d-f049-403e-8d07-c1177bf2aad7""}",1788543093.080244
2ce19f6d-4922-4de6-ac0b-8d035ec7b0e0,eb9b2345-6224-45eb-80c2-d58eaf9a8b9b,HUMAN,shown,trend_alert,down-streak,down-streak,2026-09-04T17:31:32.990Z,2026-09-04T17:31:33.084051+00:00,"{""client_ts"": ""2026-09-04T17:31:32.990Z"", ""element_id"": ""down-streak"", ""element_label"": ""down-streak"", ""element_type"": ""trend_alert"", ""event_name"": ""shown"", ""message"": ""Price went down 3 times in the last 5 ticks!"", ""trader_id"": ""eb9b2345-6224-45eb-80c2-d58eaf9a8b9b""}",1788543093.090772
2ce19f6d-4922-4de6-ac0b-8d035ec7b0e0,c84dee0b-3d35-4508-a3a9-6cea9b1e4581,HUMAN,shown,trend_alert,down-streak,down-streak,2026-09-04T17:31:32.983Z,2026-09-04T17:31:33.094261+00:00,"{""client_ts"": ""2026-09-04T17:31:32.983Z"", ""element_id"": ""down-streak"", ""element_label"": ""down-streak"", ""element_type"": ""trend_alert"", ""event_name"": ""shown"", ""message"": ""Price went down 3 times in the last 5 ticks!"", ""trader_id"": ""c84dee0b-3d35-4508-a3a9-6cea9b1e4581""}",1788543093.101093
516b8be6-962e-4782-902a-b93434cfb6fc,7ce3ba12-da97-4ced-ba9b-b008a3746ef7,HUMAN,shown,trend_alert,up-streak,up-streak,2026-09-04T17:31:38.633Z,2026-09-04T17:31:38.704045+00:00,"{""client_ts"": ""2026-09-04T17:31:38.633Z"", ""element_id"": ""up-streak"", ""element_label"": ""up-streak"", ""element_type"": ""trend_alert"", ""event_name"": ""shown"", ""message"": ""Price went up 3 times in the last 5 ticks!"", ""trader_id"": ""7ce3ba12-da97-4ced-ba9b-b008a3746ef7""}",1788543098.711628
516b8be6-962e-4782-902a-b93434cfb6fc,b51aa576-16ab-44e1-9305-9532ca2539af,HUMAN,shown,trend_alert,up-streak,up-streak,2026-09-04T17:31:38.633Z,2026-09-04T17:31:38.715226+00:00,"{""client_ts"": ""2026-09-04T17:31:38.633Z"", ""element_id"": ""up-streak"", ""element_label"": ""up-streak"", ""element_type"": ""trend_alert"", ""event_name"": ""shown"", ""message"": ""Price went up 3 times in the last 5 ticks!"", ""trader_id"": ""b51aa576-16ab-44e1-9305-9532ca2539af""}",1788543098.721924
516b8be6-962e-4782-902a-b93434cfb6fc,bd5e8ce7-13d9-4f42-8d5e-45273b86d373,HUMAN,shown,trend_alert,up-streak,up-streak,2026-09-04T17:31:38.628Z,2026-09-04T17:31:38.725245+00:00,"{""client_ts"": ""2026-09-04T17:31:38.628Z"", ""element_id"": ""up-streak"", ""element_label"": ""up-streak"", ""element_type"": ""trend_alert"", ""event_name"": ""shown"", ""message"": ""Price went up 3 times in the last 5 ticks!"", ""trader_id"": ""bd5e8ce7-13d9-4f42-8d5e-45273b86d373""}",1788543098.731601
516b8be6-962e-4782-902a-b93434cfb6fc,5133e66f-7d86-45a4-ba8b-2e5fbc5a5f0e,HUMAN,shown,trend_alert,up-streak,up-streak,2026-09-04T17:31:38.630Z,2026-09-04T17:31:38.780590+00:00,"{""client_ts"": ""2026-09-04T17:31:38.630Z"", ""element_id"": ""up-streak"", ""element_label"": ""up-streak"", ""element_type"": ""trend_alert"", ""event_name"": ""shown"", ""message"": ""Price went up 3 times in the last 5 ticks!"", ""trader_id"": ""5133e66f-7d86-45a4-ba8b-2e5fbc5a5f0e""}",1788543098.787892
516b8be6-962e-4782-902a-b93434cfb6fc,59975844-525d-44e7-b7a4-b5679ef37949,HUMAN,shown,trend_alert,up-streak,up-streak,2026-09-04T17:31:38.628Z,2026-09-04T17:31:38.791376+00:00,"{""client_ts"": ""2026-09-04T17:31:38.628Z"", ""element_id"": ""up-streak"", ""element_label"": ""up-streak"", ""element_type"": ""trend_alert"", ""event_name"": ""shown"", ""message"": ""Price went up 3 times in the last 5 ticks!"", ""trader_id"": ""59975844-525d-44e7-b7a4-b5679ef37949""}",1788543098.799413
516b8be6-962e-4782-902a-b93434cfb6fc,775e9f61-7595-4aed-b485-32e91a0c36b2,HUMAN,shown,trend_alert,up-streak,up-streak,2026-09-04T17:31:38.633Z,2026-09-04T17:31:38.802594+00:00,"{""client_ts"": ""2026-09-04T17:31:38.633Z"", ""element_id"": ""up-streak"", ""element_label"": ""up-streak"", ""element_type"": ""trend_alert"", ""event_name"": ""shown"", ""message"": ""Price went up 3 times in the last 5 ticks!"", ""trader_id"": ""775e9f61-7595-4aed-b485-32e91a0c36b2""}",1788543098.808915
516b8be6-962e-4782-902a-b93434cfb6fc,7ce3ba12-da97-4ced-ba9b-b008a3746ef7,HUMAN,shown,badge_unlock,gold,Gold,2026-09-04T17:31:47.872Z,2026-09-04T17:31:47.926775+00:00,"{""client_ts"": ""2026-09-04T17:31:47.872Z"", ""element_id"": ""gold"", ""element_label"": ""Gold"", ""element_type"": ""badge_unlock"", ""event_name"": ""shown"", ""total_trades_threshold"": 35, ""trader_id"": ""7ce3ba12-da97-4ced-ba9b-b008a3746ef7""}",1788543107.933966
516b8be6-962e-4782-902a-b93434cfb6fc,7ce3ba12-da97-4ced-ba9b-b008a3746ef7,HUMAN,shown,badge_modal,gold,Gold,2026-09-04T17:31:47.873Z,2026-09-04T17:31:47.937781+00:00,"{""client_ts"": ""2026-09-04T17:31:47.873Z"", ""element_id"": ""gold"", ""element_label"": ""Gold"", ""element_type"": ""badge_modal"", ""event_name"": ""shown"", ""message"": ""You are the money maker!"", ""total_trades"": 35, ""trader_id"": ""7ce3ba12-da97-4ced-ba9b-b008a3746ef7""}",1788543107.944084
516b8be6-962e-4782-902a-b93434cfb6fc,7ce3ba12-da97-4ced-ba9b-b008a3746ef7,HUMAN,shown,badge_gif,gold,Gold,2026-09-04T17:31:47.873Z,2026-09-04T17:31:47.947827+00:00,"{""client_ts"": ""2026-09-04T17:31:47.873Z"", ""element_id"": ""gold"", ""element_label"": ""Gold"", ""element_type"": ""badge_gif"", ""event_name"": ""shown"", ""gif"": ""/static/trader_bridge_app/vue/assets/gold.gif"", ""trader_id"": ""7ce3ba12-da97-4ced-ba9b-b008a3746ef7""}",1788543107.95401
516b8be6-962e-4782-902a-b93434cfb6fc,5133e66f-7d86-45a4-ba8b-2e5fbc5a5f0e,HUMAN,shown,badge_unlock,gold,Gold,2026-09-04T17:31:50.342Z,2026-09-04T17:31:50.403733+00:00,"{""client_ts"": ""2026-09-04T17:31:50.342Z"", ""element_id"": ""gold"", ""element_label"": ""Gold"", ""element_type"": ""badge_unlock"", ""event_name"": ""shown"", ""total_trades_threshold"": 35, ""trader_id"": ""5133e66f-7d86-45a4-ba8b-2e5fbc5a5f0e""}",1788543110.410692
516b8be6-962e-4782-902a-b93434cfb6fc,5133e66f-7d86-45a4-ba8b-2e5fbc5a5f0e,HUMAN,shown,badge_modal,gold,Gold,2026-09-04T17:31:50.343Z,2026-09-04T17:31:50.417630+00:00,"{""client_ts"": ""2026-09-04T17:31:50.343Z"", ""element_id"": ""gold"", ""element_label"": ""Gold"", ""element_type"": ""badge_modal"", ""event_name"": ""shown"", ""message"": ""You are the money maker!"", ""total_trades"": 35, ""trader_id"": ""5133e66f-7d86-45a4-ba8b-2e5fbc5a5f0e""}",1788543110.42397
516b8be6-962e-4782-902a-b93434cfb6fc,5133e66f-7d86-45a4-ba8b-2e5fbc5a5f0e,HUMAN,shown,badge_gif,gold,Gold,2026-09-04T17:31:50.343Z,2026-09-04T17:31:50.430734+00:00,"{""client_ts"": ""2026-09-04T17:31:50.343Z"", ""element_id"": ""gold"", ""element_label"": ""Gold"", ""element_type"": ""badge_gif"", ""event_name"": ""shown"", ""gif"": ""/static/trader_bridge_app/vue/assets/gold.gif"", ""trader_id"": ""5133e66f-7d86-45a4-ba8b-2e5fbc5a5f0e""}",1788543110.43697
2ce19f6d-4922-4de6-ac0b-8d035ec7b0e0,d6c06251-f749-461f-8865-cd3f41dc17a6,HUMAN,shown,trend_alert,up-streak,up-streak,2026-09-04T17:32:17.742Z,2026-09-04T17:32:17.812155+00:00,"{""client_ts"": ""2026-09-04T17:32:17.742Z"", ""element_id"": ""up-streak"", ""element_label"": ""up-streak"", ""element_type"": ""trend_alert"", ""event_name"": ""shown"", ""message"": ""Price went up 3 times in the last 5 ticks!"", ""trader_id"": ""d6c06251-f749-461f-8865-cd3f41dc17a6""}",1788543137.818415
2ce19f6d-4922-4de6-ac0b-8d035ec7b0e0,6ec76eab-08eb-4017-9469-27f6878bd674,HUMAN,shown,trend_alert,up-streak,up-streak,2026-09-04T17:32:17.736Z,2026-09-04T17:32:17.821600+00:00,"{""client_ts"": ""2026-09-04T17:32:17.736Z"", ""element_id"": ""up-streak"", ""element_label"": ""up-streak"", ""element_type"": ""trend_alert"", ""event_name"": ""shown"", ""message"": ""Price went up 3 times in the last 5 ticks!"", ""trader_id"": ""6ec76eab-08eb-4017-9469-27f6878bd674""}",1788543137.828593
2ce19f6d-4922-4de6-ac0b-8d035ec7b0e0,eb9b2345-6224-45eb-80c2-d58eaf9a8b9b,HUMAN,shown,trend_alert,up-streak,up-streak,2026-09-04T17:32:17.751Z,2026-09-04T17:32:17.832096+00:00,"{""client_ts"": ""2026-09-04T17:32:17.751Z"", ""element_id"": ""up-streak"", ""element_label"": ""up-streak"", ""element_type"": ""trend_alert"", ""event_name"": ""shown"", ""message"": ""Price went up 3 times in the last 5 ticks!"", ""trader_id"": ""eb9b2345-6224-45eb-80c2-d58eaf9a8b9b""}",1788543137.838594
2ce19f6d-4922-4de6-ac0b-8d035ec7b0e0,c84dee0b-3d35-4508-a3a9-6cea9b1e4581,HUMAN,shown,trend_alert,up-streak,up-streak,2026-09-04T17:32:17.744Z,2026-09-04T17:32:17.842141+00:00,"{""client_ts"": ""2026-09-04T17:32:17.744Z"", ""element_id"": ""up-streak"", ""element_label"": ""up-streak"", ""element_type"": ""trend_alert"", ""event_name"": ""shown"", ""message"": ""Price went up 3 times in the last 5 ticks!"", ""trader_id"": ""c84dee0b-3d35-4508-a3a9-6cea9b1e4581""}",1788543137.848698
2ce19f6d-4922-4de6-ac0b-8d035ec7b0e0,332fd2e0-1079-41d8-b346-a1aeb55d837a,HUMAN,shown,trend_alert,up-streak,up-streak,2026-09-04T17:32:17.746Z,2026-09-04T17:32:17.852128+00:00,"{""client_ts"": ""2026-09-04T17:32:17.746Z"", ""element_id"": ""up-streak"", ""element_label"": ""up-streak"", ""element_type"": ""trend_alert"", ""event_name"": ""shown"", ""message"": ""Price went up 3 times in the last 5 ticks!"", ""trader_id"": ""332fd2e0-1079-41d8-b346-a1aeb55d837a""}",1788543137.858455
2ce19f6d-4922-4de6-ac0b-8d035ec7b0e0,66f76d7d-f049-403e-8d07-c1177bf2aad7,HUMAN,shown,trend_alert,up-streak,up-streak,2026-09-04T17:32:17.747Z,2026-09-04T17:32:17.861688+00:00,"{""client_ts"": ""2026-09-04T17:32:17.747Z"", ""element_id"": ""up-streak"", ""element_label"": ""up-streak"", ""element_type"": ""trend_alert"", ""event_name"": ""shown"", ""message"": ""Price went up 3 times in the last 5 ticks!"", ""trader_id"": ""66f76d7d-f049-403e-8d07-c1177bf2aad7""}",1788543137.868004
2ce19f6d-4922-4de6-ac0b-8d035ec7b0e0,eb9b2345-6224-45eb-80c2-d58eaf9a8b9b,HUMAN,shown,badge_unlock,diamond,Diamond,2026-09-04T17:32:20.671Z,2026-09-04T17:32:20.722103+00:00,"{""client_ts"": ""2026-09-04T17:32:20.671Z"", ""element_id"": ""diamond"", ""element_label"": ""Diamond"", ""element_type"": ""badge_unlock"", ""event_name"": ""shown"", ""total_trades_threshold"": 60, ""trader_id"": ""eb9b2345-6224-45eb-80c2-d58eaf9a8b9b""}",1788543140.72883
2ce19f6d-4922-4de6-ac0b-8d035ec7b0e0,eb9b2345-6224-45eb-80c2-d58eaf9a8b9b,HUMAN,shown,badge_modal,diamond,Diamond,2026-09-04T17:32:20.671Z,2026-09-04T17:32:20.732604+00:00,"{""client_ts"": ""2026-09-04T17:32:20.671Z"", ""element_id"": ""diamond"", ""element_label"": ""Diamond"", ""element_type"": ""badge_modal"", ""event_name"": ""shown"", ""message"": ""The Wolf of Wall Street"", ""total_trades"": 60, ""trader_id"": ""eb9b2345-6224-45eb-80c2-d58eaf9a8b9b""}",1788543140.739099
2ce19f6d-4922-4de6-ac0b-8d035ec7b0e0,eb9b2345-6224-45eb-80c2-d58eaf9a8b9b,HUMAN,shown,badge_gif,diamond,Diamond,2026-09-04T17:32:20.671Z,2026-09-04T17:32:20.742956+00:00,"{""client_ts"": ""2026-09-04T17:32:20.671Z"", ""element_id"": ""diamond"", ""element_label"": ""Diamond"", ""element_type"": ""badge_gif"", ""event_name"": ""shown"", ""gif"": ""/static/trader_bridge_app/vue/assets/diamond.gif"", ""trader_id"": ""eb9b2345-6224-45eb-80c2-d58eaf9a8b9b""}",1788543140.749167
2ce19f6d-4922-4de6-ac0b-8d035ec7b0e0,d6c06251-f749-461f-8865-cd3f41dc17a6,HUMAN,shown,badge_unlock,platinum,Platinum,2026-09-04T17:32:54.232Z,2026-09-04T17:32:54.297274+00:00,"{""client_ts"": ""2026-09-04T17:32:54.232Z"", ""element_id"": ""platinum"", ""element_label"": ""Platinum"", ""element_type"": ""badge_unlock"", ""event_name"": ""shown"", ""total_trades_threshold"": 50, ""trader_id"": ""d6c06251-f749-461f-8865-cd3f41dc17a6""}",1788543174.304151
2ce19f6d-4922-4de6-ac0b-8d035ec7b0e0,d6c06251-f749-461f-8865-cd3f41dc17a6,HUMAN,shown,badge_modal,platinum,Platinum,2026-09-04T17:32:54.232Z,2026-09-04T17:32:54.311553+00:00,"{""client_ts"": ""2026-09-04T17:32:54.232Z"", ""element_id"": ""platinum"", ""element_label"": ""Platinum"", ""element_type"": ""badge_modal"", ""event_name"": ""shown"", ""message"": ""You are definitely going places!"", ""total_trades"": 50, ""trader_id"": ""d6c06251-f749-461f-8865-cd3f41dc17a6""}",1788543174.317519
2ce19f6d-4922-4de6-ac0b-8d035ec7b0e0,d6c06251-f749-461f-8865-cd3f41dc17a6,HUMAN,shown,badge_gif,platinum,Platinum,2026-09-04T17:32:54.232Z,2026-09-04T17:32:54.320949+00:00,"{""client_ts"": ""2026-09-04T17:32:54.232Z"", ""element_id"": ""platinum"", ""element_label"": ""Platinum"", ""element_type"": ""badge_gif"", ""event_name"": ""shown"", ""gif"": ""/static/trader_bridge_app/vue/assets/platinum.gif"", ""trader_id"": ""d6c06251-f749-461f-8865-cd3f41dc17a6""}",1788543174.326932
516b8be6-962e-4782-902a-b93434cfb6fc,b51aa576-16ab-44e1-9305-9532ca2539af,HUMAN,shown,trend_alert,down-streak,down-streak,2026-09-04T17:33:59.604Z,2026-09-04T17:33:59.664677+00:00,"{""client_ts"": ""2026-09-04T17:33:59.604Z"", ""element_id"": ""down-streak"", ""element_label"": ""down-streak"", ""element_type"": ""trend_alert"", ""event_name"": ""shown"", ""message"": ""Price went down 3 times in the last 5 ticks!"", ""trader_id"": ""b51aa576-16ab-44e1-9305-9532ca2539af""}",1788543239.670743
516b8be6-962e-4782-902a-b93434cfb6fc,7ce3ba12-da97-4ced-ba9b-b008a3746ef7,HUMAN,shown,trend_alert,down-streak,down-streak,2026-09-04T17:33:59.604Z,2026-09-04T17:33:59.676110+00:00,"{""client_ts"": ""2026-09-04T17:33:59.604Z"", ""element_id"": ""down-streak"", ""element_label"": ""down-streak"", ""element_type"": ""trend_alert"", ""event_name"": ""shown"", ""message"": ""Price went down 3 times in the last 5 ticks!"", ""trader_id"": ""7ce3ba12-da97-4ced-ba9b-b008a3746ef7""}",1788543239.682026
516b8be6-962e-4782-902a-b93434cfb6fc,5133e66f-7d86-45a4-ba8b-2e5fbc5a5f0e,HUMAN,shown,trend_alert,down-streak,down-streak,2026-09-04T17:33:59.605Z,2026-09-04T17:33:59.685272+00:00,"{""client_ts"": ""2026-09-04T17:33:59.605Z"", ""element_id"": ""down-streak"", ""element_label"": ""down-streak"", ""element_type"": ""trend_alert"", ""event_name"": ""shown"", ""message"": ""Price went down 3 times in the last 5 ticks!"", ""trader_id"": ""5133e66f-7d86-45a4-ba8b-2e5fbc5a5f0e""}",1788543239.691358
516b8be6-962e-4782-902a-b93434cfb6fc,bd5e8ce7-13d9-4f42-8d5e-45273b86d373,HUMAN,shown,trend_alert,down-streak,down-streak,2026-09-04T17:33:59.606Z,2026-09-04T17:33:59.694601+00:00,"{""client_ts"": ""2026-09-04T17:33:59.606Z"", ""element_id"": ""down-streak"", ""element_label"": ""down-streak"", ""element_type"": ""trend_alert"", ""event_name"": ""shown"", ""message"": ""Price went down 3 times in the last 5 ticks!"", ""trader_id"": ""bd5e8ce7-13d9-4f42-8d5e-45273b86d373""}",1788543239.700784
516b8be6-962e-4782-902a-b93434cfb6fc,775e9f61-7595-4aed-b485-32e91a0c36b2,HUMAN,shown,trend_alert,down-streak,down-streak,2026-09-04T17:33:59.604Z,2026-09-04T17:33:59.704946+00:00,"{""client_ts"": ""2026-09-04T17:33:59.604Z"", ""element_id"": ""down-streak"", ""element_label"": ""down-streak"", ""element_type"": ""trend_alert"", ""event_name"": ""shown"", ""message"": ""Price went down 3 times in the last 5 ticks!"", ""trader_id"": ""775e9f61-7595-4aed-b485-32e91a0c36b2""}",1788543239.710919
516b8be6-962e-4782-902a-b93434cfb6fc,59975844-525d-44e7-b7a4-b5679ef37949,HUMAN,shown,trend_alert,down-streak,down-streak,2026-09-04T17:33:59.600Z,2026-09-04T17:33:59.714166+00:00,"{""client_ts"": ""2026-09-04T17:33:59.600Z"", ""element_id"": ""down-streak"", ""element_label"": ""down-streak"", ""element_type"": ""trend_alert"", ""event_name"": ""shown"", ""message"": ""Price went down 3 times in the last 5 ticks!"", ""trader_id"": ""59975844-525d-44e7-b7a4-b5679ef37949""}",1788543239.719959
