session_code,participant_code,market_uuid,trader_uuid,gamified,treatment,trading_day,payoff,initial_cash,initial_shares,dividend_per_share,forecast,forecast_confidence,current_cash,num_shares,trade_payoff,fin_quiz_score,self_assessment,overconfidence,cq_attempt_count,gender_female,age,finance_course,trading_experience,high_education,hedonic,price_notifications,repetition,n_buys,n_sells,net_position,n_limit_orders,n_cancels,directionality,churn,n_trades_market,avg_trade_price,avg_mispricing,avg_abs_mispricing,closing_price,opening_price,max_price,min_price,fundamental_value,price_L1,price_L2,price_next,return,abs_mispricing_ratio,rad,ret_next,fundamental_gap,surge,crash,normalized_mispricing,bubble_period,bubble_start,shares,cash,wealth_day,rel_wealth,next_avg_price,forecast_err_price,forecast_err_fund,forecast_bias_fund,gini,feedback_flag,speculator_flag,fundamental_flag,other_flag,market_maker_flag,trader_type,gross,session_id,group_label
mn8370qr,kb2z64e8,98308155-5ef4-4781-92b2-15de5ba68a70,22db997d-e3e3-4d59-aae0-6cf6af50ce83,0,gp,1,6101.0,2600.0,20.0,8.0,,,2545.0,22.0,6021.0,0.6666666666666666,8.0,0.13333333333333341,15,1,26.0,0.0,1.0,1,0,1,1,1.0,0.0,1.0,2.0,2.0,1.0,0.0,6.0,64.66666666666667,-55.333333333333336,55.333333333333336,80.0,100.0,100.0,30.0,120,,,70.0,,0.46111111111111114,0.8645833333333334,-0.13353139262452185,-0.625,0,0,-0.4611111111111111,0,0,21.0,2713.0,5065.0,65.0,76.07875,,,,0.0105,0.0,1.0,0.0,0.0,1.0,market_maker,1.0,20260520_AM,20260520_AM/gp1
mn8370qr,kb2z64e8,98308155-5ef4-4781-92b2-15de5ba68a70,22db997d-e3e3-4d59-aae0-6cf6af50ce83,0,gp,2,6101.0,2600.0,20.0,8.0,,,2544.87,24.0,6021.0,0.6666666666666666,8.0,0.13333333333333341,15,1,26.0,0.0,1.0,1,0,1,1,2.0,0.0,2.0,1.0,1.0,1.0,0.0,8.0,76.07875,-35.92125,35.92125,70.0,80.0,95.0,50.0,112,80.0,,85.0,-0.125,0.3207254464285714,0.56126953125,0.19415601444095731,-0.65625,0,0,-0.3207254464285714,0,0,23.0,2720.87,5112.87,112.86999999999989,68.2,,,,0.012955333333333329,0.0,1.0,0.0,0.0,1.0,market_maker,2.0,20260520_AM,20260520_AM/gp1
mn8370qr,kb2z64e8,98308155-5ef4-4781-92b2-15de5ba68a70,22db997d-e3e3-4d59-aae0-6cf6af50ce83,0,gp,3,6101.0,2600.0,20.0,20.0,0.0,0.0,2738.37,23.0,6021.0,0.6666666666666666,8.0,0.13333333333333341,15,1,26.0,0.0,1.0,1,0,1,1,1.0,1.0,0.0,1.0,0.0,0.0,1.0,10.0,68.2,-35.8,35.8,85.0,70.0,87.0,50.0,104,70.0,80.0,88.0,0.2142857142857142,0.34423076923076923,0.559375,0.03468555798789019,-0.296875,0,0,-0.34423076923076923,0,0,23.0,3182.37,5390.37,210.3699999999999,68.45227272727273,1.0695667613636364,1.5,-1.5,0.0242074217074217,0.0,1.0,0.0,0.0,1.0,market_maker,2.0,20260520_AM,20260520_AM/gp1
mn8370qr,kb2z64e8,98308155-5ef4-4781-92b2-15de5ba68a70,22db997d-e3e3-4d59-aae0-6cf6af50ce83,0,gp,4,6101.0,2600.0,20.0,20.0,,,3370.37,21.0,6021.0,0.6666666666666666,8.0,0.13333333333333341,15,1,26.0,0.0,1.0,1,0,1,1,0.0,2.0,-2.0,2.0,0.0,1.0,0.0,22.0,68.45227272727273,-27.547727272727272,27.547727272727272,88.0,78.13,88.0,20.0,96,85.0,70.0,50.0,0.03529411764705892,0.2869554924242424,0.4304332386363636,-0.5653138090500609,-0.125,0,0,-0.2869554924242424,0,0,21.0,3774.37,5622.37,262.3699999999999,62.96714285714285,,,,0.030686048922056397,0.0,1.0,0.0,0.0,1.0,market_maker,2.0,20260520_AM,20260520_AM/gp1
mn8370qr,kb2z64e8,98308155-5ef4-4781-92b2-15de5ba68a70,22db997d-e3e3-4d59-aae0-6cf6af50ce83,0,gp,5,6101.0,2600.0,20.0,4.0,,,3879.37,21.0,6021.0,0.6666666666666666,8.0,0.13333333333333341,15,1,26.0,0.0,1.0,1,0,1,1,0.0,1.0,-1.0,3.0,2.0,1.0,0.0,14.0,62.96714285714285,-25.032857142857143,25.747142857142855,50.0,46.88,90.0,34.0,88,88.0,85.0,78.0,-0.43181818181818177,0.2925811688311688,0.4022991071428571,0.44468582126144574,-0.59375,0,0,-0.2844642857142858,0,0,20.0,3943.37,5543.37,243.3699999999999,69.75,,,,0.03662379454926624,0.0,1.0,0.0,0.0,1.0,market_maker,1.0,20260520_AM,20260520_AM/gp1
mn8370qr,kb2z64e8,98308155-5ef4-4781-92b2-15de5ba68a70,22db997d-e3e3-4d59-aae0-6cf6af50ce83,0,gp,6,6101.0,2600.0,20.0,20.0,0.0,0.0,4047.37,19.0,6021.0,0.6666666666666666,8.0,0.13333333333333341,15,1,26.0,0.0,1.0,1,0,1,1,1.0,2.0,-1.0,3.0,1.0,0.3333333333333333,0.6666666666666667,10.0,69.75,-10.25,10.25,78.0,65.0,78.0,50.0,80,50.0,88.0,10.0,0.56,0.128125,0.16015625,-2.054123733695546,-0.03125,0,0,-0.128125,0,0,19.0,4407.37,5775.37,295.3699999999999,63.35526315789474,0.9899259868421053,1.125,-1.125,0.04682157339821571,0.0,1.0,0.0,0.0,1.0,market_maker,3.0,20260520_AM,20260520_AM/gp1
mn8370qr,kb2z64e8,98308155-5ef4-4781-92b2-15de5ba68a70,22db997d-e3e3-4d59-aae0-6cf6af50ce83,0,gp,7,6101.0,2600.0,20.0,4.0,,,4731.37,15.0,6021.0,0.6666666666666666,8.0,0.13333333333333341,15,1,26.0,0.0,1.0,1,0,1,1,0.0,4.0,-4.0,4.0,0.0,1.0,0.0,19.0,63.35526315789474,-8.644736842105264,12.276315789473685,10.0,68.0,79.0,10.0,72,78.0,50.0,60.5,-0.8717948717948718,0.1705043859649123,0.19181743421052633,1.80005827204275,-0.96875,0,0,-0.12006578947368417,0,0,15.0,4771.37,5731.37,311.3699999999999,58.785714285714285,,,,0.0473578310783108,0.0,1.0,0.0,0.0,1.0,market_maker,4.0,20260520_AM,20260520_AM/gp1
mn8370qr,kb2z64e8,98308155-5ef4-4781-92b2-15de5ba68a70,22db997d-e3e3-4d59-aae0-6cf6af50ce83,0,gp,8,6101.0,2600.0,20.0,20.0,,,4929.37,15.0,6021.0,0.6666666666666666,8.0,0.13333333333333341,15,1,26.0,0.0,1.0,1,0,1,1,1.0,3.0,-2.0,4.0,1.0,0.5,0.5,14.0,58.785714285714285,-5.214285714285714,5.785714285714286,60.5,44.0,68.0,44.0,64,10.0,78.0,49.0,5.05,0.09040178571428571,0.09040178571428571,-0.21082306692616948,-0.0546875,1,0,-0.0814732142857143,0,0,13.0,5169.37,5897.37,297.3699999999999,55.52739130434783,,,,0.04961041666666668,0.0,1.0,0.0,0.0,1.0,market_maker,4.0,20260520_AM,20260520_AM/gp1
mn8370qr,kb2z64e8,98308155-5ef4-4781-92b2-15de5ba68a70,22db997d-e3e3-4d59-aae0-6cf6af50ce83,0,gp,9,6101.0,2600.0,20.0,0.0,40.0,5.0,5467.37,10.0,6021.0,0.6666666666666666,8.0,0.13333333333333341,15,1,26.0,0.0,1.0,1,0,1,1,1.0,5.0,-4.0,5.0,1.0,0.6666666666666666,0.33333333333333337,23.0,55.52739130434783,-0.4726086956521738,7.0056521739130435,49.0,62.0,65.0,35.0,56,60.5,10.0,55.88,-0.1900826446280992,0.12510093167701863,0.1094633152173913,0.1313862362781344,-0.109375,0,0,-0.008439440993788747,0,0,9.0,5407.37,5839.37,359.3699999999999,55.92928571428571,0.24889508928571424,0.125,-0.125,0.051271796431467974,0.0,1.0,0.0,0.0,1.0,market_maker,6.0,20260520_AM,20260520_AM/gp1
mn8370qr,kb2z64e8,98308155-5ef4-4781-92b2-15de5ba68a70,22db997d-e3e3-4d59-aae0-6cf6af50ce83,0,gp,10,6101.0,2600.0,20.0,8.0,,,5586.37,7.0,6021.0,0.6666666666666666,8.0,0.13333333333333341,15,1,26.0,0.0,1.0,1,0,1,1,1.0,3.0,-2.0,5.0,2.0,0.5,0.5,14.0,55.92928571428571,7.929285714285714,7.929285714285714,55.88,50.0,60.0,50.0,48,49.0,60.5,43.25,0.14040816326530625,0.16519345238095237,0.12389508928571429,-0.25620930101087236,0.12312500000000004,0,0,0.16519345238095232,0,0,7.0,5582.37,5862.37,382.3699999999999,48.3,,,,0.05293795620437957,0.0,1.0,0.0,0.0,1.0,market_maker,4.0,20260520_AM,20260520_AM/gp1
mn8370qr,kb2z64e8,98308155-5ef4-4781-92b2-15de5ba68a70,22db997d-e3e3-4d59-aae0-6cf6af50ce83,0,gp,11,6101.0,2600.0,20.0,8.0,,,5695.37,9.0,6021.0,0.6666666666666666,8.0,0.13333333333333341,15,1,26.0,0.0,1.0,1,0,1,1,1.0,2.0,-1.0,5.0,3.0,0.3333333333333333,0.6666666666666667,10.0,48.3,8.3,8.7,43.25,40.0,58.0,38.0,40,55.88,49.0,35.13,-0.22602004294917688,0.21749999999999997,0.1359375,-0.20794176710015266,0.05078125,0,0,0.20749999999999993,0,0,6.0,5683.37,5875.37,395.3699999999999,39.208888888888886,,,,0.053906123276561246,0.0,1.0,0.0,0.0,1.0,market_maker,3.0,20260520_AM,20260520_AM/gp1
mn8370qr,kb2z64e8,98308155-5ef4-4781-92b2-15de5ba68a70,22db997d-e3e3-4d59-aae0-6cf6af50ce83,0,gp,12,6101.0,2600.0,20.0,8.0,16.0,5.0,5891.62,5.0,6021.0,0.6666666666666666,8.0,0.13333333333333341,15,1,26.0,0.0,1.0,1,0,1,1,0.0,3.0,-3.0,4.0,4.0,1.0,0.0,9.0,39.208888888888886,7.208888888888889,7.208888888888889,35.13,41.0,45.0,35.0,32,43.25,55.88,36.5,-0.1877456647398843,0.22527777777777777,0.11263888888888889,0.03825679431071016,0.04890625000000004,0,0,0.2252777777777777,0,0,3.0,5831.62,5903.62,423.6199999999999,30.520952380952384,0.226889880952381,0.125,-0.125,0.05477686536901868,0.0,1.0,0.0,0.0,1.0,market_maker,3.0,20260520_AM,20260520_AM/gp1
mn8370qr,kb2z64e8,98308155-5ef4-4781-92b2-15de5ba68a70,22db997d-e3e3-4d59-aae0-6cf6af50ce83,0,gp,13,6101.0,2600.0,20.0,8.0,,,6020.62,0.0,6021.0,0.6666666666666666,8.0,0.13333333333333341,15,1,26.0,0.0,1.0,1,0,1,1,1.0,4.0,-3.0,5.0,3.0,0.6,0.4,21.0,30.520952380952384,6.520952380952381,7.520952380952381,36.5,33.5,36.5,15.0,24,35.13,43.25,29.0,0.038998007401081614,0.31337301587301586,0.11751488095238095,-0.23001643060197186,0.1953125,0,0,0.27170634920634934,0,0,0.0,5920.62,5920.62,440.6199999999999,27.992142857142856,,,,0.05745458231954586,0.0,1.0,0.0,0.0,1.0,market_maker,5.0,20260520_AM,20260520_AM/gp1
mn8370qr,kb2z64e8,98308155-5ef4-4781-92b2-15de5ba68a70,22db997d-e3e3-4d59-aae0-6cf6af50ce83,0,gp,14,6101.0,2600.0,20.0,8.0,,,6020.62,0.0,6021.0,0.6666666666666666,8.0,0.13333333333333341,15,1,26.0,0.0,1.0,1,0,1,1,0.0,0.0,0.0,1.0,1.0,,,14.0,27.992142857142856,11.992142857142856,12.135,29.0,29.0,30.44,15.0,16,36.5,35.13,21.25,-0.20547945205479456,0.7584375,0.189609375,-0.31093893461604827,0.203125,0,0,0.7495089285714285,0,0,0.0,5920.62,5920.62,440.6199999999999,27.044,,,,0.05725790754257907,0.0,1.0,0.0,0.0,1.0,market_maker,0.0,20260520_AM,20260520_AM/gp1
mn8370qr,kb2z64e8,98308155-5ef4-4781-92b2-15de5ba68a70,22db997d-e3e3-4d59-aae0-6cf6af50ce83,0,gp,15,6101.0,2600.0,20.0,4.0,,,6020.62,0.0,6021.0,0.6666666666666666,8.0,0.13333333333333341,15,1,26.0,0.0,1.0,1,0,1,1,0.0,0.0,0.0,0.0,0.0,,,15.0,27.044,19.044,19.044,21.25,30.55,30.66,15.0,8,29.0,36.5,,-0.26724137931034486,2.3805,0.2975625,,0.20703125,0,0,2.3805,0,0,0.0,5920.62,5920.62,500.619999999999,,,,,0.07027952029520294,0.0,1.0,0.0,0.0,1.0,market_maker,0.0,20260520_AM,20260520_AM/gp1
mn8370qr,bs9r1rdm,98308155-5ef4-4781-92b2-15de5ba68a70,8bcaf73d-b674-4326-bd4f-acb83b510b57,0,gp,1,4422.0,2600.0,20.0,8.0,,,2563.0,20.0,4352.0,0.5833333333333334,7.0,0.11666666666666659,2,1,21.0,1.0,1.0,0,0,1,1,1.0,2.0,-1.0,3.0,1.0,0.3333333333333333,0.6666666666666667,6.0,64.66666666666667,-55.333333333333336,55.333333333333336,80.0,100.0,100.0,30.0,120,,,70.0,,0.46111111111111114,0.8645833333333334,-0.13353139262452185,-0.625,0,0,-0.4611111111111111,0,0,19.0,2715.0,4843.0,-157.0,76.07875,,,,0.0105,0.0,1.0,0.0,0.0,1.0,market_maker,3.0,20260520_AM,20260520_AM/gp1
mn8370qr,bs9r1rdm,98308155-5ef4-4781-92b2-15de5ba68a70,8bcaf73d-b674-4326-bd4f-acb83b510b57,0,gp,2,4422.0,2600.0,20.0,8.0,,,2704.13,20.0,4352.0,0.5833333333333334,7.0,0.11666666666666659,2,1,21.0,1.0,1.0,0,0,1,1,2.0,2.0,0.0,5.0,4.0,0.0,1.0,8.0,76.07875,-35.92125,35.92125,70.0,80.0,95.0,50.0,112,80.0,,85.0,-0.125,0.3207254464285714,0.56126953125,0.19415601444095731,-0.65625,0,0,-0.3207254464285714,0,0,19.0,2848.13,4824.13,-175.8699999999999,68.2,,,,0.012955333333333329,0.0,1.0,0.0,0.0,1.0,market_maker,4.0,20260520_AM,20260520_AM/gp1
mn8370qr,bs9r1rdm,98308155-5ef4-4781-92b2-15de5ba68a70,8bcaf73d-b674-4326-bd4f-acb83b510b57,0,gp,3,4422.0,2600.0,20.0,20.0,0.0,0.0,3203.63,13.0,4352.0,0.5833333333333334,7.0,0.11666666666666659,2,1,21.0,1.0,1.0,0,0,1,1,1.0,7.0,-6.0,1.0,0.0,0.75,0.25,10.0,68.2,-35.8,35.8,85.0,70.0,87.0,50.0,104,70.0,80.0,88.0,0.2142857142857142,0.34423076923076923,0.559375,0.03468555798789019,-0.296875,0,0,-0.34423076923076923,0,0,13.0,3447.63,4695.63,-484.3699999999999,68.45227272727273,1.0695667613636364,1.5,-1.5,0.0242074217074217,0.0,1.0,0.0,0.0,1.0,market_maker,8.0,20260520_AM,20260520_AM/gp1
mn8370qr,bs9r1rdm,98308155-5ef4-4781-92b2-15de5ba68a70,8bcaf73d-b674-4326-bd4f-acb83b510b57,0,gp,4,4422.0,2600.0,20.0,20.0,,,3467.82,11.0,4352.0,0.5833333333333334,7.0,0.11666666666666659,2,1,21.0,1.0,1.0,0,0,1,1,4.0,6.0,-2.0,2.0,1.0,0.2,0.8,22.0,68.45227272727273,-27.547727272727272,27.547727272727272,88.0,78.13,88.0,20.0,96,85.0,70.0,50.0,0.03529411764705892,0.2869554924242424,0.4304332386363636,-0.5653138090500609,-0.125,0,0,-0.2869554924242424,0,0,11.0,3671.8199999999997,4639.82,-720.1800000000003,62.96714285714285,,,,0.030686048922056397,0.0,1.0,0.0,0.0,1.0,market_maker,10.0,20260520_AM,20260520_AM/gp1
mn8370qr,bs9r1rdm,98308155-5ef4-4781-92b2-15de5ba68a70,8bcaf73d-b674-4326-bd4f-acb83b510b57,0,gp,5,4422.0,2600.0,20.0,4.0,,,3868.920000000001,5.0,4352.0,0.5833333333333334,7.0,0.11666666666666659,2,1,21.0,1.0,1.0,0,0,1,1,3.0,9.0,-6.0,2.0,2.0,0.5,0.5,14.0,62.96714285714285,-25.032857142857143,25.747142857142855,50.0,46.88,90.0,34.0,88,88.0,85.0,78.0,-0.43181818181818177,0.2925811688311688,0.4022991071428571,0.44468582126144574,-0.59375,0,0,-0.2844642857142858,0,0,5.0,3872.92,4272.92,-1027.08,69.75,,,,0.03662379454926624,0.0,1.0,0.0,0.0,1.0,market_maker,12.0,20260520_AM,20260520_AM/gp1
mn8370qr,bs9r1rdm,98308155-5ef4-4781-92b2-15de5ba68a70,8bcaf73d-b674-4326-bd4f-acb83b510b57,0,gp,6,4422.0,2600.0,20.0,20.0,3800.0,1.0,3849.420000000001,5.0,4352.0,0.5833333333333334,7.0,0.11666666666666659,2,1,21.0,1.0,1.0,0,0,1,1,2.0,2.0,0.0,1.0,1.0,0.0,1.0,10.0,69.75,-10.25,10.25,78.0,65.0,78.0,50.0,80,50.0,88.0,10.0,0.56,0.128125,0.16015625,-2.054123733695546,-0.03125,0,0,-0.128125,0,0,5.0,3933.42,4293.42,-1186.58,63.35526315789474,,,,0.04682157339821571,0.0,1.0,0.0,0.0,1.0,market_maker,4.0,20260520_AM,20260520_AM/gp1
mn8370qr,bs9r1rdm,98308155-5ef4-4781-92b2-15de5ba68a70,8bcaf73d-b674-4326-bd4f-acb83b510b57,0,gp,7,4422.0,2600.0,20.0,4.0,,,3834.670000000001,4.0,4352.0,0.5833333333333334,7.0,0.11666666666666659,2,1,21.0,1.0,1.0,0,0,1,1,6.0,7.0,-1.0,2.0,2.0,0.07692307692307693,0.9230769230769231,19.0,63.35526315789474,-8.644736842105264,12.276315789473685,10.0,68.0,79.0,10.0,72,78.0,50.0,60.5,-0.8717948717948718,0.1705043859649123,0.19181743421052633,1.80005827204275,-0.96875,0,0,-0.12006578947368417,0,0,4.0,3834.669999999999,4090.669999999999,-1329.3300000000008,58.785714285714285,,,,0.0473578310783108,0.0,1.0,0.0,0.0,1.0,market_maker,13.0,20260520_AM,20260520_AM/gp1
mn8370qr,bs9r1rdm,98308155-5ef4-4781-92b2-15de5ba68a70,8bcaf73d-b674-4326-bd4f-acb83b510b57,0,gp,8,4422.0,2600.0,20.0,20.0,,,3492.6700000000005,12.0,4352.0,0.5833333333333334,7.0,0.11666666666666659,2,1,21.0,1.0,1.0,0,0,1,1,7.0,1.0,6.0,7.0,3.0,0.75,0.25,14.0,58.785714285714285,-5.214285714285714,5.785714285714286,60.5,44.0,68.0,44.0,64,10.0,78.0,49.0,5.05,0.09040178571428571,0.09040178571428571,-0.21082306692616948,-0.0546875,1,0,-0.0814732142857143,0,0,10.0,3676.669999999999,4236.669999999999,-1363.3300000000008,55.52739130434783,,,,0.04961041666666668,0.0,1.0,0.0,0.0,1.0,market_maker,8.0,20260520_AM,20260520_AM/gp1
mn8370qr,bs9r1rdm,98308155-5ef4-4781-92b2-15de5ba68a70,8bcaf73d-b674-4326-bd4f-acb83b510b57,0,gp,9,4422.0,2600.0,20.0,0.0,60.0,4.0,3458.7900000000004,13.0,4352.0,0.5833333333333334,7.0,0.11666666666666659,2,1,21.0,1.0,1.0,0,0,1,1,10.0,7.0,3.0,2.0,2.0,0.17647058823529413,0.8235294117647058,23.0,55.52739130434783,-0.4726086956521738,7.0056521739130435,49.0,62.0,65.0,35.0,56,60.5,10.0,55.88,-0.1900826446280992,0.12510093167701863,0.1094633152173913,0.1313862362781344,-0.109375,0,0,-0.008439440993788747,0,0,13.0,3402.7899999999995,4026.7899999999995,-1453.2100000000005,55.92928571428571,0.06360491071428576,0.1875,0.1875,0.051271796431467974,0.0,1.0,0.0,0.0,1.0,market_maker,17.0,20260520_AM,20260520_AM/gp1
mn8370qr,bs9r1rdm,98308155-5ef4-4781-92b2-15de5ba68a70,8bcaf73d-b674-4326-bd4f-acb83b510b57,0,gp,10,4422.0,2600.0,20.0,8.0,,,3453.4100000000003,13.0,4352.0,0.5833333333333334,7.0,0.11666666666666659,2,1,21.0,1.0,1.0,0,0,1,1,2.0,2.0,0.0,2.0,2.0,0.0,1.0,14.0,55.92928571428571,7.929285714285714,7.929285714285714,55.88,50.0,60.0,50.0,48,49.0,60.5,43.25,0.14040816326530625,0.16519345238095237,0.12389508928571429,-0.25620930101087236,0.12312500000000004,0,0,0.16519345238095232,0,0,13.0,3501.4099999999994,4021.4099999999994,-1458.5900000000006,48.3,,,,0.05293795620437957,0.0,1.0,0.0,0.0,1.0,market_maker,4.0,20260520_AM,20260520_AM/gp1
mn8370qr,bs9r1rdm,98308155-5ef4-4781-92b2-15de5ba68a70,8bcaf73d-b674-4326-bd4f-acb83b510b57,0,gp,11,4422.0,2600.0,20.0,8.0,,,3545.4100000000003,13.0,4352.0,0.5833333333333334,7.0,0.11666666666666659,2,1,21.0,1.0,1.0,0,0,1,1,4.0,4.0,0.0,6.0,2.0,0.0,1.0,10.0,48.3,8.3,8.7,43.25,40.0,58.0,38.0,40,55.88,49.0,35.13,-0.22602004294917688,0.21749999999999997,0.1359375,-0.20794176710015266,0.05078125,0,0,0.20749999999999993,0,0,13.0,3593.4099999999994,4009.4099999999994,-1470.5900000000006,39.208888888888886,,,,0.053906123276561246,0.0,1.0,0.0,0.0,1.0,market_maker,8.0,20260520_AM,20260520_AM/gp1
mn8370qr,bs9r1rdm,98308155-5ef4-4781-92b2-15de5ba68a70,8bcaf73d-b674-4326-bd4f-acb83b510b57,0,gp,12,4422.0,2600.0,20.0,8.0,33.0,5.0,3496.03,17.0,4352.0,0.5833333333333334,7.0,0.11666666666666659,2,1,21.0,1.0,1.0,0,0,1,1,4.0,0.0,4.0,5.0,1.0,1.0,0.0,9.0,39.208888888888886,7.208888888888889,7.208888888888889,35.13,41.0,45.0,35.0,32,43.25,55.88,36.5,-0.1877456647398843,0.22527777777777777,0.11263888888888889,0.03825679431071016,0.04890625000000004,0,0,0.2252777777777777,0,0,17.0,3576.0299999999993,3984.0299999999993,-1495.9700000000007,30.520952380952384,0.038735119047619004,0.140625,0.140625,0.05477686536901868,0.0,1.0,0.0,0.0,1.0,market_maker,4.0,20260520_AM,20260520_AM/gp1
mn8370qr,bs9r1rdm,98308155-5ef4-4781-92b2-15de5ba68a70,8bcaf73d-b674-4326-bd4f-acb83b510b57,0,gp,13,4422.0,2600.0,20.0,8.0,,,3435.28,22.0,4352.0,0.5833333333333334,7.0,0.11666666666666659,2,1,21.0,1.0,1.0,0,0,1,1,9.0,4.0,5.0,9.0,1.0,0.38461538461538464,0.6153846153846154,21.0,30.520952380952384,6.520952380952381,7.520952380952381,36.5,33.5,36.5,15.0,24,35.13,43.25,29.0,0.038998007401081614,0.31337301587301586,0.11751488095238095,-0.23001643060197186,0.1953125,0,0,0.27170634920634934,0,0,22.0,3555.2799999999993,3907.2799999999993,-1572.7200000000007,27.992142857142856,,,,0.05745458231954586,0.0,1.0,0.0,0.0,1.0,market_maker,13.0,20260520_AM,20260520_AM/gp1
mn8370qr,bs9r1rdm,98308155-5ef4-4781-92b2-15de5ba68a70,8bcaf73d-b674-4326-bd4f-acb83b510b57,0,gp,14,4422.0,2600.0,20.0,8.0,,,3646.66,20.0,4352.0,0.5833333333333334,7.0,0.11666666666666659,2,1,21.0,1.0,1.0,0,0,1,1,3.0,5.0,-2.0,5.0,2.0,0.25,0.75,14.0,27.992142857142856,11.992142857142856,12.135,29.0,29.0,30.44,15.0,16,36.5,35.13,21.25,-0.20547945205479456,0.7584375,0.189609375,-0.31093893461604827,0.203125,0,0,0.7495089285714285,0,0,20.0,3750.6600000000003,3910.6600000000003,-1569.3399999999997,27.044,,,,0.05725790754257907,0.0,1.0,0.0,0.0,1.0,market_maker,8.0,20260520_AM,20260520_AM/gp1
mn8370qr,bs9r1rdm,98308155-5ef4-4781-92b2-15de5ba68a70,8bcaf73d-b674-4326-bd4f-acb83b510b57,0,gp,15,4422.0,2600.0,20.0,4.0,,,3459.0,32.0,4352.0,0.5833333333333334,7.0,0.11666666666666659,2,1,21.0,1.0,1.0,0,0,1,1,13.0,1.0,12.0,4.0,1.0,0.8571428571428571,0.1428571428571429,15.0,27.044,19.044,19.044,21.25,30.55,30.66,15.0,8,29.0,36.5,,-0.26724137931034486,2.3805,0.2975625,,0.20703125,0,0,2.3805,0,0,32.0,3531.0000000000005,3531.0000000000005,-1889.0000000000005,,,,,0.07027952029520294,0.0,1.0,0.0,0.0,1.0,market_maker,14.0,20260520_AM,20260520_AM/gp1
mn8370qr,9uh6p1vm,98308155-5ef4-4781-92b2-15de5ba68a70,bc3147b7-5256-41ba-98cd-f8ffcee3c4a6,0,gp,1,5926.0,3800.0,10.0,8.0,,,3792.0,11.0,5796.0,0.75,6.0,-0.15000000000000002,1,1,19.0,0.0,0.0,1,0,1,1,2.0,1.0,1.0,3.0,0.0,0.3333333333333333,0.6666666666666667,6.0,64.66666666666667,-55.333333333333336,55.333333333333336,80.0,100.0,100.0,30.0,120,,,70.0,,0.46111111111111114,0.8645833333333334,-0.13353139262452185,-0.625,0,0,-0.4611111111111111,0,0,11.0,3880.0,5112.0,112.0,76.07875,,,,0.0105,0.0,0.0,1.0,0.0,1.0,market_maker,3.0,20260520_AM,20260520_AM/gp1
mn8370qr,9uh6p1vm,98308155-5ef4-4781-92b2-15de5ba68a70,bc3147b7-5256-41ba-98cd-f8ffcee3c4a6,0,gp,2,5926.0,3800.0,10.0,8.0,,,4011.5,11.0,5796.0,0.75,6.0,-0.15000000000000002,1,1,19.0,0.0,0.0,1,0,1,1,2.0,3.0,-1.0,2.0,0.0,0.2,0.8,8.0,76.07875,-35.92125,35.92125,70.0,80.0,95.0,50.0,112,80.0,,85.0,-0.125,0.3207254464285714,0.56126953125,0.19415601444095731,-0.65625,0,0,-0.3207254464285714,0,0,10.0,4091.5,5131.5,131.5,68.2,,,,0.012955333333333329,0.0,0.0,1.0,0.0,1.0,market_maker,5.0,20260520_AM,20260520_AM/gp1
mn8370qr,9uh6p1vm,98308155-5ef4-4781-92b2-15de5ba68a70,bc3147b7-5256-41ba-98cd-f8ffcee3c4a6,0,gp,3,5926.0,3800.0,10.0,20.0,0.0,0.0,3973.25,12.0,5796.0,0.75,6.0,-0.15000000000000002,1,1,19.0,0.0,0.0,1,0,1,1,2.0,0.0,2.0,2.0,0.0,1.0,0.0,10.0,68.2,-35.8,35.8,85.0,70.0,87.0,50.0,104,70.0,80.0,88.0,0.2142857142857142,0.34423076923076923,0.559375,0.03468555798789019,-0.296875,0,0,-0.34423076923076923,0,0,12.0,4205.25,5357.25,177.25,68.45227272727273,1.0695667613636364,1.5,-1.5,0.0242074217074217,0.0,0.0,1.0,0.0,1.0,market_maker,2.0,20260520_AM,20260520_AM/gp1
mn8370qr,9uh6p1vm,98308155-5ef4-4781-92b2-15de5ba68a70,bc3147b7-5256-41ba-98cd-f8ffcee3c4a6,0,gp,4,5926.0,3800.0,10.0,20.0,,,4065.5,14.0,5796.0,0.75,6.0,-0.15000000000000002,1,1,19.0,0.0,0.0,1,0,1,1,8.0,6.0,2.0,0.0,0.0,0.14285714285714285,0.8571428571428572,22.0,68.45227272727273,-27.547727272727272,27.547727272727272,88.0,78.13,88.0,20.0,96,85.0,70.0,50.0,0.03529411764705892,0.2869554924242424,0.4304332386363636,-0.5653138090500609,-0.125,0,0,-0.2869554924242424,0,0,14.0,4337.5,5569.5,209.5,62.96714285714285,,,,0.030686048922056397,0.0,0.0,1.0,0.0,1.0,market_maker,14.0,20260520_AM,20260520_AM/gp1
mn8370qr,9uh6p1vm,98308155-5ef4-4781-92b2-15de5ba68a70,bc3147b7-5256-41ba-98cd-f8ffcee3c4a6,0,gp,5,5926.0,3800.0,10.0,4.0,,,4361.06,14.0,5796.0,0.75,6.0,-0.15000000000000002,1,1,19.0,0.0,0.0,1,0,1,1,1.0,1.0,0.0,3.0,2.0,0.0,1.0,14.0,62.96714285714285,-25.032857142857143,25.747142857142855,50.0,46.88,90.0,34.0,88,88.0,85.0,78.0,-0.43181818181818177,0.2925811688311688,0.4022991071428571,0.44468582126144574,-0.59375,0,0,-0.2844642857142858,0,0,14.0,4409.06,5529.06,229.0600000000004,69.75,,,,0.03662379454926624,0.0,0.0,1.0,0.0,1.0,market_maker,2.0,20260520_AM,20260520_AM/gp1
mn8370qr,9uh6p1vm,98308155-5ef4-4781-92b2-15de5ba68a70,bc3147b7-5256-41ba-98cd-f8ffcee3c4a6,0,gp,6,5926.0,3800.0,10.0,20.0,0.0,0.0,4775.56,9.0,5796.0,0.75,6.0,-0.15000000000000002,1,1,19.0,0.0,0.0,1,0,1,1,0.0,5.0,-5.0,1.0,0.0,1.0,0.0,10.0,69.75,-10.25,10.25,78.0,65.0,78.0,50.0,80,50.0,88.0,10.0,0.56,0.128125,0.16015625,-2.054123733695546,-0.03125,0,0,-0.128125,0,0,9.0,4947.56,5595.56,115.5600000000004,63.35526315789474,0.9899259868421053,1.125,-1.125,0.04682157339821571,0.0,0.0,1.0,0.0,1.0,market_maker,5.0,20260520_AM,20260520_AM/gp1
mn8370qr,9uh6p1vm,98308155-5ef4-4781-92b2-15de5ba68a70,bc3147b7-5256-41ba-98cd-f8ffcee3c4a6,0,gp,7,5926.0,3800.0,10.0,4.0,,,4902.56,11.0,5796.0,0.75,6.0,-0.15000000000000002,1,1,19.0,0.0,0.0,1,0,1,1,4.0,3.0,1.0,2.0,0.0,0.14285714285714285,0.8571428571428572,19.0,63.35526315789474,-8.644736842105264,12.276315789473685,10.0,68.0,79.0,10.0,72,78.0,50.0,60.5,-0.8717948717948718,0.1705043859649123,0.19181743421052633,1.80005827204275,-0.96875,0,0,-0.12006578947368417,0,0,10.0,4934.56,5574.56,154.5600000000004,58.785714285714285,,,,0.0473578310783108,0.0,0.0,1.0,0.0,1.0,market_maker,7.0,20260520_AM,20260520_AM/gp1
mn8370qr,9uh6p1vm,98308155-5ef4-4781-92b2-15de5ba68a70,bc3147b7-5256-41ba-98cd-f8ffcee3c4a6,0,gp,8,5926.0,3800.0,10.0,20.0,,,4714.06,14.0,5796.0,0.75,6.0,-0.15000000000000002,1,1,19.0,0.0,0.0,1,0,1,1,5.0,1.0,4.0,2.0,0.0,0.6666666666666666,0.33333333333333337,14.0,58.785714285714285,-5.214285714285714,5.785714285714286,60.5,44.0,68.0,44.0,64,10.0,78.0,49.0,5.05,0.09040178571428571,0.09040178571428571,-0.21082306692616948,-0.0546875,1,0,-0.0814732142857143,0,0,14.0,4982.06,5766.06,166.0600000000004,55.52739130434783,,,,0.04961041666666668,0.0,0.0,1.0,0.0,1.0,market_maker,6.0,20260520_AM,20260520_AM/gp1
mn8370qr,9uh6p1vm,98308155-5ef4-4781-92b2-15de5ba68a70,bc3147b7-5256-41ba-98cd-f8ffcee3c4a6,0,gp,9,5926.0,3800.0,10.0,0.0,58.0,3.0,5140.31,13.0,5796.0,0.75,6.0,-0.15000000000000002,1,1,19.0,0.0,0.0,1,0,1,1,2.0,4.0,-2.0,1.0,1.0,0.3333333333333333,0.6666666666666667,23.0,55.52739130434783,-0.4726086956521738,7.0056521739130435,49.0,62.0,65.0,35.0,56,60.5,10.0,55.88,-0.1900826446280992,0.12510093167701863,0.1094633152173913,0.1313862362781344,-0.109375,0,0,-0.008439440993788747,0,0,12.0,5128.31,5704.31,224.3100000000004,55.92928571428571,0.032354910714285756,0.15625,0.15625,0.051271796431467974,0.0,0.0,1.0,0.0,1.0,market_maker,6.0,20260520_AM,20260520_AM/gp1
mn8370qr,9uh6p1vm,98308155-5ef4-4781-92b2-15de5ba68a70,bc3147b7-5256-41ba-98cd-f8ffcee3c4a6,0,gp,10,5926.0,3800.0,10.0,8.0,,,4621.18,21.0,5796.0,0.75,6.0,-0.15000000000000002,1,1,19.0,0.0,0.0,1,0,1,1,9.0,0.0,9.0,0.0,0.0,1.0,0.0,14.0,55.92928571428571,7.929285714285714,7.929285714285714,55.88,50.0,60.0,50.0,48,49.0,60.5,43.25,0.14040816326530625,0.16519345238095237,0.12389508928571429,-0.25620930101087236,0.12312500000000004,0,0,0.16519345238095232,0,0,21.0,4777.18,5617.18,137.1800000000003,48.3,,,,0.05293795620437957,0.0,0.0,1.0,0.0,1.0,market_maker,9.0,20260520_AM,20260520_AM/gp1
mn8370qr,9uh6p1vm,98308155-5ef4-4781-92b2-15de5ba68a70,bc3147b7-5256-41ba-98cd-f8ffcee3c4a6,0,gp,11,5926.0,3800.0,10.0,8.0,,,4775.93,21.0,5796.0,0.75,6.0,-0.15000000000000002,1,1,19.0,0.0,0.0,1,0,1,1,1.0,1.0,0.0,0.0,0.0,0.0,1.0,10.0,48.3,8.3,8.7,43.25,40.0,58.0,38.0,40,55.88,49.0,35.13,-0.22602004294917688,0.21749999999999997,0.1359375,-0.20794176710015266,0.05078125,0,0,0.20749999999999993,0,0,21.0,4931.93,5603.93,123.93000000000029,39.208888888888886,,,,0.053906123276561246,0.0,0.0,1.0,0.0,1.0,market_maker,2.0,20260520_AM,20260520_AM/gp1
mn8370qr,9uh6p1vm,98308155-5ef4-4781-92b2-15de5ba68a70,bc3147b7-5256-41ba-98cd-f8ffcee3c4a6,0,gp,12,5926.0,3800.0,10.0,8.0,33.0,3.0,5015.68,19.0,5796.0,0.75,6.0,-0.15000000000000002,1,1,19.0,0.0,0.0,1,0,1,1,0.0,2.0,-2.0,0.0,0.0,1.0,0.0,9.0,39.208888888888886,7.208888888888889,7.208888888888889,35.13,41.0,45.0,35.0,32,43.25,55.88,36.5,-0.1877456647398843,0.22527777777777777,0.11263888888888889,0.03825679431071016,0.04890625000000004,0,0,0.2252777777777777,0,0,19.0,5155.68,5611.68,131.6800000000003,30.520952380952384,0.038735119047619004,0.140625,0.140625,0.05477686536901868,0.0,0.0,1.0,0.0,1.0,market_maker,2.0,20260520_AM,20260520_AM/gp1
mn8370qr,9uh6p1vm,98308155-5ef4-4781-92b2-15de5ba68a70,bc3147b7-5256-41ba-98cd-f8ffcee3c4a6,0,gp,13,5926.0,3800.0,10.0,8.0,,,5087.240000000001,22.0,5796.0,0.75,6.0,-0.15000000000000002,1,1,19.0,0.0,0.0,1,0,1,1,7.0,4.0,3.0,1.0,0.0,0.2727272727272727,0.7272727272727273,21.0,30.520952380952384,6.520952380952381,7.520952380952381,36.5,33.5,36.5,15.0,24,35.13,43.25,29.0,0.038998007401081614,0.31337301587301586,0.11751488095238095,-0.23001643060197186,0.1953125,0,0,0.27170634920634934,0,0,22.0,5251.24,5603.24,123.23999999999978,27.992142857142856,,,,0.05745458231954586,0.0,0.0,1.0,0.0,1.0,market_maker,11.0,20260520_AM,20260520_AM/gp1
mn8370qr,9uh6p1vm,98308155-5ef4-4781-92b2-15de5ba68a70,bc3147b7-5256-41ba-98cd-f8ffcee3c4a6,0,gp,14,5926.0,3800.0,10.0,8.0,,,5381.31,19.0,5796.0,0.75,6.0,-0.15000000000000002,1,1,19.0,0.0,0.0,1,0,1,1,0.0,4.0,-4.0,2.0,0.0,1.0,0.0,14.0,27.992142857142856,11.992142857142856,12.135,29.0,29.0,30.44,15.0,16,36.5,35.13,21.25,-0.20547945205479456,0.7584375,0.189609375,-0.31093893461604827,0.203125,0,0,0.7495089285714285,0,0,18.0,5513.3099999999995,5657.3099999999995,177.3099999999995,27.044,,,,0.05725790754257907,0.0,0.0,1.0,0.0,1.0,market_maker,4.0,20260520_AM,20260520_AM/gp1
mn8370qr,9uh6p1vm,98308155-5ef4-4781-92b2-15de5ba68a70,bc3147b7-5256-41ba-98cd-f8ffcee3c4a6,0,gp,15,5926.0,3800.0,10.0,4.0,,,5751.88,11.0,5796.0,0.75,6.0,-0.15000000000000002,1,1,19.0,0.0,0.0,1,0,1,1,0.0,8.0,-8.0,5.0,0.0,1.0,0.0,15.0,27.044,19.044,19.044,21.25,30.55,30.66,15.0,8,29.0,36.5,,-0.26724137931034486,2.3805,0.2975625,,0.20703125,0,0,2.3805,0,0,10.0,5771.880000000001,5771.880000000001,351.8800000000001,,,,,0.07027952029520294,0.0,0.0,1.0,0.0,1.0,market_maker,8.0,20260520_AM,20260520_AM/gp1
mn8370qr,pqnknbrr,98308155-5ef4-4781-92b2-15de5ba68a70,e33cbc6c-84e2-461b-b46a-773696dbb034,0,gp,1,4810.0,2600.0,20.0,8.0,,,2600.0,20.0,4710.0,0.6666666666666666,7.0,0.033333333333333326,3,0,22.0,1.0,1.0,1,0,1,1,0.0,0.0,0.0,0.0,0.0,,,6.0,64.66666666666667,-55.333333333333336,55.333333333333336,80.0,100.0,100.0,30.0,120,,,70.0,,0.46111111111111114,0.8645833333333334,-0.13353139262452185,-0.625,0,0,-0.4611111111111111,0,0,20.0,2760.0,5000.0,0.0,76.07875,,,,0.0105,0.0,1.0,0.0,0.0,1.0,market_maker,0.0,20260520_AM,20260520_AM/gp1
mn8370qr,pqnknbrr,98308155-5ef4-4781-92b2-15de5ba68a70,e33cbc6c-84e2-461b-b46a-773696dbb034,0,gp,2,4810.0,2600.0,20.0,8.0,,,2633.5,22.0,4710.0,0.6666666666666666,7.0,0.033333333333333326,3,0,22.0,1.0,1.0,1,0,1,1,2.0,1.0,1.0,3.0,0.0,0.3333333333333333,0.6666666666666667,8.0,76.07875,-35.92125,35.92125,70.0,80.0,95.0,50.0,112,80.0,,85.0,-0.125,0.3207254464285714,0.56126953125,0.19415601444095731,-0.65625,0,0,-0.3207254464285714,0,0,21.0,2801.5,4985.5,-14.5,68.2,,,,0.012955333333333329,0.0,1.0,0.0,0.0,1.0,market_maker,3.0,20260520_AM,20260520_AM/gp1
mn8370qr,pqnknbrr,98308155-5ef4-4781-92b2-15de5ba68a70,e33cbc6c-84e2-461b-b46a-773696dbb034,0,gp,3,4810.0,2600.0,20.0,20.0,80.0,1.0,2679.75,23.0,4710.0,0.6666666666666666,7.0,0.033333333333333326,3,0,22.0,1.0,1.0,1,0,1,1,3.0,1.0,2.0,3.0,0.0,0.5,0.5,10.0,68.2,-35.8,35.8,85.0,70.0,87.0,50.0,104,70.0,80.0,88.0,0.2142857142857142,0.34423076923076923,0.559375,0.03468555798789019,-0.296875,0,0,-0.34423076923076923,0,0,23.0,3131.75,5339.75,159.75,68.45227272727273,0.18043323863636362,0.25,-0.25,0.0242074217074217,0.0,1.0,0.0,0.0,1.0,market_maker,4.0,20260520_AM,20260520_AM/gp1
mn8370qr,pqnknbrr,98308155-5ef4-4781-92b2-15de5ba68a70,e33cbc6c-84e2-461b-b46a-773696dbb034,0,gp,4,4810.0,2600.0,20.0,20.0,,,3098.31,23.0,4710.0,0.6666666666666666,7.0,0.033333333333333326,3,0,22.0,1.0,1.0,1,0,1,1,5.0,5.0,0.0,10.0,0.0,0.0,1.0,22.0,68.45227272727273,-27.547727272727272,27.547727272727272,88.0,78.13,88.0,20.0,96,85.0,70.0,50.0,0.03529411764705892,0.2869554924242424,0.4304332386363636,-0.5653138090500609,-0.125,0,0,-0.2869554924242424,0,0,23.0,3550.3100000000004,5574.31,214.3100000000004,62.96714285714285,,,,0.030686048922056397,0.0,1.0,0.0,0.0,1.0,market_maker,10.0,20260520_AM,20260520_AM/gp1
mn8370qr,pqnknbrr,98308155-5ef4-4781-92b2-15de5ba68a70,e33cbc6c-84e2-461b-b46a-773696dbb034,0,gp,5,4810.0,2600.0,20.0,4.0,,,3477.6499999999996,27.0,4710.0,0.6666666666666666,7.0,0.033333333333333326,3,0,22.0,1.0,1.0,1,0,1,1,3.0,1.0,2.0,5.0,3.0,0.5,0.5,14.0,62.96714285714285,-25.032857142857143,25.747142857142855,50.0,46.88,90.0,34.0,88,88.0,85.0,78.0,-0.43181818181818177,0.2925811688311688,0.4022991071428571,0.44468582126144574,-0.59375,0,0,-0.2844642857142858,0,0,25.0,3569.6499999999996,5569.65,269.64999999999964,69.75,,,,0.03662379454926624,0.0,1.0,0.0,0.0,1.0,market_maker,4.0,20260520_AM,20260520_AM/gp1
mn8370qr,pqnknbrr,98308155-5ef4-4781-92b2-15de5ba68a70,e33cbc6c-84e2-461b-b46a-773696dbb034,0,gp,6,4810.0,2600.0,20.0,20.0,70.0,2.0,3357.6499999999996,30.0,4710.0,0.6666666666666666,7.0,0.033333333333333326,3,0,22.0,1.0,1.0,1,0,1,1,4.0,1.0,3.0,8.0,1.0,0.6,0.4,10.0,69.75,-10.25,10.25,78.0,65.0,78.0,50.0,80,50.0,88.0,10.0,0.56,0.128125,0.16015625,-2.054123733695546,-0.03125,0,0,-0.128125,0,0,28.0,3901.6499999999996,5917.65,437.64999999999964,63.35526315789474,0.10382401315789469,0.03125,-0.03125,0.04682157339821571,0.0,1.0,0.0,0.0,1.0,market_maker,5.0,20260520_AM,20260520_AM/gp1
mn8370qr,pqnknbrr,98308155-5ef4-4781-92b2-15de5ba68a70,e33cbc6c-84e2-461b-b46a-773696dbb034,0,gp,7,4810.0,2600.0,20.0,4.0,,,3812.4,32.0,4710.0,0.6666666666666666,7.0,0.033333333333333326,3,0,22.0,1.0,1.0,1,0,1,1,4.0,2.0,2.0,7.0,3.0,0.3333333333333333,0.6666666666666667,19.0,63.35526315789474,-8.644736842105264,12.276315789473685,10.0,68.0,79.0,10.0,72,78.0,50.0,60.5,-0.8717948717948718,0.1705043859649123,0.19181743421052633,1.80005827204275,-0.96875,0,0,-0.12006578947368417,0,0,30.0,3876.3999999999996,5796.4,376.39999999999964,58.785714285714285,,,,0.0473578310783108,0.0,1.0,0.0,0.0,1.0,market_maker,6.0,20260520_AM,20260520_AM/gp1
mn8370qr,pqnknbrr,98308155-5ef4-4781-92b2-15de5ba68a70,e33cbc6c-84e2-461b-b46a-773696dbb034,0,gp,8,4810.0,2600.0,20.0,20.0,,,4329.9,24.0,4710.0,0.6666666666666666,7.0,0.033333333333333326,3,0,22.0,1.0,1.0,1,0,1,1,1.0,8.0,-7.0,10.0,1.0,0.7777777777777778,0.2222222222222222,14.0,58.785714285714285,-5.214285714285714,5.785714285714286,60.5,44.0,68.0,44.0,64,10.0,78.0,49.0,5.05,0.09040178571428571,0.09040178571428571,-0.21082306692616948,-0.0546875,1,0,-0.0814732142857143,0,0,23.0,4725.9,6013.9,413.89999999999964,55.52739130434783,,,,0.04961041666666668,0.0,1.0,0.0,0.0,1.0,market_maker,9.0,20260520_AM,20260520_AM/gp1
mn8370qr,pqnknbrr,98308155-5ef4-4781-92b2-15de5ba68a70,e33cbc6c-84e2-461b-b46a-773696dbb034,0,gp,9,4810.0,2600.0,20.0,0.0,40.0,2.0,4698.15,25.0,4710.0,0.6666666666666666,7.0,0.033333333333333326,3,0,22.0,1.0,1.0,1,0,1,1,6.0,4.0,2.0,8.0,0.0,0.2,0.8,23.0,55.52739130434783,-0.4726086956521738,7.0056521739130435,49.0,62.0,65.0,35.0,56,60.5,10.0,55.88,-0.1900826446280992,0.12510093167701863,0.1094633152173913,0.1313862362781344,-0.109375,0,0,-0.008439440993788747,0,0,25.0,4614.15,5814.15,334.14999999999964,55.92928571428571,0.24889508928571424,0.125,-0.125,0.051271796431467974,0.0,1.0,0.0,0.0,1.0,market_maker,10.0,20260520_AM,20260520_AM/gp1
mn8370qr,pqnknbrr,98308155-5ef4-4781-92b2-15de5ba68a70,e33cbc6c-84e2-461b-b46a-773696dbb034,0,gp,10,4810.0,2600.0,20.0,8.0,,,4821.53,24.0,4710.0,0.6666666666666666,7.0,0.033333333333333326,3,0,22.0,1.0,1.0,1,0,1,1,2.0,4.0,-2.0,11.0,4.0,0.3333333333333333,0.6666666666666667,14.0,55.92928571428571,7.929285714285714,7.929285714285714,55.88,50.0,60.0,50.0,48,49.0,60.5,43.25,0.14040816326530625,0.16519345238095237,0.12389508928571429,-0.25620930101087236,0.12312500000000004,0,0,0.16519345238095232,0,0,23.0,4921.53,5841.53,361.52999999999975,48.3,,,,0.05293795620437957,0.0,1.0,0.0,0.0,1.0,market_maker,6.0,20260520_AM,20260520_AM/gp1
mn8370qr,pqnknbrr,98308155-5ef4-4781-92b2-15de5ba68a70,e33cbc6c-84e2-461b-b46a-773696dbb034,0,gp,11,4810.0,2600.0,20.0,8.0,,,4975.78,26.0,4710.0,0.6666666666666666,7.0,0.033333333333333326,3,0,22.0,1.0,1.0,1,0,1,1,3.0,2.0,1.0,5.0,3.0,0.2,0.8,10.0,48.3,8.3,8.7,43.25,40.0,58.0,38.0,40,55.88,49.0,35.13,-0.22602004294917688,0.21749999999999997,0.1359375,-0.20794176710015266,0.05078125,0,0,0.20749999999999993,0,0,24.0,5075.78,5843.78,363.77999999999975,39.208888888888886,,,,0.053906123276561246,0.0,1.0,0.0,0.0,1.0,market_maker,5.0,20260520_AM,20260520_AM/gp1
mn8370qr,pqnknbrr,98308155-5ef4-4781-92b2-15de5ba68a70,e33cbc6c-84e2-461b-b46a-773696dbb034,0,gp,12,4810.0,2600.0,20.0,8.0,35.0,2.0,5091.16,27.0,4710.0,0.6666666666666666,7.0,0.033333333333333326,3,0,22.0,1.0,1.0,1,0,1,1,4.0,2.0,2.0,6.0,3.0,0.3333333333333333,0.6666666666666667,9.0,39.208888888888886,7.208888888888889,7.208888888888889,35.13,41.0,45.0,35.0,32,43.25,55.88,36.5,-0.1877456647398843,0.22527777777777777,0.11263888888888889,0.03825679431071016,0.04890625000000004,0,0,0.2252777777777777,0,0,26.0,5191.160000000001,5815.160000000001,335.16000000000076,30.520952380952384,0.069985119047619,0.171875,0.171875,0.05477686536901868,0.0,1.0,0.0,0.0,1.0,market_maker,6.0,20260520_AM,20260520_AM/gp1
mn8370qr,pqnknbrr,98308155-5ef4-4781-92b2-15de5ba68a70,e33cbc6c-84e2-461b-b46a-773696dbb034,0,gp,13,4810.0,2600.0,20.0,8.0,,,5354.349999999999,25.0,4710.0,0.6666666666666666,7.0,0.033333333333333326,3,0,22.0,1.0,1.0,1,0,1,1,3.0,4.0,-1.0,4.0,0.0,0.14285714285714285,0.8571428571428572,21.0,30.520952380952384,6.520952380952381,7.520952380952381,36.5,33.5,36.5,15.0,24,35.13,43.25,29.0,0.038998007401081614,0.31337301587301586,0.11751488095238095,-0.23001643060197186,0.1953125,0,0,0.27170634920634934,0,0,25.0,5438.35,5838.35,358.35000000000036,27.992142857142856,,,,0.05745458231954586,0.0,1.0,0.0,0.0,1.0,market_maker,7.0,20260520_AM,20260520_AM/gp1
mn8370qr,pqnknbrr,98308155-5ef4-4781-92b2-15de5ba68a70,e33cbc6c-84e2-461b-b46a-773696dbb034,0,gp,14,4810.0,2600.0,20.0,8.0,,,5266.46,38.0,4710.0,0.6666666666666666,7.0,0.033333333333333326,3,0,22.0,1.0,1.0,1,0,1,1,10.0,0.0,10.0,12.0,4.0,1.0,0.0,14.0,27.992142857142856,11.992142857142856,12.135,29.0,29.0,30.44,15.0,16,36.5,35.13,21.25,-0.20547945205479456,0.7584375,0.189609375,-0.31093893461604827,0.203125,0,0,0.7495089285714285,0,0,35.0,5430.46,5710.46,230.46000000000004,27.044,,,,0.05725790754257907,0.0,1.0,0.0,0.0,1.0,market_maker,10.0,20260520_AM,20260520_AM/gp1
mn8370qr,pqnknbrr,98308155-5ef4-4781-92b2-15de5ba68a70,e33cbc6c-84e2-461b-b46a-773696dbb034,0,gp,15,4810.0,2600.0,20.0,4.0,,,5542.46,36.0,4710.0,0.6666666666666666,7.0,0.033333333333333326,3,0,22.0,1.0,1.0,1,0,1,1,1.0,0.0,1.0,6.0,6.0,1.0,0.0,15.0,27.044,19.044,19.044,21.25,30.55,30.66,15.0,8,29.0,36.5,,-0.26724137931034486,2.3805,0.2975625,,0.20703125,0,0,2.3805,0,0,36.0,5546.46,5546.46,126.45999999999913,,,,,0.07027952029520294,0.0,1.0,0.0,0.0,1.0,market_maker,1.0,20260520_AM,20260520_AM/gp1
mn8370qr,whc9aveo,98308155-5ef4-4781-92b2-15de5ba68a70,f2e7f80c-211c-4c81-bc5c-0ba136ad3833,0,gp,1,6139.0,3800.0,10.0,8.0,,,4070.0,9.0,5989.0,0.9166666666666666,7.0,-0.21666666666666667,1,0,34.0,1.0,1.0,1,0,1,1,0.0,3.0,-3.0,6.0,0.0,1.0,0.0,6.0,64.66666666666667,-55.333333333333336,55.333333333333336,80.0,100.0,100.0,30.0,120,,,70.0,,0.46111111111111114,0.8645833333333334,-0.13353139262452185,-0.625,0,0,-0.4611111111111111,0,0,7.0,4126.0,4910.0,-90.0,76.07875,,,,0.0105,0.0,0.0,1.0,0.0,1.0,market_maker,3.0,20260520_AM,20260520_AM/gp1
mn8370qr,whc9aveo,98308155-5ef4-4781-92b2-15de5ba68a70,f2e7f80c-211c-4c81-bc5c-0ba136ad3833,0,gp,2,6139.0,3800.0,10.0,8.0,,,4332.0,8.0,5989.0,0.9166666666666666,7.0,-0.21666666666666667,1,0,34.0,1.0,1.0,1,0,1,1,0.0,2.0,-2.0,5.0,1.0,1.0,0.0,8.0,76.07875,-35.92125,35.92125,70.0,80.0,95.0,50.0,112,80.0,,85.0,-0.125,0.3207254464285714,0.56126953125,0.19415601444095731,-0.65625,0,0,-0.3207254464285714,0,0,5.0,4356.0,4876.0,-124.0,68.2,,,,0.012955333333333329,0.0,0.0,1.0,0.0,1.0,market_maker,2.0,20260520_AM,20260520_AM/gp1
mn8370qr,whc9aveo,98308155-5ef4-4781-92b2-15de5ba68a70,f2e7f80c-211c-4c81-bc5c-0ba136ad3833,0,gp,3,6139.0,3800.0,10.0,20.0,90.0,4.0,4381.0,9.0,5989.0,0.9166666666666666,7.0,-0.21666666666666667,1,0,34.0,1.0,1.0,1,0,1,1,2.0,1.0,1.0,5.0,3.0,0.3333333333333333,0.6666666666666667,10.0,68.2,-35.8,35.8,85.0,70.0,87.0,50.0,104,70.0,80.0,88.0,0.2142857142857142,0.34423076923076923,0.559375,0.03468555798789019,-0.296875,0,0,-0.34423076923076923,0,0,6.0,4461.0,5037.0,-143.0,68.45227272727273,0.3366832386363636,0.09375,-0.09375,0.0242074217074217,0.0,0.0,1.0,0.0,1.0,market_maker,3.0,20260520_AM,20260520_AM/gp1
mn8370qr,whc9aveo,98308155-5ef4-4781-92b2-15de5ba68a70,f2e7f80c-211c-4c81-bc5c-0ba136ad3833,0,gp,4,6139.0,3800.0,10.0,20.0,,,4609.0,8.0,5989.0,0.9166666666666666,7.0,-0.21666666666666667,1,0,34.0,1.0,1.0,1,0,1,1,3.0,2.0,1.0,4.0,1.0,0.2,0.8,22.0,68.45227272727273,-27.547727272727272,27.547727272727272,88.0,78.13,88.0,20.0,96,85.0,70.0,50.0,0.03529411764705892,0.2869554924242424,0.4304332386363636,-0.5653138090500609,-0.125,0,0,-0.2869554924242424,0,0,7.0,4649.0,5265.0,-95.0,62.96714285714285,,,,0.030686048922056397,0.0,0.0,1.0,0.0,1.0,market_maker,5.0,20260520_AM,20260520_AM/gp1
mn8370qr,whc9aveo,98308155-5ef4-4781-92b2-15de5ba68a70,f2e7f80c-211c-4c81-bc5c-0ba136ad3833,0,gp,5,6139.0,3800.0,10.0,4.0,,,4749.0,12.0,5989.0,0.9166666666666666,7.0,-0.21666666666666667,1,0,34.0,1.0,1.0,1,0,1,1,4.0,2.0,2.0,7.0,3.0,0.3333333333333333,0.6666666666666667,14.0,62.96714285714285,-25.032857142857143,25.747142857142855,50.0,46.88,90.0,34.0,88,88.0,85.0,78.0,-0.43181818181818177,0.2925811688311688,0.4022991071428571,0.44468582126144574,-0.59375,0,0,-0.2844642857142858,0,0,9.0,4665.0,5385.0,85.0,69.75,,,,0.03662379454926624,0.0,0.0,1.0,0.0,1.0,market_maker,6.0,20260520_AM,20260520_AM/gp1
mn8370qr,whc9aveo,98308155-5ef4-4781-92b2-15de5ba68a70,f2e7f80c-211c-4c81-bc5c-0ba136ad3833,0,gp,6,6139.0,3800.0,10.0,20.0,80.0,4.0,4797.0,12.0,5989.0,0.9166666666666666,7.0,-0.21666666666666667,1,0,34.0,1.0,1.0,1,0,1,1,0.0,0.0,0.0,4.0,2.0,,,10.0,69.75,-10.25,10.25,78.0,65.0,78.0,50.0,80,50.0,88.0,10.0,0.56,0.128125,0.16015625,-2.054123733695546,-0.03125,0,0,-0.128125,0,0,9.0,4845.0,5493.0,13.0,63.35526315789474,0.2600740131578947,0.125,0.125,0.04682157339821571,0.0,0.0,1.0,0.0,1.0,market_maker,0.0,20260520_AM,20260520_AM/gp1
mn8370qr,whc9aveo,98308155-5ef4-4781-92b2-15de5ba68a70,f2e7f80c-211c-4c81-bc5c-0ba136ad3833,0,gp,7,6139.0,3800.0,10.0,4.0,,,5151.0,9.0,5989.0,0.9166666666666666,7.0,-0.21666666666666667,1,0,34.0,1.0,1.0,1,0,1,1,3.0,3.0,0.0,4.0,0.0,0.0,1.0,19.0,63.35526315789474,-8.644736842105264,12.276315789473685,10.0,68.0,79.0,10.0,72,78.0,50.0,60.5,-0.8717948717948718,0.1705043859649123,0.19181743421052633,1.80005827204275,-0.96875,0,0,-0.12006578947368417,0,0,9.0,4995.0,5571.0,151.0,58.785714285714285,,,,0.0473578310783108,0.0,0.0,1.0,0.0,1.0,market_maker,6.0,20260520_AM,20260520_AM/gp1
mn8370qr,whc9aveo,98308155-5ef4-4781-92b2-15de5ba68a70,f2e7f80c-211c-4c81-bc5c-0ba136ad3833,0,gp,8,6139.0,3800.0,10.0,20.0,,,5187.0,12.0,5989.0,0.9166666666666666,7.0,-0.21666666666666667,1,0,34.0,1.0,1.0,1,0,1,1,0.0,0.0,0.0,3.0,3.0,,,14.0,58.785714285714285,-5.214285714285714,5.785714285714286,60.5,44.0,68.0,44.0,64,10.0,78.0,49.0,5.05,0.09040178571428571,0.09040178571428571,-0.21082306692616948,-0.0546875,1,0,-0.0814732142857143,0,0,9.0,5175.0,5679.0,79.0,55.52739130434783,,,,0.04961041666666668,0.0,0.0,1.0,0.0,1.0,market_maker,0.0,20260520_AM,20260520_AM/gp1
mn8370qr,whc9aveo,98308155-5ef4-4781-92b2-15de5ba68a70,f2e7f80c-211c-4c81-bc5c-0ba136ad3833,0,gp,9,6139.0,3800.0,10.0,0.0,50.0,4.0,5427.0,13.0,5989.0,0.9166666666666666,7.0,-0.21666666666666667,1,0,34.0,1.0,1.0,1,0,1,1,0.0,0.0,0.0,4.0,4.0,,,23.0,55.52739130434783,-0.4726086956521738,7.0056521739130435,49.0,62.0,65.0,35.0,56,60.5,10.0,55.88,-0.1900826446280992,0.12510093167701863,0.1094633152173913,0.1313862362781344,-0.109375,0,0,-0.008439440993788747,0,0,9.0,5175.0,5607.0,127.0,55.92928571428571,0.09264508928571424,0.03125,0.03125,0.051271796431467974,0.0,0.0,1.0,0.0,1.0,market_maker,0.0,20260520_AM,20260520_AM/gp1
mn8370qr,whc9aveo,98308155-5ef4-4781-92b2-15de5ba68a70,f2e7f80c-211c-4c81-bc5c-0ba136ad3833,0,gp,10,6139.0,3800.0,10.0,8.0,,,5487.0,10.0,5989.0,0.9166666666666666,7.0,-0.21666666666666667,1,0,34.0,1.0,1.0,1,0,1,1,0.0,1.0,-1.0,3.0,2.0,1.0,0.0,14.0,55.92928571428571,7.929285714285714,7.929285714285714,55.88,50.0,60.0,50.0,48,49.0,60.5,43.25,0.14040816326530625,0.16519345238095237,0.12389508928571429,-0.25620930101087236,0.12312500000000004,0,0,0.16519345238095232,0,0,8.0,5299.0,5619.0,139.0,48.3,,,,0.05293795620437957,0.0,0.0,1.0,0.0,1.0,market_maker,1.0,20260520_AM,20260520_AM/gp1
mn8370qr,whc9aveo,98308155-5ef4-4781-92b2-15de5ba68a70,f2e7f80c-211c-4c81-bc5c-0ba136ad3833,0,gp,11,6139.0,3800.0,10.0,8.0,,,5567.0,8.0,5989.0,0.9166666666666666,7.0,-0.21666666666666667,1,0,34.0,1.0,1.0,1,0,1,1,0.0,0.0,0.0,1.0,1.0,,,10.0,48.3,8.3,8.7,43.25,40.0,58.0,38.0,40,55.88,49.0,35.13,-0.22602004294917688,0.21749999999999997,0.1359375,-0.20794176710015266,0.05078125,0,0,0.20749999999999993,0,0,8.0,5363.0,5619.0,139.0,39.208888888888886,,,,0.053906123276561246,0.0,0.0,1.0,0.0,1.0,market_maker,0.0,20260520_AM,20260520_AM/gp1
mn8370qr,whc9aveo,98308155-5ef4-4781-92b2-15de5ba68a70,f2e7f80c-211c-4c81-bc5c-0ba136ad3833,0,gp,12,6139.0,3800.0,10.0,8.0,30.0,3.0,5676.0,8.0,5989.0,0.9166666666666666,7.0,-0.21666666666666667,1,0,34.0,1.0,1.0,1,0,1,1,0.0,1.0,-1.0,4.0,3.0,1.0,0.0,9.0,39.208888888888886,7.208888888888889,7.208888888888889,35.13,41.0,45.0,35.0,32,43.25,55.88,36.5,-0.1877456647398843,0.22527777777777777,0.11263888888888889,0.03825679431071016,0.04890625000000004,0,0,0.2252777777777777,0,0,7.0,5464.0,5632.0,152.0,30.520952380952384,0.008139880952380996,0.09375,0.09375,0.05477686536901868,0.0,0.0,1.0,0.0,1.0,market_maker,1.0,20260520_AM,20260520_AM/gp1
mn8370qr,whc9aveo,98308155-5ef4-4781-92b2-15de5ba68a70,f2e7f80c-211c-4c81-bc5c-0ba136ad3833,0,gp,13,6139.0,3800.0,10.0,8.0,,,5866.0,3.0,5989.0,0.9166666666666666,7.0,-0.21666666666666667,1,0,34.0,1.0,1.0,1,0,1,1,0.0,4.0,-4.0,3.0,1.0,1.0,0.0,21.0,30.520952380952384,6.520952380952381,7.520952380952381,36.5,33.5,36.5,15.0,24,35.13,43.25,29.0,0.038998007401081614,0.31337301587301586,0.11751488095238095,-0.23001643060197186,0.1953125,0,0,0.27170634920634934,0,0,3.0,5614.0,5662.0,182.0,27.992142857142856,,,,0.05745458231954586,0.0,0.0,1.0,0.0,1.0,market_maker,4.0,20260520_AM,20260520_AM/gp1
mn8370qr,whc9aveo,98308155-5ef4-4781-92b2-15de5ba68a70,f2e7f80c-211c-4c81-bc5c-0ba136ad3833,0,gp,14,6139.0,3800.0,10.0,8.0,,,5920.0,2.0,5989.0,0.9166666666666666,7.0,-0.21666666666666667,1,0,34.0,1.0,1.0,1,0,1,1,0.0,1.0,-1.0,3.0,2.0,1.0,0.0,14.0,27.992142857142856,11.992142857142856,12.135,29.0,29.0,30.44,15.0,16,36.5,35.13,21.25,-0.20547945205479456,0.7584375,0.189609375,-0.31093893461604827,0.203125,0,0,0.7495089285714285,0,0,2.0,5660.0,5676.0,196.0,27.044,,,,0.05725790754257907,0.0,0.0,1.0,0.0,1.0,market_maker,1.0,20260520_AM,20260520_AM/gp1
mn8370qr,whc9aveo,98308155-5ef4-4781-92b2-15de5ba68a70,f2e7f80c-211c-4c81-bc5c-0ba136ad3833,0,gp,15,6139.0,3800.0,10.0,4.0,,,5988.7699999999995,0.0,5989.0,0.9166666666666666,7.0,-0.21666666666666667,1,0,34.0,1.0,1.0,1,0,1,1,0.0,2.0,-2.0,1.0,0.0,1.0,0.0,15.0,27.044,19.044,19.044,21.25,30.55,30.66,15.0,8,29.0,36.5,,-0.26724137931034486,2.3805,0.2975625,,0.20703125,0,0,2.3805,0,0,0.0,5712.77,5712.77,292.7699999999995,,,,,0.07027952029520294,0.0,0.0,1.0,0.0,1.0,market_maker,2.0,20260520_AM,20260520_AM/gp1
mn8370qr,ai0il249,98308155-5ef4-4781-92b2-15de5ba68a70,f31a815e-6425-437b-901f-67ac478997d1,0,gp,1,5172.0,3800.0,10.0,8.0,,,3630.0,13.0,5042.0,0.75,2.0,-0.55,3,0,18.0,0.0,1.0,1,0,1,1,2.0,0.0,2.0,1.0,1.0,1.0,0.0,6.0,64.66666666666667,-55.333333333333336,55.333333333333336,80.0,100.0,100.0,30.0,120,,,70.0,,0.46111111111111114,0.8645833333333334,-0.13353139262452185,-0.625,0,0,-0.4611111111111111,0,0,12.0,3726.0,5070.0,70.0,76.07875,,,,0.0105,0.0,0.0,1.0,0.0,1.0,market_maker,2.0,20260520_AM,20260520_AM/gp1
mn8370qr,ai0il249,98308155-5ef4-4781-92b2-15de5ba68a70,f31a815e-6425-437b-901f-67ac478997d1,0,gp,2,5172.0,3800.0,10.0,8.0,,,3734.0,13.0,5042.0,0.75,2.0,-0.55,3,0,18.0,0.0,1.0,1,0,1,1,0.0,0.0,0.0,2.0,2.0,,,8.0,76.07875,-35.92125,35.92125,70.0,80.0,95.0,50.0,112,80.0,,85.0,-0.125,0.3207254464285714,0.56126953125,0.19415601444095731,-0.65625,0,0,-0.3207254464285714,0,0,12.0,3822.0,5070.0,70.0,68.2,,,,0.012955333333333329,0.0,0.0,1.0,0.0,1.0,market_maker,0.0,20260520_AM,20260520_AM/gp1
mn8370qr,ai0il249,98308155-5ef4-4781-92b2-15de5ba68a70,f31a815e-6425-437b-901f-67ac478997d1,0,gp,3,5172.0,3800.0,10.0,20.0,85.0,3.0,3768.0,13.0,5042.0,0.75,2.0,-0.55,3,0,18.0,0.0,1.0,1,0,1,1,1.0,0.0,1.0,2.0,1.0,1.0,0.0,10.0,68.2,-35.8,35.8,85.0,70.0,87.0,50.0,104,70.0,80.0,88.0,0.2142857142857142,0.34423076923076923,0.559375,0.03468555798789019,-0.296875,0,0,-0.34423076923076923,0,0,13.0,4012.0,5260.0,80.0,68.45227272727273,0.2585582386363636,0.171875,-0.171875,0.0242074217074217,0.0,0.0,1.0,0.0,1.0,market_maker,1.0,20260520_AM,20260520_AM/gp1
mn8370qr,ai0il249,98308155-5ef4-4781-92b2-15de5ba68a70,f31a815e-6425-437b-901f-67ac478997d1,0,gp,4,5172.0,3800.0,10.0,20.0,,,3993.0,14.0,5042.0,0.75,2.0,-0.55,3,0,18.0,0.0,1.0,1,0,1,1,2.0,1.0,1.0,4.0,0.0,0.3333333333333333,0.6666666666666667,22.0,68.45227272727273,-27.547727272727272,27.547727272727272,88.0,78.13,88.0,20.0,96,85.0,70.0,50.0,0.03529411764705892,0.2869554924242424,0.4304332386363636,-0.5653138090500609,-0.125,0,0,-0.2869554924242424,0,0,14.0,4257.0,5489.0,129.0,62.96714285714285,,,,0.030686048922056397,0.0,0.0,1.0,0.0,1.0,market_maker,3.0,20260520_AM,20260520_AM/gp1
mn8370qr,ai0il249,98308155-5ef4-4781-92b2-15de5ba68a70,f31a815e-6425-437b-901f-67ac478997d1,0,gp,5,5172.0,3800.0,10.0,4.0,,,4088.0,19.0,5042.0,0.75,2.0,-0.55,3,0,18.0,0.0,1.0,1,0,1,1,3.0,0.0,3.0,5.0,2.0,1.0,0.0,14.0,62.96714285714285,-25.032857142857143,25.747142857142855,50.0,46.88,90.0,34.0,88,88.0,85.0,78.0,-0.43181818181818177,0.2925811688311688,0.4022991071428571,0.44468582126144574,-0.59375,0,0,-0.2844642857142858,0,0,17.0,4140.0,5500.0,200.0,69.75,,,,0.03662379454926624,0.0,0.0,1.0,0.0,1.0,market_maker,3.0,20260520_AM,20260520_AM/gp1
mn8370qr,ai0il249,98308155-5ef4-4781-92b2-15de5ba68a70,f31a815e-6425-437b-901f-67ac478997d1,0,gp,6,5172.0,3800.0,10.0,20.0,85.0,1.0,3989.0,21.0,5042.0,0.75,2.0,-0.55,3,0,18.0,0.0,1.0,1,0,1,1,3.0,0.0,3.0,3.0,1.0,1.0,0.0,10.0,69.75,-10.25,10.25,78.0,65.0,78.0,50.0,80,50.0,88.0,10.0,0.56,0.128125,0.16015625,-2.054123733695546,-0.03125,0,0,-0.128125,0,0,20.0,4365.0,5805.0,325.0,63.35526315789474,0.3381990131578947,0.203125,0.203125,0.04682157339821571,0.0,0.0,1.0,0.0,1.0,market_maker,3.0,20260520_AM,20260520_AM/gp1
mn8370qr,ai0il249,98308155-5ef4-4781-92b2-15de5ba68a70,f31a815e-6425-437b-901f-67ac478997d1,0,gp,7,5172.0,3800.0,10.0,4.0,,,4304.0,23.0,5042.0,0.75,2.0,-0.55,3,0,18.0,0.0,1.0,1,0,1,1,2.0,0.0,2.0,4.0,3.0,1.0,0.0,19.0,63.35526315789474,-8.644736842105264,12.276315789473685,10.0,68.0,79.0,10.0,72,78.0,50.0,60.5,-0.8717948717948718,0.1705043859649123,0.19181743421052633,1.80005827204275,-0.96875,0,0,-0.12006578947368417,0,0,22.0,4348.0,5756.0,336.0,58.785714285714285,,,,0.0473578310783108,0.0,0.0,1.0,0.0,1.0,market_maker,2.0,20260520_AM,20260520_AM/gp1
mn8370qr,ai0il249,98308155-5ef4-4781-92b2-15de5ba68a70,f31a815e-6425-437b-901f-67ac478997d1,0,gp,8,5172.0,3800.0,10.0,20.0,,,4459.0,23.0,5042.0,0.75,2.0,-0.55,3,0,18.0,0.0,1.0,1,0,1,1,0.0,1.0,-1.0,5.0,2.0,1.0,0.0,14.0,58.785714285714285,-5.214285714285714,5.785714285714286,60.5,44.0,68.0,44.0,64,10.0,78.0,49.0,5.05,0.09040178571428571,0.09040178571428571,-0.21082306692616948,-0.0546875,1,0,-0.0814732142857143,0,0,21.0,4831.0,6007.0,407.0,55.52739130434783,,,,0.04961041666666668,0.0,0.0,1.0,0.0,1.0,market_maker,1.0,20260520_AM,20260520_AM/gp1
mn8370qr,ai0il249,98308155-5ef4-4781-92b2-15de5ba68a70,f31a815e-6425-437b-901f-67ac478997d1,0,gp,9,5172.0,3800.0,10.0,0.0,30.0,3.0,4920.38,22.0,5042.0,0.75,2.0,-0.55,3,0,18.0,0.0,1.0,1,0,1,1,4.0,3.0,1.0,7.0,2.0,0.14285714285714285,0.8571428571428572,23.0,55.52739130434783,-0.4726086956521738,7.0056521739130435,49.0,62.0,65.0,35.0,56,60.5,10.0,55.88,-0.1900826446280992,0.12510093167701863,0.1094633152173913,0.1313862362781344,-0.109375,0,0,-0.008439440993788747,0,0,22.0,4832.38,5888.38,408.3800000000001,55.92928571428571,0.40514508928571424,0.28125,-0.28125,0.051271796431467974,0.0,0.0,1.0,0.0,1.0,market_maker,7.0,20260520_AM,20260520_AM/gp1
mn8370qr,ai0il249,98308155-5ef4-4781-92b2-15de5ba68a70,f31a815e-6425-437b-901f-67ac478997d1,0,gp,10,5172.0,3800.0,10.0,8.0,,,5142.51,19.0,5042.0,0.75,2.0,-0.55,3,0,18.0,0.0,1.0,1,0,1,1,0.0,4.0,-4.0,7.0,1.0,1.0,0.0,14.0,55.92928571428571,7.929285714285714,7.929285714285714,55.88,50.0,60.0,50.0,48,49.0,60.5,43.25,0.14040816326530625,0.16519345238095237,0.12389508928571429,-0.25620930101087236,0.12312500000000004,0,0,0.16519345238095232,0,0,18.0,5198.51,5918.51,438.5100000000002,48.3,,,,0.05293795620437957,0.0,0.0,1.0,0.0,1.0,market_maker,4.0,20260520_AM,20260520_AM/gp1
mn8370qr,ai0il249,98308155-5ef4-4781-92b2-15de5ba68a70,f31a815e-6425-437b-901f-67ac478997d1,0,gp,11,5172.0,3800.0,10.0,8.0,,,5304.51,20.0,5042.0,0.75,2.0,-0.55,3,0,18.0,0.0,1.0,1,0,1,1,1.0,1.0,0.0,4.0,3.0,0.0,1.0,10.0,48.3,8.3,8.7,43.25,40.0,58.0,38.0,40,55.88,49.0,35.13,-0.22602004294917688,0.21749999999999997,0.1359375,-0.20794176710015266,0.05078125,0,0,0.20749999999999993,0,0,18.0,5352.51,5928.51,448.5100000000002,39.208888888888886,,,,0.053906123276561246,0.0,0.0,1.0,0.0,1.0,market_maker,2.0,20260520_AM,20260520_AM/gp1
mn8370qr,ai0il249,98308155-5ef4-4781-92b2-15de5ba68a70,f31a815e-6425-437b-901f-67ac478997d1,0,gp,12,5172.0,3800.0,10.0,8.0,34.0,3.0,5469.51,21.0,5042.0,0.75,2.0,-0.55,3,0,18.0,0.0,1.0,1,0,1,1,1.0,1.0,0.0,5.0,4.0,0.0,1.0,9.0,39.208888888888886,7.208888888888889,7.208888888888889,35.13,41.0,45.0,35.0,32,43.25,55.88,36.5,-0.1877456647398843,0.22527777777777777,0.11263888888888889,0.03825679431071016,0.04890625000000004,0,0,0.2252777777777777,0,0,18.0,5501.51,5933.51,453.5100000000002,30.520952380952384,0.054360119047619004,0.15625,0.15625,0.05477686536901868,0.0,0.0,1.0,0.0,1.0,market_maker,2.0,20260520_AM,20260520_AM/gp1
mn8370qr,ai0il249,98308155-5ef4-4781-92b2-15de5ba68a70,f31a815e-6425-437b-901f-67ac478997d1,0,gp,13,5172.0,3800.0,10.0,8.0,,,5652.51,18.0,5042.0,0.75,2.0,-0.55,3,0,18.0,0.0,1.0,1,0,1,1,1.0,1.0,0.0,4.0,1.0,0.0,1.0,21.0,30.520952380952384,6.520952380952381,7.520952380952381,36.5,33.5,36.5,15.0,24,35.13,43.25,29.0,0.038998007401081614,0.31337301587301586,0.11751488095238095,-0.23001643060197186,0.1953125,0,0,0.27170634920634934,0,0,18.0,5660.51,5948.51,468.5100000000002,27.992142857142856,,,,0.05745458231954586,0.0,0.0,1.0,0.0,1.0,market_maker,2.0,20260520_AM,20260520_AM/gp1
mn8370qr,ai0il249,98308155-5ef4-4781-92b2-15de5ba68a70,f31a815e-6425-437b-901f-67ac478997d1,0,gp,14,5172.0,3800.0,10.0,8.0,,,5900.95,19.0,5042.0,0.75,2.0,-0.55,3,0,18.0,0.0,1.0,1,0,1,1,1.0,4.0,-3.0,7.0,0.0,0.6,0.4,14.0,27.992142857142856,11.992142857142856,12.135,29.0,29.0,30.44,15.0,16,36.5,35.13,21.25,-0.20547945205479456,0.7584375,0.189609375,-0.31093893461604827,0.203125,0,0,0.7495089285714285,0,0,15.0,5884.95,6004.95,524.9499999999998,27.044,,,,0.05725790754257907,0.0,0.0,1.0,0.0,1.0,market_maker,5.0,20260520_AM,20260520_AM/gp1
mn8370qr,ai0il249,98308155-5ef4-4781-92b2-15de5ba68a70,f31a815e-6425-437b-901f-67ac478997d1,0,gp,15,5172.0,3800.0,10.0,4.0,,,6157.2699999999995,14.0,5042.0,0.75,2.0,-0.55,3,0,18.0,0.0,1.0,1,0,1,1,1.0,4.0,-3.0,3.0,0.0,0.6,0.4,15.0,27.044,19.044,19.044,21.25,30.55,30.66,15.0,8,29.0,36.5,,-0.26724137931034486,2.3805,0.2975625,,0.20703125,0,0,2.3805,0,0,12.0,6037.27,6037.27,617.2699999999995,,,,,0.07027952029520294,0.0,0.0,1.0,0.0,1.0,market_maker,5.0,20260520_AM,20260520_AM/gp1
mn8370qr,lh92b709,a05edde7-d925-45e5-bd12-37b4af942736,0c8329d9-01d0-4ade-9746-adcd76979d55,0,gh,1,5744.0,3800.0,10.0,8.0,,,3760.0,11.0,5574.0,0.9166666666666666,5.0,-0.41666666666666663,4,0,19.0,1.0,1.0,1,1,0,1,2.0,1.0,1.0,3.0,0.0,0.3333333333333333,0.6666666666666667,6.0,118.33333333333333,-1.6666666666666667,15.0,150.0,110.0,150.0,80.0,120,,,100.0,,0.125,0.234375,-0.4054651081081637,0.46875,0,0,-0.013888888888888928,0,0,11.0,3848.0,5080.0,80.0,116.5,,,,0.0047777777777777775,0.0,0.0,1.0,0.0,1.0,market_maker,3.0,20260520_AM,20260520_AM/gh1
mn8370qr,lh92b709,a05edde7-d925-45e5-bd12-37b4af942736,0c8329d9-01d0-4ade-9746-adcd76979d55,0,gh,2,5744.0,3800.0,10.0,8.0,,,3634.0,15.0,5574.0,0.9166666666666666,5.0,-0.41666666666666663,4,0,19.0,1.0,1.0,1,1,0,1,2.0,0.0,2.0,3.0,1.0,1.0,0.0,6.0,116.5,4.5,9.166666666666666,100.0,110.0,130.0,100.0,112,150.0,,130.0,-0.33333333333333337,0.0818452380952381,0.14322916666666666,0.2623642644674904,-0.1875,0,0,0.04017857142857143,0,0,13.0,3738.0,5090.0,90.0,125.28571428571429,,,,0.006533333333333334,0.0,0.0,1.0,0.0,1.0,market_maker,2.0,20260520_AM,20260520_AM/gh1
mn8370qr,lh92b709,a05edde7-d925-45e5-bd12-37b4af942736,0c8329d9-01d0-4ade-9746-adcd76979d55,0,gh,3,5744.0,3800.0,10.0,20.0,0.0,0.0,3917.0,13.0,5574.0,0.9166666666666666,5.0,-0.41666666666666663,4,0,19.0,1.0,1.0,1,1,0,1,1.0,2.0,-1.0,4.0,0.0,0.3333333333333333,0.6666666666666667,7.0,125.28571428571429,21.285714285714285,21.285714285714285,130.0,135.0,140.0,110.0,104,100.0,150.0,110.0,0.30000000000000004,0.20467032967032966,0.3325892857142857,-0.16705408466316563,0.40625,0,0,0.20467032967032972,0,0,12.0,4141.0,5293.0,113.0,130.36111111111111,2.036892361111111,1.5,-1.5,0.010757185757185758,0.0,0.0,1.0,0.0,1.0,market_maker,3.0,20260520_AM,20260520_AM/gh1
mn8370qr,lh92b709,a05edde7-d925-45e5-bd12-37b4af942736,0c8329d9-01d0-4ade-9746-adcd76979d55,0,gh,4,5744.0,3800.0,10.0,20.0,,,4514.0,11.0,5574.0,0.9166666666666666,5.0,-0.41666666666666663,4,0,19.0,1.0,1.0,1,1,0,1,2.0,4.0,-2.0,5.0,2.0,0.3333333333333333,0.6666666666666667,9.0,130.36111111111111,34.361111111111114,34.361111111111114,110.0,140.0,145.0,110.0,96,130.0,100.0,115.0,-0.15384615384615385,0.35792824074074076,0.5368923611111112,0.04445176257083361,0.21875,0,0,0.35792824074074076,0,0,10.0,4678.0,5558.0,198.0,124.32142857142857,,,,0.01883291873963516,0.0,0.0,1.0,0.0,1.0,market_maker,6.0,20260520_AM,20260520_AM/gh1
mn8370qr,lh92b709,a05edde7-d925-45e5-bd12-37b4af942736,0c8329d9-01d0-4ade-9746-adcd76979d55,0,gh,5,5744.0,3800.0,10.0,4.0,,,4889.0,10.0,5574.0,0.9166666666666666,5.0,-0.41666666666666663,4,0,19.0,1.0,1.0,1,1,0,1,1.0,2.0,-1.0,4.0,1.0,0.3333333333333333,0.6666666666666667,7.0,124.32142857142857,36.32142857142857,36.32142857142857,115.0,125.0,135.25,105.0,88,110.0,130.0,110.0,0.045454545454545414,0.4127435064935065,0.5675223214285714,-0.04445176257083361,0.421875,0,0,0.4127435064935065,0,0,9.0,4869.0,5589.0,289.0,124.71428571428571,,,,0.025555555555555557,0.0,0.0,1.0,0.0,1.0,market_maker,3.0,20260520_AM,20260520_AM/gh1
mn8370qr,lh92b709,a05edde7-d925-45e5-bd12-37b4af942736,0c8329d9-01d0-4ade-9746-adcd76979d55,0,gh,6,5744.0,3800.0,10.0,20.0,120.0,3.0,5067.0,9.0,5574.0,0.9166666666666666,5.0,-0.41666666666666663,4,0,19.0,1.0,1.0,1,1,0,1,0.0,1.0,-1.0,4.0,3.0,1.0,0.0,7.0,124.71428571428571,44.714285714285715,44.714285714285715,110.0,135.0,138.0,110.0,80,115.0,110.0,130.0,-0.04347826086956519,0.5589285714285714,0.6986607142857143,0.16705408466316563,0.46875,0,0,0.5589285714285713,0,0,8.0,5167.0,5743.0,263.0,124.66666666666667,0.07291666666666674,0.75,0.75,0.027210056772100567,0.0,0.0,1.0,0.0,1.0,market_maker,1.0,20260520_AM,20260520_AM/gh1
mn8370qr,lh92b709,a05edde7-d925-45e5-bd12-37b4af942736,0c8329d9-01d0-4ade-9746-adcd76979d55,0,gh,7,5744.0,3800.0,10.0,4.0,,,5387.0,8.0,5574.0,0.9166666666666666,5.0,-0.41666666666666663,4,0,19.0,1.0,1.0,1,1,0,1,1.0,2.0,-1.0,4.0,3.0,0.3333333333333333,0.6666666666666667,6.0,124.66666666666667,52.666666666666664,52.666666666666664,130.0,125.0,130.0,115.0,72,110.0,115.0,125.0,0.18181818181818188,0.7314814814814814,0.8229166666666666,-0.039220713153280684,0.90625,0,0,0.7314814814814815,0,0,7.0,5335.0,5783.0,363.0,123.5,,,,0.03386633866338663,0.0,0.0,1.0,0.0,1.0,market_maker,3.0,20260520_AM,20260520_AM/gh1
mn8370qr,lh92b709,a05edde7-d925-45e5-bd12-37b4af942736,0c8329d9-01d0-4ade-9746-adcd76979d55,0,gh,8,5744.0,3800.0,10.0,20.0,,,5042.0,11.0,5574.0,0.9166666666666666,5.0,-0.41666666666666663,4,0,19.0,1.0,1.0,1,1,0,1,3.0,0.0,3.0,2.0,1.0,1.0,0.0,6.0,123.5,59.5,59.5,125.0,132.0,132.0,115.0,64,130.0,110.0,123.0,-0.038461538461538436,0.9296875,0.9296875,-0.016129381929884445,0.953125,0,0,0.9296875,0,0,10.0,5158.0,5718.0,118.0,121.11111111111111,,,,0.03486607142857143,0.0,0.0,1.0,0.0,1.0,market_maker,3.0,20260520_AM,20260520_AM/gh1
mn8370qr,lh92b709,a05edde7-d925-45e5-bd12-37b4af942736,0c8329d9-01d0-4ade-9746-adcd76979d55,0,gh,9,5744.0,3800.0,10.0,0.0,123.0,4.0,4900.0,14.0,5574.0,0.9166666666666666,5.0,-0.41666666666666663,4,0,19.0,1.0,1.0,1,1,0,1,3.0,0.0,3.0,1.0,1.0,1.0,0.0,9.0,121.11111111111111,65.11111111111111,65.11111111111111,123.0,120.0,125.0,112.0,56,125.0,130.0,120.0,-0.016000000000000014,1.1626984126984128,1.0173611111111112,-0.024692612590371255,1.046875,0,0,1.1626984126984128,0,0,13.0,4796.0,5420.0,-60.0,116.66666666666667,0.09895833333333326,1.171875,1.171875,0.05337591240875912,0.0,0.0,1.0,0.0,1.0,market_maker,3.0,20260520_AM,20260520_AM/gh1
mn8370qr,lh92b709,a05edde7-d925-45e5-bd12-37b4af942736,0c8329d9-01d0-4ade-9746-adcd76979d55,0,gh,10,5744.0,3800.0,10.0,8.0,,,4670.0,15.0,5574.0,0.9166666666666666,5.0,-0.41666666666666663,4,0,19.0,1.0,1.0,1,1,0,1,2.0,0.0,2.0,1.0,0.0,1.0,0.0,9.0,116.66666666666667,68.66666666666667,68.66666666666667,120.0,110.0,129.0,110.0,48,123.0,125.0,120.0,-0.024390243902439046,1.4305555555555556,1.0729166666666667,0.0,1.125,0,0,1.4305555555555556,0,0,15.0,4686.0,5286.0,-194.0,114.71428571428571,,,,0.05647810218978102,0.0,0.0,1.0,0.0,1.0,market_maker,2.0,20260520_AM,20260520_AM/gh1
mn8370qr,lh92b709,a05edde7-d925-45e5-bd12-37b4af942736,0c8329d9-01d0-4ade-9746-adcd76979d55,0,gh,11,5744.0,3800.0,10.0,8.0,,,4578.0,18.0,5574.0,0.9166666666666666,5.0,-0.41666666666666663,4,0,19.0,1.0,1.0,1,1,0,1,2.0,0.0,2.0,4.0,2.0,1.0,0.0,7.0,114.71428571428571,74.71428571428571,74.71428571428571,120.0,123.0,123.0,105.0,40,120.0,123.0,120.0,0.0,1.8678571428571427,1.1674107142857142,0.0,1.25,0,0,1.8678571428571427,0,0,17.0,4610.0,5154.0,-326.0,114.7,,,,0.061962692619626926,0.0,0.0,1.0,0.0,1.0,market_maker,2.0,20260520_AM,20260520_AM/gh1
mn8370qr,lh92b709,a05edde7-d925-45e5-bd12-37b4af942736,0c8329d9-01d0-4ade-9746-adcd76979d55,0,gh,12,5744.0,3800.0,10.0,8.0,120.0,3.0,4619.0,18.0,5574.0,0.9166666666666666,5.0,-0.41666666666666663,4,0,19.0,1.0,1.0,1,1,0,1,3.0,2.0,1.0,1.0,0.0,0.2,0.8,10.0,114.7,82.7,82.7,120.0,118.0,120.0,108.0,32,120.0,120.0,102.0,0.0,2.584375,1.2921875,-0.16251892949777513,1.375,0,0,2.584375,0,0,18.0,4651.0,5083.0,-397.0,107.33333333333333,0.19791666666666674,1.5,1.5,0.07643957826439578,0.0,0.0,1.0,0.0,1.0,market_maker,5.0,20260520_AM,20260520_AM/gh1
mn8370qr,lh92b709,a05edde7-d925-45e5-bd12-37b4af942736,0c8329d9-01d0-4ade-9746-adcd76979d55,0,gh,13,5744.0,3800.0,10.0,8.0,,,4548.0,22.0,5574.0,0.9166666666666666,5.0,-0.41666666666666663,4,0,19.0,1.0,1.0,1,1,0,1,2.0,0.0,2.0,3.0,2.0,1.0,0.0,6.0,107.33333333333333,83.33333333333333,83.33333333333333,102.0,110.0,110.0,102.0,24,120.0,120.0,86.95,-0.15000000000000002,3.472222222222222,1.3020833333333333,-0.15963957248397875,1.21875,0,0,3.472222222222222,0,0,20.0,4596.0,4916.0,-564.0,97.59285714285714,,,,0.08556366585563666,0.0,0.0,1.0,0.0,1.0,market_maker,2.0,20260520_AM,20260520_AM/gh1
mn8370qr,lh92b709,a05edde7-d925-45e5-bd12-37b4af942736,0c8329d9-01d0-4ade-9746-adcd76979d55,0,gh,14,5744.0,3800.0,10.0,8.0,,,5019.7,18.0,5574.0,0.9166666666666666,5.0,-0.41666666666666663,4,0,19.0,1.0,1.0,1,1,0,1,0.0,3.0,-3.0,7.0,4.0,1.0,0.0,7.0,97.59285714285714,81.59285714285714,81.59285714285714,86.95,105.5,105.5,86.95,16,102.0,120.0,18.5,-0.14754901960784306,5.099553571428571,1.2748883928571428,-1.547562508716013,1.10859375,0,0,5.099553571428571,1,1,17.0,5027.7,5163.7,-316.3000000000002,53.77777777777778,,,,0.0920007096512571,0.0,0.0,1.0,0.0,1.0,market_maker,3.0,20260520_AM,20260520_AM/gh1
mn8370qr,lh92b709,a05edde7-d925-45e5-bd12-37b4af942736,0c8329d9-01d0-4ade-9746-adcd76979d55,0,gh,15,5744.0,3800.0,10.0,4.0,,,5517.7,14.0,5574.0,0.9166666666666666,5.0,-0.41666666666666663,4,0,19.0,1.0,1.0,1,1,0,1,2.0,7.0,-5.0,14.0,2.0,0.5555555555555556,0.4444444444444444,9.0,53.77777777777778,45.77777777777778,45.77777777777778,18.5,80.0,89.5,18.5,8,86.95,102.0,,-0.7872340425531915,5.722222222222222,0.7152777777777778,,0.1640625,0,0,5.722222222222222,1,0,12.0,5429.7,5429.7,9.699999999999818,,,,,0.10189934399343994,0.0,0.0,1.0,0.0,1.0,market_maker,9.0,20260520_AM,20260520_AM/gh1
mn8370qr,e4rzuiqc,a05edde7-d925-45e5-bd12-37b4af942736,6ab180f8-7112-4499-b7f9-b9540b122777,0,gh,1,5538.0,2600.0,20.0,8.0,,,2730.0,19.0,5418.0,1.0,8.0,-0.19999999999999996,1,0,27.0,1.0,1.0,1,1,0,1,0.0,1.0,-1.0,2.0,0.0,1.0,0.0,6.0,118.33333333333333,-1.6666666666666667,15.0,150.0,110.0,150.0,80.0,120,,,100.0,,0.125,0.234375,-0.4054651081081637,0.46875,0,0,-0.013888888888888928,0,0,19.0,2882.0,5010.0,10.0,116.5,,,,0.0047777777777777775,0.0,0.0,1.0,0.0,0.0,fundamental,1.0,20260520_AM,20260520_AM/gh1
mn8370qr,e4rzuiqc,a05edde7-d925-45e5-bd12-37b4af942736,6ab180f8-7112-4499-b7f9-b9540b122777,0,gh,2,5538.0,2600.0,20.0,8.0,,,2886.0,19.0,5418.0,1.0,8.0,-0.19999999999999996,1,0,27.0,1.0,1.0,1,1,0,1,1.0,1.0,0.0,1.0,0.0,0.0,1.0,6.0,116.5,4.5,9.166666666666666,100.0,110.0,130.0,100.0,112,150.0,,130.0,-0.33333333333333337,0.0818452380952381,0.14322916666666666,0.2623642644674904,-0.1875,0,0,0.04017857142857143,0,0,19.0,3038.0,5014.0,14.0,125.28571428571429,,,,0.006533333333333334,0.0,0.0,1.0,0.0,0.0,fundamental,2.0,20260520_AM,20260520_AM/gh1
mn8370qr,e4rzuiqc,a05edde7-d925-45e5-bd12-37b4af942736,6ab180f8-7112-4499-b7f9-b9540b122777,0,gh,3,5538.0,2600.0,20.0,20.0,0.0,0.0,3148.0,18.0,5418.0,1.0,8.0,-0.19999999999999996,1,0,27.0,1.0,1.0,1,1,0,1,0.0,1.0,-1.0,1.0,1.0,1.0,0.0,7.0,125.28571428571429,21.285714285714285,21.285714285714285,130.0,135.0,140.0,110.0,104,100.0,150.0,110.0,0.30000000000000004,0.20467032967032966,0.3325892857142857,-0.16705408466316563,0.40625,0,0,0.20467032967032972,0,0,18.0,3508.0,5236.0,56.0,130.36111111111111,2.036892361111111,1.5,-1.5,0.010757185757185758,0.0,0.0,1.0,0.0,0.0,fundamental,1.0,20260520_AM,20260520_AM/gh1
mn8370qr,e4rzuiqc,a05edde7-d925-45e5-bd12-37b4af942736,6ab180f8-7112-4499-b7f9-b9540b122777,0,gh,4,5538.0,2600.0,20.0,20.0,,,3508.0,18.0,5418.0,1.0,8.0,-0.19999999999999996,1,0,27.0,1.0,1.0,1,1,0,1,0.0,0.0,0.0,0.0,0.0,,,9.0,130.36111111111111,34.361111111111114,34.361111111111114,110.0,140.0,145.0,110.0,96,130.0,100.0,115.0,-0.15384615384615385,0.35792824074074076,0.5368923611111112,0.04445176257083361,0.21875,0,0,0.35792824074074076,0,0,18.0,3868.0,5452.0,92.0,124.32142857142857,,,,0.01883291873963516,0.0,0.0,1.0,0.0,0.0,fundamental,0.0,20260520_AM,20260520_AM/gh1
mn8370qr,e4rzuiqc,a05edde7-d925-45e5-bd12-37b4af942736,6ab180f8-7112-4499-b7f9-b9540b122777,0,gh,5,5538.0,2600.0,20.0,4.0,,,3868.0,18.0,5418.0,1.0,8.0,-0.19999999999999996,1,0,27.0,1.0,1.0,1,1,0,1,0.0,0.0,0.0,1.0,1.0,,,7.0,124.32142857142857,36.32142857142857,36.32142857142857,115.0,125.0,135.25,105.0,88,110.0,130.0,110.0,0.045454545454545414,0.4127435064935065,0.5675223214285714,-0.04445176257083361,0.421875,0,0,0.4127435064935065,0,0,18.0,3940.0,5380.0,80.0,124.71428571428571,,,,0.025555555555555557,0.0,0.0,1.0,0.0,0.0,fundamental,0.0,20260520_AM,20260520_AM/gh1
mn8370qr,e4rzuiqc,a05edde7-d925-45e5-bd12-37b4af942736,6ab180f8-7112-4499-b7f9-b9540b122777,0,gh,6,5538.0,2600.0,20.0,20.0,80.0,3.0,3940.0,18.0,5418.0,1.0,8.0,-0.19999999999999996,1,0,27.0,1.0,1.0,1,1,0,1,0.0,0.0,0.0,0.0,0.0,,,7.0,124.71428571428571,44.714285714285715,44.714285714285715,110.0,135.0,138.0,110.0,80,115.0,110.0,130.0,-0.04347826086956519,0.5589285714285714,0.6986607142857143,0.16705408466316563,0.46875,0,0,0.5589285714285713,0,0,18.0,4300.0,5596.0,116.0,124.66666666666667,0.6979166666666667,0.125,0.125,0.027210056772100567,0.0,0.0,1.0,0.0,0.0,fundamental,0.0,20260520_AM,20260520_AM/gh1
mn8370qr,e4rzuiqc,a05edde7-d925-45e5-bd12-37b4af942736,6ab180f8-7112-4499-b7f9-b9540b122777,0,gh,7,5538.0,2600.0,20.0,4.0,,,4415.0,17.0,5418.0,1.0,8.0,-0.19999999999999996,1,0,27.0,1.0,1.0,1,1,0,1,0.0,1.0,-1.0,1.0,0.0,1.0,0.0,6.0,124.66666666666667,52.666666666666664,52.666666666666664,130.0,125.0,130.0,115.0,72,110.0,115.0,125.0,0.18181818181818188,0.7314814814814814,0.8229166666666666,-0.039220713153280684,0.90625,0,0,0.7314814814814815,0,0,17.0,4483.0,5571.0,151.0,123.5,,,,0.03386633866338663,0.0,0.0,1.0,0.0,0.0,fundamental,1.0,20260520_AM,20260520_AM/gh1
mn8370qr,e4rzuiqc,a05edde7-d925-45e5-bd12-37b4af942736,6ab180f8-7112-4499-b7f9-b9540b122777,0,gh,8,5538.0,2600.0,20.0,20.0,,,4602.0,16.0,5418.0,1.0,8.0,-0.19999999999999996,1,0,27.0,1.0,1.0,1,1,0,1,0.0,1.0,-1.0,0.0,0.0,1.0,0.0,6.0,123.5,59.5,59.5,125.0,132.0,132.0,115.0,64,130.0,110.0,123.0,-0.038461538461538436,0.9296875,0.9296875,-0.016129381929884445,0.953125,0,0,0.9296875,0,0,16.0,4922.0,5818.0,218.0,121.11111111111111,,,,0.03486607142857143,0.0,0.0,1.0,0.0,0.0,fundamental,1.0,20260520_AM,20260520_AM/gh1
mn8370qr,e4rzuiqc,a05edde7-d925-45e5-bd12-37b4af942736,6ab180f8-7112-4499-b7f9-b9540b122777,0,gh,9,5538.0,2600.0,20.0,0.0,56.0,5.0,5154.0,14.0,5418.0,1.0,8.0,-0.19999999999999996,1,0,27.0,1.0,1.0,1,1,0,1,0.0,2.0,-2.0,2.0,2.0,1.0,0.0,9.0,121.11111111111111,65.11111111111111,65.11111111111111,123.0,120.0,125.0,112.0,56,125.0,130.0,120.0,-0.016000000000000014,1.1626984126984128,1.0173611111111112,-0.024692612590371255,1.046875,0,0,1.1626984126984128,0,0,14.0,5154.0,5826.0,346.0,116.66666666666667,0.9479166666666667,0.125,0.125,0.05337591240875912,0.0,0.0,1.0,0.0,0.0,fundamental,2.0,20260520_AM,20260520_AM/gh1
mn8370qr,e4rzuiqc,a05edde7-d925-45e5-bd12-37b4af942736,6ab180f8-7112-4499-b7f9-b9540b122777,0,gh,10,5538.0,2600.0,20.0,8.0,,,5264.0,13.0,5418.0,1.0,8.0,-0.19999999999999996,1,0,27.0,1.0,1.0,1,1,0,1,0.0,1.0,-1.0,0.0,0.0,1.0,0.0,9.0,116.66666666666667,68.66666666666667,68.66666666666667,120.0,110.0,129.0,110.0,48,123.0,125.0,120.0,-0.024390243902439046,1.4305555555555556,1.0729166666666667,0.0,1.125,0,0,1.4305555555555556,0,0,13.0,5368.0,5888.0,408.0,114.71428571428571,,,,0.05647810218978102,0.0,0.0,1.0,0.0,0.0,fundamental,1.0,20260520_AM,20260520_AM/gh1
mn8370qr,e4rzuiqc,a05edde7-d925-45e5-bd12-37b4af942736,6ab180f8-7112-4499-b7f9-b9540b122777,0,gh,11,5538.0,2600.0,20.0,8.0,,,5598.0,11.0,5418.0,1.0,8.0,-0.19999999999999996,1,0,27.0,1.0,1.0,1,1,0,1,0.0,2.0,-2.0,1.0,1.0,1.0,0.0,7.0,114.71428571428571,74.71428571428571,74.71428571428571,120.0,123.0,123.0,105.0,40,120.0,123.0,120.0,0.0,1.8678571428571427,1.1674107142857142,0.0,1.25,0,0,1.8678571428571427,0,0,11.0,5686.0,6038.0,558.0,114.7,,,,0.061962692619626926,0.0,0.0,1.0,0.0,0.0,fundamental,2.0,20260520_AM,20260520_AM/gh1
mn8370qr,e4rzuiqc,a05edde7-d925-45e5-bd12-37b4af942736,6ab180f8-7112-4499-b7f9-b9540b122777,0,gh,12,5538.0,2600.0,20.0,8.0,0.0,0.0,5904.0,9.0,5418.0,1.0,8.0,-0.19999999999999996,1,0,27.0,1.0,1.0,1,1,0,1,0.0,2.0,-2.0,1.0,1.0,1.0,0.0,10.0,114.7,82.7,82.7,120.0,118.0,120.0,108.0,32,120.0,120.0,102.0,0.0,2.584375,1.2921875,-0.16251892949777513,1.375,0,0,2.584375,0,0,9.0,5976.0,6192.0,712.0,107.33333333333333,1.6770833333333333,0.375,-0.375,0.07643957826439578,0.0,0.0,1.0,0.0,0.0,fundamental,2.0,20260520_AM,20260520_AM/gh1
mn8370qr,e4rzuiqc,a05edde7-d925-45e5-bd12-37b4af942736,6ab180f8-7112-4499-b7f9-b9540b122777,0,gh,13,5538.0,2600.0,20.0,8.0,,,6291.0,6.0,5418.0,1.0,8.0,-0.19999999999999996,1,0,27.0,1.0,1.0,1,1,0,1,0.0,3.0,-3.0,0.0,0.0,1.0,0.0,6.0,107.33333333333333,83.33333333333333,83.33333333333333,102.0,110.0,110.0,102.0,24,120.0,120.0,86.95,-0.15000000000000002,3.472222222222222,1.3020833333333333,-0.15963957248397875,1.21875,0,0,3.472222222222222,0,0,6.0,6339.0,6435.0,955.0,97.59285714285714,,,,0.08556366585563666,0.0,0.0,1.0,0.0,0.0,fundamental,3.0,20260520_AM,20260520_AM/gh1
mn8370qr,e4rzuiqc,a05edde7-d925-45e5-bd12-37b4af942736,6ab180f8-7112-4499-b7f9-b9540b122777,0,gh,14,5538.0,2600.0,20.0,8.0,,,6639.5,3.0,5418.0,1.0,8.0,-0.19999999999999996,1,0,27.0,1.0,1.0,1,1,0,1,0.0,3.0,-3.0,0.0,0.0,1.0,0.0,7.0,97.59285714285714,81.59285714285714,81.59285714285714,86.95,105.5,105.5,86.95,16,102.0,120.0,18.5,-0.14754901960784306,5.099553571428571,1.2748883928571428,-1.547562508716013,1.10859375,0,0,5.099553571428571,1,1,3.0,6663.5,6687.5,1207.5,53.77777777777778,,,,0.0920007096512571,0.0,0.0,1.0,0.0,0.0,fundamental,3.0,20260520_AM,20260520_AM/gh1
mn8370qr,e4rzuiqc,a05edde7-d925-45e5-bd12-37b4af942736,6ab180f8-7112-4499-b7f9-b9540b122777,0,gh,15,5538.0,2600.0,20.0,4.0,,,6653.5,2.0,5418.0,1.0,8.0,-0.19999999999999996,1,0,27.0,1.0,1.0,1,1,0,1,1.0,2.0,-1.0,0.0,0.0,0.3333333333333333,0.6666666666666667,9.0,53.77777777777778,45.77777777777778,45.77777777777778,18.5,80.0,89.5,18.5,8,86.95,102.0,,-0.7872340425531915,5.722222222222222,0.7152777777777778,,0.1640625,0,0,5.722222222222222,1,0,2.0,6661.5,6661.5,1241.5,,,,,0.10189934399343994,0.0,0.0,1.0,0.0,0.0,fundamental,3.0,20260520_AM,20260520_AM/gh1
mn8370qr,j6o1gu35,a05edde7-d925-45e5-bd12-37b4af942736,73efef72-11c9-496a-80d8-178d281ae4d1,0,gh,1,1136.0,3800.0,10.0,8.0,,,3600.0,11.0,1106.0,0.25,3.0,0.04999999999999999,3,1,19.0,0.0,0.0,0,1,0,1,3.0,2.0,1.0,1.0,0.0,0.2,0.8,6.0,118.33333333333333,-1.6666666666666667,15.0,150.0,110.0,150.0,80.0,120,,,100.0,,0.125,0.234375,-0.4054651081081637,0.46875,0,0,-0.013888888888888928,0,0,11.0,3688.0,4920.0,-80.0,116.5,,,,0.0047777777777777775,0.0,0.0,0.0,1.0,1.0,market_maker,5.0,20260520_AM,20260520_AM/gh1
mn8370qr,j6o1gu35,a05edde7-d925-45e5-bd12-37b4af942736,73efef72-11c9-496a-80d8-178d281ae4d1,0,gh,2,1136.0,3800.0,10.0,8.0,,,3523.0,12.0,1106.0,0.25,3.0,0.04999999999999999,3,1,19.0,0.0,0.0,0,1,0,1,3.0,2.0,1.0,1.0,0.0,0.2,0.8,6.0,116.5,4.5,9.166666666666666,100.0,110.0,130.0,100.0,112,150.0,,130.0,-0.33333333333333337,0.0818452380952381,0.14322916666666666,0.2623642644674904,-0.1875,0,0,0.04017857142857143,0,0,12.0,3619.0,4867.0,-133.0,125.28571428571429,,,,0.006533333333333334,0.0,0.0,0.0,1.0,1.0,market_maker,5.0,20260520_AM,20260520_AM/gh1
mn8370qr,j6o1gu35,a05edde7-d925-45e5-bd12-37b4af942736,73efef72-11c9-496a-80d8-178d281ae4d1,0,gh,3,1136.0,3800.0,10.0,20.0,0.0,0.0,3441.0,13.0,1106.0,0.25,3.0,0.04999999999999999,3,1,19.0,0.0,0.0,0,1,0,1,3.0,2.0,1.0,1.0,1.0,0.2,0.8,7.0,125.28571428571429,21.285714285714285,21.285714285714285,130.0,135.0,140.0,110.0,104,100.0,150.0,110.0,0.30000000000000004,0.20467032967032966,0.3325892857142857,-0.16705408466316563,0.40625,0,0,0.20467032967032972,0,0,13.0,3701.0,4949.0,-231.0,130.36111111111111,2.036892361111111,1.5,-1.5,0.010757185757185758,0.0,0.0,0.0,1.0,1.0,market_maker,5.0,20260520_AM,20260520_AM/gh1
mn8370qr,j6o1gu35,a05edde7-d925-45e5-bd12-37b4af942736,73efef72-11c9-496a-80d8-178d281ae4d1,0,gh,4,1136.0,3800.0,10.0,20.0,,,3612.25,13.0,1106.0,0.25,3.0,0.04999999999999999,3,1,19.0,0.0,0.0,0,1,0,1,3.0,3.0,0.0,0.0,0.0,0.0,1.0,9.0,130.36111111111111,34.361111111111114,34.361111111111114,110.0,140.0,145.0,110.0,96,130.0,100.0,115.0,-0.15384615384615385,0.35792824074074076,0.5368923611111112,0.04445176257083361,0.21875,0,0,0.35792824074074076,0,0,13.0,3872.25,5016.25,-343.75,124.32142857142857,,,,0.01883291873963516,0.0,0.0,0.0,1.0,1.0,market_maker,6.0,20260520_AM,20260520_AM/gh1
mn8370qr,j6o1gu35,a05edde7-d925-45e5-bd12-37b4af942736,73efef72-11c9-496a-80d8-178d281ae4d1,0,gh,5,1136.0,3800.0,10.0,4.0,,,3692.0,14.0,1106.0,0.25,3.0,0.04999999999999999,3,1,19.0,0.0,0.0,0,1,0,1,3.0,2.0,1.0,1.0,1.0,0.2,0.8,7.0,124.32142857142857,36.32142857142857,36.32142857142857,115.0,125.0,135.25,105.0,88,110.0,130.0,110.0,0.045454545454545414,0.4127435064935065,0.5675223214285714,-0.04445176257083361,0.421875,0,0,0.4127435064935065,0,0,14.0,3748.0,4868.0,-432.0,124.71428571428571,,,,0.025555555555555557,0.0,0.0,0.0,1.0,1.0,market_maker,5.0,20260520_AM,20260520_AM/gh1
mn8370qr,j6o1gu35,a05edde7-d925-45e5-bd12-37b4af942736,73efef72-11c9-496a-80d8-178d281ae4d1,0,gh,6,1136.0,3800.0,10.0,20.0,3900.0,3.0,3555.0,15.0,1106.0,0.25,3.0,0.04999999999999999,3,1,19.0,0.0,0.0,0,1,0,1,4.0,3.0,1.0,0.0,0.0,0.14285714285714285,0.8571428571428572,7.0,124.71428571428571,44.714285714285715,44.714285714285715,110.0,135.0,138.0,110.0,80,115.0,110.0,130.0,-0.04347826086956519,0.5589285714285714,0.6986607142857143,0.16705408466316563,0.46875,0,0,0.5589285714285713,0,0,15.0,3855.0,4935.0,-545.0,124.66666666666667,,,,0.027210056772100567,0.0,0.0,0.0,1.0,1.0,market_maker,7.0,20260520_AM,20260520_AM/gh1
mn8370qr,j6o1gu35,a05edde7-d925-45e5-bd12-37b4af942736,73efef72-11c9-496a-80d8-178d281ae4d1,0,gh,7,1136.0,3800.0,10.0,4.0,,,3583.0,17.0,1106.0,0.25,3.0,0.04999999999999999,3,1,19.0,0.0,0.0,0,1,0,1,3.0,1.0,2.0,2.0,1.0,0.5,0.5,6.0,124.66666666666667,52.666666666666664,52.666666666666664,130.0,125.0,130.0,115.0,72,110.0,115.0,125.0,0.18181818181818188,0.7314814814814814,0.8229166666666666,-0.039220713153280684,0.90625,0,0,0.7314814814814815,0,0,17.0,3651.0,4739.0,-681.0,123.5,,,,0.03386633866338663,0.0,0.0,0.0,1.0,1.0,market_maker,4.0,20260520_AM,20260520_AM/gh1
mn8370qr,j6o1gu35,a05edde7-d925-45e5-bd12-37b4af942736,73efef72-11c9-496a-80d8-178d281ae4d1,0,gh,8,1136.0,3800.0,10.0,20.0,,,3641.0,17.0,1106.0,0.25,3.0,0.04999999999999999,3,1,19.0,0.0,0.0,0,1,0,1,1.0,1.0,0.0,3.0,1.0,0.0,1.0,6.0,123.5,59.5,59.5,125.0,132.0,132.0,115.0,64,130.0,110.0,123.0,-0.038461538461538436,0.9296875,0.9296875,-0.016129381929884445,0.953125,0,0,0.9296875,0,0,17.0,3981.0,4933.0,-667.0,121.11111111111111,,,,0.03486607142857143,0.0,0.0,0.0,1.0,1.0,market_maker,2.0,20260520_AM,20260520_AM/gh1
mn8370qr,j6o1gu35,a05edde7-d925-45e5-bd12-37b4af942736,73efef72-11c9-496a-80d8-178d281ae4d1,0,gh,9,1136.0,3800.0,10.0,0.0,3800.0,4.0,3728.0,20.0,1106.0,0.25,3.0,0.04999999999999999,3,1,19.0,0.0,0.0,0,1,0,1,3.0,1.0,2.0,2.0,1.0,0.5,0.5,9.0,121.11111111111111,65.11111111111111,65.11111111111111,123.0,120.0,125.0,112.0,56,125.0,130.0,120.0,-0.016000000000000014,1.1626984126984128,1.0173611111111112,-0.024692612590371255,1.046875,0,0,1.1626984126984128,0,0,19.0,3728.0,4640.0,-840.0,116.66666666666667,,,,0.05337591240875912,0.0,0.0,0.0,1.0,1.0,market_maker,4.0,20260520_AM,20260520_AM/gh1
mn8370qr,j6o1gu35,a05edde7-d925-45e5-bd12-37b4af942736,73efef72-11c9-496a-80d8-178d281ae4d1,0,gh,10,1136.0,3800.0,10.0,8.0,,,3794.0,18.0,1106.0,0.25,3.0,0.04999999999999999,3,1,19.0,0.0,0.0,0,1,0,1,3.0,4.0,-1.0,2.0,0.0,0.14285714285714285,0.8571428571428572,9.0,116.66666666666667,68.66666666666667,68.66666666666667,120.0,110.0,129.0,110.0,48,123.0,125.0,120.0,-0.024390243902439046,1.4305555555555556,1.0729166666666667,0.0,1.125,0,0,1.4305555555555556,0,0,18.0,3938.0,4658.0,-822.0,114.71428571428571,,,,0.05647810218978102,0.0,0.0,0.0,1.0,1.0,market_maker,7.0,20260520_AM,20260520_AM/gh1
mn8370qr,j6o1gu35,a05edde7-d925-45e5-bd12-37b4af942736,73efef72-11c9-496a-80d8-178d281ae4d1,0,gh,11,1136.0,3800.0,10.0,8.0,,,3905.0,18.0,1106.0,0.25,3.0,0.04999999999999999,3,1,19.0,0.0,0.0,0,1,0,1,3.0,3.0,0.0,2.0,1.0,0.0,1.0,7.0,114.71428571428571,74.71428571428571,74.71428571428571,120.0,123.0,123.0,105.0,40,120.0,123.0,120.0,0.0,1.8678571428571427,1.1674107142857142,0.0,1.25,0,0,1.8678571428571427,0,0,18.0,4049.0,4625.0,-855.0,114.7,,,,0.061962692619626926,0.0,0.0,0.0,1.0,1.0,market_maker,6.0,20260520_AM,20260520_AM/gh1
mn8370qr,j6o1gu35,a05edde7-d925-45e5-bd12-37b4af942736,73efef72-11c9-496a-80d8-178d281ae4d1,0,gh,12,1136.0,3800.0,10.0,8.0,3970.0,5.0,3806.0,20.0,1106.0,0.25,3.0,0.04999999999999999,3,1,19.0,0.0,0.0,0,1,0,1,3.0,1.0,2.0,2.0,0.0,0.5,0.5,10.0,114.7,82.7,82.7,120.0,118.0,120.0,108.0,32,120.0,120.0,102.0,0.0,2.584375,1.2921875,-0.16251892949777513,1.375,0,0,2.584375,0,0,20.0,3966.0,4446.0,-1034.0,107.33333333333333,,,,0.07643957826439578,0.0,0.0,0.0,1.0,1.0,market_maker,4.0,20260520_AM,20260520_AM/gh1
mn8370qr,j6o1gu35,a05edde7-d925-45e5-bd12-37b4af942736,73efef72-11c9-496a-80d8-178d281ae4d1,0,gh,13,1136.0,3800.0,10.0,8.0,,,3974.0,21.0,1106.0,0.25,3.0,0.04999999999999999,3,1,19.0,0.0,0.0,0,1,0,1,1.0,1.0,0.0,3.0,1.0,0.0,1.0,6.0,107.33333333333333,83.33333333333333,83.33333333333333,102.0,110.0,110.0,102.0,24,120.0,120.0,86.95,-0.15000000000000002,3.472222222222222,1.3020833333333333,-0.15963957248397875,1.21875,0,0,3.472222222222222,0,0,20.0,4134.0,4454.0,-1026.0,97.59285714285714,,,,0.08556366585563666,0.0,0.0,0.0,1.0,1.0,market_maker,2.0,20260520_AM,20260520_AM/gh1
mn8370qr,j6o1gu35,a05edde7-d925-45e5-bd12-37b4af942736,73efef72-11c9-496a-80d8-178d281ae4d1,0,gh,14,1136.0,3800.0,10.0,8.0,,,3933.95,22.0,1106.0,0.25,3.0,0.04999999999999999,3,1,19.0,0.0,0.0,0,1,0,1,3.0,1.0,2.0,2.0,1.0,0.5,0.5,7.0,97.59285714285714,81.59285714285714,81.59285714285714,86.95,105.5,105.5,86.95,16,102.0,120.0,18.5,-0.14754901960784306,5.099553571428571,1.2748883928571428,-1.547562508716013,1.10859375,0,0,5.099553571428571,1,1,22.0,4101.95,4277.95,-1202.0500000000002,53.77777777777778,,,,0.0920007096512571,0.0,0.0,0.0,1.0,1.0,market_maker,4.0,20260520_AM,20260520_AM/gh1
mn8370qr,j6o1gu35,a05edde7-d925-45e5-bd12-37b4af942736,73efef72-11c9-496a-80d8-178d281ae4d1,0,gh,15,1136.0,3800.0,10.0,4.0,,,3765.95,28.0,1106.0,0.25,3.0,0.04999999999999999,3,1,19.0,0.0,0.0,0,1,0,1,6.0,0.0,6.0,1.0,0.0,1.0,0.0,9.0,53.77777777777778,45.77777777777778,45.77777777777778,18.5,80.0,89.5,18.5,8,86.95,102.0,,-0.7872340425531915,5.722222222222222,0.7152777777777778,,0.1640625,0,0,5.722222222222222,1,0,28.0,3869.95,3869.95,-1550.0500000000002,,,,,0.10189934399343994,0.0,0.0,0.0,1.0,1.0,market_maker,6.0,20260520_AM,20260520_AM/gh1
mn8370qr,aac2mc3k,a05edde7-d925-45e5-bd12-37b4af942736,8eb4c26e-1145-412e-a646-d50005ec9ba2,0,gh,1,5288.0,3800.0,10.0,8.0,,,3800.0,10.0,5168.0,0.8333333333333334,1.0,-0.7333333333333334,2,0,26.0,0.0,0.0,1,1,0,1,0.0,0.0,0.0,2.0,2.0,,,6.0,118.33333333333333,-1.6666666666666667,15.0,150.0,110.0,150.0,80.0,120,,,100.0,,0.125,0.234375,-0.4054651081081637,0.46875,0,0,-0.013888888888888928,0,0,10.0,3880.0,5000.0,0.0,116.5,,,,0.0047777777777777775,0.0,0.0,0.0,1.0,0.0,other,0.0,20260520_AM,20260520_AM/gh1
mn8370qr,aac2mc3k,a05edde7-d925-45e5-bd12-37b4af942736,8eb4c26e-1145-412e-a646-d50005ec9ba2,0,gh,2,5288.0,3800.0,10.0,8.0,,,4010.0,9.0,5168.0,0.8333333333333334,1.0,-0.7333333333333334,2,0,26.0,0.0,0.0,1,1,0,1,0.0,1.0,-1.0,1.0,0.0,1.0,0.0,6.0,116.5,4.5,9.166666666666666,100.0,110.0,130.0,100.0,112,150.0,,130.0,-0.33333333333333337,0.0818452380952381,0.14322916666666666,0.2623642644674904,-0.1875,0,0,0.04017857142857143,0,0,9.0,4082.0,5018.0,18.0,125.28571428571429,,,,0.006533333333333334,0.0,0.0,0.0,1.0,0.0,other,1.0,20260520_AM,20260520_AM/gh1
mn8370qr,aac2mc3k,a05edde7-d925-45e5-bd12-37b4af942736,8eb4c26e-1145-412e-a646-d50005ec9ba2,0,gh,3,5288.0,3800.0,10.0,20.0,0.0,0.0,4217.0,8.0,5168.0,0.8333333333333334,1.0,-0.7333333333333334,2,0,26.0,0.0,0.0,1,1,0,1,0.0,1.0,-1.0,1.0,0.0,1.0,0.0,7.0,125.28571428571429,21.285714285714285,21.285714285714285,130.0,135.0,140.0,110.0,104,100.0,150.0,110.0,0.30000000000000004,0.20467032967032966,0.3325892857142857,-0.16705408466316563,0.40625,0,0,0.20467032967032972,0,0,8.0,4377.0,5145.0,-35.0,130.36111111111111,2.036892361111111,1.5,-1.5,0.010757185757185758,0.0,0.0,0.0,1.0,0.0,other,1.0,20260520_AM,20260520_AM/gh1
mn8370qr,aac2mc3k,a05edde7-d925-45e5-bd12-37b4af942736,8eb4c26e-1145-412e-a646-d50005ec9ba2,0,gh,4,5288.0,3800.0,10.0,20.0,,,4377.0,9.0,5168.0,0.8333333333333334,1.0,-0.7333333333333334,2,0,26.0,0.0,0.0,1,1,0,1,0.0,0.0,0.0,2.0,2.0,,,9.0,130.36111111111111,34.361111111111114,34.361111111111114,110.0,140.0,145.0,110.0,96,130.0,100.0,115.0,-0.15384615384615385,0.35792824074074076,0.5368923611111112,0.04445176257083361,0.21875,0,0,0.35792824074074076,0,0,8.0,4537.0,5241.0,-119.0,124.32142857142857,,,,0.01883291873963516,0.0,0.0,0.0,1.0,0.0,other,0.0,20260520_AM,20260520_AM/gh1
mn8370qr,aac2mc3k,a05edde7-d925-45e5-bd12-37b4af942736,8eb4c26e-1145-412e-a646-d50005ec9ba2,0,gh,5,5288.0,3800.0,10.0,4.0,,,4432.0,9.0,5168.0,0.8333333333333334,1.0,-0.7333333333333334,2,0,26.0,0.0,0.0,1,1,0,1,1.0,0.0,1.0,0.0,0.0,1.0,0.0,7.0,124.32142857142857,36.32142857142857,36.32142857142857,115.0,125.0,135.25,105.0,88,110.0,130.0,110.0,0.045454545454545414,0.4127435064935065,0.5675223214285714,-0.04445176257083361,0.421875,0,0,0.4127435064935065,0,0,9.0,4448.0,5168.0,-132.0,124.71428571428571,,,,0.025555555555555557,0.0,0.0,0.0,1.0,0.0,other,1.0,20260520_AM,20260520_AM/gh1
mn8370qr,aac2mc3k,a05edde7-d925-45e5-bd12-37b4af942736,8eb4c26e-1145-412e-a646-d50005ec9ba2,0,gh,6,5288.0,3800.0,10.0,20.0,128.0,3.0,4598.0,8.0,5168.0,0.8333333333333334,1.0,-0.7333333333333334,2,0,26.0,0.0,0.0,1,1,0,1,0.0,1.0,-1.0,3.0,1.0,1.0,0.0,7.0,124.71428571428571,44.714285714285715,44.714285714285715,110.0,135.0,138.0,110.0,80,115.0,110.0,130.0,-0.04347826086956519,0.5589285714285714,0.6986607142857143,0.16705408466316563,0.46875,0,0,0.5589285714285713,0,0,8.0,4738.0,5314.0,-166.0,124.66666666666667,0.05208333333333326,0.875,0.875,0.027210056772100567,0.0,0.0,0.0,1.0,0.0,other,1.0,20260520_AM,20260520_AM/gh1
mn8370qr,aac2mc3k,a05edde7-d925-45e5-bd12-37b4af942736,8eb4c26e-1145-412e-a646-d50005ec9ba2,0,gh,7,5288.0,3800.0,10.0,4.0,,,4633.0,9.0,5168.0,0.8333333333333334,1.0,-0.7333333333333334,2,0,26.0,0.0,0.0,1,1,0,1,1.0,0.0,1.0,1.0,1.0,1.0,0.0,6.0,124.66666666666667,52.666666666666664,52.666666666666664,130.0,125.0,130.0,115.0,72,110.0,115.0,125.0,0.18181818181818188,0.7314814814814814,0.8229166666666666,-0.039220713153280684,0.90625,0,0,0.7314814814814815,0,0,9.0,4649.0,5225.0,-195.0,123.5,,,,0.03386633866338663,0.0,0.0,0.0,1.0,0.0,other,1.0,20260520_AM,20260520_AM/gh1
mn8370qr,aac2mc3k,a05edde7-d925-45e5-bd12-37b4af942736,8eb4c26e-1145-412e-a646-d50005ec9ba2,0,gh,8,5288.0,3800.0,10.0,20.0,,,4550.0,10.0,5168.0,0.8333333333333334,1.0,-0.7333333333333334,2,0,26.0,0.0,0.0,1,1,0,1,1.0,0.0,1.0,1.0,0.0,1.0,0.0,6.0,123.5,59.5,59.5,125.0,132.0,132.0,115.0,64,130.0,110.0,123.0,-0.038461538461538436,0.9296875,0.9296875,-0.016129381929884445,0.953125,0,0,0.9296875,0,0,10.0,4730.0,5290.0,-310.0,121.11111111111111,,,,0.03486607142857143,0.0,0.0,0.0,1.0,0.0,other,1.0,20260520_AM,20260520_AM/gh1
mn8370qr,aac2mc3k,a05edde7-d925-45e5-bd12-37b4af942736,8eb4c26e-1145-412e-a646-d50005ec9ba2,0,gh,9,5288.0,3800.0,10.0,0.0,110.0,2.0,4505.0,12.0,5168.0,0.8333333333333334,1.0,-0.7333333333333334,2,0,26.0,0.0,0.0,1,1,0,1,2.0,0.0,2.0,4.0,3.0,1.0,0.0,9.0,121.11111111111111,65.11111111111111,65.11111111111111,123.0,120.0,125.0,112.0,56,125.0,130.0,120.0,-0.016000000000000014,1.1626984126984128,1.0173611111111112,-0.024692612590371255,1.046875,0,0,1.1626984126984128,0,0,12.0,4485.0,5061.0,-419.0,116.66666666666667,0.10416666666666674,0.96875,0.96875,0.05337591240875912,0.0,0.0,0.0,1.0,0.0,other,2.0,20260520_AM,20260520_AM/gh1
mn8370qr,aac2mc3k,a05edde7-d925-45e5-bd12-37b4af942736,8eb4c26e-1145-412e-a646-d50005ec9ba2,0,gh,10,5288.0,3800.0,10.0,8.0,,,4395.0,14.0,5168.0,0.8333333333333334,1.0,-0.7333333333333334,2,0,26.0,0.0,0.0,1,1,0,1,1.0,0.0,1.0,2.0,1.0,1.0,0.0,9.0,116.66666666666667,68.66666666666667,68.66666666666667,120.0,110.0,129.0,110.0,48,123.0,125.0,120.0,-0.024390243902439046,1.4305555555555556,1.0729166666666667,0.0,1.125,0,0,1.4305555555555556,0,0,13.0,4479.0,4999.0,-481.0,114.71428571428571,,,,0.05647810218978102,0.0,0.0,0.0,1.0,0.0,other,1.0,20260520_AM,20260520_AM/gh1
mn8370qr,aac2mc3k,a05edde7-d925-45e5-bd12-37b4af942736,8eb4c26e-1145-412e-a646-d50005ec9ba2,0,gh,11,5288.0,3800.0,10.0,8.0,,,4507.0,14.0,5168.0,0.8333333333333334,1.0,-0.7333333333333334,2,0,26.0,0.0,0.0,1,1,0,1,0.0,0.0,0.0,2.0,2.0,,,7.0,114.71428571428571,74.71428571428571,74.71428571428571,120.0,123.0,123.0,105.0,40,120.0,123.0,120.0,0.0,1.8678571428571427,1.1674107142857142,0.0,1.25,0,0,1.8678571428571427,0,0,13.0,4583.0,4999.0,-481.0,114.7,,,,0.061962692619626926,0.0,0.0,0.0,1.0,0.0,other,0.0,20260520_AM,20260520_AM/gh1
mn8370qr,aac2mc3k,a05edde7-d925-45e5-bd12-37b4af942736,8eb4c26e-1145-412e-a646-d50005ec9ba2,0,gh,12,5288.0,3800.0,10.0,8.0,123.0,2.0,4391.0,15.0,5168.0,0.8333333333333334,1.0,-0.7333333333333334,2,0,26.0,0.0,0.0,1,1,0,1,2.0,0.0,2.0,1.0,0.0,1.0,0.0,10.0,114.7,82.7,82.7,120.0,118.0,120.0,108.0,32,120.0,120.0,102.0,0.0,2.584375,1.2921875,-0.16251892949777513,1.375,0,0,2.584375,0,0,15.0,4475.0,4835.0,-645.0,107.33333333333333,0.24479166666666674,1.546875,1.546875,0.07643957826439578,0.0,0.0,0.0,1.0,0.0,other,2.0,20260520_AM,20260520_AM/gh1
mn8370qr,aac2mc3k,a05edde7-d925-45e5-bd12-37b4af942736,8eb4c26e-1145-412e-a646-d50005ec9ba2,0,gh,13,5288.0,3800.0,10.0,8.0,,,4292.0,17.0,5168.0,0.8333333333333334,1.0,-0.7333333333333334,2,0,26.0,0.0,0.0,1,1,0,1,2.0,0.0,2.0,0.0,0.0,1.0,0.0,6.0,107.33333333333333,83.33333333333333,83.33333333333333,102.0,110.0,110.0,102.0,24,120.0,120.0,86.95,-0.15000000000000002,3.472222222222222,1.3020833333333333,-0.15963957248397875,1.21875,0,0,3.472222222222222,0,0,17.0,4392.0,4664.0,-816.0,97.59285714285714,,,,0.08556366585563666,0.0,0.0,0.0,1.0,0.0,other,2.0,20260520_AM,20260520_AM/gh1
mn8370qr,aac2mc3k,a05edde7-d925-45e5-bd12-37b4af942736,8eb4c26e-1145-412e-a646-d50005ec9ba2,0,gh,14,5288.0,3800.0,10.0,8.0,,,4428.0,18.0,5168.0,0.8333333333333334,1.0,-0.7333333333333334,2,0,26.0,0.0,0.0,1,1,0,1,0.0,0.0,0.0,4.0,4.0,,,7.0,97.59285714285714,81.59285714285714,81.59285714285714,86.95,105.5,105.5,86.95,16,102.0,120.0,18.5,-0.14754901960784306,5.099553571428571,1.2748883928571428,-1.547562508716013,1.10859375,0,0,5.099553571428571,1,1,17.0,4528.0,4664.0,-816.0,53.77777777777778,,,,0.0920007096512571,0.0,0.0,0.0,1.0,0.0,other,0.0,20260520_AM,20260520_AM/gh1
mn8370qr,aac2mc3k,a05edde7-d925-45e5-bd12-37b4af942736,8eb4c26e-1145-412e-a646-d50005ec9ba2,0,gh,15,5288.0,3800.0,10.0,4.0,,,4572.0,17.0,5168.0,0.8333333333333334,1.0,-0.7333333333333334,2,0,26.0,0.0,0.0,1,1,0,1,0.0,0.0,0.0,2.0,2.0,,,9.0,53.77777777777778,45.77777777777778,45.77777777777778,18.5,80.0,89.5,18.5,8,86.95,102.0,,-0.7872340425531915,5.722222222222222,0.7152777777777778,,0.1640625,0,0,5.722222222222222,1,0,17.0,4596.0,4596.0,-824.0,,,,,0.10189934399343994,0.0,0.0,0.0,1.0,0.0,other,0.0,20260520_AM,20260520_AM/gh1
mn8370qr,z9n52ebr,a05edde7-d925-45e5-bd12-37b4af942736,c8eb7dce-7793-4314-ad7f-d135dbb2ba47,0,gh,1,5326.0,2600.0,20.0,8.0,,,2710.0,19.0,5216.0,0.75,7.0,-0.050000000000000044,2,0,18.0,0.0,1.0,1,1,0,1,1.0,2.0,-1.0,2.0,0.0,0.3333333333333333,0.6666666666666667,6.0,118.33333333333333,-1.6666666666666667,15.0,150.0,110.0,150.0,80.0,120,,,100.0,,0.125,0.234375,-0.4054651081081637,0.46875,0,0,-0.013888888888888928,0,0,19.0,2862.0,4990.0,-10.0,116.5,,,,0.0047777777777777775,0.0,0.5,0.5,0.0,1.0,market_maker,3.0,20260520_AM,20260520_AM/gh1
mn8370qr,z9n52ebr,a05edde7-d925-45e5-bd12-37b4af942736,c8eb7dce-7793-4314-ad7f-d135dbb2ba47,0,gh,2,5326.0,2600.0,20.0,8.0,,,2982.0,18.0,5216.0,0.75,7.0,-0.050000000000000044,2,0,18.0,0.0,1.0,1,1,0,1,0.0,1.0,-1.0,2.0,1.0,1.0,0.0,6.0,116.5,4.5,9.166666666666666,100.0,110.0,130.0,100.0,112,150.0,,130.0,-0.33333333333333337,0.0818452380952381,0.14322916666666666,0.2623642644674904,-0.1875,0,0,0.04017857142857143,0,0,18.0,3126.0,4998.0,-2.0,125.28571428571429,,,,0.006533333333333334,0.0,0.5,0.5,0.0,1.0,market_maker,1.0,20260520_AM,20260520_AM/gh1
mn8370qr,z9n52ebr,a05edde7-d925-45e5-bd12-37b4af942736,c8eb7dce-7793-4314-ad7f-d135dbb2ba47,0,gh,3,5326.0,2600.0,20.0,20.0,0.0,0.0,3031.0,19.0,5216.0,0.75,7.0,-0.050000000000000044,2,0,18.0,0.0,1.0,1,1,0,1,2.0,1.0,1.0,3.0,0.0,0.3333333333333333,0.6666666666666667,7.0,125.28571428571429,21.285714285714285,21.285714285714285,130.0,135.0,140.0,110.0,104,100.0,150.0,110.0,0.30000000000000004,0.20467032967032966,0.3325892857142857,-0.16705408466316563,0.40625,0,0,0.20467032967032972,0,0,19.0,3411.0,5235.0,55.0,130.36111111111111,2.036892361111111,1.5,-1.5,0.010757185757185758,0.0,0.5,0.5,0.0,1.0,market_maker,3.0,20260520_AM,20260520_AM/gh1
mn8370qr,z9n52ebr,a05edde7-d925-45e5-bd12-37b4af942736,c8eb7dce-7793-4314-ad7f-d135dbb2ba47,0,gh,4,5326.0,2600.0,20.0,20.0,,,2886.5,24.0,5216.0,0.75,7.0,-0.050000000000000044,2,0,18.0,0.0,1.0,1,1,0,1,4.0,0.0,4.0,2.0,1.0,1.0,0.0,9.0,130.36111111111111,34.361111111111114,34.361111111111114,110.0,140.0,145.0,110.0,96,130.0,100.0,115.0,-0.15384615384615385,0.35792824074074076,0.5368923611111112,0.04445176257083361,0.21875,0,0,0.35792824074074076,0,0,23.0,3346.5,5370.5,10.5,124.32142857142857,,,,0.01883291873963516,0.0,0.5,0.5,0.0,1.0,market_maker,4.0,20260520_AM,20260520_AM/gh1
mn8370qr,z9n52ebr,a05edde7-d925-45e5-bd12-37b4af942736,c8eb7dce-7793-4314-ad7f-d135dbb2ba47,0,gh,5,5326.0,2600.0,20.0,4.0,,,3251.5,24.0,5216.0,0.75,7.0,-0.050000000000000044,2,0,18.0,0.0,1.0,1,1,0,1,2.0,1.0,1.0,4.0,1.0,0.3333333333333333,0.6666666666666667,7.0,124.32142857142857,36.32142857142857,36.32142857142857,115.0,125.0,135.25,105.0,88,110.0,130.0,110.0,0.045454545454545414,0.4127435064935065,0.5675223214285714,-0.04445176257083361,0.421875,0,0,0.4127435064935065,0,0,24.0,3327.5,5247.5,-52.5,124.71428571428571,,,,0.025555555555555557,0.0,0.5,0.5,0.0,1.0,market_maker,3.0,20260520_AM,20260520_AM/gh1
mn8370qr,z9n52ebr,a05edde7-d925-45e5-bd12-37b4af942736,c8eb7dce-7793-4314-ad7f-d135dbb2ba47,0,gh,6,5326.0,2600.0,20.0,20.0,135.0,4.0,3362.5,25.0,5216.0,0.75,7.0,-0.050000000000000044,2,0,18.0,0.0,1.0,1,1,0,1,1.0,1.0,0.0,3.0,1.0,0.0,1.0,7.0,124.71428571428571,44.714285714285715,44.714285714285715,110.0,135.0,138.0,110.0,80,115.0,110.0,130.0,-0.04347826086956519,0.5589285714285714,0.6986607142857143,0.16705408466316563,0.46875,0,0,0.5589285714285713,0,0,24.0,3822.5,5550.5,70.5,124.66666666666667,0.16145833333333326,0.984375,0.984375,0.027210056772100567,0.0,0.5,0.5,0.0,1.0,market_maker,2.0,20260520_AM,20260520_AM/gh1
mn8370qr,z9n52ebr,a05edde7-d925-45e5-bd12-37b4af942736,c8eb7dce-7793-4314-ad7f-d135dbb2ba47,0,gh,7,5326.0,2600.0,20.0,4.0,,,4004.5,23.0,5216.0,0.75,7.0,-0.050000000000000044,2,0,18.0,0.0,1.0,1,1,0,1,1.0,2.0,-1.0,4.0,0.0,0.3333333333333333,0.6666666666666667,6.0,124.66666666666667,52.666666666666664,52.666666666666664,130.0,125.0,130.0,115.0,72,110.0,115.0,125.0,0.18181818181818188,0.7314814814814814,0.8229166666666666,-0.039220713153280684,0.90625,0,0,0.7314814814814815,0,0,23.0,4056.5,5528.5,108.5,123.5,,,,0.03386633866338663,0.0,0.5,0.5,0.0,1.0,market_maker,3.0,20260520_AM,20260520_AM/gh1
mn8370qr,z9n52ebr,a05edde7-d925-45e5-bd12-37b4af942736,c8eb7dce-7793-4314-ad7f-d135dbb2ba47,0,gh,8,5326.0,2600.0,20.0,20.0,,,4238.5,22.0,5216.0,0.75,7.0,-0.050000000000000044,2,0,18.0,0.0,1.0,1,1,0,1,1.0,2.0,-1.0,2.0,0.0,0.3333333333333333,0.6666666666666667,6.0,123.5,59.5,59.5,125.0,132.0,132.0,115.0,64,130.0,110.0,123.0,-0.038461538461538436,0.9296875,0.9296875,-0.016129381929884445,0.953125,0,0,0.9296875,0,0,22.0,4638.5,5870.5,270.5,121.11111111111111,,,,0.03486607142857143,0.0,0.5,0.5,0.0,1.0,market_maker,3.0,20260520_AM,20260520_AM/gh1
mn8370qr,z9n52ebr,a05edde7-d925-45e5-bd12-37b4af942736,c8eb7dce-7793-4314-ad7f-d135dbb2ba47,0,gh,9,5326.0,2600.0,20.0,0.0,100.0,3.0,4686.5,23.0,5216.0,0.75,7.0,-0.050000000000000044,2,0,18.0,0.0,1.0,1,1,0,1,1.0,1.0,0.0,4.0,1.0,0.0,1.0,9.0,121.11111111111111,65.11111111111111,65.11111111111111,123.0,120.0,125.0,112.0,56,125.0,130.0,120.0,-0.016000000000000014,1.1626984126984128,1.0173611111111112,-0.024692612590371255,1.046875,0,0,1.1626984126984128,0,0,22.0,4646.5,5702.5,222.5,116.66666666666667,0.26041666666666674,0.8125,0.8125,0.05337591240875912,0.0,0.5,0.5,0.0,1.0,market_maker,2.0,20260520_AM,20260520_AM/gh1
mn8370qr,z9n52ebr,a05edde7-d925-45e5-bd12-37b4af942736,c8eb7dce-7793-4314-ad7f-d135dbb2ba47,0,gh,10,5326.0,2600.0,20.0,8.0,,,4830.5,22.0,5216.0,0.75,7.0,-0.050000000000000044,2,0,18.0,0.0,1.0,1,1,0,1,1.0,2.0,-1.0,5.0,1.0,0.3333333333333333,0.6666666666666667,9.0,116.66666666666667,68.66666666666667,68.66666666666667,120.0,110.0,129.0,110.0,48,123.0,125.0,120.0,-0.024390243902439046,1.4305555555555556,1.0729166666666667,0.0,1.125,0,0,1.4305555555555556,0,0,21.0,4958.5,5798.5,318.5,114.71428571428571,,,,0.05647810218978102,0.0,0.5,0.5,0.0,1.0,market_maker,3.0,20260520_AM,20260520_AM/gh1
mn8370qr,z9n52ebr,a05edde7-d925-45e5-bd12-37b4af942736,c8eb7dce-7793-4314-ad7f-d135dbb2ba47,0,gh,11,5326.0,2600.0,20.0,8.0,,,4901.5,23.0,5216.0,0.75,7.0,-0.050000000000000044,2,0,18.0,0.0,1.0,1,1,0,1,2.0,1.0,1.0,3.0,2.0,0.3333333333333333,0.6666666666666667,7.0,114.71428571428571,74.71428571428571,74.71428571428571,120.0,123.0,123.0,105.0,40,120.0,123.0,120.0,0.0,1.8678571428571427,1.1674107142857142,0.0,1.25,0,0,1.8678571428571427,0,0,22.0,5029.5,5733.5,253.5,114.7,,,,0.061962692619626926,0.0,0.5,0.5,0.0,1.0,market_maker,3.0,20260520_AM,20260520_AM/gh1
mn8370qr,z9n52ebr,a05edde7-d925-45e5-bd12-37b4af942736,c8eb7dce-7793-4314-ad7f-d135dbb2ba47,0,gh,12,5326.0,2600.0,20.0,8.0,108.0,4.0,5208.5,21.0,5216.0,0.75,7.0,-0.050000000000000044,2,0,18.0,0.0,1.0,1,1,0,1,1.0,2.0,-1.0,3.0,0.0,0.3333333333333333,0.6666666666666667,10.0,114.7,82.7,82.7,120.0,118.0,120.0,108.0,32,120.0,120.0,102.0,0.0,2.584375,1.2921875,-0.16251892949777513,1.375,0,0,2.584375,0,0,21.0,5320.5,5824.5,344.5,107.33333333333333,0.01041666666666674,1.3125,1.3125,0.07643957826439578,0.0,0.5,0.5,0.0,1.0,market_maker,3.0,20260520_AM,20260520_AM/gh1
mn8370qr,z9n52ebr,a05edde7-d925-45e5-bd12-37b4af942736,c8eb7dce-7793-4314-ad7f-d135dbb2ba47,0,gh,13,5326.0,2600.0,20.0,8.0,,,5377.5,21.0,5216.0,0.75,7.0,-0.050000000000000044,2,0,18.0,0.0,1.0,1,1,0,1,1.0,1.0,0.0,3.0,1.0,0.0,1.0,6.0,107.33333333333333,83.33333333333333,83.33333333333333,102.0,110.0,110.0,102.0,24,120.0,120.0,86.95,-0.15000000000000002,3.472222222222222,1.3020833333333333,-0.15963957248397875,1.21875,0,0,3.472222222222222,0,0,21.0,5489.5,5825.5,345.5,97.59285714285714,,,,0.08556366585563666,0.0,0.5,0.5,0.0,1.0,market_maker,2.0,20260520_AM,20260520_AM/gh1
mn8370qr,z9n52ebr,a05edde7-d925-45e5-bd12-37b4af942736,c8eb7dce-7793-4314-ad7f-d135dbb2ba47,0,gh,14,5326.0,2600.0,20.0,8.0,,,5157.35,25.0,5216.0,0.75,7.0,-0.050000000000000044,2,0,18.0,0.0,1.0,1,1,0,1,4.0,0.0,4.0,4.0,0.0,1.0,0.0,7.0,97.59285714285714,81.59285714285714,81.59285714285714,86.95,105.5,105.5,86.95,16,102.0,120.0,18.5,-0.14754901960784306,5.099553571428571,1.2748883928571428,-1.547562508716013,1.10859375,0,0,5.099553571428571,1,1,25.0,5301.35,5501.35,21.350000000000364,53.77777777777778,,,,0.0920007096512571,0.0,0.5,0.5,0.0,1.0,market_maker,4.0,20260520_AM,20260520_AM/gh1
mn8370qr,z9n52ebr,a05edde7-d925-45e5-bd12-37b4af942736,c8eb7dce-7793-4314-ad7f-d135dbb2ba47,0,gh,15,5326.0,2600.0,20.0,4.0,,,5357.35,25.0,5216.0,0.75,7.0,-0.050000000000000044,2,0,18.0,0.0,1.0,1,1,0,1,0.0,0.0,0.0,3.0,2.0,,,9.0,53.77777777777778,45.77777777777778,45.77777777777778,18.5,80.0,89.5,18.5,8,86.95,102.0,,-0.7872340425531915,5.722222222222222,0.7152777777777778,,0.1640625,0,0,5.722222222222222,1,0,25.0,5401.35,5401.35,-18.649999999999636,,,,,0.10189934399343994,0.0,0.5,0.5,0.0,1.0,market_maker,0.0,20260520_AM,20260520_AM/gh1
mn8370qr,729v3r7i,a05edde7-d925-45e5-bd12-37b4af942736,f5a1d5e6-a183-421a-a699-8e50db4fb1c8,0,gh,1,5824.0,2600.0,20.0,8.0,,,2600.0,20.0,5714.0,0.9166666666666666,9.0,-0.016666666666666607,1,0,20.0,1.0,1.0,0,1,0,1,0.0,0.0,0.0,1.0,1.0,,,6.0,118.33333333333333,-1.6666666666666667,15.0,150.0,110.0,150.0,80.0,120,,,100.0,,0.125,0.234375,-0.4054651081081637,0.46875,0,0,-0.013888888888888928,0,0,20.0,2760.0,5000.0,0.0,116.5,,,,0.0047777777777777775,0.0,0.0,1.0,0.0,0.0,fundamental,0.0,20260520_AM,20260520_AM/gh1
mn8370qr,729v3r7i,a05edde7-d925-45e5-bd12-37b4af942736,f5a1d5e6-a183-421a-a699-8e50db4fb1c8,0,gh,2,5824.0,2600.0,20.0,8.0,,,2885.0,19.0,5714.0,0.9166666666666666,9.0,-0.016666666666666607,1,0,20.0,1.0,1.0,0,1,0,1,0.0,1.0,-1.0,1.0,0.0,1.0,0.0,6.0,116.5,4.5,9.166666666666666,100.0,110.0,130.0,100.0,112,150.0,,130.0,-0.33333333333333337,0.0818452380952381,0.14322916666666666,0.2623642644674904,-0.1875,0,0,0.04017857142857143,0,0,19.0,3037.0,5013.0,13.0,125.28571428571429,,,,0.006533333333333334,0.0,0.0,1.0,0.0,0.0,fundamental,1.0,20260520_AM,20260520_AM/gh1
mn8370qr,729v3r7i,a05edde7-d925-45e5-bd12-37b4af942736,f5a1d5e6-a183-421a-a699-8e50db4fb1c8,0,gh,3,5824.0,2600.0,20.0,20.0,130.0,3.0,2902.0,20.0,5714.0,0.9166666666666666,9.0,-0.016666666666666607,1,0,20.0,1.0,1.0,0,1,0,1,1.0,0.0,1.0,0.0,0.0,1.0,0.0,7.0,125.28571428571429,21.285714285714285,21.285714285714285,130.0,135.0,140.0,110.0,104,100.0,150.0,110.0,0.30000000000000004,0.20467032967032966,0.3325892857142857,-0.16705408466316563,0.40625,0,0,0.20467032967032972,0,0,20.0,3302.0,5222.0,42.0,130.36111111111111,0.0056423611111111605,0.53125,0.53125,0.010757185757185758,0.0,0.0,1.0,0.0,0.0,fundamental,1.0,20260520_AM,20260520_AM/gh1
mn8370qr,729v3r7i,a05edde7-d925-45e5-bd12-37b4af942736,f5a1d5e6-a183-421a-a699-8e50db4fb1c8,0,gh,4,5824.0,2600.0,20.0,20.0,,,3578.25,18.0,5714.0,0.9166666666666666,9.0,-0.016666666666666607,1,0,20.0,1.0,1.0,0,1,0,1,0.0,2.0,-2.0,1.0,0.0,1.0,0.0,9.0,130.36111111111111,34.361111111111114,34.361111111111114,110.0,140.0,145.0,110.0,96,130.0,100.0,115.0,-0.15384615384615385,0.35792824074074076,0.5368923611111112,0.04445176257083361,0.21875,0,0,0.35792824074074076,0,0,18.0,3938.25,5522.25,162.25,124.32142857142857,,,,0.01883291873963516,0.0,0.0,1.0,0.0,0.0,fundamental,2.0,20260520_AM,20260520_AM/gh1
mn8370qr,729v3r7i,a05edde7-d925-45e5-bd12-37b4af942736,f5a1d5e6-a183-421a-a699-8e50db4fb1c8,0,gh,5,5824.0,2600.0,20.0,4.0,,,4203.5,16.0,5714.0,0.9166666666666666,9.0,-0.016666666666666607,1,0,20.0,1.0,1.0,0,1,0,1,0.0,2.0,-2.0,2.0,0.0,1.0,0.0,7.0,124.32142857142857,36.32142857142857,36.32142857142857,115.0,125.0,135.25,105.0,88,110.0,130.0,110.0,0.045454545454545414,0.4127435064935065,0.5675223214285714,-0.04445176257083361,0.421875,0,0,0.4127435064935065,0,0,16.0,4267.5,5547.5,247.5,124.71428571428571,,,,0.025555555555555557,0.0,0.0,1.0,0.0,0.0,fundamental,2.0,20260520_AM,20260520_AM/gh1
mn8370qr,729v3r7i,a05edde7-d925-45e5-bd12-37b4af942736,f5a1d5e6-a183-421a-a699-8e50db4fb1c8,0,gh,6,5824.0,2600.0,20.0,20.0,0.0,0.0,4177.5,18.0,5714.0,0.9166666666666666,9.0,-0.016666666666666607,1,0,20.0,1.0,1.0,0,1,0,1,2.0,1.0,1.0,4.0,1.0,0.3333333333333333,0.6666666666666667,7.0,124.71428571428571,44.714285714285715,44.714285714285715,110.0,135.0,138.0,110.0,80,115.0,110.0,130.0,-0.04347826086956519,0.5589285714285714,0.6986607142857143,0.16705408466316563,0.46875,0,0,0.5589285714285713,0,0,17.0,4517.5,5741.5,261.5,124.66666666666667,1.9479166666666667,1.125,-1.125,0.027210056772100567,0.0,0.0,1.0,0.0,0.0,fundamental,3.0,20260520_AM,20260520_AM/gh1
mn8370qr,729v3r7i,a05edde7-d925-45e5-bd12-37b4af942736,f5a1d5e6-a183-421a-a699-8e50db4fb1c8,0,gh,7,5824.0,2600.0,20.0,4.0,,,4537.5,17.0,5714.0,0.9166666666666666,9.0,-0.016666666666666607,1,0,20.0,1.0,1.0,0,1,0,1,0.0,0.0,0.0,1.0,0.0,,,6.0,124.66666666666667,52.666666666666664,52.666666666666664,130.0,125.0,130.0,115.0,72,110.0,115.0,125.0,0.18181818181818188,0.7314814814814814,0.8229166666666666,-0.039220713153280684,0.90625,0,0,0.7314814814814815,0,0,17.0,4585.5,5673.5,253.5,123.5,,,,0.03386633866338663,0.0,0.0,1.0,0.0,0.0,fundamental,0.0,20260520_AM,20260520_AM/gh1
mn8370qr,729v3r7i,a05edde7-d925-45e5-bd12-37b4af942736,f5a1d5e6-a183-421a-a699-8e50db4fb1c8,0,gh,8,5824.0,2600.0,20.0,20.0,,,4850.5,16.0,5714.0,0.9166666666666666,9.0,-0.016666666666666607,1,0,20.0,1.0,1.0,0,1,0,1,0.0,2.0,-2.0,1.0,1.0,1.0,0.0,6.0,123.5,59.5,59.5,125.0,132.0,132.0,115.0,64,130.0,110.0,123.0,-0.038461538461538436,0.9296875,0.9296875,-0.016129381929884445,0.953125,0,0,0.9296875,0,0,15.0,5130.5,5970.5,370.5,121.11111111111111,,,,0.03486607142857143,0.0,0.0,1.0,0.0,0.0,fundamental,2.0,20260520_AM,20260520_AM/gh1
mn8370qr,729v3r7i,a05edde7-d925-45e5-bd12-37b4af942736,f5a1d5e6-a183-421a-a699-8e50db4fb1c8,0,gh,9,5824.0,2600.0,20.0,0.0,100.0,4.0,5790.5,10.0,5714.0,0.9166666666666666,9.0,-0.016666666666666607,1,0,20.0,1.0,1.0,0,1,0,1,0.0,5.0,-5.0,4.0,0.0,1.0,0.0,9.0,121.11111111111111,65.11111111111111,65.11111111111111,123.0,120.0,125.0,112.0,56,125.0,130.0,120.0,-0.016000000000000014,1.1626984126984128,1.0173611111111112,-0.024692612590371255,1.046875,0,0,1.1626984126984128,0,0,10.0,5750.5,6230.5,750.5,116.66666666666667,0.26041666666666674,0.8125,0.8125,0.05337591240875912,0.0,0.0,1.0,0.0,0.0,fundamental,5.0,20260520_AM,20260520_AM/gh1
mn8370qr,729v3r7i,a05edde7-d925-45e5-bd12-37b4af942736,f5a1d5e6-a183-421a-a699-8e50db4fb1c8,0,gh,10,5824.0,2600.0,20.0,8.0,,,5810.5,11.0,5714.0,0.9166666666666666,9.0,-0.016666666666666607,1,0,20.0,1.0,1.0,0,1,0,1,2.0,2.0,0.0,4.0,2.0,0.0,1.0,9.0,116.66666666666667,68.66666666666667,68.66666666666667,120.0,110.0,129.0,110.0,48,123.0,125.0,120.0,-0.024390243902439046,1.4305555555555556,1.0729166666666667,0.0,1.125,0,0,1.4305555555555556,0,0,10.0,5850.5,6250.5,770.5,114.71428571428571,,,,0.05647810218978102,0.0,0.0,1.0,0.0,0.0,fundamental,4.0,20260520_AM,20260520_AM/gh1
mn8370qr,729v3r7i,a05edde7-d925-45e5-bd12-37b4af942736,f5a1d5e6-a183-421a-a699-8e50db4fb1c8,0,gh,11,5824.0,2600.0,20.0,8.0,,,6018.5,9.0,5714.0,0.9166666666666666,9.0,-0.016666666666666607,1,0,20.0,1.0,1.0,0,1,0,1,0.0,1.0,-1.0,2.0,0.0,1.0,0.0,7.0,114.71428571428571,74.71428571428571,74.71428571428571,120.0,123.0,123.0,105.0,40,120.0,123.0,120.0,0.0,1.8678571428571427,1.1674107142857142,0.0,1.25,0,0,1.8678571428571427,0,0,9.0,6042.5,6330.5,850.5,114.7,,,,0.061962692619626926,0.0,0.0,1.0,0.0,0.0,fundamental,1.0,20260520_AM,20260520_AM/gh1
mn8370qr,729v3r7i,a05edde7-d925-45e5-bd12-37b4af942736,f5a1d5e6-a183-421a-a699-8e50db4fb1c8,0,gh,12,5824.0,2600.0,20.0,8.0,92.0,3.0,6323.5,7.0,5714.0,0.9166666666666666,9.0,-0.016666666666666607,1,0,20.0,1.0,1.0,0,1,0,1,1.0,3.0,-2.0,1.0,0.0,0.5,0.5,10.0,114.7,82.7,82.7,120.0,118.0,120.0,108.0,32,120.0,120.0,102.0,0.0,2.584375,1.2921875,-0.16251892949777513,1.375,0,0,2.584375,0,0,7.0,6331.5,6499.5,1019.5,107.33333333333333,0.23958333333333326,1.0625,1.0625,0.07643957826439578,0.0,0.0,1.0,0.0,0.0,fundamental,4.0,20260520_AM,20260520_AM/gh1
mn8370qr,729v3r7i,a05edde7-d925-45e5-bd12-37b4af942736,f5a1d5e6-a183-421a-a699-8e50db4fb1c8,0,gh,13,5824.0,2600.0,20.0,8.0,,,6489.5,7.0,5714.0,0.9166666666666666,9.0,-0.016666666666666607,1,0,20.0,1.0,1.0,0,1,0,1,0.0,1.0,-1.0,1.0,1.0,1.0,0.0,6.0,107.33333333333333,83.33333333333333,83.33333333333333,102.0,110.0,110.0,102.0,24,120.0,120.0,86.95,-0.15000000000000002,3.472222222222222,1.3020833333333333,-0.15963957248397875,1.21875,0,0,3.472222222222222,0,0,6.0,6489.5,6585.5,1105.5,97.59285714285714,,,,0.08556366585563666,0.0,0.0,1.0,0.0,0.0,fundamental,1.0,20260520_AM,20260520_AM/gh1
mn8370qr,729v3r7i,a05edde7-d925-45e5-bd12-37b4af942736,f5a1d5e6-a183-421a-a699-8e50db4fb1c8,0,gh,14,5824.0,2600.0,20.0,8.0,,,6545.5,6.0,5714.0,0.9166666666666666,9.0,-0.016666666666666607,1,0,20.0,1.0,1.0,0,1,0,1,0.0,0.0,0.0,2.0,2.0,,,7.0,97.59285714285714,81.59285714285714,81.59285714285714,86.95,105.5,105.5,86.95,16,102.0,120.0,18.5,-0.14754901960784306,5.099553571428571,1.2748883928571428,-1.547562508716013,1.10859375,0,0,5.099553571428571,1,1,6.0,6537.5,6585.5,1105.5,53.77777777777778,,,,0.0920007096512571,0.0,0.0,1.0,0.0,0.0,fundamental,0.0,20260520_AM,20260520_AM/gh1
mn8370qr,729v3r7i,a05edde7-d925-45e5-bd12-37b4af942736,f5a1d5e6-a183-421a-a699-8e50db4fb1c8,0,gh,15,5824.0,2600.0,20.0,4.0,,,6593.5,8.0,5714.0,0.9166666666666666,9.0,-0.016666666666666607,1,0,20.0,1.0,1.0,0,1,0,1,0.0,0.0,0.0,4.0,0.0,,,9.0,53.77777777777778,45.77777777777778,45.77777777777778,18.5,80.0,89.5,18.5,8,86.95,102.0,,-0.7872340425531915,5.722222222222222,0.7152777777777778,,0.1640625,0,0,5.722222222222222,1,0,6.0,6561.5,6561.5,1141.5,,,,,0.10189934399343994,0.0,0.0,1.0,0.0,0.0,fundamental,0.0,20260520_AM,20260520_AM/gh1
mn8370qr,pqnknbrr,aeea46bb-84ad-409e-b595-5f1ae9d39ed9,0dfc44c4-9a29-46a9-8b14-42a4bda28f5c,0,gp,1,4810.0,2600.0,20.0,4.0,,,2408.0,23.0,4710.0,0.6666666666666666,7.0,0.033333333333333326,3,0,22.0,1.0,1.0,1,0,1,2,3.0,1.0,2.0,5.0,1.0,0.5,0.5,10.0,106.05,-13.95,15.35,100.0,100.0,127.0,90.0,120,,,92.75,,0.12791666666666665,0.23984375,-0.07526248450054762,-0.3125,0,0,-0.11625000000000002,0,0,22.0,2496.0,4960.0,20.0,93.92307692307692,,,,0.004886414754835807,0.3333333333333333,0.3333333333333333,0.3333333333333333,0.0,1.0,market_maker,4.0,20260520_AM,20260520_AM/gp1
mn8370qr,pqnknbrr,aeea46bb-84ad-409e-b595-5f1ae9d39ed9,0dfc44c4-9a29-46a9-8b14-42a4bda28f5c,0,gp,2,4810.0,2600.0,20.0,20.0,,,2684.0,22.0,4710.0,0.6666666666666666,7.0,0.033333333333333326,3,0,22.0,1.0,1.0,1,0,1,2,2.0,4.0,-2.0,10.0,2.0,0.3333333333333333,0.6666666666666667,13.0,93.92307692307692,-18.076923076923077,18.076923076923077,92.75,100.0,105.0,90.0,112,100.0,,81.38,-0.07250000000000001,0.1614010989010989,0.2824519230769231,-0.13077815891400046,-0.30078125,0,0,-0.16140109890109894,0,0,20.0,3080.0,5160.0,40.0,87.36684210526316,,,,0.014778645833333333,0.3333333333333333,0.3333333333333333,0.3333333333333333,0.0,1.0,market_maker,6.0,20260520_AM,20260520_AM/gp1
mn8370qr,pqnknbrr,aeea46bb-84ad-409e-b595-5f1ae9d39ed9,0dfc44c4-9a29-46a9-8b14-42a4bda28f5c,0,gp,3,4810.0,2600.0,20.0,0.0,90.0,2.0,3046.63,24.0,4710.0,0.6666666666666666,7.0,0.033333333333333326,3,0,22.0,1.0,1.0,1,0,1,2,6.0,5.0,1.0,12.0,2.0,0.09090909090909091,0.9090909090909091,19.0,87.36684210526316,-16.633157894736843,16.633157894736843,81.38,90.75,93.0,81.38,104,92.75,100.0,80.88,-0.12258760107816713,0.1599342105263158,0.2598930921052632,-0.0061629678613277505,-0.35343750000000007,0,0,-0.15993421052631576,0,0,21.0,3002.63,5018.63,18.63000000000011,81.3395238095238,0.13531994047619067,0.09375,-0.09375,0.014068888888888896,0.3333333333333333,0.3333333333333333,0.3333333333333333,0.0,1.0,market_maker,11.0,20260520_AM,20260520_AM/gp1
mn8370qr,pqnknbrr,aeea46bb-84ad-409e-b595-5f1ae9d39ed9,0dfc44c4-9a29-46a9-8b14-42a4bda28f5c,0,gp,4,4810.0,2600.0,20.0,0.0,,,2643.8399999999997,27.0,4710.0,0.6666666666666666,7.0,0.033333333333333326,3,0,22.0,1.0,1.0,1,0,1,2,10.0,5.0,5.0,18.0,5.0,0.3333333333333333,0.6666666666666667,21.0,81.3395238095238,-14.66047619047619,14.66047619047619,80.88,81.38,84.38,80.0,96,81.38,92.75,73.75,-0.0061440157286802854,0.15271329365079364,0.22906994047619048,-0.09228557949228655,-0.23625000000000007,0,0,-0.15271329365079378,0,0,26.0,2599.84,4887.84,7.8400000000001455,74.21416666666666,,,,0.010315687613843364,0.3333333333333333,0.3333333333333333,0.3333333333333333,0.0,1.0,market_maker,15.0,20260520_AM,20260520_AM/gp1
mn8370qr,pqnknbrr,aeea46bb-84ad-409e-b595-5f1ae9d39ed9,0dfc44c4-9a29-46a9-8b14-42a4bda28f5c,0,gp,5,4810.0,2600.0,20.0,8.0,,,2340.2699999999995,30.0,4710.0,0.6666666666666666,7.0,0.033333333333333326,3,0,22.0,1.0,1.0,1,0,1,2,5.0,1.0,4.0,6.0,2.0,0.6666666666666666,0.33333333333333337,12.0,74.21416666666666,-13.785833333333334,13.785833333333334,73.75,78.0,78.0,50.0,88,80.88,81.38,65.0,-0.08815529179030657,0.156657196969697,0.21540364583333335,-0.12629372532429262,-0.22265625,0,0,-0.15665719696969707,0,0,30.0,2536.27,4936.27,56.27000000000044,61.29625,,,,0.012353369763205849,0.3333333333333333,0.3333333333333333,0.3333333333333333,0.0,1.0,market_maker,6.0,20260520_AM,20260520_AM/gp1
mn8370qr,pqnknbrr,aeea46bb-84ad-409e-b595-5f1ae9d39ed9,0dfc44c4-9a29-46a9-8b14-42a4bda28f5c,0,gp,6,4810.0,2600.0,20.0,4.0,50.0,1.0,2321.1799999999994,34.0,4710.0,0.6666666666666666,7.0,0.033333333333333326,3,0,22.0,1.0,1.0,1,0,1,2,6.0,2.0,4.0,5.0,0.0,0.5,0.5,16.0,61.29625,-18.70375,18.70375,65.0,55.25,75.0,50.16,80,73.75,80.88,44.0,-0.11864406779661019,0.233796875,0.29224609375,-0.3901976359773758,-0.234375,0,0,-0.233796875,0,0,34.0,2413.1800000000003,4861.18,41.18000000000029,55.79560000000001,0.09055625000000012,0.34375,-0.34375,0.011171738128169666,0.3333333333333333,0.3333333333333333,0.3333333333333333,0.0,1.0,market_maker,8.0,20260520_AM,20260520_AM/gp1
mn8370qr,pqnknbrr,aeea46bb-84ad-409e-b595-5f1ae9d39ed9,0dfc44c4-9a29-46a9-8b14-42a4bda28f5c,0,gp,7,4810.0,2600.0,20.0,4.0,,,2784.4899999999993,29.0,4710.0,0.6666666666666666,7.0,0.033333333333333326,3,0,22.0,1.0,1.0,1,0,1,2,0.0,6.0,-6.0,2.0,1.0,1.0,0.0,25.0,55.79560000000001,-16.2044,16.6844,44.0,75.0,75.0,35.0,72,65.0,73.75,45.0,-0.32307692307692304,0.23172777777777778,0.26069375,0.022472855852058604,-0.4375,0,0,-0.22506111111111102,0,0,28.0,2852.49,4644.49,-115.51000000000022,47.916666666666664,,,,0.017362745098039225,0.3333333333333333,0.3333333333333333,0.3333333333333333,0.0,1.0,market_maker,6.0,20260520_AM,20260520_AM/gp1
mn8370qr,pqnknbrr,aeea46bb-84ad-409e-b595-5f1ae9d39ed9,0dfc44c4-9a29-46a9-8b14-42a4bda28f5c,0,gp,8,4810.0,2600.0,20.0,4.0,,,2940.4899999999993,27.0,4710.0,0.6666666666666666,7.0,0.033333333333333326,3,0,22.0,1.0,1.0,1,0,1,2,0.0,1.0,-1.0,1.0,0.0,1.0,0.0,12.0,47.916666666666664,-16.083333333333332,16.083333333333332,45.0,50.0,55.0,40.0,64,44.0,65.0,38.0,0.022727272727272707,0.2513020833333333,0.2513020833333333,-0.16907633004393396,-0.296875,0,0,-0.25130208333333337,0,0,27.0,3000.49,4512.49,-187.51000000000022,39.53888888888889,,,,0.022686524822695047,0.3333333333333333,0.3333333333333333,0.3333333333333333,0.0,1.0,market_maker,1.0,20260520_AM,20260520_AM/gp1
mn8370qr,pqnknbrr,aeea46bb-84ad-409e-b595-5f1ae9d39ed9,0dfc44c4-9a29-46a9-8b14-42a4bda28f5c,0,gp,9,4810.0,2600.0,20.0,20.0,50.0,2.0,3090.8399999999992,35.0,4710.0,0.6666666666666666,7.0,0.033333333333333326,3,0,22.0,1.0,1.0,1,0,1,2,1.0,2.0,-1.0,11.0,9.0,0.3333333333333333,0.6666666666666667,9.0,39.53888888888889,-16.461111111111112,16.461111111111112,38.0,40.0,47.5,35.0,56,45.0,44.0,33.0,-0.15555555555555556,0.2939484126984127,0.2572048611111111,-0.14107859825990543,-0.28125,0,0,-0.29394841269841265,0,0,26.0,3562.84,4810.84,-69.15999999999985,35.3,0.22968750000000004,0.03125,0.03125,0.028664959016393446,0.3333333333333333,0.3333333333333333,0.3333333333333333,0.0,1.0,market_maker,3.0,20260520_AM,20260520_AM/gp1
mn8370qr,pqnknbrr,aeea46bb-84ad-409e-b595-5f1ae9d39ed9,0dfc44c4-9a29-46a9-8b14-42a4bda28f5c,0,gp,10,4810.0,2600.0,20.0,8.0,,,3896.3399999999992,23.0,4710.0,0.6666666666666666,7.0,0.033333333333333326,3,0,22.0,1.0,1.0,1,0,1,2,0.0,3.0,-3.0,3.0,1.0,1.0,0.0,15.0,35.3,-12.7,12.7,33.0,37.0,39.0,33.0,48,38.0,45.0,25.0,-0.13157894736842102,0.26458333333333334,0.1984375,-0.27763173659827967,-0.234375,0,0,-0.2645833333333334,0,0,23.0,3852.34,4772.34,-107.65999999999985,30.116666666666667,,,,0.03194933970856102,0.3333333333333333,0.3333333333333333,0.3333333333333333,0.0,1.0,market_maker,3.0,20260520_AM,20260520_AM/gp1
mn8370qr,pqnknbrr,aeea46bb-84ad-409e-b595-5f1ae9d39ed9,0dfc44c4-9a29-46a9-8b14-42a4bda28f5c,0,gp,11,4810.0,2600.0,20.0,8.0,,,3991.3399999999992,27.0,4710.0,0.6666666666666666,7.0,0.033333333333333326,3,0,22.0,1.0,1.0,1,0,1,2,5.0,2.0,3.0,6.0,0.0,0.42857142857142855,0.5714285714285714,15.0,30.116666666666667,-9.883333333333333,9.883333333333333,25.0,31.0,34.0,25.0,40,33.0,38.0,20.0,-0.24242424242424243,0.24708333333333332,0.15442708333333333,-0.2231435513142097,-0.234375,0,0,-0.24708333333333332,0,0,26.0,3971.34,4803.34,-76.65999999999985,21.019,,,,0.03345491803278689,0.3333333333333333,0.3333333333333333,0.3333333333333333,0.0,1.0,market_maker,7.0,20260520_AM,20260520_AM/gp1
mn8370qr,pqnknbrr,aeea46bb-84ad-409e-b595-5f1ae9d39ed9,0dfc44c4-9a29-46a9-8b14-42a4bda28f5c,0,gp,12,4810.0,2600.0,20.0,0.0,15.0,2.0,4273.969999999999,26.0,4710.0,0.6666666666666666,7.0,0.033333333333333326,3,0,22.0,1.0,1.0,1,0,1,2,0.0,3.0,-3.0,6.0,0.0,1.0,0.0,10.0,21.019,-10.981,10.981,20.0,23.0,23.0,20.0,32,25.0,33.0,11.0,-0.19999999999999996,0.34315625,0.171578125,-0.5978370007556202,-0.1875,0,0,-0.34315625000000005,0,0,23.0,4037.9699999999993,4589.969999999999,-170.03000000000065,13.20375,0.02806640625000001,0.140625,-0.140625,0.029014239028944917,0.3333333333333333,0.3333333333333333,0.3333333333333333,0.0,1.0,market_maker,3.0,20260520_AM,20260520_AM/gp1
mn8370qr,pqnknbrr,aeea46bb-84ad-409e-b595-5f1ae9d39ed9,0dfc44c4-9a29-46a9-8b14-42a4bda28f5c,0,gp,13,4810.0,2600.0,20.0,8.0,,,4302.469999999999,25.0,4710.0,0.6666666666666666,7.0,0.033333333333333326,3,0,22.0,1.0,1.0,1,0,1,2,0.0,2.0,-2.0,5.0,0.0,1.0,0.0,16.0,13.20375,-10.79625,10.79625,11.0,15.0,20.0,10.0,24,20.0,25.0,7.0,-0.44999999999999996,0.44984375000000004,0.16869140625,-0.45198512374305744,-0.203125,0,0,-0.44984375000000004,0,0,21.0,4234.469999999999,4570.469999999999,-189.53000000000065,8.08,,,,0.030804388422035492,0.3333333333333333,0.3333333333333333,0.3333333333333333,0.0,1.0,market_maker,2.0,20260520_AM,20260520_AM/gp1
mn8370qr,pqnknbrr,aeea46bb-84ad-409e-b595-5f1ae9d39ed9,0dfc44c4-9a29-46a9-8b14-42a4bda28f5c,0,gp,14,4810.0,2600.0,20.0,4.0,,,4512.539999999999,20.0,4710.0,0.6666666666666666,7.0,0.033333333333333326,3,0,22.0,1.0,1.0,1,0,1,2,0.0,1.0,-1.0,7.0,1.0,1.0,0.0,10.0,8.08,-7.92,7.92,7.0,10.07,10.07,7.0,16,11.0,20.0,8.0,-0.36363636363636365,0.495,0.12375,0.13353139262452252,-0.140625,0,0,-0.495,0,0,20.0,4324.54,4484.54,-215.46000000000004,7.4375,,,,0.03068309692671394,0.3333333333333333,0.3333333333333333,0.3333333333333333,0.0,1.0,market_maker,1.0,20260520_AM,20260520_AM/gp1
mn8370qr,pqnknbrr,aeea46bb-84ad-409e-b595-5f1ae9d39ed9,0dfc44c4-9a29-46a9-8b14-42a4bda28f5c,0,gp,15,4810.0,2600.0,20.0,4.0,,,4585.539999999999,31.0,4710.0,0.6666666666666666,7.0,0.033333333333333326,3,0,22.0,1.0,1.0,1,0,1,2,1.0,0.0,1.0,10.0,0.0,1.0,0.0,4.0,7.4375,-0.5625,0.5625,8.0,7.0,8.0,7.0,8,7.0,11.0,,0.1428571428571428,0.0703125,0.0087890625,,0.0,0,0,-0.0703125,0,0,21.0,4401.54,4401.54,-238.46000000000004,,,,,0.028208692528735615,0.3333333333333333,0.3333333333333333,0.3333333333333333,0.0,1.0,market_maker,1.0,20260520_AM,20260520_AM/gp1
mn8370qr,9uh6p1vm,aeea46bb-84ad-409e-b595-5f1ae9d39ed9,3cc0e1ca-01ec-458e-a73f-5f979015e052,0,gp,1,5926.0,3800.0,10.0,4.0,,,4111.5,7.0,5796.0,0.75,6.0,-0.15000000000000002,1,1,19.0,0.0,0.0,1,0,1,2,0.0,3.0,-3.0,1.0,0.0,1.0,0.0,10.0,106.05,-13.95,15.35,100.0,100.0,127.0,90.0,120,,,92.75,,0.12791666666666665,0.23984375,-0.07526248450054762,-0.3125,0,0,-0.11625000000000002,0,0,7.0,4139.5,4923.5,-16.5,93.92307692307692,,,,0.004886414754835807,0.0,1.0,0.0,0.0,1.0,market_maker,3.0,20260520_AM,20260520_AM/gp1
mn8370qr,9uh6p1vm,aeea46bb-84ad-409e-b595-5f1ae9d39ed9,3cc0e1ca-01ec-458e-a73f-5f979015e052,0,gp,2,5926.0,3800.0,10.0,20.0,,,4237.0,6.0,5796.0,0.75,6.0,-0.15000000000000002,1,1,19.0,0.0,0.0,1,0,1,2,1.0,2.0,-1.0,0.0,0.0,0.3333333333333333,0.6666666666666667,13.0,93.92307692307692,-18.076923076923077,18.076923076923077,92.75,100.0,105.0,90.0,112,100.0,,81.38,-0.07250000000000001,0.1614010989010989,0.2824519230769231,-0.13077815891400046,-0.30078125,0,0,-0.16140109890109894,0,0,6.0,4357.0,4981.0,-139.0,87.36684210526316,,,,0.014778645833333333,0.0,1.0,0.0,0.0,1.0,market_maker,3.0,20260520_AM,20260520_AM/gp1
mn8370qr,9uh6p1vm,aeea46bb-84ad-409e-b595-5f1ae9d39ed9,3cc0e1ca-01ec-458e-a73f-5f979015e052,0,gp,3,5926.0,3800.0,10.0,0.0,86.0,3.0,3919.9900000000007,13.0,5796.0,0.75,6.0,-0.15000000000000002,1,1,19.0,0.0,0.0,1,0,1,2,5.0,0.0,5.0,3.0,3.0,1.0,0.0,19.0,87.36684210526316,-16.633157894736843,16.633157894736843,81.38,90.75,93.0,81.38,104,92.75,100.0,80.88,-0.12258760107816713,0.1599342105263158,0.2598930921052632,-0.0061629678613277505,-0.35343750000000007,0,0,-0.15993421052631576,0,0,11.0,3919.99,4975.99,-24.01000000000022,81.3395238095238,0.07281994047619067,0.15625,-0.15625,0.014068888888888896,0.0,1.0,0.0,0.0,1.0,market_maker,5.0,20260520_AM,20260520_AM/gp1
mn8370qr,9uh6p1vm,aeea46bb-84ad-409e-b595-5f1ae9d39ed9,3cc0e1ca-01ec-458e-a73f-5f979015e052,0,gp,4,5926.0,3800.0,10.0,0.0,,,4080.870000000001,9.0,5796.0,0.75,6.0,-0.15000000000000002,1,1,19.0,0.0,0.0,1,0,1,2,1.0,3.0,-2.0,1.0,1.0,0.5,0.5,21.0,81.3395238095238,-14.66047619047619,14.66047619047619,80.88,81.38,84.38,80.0,96,81.38,92.75,73.75,-0.0061440157286802854,0.15271329365079364,0.22906994047619048,-0.09228557949228655,-0.23625000000000007,0,0,-0.15271329365079378,0,0,9.0,4080.87,4872.87,-7.130000000000109,74.21416666666666,,,,0.010315687613843364,0.0,1.0,0.0,0.0,1.0,market_maker,4.0,20260520_AM,20260520_AM/gp1
mn8370qr,9uh6p1vm,aeea46bb-84ad-409e-b595-5f1ae9d39ed9,3cc0e1ca-01ec-458e-a73f-5f979015e052,0,gp,5,5926.0,3800.0,10.0,8.0,,,4154.620000000001,9.0,5796.0,0.75,6.0,-0.15000000000000002,1,1,19.0,0.0,0.0,1,0,1,2,1.0,2.0,-1.0,1.0,0.0,0.3333333333333333,0.6666666666666667,12.0,74.21416666666666,-13.785833333333334,13.785833333333334,73.75,78.0,78.0,50.0,88,80.88,81.38,65.0,-0.08815529179030657,0.156657196969697,0.21540364583333335,-0.12629372532429262,-0.22265625,0,0,-0.15665719696969707,0,0,8.0,4218.62,4858.62,-21.38000000000011,61.29625,,,,0.012353369763205849,0.0,1.0,0.0,0.0,1.0,market_maker,3.0,20260520_AM,20260520_AM/gp1
mn8370qr,9uh6p1vm,aeea46bb-84ad-409e-b595-5f1ae9d39ed9,3cc0e1ca-01ec-458e-a73f-5f979015e052,0,gp,6,5926.0,3800.0,10.0,4.0,45.0,3.0,4430.210000000001,5.0,5796.0,0.75,6.0,-0.15000000000000002,1,1,19.0,0.0,0.0,1,0,1,2,1.0,4.0,-3.0,1.0,0.0,0.6,0.4,16.0,61.29625,-18.70375,18.70375,65.0,55.25,75.0,50.16,80,73.75,80.88,44.0,-0.11864406779661019,0.233796875,0.29224609375,-0.3901976359773758,-0.234375,0,0,-0.233796875,0,0,5.0,4442.21,4802.21,-17.789999999999964,55.79560000000001,0.16868125000000012,0.421875,-0.421875,0.011171738128169666,0.0,1.0,0.0,0.0,1.0,market_maker,5.0,20260520_AM,20260520_AM/gp1
mn8370qr,9uh6p1vm,aeea46bb-84ad-409e-b595-5f1ae9d39ed9,3cc0e1ca-01ec-458e-a73f-5f979015e052,0,gp,7,5926.0,3800.0,10.0,4.0,,,4298.790000000001,7.0,5796.0,0.75,6.0,-0.15000000000000002,1,1,19.0,0.0,0.0,1,0,1,2,6.0,4.0,2.0,3.0,0.0,0.2,0.8,25.0,55.79560000000001,-16.2044,16.6844,44.0,75.0,75.0,35.0,72,65.0,73.75,45.0,-0.32307692307692304,0.23172777777777778,0.26069375,0.022472855852058604,-0.4375,0,0,-0.22506111111111102,0,0,7.0,4318.79,4766.79,6.789999999999964,47.916666666666664,,,,0.017362745098039225,0.0,1.0,0.0,0.0,1.0,market_maker,10.0,20260520_AM,20260520_AM/gp1
mn8370qr,9uh6p1vm,aeea46bb-84ad-409e-b595-5f1ae9d39ed9,3cc0e1ca-01ec-458e-a73f-5f979015e052,0,gp,8,5926.0,3800.0,10.0,4.0,,,4376.790000000001,6.0,5796.0,0.75,6.0,-0.15000000000000002,1,1,19.0,0.0,0.0,1,0,1,2,0.0,1.0,-1.0,0.0,0.0,1.0,0.0,12.0,47.916666666666664,-16.083333333333332,16.083333333333332,45.0,50.0,55.0,40.0,64,44.0,65.0,38.0,0.022727272727272707,0.2513020833333333,0.2513020833333333,-0.16907633004393396,-0.296875,0,0,-0.25130208333333337,0,0,6.0,4392.79,4728.79,28.789999999999964,39.53888888888889,,,,0.022686524822695047,0.0,1.0,0.0,0.0,1.0,market_maker,1.0,20260520_AM,20260520_AM/gp1
mn8370qr,9uh6p1vm,aeea46bb-84ad-409e-b595-5f1ae9d39ed9,3cc0e1ca-01ec-458e-a73f-5f979015e052,0,gp,9,5926.0,3800.0,10.0,20.0,35.0,3.0,4325.1900000000005,9.0,5796.0,0.75,6.0,-0.15000000000000002,1,1,19.0,0.0,0.0,1,0,1,2,2.0,0.0,2.0,1.0,1.0,1.0,0.0,9.0,39.53888888888889,-16.461111111111112,16.461111111111112,38.0,40.0,47.5,35.0,56,45.0,44.0,33.0,-0.15555555555555556,0.2939484126984127,0.2572048611111111,-0.14107859825990543,-0.28125,0,0,-0.29394841269841265,0,0,8.0,4477.1900000000005,4861.1900000000005,-18.80999999999949,35.3,0.004687499999999956,0.203125,-0.203125,0.028664959016393446,0.0,1.0,0.0,0.0,1.0,market_maker,2.0,20260520_AM,20260520_AM/gp1
mn8370qr,9uh6p1vm,aeea46bb-84ad-409e-b595-5f1ae9d39ed9,3cc0e1ca-01ec-458e-a73f-5f979015e052,0,gp,10,5926.0,3800.0,10.0,8.0,,,4548.1900000000005,7.0,5796.0,0.75,6.0,-0.15000000000000002,1,1,19.0,0.0,0.0,1,0,1,2,3.0,4.0,-1.0,1.0,0.0,0.14285714285714285,0.8571428571428572,15.0,35.3,-12.7,12.7,33.0,37.0,39.0,33.0,48,38.0,45.0,25.0,-0.13157894736842102,0.26458333333333334,0.1984375,-0.27763173659827967,-0.234375,0,0,-0.2645833333333334,0,0,7.0,4576.1900000000005,4856.1900000000005,-23.80999999999949,30.116666666666667,,,,0.03194933970856102,0.0,1.0,0.0,0.0,1.0,market_maker,7.0,20260520_AM,20260520_AM/gp1
mn8370qr,9uh6p1vm,aeea46bb-84ad-409e-b595-5f1ae9d39ed9,3cc0e1ca-01ec-458e-a73f-5f979015e052,0,gp,11,5926.0,3800.0,10.0,8.0,,,4576.6900000000005,8.0,5796.0,0.75,6.0,-0.15000000000000002,1,1,19.0,0.0,0.0,1,0,1,2,2.0,1.0,1.0,0.0,0.0,0.3333333333333333,0.6666666666666667,15.0,30.116666666666667,-9.883333333333333,9.883333333333333,25.0,31.0,34.0,25.0,40,33.0,38.0,20.0,-0.24242424242424243,0.24708333333333332,0.15442708333333333,-0.2231435513142097,-0.234375,0,0,-0.24708333333333332,0,0,8.0,4612.6900000000005,4868.6900000000005,-11.30999999999949,21.019,,,,0.03345491803278689,0.0,1.0,0.0,0.0,1.0,market_maker,3.0,20260520_AM,20260520_AM/gp1
mn8370qr,9uh6p1vm,aeea46bb-84ad-409e-b595-5f1ae9d39ed9,3cc0e1ca-01ec-458e-a73f-5f979015e052,0,gp,12,5926.0,3800.0,10.0,0.0,19.0,3.0,4660.6900000000005,7.0,5796.0,0.75,6.0,-0.15000000000000002,1,1,19.0,0.0,0.0,1,0,1,2,0.0,1.0,-1.0,1.0,1.0,1.0,0.0,10.0,21.019,-10.981,10.981,20.0,23.0,23.0,20.0,32,25.0,33.0,11.0,-0.19999999999999996,0.34315625,0.171578125,-0.5978370007556202,-0.1875,0,0,-0.34315625000000005,0,0,7.0,4632.6900000000005,4800.6900000000005,40.69000000000051,13.20375,0.09056640625000001,0.078125,-0.078125,0.029014239028944917,0.0,1.0,0.0,0.0,1.0,market_maker,1.0,20260520_AM,20260520_AM/gp1
mn8370qr,9uh6p1vm,aeea46bb-84ad-409e-b595-5f1ae9d39ed9,3cc0e1ca-01ec-458e-a73f-5f979015e052,0,gp,13,5926.0,3800.0,10.0,8.0,,,4578.18,13.0,5796.0,0.75,6.0,-0.15000000000000002,1,1,19.0,0.0,0.0,1,0,1,2,6.0,0.0,6.0,1.0,0.0,1.0,0.0,16.0,13.20375,-10.79625,10.79625,11.0,15.0,20.0,10.0,24,20.0,25.0,7.0,-0.44999999999999996,0.44984375000000004,0.16869140625,-0.45198512374305744,-0.203125,0,0,-0.44984375000000004,0,0,13.0,4654.18,4862.18,102.18000000000029,8.08,,,,0.030804388422035492,0.0,1.0,0.0,0.0,1.0,market_maker,6.0,20260520_AM,20260520_AM/gp1
mn8370qr,9uh6p1vm,aeea46bb-84ad-409e-b595-5f1ae9d39ed9,3cc0e1ca-01ec-458e-a73f-5f979015e052,0,gp,14,5926.0,3800.0,10.0,4.0,,,4655.9800000000005,16.0,5796.0,0.75,6.0,-0.15000000000000002,1,1,19.0,0.0,0.0,1,0,1,2,3.0,0.0,3.0,0.0,0.0,1.0,0.0,10.0,8.08,-7.92,7.92,7.0,10.07,10.07,7.0,16,11.0,20.0,8.0,-0.36363636363636365,0.495,0.12375,0.13353139262452252,-0.140625,0,0,-0.495,0,0,16.0,4691.98,4819.98,119.97999999999956,7.4375,,,,0.03068309692671394,0.0,1.0,0.0,0.0,1.0,market_maker,3.0,20260520_AM,20260520_AM/gp1
mn8370qr,9uh6p1vm,aeea46bb-84ad-409e-b595-5f1ae9d39ed9,3cc0e1ca-01ec-458e-a73f-5f979015e052,0,gp,15,5926.0,3800.0,10.0,4.0,,,4719.9800000000005,16.0,5796.0,0.75,6.0,-0.15000000000000002,1,1,19.0,0.0,0.0,1,0,1,2,0.0,0.0,0.0,0.0,0.0,,,4.0,7.4375,-0.5625,0.5625,8.0,7.0,8.0,7.0,8,7.0,11.0,,0.1428571428571428,0.0703125,0.0087890625,,0.0,0,0,-0.0703125,0,0,16.0,4755.98,4755.98,115.97999999999956,,,,,0.028208692528735615,0.0,1.0,0.0,0.0,1.0,market_maker,0.0,20260520_AM,20260520_AM/gp1
mn8370qr,kb2z64e8,aeea46bb-84ad-409e-b595-5f1ae9d39ed9,a415b3a2-d76d-4f31-8ddd-bdf441257d88,0,gp,1,6101.0,2600.0,20.0,4.0,,,2612.0,20.0,6021.0,0.6666666666666666,8.0,0.13333333333333341,15,1,26.0,0.0,1.0,1,0,1,2,1.0,1.0,0.0,1.0,1.0,0.0,1.0,10.0,106.05,-13.95,15.35,100.0,100.0,127.0,90.0,120,,,92.75,,0.12791666666666665,0.23984375,-0.07526248450054762,-0.3125,0,0,-0.11625000000000002,0,0,20.0,2692.0,4932.0,-8.0,93.92307692307692,,,,0.004886414754835807,1.0,0.0,0.0,0.0,1.0,market_maker,2.0,20260520_AM,20260520_AM/gp1
mn8370qr,kb2z64e8,aeea46bb-84ad-409e-b595-5f1ae9d39ed9,a415b3a2-d76d-4f31-8ddd-bdf441257d88,0,gp,2,6101.0,2600.0,20.0,20.0,,,2418.75,25.0,6021.0,0.6666666666666666,8.0,0.13333333333333341,15,1,26.0,0.0,1.0,1,0,1,2,3.0,0.0,3.0,3.0,2.0,1.0,0.0,13.0,93.92307692307692,-18.076923076923077,18.076923076923077,92.75,100.0,105.0,90.0,112,100.0,,81.38,-0.07250000000000001,0.1614010989010989,0.2824519230769231,-0.13077815891400046,-0.30078125,0,0,-0.16140109890109894,0,0,23.0,2878.75,5270.75,150.75,87.36684210526316,,,,0.014778645833333333,1.0,0.0,0.0,0.0,1.0,market_maker,3.0,20260520_AM,20260520_AM/gp1
mn8370qr,kb2z64e8,aeea46bb-84ad-409e-b595-5f1ae9d39ed9,a415b3a2-d76d-4f31-8ddd-bdf441257d88,0,gp,3,6101.0,2600.0,20.0,0.0,88.0,5.0,2826.7999999999997,24.0,6021.0,0.6666666666666666,8.0,0.13333333333333341,15,1,26.0,0.0,1.0,1,0,1,2,3.0,2.0,1.0,5.0,2.0,0.2,0.8,19.0,87.36684210526316,-16.633157894736843,16.633157894736843,81.38,90.75,93.0,81.38,104,92.75,100.0,80.88,-0.12258760107816713,0.1599342105263158,0.2598930921052632,-0.0061629678613277505,-0.35343750000000007,0,0,-0.15993421052631576,0,0,24.0,2786.8,5090.8,90.80000000000018,81.3395238095238,0.10406994047619067,0.125,-0.125,0.014068888888888896,1.0,0.0,0.0,0.0,1.0,market_maker,5.0,20260520_AM,20260520_AM/gp1
mn8370qr,kb2z64e8,aeea46bb-84ad-409e-b595-5f1ae9d39ed9,a415b3a2-d76d-4f31-8ddd-bdf441257d88,0,gp,4,6101.0,2600.0,20.0,0.0,,,3154.2999999999997,22.0,6021.0,0.6666666666666666,8.0,0.13333333333333341,15,1,26.0,0.0,1.0,1,0,1,2,0.0,4.0,-4.0,4.0,2.0,1.0,0.0,21.0,81.3395238095238,-14.66047619047619,14.66047619047619,80.88,81.38,84.38,80.0,96,81.38,92.75,73.75,-0.0061440157286802854,0.15271329365079364,0.22906994047619048,-0.09228557949228655,-0.23625000000000007,0,0,-0.15271329365079378,0,0,20.0,3114.3,4874.3,-5.699999999999818,74.21416666666666,,,,0.010315687613843364,1.0,0.0,0.0,0.0,1.0,market_maker,4.0,20260520_AM,20260520_AM/gp1
mn8370qr,kb2z64e8,aeea46bb-84ad-409e-b595-5f1ae9d39ed9,a415b3a2-d76d-4f31-8ddd-bdf441257d88,0,gp,5,6101.0,2600.0,20.0,8.0,,,3386.93,19.0,6021.0,0.6666666666666666,8.0,0.13333333333333341,15,1,26.0,0.0,1.0,1,0,1,2,0.0,3.0,-3.0,6.0,4.0,1.0,0.0,12.0,74.21416666666666,-13.785833333333334,13.785833333333334,73.75,78.0,78.0,50.0,88,80.88,81.38,65.0,-0.08815529179030657,0.156657196969697,0.21540364583333335,-0.12629372532429262,-0.22265625,0,0,-0.15665719696969707,0,0,17.0,3482.9300000000003,4842.93,-37.06999999999971,61.29625,,,,0.012353369763205849,1.0,0.0,0.0,0.0,1.0,market_maker,3.0,20260520_AM,20260520_AM/gp1
mn8370qr,kb2z64e8,aeea46bb-84ad-409e-b595-5f1ae9d39ed9,a415b3a2-d76d-4f31-8ddd-bdf441257d88,0,gp,6,6101.0,2600.0,20.0,4.0,0.0,0.0,3602.93,16.0,6021.0,0.6666666666666666,8.0,0.13333333333333341,15,1,26.0,0.0,1.0,1,0,1,2,0.0,1.0,-1.0,5.0,4.0,1.0,0.0,16.0,61.29625,-18.70375,18.70375,65.0,55.25,75.0,50.16,80,73.75,80.88,44.0,-0.11864406779661019,0.233796875,0.29224609375,-0.3901976359773758,-0.234375,0,0,-0.233796875,0,0,16.0,3610.9300000000003,4762.93,-57.06999999999971,55.79560000000001,0.8718062500000001,1.125,-1.125,0.011171738128169666,1.0,0.0,0.0,0.0,1.0,market_maker,1.0,20260520_AM,20260520_AM/gp1
mn8370qr,kb2z64e8,aeea46bb-84ad-409e-b595-5f1ae9d39ed9,a415b3a2-d76d-4f31-8ddd-bdf441257d88,0,gp,7,6101.0,2600.0,20.0,4.0,,,3914.43,14.0,6021.0,0.6666666666666666,8.0,0.13333333333333341,15,1,26.0,0.0,1.0,1,0,1,2,2.0,5.0,-3.0,7.0,3.0,0.42857142857142855,0.5714285714285714,25.0,55.79560000000001,-16.2044,16.6844,44.0,75.0,75.0,35.0,72,65.0,73.75,45.0,-0.32307692307692304,0.23172777777777778,0.26069375,0.022472855852058604,-0.4375,0,0,-0.22506111111111102,0,0,13.0,3910.4300000000003,4742.43,-17.56999999999971,47.916666666666664,,,,0.017362745098039225,1.0,0.0,0.0,0.0,1.0,market_maker,7.0,20260520_AM,20260520_AM/gp1
mn8370qr,kb2z64e8,aeea46bb-84ad-409e-b595-5f1ae9d39ed9,a415b3a2-d76d-4f31-8ddd-bdf441257d88,0,gp,8,6101.0,2600.0,20.0,4.0,,,3617.93,22.0,6021.0,0.6666666666666666,8.0,0.13333333333333341,15,1,26.0,0.0,1.0,1,0,1,2,7.0,0.0,7.0,2.0,2.0,1.0,0.0,12.0,47.916666666666664,-16.083333333333332,16.083333333333332,45.0,50.0,55.0,40.0,64,44.0,65.0,38.0,0.022727272727272707,0.2513020833333333,0.2513020833333333,-0.16907633004393396,-0.296875,0,0,-0.25130208333333337,0,0,20.0,3637.9300000000003,4757.93,57.93000000000029,39.53888888888889,,,,0.022686524822695047,1.0,0.0,0.0,0.0,1.0,market_maker,7.0,20260520_AM,20260520_AM/gp1
mn8370qr,kb2z64e8,aeea46bb-84ad-409e-b595-5f1ae9d39ed9,a415b3a2-d76d-4f31-8ddd-bdf441257d88,0,gp,9,6101.0,2600.0,20.0,20.0,40.0,5.0,3733.43,20.0,6021.0,0.6666666666666666,8.0,0.13333333333333341,15,1,26.0,0.0,1.0,1,0,1,2,1.0,2.0,-1.0,7.0,5.0,0.3333333333333333,0.6666666666666667,9.0,39.53888888888889,-16.461111111111112,16.461111111111112,38.0,40.0,47.5,35.0,56,45.0,44.0,33.0,-0.15555555555555556,0.2939484126984127,0.2572048611111111,-0.14107859825990543,-0.28125,0,0,-0.29394841269841265,0,0,19.0,4045.4300000000003,4957.43,77.43000000000029,35.3,0.07343750000000004,0.125,-0.125,0.028664959016393446,1.0,0.0,0.0,0.0,1.0,market_maker,3.0,20260520_AM,20260520_AM/gp1
mn8370qr,kb2z64e8,aeea46bb-84ad-409e-b595-5f1ae9d39ed9,a415b3a2-d76d-4f31-8ddd-bdf441257d88,0,gp,10,6101.0,2600.0,20.0,8.0,,,4126.43,22.0,6021.0,0.6666666666666666,8.0,0.13333333333333341,15,1,26.0,0.0,1.0,1,0,1,2,2.0,2.0,0.0,9.0,5.0,0.0,1.0,15.0,35.3,-12.7,12.7,33.0,37.0,39.0,33.0,48,38.0,45.0,25.0,-0.13157894736842102,0.26458333333333334,0.1984375,-0.27763173659827967,-0.234375,0,0,-0.2645833333333334,0,0,19.0,4190.43,4950.43,70.43000000000029,30.116666666666667,,,,0.03194933970856102,1.0,0.0,0.0,0.0,1.0,market_maker,4.0,20260520_AM,20260520_AM/gp1
mn8370qr,kb2z64e8,aeea46bb-84ad-409e-b595-5f1ae9d39ed9,a415b3a2-d76d-4f31-8ddd-bdf441257d88,0,gp,11,6101.0,2600.0,20.0,8.0,,,4461.18,17.0,6021.0,0.6666666666666666,8.0,0.13333333333333341,15,1,26.0,0.0,1.0,1,0,1,2,0.0,5.0,-5.0,10.0,6.0,1.0,0.0,15.0,30.116666666666667,-9.883333333333333,9.883333333333333,25.0,31.0,34.0,25.0,40,33.0,38.0,20.0,-0.24242424242424243,0.24708333333333332,0.15442708333333333,-0.2231435513142097,-0.234375,0,0,-0.24708333333333332,0,0,14.0,4461.18,4909.18,29.18000000000029,21.019,,,,0.03345491803278689,1.0,0.0,0.0,0.0,1.0,market_maker,5.0,20260520_AM,20260520_AM/gp1
mn8370qr,kb2z64e8,aeea46bb-84ad-409e-b595-5f1ae9d39ed9,a415b3a2-d76d-4f31-8ddd-bdf441257d88,0,gp,12,6101.0,2600.0,20.0,0.0,16.0,5.0,4677.740000000001,13.0,6021.0,0.6666666666666666,8.0,0.13333333333333341,15,1,26.0,0.0,1.0,1,0,1,2,1.0,5.0,-4.0,9.0,5.0,0.6666666666666666,0.33333333333333337,10.0,21.019,-10.981,10.981,20.0,23.0,23.0,20.0,32,25.0,33.0,11.0,-0.19999999999999996,0.34315625,0.171578125,-0.5978370007556202,-0.1875,0,0,-0.34315625000000005,0,0,10.0,4541.740000000001,4781.740000000001,21.74000000000069,13.20375,0.04369140625000001,0.125,-0.125,0.029014239028944917,1.0,0.0,0.0,0.0,1.0,market_maker,6.0,20260520_AM,20260520_AM/gp1
mn8370qr,kb2z64e8,aeea46bb-84ad-409e-b595-5f1ae9d39ed9,a415b3a2-d76d-4f31-8ddd-bdf441257d88,0,gp,13,6101.0,2600.0,20.0,8.0,,,4765.870000000001,4.0,6021.0,0.6666666666666666,8.0,0.13333333333333341,15,1,26.0,0.0,1.0,1,0,1,2,0.0,7.0,-7.0,5.0,1.0,1.0,0.0,16.0,13.20375,-10.79625,10.79625,11.0,15.0,20.0,10.0,24,20.0,25.0,7.0,-0.44999999999999996,0.44984375000000004,0.16869140625,-0.45198512374305744,-0.203125,0,0,-0.44984375000000004,0,0,3.0,4653.87,4701.87,-58.13000000000011,8.08,,,,0.030804388422035492,1.0,0.0,0.0,0.0,1.0,market_maker,7.0,20260520_AM,20260520_AM/gp1
mn8370qr,kb2z64e8,aeea46bb-84ad-409e-b595-5f1ae9d39ed9,a415b3a2-d76d-4f31-8ddd-bdf441257d88,0,gp,14,6101.0,2600.0,20.0,4.0,,,4812.870000000001,2.0,6021.0,0.6666666666666666,8.0,0.13333333333333341,15,1,26.0,0.0,1.0,1,0,1,2,0.0,2.0,-2.0,2.0,1.0,1.0,0.0,10.0,8.08,-7.92,7.92,7.0,10.07,10.07,7.0,16,11.0,20.0,8.0,-0.36363636363636365,0.495,0.12375,0.13353139262452252,-0.140625,0,0,-0.495,0,0,1.0,4672.87,4680.87,-19.13000000000011,7.4375,,,,0.03068309692671394,1.0,0.0,0.0,0.0,1.0,market_maker,2.0,20260520_AM,20260520_AM/gp1
mn8370qr,kb2z64e8,aeea46bb-84ad-409e-b595-5f1ae9d39ed9,a415b3a2-d76d-4f31-8ddd-bdf441257d88,0,gp,15,6101.0,2600.0,20.0,4.0,,,4827.870000000001,0.0,6021.0,0.6666666666666666,8.0,0.13333333333333341,15,1,26.0,0.0,1.0,1,0,1,2,0.0,1.0,-1.0,1.0,1.0,1.0,0.0,4.0,7.4375,-0.5625,0.5625,8.0,7.0,8.0,7.0,8,7.0,11.0,,0.1428571428571428,0.0703125,0.0087890625,,0.0,0,0,-0.0703125,0,0,0.0,4679.87,4679.87,39.86999999999989,,,,,0.028208692528735615,1.0,0.0,0.0,0.0,1.0,market_maker,1.0,20260520_AM,20260520_AM/gp1
mn8370qr,whc9aveo,aeea46bb-84ad-409e-b595-5f1ae9d39ed9,b36c610c-8e4d-4bcb-b3bf-9233bc19bd59,0,gp,1,6139.0,3800.0,10.0,4.0,,,4127.0,9.0,5989.0,0.9166666666666666,7.0,-0.21666666666666667,1,0,34.0,1.0,1.0,1,0,1,2,0.0,3.0,-3.0,4.0,3.0,1.0,0.0,10.0,106.05,-13.95,15.35,100.0,100.0,127.0,90.0,120,,,92.75,,0.12791666666666665,0.23984375,-0.07526248450054762,-0.3125,0,0,-0.11625000000000002,0,0,7.0,4155.0,4939.0,-1.0,93.92307692307692,,,,0.004886414754835807,0.5,0.5,0.0,0.0,0.0,feedback,3.0,20260520_AM,20260520_AM/gp1
mn8370qr,whc9aveo,aeea46bb-84ad-409e-b595-5f1ae9d39ed9,b36c610c-8e4d-4bcb-b3bf-9233bc19bd59,0,gp,2,6139.0,3800.0,10.0,20.0,,,4450.0,6.0,5989.0,0.9166666666666666,7.0,-0.21666666666666667,1,0,34.0,1.0,1.0,1,0,1,2,0.0,3.0,-3.0,7.0,5.0,1.0,0.0,13.0,93.92307692307692,-18.076923076923077,18.076923076923077,92.75,100.0,105.0,90.0,112,100.0,,81.38,-0.07250000000000001,0.1614010989010989,0.2824519230769231,-0.13077815891400046,-0.30078125,0,0,-0.16140109890109894,0,0,4.0,4522.0,4938.0,-182.0,87.36684210526316,,,,0.014778645833333333,0.5,0.5,0.0,0.0,0.0,feedback,3.0,20260520_AM,20260520_AM/gp1
mn8370qr,whc9aveo,aeea46bb-84ad-409e-b595-5f1ae9d39ed9,b36c610c-8e4d-4bcb-b3bf-9233bc19bd59,0,gp,3,6139.0,3800.0,10.0,0.0,80.0,4.0,4651.38,5.0,5989.0,0.9166666666666666,7.0,-0.21666666666666667,1,0,34.0,1.0,1.0,1,0,1,2,0.0,1.0,-1.0,3.0,3.0,1.0,0.0,19.0,87.36684210526316,-16.633157894736843,16.633157894736843,81.38,90.75,93.0,81.38,104,92.75,100.0,80.88,-0.12258760107816713,0.1599342105263158,0.2598930921052632,-0.0061629678613277505,-0.35343750000000007,0,0,-0.15993421052631576,0,0,3.0,4603.38,4891.38,-108.61999999999989,81.3395238095238,0.02093005952380933,0.25,-0.25,0.014068888888888896,0.5,0.5,0.0,0.0,0.0,feedback,1.0,20260520_AM,20260520_AM/gp1
mn8370qr,whc9aveo,aeea46bb-84ad-409e-b595-5f1ae9d39ed9,b36c610c-8e4d-4bcb-b3bf-9233bc19bd59,0,gp,4,6139.0,3800.0,10.0,0.0,,,4651.38,4.0,5989.0,0.9166666666666666,7.0,-0.21666666666666667,1,0,34.0,1.0,1.0,1,0,1,2,0.0,0.0,0.0,2.0,2.0,,,21.0,81.3395238095238,-14.66047619047619,14.66047619047619,80.88,81.38,84.38,80.0,96,81.38,92.75,73.75,-0.0061440157286802854,0.15271329365079364,0.22906994047619048,-0.09228557949228655,-0.23625000000000007,0,0,-0.15271329365079378,0,0,3.0,4603.38,4867.38,-12.61999999999989,74.21416666666666,,,,0.010315687613843364,0.5,0.5,0.0,0.0,0.0,feedback,0.0,20260520_AM,20260520_AM/gp1
mn8370qr,whc9aveo,aeea46bb-84ad-409e-b595-5f1ae9d39ed9,b36c610c-8e4d-4bcb-b3bf-9233bc19bd59,0,gp,5,6139.0,3800.0,10.0,8.0,,,4878.82,0.0,5989.0,0.9166666666666666,7.0,-0.21666666666666667,1,0,34.0,1.0,1.0,1,0,1,2,0.0,3.0,-3.0,0.0,0.0,1.0,0.0,12.0,74.21416666666666,-13.785833333333334,13.785833333333334,73.75,78.0,78.0,50.0,88,80.88,81.38,65.0,-0.08815529179030657,0.156657196969697,0.21540364583333335,-0.12629372532429262,-0.22265625,0,0,-0.15665719696969707,0,0,0.0,4830.82,4830.82,-49.18000000000029,61.29625,,,,0.012353369763205849,0.5,0.5,0.0,0.0,0.0,feedback,3.0,20260520_AM,20260520_AM/gp1
mn8370qr,whc9aveo,aeea46bb-84ad-409e-b595-5f1ae9d39ed9,b36c610c-8e4d-4bcb-b3bf-9233bc19bd59,0,gp,6,6139.0,3800.0,10.0,4.0,50.0,4.0,4878.73,0.0,5989.0,0.9166666666666666,7.0,-0.21666666666666667,1,0,34.0,1.0,1.0,1,0,1,2,1.0,1.0,0.0,1.0,0.0,0.0,1.0,16.0,61.29625,-18.70375,18.70375,65.0,55.25,75.0,50.16,80,73.75,80.88,44.0,-0.11864406779661019,0.233796875,0.29224609375,-0.3901976359773758,-0.234375,0,0,-0.233796875,0,0,0.0,4830.73,4830.73,10.729999999999563,55.79560000000001,0.09055625000000012,0.34375,-0.34375,0.011171738128169666,0.5,0.5,0.0,0.0,0.0,feedback,2.0,20260520_AM,20260520_AM/gp1
mn8370qr,whc9aveo,aeea46bb-84ad-409e-b595-5f1ae9d39ed9,b36c610c-8e4d-4bcb-b3bf-9233bc19bd59,0,gp,7,6139.0,3800.0,10.0,4.0,,,4903.73,0.0,5989.0,0.9166666666666666,7.0,-0.21666666666666667,1,0,34.0,1.0,1.0,1,0,1,2,2.0,2.0,0.0,4.0,0.0,0.0,1.0,25.0,55.79560000000001,-16.2044,16.6844,44.0,75.0,75.0,35.0,72,65.0,73.75,45.0,-0.32307692307692304,0.23172777777777778,0.26069375,0.022472855852058604,-0.4375,0,0,-0.22506111111111102,0,0,0.0,4855.73,4855.73,95.72999999999956,47.916666666666664,,,,0.017362745098039225,0.5,0.5,0.0,0.0,0.0,feedback,4.0,20260520_AM,20260520_AM/gp1
mn8370qr,whc9aveo,aeea46bb-84ad-409e-b595-5f1ae9d39ed9,b36c610c-8e4d-4bcb-b3bf-9233bc19bd59,0,gp,8,6139.0,3800.0,10.0,4.0,,,4923.73,0.0,5989.0,0.9166666666666666,7.0,-0.21666666666666667,1,0,34.0,1.0,1.0,1,0,1,2,2.0,2.0,0.0,5.0,0.0,0.0,1.0,12.0,47.916666666666664,-16.083333333333332,16.083333333333332,45.0,50.0,55.0,40.0,64,44.0,65.0,38.0,0.022727272727272707,0.2513020833333333,0.2513020833333333,-0.16907633004393396,-0.296875,0,0,-0.25130208333333337,0,0,0.0,4875.73,4875.73,175.72999999999956,39.53888888888889,,,,0.022686524822695047,0.5,0.5,0.0,0.0,0.0,feedback,4.0,20260520_AM,20260520_AM/gp1
mn8370qr,whc9aveo,aeea46bb-84ad-409e-b595-5f1ae9d39ed9,b36c610c-8e4d-4bcb-b3bf-9233bc19bd59,0,gp,9,6139.0,3800.0,10.0,20.0,50.0,4.0,4807.73,4.0,5989.0,0.9166666666666666,7.0,-0.21666666666666667,1,0,34.0,1.0,1.0,1,0,1,2,3.0,0.0,3.0,3.0,2.0,1.0,0.0,9.0,39.53888888888889,-16.461111111111112,16.461111111111112,38.0,40.0,47.5,35.0,56,45.0,44.0,33.0,-0.15555555555555556,0.2939484126984127,0.2572048611111111,-0.14107859825990543,-0.28125,0,0,-0.29394841269841265,0,0,3.0,4819.73,4963.73,83.72999999999956,35.3,0.22968750000000004,0.03125,0.03125,0.028664959016393446,0.5,0.5,0.0,0.0,0.0,feedback,3.0,20260520_AM,20260520_AM/gp1
mn8370qr,whc9aveo,aeea46bb-84ad-409e-b595-5f1ae9d39ed9,b36c610c-8e4d-4bcb-b3bf-9233bc19bd59,0,gp,10,6139.0,3800.0,10.0,8.0,,,4745.23,8.0,5989.0,0.9166666666666666,7.0,-0.21666666666666667,1,0,34.0,1.0,1.0,1,0,1,2,4.0,0.0,4.0,4.0,2.0,1.0,0.0,15.0,35.3,-12.7,12.7,33.0,37.0,39.0,33.0,48,38.0,45.0,25.0,-0.13157894736842102,0.26458333333333334,0.1984375,-0.27763173659827967,-0.234375,0,0,-0.2645833333333334,0,0,7.0,4733.23,5013.23,133.22999999999956,30.116666666666667,,,,0.03194933970856102,0.5,0.5,0.0,0.0,0.0,feedback,4.0,20260520_AM,20260520_AM/gp1
mn8370qr,whc9aveo,aeea46bb-84ad-409e-b595-5f1ae9d39ed9,b36c610c-8e4d-4bcb-b3bf-9233bc19bd59,0,gp,11,6139.0,3800.0,10.0,8.0,,,4809.23,10.0,5989.0,0.9166666666666666,7.0,-0.21666666666666667,1,0,34.0,1.0,1.0,1,0,1,2,0.0,0.0,0.0,3.0,3.0,,,15.0,30.116666666666667,-9.883333333333333,9.883333333333333,25.0,31.0,34.0,25.0,40,33.0,38.0,20.0,-0.24242424242424243,0.24708333333333332,0.15442708333333333,-0.2231435513142097,-0.234375,0,0,-0.24708333333333332,0,0,7.0,4789.23,5013.23,133.22999999999956,21.019,,,,0.03345491803278689,0.5,0.5,0.0,0.0,0.0,feedback,0.0,20260520_AM,20260520_AM/gp1
mn8370qr,whc9aveo,aeea46bb-84ad-409e-b595-5f1ae9d39ed9,b36c610c-8e4d-4bcb-b3bf-9233bc19bd59,0,gp,12,6139.0,3800.0,10.0,0.0,15.0,4.0,4909.23,10.0,5989.0,0.9166666666666666,7.0,-0.21666666666666667,1,0,34.0,1.0,1.0,1,0,1,2,0.0,1.0,-1.0,4.0,4.0,1.0,0.0,10.0,21.019,-10.981,10.981,20.0,23.0,23.0,20.0,32,25.0,33.0,11.0,-0.19999999999999996,0.34315625,0.171578125,-0.5978370007556202,-0.1875,0,0,-0.34315625000000005,0,0,6.0,4809.23,4953.23,193.22999999999956,13.20375,0.02806640625000001,0.140625,-0.140625,0.029014239028944917,0.5,0.5,0.0,0.0,0.0,feedback,1.0,20260520_AM,20260520_AM/gp1
mn8370qr,whc9aveo,aeea46bb-84ad-409e-b595-5f1ae9d39ed9,b36c610c-8e4d-4bcb-b3bf-9233bc19bd59,0,gp,13,6139.0,3800.0,10.0,8.0,,,4909.23,8.0,5989.0,0.9166666666666666,7.0,-0.21666666666666667,1,0,34.0,1.0,1.0,1,0,1,2,0.0,0.0,0.0,3.0,0.0,,,16.0,13.20375,-10.79625,10.79625,11.0,15.0,20.0,10.0,24,20.0,25.0,7.0,-0.44999999999999996,0.44984375000000004,0.16869140625,-0.45198512374305744,-0.203125,0,0,-0.44984375000000004,0,0,6.0,4857.23,4953.23,193.22999999999956,8.08,,,,0.030804388422035492,0.5,0.5,0.0,0.0,0.0,feedback,0.0,20260520_AM,20260520_AM/gp1
mn8370qr,whc9aveo,aeea46bb-84ad-409e-b595-5f1ae9d39ed9,b36c610c-8e4d-4bcb-b3bf-9233bc19bd59,0,gp,14,6139.0,3800.0,10.0,4.0,,,4973.23,10.0,5989.0,0.9166666666666666,7.0,-0.21666666666666667,1,0,34.0,1.0,1.0,1,0,1,2,0.0,0.0,0.0,7.0,0.0,,,10.0,8.08,-7.92,7.92,7.0,10.07,10.07,7.0,16,11.0,20.0,8.0,-0.36363636363636365,0.495,0.12375,0.13353139262452252,-0.140625,0,0,-0.495,0,0,6.0,4881.23,4929.23,229.22999999999956,7.4375,,,,0.03068309692671394,0.5,0.5,0.0,0.0,0.0,feedback,0.0,20260520_AM,20260520_AM/gp1
mn8370qr,whc9aveo,aeea46bb-84ad-409e-b595-5f1ae9d39ed9,b36c610c-8e4d-4bcb-b3bf-9233bc19bd59,0,gp,15,6139.0,3800.0,10.0,4.0,,,5020.73,5.0,5989.0,0.9166666666666666,7.0,-0.21666666666666667,1,0,34.0,1.0,1.0,1,0,1,2,0.0,1.0,-1.0,0.0,0.0,1.0,0.0,4.0,7.4375,-0.5625,0.5625,8.0,7.0,8.0,7.0,8,7.0,11.0,,0.1428571428571428,0.0703125,0.0087890625,,0.0,0,0,-0.0703125,0,0,5.0,4908.73,4908.73,268.72999999999956,,,,,0.028208692528735615,0.5,0.5,0.0,0.0,0.0,feedback,1.0,20260520_AM,20260520_AM/gp1
mn8370qr,bs9r1rdm,aeea46bb-84ad-409e-b595-5f1ae9d39ed9,bb1de49e-9922-4e51-bf38-42f79bfa10dd,0,gp,1,4422.0,2600.0,20.0,4.0,,,2431.5,21.0,4352.0,0.5833333333333334,7.0,0.11666666666666659,2,1,21.0,1.0,1.0,0,0,1,2,3.0,2.0,1.0,3.0,0.0,0.2,0.8,10.0,106.05,-13.95,15.35,100.0,100.0,127.0,90.0,120,,,92.75,,0.12791666666666665,0.23984375,-0.07526248450054762,-0.3125,0,0,-0.11625000000000002,0,0,21.0,2515.5,4867.5,-72.5,93.92307692307692,,,,0.004886414754835807,0.0,1.0,0.0,0.0,1.0,market_maker,5.0,20260520_AM,20260520_AM/gp1
mn8370qr,bs9r1rdm,aeea46bb-84ad-409e-b595-5f1ae9d39ed9,bb1de49e-9922-4e51-bf38-42f79bfa10dd,0,gp,2,4422.0,2600.0,20.0,20.0,,,2597.75,20.0,4352.0,0.5833333333333334,7.0,0.11666666666666659,2,1,21.0,1.0,1.0,0,0,1,2,3.0,4.0,-1.0,6.0,3.0,0.14285714285714285,0.8571428571428572,13.0,93.92307692307692,-18.076923076923077,18.076923076923077,92.75,100.0,105.0,90.0,112,100.0,,81.38,-0.07250000000000001,0.1614010989010989,0.2824519230769231,-0.13077815891400046,-0.30078125,0,0,-0.16140109890109894,0,0,20.0,2997.75,5077.75,-42.25,87.36684210526316,,,,0.014778645833333333,0.0,1.0,0.0,0.0,1.0,market_maker,7.0,20260520_AM,20260520_AM/gp1
mn8370qr,bs9r1rdm,aeea46bb-84ad-409e-b595-5f1ae9d39ed9,bb1de49e-9922-4e51-bf38-42f79bfa10dd,0,gp,3,4422.0,2600.0,20.0,0.0,100.0,4.0,3862.45,10.0,4352.0,0.5833333333333334,7.0,0.11666666666666659,2,1,21.0,1.0,1.0,0,0,1,2,1.0,11.0,-10.0,2.0,1.0,0.8333333333333334,0.16666666666666663,19.0,87.36684210526316,-16.633157894736843,16.633157894736843,81.38,90.75,93.0,81.38,104,92.75,100.0,80.88,-0.12258760107816713,0.1599342105263158,0.2598930921052632,-0.0061629678613277505,-0.35343750000000007,0,0,-0.15993421052631576,0,0,10.0,3862.45,4822.45,-177.55000000000018,81.3395238095238,0.29156994047619067,0.0625,0.0625,0.014068888888888896,0.0,1.0,0.0,0.0,1.0,market_maker,12.0,20260520_AM,20260520_AM/gp1
mn8370qr,bs9r1rdm,aeea46bb-84ad-409e-b595-5f1ae9d39ed9,bb1de49e-9922-4e51-bf38-42f79bfa10dd,0,gp,4,4422.0,2600.0,20.0,0.0,,,4097.860000000001,8.0,4352.0,0.5833333333333334,7.0,0.11666666666666659,2,1,21.0,1.0,1.0,0,0,1,2,6.0,9.0,-3.0,3.0,1.0,0.2,0.8,21.0,81.3395238095238,-14.66047619047619,14.66047619047619,80.88,81.38,84.38,80.0,96,81.38,92.75,73.75,-0.0061440157286802854,0.15271329365079364,0.22906994047619048,-0.09228557949228655,-0.23625000000000007,0,0,-0.15271329365079378,0,0,7.0,4097.86,4713.86,-166.14000000000033,74.21416666666666,,,,0.010315687613843364,0.0,1.0,0.0,0.0,1.0,market_maker,15.0,20260520_AM,20260520_AM/gp1
mn8370qr,bs9r1rdm,aeea46bb-84ad-409e-b595-5f1ae9d39ed9,bb1de49e-9922-4e51-bf38-42f79bfa10dd,0,gp,5,4422.0,2600.0,20.0,8.0,,,3841.8600000000006,11.0,4352.0,0.5833333333333334,7.0,0.11666666666666659,2,1,21.0,1.0,1.0,0,0,1,2,5.0,2.0,3.0,6.0,4.0,0.42857142857142855,0.5714285714285714,12.0,74.21416666666666,-13.785833333333334,13.785833333333334,73.75,78.0,78.0,50.0,88,80.88,81.38,65.0,-0.08815529179030657,0.156657196969697,0.21540364583333335,-0.12629372532429262,-0.22265625,0,0,-0.15665719696969707,0,0,10.0,3921.8599999999997,4721.86,-158.14000000000033,61.29625,,,,0.012353369763205849,0.0,1.0,0.0,0.0,1.0,market_maker,7.0,20260520_AM,20260520_AM/gp1
mn8370qr,bs9r1rdm,aeea46bb-84ad-409e-b595-5f1ae9d39ed9,bb1de49e-9922-4e51-bf38-42f79bfa10dd,0,gp,6,4422.0,2600.0,20.0,4.0,67.0,4.0,3765.9500000000007,12.0,4352.0,0.5833333333333334,7.0,0.11666666666666659,2,1,21.0,1.0,1.0,0,0,1,2,7.0,5.0,2.0,6.0,3.0,0.16666666666666666,0.8333333333333334,16.0,61.29625,-18.70375,18.70375,65.0,55.25,75.0,50.16,80,73.75,80.88,44.0,-0.11864406779661019,0.233796875,0.29224609375,-0.3901976359773758,-0.234375,0,0,-0.233796875,0,0,12.0,3805.95,4669.95,-150.05000000000018,55.79560000000001,0.17506874999999988,0.078125,-0.078125,0.011171738128169666,0.0,1.0,0.0,0.0,1.0,market_maker,12.0,20260520_AM,20260520_AM/gp1
mn8370qr,bs9r1rdm,aeea46bb-84ad-409e-b595-5f1ae9d39ed9,bb1de49e-9922-4e51-bf38-42f79bfa10dd,0,gp,7,4422.0,2600.0,20.0,4.0,,,3395.560000000001,17.0,4352.0,0.5833333333333334,7.0,0.11666666666666659,2,1,21.0,1.0,1.0,0,0,1,2,12.0,7.0,5.0,9.0,0.0,0.2631578947368421,0.736842105263158,25.0,55.79560000000001,-16.2044,16.6844,44.0,75.0,75.0,35.0,72,65.0,73.75,45.0,-0.32307692307692304,0.23172777777777778,0.26069375,0.022472855852058604,-0.4375,0,0,-0.22506111111111102,0,0,17.0,3455.5599999999995,4543.5599999999995,-216.4400000000005,47.916666666666664,,,,0.017362745098039225,0.0,1.0,0.0,0.0,1.0,market_maker,19.0,20260520_AM,20260520_AM/gp1
mn8370qr,bs9r1rdm,aeea46bb-84ad-409e-b595-5f1ae9d39ed9,bb1de49e-9922-4e51-bf38-42f79bfa10dd,0,gp,8,4422.0,2600.0,20.0,4.0,,,3798.560000000001,11.0,4352.0,0.5833333333333334,7.0,0.11666666666666659,2,1,21.0,1.0,1.0,0,0,1,2,1.0,8.0,-7.0,11.0,4.0,0.7777777777777778,0.2222222222222222,12.0,47.916666666666664,-16.083333333333332,16.083333333333332,45.0,50.0,55.0,40.0,64,44.0,65.0,38.0,0.022727272727272707,0.2513020833333333,0.2513020833333333,-0.16907633004393396,-0.296875,0,0,-0.25130208333333337,0,0,10.0,3830.5599999999995,4390.5599999999995,-309.4400000000005,39.53888888888889,,,,0.022686524822695047,0.0,1.0,0.0,0.0,1.0,market_maker,9.0,20260520_AM,20260520_AM/gp1
mn8370qr,bs9r1rdm,aeea46bb-84ad-409e-b595-5f1ae9d39ed9,bb1de49e-9922-4e51-bf38-42f79bfa10dd,0,gp,9,4422.0,2600.0,20.0,20.0,38.0,2.0,3999.3100000000018,8.0,4352.0,0.5833333333333334,7.0,0.11666666666666659,2,1,21.0,1.0,1.0,0,0,1,2,1.0,5.0,-4.0,8.0,6.0,0.6666666666666666,0.33333333333333337,9.0,39.53888888888889,-16.461111111111112,16.461111111111112,38.0,40.0,47.5,35.0,56,45.0,44.0,33.0,-0.15555555555555556,0.2939484126984127,0.2572048611111111,-0.14107859825990543,-0.28125,0,0,-0.29394841269841265,0,0,6.0,4107.3099999999995,4395.3099999999995,-484.6900000000005,35.3,0.042187500000000044,0.15625,-0.15625,0.028664959016393446,0.0,1.0,0.0,0.0,1.0,market_maker,6.0,20260520_AM,20260520_AM/gp1
mn8370qr,bs9r1rdm,aeea46bb-84ad-409e-b595-5f1ae9d39ed9,bb1de49e-9922-4e51-bf38-42f79bfa10dd,0,gp,10,4422.0,2600.0,20.0,8.0,,,4224.310000000001,5.0,4352.0,0.5833333333333334,7.0,0.11666666666666659,2,1,21.0,1.0,1.0,0,0,1,2,3.0,5.0,-2.0,5.0,3.0,0.25,0.75,15.0,35.3,-12.7,12.7,33.0,37.0,39.0,33.0,48,38.0,45.0,25.0,-0.13157894736842102,0.26458333333333334,0.1984375,-0.27763173659827967,-0.234375,0,0,-0.2645833333333334,0,0,4.0,4204.3099999999995,4364.3099999999995,-515.6900000000005,30.116666666666667,,,,0.03194933970856102,0.0,1.0,0.0,0.0,1.0,market_maker,8.0,20260520_AM,20260520_AM/gp1
mn8370qr,bs9r1rdm,aeea46bb-84ad-409e-b595-5f1ae9d39ed9,bb1de49e-9922-4e51-bf38-42f79bfa10dd,0,gp,11,4422.0,2600.0,20.0,8.0,,,4302.060000000001,3.0,4352.0,0.5833333333333334,7.0,0.11666666666666659,2,1,21.0,1.0,1.0,0,0,1,2,5.0,7.0,-2.0,5.0,3.0,0.16666666666666666,0.8333333333333334,15.0,30.116666666666667,-9.883333333333333,9.883333333333333,25.0,31.0,34.0,25.0,40,33.0,38.0,20.0,-0.24242424242424243,0.24708333333333332,0.15442708333333333,-0.2231435513142097,-0.234375,0,0,-0.24708333333333332,0,0,2.0,4258.0599999999995,4322.0599999999995,-557.9400000000005,21.019,,,,0.03345491803278689,0.0,1.0,0.0,0.0,1.0,market_maker,12.0,20260520_AM,20260520_AM/gp1
mn8370qr,bs9r1rdm,aeea46bb-84ad-409e-b595-5f1ae9d39ed9,bb1de49e-9922-4e51-bf38-42f79bfa10dd,0,gp,12,4422.0,2600.0,20.0,0.0,18.0,4.0,4158.870000000001,10.0,4352.0,0.5833333333333334,7.0,0.11666666666666659,2,1,21.0,1.0,1.0,0,0,1,2,8.0,0.0,8.0,5.0,2.0,1.0,0.0,10.0,21.019,-10.981,10.981,20.0,23.0,23.0,20.0,32,25.0,33.0,11.0,-0.19999999999999996,0.34315625,0.171578125,-0.5978370007556202,-0.1875,0,0,-0.34315625000000005,0,0,10.0,4090.87,4330.87,-429.1300000000001,13.20375,0.07494140625000001,0.09375,-0.09375,0.029014239028944917,0.0,1.0,0.0,0.0,1.0,market_maker,8.0,20260520_AM,20260520_AM/gp1
mn8370qr,bs9r1rdm,aeea46bb-84ad-409e-b595-5f1ae9d39ed9,bb1de49e-9922-4e51-bf38-42f79bfa10dd,0,gp,13,4422.0,2600.0,20.0,8.0,,,4167.120000000001,11.0,4352.0,0.5833333333333334,7.0,0.11666666666666659,2,1,21.0,1.0,1.0,0,0,1,2,4.0,4.0,0.0,5.0,5.0,0.0,1.0,16.0,13.20375,-10.79625,10.79625,11.0,15.0,20.0,10.0,24,20.0,25.0,7.0,-0.44999999999999996,0.44984375000000004,0.16869140625,-0.45198512374305744,-0.203125,0,0,-0.44984375000000004,0,0,10.0,4179.12,4339.12,-420.8800000000001,8.08,,,,0.030804388422035492,0.0,1.0,0.0,0.0,1.0,market_maker,8.0,20260520_AM,20260520_AM/gp1
mn8370qr,bs9r1rdm,aeea46bb-84ad-409e-b595-5f1ae9d39ed9,bb1de49e-9922-4e51-bf38-42f79bfa10dd,0,gp,14,4422.0,2600.0,20.0,4.0,,,4310.850000000001,6.0,4352.0,0.5833333333333334,7.0,0.11666666666666659,2,1,21.0,1.0,1.0,0,0,1,2,0.0,7.0,-7.0,5.0,3.0,1.0,0.0,10.0,8.08,-7.92,7.92,7.0,10.07,10.07,7.0,16,11.0,20.0,8.0,-0.36363636363636365,0.495,0.12375,0.13353139262452252,-0.140625,0,0,-0.495,0,0,3.0,4246.85,4270.85,-429.14999999999964,7.4375,,,,0.03068309692671394,0.0,1.0,0.0,0.0,1.0,market_maker,7.0,20260520_AM,20260520_AM/gp1
mn8370qr,bs9r1rdm,aeea46bb-84ad-409e-b595-5f1ae9d39ed9,bb1de49e-9922-4e51-bf38-42f79bfa10dd,0,gp,15,4422.0,2600.0,20.0,4.0,,,4312.100000000001,10.0,4352.0,0.5833333333333334,7.0,0.11666666666666659,2,1,21.0,1.0,1.0,0,0,1,2,3.0,0.0,3.0,4.0,0.0,1.0,0.0,4.0,7.4375,-0.5625,0.5625,8.0,7.0,8.0,7.0,8,7.0,11.0,,0.1428571428571428,0.0703125,0.0087890625,,0.0,0,0,-0.0703125,0,0,6.0,4248.1,4248.1,-391.89999999999964,,,,,0.028208692528735615,0.0,1.0,0.0,0.0,1.0,market_maker,3.0,20260520_AM,20260520_AM/gp1
mn8370qr,ai0il249,aeea46bb-84ad-409e-b595-5f1ae9d39ed9,bd8df300-e107-4fb6-a1a9-1ee4f9ce263f,0,gp,1,5172.0,3800.0,10.0,4.0,,,3510.0,16.0,5042.0,0.75,2.0,-0.55,3,0,18.0,0.0,1.0,1,0,1,2,3.0,0.0,3.0,6.0,3.0,1.0,0.0,10.0,106.05,-13.95,15.35,100.0,100.0,127.0,90.0,120,,,92.75,,0.12791666666666665,0.23984375,-0.07526248450054762,-0.3125,0,0,-0.11625000000000002,0,0,13.0,3562.0,5018.0,78.0,93.92307692307692,,,,0.004886414754835807,0.0,0.0,1.0,0.0,1.0,market_maker,3.0,20260520_AM,20260520_AM/gp1
mn8370qr,ai0il249,aeea46bb-84ad-409e-b595-5f1ae9d39ed9,bd8df300-e107-4fb6-a1a9-1ee4f9ce263f,0,gp,2,5172.0,3800.0,10.0,20.0,,,3196.5,18.0,5042.0,0.75,2.0,-0.55,3,0,18.0,0.0,1.0,1,0,1,2,4.0,0.0,4.0,6.0,2.0,1.0,0.0,13.0,93.92307692307692,-18.076923076923077,18.076923076923077,92.75,100.0,105.0,90.0,112,100.0,,81.38,-0.07250000000000001,0.1614010989010989,0.2824519230769231,-0.13077815891400046,-0.30078125,0,0,-0.16140109890109894,0,0,17.0,3524.5,5292.5,172.5,87.36684210526316,,,,0.014778645833333333,0.0,0.0,1.0,0.0,1.0,market_maker,4.0,20260520_AM,20260520_AM/gp1
mn8370qr,ai0il249,aeea46bb-84ad-409e-b595-5f1ae9d39ed9,bd8df300-e107-4fb6-a1a9-1ee4f9ce263f,0,gp,3,5172.0,3800.0,10.0,0.0,82.0,3.0,3216.75,22.0,5042.0,0.75,2.0,-0.55,3,0,18.0,0.0,1.0,1,0,1,2,4.0,0.0,4.0,6.0,2.0,1.0,0.0,19.0,87.36684210526316,-16.633157894736843,16.633157894736843,81.38,90.75,93.0,81.38,104,92.75,100.0,80.88,-0.12258760107816713,0.1599342105263158,0.2598930921052632,-0.0061629678613277505,-0.35343750000000007,0,0,-0.15993421052631576,0,0,21.0,3184.75,5200.75,200.75,81.3395238095238,0.01031994047619067,0.21875,-0.21875,0.014068888888888896,0.0,0.0,1.0,0.0,1.0,market_maker,4.0,20260520_AM,20260520_AM/gp1
mn8370qr,ai0il249,aeea46bb-84ad-409e-b595-5f1ae9d39ed9,bd8df300-e107-4fb6-a1a9-1ee4f9ce263f,0,gp,4,5172.0,3800.0,10.0,0.0,,,2895.75,25.0,5042.0,0.75,2.0,-0.55,3,0,18.0,0.0,1.0,1,0,1,2,4.0,0.0,4.0,7.0,2.0,1.0,0.0,21.0,81.3395238095238,-14.66047619047619,14.66047619047619,80.88,81.38,84.38,80.0,96,81.38,92.75,73.75,-0.0061440157286802854,0.15271329365079364,0.22906994047619048,-0.09228557949228655,-0.23625000000000007,0,0,-0.15271329365079378,0,0,25.0,2863.75,5063.75,183.75,74.21416666666666,,,,0.010315687613843364,0.0,0.0,1.0,0.0,1.0,market_maker,4.0,20260520_AM,20260520_AM/gp1
mn8370qr,ai0il249,aeea46bb-84ad-409e-b595-5f1ae9d39ed9,bd8df300-e107-4fb6-a1a9-1ee4f9ce263f,0,gp,5,5172.0,3800.0,10.0,8.0,,,2921.5,29.0,5042.0,0.75,2.0,-0.55,3,0,18.0,0.0,1.0,1,0,1,2,1.0,1.0,0.0,7.0,4.0,0.0,1.0,12.0,74.21416666666666,-13.785833333333334,13.785833333333334,73.75,78.0,78.0,50.0,88,80.88,81.38,65.0,-0.08815529179030657,0.156657196969697,0.21540364583333335,-0.12629372532429262,-0.22265625,0,0,-0.15665719696969707,0,0,25.0,3089.5,5089.5,209.5,61.29625,,,,0.012353369763205849,0.0,0.0,1.0,0.0,1.0,market_maker,2.0,20260520_AM,20260520_AM/gp1
mn8370qr,ai0il249,aeea46bb-84ad-409e-b595-5f1ae9d39ed9,bd8df300-e107-4fb6-a1a9-1ee4f9ce263f,0,gp,6,5172.0,3800.0,10.0,4.0,74.0,3.0,3309.0,24.0,5042.0,0.75,2.0,-0.55,3,0,18.0,0.0,1.0,1,0,1,2,1.0,3.0,-2.0,6.0,1.0,0.5,0.5,16.0,61.29625,-18.70375,18.70375,65.0,55.25,75.0,50.16,80,73.75,80.88,44.0,-0.11864406779661019,0.233796875,0.29224609375,-0.3901976359773758,-0.234375,0,0,-0.233796875,0,0,23.0,3337.0,4993.0,173.0,55.79560000000001,0.2844437499999999,0.03125,0.03125,0.011171738128169666,0.0,0.0,1.0,0.0,1.0,market_maker,4.0,20260520_AM,20260520_AM/gp1
mn8370qr,ai0il249,aeea46bb-84ad-409e-b595-5f1ae9d39ed9,bd8df300-e107-4fb6-a1a9-1ee4f9ce263f,0,gp,7,5172.0,3800.0,10.0,4.0,,,3375.0,26.0,5042.0,0.75,2.0,-0.55,3,0,18.0,0.0,1.0,1,0,1,2,3.0,1.0,2.0,7.0,5.0,0.5,0.5,25.0,55.79560000000001,-16.2044,16.6844,44.0,75.0,75.0,35.0,72,65.0,73.75,45.0,-0.32307692307692304,0.23172777777777778,0.26069375,0.022472855852058604,-0.4375,0,0,-0.22506111111111102,0,0,25.0,3407.0,5007.0,247.0,47.916666666666664,,,,0.017362745098039225,0.0,0.0,1.0,0.0,1.0,market_maker,4.0,20260520_AM,20260520_AM/gp1
mn8370qr,ai0il249,aeea46bb-84ad-409e-b595-5f1ae9d39ed9,bd8df300-e107-4fb6-a1a9-1ee4f9ce263f,0,gp,8,5172.0,3800.0,10.0,4.0,,,3386.5,27.0,5042.0,0.75,2.0,-0.55,3,0,18.0,0.0,1.0,1,0,1,2,2.0,0.0,2.0,4.0,3.0,1.0,0.0,12.0,47.916666666666664,-16.083333333333332,16.083333333333332,45.0,50.0,55.0,40.0,64,44.0,65.0,38.0,0.022727272727272707,0.2513020833333333,0.2513020833333333,-0.16907633004393396,-0.296875,0,0,-0.25130208333333337,0,0,27.0,3422.5,4934.5,234.5,39.53888888888889,,,,0.022686524822695047,0.0,0.0,1.0,0.0,1.0,market_maker,2.0,20260520_AM,20260520_AM/gp1
mn8370qr,ai0il249,aeea46bb-84ad-409e-b595-5f1ae9d39ed9,bd8df300-e107-4fb6-a1a9-1ee4f9ce263f,0,gp,9,5172.0,3800.0,10.0,20.0,40.0,3.0,3459.5,30.0,5042.0,0.75,2.0,-0.55,3,0,18.0,0.0,1.0,1,0,1,2,1.0,0.0,1.0,7.0,5.0,1.0,0.0,9.0,39.53888888888889,-16.461111111111112,16.461111111111112,38.0,40.0,47.5,35.0,56,45.0,44.0,33.0,-0.15555555555555556,0.2939484126984127,0.2572048611111111,-0.14107859825990543,-0.28125,0,0,-0.29394841269841265,0,0,28.0,3947.5,5291.5,411.5,35.3,0.07343750000000004,0.125,-0.125,0.028664959016393446,0.0,0.0,1.0,0.0,1.0,market_maker,1.0,20260520_AM,20260520_AM/gp1
mn8370qr,ai0il249,aeea46bb-84ad-409e-b595-5f1ae9d39ed9,bd8df300-e107-4fb6-a1a9-1ee4f9ce263f,0,gp,10,5172.0,3800.0,10.0,8.0,,,3995.5,33.0,5042.0,0.75,2.0,-0.55,3,0,18.0,0.0,1.0,1,0,1,2,3.0,1.0,2.0,6.0,3.0,0.5,0.5,15.0,35.3,-12.7,12.7,33.0,37.0,39.0,33.0,48,38.0,45.0,25.0,-0.13157894736842102,0.26458333333333334,0.1984375,-0.27763173659827967,-0.234375,0,0,-0.2645833333333334,0,0,30.0,4123.5,5323.5,443.5,30.116666666666667,,,,0.03194933970856102,0.0,0.0,1.0,0.0,1.0,market_maker,4.0,20260520_AM,20260520_AM/gp1
mn8370qr,ai0il249,aeea46bb-84ad-409e-b595-5f1ae9d39ed9,bd8df300-e107-4fb6-a1a9-1ee4f9ce263f,0,gp,11,5172.0,3800.0,10.0,8.0,,,4179.5,35.0,5042.0,0.75,2.0,-0.55,3,0,18.0,0.0,1.0,1,0,1,2,3.0,0.0,3.0,5.0,3.0,1.0,0.0,15.0,30.116666666666667,-9.883333333333333,9.883333333333333,25.0,31.0,34.0,25.0,40,33.0,38.0,20.0,-0.24242424242424243,0.24708333333333332,0.15442708333333333,-0.2231435513142097,-0.234375,0,0,-0.24708333333333332,0,0,33.0,4307.5,5363.5,483.5,21.019,,,,0.03345491803278689,0.0,0.0,1.0,0.0,1.0,market_maker,3.0,20260520_AM,20260520_AM/gp1
mn8370qr,ai0il249,aeea46bb-84ad-409e-b595-5f1ae9d39ed9,bd8df300-e107-4fb6-a1a9-1ee4f9ce263f,0,gp,12,5172.0,3800.0,10.0,0.0,18.0,4.0,4439.5,35.0,5042.0,0.75,2.0,-0.55,3,0,18.0,0.0,1.0,1,0,1,2,1.0,0.0,1.0,6.0,3.0,1.0,0.0,10.0,21.019,-10.981,10.981,20.0,23.0,23.0,20.0,32,25.0,33.0,11.0,-0.19999999999999996,0.34315625,0.171578125,-0.5978370007556202,-0.1875,0,0,-0.34315625000000005,0,0,34.0,4287.5,5103.5,343.5,13.20375,0.07494140625000001,0.09375,-0.09375,0.029014239028944917,0.0,0.0,1.0,0.0,1.0,market_maker,1.0,20260520_AM,20260520_AM/gp1
mn8370qr,ai0il249,aeea46bb-84ad-409e-b595-5f1ae9d39ed9,bd8df300-e107-4fb6-a1a9-1ee4f9ce263f,0,gp,13,5172.0,3800.0,10.0,8.0,,,4397.13,40.0,5042.0,0.75,2.0,-0.55,3,0,18.0,0.0,1.0,1,0,1,2,6.0,3.0,3.0,10.0,2.0,0.3333333333333333,0.6666666666666667,16.0,13.20375,-10.79625,10.79625,11.0,15.0,20.0,10.0,24,20.0,25.0,7.0,-0.44999999999999996,0.44984375000000004,0.16869140625,-0.45198512374305744,-0.203125,0,0,-0.44984375000000004,0,0,37.0,4541.13,5133.13,373.1300000000001,8.08,,,,0.030804388422035492,0.0,0.0,1.0,0.0,1.0,market_maker,9.0,20260520_AM,20260520_AM/gp1
mn8370qr,ai0il249,aeea46bb-84ad-409e-b595-5f1ae9d39ed9,bd8df300-e107-4fb6-a1a9-1ee4f9ce263f,0,gp,14,5172.0,3800.0,10.0,4.0,,,4662.53,46.0,5042.0,0.75,2.0,-0.55,3,0,18.0,0.0,1.0,1,0,1,2,7.0,0.0,7.0,6.0,0.0,1.0,0.0,10.0,8.08,-7.92,7.92,7.0,10.07,10.07,7.0,16,11.0,20.0,8.0,-0.36363636363636365,0.495,0.12375,0.13353139262452252,-0.140625,0,0,-0.495,0,0,44.0,4662.530000000001,5014.530000000001,314.53000000000065,7.4375,,,,0.03068309692671394,0.0,0.0,1.0,0.0,1.0,market_maker,7.0,20260520_AM,20260520_AM/gp1
mn8370qr,ai0il249,aeea46bb-84ad-409e-b595-5f1ae9d39ed9,bd8df300-e107-4fb6-a1a9-1ee4f9ce263f,0,gp,15,5172.0,3800.0,10.0,4.0,,,4861.78,45.0,5042.0,0.75,2.0,-0.55,3,0,18.0,0.0,1.0,1,0,1,2,0.0,2.0,-2.0,9.0,1.0,1.0,0.0,4.0,7.4375,-0.5625,0.5625,8.0,7.0,8.0,7.0,8,7.0,11.0,,0.1428571428571428,0.0703125,0.0087890625,,0.0,0,0,-0.0703125,0,0,42.0,4845.780000000001,4845.780000000001,205.78000000000065,,,,,0.028208692528735615,0.0,0.0,1.0,0.0,1.0,market_maker,2.0,20260520_AM,20260520_AM/gp1
mn8370qr,j6o1gu35,b86ad8e8-b0f6-4578-8e02-b4a87378a89d,2687126f-035a-4f5c-9b79-40117776a123,0,gh,1,1136.0,3800.0,10.0,4.0,,,3775.0,10.0,1106.0,0.25,3.0,0.04999999999999999,3,1,19.0,0.0,0.0,0,1,0,2,1.0,1.0,0.0,1.0,1.0,0.0,1.0,4.0,135.0,15.0,15.0,120.0,150.0,150.0,120.0,120,,,110.0,,0.125,0.234375,-0.08701137698962924,0.0,0,0,0.125,0,0,10.0,3815.0,4935.0,-5.0,118.5,,,,0.003666216824111561,0.0,0.0,1.0,0.0,1.0,market_maker,2.0,20260520_AM,20260520_AM/gh1
mn8370qr,j6o1gu35,b86ad8e8-b0f6-4578-8e02-b4a87378a89d,2687126f-035a-4f5c-9b79-40117776a123,0,gh,2,1136.0,3800.0,10.0,20.0,,,3563.0,12.0,1106.0,0.25,3.0,0.04999999999999999,3,1,19.0,0.0,0.0,0,1,0,2,3.0,1.0,2.0,3.0,1.0,0.5,0.5,8.0,118.5,6.5,7.0,110.0,115.0,125.0,110.0,112,120.0,,127.0,-0.08333333333333337,0.0625,0.109375,0.14370672066617463,-0.03125,0,0,0.05803571428571429,0,0,12.0,3803.0,5051.0,-69.0,120.33333333333333,,,,0.005078125,0.0,0.0,1.0,0.0,1.0,market_maker,4.0,20260520_AM,20260520_AM/gh1
mn8370qr,j6o1gu35,b86ad8e8-b0f6-4578-8e02-b4a87378a89d,2687126f-035a-4f5c-9b79-40117776a123,0,gh,3,1136.0,3800.0,10.0,0.0,3700.0,5.0,3651.0,14.0,1106.0,0.25,3.0,0.04999999999999999,3,1,19.0,0.0,0.0,0,1,0,2,3.0,2.0,1.0,4.0,1.0,0.2,0.8,6.0,120.33333333333333,16.333333333333332,16.333333333333332,127.0,130.0,130.0,110.0,104,110.0,120.0,120.0,0.15454545454545454,0.15705128205128205,0.2552083333333333,-0.056695343676545384,0.359375,0,0,0.157051282051282,0,0,13.0,3651.0,4899.0,-101.0,118.73333333333333,,,,0.007066666666666666,0.0,0.0,1.0,0.0,1.0,market_maker,5.0,20260520_AM,20260520_AM/gh1
mn8370qr,j6o1gu35,b86ad8e8-b0f6-4578-8e02-b4a87378a89d,2687126f-035a-4f5c-9b79-40117776a123,0,gh,4,1136.0,3800.0,10.0,0.0,,,3082.0,17.0,1106.0,0.25,3.0,0.04999999999999999,3,1,19.0,0.0,0.0,0,1,0,2,9.0,5.0,4.0,1.0,1.0,0.2857142857142857,0.7142857142857143,15.0,118.73333333333333,22.733333333333334,22.733333333333334,120.0,115.0,130.0,105.0,96,127.0,110.0,100.0,-0.055118110236220486,0.23680555555555557,0.35520833333333335,-0.182321556793954,0.375,0,0,0.23680555555555557,0,0,17.0,3082.0,4578.0,-302.0,114.22222222222223,,,,0.016632513661202185,0.0,0.0,1.0,0.0,1.0,market_maker,14.0,20260520_AM,20260520_AM/gh1
mn8370qr,j6o1gu35,b86ad8e8-b0f6-4578-8e02-b4a87378a89d,2687126f-035a-4f5c-9b79-40117776a123,0,gh,5,1136.0,3800.0,10.0,8.0,,,2585.0,22.0,1106.0,0.25,3.0,0.04999999999999999,3,1,19.0,0.0,0.0,0,1,0,2,5.0,1.0,4.0,2.0,1.0,0.6666666666666666,0.33333333333333337,9.0,114.22222222222223,26.22222222222222,26.22222222222222,100.0,125.0,125.0,100.0,88,120.0,127.0,90.0,-0.16666666666666663,0.29797979797979796,0.4097222222222222,-0.10536051565782678,0.1875,0,0,0.29797979797979807,0,0,21.0,2753.0,4433.0,-447.0,98.33333333333333,,,,0.022096994535519127,0.0,0.0,1.0,0.0,1.0,market_maker,6.0,20260520_AM,20260520_AM/gh1
mn8370qr,j6o1gu35,b86ad8e8-b0f6-4578-8e02-b4a87378a89d,2687126f-035a-4f5c-9b79-40117776a123,0,gh,6,1136.0,3800.0,10.0,4.0,2800.0,3.0,2651.0,22.0,1106.0,0.25,3.0,0.04999999999999999,3,1,19.0,0.0,0.0,0,1,0,2,2.0,1.0,1.0,2.0,1.0,0.3333333333333333,0.6666666666666667,6.0,98.33333333333333,18.333333333333332,18.333333333333332,90.0,100.0,110.0,90.0,80,100.0,120.0,90.0,-0.09999999999999998,0.22916666666666666,0.2864583333333333,0.0,0.15625,0,0,0.2291666666666666,0,0,22.0,2731.0,4315.0,-505.0,92.5,,,,0.025714615029967726,0.0,0.0,1.0,0.0,1.0,market_maker,3.0,20260520_AM,20260520_AM/gh1
mn8370qr,j6o1gu35,b86ad8e8-b0f6-4578-8e02-b4a87378a89d,2687126f-035a-4f5c-9b79-40117776a123,0,gh,7,1136.0,3800.0,10.0,4.0,,,2529.0,24.0,1106.0,0.25,3.0,0.04999999999999999,3,1,19.0,0.0,0.0,0,1,0,2,3.0,1.0,2.0,1.0,1.0,0.5,0.5,4.0,92.5,20.5,20.5,90.0,110.0,110.0,80.0,72,90.0,100.0,79.0,0.0,0.2847222222222222,0.3203125,-0.13036181786324352,0.28125,0,0,0.2847222222222222,0,0,24.0,2617.0,4153.0,-607.0,73.78571428571429,,,,0.030368814192343604,0.0,0.0,1.0,0.0,1.0,market_maker,4.0,20260520_AM,20260520_AM/gh1
mn8370qr,j6o1gu35,b86ad8e8-b0f6-4578-8e02-b4a87378a89d,2687126f-035a-4f5c-9b79-40117776a123,0,gh,8,1136.0,3800.0,10.0,4.0,,,2386.0,26.0,1106.0,0.25,3.0,0.04999999999999999,3,1,19.0,0.0,0.0,0,1,0,2,3.0,1.0,2.0,3.0,1.0,0.5,0.5,7.0,73.78571428571429,9.785714285714286,23.785714285714285,79.0,90.0,90.0,15.0,64,90.0,90.0,47.5,-0.12222222222222223,0.3716517857142857,0.3716517857142857,-0.5087181414264261,0.234375,0,0,0.1529017857142858,0,0,26.0,2482.0,3938.0,-762.0,64.125,,,,0.034976359338061466,0.0,0.0,1.0,0.0,1.0,market_maker,4.0,20260520_AM,20260520_AM/gh1
mn8370qr,j6o1gu35,b86ad8e8-b0f6-4578-8e02-b4a87378a89d,2687126f-035a-4f5c-9b79-40117776a123,0,gh,9,1136.0,3800.0,10.0,20.0,0.0,0.0,2281.0,29.0,1106.0,0.25,3.0,0.04999999999999999,3,1,19.0,0.0,0.0,0,1,0,2,3.0,0.0,3.0,3.0,1.0,1.0,0.0,4.0,64.125,8.125,12.375,47.5,70.0,73.0,47.5,56,79.0,90.0,35.0,-0.3987341772151899,0.22098214285714285,0.193359375,-0.30538164955118186,-0.1328125,0,0,0.14508928571428573,0,0,29.0,2853.0,4245.0,-635.0,28.214285714285715,0.4408482142857143,0.75,-0.75,0.025665983606557377,0.0,0.0,1.0,0.0,1.0,market_maker,3.0,20260520_AM,20260520_AM/gh1
mn8370qr,j6o1gu35,b86ad8e8-b0f6-4578-8e02-b4a87378a89d,2687126f-035a-4f5c-9b79-40117776a123,0,gh,10,1136.0,3800.0,10.0,8.0,,,2718.5,34.0,1106.0,0.25,3.0,0.04999999999999999,3,1,19.0,0.0,0.0,0,1,0,2,5.0,0.0,5.0,2.0,0.0,1.0,0.0,7.0,28.214285714285715,-19.785714285714285,19.785714285714285,35.0,45.0,45.0,20.0,48,47.5,79.0,17.5,-0.26315789473684215,0.41220238095238093,0.3091517857142857,-0.693147180559945,-0.203125,0,0,-0.41220238095238093,0,0,34.0,2982.5,4342.5,-537.5,12.51,,,,0.02423155737704918,0.0,0.0,1.0,0.0,1.0,market_maker,5.0,20260520_AM,20260520_AM/gh1
mn8370qr,j6o1gu35,b86ad8e8-b0f6-4578-8e02-b4a87378a89d,2687126f-035a-4f5c-9b79-40117776a123,0,gh,11,1136.0,3800.0,10.0,8.0,,,2879.74,42.0,1106.0,0.25,3.0,0.04999999999999999,3,1,19.0,0.0,0.0,0,1,0,2,10.0,2.0,8.0,1.0,0.0,0.6666666666666666,0.33333333333333337,14.0,12.51,-27.490000000000002,27.490000000000002,17.5,15.0,17.5,9.0,40,35.0,47.5,60.0,-0.5,0.68725,0.42953125000000003,1.2321436812926319,-0.3515625,0,0,-0.68725,0,0,42.0,3207.74,4551.74,-328.2600000000002,38.67857142857143,,,,0.02068249089253188,0.0,0.0,1.0,0.0,1.0,market_maker,12.0,20260520_AM,20260520_AM/gh1
mn8370qr,j6o1gu35,b86ad8e8-b0f6-4578-8e02-b4a87378a89d,2687126f-035a-4f5c-9b79-40117776a123,0,gh,12,1136.0,3800.0,10.0,0.0,2310.0,3.0,2215.74,61.0,1106.0,0.25,3.0,0.04999999999999999,3,1,19.0,0.0,0.0,0,1,0,2,22.0,3.0,19.0,1.0,0.0,0.76,0.24,28.0,38.67857142857143,6.678571428571429,17.321428571428573,60.0,20.0,60.0,8.0,32,17.5,35.0,50.0,2.4285714285714284,0.5412946428571429,0.27064732142857145,-0.18232155679395445,0.4375,0,0,0.2087053571428572,0,0,61.0,2207.74,3671.74,-1088.2600000000002,27.9,,,,0.05183391690009339,0.0,0.0,1.0,0.0,1.0,market_maker,25.0,20260520_AM,20260520_AM/gh1
mn8370qr,j6o1gu35,b86ad8e8-b0f6-4578-8e02-b4a87378a89d,2687126f-035a-4f5c-9b79-40117776a123,0,gh,13,1136.0,3800.0,10.0,8.0,,,2007.74,67.0,1106.0,0.25,3.0,0.04999999999999999,3,1,19.0,0.0,0.0,0,1,0,2,7.0,1.0,6.0,2.0,0.0,0.75,0.25,10.0,27.9,3.9,8.3,50.0,10.0,50.0,10.0,24,60.0,17.5,1000.0,-0.16666666666666663,0.3458333333333334,0.1296875,2.995732273553991,0.40625,0,0,0.16249999999999995,0,0,67.0,2535.74,3607.74,-1152.2600000000002,93.875,,,,0.05582551353874885,0.0,0.0,1.0,0.0,1.0,market_maker,8.0,20260520_AM,20260520_AM/gh1
mn8370qr,j6o1gu35,b86ad8e8-b0f6-4578-8e02-b4a87378a89d,2687126f-035a-4f5c-9b79-40117776a123,0,gh,14,1136.0,3800.0,10.0,4.0,,,407.7399999999998,81.0,1106.0,0.25,3.0,0.04999999999999999,3,1,19.0,0.0,0.0,0,1,0,2,19.0,5.0,14.0,1.0,0.0,0.5833333333333334,0.41666666666666663,24.0,93.875,77.875,81.20833333333333,1000.0,50.0,1000.0,3.0,16,50.0,60.0,20.0,19.0,5.075520833333333,1.2688802083333333,-3.912023005428146,15.375,1,0,4.8671875,1,1,81.0,723.7399999999998,1371.7399999999998,-3328.26,20.666666666666668,,,,0.13420839243498822,0.0,0.0,1.0,0.0,1.0,market_maker,24.0,20260520_AM,20260520_AM/gh1
mn8370qr,j6o1gu35,b86ad8e8-b0f6-4578-8e02-b4a87378a89d,2687126f-035a-4f5c-9b79-40117776a123,0,gh,15,1136.0,3800.0,10.0,4.0,,,793.7399999999998,78.0,1106.0,0.25,3.0,0.04999999999999999,3,1,19.0,0.0,0.0,0,1,0,2,0.0,3.0,-3.0,4.0,1.0,1.0,0.0,3.0,20.666666666666668,12.666666666666666,12.666666666666666,20.0,27.0,27.0,15.0,8,1000.0,50.0,,-0.98,1.5833333333333333,0.19791666666666666,,0.1875,0,0,1.5833333333333335,0,0,78.0,1097.7399999999998,1097.7399999999998,-3542.26,,,,,0.1450792624521073,0.0,0.0,1.0,0.0,1.0,market_maker,3.0,20260520_AM,20260520_AM/gh1
mn8370qr,aac2mc3k,b86ad8e8-b0f6-4578-8e02-b4a87378a89d,274b90df-f4ee-4a06-b02e-fef62796b15f,0,gh,1,5288.0,3800.0,10.0,4.0,,,3800.0,11.0,5168.0,0.8333333333333334,1.0,-0.7333333333333334,2,0,26.0,0.0,0.0,1,1,0,2,0.0,0.0,0.0,2.0,2.0,,,4.0,135.0,15.0,15.0,120.0,150.0,150.0,120.0,120,,,110.0,,0.125,0.234375,-0.08701137698962924,0.0,0,0,0.125,0,0,10.0,3840.0,4960.0,20.0,118.5,,,,0.003666216824111561,0.0,1.0,0.0,0.0,0.0,speculator,0.0,20260520_AM,20260520_AM/gh1
mn8370qr,aac2mc3k,b86ad8e8-b0f6-4578-8e02-b4a87378a89d,274b90df-f4ee-4a06-b02e-fef62796b15f,0,gh,2,5288.0,3800.0,10.0,20.0,,,3954.0,9.0,5168.0,0.8333333333333334,1.0,-0.7333333333333334,2,0,26.0,0.0,0.0,1,1,0,2,0.0,1.0,-1.0,2.0,2.0,1.0,0.0,8.0,118.5,6.5,7.0,110.0,115.0,125.0,110.0,112,120.0,,127.0,-0.08333333333333337,0.0625,0.109375,0.14370672066617463,-0.03125,0,0,0.05803571428571429,0,0,9.0,4130.0,5066.0,-54.0,120.33333333333333,,,,0.005078125,0.0,1.0,0.0,0.0,0.0,speculator,1.0,20260520_AM,20260520_AM/gh1
mn8370qr,aac2mc3k,b86ad8e8-b0f6-4578-8e02-b4a87378a89d,274b90df-f4ee-4a06-b02e-fef62796b15f,0,gh,3,5288.0,3800.0,10.0,0.0,111.0,2.0,4371.0,8.0,5168.0,0.8333333333333334,1.0,-0.7333333333333334,2,0,26.0,0.0,0.0,1,1,0,2,0.0,2.0,-2.0,3.0,2.0,1.0,0.0,6.0,120.33333333333333,16.333333333333332,16.333333333333332,127.0,130.0,130.0,110.0,104,110.0,120.0,120.0,0.15454545454545454,0.15705128205128205,0.2552083333333333,-0.056695343676545384,0.359375,0,0,0.157051282051282,0,0,7.0,4367.0,5039.0,39.0,118.73333333333333,0.12083333333333335,0.234375,0.234375,0.007066666666666666,0.0,1.0,0.0,0.0,0.0,speculator,2.0,20260520_AM,20260520_AM/gh1
mn8370qr,aac2mc3k,b86ad8e8-b0f6-4578-8e02-b4a87378a89d,274b90df-f4ee-4a06-b02e-fef62796b15f,0,gh,4,5288.0,3800.0,10.0,0.0,,,4625.0,5.0,5168.0,0.8333333333333334,1.0,-0.7333333333333334,2,0,26.0,0.0,0.0,1,1,0,2,1.0,3.0,-2.0,5.0,2.0,0.5,0.5,15.0,118.73333333333333,22.733333333333334,22.733333333333334,120.0,115.0,130.0,105.0,96,127.0,110.0,100.0,-0.055118110236220486,0.23680555555555557,0.35520833333333335,-0.182321556793954,0.375,0,0,0.23680555555555557,0,0,5.0,4621.0,5061.0,181.0,114.22222222222223,,,,0.016632513661202185,0.0,1.0,0.0,0.0,0.0,speculator,4.0,20260520_AM,20260520_AM/gh1
mn8370qr,aac2mc3k,b86ad8e8-b0f6-4578-8e02-b4a87378a89d,274b90df-f4ee-4a06-b02e-fef62796b15f,0,gh,5,5288.0,3800.0,10.0,8.0,,,4633.0,5.0,5168.0,0.8333333333333334,1.0,-0.7333333333333334,2,0,26.0,0.0,0.0,1,1,0,2,1.0,1.0,0.0,3.0,1.0,0.0,1.0,9.0,114.22222222222223,26.22222222222222,26.22222222222222,100.0,125.0,125.0,100.0,88,120.0,127.0,90.0,-0.16666666666666663,0.29797979797979796,0.4097222222222222,-0.10536051565782678,0.1875,0,0,0.29797979797979807,0,0,5.0,4669.0,5069.0,189.0,98.33333333333333,,,,0.022096994535519127,0.0,1.0,0.0,0.0,0.0,speculator,2.0,20260520_AM,20260520_AM/gh1
mn8370qr,aac2mc3k,b86ad8e8-b0f6-4578-8e02-b4a87378a89d,274b90df-f4ee-4a06-b02e-fef62796b15f,0,gh,6,5288.0,3800.0,10.0,4.0,148.0,2.0,4673.0,6.0,5168.0,0.8333333333333334,1.0,-0.7333333333333334,2,0,26.0,0.0,0.0,1,1,0,2,0.0,0.0,0.0,4.0,4.0,,,6.0,98.33333333333333,18.333333333333332,18.333333333333332,90.0,100.0,110.0,90.0,80,100.0,120.0,90.0,-0.09999999999999998,0.22916666666666666,0.2864583333333333,0.0,0.15625,0,0,0.2291666666666666,0,0,5.0,4689.0,5049.0,229.0,92.5,0.8671875,1.1875,1.1875,0.025714615029967726,0.0,1.0,0.0,0.0,0.0,speculator,0.0,20260520_AM,20260520_AM/gh1
mn8370qr,aac2mc3k,b86ad8e8-b0f6-4578-8e02-b4a87378a89d,274b90df-f4ee-4a06-b02e-fef62796b15f,0,gh,7,5288.0,3800.0,10.0,4.0,,,4697.0,5.0,5168.0,0.8333333333333334,1.0,-0.7333333333333334,2,0,26.0,0.0,0.0,1,1,0,2,0.0,0.0,0.0,8.0,8.0,,,4.0,92.5,20.5,20.5,90.0,110.0,110.0,80.0,72,90.0,100.0,79.0,0.0,0.2847222222222222,0.3203125,-0.13036181786324352,0.28125,0,0,0.2847222222222222,0,0,5.0,4709.0,5029.0,269.0,73.78571428571429,,,,0.030368814192343604,0.0,1.0,0.0,0.0,0.0,speculator,0.0,20260520_AM,20260520_AM/gh1
mn8370qr,aac2mc3k,b86ad8e8-b0f6-4578-8e02-b4a87378a89d,274b90df-f4ee-4a06-b02e-fef62796b15f,0,gh,8,5288.0,3800.0,10.0,4.0,,,4717.0,5.0,5168.0,0.8333333333333334,1.0,-0.7333333333333334,2,0,26.0,0.0,0.0,1,1,0,2,0.0,0.0,0.0,1.0,1.0,,,7.0,73.78571428571429,9.785714285714286,23.785714285714285,79.0,90.0,90.0,15.0,64,90.0,90.0,47.5,-0.12222222222222223,0.3716517857142857,0.3716517857142857,-0.5087181414264261,0.234375,0,0,0.1529017857142858,0,0,5.0,4729.0,5009.0,309.0,64.125,,,,0.034976359338061466,0.0,1.0,0.0,0.0,0.0,speculator,0.0,20260520_AM,20260520_AM/gh1
mn8370qr,aac2mc3k,b86ad8e8-b0f6-4578-8e02-b4a87378a89d,274b90df-f4ee-4a06-b02e-fef62796b15f,0,gh,9,5288.0,3800.0,10.0,20.0,20.0,4.0,4737.0,5.0,5168.0,0.8333333333333334,1.0,-0.7333333333333334,2,0,26.0,0.0,0.0,1,1,0,2,0.0,0.0,0.0,3.0,3.0,,,4.0,64.125,8.125,12.375,47.5,70.0,73.0,47.5,56,79.0,90.0,35.0,-0.3987341772151899,0.22098214285714285,0.193359375,-0.30538164955118186,-0.1328125,0,0,0.14508928571428573,0,0,5.0,4829.0,5069.0,189.0,28.214285714285715,0.1283482142857143,0.4375,-0.4375,0.025665983606557377,0.0,1.0,0.0,0.0,0.0,speculator,0.0,20260520_AM,20260520_AM/gh1
mn8370qr,aac2mc3k,b86ad8e8-b0f6-4578-8e02-b4a87378a89d,274b90df-f4ee-4a06-b02e-fef62796b15f,0,gh,10,5288.0,3800.0,10.0,8.0,,,4882.0,4.0,5168.0,0.8333333333333334,1.0,-0.7333333333333334,2,0,26.0,0.0,0.0,1,1,0,2,0.0,2.0,-2.0,3.0,0.0,1.0,0.0,7.0,28.214285714285715,-19.785714285714285,19.785714285714285,35.0,45.0,45.0,20.0,48,47.5,79.0,17.5,-0.26315789473684215,0.41220238095238093,0.3091517857142857,-0.693147180559945,-0.203125,0,0,-0.41220238095238093,0,0,3.0,4898.0,5018.0,138.0,12.51,,,,0.02423155737704918,0.0,1.0,0.0,0.0,0.0,speculator,2.0,20260520_AM,20260520_AM/gh1
mn8370qr,aac2mc3k,b86ad8e8-b0f6-4578-8e02-b4a87378a89d,274b90df-f4ee-4a06-b02e-fef62796b15f,0,gh,11,5288.0,3800.0,10.0,8.0,,,4899.0,4.0,5168.0,0.8333333333333334,1.0,-0.7333333333333334,2,0,26.0,0.0,0.0,1,1,0,2,1.0,0.0,1.0,2.0,2.0,1.0,0.0,14.0,12.51,-27.490000000000002,27.490000000000002,17.5,15.0,17.5,9.0,40,35.0,47.5,60.0,-0.5,0.68725,0.42953125000000003,1.2321436812926319,-0.3515625,0,0,-0.68725,0,0,4.0,4915.0,5043.0,163.0,38.67857142857143,,,,0.02068249089253188,0.0,1.0,0.0,0.0,0.0,speculator,1.0,20260520_AM,20260520_AM/gh1
mn8370qr,aac2mc3k,b86ad8e8-b0f6-4578-8e02-b4a87378a89d,274b90df-f4ee-4a06-b02e-fef62796b15f,0,gh,12,5288.0,3800.0,10.0,0.0,10.0,2.0,5057.0,1.0,5168.0,0.8333333333333334,1.0,-0.7333333333333334,2,0,26.0,0.0,0.0,1,1,0,2,1.0,4.0,-3.0,3.0,1.0,0.6,0.4,28.0,38.67857142857143,6.678571428571429,17.321428571428573,60.0,20.0,60.0,8.0,32,17.5,35.0,50.0,2.4285714285714284,0.5412946428571429,0.27064732142857145,-0.18232155679395445,0.4375,0,0,0.2087053571428572,0,0,1.0,5041.0,5065.0,305.0,27.9,0.2796875,0.21875,-0.21875,0.05183391690009339,0.0,1.0,0.0,0.0,0.0,speculator,5.0,20260520_AM,20260520_AM/gh1
mn8370qr,aac2mc3k,b86ad8e8-b0f6-4578-8e02-b4a87378a89d,274b90df-f4ee-4a06-b02e-fef62796b15f,0,gh,13,5288.0,3800.0,10.0,8.0,,,5057.0,2.0,5168.0,0.8333333333333334,1.0,-0.7333333333333334,2,0,26.0,0.0,0.0,1,1,0,2,0.0,0.0,0.0,2.0,1.0,,,10.0,27.9,3.9,8.3,50.0,10.0,50.0,10.0,24,60.0,17.5,1000.0,-0.16666666666666663,0.3458333333333334,0.1296875,2.995732273553991,0.40625,0,0,0.16249999999999995,0,0,1.0,5049.0,5065.0,305.0,93.875,,,,0.05582551353874885,0.0,1.0,0.0,0.0,0.0,speculator,0.0,20260520_AM,20260520_AM/gh1
mn8370qr,aac2mc3k,b86ad8e8-b0f6-4578-8e02-b4a87378a89d,274b90df-f4ee-4a06-b02e-fef62796b15f,0,gh,14,5288.0,3800.0,10.0,4.0,,,5167.0,1.0,5168.0,0.8333333333333334,1.0,-0.7333333333333334,2,0,26.0,0.0,0.0,1,1,0,2,1.0,1.0,0.0,2.0,1.0,0.0,1.0,24.0,93.875,77.875,81.20833333333333,1000.0,50.0,1000.0,3.0,16,50.0,60.0,20.0,19.0,5.075520833333333,1.2688802083333333,-3.912023005428146,15.375,1,0,4.8671875,1,1,1.0,5147.0,5155.0,455.0,20.666666666666668,,,,0.13420839243498822,0.0,1.0,0.0,0.0,0.0,speculator,2.0,20260520_AM,20260520_AM/gh1
mn8370qr,aac2mc3k,b86ad8e8-b0f6-4578-8e02-b4a87378a89d,274b90df-f4ee-4a06-b02e-fef62796b15f,0,gh,15,5288.0,3800.0,10.0,4.0,,,5156.0,3.0,5168.0,0.8333333333333334,1.0,-0.7333333333333334,2,0,26.0,0.0,0.0,1,1,0,2,1.0,0.0,1.0,2.0,1.0,1.0,0.0,3.0,20.666666666666668,12.666666666666666,12.666666666666666,20.0,27.0,27.0,15.0,8,1000.0,50.0,,-0.98,1.5833333333333333,0.19791666666666666,,0.1875,0,0,1.5833333333333335,0,0,2.0,5140.0,5140.0,500.0,,,,,0.1450792624521073,0.0,1.0,0.0,0.0,0.0,speculator,1.0,20260520_AM,20260520_AM/gh1
mn8370qr,lh92b709,b86ad8e8-b0f6-4578-8e02-b4a87378a89d,408a9933-2d73-49af-a89e-1257e848a4cf,0,gh,1,5744.0,3800.0,10.0,4.0,,,3825.0,11.0,5574.0,0.9166666666666666,5.0,-0.41666666666666663,4,0,19.0,1.0,1.0,1,1,0,2,1.0,1.0,0.0,5.0,1.0,0.0,1.0,4.0,135.0,15.0,15.0,120.0,150.0,150.0,120.0,120,,,110.0,,0.125,0.234375,-0.08701137698962924,0.0,0,0,0.125,0,0,10.0,3865.0,4985.0,45.0,118.5,,,,0.003666216824111561,0.0,1.0,0.0,0.0,1.0,market_maker,2.0,20260520_AM,20260520_AM/gh1
mn8370qr,lh92b709,b86ad8e8-b0f6-4578-8e02-b4a87378a89d,408a9933-2d73-49af-a89e-1257e848a4cf,0,gh,2,5744.0,3800.0,10.0,20.0,,,3513.0,14.0,5574.0,0.9166666666666666,5.0,-0.41666666666666663,4,0,19.0,1.0,1.0,1,1,0,2,3.0,0.0,3.0,1.0,1.0,1.0,0.0,8.0,118.5,6.5,7.0,110.0,115.0,125.0,110.0,112,120.0,,127.0,-0.08333333333333337,0.0625,0.109375,0.14370672066617463,-0.03125,0,0,0.05803571428571429,0,0,13.0,3769.0,5121.0,1.0,120.33333333333333,,,,0.005078125,0.0,1.0,0.0,0.0,1.0,market_maker,3.0,20260520_AM,20260520_AM/gh1
mn8370qr,lh92b709,b86ad8e8-b0f6-4578-8e02-b4a87378a89d,408a9933-2d73-49af-a89e-1257e848a4cf,0,gh,3,5744.0,3800.0,10.0,0.0,119.0,3.0,3678.0,16.0,5574.0,0.9166666666666666,5.0,-0.41666666666666663,4,0,19.0,1.0,1.0,1,1,0,2,1.0,0.0,1.0,2.0,0.0,1.0,0.0,6.0,120.33333333333333,16.333333333333332,16.333333333333332,127.0,130.0,130.0,110.0,104,110.0,120.0,120.0,0.15454545454545454,0.15705128205128205,0.2552083333333333,-0.056695343676545384,0.359375,0,0,0.157051282051282,0,0,14.0,3654.0,4998.0,-2.0,118.73333333333333,0.004166666666666652,0.359375,0.359375,0.007066666666666666,0.0,1.0,0.0,0.0,1.0,market_maker,1.0,20260520_AM,20260520_AM/gh1
mn8370qr,lh92b709,b86ad8e8-b0f6-4578-8e02-b4a87378a89d,408a9933-2d73-49af-a89e-1257e848a4cf,0,gh,4,5744.0,3800.0,10.0,0.0,,,3830.0,14.0,5574.0,0.9166666666666666,5.0,-0.41666666666666663,4,0,19.0,1.0,1.0,1,1,0,2,1.0,2.0,-1.0,1.0,1.0,0.3333333333333333,0.6666666666666667,15.0,118.73333333333333,22.733333333333334,22.733333333333334,120.0,115.0,130.0,105.0,96,127.0,110.0,100.0,-0.055118110236220486,0.23680555555555557,0.35520833333333335,-0.182321556793954,0.375,0,0,0.23680555555555557,0,0,13.0,3806.0,4950.0,70.0,114.22222222222223,,,,0.016632513661202185,0.0,1.0,0.0,0.0,1.0,market_maker,3.0,20260520_AM,20260520_AM/gh1
mn8370qr,lh92b709,b86ad8e8-b0f6-4578-8e02-b4a87378a89d,408a9933-2d73-49af-a89e-1257e848a4cf,0,gh,5,5744.0,3800.0,10.0,8.0,,,3625.0,16.0,5574.0,0.9166666666666666,5.0,-0.41666666666666663,4,0,19.0,1.0,1.0,1,1,0,2,2.0,0.0,2.0,2.0,1.0,1.0,0.0,9.0,114.22222222222223,26.22222222222222,26.22222222222222,100.0,125.0,125.0,100.0,88,120.0,127.0,90.0,-0.16666666666666663,0.29797979797979796,0.4097222222222222,-0.10536051565782678,0.1875,0,0,0.29797979797979807,0,0,15.0,3721.0,4921.0,41.0,98.33333333333333,,,,0.022096994535519127,0.0,1.0,0.0,0.0,1.0,market_maker,2.0,20260520_AM,20260520_AM/gh1
mn8370qr,lh92b709,b86ad8e8-b0f6-4578-8e02-b4a87378a89d,408a9933-2d73-49af-a89e-1257e848a4cf,0,gh,6,5744.0,3800.0,10.0,4.0,90.0,3.0,3553.0,18.0,5574.0,0.9166666666666666,5.0,-0.41666666666666663,4,0,19.0,1.0,1.0,1,1,0,2,2.0,0.0,2.0,2.0,1.0,1.0,0.0,6.0,98.33333333333333,18.333333333333332,18.333333333333332,90.0,100.0,110.0,90.0,80,100.0,120.0,90.0,-0.09999999999999998,0.22916666666666666,0.2864583333333333,0.0,0.15625,0,0,0.2291666666666666,0,0,17.0,3589.0,4813.0,-7.0,92.5,0.0390625,0.28125,0.28125,0.025714615029967726,0.0,1.0,0.0,0.0,1.0,market_maker,2.0,20260520_AM,20260520_AM/gh1
mn8370qr,lh92b709,b86ad8e8-b0f6-4578-8e02-b4a87378a89d,408a9933-2d73-49af-a89e-1257e848a4cf,0,gh,7,5744.0,3800.0,10.0,4.0,,,3635.0,19.0,5574.0,0.9166666666666666,5.0,-0.41666666666666663,4,0,19.0,1.0,1.0,1,1,0,2,1.0,1.0,0.0,4.0,3.0,0.0,1.0,4.0,92.5,20.5,20.5,90.0,110.0,110.0,80.0,72,90.0,100.0,79.0,0.0,0.2847222222222222,0.3203125,-0.13036181786324352,0.28125,0,0,0.2847222222222222,0,0,17.0,3667.0,4755.0,-5.0,73.78571428571429,,,,0.030368814192343604,0.0,1.0,0.0,0.0,1.0,market_maker,2.0,20260520_AM,20260520_AM/gh1
mn8370qr,lh92b709,b86ad8e8-b0f6-4578-8e02-b4a87378a89d,408a9933-2d73-49af-a89e-1257e848a4cf,0,gh,8,5744.0,3800.0,10.0,4.0,,,3861.0,17.0,5574.0,0.9166666666666666,5.0,-0.41666666666666663,4,0,19.0,1.0,1.0,1,1,0,2,1.0,2.0,-1.0,3.0,3.0,0.3333333333333333,0.6666666666666667,7.0,73.78571428571429,9.785714285714286,23.785714285714285,79.0,90.0,90.0,15.0,64,90.0,90.0,47.5,-0.12222222222222223,0.3716517857142857,0.3716517857142857,-0.5087181414264261,0.234375,0,0,0.1529017857142858,0,0,16.0,3881.0,4777.0,77.0,64.125,,,,0.034976359338061466,0.0,1.0,0.0,0.0,1.0,market_maker,3.0,20260520_AM,20260520_AM/gh1
mn8370qr,lh92b709,b86ad8e8-b0f6-4578-8e02-b4a87378a89d,408a9933-2d73-49af-a89e-1257e848a4cf,0,gh,9,5744.0,3800.0,10.0,20.0,40.0,3.0,4002.0,15.0,5574.0,0.9166666666666666,5.0,-0.41666666666666663,4,0,19.0,1.0,1.0,1,1,0,2,0.0,1.0,-1.0,4.0,1.0,1.0,0.0,4.0,64.125,8.125,12.375,47.5,70.0,73.0,47.5,56,79.0,90.0,35.0,-0.3987341772151899,0.22098214285714285,0.193359375,-0.30538164955118186,-0.1328125,0,0,0.14508928571428573,0,0,15.0,4254.0,4974.0,94.0,28.214285714285715,0.1841517857142857,0.125,-0.125,0.025665983606557377,0.0,1.0,0.0,0.0,1.0,market_maker,1.0,20260520_AM,20260520_AM/gh1
mn8370qr,lh92b709,b86ad8e8-b0f6-4578-8e02-b4a87378a89d,408a9933-2d73-49af-a89e-1257e848a4cf,0,gh,10,5744.0,3800.0,10.0,8.0,,,4347.0,15.0,5574.0,0.9166666666666666,5.0,-0.41666666666666663,4,0,19.0,1.0,1.0,1,1,0,2,0.0,1.0,-1.0,2.0,0.0,1.0,0.0,7.0,28.214285714285715,-19.785714285714285,19.785714285714285,35.0,45.0,45.0,20.0,48,47.5,79.0,17.5,-0.26315789473684215,0.41220238095238093,0.3091517857142857,-0.693147180559945,-0.203125,0,0,-0.41220238095238093,0,0,14.0,4411.0,4971.0,91.0,12.51,,,,0.02423155737704918,0.0,1.0,0.0,0.0,1.0,market_maker,1.0,20260520_AM,20260520_AM/gh1
mn8370qr,lh92b709,b86ad8e8-b0f6-4578-8e02-b4a87378a89d,408a9933-2d73-49af-a89e-1257e848a4cf,0,gh,11,5744.0,3800.0,10.0,8.0,,,4472.0,14.0,5574.0,0.9166666666666666,5.0,-0.41666666666666663,4,0,19.0,1.0,1.0,1,1,0,2,1.0,1.0,0.0,3.0,0.0,0.0,1.0,14.0,12.51,-27.490000000000002,27.490000000000002,17.5,15.0,17.5,9.0,40,35.0,47.5,60.0,-0.5,0.68725,0.42953125000000003,1.2321436812926319,-0.3515625,0,0,-0.68725,0,0,14.0,4528.0,4976.0,96.0,38.67857142857143,,,,0.02068249089253188,0.0,1.0,0.0,0.0,1.0,market_maker,2.0,20260520_AM,20260520_AM/gh1
mn8370qr,lh92b709,b86ad8e8-b0f6-4578-8e02-b4a87378a89d,408a9933-2d73-49af-a89e-1257e848a4cf,0,gh,12,5744.0,3800.0,10.0,0.0,45.0,3.0,4965.0,10.0,5574.0,0.9166666666666666,5.0,-0.41666666666666663,4,0,19.0,1.0,1.0,1,1,0,2,3.0,8.0,-5.0,8.0,1.0,0.45454545454545453,0.5454545454545454,28.0,38.67857142857143,6.678571428571429,17.321428571428573,60.0,20.0,60.0,8.0,32,17.5,35.0,50.0,2.4285714285714284,0.5412946428571429,0.27064732142857145,-0.18232155679395445,0.4375,0,0,0.2087053571428572,0,0,9.0,4909.0,5125.0,365.0,27.9,0.2671875,0.328125,0.328125,0.05183391690009339,0.0,1.0,0.0,0.0,1.0,market_maker,11.0,20260520_AM,20260520_AM/gh1
mn8370qr,lh92b709,b86ad8e8-b0f6-4578-8e02-b4a87378a89d,408a9933-2d73-49af-a89e-1257e848a4cf,0,gh,13,5744.0,3800.0,10.0,8.0,,,5101.0,8.0,5574.0,0.9166666666666666,5.0,-0.41666666666666663,4,0,19.0,1.0,1.0,1,1,0,2,1.0,4.0,-3.0,5.0,1.0,0.6,0.4,10.0,27.9,3.9,8.3,50.0,10.0,50.0,10.0,24,60.0,17.5,1000.0,-0.16666666666666663,0.3458333333333334,0.1296875,2.995732273553991,0.40625,0,0,0.16249999999999995,0,0,6.0,5093.0,5189.0,429.0,93.875,,,,0.05582551353874885,0.0,1.0,0.0,0.0,1.0,market_maker,5.0,20260520_AM,20260520_AM/gh1
mn8370qr,lh92b709,b86ad8e8-b0f6-4578-8e02-b4a87378a89d,408a9933-2d73-49af-a89e-1257e848a4cf,0,gh,14,5744.0,3800.0,10.0,4.0,,,5651.0,0.0,5574.0,0.9166666666666666,5.0,-0.41666666666666663,4,0,19.0,1.0,1.0,1,1,0,2,3.0,9.0,-6.0,8.0,0.0,0.5,0.5,24.0,93.875,77.875,81.20833333333333,1000.0,50.0,1000.0,3.0,16,50.0,60.0,20.0,19.0,5.075520833333333,1.2688802083333333,-3.912023005428146,15.375,1,0,4.8671875,1,1,0.0,5579.0,5579.0,879.0,20.666666666666668,,,,0.13420839243498822,0.0,1.0,0.0,0.0,1.0,market_maker,12.0,20260520_AM,20260520_AM/gh1
mn8370qr,lh92b709,b86ad8e8-b0f6-4578-8e02-b4a87378a89d,408a9933-2d73-49af-a89e-1257e848a4cf,0,gh,15,5744.0,3800.0,10.0,4.0,,,5651.0,0.0,5574.0,0.9166666666666666,5.0,-0.41666666666666663,4,0,19.0,1.0,1.0,1,1,0,2,0.0,0.0,0.0,0.0,0.0,,,3.0,20.666666666666668,12.666666666666666,12.666666666666666,20.0,27.0,27.0,15.0,8,1000.0,50.0,,-0.98,1.5833333333333333,0.19791666666666666,,0.1875,0,0,1.5833333333333335,0,0,0.0,5579.0,5579.0,939.0,,,,,0.1450792624521073,0.0,1.0,0.0,0.0,1.0,market_maker,0.0,20260520_AM,20260520_AM/gh1
mn8370qr,729v3r7i,b86ad8e8-b0f6-4578-8e02-b4a87378a89d,85c25fb0-b87a-41cb-a477-b786b6785b79,0,gh,1,5824.0,2600.0,20.0,4.0,,,2325.0,22.0,5714.0,0.9166666666666666,9.0,-0.016666666666666607,1,0,20.0,1.0,1.0,0,1,0,2,2.0,0.0,2.0,1.0,1.0,1.0,0.0,4.0,135.0,15.0,15.0,120.0,150.0,150.0,120.0,120,,,110.0,,0.125,0.234375,-0.08701137698962924,0.0,0,0,0.125,0,0,22.0,2413.0,4877.0,-63.0,118.5,,,,0.003666216824111561,0.0,0.0,1.0,0.0,0.0,fundamental,2.0,20260520_AM,20260520_AM/gh1
mn8370qr,729v3r7i,b86ad8e8-b0f6-4578-8e02-b4a87378a89d,85c25fb0-b87a-41cb-a477-b786b6785b79,0,gh,2,5824.0,2600.0,20.0,20.0,,,2298.0,23.0,5714.0,0.9166666666666666,9.0,-0.016666666666666607,1,0,20.0,1.0,1.0,0,1,0,2,1.0,0.0,1.0,1.0,0.0,1.0,0.0,8.0,118.5,6.5,7.0,110.0,115.0,125.0,110.0,112,120.0,,127.0,-0.08333333333333337,0.0625,0.109375,0.14370672066617463,-0.03125,0,0,0.05803571428571429,0,0,23.0,2758.0,5150.0,30.0,120.33333333333333,,,,0.005078125,0.0,0.0,1.0,0.0,0.0,fundamental,1.0,20260520_AM,20260520_AM/gh1
mn8370qr,729v3r7i,b86ad8e8-b0f6-4578-8e02-b4a87378a89d,85c25fb0-b87a-41cb-a477-b786b6785b79,0,gh,3,5824.0,2600.0,20.0,0.0,0.0,0.0,2648.0,25.0,5714.0,0.9166666666666666,9.0,-0.016666666666666607,1,0,20.0,1.0,1.0,0,1,0,2,1.0,0.0,1.0,1.0,0.0,1.0,0.0,6.0,120.33333333333333,16.333333333333332,16.333333333333332,127.0,130.0,130.0,110.0,104,110.0,120.0,120.0,0.15454545454545454,0.15705128205128205,0.2552083333333333,-0.056695343676545384,0.359375,0,0,0.157051282051282,0,0,24.0,2648.0,4952.0,-48.0,118.73333333333333,1.8552083333333333,1.5,-1.5,0.007066666666666666,0.0,0.0,1.0,0.0,0.0,fundamental,1.0,20260520_AM,20260520_AM/gh1
mn8370qr,729v3r7i,b86ad8e8-b0f6-4578-8e02-b4a87378a89d,85c25fb0-b87a-41cb-a477-b786b6785b79,0,gh,4,5824.0,2600.0,20.0,0.0,,,2898.0,22.0,5714.0,0.9166666666666666,9.0,-0.016666666666666607,1,0,20.0,1.0,1.0,0,1,0,2,0.0,2.0,-2.0,1.0,0.0,1.0,0.0,15.0,118.73333333333333,22.733333333333334,22.733333333333334,120.0,115.0,130.0,105.0,96,127.0,110.0,100.0,-0.055118110236220486,0.23680555555555557,0.35520833333333335,-0.182321556793954,0.375,0,0,0.23680555555555557,0,0,22.0,2898.0,4834.0,-46.0,114.22222222222223,,,,0.016632513661202185,0.0,0.0,1.0,0.0,0.0,fundamental,2.0,20260520_AM,20260520_AM/gh1
mn8370qr,729v3r7i,b86ad8e8-b0f6-4578-8e02-b4a87378a89d,85c25fb0-b87a-41cb-a477-b786b6785b79,0,gh,5,5824.0,2600.0,20.0,8.0,,,2898.0,23.0,5714.0,0.9166666666666666,9.0,-0.016666666666666607,1,0,20.0,1.0,1.0,0,1,0,2,0.0,0.0,0.0,1.0,1.0,,,9.0,114.22222222222223,26.22222222222222,26.22222222222222,100.0,125.0,125.0,100.0,88,120.0,127.0,90.0,-0.16666666666666663,0.29797979797979796,0.4097222222222222,-0.10536051565782678,0.1875,0,0,0.29797979797979807,0,0,22.0,3074.0,4834.0,-46.0,98.33333333333333,,,,0.022096994535519127,0.0,0.0,1.0,0.0,0.0,fundamental,0.0,20260520_AM,20260520_AM/gh1
mn8370qr,729v3r7i,b86ad8e8-b0f6-4578-8e02-b4a87378a89d,85c25fb0-b87a-41cb-a477-b786b6785b79,0,gh,6,5824.0,2600.0,20.0,4.0,100.0,4.0,3192.0,21.0,5714.0,0.9166666666666666,9.0,-0.016666666666666607,1,0,20.0,1.0,1.0,0,1,0,2,0.0,1.0,-1.0,3.0,1.0,1.0,0.0,6.0,98.33333333333333,18.333333333333332,18.333333333333332,90.0,100.0,110.0,90.0,80,100.0,120.0,90.0,-0.09999999999999998,0.22916666666666666,0.2864583333333333,0.0,0.15625,0,0,0.2291666666666666,0,0,21.0,3268.0,4780.0,-40.0,92.5,0.1171875,0.4375,0.4375,0.025714615029967726,0.0,0.0,1.0,0.0,0.0,fundamental,1.0,20260520_AM,20260520_AM/gh1
mn8370qr,729v3r7i,b86ad8e8-b0f6-4578-8e02-b4a87378a89d,85c25fb0-b87a-41cb-a477-b786b6785b79,0,gh,7,5824.0,2600.0,20.0,4.0,,,3386.0,21.0,5714.0,0.9166666666666666,9.0,-0.016666666666666607,1,0,20.0,1.0,1.0,0,1,0,2,0.0,1.0,-1.0,1.0,1.0,1.0,0.0,4.0,92.5,20.5,20.5,90.0,110.0,110.0,80.0,72,90.0,100.0,79.0,0.0,0.2847222222222222,0.3203125,-0.13036181786324352,0.28125,0,0,0.2847222222222222,0,0,20.0,3458.0,4738.0,-22.0,73.78571428571429,,,,0.030368814192343604,0.0,0.0,1.0,0.0,0.0,fundamental,1.0,20260520_AM,20260520_AM/gh1
mn8370qr,729v3r7i,b86ad8e8-b0f6-4578-8e02-b4a87378a89d,85c25fb0-b87a-41cb-a477-b786b6785b79,0,gh,8,5824.0,2600.0,20.0,4.0,,,3716.5,18.0,5714.0,0.9166666666666666,9.0,-0.016666666666666607,1,0,20.0,1.0,1.0,0,1,0,2,0.0,3.0,-3.0,4.0,2.0,1.0,0.0,7.0,73.78571428571429,9.785714285714286,23.785714285714285,79.0,90.0,90.0,15.0,64,90.0,90.0,47.5,-0.12222222222222223,0.3716517857142857,0.3716517857142857,-0.5087181414264261,0.234375,0,0,0.1529017857142858,0,0,17.0,3772.5,4724.5,24.5,64.125,,,,0.034976359338061466,0.0,0.0,1.0,0.0,0.0,fundamental,3.0,20260520_AM,20260520_AM/gh1
mn8370qr,729v3r7i,b86ad8e8-b0f6-4578-8e02-b4a87378a89d,85c25fb0-b87a-41cb-a477-b786b6785b79,0,gh,9,5824.0,2600.0,20.0,20.0,50.0,4.0,3788.5,19.0,5714.0,0.9166666666666666,9.0,-0.016666666666666607,1,0,20.0,1.0,1.0,0,1,0,2,0.0,0.0,0.0,2.0,2.0,,,4.0,64.125,8.125,12.375,47.5,70.0,73.0,47.5,56,79.0,90.0,35.0,-0.3987341772151899,0.22098214285714285,0.193359375,-0.30538164955118186,-0.1328125,0,0,0.14508928571428573,0,0,17.0,4112.5,4928.5,48.5,28.214285714285715,0.3404017857142857,0.03125,0.03125,0.025665983606557377,0.0,0.0,1.0,0.0,0.0,fundamental,0.0,20260520_AM,20260520_AM/gh1
mn8370qr,729v3r7i,b86ad8e8-b0f6-4578-8e02-b4a87378a89d,85c25fb0-b87a-41cb-a477-b786b6785b79,0,gh,10,5824.0,2600.0,20.0,8.0,,,4276.0,14.0,5714.0,0.9166666666666666,9.0,-0.016666666666666607,1,0,20.0,1.0,1.0,0,1,0,2,0.0,4.0,-4.0,4.0,1.0,1.0,0.0,7.0,28.214285714285715,-19.785714285714285,19.785714285714285,35.0,45.0,45.0,20.0,48,47.5,79.0,17.5,-0.26315789473684215,0.41220238095238093,0.3091517857142857,-0.693147180559945,-0.203125,0,0,-0.41220238095238093,0,0,13.0,4324.0,4844.0,-36.0,12.51,,,,0.02423155737704918,0.0,0.0,1.0,0.0,0.0,fundamental,4.0,20260520_AM,20260520_AM/gh1
mn8370qr,729v3r7i,b86ad8e8-b0f6-4578-8e02-b4a87378a89d,85c25fb0-b87a-41cb-a477-b786b6785b79,0,gh,11,5824.0,2600.0,20.0,8.0,,,4473.63,7.0,5714.0,0.9166666666666666,9.0,-0.016666666666666607,1,0,20.0,1.0,1.0,0,1,0,2,0.0,6.0,-6.0,6.0,1.0,1.0,0.0,14.0,12.51,-27.490000000000002,27.490000000000002,17.5,15.0,17.5,9.0,40,35.0,47.5,60.0,-0.5,0.68725,0.42953125000000003,1.2321436812926319,-0.3515625,0,0,-0.68725,0,0,7.0,4465.63,4689.63,-190.3699999999999,38.67857142857143,,,,0.02068249089253188,0.0,0.0,1.0,0.0,0.0,fundamental,6.0,20260520_AM,20260520_AM/gh1
mn8370qr,729v3r7i,b86ad8e8-b0f6-4578-8e02-b4a87378a89d,85c25fb0-b87a-41cb-a477-b786b6785b79,0,gh,12,5824.0,2600.0,20.0,0.0,8.0,4.0,4564.63,6.0,5714.0,0.9166666666666666,9.0,-0.016666666666666607,1,0,20.0,1.0,1.0,0,1,0,2,0.0,2.0,-2.0,2.0,0.0,1.0,0.0,28.0,38.67857142857143,6.678571428571429,17.321428571428573,60.0,20.0,60.0,8.0,32,17.5,35.0,50.0,2.4285714285714284,0.5412946428571429,0.27064732142857145,-0.18232155679395445,0.4375,0,0,0.2087053571428572,0,0,5.0,4500.63,4620.63,-139.3699999999999,27.9,0.3109375,0.25,-0.25,0.05183391690009339,0.0,0.0,1.0,0.0,0.0,fundamental,2.0,20260520_AM,20260520_AM/gh1
mn8370qr,729v3r7i,b86ad8e8-b0f6-4578-8e02-b4a87378a89d,85c25fb0-b87a-41cb-a477-b786b6785b79,0,gh,13,5824.0,2600.0,20.0,8.0,,,4574.63,5.0,5714.0,0.9166666666666666,9.0,-0.016666666666666607,1,0,20.0,1.0,1.0,0,1,0,2,0.0,1.0,-1.0,2.0,0.0,1.0,0.0,10.0,27.9,3.9,8.3,50.0,10.0,50.0,10.0,24,60.0,17.5,1000.0,-0.16666666666666663,0.3458333333333334,0.1296875,2.995732273553991,0.40625,0,0,0.16249999999999995,0,0,4.0,4542.63,4606.63,-153.3699999999999,93.875,,,,0.05582551353874885,0.0,0.0,1.0,0.0,0.0,fundamental,1.0,20260520_AM,20260520_AM/gh1
mn8370qr,729v3r7i,b86ad8e8-b0f6-4578-8e02-b4a87378a89d,85c25fb0-b87a-41cb-a477-b786b6785b79,0,gh,14,5824.0,2600.0,20.0,4.0,,,5681.63,4.0,5714.0,0.9166666666666666,9.0,-0.016666666666666607,1,0,20.0,1.0,1.0,0,1,0,2,0.0,2.0,-2.0,4.0,0.0,1.0,0.0,24.0,93.875,77.875,81.20833333333333,1000.0,50.0,1000.0,3.0,16,50.0,60.0,20.0,19.0,5.075520833333333,1.2688802083333333,-3.912023005428146,15.375,1,0,4.8671875,1,1,2.0,5617.63,5633.63,933.6300000000001,20.666666666666668,,,,0.13420839243498822,0.0,0.0,1.0,0.0,0.0,fundamental,2.0,20260520_AM,20260520_AM/gh1
mn8370qr,729v3r7i,b86ad8e8-b0f6-4578-8e02-b4a87378a89d,85c25fb0-b87a-41cb-a477-b786b6785b79,0,gh,15,5824.0,2600.0,20.0,4.0,,,5697.63,4.0,5714.0,0.9166666666666666,9.0,-0.016666666666666607,1,0,20.0,1.0,1.0,0,1,0,2,0.0,0.0,0.0,2.0,0.0,,,3.0,20.666666666666668,12.666666666666666,12.666666666666666,20.0,27.0,27.0,15.0,8,1000.0,50.0,,-0.98,1.5833333333333333,0.19791666666666666,,0.1875,0,0,1.5833333333333335,0,0,2.0,5625.63,5625.63,985.6300000000001,,,,,0.1450792624521073,0.0,0.0,1.0,0.0,0.0,fundamental,0.0,20260520_AM,20260520_AM/gh1
mn8370qr,z9n52ebr,b86ad8e8-b0f6-4578-8e02-b4a87378a89d,e2aa12cd-48ec-4b85-a4ed-c4fc7b454ddf,0,gh,1,5326.0,2600.0,20.0,4.0,,,2750.0,20.0,5216.0,0.75,7.0,-0.050000000000000044,2,0,18.0,0.0,1.0,1,1,0,2,0.0,1.0,-1.0,5.0,4.0,1.0,0.0,4.0,135.0,15.0,15.0,120.0,150.0,150.0,120.0,120,,,110.0,,0.125,0.234375,-0.08701137698962924,0.0,0,0,0.125,0,0,19.0,2826.0,4954.0,14.0,118.5,,,,0.003666216824111561,1.0,0.0,0.0,0.0,1.0,market_maker,1.0,20260520_AM,20260520_AM/gh1
mn8370qr,z9n52ebr,b86ad8e8-b0f6-4578-8e02-b4a87378a89d,e2aa12cd-48ec-4b85-a4ed-c4fc7b454ddf,0,gh,2,5326.0,2600.0,20.0,20.0,,,3202.0,17.0,5216.0,0.75,7.0,-0.050000000000000044,2,0,18.0,0.0,1.0,1,1,0,2,0.0,3.0,-3.0,6.0,2.0,1.0,0.0,8.0,118.5,6.5,7.0,110.0,115.0,125.0,110.0,112,120.0,,127.0,-0.08333333333333337,0.0625,0.109375,0.14370672066617463,-0.03125,0,0,0.05803571428571429,0,0,16.0,3518.0,5182.0,62.0,120.33333333333333,,,,0.005078125,1.0,0.0,0.0,0.0,1.0,market_maker,3.0,20260520_AM,20260520_AM/gh1
mn8370qr,z9n52ebr,b86ad8e8-b0f6-4578-8e02-b4a87378a89d,e2aa12cd-48ec-4b85-a4ed-c4fc7b454ddf,0,gh,3,5326.0,2600.0,20.0,0.0,110.0,4.0,3682.0,16.0,5216.0,0.75,7.0,-0.050000000000000044,2,0,18.0,0.0,1.0,1,1,0,2,1.0,2.0,-1.0,3.0,0.0,0.3333333333333333,0.6666666666666667,6.0,120.33333333333333,16.333333333333332,16.333333333333332,127.0,130.0,130.0,110.0,104,110.0,120.0,120.0,0.15454545454545454,0.15705128205128205,0.2552083333333333,-0.056695343676545384,0.359375,0,0,0.157051282051282,0,0,15.0,3658.0,5098.0,98.0,118.73333333333333,0.13645833333333335,0.21875,0.21875,0.007066666666666666,1.0,0.0,0.0,0.0,1.0,market_maker,3.0,20260520_AM,20260520_AM/gh1
mn8370qr,z9n52ebr,b86ad8e8-b0f6-4578-8e02-b4a87378a89d,e2aa12cd-48ec-4b85-a4ed-c4fc7b454ddf,0,gh,4,5326.0,2600.0,20.0,0.0,,,3595.0,17.0,5216.0,0.75,7.0,-0.050000000000000044,2,0,18.0,0.0,1.0,1,1,0,2,3.0,2.0,1.0,4.0,0.0,0.2,0.8,15.0,118.73333333333333,22.733333333333334,22.733333333333334,120.0,115.0,130.0,105.0,96,127.0,110.0,100.0,-0.055118110236220486,0.23680555555555557,0.35520833333333335,-0.182321556793954,0.375,0,0,0.23680555555555557,0,0,16.0,3571.0,4979.0,99.0,114.22222222222223,,,,0.016632513661202185,1.0,0.0,0.0,0.0,1.0,market_maker,5.0,20260520_AM,20260520_AM/gh1
mn8370qr,z9n52ebr,b86ad8e8-b0f6-4578-8e02-b4a87378a89d,e2aa12cd-48ec-4b85-a4ed-c4fc7b454ddf,0,gh,5,5326.0,2600.0,20.0,8.0,,,3843.0,14.0,5216.0,0.75,7.0,-0.050000000000000044,2,0,18.0,0.0,1.0,1,1,0,2,1.0,3.0,-2.0,4.0,1.0,0.5,0.5,9.0,114.22222222222223,26.22222222222222,26.22222222222222,100.0,125.0,125.0,100.0,88,120.0,127.0,90.0,-0.16666666666666663,0.29797979797979796,0.4097222222222222,-0.10536051565782678,0.1875,0,0,0.29797979797979807,0,0,14.0,3931.0,5051.0,171.0,98.33333333333333,,,,0.022096994535519127,1.0,0.0,0.0,0.0,1.0,market_maker,4.0,20260520_AM,20260520_AM/gh1
mn8370qr,z9n52ebr,b86ad8e8-b0f6-4578-8e02-b4a87378a89d,e2aa12cd-48ec-4b85-a4ed-c4fc7b454ddf,0,gh,6,5326.0,2600.0,20.0,4.0,95.0,3.0,3875.0,15.0,5216.0,0.75,7.0,-0.050000000000000044,2,0,18.0,0.0,1.0,1,1,0,2,2.0,1.0,1.0,2.0,0.0,0.3333333333333333,0.6666666666666667,6.0,98.33333333333333,18.333333333333332,18.333333333333332,90.0,100.0,110.0,90.0,80,100.0,120.0,90.0,-0.09999999999999998,0.22916666666666666,0.2864583333333333,0.0,0.15625,0,0,0.2291666666666666,0,0,15.0,3911.0,4991.0,171.0,92.5,0.0390625,0.359375,0.359375,0.025714615029967726,1.0,0.0,0.0,0.0,1.0,market_maker,3.0,20260520_AM,20260520_AM/gh1
mn8370qr,z9n52ebr,b86ad8e8-b0f6-4578-8e02-b4a87378a89d,e2aa12cd-48ec-4b85-a4ed-c4fc7b454ddf,0,gh,7,5326.0,2600.0,20.0,4.0,,,3935.0,17.0,5216.0,0.75,7.0,-0.050000000000000044,2,0,18.0,0.0,1.0,1,1,0,2,0.0,0.0,0.0,4.0,2.0,,,4.0,92.5,20.5,20.5,90.0,110.0,110.0,80.0,72,90.0,100.0,79.0,0.0,0.2847222222222222,0.3203125,-0.13036181786324352,0.28125,0,0,0.2847222222222222,0,0,15.0,3971.0,4931.0,171.0,73.78571428571429,,,,0.030368814192343604,1.0,0.0,0.0,0.0,1.0,market_maker,0.0,20260520_AM,20260520_AM/gh1
mn8370qr,z9n52ebr,b86ad8e8-b0f6-4578-8e02-b4a87378a89d,e2aa12cd-48ec-4b85-a4ed-c4fc7b454ddf,0,gh,8,5326.0,2600.0,20.0,4.0,,,4013.0,16.0,5216.0,0.75,7.0,-0.050000000000000044,2,0,18.0,0.0,1.0,1,1,0,2,1.0,1.0,0.0,3.0,3.0,0.0,1.0,7.0,73.78571428571429,9.785714285714286,23.785714285714285,79.0,90.0,90.0,15.0,64,90.0,90.0,47.5,-0.12222222222222223,0.3716517857142857,0.3716517857142857,-0.5087181414264261,0.234375,0,0,0.1529017857142858,0,0,15.0,4041.0,4881.0,181.0,64.125,,,,0.034976359338061466,1.0,0.0,0.0,0.0,1.0,market_maker,2.0,20260520_AM,20260520_AM/gh1
mn8370qr,z9n52ebr,b86ad8e8-b0f6-4578-8e02-b4a87378a89d,e2aa12cd-48ec-4b85-a4ed-c4fc7b454ddf,0,gh,9,5326.0,2600.0,20.0,20.0,30.0,5.0,4194.5,15.0,5216.0,0.75,7.0,-0.050000000000000044,2,0,18.0,0.0,1.0,1,1,0,2,0.0,2.0,-2.0,6.0,2.0,1.0,0.0,4.0,64.125,8.125,12.375,47.5,70.0,73.0,47.5,56,79.0,90.0,35.0,-0.3987341772151899,0.22098214285714285,0.193359375,-0.30538164955118186,-0.1328125,0,0,0.14508928571428573,0,0,13.0,4418.5,5042.5,162.5,28.214285714285715,0.0279017857142857,0.28125,-0.28125,0.025665983606557377,1.0,0.0,0.0,0.0,1.0,market_maker,2.0,20260520_AM,20260520_AM/gh1
mn8370qr,z9n52ebr,b86ad8e8-b0f6-4578-8e02-b4a87378a89d,e2aa12cd-48ec-4b85-a4ed-c4fc7b454ddf,0,gh,10,5326.0,2600.0,20.0,8.0,,,4474.5,16.0,5216.0,0.75,7.0,-0.050000000000000044,2,0,18.0,0.0,1.0,1,1,0,2,1.0,0.0,1.0,6.0,6.0,1.0,0.0,7.0,28.214285714285715,-19.785714285714285,19.785714285714285,35.0,45.0,45.0,20.0,48,47.5,79.0,17.5,-0.26315789473684215,0.41220238095238093,0.3091517857142857,-0.693147180559945,-0.203125,0,0,-0.41220238095238093,0,0,14.0,4510.5,5070.5,190.5,12.51,,,,0.02423155737704918,1.0,0.0,0.0,0.0,1.0,market_maker,1.0,20260520_AM,20260520_AM/gh1
mn8370qr,z9n52ebr,b86ad8e8-b0f6-4578-8e02-b4a87378a89d,e2aa12cd-48ec-4b85-a4ed-c4fc7b454ddf,0,gh,11,5326.0,2600.0,20.0,8.0,,,4649.01,10.0,5216.0,0.75,7.0,-0.050000000000000044,2,0,18.0,0.0,1.0,1,1,0,2,1.0,5.0,-4.0,7.0,0.0,0.6666666666666666,0.33333333333333337,14.0,12.51,-27.490000000000002,27.490000000000002,17.5,15.0,17.5,9.0,40,35.0,47.5,60.0,-0.5,0.68725,0.42953125000000003,1.2321436812926319,-0.3515625,0,0,-0.68725,0,0,10.0,4637.01,4957.01,77.01000000000022,38.67857142857143,,,,0.02068249089253188,1.0,0.0,0.0,0.0,1.0,market_maker,6.0,20260520_AM,20260520_AM/gh1
mn8370qr,z9n52ebr,b86ad8e8-b0f6-4578-8e02-b4a87378a89d,e2aa12cd-48ec-4b85-a4ed-c4fc7b454ddf,0,gh,12,5326.0,2600.0,20.0,0.0,10.0,5.0,4831.01,9.0,5216.0,0.75,7.0,-0.050000000000000044,2,0,18.0,0.0,1.0,1,1,0,2,1.0,2.0,-1.0,1.0,0.0,0.3333333333333333,0.6666666666666667,28.0,38.67857142857143,6.678571428571429,17.321428571428573,60.0,20.0,60.0,8.0,32,17.5,35.0,50.0,2.4285714285714284,0.5412946428571429,0.27064732142857145,-0.18232155679395445,0.4375,0,0,0.2087053571428572,0,0,9.0,4739.01,4955.01,195.01000000000022,27.9,0.2796875,0.21875,-0.21875,0.05183391690009339,1.0,0.0,0.0,0.0,1.0,market_maker,3.0,20260520_AM,20260520_AM/gh1
mn8370qr,z9n52ebr,b86ad8e8-b0f6-4578-8e02-b4a87378a89d,e2aa12cd-48ec-4b85-a4ed-c4fc7b454ddf,0,gh,13,5326.0,2600.0,20.0,8.0,,,4841.01,10.0,5216.0,0.75,7.0,-0.050000000000000044,2,0,18.0,0.0,1.0,1,1,0,2,1.0,1.0,0.0,3.0,0.0,0.0,1.0,10.0,27.9,3.9,8.3,50.0,10.0,50.0,10.0,24,60.0,17.5,1000.0,-0.16666666666666663,0.3458333333333334,0.1296875,2.995732273553991,0.40625,0,0,0.16249999999999995,0,0,9.0,4821.01,4965.01,205.01000000000022,93.875,,,,0.05582551353874885,1.0,0.0,0.0,0.0,1.0,market_maker,2.0,20260520_AM,20260520_AM/gh1
mn8370qr,z9n52ebr,b86ad8e8-b0f6-4578-8e02-b4a87378a89d,e2aa12cd-48ec-4b85-a4ed-c4fc7b454ddf,0,gh,14,5326.0,2600.0,20.0,4.0,,,5183.01,7.0,5216.0,0.75,7.0,-0.050000000000000044,2,0,18.0,0.0,1.0,1,1,0,2,1.0,3.0,-2.0,3.0,1.0,0.5,0.5,24.0,93.875,77.875,81.20833333333333,1000.0,50.0,1000.0,3.0,16,50.0,60.0,20.0,19.0,5.075520833333333,1.2688802083333333,-3.912023005428146,15.375,1,0,4.8671875,1,1,7.0,5111.01,5167.01,467.0100000000002,20.666666666666668,,,,0.13420839243498822,1.0,0.0,0.0,0.0,1.0,market_maker,4.0,20260520_AM,20260520_AM/gh1
mn8370qr,z9n52ebr,b86ad8e8-b0f6-4578-8e02-b4a87378a89d,e2aa12cd-48ec-4b85-a4ed-c4fc7b454ddf,0,gh,15,5326.0,2600.0,20.0,4.0,,,5164.01,13.0,5216.0,0.75,7.0,-0.050000000000000044,2,0,18.0,0.0,1.0,1,1,0,2,2.0,0.0,2.0,6.0,1.0,1.0,0.0,3.0,20.666666666666668,12.666666666666666,12.666666666666666,20.0,27.0,27.0,15.0,8,1000.0,50.0,,-0.98,1.5833333333333333,0.19791666666666666,,0.1875,0,0,1.5833333333333335,0,0,9.0,5100.01,5100.01,460.0100000000002,,,,,0.1450792624521073,1.0,0.0,0.0,0.0,1.0,market_maker,2.0,20260520_AM,20260520_AM/gh1
mn8370qr,e4rzuiqc,b86ad8e8-b0f6-4578-8e02-b4a87378a89d,e587d9fc-8b60-4d5e-94d5-3b29caa7cace,0,gh,1,5538.0,2600.0,20.0,4.0,,,2725.0,19.0,5418.0,1.0,8.0,-0.19999999999999996,1,0,27.0,1.0,1.0,1,1,0,2,0.0,1.0,-1.0,1.0,0.0,1.0,0.0,4.0,135.0,15.0,15.0,120.0,150.0,150.0,120.0,120,,,110.0,,0.125,0.234375,-0.08701137698962924,0.0,0,0,0.125,0,0,19.0,2801.0,4929.0,-11.0,118.5,,,,0.003666216824111561,0.0,0.0,1.0,0.0,1.0,market_maker,1.0,20260520_AM,20260520_AM/gh1
mn8370qr,e4rzuiqc,b86ad8e8-b0f6-4578-8e02-b4a87378a89d,e587d9fc-8b60-4d5e-94d5-3b29caa7cace,0,gh,2,5538.0,2600.0,20.0,20.0,,,3042.0,17.0,5418.0,1.0,8.0,-0.19999999999999996,1,0,27.0,1.0,1.0,1,1,0,2,1.0,3.0,-2.0,4.0,0.0,0.5,0.5,8.0,118.5,6.5,7.0,110.0,115.0,125.0,110.0,112,120.0,,127.0,-0.08333333333333337,0.0625,0.109375,0.14370672066617463,-0.03125,0,0,0.05803571428571429,0,0,17.0,3382.0,5150.0,30.0,120.33333333333333,,,,0.005078125,0.0,0.0,1.0,0.0,1.0,market_maker,4.0,20260520_AM,20260520_AM/gh1
mn8370qr,e4rzuiqc,b86ad8e8-b0f6-4578-8e02-b4a87378a89d,e587d9fc-8b60-4d5e-94d5-3b29caa7cace,0,gh,3,5538.0,2600.0,20.0,0.0,104.0,3.0,3382.0,17.0,5418.0,1.0,8.0,-0.19999999999999996,1,0,27.0,1.0,1.0,1,1,0,2,0.0,0.0,0.0,0.0,0.0,,,6.0,120.33333333333333,16.333333333333332,16.333333333333332,127.0,130.0,130.0,110.0,104,110.0,120.0,120.0,0.15454545454545454,0.15705128205128205,0.2552083333333333,-0.056695343676545384,0.359375,0,0,0.157051282051282,0,0,17.0,3382.0,5014.0,14.0,118.73333333333333,0.23020833333333335,0.125,0.125,0.007066666666666666,0.0,0.0,1.0,0.0,1.0,market_maker,0.0,20260520_AM,20260520_AM/gh1
mn8370qr,e4rzuiqc,b86ad8e8-b0f6-4578-8e02-b4a87378a89d,e587d9fc-8b60-4d5e-94d5-3b29caa7cace,0,gh,4,5538.0,2600.0,20.0,0.0,,,3382.0,17.0,5418.0,1.0,8.0,-0.19999999999999996,1,0,27.0,1.0,1.0,1,1,0,2,1.0,1.0,0.0,0.0,0.0,0.0,1.0,15.0,118.73333333333333,22.733333333333334,22.733333333333334,120.0,115.0,130.0,105.0,96,127.0,110.0,100.0,-0.055118110236220486,0.23680555555555557,0.35520833333333335,-0.182321556793954,0.375,0,0,0.23680555555555557,0,0,17.0,3382.0,4878.0,-2.0,114.22222222222223,,,,0.016632513661202185,0.0,0.0,1.0,0.0,1.0,market_maker,2.0,20260520_AM,20260520_AM/gh1
mn8370qr,e4rzuiqc,b86ad8e8-b0f6-4578-8e02-b4a87378a89d,e587d9fc-8b60-4d5e-94d5-3b29caa7cace,0,gh,5,5538.0,2600.0,20.0,8.0,,,3828.0,14.0,5418.0,1.0,8.0,-0.19999999999999996,1,0,27.0,1.0,1.0,1,1,0,2,0.0,4.0,-4.0,1.0,0.0,1.0,0.0,9.0,114.22222222222223,26.22222222222222,26.22222222222222,100.0,125.0,125.0,100.0,88,120.0,127.0,90.0,-0.16666666666666663,0.29797979797979796,0.4097222222222222,-0.10536051565782678,0.1875,0,0,0.29797979797979807,0,0,13.0,3932.0,4972.0,92.0,98.33333333333333,,,,0.022096994535519127,0.0,0.0,1.0,0.0,1.0,market_maker,4.0,20260520_AM,20260520_AM/gh1
mn8370qr,e4rzuiqc,b86ad8e8-b0f6-4578-8e02-b4a87378a89d,e587d9fc-8b60-4d5e-94d5-3b29caa7cace,0,gh,6,5538.0,2600.0,20.0,4.0,72.0,3.0,4220.0,10.0,5418.0,1.0,8.0,-0.19999999999999996,1,0,27.0,1.0,1.0,1,1,0,2,0.0,3.0,-3.0,1.0,0.0,1.0,0.0,6.0,98.33333333333333,18.333333333333332,18.333333333333332,90.0,100.0,110.0,90.0,80,100.0,120.0,90.0,-0.09999999999999998,0.22916666666666666,0.2864583333333333,0.0,0.15625,0,0,0.2291666666666666,0,0,10.0,4252.0,4972.0,152.0,92.5,0.3203125,0.0,0.0,0.025714615029967726,0.0,0.0,1.0,0.0,1.0,market_maker,3.0,20260520_AM,20260520_AM/gh1
mn8370qr,e4rzuiqc,b86ad8e8-b0f6-4578-8e02-b4a87378a89d,e587d9fc-8b60-4d5e-94d5-3b29caa7cace,0,gh,7,5538.0,2600.0,20.0,4.0,,,4350.0,9.0,5418.0,1.0,8.0,-0.19999999999999996,1,0,27.0,1.0,1.0,1,1,0,2,0.0,1.0,-1.0,2.0,0.0,1.0,0.0,4.0,92.5,20.5,20.5,90.0,110.0,110.0,80.0,72,90.0,100.0,79.0,0.0,0.2847222222222222,0.3203125,-0.13036181786324352,0.28125,0,0,0.2847222222222222,0,0,9.0,4378.0,4954.0,194.0,73.78571428571429,,,,0.030368814192343604,0.0,0.0,1.0,0.0,1.0,market_maker,1.0,20260520_AM,20260520_AM/gh1
mn8370qr,e4rzuiqc,b86ad8e8-b0f6-4578-8e02-b4a87378a89d,e587d9fc-8b60-4d5e-94d5-3b29caa7cace,0,gh,8,5538.0,2600.0,20.0,4.0,,,4218.5,13.0,5418.0,1.0,8.0,-0.19999999999999996,1,0,27.0,1.0,1.0,1,1,0,2,2.0,0.0,2.0,2.0,2.0,1.0,0.0,7.0,73.78571428571429,9.785714285714286,23.785714285714285,79.0,90.0,90.0,15.0,64,90.0,90.0,47.5,-0.12222222222222223,0.3716517857142857,0.3716517857142857,-0.5087181414264261,0.234375,0,0,0.1529017857142858,0,0,11.0,4254.5,4870.5,170.5,64.125,,,,0.034976359338061466,0.0,0.0,1.0,0.0,1.0,market_maker,2.0,20260520_AM,20260520_AM/gh1
mn8370qr,e4rzuiqc,b86ad8e8-b0f6-4578-8e02-b4a87378a89d,e587d9fc-8b60-4d5e-94d5-3b29caa7cace,0,gh,9,5538.0,2600.0,20.0,20.0,0.0,0.0,4289.0,13.0,5418.0,1.0,8.0,-0.19999999999999996,1,0,27.0,1.0,1.0,1,1,0,2,1.0,1.0,0.0,3.0,0.0,0.0,1.0,4.0,64.125,8.125,12.375,47.5,70.0,73.0,47.5,56,79.0,90.0,35.0,-0.3987341772151899,0.22098214285714285,0.193359375,-0.30538164955118186,-0.1328125,0,0,0.14508928571428573,0,0,11.0,4493.0,5021.0,141.0,28.214285714285715,0.4408482142857143,0.75,-0.75,0.025665983606557377,0.0,0.0,1.0,0.0,1.0,market_maker,2.0,20260520_AM,20260520_AM/gh1
mn8370qr,e4rzuiqc,b86ad8e8-b0f6-4578-8e02-b4a87378a89d,e587d9fc-8b60-4d5e-94d5-3b29caa7cace,0,gh,10,5538.0,2600.0,20.0,8.0,,,4514.0,16.0,5418.0,1.0,8.0,-0.19999999999999996,1,0,27.0,1.0,1.0,1,1,0,2,1.0,0.0,1.0,4.0,0.0,1.0,0.0,7.0,28.214285714285715,-19.785714285714285,19.785714285714285,35.0,45.0,45.0,20.0,48,47.5,79.0,17.5,-0.26315789473684215,0.41220238095238093,0.3091517857142857,-0.693147180559945,-0.203125,0,0,-0.41220238095238093,0,0,12.0,4554.0,5034.0,154.0,12.51,,,,0.02423155737704918,0.0,0.0,1.0,0.0,1.0,market_maker,1.0,20260520_AM,20260520_AM/gh1
mn8370qr,e4rzuiqc,b86ad8e8-b0f6-4578-8e02-b4a87378a89d,e587d9fc-8b60-4d5e-94d5-3b29caa7cace,0,gh,11,5538.0,2600.0,20.0,8.0,,,4630.62,16.0,5418.0,1.0,8.0,-0.19999999999999996,1,0,27.0,1.0,1.0,1,1,0,2,1.0,0.0,1.0,3.0,0.0,1.0,0.0,14.0,12.51,-27.490000000000002,27.490000000000002,17.5,15.0,17.5,9.0,40,35.0,47.5,60.0,-0.5,0.68725,0.42953125000000003,1.2321436812926319,-0.3515625,0,0,-0.68725,0,0,13.0,4646.62,5062.62,182.6199999999999,38.67857142857143,,,,0.02068249089253188,0.0,0.0,1.0,0.0,1.0,market_maker,1.0,20260520_AM,20260520_AM/gh1
mn8370qr,e4rzuiqc,b86ad8e8-b0f6-4578-8e02-b4a87378a89d,e587d9fc-8b60-4d5e-94d5-3b29caa7cace,0,gh,12,5538.0,2600.0,20.0,0.0,0.0,0.0,5114.62,5.0,5418.0,1.0,8.0,-0.19999999999999996,1,0,27.0,1.0,1.0,1,1,0,2,1.0,9.0,-8.0,2.0,0.0,0.8,0.19999999999999996,28.0,38.67857142857143,6.678571428571429,17.321428571428573,60.0,20.0,60.0,8.0,32,17.5,35.0,50.0,2.4285714285714284,0.5412946428571429,0.27064732142857145,-0.18232155679395445,0.4375,0,0,0.2087053571428572,0,0,5.0,5002.62,5122.62,362.6199999999999,27.9,0.4359375,0.375,-0.375,0.05183391690009339,0.0,0.0,1.0,0.0,1.0,market_maker,10.0,20260520_AM,20260520_AM/gh1
mn8370qr,e4rzuiqc,b86ad8e8-b0f6-4578-8e02-b4a87378a89d,e587d9fc-8b60-4d5e-94d5-3b29caa7cace,0,gh,13,5538.0,2600.0,20.0,8.0,,,5166.62,3.0,5418.0,1.0,8.0,-0.19999999999999996,1,0,27.0,1.0,1.0,1,1,0,2,1.0,3.0,-2.0,3.0,0.0,0.5,0.5,10.0,27.9,3.9,8.3,50.0,10.0,50.0,10.0,24,60.0,17.5,1000.0,-0.16666666666666663,0.3458333333333334,0.1296875,2.995732273553991,0.40625,0,0,0.16249999999999995,0,0,3.0,5078.62,5126.62,366.6199999999999,93.875,,,,0.05582551353874885,0.0,0.0,1.0,0.0,1.0,market_maker,4.0,20260520_AM,20260520_AM/gh1
mn8370qr,e4rzuiqc,b86ad8e8-b0f6-4578-8e02-b4a87378a89d,e587d9fc-8b60-4d5e-94d5-3b29caa7cace,0,gh,14,5538.0,2600.0,20.0,4.0,,,5417.62,0.0,5418.0,1.0,8.0,-0.19999999999999996,1,0,27.0,1.0,1.0,1,1,0,2,0.0,4.0,-4.0,4.0,1.0,1.0,0.0,24.0,93.875,77.875,81.20833333333333,1000.0,50.0,1000.0,3.0,16,50.0,60.0,20.0,19.0,5.075520833333333,1.2688802083333333,-3.912023005428146,15.375,1,0,4.8671875,1,1,-1.0,5301.62,5293.62,593.6199999999999,20.666666666666668,,,,0.13420839243498822,0.0,0.0,1.0,0.0,1.0,market_maker,4.0,20260520_AM,20260520_AM/gh1
mn8370qr,e4rzuiqc,b86ad8e8-b0f6-4578-8e02-b4a87378a89d,e587d9fc-8b60-4d5e-94d5-3b29caa7cace,0,gh,15,5538.0,2600.0,20.0,4.0,,,5417.62,0.0,5418.0,1.0,8.0,-0.19999999999999996,1,0,27.0,1.0,1.0,1,1,0,2,0.0,0.0,0.0,4.0,0.0,,,3.0,20.666666666666668,12.666666666666666,12.666666666666666,20.0,27.0,27.0,15.0,8,1000.0,50.0,,-0.98,1.5833333333333333,0.19791666666666666,,0.1875,0,0,1.5833333333333335,0,0,-1.0,5297.62,5297.62,657.6199999999999,,,,,0.1450792624521073,0.0,0.0,1.0,0.0,1.0,market_maker,0.0,20260520_AM,20260520_AM/gh1
