market_uuid,trading_day,n_traders,avg_age,share_female,share_finance_course,share_trading_experience,share_high_education,avg_fin_quiz,sd_fin_quiz,avg_self_assessment,avg_overconfidence,sd_overconfidence,avg_cq_attempts,avg_wealth,sd_wealth,gini,avg_forecast,sd_forecast,share_feedback,share_speculator,share_fundamental,share_other,share_market_maker,repetition,treatment,gamified,hedonic,price_notifications,vol_feedback,vol_fundamental,vol_market_maker,vol_other,vol_speculator,share_vol_market_maker,share_vol_fundamental,share_vol_feedback,share_vol_speculator,share_vol_other,n_trades_market,avg_trade_price,avg_mispricing,avg_abs_mispricing,closing_price,opening_price,max_price,min_price,fundamental_value,price_L1,price_L2,price_next,return,abs_mispricing_ratio,rad,ret_next,fundamental_gap,surge,crash,normalized_mispricing,bubble_period,bubble_start,quoted_spread,rel_quoted_spread,depth_best,pct_two_sided,rv_mid,n_improving_adds,share_improving_adds,volume_shares,eff_spread,rel_eff_spread,realized_spread,rel_realized_spread,price_impact,rel_price_impact,signed_volume,order_flow_imbalance,abs_order_flow_imbalance,n_limit_orders,n_cancels,n_marketable_orders,share_limit_orders,time_to_next_order_s,time_to_same_side_order_s,spread_recovery_s,cancel_to_order,avg_directionality,churn,cum_surge,cum_crash,cum_bubble_period,session_id,group_label
0a71a83d-0063-43c4-a639-2831a4759545,1,6,20.166666666666668,0.3333333333333333,0.3333333333333333,0.6666666666666666,0.8333333333333334,0.6944444444444445,0.20184335693983274,4.5,-0.24444444444444446,0.14744741686696564,1.0,5000.0,0.0,0.0,,,0.0,0.3333333333333333,0.5,0.16666666666666666,0.16666666666666666,1,ghp,1,1,1,0.0,0.0,0.0,0.0,0.0,,,,,,0.0,,,,,,,,120,,,100.0,,,,,,0,0,,0,0,68.27570971620854,1.150427360224071,2.9899454877213825,0.8715529045409998,2.3687519399960313,1.0,0.125,0.0,,,,,,,,,,8.0,5.0,0.0,1.0,,,,0.625,,,0,0,0,20260914,20260914/ghp2
44841674-7bca-439c-887c-4a850dbe8229,1,6,20.0,0.6666666666666666,0.3333333333333333,0.3333333333333333,0.16666666666666666,0.611111111111111,0.23372982186625146,4.166666666666667,-0.19444444444444445,0.2018433569398328,1.8333333333333333,5000.0,0.0,0.0,,,0.08333333333333333,0.0,0.4166666666666667,0.5,0.3333333333333333,1,ghp,1,1,1,0.0,0.0,0.0,0.0,0.0,,,,,,0.0,,,,,,,,120,,,72.5,,,,,,0,0,,0,0,,,,0.0,,0.0,0.0,0.0,,,,,,,,,,10.0,4.0,0.0,1.0,,,,0.4,,,0,0,0,20260914,20260914/ghp1
4fe4ada1-68d9-4a76-a737-4972c972e615,1,6,21.333333333333332,0.3333333333333333,0.6666666666666666,0.3333333333333333,0.8333333333333334,0.8194444444444445,0.06273105439242341,5.833333333333333,-0.23611111111111113,0.19872277358355472,1.1666666666666667,5000.0,17.88854381999824,0.0017777777777777779,,,0.0,0.4166666666666667,0.5833333333333334,0.0,0.16666666666666666,1,ng,0,0,0,0.0,1.0,0.0,0.0,3.0,0.0,0.25,0.0,0.75,0.0,2.0,120.0,0.0,20.0,100.0,140.0,140.0,100.0,120,,,140.0,,0.16666666666666666,0.3125,0.33647223662121206,-0.3125,0,0,0.0,0,0,50.97875865125449,0.4624260636776608,2.12146785277931,0.9862407445405126,0.5057669381278349,7.0,0.3333333333333333,2.0,75.0,0.9777777777777779,38.75,0.49722222222222223,36.25,0.48055555555555557,2.0,1.0,1.0,21.0,14.0,2.0,0.9130434782608695,0.276414,5.5272065,1.3880575,0.6666666666666666,1.0,0.0,0,0,0,20260914,20260914/ng1
64b4c4a1-3dce-4f58-9d14-2004e6bb692e,1,6,19.833333333333332,0.6666666666666666,0.3333333333333333,0.3333333333333333,0.6666666666666666,0.7916666666666666,0.1467234738471584,3.8333333333333335,-0.4083333333333334,0.2598610739948901,1.6666666666666667,5000.0,35.09415905816807,0.0031777777777777776,,,0.0,0.25,0.5833333333333334,0.16666666666666666,0.5,1,ng,0,0,0,0.0,1.0,7.0,0.0,0.0,0.875,0.125,0.0,0.0,0.0,4.0,95.75,-24.25,24.25,100.0,98.0,100.0,90.0,120,,,83.0,,0.20208333333333334,0.37890625,-0.18632957819149354,-0.3125,0,0,-0.20208333333333334,0,0,10.8112486168526,0.1352663782880367,2.3551426009723664,0.9971605837144144,0.6092918991640353,10.0,0.5882352941176471,4.0,31.75,0.575182838340733,6.5,0.13742690058479534,25.25,0.43775593775593774,4.0,1.0,1.0,17.0,11.0,4.0,0.8095238095238095,2.2011025,5.022108,5.529491500000001,0.6470588235294118,0.8333333333333333,0.16666666666666674,0,0,0,20260914,20260914/ng2
0a71a83d-0063-43c4-a639-2831a4759545,2,6,20.166666666666668,0.3333333333333333,0.3333333333333333,0.6666666666666666,0.8333333333333334,0.6944444444444445,0.20184335693983274,4.5,-0.24444444444444446,0.14744741686696564,1.0,5000.0,117.4376430281194,0.011033333333333332,,,0.0,0.3333333333333333,0.5,0.16666666666666666,0.16666666666666666,1,ghp,1,1,1,0.0,1.0,0.0,2.0,3.0,0.0,0.16666666666666666,0.0,0.5,0.3333333333333333,3.0,38.0,-74.0,74.0,100.0,7.0,100.0,7.0,112,,,101.5,,0.6607142857142857,1.15625,0.014888612493749953,-0.1875,0,0,-0.6607142857142857,0,0,30.441651946926022,0.3650014376403797,2.0576097310310644,1.0,2.415447997649269,3.0,0.6,3.0,5.5,0.12955465587044535,-79.66666666666667,-9.026315789473685,66.5,9.15587044534413,3.0,1.0,1.0,5.0,3.0,3.0,0.625,6.990647,6.990647,,0.6,1.0,0.0,0,0,0,20260914,20260914/ghp2
44841674-7bca-439c-887c-4a850dbe8229,2,6,20.0,0.6666666666666666,0.3333333333333333,0.3333333333333333,0.16666666666666666,0.611111111111111,0.23372982186625146,4.166666666666667,-0.19444444444444445,0.2018433569398328,1.8333333333333333,5000.0,26.246904579397548,0.0023055555555555555,,,0.08333333333333333,0.0,0.4166666666666667,0.5,0.3333333333333333,1,ghp,1,1,1,2.0,2.0,0.0,0.0,0.0,0.0,0.5,0.5,0.0,0.0,2.0,91.25,-20.75,20.75,72.5,110.0,110.0,72.5,112,,,105.0,,0.18526785714285715,0.32421875,0.37037378829689427,-0.6171875,0,0,-0.18526785714285715,0,0,15.115821618641666,0.17782696106620244,2.9117371345206022,0.9990808697068618,0.9173609566400448,5.0,0.5555555555555556,2.0,23.75,0.4368563685636856,-97.75,-1.28319783197832,121.5,1.7200542005420054,0.0,0.0,0.0,9.0,5.0,2.0,0.8181818181818182,2.173095,11.875879,6.8600769999999995,0.5555555555555556,1.0,0.0,0,0,0,20260914,20260914/ghp1
4fe4ada1-68d9-4a76-a737-4972c972e615,2,6,21.333333333333332,0.3333333333333333,0.6666666666666666,0.3333333333333333,0.8333333333333334,0.8194444444444445,0.06273105439242341,5.833333333333333,-0.23611111111111113,0.19872277358355472,1.1666666666666667,5000.0,105.03475615242792,0.0095,,,0.0,0.4166666666666667,0.5833333333333334,0.0,0.16666666666666666,1,ng,0,0,0,0.0,5.0,2.0,0.0,15.0,0.09090909090909091,0.22727272727272727,0.0,0.6818181818181818,0.0,11.0,124.68181818181819,12.681818181818182,21.5,140.0,92.5,150.0,90.0,112,100.0,,130.0,0.3999999999999999,0.19196428571428573,0.3359375,-0.07410797215372167,0.4375,0,0,0.11323051948051953,0,0,33.99347306475499,0.309555652015282,2.015627900540728,1.0,0.3709247560679493,7.0,0.5833333333333334,11.0,46.8,0.42824989683554254,33.09090909090909,0.3471019928889668,8.0,0.0811479039465757,9.0,0.8181818181818182,0.8181818181818182,12.0,4.0,11.0,0.5217391304347826,2.807811,3.693281,8.6375615,0.3333333333333333,0.7407407407407408,0.2592592592592592,0,0,0,20260914,20260914/ng1
64b4c4a1-3dce-4f58-9d14-2004e6bb692e,2,6,19.833333333333332,0.6666666666666666,0.3333333333333333,0.3333333333333333,0.6666666666666666,0.7916666666666666,0.1467234738471584,3.8333333333333335,-0.4083333333333334,0.2598610739948901,1.6666666666666667,5000.0,61.3286230075321,0.005611111111111111,,,0.0,0.25,0.5833333333333334,0.16666666666666666,0.5,1,ng,0,0,0,0.0,4.0,3.0,1.0,0.0,0.375,0.5,0.0,0.0,0.125,4.0,88.5,-23.5,23.5,83.0,90.0,96.0,83.0,112,100.0,,92.0,-0.17000000000000004,0.20982142857142858,0.3671875,0.1029479692524422,-0.453125,0,0,-0.20982142857142858,0,0,13.860438421573903,0.1502922493467747,2.7488463065033093,1.0,0.12026837522054803,8.0,0.7272727272727273,4.0,10.875,0.11966662246053586,11.875,0.13136467152300974,-1.0,-0.011698049062473887,-2.0,-0.5,0.5,11.0,5.0,4.0,0.7333333333333333,2.557949,6.549358,9.883091499999999,0.45454545454545453,0.8,0.19999999999999996,0,0,0,20260914,20260914/ng2
0a71a83d-0063-43c4-a639-2831a4759545,3,6,20.166666666666668,0.3333333333333333,0.3333333333333333,0.6666666666666666,0.8333333333333334,0.6944444444444445,0.20184335693983274,4.5,-0.24444444444444446,0.14744741686696564,1.0,5180.0,145.50498273255113,0.010923423423423423,48.0,55.02878034871087,0.0,0.3333333333333333,0.5,0.16666666666666666,0.16666666666666666,1,ghp,1,1,1,0.0,1.0,1.0,0.0,0.0,0.5,0.5,0.0,0.0,0.0,1.0,101.5,-2.5,2.5,101.5,101.5,101.5,101.5,104,100.0,,96.0,0.014999999999999902,0.02403846153846154,0.0390625,-0.05571060701400565,-0.0390625,0,0,-0.02403846153846154,0,0,10.469179734087744,0.1007309280670311,2.0,1.0,0.11823198517064507,3.0,0.42857142857142855,1.0,13.5,0.12471131639722864,2.0,0.018475750577367205,11.5,0.10623556581986143,-1.0,-1.0,1.0,7.0,3.0,1.0,0.875,13.412693,19.243649,34.553858,0.42857142857142855,1.0,0.0,0,0,0,20260914,20260914/ghp2
44841674-7bca-439c-887c-4a850dbe8229,3,6,20.0,0.6666666666666666,0.3333333333333333,0.3333333333333333,0.16666666666666666,0.611111111111111,0.23372982186625146,4.166666666666667,-0.19444444444444445,0.2018433569398328,1.8333333333333333,5180.0,71.95276228193053,0.006724581724581725,0.0,51.97595597966429,0.08333333333333333,0.0,0.4166666666666667,0.5,0.3333333333333333,1,ghp,1,1,1,2.0,2.0,2.0,0.0,0.0,0.3333333333333333,0.3333333333333333,0.3333333333333333,0.0,0.0,3.0,108.83333333333333,4.833333333333333,4.833333333333333,105.0,111.5,111.5,105.0,104,72.5,,104.5,0.4482758620689655,0.04647435897435897,0.07552083333333333,-0.004773278752657539,0.015625,0,0,0.04647435897435893,0,0,5.520483654974987,0.053318490752715796,5.299310214774649,1.0,0.05742042297062774,1.0,0.1,3.0,2.5,0.02375759291784828,-4.666666666666667,-0.04057519624715565,7.166666666666667,0.06433278916500393,-1.0,-0.3333333333333333,0.3333333333333333,10.0,1.0,3.0,0.7692307692307693,2.01223,2.01223,72.686163,0.1,0.75,0.25,0,0,0,20260914,20260914/ghp1
4fe4ada1-68d9-4a76-a737-4972c972e615,3,6,21.333333333333332,0.3333333333333333,0.6666666666666666,0.3333333333333333,0.8333333333333334,0.8194444444444445,0.06273105439242341,5.833333333333333,-0.23611111111111113,0.19872277358355472,1.1666666666666667,5180.0,170.4270371742699,0.0158488845988846,0.0,69.7137002317335,0.0,0.4166666666666667,0.5833333333333334,0.0,0.16666666666666666,1,ng,0,0,0,0.0,5.0,0.0,0.0,7.0,0.0,0.4166666666666667,0.0,0.5833333333333334,0.0,6.0,135.08333333333334,31.083333333333332,31.083333333333332,130.0,130.0,145.0,130.0,104,140.0,100.0,130.75,-0.0714285714285714,0.2988782051282051,0.4856770833333333,0.005752652489450227,0.40625,0,0,0.29887820512820523,0,0,9.833426218546286,0.07782332622199796,2.378256923455133,1.0,0.22900272457466567,11.0,0.5789473684210527,6.0,17.8,0.14551269266077446,-1.3733333333333348,0.008762879322281847,17.348000000000003,0.13674981333849262,-2.0,-0.3333333333333333,0.3333333333333333,19.0,13.0,6.0,0.76,1.18187,3.4594815,22.9832,0.6842105263157895,1.0,0.0,0,0,0,20260914,20260914/ng1
64b4c4a1-3dce-4f58-9d14-2004e6bb692e,3,6,19.833333333333332,0.6666666666666666,0.3333333333333333,0.3333333333333333,0.6666666666666666,0.7916666666666666,0.1467234738471584,3.8333333333333335,-0.4083333333333334,0.2598610739948901,1.6666666666666667,5180.0,259.90613690330605,0.021031746031746033,41.0,46.21002777175823,0.0,0.25,0.5833333333333334,0.16666666666666666,0.5,1,ng,0,0,0,0.0,2.0,18.0,0.0,0.0,0.9,0.1,0.0,0.0,0.0,10.0,87.7,-16.3,16.3,92.0,88.0,92.5,80.0,104,83.0,100.0,83.0,0.10843373493975905,0.15673076923076923,0.2546875,-0.1029479692524422,-0.1875,0,0,-0.1567307692307692,0,0,6.453252549750497,0.07318127542745122,2.536784420787968,1.0,0.12204501638267684,10.0,0.7692307692307693,10.0,7.777777777777778,0.08830210804463855,4.65,0.06344300914052889,2.2222222222222223,0.024859098904109655,2.0,0.2,0.2,13.0,4.0,10.0,0.5652173913043478,3.1573525,3.1573525,8.625500500000001,0.3076923076923077,1.0,0.0,0,0,0,20260914,20260914/ng2
0a71a83d-0063-43c4-a639-2831a4759545,4,6,20.166666666666668,0.3333333333333333,0.3333333333333333,0.6666666666666666,0.8333333333333334,0.6944444444444445,0.20184335693983274,4.5,-0.24444444444444446,0.14744741686696564,1.0,5360.0,185.5173846301204,0.014417495854063019,,,0.0,0.3333333333333333,0.5,0.16666666666666666,0.16666666666666666,1,ghp,1,1,1,0.0,0.0,2.0,0.0,2.0,0.5,0.0,0.0,0.5,0.0,2.0,97.5,1.5,1.5,96.0,99.0,99.0,96.0,96,101.5,100.0,88.0,-0.054187192118226646,0.015625,0.0234375,-0.08701137698962924,0.0,0,0,0.015625,0,0,6.080943414794661,0.06370539159456431,2.0,1.0,0.08553294859941132,4.0,0.3333333333333333,2.0,1.25,0.012777063612636828,-3.75,-0.03833119083791048,5.0,0.051108254450547314,-2.0,-1.0,1.0,12.0,5.0,2.0,0.8571428571428571,3.4566065,,,0.4166666666666667,1.0,0.0,0,0,0,20260914,20260914/ghp2
44841674-7bca-439c-887c-4a850dbe8229,4,6,20.0,0.6666666666666666,0.3333333333333333,0.3333333333333333,0.16666666666666666,0.611111111111111,0.23372982186625146,4.166666666666667,-0.19444444444444445,0.2018433569398328,1.8333333333333333,5360.0,121.56372304269073,0.01132763266998342,,,0.08333333333333333,0.0,0.4166666666666667,0.5,0.3333333333333333,1,ghp,1,1,1,8.0,7.0,5.0,2.0,0.0,0.22727272727272727,0.3181818181818182,0.36363636363636365,0.0,0.09090909090909091,11.0,102.51181818181819,6.511818181818182,6.511818181818182,104.5,102.5,105.0,100.0,96,105.0,72.5,95.63,-0.004761904761904745,0.06783143939393939,0.10174715909090909,-0.08870049304341432,0.1328125,0,0,0.06783143939393943,0,0,4.866242467289391,0.04995787475199546,2.1469270919768544,1.0,1.1845782201261412,8.0,0.7272727272727273,11.0,2.465454545454546,0.023965493711893063,-11.228181818181817,-0.1103856740520072,13.693636363636363,0.13435116776390024,-5.0,-0.45454545454545453,0.45454545454545453,11.0,2.0,11.0,0.5,5.6631350000000005,8.4088295,9.5490545,0.18181818181818182,0.875,0.125,0,0,0,20260914,20260914/ghp1
4fe4ada1-68d9-4a76-a737-4972c972e615,4,6,21.333333333333332,0.3333333333333333,0.6666666666666666,0.3333333333333333,0.8333333333333334,0.8194444444444445,0.06273105439242341,5.833333333333333,-0.23611111111111113,0.19872277358355472,1.1666666666666667,5360.0,330.3790284506569,0.03133385157545605,,,0.0,0.4166666666666667,0.5833333333333334,0.0,0.16666666666666666,1,ng,0,0,0,0.0,13.0,4.0,0.0,17.0,0.11764705882352941,0.38235294117647056,0.0,0.5,0.0,17.0,131.57117647058823,35.571176470588235,35.571176470588235,130.75,132.63,132.75,130.0,96,130.0,140.0,132.19,0.005769230769230749,0.37053308823529413,0.5557996323529412,0.010953178646276207,0.54296875,0,0,0.370533088235294,0,0,5.809297719057391,0.04291765379746128,2.1626698221094274,1.0,0.3142785827951161,17.0,0.6538461538461539,17.0,1.7394117647058853,0.013475423979810549,0.09529411764706912,0.0008670859511138919,1.6441176470588161,0.012608338028696658,-9.0,-0.5294117647058824,0.5294117647058824,26.0,8.0,17.0,0.6046511627906976,0.510257,0.811476,2.8059595,0.3076923076923077,1.0,0.0,0,0,0,20260914,20260914/ng1
64b4c4a1-3dce-4f58-9d14-2004e6bb692e,4,6,19.833333333333332,0.6666666666666666,0.3333333333333333,0.3333333333333333,0.6666666666666666,0.7916666666666666,0.1467234738471584,3.8333333333333335,-0.4083333333333334,0.2598610739948901,1.6666666666666667,5360.0,388.9642657108748,0.030151326699834162,,,0.0,0.25,0.5833333333333334,0.16666666666666666,0.5,1,ng,0,0,0,0.0,3.0,7.0,2.0,0.0,0.5833333333333334,0.25,0.0,0.0,0.16666666666666666,6.0,87.16666666666667,-8.833333333333334,8.833333333333334,83.0,93.0,93.0,83.0,96,92.0,83.0,87.0,-0.09782608695652173,0.0920138888888889,0.13802083333333334,0.04706751085798544,-0.203125,0,0,-0.09201388888888884,0,0,11.32785231885348,0.12599035747674828,3.761365060546357,1.0,0.13797210955816283,10.0,0.6666666666666666,6.0,5.208333333333333,0.05906206934501202,3.5,0.041652438872637775,1.7083333333333333,0.017409630472374253,-4.0,-0.6666666666666666,0.6666666666666666,15.0,7.0,6.0,0.7142857142857143,3.117743,4.9322835000000005,14.155829,0.4666666666666667,1.0,0.0,0,0,0,20260914,20260914/ng2
0a71a83d-0063-43c4-a639-2831a4759545,5,6,20.166666666666668,0.3333333333333333,0.3333333333333333,0.6666666666666666,0.8333333333333334,0.6944444444444445,0.20184335693983274,4.5,-0.24444444444444446,0.14744741686696564,1.0,5300.0,176.53413267694145,0.013317610062893082,,,0.0,0.3333333333333333,0.5,0.16666666666666666,0.16666666666666666,1,ghp,1,1,1,0.0,2.0,0.0,0.0,2.0,0.0,0.5,0.0,0.5,0.0,2.0,89.0,1.0,1.0,88.0,90.0,90.0,88.0,88,96.0,101.5,75.0,-0.08333333333333337,0.011363636363636364,0.015625,-0.15984870094189674,0.0,0,0,0.011363636363636364,0,0,11.276293198769576,0.12959999593987206,2.115206348737536,1.0,0.12088514858661763,6.0,0.5,2.0,4.75,0.051235955056179776,-4.875,-0.054063670411985024,9.625,0.10529962546816479,-2.0,-1.0,1.0,12.0,3.0,2.0,0.8571428571428571,7.012373500000001,14.886192,29.767234,0.25,1.0,0.0,0,0,0,20260914,20260914/ghp2
44841674-7bca-439c-887c-4a850dbe8229,5,6,20.0,0.6666666666666666,0.3333333333333333,0.3333333333333333,0.16666666666666666,0.611111111111111,0.23372982186625146,4.166666666666667,-0.19444444444444445,0.2018433569398328,1.8333333333333333,5300.0,135.3186167532022,0.012516142557652,,,0.08333333333333333,0.0,0.4166666666666667,0.5,0.3333333333333333,1,ghp,1,1,1,4.0,8.0,4.0,0.0,0.0,0.25,0.5,0.25,0.0,0.0,8.0,94.86,6.859999999999999,7.609999999999999,95.63,100.0,100.25,85.0,88,104.5,105.0,85.0,-0.08488038277511967,0.08647727272727272,0.11890624999999999,-0.11783532187113455,0.11921874999999993,0,0,0.07795454545454544,0,0,27.029102501366168,0.402180691120802,2.0361493864336526,1.0,0.9332486186068203,7.0,0.6363636363636364,8.0,11.8275,0.17026614373079366,-41.61,-0.442183073303446,53.4375,0.6124492170342396,-6.0,-0.75,0.75,11.0,1.0,8.0,0.5789473684210527,2.605169,4.0933910000000004,3.2971385,0.09090909090909091,1.0,0.0,0,0,0,20260914,20260914/ghp1
4fe4ada1-68d9-4a76-a737-4972c972e615,5,6,21.333333333333332,0.3333333333333333,0.6666666666666666,0.3333333333333333,0.8333333333333334,0.8194444444444445,0.06273105439242341,5.833333333333333,-0.23611111111111113,0.19872277358355472,1.1666666666666667,5300.0,469.6133303474251,0.04407243186582806,,,0.0,0.4166666666666667,0.5833333333333334,0.0,0.16666666666666666,1,ng,0,0,0,0.0,4.0,1.0,0.0,5.0,0.1,0.4,0.0,0.5,0.0,5.0,132.512,44.512,44.512,132.19,132.72,133.0,132.18,88,130.75,130.0,141.0,0.011013384321223674,0.5058181818181818,0.6955,0.0645196087868598,0.69046875,0,0,0.5058181818181818,0,0,6.340596787265879,0.047010130095047925,2.0228808611427342,1.0,0.288209380796199,7.0,0.3684210526315789,5.0,2.492500000000007,0.018396320287521032,2.039999999999998,0.018227746963601837,0.06750000000000966,0.00016857332391919527,-1.0,-0.2,0.2,19.0,14.0,5.0,0.7916666666666666,4.217338,9.841515,4.217338,0.7368421052631579,1.0,0.0,0,0,0,20260914,20260914/ng1
64b4c4a1-3dce-4f58-9d14-2004e6bb692e,5,6,19.833333333333332,0.6666666666666666,0.3333333333333333,0.3333333333333333,0.6666666666666666,0.7916666666666666,0.1467234738471584,3.8333333333333335,-0.4083333333333334,0.2598610739948901,1.6666666666666667,5300.0,345.3021864975663,0.027117400419287212,,,0.0,0.25,0.5833333333333334,0.16666666666666666,0.5,1,ng,0,0,0,0.0,1.0,3.0,0.0,0.0,0.75,0.25,0.0,0.0,0.0,2.0,86.0,-2.0,2.0,87.0,85.0,87.0,85.0,88,83.0,92.0,86.0,0.04819277108433728,0.022727272727272728,0.03125,-0.011560822401076365,-0.015625,0,0,-0.022727272727272728,0,0,10.01981321366619,0.11681814819842554,3.352848714529005,1.0,0.18421431078112355,7.0,0.5384615384615384,2.0,2.0,0.02353266888150609,2.0,0.022978959025470654,0.0,0.0005537098560354364,2.0,1.0,1.0,13.0,9.0,2.0,0.8666666666666667,5.711206,9.7553875,9.7553875,0.6923076923076923,1.0,0.0,0,0,0,20260914,20260914/ng2
0a71a83d-0063-43c4-a639-2831a4759545,6,6,20.166666666666668,0.3333333333333333,0.3333333333333333,0.6666666666666666,0.8333333333333334,0.6944444444444445,0.20184335693983274,4.5,-0.24444444444444446,0.14744741686696564,1.0,5480.0,213.11561594589918,0.017285279805352802,71.0,29.35586256042678,0.0,0.3333333333333333,0.5,0.16666666666666666,0.16666666666666666,1,ghp,1,1,1,0.0,1.0,3.0,0.0,2.0,0.5,0.16666666666666666,0.0,0.3333333333333333,0.0,3.0,79.79333333333334,-0.2066666666666682,3.126666666666665,75.0,80.0,84.38,75.0,80,88.0,96.0,75.0,-0.1477272727272727,0.03908333333333332,0.04885416666666664,0.0,-0.078125,0,0,-0.002583333333333293,0,0,14.267258566771613,0.17777414922503418,2.0,1.0,0.21298838824239197,8.0,1.0,3.0,3.135000000000005,0.03819131505081924,-7.703333333333329,-0.13714539034786966,14.015,0.1753367053986889,-1.0,-0.3333333333333333,0.3333333333333333,8.0,4.0,3.0,0.7272727272727273,9.521424,12.7956235,20.714644,0.5,0.4444444444444444,0.5555555555555556,0,0,0,20260914,20260914/ghp2
44841674-7bca-439c-887c-4a850dbe8229,6,6,20.0,0.6666666666666666,0.3333333333333333,0.3333333333333333,0.16666666666666666,0.611111111111111,0.23372982186625146,4.166666666666667,-0.19444444444444445,0.2018433569398328,1.8333333333333333,5480.0,164.13217027749315,0.014793694241686937,68.5,39.43306565138788,0.08333333333333333,0.0,0.4166666666666667,0.5,0.3333333333333333,1,ghp,1,1,1,7.0,7.0,1.0,1.0,0.0,0.0625,0.4375,0.4375,0.0,0.0625,8.0,88.6575,8.657499999999999,8.657499999999999,85.0,90.0,95.0,85.0,80,95.63,104.5,77.0,-0.11115758653142316,0.10821874999999999,0.13527343749999998,-0.09884583463663255,0.078125,0,0,0.10821874999999999,0,0,18.517852811219065,0.21637851979961675,2.8967255820631452,1.0,0.24849322855052952,8.0,0.5714285714285714,8.0,10.4375,0.12017784530049432,-3.1087500000000006,-0.030290885943817333,13.54625,0.15046873124431165,0.0,0.0,0.0,14.0,2.0,8.0,0.6363636363636364,1.033544,5.150743,6.7065215,0.14285714285714285,0.8095238095238095,0.19047619047619047,0,0,0,20260914,20260914/ghp1
4fe4ada1-68d9-4a76-a737-4972c972e615,6,6,21.333333333333332,0.3333333333333333,0.6666666666666666,0.3333333333333333,0.8333333333333334,0.8194444444444445,0.06273105439242341,5.833333333333333,-0.23611111111111113,0.19872277358355472,1.1666666666666667,5480.0,393.65108667448106,0.035367802108677994,62.5,73.67496182557545,0.0,0.4166666666666667,0.5833333333333334,0.0,0.16666666666666666,1,ng,0,0,0,0.0,1.0,1.0,0.0,4.0,0.16666666666666666,0.16666666666666666,0.0,0.6666666666666666,0.0,3.0,138.08333333333334,58.083333333333336,58.083333333333336,141.0,133.0,141.0,133.0,80,132.19,130.75,135.5,0.06664649368333464,0.7260416666666667,0.9075520833333334,-0.0397882500584128,0.953125,0,0,0.7260416666666668,0,0,20.77394250039591,0.19453623374005558,2.260667420100898,1.0,0.2853595134033923,2.0,0.2,3.0,4.324999999999989,0.03159381504608971,2.9499999999999886,0.05760233918128647,-3.625,-0.02600852413519675,3.0,1.0,1.0,10.0,9.0,3.0,0.7692307692307693,7.487123,7.487123,153.818248,0.9,1.0,0.0,0,0,0,20260914,20260914/ng1
64b4c4a1-3dce-4f58-9d14-2004e6bb692e,6,6,19.833333333333332,0.6666666666666666,0.3333333333333333,0.3333333333333333,0.6666666666666666,0.7916666666666666,0.1467234738471584,3.8333333333333335,-0.4083333333333334,0.2598610739948901,1.6666666666666667,5480.0,477.1808881336302,0.03593876723438767,85.0,1843.24309302924,0.0,0.25,0.5833333333333334,0.16666666666666666,0.5,1,ng,0,0,0,0.0,2.0,5.0,1.0,0.0,0.625,0.25,0.0,0.0,0.125,4.0,85.5,5.5,5.5,86.0,83.0,88.0,83.0,80,87.0,83.0,90.0,-0.011494252873563204,0.06875,0.0859375,0.04546237407675768,0.09375,0,0,0.06875,0,0,7.6948785559782635,0.0933109837000813,3.3623491086803705,1.0,0.14888330923803658,4.0,0.4,4.0,3.6666666666666665,0.04330270119743804,2.875,0.02541074909495962,1.5,0.017891952102478417,2.0,0.5,0.5,10.0,6.0,4.0,0.7142857142857143,2.1221715000000003,4.718697000000001,2.594704,0.6,0.8666666666666666,0.13333333333333341,0,0,0,20260914,20260914/ng2
0a71a83d-0063-43c4-a639-2831a4759545,7,6,20.166666666666668,0.3333333333333333,0.3333333333333333,0.6666666666666666,0.8333333333333334,0.6944444444444445,0.20184335693983274,4.5,-0.24444444444444446,0.14744741686696564,1.0,5420.0,203.05499196030618,0.016429889298892993,,,0.0,0.3333333333333333,0.5,0.16666666666666666,0.16666666666666666,1,ghp,1,1,1,0.0,2.0,2.0,0.0,2.0,0.3333333333333333,0.3333333333333333,0.0,0.3333333333333333,0.0,3.0,73.0,1.0,1.6666666666666667,75.0,73.0,75.0,71.0,72,75.0,88.0,67.0,0.0,0.02314814814814815,0.026041666666666668,-0.1127954941453444,0.046875,0,0,0.013888888888888888,0,0,4.918041398471884,0.06719936240927583,3.340031149591349,1.0,0.1275178128487003,2.0,0.5,3.0,4.5,0.061880018894662256,3.0,0.055030703826169106,0.5,0.00684931506849315,-1.0,-0.3333333333333333,0.3333333333333333,4.0,2.0,3.0,0.5714285714285714,1.679704,27.448229,18.432525,0.5,1.0,0.0,0,0,0,20260914,20260914/ghp2
44841674-7bca-439c-887c-4a850dbe8229,7,6,20.0,0.6666666666666666,0.3333333333333333,0.3333333333333333,0.16666666666666666,0.611111111111111,0.23372982186625146,4.166666666666667,-0.19444444444444445,0.2018433569398328,1.8333333333333333,5420.0,163.107759839929,0.014537720377203762,,,0.08333333333333333,0.0,0.4166666666666667,0.5,0.3333333333333333,1,ghp,1,1,1,0.0,4.0,6.0,0.0,0.0,0.6,0.4,0.0,0.0,0.0,5.0,81.4,9.4,9.4,77.0,78.0,90.5,76.0,72,85.0,95.63,79.0,-0.09411764705882353,0.13055555555555556,0.146875,0.025642430613337375,0.078125,0,0,0.13055555555555565,0,0,9.99303830436666,0.13400778154908605,2.593391844716791,0.9857554433766211,0.23988443219992836,9.0,0.47368421052631576,5.0,8.594000000000005,0.10008564088860998,-5.35,-0.06540429383395817,13.944000000000006,0.16548993472256815,-3.0,-0.6,0.6,19.0,9.0,5.0,0.7916666666666666,1.633745,4.132134,16.193972,0.47368421052631576,0.8333333333333333,0.16666666666666674,0,0,0,20260914,20260914/ghp1
4fe4ada1-68d9-4a76-a737-4972c972e615,7,6,21.333333333333332,0.3333333333333333,0.6666666666666666,0.3333333333333333,0.8333333333333334,0.8194444444444445,0.06273105439242341,5.833333333333333,-0.23611111111111113,0.19872277358355472,1.1666666666666667,5420.0,412.7298875051331,0.037098913489134855,,,0.0,0.4166666666666667,0.5833333333333334,0.0,0.16666666666666666,1,ng,0,0,0,0.0,0.0,2.0,0.0,6.0,0.25,0.0,0.0,0.75,0.0,4.0,133.875,61.875,61.875,135.5,130.0,140.0,130.0,72,141.0,132.19,130.0,-0.03900709219858156,0.859375,0.966796875,-0.04143718986417344,0.9921875,0,0,0.859375,0,0,4.672031780602979,0.03506917268027338,2.0630681994889946,1.0,0.28784988574360537,8.0,0.6666666666666666,4.0,8.625,0.06358795354077712,5.0625,0.037652117328888776,3.5625,0.02593583621188834,-2.0,-0.5,0.5,12.0,7.0,4.0,0.75,2.3963625,11.3707085,5.984548,0.5833333333333334,0.75,0.25,0,0,0,20260914,20260914/ng1
64b4c4a1-3dce-4f58-9d14-2004e6bb692e,7,6,19.833333333333332,0.6666666666666666,0.3333333333333333,0.3333333333333333,0.6666666666666666,0.7916666666666666,0.1467234738471584,3.8333333333333335,-0.4083333333333334,0.2598610739948901,1.6666666666666667,5420.0,424.0262079164448,0.034640221402214025,,,0.0,0.25,0.5833333333333334,0.16666666666666666,0.5,1,ng,0,0,0,0.0,4.0,17.0,7.0,0.0,0.6071428571428571,0.14285714285714285,0.0,0.0,0.25,14.0,83.91071428571429,11.910714285714286,11.910714285714286,90.0,82.0,90.0,80.0,72,86.0,87.0,71.5,0.04651162790697683,0.16542658730158732,0.18610491071428573,-0.23011222063030345,0.28125,0,0,0.16542658730158738,0,0,17.08724420550887,0.21377383689296361,3.011517146989487,1.0,0.23441896097832368,5.0,0.45454545454545453,14.0,8.446428571428571,0.10575235507384205,6.107142857142857,0.07654666858269724,2.3392857142857144,0.0292056864911448,2.0,0.14285714285714285,0.14285714285714285,11.0,3.0,14.0,0.44,2.972957,5.090961,82.197377,0.2727272727272727,0.625,0.375,0,0,0,20260914,20260914/ng2
0a71a83d-0063-43c4-a639-2831a4759545,8,6,20.166666666666668,0.3333333333333333,0.3333333333333333,0.6666666666666666,0.8333333333333334,0.6944444444444445,0.20184335693983274,4.5,-0.24444444444444446,0.14744741686696564,1.0,5600.0,236.8817837656583,0.01983482142857143,,,0.0,0.3333333333333333,0.5,0.16666666666666666,0.16666666666666666,1,ghp,1,1,1,0.0,1.0,2.0,5.0,4.0,0.16666666666666666,0.08333333333333333,0.0,0.3333333333333333,0.4166666666666667,6.0,68.72166666666666,4.721666666666667,4.721666666666667,67.0,70.0,74.33,65.0,64,75.0,75.0,60.0,-0.10666666666666669,0.07377604166666667,0.07377604166666667,-0.11034805716886531,0.046875,0,0,0.07377604166666663,0,0,10.728832197594059,0.15724953330699531,2.123402506430794,0.9429246862180857,0.24947428452567239,6.0,0.5,6.0,8.464000000000004,0.1230095105268737,-12.243333333333334,-0.16954055757080227,20.156000000000006,0.292550068097676,2.0,0.3333333333333333,0.3333333333333333,12.0,1.0,6.0,0.6666666666666666,6.169561,10.403241,5.459443,0.08333333333333333,0.8,0.19999999999999996,0,0,0,20260914,20260914/ghp2
44841674-7bca-439c-887c-4a850dbe8229,8,6,20.0,0.6666666666666666,0.3333333333333333,0.3333333333333333,0.16666666666666666,0.611111111111111,0.23372982186625146,4.166666666666667,-0.19444444444444445,0.2018433569398328,1.8333333333333333,5600.0,228.11084437176623,0.020796230158730153,,,0.08333333333333333,0.0,0.4166666666666667,0.5,0.3333333333333333,1,ghp,1,1,1,1.0,2.0,5.0,0.0,0.0,0.625,0.25,0.125,0.0,0.0,4.0,82.0625,18.0625,18.0625,79.0,85.0,85.0,79.0,64,77.0,85.0,76.0,0.025974025974025983,0.2822265625,0.2822265625,-0.03871451218069044,0.234375,0,0,0.2822265625,0,0,2.1549331429152097,0.027860078977223326,3.8693930953294853,0.9999335151570969,0.07140356928781802,8.0,0.5714285714285714,4.0,1.2166666666666686,0.014967166047056118,0.6499999999999986,-0.027063292017260362,3.5166666666666706,0.04203045806431648,-2.0,-0.5,0.5,14.0,3.0,4.0,0.7777777777777778,4.482060499999999,6.37894,13.290401,0.21428571428571427,0.6666666666666666,0.33333333333333337,0,0,0,20260914,20260914/ghp1
4fe4ada1-68d9-4a76-a737-4972c972e615,8,6,21.333333333333332,0.3333333333333333,0.6666666666666666,0.3333333333333333,0.8333333333333334,0.8194444444444445,0.06273105439242341,5.833333333333333,-0.23611111111111113,0.19872277358355472,1.1666666666666667,5600.0,290.743648116343,0.026398710317460293,,,0.0,0.4166666666666667,0.5833333333333334,0.0,0.16666666666666666,1,ng,0,0,0,0.0,2.0,2.0,0.0,4.0,0.25,0.25,0.0,0.5,0.0,4.0,130.2825,66.2825,66.2825,130.0,131.0,131.13,129.0,64,135.5,141.0,127.35,-0.040590405904059046,1.0356640625,1.0356640625,-0.02059524903011667,1.03125,0,0,1.0356640625,0,0,16.610585301351527,0.16644951227245003,2.2751980130678597,1.0,0.3014347199367786,13.0,0.8125,4.0,1.4675000000000011,0.011222592133298976,-0.6574999999999989,-0.00498135985317711,2.125,0.016203951986476086,-4.0,-1.0,1.0,16.0,12.0,4.0,0.8,9.095208,13.2677065,12.5781755,0.75,0.75,0.25,0,0,0,20260914,20260914/ng1
64b4c4a1-3dce-4f58-9d14-2004e6bb692e,8,6,19.833333333333332,0.6666666666666666,0.3333333333333333,0.3333333333333333,0.6666666666666666,0.7916666666666666,0.1467234738471584,3.8333333333333335,-0.4083333333333334,0.2598610739948901,1.6666666666666667,5600.0,566.3784732844283,0.04210069444444445,,,0.0,0.25,0.5833333333333334,0.16666666666666666,0.5,1,ng,0,0,0,0.0,2.0,6.0,0.0,0.0,0.75,0.25,0.0,0.0,0.0,4.0,70.5,6.5,6.5,71.5,70.0,71.5,69.5,64,90.0,86.0,67.38,-0.2055555555555556,0.1015625,0.1015625,-0.05934921172155505,0.1171875,0,0,0.1015625,0,0,9.517725636781057,0.13796330816318156,2.7545458842696258,1.0,0.20309097478694774,7.0,0.3888888888888889,4.0,4.625,0.067579939185986,0.625,0.010160953856060483,4.0,0.05741898532992551,2.0,0.5,0.5,18.0,13.0,4.0,0.8181818181818182,1.615329,0.154825,8.798265,0.7222222222222222,0.5833333333333333,0.41666666666666674,0,0,0,20260914,20260914/ng2
0a71a83d-0063-43c4-a639-2831a4759545,9,6,20.166666666666668,0.3333333333333333,0.3333333333333333,0.6666666666666666,0.8333333333333334,0.6944444444444445,0.20184335693983274,4.5,-0.24444444444444446,0.14744741686696564,1.0,5480.0,216.11877873058603,0.017017639902676397,47.5,8.617811013631401,0.0,0.3333333333333333,0.5,0.16666666666666666,0.16666666666666666,1,ghp,1,1,1,0.0,2.0,6.0,7.0,3.0,0.3333333333333333,0.1111111111111111,0.0,0.16666666666666666,0.3888888888888889,9.0,60.51777777777777,4.517777777777777,4.851111111111111,60.0,60.0,67.16,55.0,56,67.0,75.0,45.0,-0.10447761194029848,0.08662698412698412,0.07579861111111111,-0.2876820724517808,0.0625,0,0,0.0806746031746031,0,0,4.81272297516402,0.08427408019439231,5.539576465585915,0.8218012330373408,0.0798715832991812,4.0,0.2222222222222222,9.0,4.916666666666667,0.08683104335278248,6.1171428571428565,0.05218646088211306,1.8333333333333333,0.03464458247066943,5.0,0.5555555555555556,0.5555555555555556,18.0,5.0,9.0,0.6666666666666666,2.8112909999999998,5.41131,4.073805,0.2777777777777778,0.9333333333333333,0.06666666666666665,0,0,0,20260914,20260914/ghp2
44841674-7bca-439c-887c-4a850dbe8229,9,6,20.0,0.6666666666666666,0.3333333333333333,0.3333333333333333,0.16666666666666666,0.611111111111111,0.23372982186625146,4.166666666666667,-0.19444444444444445,0.2018433569398328,1.8333333333333333,5480.0,256.72029393875346,0.023181873479318726,65.0,37.68509873499958,0.08333333333333333,0.0,0.4166666666666667,0.5,0.3333333333333333,1,ghp,1,1,1,5.0,0.0,6.0,1.0,0.0,0.5,0.0,0.4166666666666667,0.0,0.08333333333333333,6.0,77.04166666666667,21.041666666666668,21.041666666666668,76.0,77.0,78.0,76.0,56,79.0,77.0,67.0,-0.03797468354430378,0.3757440476190476,0.3287760416666667,-0.12604072089536533,0.3125,0,0,0.3757440476190477,0,0,7.585130166524423,0.1024483007264376,3.965374412421056,1.0,0.040908472661589146,2.0,0.5,6.0,1.625,0.021069827856046292,-0.75,-0.009644177209660558,2.375,0.030714005065706845,-2.0,-0.3333333333333333,0.3333333333333333,4.0,1.0,6.0,0.4,6.2438795,13.029716,11.2759345,0.25,1.0,0.0,0,0,0,20260914,20260914/ghp1
4fe4ada1-68d9-4a76-a737-4972c972e615,9,6,21.333333333333332,0.3333333333333333,0.6666666666666666,0.3333333333333333,0.8333333333333334,0.8194444444444445,0.06273105439242341,5.833333333333333,-0.23611111111111113,0.19872277358355472,1.1666666666666667,5480.0,466.8336627536622,0.04318532035685321,115.0,18.843212748007346,0.0,0.4166666666666667,0.5833333333333334,0.0,0.16666666666666666,1,ng,0,0,0,0.0,1.0,5.0,0.0,12.0,0.2777777777777778,0.05555555555555555,0.0,0.6666666666666666,0.0,9.0,125.75555555555555,69.75555555555555,69.75555555555555,127.35,129.0,129.38,110.0,56,130.0,135.5,88.0,-0.020384615384615445,1.2456349206349204,1.0899305555555554,-0.36960238694725867,1.11484375,0,0,1.2456349206349204,0,0,44.31106038516619,0.4250070210565368,2.8401523688286554,1.0,0.4214690593317834,8.0,0.6666666666666666,9.0,20.076249999999998,0.1956962911059989,7.403333333333336,0.13726165680642513,4.458749999999995,0.05843463429957376,3.0,0.3333333333333333,0.3333333333333333,12.0,5.0,9.0,0.5714285714285714,3.689272,5.325709,5.325709,0.4166666666666667,0.8666666666666666,0.13333333333333341,0,0,0,20260914,20260914/ng1
64b4c4a1-3dce-4f58-9d14-2004e6bb692e,9,6,19.833333333333332,0.6666666666666666,0.3333333333333333,0.3333333333333333,0.6666666666666666,0.7916666666666666,0.1467234738471584,3.8333333333333335,-0.4083333333333334,0.2598610739948901,1.6666666666666667,5480.0,487.06333957710274,0.03862682481751825,56.0,2037.7616887163229,0.0,0.25,0.5833333333333334,0.16666666666666666,0.5,1,ng,0,0,0,0.0,2.0,4.0,0.0,0.0,0.6666666666666666,0.3333333333333333,0.0,0.0,0.0,3.0,67.79333333333334,11.793333333333331,11.793333333333331,67.38,69.0,69.0,67.0,56,71.5,90.0,60.0,-0.05762237762237765,0.21059523809523806,0.1842708333333333,-0.1160036757563061,0.17781249999999993,0,0,0.21059523809523814,0,0,13.015701983571075,0.2737000922910629,3.0386938669513843,1.0,0.5491208285338038,6.0,0.5,3.0,7.293333333333332,0.11905489478258202,9.75333333333333,0.16135263362619176,-2.4599999999999986,-0.04229773884360973,3.0,1.0,1.0,12.0,7.0,3.0,0.8,3.9466900000000003,3.9466900000000003,3.8665485000000004,0.5833333333333334,0.75,0.25,0,0,0,20260914,20260914/ng2
0a71a83d-0063-43c4-a639-2831a4759545,10,6,20.166666666666668,0.3333333333333333,0.3333333333333333,0.6666666666666666,0.8333333333333334,0.6944444444444445,0.20184335693983274,4.5,-0.24444444444444446,0.14744741686696564,1.0,5480.0,233.37283158071335,0.018394059205190588,,,0.0,0.3333333333333333,0.5,0.16666666666666666,0.16666666666666666,1,ghp,1,1,1,0.0,5.0,3.0,4.0,6.0,0.16666666666666666,0.2777777777777778,0.0,0.3333333333333333,0.2222222222222222,9.0,52.833333333333336,4.833333333333333,7.5,45.0,55.5,60.0,45.0,48,60.0,67.0,36.0,-0.25,0.15625,0.1171875,-0.2231435513142097,-0.046875,0,0,0.10069444444444449,0,0,6.941475837525383,0.14792354371780403,2.6641018439999793,0.6521015912187993,0.23597039364916647,6.0,0.4,9.0,5.875,0.10986929528814512,5.557777777777779,0.1046442690899801,0.12249999999999872,0.005225026198165037,-1.0,-0.1111111111111111,0.1111111111111111,15.0,6.0,9.0,0.625,2.294745,11.324699,22.665367,0.4,0.7222222222222222,0.2777777777777778,0,0,0,20260914,20260914/ghp2
44841674-7bca-439c-887c-4a850dbe8229,10,6,20.0,0.6666666666666666,0.3333333333333333,0.3333333333333333,0.16666666666666666,0.611111111111111,0.23372982186625146,4.166666666666667,-0.19444444444444445,0.2018433569398328,1.8333333333333333,5480.0,302.1504597381906,0.028173763179237594,,,0.08333333333333333,0.0,0.4166666666666667,0.5,0.3333333333333333,1,ghp,1,1,1,4.0,2.0,9.0,1.0,0.0,0.5625,0.125,0.25,0.0,0.0625,8.0,73.56875,25.56875,25.56875,67.0,78.0,80.7,67.0,48,76.0,79.0,60.16,-0.11842105263157898,0.5326822916666667,0.39951171875,-0.10768493974938131,0.296875,0,0,0.5326822916666666,0,0,1.4767057017777254,0.02504515266497442,2.0371130851008084,1.0,0.5064422955610002,15.0,0.7894736842105263,8.0,7.142857142857147,0.09732141892738137,5.662499999999998,0.07344171189288841,1.9100000000000088,0.023879707034492974,2.0,0.25,0.25,19.0,2.0,8.0,0.7037037037037037,1.9333035,4.682785,1.9523155,0.10526315789473684,0.82,0.18000000000000005,0,0,0,20260914,20260914/ghp1
4fe4ada1-68d9-4a76-a737-4972c972e615,10,6,21.333333333333332,0.3333333333333333,0.6666666666666666,0.3333333333333333,0.8333333333333334,0.8194444444444445,0.06273105439242341,5.833333333333333,-0.23611111111111113,0.19872277358355472,1.1666666666666667,5480.0,537.9906362382156,0.04997769667477698,,,0.0,0.4166666666666667,0.5833333333333334,0.0,0.16666666666666666,1,ng,0,0,0,0.0,0.0,3.0,0.0,3.0,0.5,0.0,0.0,0.5,0.0,3.0,92.66666666666667,44.666666666666664,44.666666666666664,88.0,100.0,100.0,88.0,48,127.35,130.0,100.0,-0.30899096976835494,0.9305555555555555,0.6979166666666666,0.12783337150988494,0.625,0,0,0.9305555555555557,0,0,25.103027181865837,0.25619700292177167,2.6430083033590477,1.0,0.6808739591845959,7.0,0.5,3.0,18.666666666666668,0.22936779819370912,-25.666666666666668,-0.30475809428238576,44.333333333333336,0.5341258924760949,3.0,1.0,1.0,14.0,10.0,3.0,0.8235294117647058,1.46944,4.438759,4.503669,0.7142857142857143,1.0,0.0,0,0,0,20260914,20260914/ng1
64b4c4a1-3dce-4f58-9d14-2004e6bb692e,10,6,19.833333333333332,0.6666666666666666,0.3333333333333333,0.3333333333333333,0.6666666666666666,0.7916666666666666,0.1467234738471584,3.8333333333333335,-0.4083333333333334,0.2598610739948901,1.6666666666666667,5480.0,492.43118987326545,0.03950628548256286,,,0.0,0.25,0.5833333333333334,0.16666666666666666,0.5,1,ng,0,0,0,0.0,2.0,14.0,0.0,0.0,0.875,0.125,0.0,0.0,0.0,8.0,54.1875,6.1875,6.1875,60.0,58.5,60.0,50.0,48,67.38,71.5,26.0,-0.10952804986642917,0.12890625,0.0966796875,-0.8362480242006183,0.1875,0,0,0.12890625,0,0,16.459365262907294,0.4148857625732334,3.4706740604361723,1.0,0.3918453632240054,5.0,0.3125,8.0,10.53125,0.21056840410251937,5.78125,0.12283882264510187,4.75,0.08772958145741748,2.0,0.25,0.25,16.0,9.0,8.0,0.6666666666666666,1.946474,4.3276505,49.326519,0.5625,0.6,0.4,0,0,0,20260914,20260914/ng2
0a71a83d-0063-43c4-a639-2831a4759545,11,6,20.166666666666668,0.3333333333333333,0.3333333333333333,0.6666666666666666,0.8333333333333334,0.6944444444444445,0.20184335693983274,4.5,-0.24444444444444446,0.14744741686696564,1.0,5480.0,233.47047462152466,0.0184346107055961,,,0.0,0.3333333333333333,0.5,0.16666666666666666,0.16666666666666666,1,ghp,1,1,1,0.0,1.0,0.0,1.0,0.0,0.0,0.5,0.0,0.0,0.5,1.0,36.0,-4.0,4.0,36.0,36.0,36.0,36.0,40,45.0,60.0,20.0,-0.19999999999999996,0.1,0.0625,-0.5877866649021191,-0.0625,0,0,-0.1,0,0,1.6250437599543617,0.04316962652201103,2.7442715639569206,0.8229553423991005,0.0535429404917235,7.0,0.30434782608695654,1.0,1.0,0.0273972602739726,0.12999999999999545,0.0035616438356163137,0.8700000000000045,0.02383561643835629,-1.0,-1.0,1.0,23.0,12.0,1.0,0.9583333333333334,2.595883,7.433973,2.595883,0.5217391304347826,1.0,0.0,0,0,0,20260914,20260914/ghp2
44841674-7bca-439c-887c-4a850dbe8229,11,6,20.0,0.6666666666666666,0.3333333333333333,0.3333333333333333,0.16666666666666666,0.611111111111111,0.23372982186625146,4.166666666666667,-0.19444444444444445,0.2018433569398328,1.8333333333333333,5480.0,329.2801328352504,0.030520377128953793,,,0.08333333333333333,0.0,0.4166666666666667,0.5,0.3333333333333333,1,ghp,1,1,1,2.0,5.0,8.0,1.0,0.0,0.5,0.3125,0.125,0.0,0.0625,8.0,61.39375,21.393749999999997,21.393749999999997,60.16,66.63,67.25,53.32,40,67.0,76.0,53.32,-0.102089552238806,0.53484375,0.33427734374999996,-0.12069618433107632,0.31499999999999995,0,0,0.53484375,0,0,19.001532507057586,0.4310461898108019,5.930046289717534,0.9976456153070218,0.506639032070794,15.0,0.8333333333333334,8.0,12.312857142857142,0.23039483518966467,1.9812499999999993,0.0929336906872813,7.485714285714287,0.1374611445023834,0.0,0.0,0.0,18.0,4.0,8.0,0.6923076923076923,1.863269,3.921644,1.863269,0.2222222222222222,0.5833333333333334,0.41666666666666663,0,0,0,20260914,20260914/ghp1
4fe4ada1-68d9-4a76-a737-4972c972e615,11,6,21.333333333333332,0.3333333333333333,0.6666666666666666,0.3333333333333333,0.8333333333333334,0.8194444444444445,0.06273105439242341,5.833333333333333,-0.23611111111111113,0.19872277358355472,1.1666666666666667,5480.0,590.270674080968,0.05496553122465532,,,0.0,0.4166666666666667,0.5833333333333334,0.0,0.16666666666666666,1,ng,0,0,0,0.0,1.0,2.0,0.0,3.0,0.3333333333333333,0.16666666666666666,0.0,0.5,0.0,3.0,86.0,46.0,46.0,100.0,81.0,100.0,77.0,40,88.0,127.35,25.0,0.13636363636363646,1.15,0.71875,-1.3862943611198912,0.9375,0,0,1.15,0,0,28.895791726759235,0.4065643749732907,2.3124576205231104,1.0,0.6663422530325374,4.0,0.25,3.0,21.0,0.2192786550196578,-2.1666666666666665,-0.011649000964759293,23.166666666666668,0.23092765598441709,-3.0,-1.0,1.0,16.0,13.0,3.0,0.8421052631578947,1.94947,2.847454,1.94947,0.8125,1.0,0.0,0,0,0,20260914,20260914/ng1
64b4c4a1-3dce-4f58-9d14-2004e6bb692e,11,6,19.833333333333332,0.6666666666666666,0.3333333333333333,0.3333333333333333,0.6666666666666666,0.7916666666666666,0.1467234738471584,3.8333333333333335,-0.4083333333333334,0.2598610739948901,1.6666666666666667,5480.0,496.3868378190542,0.040631589618815904,,,0.0,0.25,0.5833333333333334,0.16666666666666666,0.5,1,ng,0,0,0,0.0,3.0,10.0,5.0,0.0,0.5555555555555556,0.16666666666666666,0.0,0.0,0.2777777777777778,9.0,30.333333333333332,-9.666666666666666,9.666666666666666,26.0,40.0,40.0,26.0,40,60.0,67.38,21.0,-0.5666666666666667,0.24166666666666664,0.15104166666666666,-0.21357410029805912,-0.21875,0,0,-0.2416666666666667,0,0,10.743242955821824,0.3483889666594514,3.4709529031421633,1.0,0.42496232045469573,7.0,0.4375,9.0,8.944444444444445,0.2859335291462888,5.555555555555555,0.172607471572392,3.388888888888889,0.11332605757389677,-3.0,-0.3333333333333333,0.3333333333333333,16.0,4.0,9.0,0.64,3.224285,4.86913,6.049129000000001,0.25,0.8666666666666666,0.13333333333333341,0,0,0,20260914,20260914/ng2
0a71a83d-0063-43c4-a639-2831a4759545,12,6,20.166666666666668,0.3333333333333333,0.3333333333333333,0.6666666666666666,0.8333333333333334,0.6944444444444445,0.20184335693983274,4.5,-0.24444444444444446,0.14744741686696564,1.0,5480.0,222.7855437859467,0.01777787915652879,19.0,5.382068994974578,0.0,0.3333333333333333,0.5,0.16666666666666666,0.16666666666666666,1,ghp,1,1,1,0.0,3.0,2.0,0.0,3.0,0.25,0.375,0.0,0.375,0.0,4.0,26.75,-5.25,6.75,20.0,35.0,35.0,20.0,32,36.0,45.0,11.0,-0.4444444444444444,0.2109375,0.10546875,-0.5978370007556202,-0.1875,0,0,-0.1640625,0,0,5.289422704139479,0.2926002665901862,3.5665243795075767,0.9172448722738173,1.2784330380349764,4.0,0.21052631578947367,4.0,11.166666666666666,0.38984460920981606,5.657499999999999,0.24736720357451572,4.0,0.14247740563530037,-4.0,-1.0,1.0,19.0,9.0,4.0,0.8260869565217391,2.8161365,8.9906815,8.11316,0.47368421052631576,0.8,0.19999999999999996,0,0,0,20260914,20260914/ghp2
44841674-7bca-439c-887c-4a850dbe8229,12,6,20.0,0.6666666666666666,0.3333333333333333,0.3333333333333333,0.16666666666666666,0.611111111111111,0.23372982186625146,4.166666666666667,-0.19444444444444445,0.2018433569398328,1.8333333333333333,5480.0,345.39850700314264,0.03239983779399838,42.5,1659.1645688920275,0.08333333333333333,0.0,0.4166666666666667,0.5,0.3333333333333333,1,ghp,1,1,1,1.0,3.0,11.0,1.0,0.0,0.6875,0.1875,0.0625,0.0,0.0625,8.0,54.25375,22.25375,22.25375,53.32,57.08,57.08,52.15,32,60.16,67.0,44.5,-0.11369680851063824,0.6954296875,0.34771484375,-0.1808223061383134,0.333125,0,0,0.6954296874999999,0,0,12.47107444088267,0.27906727192442266,3.2462928928455685,1.0,0.21603796129434216,7.0,0.3888888888888889,8.0,3.543750000000003,0.06683119795820243,4.407500000000001,0.08625240126868994,-0.8637499999999978,-0.019421203310487516,0.0,0.0,0.0,18.0,3.0,8.0,0.6923076923076923,3.4544265,10.6027695,2.9097239999999998,0.16666666666666666,0.6857142857142857,0.3142857142857143,0,0,0,20260914,20260914/ghp1
4fe4ada1-68d9-4a76-a737-4972c972e615,12,6,21.333333333333332,0.3333333333333333,0.6666666666666666,0.3333333333333333,0.8333333333333334,0.8194444444444445,0.06273105439242341,5.833333333333333,-0.23611111111111113,0.19872277358355472,1.1666666666666667,5480.0,588.7222822010393,0.05485472424979725,11.0,25.105776227792678,0.0,0.4166666666666667,0.5833333333333334,0.0,0.16666666666666666,1,ng,0,0,0,0.0,2.0,2.0,0.0,6.0,0.2,0.2,0.0,0.6,0.0,5.0,31.613999999999997,-0.38599999999999995,3.786,25.0,38.0,38.0,25.0,32,100.0,88.0,20.0,-0.75,0.1183125,0.05915625,-0.2231435513142097,-0.109375,0,0,-0.012062500000000087,0,0,9.01970579368582,0.2759723792916744,2.0942038638616873,0.9492086952704577,0.47917730014170645,11.0,0.4782608695652174,5.0,4.728,0.15325595936345268,2.614,0.10711228352167286,2.114,0.04614367584177981,-1.0,-0.2,0.2,23.0,18.0,5.0,0.8214285714285714,2.2676410000000002,3.652948,1.8510805000000001,0.782608695652174,0.8,0.19999999999999996,0,0,0,20260914,20260914/ng1
64b4c4a1-3dce-4f58-9d14-2004e6bb692e,12,6,19.833333333333332,0.6666666666666666,0.3333333333333333,0.3333333333333333,0.6666666666666666,0.7916666666666666,0.1467234738471584,3.8333333333333335,-0.4083333333333334,0.2598610739948901,1.6666666666666667,5480.0,505.920532060125,0.041039639091646395,23.0,2187.807456488497,0.0,0.25,0.5833333333333334,0.16666666666666666,0.5,1,ng,0,0,0,0.0,0.0,5.0,3.0,0.0,0.625,0.0,0.0,0.0,0.375,4.0,24.0,-8.0,8.0,21.0,25.0,25.0,21.0,32,26.0,60.0,20.0,-0.1923076923076923,0.25,0.125,-0.04879016416943216,-0.171875,0,0,-0.25,0,0,9.042865985585069,0.6000459981082203,2.917464977081258,1.0,0.9681072842838665,5.0,0.45454545454545453,4.0,5.75,0.21636363636363637,-3.625,-0.12954545454545455,9.375,0.3459090909090909,-4.0,-1.0,1.0,11.0,7.0,4.0,0.7333333333333333,5.332339,7.43679,18.808500499999997,0.6363636363636364,1.0,0.0,0,0,0,20260914,20260914/ng2
0a71a83d-0063-43c4-a639-2831a4759545,13,6,20.166666666666668,0.3333333333333333,0.3333333333333333,0.6666666666666666,0.8333333333333334,0.6944444444444445,0.20184335693983274,4.5,-0.24444444444444446,0.14744741686696564,1.0,5480.0,191.59916106288148,0.015798763179237625,,,0.0,0.3333333333333333,0.5,0.16666666666666666,0.16666666666666666,1,ghp,1,1,1,0.0,4.0,3.0,0.0,7.0,0.21428571428571427,0.2857142857142857,0.0,0.5,0.0,7.0,14.571428571428571,-9.428571428571429,9.428571428571429,11.0,20.0,20.0,10.0,24,20.0,36.0,8.0,-0.44999999999999996,0.39285714285714285,0.14732142857142858,-0.3184537311185349,-0.203125,0,0,-0.39285714285714285,0,0,12.596001386720111,0.9172313516219934,3.563965741390155,1.0,1.0585509884309674,11.0,0.5238095238095238,7.0,10.996666666666664,0.6054230705578704,2.708571428571427,0.35251606797409507,6.336666666666669,0.25290700258377524,-7.0,-1.0,1.0,21.0,15.0,7.0,0.75,3.782542,6.225469,43.2500435,0.7142857142857143,1.0,0.0,0,0,0,20260914,20260914/ghp2
44841674-7bca-439c-887c-4a850dbe8229,13,6,20.0,0.6666666666666666,0.3333333333333333,0.3333333333333333,0.16666666666666666,0.611111111111111,0.23372982186625146,4.166666666666667,-0.19444444444444445,0.2018433569398328,1.8333333333333333,5480.0,371.2541132970783,0.03476703163017029,,,0.08333333333333333,0.0,0.4166666666666667,0.5,0.3333333333333333,1,ghp,1,1,1,2.0,2.0,8.0,0.0,0.0,0.6666666666666666,0.16666666666666666,0.16666666666666666,0.0,0.0,6.0,47.583333333333336,23.583333333333332,23.583333333333332,44.5,50.0,55.0,43.0,24,53.32,60.16,39.85,-0.16541635408852218,0.9826388888888888,0.3684895833333333,-0.11036678393597077,0.3203125,0,0,0.982638888888889,0,0,5.11613440413954,0.11265758780555069,2.0,1.0,0.20110009384376923,10.0,0.43478260869565216,6.0,6.596666666666667,0.1429381864636516,2.263333333333333,0.050809947979637775,4.333333333333333,0.09212823848401386,0.0,0.0,0.0,23.0,4.0,6.0,0.7931034482758621,0.635866,3.92365,7.4428605,0.17391304347826086,0.3833333333333333,0.6166666666666667,0,0,0,20260914,20260914/ghp1
4fe4ada1-68d9-4a76-a737-4972c972e615,13,6,21.333333333333332,0.3333333333333333,0.6666666666666666,0.3333333333333333,0.8333333333333334,0.8194444444444445,0.06273105439242341,5.833333333333333,-0.23611111111111113,0.19872277358355472,1.1666666666666667,5480.0,574.1821466747291,0.05365845498783456,,,0.0,0.4166666666666667,0.5833333333333334,0.0,0.16666666666666666,1,ng,0,0,0,0.0,4.0,6.0,0.0,6.0,0.375,0.25,0.0,0.375,0.0,8.0,30.25,6.25,7.25,20.0,29.0,35.0,20.0,24,25.0,100.0,18.25,-0.19999999999999996,0.3020833333333333,0.11328125,-0.09156719352549025,-0.0625,0,0,0.2604166666666667,0,0,10.606043264794874,0.45458323452562527,2.056121227059742,1.0,0.7517782375694669,7.0,0.3181818181818182,8.0,9.875,0.35582862725719866,6.375,0.24269126983412698,3.5,0.1131373574230717,0.0,0.0,0.0,22.0,8.0,8.0,0.7333333333333333,1.035468,4.911308999999999,7.799501,0.36363636363636365,1.0,0.0,0,0,0,20260914,20260914/ng1
64b4c4a1-3dce-4f58-9d14-2004e6bb692e,13,6,19.833333333333332,0.6666666666666666,0.3333333333333333,0.3333333333333333,0.6666666666666666,0.7916666666666666,0.1467234738471584,3.8333333333333335,-0.4083333333333334,0.2598610739948901,1.6666666666666667,5480.0,492.11952060449727,0.03980738037307382,,,0.0,0.25,0.5833333333333334,0.16666666666666666,0.5,1,ng,0,0,0,0.0,3.0,19.0,0.0,0.0,0.8636363636363636,0.13636363636363635,0.0,0.0,0.0,11.0,18.009090909090908,-5.990909090909091,6.081818181818182,20.0,24.5,24.5,7.6,24,21.0,26.0,15.0,-0.04761904761904767,0.2534090909090909,0.0950284090909091,-0.2876820724517808,-0.0625,0,0,-0.24962121212121216,0,0,6.8348519793115186,0.5254533407423412,2.7216115740339397,1.0,1.5439265560981874,10.0,0.5882352941176471,11.0,5.735,0.447446585965538,-1.05,-0.23670932821951013,8.790000000000001,0.6841559141850482,3.0,0.2727272727272727,0.2727272727272727,17.0,7.0,11.0,0.6071428571428571,3.464022,4.881566,5.278173,0.4117647058823529,0.8194444444444444,0.18055555555555558,0,0,0,20260914,20260914/ng2
0a71a83d-0063-43c4-a639-2831a4759545,14,6,20.166666666666668,0.3333333333333333,0.3333333333333333,0.6666666666666666,0.8333333333333334,0.6944444444444445,0.20184335693983274,4.5,-0.24444444444444446,0.14744741686696564,1.0,5480.0,175.60439516139672,0.014605028386050269,,,0.0,0.3333333333333333,0.5,0.16666666666666666,0.16666666666666666,1,ghp,1,1,1,0.0,5.0,5.0,0.0,4.0,0.35714285714285715,0.35714285714285715,0.0,0.2857142857142857,0.0,7.0,7.0042857142857144,-8.995714285714286,8.995714285714286,8.0,8.01,8.01,5.0,16,11.0,20.0,2.0,-0.2727272727272727,0.5622321428571428,0.1405580357142857,-1.3862943611198904,-0.125,0,0,-0.5622321428571428,0,0,8.177813664840881,0.8163555738154966,5.833914263440892,1.0,0.7883242065461682,6.0,0.24,7.0,9.277142857142858,0.7646228207749388,3.5671428571428563,0.37608130374805454,5.71,0.38854151702688416,-7.0,-1.0,1.0,25.0,7.0,7.0,0.78125,1.0728469999999999,2.811724,2.811724,0.28,0.8,0.19999999999999996,0,0,0,20260914,20260914/ghp2
44841674-7bca-439c-887c-4a850dbe8229,14,6,20.0,0.6666666666666666,0.3333333333333333,0.3333333333333333,0.16666666666666666,0.611111111111111,0.23372982186625146,4.166666666666667,-0.19444444444444445,0.2018433569398328,1.8333333333333333,5480.0,484.31651539050387,0.044258921330089226,,,0.08333333333333333,0.0,0.4166666666666667,0.5,0.3333333333333333,1,ghp,1,1,1,10.0,1.0,9.0,2.0,0.0,0.4090909090909091,0.045454545454545456,0.45454545454545453,0.0,0.09090909090909091,11.0,41.441818181818185,25.44181818181818,25.44181818181818,39.85,44.09,44.09,39.0,16,44.5,53.32,36.0,-0.10449438202247185,1.5901136363636363,0.3975284090909091,-0.101603466780114,0.37265625,0,0,1.5901136363636366,1,1,2.267881595887805,0.0533472414867222,2.0,1.0,0.10608751286062343,11.0,0.5789473684210527,11.0,2.1190909090909105,0.05024022471097676,-0.23090909090909148,-0.0051030232752074635,2.350000000000002,0.055343247986184216,-9.0,-0.8181818181818182,0.8181818181818182,19.0,1.0,11.0,0.6333333333333333,2.2623604999999998,2.586285,2.184225,0.05263157894736842,0.9428571428571428,0.05714285714285716,0,0,1,20260914,20260914/ghp1
4fe4ada1-68d9-4a76-a737-4972c972e615,14,6,21.333333333333332,0.3333333333333333,0.6666666666666666,0.3333333333333333,0.8333333333333334,0.8194444444444445,0.06273105439242341,5.833333333333333,-0.23611111111111113,0.19872277358355472,1.1666666666666667,5480.0,573.4067976227699,0.05356214517437146,,,0.0,0.4166666666666667,0.5833333333333334,0.0,0.16666666666666666,1,ng,0,0,0,0.0,1.0,0.0,0.0,7.0,0.0,0.125,0.0,0.875,0.0,4.0,17.8125,1.8125,1.8125,18.25,18.0,18.25,17.0,16,20.0,25.0,10.0,-0.08750000000000002,0.11328125,0.0283203125,-0.6015799870344547,0.03515625,0,0,0.11328125,0,0,4.6656763371401615,0.31306173624845707,2.032028024431705,1.0,0.47299465027053383,8.0,0.32,4.0,3.9375,0.20484330484330485,0.9675000000000011,0.049730056980057044,2.969999999999999,0.1551132478632478,-2.0,-0.5,0.5,25.0,15.0,4.0,0.8620689655172413,0.8681614999999999,5.3787055,2.831985,0.6,0.75,0.25,0,0,0,20260914,20260914/ng1
64b4c4a1-3dce-4f58-9d14-2004e6bb692e,14,6,19.833333333333332,0.6666666666666666,0.3333333333333333,0.3333333333333333,0.6666666666666666,0.7916666666666666,0.1467234738471584,3.8333333333333335,-0.4083333333333334,0.2598610739948901,1.6666666666666667,5480.0,488.86951281502536,0.039493106244931075,,,0.0,0.25,0.5833333333333334,0.16666666666666666,0.5,1,ng,0,0,0,0.0,2.0,4.0,0.0,0.0,0.6666666666666666,0.3333333333333333,0.0,0.0,0.0,3.0,13.833333333333334,-2.1666666666666665,3.1666666666666665,15.0,17.5,17.5,9.0,16,20.0,21.0,7.0,-0.25,0.19791666666666666,0.049479166666666664,-0.7621400520468968,-0.015625,0,0,-0.13541666666666663,0,0,8.613248171752563,0.7045894504416691,4.426609721441992,1.0,0.7602526401513698,7.0,0.5384615384615384,3.0,3.1000000000000014,0.26081671770178366,-3.633333333333333,-0.1580608213926742,4.0,0.41887753909445785,1.0,0.3333333333333333,0.3333333333333333,13.0,9.0,3.0,0.8125,1.066708,7.285224,0.993359,0.6923076923076923,1.0,0.0,0,0,0,20260914,20260914/ng2
0a71a83d-0063-43c4-a639-2831a4759545,15,6,20.166666666666668,0.3333333333333333,0.3333333333333333,0.6666666666666666,0.8333333333333334,0.6944444444444445,0.20184335693983274,4.5,-0.24444444444444446,0.14744741686696564,1.0,5420.0,217.68814639295346,0.018952644526445264,,,0.0,0.3333333333333333,0.5,0.16666666666666666,0.16666666666666666,1,ghp,1,1,1,0.0,18.0,7.0,2.0,9.0,0.19444444444444445,0.5,0.0,0.25,0.05555555555555555,18.0,3.1844444444444444,-4.815555555555556,4.815555555555556,2.0,5.01,5.01,1.01,8,8.0,11.0,,-0.75,0.6019444444444445,0.07524305555555556,,-0.09375,0,0,-0.6019444444444444,0,0,2.5492268574022727,0.8145862532998468,6.03933197739326,0.8769577598063814,1.1548731516318649,13.0,0.35135135135135137,18.0,2.0888235294117647,0.5971929479086151,0.61,0.3193390887146027,1.339411764705882,0.2778538591940124,-14.0,-0.7777777777777778,0.7777777777777778,37.0,8.0,18.0,0.6727272727272727,0.8577965000000001,2.430884,1.287667,0.21621621621621623,0.9166666666666666,0.08333333333333337,0,0,0,20260914,20260914/ghp2
44841674-7bca-439c-887c-4a850dbe8229,15,6,20.0,0.6666666666666666,0.3333333333333333,0.3333333333333333,0.16666666666666666,0.611111111111111,0.23372982186625146,4.166666666666667,-0.19444444444444445,0.2018433569398328,1.8333333333333333,5420.0,662.3321953823471,0.060241082410824105,,,0.08333333333333333,0.0,0.4166666666666667,0.5,0.3333333333333333,1,ghp,1,1,1,7.0,3.0,19.0,1.0,0.0,0.6333333333333333,0.1,0.23333333333333334,0.0,0.03333333333333333,15.0,37.083333333333336,29.083333333333332,29.083333333333332,36.0,38.79,40.0,35.66,8,39.85,44.5,,-0.09661229611041411,3.6354166666666665,0.4544270833333333,,0.4375,0,0,3.635416666666667,1,0,3.1152748603094493,0.0871353540422873,2.1716748667116335,0.37567683394269497,0.1577691653568279,4.0,0.13333333333333333,15.0,1.7040000000000002,0.04855060422592703,-1.8739999999999999,-0.04756516386411338,3.5780000000000003,0.09611576809004041,1.0,0.06666666666666667,0.06666666666666667,30.0,3.0,15.0,0.6666666666666666,1.544765,1.730653,1.730653,0.1,0.7761904761904762,0.2238095238095238,0,0,2,20260914,20260914/ghp1
4fe4ada1-68d9-4a76-a737-4972c972e615,15,6,21.333333333333332,0.3333333333333333,0.6666666666666666,0.3333333333333333,0.8333333333333334,0.8194444444444445,0.06273105439242341,5.833333333333333,-0.23611111111111113,0.19872277358355472,1.1666666666666667,5420.0,606.2797553934984,0.05715713407134072,,,0.0,0.4166666666666667,0.5833333333333334,0.0,0.16666666666666666,1,ng,0,0,0,0.0,1.0,0.0,0.0,5.0,0.0,0.16666666666666666,0.0,0.8333333333333334,0.0,3.0,12.293333333333331,4.293333333333333,4.293333333333333,10.0,16.88,16.88,10.0,8,18.25,20.0,,-0.452054794520548,0.5366666666666666,0.06708333333333333,,0.03125,0,0,0.5366666666666664,0,0,3.9302371448431774,0.3457680679066025,2.5847631838920884,1.0,0.31232948254382614,8.0,0.27586206896551724,3.0,4.039999999999999,0.3100535827808555,-0.9599999999999985,-0.027567583931220208,4.999999999999997,0.33762116671207565,-3.0,-1.0,1.0,29.0,4.0,3.0,0.90625,1.771488,9.135681,9.620254,0.13793103448275862,1.0,0.0,0,0,0,20260914,20260914/ng1
64b4c4a1-3dce-4f58-9d14-2004e6bb692e,15,6,19.833333333333332,0.6666666666666666,0.3333333333333333,0.3333333333333333,0.6666666666666666,0.7916666666666666,0.1467234738471584,3.8333333333333335,-0.4083333333333334,0.2598610739948901,1.6666666666666667,5420.0,477.37106280125533,0.040330258302583036,,,0.0,0.25,0.5833333333333334,0.16666666666666666,0.5,1,ng,0,0,0,0.0,4.0,12.0,0.0,0.0,0.75,0.25,0.0,0.0,0.0,8.0,8.495000000000001,0.4950000000000001,0.9950000000000001,7.0,8.9,10.0,7.0,8,15.0,20.0,,-0.5333333333333333,0.12437500000000001,0.015546875000000002,,-0.015625,0,0,0.061875000000000124,0,0,4.892617769739219,0.6264883557920529,3.198657016530399,1.0,0.5191436247711964,6.0,0.375,8.0,3.4371428571428573,0.5028261058602398,2.0475000000000003,0.4169867356972287,0.4914285714285714,0.08583937016301112,6.0,0.75,0.75,16.0,2.0,8.0,0.6666666666666666,2.478173,2.478173,3.8608695,0.125,0.875,0.125,0,0,0,20260914,20260914/ng2
a99c17f4-0646-4aad-95ec-b2b882ae056d,1,6,20.0,0.6666666666666666,0.3333333333333333,0.3333333333333333,0.16666666666666666,0.611111111111111,0.23372982186625146,4.166666666666667,-0.19444444444444442,0.2018433569398328,1.8333333333333333,4940.0,121.63387686002604,0.011965811965811967,,,0.08333333333333333,0.25,0.3333333333333333,0.3333333333333333,0.5,2,ghp,1,1,1,0.0,3.0,3.0,3.0,3.0,0.25,0.25,0.0,0.25,0.25,6.0,62.5,-57.5,57.5,115.0,100.0,115.0,15.0,120,,,117.5,,0.4791666666666667,0.8984375,0.02150620522096336,-0.078125,0,0,-0.4791666666666667,0,0,12.559344612156961,0.17142096494119397,4.07862722673785,0.9796993659456064,3.2018777341924336,8.0,0.42105263157894735,6.0,53.333333333333336,0.9975949975949976,-22.333333333333332,-3.257898027898028,75.66666666666667,4.255493025493025,4.0,0.6666666666666666,0.6666666666666666,19.0,3.0,6.0,0.76,1.8447339999999999,7.4899845,11.269028,0.15789473684210525,0.8666666666666666,0.13333333333333341,0,0,0,20260914,20260914/ghp1
b176fed6-8948-4258-bebe-0a1b97aee67e,1,6,19.833333333333332,0.6666666666666666,0.3333333333333333,0.3333333333333333,0.6666666666666666,0.7916666666666666,0.14672347384715842,3.8333333333333335,-0.4083333333333334,0.25986107399489017,1.6666666666666667,4940.0,124.67557900406968,0.012303193882141251,,,0.25,0.08333333333333333,0.3333333333333333,0.3333333333333333,0.3333333333333333,2,ng,0,0,0,0.0,8.0,12.0,4.0,0.0,0.5,0.3333333333333333,0.0,0.0,0.16666666666666666,12.0,96.83333333333333,-23.166666666666668,23.166666666666668,100.0,58.0,110.0,58.0,120,,,98.69,,0.19305555555555556,0.3619791666666667,-0.013186561804175767,-0.3125,0,0,-0.1930555555555556,0,0,32.89663300690188,0.5370963727930038,3.545363409394935,0.9691906047343232,1.4980463122608754,9.0,0.45,12.0,-40.0,-1.6731604373251974,-9.583333333333334,-0.35650667429443184,-30.416666666666668,-1.3166537630307653,-6.0,-0.5,0.5,20.0,7.0,12.0,0.625,1.6781165,1.9289155,8.389754499999999,0.35,1.0,0.0,0,0,0,20260914,20260914/ng2
c49edb61-56eb-4be1-af0a-c5cc50ea413c,1,6,21.333333333333332,0.3333333333333333,0.6666666666666666,0.3333333333333333,0.8333333333333334,0.8194444444444445,0.06273105439242342,5.833333333333333,-0.23611111111111113,0.19872277358355475,1.1666666666666667,4940.0,18.066543665017942,0.0018443544759334234,,,0.16666666666666666,0.25,0.08333333333333333,0.5,0.16666666666666666,2,ng,0,0,0,0.0,0.0,0.0,1.0,1.0,0.0,0.0,0.0,0.5,0.5,1.0,140.0,20.0,20.0,140.0,140.0,140.0,140.0,120,,,117.0,,0.16666666666666666,0.3125,-0.17946848781154756,0.3125,0,0,0.16666666666666666,0,0,8.457177931322834,0.07493856951006206,2.0224126179782083,0.9788406099881435,0.39230956736051587,3.0,0.2727272727272727,1.0,38.0,0.3140495867768595,50.0,0.4132231404958678,-12.0,-0.09917355371900827,1.0,1.0,1.0,11.0,8.0,1.0,0.9166666666666666,0.393976,4.658622,4.658622,0.7272727272727273,1.0,0.0,0,0,0,20260914,20260914/ng1
e8e366df-f509-4f00-b1f1-20c15a53ab17,1,6,20.166666666666668,0.3333333333333333,0.3333333333333333,0.6666666666666666,0.8333333333333334,0.6944444444444445,0.20184335693983274,4.5,-0.24444444444444446,0.14744741686696564,1.0,4940.0,20.245494313550267,0.0019679487179487154,,,0.3333333333333333,0.16666666666666666,0.5,0.0,0.5,2,ghp,1,1,1,0.0,0.0,2.0,0.0,2.0,0.5,0.0,0.0,0.5,0.0,2.0,118.505,-1.4949999999999974,1.4949999999999974,118.01,119.0,119.0,118.01,120,,,118.0,,0.012458333333333313,0.02335937499999996,-8.474217199250234e-05,-0.03109374999999992,0,0,-0.012458333333333372,0,0,23.167285071818437,0.1556244681726605,3.6543313191167717,0.9501534098400432,0.40529518813517623,6.0,0.4,2.0,11.49499999999999,0.09252153163276056,9.99499999999999,0.08047317854944629,1.5,0.012048353083314266,-2.0,-1.0,1.0,15.0,6.0,2.0,0.8823529411764706,7.9074155,7.9074155,37.7609645,0.4,1.0,0.0,0,0,0,20260914,20260914/ghp2
a99c17f4-0646-4aad-95ec-b2b882ae056d,2,6,20.0,0.6666666666666666,0.3333333333333333,0.3333333333333333,0.16666666666666666,0.611111111111111,0.23372982186625146,4.166666666666667,-0.19444444444444442,0.2018433569398328,1.8333333333333333,5120.0,179.9680527204758,0.016856553819444446,,,0.08333333333333333,0.25,0.3333333333333333,0.3333333333333333,0.5,2,ghp,1,1,1,0.0,0.0,11.0,2.0,3.0,0.6875,0.0,0.0,0.1875,0.125,8.0,114.8125,2.8125,3.3125,117.5,110.0,117.5,110.0,112,115.0,,110.25,0.021739130434782705,0.029575892857142856,0.0517578125,-0.0636878192572583,0.0859375,0,0,0.025111607142857144,0,0,1.440920534042919,0.012756789601962094,2.40046088157587,1.0,0.06828794911002277,10.0,0.35714285714285715,8.0,3.2857142857142856,0.028967811403917205,0.75,0.0011389401692626605,3.142857142857143,0.027828871234654544,4.0,0.5,0.5,28.0,10.0,8.0,0.7777777777777778,1.1877635,2.4394925,3.28676,0.35714285714285715,0.36666666666666664,0.6333333333333333,0,0,0,20260914,20260914/ghp1
b176fed6-8948-4258-bebe-0a1b97aee67e,2,6,19.833333333333332,0.6666666666666666,0.3333333333333333,0.3333333333333333,0.6666666666666666,0.7916666666666666,0.14672347384715842,3.8333333333333335,-0.4083333333333334,0.25986107399489017,1.6666666666666667,5120.0,218.6784252732766,0.02136469184027777,,,0.25,0.08333333333333333,0.3333333333333333,0.3333333333333333,0.3333333333333333,2,ng,0,0,0,0.0,5.0,8.0,1.0,0.0,0.5714285714285714,0.35714285714285715,0.0,0.0,0.07142857142857142,7.0,99.15285714285714,-12.847142857142856,12.847142857142856,98.69,99.0,100.54,97.65,112,100.0,,98.13,-0.0131,0.11470663265306122,0.20073660714285713,-0.005690493965514243,-0.20796875000000004,0,0,-0.11470663265306122,0,0,10.185268955443325,0.1221977854405248,3.5484004643203138,1.0,0.7809037573889563,9.0,0.5625,7.0,4.345000000000003,0.04405313001180844,-0.16857142857142549,0.0006151904534242326,4.291666666666667,0.04343793955838421,3.0,0.42857142857142855,0.42857142857142855,16.0,10.0,7.0,0.6956521739130435,2.896034,6.1314139999999995,7.233235499999999,0.625,0.8,0.19999999999999996,0,0,0,20260914,20260914/ng2
c49edb61-56eb-4be1-af0a-c5cc50ea413c,2,6,21.333333333333332,0.3333333333333333,0.6666666666666666,0.3333333333333333,0.8333333333333334,0.8194444444444445,0.06273105439242342,5.833333333333333,-0.23611111111111113,0.19872277358355475,1.1666666666666667,5120.0,41.28922377570209,0.00400390625,,,0.16666666666666666,0.25,0.08333333333333333,0.5,0.16666666666666666,2,ng,0,0,0,0.0,0.0,7.0,10.0,1.0,0.3888888888888889,0.0,0.0,0.05555555555555555,0.5555555555555556,9.0,116.11111111111111,4.111111111111111,4.111111111111111,117.0,118.0,118.0,113.0,112,140.0,,107.9,-0.16428571428571426,0.0367063492063492,0.0642361111111111,-0.08096906253366765,0.078125,0,0,0.036706349206349236,0,0,6.319780275243775,0.057085082512679,2.341773120713458,1.0,0.10365860005952243,8.0,0.5,9.0,6.25,0.055842483100831564,2.1666666666666665,0.014850262542636983,4.5625,0.040992220558194584,5.0,0.5555555555555556,0.5555555555555556,16.0,9.0,9.0,0.64,2.230099,2.474109,6.203576,0.5625,0.9428571428571428,0.05714285714285716,0,0,0,20260914,20260914/ng1
e8e366df-f509-4f00-b1f1-20c15a53ab17,2,6,20.166666666666668,0.3333333333333333,0.3333333333333333,0.6666666666666666,0.8333333333333334,0.6944444444444445,0.20184335693983274,4.5,-0.24444444444444446,0.14744741686696564,1.0,5120.0,49.95095874955741,0.004773220486111112,,,0.3333333333333333,0.16666666666666666,0.5,0.0,0.5,2,ghp,1,1,1,7.0,1.0,11.0,0.0,7.0,0.4230769230769231,0.038461538461538464,0.2692307692307692,0.2692307692307692,0.0,13.0,115.96307692307693,3.963076923076924,4.963076923076924,118.0,118.01,118.01,107.5,112,118.01,,109.26,-8.473858147617364e-05,0.04431318681318682,0.07754807692307694,-0.07695426149809315,0.09375,0,0,0.03538461538461541,0,0,8.379180161340656,0.07394159021836069,2.124611870992007,0.9496900698437291,0.15952516147007995,9.0,0.47368421052631576,13.0,6.166666666666664,0.0545832769355925,2.8784615384615395,0.03192548283672771,2.6299999999999955,0.02265779409886479,-1.0,-0.07692307692307693,0.07692307692307693,19.0,3.0,13.0,0.59375,1.1262565,8.9367695,6.621106,0.15789473684210525,0.9333333333333332,0.06666666666666676,0,0,0,20260914,20260914/ghp2
a99c17f4-0646-4aad-95ec-b2b882ae056d,3,6,20.0,0.6666666666666666,0.3333333333333333,0.3333333333333333,0.16666666666666666,0.611111111111111,0.23372982186625146,4.166666666666667,-0.19444444444444442,0.2018433569398328,1.8333333333333333,5000.0,192.17765218672017,0.018819444444444444,98.0,1274.1415541453782,0.08333333333333333,0.25,0.3333333333333333,0.3333333333333333,0.5,2,ghp,1,1,1,0.0,3.0,25.0,0.0,6.0,0.7352941176470589,0.08823529411764706,0.0,0.17647058823529413,0.0,17.0,111.6029411764706,7.602941176470588,7.602941176470588,110.25,113.0,113.5,110.0,104,117.5,115.0,107.5,-0.0617021276595745,0.07310520361990949,0.11879595588235294,-0.025259666759238186,0.09765625,0,0,0.07310520361990956,0,0,2.0890863001565014,0.01954297016108289,2.231745239152857,1.0,0.05879604260684725,12.0,0.4444444444444444,17.0,1.28125,0.011447673598798006,0.23529411764705882,0.0017282155375674935,1.09375,0.009719458061230512,-1.0,-0.058823529411764705,0.058823529411764705,27.0,9.0,17.0,0.6136363636363636,1.1150415,1.786393,1.506577,0.3333333333333333,0.5301587301587302,0.46984126984126984,0,0,0,20260914,20260914/ghp1
b176fed6-8948-4258-bebe-0a1b97aee67e,3,6,19.833333333333332,0.6666666666666666,0.3333333333333333,0.3333333333333333,0.6666666666666666,0.7916666666666666,0.14672347384715842,3.8333333333333335,-0.4083333333333334,0.25986107399489017,1.6666666666666667,5000.0,162.45609388385532,0.01669833333333333,96.0,1520.8106610182172,0.25,0.08333333333333333,0.3333333333333333,0.3333333333333333,0.3333333333333333,2,ng,0,0,0,0.0,3.0,7.0,0.0,0.0,0.7,0.3,0.0,0.0,0.0,5.0,98.276,-5.724000000000001,5.724000000000001,98.13,97.5,98.75,97.5,104,98.69,100.0,95.0,-0.0056743337724186604,0.05503846153846155,0.08943750000000002,-0.032416238617861026,-0.09171875000000007,0,0,-0.05503846153846158,0,0,9.944446869922857,0.11198284296593553,2.3817874718690435,1.0,0.4332854801052053,6.0,0.6666666666666666,5.0,1.2759999999999991,0.012980840482817519,0.05199999999999818,0.000506451194983399,1.2240000000000009,0.012474389287834117,3.0,0.6,0.6,9.0,4.0,5.0,0.6428571428571429,3.9461304999999998,3.978547,3.978547,0.4444444444444444,0.5833333333333333,0.41666666666666674,0,0,0,20260914,20260914/ng2
c49edb61-56eb-4be1-af0a-c5cc50ea413c,3,6,21.333333333333332,0.3333333333333333,0.6666666666666666,0.3333333333333333,0.8333333333333334,0.8194444444444445,0.06273105439242342,5.833333333333333,-0.23611111111111113,0.19872277358355475,1.1666666666666667,5000.0,59.18229464966703,0.005872222222222202,106.5,45.570458267024996,0.16666666666666666,0.25,0.08333333333333333,0.5,0.16666666666666666,2,ng,0,0,0,0.0,0.0,8.0,8.0,0.0,0.5,0.0,0.0,0.0,0.5,8.0,108.05,4.050000000000001,4.050000000000001,107.9,108.0,110.0,107.0,104,117.0,140.0,109.0,-0.07777777777777772,0.0389423076923077,0.06328125000000001,0.010143009965054794,0.06093750000000009,0,0,0.038942307692307665,0,0,3.4355732864824513,0.03233803931331496,2.0,1.0,0.15192223299155783,9.0,0.6923076923076923,8.0,2.3937500000000007,0.021806173204483005,-1.3999999999999986,-0.013138183053294285,3.7937499999999993,0.03494435625777729,6.0,0.75,0.75,13.0,2.0,8.0,0.6190476190476191,3.168847,2.5892255,3.7038589999999996,0.15384615384615385,1.0,0.0,0,0,0,20260914,20260914/ng1
e8e366df-f509-4f00-b1f1-20c15a53ab17,3,6,20.166666666666668,0.3333333333333333,0.3333333333333333,0.6666666666666666,0.8333333333333334,0.6944444444444445,0.20184335693983274,4.5,-0.24444444444444446,0.14744741686696564,1.0,5000.0,43.04211704830518,0.0035926666666666685,96.0,39.54575409151616,0.3333333333333333,0.16666666666666666,0.5,0.0,0.5,2,ghp,1,1,1,5.0,0.0,11.0,0.0,2.0,0.6111111111111112,0.0,0.2777777777777778,0.1111111111111111,0.0,9.0,109.75666666666667,5.75666666666667,5.75666666666667,109.26,118.0,118.0,107.25,104,118.0,118.01,95.0,-0.07406779661016949,0.05535256410256414,0.08994791666666672,-0.1398534713670312,0.08218750000000008,0,0,0.05535256410256418,0,0,17.87964161892098,0.19058543806419995,2.2418386139262556,1.0,0.19755512084970261,8.0,0.4444444444444444,9.0,4.907499999999999,0.045972395461187164,4.055555555555555,0.012541491861863081,3.75,0.03343090359932408,1.0,0.1111111111111111,0.1111111111111111,18.0,10.0,9.0,0.6666666666666666,1.49521,9.585736,4.3714475,0.5555555555555556,0.8,0.19999999999999996,0,0,0,20260914,20260914/ghp2
a99c17f4-0646-4aad-95ec-b2b882ae056d,4,6,20.0,0.6666666666666666,0.3333333333333333,0.3333333333333333,0.16666666666666666,0.611111111111111,0.23372982186625146,4.166666666666667,-0.19444444444444442,0.2018433569398328,1.8333333333333333,4880.0,203.6187221254468,0.021015482695810543,,,0.08333333333333333,0.25,0.3333333333333333,0.3333333333333333,0.5,2,ghp,1,1,1,0.0,2.0,11.0,0.0,3.0,0.6875,0.125,0.0,0.1875,0.0,8.0,108.375,12.375,12.375,107.5,110.0,110.0,107.5,96,110.25,117.5,105.86,-0.024943310657596363,0.12890625,0.193359375,-0.015373381137875342,0.1796875,0,0,0.12890625,0,0,3.321633732546973,0.03184289147312518,2.7378556210184795,1.0,0.0618070027628182,9.0,0.3333333333333333,8.0,0.7875000000000014,0.0072147456884752124,-0.7500000000000036,-0.006837716508850986,1.537500000000005,0.014052462197326199,-4.0,-0.5,0.5,27.0,16.0,8.0,0.7714285714285715,1.797595,3.1503164999999997,1.291753,0.5925925925925926,0.62,0.38,0,0,0,20260914,20260914/ghp1
b176fed6-8948-4258-bebe-0a1b97aee67e,4,6,19.833333333333332,0.6666666666666666,0.3333333333333333,0.3333333333333333,0.6666666666666666,0.7916666666666666,0.14672347384715842,3.8333333333333335,-0.4083333333333334,0.25986107399489017,1.6666666666666667,4880.0,120.88985251045688,0.01189310109289617,,,0.25,0.08333333333333333,0.3333333333333333,0.3333333333333333,0.3333333333333333,2,ng,0,0,0,0.0,1.0,4.0,1.0,0.0,0.6666666666666666,0.16666666666666666,0.0,0.0,0.16666666666666666,3.0,91.75,-4.25,4.25,95.0,89.0,95.0,89.0,96,98.13,98.69,37.0,-0.03189646387445222,0.044270833333333336,0.06640625,-0.9429589789563164,-0.015625,0,0,-0.044270833333333336,0,0,3.780563151815976,0.0435660424941205,3.0317647461408845,1.0,0.2627889581263581,4.0,0.3333333333333333,3.0,4.083333333333333,0.045386576244933474,0.7666666666666705,0.006970890421640813,3.316666666666663,0.03841568582329266,3.0,1.0,1.0,12.0,9.0,3.0,0.8,4.4557590000000005,7.187175,4.4557590000000005,0.75,1.0,0.0,0,0,0,20260914,20260914/ng2
c49edb61-56eb-4be1-af0a-c5cc50ea413c,4,6,21.333333333333332,0.3333333333333333,0.6666666666666666,0.3333333333333333,0.8333333333333334,0.8194444444444445,0.06273105439242342,5.833333333333333,-0.23611111111111113,0.19872277358355475,1.1666666666666667,4880.0,146.1031792946341,0.014164959016393423,,,0.16666666666666666,0.25,0.08333333333333333,0.5,0.16666666666666666,2,ng,0,0,0,0.0,0.0,4.0,7.0,3.0,0.2857142857142857,0.0,0.0,0.21428571428571427,0.5,7.0,109.0,13.0,13.0,109.0,107.25,112.25,107.25,96,107.9,117.0,115.0,0.010194624652456019,0.13541666666666666,0.203125,0.05358424613410673,0.203125,0,0,0.13541666666666666,0,0,5.469915605453357,0.05081847543077268,2.1199078669876066,1.0,0.06408052311127987,7.0,0.5,7.0,3.2857142857142856,0.029595245735270618,1.2142857142857142,0.011380553529532133,2.0714285714285716,0.018214692205738483,1.0,0.14285714285714285,0.14285714285714285,14.0,7.0,7.0,0.6666666666666666,3.463303,5.423345,3.463303,0.5,1.0,0.0,0,0,0,20260914,20260914/ng1
e8e366df-f509-4f00-b1f1-20c15a53ab17,4,6,20.166666666666668,0.3333333333333333,0.3333333333333333,0.6666666666666666,0.8333333333333334,0.6944444444444445,0.20184335693983274,4.5,-0.24444444444444446,0.14744741686696564,1.0,4880.0,124.99834398903053,0.011552026411657574,,,0.3333333333333333,0.16666666666666666,0.5,0.0,0.5,2,ghp,1,1,1,3.0,0.0,11.0,0.0,0.0,0.7857142857142857,0.0,0.21428571428571427,0.0,0.0,7.0,99.00285714285714,3.0028571428571422,3.288571428571428,95.0,100.02,100.02,95.0,96,109.26,118.0,88.01,-0.13051436939410588,0.03425595238095237,0.05138392857142856,-0.07642644721482039,-0.015625,0,0,0.03127976190476186,0,0,5.006086974380374,0.052225601945590575,2.1392842217315495,1.0,0.1935642697971279,6.0,0.5,7.0,5.0,0.04919592522707431,0.7085714285714297,0.00025523877587483104,5.0,0.048940686451199485,-7.0,-1.0,1.0,12.0,2.0,7.0,0.631578947368421,3.914453,4.743937000000001,4.740846,0.16666666666666666,0.6333333333333333,0.3666666666666667,0,0,0,20260914,20260914/ghp2
a99c17f4-0646-4aad-95ec-b2b882ae056d,5,6,20.0,0.6666666666666666,0.3333333333333333,0.3333333333333333,0.16666666666666666,0.611111111111111,0.23372982186625146,4.166666666666667,-0.19444444444444442,0.2018433569398328,1.8333333333333333,4880.0,259.6650847534187,0.02700910746812388,,,0.08333333333333333,0.25,0.3333333333333333,0.3333333333333333,0.5,2,ghp,1,1,1,0.0,3.0,18.0,0.0,5.0,0.6923076923076923,0.11538461538461539,0.0,0.19230769230769232,0.0,13.0,106.73538461538462,18.735384615384614,18.735384615384614,105.86,107.0,107.6,105.86,88,107.5,110.25,105.0,-0.015255813953488406,0.21290209790209788,0.2927403846153846,-0.008157116272318632,0.2790625,0,0,0.21290209790209794,0,0,4.870768454811306,0.04701835616216568,2.036936239575012,1.0,0.04079530046165057,11.0,0.4230769230769231,13.0,0.666923076923076,0.006245605926129776,-0.07538461538461459,-0.0007118072621859906,0.7423076923076906,0.006957413188315766,-9.0,-0.6923076923076923,0.6923076923076923,26.0,7.0,13.0,0.6666666666666666,1.234107,3.002725,2.5076229999999997,0.2692307692307692,0.8,0.19999999999999996,0,0,0,20260914,20260914/ghp1
b176fed6-8948-4258-bebe-0a1b97aee67e,5,6,19.833333333333332,0.6666666666666666,0.3333333333333333,0.3333333333333333,0.6666666666666666,0.7916666666666666,0.14672347384715842,3.8333333333333335,-0.4083333333333334,0.25986107399489017,1.6666666666666667,4880.0,145.54471629021793,0.01461008652094717,,,0.25,0.08333333333333333,0.3333333333333333,0.3333333333333333,0.3333333333333333,2,ng,0,0,0,0.0,2.0,2.0,0.0,0.0,0.5,0.5,0.0,0.0,0.0,2.0,53.5,-34.5,34.5,37.0,70.0,70.0,37.0,88,95.0,98.13,46.5,-0.6105263157894737,0.39204545454545453,0.5390625,0.2285343999490861,-0.796875,0,0,-0.39204545454545453,0,0,26.647193200593993,0.44205352432674844,2.606941070090627,1.0,0.9053282136492875,5.0,0.35714285714285715,2.0,9.5,0.18342498036135113,-33.0,-0.8097996857816183,42.5,0.9932246661429693,0.0,0.0,0.0,14.0,12.0,2.0,0.875,1.5161660000000001,8.832533,2.866429,0.8571428571428571,1.0,0.0,0,0,0,20260914,20260914/ng2
c49edb61-56eb-4be1-af0a-c5cc50ea413c,5,6,21.333333333333332,0.3333333333333333,0.6666666666666666,0.3333333333333333,0.8333333333333334,0.8194444444444445,0.06273105439242342,5.833333333333333,-0.23611111111111113,0.19872277358355475,1.1666666666666667,4880.0,137.16866989221677,0.014356215846994527,,,0.16666666666666666,0.25,0.08333333333333333,0.5,0.16666666666666666,2,ng,0,0,0,0.0,0.0,12.0,5.0,13.0,0.4,0.0,0.0,0.43333333333333335,0.16666666666666666,15.0,109.48333333333333,21.483333333333334,21.483333333333334,115.0,106.5,115.0,104.0,88,109.0,107.9,106.0,0.05504587155963292,0.2441287878787879,0.33567708333333335,-0.08149303425118326,0.421875,0,0,0.2441287878787879,0,0,34.763619798091675,0.39468603029920796,2.930536970671771,1.0,0.3614423040523857,10.0,0.5882352941176471,15.0,3.892857142857143,0.035389515002856885,0.38333333333333336,0.0029999942014526083,3.5535714285714284,0.032389520801404274,-5.0,-0.3333333333333333,0.3333333333333333,17.0,5.0,15.0,0.53125,2.567692,4.036917,2.6238799999999998,0.29411764705882354,0.6666666666666666,0.33333333333333337,0,0,0,20260914,20260914/ng1
e8e366df-f509-4f00-b1f1-20c15a53ab17,5,6,20.166666666666668,0.3333333333333333,0.3333333333333333,0.6666666666666666,0.8333333333333334,0.6944444444444445,0.20184335693983274,4.5,-0.24444444444444446,0.14744741686696564,1.0,4880.0,125.50501296761024,0.011757058287795998,,,0.3333333333333333,0.16666666666666666,0.5,0.0,0.5,2,ghp,1,1,1,0.0,1.0,20.0,0.0,5.0,0.7692307692307693,0.038461538461538464,0.0,0.19230769230769232,0.0,13.0,89.88538461538461,1.8853846153846159,1.8853846153846159,88.01,95.0,95.0,88.01,88,95.0,109.26,73.0,-0.07357894736842097,0.02142482517482518,0.029459134615384623,-0.18699100323732942,0.00015625000000007994,0,0,0.021424825174825104,0,0,5.162080301025731,0.05728925772141745,3.399075565358488,1.0,0.15654289945810912,4.0,0.18181818181818182,13.0,6.040833333333332,0.06535496955507834,4.745384615384613,0.05908182681663085,0.6083333333333343,0.006273142738447486,-13.0,-1.0,1.0,22.0,12.0,13.0,0.6285714285714286,3.93896,3.93896,1.6100284999999999,0.5454545454545454,1.0,0.0,0,0,0,20260914,20260914/ghp2
a99c17f4-0646-4aad-95ec-b2b882ae056d,6,6,20.0,0.6666666666666666,0.3333333333333333,0.3333333333333333,0.16666666666666666,0.611111111111111,0.23372982186625146,4.166666666666667,-0.19444444444444442,0.2018433569398328,1.8333333333333333,4820.0,291.771405864248,0.0310035730751498,87.5,1237.7647191611175,0.08333333333333333,0.25,0.3333333333333333,0.3333333333333333,0.5,2,ghp,1,1,1,0.0,3.0,21.0,2.0,4.0,0.7,0.1,0.0,0.13333333333333333,0.06666666666666667,15.0,104.22333333333333,24.223333333333336,24.223333333333336,105.0,106.0,106.92,99.9,80,105.86,107.5,102.66,-0.008123937275647086,0.3027916666666667,0.3784895833333334,-0.02253779302536607,0.390625,0,0,0.3027916666666666,0,0,3.3168807418724118,0.031858438502864114,2.047136624213664,1.0,0.05164401832854411,10.0,0.4166666666666667,15.0,3.8653333333333344,0.03732188240284629,4.779333333333335,0.04611837777279855,-0.9140000000000005,-0.008796495369952256,1.0,0.06666666666666667,0.06666666666666667,24.0,6.0,15.0,0.6153846153846154,1.450906,1.7907725,4.346719,0.25,0.6851851851851851,0.3148148148148149,0,0,0,20260914,20260914/ghp1
b176fed6-8948-4258-bebe-0a1b97aee67e,6,6,19.833333333333332,0.6666666666666666,0.3333333333333333,0.3333333333333333,0.6666666666666666,0.7916666666666666,0.14672347384715842,3.8333333333333335,-0.4083333333333334,0.25986107399489017,1.6666666666666667,4820.0,147.54377126805497,0.014127362840018464,52.0,1694.5213385102788,0.25,0.08333333333333333,0.3333333333333333,0.3333333333333333,0.3333333333333333,2,ng,0,0,0,0.0,1.0,3.0,0.0,0.0,0.75,0.25,0.0,0.0,0.0,2.0,48.25,-31.75,31.75,46.5,50.0,50.0,46.5,80,37.0,95.0,40.0,0.2567567567567568,0.396875,0.49609375,-0.15057285847937418,-0.5234375,0,0,-0.396875,0,0,17.35894441891481,0.3042821324490992,2.467440133254847,1.0,0.39777199630854704,4.0,0.4444444444444444,2.0,17.75,0.31126436781609196,14.5,0.25482758620689655,3.25,0.05643678160919541,-2.0,-1.0,1.0,9.0,4.0,2.0,0.8181818181818182,,,58.8119625,0.4444444444444444,1.0,0.0,0,0,0,20260914,20260914/ng2
c49edb61-56eb-4be1-af0a-c5cc50ea413c,6,6,21.333333333333332,0.3333333333333333,0.6666666666666666,0.3333333333333333,0.8333333333333334,0.8194444444444445,0.06273105439242342,5.833333333333333,-0.23611111111111113,0.19872277358355475,1.1666666666666667,4820.0,221.676394774004,0.02342554172429691,93.5,54.67875882522085,0.16666666666666666,0.25,0.08333333333333333,0.5,0.16666666666666666,2,ng,0,0,0,0.0,0.0,4.0,2.0,6.0,0.3333333333333333,0.0,0.0,0.5,0.16666666666666666,6.0,106.08333333333333,26.083333333333332,26.083333333333332,106.0,107.0,108.5,105.0,80,115.0,109.0,102.5,-0.07826086956521738,0.3260416666666667,0.4075520833333333,-0.03357629553360386,0.40625,0,0,0.3260416666666666,0,0,23.4028468018982,0.30539784189327035,2.00153285952873,1.0,0.44515060647830546,11.0,0.7857142857142857,6.0,6.916666666666667,0.0669364297351522,1.0,0.00888781874409611,5.916666666666667,0.05804861099105609,0.0,0.0,0.0,14.0,6.0,6.0,0.7,1.7141025,2.5286885,2.054067,0.42857142857142855,1.0,0.0,0,0,0,20260914,20260914/ng1
e8e366df-f509-4f00-b1f1-20c15a53ab17,6,6,20.166666666666668,0.3333333333333333,0.3333333333333333,0.6666666666666666,0.8333333333333334,0.6944444444444445,0.20184335693983274,4.5,-0.24444444444444446,0.14744741686696564,1.0,4820.0,164.31685026192537,0.015462079299216233,72.0,29.34450544820955,0.3333333333333333,0.16666666666666666,0.5,0.0,0.5,2,ghp,1,1,1,0.0,0.0,7.0,0.0,1.0,0.875,0.0,0.0,0.125,0.0,4.0,74.4375,-5.5625,5.5625,73.0,79.0,79.0,72.75,80,88.01,95.0,67.0,-0.17054880127258276,0.06953125,0.0869140625,-0.08576682175742523,-0.109375,0,0,-0.06953125,0,0,4.4738928040650565,0.05847415377244094,2.612214010867061,0.6669870819921967,0.12062273010489588,10.0,0.45454545454545453,4.0,1.9325000000000045,0.025780067732057085,-3.125,-0.03908490875065091,5.0575000000000045,0.06486497648270799,-2.0,-0.5,0.5,22.0,13.0,4.0,0.8461538461538461,0.7276364999999999,14.583122,14.583122,0.5909090909090909,1.0,0.0,0,0,0,20260914,20260914/ghp2
a99c17f4-0646-4aad-95ec-b2b882ae056d,7,6,20.0,0.6666666666666666,0.3333333333333333,0.3333333333333333,0.16666666666666666,0.611111111111111,0.23372982186625146,4.166666666666667,-0.19444444444444442,0.2018433569398328,1.8333333333333333,4760.0,371.5794394742524,0.040190943043884195,,,0.08333333333333333,0.25,0.3333333333333333,0.3333333333333333,0.5,2,ghp,1,1,1,0.0,3.0,8.0,1.0,0.0,0.6666666666666666,0.25,0.0,0.0,0.08333333333333333,6.0,103.63833333333334,31.638333333333332,31.638333333333332,102.66,106.0,106.0,101.86,72,105.0,105.86,101.55,-0.022285714285714353,0.4394212962962963,0.4943489583333333,-0.010871269105763304,0.47906249999999995,0,0,0.43942129629629634,0,0,2.9617768105204276,0.028916344248421367,2.3948802114402103,1.0,0.048134409838755686,7.0,0.5384615384615384,6.0,2.5,0.02396955278089011,0.371666666666665,0.0037601662760419086,2.128333333333335,0.020209386504848204,-4.0,-0.6666666666666666,0.6666666666666666,13.0,6.0,6.0,0.6842105263157895,1.4948065000000001,1.736072,4.682196,0.46153846153846156,0.6666666666666666,0.33333333333333337,0,0,0,20260914,20260914/ghp1
b176fed6-8948-4258-bebe-0a1b97aee67e,7,6,19.833333333333332,0.6666666666666666,0.3333333333333333,0.3333333333333333,0.6666666666666666,0.7916666666666666,0.14672347384715842,3.8333333333333335,-0.4083333333333334,0.25986107399489017,1.6666666666666667,4760.0,220.0038282394199,0.02143265639589171,,,0.25,0.08333333333333333,0.3333333333333333,0.3333333333333333,0.3333333333333333,2,ng,0,0,0,0.0,9.0,11.0,2.0,0.0,0.5,0.4090909090909091,0.0,0.0,0.09090909090909091,11.0,46.04545454545455,-25.954545454545453,25.954545454545453,40.0,45.0,50.0,40.0,72,46.5,37.0,43.9,-0.13978494623655913,0.36047979797979796,0.4055397727272727,0.09303486596718935,-0.5,0,0,-0.36047979797979796,0,0,24.249432918411575,0.4582152038074178,2.014693880177215,1.0,0.6760207422269137,10.0,0.6666666666666666,11.0,10.318181818181818,0.2054144192661104,5.2727272727272725,0.09081804021610788,5.045454545454546,0.11459637905000251,-1.0,-0.09090909090909091,0.09090909090909091,15.0,3.0,11.0,0.5769230769230769,1.732054,3.1274189999999997,7.8092299999999994,0.2,0.9166666666666666,0.08333333333333337,0,0,0,20260914,20260914/ng2
c49edb61-56eb-4be1-af0a-c5cc50ea413c,7,6,21.333333333333332,0.3333333333333333,0.6666666666666666,0.3333333333333333,0.8333333333333334,0.8194444444444445,0.06273105439242342,5.833333333333333,-0.23611111111111113,0.19872277358355475,1.1666666666666667,4760.0,266.76402306158155,0.02873249299719887,,,0.16666666666666666,0.25,0.08333333333333333,0.5,0.16666666666666666,2,ng,0,0,0,0.0,0.0,4.0,3.0,1.0,0.5,0.0,0.0,0.125,0.375,4.0,103.875,31.875,31.875,102.5,107.0,107.0,100.0,72,106.0,115.0,79.5,-0.03301886792452835,0.4427083333333333,0.498046875,-0.25410577691817693,0.4765625,0,0,0.4427083333333333,0,0,39.586189284968796,0.8466471429997963,2.1740783571645226,0.9681644268274886,0.6419361132507899,5.0,0.29411764705882354,4.0,2.25,0.02151928397764161,16.5,0.16094525177154817,-14.25,-0.13942596779390656,0.0,0.0,0.0,17.0,15.0,4.0,0.8095238095238095,2.0474475,8.120026,316.029953,0.8823529411764706,0.875,0.125,0,0,0,20260914,20260914/ng1
e8e366df-f509-4f00-b1f1-20c15a53ab17,7,6,20.166666666666668,0.3333333333333333,0.3333333333333333,0.6666666666666666,0.8333333333333334,0.6944444444444445,0.20184335693983274,4.5,-0.24444444444444446,0.14744741686696564,1.0,4760.0,206.6350678853905,0.020016690009337063,,,0.3333333333333333,0.16666666666666666,0.5,0.0,0.5,2,ghp,1,1,1,0.0,1.0,7.0,0.0,2.0,0.7,0.1,0.0,0.2,0.0,5.0,67.7,-4.3,4.3,67.0,71.0,71.0,65.0,72,73.0,88.01,64.26,-0.0821917808219178,0.05972222222222222,0.0671875,-0.041755265703253386,-0.078125,0,0,-0.059722222222222184,0,0,6.072605294636177,0.08974524208170695,2.4440826595568335,0.7006414478714366,0.11423559127764145,11.0,0.6470588235294118,5.0,3.5,0.05027153842327224,-2.4,-0.032511931545799476,5.9,0.08278346996907172,-1.0,-0.2,0.2,17.0,12.0,5.0,0.7727272727272727,0.8647389999999999,5.8642635,7.960808,0.7058823529411765,0.9,0.09999999999999998,0,0,0,20260914,20260914/ghp2
a99c17f4-0646-4aad-95ec-b2b882ae056d,8,6,20.0,0.6666666666666666,0.3333333333333333,0.3333333333333333,0.16666666666666666,0.611111111111111,0.23372982186625146,4.166666666666667,-0.19444444444444442,0.2018433569398328,1.8333333333333333,4700.0,401.05054250056816,0.04212080378250594,,,0.08333333333333333,0.25,0.3333333333333333,0.3333333333333333,0.5,2,ghp,1,1,1,0.0,2.0,16.0,0.0,0.0,0.8888888888888888,0.1111111111111111,0.0,0.0,0.0,9.0,101.99555555555555,37.99555555555556,37.99555555555556,101.55,101.73,102.59,100.0,64,102.66,105.0,106.63,-0.010812390414961959,0.5936805555555557,0.5936805555555557,0.04881361000369466,0.58671875,0,0,0.5936805555555555,0,0,2.42953725307241,0.023621235933565247,2.0794681630918617,1.0,0.04165411668666419,8.0,0.6153846153846154,9.0,1.7077777777777687,0.016681271999356366,1.5111111111111042,0.014783593516222474,0.19666666666666466,0.001897678483133892,-7.0,-0.7777777777777778,0.7777777777777778,13.0,2.0,9.0,0.5909090909090909,3.261562,3.9182585000000003,2.3522369999999997,0.15384615384615385,0.6333333333333333,0.3666666666666667,0,0,0,20260914,20260914/ghp1
b176fed6-8948-4258-bebe-0a1b97aee67e,8,6,19.833333333333332,0.6666666666666666,0.3333333333333333,0.3333333333333333,0.6666666666666666,0.7916666666666666,0.14672347384715842,3.8333333333333335,-0.4083333333333334,0.25986107399489017,1.6666666666666667,4700.0,193.94702586015626,0.019624468085106414,,,0.25,0.08333333333333333,0.3333333333333333,0.3333333333333333,0.3333333333333333,2,ng,0,0,0,0.0,2.0,1.0,1.0,0.0,0.25,0.5,0.0,0.0,0.25,2.0,41.95,-22.05,22.05,43.9,40.0,43.9,40.0,64,40.0,46.5,45.0,0.09749999999999992,0.34453125,0.34453125,0.02474816968919402,-0.3140625,0,0,-0.34453124999999996,0,0,4.533721316484178,0.09960521353304878,2.9142019420034613,1.0,0.3266037453912277,5.0,0.4166666666666667,2.0,18.199999999999996,0.32055152979066015,3.6499999999999986,0.06146336553945246,14.549999999999997,0.2590881642512077,0.0,0.0,0.0,12.0,11.0,2.0,0.8571428571428571,10.021111000000001,13.029471000000001,37.9839475,0.9166666666666666,1.0,0.0,0,0,0,20260914,20260914/ng2
c49edb61-56eb-4be1-af0a-c5cc50ea413c,8,6,21.333333333333332,0.3333333333333333,0.6666666666666666,0.3333333333333333,0.8333333333333334,0.8194444444444445,0.06273105439242342,5.833333333333333,-0.23611111111111113,0.19872277358355475,1.1666666666666667,4700.0,305.1648144855495,0.03341371158392434,,,0.16666666666666666,0.25,0.08333333333333333,0.5,0.16666666666666666,2,ng,0,0,0,0.0,0.0,1.0,2.0,1.0,0.25,0.0,0.0,0.25,0.5,2.0,83.25,19.25,19.25,79.5,87.0,87.0,79.5,64,102.5,106.0,50.0,-0.224390243902439,0.30078125,0.30078125,-0.46373401623214017,0.2421875,0,0,0.30078125,0,0,24.640452837921764,0.5730231444186433,2.875902858231377,1.0,0.87187432710269,4.0,0.25,2.0,9.75,0.12186255842132596,3.75,0.04768911199584559,6.0,0.07417344642548035,0.0,0.0,0.0,16.0,14.0,2.0,0.8888888888888888,1.8392355,14.438161,107.283551,0.875,1.0,0.0,0,0,0,20260914,20260914/ng1
e8e366df-f509-4f00-b1f1-20c15a53ab17,8,6,20.166666666666668,0.3333333333333333,0.3333333333333333,0.6666666666666666,0.8333333333333334,0.6944444444444445,0.20184335693983274,4.5,-0.24444444444444446,0.14744741686696564,1.0,4700.0,244.54662663794804,0.024387234042553187,,,0.3333333333333333,0.16666666666666666,0.5,0.0,0.5,2,ghp,1,1,1,1.0,0.0,10.0,0.0,1.0,0.8333333333333334,0.0,0.08333333333333333,0.08333333333333333,0.0,6.0,64.54833333333333,0.5483333333333356,0.7116666666666696,64.26,64.0,66.0,63.51,64,67.0,73.0,58.0,-0.0408955223880596,0.011119791666666712,0.011119791666666712,-0.10249434314129324,0.00406250000000008,0,0,0.008567708333333313,0,0,3.2407264787711942,0.05093155966789382,3.148278510569978,0.8811783778992969,0.025596743930424305,8.0,0.4444444444444444,6.0,2.648000000000002,0.04172669426906893,1.8333333333333404,0.03778441275690371,0.24399999999999125,0.003942281512165217,6.0,1.0,1.0,18.0,3.0,6.0,0.75,3.249225,3.249225,2.070842,0.16666666666666666,1.0,0.0,0,0,0,20260914,20260914/ghp2
a99c17f4-0646-4aad-95ec-b2b882ae056d,9,6,20.0,0.6666666666666666,0.3333333333333333,0.3333333333333333,0.16666666666666666,0.611111111111111,0.23372982186625146,4.166666666666667,-0.19444444444444442,0.2018433569398328,1.8333333333333333,4880.0,455.2640774319889,0.04739583333333334,100.0,1193.216772705893,0.08333333333333333,0.25,0.3333333333333333,0.3333333333333333,0.5,2,ghp,1,1,1,0.0,6.0,29.0,1.0,0.0,0.8055555555555556,0.16666666666666666,0.0,0.0,0.027777777777777776,18.0,105.73111111111112,49.73111111111111,49.73111111111111,106.63,104.23,108.0,101.43,56,101.55,102.66,109.3,0.05002461841457406,0.8880555555555556,0.7770486111111111,0.024731497152404636,0.7910937499999999,0,0,0.8880555555555557,0,0,1.6601537690952122,0.015514339554058955,2.0141674846964115,1.0,0.06744127033601305,14.0,0.5833333333333334,18.0,2.406111111111108,0.022781570613260735,1.5638888888888876,0.014857078423083992,0.8422222222222204,0.007924492190176739,-10.0,-0.5555555555555556,0.5555555555555556,24.0,4.0,18.0,0.5714285714285714,1.7088375,2.218693,2.207741,0.16666666666666666,0.7828571428571428,0.2171428571428572,0,0,0,20260914,20260914/ghp1
b176fed6-8948-4258-bebe-0a1b97aee67e,9,6,19.833333333333332,0.6666666666666666,0.3333333333333333,0.3333333333333333,0.6666666666666666,0.7916666666666666,0.14672347384715842,3.8333333333333335,-0.4083333333333334,0.25986107399489017,1.6666666666666667,4880.0,327.73146147417737,0.03417862021857927,42.0,1821.9349055331259,0.25,0.08333333333333333,0.3333333333333333,0.3333333333333333,0.3333333333333333,2,ng,0,0,0,0.0,1.0,3.0,0.0,0.0,0.75,0.25,0.0,0.0,0.0,2.0,44.25,-11.75,11.75,45.0,43.5,45.0,43.5,56,43.9,40.0,39.0,0.02505694760820054,0.20982142857142858,0.18359375,-0.14310084364067333,-0.171875,0,0,-0.20982142857142858,0,0,5.862383892600575,0.13264728515544272,3.560019396040749,1.0,0.3069449045425295,2.0,0.16666666666666666,2.0,1.75,0.04019933554817276,-1.5,-0.034385382059800663,3.25,0.07458471760797342,2.0,1.0,1.0,12.0,10.0,2.0,0.8571428571428571,3.2239970000000002,3.2239970000000002,94.534301,0.8333333333333334,1.0,0.0,0,0,0,20260914,20260914/ng2
c49edb61-56eb-4be1-af0a-c5cc50ea413c,9,6,21.333333333333332,0.3333333333333333,0.6666666666666666,0.3333333333333333,0.8333333333333334,0.8194444444444445,0.06273105439242342,5.833333333333333,-0.23611111111111113,0.19872277358355475,1.1666666666666667,4880.0,213.3904496457138,0.022433401639344253,49.0,29.802125203862,0.16666666666666666,0.25,0.08333333333333333,0.5,0.16666666666666666,2,ng,0,0,0,0.0,0.0,1.0,1.0,6.0,0.125,0.0,0.0,0.75,0.125,4.0,55.25,-0.75,5.25,50.0,56.0,65.0,50.0,56,79.5,102.5,48.0,-0.37106918238993714,0.09375,0.08203125,-0.04082199452025481,-0.09375,0,0,-0.013392857142857142,0,0,20.925776550582015,0.5000250635299807,2.667772039050058,1.0,1.1181324815483502,8.0,0.5714285714285714,4.0,25.75,0.5303182292686109,-10.25,-0.05704965094278072,36.0,0.5873678802113916,-2.0,-0.5,0.5,14.0,9.0,4.0,0.7777777777777778,4.0955695,8.983917,17.6981195,0.6428571428571429,1.0,0.0,0,0,0,20260914,20260914/ng1
e8e366df-f509-4f00-b1f1-20c15a53ab17,9,6,20.166666666666668,0.3333333333333333,0.3333333333333333,0.6666666666666666,0.8333333333333334,0.6944444444444445,0.20184335693983274,4.5,-0.24444444444444446,0.14744741686696564,1.0,4880.0,143.019132985765,0.01400603369763205,44.5,24.99933332444421,0.3333333333333333,0.16666666666666666,0.5,0.0,0.5,2,ghp,1,1,1,1.0,0.0,10.0,0.0,1.0,0.8333333333333334,0.0,0.08333333333333333,0.08333333333333333,0.0,6.0,58.501666666666665,2.5016666666666665,2.5016666666666665,58.0,62.01,62.01,56.0,56,64.26,67.0,47.5,-0.09741674447556803,0.044672619047619044,0.039088541666666664,-0.19971329950582373,0.03125,0,0,0.044672619047619024,0,0,2.7502877847848004,0.04761622676006298,2.3737930718063187,0.920044431713781,0.07510705461151977,15.0,0.46875,6.0,2.5599999999999996,0.043278383283837325,0.6550000000000011,0.007610596838848825,2.169999999999999,0.0356677864449885,-4.0,-0.6666666666666666,0.6666666666666666,32.0,21.0,6.0,0.8421052631578947,2.139827,7.012555,4.201271,0.65625,0.6,0.4,0,0,0,20260914,20260914/ghp2
a99c17f4-0646-4aad-95ec-b2b882ae056d,10,6,20.0,0.6666666666666666,0.3333333333333333,0.3333333333333333,0.16666666666666666,0.611111111111111,0.23372982186625146,4.166666666666667,-0.19444444444444442,0.2018433569398328,1.8333333333333333,4880.0,509.69340097748943,0.05335143442622949,,,0.08333333333333333,0.25,0.3333333333333333,0.3333333333333333,0.5,2,ghp,1,1,1,0.0,0.0,16.0,0.0,0.0,1.0,0.0,0.0,0.0,0.0,8.0,107.6125,59.6125,59.6125,109.3,106.63,109.3,106.63,48,106.63,101.55,109.85,0.025039857450998904,1.2419270833333333,0.9314453125,0.005019403648126364,0.9578125,0,0,1.2419270833333333,0,0,0.34073184369792403,0.0031373802161765523,2.0405886231852093,1.0,0.014341728304938399,14.0,0.5833333333333334,8.0,0.6928571428571421,0.006448711522741277,0.6062499999999957,0.005285737040651971,0.124285714285719,0.0011629744820893055,-2.0,-0.25,0.25,24.0,12.0,8.0,0.75,3.858473,7.709115,4.358973,0.5,0.6031746031746031,0.39682539682539686,0,0,0,20260914,20260914/ghp1
b176fed6-8948-4258-bebe-0a1b97aee67e,10,6,19.833333333333332,0.6666666666666666,0.3333333333333333,0.3333333333333333,0.6666666666666666,0.7916666666666666,0.14672347384715842,3.8333333333333335,-0.4083333333333334,0.25986107399489017,1.6666666666666667,4880.0,334.36794529380387,0.034833219489981825,,,0.25,0.08333333333333333,0.3333333333333333,0.3333333333333333,0.3333333333333333,2,ng,0,0,0,0.0,4.0,4.0,0.0,0.0,0.5,0.5,0.0,0.0,0.0,4.0,42.125,-5.875,5.875,39.0,45.0,45.0,39.0,48,45.0,43.9,31.5,-0.1333333333333333,0.12239583333333333,0.091796875,-0.21357410029805912,-0.140625,0,0,-0.12239583333333333,0,0,3.968684235310733,0.11622830533315319,3.6895547843660883,1.0,0.2395237976746209,3.0,0.25,4.0,3.375,0.08073464150683574,4.125,0.09733911573376457,-0.75,-0.01660447422692882,0.0,0.0,0.0,12.0,10.0,4.0,0.75,1.9635255,1.9635255,1.344319,0.8333333333333334,0.0,1.0,0,0,0,20260914,20260914/ng2
c49edb61-56eb-4be1-af0a-c5cc50ea413c,10,6,21.333333333333332,0.3333333333333333,0.6666666666666666,0.3333333333333333,0.8333333333333334,0.8194444444444445,0.06273105439242342,5.833333333333333,-0.23611111111111113,0.19872277358355475,1.1666666666666667,4880.0,219.7847674430601,0.022991234061930776,,,0.16666666666666666,0.25,0.08333333333333333,0.5,0.16666666666666666,2,ng,0,0,0,0.0,0.0,3.0,3.0,2.0,0.375,0.0,0.0,0.25,0.375,4.0,54.5,6.5,8.0,48.0,65.0,65.0,45.0,48,50.0,79.5,40.0,-0.040000000000000036,0.16666666666666666,0.125,-0.1823215567939549,0.0,0,0,0.13541666666666666,0,0,13.079746196065972,0.27803379483414126,2.5612153355629332,1.0,0.4870624270403045,9.0,0.6428571428571429,4.0,16.5,0.310055247604016,14.75,0.27800793214482056,1.75,0.03204731545919544,2.0,0.5,0.5,14.0,10.0,4.0,0.7777777777777778,1.715349,3.021455,2.352751,0.7142857142857143,0.8333333333333333,0.16666666666666674,0,0,0,20260914,20260914/ng1
e8e366df-f509-4f00-b1f1-20c15a53ab17,10,6,20.166666666666668,0.3333333333333333,0.3333333333333333,0.6666666666666666,0.8333333333333334,0.6944444444444445,0.20184335693983274,4.5,-0.24444444444444446,0.14744741686696564,1.0,4880.0,147.92348792534628,0.014646971766848833,,,0.3333333333333333,0.16666666666666666,0.5,0.0,0.5,2,ghp,1,1,1,0.0,1.0,17.0,0.0,0.0,0.9444444444444444,0.05555555555555555,0.0,0.0,0.0,9.0,49.89111111111111,1.8911111111111114,2.3644444444444437,47.5,54.8,54.8,47.5,48,58.0,64.26,40.13,-0.18103448275862066,0.049259259259259246,0.03694444444444443,-0.1686055267617701,-0.0078125,0,0,0.03939814814814809,0,0,1.272119034251058,0.026124975519949793,4.039235491795194,0.9054646813436081,0.09529032747268919,11.0,0.2894736842105263,9.0,0.7922222222222186,0.015257902232739456,-1.4155555555555597,-0.02683988829510692,2.2077777777777783,0.042097790527846374,-9.0,-1.0,1.0,38.0,22.0,9.0,0.8085106382978723,0.943824,2.784411,4.0163104999999995,0.5789473684210527,0.8,0.19999999999999996,0,0,0,20260914,20260914/ghp2
a99c17f4-0646-4aad-95ec-b2b882ae056d,11,6,20.0,0.6666666666666666,0.3333333333333333,0.3333333333333333,0.16666666666666666,0.611111111111111,0.23372982186625146,4.166666666666667,-0.19444444444444442,0.2018433569398328,1.8333333333333333,4880.0,624.6662220098024,0.06286270491803278,,,0.08333333333333333,0.25,0.3333333333333333,0.3333333333333333,0.5,2,ghp,1,1,1,0.0,0.0,14.0,0.0,0.0,1.0,0.0,0.0,0.0,0.0,7.0,109.60571428571428,69.60571428571428,69.60571428571428,109.85,109.52,109.85,109.45,40,109.3,106.63,110.39,0.005032021957914079,1.7401428571428572,1.0875892857142857,0.004903751199640816,1.09140625,0,0,1.7401428571428572,0,0,0.8577866713291307,0.00777501602118855,3.8965906728199253,1.0,0.011782347848697017,7.0,0.4666666666666667,7.0,0.23428571428571235,0.002135070679218349,0.08857142857142922,0.0008030076988201168,0.1457142857142831,0.0013320629803982317,-1.0,-0.14285714285714285,0.14285714285714285,15.0,7.0,7.0,0.6818181818181818,3.392189,6.0049585,4.88988,0.4666666666666667,0.8333333333333334,0.16666666666666663,0,0,0,20260914,20260914/ghp1
b176fed6-8948-4258-bebe-0a1b97aee67e,11,6,19.833333333333332,0.6666666666666666,0.3333333333333333,0.3333333333333333,0.6666666666666666,0.7916666666666666,0.14672347384715842,3.8333333333333335,-0.4083333333333334,0.25986107399489017,1.6666666666666667,4880.0,343.11439614216164,0.03573258196721315,,,0.25,0.08333333333333333,0.3333333333333333,0.3333333333333333,0.3333333333333333,2,ng,0,0,0,0.0,3.0,2.0,1.0,0.0,0.3333333333333333,0.5,0.0,0.0,0.16666666666666666,3.0,32.5,-7.5,7.5,31.5,36.0,36.0,30.0,40,39.0,45.0,26.5,-0.1923076923076923,0.1875,0.1171875,-0.1728428128394106,-0.1328125,0,0,-0.1875,0,0,6.521794711541425,0.20557992927029148,3.7786903880591414,1.0,0.17390424142089764,4.0,0.2857142857142857,3.0,5.75,0.1764705882352941,0.3333333333333333,0.04411764705882353,4.25,0.1323529411764706,-1.0,-0.3333333333333333,0.3333333333333333,14.0,10.0,3.0,0.8235294117647058,3.618686,3.132047,20.162344,0.7142857142857143,1.0,0.0,0,0,0,20260914,20260914/ng2
c49edb61-56eb-4be1-af0a-c5cc50ea413c,11,6,21.333333333333332,0.3333333333333333,0.6666666666666666,0.3333333333333333,0.8333333333333334,0.8194444444444445,0.06273105439242342,5.833333333333333,-0.23611111111111113,0.19872277358355475,1.1666666666666667,4880.0,221.5179992686825,0.023207536429872486,,,0.16666666666666666,0.25,0.08333333333333333,0.5,0.16666666666666666,2,ng,0,0,0,0.0,0.0,0.0,5.0,1.0,0.0,0.0,0.0,0.16666666666666666,0.8333333333333334,3.0,42.666666666666664,2.6666666666666665,2.6666666666666665,40.0,45.0,45.0,40.0,40,48.0,50.0,33.5,-0.16666666666666663,0.06666666666666667,0.041666666666666664,-0.17733401528291548,0.0,0,0,0.06666666666666661,0,0,7.106827110052024,0.20239561122465793,2.704903846837924,1.0,0.40337789823686304,11.0,0.55,3.0,6.5,0.16923076923076924,1.0,0.19435897435897437,-1.0,-0.025128205128205128,1.0,0.3333333333333333,0.3333333333333333,20.0,17.0,3.0,0.8695652173913043,0.603764,0.603764,11.366650000000002,0.85,1.0,0.0,0,0,0,20260914,20260914/ng1
e8e366df-f509-4f00-b1f1-20c15a53ab17,11,6,20.166666666666668,0.3333333333333333,0.3333333333333333,0.6666666666666666,0.8333333333333334,0.6944444444444445,0.20184335693983274,4.5,-0.24444444444444446,0.14744741686696564,1.0,4880.0,156.83123324134112,0.01574590163934427,,,0.3333333333333333,0.16666666666666666,0.5,0.0,0.5,2,ghp,1,1,1,2.0,6.0,22.0,0.0,0.0,0.7333333333333333,0.2,0.06666666666666667,0.0,0.0,15.0,42.461999999999996,2.4619999999999993,2.475333333333333,40.13,47.0,47.0,39.9,40,47.5,58.0,28.0,-0.15515789473684205,0.061883333333333325,0.03867708333333333,-0.35991967410362147,0.00203125000000004,0,0,0.0615499999999999,0,0,1.0784733905258885,0.026327946273938956,3.000518972138431,0.8931404322673784,0.10138574783461739,20.0,0.39215686274509803,15.0,0.7464285714285727,0.017617142729510857,-1.519999999999997,-0.025638485707890735,1.93142857142857,0.04325562843740159,-13.0,-0.8666666666666667,0.8666666666666667,51.0,13.0,15.0,0.7727272727272727,0.445287,3.457232,1.3571075,0.2549019607843137,0.9111111111111111,0.0888888888888889,0,0,0,20260914,20260914/ghp2
a99c17f4-0646-4aad-95ec-b2b882ae056d,12,6,20.0,0.6666666666666666,0.3333333333333333,0.3333333333333333,0.16666666666666666,0.611111111111111,0.23372982186625146,4.166666666666667,-0.19444444444444442,0.2018433569398328,1.8333333333333333,4760.0,744.3991987636738,0.07495541549953315,100.0,47.49912279891773,0.08333333333333333,0.25,0.3333333333333333,0.3333333333333333,0.5,2,ghp,1,1,1,0.0,2.0,20.0,0.0,0.0,0.9090909090909091,0.09090909090909091,0.0,0.0,0.0,11.0,110.31272727272727,78.31272727272727,78.31272727272727,110.39,109.85,111.0,109.85,32,109.85,109.3,110.1,0.0049157942649067365,2.4472727272727273,1.2236363636363636,-0.002630506301626312,1.22484375,0,0,2.4472727272727273,0,0,2.5681927382732743,0.022968135184326437,3.748619074860105,1.0,0.01703609652661061,5.0,0.4166666666666667,11.0,0.9279999999999973,0.008344723280954851,0.5109090909090913,0.003581703730117984,0.523999999999998,0.004763019550836868,-1.0,-0.09090909090909091,0.09090909090909091,12.0,3.0,11.0,0.5217391304347826,2.249235,8.646177999999999,7.018245,0.25,0.5,0.5,0,0,0,20260914,20260914/ghp1
b176fed6-8948-4258-bebe-0a1b97aee67e,12,6,19.833333333333332,0.6666666666666666,0.3333333333333333,0.3333333333333333,0.6666666666666666,0.7916666666666666,0.14672347384715842,3.8333333333333335,-0.4083333333333334,0.25986107399489017,1.6666666666666667,4760.0,235.56665052591833,0.024185924369747935,20.0,1910.2790023100467,0.25,0.08333333333333333,0.3333333333333333,0.3333333333333333,0.3333333333333333,2,ng,0,0,0,0.0,4.0,2.0,0.0,0.0,0.3333333333333333,0.6666666666666666,0.0,0.0,0.0,3.0,25.833333333333332,-6.166666666666667,6.166666666666667,26.5,25.0,26.5,25.0,32,31.5,39.0,16.0,-0.15873015873015872,0.19270833333333334,0.09635416666666667,-0.5045560107523954,-0.0859375,0,0,-0.19270833333333337,0,0,2.9641207815171935,0.11702254968373933,3.7942155806231836,0.46631458479371546,0.119310621338086,3.0,0.2727272727272727,3.0,2.5,0.10056859116895504,2.3333333333333335,0.09478679126950806,0.16666666666666666,0.005781799899446961,1.0,0.3333333333333333,0.3333333333333333,11.0,6.0,3.0,0.7857142857142857,4.430758,10.4436485,30.4832855,0.5454545454545454,0.6666666666666666,0.33333333333333337,0,0,0,20260914,20260914/ng2
c49edb61-56eb-4be1-af0a-c5cc50ea413c,12,6,21.333333333333332,0.3333333333333333,0.6666666666666666,0.3333333333333333,0.8333333333333334,0.8194444444444445,0.06273105439242342,5.833333333333333,-0.23611111111111113,0.19872277358355475,1.1666666666666667,4760.0,316.98967491071386,0.033584850606909425,0.0,14.747881203752625,0.16666666666666666,0.25,0.08333333333333333,0.5,0.16666666666666666,2,ng,0,0,0,0.0,0.0,2.0,4.0,2.0,0.25,0.0,0.0,0.25,0.5,4.0,35.0,3.0,3.0,33.5,35.0,36.5,33.5,32,40.0,48.0,5.0,-0.16249999999999998,0.09375,0.046875,-1.9021075263969205,0.0234375,0,0,0.09375,0,0,12.770451626008887,0.4756794698468749,2.666033431014311,1.0,0.30074528058839844,8.0,0.42105263157894735,4.0,8.625,0.31385028475186766,3.2200000000000006,0.16506666336540393,5.404999999999999,0.14878362138646375,0.0,0.0,0.0,19.0,15.0,4.0,0.8260869565217391,1.3456655,2.5071475,2.14081,0.7894736842105263,1.0,0.0,0,0,0,20260914,20260914/ng1
e8e366df-f509-4f00-b1f1-20c15a53ab17,12,6,20.166666666666668,0.3333333333333333,0.3333333333333333,0.6666666666666666,0.8333333333333334,0.6944444444444445,0.20184335693983274,4.5,-0.24444444444444446,0.14744741686696564,1.0,4760.0,276.9450933307898,0.026734827264239,21.5,4.070217029430576,0.3333333333333333,0.16666666666666666,0.5,0.0,0.5,2,ghp,1,1,1,0.0,5.0,17.0,0.0,2.0,0.7083333333333334,0.20833333333333334,0.0,0.08333333333333333,0.0,12.0,34.990833333333335,2.9908333333333332,4.680833333333333,28.0,39.45,39.45,28.0,32,40.13,47.5,21.0,-0.3022676302018441,0.14627604166666666,0.07313802083333333,-0.2876820724517808,-0.0625,0,0,0.0934635416666667,0,0,3.9618543989954933,0.13810695276943386,2.190293018563319,0.9338334773823408,0.4424447176909356,17.0,0.5483870967741935,12.0,1.6200000000000008,0.04951841796670133,-1.1341666666666672,-0.02304051182383536,2.496363636363638,0.0725589297905367,-8.0,-0.6666666666666666,0.6666666666666666,31.0,13.0,12.0,0.7209302325581395,1.2192560000000001,7.6418615,4.8224625,0.41935483870967744,0.9166666666666666,0.08333333333333337,0,0,0,20260914,20260914/ghp2
a99c17f4-0646-4aad-95ec-b2b882ae056d,13,6,20.0,0.6666666666666666,0.3333333333333333,0.3333333333333333,0.16666666666666666,0.611111111111111,0.23372982186625146,4.166666666666667,-0.19444444444444442,0.2018433569398328,1.8333333333333333,4760.0,646.8679204907287,0.06796720354808587,,,0.08333333333333333,0.25,0.3333333333333333,0.3333333333333333,0.5,2,ghp,1,1,1,0.0,1.0,21.0,0.0,0.0,0.9545454545454546,0.045454545454545456,0.0,0.0,0.0,11.0,110.34,86.34,86.34,110.1,110.0,111.99,110.0,24,110.39,109.85,106.0,-0.0026270495515898773,3.5975,1.3490625,-0.03794994961656695,1.3453125,0,0,3.5975,0,0,1.0736577946773889,0.009674299944979446,2.491295115693373,1.0,0.01761415734375299,12.0,0.7058823529411765,11.0,1.231000000000003,0.011081970255790599,0.5490909090909057,0.004684589130410668,0.7190000000000054,0.006397381125379931,-5.0,-0.45454545454545453,0.45454545454545453,17.0,0.0,11.0,0.6071428571428571,1.699406,4.06104,2.1863960000000002,0.0,0.8333333333333334,0.16666666666666663,0,0,0,20260914,20260914/ghp1
b176fed6-8948-4258-bebe-0a1b97aee67e,13,6,19.833333333333332,0.6666666666666666,0.3333333333333333,0.3333333333333333,0.6666666666666666,0.7916666666666666,0.14672347384715842,3.8333333333333335,-0.4083333333333334,0.25986107399489017,1.6666666666666667,4760.0,237.6656450562431,0.02449521475256773,,,0.25,0.08333333333333333,0.3333333333333333,0.3333333333333333,0.3333333333333333,2,ng,0,0,0,0.0,7.0,7.0,2.0,0.0,0.4375,0.4375,0.0,0.0,0.125,8.0,21.8125,-2.1875,2.4375,16.0,22.0,25.0,16.0,24,26.5,31.5,11.0,-0.39622641509433965,0.1015625,0.0380859375,-0.3746934494414105,-0.125,0,0,-0.09114583333333333,0,0,4.342329674888518,0.32813522294452263,3.0273621241444135,0.9500808631670363,0.5903823758317646,5.0,0.25,8.0,2.0,0.09254266999941378,1.875,0.040841248144802555,0.8,0.051701421854611226,0.0,0.0,0.0,20.0,15.0,8.0,0.7142857142857143,6.6950295,7.659302499999999,10.6197675,0.75,0.7555555555555555,0.24444444444444446,0,0,0,20260914,20260914/ng2
c49edb61-56eb-4be1-af0a-c5cc50ea413c,13,6,21.333333333333332,0.3333333333333333,0.6666666666666666,0.3333333333333333,0.8333333333333334,0.8194444444444445,0.06273105439242342,5.833333333333333,-0.23611111111111113,0.19872277358355475,1.1666666666666667,4760.0,324.86768691268776,0.034468954248366004,,,0.16666666666666666,0.25,0.08333333333333333,0.5,0.16666666666666666,2,ng,0,0,0,0.0,0.0,2.0,6.0,2.0,0.2,0.0,0.0,0.2,0.6,5.0,19.2,-4.8,6.0,5.0,27.0,27.0,5.0,24,33.5,40.0,14.0,-0.8507462686567164,0.25,0.09375,1.0296194171811581,-0.296875,0,1,-0.20000000000000004,0,0,14.632910921632794,1.1079551275187662,4.812739543536036,1.0,0.7476267552879217,11.0,0.5238095238095238,5.0,11.6,0.6948235102307002,8.398,0.5560821390723077,3.2020000000000004,0.13874137115839244,-1.0,-0.2,0.2,21.0,17.0,5.0,0.8076923076923077,1.6163475,3.6803204999999997,5.176264,0.8095238095238095,0.8333333333333334,0.16666666666666663,0,1,0,20260914,20260914/ng1
e8e366df-f509-4f00-b1f1-20c15a53ab17,13,6,20.166666666666668,0.3333333333333333,0.3333333333333333,0.6666666666666666,0.8333333333333334,0.6944444444444445,0.20184335693983274,4.5,-0.24444444444444446,0.14744741686696564,1.0,4760.0,274.0447950974436,0.026968604108309948,,,0.3333333333333333,0.16666666666666666,0.5,0.0,0.5,2,ghp,1,1,1,5.0,3.0,24.0,0.0,0.0,0.75,0.09375,0.15625,0.0,0.0,16.0,20.703125,-3.296875,3.296875,21.0,23.0,23.75,17.0,24,28.0,40.13,5.25,-0.25,0.13736979166666666,0.051513671875,-1.3862943611198906,-0.046875,0,0,-0.13736979166666666,0,0,1.5138457582580878,0.06965622070799377,2.9103842472065113,0.8745151288972376,1.535738156865524,8.0,0.27586206896551724,16.0,3.71875,0.16719821487900222,1.84375,0.08666347475625175,1.875,0.08053474012275047,-8.0,-0.5,0.5,29.0,4.0,16.0,0.6444444444444445,1.848101,2.9615609999999997,4.1174729999999995,0.13793103448275862,0.7066666666666667,0.29333333333333333,0,0,0,20260914,20260914/ghp2
a99c17f4-0646-4aad-95ec-b2b882ae056d,14,6,20.0,0.6666666666666666,0.3333333333333333,0.3333333333333333,0.16666666666666666,0.611111111111111,0.23372982186625146,4.166666666666667,-0.19444444444444442,0.2018433569398328,1.8333333333333333,4700.0,781.441851195596,0.08553380614657209,,,0.08333333333333333,0.25,0.3333333333333333,0.3333333333333333,0.5,2,ghp,1,1,1,0.0,0.0,29.0,1.0,0.0,0.9666666666666667,0.0,0.0,0.0,0.03333333333333333,15.0,108.35066666666667,92.35066666666667,92.35066666666667,106.0,110.1,110.1,106.0,16,110.1,110.39,95.09,-0.037238873751135326,5.771916666666667,1.4429791666666667,-0.10861528256071384,1.40625,0,0,5.771916666666667,1,1,1.4679486759955291,0.013601717155752167,2.455111330887316,1.0,0.018230491160027885,7.0,0.4375,15.0,1.1919999999999977,0.010979018787757804,0.05533333333333227,0.0005469542331840022,1.1366666666666656,0.010432064554573801,-9.0,-0.6,0.6,16.0,1.0,15.0,0.5161290322580645,2.375263,10.203424,3.140498,0.0625,0.6767676767676768,0.3232323232323232,0,0,1,20260914,20260914/ghp1
b176fed6-8948-4258-bebe-0a1b97aee67e,14,6,19.833333333333332,0.6666666666666666,0.3333333333333333,0.3333333333333333,0.6666666666666666,0.7916666666666666,0.14672347384715842,3.8333333333333335,-0.4083333333333334,0.25986107399489017,1.6666666666666667,4700.0,194.66767281703483,0.01945307328605204,,,0.25,0.08333333333333333,0.3333333333333333,0.3333333333333333,0.3333333333333333,2,ng,0,0,0,0.0,3.0,2.0,1.0,0.0,0.3333333333333333,0.5,0.0,0.0,0.16666666666666666,3.0,14.666666666666666,-1.3333333333333333,2.0,11.0,17.0,17.0,11.0,16,16.0,26.5,7.5,-0.3125,0.125,0.03125,-0.382992252256106,-0.078125,0,0,-0.08333333333333337,0,0,3.4860600451400026,0.35211616482751973,3.2507518938130735,1.0,0.540853385660954,5.0,0.35714285714285715,3.0,5.333333333333333,0.4235409035409036,6.166666666666667,0.4815628815628816,-0.8333333333333334,-0.058021978021978025,3.0,1.0,1.0,14.0,11.0,3.0,0.8235294117647058,1.8200535,1.8200535,1.8200535,0.7857142857142857,0.75,0.25,0,0,0,20260914,20260914/ng2
c49edb61-56eb-4be1-af0a-c5cc50ea413c,14,6,21.333333333333332,0.3333333333333333,0.6666666666666666,0.3333333333333333,0.8333333333333334,0.8194444444444445,0.06273105439242342,5.833333333333333,-0.23611111111111113,0.19872277358355475,1.1666666666666667,4700.0,373.2932011167625,0.04003900709219857,,,0.16666666666666666,0.25,0.08333333333333333,0.5,0.16666666666666666,2,ng,0,0,0,0.0,0.0,0.0,1.0,1.0,0.0,0.0,0.0,0.5,0.5,1.0,14.0,-2.0,2.0,14.0,14.0,14.0,14.0,16,5.0,33.5,5.0,1.7999999999999998,0.125,0.03125,-1.0296194171811581,-0.03125,1,0,-0.125,0,0,7.701384016472827,0.6877580353309785,3.6403921802372237,0.9058191165972832,0.4746203590970399,10.0,0.5263157894736842,1.0,6.0,0.5454545454545454,6.0,0.5454545454545454,0.0,0.0,1.0,1.0,1.0,19.0,16.0,1.0,0.95,1.816924,1.816924,1.816924,0.8421052631578947,1.0,0.0,1,1,0,20260914,20260914/ng1
e8e366df-f509-4f00-b1f1-20c15a53ab17,14,6,20.166666666666668,0.3333333333333333,0.3333333333333333,0.6666666666666666,0.8333333333333334,0.6944444444444445,0.20184335693983274,4.5,-0.24444444444444446,0.14744741686696564,1.0,4700.0,349.8546679980129,0.03506359338061461,,,0.3333333333333333,0.16666666666666666,0.5,0.0,0.5,2,ghp,1,1,1,0.0,5.0,17.0,0.0,0.0,0.7727272727272727,0.22727272727272727,0.0,0.0,0.0,11.0,9.613636363636363,-6.386363636363637,7.068181818181818,5.25,19.75,19.75,5.25,16,21.0,28.0,4.0,-0.75,0.44176136363636365,0.11044034090909091,-0.27193371548364187,-0.16796875,0,0,-0.3991477272727273,0,0,6.200067003226987,0.8473497816789288,8.110406364517068,0.9820352563908175,1.1073678853785167,16.0,0.26229508196721313,11.0,2.2029999999999994,0.2075933059636957,-4.840909090909091,-0.2860342750331012,5.177999999999999,0.49362758099679693,-11.0,-1.0,1.0,61.0,26.0,11.0,0.8472222222222222,1.3766515,2.58326,0.444643,0.4262295081967213,0.3111111111111111,0.6888888888888889,0,0,0,20260914,20260914/ghp2
a99c17f4-0646-4aad-95ec-b2b882ae056d,15,6,20.0,0.6666666666666666,0.3333333333333333,0.3333333333333333,0.16666666666666666,0.611111111111111,0.23372982186625146,4.166666666666667,-0.19444444444444442,0.2018433569398328,1.8333333333333333,4640.0,1373.3922264233183,0.1519639607279693,,,0.08333333333333333,0.25,0.3333333333333333,0.3333333333333333,0.5,2,ghp,1,1,1,0.0,0.0,36.0,5.0,1.0,0.8571428571428571,0.0,0.0,0.023809523809523808,0.11904761904761904,21.0,101.17476190476191,93.17476190476191,93.17476190476191,95.09,105.0,106.45,95.09,8,106.0,110.1,,-0.10292452830188681,11.646845238095239,1.4558556547619048,,1.36078125,0,0,11.646845238095239,1,0,1.3158176573840148,0.012882573285547792,2.263719443732135,0.9078686644620928,0.03687917661203999,24.0,0.631578947368421,21.0,1.586499999999998,0.015574797587563225,-0.9585714285714256,-0.005905301475281731,2.1994999999999947,0.021480099062844957,-11.0,-0.5238095238095238,0.5238095238095238,38.0,15.0,21.0,0.6440677966101694,1.5844939999999998,4.134595,2.1250799999999996,0.39473684210526316,0.7636363636363637,0.23636363636363633,0,0,2,20260914,20260914/ghp1
b176fed6-8948-4258-bebe-0a1b97aee67e,15,6,19.833333333333332,0.6666666666666666,0.3333333333333333,0.3333333333333333,0.6666666666666666,0.7916666666666666,0.14672347384715842,3.8333333333333335,-0.4083333333333334,0.25986107399489017,1.6666666666666667,4640.0,172.36804761904133,0.017992337164750988,,,0.25,0.08333333333333333,0.3333333333333333,0.3333333333333333,0.3333333333333333,2,ng,0,0,0,0.0,7.0,9.0,0.0,0.0,0.5625,0.4375,0.0,0.0,0.0,8.0,7.53125,-0.46875,0.46875,7.5,7.0,8.0,6.75,8,11.0,16.0,,-0.31818181818181823,0.05859375,0.00732421875,,-0.0078125,0,0,-0.05859375,0,0,3.006410061957383,0.447897659229178,3.6529896316188246,1.0,0.38356063198641044,6.0,0.3333333333333333,8.0,2.15625,0.3353109656301146,1.97,0.3021126568466994,0.18625000000000003,0.03319830878341517,6.0,0.75,0.75,18.0,4.0,8.0,0.6923076923076923,3.385041,6.1432475,5.48976,0.2222222222222222,0.9166666666666666,0.08333333333333337,0,0,0,20260914,20260914/ng2
c49edb61-56eb-4be1-af0a-c5cc50ea413c,15,6,21.333333333333332,0.3333333333333333,0.6666666666666666,0.3333333333333333,0.8333333333333334,0.8194444444444445,0.06273105439242342,5.833333333333333,-0.23611111111111113,0.19872277358355475,1.1666666666666667,4640.0,426.49781242111914,0.046172174329501915,,,0.16666666666666666,0.25,0.08333333333333333,0.5,0.16666666666666666,2,ng,0,0,0,0.0,0.0,1.0,6.0,3.0,0.1,0.0,0.0,0.3,0.6,5.0,6.7,-1.3,1.7,5.0,8.0,9.0,5.0,8,14.0,5.0,,-0.6428571428571428,0.2125,0.0265625,,-0.046875,0,0,-0.16249999999999998,0,0,1.8645505493204155,0.2981938430455022,2.898627001284355,1.0,0.4536209900928404,11.0,0.4230769230769231,5.0,1.2259999999999998,0.16994073250985225,-1.8359999999999999,-0.18971222387376688,3.062,0.35965295638361916,-3.0,-0.6,0.6,26.0,7.0,5.0,0.8387096774193549,1.196916,3.702805,3.53473,0.2692307692307692,0.8333333333333334,0.16666666666666663,1,1,0,20260914,20260914/ng1
e8e366df-f509-4f00-b1f1-20c15a53ab17,15,6,20.166666666666668,0.3333333333333333,0.3333333333333333,0.6666666666666666,0.8333333333333334,0.6944444444444445,0.20184335693983274,4.5,-0.24444444444444446,0.14744741686696564,1.0,4640.0,423.33034410493184,0.04294372605363982,,,0.3333333333333333,0.16666666666666666,0.5,0.0,0.5,2,ghp,1,1,1,1.0,3.0,21.0,0.0,3.0,0.75,0.10714285714285714,0.03571428571428571,0.10714285714285714,0.0,14.0,4.102857142857142,-3.8971428571428572,3.8971428571428572,4.0,5.0,5.5,3.0,8,5.25,21.0,,-0.23809523809523814,0.48714285714285716,0.060892857142857144,,-0.0625,0,0,-0.4871428571428572,0,0,1.7580655237333163,0.44507797075249095,3.3823819285880172,0.9714750001378192,0.7592921015148821,17.0,0.34,14.0,1.2757142857142856,0.2761839945489884,-0.49142857142857127,-0.09874470649804125,1.7671428571428571,0.37492870104702963,-8.0,-0.5714285714285714,0.5714285714285714,50.0,17.0,14.0,0.78125,0.9735659999999999,1.081905,1.324088,0.34,0.923076923076923,0.07692307692307698,0,0,0,20260914,20260914/ghp2
